mtllib track_curve_29x.mtl
usemtl Mat_1
# Blender 4.0.1
# www.blender.org
o track_normal.002
v 0.840243 0.071585 0.747070
v 0.806102 0.085804 0.747363
v 0.806102 0.071585 0.747363
v 0.815738 0.071585 0.747280
v 0.849879 0.071585 0.746987
v 0.849879 0.085804 0.746987
v 0.797992 0.025804 0.747432
v 0.857989 0.025804 0.746917
v 0.857989 0.041290 0.746917
v 0.840243 0.041290 0.747070
v 0.815738 0.041290 0.747280
v 0.797992 0.041290 0.747432
v 0.861148 0.025804 1.000000
v 0.861148 0.041290 1.000000
v 0.818896 0.041290 0.999999
v 0.843403 0.041290 1.000000
v 0.801150 0.025804 0.999999
v 0.801150 0.041290 0.999999
v 0.843403 0.071585 1.000000
v 0.818896 0.071585 0.999999
v 0.809254 0.071585 0.999999
v 0.809254 0.085804 0.999999
v 0.853039 0.085804 1.000000
v 0.853039 0.071585 1.000000
v 0.188953 0.071585 0.752660
v 0.188953 0.085804 0.752660
v 0.154811 0.071585 0.752953
v 0.179317 0.071585 0.752743
v 0.145175 0.085804 0.753036
v 0.145175 0.071585 0.753036
v 0.137065 0.041290 0.753106
v 0.137065 0.025804 0.753106
v 0.179317 0.041290 0.752743
v 0.154811 0.041290 0.752953
v 0.197063 0.025804 0.752591
v 0.197063 0.041290 0.752591
v 0.140193 0.025804 0.999982
v 0.140193 0.041290 0.999982
v 0.200191 0.025804 0.999983
v 0.182452 0.041290 0.999983
v 0.200191 0.041290 0.999983
v 0.157939 0.041290 0.999982
v 0.148303 0.071585 0.999982
v 0.148303 0.085804 0.999982
v 0.182452 0.071585 0.999983
v 0.157939 0.071585 0.999982
v 0.192081 0.085804 0.999983
v 0.192081 0.071585 0.999983
v 0.211055 -0.025278 0.861383
v 0.211055 0.054722 0.861383
v 0.181056 0.054722 0.861527
v 0.181056 -0.025278 0.861527
v 0.211436 -0.025278 0.891083
v 0.211436 0.054722 0.891083
v 0.181438 -0.025278 0.891196
v 0.181438 0.054722 0.891196
v 0.816783 0.054722 0.858478
v 0.786784 0.054722 0.858622
v 0.786784 -0.025278 0.858622
v 0.816783 -0.025278 0.858478
v 0.787166 0.054722 0.888917
v 0.787166 -0.025278 0.888917
v 0.817165 0.054722 0.888804
v 0.817165 -0.025278 0.888804
v 0.968212 -0.029999 0.801865
v 0.968212 0.030001 0.801865
v 0.028232 0.030001 0.808153
v 0.028232 -0.029999 0.808153
v 0.969998 -0.029999 0.944123
v 0.969998 0.030001 0.944122
v 0.030002 -0.029999 0.945879
v 0.030002 0.030001 0.945878
v 0.837039 0.071585 0.493982
v 0.802906 0.085804 0.494569
v 0.802906 0.071585 0.494569
v 0.812534 0.071585 0.494403
v 0.846675 0.071585 0.493816
v 0.846675 0.085804 0.493816
v 0.794795 0.025804 0.494708
v 0.854785 0.025804 0.493677
v 0.854785 0.041290 0.493677
v 0.837039 0.041290 0.493982
v 0.812534 0.041290 0.494403
v 0.794795 0.041290 0.494708
v 0.185817 0.071585 0.505183
v 0.185817 0.085804 0.505183
v 0.151675 0.071585 0.505770
v 0.176181 0.071585 0.505349
v 0.142047 0.085804 0.505935
v 0.142047 0.071585 0.505936
v 0.133937 0.041290 0.506075
v 0.133937 0.025804 0.506075
v 0.176181 0.041290 0.505348
v 0.151675 0.041290 0.505770
v 0.193927 0.025804 0.505043
v 0.193927 0.041290 0.505043
v 0.207912 -0.025278 0.613731
v 0.207912 0.054722 0.613730
v 0.177920 0.054722 0.614133
v 0.177920 -0.025278 0.614133
v 0.208285 -0.025278 0.643430
v 0.208285 0.054722 0.643430
v 0.178287 -0.025278 0.643802
v 0.178287 0.054722 0.643802
v 0.813594 0.054722 0.605608
v 0.783595 0.054722 0.606010
v 0.783595 -0.025278 0.606010
v 0.813594 -0.025278 0.605608
v 0.783977 0.054722 0.636305
v 0.783985 -0.025278 0.636305
v 0.813975 0.054722 0.635934
v 0.813975 -0.025278 0.635933
v 0.965000 -0.029999 0.547684
v 0.965000 0.030001 0.547684
v 0.025111 0.030001 0.562069
v 0.025111 -0.029999 0.562069
v 0.966800 -0.029999 0.689938
v 0.966800 0.030001 0.689938
v 0.026858 -0.029999 0.699792
v 0.026858 0.030001 0.699792
v 0.833462 0.071585 0.240913
v 0.799327 0.085804 0.241794
v 0.799327 0.071585 0.241794
v 0.808955 0.071585 0.241545
v 0.843090 0.071585 0.240664
v 0.843090 0.085804 0.240664
v 0.791217 0.025804 0.242003
v 0.851199 0.025804 0.240455
v 0.851199 0.041290 0.240455
v 0.833462 0.041290 0.240913
v 0.808955 0.041290 0.241545
v 0.791217 0.041290 0.242003
v 0.182361 0.071585 0.257725
v 0.182353 0.085804 0.257725
v 0.148227 0.071585 0.258606
v 0.172725 0.071585 0.257973
v 0.138591 0.085804 0.258855
v 0.138591 0.071585 0.258855
v 0.130481 0.041290 0.259064
v 0.130481 0.025804 0.259064
v 0.172725 0.041290 0.257973
v 0.148227 0.041290 0.258606
v 0.190463 0.025804 0.257515
v 0.190463 0.041290 0.257515
v 0.204791 -0.025278 0.366081
v 0.204791 0.054722 0.366081
v 0.174792 0.054722 0.366742
v 0.174792 -0.025278 0.366742
v 0.205165 -0.025278 0.395781
v 0.205157 0.054722 0.395781
v 0.175174 -0.025278 0.396411
v 0.175174 0.054722 0.396411
v 0.810383 0.054722 0.352741
v 0.780383 0.054722 0.353402
v 0.780383 -0.025278 0.353402
v 0.810383 -0.025278 0.352741
v 0.780766 0.054722 0.383696
v 0.780766 -0.025278 0.383697
v 0.810764 0.054722 0.383067
v 0.810764 -0.025278 0.383067
v 0.961758 -0.029999 0.293507
v 0.961758 0.030001 0.293507
v 0.022021 0.030001 0.315988
v 0.022021 -0.029999 0.315988
v 0.963580 -0.029999 0.435764
v 0.963580 0.030001 0.435764
v 0.023746 -0.029999 0.453714
v 0.023746 0.030001 0.453714
v 0.823864 0.071585 -0.012024
v 0.789745 0.085804 -0.010847
v 0.789745 0.071585 -0.010847
v 0.799373 0.071585 -0.011179
v 0.833492 0.071585 -0.012356
v 0.833492 0.085804 -0.012356
v 0.781635 0.025804 -0.010567
v 0.841603 0.025804 -0.012636
v 0.841603 0.041290 -0.012636
v 0.823864 0.041290 -0.012024
v 0.799373 0.041290 -0.011179
v 0.781635 0.041290 -0.010567
v 0.172931 0.071585 0.010428
v 0.172931 0.085804 0.010428
v 0.138812 0.071585 0.011606
v 0.163303 0.071585 0.010761
v 0.129184 0.085804 0.011938
v 0.129184 0.071585 0.011938
v 0.121074 0.041290 0.012218
v 0.121074 0.025804 0.012218
v 0.163303 0.041290 0.010761
v 0.138812 0.041290 0.011606
v 0.181041 0.025804 0.010149
v 0.181041 0.041290 0.010149
v 0.197787 -0.025278 0.118536
v 0.197787 0.054722 0.118535
v 0.167796 0.054722 0.119455
v 0.167796 -0.025278 0.119456
v 0.198917 -0.025278 0.148214
v 0.198917 0.054722 0.148214
v 0.168925 -0.025278 0.149103
v 0.168925 0.054722 0.149103
v 0.803233 0.054722 0.099961
v 0.773251 0.054722 0.100880
v 0.773251 -0.025278 0.100881
v 0.803233 -0.025278 0.099961
v 0.774394 0.054722 0.131158
v 0.774394 -0.025278 0.131158
v 0.804385 0.054722 0.130269
v 0.804385 -0.025278 0.130269
v 0.953175 -0.029999 0.039442
v 0.953175 0.030001 0.039442
v 0.013675 0.030001 0.070057
v 0.013675 -0.029999 0.070057
v 0.958568 -0.029999 0.181619
v 0.958568 0.030001 0.181619
v 0.018924 -0.029999 0.207677
v 0.018924 0.030001 0.207677
v 0.814243 0.071585 -0.264960
v 0.780132 0.085804 -0.263487
v 0.780132 0.071585 -0.263487
v 0.789760 0.071585 -0.263903
v 0.823871 0.071585 -0.265375
v 0.823871 0.085804 -0.265375
v 0.772029 0.025804 -0.263137
v 0.831973 0.025804 -0.265725
v 0.831973 0.041290 -0.265725
v 0.814243 0.041290 -0.264960
v 0.789760 0.041290 -0.263903
v 0.772029 0.041290 -0.263137
v 0.163531 0.071585 -0.236868
v 0.163531 0.085804 -0.236868
v 0.129420 0.071585 -0.235395
v 0.153903 0.071585 -0.236452
v 0.119792 0.085804 -0.234980
v 0.119792 0.071585 -0.234979
v 0.111690 0.041290 -0.234630
v 0.111690 0.025804 -0.234630
v 0.153903 0.041290 -0.236452
v 0.129420 0.041290 -0.235395
v 0.171634 0.025804 -0.237217
v 0.171634 0.041290 -0.237217
v 0.188365 -0.025278 -0.128940
v 0.188365 0.054722 -0.128940
v 0.158389 0.054722 -0.127760
v 0.158389 -0.025278 -0.127760
v 0.189494 -0.025278 -0.099261
v 0.189494 0.054722 -0.099261
v 0.159518 -0.025278 -0.098112
v 0.159518 0.054722 -0.098113
v 0.793629 0.054722 -0.152760
v 0.763661 0.054722 -0.151580
v 0.763661 -0.025278 -0.151580
v 0.793629 -0.025278 -0.152760
v 0.764804 0.054722 -0.121304
v 0.764804 -0.025278 -0.121303
v 0.794788 0.054722 -0.122452
v 0.794788 -0.025278 -0.122452
v 0.943523 -0.029999 -0.214596
v 0.943523 0.030001 -0.214596
v 0.004321 0.030001 -0.175842
v 0.004321 -0.029999 -0.175842
v 0.948932 -0.029999 -0.072423
v 0.948932 0.030001 -0.072423
v 0.009555 -0.029999 -0.038224
v 0.009555 0.030001 -0.038224
v 0.803760 0.071585 -0.517857
v 0.769664 0.085804 -0.516089
v 0.769664 0.071585 -0.516089
v 0.779286 0.071585 -0.516588
v 0.813389 0.071585 -0.518356
v 0.813389 0.085804 -0.518356
v 0.761570 0.025804 -0.515669
v 0.821484 0.025804 -0.518776
v 0.821484 0.041290 -0.518776
v 0.803760 0.041290 -0.517857
v 0.779286 0.041290 -0.516588
v 0.761570 0.041290 -0.515669
v 0.153316 0.071585 -0.484125
v 0.153316 0.085804 -0.484125
v 0.119220 0.071585 -0.482357
v 0.143695 0.071585 -0.483626
v 0.109599 0.085804 -0.481858
v 0.109599 0.071585 -0.481858
v 0.101497 0.041290 -0.481437
v 0.101497 0.025804 -0.481437
v 0.143695 0.041290 -0.483626
v 0.119220 0.041290 -0.482356
v 0.161418 0.025804 -0.484545
v 0.161418 0.041290 -0.484545
v 0.178973 -0.025278 -0.376420
v 0.178973 0.054722 -0.376420
v 0.149005 0.054722 -0.374981
v 0.149005 -0.025278 -0.374980
v 0.180103 -0.025278 -0.346737
v 0.180103 0.054722 -0.346738
v 0.150134 -0.025278 -0.345329
v 0.150134 0.054722 -0.345329
v 0.784007 0.054722 -0.405483
v 0.754039 0.054722 -0.404044
v 0.754039 -0.025278 -0.404044
v 0.784007 -0.025278 -0.405483
v 0.755200 0.054722 -0.373764
v 0.755200 -0.025278 -0.373764
v 0.785168 0.054722 -0.375172
v 0.785168 -0.025278 -0.375172
v 0.933833 -0.029999 -0.468636
v 0.933833 0.030001 -0.468636
v -0.004994 0.030001 -0.421745
v -0.004994 -0.029999 -0.421745
v 0.939258 -0.029999 -0.326461
v 0.939258 0.030001 -0.326461
v 0.000217 -0.029999 -0.284123
v 0.000217 0.030001 -0.284123
v 0.787770 0.071585 -0.770482
v 0.753680 0.085804 -0.768417
v 0.753680 0.071585 -0.768417
v 0.763302 0.071585 -0.769000
v 0.797382 0.071585 -0.771065
v 0.797382 0.085804 -0.771065
v 0.745586 0.025804 -0.767927
v 0.805476 0.025804 -0.771555
v 0.805476 0.041290 -0.771555
v 0.787770 0.041290 -0.770482
v 0.763302 0.041290 -0.769000
v 0.745586 0.041290 -0.767927
v 0.137637 0.071585 -0.731090
v 0.137637 0.085804 -0.731090
v 0.103557 0.071585 -0.729025
v 0.128024 0.071585 -0.730508
v 0.093944 0.085804 -0.728443
v 0.093944 0.071585 -0.728443
v 0.085849 0.041290 -0.727952
v 0.085849 0.025804 -0.727952
v 0.128024 0.041290 -0.730508
v 0.103557 0.041290 -0.729026
v 0.145740 0.025804 -0.731581
v 0.145740 0.041290 -0.731581
v 0.165218 -0.025278 -0.623668
v 0.165218 0.054722 -0.623668
v 0.135265 0.054722 -0.621968
v 0.135272 -0.025278 -0.621968
v 0.167102 -0.025278 -0.594028
v 0.167102 0.054722 -0.594028
v 0.137149 -0.025278 -0.592359
v 0.137149 0.054722 -0.592359
v 0.769977 0.054722 -0.657988
v 0.740025 0.054722 -0.656288
v 0.740025 -0.025278 -0.656288
v 0.769977 -0.025278 -0.657988
v 0.741947 0.054722 -0.626049
v 0.741947 -0.025278 -0.626049
v 0.771899 0.054722 -0.627717
v 0.771899 -0.025278 -0.627717
v 0.918338 -0.029999 -0.722394
v 0.918338 0.030001 -0.722394
v -0.020047 0.030001 -0.667338
v -0.020047 -0.029999 -0.667338
v 0.927326 -0.029999 -0.580393
v 0.927326 0.030001 -0.580393
v -0.011319 -0.029999 -0.529908
v -0.011319 0.030001 -0.529908
v 0.771740 0.071585 -1.023109
v 0.737683 0.085804 -1.020748
v 0.737683 0.071585 -1.020748
v 0.747287 0.071585 -1.021414
v 0.781352 0.071585 -1.023775
v 0.781352 0.085804 -1.023775
v 0.729588 0.025804 -1.020186
v 0.789448 0.025804 -1.024336
v 0.789448 0.041290 -1.024336
v 0.771740 0.041290 -1.023109
v 0.747287 0.041290 -1.021414
v 0.729588 0.041290 -1.020186
v 0.121982 0.071585 -0.978061
v 0.121982 0.085804 -0.978061
v 0.087917 0.071585 -0.975700
v 0.112369 0.071585 -0.977395
v 0.078311 0.085804 -0.975034
v 0.078311 0.071585 -0.975034
v 0.070216 0.041290 -0.974473
v 0.070216 0.025804 -0.974473
v 0.112369 0.041290 -0.977395
v 0.087924 0.041290 -0.975700
v 0.130069 0.025804 -0.978622
v 0.130069 0.041290 -0.978622
v 0.149539 -0.025278 -0.870818
v 0.149539 0.054722 -0.870818
v 0.119601 0.054722 -0.868857
v 0.119601 -0.025278 -0.868857
v 0.151424 -0.025278 -0.841175
v 0.151424 0.054722 -0.841175
v 0.121478 -0.025278 -0.839245
v 0.121478 0.054722 -0.839246
v 0.753978 0.054722 -0.910400
v 0.724048 0.054722 -0.908440
v 0.724048 -0.025278 -0.908440
v 0.753978 -0.025278 -0.910400
v 0.725963 0.054722 -0.878197
v 0.725963 -0.025278 -0.878197
v 0.755902 0.054722 -0.880126
v 0.755902 -0.025278 -0.880126
v 0.902249 -0.029999 -0.976127
v 0.902249 0.030001 -0.976127
v -0.035626 0.030001 -0.912907
v -0.035619 -0.029999 -0.912907
v 0.911258 -0.029999 -0.834120
v 0.911258 0.030001 -0.834120
v -0.026913 -0.029999 -0.775469
v -0.026913 0.030001 -0.775469
v 0.754283 0.071585 -1.275626
v 0.720241 0.085804 -1.272968
v 0.720241 0.071585 -1.272968
v 0.729847 0.071585 -1.273718
v 0.763889 0.071585 -1.276376
v 0.763889 0.085804 -1.276376
v 0.712155 0.025804 -1.272336
v 0.771977 0.025804 -1.277007
v 0.771977 0.041290 -1.277007
v 0.754283 0.041290 -1.275626
v 0.729847 0.041290 -1.273718
v 0.712155 0.041290 -1.272336
v 0.104938 0.071585 -1.224921
v 0.104938 0.085804 -1.224921
v 0.070895 0.071585 -1.222263
v 0.095332 0.071585 -1.224171
v 0.061298 0.085804 -1.221512
v 0.061298 0.071585 -1.221512
v 0.053203 0.041290 -1.220881
v 0.053203 0.025804 -1.220881
v 0.095332 0.041290 -1.224171
v 0.070895 0.041290 -1.222263
v 0.113025 0.025804 -1.225552
v 0.113025 0.041290 -1.225552
v 0.133884 -0.025278 -1.117959
v 0.133884 0.054722 -1.117959
v 0.103969 0.054722 -1.115738
v 0.103969 -0.025278 -1.115738
v 0.135760 -0.025278 -1.088319
v 0.135761 0.054722 -1.088319
v 0.105838 -0.025278 -1.086130
v 0.105838 0.054722 -1.086130
v 0.737956 0.054722 -1.162800
v 0.708041 0.054722 -1.160579
v 0.708041 -0.025278 -1.160579
v 0.737956 -0.025278 -1.162800
v 0.709956 0.054722 -1.130340
v 0.709964 -0.025278 -1.130340
v 0.739880 0.054722 -1.132529
v 0.739880 -0.025278 -1.132529
v 0.886097 -0.029999 -1.229851
v 0.886097 0.030001 -1.229851
v -0.051190 0.030001 -1.158472
v -0.051190 -0.029999 -1.158472
v 0.895153 -0.029999 -1.087855
v 0.895153 0.030001 -1.087855
v -0.042470 -0.029999 -1.021042
v -0.042470 0.030001 -1.021042
v 0.731899 0.071585 -1.527780
v 0.697879 0.085804 -1.524825
v 0.697879 0.071585 -1.524825
v 0.707477 0.071585 -1.525659
v 0.741497 0.071585 -1.528614
v 0.741497 0.085804 -1.528614
v 0.689801 0.025804 -1.524123
v 0.749576 0.025804 -1.529316
v 0.749576 0.041290 -1.529316
v 0.731899 0.041290 -1.527780
v 0.707477 0.041290 -1.525659
v 0.689801 0.041290 -1.524123
v 0.083026 0.071585 -1.471405
v 0.083026 0.085804 -1.471405
v 0.049007 0.071585 -1.468449
v 0.073428 0.071585 -1.470571
v 0.039409 0.085804 -1.467616
v 0.039409 0.071585 -1.467616
v 0.031329 0.041290 -1.466913
v 0.031329 0.025804 -1.466913
v 0.073428 0.041290 -1.470571
v 0.049007 0.041290 -1.468449
v 0.091098 0.025804 -1.472107
v 0.091098 0.041290 -1.472107
v 0.113307 -0.025278 -1.364731
v 0.113307 0.054722 -1.364732
v 0.083408 0.054722 -1.362250
v 0.083408 -0.025278 -1.362250
v 0.115939 -0.025278 -1.335150
v 0.115932 0.054722 -1.335150
v 0.086032 -0.025278 -1.332700
v 0.086032 0.054722 -1.332700
v 0.716960 0.054722 -1.414843
v 0.687061 0.054722 -1.412361
v 0.687069 -0.025278 -1.412361
v 0.716960 -0.025278 -1.414843
v 0.689747 0.054722 -1.382179
v 0.689747 -0.025278 -1.382179
v 0.719647 0.054722 -1.384629
v 0.719647 -0.025278 -1.384629
v 0.863628 -0.029999 -1.483114
v 0.863628 0.030001 -1.483114
v -0.072995 0.030001 -1.403550
v -0.072995 -0.029999 -1.403550
v 0.876210 -0.029999 -1.341370
v 0.876210 0.030001 -1.341371
v -0.060796 -0.029999 -1.266387
v -0.060796 0.030001 -1.266387
v 0.709483 0.071585 -1.779929
v 0.675494 0.085804 -1.776676
v 0.675494 0.071585 -1.776676
v 0.685086 0.071585 -1.777594
v 0.719075 0.071585 -1.780846
v 0.719075 0.085804 -1.780847
v 0.667423 0.025804 -1.775904
v 0.727146 0.025804 -1.781619
v 0.727146 0.041290 -1.781619
v 0.709483 0.041290 -1.779929
v 0.685086 0.041290 -1.777594
v 0.667423 0.041290 -1.775904
v 0.061122 0.071585 -1.717887
v 0.061122 0.085804 -1.717887
v 0.027133 0.071585 -1.714634
v 0.051532 0.071585 -1.716969
v 0.017543 0.085804 -1.713717
v 0.017543 0.071585 -1.713717
v 0.009471 0.041290 -1.712944
v 0.009471 0.025804 -1.712944
v 0.051532 0.041290 -1.716969
v 0.027133 0.041290 -1.714634
v 0.069202 0.025804 -1.718659
v 0.069202 0.041290 -1.718660
v 0.091388 -0.025278 -1.611390
v 0.091388 0.054722 -1.611390
v 0.061511 0.054722 -1.608648
v 0.061511 -0.025278 -1.608647
v 0.094013 -0.025278 -1.581809
v 0.094013 0.054722 -1.581809
v 0.064136 -0.025278 -1.579097
v 0.064136 0.054722 -1.579097
v 0.694584 0.054722 -1.666773
v 0.664706 0.054722 -1.664030
v 0.664706 -0.025278 -1.664030
v 0.694584 -0.025278 -1.666773
v 0.667393 0.054722 -1.633848
v 0.667393 -0.025278 -1.633847
v 0.697269 0.054722 -1.636559
v 0.697269 -0.025278 -1.636559
v 0.841130 -0.029999 -1.736371
v 0.841130 0.030001 -1.736371
v -0.094769 0.030001 -1.648627
v -0.094769 -0.029999 -1.648627
v 0.853725 -0.029999 -1.594635
v 0.853725 0.030001 -1.594636
v -0.082585 -0.029999 -1.511469
v -0.082585 0.030001 -1.511469
v 0.684970 0.071585 -2.031870
v 0.651012 0.085804 -2.028320
v 0.651012 0.071585 -2.028320
v 0.660587 0.071585 -2.029322
v 0.694554 0.071585 -2.032871
v 0.694554 0.085804 -2.032872
v 0.642940 0.025804 -2.027477
v 0.702617 0.025804 -2.033714
v 0.702617 0.041290 -2.033715
v 0.684970 0.041290 -2.031870
v 0.660587 0.041290 -2.029322
v 0.642940 0.041290 -2.027477
v 0.037174 0.071585 -1.964161
v 0.037174 0.085804 -1.964161
v 0.003215 0.071585 -1.960611
v 0.027591 0.071585 -1.963159
v -0.006360 0.085804 -1.959610
v -0.006360 0.071585 -1.959610
v -0.014432 0.041290 -1.958766
v -0.014432 0.025804 -1.958766
v 0.027591 0.041290 -1.963159
v 0.003223 0.041290 -1.960611
v 0.045245 0.025804 -1.965004
v 0.045245 0.041290 -1.965004
v 0.069492 -0.025278 -1.858060
v 0.069492 0.054722 -1.858061
v 0.039638 0.054722 -1.855057
v 0.039638 -0.025278 -1.855056
v 0.072116 -0.025278 -1.828479
v 0.072116 0.054722 -1.828479
v 0.042262 -0.025278 -1.825506
v 0.042262 0.054722 -1.825506
v 0.672176 0.054722 -1.918710
v 0.642329 0.054722 -1.915707
v 0.642329 -0.025278 -1.915707
v 0.672176 -0.025278 -1.918710
v 0.645015 0.054722 -1.885525
v 0.645015 -0.025278 -1.885525
v 0.674870 0.054722 -1.888497
v 0.674870 -0.025278 -1.888497
v 0.817889 -0.029999 -1.989558
v 0.817889 0.030001 -1.989558
v -0.117207 0.030001 -1.893640
v -0.117207 -0.029999 -1.893640
v 0.831203 -0.029999 -1.847887
v 0.831203 0.030001 -1.847887
v -0.104344 -0.029999 -1.756545
v -0.104344 0.030001 -1.756545
v 0.656216 0.071585 -2.283384
v 0.622287 0.085804 -2.279537
v 0.622287 0.071585 -2.279536
v 0.631862 0.071585 -2.280622
v 0.665790 0.071585 -2.284469
v 0.665790 0.085804 -2.284469
v 0.614230 0.025804 -2.278623
v 0.673847 0.025804 -2.285383
v 0.673847 0.041290 -2.285383
v 0.656216 0.041290 -2.283384
v 0.631862 0.041290 -2.280622
v 0.614230 0.041290 -2.278623
v 0.009044 0.071585 -2.210000
v 0.009044 0.085804 -2.210000
v -0.024884 0.071585 -2.206153
v -0.000531 0.071585 -2.208914
v -0.034451 0.085804 -2.205068
v -0.034451 0.071585 -2.205068
v -0.042516 0.041290 -2.204153
v -0.042516 0.025804 -2.204153
v -0.000531 0.041290 -2.208914
v -0.024884 0.041290 -2.206153
v 0.017101 0.025804 -2.210914
v 0.017101 0.041290 -2.210914
v 0.042011 -0.025278 -2.104146
v 0.042011 0.054722 -2.104147
v 0.012187 0.054722 -2.100882
v 0.012195 -0.025278 -2.100881
v 0.045390 -0.025278 -2.074642
v 0.045383 0.054722 -2.074642
v 0.015559 -0.025278 -2.071408
v 0.015559 0.054722 -2.071408
v 0.644146 0.054722 -2.170074
v 0.614330 0.054722 -2.166809
v 0.614330 -0.025278 -2.166809
v 0.644146 -0.025278 -2.170074
v 0.617763 0.054722 -2.136703
v 0.617763 -0.025278 -2.136703
v 0.647595 0.054722 -2.139937
v 0.647595 -0.025278 -2.139937
v 0.789027 -0.029999 -2.242181
v 0.789027 0.030001 -2.242181
v -0.145192 0.030001 -2.138072
v -0.145192 -0.029999 -2.138072
v 0.805179 -0.029999 -2.100800
v 0.805179 0.030001 -2.100801
v -0.129529 -0.029999 -2.001274
v -0.129529 0.030001 -2.001275
v 0.627445 0.071585 -2.534898
v 0.593547 0.085804 -2.530754
v 0.593547 0.071585 -2.530754
v 0.603114 0.071585 -2.531923
v 0.637004 0.071585 -2.536067
v 0.637004 0.085804 -2.536067
v 0.585498 0.025804 -2.529769
v 0.645053 0.025804 -2.537052
v 0.645053 0.041290 -2.537052
v 0.627445 0.041290 -2.534898
v 0.603114 0.041290 -2.531923
v 0.585498 0.041290 -2.529769
v -0.019063 0.071585 -2.455845
v -0.019063 0.085804 -2.455845
v -0.052953 0.071585 -2.451701
v -0.028622 0.071585 -2.454676
v -0.062520 0.085804 -2.450532
v -0.062520 0.071585 -2.450532
v -0.070569 0.041290 -2.449547
v -0.070569 0.025804 -2.449547
v -0.028622 0.041290 -2.454676
v -0.052953 0.041290 -2.451701
v -0.011014 0.025804 -2.456829
v -0.011014 0.041290 -2.456829
v 0.013873 -0.025278 -2.350175
v 0.013873 0.054722 -2.350175
v -0.015919 0.054722 -2.346648
v -0.015919 -0.025278 -2.346648
v 0.017246 -0.025278 -2.320666
v 0.017246 0.054722 -2.320666
v -0.012555 -0.025278 -2.317171
v -0.012555 0.054722 -2.317171
v 0.615406 0.054722 -2.421377
v 0.585614 0.054722 -2.417850
v 0.585614 -0.025278 -2.417850
v 0.615406 -0.025278 -2.421377
v 0.589053 0.054722 -2.387741
v 0.589061 -0.025278 -2.387741
v 0.618855 0.054722 -2.391236
v 0.618855 -0.025278 -2.391236
v 0.760128 -0.029999 -2.494804
v 0.760128 0.030001 -2.494804
v -0.173138 0.030001 -2.382511
v -0.173138 -0.029999 -2.382511
v 0.776309 -0.029999 -2.353419
v 0.776309 0.030001 -2.353419
v -0.157498 -0.029999 -2.245705
v -0.157498 0.030001 -2.245705
v 0.595822 0.071585 -2.786051
v 0.561970 0.085804 -2.781610
v 0.561970 0.071585 -2.781610
v 0.571522 0.071585 -2.782863
v 0.605374 0.071585 -2.787304
v 0.605374 0.085804 -2.787305
v 0.553929 0.025804 -2.780555
v 0.613414 0.025804 -2.788360
v 0.613414 0.041290 -2.788360
v 0.595822 0.041290 -2.786051
v 0.571522 0.041290 -2.782863
v 0.553929 0.041290 -2.780555
v -0.049969 0.071585 -2.701328
v -0.049969 0.085804 -2.701329
v -0.083821 0.071585 -2.696887
v -0.059521 0.071585 -2.700076
v -0.093373 0.085804 -2.695634
v -0.093373 0.071585 -2.695634
v -0.101414 0.041290 -2.694579
v -0.101414 0.025804 -2.694579
v -0.059521 0.041290 -2.700076
v -0.083821 0.041290 -2.696887
v -0.041928 0.025804 -2.702384
v -0.041928 0.041290 -2.702384
v -0.014310 -0.025278 -2.596186
v -0.014310 0.054722 -2.596186
v -0.044072 0.054722 -2.592399
v -0.044072 -0.025278 -2.592399
v -0.010876 -0.025278 -2.566696
v -0.010876 0.054722 -2.566697
v -0.040639 -0.025278 -2.562940
v -0.040639 0.054722 -2.562941
v 0.586574 0.054722 -2.672658
v 0.556812 0.054722 -2.668870
v 0.556812 -0.025278 -2.668870
v 0.586574 -0.025278 -2.672657
v 0.560329 0.054722 -2.638780
v 0.560329 -0.025278 -2.638780
v 0.590091 0.054722 -2.642536
v 0.590091 -0.025278 -2.642536
v 0.729747 -0.029999 -2.747238
v 0.729747 0.030001 -2.747238
v -0.202496 0.030001 -2.626765
v -0.202496 -0.029999 -2.626765
v 0.747394 -0.029999 -2.606036
v 0.747394 0.030001 -2.606036
v -0.185437 -0.029999 -2.490143
v -0.185437 0.030001 -2.490143
v 0.560733 0.071585 -3.036772
v 0.526920 0.085804 -3.032033
v 0.526920 0.071585 -3.032033
v 0.536456 0.071585 -3.033371
v 0.570270 0.071585 -3.038109
v 0.570270 0.085804 -3.038109
v 0.518887 0.025804 -3.030907
v 0.578304 0.025804 -3.039234
v 0.578304 0.041290 -3.039234
v 0.560733 0.041290 -3.036772
v 0.536456 0.041290 -3.033370
v 0.518887 0.041290 -3.030907
v -0.084286 0.071585 -2.946377
v -0.084286 0.085804 -2.946377
v -0.118100 0.071585 -2.941639
v -0.093823 0.071585 -2.945040
v -0.127637 0.085804 -2.940302
v -0.127637 0.071585 -2.940302
v -0.135670 0.041290 -2.939176
v -0.135670 0.025804 -2.939176
v -0.093823 0.041290 -2.945040
v -0.118100 0.041290 -2.941639
v -0.076253 0.025804 -2.947503
v -0.076253 0.041290 -2.947503
v -0.048665 -0.025278 -2.841417
v -0.048665 0.054722 -2.841418
v -0.078397 0.054722 -2.837369
v -0.078397 -0.025278 -2.837368
v -0.044545 -0.025278 -2.812005
v -0.044545 0.054722 -2.812005
v -0.074277 -0.025278 -2.807988
v -0.074277 0.054722 -2.807988
v 0.551524 0.054722 -2.923166
v 0.521800 0.054722 -2.919118
v 0.521800 -0.025278 -2.919117
v 0.551524 -0.025278 -2.923166
v 0.526004 0.054722 -2.889104
v 0.526004 -0.025278 -2.889104
v 0.555729 0.054722 -2.893121
v 0.555729 -0.025278 -2.893121
v 0.694522 -0.029999 -2.999068
v 0.694522 0.030001 -2.999068
v -0.236630 0.030001 -2.870408
v -0.236630 -0.029999 -2.870408
v 0.714238 -0.029999 -2.858123
v 0.714238 0.030001 -2.858123
v -0.217534 -0.029999 -2.734044
v -0.217534 0.030001 -2.734044
v 0.525616 0.071585 -3.287485
v 0.491847 0.085804 -3.282449
v 0.491847 0.071585 -3.282449
v 0.501376 0.071585 -3.283870
v 0.535144 0.071585 -3.288906
v 0.535144 0.085804 -3.288906
v 0.483821 0.025804 -3.281253
v 0.543171 0.025804 -3.290102
v 0.543171 0.041290 -3.290102
v 0.525616 0.041290 -3.287485
v 0.501376 0.041290 -3.283870
v 0.483821 0.041290 -3.281253
v -0.118580 0.071585 -3.191425
v -0.118580 0.085804 -3.191425
v -0.152356 0.071585 -3.186390
v -0.128110 0.071585 -3.190005
v -0.161877 0.085804 -3.184969
v -0.161877 0.071585 -3.184969
v -0.169903 0.041290 -3.183773
v -0.169903 0.025804 -3.183773
v -0.128110 0.041290 -3.190005
v -0.152356 0.041290 -3.186390
v -0.110562 0.025804 -3.192622
v -0.110562 0.041290 -3.192622
v -0.082997 -0.025278 -3.086641
v -0.082997 0.054722 -3.086642
v -0.112683 0.054722 -3.082332
v -0.112683 -0.025278 -3.082332
v -0.078885 -0.025278 -3.057239
v -0.078885 0.054722 -3.057239
v -0.108571 -0.025278 -3.052960
v -0.108571 0.054722 -3.052960
v 0.516452 0.054722 -3.173662
v 0.486766 0.054722 -3.169352
v 0.486766 -0.025278 -3.169351
v 0.516452 -0.025278 -3.173661
v 0.490970 0.054722 -3.139349
v 0.490970 -0.025278 -3.139349
v 0.520665 0.054722 -3.143627
v 0.520665 -0.025278 -3.143627
v 0.659253 -0.029999 -3.250882
v 0.659253 0.030001 -3.250882
v -0.270733 0.030001 -3.114045
v -0.270734 -0.029999 -3.114044
v 0.678997 -0.029999 -3.109951
v 0.678997 0.030001 -3.109951
v -0.251652 -0.029999 -2.977688
v -0.251652 0.030001 -2.977688
v 0.486842 0.071585 -3.537646
v 0.453114 0.085804 -3.532314
v 0.453121 0.071585 -3.532314
v 0.462634 0.071585 -3.533819
v 0.496356 0.071585 -3.539151
v 0.496356 0.085804 -3.539151
v 0.445102 0.025804 -3.531047
v 0.504368 0.025804 -3.540418
v 0.504368 0.041290 -3.540418
v 0.486842 0.041290 -3.537646
v 0.462634 0.041290 -3.533818
v 0.445102 0.041290 -3.531047
v -0.156483 0.071585 -3.435923
v -0.156483 0.085804 -3.435923
v -0.190213 0.071585 -3.430590
v -0.165997 0.071585 -3.434418
v -0.199727 0.085804 -3.429086
v -0.199727 0.071585 -3.429085
v -0.207738 0.041290 -3.427818
v -0.207738 0.025804 -3.427818
v -0.165997 0.041290 -3.434418
v -0.190213 0.041290 -3.430590
v -0.148472 0.025804 -3.437189
v -0.148472 0.041290 -3.437190
v -0.118199 -0.025278 -3.331738
v -0.118199 0.054722 -3.331738
v -0.147854 0.054722 -3.327168
v -0.147854 -0.025278 -3.327168
v -0.113339 -0.025278 -3.302443
v -0.113339 0.054722 -3.302443
v -0.142995 -0.025278 -3.297904
v -0.142995 0.054722 -3.297904
v 0.480464 0.054722 -3.424024
v 0.450809 0.054722 -3.419454
v 0.450809 -0.025278 -3.419453
v 0.480464 -0.025278 -3.424024
v 0.455768 0.054722 -3.389557
v 0.455768 -0.025278 -3.389557
v 0.485416 0.054722 -3.394097
v 0.485416 -0.025278 -3.394097
v 0.621684 -0.029999 -3.502362
v 0.621684 0.030001 -3.502362
v -0.307065 0.030001 -3.357351
v -0.307065 -0.029999 -3.357351
v 0.643711 -0.029999 -3.361770
v 0.643711 0.030001 -3.361770
v -0.285740 -0.029999 -3.221335
v -0.285740 0.030001 -3.221335
v 0.445454 0.071585 -3.787407
v 0.411777 0.085804 -3.781777
v 0.411777 0.071585 -3.781777
v 0.421276 0.071585 -3.783365
v 0.454952 0.071585 -3.788995
v 0.454952 0.085804 -3.788995
v 0.403774 0.025804 -3.780440
v 0.462955 0.025804 -3.790332
v 0.462955 0.041290 -3.790332
v 0.445454 0.041290 -3.787406
v 0.421276 0.041290 -3.783365
v 0.403774 0.041290 -3.780440
v -0.196957 0.071585 -3.680021
v -0.196957 0.085804 -3.680021
v -0.230633 0.071585 -3.674391
v -0.206456 0.071585 -3.678433
v -0.240140 0.085804 -3.672803
v -0.240140 0.071585 -3.672803
v -0.248135 0.041290 -3.671466
v -0.248135 0.025804 -3.671466
v -0.206456 0.041290 -3.678433
v -0.230633 0.041290 -3.674391
v -0.188954 0.025804 -3.681359
v -0.188954 0.041290 -3.681359
v -0.158711 -0.025278 -3.576022
v -0.158711 0.054722 -3.576022
v -0.188321 0.054722 -3.571191
v -0.188321 -0.025278 -3.571191
v -0.153859 -0.025278 -3.546726
v -0.153859 0.054722 -3.546726
v -0.183468 -0.025278 -3.541926
v -0.183468 0.054722 -3.541926
v 0.439113 0.054722 -3.673577
v 0.409503 0.054722 -3.668746
v 0.409503 -0.025278 -3.668746
v 0.439113 -0.025278 -3.673577
v 0.414462 0.054722 -3.638849
v 0.414462 -0.025278 -3.638849
v 0.444072 0.054722 -3.643650
v 0.444072 -0.025278 -3.643649
v 0.580119 -0.029999 -3.753234
v 0.580119 0.030001 -3.753234
v -0.347310 0.030001 -3.600049
v -0.347310 -0.029999 -3.600049
v 0.603390 -0.029999 -3.612829
v 0.603390 0.030001 -3.612830
v -0.324795 -0.029999 -3.464217
v -0.324795 0.030001 -3.464217
v 0.404033 0.071585 -4.037167
v 0.370410 0.085804 -4.031241
v 0.370410 0.071585 -4.031241
v 0.379894 0.071585 -4.032913
v 0.413524 0.071585 -4.038839
v 0.413524 0.085804 -4.038839
v 0.362422 0.025804 -4.029833
v 0.421512 0.025804 -4.040246
v 0.421512 0.041290 -4.040247
v 0.404033 0.041290 -4.037167
v 0.379894 0.041290 -4.032913
v 0.362422 0.041290 -4.029833
v -0.237401 0.071585 -3.924127
v -0.237401 0.085804 -3.924127
v -0.271022 0.071585 -3.918201
v -0.246892 0.071585 -3.922455
v -0.280514 0.085804 -3.916529
v -0.280514 0.071585 -3.916529
v -0.288502 0.041290 -3.915122
v -0.288502 0.025804 -3.915122
v -0.246892 0.041290 -3.922455
v -0.271022 0.041290 -3.918202
v -0.229413 0.025804 -3.925535
v -0.229413 0.041290 -3.925535
v -0.199200 -0.025278 -3.820299
v -0.199200 0.054722 -3.820300
v -0.228764 0.054722 -3.815207
v -0.228764 -0.025278 -3.815207
v -0.194348 -0.025278 -3.791003
v -0.194348 0.054722 -3.791003
v -0.223912 -0.025278 -3.785942
v -0.223912 0.054722 -3.785942
v 0.397746 0.054722 -3.923116
v 0.368183 0.054722 -3.918024
v 0.368183 -0.025278 -3.918024
v 0.397746 -0.025278 -3.923116
v 0.373142 0.054722 -3.888128
v 0.373142 -0.025278 -3.888128
v 0.402706 0.054722 -3.893189
v 0.402706 -0.025278 -3.893189
v 0.538517 -0.029999 -4.004097
v 0.538517 0.030001 -4.004097
v -0.387524 0.030001 -3.842748
v -0.387524 -0.029999 -3.842748
v 0.561810 -0.029999 -3.863695
v 0.561810 0.030001 -3.863695
v -0.365025 -0.029999 -3.706914
v -0.365025 0.030001 -3.706914
v 0.358081 0.071585 -4.286116
v 0.324512 0.085804 -4.279895
v 0.324512 0.071585 -4.279895
v 0.333980 0.071585 -4.281650
v 0.367557 0.071585 -4.287872
v 0.367557 0.085804 -4.287872
v 0.316532 0.025804 -4.278416
v 0.375530 0.025804 -4.289350
v 0.375530 0.041290 -4.289350
v 0.358081 0.041290 -4.286116
v 0.333980 0.041290 -4.281650
v 0.316532 0.041290 -4.278416
v -0.282330 0.071585 -4.167425
v -0.282330 0.085804 -4.167425
v -0.315899 0.071585 -4.161203
v -0.291806 0.071585 -4.165670
v -0.325375 0.085804 -4.159447
v -0.325375 0.071585 -4.159447
v -0.333356 0.041290 -4.157969
v -0.333356 0.025804 -4.157969
v -0.291806 0.041290 -4.165670
v -0.315899 0.041290 -4.161203
v -0.274357 0.025804 -4.168903
v -0.274357 0.041290 -4.168903
v -0.241452 -0.025278 -4.064270
v -0.241452 0.054722 -4.064270
v -0.270970 0.054722 -4.058917
v -0.270970 -0.025278 -4.058917
v -0.235860 -0.025278 -4.035107
v -0.235860 0.054722 -4.035107
v -0.265385 -0.025278 -4.029785
v -0.265385 0.054722 -4.029786
v 0.354564 0.054722 -4.172342
v 0.325046 0.054722 -4.166990
v 0.325046 -0.025278 -4.166990
v 0.354564 -0.025278 -4.172342
v 0.330745 0.054722 -4.137228
v 0.330745 -0.025278 -4.137228
v 0.360271 0.054722 -4.142549
v 0.360271 -0.025278 -4.142549
v 0.493739 -0.029999 -4.254390
v 0.493739 0.030001 -4.254390
v -0.430851 0.030001 -4.084886
v -0.430851 -0.029999 -4.084886
v 0.520191 -0.029999 -4.114558
v 0.520191 0.030001 -4.114558
v -0.405224 -0.029999 -3.949619
v -0.405224 0.030001 -3.949620
v 0.310420 0.071585 -4.534767
v 0.276904 0.085804 -4.528249
v 0.276904 0.071585 -4.528248
v 0.286365 0.071585 -4.530088
v 0.319881 0.071585 -4.536606
v 0.319881 0.085804 -4.536606
v 0.268947 0.025804 -4.526700
v 0.327838 0.025804 -4.538154
v 0.327838 0.041290 -4.538154
v 0.310420 0.041290 -4.534767
v 0.286365 0.041290 -4.530088
v 0.268947 0.041290 -4.526700
v -0.328914 0.071585 -4.410430
v -0.328914 0.085804 -4.410430
v -0.362439 0.071585 -4.403912
v -0.338376 0.071585 -4.408591
v -0.371892 0.085804 -4.402073
v -0.371892 0.071585 -4.402073
v -0.379857 0.041290 -4.400524
v -0.379857 0.025804 -4.400524
v -0.338376 0.041290 -4.408591
v -0.362439 0.041290 -4.403912
v -0.320958 0.025804 -4.411978
v -0.320958 0.041290 -4.411978
v -0.288083 -0.025278 -4.307446
v -0.288083 0.054722 -4.307446
v -0.317547 0.054722 -4.301833
v -0.317547 -0.025278 -4.301833
v -0.282490 -0.025278 -4.278282
v -0.282490 0.054722 -4.278282
v -0.311963 -0.025278 -4.272700
v -0.311963 0.054722 -4.272700
v 0.306957 0.054722 -4.420773
v 0.277492 0.054722 -4.415160
v 0.277492 -0.025278 -4.415160
v 0.306957 -0.025278 -4.420772
v 0.283191 0.054722 -4.385398
v 0.283191 -0.025278 -4.385398
v 0.312671 0.054722 -4.390979
v 0.312671 -0.025278 -4.390979
v 0.445880 -0.029999 -4.504148
v 0.445880 0.030001 -4.504149
v -0.477185 0.030001 -4.326493
v -0.477177 -0.029999 -4.326492
v 0.472675 -0.029999 -4.364369
v 0.472675 0.030001 -4.364369
v -0.451253 -0.029999 -4.191273
v -0.451260 0.030001 -4.191273
v 0.262744 0.071585 -4.783408
v 0.229282 0.085804 -4.776595
v 0.229282 0.071585 -4.776595
v 0.238727 0.071585 -4.778517
v 0.272182 0.071585 -4.785330
v 0.272182 0.085804 -4.785330
v 0.221332 0.025804 -4.774976
v 0.280132 0.025804 -4.786949
v 0.280132 0.041290 -4.786949
v 0.262744 0.041290 -4.783408
v 0.238727 0.041290 -4.778517
v 0.221332 0.041290 -4.774976
v -0.375477 0.071585 -4.653435
v -0.375477 0.085804 -4.653435
v -0.408940 0.071585 -4.646622
v -0.384915 0.071585 -4.651513
v -0.418378 0.085804 -4.644699
v -0.418378 0.071585 -4.644700
v -0.426327 0.041290 -4.643081
v -0.426327 0.025804 -4.643081
v -0.384915 0.041290 -4.651513
v -0.408940 0.041290 -4.646622
v -0.367535 0.025804 -4.655054
v -0.367535 0.041290 -4.655054
v -0.334691 -0.025278 -4.550636
v -0.334691 0.054722 -4.550636
v -0.364110 0.054722 -4.544763
v -0.364110 -0.025278 -4.544763
v -0.329098 -0.025278 -4.521471
v -0.329098 0.054722 -4.521472
v -0.358525 -0.025278 -4.515630
v -0.358525 0.054722 -4.515630
v 0.259326 0.054722 -4.669208
v 0.229907 0.054722 -4.663335
v 0.229907 -0.025278 -4.663335
v 0.259326 -0.025278 -4.669208
v 0.235614 0.054722 -4.633574
v 0.235614 -0.025278 -4.633574
v 0.265041 0.054722 -4.639415
v 0.265041 -0.025278 -4.639415
v 0.397983 -0.029999 -4.753897
v 0.397983 0.030001 -4.753897
v -0.523472 0.030001 -4.568104
v -0.523472 -0.029999 -4.568104
v 0.424793 -0.029999 -4.614121
v 0.424793 0.030001 -4.614121
v -0.497571 -0.029999 -4.432881
v -0.497571 0.030001 -4.432881
v 0.209598 0.071585 -5.030939
v 0.176204 0.085804 -5.023830
v 0.176204 0.071585 -5.023830
v 0.185626 0.071585 -5.025836
v 0.219020 0.071585 -5.032944
v 0.219020 0.085804 -5.032944
v 0.168270 0.025804 -5.022141
v 0.226955 0.025804 -5.034633
v 0.226955 0.041290 -5.034633
v 0.209598 0.041290 -5.030939
v 0.185626 0.041290 -5.025836
v 0.168270 0.041290 -5.022141
v -0.427449 0.071585 -4.895334
v -0.427449 0.085804 -4.895334
v -0.460843 0.071585 -4.888225
v -0.436871 0.071585 -4.893328
v -0.470265 0.085804 -4.886220
v -0.470265 0.071585 -4.886220
v -0.478199 0.041290 -4.884531
v -0.478199 0.025804 -4.884531
v -0.436871 0.041290 -4.893328
v -0.460843 0.041290 -4.888225
v -0.419514 0.025804 -4.897022
v -0.419514 0.041290 -4.897022
v -0.383999 -0.025278 -4.793259
v -0.383999 0.054722 -4.793259
v -0.413373 0.054722 -4.787127
v -0.413373 -0.025278 -4.787127
v -0.377682 -0.025278 -4.764245
v -0.377682 0.054722 -4.764245
v -0.407055 -0.025278 -4.758145
v -0.407055 0.054722 -4.758145
v 0.208942 0.054722 -4.917071
v 0.179576 0.054722 -4.910938
v 0.179576 -0.025278 -4.910938
v 0.208942 -0.025278 -4.917070
v 0.186023 0.054722 -4.881328
v 0.186023 -0.025278 -4.881328
v 0.215396 0.054722 -4.887428
v 0.215396 -0.025278 -4.887428
v 0.345973 -0.029999 -5.002801
v 0.345973 0.030001 -5.002802
v -0.573804 0.030001 -4.808880
v -0.573804 -0.029999 -4.808880
v 0.376239 -0.029999 -4.863731
v 0.376239 0.030001 -4.863731
v -0.544490 -0.029999 -4.674359
v -0.544490 0.030001 -4.674359
v 0.155719 0.071585 -5.278316
v 0.122386 0.085804 -5.270913
v 0.122386 0.071585 -5.270913
v 0.131793 0.071585 -5.273001
v 0.165126 0.071585 -5.280405
v 0.165126 0.085804 -5.280405
v 0.114475 0.025804 -5.269154
v 0.173038 0.025804 -5.282163
v 0.173038 0.041290 -5.282163
v 0.155719 0.041290 -5.278316
v 0.131793 0.041290 -5.273001
v 0.114475 0.041290 -5.269154
v -0.480107 0.071585 -5.137089
v -0.480107 0.085804 -5.137089
v -0.513440 0.071585 -5.129686
v -0.489506 0.071585 -5.135000
v -0.522838 0.085804 -5.127597
v -0.522838 0.071585 -5.127597
v -0.530757 0.041290 -5.125838
v -0.530757 0.025804 -5.125838
v -0.489506 0.041290 -5.135000
v -0.513440 0.041290 -5.129686
v -0.472188 0.025804 -5.138848
v -0.472188 0.041290 -5.138848
v -0.436711 -0.025278 -5.035197
v -0.436711 0.054722 -5.035197
v -0.466023 0.054722 -5.028806
v -0.466014 -0.025278 -5.028806
v -0.430386 -0.025278 -5.006183
v -0.430386 0.054722 -5.006183
v -0.459706 -0.025278 -4.999823
v -0.459706 0.054722 -4.999823
v 0.155124 0.054722 -5.164241
v 0.125812 0.054722 -5.157850
v 0.125812 -0.025278 -5.157850
v 0.155124 -0.025278 -5.164241
v 0.132259 0.054722 -5.128240
v 0.132259 -0.025278 -5.128240
v 0.161579 0.054722 -5.134600
v 0.161579 -0.025278 -5.134600
v 0.291866 -0.029999 -5.251275
v 0.291866 0.030001 -5.251275
v -0.626164 0.030001 -5.049236
v -0.626164 -0.029999 -5.049236
v 0.322147 -0.029999 -5.112216
v 0.322147 0.030001 -5.112216
v -0.596866 -0.029999 -4.914717
v -0.596866 0.030001 -4.914717
v 0.101505 0.071585 -5.525618
v 0.068241 0.085804 -5.517921
v 0.068241 0.071585 -5.517920
v 0.077625 0.071585 -5.520093
v 0.110889 0.071585 -5.527790
v 0.110889 0.085804 -5.527790
v 0.060337 0.025804 -5.516092
v 0.118793 0.025804 -5.529618
v 0.118793 0.041290 -5.529618
v 0.101505 0.041290 -5.525618
v 0.077625 0.041290 -5.520093
v 0.060337 0.041290 -5.516092
v -0.533046 0.071585 -5.378780
v -0.533046 0.085804 -5.378780
v -0.566310 0.071585 -5.371082
v -0.542431 0.071585 -5.376608
v -0.575703 0.085804 -5.368910
v -0.575703 0.071585 -5.368910
v -0.583600 0.041290 -5.367081
v -0.583600 0.025804 -5.367081
v -0.542431 0.041290 -5.376608
v -0.566310 0.041290 -5.371082
v -0.525143 0.025804 -5.380608
v -0.525143 0.041290 -5.380608
v -0.489384 -0.025278 -5.277131
v -0.489384 0.054722 -5.277131
v -0.518643 0.054722 -5.270481
v -0.518643 -0.025278 -5.270481
v -0.483075 -0.025278 -5.248112
v -0.483075 0.054722 -5.248112
v -0.512333 -0.025278 -5.241493
v -0.512333 0.054722 -5.241493
v 0.101276 0.054722 -5.411398
v 0.072025 0.054722 -5.404748
v 0.072025 -0.025278 -5.404748
v 0.101276 -0.025278 -5.411398
v 0.078479 0.054722 -5.375135
v 0.078479 -0.025278 -5.375135
v 0.107738 0.054722 -5.381754
v 0.107738 -0.025278 -5.381753
v 0.237720 -0.029999 -5.499751
v 0.237720 0.030001 -5.499751
v -0.678494 0.030001 -5.289610
v -0.678494 -0.029999 -5.289610
v 0.268024 -0.029999 -5.360689
v 0.268024 0.030001 -5.360689
v -0.649212 -0.029999 -5.155081
v -0.649212 0.030001 -5.155081
v 0.041477 0.071585 -5.771579
v 0.008289 0.085804 -5.763588
v 0.008289 0.071585 -5.763588
v 0.017650 0.071584 -5.765843
v 0.050846 0.071585 -5.773834
v 0.050846 0.085804 -5.773834
v 0.000400 0.025804 -5.761689
v 0.058734 0.025804 -5.775733
v 0.058734 0.041290 -5.775733
v 0.041477 0.041290 -5.771579
v 0.017650 0.041290 -5.765843
v 0.000400 0.041290 -5.761689
v -0.591748 0.071584 -5.619136
v -0.591748 0.085805 -5.619136
v -0.624942 0.071584 -5.611145
v -0.601117 0.071584 -5.616881
v -0.634311 0.085805 -5.608890
v -0.634311 0.071584 -5.608890
v -0.642192 0.041291 -5.606991
v -0.642192 0.025804 -5.606991
v -0.601117 0.041291 -5.616881
v -0.624942 0.041291 -5.611145
v -0.583859 0.025804 -5.621034
v -0.583859 0.041291 -5.621034
v -0.545772 -0.025278 -5.518216
v -0.545772 0.054722 -5.518216
v -0.574971 0.054722 -5.511308
v -0.574971 -0.025278 -5.511308
v -0.538731 -0.025278 -5.489370
v -0.538731 0.054722 -5.489370
v -0.567929 -0.025278 -5.482493
v -0.567929 0.054722 -5.482493
v 0.043682 0.054721 -5.657699
v 0.014484 0.054721 -5.650791
v 0.014484 -0.025279 -5.650791
v 0.043682 -0.025279 -5.657699
v 0.021671 0.054722 -5.621350
v 0.021671 -0.025278 -5.621350
v 0.050876 0.054722 -5.628228
v 0.050876 -0.025279 -5.628227
v 0.178470 -0.030000 -5.747049
v 0.178470 0.030000 -5.747049
v -0.735852 0.030001 -5.528816
v -0.735852 -0.029999 -5.528815
v 0.212207 -0.029999 -5.608777
v 0.212207 0.030001 -5.608777
v -0.703175 -0.029999 -5.395071
v -0.703175 0.030001 -5.395072
v -0.018567 0.071585 -6.017534
v -0.051693 0.085804 -6.009249
v -0.051693 0.071585 -6.009249
v -0.042347 0.071585 -6.011587
v -0.009221 0.071585 -6.019871
v -0.009221 0.085804 -6.019871
v -0.059559 0.025804 -6.007281
v -0.001355 0.025804 -6.021839
v -0.001355 0.041290 -6.021839
v -0.018567 0.041290 -6.017534
v -0.042347 0.041290 -6.011587
v -0.059559 0.041290 -6.007281
v -0.650424 0.071585 -5.859498
v -0.650424 0.085804 -5.859498
v -0.683544 0.071585 -5.851213
v -0.659771 0.071585 -5.857160
v -0.692897 0.085804 -5.848875
v -0.692897 0.071585 -5.848875
v -0.700764 0.041290 -5.846907
v -0.700764 0.025804 -5.846907
v -0.659771 0.041290 -5.857160
v -0.683544 0.041290 -5.851213
v -0.642559 0.025804 -5.861465
v -0.642559 0.041290 -5.861466
v -0.604504 -0.025278 -5.758747
v -0.604504 0.054722 -5.758747
v -0.633633 0.054722 -5.751581
v -0.633633 -0.025278 -5.751580
v -0.597462 -0.025278 -5.729900
v -0.597462 0.054722 -5.729900
v -0.626599 -0.025278 -5.722765
v -0.626599 0.054722 -5.722765
v -0.016308 0.054722 -5.903436
v -0.045437 0.054722 -5.896270
v -0.045437 -0.025278 -5.896270
v -0.016301 -0.025278 -5.903436
v -0.038250 0.054722 -5.866830
v -0.038250 -0.025278 -5.866830
v -0.009106 0.054722 -5.873965
v -0.009106 -0.025278 -5.873965
v 0.118160 -0.029999 -5.994098
v 0.118160 0.030001 -5.994098
v -0.794193 0.030001 -5.767789
v -0.794193 -0.029999 -5.767789
v 0.151920 -0.029999 -5.855838
v 0.151920 0.030001 -5.855838
v -0.761540 -0.030000 -5.634046
v -0.761540 0.030001 -5.634046
v -0.080021 0.071585 -6.263131
v -0.113072 0.085804 -6.254554
v -0.113072 0.071585 -6.254554
v -0.103741 0.071585 -6.256974
v -0.070698 0.071585 -6.265552
v -0.070698 0.085804 -6.265552
v -0.120923 0.025804 -6.252517
v -0.062848 0.025804 -6.267589
v -0.062848 0.041290 -6.267589
v -0.080021 0.041290 -6.263131
v -0.103741 0.041290 -6.256974
v -0.120923 0.041290 -6.252517
v -0.710454 0.071585 -6.099514
v -0.710454 0.085804 -6.099514
v -0.743504 0.071585 -6.090936
v -0.719784 0.071585 -6.097093
v -0.752827 0.085804 -6.088515
v -0.752827 0.071585 -6.088515
v -0.760678 0.041290 -6.086478
v -0.760678 0.025804 -6.086478
v -0.719784 0.041290 -6.097093
v -0.743504 0.041290 -6.090935
v -0.702603 0.025804 -6.101551
v -0.702603 0.041290 -6.101551
v -0.663212 -0.025278 -5.999299
v -0.663212 0.054722 -5.999299
v -0.692279 0.054722 -5.991876
v -0.692279 -0.025278 -5.991876
v -0.656170 -0.025278 -5.970448
v -0.656170 0.054722 -5.970448
v -0.685245 -0.025278 -5.963056
v -0.685245 0.054722 -5.963056
v -0.076313 0.054722 -6.149184
v -0.105381 0.054722 -6.141761
v -0.105381 -0.025278 -6.141761
v -0.076313 -0.025278 -6.149184
v -0.098195 0.054722 -6.112318
v -0.098195 -0.025278 -6.112318
v -0.069119 0.054722 -6.119711
v -0.069119 -0.025278 -6.119711
v 0.057773 -0.029999 -6.241129
v 0.057765 0.030001 -6.241129
v -0.852550 0.030001 -6.006762
v -0.852550 -0.029999 -6.006762
v 0.091594 -0.029999 -6.102881
v 0.091594 0.030001 -6.102881
v -0.819867 -0.029999 -5.873021
v -0.819867 0.030001 -5.873021
v -0.146161 0.071585 -6.507518
v -0.179135 0.085804 -6.498649
v -0.179135 0.071585 -6.498649
v -0.169827 0.071585 -6.501152
v -0.136860 0.071585 -6.510022
v -0.136860 0.085804 -6.510022
v -0.186963 0.025804 -6.496542
v -0.129025 0.025804 -6.512128
v -0.129025 0.041290 -6.512128
v -0.146161 0.041290 -6.507518
v -0.169827 0.041290 -6.501152
v -0.186963 0.041290 -6.496542
v -0.775127 0.071585 -6.338329
v -0.775127 0.085804 -6.338329
v -0.808094 0.071585 -6.329460
v -0.784428 0.071585 -6.335827
v -0.817395 0.085804 -6.326957
v -0.817395 0.071585 -6.326957
v -0.825230 0.041290 -6.324851
v -0.825230 0.025804 -6.324851
v -0.784428 0.041290 -6.335827
v -0.808094 0.041290 -6.329460
v -0.767292 0.025804 -6.340437
v -0.767292 0.041290 -6.340437
v -0.726657 -0.025278 -6.238613
v -0.726657 0.054722 -6.238613
v -0.755658 0.054722 -6.230933
v -0.755658 -0.025278 -6.230933
v -0.718899 -0.025278 -6.209952
v -0.718899 0.054722 -6.209952
v -0.747906 -0.025278 -6.202302
v -0.747906 0.054722 -6.202302
v -0.141110 0.054722 -6.393684
v -0.170109 0.054722 -6.386004
v -0.170109 -0.025278 -6.386004
v -0.141110 -0.025278 -6.393684
v -0.162198 0.054722 -6.356751
v -0.162198 -0.025278 -6.356751
v -0.133191 0.054722 -6.364401
v -0.133191 -0.025278 -6.364401
v -0.008656 -0.029999 -6.486608
v -0.008656 0.030001 -6.486608
v -0.916859 0.030001 -6.244197
v -0.916859 -0.029999 -6.244197
v 0.028522 -0.029999 -6.349227
v 0.028522 0.030001 -6.349227
v -0.880871 -0.029999 -6.111314
v -0.880871 0.030001 -6.111315
v -0.212330 0.071585 -6.751904
v -0.245221 0.085804 -6.742743
v -0.245221 0.071585 -6.742743
v -0.235943 0.071585 -6.745328
v -0.203045 0.071585 -6.754489
v -0.203045 0.085804 -6.754489
v -0.253033 0.025804 -6.740567
v -0.195233 0.025804 -6.756665
v -0.195233 0.041290 -6.756665
v -0.212330 0.041290 -6.751904
v -0.235943 0.041290 -6.745328
v -0.253033 0.041290 -6.740567
v -0.839772 0.071585 -6.577157
v -0.839772 0.085804 -6.577157
v -0.872661 0.071585 -6.567996
v -0.849049 0.071585 -6.574572
v -0.881938 0.085804 -6.565411
v -0.881938 0.071585 -6.565411
v -0.889752 0.041290 -6.563235
v -0.889752 0.025804 -6.563235
v -0.849049 0.041290 -6.574572
v -0.872661 0.041290 -6.567996
v -0.831951 0.025804 -6.579333
v -0.831951 0.041290 -6.579333
v -0.791362 -0.025278 -6.477618
v -0.791362 0.054722 -6.477618
v -0.820294 0.054722 -6.469681
v -0.820294 -0.025278 -6.469681
v -0.783604 -0.025278 -6.448954
v -0.783604 0.054722 -6.448954
v -0.812542 -0.025278 -6.441048
v -0.812542 0.054722 -6.441048
v -0.207211 0.054722 -6.637863
v -0.236142 0.054722 -6.629927
v -0.236142 -0.025278 -6.629927
v -0.207211 -0.025278 -6.637863
v -0.228222 0.054722 -6.600674
v -0.228222 -0.025278 -6.600674
v -0.199284 0.054722 -6.608579
v -0.199284 -0.025278 -6.608579
v -0.075116 -0.029999 -6.732081
v -0.075116 0.030001 -6.732081
v -0.981137 0.030001 -6.481644
v -0.981137 -0.029999 -6.481643
v -0.037915 -0.029999 -6.594698
v -0.037915 0.030001 -6.594698
v -0.945164 -0.029999 -6.348750
v -0.945164 0.030001 -6.348750
v -0.280995 0.071585 -6.995576
v -0.313809 0.085804 -6.986124
v -0.313809 0.071585 -6.986124
v -0.304546 0.071585 -6.988791
v -0.271740 0.071585 -6.998243
v -0.271740 0.085804 -6.998243
v -0.321599 0.025804 -6.983879
v -0.263943 0.025804 -7.000488
v -0.263943 0.041290 -7.000488
v -0.280995 0.041290 -6.995576
v -0.304546 0.041290 -6.988791
v -0.321599 0.041290 -6.983879
v -0.906864 0.071585 -6.815283
v -0.906864 0.085804 -6.815283
v -0.939679 0.071585 -6.805833
v -0.916119 0.071585 -6.812617
v -0.948932 0.085804 -6.803166
v -0.948932 0.071585 -6.803166
v -0.956730 0.041290 -6.800921
v -0.956730 0.025804 -6.800920
v -0.916119 0.041290 -6.812617
v -0.939679 0.041290 -6.805833
v -0.899074 0.025804 -6.817529
v -0.899074 0.041290 -6.817529
v -0.856045 -0.025278 -6.716618
v -0.856045 0.054722 -6.716618
v -0.884899 0.054722 -6.708426
v -0.884899 -0.025278 -6.708426
v -0.848286 -0.025278 -6.687954
v -0.848294 0.054722 -6.687954
v -0.877155 -0.025278 -6.679793
v -0.877155 0.054722 -6.679793
v -0.273327 0.054722 -6.882024
v -0.302189 0.054722 -6.873832
v -0.302189 -0.025278 -6.873832
v -0.273327 -0.025278 -6.882024
v -0.294270 0.054722 -6.844581
v -0.294270 -0.025278 -6.844581
v -0.265400 0.054722 -6.852742
v -0.265400 -0.025278 -6.852742
v -0.142766 -0.029999 -6.977210
v -0.142766 0.030001 -6.977211
v -1.046536 0.030001 -6.718768
v -1.046536 -0.029999 -6.718768
v -0.104382 -0.029999 -6.840163
v -0.104382 0.030001 -6.840163
v -1.009427 -0.029999 -6.586199
v -1.009427 0.030001 -6.586199
v -0.353199 0.071585 -7.238246
v -0.385922 0.085804 -7.228504
v -0.385922 0.071585 -7.228504
v -0.376690 0.071585 -7.231253
v -0.343960 0.071585 -7.240995
v -0.343960 0.085804 -7.240995
v -0.393696 0.025804 -7.226190
v -0.336194 0.025804 -7.243308
v -0.336194 0.041290 -7.243308
v -0.353199 0.041290 -7.238246
v -0.376690 0.041290 -7.231253
v -0.393696 0.041290 -7.226190
v -0.977451 0.071585 -7.052424
v -0.977451 0.085804 -7.052424
v -1.010174 0.071585 -7.042682
v -0.986683 0.071585 -7.049675
v -1.019406 0.085804 -7.039933
v -1.019406 0.071585 -7.039933
v -1.027180 0.041290 -7.037619
v -1.027180 0.025804 -7.037619
v -0.986683 0.041290 -7.049675
v -1.010174 0.041290 -7.042682
v -0.969677 0.025804 -7.054737
v -0.969677 0.041290 -7.054737
v -0.926532 -0.025278 -6.953979
v -0.926532 0.054722 -6.953979
v -0.955318 0.054722 -6.945532
v -0.955318 -0.025278 -6.945531
v -0.918057 -0.025278 -6.925518
v -0.918057 0.054722 -6.925518
v -0.946858 -0.025278 -6.917101
v -0.946858 0.054722 -6.917102
v -0.345303 0.054722 -7.124536
v -0.374096 0.054722 -7.116089
v -0.374096 -0.025278 -7.116089
v -0.345303 -0.025278 -7.124536
v -0.365452 0.054722 -7.087042
v -0.365452 -0.025278 -7.087041
v -0.336651 0.054722 -7.095458
v -0.336651 -0.025278 -7.095458
v -0.215275 -0.029999 -7.220966
v -0.215275 0.030001 -7.220966
v -1.116727 0.030001 -6.954535
v -1.116727 -0.029999 -6.954535
v -0.174687 -0.029999 -7.084544
v -0.174687 0.030001 -7.084545
v -1.077450 -0.029999 -6.822582
v -1.077450 0.030001 -6.822582
v -0.425427 0.071585 -7.480907
v -0.458066 0.085804 -7.470876
v -0.458066 0.071585 -7.470876
v -0.448857 0.071585 -7.473705
v -0.416218 0.071585 -7.483737
v -0.416218 0.085804 -7.483737
v -0.465817 0.025804 -7.468494
v -0.408467 0.025804 -7.486119
v -0.408467 0.041290 -7.486119
v -0.425427 0.041290 -7.480906
v -0.448857 0.041290 -7.473705
v -0.465817 0.041290 -7.468494
v -1.048007 0.071585 -7.289567
v -1.048007 0.085804 -7.289567
v -1.080647 0.071585 -7.279536
v -1.057217 0.071585 -7.286738
v -1.089856 0.085804 -7.276706
v -1.089856 0.071585 -7.276706
v -1.097607 0.041290 -7.274324
v -1.097607 0.025804 -7.274324
v -1.057217 0.041290 -7.286737
v -1.080647 0.041290 -7.279536
v -1.040257 0.025804 -7.291949
v -1.040257 0.041290 -7.291949
v -0.997151 -0.025278 -7.191292
v -0.997151 0.054722 -7.191292
v -1.025860 0.054722 -7.182591
v -1.025860 -0.025278 -7.182591
v -0.988681 -0.025278 -7.162831
v -0.988681 0.054722 -7.162831
v -1.017399 -0.025278 -7.154160
v -1.017407 0.054722 -7.154160
v -0.417462 0.054722 -7.366985
v -0.446171 0.054722 -7.358283
v -0.446171 -0.025278 -7.358283
v -0.417462 -0.025278 -7.366985
v -0.437527 0.054722 -7.329237
v -0.437520 -0.025278 -7.329237
v -0.408803 0.054722 -7.337908
v -0.408803 -0.025278 -7.337908
v -0.287816 -0.029999 -7.464703
v -0.287816 0.030001 -7.464703
v -1.186871 0.030001 -7.190306
v -1.186871 -0.029999 -7.190306
v -0.247220 -0.029999 -7.328297
v -0.247220 0.030001 -7.328297
v -1.147626 -0.029999 -7.058356
v -1.147626 0.030001 -7.058356
v -0.501278 0.071585 -7.722442
v -0.533824 0.085804 -7.712123
v -0.533824 0.071585 -7.712123
v -0.524639 0.071585 -7.715035
v -0.492093 0.071585 -7.725353
v -0.492093 0.085804 -7.725352
v -0.541562 0.025804 -7.709671
v -0.484364 0.025804 -7.727804
v -0.484364 0.041290 -7.727804
v -0.501278 0.041290 -7.722442
v -0.524639 0.041290 -7.715035
v -0.541562 0.041290 -7.709671
v -1.122143 0.071585 -7.525602
v -1.122143 0.085804 -7.525602
v -1.154690 0.071585 -7.515282
v -1.131329 0.071585 -7.522690
v -1.163876 0.085804 -7.512370
v -1.163876 0.071585 -7.512370
v -1.171605 0.041290 -7.509919
v -1.171605 0.025804 -7.509919
v -1.131329 0.041290 -7.522690
v -1.154690 0.041290 -7.515282
v -1.114407 0.025804 -7.528053
v -1.114407 0.041290 -7.528053
v -1.068752 -0.025278 -7.428307
v -1.068752 0.054722 -7.428307
v -1.097378 0.054722 -7.419353
v -1.097378 -0.025278 -7.419353
v -1.059574 -0.025278 -7.400068
v -1.059574 0.054722 -7.400068
v -1.088215 -0.025278 -7.391142
v -1.088215 0.054722 -7.391142
v -0.490628 0.054722 -7.609123
v -0.519269 0.054722 -7.600167
v -0.519269 -0.025278 -7.600167
v -0.490628 -0.025278 -7.609122
v -0.509907 0.054722 -7.571345
v -0.509907 -0.025278 -7.571345
v -0.481266 0.054722 -7.580269
v -0.481266 -0.025278 -7.580269
v -0.362698 -0.029999 -7.707724
v -0.362698 0.030001 -7.707724
v -1.259297 0.030001 -7.425383
v -1.259297 -0.029999 -7.425383
v -0.319775 -0.029999 -7.572029
v -0.319775 0.030001 -7.572029
v -1.217755 -0.029999 -7.294131
v -1.217755 0.030001 -7.294131
v -0.579479 0.071585 -7.963242
v -0.611935 0.085804 -7.952635
v -0.611935 0.071585 -7.952635
v -0.602780 0.071585 -7.955629
v -0.570323 0.071585 -7.966234
v -0.570323 0.085804 -7.966234
v -0.619641 0.025804 -7.950116
v -0.562611 0.025804 -7.968754
v -0.562611 0.041290 -7.968755
v -0.579479 0.041290 -7.963242
v -0.602780 0.041290 -7.955629
v -0.619641 0.041290 -7.950116
v -1.198574 0.071585 -7.760916
v -1.198574 0.085804 -7.760916
v -1.231029 0.071585 -7.750308
v -1.207736 0.071585 -7.757922
v -1.240193 0.085804 -7.747317
v -1.240193 0.071585 -7.747317
v -1.247898 0.041290 -7.744796
v -1.247898 0.025804 -7.744796
v -1.207730 0.041290 -7.757922
v -1.231029 0.041290 -7.750308
v -1.190869 0.025804 -7.763435
v -1.190869 0.041290 -7.763435
v -1.145244 -0.025278 -7.663795
v -1.145244 0.054722 -7.663795
v -1.173802 0.054722 -7.654587
v -1.173794 -0.025278 -7.654587
v -1.136074 -0.025278 -7.635554
v -1.136074 0.054722 -7.635554
v -1.164639 -0.025278 -7.626375
v -1.164639 0.054722 -7.626375
v -0.568752 0.054722 -7.849718
v -0.597301 0.054722 -7.840511
v -0.597301 -0.025278 -7.840511
v -0.568752 -0.025278 -7.849718
v -0.587948 0.054722 -7.811688
v -0.587948 -0.025278 -7.811688
v -0.559384 0.054722 -7.820865
v -0.559384 -0.025278 -7.820865
v -0.441235 -0.029999 -7.949597
v -0.441235 0.030001 -7.949597
v -1.335292 0.030001 -7.659333
v -1.335292 -0.029999 -7.659332
v -0.397274 -0.029999 -7.814227
v -0.397274 0.030001 -7.814227
v -1.292767 -0.029999 -7.528396
v -1.292767 0.030001 -7.528396
v -0.657703 0.071585 -8.204031
v -0.690060 0.085804 -8.193138
v -0.690060 0.071585 -8.193138
v -0.680934 0.071585 -8.196212
v -0.648570 0.071585 -8.207106
v -0.648570 0.085804 -8.207106
v -0.697750 0.025804 -8.190550
v -0.640888 0.025804 -8.209693
v -0.640888 0.041290 -8.209693
v -0.657703 0.041290 -8.204031
v -0.680934 0.041290 -8.196212
v -0.697750 0.041290 -8.190550
v -1.274989 0.071585 -7.996235
v -1.274989 0.085804 -7.996235
v -1.307347 0.071585 -7.985342
v -1.284115 0.071585 -7.993161
v -1.316479 0.085804 -7.982268
v -1.316479 0.071585 -7.982268
v -1.324169 0.041290 -7.979681
v -1.324169 0.025804 -7.979681
v -1.284115 0.041290 -7.993162
v -1.307347 0.041290 -7.985342
v -1.267300 0.025804 -7.998823
v -1.267300 0.041290 -7.998823
v -1.221730 -0.025278 -7.899292
v -1.221730 0.054722 -7.899292
v -1.250195 0.054722 -7.889832
v -1.250195 -0.025278 -7.889832
v -1.212559 -0.025278 -7.871048
v -1.212559 0.054722 -7.871049
v -1.241040 -0.025278 -7.861619
v -1.241040 0.054722 -7.861619
v -0.646901 0.054722 -8.090310
v -0.675366 0.054722 -8.080849
v -0.675366 -0.025278 -8.080849
v -0.646901 -0.025278 -8.090309
v -0.666005 0.054722 -8.052026
v -0.666005 -0.025278 -8.052026
v -0.637524 0.054722 -8.061457
v -0.637524 -0.025278 -8.061457
v -0.519810 -0.029999 -8.191467
v -0.519810 0.030001 -8.191467
v -1.411266 0.030001 -7.893304
v -1.411266 -0.029999 -7.893304
v -0.475827 -0.029999 -8.056102
v -0.475827 0.030001 -8.056102
v -1.368756 -0.029999 -7.762357
v -1.368756 0.030001 -7.762357
v -0.740703 0.071585 -8.443213
v -0.772960 0.085804 -8.432035
v -0.772960 0.071585 -8.432035
v -0.763858 0.071585 -8.435188
v -0.731594 0.071585 -8.446367
v -0.731594 0.085804 -8.446367
v -0.780628 0.025804 -8.429379
v -0.723934 0.025804 -8.449023
v -0.723934 0.041290 -8.449023
v -0.740703 0.041290 -8.443213
v -0.763858 0.041290 -8.435188
v -0.780628 0.041290 -8.429379
v -1.356121 0.071585 -8.229964
v -1.356121 0.085804 -8.229964
v -1.388386 0.071585 -8.218785
v -1.365223 0.071585 -8.226810
v -1.397487 0.085804 -8.215631
v -1.397487 0.071585 -8.215631
v -1.405147 0.041290 -8.212976
v -1.405147 0.025804 -8.212976
v -1.365223 0.041290 -8.226810
v -1.388386 0.041290 -8.218785
v -1.348461 0.025804 -8.232619
v -1.348461 0.041290 -8.232619
v -1.300351 -0.025278 -8.134058
v -1.300351 0.054722 -8.134058
v -1.328732 0.054722 -8.124346
v -1.328732 -0.025278 -8.124346
v -1.290486 -0.025278 -8.106052
v -1.290486 0.054722 -8.106052
v -1.318875 -0.025278 -8.096370
v -1.318875 0.054722 -8.096370
v -0.727237 0.054722 -8.330154
v -0.755620 0.054722 -8.320442
v -0.755620 -0.025278 -8.320442
v -0.727237 -0.025278 -8.330154
v -0.745556 0.054722 -8.291859
v -0.745556 -0.025278 -8.291858
v -0.717159 0.054722 -8.301541
v -0.717159 -0.025278 -8.301540
v -0.601872 -0.029999 -8.432142
v -0.601872 0.030001 -8.432142
v -1.490658 0.030001 -8.126104
v -1.490658 -0.029999 -8.126104
v -0.554593 -0.029999 -8.297900
v -0.554593 0.030001 -8.297901
v -1.444882 -0.029999 -7.996267
v -1.444882 0.030001 -7.996267
v -0.824841 0.071585 -8.682013
v -0.856998 0.085804 -8.670549
v -0.856998 0.071585 -8.670549
v -0.847927 0.071585 -8.673783
v -0.815762 0.071585 -8.685247
v -0.815762 0.085804 -8.685247
v -0.864636 0.025804 -8.667825
v -0.808125 0.025804 -8.687970
v -0.808125 0.041290 -8.687970
v -0.824841 0.041290 -8.682013
v -0.847927 0.041290 -8.673783
v -0.864636 0.041290 -8.667825
v -1.438351 0.071585 -8.463328
v -1.438351 0.085804 -8.463328
v -1.470508 0.071585 -8.451863
v -1.447422 0.071585 -8.460094
v -1.479580 0.085804 -8.448629
v -1.479580 0.071585 -8.448629
v -1.487225 0.041290 -8.445906
v -1.487225 0.025804 -8.445906
v -1.447422 0.041290 -8.460093
v -1.470508 0.041290 -8.451863
v -1.430706 0.025804 -8.466051
v -1.430706 0.041290 -8.466051
v -1.382649 -0.025278 -8.367587
v -1.382649 0.054722 -8.367587
v -1.410946 0.054722 -8.357625
v -1.410946 -0.025278 -8.357625
v -1.372776 -0.025278 -8.339582
v -1.372776 0.054722 -8.339582
v -1.401089 -0.025278 -8.329648
v -1.401089 0.054722 -8.329649
v -0.811290 0.054722 -8.568746
v -0.839589 0.054722 -8.558783
v -0.839589 -0.025278 -8.558783
v -0.811290 -0.025278 -8.568745
v -0.829518 0.054722 -8.530201
v -0.829518 -0.025278 -8.530201
v -0.801205 0.054722 -8.540134
v -0.801205 -0.025278 -8.540134
v -0.686367 -0.029999 -8.672003
v -0.686367 0.030001 -8.672003
v -1.572415 0.030001 -8.358115
v -1.572415 -0.029999 -8.358114
v -0.639072 -0.029999 -8.537764
v -0.639072 0.030001 -8.537765
v -1.526660 -0.029999 -8.228267
v -1.526660 0.030001 -8.228267
v -0.909107 0.071585 -8.920752
v -0.941166 0.085804 -8.909003
v -0.941166 0.071585 -8.909003
v -0.932117 0.071585 -8.912318
v -0.900059 0.071585 -8.924068
v -0.900059 0.085804 -8.924068
v -0.948780 0.025804 -8.906213
v -0.892445 0.025804 -8.926857
v -0.892445 0.041290 -8.926857
v -0.909107 0.041290 -8.920752
v -0.932117 0.041290 -8.912318
v -0.948780 0.041290 -8.906213
v -1.520657 0.071585 -8.696649
v -1.520657 0.085804 -8.696650
v -1.552716 0.071585 -8.684901
v -1.529705 0.071585 -8.693335
v -1.561764 0.085804 -8.681586
v -1.561764 0.071585 -8.681586
v -1.569378 0.041290 -8.678795
v -1.569378 0.025804 -8.678795
v -1.529705 0.041290 -8.693335
v -1.552716 0.041290 -8.684901
v -1.513043 0.025804 -8.699439
v -1.513043 0.041290 -8.699439
v -1.464917 -0.025278 -8.601123
v -1.464917 0.054722 -8.601123
v -1.493129 0.054722 -8.590910
v -1.493129 -0.025278 -8.590910
v -1.455052 -0.025278 -8.573116
v -1.455052 0.054722 -8.573116
v -1.483272 -0.025278 -8.562932
v -1.483272 0.054722 -8.562933
v -0.895366 0.054722 -8.807327
v -0.923573 0.054722 -8.797116
v -0.923573 -0.025278 -8.797115
v -0.895366 -0.025278 -8.807327
v -0.913493 0.054722 -8.768532
v -0.913493 -0.025278 -8.768532
v -0.885280 0.054722 -8.778715
v -0.885280 -0.025278 -8.778715
v -0.770900 -0.029999 -8.911848
v -0.770908 0.030001 -8.911848
v -1.654141 0.030001 -8.590135
v -1.654141 -0.029999 -8.590135
v -0.723591 -0.029999 -8.777620
v -0.723591 0.030001 -8.777620
v -1.608410 -0.029999 -8.460283
v -1.608410 0.030001 -8.460283
v -0.999081 0.071585 -9.157410
v -1.031033 0.085804 -9.145378
v -1.031033 0.071585 -9.145378
v -1.022023 0.071585 -9.148773
v -0.990063 0.071585 -9.160804
v -0.990063 0.085804 -9.160804
v -1.038632 0.025804 -9.142520
v -0.982479 0.025804 -9.163662
v -0.982479 0.041290 -9.163662
v -0.999081 0.041290 -9.157410
v -1.022023 0.041290 -9.148773
v -1.038632 0.041290 -9.142520
v -1.608631 0.071585 -8.927908
v -1.608631 0.085804 -8.927908
v -1.640583 0.071585 -8.915877
v -1.617642 0.071585 -8.924513
v -1.649601 0.085804 -8.912482
v -1.649601 0.071585 -8.912481
v -1.657193 0.041290 -8.909624
v -1.657193 0.025804 -8.909624
v -1.617642 0.041290 -8.924513
v -1.640583 0.041290 -8.915877
v -1.601040 0.025804 -8.930766
v -1.601040 0.041290 -8.930766
v -1.550526 -0.025278 -8.833438
v -1.550526 0.054722 -8.833438
v -1.578639 0.054722 -8.822976
v -1.578639 -0.025278 -8.822976
v -1.539975 -0.025278 -8.805684
v -1.539975 0.054722 -8.805684
v -1.568097 -0.025278 -8.795252
v -1.568097 0.054722 -8.795252
v -0.982814 0.054722 -9.044671
v -1.010937 0.054722 -9.034209
v -1.010937 -0.025278 -9.034209
v -0.982814 -0.025278 -9.044671
v -1.000163 0.054722 -9.005883
v -1.000163 -0.025278 -9.005883
v -0.972035 0.054722 -9.016316
v -0.972035 -0.025278 -9.016316
v -0.860104 -0.029999 -9.149986
v -0.860104 0.030001 -9.149986
v -1.740460 0.030001 -8.820476
v -1.740460 -0.029999 -8.820476
v -0.809529 -0.029999 -9.016951
v -0.809529 0.030001 -9.016951
v -1.691501 -0.029999 -8.691799
v -1.691501 0.030001 -8.691800
v -1.089077 0.071585 -9.394050
v -1.120930 0.085804 -9.381736
v -1.120930 0.071585 -9.381736
v -1.111943 0.071585 -9.385211
v -1.080098 0.071585 -9.397524
v -1.080098 0.085804 -9.397523
v -1.128491 0.025804 -9.378812
v -1.072528 0.025804 -9.400450
v -1.072528 0.041290 -9.400450
v -1.089077 0.041290 -9.394050
v -1.111943 0.041290 -9.385211
v -1.128491 0.041290 -9.378812
v -1.696576 0.071585 -9.159168
v -1.696576 0.085804 -9.159168
v -1.728421 0.071585 -9.146856
v -1.705563 0.071585 -9.155693
v -1.737407 0.085804 -9.143380
v -1.737407 0.071585 -9.143380
v -1.744976 0.041290 -9.140456
v -1.744969 0.025804 -9.140456
v -1.705563 0.041290 -9.155693
v -1.728421 0.041290 -9.146856
v -1.689007 0.025804 -9.162093
v -1.689007 0.041290 -9.162093
v -1.638545 -0.025278 -9.064869
v -1.638545 0.054722 -9.064869
v -1.666569 0.054722 -9.054158
v -1.666569 -0.025278 -9.054158
v -1.627987 -0.025278 -9.037111
v -1.627995 0.054722 -9.037111
v -1.656025 -0.025278 -9.026431
v -1.656025 0.054722 -9.026431
v -1.072728 0.054722 -9.281113
v -1.100750 0.054722 -9.270403
v -1.100750 -0.025278 -9.270403
v -1.072728 -0.025278 -9.281113
v -1.089978 0.054722 -9.242075
v -1.089978 -0.025278 -9.242075
v -1.061940 0.054722 -9.252755
v -1.061940 -0.025278 -9.252755
v -0.950497 -0.029999 -9.387684
v -0.950497 0.030001 -9.387684
v -1.827900 0.030001 -9.050402
v -1.827900 -0.029999 -9.050402
v -0.899898 -0.029999 -9.254651
v -0.899898 0.030001 -9.254651
v -1.778965 -0.029999 -8.921715
v -1.778965 0.030001 -8.921716
v -1.180447 0.071585 -9.630152
v -1.212184 0.085804 -9.617558
v -1.212184 0.071585 -9.617558
v -1.203228 0.071585 -9.621111
v -1.171498 0.071585 -9.633706
v -1.171498 0.085804 -9.633705
v -1.219723 0.025804 -9.614566
v -1.163952 0.025804 -9.636697
v -1.163952 0.041290 -9.636697
v -1.180447 0.041290 -9.630152
v -1.203228 0.041290 -9.621111
v -1.219723 0.041290 -9.614566
v -1.785839 0.071585 -9.389910
v -1.785839 0.085804 -9.389910
v -1.817578 0.071585 -9.377316
v -1.794795 0.071585 -9.386357
v -1.826535 0.085804 -9.373761
v -1.826535 0.071585 -9.373761
v -1.834072 0.041290 -9.370771
v -1.834072 0.025804 -9.370771
v -1.794795 0.041290 -9.386357
v -1.817578 0.041290 -9.377316
v -1.778301 0.025804 -9.392902
v -1.778301 0.041290 -9.392902
v -1.726544 -0.025278 -9.296311
v -1.726551 0.054722 -9.296311
v -1.754475 0.054722 -9.285354
v -1.754475 -0.025278 -9.285354
v -1.716000 -0.025278 -9.268555
v -1.716000 0.054722 -9.268555
v -1.743939 -0.025278 -9.257627
v -1.743939 0.054722 -9.257627
v -1.162663 0.054722 -9.517549
v -1.190594 0.054722 -9.506592
v -1.190586 -0.025278 -9.506592
v -1.162663 -0.025278 -9.517549
v -1.179814 0.054722 -9.478268
v -1.179814 -0.025278 -9.478268
v -1.151875 0.054722 -9.489195
v -1.151875 -0.025278 -9.489195
v -1.041011 -0.029999 -9.625336
v -1.041011 0.030001 -9.625336
v -1.915401 0.030001 -9.280309
v -1.915401 -0.029999 -9.280309
v -0.990306 -0.029999 -9.492345
v -0.990306 0.030001 -9.492346
v -1.866398 -0.029999 -9.151651
v -1.866398 0.030001 -9.151651
v -1.276219 0.071585 -9.864519
v -1.307843 0.085804 -9.851646
v -1.307843 0.071585 -9.851645
v -1.298916 0.071585 -9.855277
v -1.267300 0.071585 -9.868152
v -1.267300 0.085804 -9.868152
v -1.315350 0.025804 -9.848587
v -1.259785 0.025804 -9.871210
v -1.259785 0.041290 -9.871210
v -1.276219 0.041290 -9.864519
v -1.298916 0.041290 -9.855277
v -1.315350 0.041290 -9.848587
v -1.879467 0.071585 -9.618937
v -1.879467 0.085804 -9.618937
v -1.911091 0.071585 -9.606063
v -1.888394 0.071585 -9.615304
v -1.920010 0.085804 -9.602431
v -1.920010 0.071585 -9.602431
v -1.927525 0.041290 -9.599372
v -1.927525 0.025804 -9.599372
v -1.888394 0.041290 -9.615304
v -1.911091 0.041290 -9.606063
v -1.871951 0.025804 -9.621996
v -1.871951 0.041290 -9.621996
v -1.819073 -0.025278 -9.525964
v -1.819073 0.054722 -9.525964
v -1.846905 0.054722 -9.514761
v -1.846905 -0.025278 -9.514761
v -1.807843 -0.025278 -9.498470
v -1.807843 0.054722 -9.498470
v -1.835682 -0.025278 -9.487296
v -1.835682 0.054722 -9.487296
v -1.257167 0.054722 -9.752176
v -1.285000 0.054722 -9.740973
v -1.285000 -0.025278 -9.740973
v -1.257167 -0.025278 -9.752176
v -1.273533 0.054722 -9.712913
v -1.273533 -0.025278 -9.712913
v -1.245694 0.054722 -9.724087
v -1.245694 -0.025278 -9.724087
v -1.137188 -0.029999 -9.860748
v -1.137188 0.030001 -9.860748
v -2.008495 0.030001 -9.508010
v -2.008495 -0.029999 -9.508010
v -1.083354 -0.029999 -9.728995
v -1.083354 0.030001 -9.728995
v -1.956402 -0.029999 -9.380570
v -1.956402 0.030001 -9.380570
v -1.372005 0.071585 -10.098876
v -1.403514 0.085804 -10.085722
v -1.403514 0.071585 -10.085722
v -1.394626 0.071585 -10.089434
v -1.363117 0.071585 -10.102587
v -1.363117 0.085804 -10.102587
v -1.411007 0.025804 -10.082599
v -1.355633 0.025804 -10.105711
v -1.355633 0.041290 -10.105711
v -1.372005 0.041290 -10.098876
v -1.394626 0.041290 -10.089434
v -1.411007 0.041290 -10.082598
v -1.973064 0.071585 -9.847973
v -1.973064 0.085804 -9.847973
v -2.004574 0.071585 -9.834820
v -1.981953 0.071585 -9.844262
v -2.013462 0.085804 -9.831109
v -2.013462 0.071585 -9.831109
v -2.020946 0.041290 -9.827984
v -2.020946 0.025804 -9.827984
v -1.981953 0.041290 -9.844262
v -2.004574 0.041290 -9.834820
v -1.965580 0.025804 -9.851098
v -1.965580 0.041290 -9.851098
v -1.912753 -0.025278 -9.755167
v -1.912753 0.054722 -9.755167
v -1.940487 0.054722 -9.743718
v -1.940487 -0.025278 -9.743718
v -1.901524 -0.025278 -9.727679
v -1.901524 0.054722 -9.727679
v -1.929264 -0.025278 -9.716260
v -1.929264 0.054722 -9.716261
v -1.352871 0.054722 -9.986336
v -1.380597 0.054722 -9.974886
v -1.380597 -0.025278 -9.974886
v -1.352871 -0.025278 -9.986336
v -1.369130 0.054722 -9.946835
v -1.369130 -0.025278 -9.946835
v -1.341389 0.054722 -9.958255
v -1.341389 -0.025278 -9.958255
v -1.233403 -0.029999 -10.096142
v -1.233403 0.030001 -10.096142
v -2.101558 0.030001 -9.735720
v -2.101558 -0.029999 -9.735720
v -1.179554 -0.029999 -9.964403
v -1.179554 0.030001 -9.964403
v -2.049481 -0.029999 -9.608278
v -2.049481 0.030001 -9.608278
v -1.470410 0.071585 -10.332129
v -1.501804 0.085804 -10.318698
v -1.501804 0.071585 -10.318698
v -1.492947 0.071585 -10.322488
v -1.461552 0.071585 -10.335919
v -1.461552 0.085804 -10.335919
v -1.509259 0.025804 -10.315507
v -1.454098 0.025804 -10.339109
v -1.454098 0.041290 -10.339110
v -1.470410 0.041290 -10.332129
v -1.492947 0.041290 -10.322488
v -1.509259 0.041290 -10.315507
v -2.069225 0.071585 -10.075929
v -2.069225 0.085804 -10.075929
v -2.100612 0.071585 -10.062497
v -2.078083 0.071585 -10.072139
v -2.109478 0.085804 -10.058707
v -2.109478 0.071585 -10.058707
v -2.116932 0.041290 -10.055517
v -2.116932 0.025804 -10.055517
v -2.078083 0.041290 -10.072139
v -2.100612 0.041290 -10.062497
v -2.061764 0.025804 -10.079119
v -2.061764 0.041290 -10.079119
v -2.006512 -0.025278 -9.984330
v -2.006512 0.054722 -9.984331
v -2.034137 0.054722 -9.972637
v -2.034137 -0.025278 -9.972637
v -1.995175 -0.025278 -9.956882
v -1.995175 0.054722 -9.956882
v -2.022816 -0.025278 -9.945217
v -2.022816 0.054722 -9.945217
v -1.448689 0.054722 -10.220437
v -1.476314 0.054722 -10.208743
v -1.476314 -0.025278 -10.208743
v -1.448689 -0.025278 -10.220436
v -1.464749 0.054722 -10.180732
v -1.464749 -0.025278 -10.180732
v -1.437107 0.054722 -10.192396
v -1.437099 -0.025278 -10.192396
v -1.330990 -0.029999 -10.330963
v -1.330990 0.030001 -10.330964
v -2.195934 0.030001 -9.962887
v -2.195934 -0.029999 -9.962887
v -1.275784 -0.029999 -10.199795
v -1.275784 0.030001 -10.199795
v -2.142529 -0.029999 -9.835998
v -2.142529 0.030001 -9.835998
v -1.571896 0.071585 -10.564073
v -1.603168 0.085804 -10.550366
v -1.603168 0.071585 -10.550366
v -1.594342 0.071585 -10.554233
v -1.563076 0.071585 -10.567941
v -1.563076 0.085804 -10.567941
v -1.610600 0.025804 -10.547109
v -1.555645 0.025804 -10.571197
v -1.555645 0.041290 -10.571197
v -1.571896 0.041290 -10.564073
v -1.594342 0.041290 -10.554233
v -1.610600 0.041290 -10.547109
v -2.168423 0.071585 -10.302596
v -2.168423 0.085804 -10.302596
v -2.199696 0.071585 -10.288889
v -2.177250 0.071585 -10.298728
v -2.208522 0.085804 -10.285021
v -2.208522 0.071585 -10.285021
v -2.215947 0.041290 -10.281765
v -2.215947 0.025804 -10.281765
v -2.177250 0.041290 -10.298728
v -2.199696 0.041290 -10.288889
v -2.160992 0.025804 -10.305852
v -2.160992 0.041290 -10.305853
v -2.105800 -0.025278 -10.211168
v -2.105800 0.054722 -10.211168
v -2.133320 0.054722 -10.199232
v -2.133320 -0.025278 -10.199232
v -2.093884 -0.025278 -10.183958
v -2.093891 0.054722 -10.183958
v -2.121425 -0.025278 -10.172051
v -2.121425 0.054722 -10.172051
v -1.550076 0.054722 -10.452190
v -1.577603 0.054722 -10.440252
v -1.577603 -0.025278 -10.440252
v -1.550076 -0.025278 -10.452190
v -1.565449 0.054722 -10.412483
v -1.565449 -0.025278 -10.412483
v -1.537915 0.054722 -10.424390
v -1.537915 -0.025278 -10.424390
v -1.432918 -0.029999 -10.563945
v -1.432918 0.030001 -10.563945
v -2.294574 0.030001 -10.188247
v -2.294574 -0.029999 -10.188247
v -1.375866 -0.029999 -10.433553
v -1.375866 0.030001 -10.433553
v -2.239368 -0.029999 -10.062117
v -2.239375 0.030001 -10.062117
v -1.673405 0.071585 -10.796005
v -1.704556 0.085804 -10.782024
v -1.704556 0.071585 -10.782024
v -1.695767 0.071585 -10.785969
v -1.664616 0.071585 -10.799952
v -1.664616 0.085804 -10.799952
v -1.711956 0.025804 -10.778702
v -1.657223 0.025804 -10.803273
v -1.657223 0.041290 -10.803273
v -1.673405 0.041290 -10.796005
v -1.695767 0.041290 -10.785969
v -1.711956 0.041290 -10.778702
v -2.267605 0.071585 -10.529273
v -2.267605 0.085804 -10.529273
v -2.298755 0.071585 -10.515291
v -2.276394 0.071585 -10.525328
v -2.307545 0.085804 -10.511346
v -2.307545 0.071585 -10.511346
v -2.314945 0.041290 -10.508024
v -2.314945 0.025804 -10.508024
v -2.276394 0.041290 -10.525328
v -2.298755 0.041290 -10.515291
v -2.260204 0.025804 -10.532595
v -2.260204 0.041290 -10.532595
v -2.205059 -0.025278 -10.438002
v -2.205059 0.054722 -10.438002
v -2.232471 0.054722 -10.425823
v -2.232471 -0.025278 -10.425823
v -2.193157 -0.025278 -10.410798
v -2.193157 0.054722 -10.410798
v -2.220585 -0.025278 -10.398647
v -2.220585 0.054722 -10.398647
v -1.651486 0.054722 -10.683919
v -1.678906 0.054722 -10.671740
v -1.678906 -0.025278 -10.671740
v -1.651486 -0.025278 -10.683919
v -1.666760 0.054722 -10.643977
v -1.666760 -0.025278 -10.643977
v -1.639325 0.054722 -10.656128
v -1.639325 -0.025278 -10.656129
v -1.534878 -0.029999 -10.796908
v -1.534878 0.030001 -10.796908
v -2.393185 0.030001 -10.413618
v -2.393185 -0.029999 -10.413618
v -1.477809 -0.029999 -10.666525
v -1.477809 0.030001 -10.666525
v -2.338002 -0.029999 -10.287481
v -2.338002 0.030001 -10.287481
v -1.778759 0.071585 -11.026200
v -1.809780 0.085804 -11.011942
v -1.809780 0.071585 -11.011942
v -1.801030 0.071585 -11.015966
v -1.770001 0.071585 -11.030222
v -1.770001 0.085804 -11.030222
v -1.817149 0.025804 -11.008556
v -1.762630 0.025804 -11.033610
v -1.762630 0.041290 -11.033610
v -1.778759 0.041290 -11.026200
v -1.801030 0.041290 -11.015966
v -1.817149 0.041290 -11.008556
v -2.370579 0.071585 -10.754235
v -2.370579 0.085804 -10.754235
v -2.401607 0.071585 -10.739978
v -2.379329 0.071585 -10.750213
v -2.410359 0.085804 -10.735955
v -2.410359 0.071585 -10.735955
v -2.417728 0.041290 -10.732569
v -2.417728 0.025804 -10.732569
v -2.379329 0.041290 -10.750213
v -2.401607 0.041290 -10.739978
v -2.363209 0.025804 -10.757622
v -2.363209 0.041290 -10.757622
v -2.305675 -0.025278 -10.664243
v -2.305675 0.054722 -10.664243
v -2.332981 0.054722 -10.651821
v -2.332981 -0.025278 -10.651821
v -2.293103 -0.025278 -10.637332
v -2.293103 0.054722 -10.637333
v -2.320423 -0.025278 -10.624941
v -2.320423 0.054722 -10.624941
v -1.754292 0.054722 -10.915035
v -1.781605 0.054722 -10.902614
v -1.781605 -0.025278 -10.902615
v -1.754292 -0.025278 -10.915035
v -1.768780 0.054722 -10.875150
v -1.768780 -0.025278 -10.875150
v -1.741459 0.054722 -10.887542
v -1.741459 -0.025278 -10.887542
v -1.639462 -0.029999 -11.028684
v -1.639462 0.030001 -11.028684
v -2.494350 0.030001 -10.637836
v -2.494350 -0.029999 -10.637836
v -1.579785 -0.029999 -10.899485
v -1.579785 0.030001 -10.899485
v -2.436596 -0.029999 -10.512862
v -2.436596 0.030001 -10.512862
v -1.885884 0.071585 -11.255587
v -1.916783 0.085804 -11.241057
v -1.916783 0.071585 -11.241057
v -1.908062 0.071585 -11.245156
v -1.877163 0.071585 -11.259687
v -1.877163 0.085804 -11.259687
v -1.924122 0.025804 -11.237605
v -1.869824 0.025804 -11.263139
v -1.869824 0.041290 -11.263139
v -1.885884 0.041290 -11.255587
v -1.908062 0.041290 -11.245156
v -1.924122 0.041290 -11.237605
v -2.475284 0.071585 -10.978415
v -2.475284 0.085804 -10.978415
v -2.506175 0.071585 -10.963885
v -2.483998 0.071585 -10.974315
v -2.514896 0.085804 -10.959785
v -2.514896 0.071585 -10.959785
v -2.522236 0.041290 -10.956333
v -2.522236 0.025804 -10.956333
v -2.483998 0.041290 -10.974315
v -2.506175 0.041290 -10.963885
v -2.467938 0.025804 -10.981866
v -2.467938 0.041290 -10.981866
v -2.410458 -0.025278 -10.888582
v -2.410458 0.054722 -10.888582
v -2.437657 0.054722 -10.875921
v -2.437657 -0.025278 -10.875921
v -2.397892 -0.025278 -10.861677
v -2.397892 0.054722 -10.861677
v -2.425105 -0.025278 -10.849045
v -2.425105 0.054722 -10.849045
v -1.861317 0.054722 -11.144227
v -1.888516 0.054722 -11.131566
v -1.888516 -0.025278 -11.131566
v -1.861317 -0.025278 -11.144228
v -1.875691 0.054722 -11.104109
v -1.875691 -0.025278 -11.104109
v -1.848477 0.054722 -11.116741
v -1.848477 -0.025278 -11.116741
v -1.747051 -0.029999 -11.259091
v -1.747051 0.030001 -11.259091
v -2.598461 0.030001 -10.860719
v -2.598461 -0.029999 -10.860719
v -1.686833 -0.029999 -11.130137
v -1.686833 0.030001 -11.130137
v -2.540202 -0.029999 -10.735973
v -2.540202 0.030001 -10.735973
v -1.993031 0.071585 -11.484965
v -2.023799 0.085804 -11.470164
v -2.023799 0.071585 -11.470164
v -2.015118 0.071585 -11.474341
v -1.984356 0.071585 -11.489143
v -1.984356 0.085804 -11.489143
v -2.031109 0.025804 -11.466647
v -1.977047 0.025804 -11.492659
v -1.977047 0.041290 -11.492659
v -1.993031 0.041290 -11.484965
v -2.015118 0.041290 -11.474341
v -2.031109 0.041290 -11.466647
v -2.579967 0.071585 -11.202606
v -2.579967 0.085804 -11.202606
v -2.610737 0.071585 -11.187804
v -2.588650 0.071585 -11.198429
v -2.619419 0.085804 -11.183627
v -2.619419 0.071585 -11.183627
v -2.626727 0.041290 -11.180111
v -2.626727 0.025804 -11.180111
v -2.588650 0.041290 -11.198429
v -2.610737 0.041290 -11.187804
v -2.572659 0.025804 -11.206123
v -2.572659 0.041290 -11.206123
v -2.515232 -0.025278 -11.112932
v -2.515232 0.054722 -11.112932
v -2.542317 0.054722 -11.100031
v -2.542317 -0.025278 -11.100031
v -2.502667 -0.025278 -11.086025
v -2.502667 0.054722 -11.086025
v -2.529765 -0.025278 -11.073154
v -2.529765 0.054722 -11.073154
v -1.968365 0.054722 -11.373410
v -1.995449 0.054722 -11.360510
v -1.995449 -0.025278 -11.360510
v -1.968365 -0.025278 -11.373410
v -1.982617 0.054722 -11.333053
v -1.982617 -0.025278 -11.333053
v -1.955525 0.054722 -11.345926
v -1.955525 -0.025278 -11.345926
v -1.854679 -0.029999 -11.489485
v -1.854679 0.030001 -11.489485
v -2.702542 0.030001 -11.083621
v -2.702542 -0.029999 -11.083621
v -1.794444 -0.029999 -11.360546
v -1.794444 0.030001 -11.360546
v -2.644299 -0.029999 -10.958872
v -2.644299 0.030001 -10.958872
v -2.105252 0.071585 -11.711904
v -2.135890 0.085804 -11.696831
v -2.135890 0.071585 -11.696831
v -2.127247 0.071585 -11.701083
v -2.096608 0.071585 -11.716156
v -2.096608 0.085804 -11.716156
v -2.143169 0.025804 -11.693250
v -2.089329 0.025804 -11.719736
v -2.089329 0.041290 -11.719736
v -2.105252 0.041290 -11.711904
v -2.127247 0.041290 -11.701083
v -2.143169 0.041290 -11.693250
v -2.689678 0.071585 -11.424384
v -2.689678 0.085804 -11.424384
v -2.720311 0.071585 -11.409311
v -2.698323 0.071585 -11.420131
v -2.728954 0.085804 -11.405058
v -2.728954 0.071585 -11.405058
v -2.736233 0.041290 -11.401477
v -2.736233 0.025804 -11.401477
v -2.698314 0.041290 -11.420131
v -2.720311 0.041290 -11.409311
v -2.682400 0.025804 -11.427964
v -2.682400 0.041290 -11.427964
v -2.622616 -0.025278 -11.336027
v -2.622616 0.054722 -11.336027
v -2.649577 0.054722 -11.322888
v -2.649577 -0.025278 -11.322888
v -2.609387 -0.025278 -11.309437
v -2.609393 0.054722 -11.309438
v -2.636379 -0.025278 -11.296327
v -2.636379 0.054722 -11.296327
v -2.078060 0.054722 -11.601316
v -2.105030 0.054722 -11.588177
v -2.105030 -0.025278 -11.588177
v -2.078060 -0.025278 -11.601316
v -2.091541 0.054722 -11.561039
v -2.091541 -0.025278 -11.561039
v -2.064564 0.054722 -11.574150
v -2.064555 -0.025278 -11.574150
v -1.966168 -0.029999 -11.718011
v -1.966168 0.030001 -11.718012
v -2.810421 0.030001 -11.304691
v -2.810421 -0.029999 -11.304691
v -1.902844 -0.029999 -11.590566
v -1.902844 0.030001 -11.590566
v -2.749127 -0.029999 -11.181414
v -2.749127 0.030001 -11.181414
v -2.217938 0.071585 -11.938609
v -2.248439 0.085804 -11.923267
v -2.248439 0.071585 -11.923267
v -2.239834 0.071585 -11.927596
v -2.209332 0.071585 -11.942937
v -2.209332 0.085804 -11.942937
v -2.255688 0.025804 -11.919623
v -2.202084 0.025804 -11.946582
v -2.202084 0.041290 -11.946582
v -2.217938 0.041290 -11.938609
v -2.239834 0.041290 -11.927595
v -2.255688 0.041290 -11.919623
v -2.799809 0.071585 -11.645951
v -2.799809 0.085804 -11.645951
v -2.830310 0.071585 -11.630609
v -2.808415 0.071585 -11.641623
v -2.838917 0.085804 -11.626281
v -2.838917 0.071585 -11.626281
v -2.846164 0.041290 -11.622636
v -2.846164 0.025804 -11.622636
v -2.808415 0.041290 -11.641622
v -2.830310 0.041290 -11.630609
v -2.792561 0.025804 -11.649595
v -2.792561 0.041290 -11.649595
v -2.732830 -0.025278 -11.557754
v -2.732830 0.054722 -11.557754
v -2.759686 0.054722 -11.544378
v -2.759686 -0.025278 -11.544378
v -2.719616 -0.025278 -11.531162
v -2.719616 0.054722 -11.531162
v -2.746487 -0.025278 -11.517815
v -2.746487 0.054722 -11.517815
v -2.190640 0.054722 -11.827830
v -2.217494 0.054722 -11.814453
v -2.217494 -0.025278 -11.814453
v -2.190640 -0.025278 -11.827830
v -2.204007 0.054722 -11.787317
v -2.204007 -0.025278 -11.787317
v -2.177135 0.054722 -11.800665
v -2.177135 -0.025278 -11.800665
v -2.079357 -0.029999 -11.945730
v -2.079357 0.030001 -11.945730
v -2.919933 0.030001 -11.524988
v -2.919933 -0.029999 -11.524988
v -2.016002 -0.029999 -11.818286
v -2.016002 0.030001 -11.818287
v -2.858653 -0.029999 -11.401694
v -2.858653 0.030001 -11.401694
v -2.331501 0.071585 -12.164868
v -2.361865 0.085804 -12.149257
v -2.361865 0.071585 -12.149257
v -2.353299 0.071585 -12.153662
v -2.322933 0.071585 -12.169272
v -2.322933 0.085804 -12.169272
v -2.369083 0.025804 -12.145549
v -2.315716 0.025804 -12.172980
v -2.315716 0.041290 -12.172980
v -2.331501 0.041290 -12.164868
v -2.353299 0.041290 -12.153662
v -2.369083 0.041290 -12.145549
v -2.910770 0.071585 -11.867096
v -2.910770 0.085804 -11.867096
v -2.941136 0.071585 -11.851486
v -2.919339 0.071585 -11.862692
v -2.949704 0.085804 -11.847081
v -2.949704 0.071585 -11.847081
v -2.956913 0.041290 -11.843373
v -2.956913 0.025804 -11.843373
v -2.919339 0.041290 -11.862692
v -2.941136 0.041290 -11.851486
v -2.903552 0.025804 -11.870804
v -2.903552 0.041290 -11.870804
v -2.843037 -0.025278 -11.779497
v -2.843037 0.054722 -11.779497
v -2.869769 0.054722 -11.765886
v -2.869769 -0.025278 -11.765886
v -2.829814 -0.025278 -11.752897
v -2.829814 0.054722 -11.752897
v -2.856564 -0.025278 -11.739313
v -2.856564 0.054722 -11.739313
v -2.303250 0.054722 -12.054340
v -2.329983 0.054722 -12.040728
v -2.329983 -0.025278 -12.040728
v -2.303250 -0.025278 -12.054340
v -2.316486 0.054722 -12.013585
v -2.316486 -0.025278 -12.013585
v -2.289738 0.054722 -12.027168
v -2.289738 -0.025278 -12.027168
v -2.192570 -0.029999 -12.173427
v -2.192570 0.030001 -12.173427
v -3.029408 0.030001 -11.745295
v -3.029408 -0.029999 -11.745295
v -2.129199 -0.029999 -12.045992
v -2.129199 0.030001 -12.045992
v -2.968144 -0.029999 -11.621991
v -2.968144 0.030001 -11.621991
v -2.449642 0.071585 -12.388773
v -2.479869 0.085804 -12.372896
v -2.479869 0.071585 -12.372895
v -2.471341 0.071585 -12.377376
v -2.441113 0.071585 -12.393253
v -2.441113 0.085804 -12.393253
v -2.487057 0.025804 -12.369125
v -2.433934 0.025804 -12.397023
v -2.433934 0.041290 -12.397023
v -2.449642 0.041290 -12.388773
v -2.471341 0.041290 -12.377376
v -2.487057 0.041290 -12.369125
v -3.026272 0.071585 -12.085916
v -3.026272 0.085804 -12.085916
v -3.056500 0.071585 -12.070039
v -3.034801 0.071585 -12.081435
v -3.065028 0.085804 -12.065559
v -3.065028 0.071585 -12.065559
v -3.072208 0.041290 -12.061788
v -3.072208 0.025804 -12.061788
v -3.034801 0.041290 -12.081435
v -3.056500 0.041290 -12.070039
v -3.019084 0.025804 -12.089687
v -3.019084 0.041290 -12.089687
v -2.957104 -0.025278 -11.999258
v -2.957104 0.054722 -11.999258
v -2.983715 0.054722 -11.985412
v -2.983715 -0.025278 -11.985412
v -2.943234 -0.025278 -11.972996
v -2.943240 0.054722 -11.972996
v -2.969867 -0.025278 -11.959177
v -2.969867 0.054722 -11.959177
v -2.419751 0.054722 -12.278841
v -2.446362 0.054722 -12.264994
v -2.446362 -0.025278 -12.264994
v -2.419751 -0.025278 -12.278841
v -2.432217 0.054722 -12.238193
v -2.432217 -0.025278 -12.238193
v -2.405590 0.054722 -12.252012
v -2.405590 -0.025278 -12.252011
v -2.310879 -0.029999 -12.398506
v -2.310879 0.030001 -12.398506
v -3.143917 0.030001 -11.963027
v -3.143917 -0.029999 -11.963027
v -2.244464 -0.029999 -12.272635
v -2.244464 0.030001 -12.272635
v -3.079639 -0.029999 -11.841263
v -3.079639 0.030001 -11.841263
v -2.567805 0.071585 -12.612667
v -2.597897 0.085804 -12.596525
v -2.597897 0.071585 -12.596525
v -2.589412 0.071585 -12.601080
v -2.559322 0.071585 -12.617222
v -2.559322 0.085804 -12.617222
v -2.605046 0.025804 -12.592691
v -2.552173 0.025804 -12.621057
v -2.552173 0.041290 -12.621057
v -2.567805 0.041290 -12.612667
v -2.589412 0.041290 -12.601080
v -2.605044 0.041290 -12.592691
v -3.141751 0.071585 -12.304747
v -3.141751 0.085804 -12.304748
v -3.171833 0.071585 -12.288606
v -3.150235 0.071585 -12.300193
v -3.180325 0.085804 -12.284050
v -3.180325 0.071585 -12.284050
v -3.187474 0.041290 -12.280215
v -3.187474 0.025804 -12.280215
v -3.150235 0.041290 -12.300193
v -3.171833 0.041290 -12.288605
v -3.134602 0.025804 -12.308582
v -3.134602 0.041290 -12.308582
v -3.072674 -0.025278 -12.218245
v -3.072674 0.054722 -12.218246
v -3.099163 0.054722 -12.204165
v -3.099163 -0.025278 -12.204165
v -3.058812 -0.025278 -12.191982
v -3.058812 0.054722 -12.191982
v -3.085323 -0.025278 -12.177931
v -3.085323 0.054722 -12.177930
v -2.537800 0.054722 -12.502546
v -2.564297 0.054722 -12.488466
v -2.564297 -0.025278 -12.488465
v -2.537800 -0.025278 -12.502546
v -2.550152 0.054722 -12.461666
v -2.550152 -0.025278 -12.461666
v -2.523648 0.054722 -12.475720
v -2.523648 -0.025278 -12.475720
v -2.429562 -0.029999 -12.623392
v -2.429562 0.030001 -12.623392
v -3.258739 0.030001 -12.180598
v -3.258739 -0.029999 -12.180598
v -2.363139 -0.029999 -12.497537
v -2.363139 0.030001 -12.497538
v -3.194485 -0.029999 -12.058832
v -3.194485 0.030001 -12.058832
v -2.688130 0.071585 -12.835401
v -2.718075 0.085804 -12.818994
v -2.718075 0.071585 -12.818994
v -2.709621 0.071585 -12.823623
v -2.679683 0.071585 -12.840029
v -2.679683 0.085804 -12.840029
v -2.725186 0.025804 -12.815097
v -2.672566 0.025804 -12.843927
v -2.672566 0.041290 -12.843927
v -2.688130 0.041290 -12.835401
v -2.709621 0.041290 -12.823623
v -2.725186 0.041290 -12.815097
v -3.259335 0.071585 -12.522444
v -3.259335 0.085804 -12.522444
v -3.289280 0.071585 -12.506037
v -3.267788 0.071585 -12.517815
v -3.297725 0.085804 -12.501408
v -3.297725 0.071585 -12.501408
v -3.304844 0.041290 -12.497510
v -3.304844 0.025804 -12.497510
v -3.267788 0.041290 -12.517815
v -3.289280 0.041290 -12.506037
v -3.252223 0.025804 -12.526341
v -3.252223 0.041290 -12.526341
v -3.188229 -0.025278 -12.437244
v -3.188229 0.054722 -12.437244
v -3.214596 0.054722 -12.422930
v -3.214596 -0.025278 -12.422930
v -3.174365 -0.025278 -12.410978
v -3.174374 0.054722 -12.410979
v -3.200748 -0.025278 -12.396694
v -3.200748 0.054722 -12.396694
v -2.655880 0.054722 -12.726240
v -2.682247 0.054722 -12.711928
v -2.682247 -0.025278 -12.711928
v -2.655880 -0.025278 -12.726240
v -2.668095 0.054722 -12.685128
v -2.668095 -0.025278 -12.685128
v -2.641720 0.054722 -12.699414
v -2.641720 -0.025278 -12.699414
v -2.549235 -0.029999 -12.847744
v -2.549235 0.030001 -12.847744
v -3.374484 0.030001 -12.397672
v -3.374484 -0.029999 -12.397672
v -2.481838 -0.029999 -12.722416
v -2.481838 0.030001 -12.722416
v -3.309292 -0.029999 -12.276412
v -3.309292 0.030001 -12.276412
v -2.811665 0.071585 -13.056372
v -2.841465 0.085804 -13.039703
v -2.841465 0.071585 -13.039703
v -2.833058 0.071585 -13.044405
v -2.803265 0.071585 -13.061074
v -2.803265 0.085804 -13.061074
v -2.848545 0.025804 -13.035743
v -2.796177 0.025804 -13.065034
v -2.796177 0.041290 -13.065034
v -2.811665 0.041290 -13.056372
v -2.833058 0.041290 -13.044405
v -2.848545 0.041290 -13.035743
v -3.380101 0.071585 -12.738405
v -3.380101 0.085804 -12.738405
v -3.409893 0.071585 -12.721737
v -3.388508 0.071585 -12.733702
v -3.418309 0.085804 -12.717034
v -3.418309 0.071585 -12.717034
v -3.425381 0.041290 -12.713074
v -3.425381 0.025804 -12.713074
v -3.388508 0.041290 -12.733702
v -3.409893 0.041290 -12.721737
v -3.373020 0.025804 -12.742365
v -3.373020 0.041290 -12.742365
v -3.308873 -0.025278 -12.653482
v -3.308873 0.054722 -12.653482
v -3.335110 0.054722 -12.638937
v -3.335110 -0.025278 -12.638937
v -3.294377 -0.025278 -12.627561
v -3.294377 0.054722 -12.627561
v -3.320629 -0.025278 -12.613044
v -3.320629 0.054722 -12.613044
v -2.779087 0.054722 -12.947148
v -2.805325 0.054722 -12.932603
v -2.805325 -0.025278 -12.932603
v -2.779087 -0.025278 -12.947148
v -2.790539 0.054722 -12.906151
v -2.790539 -0.025278 -12.906151
v -2.764279 0.054722 -12.920667
v -2.764279 -0.025278 -12.920667
v -2.673306 -0.029999 -13.069705
v -2.673306 0.030001 -13.069706
v -3.494572 0.030001 -12.612396
v -3.494572 -0.029999 -12.612396
v -2.603871 -0.029999 -12.945484
v -2.603871 0.030001 -12.945484
v -3.427364 -0.029999 -12.492221
v -3.427364 0.030001 -12.492221
v -2.935230 0.071585 -13.277330
v -2.964886 0.085804 -13.260400
v -2.964886 0.071585 -13.260400
v -2.956516 0.071585 -13.265177
v -2.926861 0.071585 -13.282107
v -2.926861 0.085804 -13.282107
v -2.971928 0.025804 -13.256377
v -2.919818 0.025804 -13.286129
v -2.919818 0.041290 -13.286127
v -2.935230 0.041290 -13.277330
v -2.956516 0.041290 -13.265177
v -2.971928 0.041290 -13.256377
v -3.500850 0.071585 -12.954379
v -3.500850 0.085804 -12.954379
v -3.530499 0.071585 -12.937450
v -3.509213 0.071585 -12.949602
v -3.538861 0.085804 -12.932673
v -3.538861 0.071585 -12.932673
v -3.545910 0.041290 -12.928651
v -3.545910 0.025804 -12.928651
v -3.509213 0.041290 -12.949602
v -3.530499 0.041290 -12.937450
v -3.493800 0.025804 -12.958401
v -3.493800 0.041290 -12.958401
v -3.429721 -0.025278 -12.869614
v -3.429721 0.054722 -12.869615
v -3.455830 0.054722 -12.854840
v -3.455830 -0.025278 -12.854840
v -3.415226 -0.025278 -12.843688
v -3.415226 0.054722 -12.843688
v -3.441349 -0.025278 -12.828941
v -3.441349 0.054722 -12.828942
v -2.902538 0.054722 -13.167925
v -2.928646 0.054722 -13.153152
v -2.928646 -0.025278 -13.153151
v -2.902538 -0.025278 -13.167925
v -2.913852 0.054722 -13.126697
v -2.913852 -0.025278 -13.126697
v -2.887722 0.054722 -13.141443
v -2.887722 -0.025278 -13.141443
v -2.797420 -0.029999 -13.291641
v -2.797420 0.030001 -13.291641
v -3.614628 0.030001 -12.827130
v -3.614628 -0.029999 -12.827130
v -2.727955 -0.029999 -13.167431
v -2.727955 0.030001 -13.167431
v -3.547436 -0.029999 -12.706947
v -3.547436 0.030001 -12.706947
v -3.062199 0.071585 -13.496330
v -3.091702 0.085804 -13.479140
v -3.091702 0.071585 -13.479140
v -3.083371 0.071585 -13.483991
v -3.053875 0.071585 -13.501180
v -3.053875 0.085804 -13.501180
v -3.098705 0.025804 -13.475057
v -3.046864 0.025804 -13.505264
v -3.046864 0.041290 -13.505264
v -3.062199 0.041290 -13.496330
v -3.083371 0.041290 -13.483991
v -3.098705 0.041290 -13.475057
v -3.624951 0.071585 -13.168424
v -3.624951 0.085804 -13.168424
v -3.654454 0.071585 -13.151235
v -3.633282 0.071585 -13.163574
v -3.662777 0.085804 -13.146383
v -3.662777 0.071585 -13.146383
v -3.669789 0.041290 -13.142301
v -3.669789 0.025804 -13.142300
v -3.633282 0.041290 -13.163574
v -3.654454 0.041290 -13.151235
v -3.617946 0.025804 -13.172507
v -3.617946 0.041290 -13.172507
v -3.551617 -0.025278 -13.085136
v -3.551617 0.054722 -13.085136
v -3.577603 0.054722 -13.070132
v -3.577603 -0.025278 -13.070132
v -3.536496 -0.025278 -13.059570
v -3.536496 0.054722 -13.059570
v -3.562496 -0.025278 -13.044593
v -3.562496 0.054722 -13.044593
v -3.027081 0.054722 -13.388068
v -3.053059 0.054722 -13.373065
v -3.053059 -0.025278 -13.373065
v -3.027081 -0.025278 -13.388068
v -3.037632 0.054722 -13.346973
v -3.037632 -0.025278 -13.346973
v -3.011639 0.054722 -13.361949
v -3.011639 -0.025278 -13.361949
v -2.923779 -0.029999 -13.512276
v -2.923779 0.030001 -13.512276
v -3.736874 0.030001 -13.040604
v -3.736874 -0.029999 -13.040604
v -2.852078 -0.029999 -13.389360
v -2.852078 0.030001 -13.389360
v -3.667477 -0.029999 -12.921690
v -3.667477 0.030001 -12.921690
v -3.191044 0.071585 -13.714242
v -3.220394 0.085804 -13.696795
v -3.220394 0.071585 -13.696795
v -3.212117 0.071585 -13.701718
v -3.182765 0.071585 -13.719165
v -3.182765 0.085804 -13.719165
v -3.227368 0.025804 -13.692649
v -3.175793 0.025804 -13.723310
v -3.175793 0.041290 -13.723310
v -3.191044 0.041290 -13.714242
v -3.212117 0.041290 -13.701718
v -3.227368 0.041290 -13.692649
v -3.750904 0.071585 -13.381408
v -3.750904 0.085804 -13.381408
v -3.780255 0.071585 -13.363960
v -3.759181 0.071585 -13.376485
v -3.788533 0.085804 -13.359038
v -3.788533 0.071585 -13.359038
v -3.795505 0.041290 -13.354892
v -3.795505 0.025804 -13.354892
v -3.759181 0.041290 -13.376485
v -3.780255 0.041290 -13.363960
v -3.743931 0.025804 -13.385553
v -3.743931 0.041290 -13.385553
v -3.677669 -0.025278 -13.298273
v -3.677669 0.054722 -13.298273
v -3.703518 0.054722 -13.283043
v -3.703518 -0.025278 -13.283043
v -3.662556 -0.025278 -13.272711
v -3.662556 0.054722 -13.272711
v -3.688420 -0.025278 -13.257509
v -3.688420 0.054722 -13.257509
v -3.155804 0.054722 -13.605800
v -3.181652 0.054722 -13.590570
v -3.181652 -0.025278 -13.590570
v -3.155804 -0.025278 -13.605800
v -3.166225 0.054722 -13.564485
v -3.166225 -0.025278 -13.564485
v -3.140370 0.054722 -13.579689
v -3.140362 -0.025278 -13.579689
v -3.053189 -0.029999 -13.731158
v -3.053196 0.030001 -13.731158
v -3.862118 0.030001 -13.252365
v -3.862118 -0.029999 -13.252363
v -2.980762 -0.029999 -13.608657
v -2.980762 0.030001 -13.608657
v -3.792026 -0.029999 -13.133845
v -3.792026 0.030001 -13.133845
v -3.319920 0.071585 -13.932143
v -3.349109 0.085804 -13.914439
v -3.349109 0.071585 -13.914439
v -3.340877 0.071585 -13.919434
v -3.311679 0.071585 -13.937140
v -3.311679 0.085804 -13.937140
v -3.356044 0.025804 -13.910234
v -3.304744 0.025804 -13.941345
v -3.304744 0.041290 -13.941345
v -3.319920 0.041290 -13.932143
v -3.340877 0.041290 -13.919434
v -3.356044 0.041290 -13.910234
v -3.876828 0.071585 -13.594406
v -3.876828 0.085804 -13.594406
v -3.906025 0.071585 -13.576700
v -3.885067 0.071585 -13.589411
v -3.914257 0.085804 -13.571705
v -3.914257 0.071585 -13.571705
v -3.921200 0.041290 -13.567500
v -3.921200 0.025804 -13.567500
v -3.885067 0.041290 -13.589411
v -3.906025 0.041290 -13.576700
v -3.869892 0.025804 -13.598613
v -3.869892 0.041290 -13.598613
v -3.803700 -0.025278 -13.511420
v -3.803700 0.054722 -13.511420
v -3.829411 0.054722 -13.495963
v -3.829411 -0.025278 -13.495963
v -3.788585 -0.025278 -13.485857
v -3.788585 0.054722 -13.485857
v -3.814312 -0.025278 -13.470428
v -3.814312 0.054722 -13.470428
v -3.284558 0.054722 -13.823518
v -3.310269 0.054722 -13.808060
v -3.310269 -0.025278 -13.808060
v -3.284558 -0.025278 -13.823518
v -3.294841 0.054722 -13.781977
v -3.294841 -0.025278 -13.781977
v -3.269116 0.054722 -13.797408
v -3.269116 -0.025278 -13.797408
v -3.182628 -0.029999 -13.950019
v -3.182628 0.030001 -13.950019
v -3.987316 0.030001 -13.464141
v -3.987316 -0.029999 -13.464141
v -3.110187 -0.029999 -13.827538
v -3.110187 0.030001 -13.827538
v -3.917256 -0.029999 -13.345618
v -3.917256 0.030001 -13.345618
v -3.453426 0.071585 -14.147230
v -3.482464 0.085804 -14.129270
v -3.482464 0.071585 -14.129270
v -3.474270 0.071585 -14.134339
v -3.445232 0.071585 -14.152299
v -3.445232 0.085804 -14.152299
v -3.489361 0.025804 -14.125004
v -3.438335 0.025804 -14.156565
v -3.438335 0.041290 -14.156565
v -3.453426 0.041290 -14.147230
v -3.474270 0.041290 -14.134339
v -3.489361 0.041290 -14.125004
v -4.007351 0.071585 -13.804621
v -4.007351 0.085804 -13.804621
v -4.036396 0.071585 -13.786660
v -4.015553 0.071585 -13.799554
v -4.044589 0.085804 -13.781593
v -4.044589 0.071585 -13.781593
v -4.051487 0.041290 -13.777326
v -4.051487 0.025804 -13.777326
v -4.015553 0.041290 -13.799554
v -4.036396 0.041290 -13.786660
v -4.000453 0.025804 -13.808889
v -4.000453 0.041290 -13.808889
v -3.932057 -0.025278 -13.723157
v -3.932057 0.054722 -13.723157
v -3.957631 0.054722 -13.707474
v -3.957631 -0.025278 -13.707474
v -3.916324 -0.025278 -13.697968
v -3.916324 0.054722 -13.697968
v -3.941922 -0.025278 -13.682312
v -3.941922 0.054722 -13.682312
v -3.415675 0.054722 -14.039797
v -3.441250 0.054722 -14.024117
v -3.441250 -0.025278 -14.024115
v -3.415675 -0.025278 -14.039797
v -3.425197 0.054722 -13.998411
v -3.425197 -0.025278 -13.998411
v -3.399609 0.054722 -14.014065
v -3.399609 -0.025278 -14.014065
v -3.315578 -0.029999 -14.166748
v -3.315578 0.030001 -14.166748
v -4.115978 0.030001 -13.673829
v -4.115978 -0.029999 -13.673829
v -3.240231 -0.029999 -14.046030
v -3.240231 0.030001 -14.046032
v -4.043042 -0.029999 -13.557046
v -4.043042 0.030001 -13.557046
v -3.587498 0.071585 -14.361969
v -3.616375 0.085804 -14.343755
v -3.616375 0.071585 -14.343755
v -3.608227 0.071585 -14.348893
v -3.579350 0.071585 -14.367109
v -3.579350 0.085804 -14.367109
v -3.623242 0.025804 -14.339428
v -3.572491 0.025804 -14.371435
v -3.572491 0.041290 -14.371435
v -3.587498 0.041290 -14.361969
v -3.608227 0.041290 -14.348893
v -3.623242 0.041290 -14.339428
v -4.138401 0.071585 -14.014515
v -4.138401 0.085804 -14.014515
v -4.167279 0.071585 -13.996300
v -4.146549 0.071585 -14.009375
v -4.175427 0.085804 -13.991161
v -4.175427 0.071585 -13.991161
v -4.182292 0.041290 -13.986834
v -4.182292 0.025804 -13.986834
v -4.146549 0.041290 -14.009375
v -4.167279 0.041290 -13.996300
v -4.131543 0.025804 -14.018842
v -4.131543 0.041290 -14.018842
v -4.063206 -0.025278 -13.933198
v -4.063206 0.054722 -13.933198
v -4.088642 0.054722 -13.917293
v -4.088642 -0.025278 -13.917293
v -4.047481 -0.025278 -13.908008
v -4.047481 0.054722 -13.908008
v -4.072934 -0.025278 -13.892130
v -4.072934 0.054722 -13.892130
v -3.549618 0.054722 -14.254358
v -3.575055 0.054722 -14.238450
v -3.575055 -0.025278 -14.238450
v -3.549618 -0.025278 -14.254358
v -3.559010 0.054722 -14.212747
v -3.559010 -0.025278 -14.212747
v -3.533558 0.054722 -14.228626
v -3.533558 -0.025278 -14.228626
v -3.450238 -0.029999 -14.382437
v -3.450238 0.030001 -14.382437
v -4.246281 0.030001 -13.882517
v -4.246281 -0.029999 -13.882517
v -3.374874 -0.029999 -14.261728
v -3.374874 0.030001 -14.261728
v -4.173358 -0.029999 -13.765722
v -4.173358 0.030001 -13.765722
v -3.722339 0.071585 -14.576215
v -3.751057 0.085804 -14.557748
v -3.751057 0.071585 -14.557748
v -3.742955 0.071585 -14.562958
v -3.714238 0.071585 -14.581425
v -3.714238 0.085804 -14.581425
v -3.757885 0.025804 -14.553360
v -3.707409 0.025804 -14.585811
v -3.707409 0.041290 -14.585811
v -3.722339 0.041290 -14.576215
v -3.742955 0.041290 -14.562958
v -3.757885 0.041290 -14.553360
v -4.270175 0.071585 -14.223942
v -4.270175 0.085804 -14.223942
v -4.298893 0.071585 -14.205475
v -4.278278 0.071585 -14.218731
v -4.306996 0.085804 -14.200265
v -4.306996 0.071585 -14.200265
v -4.313816 0.041290 -14.195877
v -4.313816 0.025804 -14.195877
v -4.278278 0.041290 -14.218731
v -4.298893 0.041290 -14.205475
v -4.263348 0.025804 -14.228330
v -4.263356 0.041290 -14.228330
v -4.194339 -0.025278 -14.143252
v -4.194339 0.054722 -14.143252
v -4.219632 0.054722 -14.127122
v -4.219632 -0.025278 -14.127122
v -4.178616 -0.025278 -14.118059
v -4.178616 0.054722 -14.118059
v -4.203930 -0.025278 -14.101957
v -4.203930 0.054722 -14.101957
v -3.683590 0.054722 -14.468901
v -3.708889 0.054722 -14.452772
v -3.708881 -0.025278 -14.452772
v -3.683590 -0.025278 -14.468901
v -3.692837 0.054722 -14.427071
v -3.692829 -0.025278 -14.427071
v -3.667523 0.054722 -14.443172
v -3.667523 -0.025278 -14.443172
v -3.584926 -0.029999 -14.598111
v -3.584926 0.030001 -14.598111
v -4.376552 0.030001 -14.091228
v -4.376552 -0.029999 -14.091228
v -3.509549 -0.029999 -14.477410
v -3.509549 0.030001 -14.477410
v -4.303646 -0.029999 -13.974418
v -4.303646 0.030001 -13.974418
v -3.861522 0.071585 -14.787669
v -3.890080 0.085804 -14.768951
v -3.890080 0.071585 -14.768951
v -3.882023 0.071585 -14.774232
v -3.853465 0.071585 -14.792951
v -3.853465 0.085804 -14.792951
v -3.896861 0.025804 -14.764506
v -3.846684 0.025804 -14.797398
v -3.846684 0.041290 -14.797398
v -3.861522 0.041290 -14.787669
v -3.882023 0.041290 -14.774232
v -3.896861 0.041290 -14.764506
v -4.406254 0.071585 -14.430611
v -4.406254 0.085804 -14.430611
v -4.434811 0.071585 -14.411893
v -4.414311 0.071585 -14.425329
v -4.442868 0.085804 -14.406612
v -4.442868 0.071585 -14.406612
v -4.449650 0.041290 -14.402166
v -4.449650 0.025804 -14.402166
v -4.414311 0.041290 -14.425329
v -4.434811 0.041290 -14.411893
v -4.399471 0.025804 -14.435059
v -4.399471 0.041290 -14.435059
v -4.329045 -0.025278 -14.351026
v -4.329045 0.054722 -14.351026
v -4.354198 0.054722 -14.334675
v -4.354198 -0.025278 -14.334675
v -4.312710 -0.025278 -14.326221
v -4.312710 0.054722 -14.326221
v -4.337879 -0.025278 -14.309898
v -4.337879 0.054722 -14.309898
v -3.821163 0.054722 -14.681138
v -3.846325 0.054722 -14.664789
v -3.846325 -0.025278 -14.664789
v -3.821163 -0.025278 -14.681138
v -3.829662 0.054722 -14.639477
v -3.829662 -0.025278 -14.639477
v -3.804486 0.054722 -14.655800
v -3.804486 -0.025278 -14.655800
v -3.724347 -0.029999 -14.810744
v -3.724347 0.030001 -14.810744
v -4.511502 0.030001 -14.296945
v -4.511502 -0.029999 -14.296945
v -3.646114 -0.029999 -14.691879
v -3.646114 0.030001 -14.691879
v -4.435772 -0.029999 -14.181946
v -4.435772 0.030001 -14.181946
v -4.000729 0.071585 -14.999117
v -4.029126 0.085804 -14.980151
v -4.029126 0.071585 -14.980151
v -4.021115 0.071585 -14.985502
v -3.992717 0.071585 -15.004471
v -3.992717 0.085804 -15.004471
v -4.035870 0.025804 -14.975644
v -3.985974 0.025804 -15.008974
v -3.985974 0.041290 -15.008974
v -4.000729 0.041290 -14.999117
v -4.021115 0.041290 -14.985502
v -4.035870 0.041290 -14.975644
v -4.542308 0.071585 -14.637301
v -4.542308 0.085804 -14.637301
v -4.570705 0.071585 -14.618333
v -4.550320 0.071585 -14.631949
v -4.578709 0.085804 -14.612982
v -4.578709 0.071585 -14.612982
v -4.585460 0.041290 -14.608475
v -4.585452 0.025804 -14.608475
v -4.550320 0.041290 -14.631949
v -4.570705 0.041290 -14.618333
v -4.535565 0.025804 -14.641806
v -4.535565 0.041290 -14.641806
v -4.465206 -0.025278 -14.557853
v -4.465206 0.054722 -14.557855
v -4.490215 0.054722 -14.541285
v -4.490215 -0.025278 -14.541285
v -4.448880 -0.025278 -14.533050
v -4.448880 0.054722 -14.533050
v -4.473904 -0.025278 -14.516507
v -4.473904 0.054722 -14.516507
v -3.960247 0.054722 -14.892405
v -3.985257 0.054722 -14.875836
v -3.985257 -0.025278 -14.875836
v -3.960247 -0.025278 -14.892405
v -3.968586 0.054722 -14.850528
v -3.968586 -0.025278 -14.850526
v -3.943561 0.054722 -14.867069
v -3.943561 -0.025278 -14.867069
v -3.864162 -0.029999 -15.023121
v -3.864162 0.030001 -15.023121
v -4.646786 0.030001 -14.502443
v -4.646786 -0.029999 -14.502443
v -3.785907 -0.029999 -14.904267
v -3.785907 0.030001 -14.904267
v -4.571072 -0.029999 -14.387434
v -4.571072 0.030001 -14.387434
v -4.141964 0.071585 -15.209189
v -4.170192 0.085804 -15.189976
v -4.170192 0.071585 -15.189976
v -4.162228 0.071585 -15.195397
v -4.133998 0.071585 -15.214611
v -4.133998 0.085804 -15.214611
v -4.176891 0.025804 -15.185410
v -4.127301 0.025804 -15.219176
v -4.127301 0.041290 -15.219176
v -4.141964 0.041290 -15.209189
v -4.162228 0.041290 -15.195397
v -4.176891 0.041290 -15.185410
v -4.680354 0.071585 -14.842644
v -4.680354 0.085804 -14.842644
v -4.708577 0.071585 -14.823427
v -4.688320 0.071585 -14.837221
v -4.716541 0.085804 -14.818006
v -4.716541 0.071585 -14.818006
v -4.723248 0.041290 -14.813440
v -4.723248 0.025804 -14.813440
v -4.688320 0.041290 -14.837221
v -4.708577 0.041290 -14.823427
v -4.673648 0.025804 -14.847208
v -4.673648 0.041290 -14.847208
v -4.601352 -0.025278 -14.764695
v -4.601352 0.054722 -14.764695
v -4.626216 0.054722 -14.747909
v -4.626216 -0.025278 -14.747909
v -4.585026 -0.025278 -14.739889
v -4.585026 0.054722 -14.739889
v -4.609905 -0.025278 -14.723128
v -4.609905 0.054722 -14.723128
v -4.099338 0.054722 -15.103659
v -4.124202 0.054722 -15.086870
v -4.124202 -0.025278 -15.086870
v -4.099338 -0.025278 -15.103659
v -4.107539 0.054722 -15.061564
v -4.107539 -0.025278 -15.061562
v -4.082653 0.054722 -15.078324
v -4.082653 -0.025278 -15.078324
v -4.004917 -0.029999 -15.234865
v -4.004917 0.030001 -15.234865
v -4.782947 0.030001 -14.707353
v -4.782947 -0.029999 -14.707353
v -3.925731 -0.029999 -15.116635
v -3.925731 0.030001 -15.116635
v -4.706341 -0.029999 -14.592941
v -4.706341 0.030001 -14.592941
v -4.286189 0.071585 -15.417235
v -4.314242 0.085804 -15.397772
v -4.314242 0.071585 -15.397772
v -4.306331 0.071585 -15.403265
v -4.278270 0.071585 -15.422726
v -4.278277 0.085804 -15.422726
v -4.320911 0.025804 -15.393151
v -4.271610 0.025804 -15.427349
v -4.271610 0.041290 -15.427349
v -4.286189 0.041290 -15.417235
v -4.306331 0.041290 -15.403265
v -4.320911 0.041290 -15.393151
v -4.821346 0.071585 -15.045990
v -4.821346 0.085804 -15.045990
v -4.849407 0.071585 -15.026528
v -4.829265 0.071585 -15.040499
v -4.857318 0.085804 -15.021038
v -4.857318 0.071585 -15.021036
v -4.863987 0.041290 -15.016413
v -4.863980 0.025804 -15.016413
v -4.829265 0.041290 -15.040499
v -4.849407 0.041290 -15.026528
v -4.814686 0.025804 -15.050614
v -4.814686 0.041290 -15.050614
v -4.742282 -0.025278 -14.968316
v -4.742282 0.054722 -14.968316
v -4.766995 0.054722 -14.951311
v -4.766995 -0.025278 -14.951311
v -4.725360 -0.025278 -14.943912
v -4.725360 0.054722 -14.943912
v -4.750088 -0.025278 -14.926933
v -4.750088 0.054722 -14.926933
v -4.243252 0.054722 -15.311659
v -4.267970 0.054722 -15.294655
v -4.267970 -0.025278 -15.294655
v -4.243252 -0.025278 -15.311659
v -4.250706 0.054722 -15.269753
v -4.250706 -0.025278 -15.269753
v -4.225970 0.054722 -15.286732
v -4.225971 -0.025278 -15.286732
v -4.149769 -0.029999 -15.443834
v -4.149769 0.030001 -15.443834
v -4.923153 0.030001 -14.909531
v -4.923153 -0.029999 -14.909531
v -4.068691 -0.029999 -15.326883
v -4.068690 0.030001 -15.326883
v -4.844685 -0.029999 -14.796375
v -4.844685 0.030001 -14.796375
v -4.430439 0.071585 -15.625265
v -4.458317 0.085804 -15.605560
v -4.458317 0.071585 -15.605560
v -4.450450 0.071585 -15.611120
v -4.422573 0.071585 -15.630825
v -4.422573 0.085804 -15.630825
v -4.464946 0.025804 -15.600878
v -4.415942 0.025804 -15.635506
v -4.415942 0.041290 -15.635506
v -4.430439 0.041290 -15.625265
v -4.450450 0.041290 -15.611120
v -4.464946 0.041290 -15.600878
v -4.962321 0.071585 -15.249352
v -4.962321 0.085804 -15.249352
v -4.990208 0.071585 -15.229643
v -4.970195 0.071585 -15.243792
v -4.998073 0.085804 -15.224083
v -4.998074 0.071585 -15.224083
v -5.004696 0.041290 -15.219402
v -5.004696 0.025804 -15.219402
v -4.970195 0.041290 -15.243792
v -4.990208 0.041290 -15.229643
v -4.955699 0.025804 -15.254032
v -4.955699 0.041290 -15.254032
v -4.883374 -0.025278 -15.171820
v -4.883374 0.054722 -15.171820
v -4.907940 0.054722 -15.154598
v -4.907940 -0.025278 -15.154598
v -4.866452 -0.025278 -15.147413
v -4.866452 0.054722 -15.147413
v -4.891033 -0.025278 -15.130219
v -4.891033 0.054722 -15.130219
v -4.387371 0.054722 -15.519518
v -4.411930 0.054722 -15.502297
v -4.411930 -0.025278 -15.502297
v -4.387371 -0.025278 -15.519518
v -4.394665 0.054722 -15.477396
v -4.394665 -0.025278 -15.477396
v -4.370082 0.054722 -15.494591
v -4.370082 -0.025278 -15.494591
v -4.294643 -0.029999 -15.652781
v -4.294643 0.030001 -15.652781
v -5.063320 0.030001 -15.111731
v -5.063320 -0.029999 -15.111731
v -4.213558 -0.029999 -15.535845
v -4.213558 0.030001 -15.535845
v -4.984875 -0.029999 -14.998567
v -4.984875 0.030001 -14.998567
v -4.577937 0.071585 -15.830986
v -4.605647 0.085804 -15.811037
v -4.605647 0.071585 -15.811037
v -4.597828 0.071585 -15.816666
v -4.570118 0.071585 -15.836617
v -4.570118 0.085804 -15.836617
v -4.612232 0.025804 -15.806297
v -4.563534 0.025804 -15.841355
v -4.563534 0.041290 -15.841355
v -4.577937 0.041290 -15.830986
v -4.597828 0.041290 -15.816666
v -4.612232 0.041290 -15.806297
v -5.106517 0.071585 -15.450434
v -5.106517 0.085804 -15.450434
v -5.134227 0.071585 -15.430485
v -5.114338 0.071585 -15.444805
v -5.142048 0.085804 -15.424854
v -5.142048 0.071585 -15.424854
v -5.148632 0.041290 -15.420117
v -5.148632 0.025804 -15.420117
v -5.114338 0.041290 -15.444805
v -5.134227 0.041290 -15.430485
v -5.099933 0.025804 -15.455172
v -5.099933 0.041290 -15.455172
v -5.025524 -0.025278 -15.374569
v -5.025524 0.054722 -15.374569
v -5.049938 0.054722 -15.357136
v -5.049938 -0.025278 -15.357136
v -5.008023 -0.025278 -15.350582
v -5.008021 0.054722 -15.350582
v -5.032452 -0.025278 -15.333172
v -5.032452 0.054722 -15.333172
v -4.532580 0.054722 -15.726595
v -4.556987 0.054722 -15.709160
v -4.556987 -0.025278 -15.709160
v -4.532573 -0.025278 -15.726595
v -4.539142 0.054722 -15.684679
v -4.539142 -0.025278 -15.684679
v -4.514712 0.054722 -15.702088
v -4.514705 -0.025278 -15.702088
v -4.441707 -0.029999 -15.860174
v -4.441707 0.030001 -15.860174
v -5.205623 0.030001 -15.312420
v -5.205623 -0.029999 -15.312420
v -4.358455 -0.029999 -15.744784
v -4.358455 0.030001 -15.744784
v -5.125042 -0.029999 -15.200775
v -5.125042 0.030001 -15.200775
v -4.727116 0.071585 -16.035507
v -4.754650 0.085804 -16.015316
v -4.754650 0.071585 -16.015316
v -4.746882 0.071585 -16.021013
v -4.719341 0.071585 -16.041205
v -4.719341 0.085804 -16.041205
v -4.761188 0.025804 -16.010521
v -4.712803 0.025804 -16.046002
v -4.712803 0.041290 -16.046002
v -4.727116 0.041290 -16.035507
v -4.746875 0.041290 -16.021013
v -4.761188 0.041290 -16.010521
v -5.252345 0.071585 -15.650347
v -5.252345 0.085804 -15.650347
v -5.279879 0.071585 -15.630156
v -5.260112 0.071585 -15.644650
v -5.287647 0.085804 -15.624458
v -5.287647 0.071585 -15.624458
v -5.294186 0.041290 -15.619663
v -5.294186 0.025804 -15.619663
v -5.260112 0.041290 -15.644650
v -5.279879 0.041290 -15.630156
v -5.245800 0.025804 -15.655144
v -5.245807 0.041290 -15.655144
v -5.171458 -0.025278 -15.574623
v -5.171467 0.054722 -15.574623
v -5.195721 0.054722 -15.556975
v -5.195721 -0.025278 -15.556975
v -5.153964 -0.025278 -15.550635
v -5.153964 0.054722 -15.550635
v -5.178249 -0.025278 -15.533014
v -5.178249 0.054722 -15.533014
v -4.681621 0.054722 -15.930943
v -4.705883 0.054722 -15.913298
v -4.705883 -0.025278 -15.913298
v -4.681621 -0.025278 -15.930943
v -4.688029 0.054722 -15.888821
v -4.688029 -0.025278 -15.888821
v -4.663753 0.054722 -15.906445
v -4.663753 -0.025278 -15.906445
v -4.591540 -0.029999 -16.065605
v -4.591540 0.030001 -16.065605
v -5.350634 0.030001 -15.511192
v -5.350634 -0.029999 -15.511192
v -4.507686 -0.029999 -15.950642
v -4.507686 0.030001 -15.950642
v -5.269482 -0.029999 -15.399948
v -5.269482 0.030001 -15.399948
v -4.876316 0.071585 -16.240019
v -4.903666 0.085804 -16.219588
v -4.903666 0.071585 -16.219588
v -4.895954 0.071585 -16.225352
v -4.868595 0.071585 -16.245783
v -4.868595 0.085804 -16.245783
v -4.910168 0.025804 -16.214733
v -4.862095 0.025804 -16.250637
v -4.862095 0.041290 -16.250637
v -4.876316 0.041290 -16.240019
v -4.895954 0.041290 -16.225352
v -4.910168 0.041290 -16.214733
v -5.398159 0.071585 -15.850279
v -5.398159 0.085804 -15.850279
v -5.425517 0.071585 -15.829848
v -5.405880 0.071585 -15.844515
v -5.433231 0.085804 -15.824084
v -5.433231 0.071585 -15.824084
v -5.439731 0.041290 -15.819229
v -5.439731 0.025804 -15.819229
v -5.405880 0.041290 -15.844515
v -5.425517 0.041290 -15.829848
v -5.391659 0.025804 -15.855133
v -5.391659 0.041290 -15.855133
v -5.317393 -0.025278 -15.774695
v -5.317393 0.054722 -15.774695
v -5.341495 0.054722 -15.756836
v -5.341495 -0.025278 -15.756836
v -5.299892 -0.025278 -15.750700
v -5.299892 0.054722 -15.750700
v -5.324015 -0.025278 -15.732866
v -5.324015 0.054722 -15.732866
v -4.830685 0.054722 -16.135287
v -4.854786 0.054722 -16.117426
v -4.854786 -0.025278 -16.117426
v -4.830685 -0.025278 -16.135287
v -4.836925 0.054722 -16.092947
v -4.836925 -0.025278 -16.092947
v -4.812800 0.054722 -16.110781
v -4.812800 -0.025278 -16.110781
v -4.741390 -0.029999 -16.271010
v -4.741390 0.030001 -16.271010
v -5.495609 0.030001 -15.709978
v -5.495609 -0.029999 -15.709978
v -4.657520 -0.029999 -16.156058
v -4.657520 0.030001 -16.156058
v -5.414478 -0.029999 -15.598725
v -5.414478 0.030001 -15.598725
v -5.029948 0.071585 -16.441206
v -5.057125 0.085804 -16.420534
v -5.057125 0.071585 -16.420534
v -5.049456 0.071585 -16.426367
v -5.022282 0.071585 -16.447037
v -5.022282 0.085804 -16.447037
v -5.063579 0.025804 -16.415625
v -5.015818 0.025804 -16.451946
v -5.015818 0.041290 -16.451946
v -5.029948 0.041290 -16.441206
v -5.049456 0.041290 -16.426367
v -5.063579 0.041290 -16.415625
v -5.548366 0.071585 -16.046921
v -5.548366 0.085804 -16.046921
v -5.575541 0.071585 -16.026251
v -5.556033 0.071585 -16.041088
v -5.583209 0.085804 -16.020418
v -5.583209 0.071585 -16.020418
v -5.589664 0.041290 -16.015509
v -5.589664 0.025804 -16.015509
v -5.556033 0.041290 -16.041088
v -5.575541 0.041290 -16.026251
v -5.541912 0.025804 -16.051830
v -5.541912 0.041290 -16.051830
v -5.465603 -0.025278 -15.973049
v -5.465610 0.054722 -15.973049
v -5.489559 0.054722 -15.954981
v -5.489559 -0.025278 -15.954981
v -5.447535 -0.025278 -15.949486
v -5.447535 0.054722 -15.949486
v -5.471500 -0.025278 -15.931441
v -5.471500 0.054722 -15.931441
v -4.982067 0.054722 -16.337883
v -5.006016 0.054722 -16.319813
v -5.006016 -0.025278 -16.319813
v -4.982067 -0.025278 -16.337883
v -4.987575 0.054722 -16.295767
v -4.987575 -0.025278 -16.295767
v -4.963610 0.054722 -16.313811
v -4.963610 -0.025278 -16.313811
v -4.894634 -0.029999 -16.473885
v -4.894634 0.030001 -16.473883
v -5.643924 0.030001 -15.906283
v -5.643924 -0.029999 -15.906283
v -4.808071 -0.029999 -16.360945
v -4.808071 0.030001 -16.360945
v -5.560116 -0.029999 -15.797014
v -5.560116 0.030001 -15.797014
v -5.183987 0.071585 -16.642090
v -5.210979 0.085804 -16.621184
v -5.210979 0.071585 -16.621184
v -5.203365 0.071585 -16.627083
v -5.176365 0.071585 -16.647989
v -5.176365 0.085804 -16.647989
v -5.217388 0.025804 -16.616219
v -5.169948 0.025804 -16.652956
v -5.169948 0.041290 -16.652956
v -5.183987 0.041290 -16.642090
v -5.203365 0.041290 -16.627083
v -5.217388 0.041290 -16.616219
v -5.698939 0.071585 -16.243290
v -5.698939 0.085804 -16.243290
v -5.725932 0.071585 -16.222386
v -5.706554 0.071585 -16.237393
v -5.733547 0.085804 -16.216486
v -5.733547 0.071585 -16.216486
v -5.739955 0.041290 -16.211519
v -5.739955 0.025804 -16.211521
v -5.706554 0.041290 -16.237393
v -5.725932 0.041290 -16.222386
v -5.692524 0.025804 -16.248259
v -5.692524 0.041290 -16.248259
v -5.616299 -0.025278 -16.169563
v -5.616299 0.054722 -16.169563
v -5.640086 0.054722 -16.151285
v -5.640086 -0.025278 -16.151285
v -5.598231 -0.025278 -16.145998
v -5.598231 0.054722 -16.145998
v -5.622035 -0.025278 -16.127745
v -5.622035 0.054722 -16.127745
v -5.135967 0.054722 -16.538607
v -5.159756 0.054722 -16.520331
v -5.159756 -0.025278 -16.520331
v -5.135967 -0.025278 -16.538607
v -5.141315 0.054722 -16.496285
v -5.141315 -0.025278 -16.496285
v -5.117503 0.054722 -16.514538
v -5.117503 -0.025278 -16.514538
v -5.049342 -0.029999 -16.675656
v -5.049342 0.030001 -16.675656
v -5.793635 0.030001 -16.101528
v -5.793635 -0.029999 -16.101528
v -4.962749 -0.029999 -16.562731
v -4.962757 0.030001 -16.562731
v -5.709849 -0.029999 -15.992251
v -5.709849 0.030001 -15.992251
v -5.338894 0.071585 -16.842285
v -5.365703 0.085804 -16.821146
v -5.365703 0.071585 -16.821146
v -5.358143 0.071585 -16.827110
v -5.331333 0.071585 -16.848252
v -5.331333 0.085804 -16.848250
v -5.372073 0.025804 -16.816122
v -5.324961 0.025804 -16.853274
v -5.324961 0.041290 -16.853274
v -5.338894 0.041290 -16.842285
v -5.358143 0.041290 -16.827110
v -5.372073 0.041290 -16.816122
v -5.850345 0.071585 -16.439003
v -5.850345 0.085804 -16.439003
v -5.877155 0.071585 -16.417862
v -5.857906 0.071585 -16.433037
v -5.884723 0.085804 -16.411898
v -5.884723 0.071585 -16.411898
v -5.891094 0.041290 -16.406876
v -5.891094 0.025804 -16.406876
v -5.857906 0.041290 -16.433037
v -5.877155 0.041290 -16.417862
v -5.843974 0.025804 -16.444025
v -5.843974 0.041290 -16.444025
v -5.766964 -0.025278 -16.366085
v -5.766964 0.054722 -16.366087
v -5.790599 0.054722 -16.347601
v -5.790599 -0.025278 -16.347601
v -5.748896 -0.025278 -16.342518
v -5.748896 0.054722 -16.342518
v -5.772549 -0.025278 -16.324059
v -5.772549 0.054722 -16.324057
v -5.289883 0.054722 -16.739313
v -5.313503 0.054722 -16.720829
v -5.313503 -0.025278 -16.720829
v -5.289883 -0.025278 -16.739313
v -5.295071 0.054722 -16.696785
v -5.295071 -0.025278 -16.696785
v -5.271419 0.054722 -16.715244
v -5.271419 -0.025278 -16.715244
v -5.204082 -0.029999 -16.877407
v -5.204082 0.030001 -16.877407
v -5.943333 0.030001 -16.296799
v -5.943333 -0.029999 -16.296799
v -5.117472 -0.029999 -16.764500
v -5.117472 0.030001 -16.764500
v -5.859561 -0.029999 -16.187514
v -5.859561 0.030001 -16.187514
v -5.497676 0.071585 -17.039448
v -5.524303 0.085804 -17.018072
v -5.524303 0.071585 -17.018072
v -5.516788 0.071585 -17.024103
v -5.490162 0.071585 -17.045479
v -5.490162 0.085804 -17.045479
v -5.530628 0.025804 -17.012995
v -5.483836 0.025804 -17.050556
v -5.483836 0.041290 -17.050556
v -5.497676 0.041290 -17.039448
v -5.516788 0.041290 -17.024103
v -5.530628 0.041290 -17.012995
v -6.005580 0.071585 -16.631714
v -6.005580 0.085804 -16.631714
v -6.032207 0.071585 -16.610340
v -6.013096 0.071585 -16.625685
v -6.039721 0.085804 -16.604309
v -6.039721 0.071585 -16.604309
v -6.046047 0.041290 -16.599232
v -6.046047 0.025804 -16.599232
v -6.013096 0.041290 -16.625685
v -6.032207 0.041290 -16.610340
v -5.999263 0.025804 -16.636791
v -5.999263 0.041290 -16.636791
v -5.921115 -0.025278 -16.559879
v -5.921115 0.054722 -16.559879
v -5.944584 0.054722 -16.541189
v -5.944576 -0.025278 -16.541187
v -5.902484 -0.025278 -16.536751
v -5.902484 0.054722 -16.536751
v -5.925968 -0.025278 -16.518086
v -5.925975 0.054722 -16.518086
v -5.447299 0.054722 -16.937258
v -5.470768 0.054722 -16.918568
v -5.470768 -0.025278 -16.918568
v -5.447299 -0.025278 -16.937258
v -5.451763 0.054722 -16.894966
v -5.451763 -0.025278 -16.894966
v -5.428280 0.054722 -16.913634
v -5.428280 -0.025278 -16.913634
v -5.363360 -0.029999 -17.075575
v -5.363360 0.030001 -17.075575
v -6.097514 0.030001 -16.488533
v -6.097514 -0.029999 -16.488533
v -5.274120 -0.029999 -16.964749
v -5.274120 0.030001 -16.964749
v -6.011134 -0.029999 -16.381302
v -6.011134 0.030001 -16.381302
v -5.656474 0.071585 -17.236582
v -5.682911 0.085804 -17.214976
v -5.682911 0.071585 -17.214976
v -5.675448 0.071585 -17.221073
v -5.649013 0.071585 -17.242680
v -5.649013 0.085804 -17.242680
v -5.689190 0.025804 -17.209845
v -5.642734 0.025804 -17.247812
v -5.642734 0.041290 -17.247812
v -5.656474 0.041290 -17.236582
v -5.675448 0.041290 -17.221073
v -5.689190 0.041290 -17.209845
v -6.160800 0.071585 -16.824431
v -6.160800 0.085804 -16.824431
v -6.187244 0.071585 -16.802822
v -6.168261 0.071585 -16.818335
v -6.194698 0.085804 -16.796726
v -6.194698 0.071585 -16.796726
v -6.200984 0.041290 -16.791594
v -6.200984 0.025804 -16.791594
v -6.168261 0.041290 -16.818335
v -6.187244 0.041290 -16.802822
v -6.154522 0.025804 -16.829565
v -6.154522 0.041290 -16.829565
v -6.076449 -0.025278 -16.752731
v -6.076458 0.054722 -16.752731
v -6.099757 0.054722 -16.733837
v -6.099757 -0.025278 -16.733837
v -6.057827 -0.025278 -16.729607
v -6.057827 0.054722 -16.729609
v -6.081150 -0.025278 -16.710737
v -6.081150 0.054722 -16.710737
v -5.605952 0.054722 -17.134234
v -5.629252 0.054722 -17.115339
v -5.629252 -0.025278 -17.115339
v -5.605952 -0.025278 -17.134234
v -5.610247 0.054722 -17.091747
v -5.610247 -0.025278 -17.091747
v -5.586925 0.054722 -17.110619
v -5.586925 -0.025278 -17.110617
v -5.522854 -0.029999 -17.273588
v -5.522854 0.030001 -17.273588
v -6.251857 0.030001 -16.680157
v -6.251857 -0.029999 -16.680157
v -5.433590 -0.029999 -17.162771
v -5.433590 0.030001 -17.162771
v -6.165484 -0.029999 -16.572910
v -6.165484 0.030001 -16.572910
v -5.817348 0.071585 -17.432017
v -5.843592 0.085804 -17.410181
v -5.843592 0.071585 -17.410181
v -5.836193 0.071585 -17.416342
v -5.809940 0.071585 -17.438177
v -5.809940 0.085804 -17.438177
v -5.849826 0.025804 -17.404993
v -5.803706 0.025804 -17.443365
v -5.803706 0.041290 -17.443365
v -5.817348 0.041290 -17.432017
v -5.836184 0.041290 -17.416342
v -5.849826 0.041290 -17.404993
v -6.318058 0.071585 -17.015476
v -6.318058 0.085804 -17.015476
v -6.344310 0.071585 -16.993639
v -6.325465 0.071585 -17.009316
v -6.351711 0.085804 -16.987478
v -6.351711 0.071585 -16.987478
v -6.357952 0.041290 -16.982292
v -6.357952 0.025804 -16.982292
v -6.325465 0.041290 -17.009316
v -6.344310 0.041290 -16.993639
v -6.311825 0.025804 -17.020662
v -6.311825 0.041290 -17.020662
v -6.231808 -0.025278 -16.945580
v -6.231808 0.054722 -16.945580
v -6.254939 0.054722 -16.926481
v -6.254939 -0.025278 -16.926481
v -6.213146 -0.025278 -16.922472
v -6.213146 0.054722 -16.922472
v -6.236308 -0.025278 -16.903399
v -6.236308 0.054722 -16.903401
v -5.764652 0.054722 -17.331177
v -5.787791 0.054722 -17.312079
v -5.787791 -0.025278 -17.312079
v -5.764652 -0.025278 -17.331177
v -5.768749 0.054722 -17.288508
v -5.768749 -0.025278 -17.288508
v -5.745594 0.054722 -17.307581
v -5.745594 -0.025278 -17.307581
v -5.683414 -0.029999 -17.470713
v -5.683414 0.030001 -17.470713
v -6.407207 0.030001 -16.870941
v -6.407207 -0.029999 -16.870941
v -5.593097 -0.029999 -17.360773
v -5.593097 0.030001 -17.360773
v -6.319805 -0.029999 -16.764546
v -6.319813 0.030001 -16.764546
v -5.980785 0.071586 -17.625317
v -6.006846 0.085805 -17.603253
v -6.006846 0.071586 -17.603253
v -5.999492 0.071586 -17.609478
v -5.973438 0.071586 -17.631542
v -5.973438 0.085805 -17.631542
v -6.013034 0.025805 -17.598011
v -5.967243 0.025805 -17.636784
v -5.967243 0.041291 -17.636784
v -5.980785 0.041291 -17.625317
v -5.999492 0.041291 -17.609478
v -6.013034 0.041291 -17.598011
v -6.477848 0.071585 -17.204424
v -6.477848 0.085805 -17.204424
v -6.503902 0.071585 -17.182358
v -6.485195 0.071586 -17.198198
v -6.511257 0.085804 -17.176132
v -6.511257 0.071586 -17.176132
v -6.517443 0.041290 -17.170893
v -6.517443 0.025805 -17.170893
v -6.485195 0.041291 -17.198198
v -6.503902 0.041291 -17.182358
v -6.471660 0.025805 -17.209664
v -6.471660 0.041290 -17.209664
v -6.391719 -0.025278 -17.134661
v -6.391719 0.054722 -17.134661
v -6.414683 0.054722 -17.115364
v -6.414683 -0.025278 -17.115364
v -6.372539 -0.025278 -17.111984
v -6.372539 0.054722 -17.111984
v -6.395526 -0.025278 -17.092711
v -6.395533 0.054722 -17.092711
v -5.927951 0.054723 -17.524321
v -5.950924 0.054723 -17.505022
v -5.950924 -0.025278 -17.505022
v -5.927951 -0.025278 -17.524321
v -5.931354 0.054722 -17.481884
v -5.931354 -0.025278 -17.481884
v -5.908367 0.054722 -17.501158
v -5.908367 -0.025278 -17.501158
v -5.847568 -0.029999 -17.664875
v -5.847568 0.030002 -17.664875
v -6.566097 0.030001 -17.058809
v -6.566097 -0.029999 -17.058809
v -5.755688 -0.029999 -17.556210
v -5.755694 0.030001 -17.556210
v -6.477176 -0.029999 -16.953661
v -6.477176 0.030001 -16.953661
v -6.144253 0.071586 -17.818604
v -6.170115 0.085805 -17.796313
v -6.170115 0.071586 -17.796311
v -6.162814 0.071586 -17.802601
v -6.136951 0.071586 -17.824892
v -6.136951 0.085805 -17.824892
v -6.176258 0.025805 -17.791016
v -6.130809 0.025805 -17.830187
v -6.130809 0.041291 -17.830187
v -6.144253 0.041291 -17.818602
v -6.162814 0.041291 -17.802601
v -6.176258 0.041291 -17.791016
v -6.637614 0.071586 -17.393387
v -6.637614 0.085805 -17.393387
v -6.663479 0.071586 -17.371096
v -6.644915 0.071586 -17.387098
v -6.670780 0.085805 -17.364807
v -6.670780 0.071586 -17.364807
v -6.676921 0.041291 -17.359513
v -6.676921 0.025805 -17.359513
v -6.644915 0.041291 -17.387098
v -6.663479 0.041291 -17.371096
v -6.631473 0.025805 -17.398682
v -6.631473 0.041291 -17.398684
v -6.551616 -0.025277 -17.323761
v -6.551616 0.054723 -17.323761
v -6.574413 0.054723 -17.304262
v -6.574413 -0.025277 -17.304262
v -6.532436 -0.025277 -17.301077
v -6.532436 0.054723 -17.301077
v -6.555256 -0.025277 -17.281603
v -6.555256 0.054723 -17.281603
v -6.091266 0.054723 -17.717453
v -6.114063 0.054723 -17.697954
v -6.114063 -0.025277 -17.697954
v -6.091266 -0.025277 -17.717453
v -6.094494 0.054723 -17.674812
v -6.094494 -0.025277 -17.674812
v -6.071674 0.054723 -17.694287
v -6.071674 -0.025277 -17.694287
v -6.011744 -0.029998 -17.859009
v -6.011744 0.030002 -17.859009
v -6.724964 0.030002 -17.246699
v -6.724964 -0.029998 -17.246699
v -5.919856 -0.029998 -17.750361
v -5.919856 0.030002 -17.750361
v -6.636051 -0.029999 -17.141539
v -6.636051 0.030002 -17.141539
v -6.310939 0.071586 -18.009094
v -6.336604 0.085805 -17.986578
v -6.336604 0.071586 -17.986578
v -6.329365 0.071586 -17.992932
v -6.303692 0.071586 -18.015446
v -6.303692 0.085805 -18.015446
v -6.342701 0.025805 -17.981230
v -6.297595 0.025805 -18.020796
v -6.297595 0.041291 -18.020796
v -6.310939 0.041291 -18.009094
v -6.329357 0.041291 -17.992932
v -6.342701 0.041291 -17.981230
v -6.800579 0.071586 -17.579592
v -6.800579 0.085805 -17.579592
v -6.826244 0.071586 -17.557078
v -6.807818 0.071586 -17.573240
v -6.833484 0.085805 -17.550724
v -6.833484 0.071586 -17.550724
v -6.839580 0.041291 -17.545376
v -6.839580 0.025805 -17.545376
v -6.807818 0.041291 -17.573240
v -6.826244 0.041291 -17.557078
v -6.794474 0.025805 -17.584942
v -6.794474 0.041291 -17.584942
v -6.712719 -0.025277 -17.511814
v -6.712719 0.054723 -17.511814
v -6.735348 0.054723 -17.492117
v -6.735348 -0.025277 -17.492117
v -6.693003 -0.025277 -17.489601
v -6.693003 0.054723 -17.489601
v -6.715649 -0.025277 -17.469931
v -6.715656 0.054723 -17.469929
v -6.255816 0.054723 -17.909504
v -6.278446 0.054723 -17.889807
v -6.278446 -0.025277 -17.889807
v -6.255816 -0.025277 -17.909504
v -6.258343 0.054723 -17.867142
v -6.258343 -0.025277 -17.867142
v -6.235691 0.054723 -17.886814
v -6.235691 -0.025277 -17.886814
v -6.178165 -0.029998 -18.051205
v -6.178165 0.030002 -18.051205
v -6.886012 0.030002 -17.432692
v -6.886012 -0.029998 -17.432692
v -6.084041 -0.029998 -17.944485
v -6.084041 0.030002 -17.944485
v -6.794903 -0.029998 -17.329437
v -6.794903 0.030002 -17.329437
v -6.478954 0.071586 -18.198441
v -6.504421 0.085805 -18.175701
v -6.504421 0.071586 -18.175701
v -6.497234 0.071586 -18.182118
v -6.471767 0.071586 -18.204857
v -6.471767 0.085805 -18.204855
v -6.510479 0.025805 -18.170300
v -6.465717 0.025805 -18.210257
v -6.465717 0.041291 -18.210257
v -6.478954 0.041291 -18.198441
v -6.497234 0.041291 -18.182118
v -6.510479 0.041291 -18.170300
v -6.964824 0.071586 -17.764685
v -6.964824 0.085805 -17.764685
v -6.990298 0.071586 -17.741945
v -6.972010 0.071586 -17.758269
v -6.997485 0.085805 -17.735529
v -6.997485 0.071586 -17.735529
v -7.003535 0.041291 -17.730128
v -7.003535 0.025805 -17.730128
v -6.972010 0.041291 -17.758269
v -6.990298 0.041291 -17.741945
v -6.958774 0.025805 -17.770086
v -6.958774 0.041291 -17.770086
v -6.877093 -0.025277 -17.697031
v -6.877093 0.054723 -17.697031
v -6.899547 0.054723 -17.677136
v -6.899547 -0.025277 -17.677136
v -6.857380 -0.025277 -17.674818
v -6.857380 0.054723 -17.674818
v -6.879855 -0.025277 -17.654947
v -6.879855 0.054723 -17.654947
v -6.423679 0.054723 -18.098690
v -6.446133 0.054723 -18.078798
v -6.446133 -0.025277 -18.078798
v -6.423679 -0.025277 -18.098690
v -6.426020 0.054723 -18.056133
v -6.426020 -0.025277 -18.056133
v -6.403544 0.054723 -18.076004
v -6.403544 -0.025277 -18.076004
v -6.346904 -0.029998 -18.241381
v -6.346904 0.030002 -18.241381
v -7.049328 0.030002 -17.616720
v -7.049328 -0.029998 -17.616720
v -6.252467 -0.029998 -18.134951
v -6.252467 0.030002 -18.134951
v -6.957928 -0.029998 -17.513725
v -6.957928 0.030002 -17.513725
v -6.646984 0.071586 -18.387766
v -6.672260 0.085805 -18.364805
v -6.672252 0.071586 -18.364805
v -6.665127 0.071586 -18.371285
v -6.639857 0.071586 -18.394245
v -6.639857 0.085805 -18.394245
v -6.678263 0.025805 -18.359352
v -6.633853 0.025805 -18.399698
v -6.633853 0.041291 -18.399698
v -6.646984 0.041291 -18.387766
v -6.665127 0.041291 -18.371285
v -6.678263 0.041291 -18.359352
v -7.129055 0.071586 -17.949787
v -7.129055 0.085805 -17.949787
v -7.154331 0.071586 -17.926829
v -7.136188 0.071586 -17.943310
v -7.161465 0.085805 -17.920351
v -7.161465 0.071586 -17.920351
v -7.167460 0.041291 -17.914896
v -7.167460 0.025805 -17.914896
v -7.136188 0.041291 -17.943310
v -7.154331 0.041291 -17.926829
v -7.123057 0.025805 -17.955242
v -7.123057 0.041291 -17.955242
v -7.041447 -0.025277 -17.882261
v -7.041447 0.054723 -17.882261
v -7.063732 0.054723 -17.862173
v -7.063732 -0.025277 -17.862173
v -7.021739 -0.025277 -17.860050
v -7.021739 0.054723 -17.860050
v -7.044048 -0.025277 -17.839987
v -7.044048 0.054723 -17.839987
v -6.591556 0.054723 -18.287861
v -6.613842 0.054723 -18.267775
v -6.613842 -0.025277 -18.267775
v -6.591556 -0.025277 -18.287861
v -6.593731 0.054723 -18.245115
v -6.593731 -0.025277 -18.245115
v -6.571429 0.054723 -18.265181
v -6.571429 -0.025277 -18.265181
v -6.515682 -0.029998 -18.431540
v -6.515682 0.030002 -18.431540
v -7.212626 0.030002 -17.800778
v -7.212626 -0.029998 -17.800778
v -6.421222 -0.029998 -18.325117
v -6.421222 0.030002 -18.325117
v -7.121242 -0.029998 -17.697764
v -7.121242 0.030002 -17.697764
v -6.819339 0.071586 -18.573155
v -6.844417 0.085805 -18.549977
v -6.844417 0.071586 -18.549977
v -6.837337 0.071586 -18.556515
v -6.812266 0.071586 -18.579695
v -6.812266 0.085805 -18.579695
v -6.850367 0.025805 -18.544470
v -6.806316 0.025805 -18.585201
v -6.806316 0.041291 -18.585201
v -6.819339 0.041291 -18.573155
v -6.837337 0.041291 -18.556515
v -6.850367 0.041291 -18.544470
v -7.297573 0.071586 -18.130991
v -7.297573 0.085805 -18.130991
v -7.322642 0.071586 -18.107813
v -7.304653 0.071586 -18.124451
v -7.329722 0.085805 -18.101271
v -7.329722 0.071586 -18.101271
v -7.335674 0.041291 -18.095764
v -7.335674 0.025805 -18.095764
v -7.304653 0.041291 -18.124451
v -7.322642 0.041291 -18.107811
v -7.291621 0.025805 -18.136498
v -7.291621 0.041291 -18.136498
v -7.208156 -0.025277 -18.065361
v -7.208164 0.054723 -18.065361
v -7.230265 0.054723 -18.045080
v -7.230265 -0.025277 -18.045080
v -7.187922 -0.025277 -18.043627
v -7.187922 0.054723 -18.043627
v -7.210049 -0.025277 -18.023367
v -7.210049 0.054723 -18.023367
v -6.761821 0.054723 -18.474871
v -6.783932 0.054723 -18.454588
v -6.783932 -0.025277 -18.454588
v -6.761821 -0.025277 -18.474871
v -6.763286 0.054723 -18.432409
v -6.763286 -0.025277 -18.432409
v -6.741161 0.054723 -18.452667
v -6.741161 -0.025277 -18.452667
v -6.687809 -0.029998 -18.618639
v -6.687809 0.030002 -18.618639
v -7.379230 0.030002 -17.981821
v -7.379230 -0.029998 -17.981821
v -6.590870 -0.029998 -18.514481
v -6.590870 0.030002 -18.514481
v -7.285388 -0.029998 -17.881045
v -7.285388 0.030002 -17.881045
v -6.991833 0.071586 -18.758438
v -7.016697 0.085805 -18.735043
v -7.016697 0.071586 -18.735043
v -7.009684 0.071586 -18.741644
v -6.984814 0.071586 -18.765040
v -6.984814 0.085805 -18.765040
v -7.022609 0.025805 -18.729485
v -6.978908 0.025805 -18.770598
v -6.978908 0.041291 -18.770598
v -6.991833 0.041291 -18.758438
v -7.009684 0.041291 -18.741644
v -7.022609 0.041291 -18.729485
v -7.466190 0.071586 -18.312121
v -7.466190 0.085805 -18.312121
v -7.491054 0.071586 -18.288725
v -7.473209 0.071586 -18.305519
v -7.498073 0.085805 -18.282124
v -7.498073 0.071586 -18.282124
v -7.503978 0.041291 -18.276564
v -7.503978 0.025805 -18.276564
v -7.473209 0.041291 -18.305519
v -7.491054 0.041291 -18.288725
v -7.460285 0.025805 -18.317679
v -7.460285 0.041291 -18.317679
v -7.376902 -0.025277 -18.246611
v -7.376902 0.054723 -18.246611
v -7.398829 0.054723 -18.226137
v -7.398829 -0.025277 -18.226137
v -7.356669 -0.025277 -18.224873
v -7.356669 0.054723 -18.224873
v -7.378611 -0.025277 -18.204422
v -7.378611 0.054723 -18.204422
v -6.934153 0.054723 -18.659996
v -6.956080 0.054723 -18.639523
v -6.956080 -0.025277 -18.639523
v -6.934153 -0.025277 -18.659996
v -6.935435 0.054723 -18.617344
v -6.935435 -0.025277 -18.617344
v -6.913486 0.054723 -18.637795
v -6.913486 -0.025277 -18.637795
v -6.861041 -0.029998 -18.804733
v -6.861041 0.030002 -18.804733
v -7.546886 0.030002 -18.161911
v -7.546886 -0.029998 -18.161911
v -6.764094 -0.029998 -18.700588
v -6.764094 0.030002 -18.700588
v -7.453060 -0.029998 -18.061121
v -7.453060 0.030002 -18.061121
v -7.165370 0.071585 -18.942703
v -7.190036 0.085804 -18.919092
v -7.190036 0.071585 -18.919092
v -7.183078 0.071585 -18.925755
v -7.158412 0.071585 -18.949366
v -7.158412 0.085804 -18.949366
v -7.195895 0.025804 -18.913481
v -7.152560 0.025804 -18.954975
v -7.152560 0.041290 -18.954975
v -7.165370 0.041290 -18.942703
v -7.183078 0.041290 -18.925755
v -7.195895 0.041290 -18.913481
v -7.635829 0.071586 -18.492266
v -7.635829 0.085805 -18.492266
v -7.660488 0.071586 -18.468655
v -7.642787 0.071586 -18.485604
v -7.667446 0.085805 -18.461992
v -7.667446 0.071586 -18.461992
v -7.673305 0.041291 -18.456383
v -7.673305 0.025805 -18.456383
v -7.642787 0.041291 -18.485604
v -7.660488 0.041291 -18.468655
v -7.629970 0.025805 -18.497875
v -7.629970 0.041291 -18.497875
v -7.545627 -0.025277 -18.427874
v -7.545627 0.054723 -18.427874
v -7.567379 0.054723 -18.407211
v -7.567370 -0.025277 -18.407211
v -7.525393 -0.025277 -18.406136
v -7.525393 0.054723 -18.406136
v -7.547161 -0.025277 -18.385494
v -7.547161 0.054723 -18.385494
v -7.106502 0.054723 -18.845104
v -7.128246 0.054723 -18.824440
v -7.128246 -0.025277 -18.824442
v -7.106502 -0.025277 -18.845104
v -7.107601 0.054723 -18.802265
v -7.107601 -0.025277 -18.802265
v -7.085827 0.054723 -18.822907
v -7.085827 -0.025277 -18.822907
v -7.034404 -0.029999 -18.990719
v -7.034404 0.030001 -18.990719
v -7.714611 0.030002 -18.341940
v -7.714611 -0.029998 -18.341940
v -6.937335 -0.029999 -18.886673
v -6.937335 0.030001 -18.886673
v -7.620700 -0.029998 -18.241221
v -7.620707 0.030002 -18.241221
v -7.342213 0.071585 -19.123829
v -7.366671 0.085804 -19.100002
v -7.366671 0.071585 -19.100002
v -7.359768 0.071585 -19.106726
v -7.335316 0.071585 -19.130552
v -7.335316 0.085804 -19.130552
v -7.372478 0.025804 -19.094343
v -7.329510 0.025804 -19.136213
v -7.329510 0.041290 -19.136213
v -7.342213 0.041290 -19.123829
v -7.359768 0.041290 -19.106726
v -7.372478 0.041290 -19.094343
v -7.808720 0.071586 -18.669308
v -7.808720 0.085805 -18.669308
v -7.833171 0.071586 -18.645479
v -7.815624 0.071586 -18.662584
v -7.840076 0.085805 -18.638758
v -7.840076 0.071586 -18.638758
v -7.845881 0.041291 -18.633099
v -7.845881 0.025805 -18.633099
v -7.815624 0.041291 -18.662584
v -7.833171 0.041291 -18.645481
v -7.802913 0.025805 -18.674969
v -7.802913 0.041291 -18.674969
v -7.717799 -0.025277 -18.605860
v -7.717799 0.054723 -18.605860
v -7.739368 0.054723 -18.585007
v -7.739368 -0.025277 -18.585007
v -7.697048 -0.025277 -18.584612
v -7.697048 0.054723 -18.584612
v -7.718638 -0.025277 -18.563784
v -7.718638 0.054723 -18.563784
v -7.282329 0.054722 -19.026903
v -7.303897 0.054722 -19.006050
v -7.303897 -0.025278 -19.006050
v -7.282329 -0.025278 -19.026903
v -7.282725 0.054722 -18.984371
v -7.282725 -0.025278 -18.984371
v -7.261134 0.054722 -19.005200
v -7.261134 -0.025278 -19.005200
v -7.212009 -0.029999 -19.172648
v -7.212009 0.030001 -19.172648
v -7.886532 0.030002 -18.517964
v -7.886532 -0.029998 -18.517964
v -7.112605 -0.029999 -19.070828
v -7.112605 0.030001 -19.070828
v -7.790317 -0.029998 -18.419443
v -7.790317 0.030002 -18.419443
v -7.519070 0.071585 -19.304939
v -7.543316 0.085804 -19.280901
v -7.543316 0.071585 -19.280899
v -7.536480 0.071585 -19.287682
v -7.512233 0.071585 -19.311724
v -7.512233 0.085804 -19.311724
v -7.549075 0.025804 -19.275191
v -7.506466 0.025804 -19.317434
v -7.506466 0.041290 -19.317434
v -7.519070 0.041290 -19.304939
v -7.536480 0.041290 -19.287682
v -7.549075 0.041290 -19.275191
v -7.981593 0.071586 -18.846369
v -7.981593 0.085805 -18.846369
v -8.005840 0.071586 -18.822329
v -7.988437 0.071586 -18.839586
v -8.012683 0.085805 -18.815546
v -8.012683 0.071586 -18.815546
v -8.018444 0.041291 -18.809834
v -8.018444 0.025805 -18.809834
v -7.988437 0.041291 -18.839585
v -8.005840 0.041291 -18.822329
v -7.975841 0.025804 -18.852078
v -7.975841 0.041291 -18.852078
v -7.890811 -0.025277 -18.783039
v -7.890811 0.054723 -18.783039
v -7.912197 0.054723 -18.761999
v -7.912197 -0.025277 -18.761999
v -7.870059 -0.025277 -18.761793
v -7.870059 0.054723 -18.761793
v -7.891468 -0.025277 -18.740776
v -7.891468 0.054723 -18.740776
v -7.459026 0.054722 -19.207865
v -7.480411 0.054722 -19.186823
v -7.480411 -0.025278 -19.186823
v -7.459026 -0.025278 -19.207865
v -7.459239 0.054722 -19.165148
v -7.459239 -0.025278 -19.165148
v -7.437831 0.054722 -19.186165
v -7.437831 -0.025278 -19.186165
v -7.389636 -0.029999 -19.354553
v -7.389636 0.030001 -19.354553
v -8.058430 0.030002 -18.694014
v -8.058430 -0.029998 -18.694014
v -7.290217 -0.029999 -19.252751
v -7.290217 0.030001 -19.252751
v -7.962231 -0.029998 -18.595484
v -7.962231 0.030002 -18.595484
v -7.698093 0.071585 -19.483895
v -7.722125 0.085804 -19.459644
v -7.722125 0.071585 -19.459643
v -7.715343 0.071585 -19.466486
v -7.691311 0.071585 -19.490736
v -7.691311 0.085804 -19.490736
v -7.727839 0.025804 -19.453882
v -7.685595 0.025804 -19.496498
v -7.685595 0.041290 -19.496498
v -7.698086 0.041290 -19.483895
v -7.715343 0.041290 -19.466486
v -7.727839 0.041290 -19.453882
v -8.156597 0.071585 -19.021307
v -8.156597 0.085804 -19.021307
v -8.180637 0.071585 -18.997057
v -8.163379 0.071585 -19.014466
v -8.187420 0.085804 -18.990214
v -8.187420 0.071585 -18.990214
v -8.193126 0.041290 -18.984453
v -8.193126 0.025804 -18.984453
v -8.163379 0.041290 -19.014466
v -8.180637 0.041290 -18.997057
v -8.150889 0.025804 -19.027067
v -8.150889 0.041290 -19.027067
v -8.064091 -0.025278 -18.959950
v -8.064091 0.054722 -18.959950
v -8.085292 0.054722 -18.938725
v -8.085292 -0.025278 -18.938725
v -8.043055 -0.025278 -18.938990
v -8.043055 0.054722 -18.938990
v -8.064281 -0.025278 -18.917788
v -8.064281 0.054722 -18.917788
v -7.636027 0.054722 -19.388523
v -7.657223 0.054722 -19.367296
v -7.657223 -0.025278 -19.367296
v -7.636027 -0.025278 -19.388523
v -7.635769 0.054722 -19.345911
v -7.635769 -0.025278 -19.345911
v -7.614550 0.054722 -19.367115
v -7.614550 -0.025278 -19.367115
v -7.568499 -0.029999 -19.535219
v -7.568499 0.030001 -19.535219
v -8.231509 0.030002 -18.868874
v -8.231509 -0.029998 -18.868874
v -7.467861 -0.029999 -19.434647
v -7.467861 0.030001 -19.434647
v -8.134113 -0.029998 -18.771544
v -8.134113 0.030002 -18.771544
v -7.879200 0.071585 -19.660752
v -7.903026 0.085804 -19.636292
v -7.903026 0.071585 -19.636292
v -7.896297 0.071585 -19.643192
v -7.872478 0.071585 -19.667652
v -7.872478 0.085804 -19.667652
v -7.908679 0.025804 -19.630482
v -7.866816 0.025804 -19.673462
v -7.866816 0.041290 -19.673462
v -7.879200 0.041290 -19.660752
v -7.896297 0.041290 -19.643192
v -7.908679 0.041290 -19.630482
v -8.333659 0.071585 -19.194184
v -8.333659 0.085804 -19.194184
v -8.357479 0.071585 -19.169724
v -8.340381 0.071585 -19.187283
v -8.364199 0.085804 -19.162825
v -8.364199 0.071585 -19.162825
v -8.369860 0.041290 -19.157013
v -8.369860 0.025804 -19.157013
v -8.340381 0.041290 -19.187283
v -8.357479 0.041290 -19.169724
v -8.327998 0.025804 -19.199993
v -8.327998 0.041290 -19.199993
v -8.241283 -0.025278 -19.132946
v -8.241283 0.054722 -19.132946
v -8.262294 0.054722 -19.111536
v -8.262294 -0.025278 -19.111536
v -8.220042 -0.025278 -19.112204
v -8.220042 0.054722 -19.112204
v -8.241077 -0.025278 -19.090815
v -8.241077 0.054722 -19.090815
v -7.816974 0.054722 -19.565235
v -7.837986 0.054722 -19.543823
v -7.837986 -0.025278 -19.543823
v -7.816967 -0.025278 -19.565235
v -7.816311 0.054722 -19.522659
v -7.816311 -0.025278 -19.522659
v -7.795276 0.054722 -19.544047
v -7.795276 -0.025278 -19.544048
v -7.750407 -0.029999 -19.712864
v -7.750407 0.030001 -19.712864
v -8.407580 0.030001 -19.040762
v -8.407580 -0.029999 -19.040762
v -7.648600 -0.029999 -19.613449
v -7.648600 0.030001 -19.613449
v -8.309048 -0.029999 -18.944563
v -8.309048 0.030001 -18.944563
v -8.060329 0.071585 -19.837593
v -8.083934 0.085804 -19.812927
v -8.083934 0.071585 -19.812927
v -8.077281 0.071585 -19.819887
v -8.053669 0.071585 -19.844553
v -8.053669 0.085804 -19.844553
v -8.089550 0.025804 -19.807068
v -8.048061 0.025804 -19.850413
v -8.048061 0.041290 -19.850413
v -8.060329 0.041290 -19.837593
v -8.077281 0.041290 -19.819887
v -8.089550 0.041290 -19.807068
v -8.510708 0.071585 -19.367081
v -8.510708 0.085804 -19.367081
v -8.534313 0.071585 -19.342415
v -8.517368 0.071585 -19.360121
v -8.540973 0.085804 -19.335455
v -8.540973 0.071585 -19.335455
v -8.546580 0.041290 -19.329598
v -8.546580 0.025804 -19.329598
v -8.517368 0.041290 -19.360121
v -8.534313 0.041290 -19.342415
v -8.505092 0.025804 -19.372942
v -8.505092 0.041290 -19.372942
v -8.418468 -0.025278 -19.305962
v -8.418468 0.054722 -19.305962
v -8.439296 0.054722 -19.284371
v -8.439296 -0.025278 -19.284371
v -8.397220 -0.025278 -19.285212
v -8.397220 0.054722 -19.285212
v -8.418071 -0.025278 -19.263642
v -8.418071 0.054722 -19.263642
v -7.997943 0.054722 -19.741934
v -8.018764 0.054722 -19.720343
v -8.018764 -0.025278 -19.720343
v -7.997943 -0.025278 -19.741934
v -7.997089 0.054722 -19.699175
v -7.997089 -0.025278 -19.699173
v -7.976237 0.054722 -19.720745
v -7.976237 -0.025278 -19.720743
v -7.932322 -0.029999 -19.890480
v -7.932322 0.030001 -19.890480
v -8.583614 0.030001 -19.212673
v -8.583614 -0.029999 -19.212673
v -7.830508 -0.029999 -19.791081
v -7.830508 0.030001 -19.791081
v -8.485095 -0.029999 -19.116461
v -8.485095 0.030001 -19.116461
v -8.244654 0.071585 -20.011070
v -8.268054 0.085804 -19.986201
v -8.268054 0.071585 -19.986201
v -8.261454 0.071585 -19.993218
v -8.238055 0.071585 -20.018086
v -8.238055 0.085804 -20.018086
v -8.273608 0.025804 -19.980292
v -8.232501 0.025804 -20.023995
v -8.232501 0.041290 -20.023995
v -8.244654 0.041290 -20.011069
v -8.261454 0.041290 -19.993218
v -8.273608 0.041290 -19.980292
v -8.690914 0.071585 -19.536648
v -8.690914 0.085804 -19.536648
v -8.714306 0.071585 -19.511778
v -8.697513 0.071585 -19.529631
v -8.720904 0.085804 -19.504761
v -8.720904 0.071585 -19.504761
v -8.726467 0.041290 -19.498854
v -8.726467 0.025804 -19.498854
v -8.697513 0.041290 -19.529631
v -8.714306 0.041290 -19.511778
v -8.685360 0.025804 -19.542557
v -8.685360 0.041290 -19.542557
v -8.597003 -0.025278 -19.477547
v -8.597003 0.054722 -19.477547
v -8.617641 0.054722 -19.455774
v -8.617641 -0.025278 -19.455774
v -8.575268 -0.025278 -19.457314
v -8.575268 0.054722 -19.457314
v -8.595928 -0.025278 -19.435562
v -8.595928 0.054722 -19.435562
v -8.180293 0.054722 -19.917168
v -8.200931 0.054722 -19.895395
v -8.200931 -0.025278 -19.895395
v -8.180293 -0.025278 -19.917168
v -8.178752 0.054722 -19.874746
v -8.178752 -0.025278 -19.874746
v -8.158091 0.054722 -19.896498
v -8.158091 -0.025278 -19.896498
v -8.116549 -0.029999 -20.065680
v -8.116549 0.030001 -20.065680
v -8.761905 0.030001 -19.382219
v -8.761905 -0.029999 -19.382219
v -8.012439 -0.029999 -19.968680
v -8.012439 0.030001 -19.968680
v -8.661121 -0.029999 -19.288380
v -8.661121 0.030001 -19.288380
v -8.429934 0.071585 -20.183554
v -8.453112 0.085804 -20.158480
v -8.453112 0.071585 -20.158480
v -8.446575 0.071585 -20.165554
v -8.423397 0.071585 -20.190628
v -8.423397 0.085804 -20.190628
v -8.458614 0.025804 -20.152525
v -8.417889 0.025804 -20.196585
v -8.417889 0.041290 -20.196585
v -8.429934 0.041290 -20.183554
v -8.446575 0.041290 -20.165554
v -8.458614 0.041290 -20.152525
v -8.872036 0.071585 -19.705259
v -8.872036 0.085804 -19.705259
v -8.895214 0.071585 -19.680187
v -8.878573 0.071585 -19.698185
v -8.901751 0.085804 -19.673111
v -8.901751 0.071585 -19.673111
v -8.907257 0.041290 -19.667156
v -8.907257 0.025804 -19.667156
v -8.878573 0.041290 -19.698185
v -8.895214 0.041290 -19.680187
v -8.866527 0.025804 -19.711216
v -8.866527 0.041290 -19.711216
v -8.778270 -0.025278 -19.646277
v -8.778270 0.054722 -19.646277
v -8.798716 0.054722 -19.624325
v -8.798716 -0.025278 -19.624325
v -8.756533 -0.025278 -19.626042
v -8.756533 0.054722 -19.626042
v -8.777003 -0.025278 -19.604111
v -8.777003 0.054722 -19.604111
v -8.365414 0.054722 -20.089514
v -8.385860 0.054722 -20.067564
v -8.385860 -0.025278 -20.067564
v -8.365414 -0.025278 -20.089514
v -8.363682 0.054722 -20.046917
v -8.363682 -0.025278 -20.046917
v -8.343212 0.054722 -20.068848
v -8.343212 -0.025278 -20.068848
v -8.302630 -0.029999 -20.238926
v -8.302630 0.030001 -20.238926
v -8.942004 0.030001 -19.549864
v -8.942004 -0.029999 -19.549864
v -8.198481 -0.029999 -20.141968
v -8.198481 0.030001 -20.141968
v -8.841212 -0.029999 -19.456036
v -8.841212 0.030001 -19.456036
v -8.615391 0.071585 -20.355843
v -8.638348 0.085804 -20.330567
v -8.638348 0.071585 -20.330567
v -8.631870 0.071585 -20.337698
v -8.608913 0.071585 -20.362972
v -8.608913 0.085804 -20.362972
v -8.643802 0.025804 -20.324564
v -8.603457 0.025804 -20.368977
v -8.603457 0.041290 -20.368977
v -8.615391 0.041290 -20.355843
v -8.631870 0.041290 -20.337698
v -8.643802 0.041290 -20.324564
v -9.053303 0.071585 -19.873711
v -9.053303 0.085804 -19.873711
v -9.076258 0.071585 -19.848437
v -9.059779 0.071585 -19.866579
v -9.082736 0.085804 -19.841305
v -9.082736 0.071585 -19.841305
v -9.088192 0.041290 -19.835301
v -9.088192 0.025804 -19.835301
v -9.059779 0.041290 -19.866579
v -9.076258 0.041290 -19.848437
v -9.047847 0.025804 -19.879715
v -9.047847 0.041290 -19.879715
v -8.959513 -0.025278 -19.815020
v -8.959518 0.054722 -19.815020
v -8.979771 0.054722 -19.792891
v -8.979771 -0.025278 -19.792891
v -8.937786 -0.025278 -19.794781
v -8.937786 0.054722 -19.794783
v -8.958061 -0.025278 -19.772675
v -8.958065 0.054722 -19.772675
v -8.550541 0.054722 -20.261841
v -8.570797 0.054722 -20.239712
v -8.570797 -0.025278 -20.239712
v -8.550541 -0.025278 -20.261841
v -8.548618 0.054722 -20.219067
v -8.548618 -0.025278 -20.219067
v -8.528339 0.054722 -20.241177
v -8.528339 -0.025278 -20.241177
v -8.488743 -0.029999 -20.412146
v -8.488743 0.030001 -20.412146
v -9.122082 0.030001 -19.717537
v -9.122082 -0.029999 -19.717537
v -8.384578 -0.029999 -20.315207
v -8.384578 0.030001 -20.315207
v -9.021304 -0.029999 -19.623696
v -9.021304 0.030001 -19.623696
v -8.804721 0.071585 -20.523876
v -8.827457 0.085804 -20.498406
v -8.827457 0.071585 -20.498406
v -8.821041 0.071585 -20.505593
v -8.798305 0.071585 -20.531067
v -8.798305 0.085804 -20.531067
v -8.832859 0.025804 -20.492352
v -8.792903 0.025804 -20.537117
v -8.792903 0.041290 -20.537117
v -8.804721 0.041290 -20.523876
v -8.821041 0.041290 -20.505593
v -8.832859 0.041290 -20.492352
v -9.238411 0.071585 -20.037945
v -9.238411 0.085804 -20.037945
v -9.261145 0.071585 -20.012470
v -9.244822 0.071585 -20.030758
v -9.267558 0.085804 -20.005284
v -9.267558 0.071585 -20.005284
v -9.272960 0.041290 -19.999232
v -9.272960 0.025804 -19.999232
v -9.244822 0.041290 -20.030758
v -9.261145 0.041290 -20.012470
v -9.233013 0.025804 -20.043997
v -9.233013 0.041290 -20.043997
v -9.143158 -0.025278 -19.981131
v -9.143158 0.054722 -19.981131
v -9.163218 0.054722 -19.958824
v -9.163218 -0.025278 -19.958824
v -9.120945 -0.025278 -19.961418
v -9.120945 0.054722 -19.961418
v -9.141025 -0.025278 -19.939135
v -9.141025 0.054722 -19.939135
v -8.738093 0.054722 -20.431502
v -8.758152 0.054722 -20.409195
v -8.758152 -0.025278 -20.409195
v -8.738093 -0.025278 -20.431502
v -8.735492 0.054722 -20.389082
v -8.735492 -0.025278 -20.389082
v -8.715404 0.054722 -20.411368
v -8.715404 -0.025278 -20.411368
v -8.678164 -0.029999 -20.581719
v -8.678164 0.030001 -20.581719
v -9.305419 0.030001 -19.881613
v -9.305419 -0.029999 -19.881613
v -8.571743 -0.029999 -20.487265
v -8.571743 0.030001 -20.487265
v -9.202412 -0.029999 -19.790228
v -9.202412 0.030001 -19.790228
v -8.994063 0.071585 -20.691893
v -9.016575 0.085804 -20.666220
v -9.016575 0.071585 -20.666220
v -9.010222 0.071585 -20.673464
v -8.987713 0.071585 -20.699135
v -8.987713 0.085804 -20.699135
v -9.021923 0.025804 -20.660122
v -8.982364 0.025804 -20.705233
v -8.982364 0.041290 -20.705233
v -8.994063 0.041290 -20.691893
v -9.010222 0.041290 -20.673464
v -9.021923 0.041290 -20.660122
v -9.423495 0.071585 -20.202192
v -9.423495 0.085804 -20.202194
v -9.446010 0.071585 -20.176521
v -9.429851 0.071585 -20.194950
v -9.452366 0.085804 -20.169279
v -9.452366 0.071585 -20.169279
v -9.457709 0.041290 -20.163181
v -9.457709 0.025804 -20.163181
v -9.429851 0.041290 -20.194950
v -9.446010 0.041290 -20.176521
v -9.418152 0.025804 -20.208292
v -9.418152 0.041290 -20.208292
v -9.328383 -0.025278 -20.145489
v -9.328387 0.054722 -20.145489
v -9.348254 0.054722 -20.123011
v -9.348251 -0.025278 -20.123011
v -9.306178 -0.025278 -20.125782
v -9.306178 0.054722 -20.125784
v -9.326068 -0.025278 -20.103323
v -9.326068 0.054722 -20.103325
v -8.927264 0.054722 -20.599377
v -8.947131 0.054722 -20.576899
v -8.947131 -0.025278 -20.576899
v -8.927264 -0.025278 -20.599377
v -8.924473 0.054722 -20.556793
v -8.924473 -0.025278 -20.556791
v -8.904578 0.054722 -20.579252
v -8.904578 -0.025278 -20.579251
v -8.868336 -0.029999 -20.750479
v -8.868336 0.030001 -20.750479
v -9.489460 0.030001 -20.044926
v -9.489460 -0.029999 -20.044926
v -8.761897 -0.029999 -20.656035
v -8.761897 0.030001 -20.656035
v -9.386463 -0.029999 -19.953522
v -9.386463 0.030001 -19.953522
v -9.184624 0.071585 -20.858511
v -9.206912 0.085804 -20.832644
v -9.206912 0.071585 -20.832644
v -9.200622 0.071585 -20.839943
v -9.178332 0.071585 -20.865811
v -9.178332 0.085804 -20.865811
v -9.212207 0.025804 -20.826500
v -9.173037 0.025804 -20.871954
v -9.173037 0.041290 -20.871954
v -9.184624 0.041290 -20.858511
v -9.200622 0.041290 -20.839943
v -9.212207 0.041290 -20.826500
v -9.609768 0.071585 -20.365086
v -9.609768 0.085804 -20.365086
v -9.632053 0.071585 -20.339220
v -9.616053 0.071585 -20.357786
v -9.638343 0.085804 -20.331921
v -9.638343 0.071585 -20.331921
v -9.643638 0.041290 -20.325775
v -9.643638 0.025804 -20.325775
v -9.616053 0.041290 -20.357786
v -9.632053 0.041290 -20.339220
v -9.604472 0.025804 -20.371231
v -9.604472 0.041290 -20.371231
v -9.513606 -0.025278 -20.309872
v -9.513606 0.054722 -20.309872
v -9.533274 0.054722 -20.287218
v -9.533274 -0.025278 -20.287218
v -9.491394 -0.025278 -20.290157
v -9.491397 0.054722 -20.290157
v -9.511088 -0.025278 -20.267527
v -9.511088 0.054722 -20.267527
v -9.116459 0.054722 -20.767241
v -9.136126 0.054722 -20.744589
v -9.136126 -0.025278 -20.744589
v -9.116459 -0.025278 -20.767241
v -9.113459 0.054722 -20.724480
v -9.113459 -0.025278 -20.724480
v -9.093768 0.054722 -20.747111
v -9.093768 -0.025278 -20.747111
v -9.058863 -0.029999 -20.918822
v -9.058863 0.030001 -20.918822
v -9.673808 0.030001 -20.207878
v -9.673808 -0.029999 -20.207878
v -8.952087 -0.029999 -20.824780
v -8.952091 0.030001 -20.824780
v -9.570498 -0.029999 -20.116848
v -9.570498 0.030001 -20.116848
v -9.377909 0.071585 -21.021975
v -9.399971 0.085804 -20.995915
v -9.399971 0.071585 -20.995915
v -9.393749 0.071585 -21.003266
v -9.371685 0.071585 -21.029326
v -9.371685 0.085804 -21.029326
v -9.405212 0.025804 -20.989721
v -9.366444 0.025804 -21.035519
v -9.366444 0.041290 -21.035519
v -9.377909 0.041290 -21.021975
v -9.393745 0.041290 -21.003266
v -9.405212 0.041290 -20.989721
v -9.798732 0.071585 -20.524857
v -9.798732 0.085804 -20.524857
v -9.820792 0.071585 -20.498797
v -9.804958 0.071585 -20.517506
v -9.827018 0.085804 -20.491446
v -9.827018 0.071585 -20.491446
v -9.832259 0.041290 -20.485253
v -9.832259 0.025804 -20.485253
v -9.804958 0.041290 -20.517506
v -9.820792 0.041290 -20.498797
v -9.793491 0.025804 -20.531048
v -9.793491 0.041290 -20.531048
v -9.702186 -0.025278 -20.470356
v -9.702186 0.054722 -20.470356
v -9.721659 0.054722 -20.447535
v -9.721659 -0.025278 -20.447535
v -9.679512 -0.025278 -20.451183
v -9.679512 0.054722 -20.451185
v -9.699005 -0.025278 -20.428381
v -9.699005 0.054722 -20.428381
v -9.309048 0.054722 -20.931175
v -9.328518 0.054722 -20.908354
v -9.328518 -0.025278 -20.908354
v -9.309048 -0.025278 -20.931175
v -9.305385 0.054722 -20.888788
v -9.305381 -0.025278 -20.888786
v -9.285889 0.054722 -20.911591
v -9.285889 -0.025278 -20.911591
v -9.252994 -0.029999 -21.083018
v -9.252994 0.030001 -21.083018
v -9.861712 0.030001 -20.366734
v -9.861712 -0.029999 -20.366734
v -9.144343 -0.029999 -20.991125
v -9.144343 0.030001 -20.991125
v -9.756554 -0.029999 -20.277823
v -9.756554 0.030001 -20.277823
v -9.571212 0.071585 -21.185415
v -9.593044 0.085804 -21.159165
v -9.593044 0.071585 -21.159165
v -9.586887 0.071585 -21.166571
v -9.565052 0.071585 -21.192824
v -9.565052 0.085804 -21.192824
v -9.598232 0.025804 -21.152928
v -9.559864 0.025804 -21.199059
v -9.559864 0.041290 -21.199059
v -9.571212 0.041290 -21.185415
v -9.586887 0.041290 -21.166571
v -9.598232 0.041290 -21.152928
v -9.987682 0.071585 -20.684645
v -9.987682 0.085804 -20.684645
v -10.009514 0.071585 -20.658394
v -9.993839 0.071585 -20.677239
v -10.015674 0.085804 -20.650986
v -10.015674 0.071585 -20.650986
v -10.020858 0.041290 -20.644751
v -10.020858 0.025804 -20.644751
v -9.993839 0.041290 -20.677239
v -10.009514 0.041290 -20.658394
v -9.982494 0.025804 -20.690882
v -9.982494 0.041290 -20.690882
v -9.891284 -0.025278 -20.630261
v -9.891284 0.054722 -20.630263
v -9.910557 0.054722 -20.607269
v -9.910557 -0.025278 -20.607269
v -9.868602 -0.025278 -20.611078
v -9.868602 0.054722 -20.611080
v -9.887897 -0.025278 -20.588108
v -9.887897 0.054722 -20.588108
v -9.502178 0.054722 -21.094492
v -9.521449 0.054722 -21.071501
v -9.521449 -0.025278 -21.071501
v -9.502178 -0.025278 -21.094492
v -9.498309 0.054722 -21.051932
v -9.498309 -0.025278 -21.051930
v -9.479014 0.054722 -21.074902
v -9.479014 -0.025278 -21.074902
v -9.447142 -0.029999 -21.247179
v -9.447147 0.030001 -21.247179
v -10.049587 0.030001 -20.525610
v -10.049587 -0.029999 -20.525610
v -9.338477 -0.029999 -21.155302
v -9.338477 0.030001 -21.155302
v -9.944439 -0.029999 -20.436686
v -9.944439 0.030001 -20.436686
v -9.766697 0.071585 -21.346214
v -9.788298 0.085804 -21.319773
v -9.788298 0.071585 -21.319773
v -9.782207 0.071585 -21.327233
v -9.760601 0.071585 -21.353674
v -9.760601 0.085804 -21.353674
v -9.793430 0.025804 -21.313492
v -9.755470 0.025804 -21.359957
v -9.755470 0.041290 -21.359957
v -9.766697 0.041290 -21.346214
v -9.782207 0.041290 -21.327233
v -9.793430 0.041290 -21.313492
v -10.178783 0.071585 -20.841829
v -10.178783 0.085804 -20.841829
v -10.200382 0.071585 -20.815386
v -10.184874 0.071585 -20.834368
v -10.206478 0.085804 -20.807926
v -10.206478 0.071585 -20.807926
v -10.211609 0.041290 -20.801645
v -10.211609 0.025804 -20.801645
v -10.184874 0.041290 -20.834368
v -10.200382 0.041290 -20.815386
v -10.173649 0.025804 -20.848108
v -10.173649 0.041290 -20.848108
v -10.080860 -0.025278 -20.789574
v -10.080860 0.054722 -20.789574
v -10.099925 0.054722 -20.766415
v -10.099925 -0.025278 -20.766415
v -10.057728 -0.025278 -20.770950
v -10.057728 0.054722 -20.770950
v -10.076820 -0.025278 -20.747812
v -10.076820 0.054722 -20.747812
v -9.695820 0.054722 -21.257185
v -9.714892 0.054722 -21.234026
v -9.714892 -0.025278 -21.234026
v -9.695820 -0.025278 -21.257185
v -9.691296 0.054722 -21.215017
v -9.691296 -0.025278 -21.215017
v -9.672199 0.054722 -21.238157
v -9.672199 -0.025278 -21.238157
v -9.642643 -0.029999 -21.409701
v -9.642643 0.030001 -21.409701
v -10.238765 0.030001 -20.682902
v -10.238765 -0.029999 -20.682902
v -9.532637 -0.029999 -21.319451
v -9.532637 0.030001 -21.319451
v -10.132305 -0.029999 -20.595576
v -10.132305 0.030001 -20.595576
v -9.963843 0.071585 -21.505018
v -9.985218 0.085804 -21.478388
v -9.985218 0.071585 -21.478388
v -9.979187 0.071585 -21.485901
v -9.957812 0.071585 -21.512531
v -9.957812 0.085804 -21.512531
v -9.990291 0.025804 -21.472061
v -9.952739 0.025804 -21.518856
v -9.952739 0.041290 -21.518856
v -9.963843 0.041290 -21.505017
v -9.979187 0.041290 -21.485901
v -9.990291 0.041290 -21.472061
v -10.371509 0.071585 -20.997053
v -10.371509 0.085804 -20.997053
v -10.392879 0.071585 -20.970423
v -10.377536 0.071585 -20.989538
v -10.398907 0.085804 -20.962910
v -10.398907 0.071585 -20.962910
v -10.403987 0.041290 -20.956583
v -10.403987 0.025804 -20.956583
v -10.377536 0.041290 -20.989538
v -10.392879 0.041290 -20.970423
v -10.366428 0.025804 -21.003376
v -10.366428 0.041290 -21.003376
v -10.273730 -0.025278 -20.944901
v -10.273730 0.054722 -20.944901
v -10.292594 0.054722 -20.921576
v -10.292594 -0.025278 -20.921576
v -10.250599 -0.025278 -20.926274
v -10.250599 0.054722 -20.926274
v -10.269488 -0.025278 -20.902968
v -10.269488 0.054722 -20.902968
v -9.892788 0.054722 -21.415854
v -9.911655 0.054722 -21.392529
v -9.911655 -0.025278 -21.392529
v -9.892788 -0.025278 -21.415854
v -9.888053 0.054722 -21.373520
v -9.888053 -0.025278 -21.373522
v -9.869167 0.054722 -21.396826
v -9.869167 -0.025278 -21.396828
v -9.840644 -0.029999 -21.569203
v -9.840649 0.030001 -21.569203
v -10.430400 0.030001 -20.837227
v -10.430400 -0.029999 -20.837227
v -9.729831 -0.029999 -21.479939
v -9.729831 0.030001 -21.479939
v -10.323154 -0.029999 -20.750855
v -10.323154 0.030001 -20.750855
v -10.160998 0.071585 -21.663792
v -10.182139 0.085804 -21.636976
v -10.182139 0.071585 -21.636976
v -10.176174 0.071585 -21.644543
v -10.155036 0.071585 -21.671358
v -10.155036 0.085804 -21.671358
v -10.187159 0.025804 -21.630606
v -10.150016 0.025804 -21.677725
v -10.150016 0.041290 -21.677725
v -10.160998 0.041290 -21.663792
v -10.176174 0.041290 -21.644543
v -10.187159 0.041290 -21.630606
v -10.564213 0.071585 -21.152287
v -10.564213 0.085804 -21.152287
v -10.585354 0.071585 -21.125471
v -10.570179 0.071585 -21.144720
v -10.591316 0.085804 -21.117905
v -10.591316 0.071585 -21.117905
v -10.596340 0.041290 -21.111534
v -10.596340 0.025804 -21.111536
v -10.570179 0.041290 -21.144720
v -10.585354 0.041290 -21.125471
v -10.559192 0.025804 -21.158655
v -10.559192 0.041290 -21.158655
v -10.466579 -0.025278 -21.100243
v -10.466582 0.054722 -21.100243
v -10.485245 0.054722 -21.076754
v -10.485245 -0.025278 -21.076754
v -10.443461 -0.025278 -21.081618
v -10.443461 0.054722 -21.081618
v -10.462146 -0.025278 -21.058148
v -10.462146 0.054722 -21.058148
v -10.089766 0.054722 -21.574505
v -10.108429 0.054722 -21.551016
v -10.108429 -0.025278 -21.551016
v -10.089766 -0.025278 -21.574505
v -10.084834 0.054722 -21.532013
v -10.084834 -0.025278 -21.532013
v -10.066151 0.054722 -21.555483
v -10.066151 -0.025278 -21.555483
v -10.038673 -0.029999 -21.728682
v -10.038673 0.030001 -21.728682
v -10.622013 0.030001 -20.991585
v -10.622013 -0.029999 -20.991585
v -9.927841 -0.029999 -21.639431
v -9.927841 0.030001 -21.639431
v -10.514777 -0.029999 -20.905194
v -10.514777 0.030001 -20.905194
v -10.361256 0.071585 -21.818632
v -10.382155 0.085804 -21.791634
v -10.382155 0.071585 -21.791634
v -10.376262 0.071585 -21.799252
v -10.355358 0.071585 -21.826250
v -10.355358 0.085804 -21.826250
v -10.387118 0.025804 -21.785219
v -10.350390 0.025804 -21.832665
v -10.350390 0.041290 -21.832665
v -10.361256 0.041290 -21.818632
v -10.376259 0.041290 -21.799252
v -10.387118 0.041290 -21.785219
v -10.759982 0.071585 -21.303623
v -10.759982 0.085804 -21.303623
v -10.780886 0.071585 -21.276627
v -10.765880 0.071585 -21.296007
v -10.786784 0.085804 -21.269009
v -10.786784 0.071585 -21.269009
v -10.791752 0.041290 -21.262594
v -10.791752 0.025804 -21.262594
v -10.765880 0.041290 -21.296007
v -10.780886 0.041290 -21.276627
v -10.755016 0.025804 -21.310038
v -10.755016 0.041290 -21.310038
v -10.660884 -0.025278 -21.253756
v -10.660884 0.054722 -21.253756
v -10.679339 0.054722 -21.230105
v -10.679339 -0.025278 -21.230105
v -10.637310 -0.025278 -21.235687
v -10.637310 0.054722 -21.235687
v -10.655795 -0.025278 -21.212055
v -10.655795 0.054722 -21.212055
v -10.288222 0.054722 -21.731291
v -10.306681 0.054722 -21.707640
v -10.306681 -0.025278 -21.707640
v -10.288222 -0.025278 -21.731291
v -10.282635 0.054722 -21.689200
v -10.282635 -0.025278 -21.689200
v -10.264152 0.054722 -21.712830
v -10.264152 -0.025278 -21.712830
v -10.238983 -0.029999 -21.885246
v -10.238983 0.030001 -21.885246
v -10.815864 0.030001 -21.143082
v -10.815864 -0.029999 -21.143082
v -10.126079 -0.029999 -21.798645
v -10.126079 0.030001 -21.798645
v -10.706580 -0.029999 -21.059311
v -10.706580 0.030001 -21.059311
v -10.562145 0.071585 -21.972668
v -10.582812 0.085804 -21.945488
v -10.582812 0.071585 -21.945488
v -10.576980 0.071585 -21.953158
v -10.556316 0.071585 -21.980337
v -10.556316 0.085804 -21.980337
v -10.587718 0.025804 -21.939032
v -10.551407 0.025804 -21.986796
v -10.551407 0.041290 -21.986796
v -10.562145 0.041290 -21.972668
v -10.576980 0.041290 -21.953158
v -10.587718 0.041290 -21.939032
v -10.956359 0.071585 -21.454197
v -10.956359 0.085804 -21.454197
v -10.977023 0.071585 -21.427017
v -10.962191 0.071585 -21.446528
v -10.982857 0.085804 -21.419348
v -10.982857 0.071585 -21.419348
v -10.987766 0.041290 -21.412892
v -10.987766 0.025804 -21.412892
v -10.962191 0.041290 -21.446528
v -10.977023 0.041290 -21.427017
v -10.951450 0.025804 -21.460653
v -10.951450 0.041290 -21.460653
v -10.857403 -0.025278 -21.404429
v -10.857403 0.054722 -21.404429
v -10.875652 0.054722 -21.380617
v -10.875652 -0.025278 -21.380617
v -10.833835 -0.025278 -21.386358
v -10.833835 0.054722 -21.386358
v -10.852108 -0.025278 -21.362566
v -10.852108 0.054722 -21.362566
v -10.488929 0.054722 -21.885201
v -10.507179 0.054722 -21.861389
v -10.507179 -0.025278 -21.861389
v -10.488929 -0.025278 -21.885201
v -10.483135 0.054722 -21.842951
v -10.483135 -0.025278 -21.842951
v -10.464859 0.054722 -21.866743
v -10.464854 -0.025278 -21.866743
v -10.440746 -0.029999 -22.039961
v -10.440746 0.030001 -22.039961
v -11.011119 0.030001 -21.292786
v -11.011119 -0.029999 -21.292786
v -10.327827 -0.029999 -21.953377
v -10.327827 0.030001 -21.953377
v -10.901851 -0.029999 -21.208998
v -10.901851 0.030001 -21.208998
v -10.763386 0.071585 -22.126229
v -10.783817 0.085804 -22.098869
v -10.783817 0.071585 -22.098869
v -10.778049 0.071585 -22.106590
v -10.757622 0.071585 -22.133948
v -10.757622 0.085804 -22.133948
v -10.788666 0.025804 -22.092369
v -10.752773 0.025804 -22.140448
v -10.752773 0.041290 -22.140448
v -10.763386 0.041290 -22.126229
v -10.778049 0.041290 -22.106590
v -10.788666 0.041290 -22.092369
v -11.153056 0.071585 -21.604332
v -11.153056 0.085804 -21.604332
v -11.173481 0.071585 -21.576973
v -11.158817 0.071585 -21.596611
v -11.179244 0.085804 -21.569254
v -11.179244 0.071585 -21.569254
v -11.184100 0.041290 -21.562754
v -11.184100 0.025804 -21.562754
v -11.158817 0.041290 -21.596611
v -11.173481 0.041290 -21.576973
v -11.148200 0.025804 -21.610832
v -11.148200 0.041290 -21.610832
v -11.053904 -0.025278 -21.555117
v -11.053904 0.054722 -21.555117
v -11.071948 0.054722 -21.531147
v -11.071948 -0.025278 -21.531147
v -11.030345 -0.025278 -21.537043
v -11.030345 0.054722 -21.537043
v -11.048407 -0.025278 -21.513094
v -11.048407 0.054722 -21.513094
v -10.689651 0.054722 -22.039091
v -10.707691 0.054722 -22.015122
v -10.707691 -0.025278 -22.015122
v -10.689651 -0.025278 -22.039091
v -10.683642 0.054722 -21.996685
v -10.683642 -0.025278 -21.996685
v -10.665577 0.054722 -22.020636
v -10.665577 -0.025278 -22.020636
v -10.642535 -0.029999 -22.194655
v -10.642535 0.030001 -22.194655
v -11.206364 0.030001 -21.442522
v -11.206364 -0.029999 -21.442522
v -10.529597 -0.029999 -22.108082
v -10.529602 0.030001 -22.108082
v -11.097095 -0.029999 -21.358715
v -11.097095 0.030001 -21.358717
v -10.967892 0.071585 -22.275427
v -10.988083 0.085804 -22.247889
v -10.988083 0.071585 -22.247889
v -10.982387 0.071585 -22.255659
v -10.962200 0.071585 -22.283196
v -10.962200 0.085804 -22.283196
v -10.992878 0.025804 -22.241347
v -10.957401 0.025804 -22.289736
v -10.957401 0.041290 -22.289736
v -10.967892 0.041290 -22.275427
v -10.982387 0.041290 -22.255659
v -10.992878 0.041290 -22.241348
v -11.352984 0.071585 -21.750141
v -11.352984 0.085804 -21.750141
v -11.373173 0.071585 -21.722605
v -11.358676 0.071585 -21.742371
v -11.378863 0.085804 -21.714834
v -11.378863 0.071585 -21.714834
v -11.383662 0.041290 -21.708292
v -11.383662 0.025804 -21.708292
v -11.358676 0.041290 -21.742371
v -11.373173 0.041290 -21.722605
v -11.348185 0.025804 -21.756684
v -11.348185 0.041290 -21.756684
v -11.252757 -0.025278 -21.702686
v -11.252757 0.054722 -21.702686
v -11.270587 0.054722 -21.678560
v -11.270587 -0.025278 -21.678560
v -11.228763 -0.025278 -21.685185
v -11.228763 0.054722 -21.685185
v -11.246616 -0.025278 -21.661078
v -11.246616 0.054722 -21.661078
v -10.892741 0.054722 -22.189825
v -10.910576 0.054722 -22.165699
v -10.910571 -0.025278 -22.165699
v -10.892741 -0.025278 -22.189825
v -10.886097 0.054722 -22.147841
v -10.886097 -0.025278 -22.147841
v -10.868239 0.054722 -22.171946
v -10.868236 -0.025278 -22.171946
v -10.847484 -0.029999 -22.345120
v -10.847484 0.030001 -22.345120
v -11.404713 0.030001 -21.588089
v -11.404713 -0.029999 -21.588089
v -10.732525 -0.029999 -22.261246
v -10.732529 0.030001 -22.261246
v -11.293453 -0.029999 -21.506949
v -11.293453 0.030001 -21.506949
v -11.172413 0.071585 -22.424601
v -11.192360 0.085804 -22.396889
v -11.192360 0.071585 -22.396889
v -11.186732 0.071585 -22.404709
v -11.166785 0.071585 -22.432421
v -11.166785 0.085804 -22.432421
v -11.197097 0.025804 -22.390307
v -11.162047 0.025804 -22.439005
v -11.162047 0.041290 -22.439005
v -11.172413 0.041290 -22.424601
v -11.186732 0.041290 -22.404709
v -11.197097 0.041290 -22.390307
v -11.552893 0.071585 -21.895970
v -11.552893 0.085804 -21.895970
v -11.572842 0.071585 -21.868258
v -11.558521 0.071585 -21.888149
v -11.578468 0.085804 -21.860438
v -11.578468 0.071585 -21.860438
v -11.583210 0.041290 -21.853853
v -11.583206 0.025804 -21.853853
v -11.558521 0.041290 -21.888149
v -11.572842 0.041290 -21.868258
v -11.548156 0.025804 -21.902554
v -11.548156 0.041290 -21.902554
v -11.452824 -0.025278 -21.848616
v -11.452824 0.054722 -21.848616
v -11.470439 0.054722 -21.824333
v -11.470439 -0.025278 -21.824333
v -11.428828 -0.025278 -21.831112
v -11.428828 0.054722 -21.831112
v -11.446476 -0.025278 -21.806851
v -11.446476 0.054722 -21.806851
v -11.097084 0.054722 -22.338885
v -11.114700 0.054722 -22.314602
v -11.114700 -0.025278 -22.314602
v -11.097079 -0.025278 -22.338885
v -11.090221 0.054722 -22.296744
v -11.090221 -0.025278 -22.296745
v -11.072574 0.054722 -22.321007
v -11.072574 -0.025278 -22.321007
v -11.052902 -0.029999 -22.494959
v -11.052902 0.030001 -22.494959
v -11.603488 0.030001 -21.733082
v -11.603488 -0.029999 -21.733082
v -10.937938 -0.029999 -22.411104
v -10.937938 0.030001 -22.411104
v -11.492244 -0.029999 -21.651932
v -11.492244 0.030001 -21.651932
v -11.378193 0.071585 -22.572027
v -11.397892 0.085804 -22.544142
v -11.397892 0.071585 -22.544142
v -11.392333 0.071585 -22.552010
v -11.372630 0.071585 -22.579895
v -11.372630 0.085804 -22.579895
v -11.402575 0.025804 -22.537518
v -11.367949 0.025804 -22.586521
v -11.367949 0.041290 -22.586521
v -11.378193 0.041290 -22.572027
v -11.392333 0.041290 -22.552010
v -11.402575 0.041290 -22.537518
v -11.754031 0.071585 -22.040087
v -11.754031 0.085804 -22.040087
v -11.773734 0.071585 -22.012201
v -11.759593 0.071585 -22.032219
v -11.779293 0.085804 -22.004332
v -11.779293 0.071585 -22.004332
v -11.783976 0.041290 -21.997709
v -11.783976 0.025804 -21.997709
v -11.759593 0.041290 -22.032219
v -11.773734 0.041290 -22.012201
v -11.749351 0.025804 -22.046711
v -11.749355 0.041290 -22.046711
v -11.652874 -0.025278 -21.994560
v -11.652874 0.054722 -21.994560
v -11.670279 0.054722 -21.970125
v -11.670279 -0.025278 -21.970125
v -11.628887 -0.025278 -21.977059
v -11.628887 0.054722 -21.977059
v -11.646320 -0.025278 -21.952643
v -11.646320 0.054722 -21.952643
v -11.301433 0.054722 -22.487921
v -11.318843 0.054722 -22.463486
v -11.318839 -0.025278 -22.463486
v -11.301433 -0.025278 -22.487921
v -11.294360 0.054722 -22.445635
v -11.294360 -0.025278 -22.445635
v -11.276934 0.054722 -22.470051
v -11.276931 -0.025278 -22.470051
v -11.258807 -0.029999 -22.644104
v -11.258807 0.030001 -22.644104
v -11.802710 0.030001 -21.877442
v -11.802710 -0.029999 -21.877442
v -11.143363 -0.029999 -22.560929
v -11.143363 0.030001 -22.560929
v -11.691009 -0.029999 -21.796938
v -11.691009 0.030001 -21.796938
v -11.586222 0.071585 -22.716273
v -11.605678 0.085804 -22.688215
v -11.605678 0.071585 -22.688215
v -11.600188 0.071585 -22.696133
v -11.580730 0.071585 -22.724190
v -11.580730 0.085804 -22.724190
v -11.610302 0.025804 -22.681551
v -11.576111 0.025804 -22.730854
v -11.576111 0.041290 -22.730854
v -11.586222 0.041290 -22.716273
v -11.600188 0.041290 -22.696133
v -11.610302 0.041290 -22.681551
v -11.957394 0.071585 -22.181063
v -11.957394 0.085804 -22.181063
v -11.976852 0.071585 -22.153006
v -11.962886 0.071585 -22.173145
v -11.982342 0.085804 -22.145090
v -11.982342 0.071585 -22.145090
v -11.986965 0.041290 -22.138424
v -11.986965 0.025804 -22.138424
v -11.962886 0.041290 -22.173147
v -11.976852 0.041290 -22.153006
v -11.952770 0.025804 -22.187727
v -11.952770 0.041290 -22.187727
v -11.856094 -0.025278 -22.136048
v -11.856094 0.054722 -22.136048
v -11.873287 0.054722 -22.111462
v -11.873287 -0.025278 -22.111462
v -11.831691 -0.025278 -22.119131
v -11.831691 0.054722 -22.119131
v -11.848911 -0.025278 -22.094563
v -11.848911 0.054722 -22.094563
v -11.508987 0.054722 -22.632464
v -11.526179 0.054722 -22.607878
v -11.526179 -0.025278 -22.607878
v -11.508987 -0.025278 -22.632464
v -11.501285 0.054722 -22.590616
v -11.501281 -0.025278 -22.590616
v -11.484065 0.054722 -22.615185
v -11.484065 -0.025278 -22.615185
v -11.467754 -0.029999 -22.789002
v -11.467754 0.030001 -22.789002
v -12.004921 0.030001 -22.017607
v -12.004921 -0.029999 -22.017607
v -11.350819 -0.029999 -22.707915
v -11.350819 0.030001 -22.707915
v -11.891761 -0.029999 -21.939161
v -11.891761 0.030001 -21.939161
v -11.794272 0.071585 -22.860502
v -11.813484 0.085804 -22.832276
v -11.813484 0.071585 -22.832276
v -11.808063 0.071585 -22.840241
v -11.788853 0.071585 -22.868466
v -11.788853 0.085804 -22.868466
v -11.818046 0.025804 -22.825571
v -11.784289 0.025804 -22.875172
v -11.784289 0.041290 -22.875172
v -11.794268 0.041290 -22.860502
v -11.808063 0.041290 -22.840241
v -11.818046 0.041290 -22.825571
v -12.160744 0.071585 -22.322064
v -12.160744 0.085804 -22.322064
v -12.179958 0.071585 -22.293837
v -12.166163 0.071585 -22.314100
v -12.185374 0.085804 -22.285874
v -12.185374 0.071585 -22.285874
v -12.189936 0.041290 -22.279169
v -12.189936 0.025804 -22.279169
v -12.166163 0.041290 -22.314100
v -12.179958 0.041290 -22.293837
v -12.156180 0.025804 -22.328770
v -12.156180 0.041290 -22.328770
v -12.059596 -0.025278 -22.277142
v -12.059596 0.054722 -22.277142
v -12.076572 0.054722 -22.252407
v -12.076572 -0.025278 -22.252407
v -12.035194 -0.025278 -22.260222
v -12.035194 0.054722 -22.260222
v -12.052195 -0.025278 -22.235502
v -12.052195 0.054722 -22.235502
v -11.716854 0.054722 -22.776579
v -11.733828 0.054722 -22.751845
v -11.733826 -0.025278 -22.751845
v -11.716854 -0.025278 -22.776579
v -11.708922 0.054722 -22.734581
v -11.708922 -0.025278 -22.734581
v -11.691921 0.054722 -22.759299
v -11.691921 -0.025278 -22.759299
v -11.676711 -0.029999 -22.933865
v -11.676711 0.030001 -22.933865
v -12.207107 0.030001 -22.157797
v -12.207107 -0.029999 -22.157797
v -11.559764 -0.029999 -22.852795
v -11.559764 0.030001 -22.852795
v -12.093960 -0.029999 -22.079336
v -12.093960 0.030001 -22.079336
v -12.004397 0.071585 -23.001658
v -12.023361 0.085804 -22.973263
v -12.023361 0.071585 -22.973263
v -12.018009 0.071585 -22.981274
v -11.999045 0.071585 -23.009669
v -11.999045 0.085804 -23.009669
v -12.027866 0.025804 -22.966519
v -11.994540 0.025804 -23.016413
v -11.994540 0.041290 -23.016413
v -12.004397 0.041290 -23.001658
v -12.018009 0.041290 -22.981274
v -12.027866 0.041290 -22.966519
v -12.366138 0.071585 -22.460030
v -12.366138 0.085804 -22.460030
v -12.385105 0.071585 -22.431635
v -12.371490 0.071585 -22.452019
v -12.390453 0.085804 -22.423624
v -12.390453 0.071585 -22.423624
v -12.394958 0.041290 -22.416880
v -12.394958 0.025804 -22.416880
v -12.371490 0.041290 -22.452019
v -12.385105 0.041290 -22.431635
v -12.361633 0.025804 -22.466776
v -12.361636 0.041290 -22.466776
v -12.263672 -0.025278 -22.417391
v -12.263672 0.054722 -22.417391
v -12.280430 0.054722 -22.392508
v -12.280430 -0.025278 -22.392508
v -12.238865 -0.025278 -22.401064
v -12.238865 0.054722 -22.401064
v -12.255648 -0.025278 -22.376198
v -12.255648 0.054722 -22.376198
v -11.925308 0.054722 -22.919810
v -11.942066 0.054722 -22.894926
v -11.942066 -0.025278 -22.894926
v -11.925308 -0.025278 -22.919810
v -11.916759 0.054722 -22.878262
v -11.916759 -0.025278 -22.878262
v -11.899975 0.054722 -22.903128
v -11.899975 -0.025278 -22.903128
v -11.887020 -0.029999 -23.076744
v -11.887020 0.030001 -23.076744
v -12.410602 0.030001 -22.296063
v -12.410602 -0.029999 -22.296063
v -11.768733 -0.029999 -22.997645
v -11.768733 0.030001 -22.997645
v -12.296135 -0.029999 -22.219538
v -12.296135 0.030001 -22.219538
v -12.215839 0.071585 -23.140862
v -12.234549 0.085804 -23.112303
v -12.234549 0.071585 -23.112303
v -12.229271 0.071585 -23.120362
v -12.210555 0.071585 -23.148920
v -12.210560 0.085804 -23.148920
v -12.238997 0.025804 -23.105519
v -12.206112 0.025804 -23.155703
v -12.206112 0.041290 -23.155703
v -12.215839 0.041290 -23.140862
v -12.229271 0.041290 -23.120362
v -12.238997 0.041290 -23.105519
v -12.572821 0.071585 -22.596087
v -12.572821 0.085804 -22.596087
v -12.591537 0.071585 -22.567528
v -12.578102 0.071585 -22.588028
v -12.596816 0.085804 -22.559469
v -12.596816 0.071585 -22.559469
v -12.601261 0.041290 -22.552685
v -12.601261 0.025804 -22.552685
v -12.578102 0.041290 -22.588028
v -12.591537 0.041290 -22.567528
v -12.568378 0.025804 -22.602871
v -12.568378 0.041290 -22.602871
v -12.470515 -0.025278 -22.553543
v -12.470515 0.054722 -22.553543
v -12.487056 0.054722 -22.528513
v -12.487056 -0.025278 -22.528513
v -12.445713 -0.025278 -22.537214
v -12.445713 0.054722 -22.537214
v -12.462276 -0.025278 -22.512205
v -12.462276 0.054722 -22.512205
v -12.136570 0.054722 -23.058907
v -12.153109 0.054722 -23.033879
v -12.153106 -0.025278 -23.033879
v -12.136570 -0.025278 -23.058907
v -12.127795 0.054722 -23.017218
v -12.127795 -0.025278 -23.017218
v -12.111232 0.054722 -23.042227
v -12.111232 -0.025278 -23.042227
v -12.099388 -0.029999 -23.216572
v -12.099388 0.030001 -23.216572
v -12.616112 0.030001 -22.431334
v -12.616112 -0.029999 -22.431334
v -11.980533 -0.029999 -23.138317
v -11.980533 0.030001 -23.138317
v -12.501095 -0.029999 -22.355620
v -12.501095 0.030001 -22.355620
v -12.427295 0.071585 -23.280043
v -12.445759 0.085804 -23.251322
v -12.445759 0.071585 -23.251322
v -12.440547 0.071585 -23.259426
v -12.422085 0.071585 -23.288147
v -12.422085 0.085804 -23.288147
v -12.450142 0.025804 -23.244499
v -12.417698 0.025804 -23.294972
v -12.417698 0.041290 -23.294972
v -12.427295 0.041290 -23.280043
v -12.440547 0.041290 -23.259426
v -12.450142 0.041290 -23.244499
v -12.779490 0.071585 -22.732161
v -12.779490 0.085804 -22.732161
v -12.797954 0.071585 -22.703442
v -12.784702 0.071585 -22.724058
v -12.803164 0.085804 -22.695336
v -12.803164 0.071585 -22.695336
v -12.807548 0.041290 -22.688515
v -12.807548 0.025804 -22.688515
v -12.784702 0.041290 -22.724058
v -12.797954 0.041290 -22.703442
v -12.775104 0.025804 -22.738985
v -12.775104 0.041290 -22.738985
v -12.677340 -0.025278 -22.689713
v -12.677345 0.054722 -22.689713
v -12.693661 0.054722 -22.664538
v -12.693661 -0.025278 -22.664540
v -12.652541 -0.025278 -22.673378
v -12.652541 0.054722 -22.673378
v -12.668888 -0.025278 -22.648224
v -12.668888 0.054722 -22.648224
v -12.347834 0.054722 -23.197983
v -12.364154 0.054722 -23.172810
v -12.364154 -0.025278 -23.172810
v -12.347834 -0.025278 -23.197983
v -12.338847 0.054722 -23.156147
v -12.338843 -0.025278 -23.156147
v -12.322498 0.054722 -23.181303
v -12.322498 -0.025278 -23.181303
v -12.311775 -0.029999 -23.356367
v -12.311775 0.030001 -23.356367
v -12.821597 0.030001 -22.566631
v -12.821597 -0.029999 -22.566631
v -12.192908 -0.029999 -23.278135
v -12.192908 0.030001 -23.278135
v -12.706599 -0.029999 -22.490910
v -12.706599 0.030001 -22.490910
v -12.641594 0.071585 -23.414808
v -12.659804 0.085804 -23.385925
v -12.659804 0.071585 -23.385925
v -12.654666 0.071585 -23.394076
v -12.636454 0.071585 -23.422959
v -12.636458 0.085804 -23.422959
v -12.664131 0.025804 -23.379067
v -12.632129 0.025804 -23.429819
v -12.632129 0.041290 -23.429819
v -12.641594 0.041290 -23.414808
v -12.654666 0.041290 -23.394076
v -12.664131 0.041290 -23.379067
v -12.988971 0.071585 -22.863859
v -12.988971 0.085804 -22.863859
v -13.007183 0.071585 -22.834976
v -12.994113 0.071585 -22.855711
v -13.012325 0.085804 -22.826826
v -13.012325 0.071585 -22.826826
v -13.016651 0.041290 -22.819966
v -13.016651 0.025804 -22.819966
v -12.994113 0.041290 -22.855711
v -13.007183 0.041290 -22.834976
v -12.984649 0.025804 -22.870720
v -12.984649 0.041290 -22.870720
v -12.885551 -0.025278 -22.823725
v -12.885551 0.054722 -22.823725
v -12.901649 0.054722 -22.798409
v -12.901649 -0.025278 -22.798409
v -12.860366 -0.025278 -22.808001
v -12.860366 0.054722 -22.808001
v -12.876491 -0.025278 -22.782704
v -12.876491 0.054722 -22.782704
v -12.560512 0.054722 -23.334864
v -12.576609 0.054722 -23.309550
v -12.576609 -0.025278 -23.309550
v -12.560512 -0.025278 -23.334864
v -12.550914 0.054722 -23.293501
v -12.550914 -0.025278 -23.293501
v -12.534790 0.054722 -23.318798
v -12.534790 -0.025278 -23.318798
v -12.526295 -0.029999 -23.492850
v -12.526295 0.030001 -23.492850
v -13.029170 0.030001 -22.698673
v -13.029170 -0.029999 -22.698673
v -12.405598 -0.029999 -23.417467
v -12.405598 0.030001 -23.417467
v -12.912368 -0.029999 -22.625771
v -12.912368 0.030001 -22.625771
v -12.856335 0.071585 -23.548882
v -12.874294 0.085804 -23.519840
v -12.874294 0.071585 -23.519840
v -12.869224 0.071585 -23.528034
v -12.851268 0.071585 -23.557076
v -12.851268 0.085804 -23.557076
v -12.878559 0.025804 -23.512942
v -12.847003 0.025804 -23.563975
v -12.847003 0.041290 -23.563975
v -12.856335 0.041290 -23.548882
v -12.869224 0.041290 -23.528034
v -12.878559 0.041290 -23.512942
v -13.198870 0.071585 -22.994906
v -13.198870 0.085804 -22.994906
v -13.216822 0.071585 -22.965864
v -13.203933 0.071585 -22.986712
v -13.221893 0.085804 -22.957672
v -13.221893 0.071585 -22.957672
v -13.226157 0.041290 -22.950772
v -13.226157 0.025804 -22.950772
v -13.203933 0.041290 -22.986712
v -13.216822 0.041290 -22.965864
v -13.194603 0.025804 -23.001805
v -13.194603 0.041290 -23.001805
v -13.095603 -0.025278 -22.954859
v -13.095603 0.054722 -22.954859
v -13.111481 0.054722 -22.929403
v -13.111477 -0.025278 -22.929403
v -13.070419 -0.025278 -22.939133
v -13.070419 0.054722 -22.939133
v -13.086319 -0.025278 -22.913695
v -13.086322 0.054722 -22.913695
v -12.775059 0.054722 -23.468828
v -12.790935 0.054722 -23.443373
v -12.790935 -0.025278 -23.443373
v -12.775059 -0.025278 -23.468826
v -12.765235 0.054722 -23.427326
v -12.765235 -0.025278 -23.427326
v -12.749332 0.054722 -23.452765
v -12.749332 -0.025278 -23.452765
v -12.741978 -0.029999 -23.627524
v -12.741978 0.030001 -23.627524
v -13.237872 0.030001 -22.828968
v -13.237872 -0.029999 -22.828968
v -12.621272 -0.029999 -23.552157
v -12.621272 0.030001 -23.552157
v -13.121078 -0.029999 -22.756046
v -13.121078 0.030001 -22.756046
v -13.071471 0.071585 -23.682308
v -13.089172 0.085804 -23.653111
v -13.089172 0.071585 -23.653111
v -13.084179 0.071585 -23.661349
v -13.066479 0.071585 -23.690546
v -13.066479 0.085804 -23.690546
v -13.093379 0.025804 -23.646174
v -13.062275 0.025804 -23.697483
v -13.062275 0.041290 -23.697483
v -13.071471 0.041290 -23.682308
v -13.084179 0.041290 -23.661349
v -13.093379 0.041290 -23.646174
v -13.409133 0.071585 -23.125349
v -13.409133 0.085804 -23.125349
v -13.426834 0.071585 -23.096152
v -13.414127 0.071585 -23.117111
v -13.431826 0.085804 -23.087916
v -13.431826 0.071585 -23.087916
v -13.436034 0.041290 -23.080979
v -13.436030 0.025804 -23.080979
v -13.414127 0.041290 -23.117111
v -13.426834 0.041290 -23.096152
v -13.404926 0.025804 -23.132286
v -13.404926 0.041290 -23.132286
v -13.305649 -0.025278 -23.086014
v -13.305649 0.054722 -23.086014
v -13.321300 0.054722 -23.060419
v -13.321300 -0.025278 -23.060419
v -13.280459 -0.025278 -23.070284
v -13.280459 0.054722 -23.070284
v -13.296138 -0.025278 -23.044707
v -13.296138 0.054722 -23.044707
v -12.989624 0.054722 -23.602776
v -13.005275 0.054722 -23.577183
v -13.005275 -0.025278 -23.577183
v -12.989624 -0.025278 -23.602776
v -12.979572 0.054722 -23.561136
v -12.979572 -0.025278 -23.561136
v -12.963893 0.054722 -23.586712
v -12.963893 -0.025278 -23.586712
v -12.957679 -0.029999 -23.762161
v -12.957679 0.030001 -23.762161
v -13.446547 0.030001 -22.959288
v -13.446547 -0.029999 -22.959288
v -12.836960 -0.029999 -23.686817
v -12.836960 0.030001 -23.686817
v -13.329764 -0.029999 -22.886353
v -13.329769 0.030001 -22.886353
v -13.289371 0.071585 -23.811182
v -13.306816 0.085804 -23.781830
v -13.306816 0.071585 -23.781830
v -13.301894 0.071585 -23.790114
v -13.284450 0.071585 -23.819464
v -13.284450 0.085804 -23.819464
v -13.310958 0.025804 -23.774859
v -13.280304 0.025804 -23.826437
v -13.280304 0.041290 -23.826437
v -13.289371 0.041290 -23.811182
v -13.301894 0.041290 -23.790114
v -13.310958 0.041290 -23.774859
v -13.622127 0.071585 -23.251280
v -13.622127 0.085804 -23.251280
v -13.639572 0.071585 -23.221930
v -13.627052 0.071585 -23.242998
v -13.644497 0.085804 -23.213646
v -13.644497 0.071585 -23.213646
v -13.648639 0.041290 -23.206675
v -13.648639 0.025804 -23.206675
v -13.627052 0.041290 -23.242998
v -13.639572 0.041290 -23.221930
v -13.617985 0.025804 -23.258253
v -13.617985 0.041290 -23.258253
v -13.517810 -0.025278 -23.213671
v -13.517810 0.054722 -23.213671
v -13.533236 0.054722 -23.187941
v -13.533236 -0.025278 -23.187941
v -13.492247 -0.025278 -23.198557
v -13.492247 0.054722 -23.198557
v -13.507701 -0.025278 -23.172842
v -13.507701 0.054722 -23.172842
v -13.206333 0.054722 -23.733187
v -13.221759 0.054722 -23.707457
v -13.221759 -0.025278 -23.707457
v -13.206333 -0.025278 -23.733187
v -13.195678 0.054722 -23.692030
v -13.195678 -0.025278 -23.692030
v -13.180224 0.054722 -23.717743
v -13.180224 -0.025278 -23.717743
v -13.176231 -0.029999 -23.892126
v -13.176231 0.030001 -23.892126
v -13.658031 0.030001 -23.084994
v -13.658031 -0.029999 -23.084994
v -13.053738 -0.029999 -23.819679
v -13.053740 0.030001 -23.819679
v -13.539504 -0.029999 -23.014921
v -13.539504 0.030001 -23.014921
v -13.507281 0.071585 -23.940031
v -13.524470 0.085804 -23.910528
v -13.524470 0.071585 -23.910528
v -13.519618 0.071585 -23.918854
v -13.502436 0.071585 -23.948357
v -13.502436 0.085804 -23.948357
v -13.528552 0.025804 -23.903519
v -13.498352 0.025804 -23.955366
v -13.498352 0.041290 -23.955366
v -13.507281 0.041290 -23.940031
v -13.519618 0.041290 -23.918854
v -13.528552 0.041290 -23.903519
v -13.835112 0.071585 -23.377230
v -13.835112 0.085804 -23.377230
v -13.852298 0.071585 -23.347725
v -13.839961 0.071585 -23.368906
v -13.857147 0.085804 -23.339401
v -13.857147 0.071585 -23.339401
v -13.861232 0.041290 -23.332394
v -13.861232 0.025804 -23.332394
v -13.839961 0.041290 -23.368906
v -13.852298 0.041290 -23.347725
v -13.831031 0.025804 -23.384239
v -13.831031 0.041290 -23.384239
v -13.730961 -0.025278 -23.339710
v -13.730965 0.054722 -23.339710
v -13.746161 0.054722 -23.313845
v -13.746161 -0.025278 -23.313845
v -13.705395 -0.025278 -23.324587
v -13.705398 0.054722 -23.324587
v -13.720622 -0.025278 -23.298739
v -13.720622 0.054722 -23.298739
v -13.424060 0.054722 -23.861939
v -13.439258 0.054722 -23.836075
v -13.439258 -0.025278 -23.836075
v -13.424060 -0.025278 -23.861939
v -13.413170 0.054722 -23.820646
v -13.413170 -0.025278 -23.820646
v -13.397944 0.054722 -23.846495
v -13.397944 -0.025278 -23.846495
v -13.395100 -0.029999 -24.021549
v -13.395103 0.030001 -24.021549
v -13.869800 0.030001 -23.210217
v -13.869800 -0.029999 -23.210217
v -13.272606 -0.029999 -23.949120
v -13.272606 0.030001 -23.949120
v -13.751281 -0.029999 -23.140129
v -13.751281 0.030001 -23.140127
v -13.726330 0.071585 -24.066912
v -13.743255 0.085804 -24.037258
v -13.743255 0.071585 -24.037258
v -13.738482 0.071585 -24.045626
v -13.721554 0.071585 -24.075279
v -13.721554 0.085804 -24.075279
v -13.747279 0.025804 -24.030214
v -13.717533 0.025804 -24.082323
v -13.717533 0.041290 -24.082323
v -13.726330 0.041290 -24.066912
v -13.738482 0.041290 -24.045626
v -13.747279 0.041290 -24.030214
v -14.049205 0.071585 -23.501251
v -14.049205 0.085804 -23.501251
v -14.066128 0.071585 -23.471600
v -14.053982 0.071585 -23.492886
v -14.070904 0.085804 -23.463232
v -14.070904 0.071585 -23.463232
v -14.074927 0.041290 -23.456188
v -14.074927 0.025804 -23.456188
v -14.053982 0.041290 -23.492886
v -14.066128 0.041290 -23.471600
v -14.045184 0.025804 -23.508297
v -14.045184 0.041290 -23.508297
v -13.944095 -0.025278 -23.465761
v -13.944095 0.054722 -23.465761
v -13.959072 0.054722 -23.439764
v -13.959067 -0.025278 -23.439764
v -13.918537 -0.025278 -23.450642
v -13.918537 0.054722 -23.450642
v -13.933535 -0.025278 -23.424660
v -13.933535 0.054722 -23.424660
v -13.641792 0.054722 -23.990664
v -13.656764 0.054722 -23.964668
v -13.656764 -0.025278 -23.964668
v -13.641792 -0.025278 -23.990664
v -13.630679 0.054722 -23.949248
v -13.630679 -0.025278 -23.949248
v -13.615680 0.054722 -23.975228
v -13.615680 -0.025278 -23.975228
v -13.614448 -0.029999 -24.150150
v -13.614451 0.030001 -24.150150
v -14.082004 0.030001 -23.334679
v -14.082004 -0.029999 -23.334679
v -13.491482 -0.029999 -24.078530
v -13.491482 0.030001 -24.078530
v -13.963038 -0.029999 -23.265366
v -13.963038 0.030001 -23.265366
v -13.947292 0.071585 -24.190476
v -13.963954 0.085804 -24.160675
v -13.963954 0.071585 -24.160675
v -13.959255 0.071585 -24.169083
v -13.942588 0.071585 -24.198885
v -13.942588 0.085804 -24.198885
v -13.967913 0.025804 -24.153595
v -13.938629 0.025804 -24.205963
v -13.938629 0.041290 -24.205963
v -13.947292 0.041290 -24.190476
v -13.959255 0.041290 -24.169083
v -13.967913 0.041290 -24.153595
v -14.265178 0.071585 -23.622000
v -14.265178 0.085804 -23.621998
v -14.281840 0.071585 -23.592198
v -14.269882 0.071585 -23.613590
v -14.286544 0.085804 -23.583788
v -14.286544 0.071585 -23.583788
v -14.290503 0.041290 -23.576710
v -14.290503 0.025804 -23.576710
v -14.269882 0.041290 -23.613590
v -14.281840 0.041290 -23.592198
v -14.261219 0.025804 -23.629078
v -14.261219 0.041290 -23.629078
v -14.160030 -0.025278 -23.586947
v -14.160030 0.054722 -23.586947
v -14.174770 0.054722 -23.560818
v -14.174770 -0.025278 -23.560818
v -14.134106 -0.025278 -23.572457
v -14.134106 0.054722 -23.572457
v -14.148876 -0.025278 -23.546343
v -14.148876 0.054722 -23.546343
v -13.862346 0.054722 -24.114489
v -13.877090 0.054722 -24.088362
v -13.877090 -0.025278 -24.088360
v -13.862346 -0.025278 -24.114489
v -13.850642 0.054722 -24.073572
v -13.850639 -0.025278 -24.073572
v -13.835869 0.054722 -24.099684
v -13.835869 -0.025278 -24.099684
v -13.836376 -0.029999 -24.274273
v -13.836379 0.030001 -24.274273
v -14.296745 0.030001 -23.454722
v -14.296745 -0.029999 -23.454722
v -13.712172 -0.029999 -24.204811
v -13.712172 0.030001 -24.204811
v -14.176566 -0.029999 -23.387535
v -14.176566 0.030001 -23.387535
v -14.168270 0.071585 -24.314018
v -14.184669 0.085804 -24.284073
v -14.184669 0.071585 -24.284073
v -14.180041 0.071585 -24.292523
v -14.163638 0.071585 -24.322468
v -14.163638 0.085804 -24.322468
v -14.188564 0.025804 -24.276959
v -14.159743 0.025804 -24.329580
v -14.159743 0.041290 -24.329580
v -14.168270 0.041290 -24.314018
v -14.180041 0.041290 -24.292523
v -14.188564 0.041290 -24.276959
v -14.481148 0.071585 -23.742769
v -14.481148 0.085804 -23.742769
v -14.497547 0.071585 -23.712824
v -14.485774 0.071585 -23.734320
v -14.502178 0.085804 -23.704373
v -14.502178 0.071585 -23.704373
v -14.506073 0.041290 -23.697260
v -14.506073 0.025804 -23.697260
v -14.485774 0.041290 -23.734320
v -14.497547 0.041290 -23.712824
v -14.477248 0.025804 -23.749884
v -14.477248 0.041290 -23.749884
v -14.376155 -0.025278 -23.707796
v -14.376155 0.054722 -23.707796
v -14.390667 0.054722 -23.681540
v -14.390667 -0.025278 -23.681540
v -14.350241 -0.025278 -23.693304
v -14.350241 0.054722 -23.693304
v -14.364780 -0.025278 -23.667063
v -14.364780 0.054722 -23.667063
v -14.083122 0.054722 -24.237932
v -14.097637 0.054722 -24.211678
v -14.097632 -0.025278 -24.211678
v -14.083122 -0.025278 -24.237932
v -14.071193 0.054722 -24.196892
v -14.071193 -0.025278 -24.196892
v -14.056652 0.054722 -24.223133
v -14.056652 -0.025278 -24.223133
v -14.058323 -0.029999 -24.398358
v -14.058323 0.030001 -24.398358
v -14.511470 0.030001 -23.574793
v -14.511470 -0.029999 -23.574793
v -13.934112 -0.029999 -24.328915
v -13.934112 0.030001 -24.328915
v -14.391303 -0.029999 -23.507590
v -14.391303 0.030001 -23.507590
v -14.391044 0.071585 -24.434250
v -14.407184 0.085804 -24.404162
v -14.407184 0.071585 -24.404162
v -14.402629 0.071585 -24.412651
v -14.386494 0.071585 -24.442742
v -14.386494 0.085804 -24.442742
v -14.411017 0.025804 -24.397015
v -14.382660 0.025804 -24.449888
v -14.382660 0.041290 -24.449888
v -14.391044 0.041290 -24.434250
v -14.402629 0.041290 -24.412651
v -14.411017 0.041290 -24.397015
v -14.698887 0.071585 -23.860274
v -14.698887 0.085804 -23.860274
v -14.715022 0.071585 -23.830183
v -14.703440 0.071585 -23.851782
v -14.719577 0.085804 -23.821694
v -14.719577 0.071585 -23.821694
v -14.723410 0.041290 -23.814545
v -14.723410 0.025804 -23.814545
v -14.703440 0.041290 -23.851782
v -14.715022 0.041290 -23.830183
v -14.695053 0.025804 -23.867420
v -14.695053 0.041290 -23.867420
v -14.592785 -0.025278 -23.827719
v -14.592785 0.054722 -23.827719
v -14.607062 0.054722 -23.801335
v -14.607062 -0.025278 -23.801335
v -14.566524 -0.025278 -23.813864
v -14.566524 0.054722 -23.813864
v -14.580832 -0.025278 -23.787495
v -14.580832 0.054722 -23.787495
v -14.304424 0.054722 -24.360411
v -14.318706 0.054722 -24.334028
v -14.318706 -0.025278 -24.334028
v -14.304424 -0.025278 -24.360411
v -14.291911 0.054722 -24.319885
v -14.291911 -0.025278 -24.319885
v -14.277603 0.054722 -24.346253
v -14.277603 -0.025278 -24.346251
v -14.281448 -0.029999 -24.520304
v -14.281448 0.030001 -24.520304
v -14.727332 0.030001 -23.692784
v -14.727332 -0.029999 -23.692784
v -14.156071 -0.029999 -24.452994
v -14.156071 0.030001 -24.452994
v -14.606025 -0.029999 -23.627682
v -14.606025 0.030001 -23.627682
v -14.614940 0.071585 -24.552420
v -14.630809 0.085804 -24.522188
v -14.630809 0.071585 -24.522188
v -14.626335 0.071585 -24.530718
v -14.610461 0.071585 -24.560950
v -14.610461 0.085804 -24.560950
v -14.634581 0.025804 -24.515007
v -14.606689 0.025804 -24.568129
v -14.606689 0.041290 -24.568129
v -14.614940 0.041290 -24.552420
v -14.626330 0.041290 -24.530718
v -14.634581 0.041290 -24.515007
v -14.917717 0.071585 -23.975754
v -14.917717 0.085804 -23.975754
v -14.933590 0.071585 -23.945524
v -14.922194 0.071585 -23.967222
v -14.938068 0.085804 -23.936993
v -14.938068 0.071585 -23.936993
v -14.941837 0.041290 -23.929812
v -14.941837 0.025804 -23.929812
v -14.922194 0.041290 -23.967222
v -14.933590 0.041290 -23.945524
v -14.913948 0.025804 -23.982935
v -14.913948 0.041290 -23.982935
v -14.811782 -0.025278 -23.943276
v -14.811787 0.054722 -23.943276
v -14.825831 0.054722 -23.916769
v -14.825831 -0.025278 -23.916769
v -14.785521 -0.025278 -23.929419
v -14.785521 0.054722 -23.929419
v -14.799599 -0.025278 -23.902926
v -14.799599 0.054722 -23.902926
v -14.528125 0.054722 -24.478487
v -14.542170 0.054722 -24.451981
v -14.542170 -0.025278 -24.451981
v -14.528125 -0.025278 -24.478487
v -14.515372 0.054722 -24.437836
v -14.515372 -0.025278 -24.437836
v -14.501297 0.054722 -24.464331
v -14.501297 -0.025278 -24.464331
v -14.506331 -0.029999 -24.639008
v -14.506331 0.030001 -24.639006
v -14.944918 0.030001 -23.807596
v -14.944918 -0.029999 -23.807596
v -14.380465 -0.029999 -24.572577
v -14.380470 0.030001 -24.572577
v -14.823147 -0.029999 -23.743338
v -14.823147 0.030001 -23.743338
v -14.838847 0.071585 -24.670563
v -14.854449 0.085804 -24.640194
v -14.854449 0.071585 -24.640194
v -14.850048 0.071585 -24.648764
v -14.834442 0.071585 -24.679133
v -14.834442 0.085804 -24.679131
v -14.858158 0.025804 -24.632981
v -14.830734 0.025804 -24.686346
v -14.830734 0.041290 -24.686346
v -14.838847 0.041290 -24.670563
v -14.850048 0.041290 -24.648764
v -14.858158 0.041290 -24.632981
v -15.136537 0.071585 -24.091255
v -15.136537 0.085804 -24.091255
v -15.152143 0.071585 -24.060887
v -15.140940 0.071585 -24.082686
v -15.156546 0.085804 -24.052317
v -15.156546 0.071585 -24.052317
v -15.160253 0.041290 -24.045103
v -15.160253 0.025804 -24.045103
v -15.140940 0.041290 -24.082686
v -15.152143 0.041290 -24.060887
v -15.132829 0.025804 -24.098469
v -15.132829 0.041290 -24.098469
v -15.030776 -0.025278 -24.058857
v -15.030776 0.054722 -24.058857
v -15.044588 0.054722 -24.032227
v -15.044588 -0.025278 -24.032227
v -15.004508 -0.025278 -24.044991
v -15.004508 0.054722 -24.044991
v -15.018351 -0.025278 -24.018377
v -15.018351 0.054722 -24.018377
v -14.751838 0.054722 -24.596544
v -14.765652 0.054722 -24.569914
v -14.765652 -0.025278 -24.569914
v -14.751834 -0.025278 -24.596544
v -14.738846 0.054722 -24.555767
v -14.738846 -0.025278 -24.555767
v -14.725001 0.054722 -24.582384
v -14.725001 -0.025278 -24.582384
v -14.731227 -0.029999 -24.757673
v -14.731227 0.030001 -24.757673
v -15.162477 0.030001 -23.922436
v -15.162477 -0.029999 -23.922436
v -14.605358 -0.029999 -24.691261
v -14.605358 0.030001 -24.691261
v -15.040717 -0.029999 -23.858158
v -15.040717 0.030001 -23.858160
v -15.065150 0.071585 -24.784035
v -15.080485 0.085804 -24.753529
v -15.080485 0.071585 -24.753529
v -15.076159 0.071585 -24.762137
v -15.060820 0.071585 -24.792643
v -15.060820 0.085804 -24.792641
v -15.084127 0.025804 -24.746283
v -15.057177 0.025804 -24.799887
v -15.057177 0.041290 -24.799887
v -15.065150 0.041290 -24.784035
v -15.076159 0.041290 -24.762137
v -15.084127 0.041290 -24.746283
v -15.357726 0.071585 -24.202128
v -15.357726 0.085804 -24.202128
v -15.373064 0.071585 -24.171621
v -15.362056 0.071585 -24.193520
v -15.377391 0.085804 -24.163014
v -15.377391 0.071585 -24.163014
v -15.381034 0.041290 -24.155768
v -15.381034 0.025804 -24.155768
v -15.362051 0.041290 -24.193520
v -15.373064 0.041290 -24.171621
v -15.354083 0.025804 -24.209372
v -15.354083 0.041290 -24.209372
v -15.250910 -0.025278 -24.172184
v -15.250910 0.054722 -24.172184
v -15.264491 0.054722 -24.145432
v -15.264491 -0.025278 -24.145432
v -15.224317 -0.025278 -24.158970
v -15.224322 0.054722 -24.158970
v -15.237929 -0.025278 -24.132233
v -15.237929 0.054722 -24.132233
v -14.976719 0.054722 -24.712303
v -14.990298 0.054722 -24.685555
v -14.990298 -0.025278 -24.685555
v -14.976719 -0.025278 -24.712303
v -14.963164 0.054722 -24.672064
v -14.963164 -0.025278 -24.672064
v -14.949558 0.054722 -24.698801
v -14.949554 -0.025278 -24.698801
v -14.957916 -0.029999 -24.872849
v -14.957916 0.030001 -24.872849
v -15.381797 0.030001 -24.033848
v -15.381792 -0.029999 -24.033848
v -14.830481 -0.029999 -24.809483
v -14.830481 0.030001 -24.809483
v -15.258494 -0.029999 -23.972580
v -15.258494 0.030001 -23.972580
v -15.291854 0.071585 -24.896723
v -15.306921 0.085804 -24.866085
v -15.306921 0.071585 -24.866085
v -15.302668 0.071585 -24.874729
v -15.287600 0.071585 -24.905369
v -15.287600 0.085804 -24.905369
v -15.310500 0.025804 -24.858807
v -15.284021 0.025804 -24.912647
v -15.284021 0.041290 -24.912647
v -15.291854 0.041290 -24.896723
v -15.302668 0.041290 -24.874729
v -15.310500 0.041290 -24.858807
v -15.579291 0.071585 -24.312262
v -15.579291 0.085804 -24.312262
v -15.594359 0.071585 -24.281622
v -15.583545 0.071585 -24.303616
v -15.598612 0.085804 -24.272976
v -15.598612 0.071585 -24.272976
v -15.602191 0.041290 -24.265700
v -15.602191 0.025804 -24.265700
v -15.583545 0.041290 -24.303616
v -15.594359 0.041290 -24.281622
v -15.575712 0.025804 -24.319540
v -15.575712 0.041290 -24.319540
v -15.472648 -0.025278 -24.282389
v -15.472648 0.054722 -24.282389
v -15.485990 0.054722 -24.255520
v -15.485990 -0.025278 -24.255518
v -15.446055 -0.025278 -24.269169
v -15.446055 0.054722 -24.269169
v -15.459430 -0.025278 -24.242315
v -15.459430 0.054722 -24.242314
v -15.203223 0.054722 -24.824904
v -15.216567 0.054722 -24.798035
v -15.216567 -0.025278 -24.798035
v -15.203223 -0.025278 -24.824904
v -15.189433 0.054722 -24.784546
v -15.189433 -0.025278 -24.784546
v -15.176058 0.054722 -24.811402
v -15.176058 -0.025278 -24.811402
v -15.185621 -0.029999 -24.986044
v -15.185621 0.030001 -24.986044
v -15.602092 0.030001 -24.143339
v -15.602092 -0.029999 -24.143339
v -15.058184 -0.029999 -24.922701
v -15.058184 0.030001 -24.922701
v -15.478803 -0.029999 -24.082060
v -15.478803 0.030001 -24.082060
v -15.518831 0.071585 -25.008856
v -15.533629 0.085804 -24.978085
v -15.533629 0.071585 -24.978087
v -15.529456 0.071585 -24.986767
v -15.514658 0.071585 -25.017538
v -15.514658 0.085804 -25.017538
v -15.537145 0.025804 -24.970776
v -15.511142 0.025804 -25.024849
v -15.511142 0.041290 -25.024847
v -15.518831 0.041290 -25.008856
v -15.529456 0.041290 -24.986767
v -15.537145 0.041290 -24.970774
v -15.801111 0.071585 -24.421883
v -15.801111 0.085804 -24.421883
v -15.815909 0.071585 -24.391113
v -15.805285 0.071585 -24.413201
v -15.820085 0.085804 -24.382431
v -15.820085 0.071585 -24.382431
v -15.823600 0.041290 -24.375120
v -15.823600 0.025804 -24.375120
v -15.805285 0.041290 -24.413201
v -15.815909 0.041290 -24.391113
v -15.797595 0.025804 -24.429194
v -15.797595 0.041290 -24.429194
v -15.694373 -0.025278 -24.392611
v -15.694373 0.054722 -24.392613
v -15.707479 0.054722 -24.365627
v -15.707479 -0.025278 -24.365627
v -15.667787 -0.025278 -24.379397
v -15.667787 0.054722 -24.379397
v -15.680922 -0.025278 -24.352425
v -15.680922 0.054722 -24.352425
v -15.429735 0.054722 -24.937481
v -15.442842 0.054722 -24.910496
v -15.442842 -0.025278 -24.910496
v -15.429735 -0.025278 -24.937481
v -15.415712 0.054722 -24.897015
v -15.415712 -0.025278 -24.897015
v -15.402579 0.054722 -24.923985
v -15.402579 -0.025278 -24.923985
v -15.413339 -0.029999 -25.099205
v -15.413339 0.030001 -25.099205
v -15.822375 0.030001 -24.252865
v -15.822375 -0.029999 -24.252865
v -15.285894 -0.029999 -25.035881
v -15.285894 0.030001 -25.035881
v -15.699096 -0.029999 -24.191567
v -15.699096 0.030001 -24.191567
v -15.748209 0.071585 -25.116007
v -15.762735 0.085804 -25.085104
v -15.762735 0.071585 -25.085104
v -15.758638 0.071585 -25.093825
v -15.744112 0.071585 -25.124724
v -15.744112 0.085804 -25.124724
v -15.766188 0.025804 -25.077765
v -15.740661 0.025804 -25.132065
v -15.740661 0.041290 -25.132065
v -15.748209 0.041290 -25.116005
v -15.758638 0.041290 -25.093825
v -15.766188 0.041290 -25.077765
v -16.025302 0.071585 -24.526566
v -16.025302 0.085804 -24.526566
v -16.039828 0.071585 -24.495667
v -16.029398 0.071585 -24.517847
v -16.043924 0.085804 -24.486946
v -16.043924 0.071585 -24.486946
v -16.047376 0.041290 -24.479607
v -16.047376 0.025804 -24.479607
v -16.029398 0.041290 -24.517849
v -16.039828 0.041290 -24.495667
v -16.021850 0.025804 -24.533907
v -16.021850 0.041290 -24.533907
v -15.917827 -0.025278 -24.499247
v -15.917827 0.054722 -24.499247
v -15.930696 0.054722 -24.472147
v -15.930696 -0.025278 -24.472147
v -15.890925 -0.025278 -24.486689
v -15.890925 0.054722 -24.486689
v -15.903823 -0.025278 -24.459603
v -15.903823 0.054722 -24.459603
v -15.658003 0.054722 -25.046427
v -15.670870 0.054722 -25.019327
v -15.670870 -0.025278 -25.019327
v -15.658003 -0.025278 -25.046427
v -15.643424 0.054722 -25.006508
v -15.643420 -0.025278 -25.006508
v -15.630526 0.054722 -25.033594
v -15.630526 -0.025278 -25.033594
v -15.643412 -0.029999 -25.207520
v -15.643412 0.030001 -25.207520
v -16.044963 0.030001 -24.357605
v -16.044963 -0.029999 -24.357605
v -15.514472 -0.029999 -25.147286
v -15.514472 0.030001 -25.147286
v -15.920215 -0.029999 -24.299362
v -15.920215 0.030001 -24.299362
v -15.977602 0.071585 -25.223135
v -15.991858 0.085804 -25.192110
v -15.991858 0.071585 -25.192110
v -15.987834 0.071585 -25.200863
v -15.973581 0.071585 -25.231890
v -15.973581 0.085804 -25.231890
v -15.995242 0.025804 -25.184738
v -15.970199 0.025804 -25.239262
v -15.970199 0.041290 -25.239262
v -15.977602 0.041290 -25.223135
v -15.987834 0.041290 -25.200863
v -15.995242 0.041290 -25.184738
v -16.249488 0.071585 -24.631275
v -16.249488 0.085804 -24.631275
v -16.263738 0.071585 -24.600249
v -16.253508 0.071585 -24.622521
v -16.267764 0.085804 -24.591494
v -16.267764 0.071585 -24.591494
v -16.271148 0.041290 -24.584124
v -16.271148 0.025804 -24.584124
v -16.253508 0.041290 -24.622521
v -16.263738 0.041290 -24.600249
v -16.246099 0.025804 -24.638647
v -16.246099 0.041290 -24.638647
v -16.142177 -0.025278 -24.604023
v -16.142177 0.054722 -24.604023
v -16.154802 0.054722 -24.576809
v -16.154802 -0.025278 -24.576809
v -16.115275 -0.025278 -24.591458
v -16.115275 0.054722 -24.591458
v -16.127931 -0.025278 -24.564259
v -16.127931 0.054722 -24.564259
v -15.887191 0.054722 -25.153473
v -15.899821 0.054722 -25.126261
v -15.899821 -0.025278 -25.126261
v -15.887191 -0.025278 -25.153473
v -15.872367 0.054722 -25.113440
v -15.872367 -0.025278 -25.113440
v -15.859709 0.054722 -25.140639
v -15.859709 -0.025278 -25.140639
v -15.873812 -0.029999 -25.315129
v -15.873812 0.030001 -25.315129
v -16.267855 0.030001 -24.461706
v -16.267855 -0.029999 -24.461706
v -15.744863 -0.029999 -25.254910
v -15.744863 0.030001 -25.254910
v -16.143114 -0.029999 -24.403443
v -16.143114 0.030001 -24.403443
v -16.207835 0.071585 -25.328396
v -16.221816 0.085804 -25.297245
v -16.221816 0.071585 -25.297245
v -16.217872 0.071585 -25.306034
v -16.203890 0.071585 -25.337187
v -16.203890 0.085804 -25.337187
v -16.225138 0.025804 -25.289847
v -16.200571 0.025804 -25.344588
v -16.200571 0.041290 -25.344588
v -16.207835 0.041290 -25.328396
v -16.217872 0.041290 -25.306034
v -16.225138 0.041290 -25.289847
v -16.474486 0.071585 -24.734162
v -16.474486 0.085804 -24.734162
v -16.488467 0.071585 -24.703011
v -16.478431 0.071585 -24.725372
v -16.492410 0.085804 -24.694222
v -16.492410 0.071585 -24.694222
v -16.495729 0.041290 -24.686821
v -16.495729 0.025804 -24.686821
v -16.478431 0.041290 -24.725372
v -16.488467 0.041290 -24.703011
v -16.471166 0.025804 -24.741564
v -16.471166 0.041290 -24.741564
v -16.366515 -0.025278 -24.708815
v -16.366515 0.054722 -24.708815
v -16.378905 0.054722 -24.681490
v -16.378905 -0.025278 -24.681490
v -16.339617 -0.025278 -24.696249
v -16.339617 0.054722 -24.696249
v -16.352034 -0.025278 -24.668940
v -16.352034 0.054722 -24.668940
v -16.116384 0.054722 -25.260493
v -16.128771 0.054722 -25.233170
v -16.128771 -0.025278 -25.233170
v -16.116384 -0.025278 -25.260493
v -16.101320 0.054722 -25.220352
v -16.101320 -0.025278 -25.220352
v -16.088904 0.054722 -25.247662
v -16.088904 -0.025278 -25.247662
v -16.104509 -0.029999 -25.422085
v -16.104509 0.030001 -25.422085
v -16.491007 0.030001 -24.565222
v -16.491007 -0.029999 -24.565220
v -15.975276 -0.029999 -25.362501
v -15.975276 0.030001 -25.362501
v -16.366000 -0.029999 -24.507553
v -16.366000 0.030001 -24.507553
v -16.439768 0.071585 -25.429907
v -16.453471 0.085804 -25.398632
v -16.453471 0.071585 -25.398632
v -16.449607 0.071585 -25.407458
v -16.435903 0.071585 -25.438730
v -16.435903 0.085804 -25.438730
v -16.456729 0.025804 -25.391205
v -16.432647 0.025804 -25.446160
v -16.432647 0.041290 -25.446160
v -16.439768 0.041290 -25.429907
v -16.449607 0.041290 -25.407458
v -16.456729 0.041290 -25.391205
v -16.701162 0.071585 -24.833340
v -16.701162 0.085804 -24.833340
v -16.714865 0.071585 -24.802067
v -16.705030 0.071585 -24.824516
v -16.718733 0.085804 -24.793244
v -16.718733 0.071585 -24.793244
v -16.721988 0.041290 -24.785813
v -16.721988 0.025804 -24.785813
v -16.705030 0.041290 -24.824516
v -16.714865 0.041290 -24.802067
v -16.697909 0.025804 -24.840771
v -16.697909 0.041290 -24.840771
v -16.593089 -0.025278 -24.808668
v -16.593089 0.054722 -24.808668
v -16.605235 0.054722 -24.781237
v -16.605235 -0.025278 -24.781237
v -16.565890 -0.025278 -24.796768
v -16.565890 0.054722 -24.796768
v -16.578066 -0.025278 -24.769348
v -16.578066 0.054722 -24.769348
v -16.347838 0.054722 -25.362534
v -16.359983 0.054722 -25.335102
v -16.359983 -0.025278 -25.335102
v -16.347838 -0.025278 -25.362534
v -16.332228 0.054722 -25.322954
v -16.332224 -0.025278 -25.322954
v -16.320052 0.054722 -25.350372
v -16.320052 -0.025278 -25.350372
v -16.337466 -0.029999 -25.524056
v -16.337466 0.030001 -25.524056
v -16.716387 0.030001 -24.663813
v -16.716387 -0.029999 -24.663813
v -16.207086 -0.029999 -25.466995
v -16.207086 0.030001 -25.466995
v -16.590255 -0.029999 -24.608633
v -16.590257 0.030001 -24.608633
v -16.671713 0.071585 -25.531393
v -16.685137 0.085804 -25.500000
v -16.685137 0.071585 -25.500000
v -16.681349 0.071585 -25.508858
v -16.667925 0.071585 -25.540251
v -16.667925 0.085804 -25.540251
v -16.688326 0.025804 -25.492542
v -16.664732 0.025805 -25.547709
v -16.664732 0.041291 -25.547709
v -16.671713 0.041291 -25.531393
v -16.681349 0.041290 -25.508858
v -16.688326 0.041290 -25.492542
v -16.927829 0.071585 -24.932543
v -16.927829 0.085804 -24.932543
v -16.941256 0.071585 -24.901150
v -16.931620 0.071585 -24.923685
v -16.945044 0.085804 -24.892292
v -16.945044 0.071585 -24.892292
v -16.948232 0.041291 -24.884834
v -16.948232 0.025805 -24.884834
v -16.931620 0.041290 -24.923685
v -16.941256 0.041291 -24.901150
v -16.924640 0.025805 -24.940001
v -16.924640 0.041290 -24.940001
v -16.819926 -0.025278 -24.907932
v -16.819926 0.054723 -24.907932
v -16.831827 0.054722 -24.880396
v -16.831827 -0.025278 -24.880396
v -16.792727 -0.025278 -24.896031
v -16.792727 0.054722 -24.896031
v -16.804664 -0.025278 -24.868506
v -16.804664 0.054723 -24.868506
v -16.579573 0.054723 -25.463940
v -16.591479 0.054723 -25.436402
v -16.591475 -0.025278 -25.436402
v -16.579573 -0.025278 -25.463940
v -16.563723 0.054723 -25.424257
v -16.563720 -0.025278 -25.424257
v -16.551786 0.054722 -25.451782
v -16.551786 -0.025278 -25.451782
v -16.570436 -0.029999 -25.625998
v -16.570436 0.030002 -25.625998
v -16.941748 0.030002 -24.762442
v -16.941748 -0.029999 -24.762442
v -16.440051 -0.029999 -25.568949
v -16.440051 0.030001 -25.568949
v -16.815627 -0.029999 -24.707239
v -16.815627 0.030001 -24.707239
v -16.905002 0.071586 -25.629704
v -16.918146 0.085805 -25.598192
v -16.918146 0.071586 -25.598192
v -16.914438 0.071586 -25.607084
v -16.901290 0.071586 -25.638594
v -16.901290 0.085805 -25.638594
v -16.921270 0.025805 -25.590706
v -16.898166 0.025805 -25.646080
v -16.898166 0.041291 -25.646080
v -16.905002 0.041291 -25.629704
v -16.914438 0.041291 -25.607084
v -16.921270 0.041291 -25.590706
v -17.155818 0.071586 -25.028614
v -17.155818 0.085805 -25.028614
v -17.168966 0.071586 -24.997103
v -17.159530 0.071586 -25.019724
v -17.172678 0.085805 -24.988215
v -17.172678 0.071586 -24.988213
v -17.175798 0.041291 -24.980728
v -17.175798 0.025805 -24.980728
v -17.159530 0.041291 -25.019724
v -17.168966 0.041291 -24.997103
v -17.152697 0.025805 -25.036099
v -17.152697 0.041291 -25.036099
v -17.047045 -0.025277 -25.006554
v -17.047045 0.054723 -25.006554
v -17.058702 0.054723 -24.978913
v -17.058702 -0.025277 -24.978913
v -17.019557 -0.025277 -24.995314
v -17.019561 0.054723 -24.995314
v -17.031249 -0.025277 -24.967684
v -17.031249 0.054723 -24.967684
v -16.811609 0.054723 -25.564659
v -16.823268 0.054723 -25.537020
v -16.823268 -0.025277 -25.537020
v -16.811609 -0.025277 -25.564661
v -16.795222 0.054723 -25.525543
v -16.795222 -0.025277 -25.525543
v -16.783534 0.054723 -25.553171
v -16.783534 -0.025277 -25.553171
v -16.804232 -0.029998 -25.725992
v -16.804232 0.030002 -25.725992
v -17.167903 0.030002 -24.859192
v -17.167903 -0.029998 -24.859192
v -16.673029 -0.029998 -25.670876
v -16.673029 0.030002 -25.670876
v -17.040979 -0.029998 -24.805884
v -17.040979 0.030002 -24.805884
v -17.139353 0.071586 -25.725493
v -17.152224 0.085805 -25.693867
v -17.152224 0.071586 -25.693867
v -17.148592 0.071586 -25.702791
v -17.135721 0.071586 -25.734415
v -17.135721 0.085805 -25.734415
v -17.155279 0.025805 -25.686356
v -17.132666 0.025805 -25.741930
v -17.132666 0.041291 -25.741930
v -17.139353 0.041291 -25.725493
v -17.148592 0.041291 -25.702791
v -17.155279 0.041291 -25.686356
v -17.384851 0.071586 -25.122212
v -17.384851 0.085805 -25.122212
v -17.397723 0.071586 -25.090586
v -17.388483 0.071586 -25.113289
v -17.401355 0.085805 -25.081663
v -17.401355 0.071586 -25.081663
v -17.404409 0.041291 -25.074150
v -17.404409 0.025805 -25.074150
v -17.388483 0.041291 -25.113289
v -17.397723 0.041291 -25.090586
v -17.381797 0.025805 -25.129725
v -17.381797 0.041291 -25.129725
v -17.276252 -0.025277 -25.100210
v -17.276252 0.054723 -25.100210
v -17.287668 0.054723 -25.072468
v -17.287668 -0.025277 -25.072468
v -17.248763 -0.025277 -25.088978
v -17.248763 0.054723 -25.088978
v -17.260210 -0.025277 -25.061247
v -17.260210 0.054723 -25.061247
v -17.045755 0.054723 -25.660378
v -17.057174 0.054723 -25.632635
v -17.057174 -0.025277 -25.632635
v -17.045755 -0.025277 -25.660378
v -17.029120 0.054723 -25.621168
v -17.029120 -0.025277 -25.621168
v -17.017675 0.054723 -25.648899
v -17.017675 -0.025277 -25.648899
v -17.039621 -0.029998 -25.822220
v -17.039621 0.030002 -25.822220
v -17.395620 0.030002 -24.952242
v -17.395620 -0.029998 -24.952242
v -16.907885 -0.029998 -25.768368
v -16.907885 0.030002 -25.768368
v -17.268179 -0.029998 -24.900160
v -17.268183 0.030002 -24.900160
v -17.373721 0.071586 -25.821259
v -17.386309 0.085805 -25.789520
v -17.386309 0.071586 -25.789520
v -17.382758 0.071586 -25.798475
v -17.370169 0.071586 -25.830214
v -17.370169 0.085805 -25.830214
v -17.389299 0.025805 -25.781981
v -17.367175 0.025805 -25.837753
v -17.367175 0.041291 -25.837753
v -17.373721 0.041291 -25.821259
v -17.382758 0.041291 -25.798475
v -17.389299 0.041291 -25.781981
v -17.613878 0.071586 -25.215832
v -17.613878 0.085805 -25.215832
v -17.626468 0.071586 -25.184094
v -17.617431 0.071586 -25.206877
v -17.630022 0.085805 -25.175139
v -17.630022 0.071586 -25.175139
v -17.633014 0.041291 -25.167601
v -17.633014 0.025805 -25.167601
v -17.617431 0.041291 -25.206877
v -17.626468 0.041291 -25.184096
v -17.610888 0.025805 -25.223372
v -17.610888 0.041291 -25.223372
v -17.505450 -0.025277 -25.193892
v -17.505450 0.054723 -25.193892
v -17.516620 0.054723 -25.166048
v -17.516620 -0.025277 -25.166048
v -17.477961 -0.025277 -25.182654
v -17.477964 0.054723 -25.182654
v -17.489161 -0.025277 -25.154823
v -17.489161 0.054723 -25.154823
v -17.279913 0.054723 -25.756073
v -17.291086 0.054723 -25.728230
v -17.291083 -0.025277 -25.728230
v -17.279913 -0.025277 -25.756073
v -17.263030 0.054723 -25.716765
v -17.263030 -0.025277 -25.716765
v -17.251834 0.054723 -25.744597
v -17.251829 -0.025277 -25.744597
v -17.275026 -0.029998 -25.918413
v -17.275026 0.030002 -25.918413
v -17.623327 0.030002 -25.045325
v -17.623327 -0.029998 -25.045325
v -17.143283 -0.029998 -25.864582
v -17.143283 0.030002 -25.864582
v -17.495894 -0.029998 -24.993225
v -17.495894 0.030002 -24.993225
v -17.609858 0.071586 -25.912539
v -17.622165 0.085805 -25.880690
v -17.622165 0.071586 -25.880690
v -17.618693 0.071586 -25.889677
v -17.606382 0.071586 -25.921524
v -17.606382 0.085805 -25.921524
v -17.625086 0.025805 -25.873125
v -17.603457 0.025805 -25.929091
v -17.603457 0.041291 -25.929091
v -17.609858 0.041291 -25.912539
v -17.618693 0.041291 -25.889677
v -17.625090 0.041291 -25.873125
v -17.844652 0.071586 -25.305012
v -17.844652 0.085805 -25.305012
v -17.856963 0.071586 -25.273165
v -17.848128 0.071586 -25.296026
v -17.860437 0.085805 -25.264177
v -17.860437 0.071586 -25.264177
v -17.863360 0.041291 -25.256613
v -17.863360 0.025805 -25.256613
v -17.848128 0.041291 -25.296026
v -17.856963 0.041291 -25.273165
v -17.841731 0.025805 -25.312578
v -17.841731 0.041291 -25.312578
v -17.735408 -0.025277 -25.285643
v -17.735412 0.054723 -25.285643
v -17.746333 0.054723 -25.257702
v -17.746333 -0.025277 -25.257702
v -17.707652 -0.025277 -25.275093
v -17.707652 0.054723 -25.275093
v -17.718608 -0.025277 -25.247164
v -17.718608 0.054723 -25.247164
v -17.514850 0.054723 -25.849795
v -17.525775 0.054723 -25.821856
v -17.525775 -0.025277 -25.821856
v -17.514850 -0.025277 -25.849796
v -17.497450 0.054723 -25.811081
v -17.497446 -0.025277 -25.811081
v -17.486494 0.054723 -25.839010
v -17.486494 -0.025277 -25.839010
v -17.511713 -0.029998 -26.011368
v -17.511713 0.030002 -26.011368
v -17.852282 0.030002 -25.135233
v -17.852282 -0.029998 -25.135233
v -17.378695 -0.029998 -25.960756
v -17.378695 0.030002 -25.960756
v -17.723593 -0.029998 -25.086317
v -17.723596 0.030002 -25.086317
v -17.846498 0.071586 -26.002537
v -17.858526 0.085805 -25.970581
v -17.858526 0.071586 -25.970581
v -17.855131 0.071586 -25.979597
v -17.843104 0.071586 -26.011555
v -17.843107 0.085805 -26.011555
v -17.861383 0.025805 -25.962990
v -17.840250 0.025805 -26.019146
v -17.840250 0.041291 -26.019146
v -17.846498 0.041291 -26.002537
v -17.855131 0.041291 -25.979597
v -17.861383 0.041291 -25.962990
v -18.075914 0.071586 -25.392960
v -18.075914 0.085805 -25.392960
v -18.087943 0.071586 -25.361002
v -18.079310 0.071586 -25.383942
v -18.091338 0.085805 -25.351988
v -18.091338 0.071586 -25.351988
v -18.094195 0.041291 -25.344395
v -18.094195 0.025805 -25.344395
v -18.079310 0.041291 -25.383942
v -18.087943 0.041291 -25.361004
v -18.073062 0.025805 -25.400551
v -18.073062 0.041291 -25.400551
v -17.966845 -0.025277 -25.373648
v -17.966845 0.054723 -25.373648
v -17.977522 0.054723 -25.345612
v -17.977522 -0.025277 -25.345610
v -17.939090 -0.025277 -25.363093
v -17.939090 0.054723 -25.363093
v -17.949797 -0.025277 -25.335068
v -17.949797 0.054723 -25.335068
v -17.751283 0.054723 -25.939726
v -17.761962 0.054723 -25.911690
v -17.761962 -0.025277 -25.911690
v -17.751283 -0.025277 -25.939726
v -17.733633 0.054723 -25.900919
v -17.733633 -0.025277 -25.900919
v -17.722929 0.054723 -25.928944
v -17.722925 -0.025277 -25.928944
v -17.749403 -0.029998 -26.101776
v -17.749403 0.030002 -26.101776
v -18.082213 0.030002 -25.222664
v -18.082213 -0.029998 -25.222664
v -17.616377 -0.029998 -26.051182
v -17.616377 0.030002 -26.051182
v -17.953532 -0.029998 -25.173727
v -17.953532 0.030002 -25.173729
v -18.083151 0.071586 -26.092512
v -18.094897 0.085805 -26.060450
v -18.094897 0.071586 -26.060452
v -18.091582 0.071586 -26.069498
v -18.079836 0.071586 -26.101559
v -18.079836 0.085805 -26.101559
v -18.097686 0.025805 -26.052836
v -18.077047 0.025805 -26.109175
v -18.077047 0.041291 -26.109175
v -18.083151 0.041291 -26.092512
v -18.091582 0.041291 -26.069498
v -18.097686 0.041291 -26.052836
v -18.307170 0.071586 -25.480929
v -18.307170 0.085805 -25.480929
v -18.318915 0.071586 -25.448870
v -18.310485 0.071586 -25.471884
v -18.322229 0.085805 -25.439821
v -18.322229 0.071586 -25.439821
v -18.325018 0.041291 -25.432207
v -18.325018 0.025805 -25.432207
v -18.310485 0.041291 -25.471884
v -18.318915 0.041291 -25.448870
v -18.304381 0.025805 -25.488545
v -18.304381 0.041291 -25.488547
v -18.198275 -0.025277 -25.461670
v -18.198275 0.054723 -25.461670
v -18.208704 0.054723 -25.433542
v -18.208704 -0.025277 -25.433542
v -18.170520 -0.025277 -25.451111
v -18.170520 0.054723 -25.451111
v -18.180979 -0.025277 -25.422995
v -18.180979 0.054723 -25.422995
v -17.987727 0.054723 -26.029633
v -17.998152 0.054723 -26.001505
v -17.998152 -0.025277 -26.001505
v -17.987727 -0.025277 -26.029633
v -17.969828 0.054723 -25.990732
v -17.969828 -0.025277 -25.990734
v -17.959369 0.054723 -26.018852
v -17.959369 -0.025277 -26.018852
v -17.987112 -0.029998 -26.192150
v -17.987116 0.030002 -26.192150
v -18.312140 0.030002 -25.310131
v -18.312140 -0.029998 -25.310131
v -17.854074 -0.029998 -26.141573
v -17.854074 0.030002 -26.141573
v -18.183459 -0.029998 -25.261173
v -18.183459 0.030002 -25.261173
v -18.321925 0.071586 -26.176689
v -18.333384 0.085805 -26.144526
v -18.333384 0.071586 -26.144528
v -18.330153 0.071586 -26.153603
v -18.318693 0.071586 -26.185766
v -18.318693 0.085805 -26.185766
v -18.336108 0.025805 -26.136887
v -18.315970 0.025805 -26.193407
v -18.315970 0.041291 -26.193405
v -18.321925 0.041291 -26.176689
v -18.330153 0.041291 -26.153603
v -18.336108 0.041291 -26.136887
v -18.540526 0.071586 -25.563151
v -18.540530 0.085805 -25.563151
v -18.551986 0.071586 -25.530987
v -18.543761 0.071586 -25.554075
v -18.555219 0.085805 -25.521912
v -18.555219 0.071586 -25.521912
v -18.557939 0.041291 -25.514271
v -18.557939 0.025805 -25.514271
v -18.543761 0.041291 -25.554075
v -18.551986 0.041291 -25.530987
v -18.537806 0.025805 -25.570791
v -18.537806 0.041291 -25.570791
v -18.430877 -0.025277 -25.546490
v -18.430877 0.054723 -25.546490
v -18.441053 0.054723 -25.518269
v -18.441053 -0.025277 -25.518269
v -18.402869 -0.025277 -25.536625
v -18.402869 0.054723 -25.536625
v -18.413076 -0.025277 -25.508417
v -18.413076 0.054723 -25.508417
v -18.225359 0.054723 -26.116293
v -18.235536 0.054723 -26.088074
v -18.235536 -0.025277 -26.088074
v -18.225359 -0.025277 -26.116293
v -18.206954 0.054723 -26.078001
v -18.206954 -0.025277 -26.078001
v -18.196745 0.054723 -26.106211
v -18.196745 -0.025277 -26.106211
v -18.226481 -0.029998 -26.277992
v -18.226481 0.030002 -26.277992
v -18.543689 0.030002 -25.393131
v -18.543689 -0.029998 -25.393131
v -18.092246 -0.029998 -26.230677
v -18.092246 0.030002 -26.230677
v -18.413833 -0.029998 -25.347397
v -18.413833 0.030002 -25.347397
v -18.560717 0.071586 -26.260824
v -18.571894 0.085805 -26.228560
v -18.571894 0.071586 -26.228560
v -18.568739 0.071586 -26.237663
v -18.557567 0.071586 -26.269928
v -18.557567 0.085805 -26.269928
v -18.574549 0.025805 -26.220896
v -18.554910 0.025805 -26.277592
v -18.554910 0.041291 -26.277592
v -18.560717 0.041291 -26.260824
v -18.568739 0.041291 -26.237663
v -18.574549 0.041291 -26.220896
v -18.773882 0.071586 -25.645374
v -18.773882 0.085805 -25.645374
v -18.785059 0.071586 -25.613112
v -18.777037 0.071586 -25.636271
v -18.788211 0.085805 -25.604008
v -18.788211 0.071586 -25.604008
v -18.790865 0.041291 -25.596342
v -18.790865 0.025805 -25.596342
v -18.777037 0.041291 -25.636273
v -18.785059 0.041291 -25.613112
v -18.771227 0.025805 -25.653038
v -18.771227 0.041291 -25.653038
v -18.664409 -0.025277 -25.628769
v -18.664409 0.054723 -25.628769
v -18.674333 0.054723 -25.600458
v -18.674333 -0.025277 -25.600458
v -18.636401 -0.025277 -25.618899
v -18.636401 0.054723 -25.618899
v -18.646361 -0.025277 -25.590599
v -18.646361 0.054723 -25.590599
v -18.463939 0.054723 -26.200367
v -18.473864 0.054723 -26.172056
v -18.473864 -0.025277 -26.172056
v -18.463939 -0.025277 -26.200367
v -18.445284 0.054723 -26.161987
v -18.445284 -0.025277 -26.161987
v -18.435325 0.054723 -26.190285
v -18.435325 -0.025277 -26.190285
v -18.466330 -0.029998 -26.362507
v -18.466330 0.030002 -26.362507
v -18.775702 0.030002 -25.474875
v -18.775702 -0.029998 -25.474875
v -18.332086 -0.029998 -26.315212
v -18.332086 0.030002 -26.315212
v -18.645850 -0.029998 -25.429123
v -18.645850 0.030002 -25.429123
v -18.799926 0.071586 -26.343727
v -18.810817 0.085805 -26.311367
v -18.810817 0.071586 -26.311365
v -18.807741 0.071586 -26.320498
v -18.796854 0.071586 -26.352858
v -18.796854 0.085805 -26.352858
v -18.813402 0.025805 -26.303679
v -18.794268 0.025805 -26.360544
v -18.794268 0.041291 -26.360544
v -18.799926 0.041291 -26.343727
v -18.807741 0.041291 -26.320498
v -18.813402 0.041291 -26.303679
v -19.007639 0.071586 -25.726416
v -19.007639 0.085805 -25.726416
v -19.018527 0.071586 -25.694054
v -19.010711 0.071586 -25.717283
v -19.021601 0.085805 -25.684923
v -19.021601 0.071586 -25.684923
v -19.024188 0.041291 -25.677237
v -19.024188 0.025805 -25.677237
v -19.010711 0.041291 -25.717283
v -19.018527 0.041291 -25.694054
v -19.005053 0.025805 -25.734104
v -19.005053 0.041291 -25.734104
v -18.897932 -0.025277 -25.711064
v -18.897932 0.054723 -25.711064
v -18.907611 0.054723 -25.682667
v -18.907611 -0.025277 -25.682667
v -18.869924 -0.025277 -25.701193
v -18.869929 0.054723 -25.701193
v -18.879634 -0.025277 -25.672806
v -18.879634 0.054723 -25.672806
v -18.702524 0.054723 -26.284413
v -18.712207 0.054723 -26.256018
v -18.712207 -0.025277 -26.256018
v -18.702524 -0.025277 -26.284413
v -18.683619 0.054723 -26.245949
v -18.683619 -0.025277 -26.245949
v -18.673914 0.054723 -26.274334
v -18.673914 -0.025277 -26.274334
v -18.706191 -0.029998 -26.446987
v -18.706194 0.030002 -26.446987
v -19.007700 0.030002 -25.556654
v -19.007700 -0.029998 -25.556654
v -18.571943 -0.029998 -26.399708
v -18.571943 0.030002 -26.399708
v -18.877855 -0.029998 -25.510878
v -18.877855 0.030002 -25.510878
v -19.040720 0.071586 -26.421951
v -19.051322 0.085805 -26.389494
v -19.051322 0.071586 -26.389494
v -19.048327 0.071586 -26.398653
v -19.037726 0.071586 -26.431109
v -19.037726 0.085805 -26.431109
v -19.053839 0.025805 -26.381787
v -19.035208 0.025805 -26.438820
v -19.035208 0.041291 -26.438820
v -19.040720 0.041291 -26.421951
v -19.048327 0.041291 -26.398653
v -19.053839 0.041291 -26.381787
v -19.242960 0.071586 -25.802826
v -19.242960 0.085805 -25.802826
v -19.253561 0.071586 -25.770371
v -19.245952 0.071586 -25.793667
v -19.256556 0.085805 -25.761212
v -19.256556 0.071586 -25.761212
v -19.259073 0.041291 -25.753504
v -19.259073 0.025805 -25.753504
v -19.245952 0.041291 -25.793667
v -19.253561 0.041291 -25.770371
v -19.240443 0.025805 -25.810536
v -19.240443 0.041291 -25.810536
v -19.132967 -0.025277 -25.788893
v -19.132967 0.054723 -25.788893
v -19.142394 0.054723 -25.760414
v -19.142394 -0.025277 -25.760414
v -19.104723 -0.025277 -25.779724
v -19.104723 0.054723 -25.779724
v -19.114179 -0.025277 -25.751253
v -19.114183 0.054723 -25.751253
v -18.942645 0.054723 -26.363949
v -18.952067 0.054723 -26.335468
v -18.952067 -0.025277 -26.335468
v -18.942640 -0.025277 -26.363949
v -18.923243 0.054723 -26.326109
v -18.923243 -0.025277 -26.326109
v -18.913791 0.054723 -26.354578
v -18.913791 -0.025277 -26.354578
v -18.948024 -0.029998 -26.525656
v -18.948024 0.030002 -26.525656
v -19.241640 0.030002 -25.632689
v -19.241640 -0.029998 -25.632689
v -18.812659 -0.029998 -26.481676
v -18.812659 0.030002 -26.481676
v -19.110698 -0.029998 -25.590176
v -19.110698 0.030002 -25.590176
v -19.281520 0.071586 -26.500151
v -19.291835 0.085805 -26.467602
v -19.291835 0.071586 -26.467602
v -19.288923 0.071586 -26.476786
v -19.278609 0.071586 -26.509335
v -19.278609 0.085805 -26.509335
v -19.294283 0.025805 -26.459870
v -19.276159 0.025805 -26.517067
v -19.276159 0.041291 -26.517067
v -19.281520 0.041291 -26.500151
v -19.288923 0.041291 -26.476786
v -19.294283 0.041291 -26.459870
v -19.478274 0.071586 -25.879259
v -19.478274 0.085805 -25.879259
v -19.488588 0.071586 -25.846712
v -19.481189 0.071586 -25.870077
v -19.491499 0.085805 -25.837526
v -19.491499 0.071586 -25.837526
v -19.493952 0.041291 -25.829794
v -19.493952 0.025805 -25.829794
v -19.481185 0.041291 -25.870077
v -19.488588 0.041291 -25.846710
v -19.475825 0.025805 -25.886994
v -19.475825 0.041291 -25.886994
v -19.368461 -0.025277 -25.865376
v -19.368461 0.054723 -25.865374
v -19.377634 0.054723 -25.836813
v -19.377634 -0.025277 -25.836813
v -19.340219 -0.025277 -25.856201
v -19.340219 0.054723 -25.856201
v -19.349421 -0.025277 -25.827648
v -19.349421 0.054723 -25.827648
v -19.183229 0.054723 -26.442093
v -19.192404 0.054723 -26.413531
v -19.192401 -0.025277 -26.413531
v -19.183229 -0.025277 -26.442095
v -19.163580 0.054723 -26.404169
v -19.163580 -0.025277 -26.404169
v -19.154376 0.054723 -26.432722
v -19.154376 -0.025277 -26.432722
v -19.189895 -0.029998 -26.604208
v -19.189895 0.030002 -26.604208
v -19.475600 0.030002 -25.708679
v -19.475600 -0.029998 -25.708679
v -19.054521 -0.029998 -26.560250
v -19.054521 0.030002 -26.560250
v -19.344660 -0.029998 -25.666146
v -19.344660 0.030002 -25.666146
v -19.523081 0.071586 -26.575915
v -19.533106 0.085805 -26.543274
v -19.533106 0.071586 -26.543274
v -19.530275 0.071586 -26.552485
v -19.520250 0.071586 -26.585123
v -19.520250 0.085805 -26.585123
v -19.535487 0.025805 -26.535521
v -19.517871 0.025805 -26.592877
v -19.517871 0.041291 -26.592877
v -19.523081 0.041291 -26.575915
v -19.530275 0.041291 -26.552485
v -19.535487 0.041291 -26.535521
v -19.714334 0.071586 -25.953306
v -19.714334 0.085805 -25.953306
v -19.724359 0.071586 -25.920668
v -19.717166 0.071586 -25.944098
v -19.727190 0.085805 -25.911457
v -19.727190 0.071586 -25.911457
v -19.729571 0.041291 -25.903706
v -19.729571 0.025805 -25.903706
v -19.717166 0.041291 -25.944098
v -19.724359 0.041291 -25.920668
v -19.711955 0.025805 -25.961062
v -19.711955 0.041291 -25.961062
v -19.603946 -0.025277 -25.941878
v -19.603946 0.054723 -25.941878
v -19.612863 0.054723 -25.913235
v -19.612863 -0.025277 -25.913235
v -19.575705 -0.025277 -25.932703
v -19.575705 0.054723 -25.932703
v -19.584657 -0.025277 -25.904068
v -19.584657 0.054723 -25.904068
v -19.423822 0.054723 -26.520212
v -19.432745 0.054723 -26.491568
v -19.432745 -0.025277 -26.491568
v -19.423822 -0.025277 -26.520212
v -19.403921 0.054723 -26.482212
v -19.403921 -0.025277 -26.482212
v -19.394973 0.054723 -26.510843
v -19.394973 -0.025277 -26.510845
v -19.432123 -0.029998 -26.681614
v -19.432123 0.030002 -26.681614
v -19.709895 0.030002 -25.783592
v -19.709891 -0.029998 -25.783592
v -19.296397 -0.029998 -26.638785
v -19.296397 0.030002 -26.638785
v -19.578612 -0.029998 -25.742150
v -19.578612 0.030002 -25.742150
v -19.765742 0.071586 -26.648140
v -19.775476 0.085805 -26.615412
v -19.775476 0.071586 -26.615414
v -19.772731 0.071586 -26.624647
v -19.762995 0.071586 -26.657374
v -19.762995 0.085805 -26.657374
v -19.777793 0.025805 -26.607639
v -19.760683 0.025805 -26.665148
v -19.760683 0.041291 -26.665148
v -19.765742 0.041291 -26.648140
v -19.772731 0.041291 -26.624647
v -19.777793 0.041291 -26.607639
v -19.951480 0.071586 -26.023865
v -19.951480 0.085805 -26.023865
v -19.961215 0.071586 -25.991139
v -19.954225 0.071586 -26.014630
v -19.963960 0.085805 -25.981905
v -19.963960 0.071586 -25.981905
v -19.966276 0.041291 -25.974131
v -19.966276 0.025805 -25.974131
v -19.954225 0.041291 -26.014630
v -19.961215 0.041291 -25.991139
v -19.949168 0.025805 -26.031639
v -19.949168 0.041291 -26.031637
v -19.841212 -0.025277 -26.012671
v -19.841212 0.054723 -26.012671
v -19.849878 0.054723 -25.983948
v -19.849878 -0.025277 -25.983950
v -19.812746 -0.025277 -26.004204
v -19.812750 0.054723 -26.004204
v -19.821444 -0.025277 -25.975491
v -19.821444 0.054723 -25.975491
v -19.666217 0.054723 -26.592575
v -19.674883 0.054723 -26.563854
v -19.674879 -0.025277 -26.563854
v -19.666213 -0.025277 -26.592575
v -19.645834 0.054723 -26.555212
v -19.645834 -0.025277 -26.555212
v -19.637137 0.054723 -26.583924
v -19.637137 -0.025277 -26.583924
v -19.675860 -0.029998 -26.754173
v -19.675860 0.030002 -26.754173
v -19.945674 0.030002 -25.853728
v -19.945674 -0.029998 -25.853729
v -19.539442 -0.029998 -26.713568
v -19.539442 0.030002 -26.713568
v -19.813712 -0.029998 -25.814470
v -19.813712 0.030002 -25.814470
v -20.008413 0.071586 -26.720341
v -20.017858 0.085805 -26.687531
v -20.017858 0.071586 -26.687531
v -20.015193 0.071586 -26.696789
v -20.005748 0.071586 -26.729599
v -20.005748 0.085805 -26.729599
v -20.020101 0.025805 -26.679737
v -20.003501 0.025805 -26.737395
v -20.003501 0.041291 -26.737395
v -20.008409 0.041291 -26.720341
v -20.015193 0.041291 -26.696789
v -20.020101 0.041291 -26.679737
v -20.188616 0.071586 -26.094446
v -20.188616 0.085805 -26.094446
v -20.198065 0.071586 -26.061636
v -20.191282 0.071586 -26.085190
v -20.200727 0.085805 -26.052380
v -20.200727 0.071586 -26.052378
v -20.202974 0.041291 -26.044584
v -20.202974 0.025805 -26.044584
v -20.191282 0.041291 -26.085190
v -20.198065 0.041291 -26.061636
v -20.186373 0.025805 -26.102242
v -20.186373 0.041291 -26.102242
v -20.078523 -0.025277 -26.083294
v -20.078523 0.054723 -26.083294
v -20.086939 0.054723 -26.054499
v -20.086939 -0.025277 -26.054499
v -20.050066 -0.025277 -26.074824
v -20.050066 0.054723 -26.074824
v -20.058508 -0.025277 -26.046036
v -20.058508 0.054723 -26.046036
v -19.908666 0.054723 -26.664725
v -19.917082 0.054723 -26.635929
v -19.917078 -0.025277 -26.635929
v -19.908666 -0.025277 -26.664726
v -19.888033 0.054723 -26.627287
v -19.888033 -0.025277 -26.627287
v -19.879592 0.054723 -26.656075
v -19.879592 -0.025277 -26.656075
v -19.919604 -0.029998 -26.826700
v -19.919604 0.030002 -26.826700
v -20.181441 0.030002 -25.923903
v -20.181441 -0.029998 -25.923903
v -19.783182 -0.029998 -26.786114
v -19.783186 0.030002 -26.786114
v -20.049487 -0.029998 -25.884623
v -20.049487 0.030002 -25.884623
v -20.252112 0.071586 -26.788916
v -20.261267 0.085805 -26.756022
v -20.261267 0.071586 -26.756022
v -20.258685 0.071586 -26.765303
v -20.249526 0.071586 -26.798197
v -20.249526 0.085805 -26.798197
v -20.263441 0.025805 -26.748207
v -20.247352 0.025805 -26.806009
v -20.247352 0.041291 -26.806009
v -20.252108 0.041291 -26.788916
v -20.258685 0.041291 -26.765303
v -20.263441 0.041291 -26.748207
v -20.426772 0.071586 -26.161452
v -20.426772 0.085805 -26.161452
v -20.435927 0.071586 -26.128557
v -20.429354 0.071586 -26.152170
v -20.438509 0.085805 -26.119278
v -20.438509 0.071586 -26.119278
v -20.440683 0.041291 -26.111464
v -20.440683 0.025805 -26.111464
v -20.429354 0.041291 -26.152170
v -20.435927 0.041291 -26.128557
v -20.424594 0.025805 -26.169264
v -20.424598 0.041291 -26.169266
v -20.316119 -0.025277 -26.152973
v -20.316119 0.054723 -26.152973
v -20.324275 0.054723 -26.124104
v -20.324275 -0.025277 -26.124104
v -20.287447 -0.025277 -26.145216
v -20.287447 0.054723 -26.145216
v -20.295634 -0.025277 -26.116354
v -20.295634 0.054723 -26.116354
v -20.151412 0.054723 -26.735886
v -20.159571 0.054723 -26.707014
v -20.159568 -0.025277 -26.707014
v -20.151412 -0.025277 -26.735886
v -20.130312 0.054723 -26.699091
v -20.130312 -0.025277 -26.699091
v -20.122122 0.054723 -26.727951
v -20.122122 -0.025277 -26.727951
v -20.164012 -0.029998 -26.896904
v -20.164012 0.030002 -26.896904
v -20.417849 0.030002 -25.991827
v -20.417849 -0.029998 -25.991827
v -20.026937 -0.029998 -26.858624
v -20.026937 0.030002 -26.858624
v -20.285251 -0.029998 -25.954813
v -20.285253 0.030002 -25.954813
v -20.496492 0.071586 -26.855084
v -20.505354 0.085805 -26.822109
v -20.505354 0.071586 -26.822109
v -20.502855 0.071586 -26.831413
v -20.493990 0.071586 -26.864386
v -20.493990 0.085805 -26.864386
v -20.507459 0.025805 -26.814276
v -20.491885 0.025805 -26.872219
v -20.491885 0.041291 -26.872219
v -20.496492 0.041291 -26.855084
v -20.502855 0.041291 -26.831413
v -20.507459 0.041291 -26.814276
v -20.665595 0.071586 -26.226097
v -20.665595 0.085805 -26.226097
v -20.674460 0.071586 -26.193125
v -20.668094 0.071586 -26.216795
v -20.676959 0.085805 -26.183821
v -20.676959 0.071586 -26.183821
v -20.679064 0.041291 -26.175987
v -20.679064 0.025805 -26.175987
v -20.668094 0.041291 -26.216795
v -20.674460 0.041291 -26.193125
v -20.663488 0.025805 -26.233931
v -20.663488 0.041291 -26.233931
v -20.555121 -0.025277 -26.217659
v -20.555121 0.054723 -26.217657
v -20.563022 0.054723 -26.188719
v -20.563022 -0.025277 -26.188719
v -20.526450 -0.025277 -26.209898
v -20.526453 0.054723 -26.209898
v -20.534385 -0.025277 -26.180966
v -20.534385 0.054723 -26.180966
v -20.395578 0.054723 -26.802004
v -20.403478 0.054723 -26.773064
v -20.403478 -0.025277 -26.773064
v -20.395578 -0.025277 -26.802004
v -20.374225 0.054723 -26.765143
v -20.374220 -0.025277 -26.765143
v -20.366290 0.054723 -26.794073
v -20.366290 -0.025277 -26.794075
v -20.409479 -0.029998 -26.963377
v -20.409479 0.030002 -26.963377
v -20.655299 0.030002 -26.056088
v -20.655295 -0.029998 -26.056088
v -20.272096 -0.029998 -26.926178
v -20.272096 0.030002 -26.926178
v -20.522402 -0.029998 -26.020119
v -20.522402 0.030002 -26.020119
v -20.740882 0.071586 -26.921221
v -20.749453 0.085805 -26.888172
v -20.749453 0.071586 -26.888172
v -20.747035 0.071586 -26.897497
v -20.738459 0.071586 -26.930548
v -20.738459 0.085805 -26.930548
v -20.751490 0.025805 -26.880322
v -20.736425 0.025805 -26.938399
v -20.736425 0.041291 -26.938399
v -20.740877 0.041291 -26.921221
v -20.747035 0.041291 -26.897497
v -20.751490 0.041291 -26.880322
v -20.904409 0.071586 -26.290768
v -20.904414 0.085805 -26.290768
v -20.912986 0.071586 -26.257717
v -20.906833 0.071586 -26.281443
v -20.915404 0.085805 -26.248392
v -20.915404 0.071586 -26.248394
v -20.917437 0.041291 -26.240542
v -20.917437 0.025805 -26.240542
v -20.906833 0.041291 -26.281443
v -20.912986 0.041291 -26.257717
v -20.902376 0.025805 -26.298620
v -20.902376 0.041291 -26.298620
v -20.794116 -0.025277 -26.282362
v -20.794116 0.054723 -26.282362
v -20.801761 0.054723 -26.253353
v -20.801761 -0.025277 -26.253353
v -20.765448 -0.025277 -26.274601
v -20.765448 0.054723 -26.274601
v -20.773124 -0.025277 -26.245600
v -20.773124 0.054723 -26.245600
v -20.639750 0.054723 -26.868097
v -20.647395 0.054723 -26.839089
v -20.647395 -0.025277 -26.839089
v -20.639750 -0.025277 -26.868097
v -20.618136 0.054723 -26.831171
v -20.618136 -0.025277 -26.831171
v -20.610460 0.054723 -26.860171
v -20.610460 -0.025277 -26.860171
v -20.654951 -0.029998 -27.029812
v -20.654951 0.030002 -27.029812
v -20.892733 0.030002 -26.120384
v -20.892733 -0.029998 -26.120384
v -20.517565 -0.029998 -26.992634
v -20.517565 0.030002 -26.992634
v -20.759847 -0.029998 -26.084393
v -20.759847 0.030002 -26.084393
v -20.986498 0.071586 -26.982584
v -20.994777 0.085805 -26.949459
v -20.994777 0.071586 -26.949459
v -20.992442 0.071586 -26.958805
v -20.984160 0.071586 -26.991930
v -20.984160 0.085805 -26.991930
v -20.996744 0.025805 -26.941590
v -20.982195 0.025805 -26.999798
v -20.982195 0.041291 -26.999798
v -20.986498 0.041291 -26.982584
v -20.992442 0.041291 -26.958805
v -20.996744 0.041291 -26.941590
v -21.144445 0.071586 -26.350706
v -21.144445 0.085805 -26.350704
v -21.152728 0.071586 -26.317581
v -21.146784 0.071586 -26.341360
v -21.155062 0.085805 -26.308235
v -21.155062 0.071586 -26.308235
v -21.157031 0.041291 -26.300366
v -21.157031 0.025805 -26.300366
v -21.146784 0.041291 -26.341360
v -21.152728 0.041291 -26.317581
v -21.142481 0.025805 -26.358574
v -21.142481 0.041291 -26.358574
v -21.033648 -0.025277 -26.344994
v -21.033652 0.054723 -26.344994
v -21.041037 0.054723 -26.315916
v -21.041037 -0.025277 -26.315916
v -21.004794 -0.025277 -26.337954
v -21.004794 0.054723 -26.337954
v -21.012214 -0.025277 -26.308886
v -21.012214 0.054723 -26.308886
v -20.884470 0.054723 -26.932068
v -20.891859 0.054723 -26.902992
v -20.891859 -0.025277 -26.902992
v -20.884470 -0.025277 -26.932070
v -20.862413 0.054723 -26.895804
v -20.862413 -0.025277 -26.895804
v -20.854995 0.054723 -26.924874
v -20.854995 -0.025277 -26.924874
v -20.901317 -0.029998 -27.092785
v -20.901317 0.030002 -27.092785
v -21.131048 0.030002 -26.181290
v -21.131048 -0.029998 -26.181290
v -20.763057 -0.029998 -27.059008
v -20.763057 0.030002 -27.059008
v -20.997294 -0.029998 -26.148663
v -20.997294 0.030002 -26.148663
v -21.232450 0.071586 -27.042631
v -21.240438 0.085805 -27.009434
v -21.240438 0.071586 -27.009434
v -21.238184 0.071586 -27.018799
v -21.230200 0.071586 -27.051996
v -21.230200 0.085805 -27.051996
v -21.242334 0.025805 -27.001547
v -21.228300 0.025805 -27.059883
v -21.228300 0.041291 -27.059883
v -21.232450 0.041291 -27.042631
v -21.238184 0.041291 -27.018801
v -21.242334 0.041291 -27.001547
v -21.384809 0.071586 -26.409380
v -21.384809 0.085805 -26.409380
v -21.392798 0.071586 -26.376185
v -21.387065 0.071586 -26.400013
v -21.395049 0.085805 -26.366818
v -21.395049 0.071586 -26.366818
v -21.396949 0.041291 -26.358931
v -21.396949 0.025805 -26.358931
v -21.387065 0.041291 -26.400013
v -21.392793 0.041291 -26.376185
v -21.382911 0.025805 -26.417265
v -21.382911 0.041291 -26.417265
v -21.274192 -0.025277 -26.403706
v -21.274192 0.054723 -26.403706
v -21.281320 0.054723 -26.374565
v -21.281320 -0.025277 -26.374565
v -21.245337 -0.025277 -26.396660
v -21.245337 0.054723 -26.396660
v -21.252498 -0.025277 -26.367527
v -21.252501 0.054723 -26.367527
v -21.130209 0.054723 -26.992077
v -21.137338 0.054723 -26.962938
v -21.137338 -0.025277 -26.962938
v -21.130209 -0.025277 -26.992077
v -21.107893 0.054723 -26.955748
v -21.107893 -0.025277 -26.955748
v -21.100734 0.054723 -26.984881
v -21.100729 -0.025277 -26.984881
v -21.148363 -0.029998 -27.153109
v -21.148363 0.030002 -27.153109
v -21.370024 0.030002 -26.239618
v -21.370024 -0.029998 -26.239618
v -21.010095 -0.029998 -27.119353
v -21.010095 0.030002 -27.119353
v -21.236276 -0.029998 -26.206970
v -21.236276 0.030002 -26.206970
v -21.478411 0.071586 -27.102654
v -21.486106 0.085805 -27.069388
v -21.486106 0.071586 -27.069388
v -21.483935 0.071586 -27.078774
v -21.476240 0.071586 -27.112040
v -21.476240 0.085805 -27.112040
v -21.487932 0.025805 -27.061485
v -21.474414 0.025805 -27.119944
v -21.474414 0.041291 -27.119944
v -21.478411 0.041291 -27.102654
v -21.483935 0.041291 -27.078774
v -21.487932 0.041291 -27.061485
v -21.625163 0.071586 -26.468083
v -21.625163 0.085805 -26.468083
v -21.632856 0.071586 -26.434815
v -21.627336 0.071586 -26.458697
v -21.635027 0.085805 -26.425430
v -21.635027 0.071586 -26.425430
v -21.636854 0.041291 -26.417528
v -21.636854 0.025805 -26.417528
v -21.627336 0.041291 -26.458697
v -21.632856 0.041291 -26.434815
v -21.623335 0.025805 -26.475985
v -21.623335 0.041291 -26.475985
v -21.514726 -0.025277 -26.462437
v -21.514726 0.054723 -26.462437
v -21.521601 0.054723 -26.433235
v -21.521601 -0.025277 -26.433235
v -21.485872 -0.025277 -26.455393
v -21.485876 0.054723 -26.455391
v -21.492777 -0.025277 -26.426195
v -21.492777 0.054723 -26.426195
v -21.375953 0.054723 -27.052059
v -21.382827 0.054723 -27.022860
v -21.382827 -0.025277 -27.022860
v -21.375953 -0.025277 -27.052059
v -21.353381 0.054723 -27.015671
v -21.353381 -0.025277 -27.015671
v -21.346476 0.054723 -27.044869
v -21.346476 -0.025277 -27.044869
v -21.395419 -0.029998 -27.213398
v -21.395419 0.030002 -27.213398
v -21.608995 0.030002 -26.297983
v -21.608991 -0.029998 -26.297983
v -21.257144 -0.029998 -27.179661
v -21.257147 0.030002 -27.179661
v -21.475248 -0.029998 -26.265314
v -21.475248 0.030002 -26.265312
v -21.725734 0.071586 -27.156775
v -21.733134 0.085805 -27.123442
v -21.733134 0.071586 -27.123442
v -21.731043 0.071586 -27.132849
v -21.723647 0.071586 -27.166182
v -21.723647 0.085805 -27.166182
v -21.734889 0.025805 -27.115524
v -21.721888 0.025805 -27.174099
v -21.721888 0.041291 -27.174099
v -21.725734 0.041291 -27.156775
v -21.731043 0.041291 -27.132849
v -21.734889 0.041291 -27.115524
v -21.866874 0.071586 -26.520931
v -21.866874 0.085805 -26.520931
v -21.874274 0.071586 -26.487599
v -21.868959 0.071586 -26.511526
v -21.876361 0.085805 -26.478193
v -21.876361 0.071586 -26.478193
v -21.878118 0.041291 -26.470276
v -21.878118 0.025805 -26.470276
v -21.868959 0.041291 -26.511526
v -21.874274 0.041291 -26.487599
v -21.865115 0.025805 -26.528851
v -21.865115 0.041291 -26.528851
v -21.755999 -0.025277 -26.517998
v -21.755999 0.054723 -26.517996
v -21.762614 0.054723 -26.488735
v -21.762614 -0.025277 -26.488735
v -21.726976 -0.025277 -26.511679
v -21.726976 0.054723 -26.511679
v -21.733622 -0.025277 -26.482424
v -21.733622 0.054723 -26.482424
v -21.622439 0.054723 -27.108824
v -21.629054 0.054723 -27.079561
v -21.629054 -0.025277 -27.079561
v -21.622439 -0.025277 -27.108824
v -21.599439 0.054723 -27.073109
v -21.599436 -0.025277 -27.073109
v -21.592790 0.054723 -27.102364
v -21.592790 -0.025277 -27.102364
v -21.643527 -0.029998 -27.269119
v -21.643527 0.030002 -27.269119
v -21.849006 0.030002 -26.351851
v -21.849001 -0.029998 -26.351851
v -21.504462 -0.029998 -27.238808
v -21.504462 0.030002 -27.238808
v -21.714472 -0.029998 -26.322571
v -21.714475 0.030002 -26.322571
v -21.973112 0.071586 -27.210652
v -21.980215 0.085805 -27.177256
v -21.980215 0.071586 -27.177256
v -21.978213 0.071586 -27.186678
v -21.971106 0.071586 -27.220076
v -21.971106 0.085805 -27.220076
v -21.981901 0.025805 -27.169321
v -21.969420 0.025805 -27.228008
v -21.969420 0.041291 -27.228008
v -21.973108 0.041291 -27.210652
v -21.978213 0.041291 -27.186678
v -21.981901 0.041291 -27.169321
v -22.108629 0.071586 -26.573588
v -22.108629 0.085805 -26.573588
v -22.115733 0.071586 -26.540190
v -22.110633 0.071586 -26.564161
v -22.117739 0.085805 -26.530768
v -22.117739 0.071586 -26.530768
v -22.119425 0.041291 -26.522831
v -22.119425 0.025805 -26.522833
v -22.110633 0.041291 -26.564161
v -22.115733 0.041291 -26.540190
v -22.106939 0.025805 -26.581520
v -22.106939 0.041291 -26.581520
v -21.997934 -0.025277 -26.570683
v -21.997934 0.054723 -26.570683
v -22.004289 0.054723 -26.541361
v -22.004289 -0.025277 -26.541363
v -21.968913 -0.025277 -26.564362
v -21.968913 0.054723 -26.564362
v -21.975299 -0.025277 -26.535050
v -21.975299 0.054723 -26.535050
v -21.869601 0.054723 -27.162665
v -21.875955 0.054723 -27.133347
v -21.875955 -0.025277 -27.133347
v -21.869601 -0.025277 -27.162665
v -21.846339 0.054723 -27.126896
v -21.846339 -0.025277 -27.126896
v -21.839952 0.054723 -27.156208
v -21.839952 -0.025277 -27.156208
v -21.892001 -0.029998 -27.323240
v -21.892001 0.030002 -27.323239
v -22.089365 0.030002 -26.404192
v -22.089365 -0.029998 -26.404194
v -21.752931 -0.029998 -27.292954
v -21.752931 0.030002 -27.292954
v -21.954840 -0.029998 -26.374895
v -21.954840 0.030002 -26.374895
v -22.220660 0.071586 -27.263701
v -22.227466 0.085805 -27.230242
v -22.227466 0.071586 -27.230242
v -22.225547 0.071586 -27.239681
v -22.218736 0.071586 -27.273140
v -22.218736 0.085805 -27.273140
v -22.229083 0.025805 -27.222294
v -22.217119 0.025805 -27.281088
v -22.217119 0.041291 -27.281088
v -22.220655 0.041291 -27.263701
v -22.225547 0.041291 -27.239681
v -22.229083 0.041291 -27.222294
v -22.350542 0.071586 -26.625462
v -22.350542 0.085805 -26.625462
v -22.357352 0.071586 -26.592005
v -22.352466 0.071586 -26.616020
v -22.359275 0.085805 -26.582564
v -22.359275 0.071586 -26.582564
v -22.360892 0.041291 -26.574616
v -22.360892 0.025805 -26.574616
v -22.352466 0.041291 -26.616020
v -22.357352 0.041291 -26.592005
v -22.348924 0.025805 -26.633412
v -22.348924 0.041291 -26.633412
v -22.239863 -0.025277 -26.623387
v -22.239863 0.054723 -26.623387
v -22.245963 0.054723 -26.594011
v -22.245959 -0.025277 -26.594013
v -22.210845 -0.025277 -26.617062
v -22.210845 0.054723 -26.617062
v -22.216970 -0.025277 -26.587694
v -22.216970 0.054723 -26.587694
v -22.116767 0.054723 -27.216480
v -22.122863 0.054723 -27.187107
v -22.122863 -0.025277 -27.187107
v -22.116767 -0.025277 -27.216480
v -22.093245 0.054723 -27.180657
v -22.093245 -0.025277 -27.180657
v -22.087118 0.054723 -27.210026
v -22.087114 -0.025277 -27.210026
v -22.140483 -0.029998 -27.377327
v -22.140483 0.030002 -27.377327
v -22.329722 0.030002 -26.456574
v -22.329722 -0.029998 -26.456574
v -22.001410 -0.029998 -27.347059
v -22.001410 0.030002 -27.347059
v -22.195200 -0.029998 -26.427254
v -22.195200 0.030002 -26.427254
v -22.469297 0.071586 -27.311382
v -22.475814 0.085805 -27.277867
v -22.475814 0.071586 -27.277867
v -22.473975 0.071586 -27.287323
v -22.467462 0.071586 -27.320839
v -22.467462 0.085805 -27.320839
v -22.477359 0.025805 -27.269903
v -22.465915 0.025805 -27.328800
v -22.465915 0.041291 -27.328800
v -22.469297 0.041291 -27.311382
v -22.473975 0.041291 -27.287323
v -22.477359 0.041291 -27.269903
v -22.593550 0.071586 -26.672024
v -22.593550 0.085805 -26.672024
v -22.600061 0.071586 -26.638506
v -22.595385 0.071586 -26.662565
v -22.601900 0.085805 -26.629049
v -22.601900 0.071586 -26.629049
v -22.603445 0.041291 -26.621086
v -22.603445 0.025805 -26.621086
v -22.595385 0.041291 -26.662565
v -22.600061 0.041291 -26.638506
v -22.592001 0.025805 -26.679985
v -22.592001 0.041291 -26.679985
v -22.482661 -0.025277 -26.671871
v -22.482661 0.054723 -26.671871
v -22.488498 0.054723 -26.642445
v -22.488498 -0.025277 -26.642445
v -22.453489 -0.025277 -26.666281
v -22.453489 0.054723 -26.666281
v -22.459360 -0.025277 -26.636862
v -22.459360 0.054723 -26.636862
v -22.364801 0.054723 -27.266030
v -22.370638 0.054723 -27.236601
v -22.370638 -0.025277 -27.236601
v -22.364801 -0.025277 -27.266030
v -22.340872 0.054723 -27.230892
v -22.340872 -0.025277 -27.230892
v -22.335002 0.054723 -27.260313
v -22.335002 -0.025277 -27.260313
v -22.390109 -0.029998 -27.425785
v -22.390113 0.030002 -27.425785
v -22.571219 0.030002 -26.503397
v -22.571219 -0.029998 -26.503397
v -22.250335 -0.029998 -27.398976
v -22.250335 0.030002 -27.398974
v -22.435996 -0.029998 -26.477493
v -22.435996 0.030002 -26.477492
v -22.717944 0.071586 -27.359038
v -22.724162 0.085805 -27.325464
v -22.724162 0.071586 -27.325464
v -22.722407 0.071586 -27.334938
v -22.716193 0.071586 -27.368509
v -22.716193 0.085805 -27.368509
v -22.725642 0.025805 -27.317490
v -22.714713 0.025805 -27.376488
v -22.714713 0.041291 -27.376486
v -22.717944 0.041291 -27.359038
v -22.722407 0.041291 -27.334938
v -22.725642 0.041291 -27.317490
v -22.836551 0.071586 -26.718607
v -22.836551 0.085805 -26.718607
v -22.842769 0.071586 -26.685036
v -22.838304 0.071586 -26.709135
v -22.844523 0.085805 -26.675562
v -22.844523 0.071586 -26.675562
v -22.846000 0.041291 -26.667586
v -22.846000 0.025805 -26.667586
v -22.838304 0.041291 -26.709135
v -22.842769 0.041291 -26.685036
v -22.835069 0.025805 -26.726584
v -22.835069 0.041291 -26.726584
v -22.725843 -0.025277 -26.718477
v -22.725843 0.054723 -26.718477
v -22.731420 0.054723 -26.689001
v -22.731420 -0.025277 -26.689001
v -22.696673 -0.025277 -26.712889
v -22.696673 0.054723 -26.712889
v -22.702281 -0.025277 -26.683418
v -22.702281 0.054723 -26.683418
v -22.613231 0.054723 -27.313652
v -22.618807 0.054723 -27.284176
v -22.618807 -0.025277 -27.284176
v -22.613231 -0.025277 -27.313652
v -22.589042 0.054723 -27.278473
v -22.589037 -0.025277 -27.278473
v -22.583430 0.054723 -27.307944
v -22.583430 -0.025277 -27.307944
v -22.639857 -0.029998 -27.473658
v -22.639861 0.030002 -27.473658
v -22.812822 0.030002 -26.549708
v -22.812822 -0.029998 -26.549708
v -22.500079 -0.029998 -27.446867
v -22.500079 0.030002 -27.446867
v -22.677604 -0.029998 -26.523783
v -22.677604 0.030002 -26.523783
v -22.966914 0.071586 -27.404892
v -22.972834 0.085805 -27.371266
v -22.972834 0.071586 -27.371266
v -22.971163 0.071586 -27.380755
v -22.965242 0.071586 -27.414381
v -22.965242 0.085805 -27.414381
v -22.974242 0.025805 -27.363278
v -22.963836 0.025805 -27.422369
v -22.963836 0.041291 -27.422369
v -22.966914 0.041291 -27.404892
v -22.971163 0.041291 -27.380755
v -22.974242 0.041291 -27.363278
v -23.079867 0.071586 -26.763441
v -23.079867 0.085805 -26.763441
v -23.085787 0.071586 -26.729815
v -23.081537 0.071586 -26.753952
v -23.087457 0.085805 -26.720326
v -23.087457 0.071586 -26.720326
v -23.088862 0.041291 -26.712340
v -23.088862 0.025805 -26.712340
v -23.081533 0.041291 -26.753952
v -23.085787 0.041291 -26.729815
v -23.078460 0.025805 -26.771429
v -23.078460 0.041291 -26.771429
v -22.969023 -0.025277 -26.765112
v -22.969023 0.054723 -26.765112
v -22.974341 0.054723 -26.735586
v -22.974341 -0.025277 -26.735586
v -22.939860 -0.025277 -26.759518
v -22.939860 0.054723 -26.759518
v -22.945207 -0.025277 -26.729998
v -22.945207 0.054723 -26.729998
v -22.861666 0.054723 -27.361256
v -22.866983 0.054723 -27.331730
v -22.866983 -0.025277 -27.331730
v -22.861666 -0.025277 -27.361256
v -22.837222 0.054723 -27.326029
v -22.837218 -0.025277 -27.326029
v -22.831874 0.054723 -27.355547
v -22.831869 -0.025277 -27.355549
v -22.889688 -0.029998 -27.521080
v -22.889688 0.030002 -27.521080
v -23.054496 0.030002 -26.595640
v -23.054496 -0.029998 -26.595640
v -22.749831 -0.029998 -27.494726
v -22.749831 0.030002 -27.494724
v -22.919204 -0.029998 -26.570110
v -22.919204 0.030002 -26.570109
v -23.216670 0.071586 -27.446310
v -23.222296 0.085805 -27.412632
v -23.222296 0.071586 -27.412632
v -23.220710 0.071586 -27.422136
v -23.215083 0.071586 -27.455813
v -23.215083 0.085805 -27.455813
v -23.223631 0.025805 -27.404633
v -23.213748 0.025805 -27.463812
v -23.213748 0.041291 -27.463812
v -23.216670 0.041291 -27.446310
v -23.220710 0.041291 -27.422136
v -23.223631 0.041291 -27.404633
v -23.323970 0.071586 -26.803888
v -23.323970 0.085805 -26.803888
v -23.329593 0.071586 -26.770212
v -23.325557 0.071586 -26.794386
v -23.331179 0.085805 -26.760708
v -23.331179 0.071586 -26.760708
v -23.332518 0.041291 -26.752709
v -23.332518 0.025805 -26.752709
v -23.325557 0.041291 -26.794386
v -23.329593 0.041291 -26.770212
v -23.322634 0.025805 -26.811890
v -23.322634 0.041291 -26.811890
v -23.213137 -0.025277 -26.806524
v -23.213137 0.054723 -26.806524
v -23.218196 0.054723 -26.776953
v -23.218196 -0.025277 -26.776953
v -23.183840 -0.025277 -26.801670
v -23.183840 0.054723 -26.801670
v -23.188928 -0.025277 -26.772106
v -23.188928 0.054723 -26.772106
v -23.111037 0.054723 -27.403593
v -23.116094 0.054723 -27.374022
v -23.116091 -0.025277 -27.374022
v -23.111037 -0.025277 -27.403593
v -23.086199 0.054723 -27.369065
v -23.086199 -0.025277 -27.369065
v -23.081111 0.054723 -27.398628
v -23.081111 -0.025277 -27.398628
v -23.140548 -0.029998 -27.562695
v -23.140548 0.030002 -27.562695
v -23.297197 0.030002 -26.635840
v -23.297197 -0.029998 -26.635840
v -23.000148 -0.029998 -27.539410
v -23.000148 0.030002 -27.539410
v -23.161364 -0.029998 -26.613337
v -23.161364 0.030002 -26.613337
v -23.466432 0.071586 -27.487702
v -23.471763 0.085805 -27.453976
v -23.471763 0.071586 -27.453976
v -23.470256 0.071586 -27.463492
v -23.464930 0.071586 -27.497217
v -23.464930 0.085805 -27.497217
v -23.473025 0.025805 -27.445963
v -23.463663 0.025805 -27.505228
v -23.463663 0.041291 -27.505230
v -23.466432 0.041291 -27.487702
v -23.470256 0.041291 -27.463492
v -23.473025 0.041291 -27.445963
v -23.568068 0.071586 -26.844359
v -23.568068 0.085805 -26.844361
v -23.573397 0.071586 -26.810635
v -23.569571 0.071586 -26.834845
v -23.574901 0.085805 -26.801119
v -23.574901 0.071586 -26.801119
v -23.576166 0.041291 -26.793106
v -23.576166 0.025805 -26.793106
v -23.569571 0.041291 -26.834845
v -23.573397 0.041291 -26.810635
v -23.566802 0.025805 -26.852373
v -23.566802 0.041291 -26.852373
v -23.457418 -0.025277 -26.847017
v -23.457418 0.054723 -26.847017
v -23.462214 0.054723 -26.817404
v -23.462214 -0.025277 -26.817404
v -23.428121 -0.025277 -26.842161
v -23.428126 0.054723 -26.842159
v -23.432952 -0.025277 -26.812552
v -23.432952 0.054723 -26.812552
v -23.360582 0.054723 -27.444960
v -23.365378 0.054723 -27.415346
v -23.365378 -0.025277 -27.415346
v -23.360578 -0.025277 -27.444960
v -23.335482 0.054723 -27.410391
v -23.335482 -0.025277 -27.410393
v -23.330652 0.054723 -27.439999
v -23.330652 -0.025277 -27.440001
v -23.391413 -0.029998 -27.604273
v -23.391417 0.030002 -27.604273
v -23.539897 0.030002 -26.676075
v -23.539897 -0.029998 -26.676077
v -23.251009 -0.029998 -27.581007
v -23.251009 0.030002 -27.581007
v -23.404062 -0.029998 -26.653551
v -23.404062 0.030002 -26.653551
v -23.716608 0.071586 -27.526377
v -23.721636 0.085805 -27.492605
v -23.721636 0.071586 -27.492605
v -23.720218 0.071586 -27.502136
v -23.715186 0.071586 -27.535906
v -23.715186 0.085805 -27.535906
v -23.722834 0.025805 -27.484583
v -23.713991 0.025805 -27.543928
v -23.713991 0.041291 -27.543928
v -23.716604 0.041291 -27.526377
v -23.720218 0.041291 -27.502136
v -23.722834 0.041291 -27.484583
v -23.812579 0.071586 -26.882166
v -23.812579 0.085805 -26.882166
v -23.817611 0.071586 -26.848396
v -23.813997 0.071586 -26.872639
v -23.819029 0.085805 -26.838865
v -23.819029 0.071586 -26.838865
v -23.820224 0.041291 -26.830845
v -23.820224 0.025805 -26.830845
v -23.813997 0.041291 -26.872639
v -23.817607 0.041291 -26.848396
v -23.811380 0.025805 -26.890190
v -23.811380 0.041291 -26.890190
v -23.701697 -0.025277 -26.887531
v -23.701697 0.054723 -26.887531
v -23.706232 0.054723 -26.857874
v -23.706232 -0.025277 -26.857874
v -23.672400 -0.025277 -26.882670
v -23.672404 0.054723 -26.882670
v -23.676966 -0.025277 -26.853018
v -23.676969 0.054723 -26.853018
v -23.610129 0.054723 -27.486304
v -23.614664 0.054723 -27.456648
v -23.614664 -0.025277 -27.456648
v -23.610129 -0.025277 -27.486304
v -23.584768 0.054723 -27.451695
v -23.584764 -0.025277 -27.451695
v -23.580202 0.054723 -27.481344
v -23.580199 -0.025277 -27.481344
v -23.642488 -0.029998 -27.644497
v -23.642488 0.030002 -27.644497
v -23.782794 0.030002 -26.715027
v -23.782794 -0.029998 -26.715029
v -23.501880 -0.029998 -27.622572
v -23.501880 0.030002 -27.622568
v -23.646757 -0.029998 -26.693802
v -23.646762 0.030002 -26.693802
v -23.967322 0.071586 -27.561493
v -23.972055 0.085805 -27.527678
v -23.972055 0.071586 -27.527678
v -23.970720 0.071586 -27.537218
v -23.965982 0.071586 -27.571034
v -23.965986 0.085805 -27.571034
v -23.973177 0.025805 -27.519646
v -23.964862 0.025805 -27.579065
v -23.964862 0.041291 -27.579065
v -23.967322 0.041291 -27.561493
v -23.970720 0.041291 -27.537218
v -23.973181 0.041291 -27.519646
v -24.057627 0.071586 -26.916464
v -24.057627 0.085805 -26.916462
v -24.062362 0.071586 -26.882649
v -24.058962 0.071586 -26.906922
v -24.063696 0.085805 -26.873108
v -24.063696 0.071586 -26.873108
v -24.064822 0.041291 -26.865076
v -24.064822 0.025805 -26.865076
v -24.058962 0.041291 -26.906922
v -24.062362 0.041291 -26.882649
v -24.056501 0.025805 -26.924496
v -24.056501 0.041291 -26.924496
v -23.946921 -0.025277 -26.921890
v -23.946921 0.054723 -26.921890
v -23.951197 0.054723 -26.892195
v -23.951193 -0.025277 -26.892195
v -23.917510 -0.025277 -26.917774
v -23.917513 0.054723 -26.917772
v -23.921816 -0.025277 -26.888083
v -23.921816 0.054723 -26.888083
v -23.860618 0.054723 -27.521444
v -23.864894 0.054723 -27.491749
v -23.864894 -0.025277 -27.491749
v -23.860618 -0.025277 -27.521444
v -23.834884 0.054723 -27.487545
v -23.834879 -0.025277 -27.487547
v -23.830576 0.054723 -27.517235
v -23.830576 -0.025277 -27.517237
v -23.894309 -0.029998 -27.679779
v -23.894309 0.030002 -27.679775
v -24.026439 0.030002 -26.749109
v -24.026439 -0.029998 -26.749109
v -23.753366 -0.029998 -27.660036
v -23.753370 0.030002 -27.660036
v -23.890075 -0.029998 -26.730030
v -23.890075 0.030002 -26.730030
v -24.218038 0.071586 -27.596579
v -24.222476 0.085805 -27.562723
v -24.222476 0.071586 -27.562723
v -24.221225 0.071586 -27.572277
v -24.216787 0.071586 -27.606129
v -24.216787 0.085805 -27.606129
v -24.223529 0.025805 -27.554682
v -24.215730 0.025805 -27.614174
v -24.215730 0.041291 -27.614174
v -24.218038 0.041291 -27.596579
v -24.221225 0.041291 -27.572277
v -24.223529 0.041291 -27.554682
v -24.302671 0.071586 -26.950779
v -24.302671 0.085805 -26.950779
v -24.307109 0.071586 -26.916926
v -24.303926 0.071586 -26.941227
v -24.308363 0.085805 -26.907374
v -24.308363 0.071586 -26.907374
v -24.309417 0.041291 -26.899332
v -24.309417 0.025805 -26.899332
v -24.303926 0.041291 -26.941227
v -24.307109 0.041291 -26.916926
v -24.301619 0.025805 -26.958824
v -24.301619 0.041291 -26.958824
v -24.192149 -0.025277 -26.956223
v -24.192149 0.054723 -26.956223
v -24.196161 0.054723 -26.926493
v -24.196161 -0.025277 -26.926493
v -24.162737 -0.025277 -26.952103
v -24.162741 0.054723 -26.952103
v -24.166784 -0.025277 -26.922377
v -24.166784 0.054723 -26.922377
v -24.111117 0.054723 -27.556513
v -24.115129 0.054723 -27.526781
v -24.115129 -0.025277 -27.526781
v -24.111117 -0.025277 -27.556513
v -24.085120 0.054723 -27.522581
v -24.085120 -0.025277 -27.522581
v -24.081076 0.054723 -27.552305
v -24.081076 -0.025277 -27.552305
v -24.146131 -0.029998 -27.715025
v -24.146131 0.030002 -27.715025
v -24.270079 0.030002 -26.783232
v -24.270079 -0.029998 -26.783232
v -24.005191 -0.029998 -27.695301
v -24.005191 0.030002 -27.695301
v -24.133719 -0.029998 -26.764130
v -24.133719 0.030002 -26.764130
v -24.469206 0.071586 -27.628103
v -24.473346 0.085805 -27.594210
v -24.473346 0.071586 -27.594210
v -24.472178 0.071586 -27.603775
v -24.468035 0.071586 -27.637667
v -24.468035 0.085805 -27.637667
v -24.474325 0.025805 -27.586163
v -24.467054 0.025805 -27.645720
v -24.467054 0.041291 -27.645720
v -24.469203 0.041291 -27.628103
v -24.472178 0.041291 -27.603775
v -24.474329 0.041291 -27.586163
v -24.548171 0.071586 -26.981589
v -24.548171 0.085805 -26.981589
v -24.552309 0.071586 -26.947697
v -24.549338 0.071586 -26.972027
v -24.553476 0.085805 -26.938133
v -24.553476 0.071586 -26.938133
v -24.554461 0.041291 -26.930082
v -24.554461 0.025805 -26.930082
v -24.549338 0.041291 -26.972027
v -24.552309 0.041291 -26.947697
v -24.547186 0.025805 -26.989639
v -24.547186 0.041291 -26.989639
v -24.437472 -0.025277 -26.989796
v -24.437476 0.054723 -26.989794
v -24.441226 0.054723 -26.960032
v -24.441226 -0.025277 -26.960032
v -24.407968 -0.025277 -26.986424
v -24.407968 0.054723 -26.986424
v -24.411753 -0.025277 -26.956663
v -24.411753 0.054723 -26.956663
v -24.361719 0.054723 -27.590773
v -24.365474 0.054723 -27.561011
v -24.365469 -0.025277 -27.561011
v -24.361719 -0.025277 -27.590777
v -24.335368 0.054723 -27.557562
v -24.335363 -0.025277 -27.557562
v -24.331584 0.054723 -27.587321
v -24.331584 -0.025277 -27.587321
v -24.398233 -0.029998 -27.748076
v -24.398233 0.030002 -27.748076
v -24.513994 0.030002 -26.815230
v -24.513994 -0.029998 -26.815230
v -24.257017 -0.029998 -27.730534
v -24.257017 0.030002 -27.730534
v -24.377360 -0.029998 -26.798268
v -24.377360 0.030002 -26.798268
v -24.720717 0.071586 -27.656880
v -24.724559 0.085805 -27.622954
v -24.724559 0.071586 -27.622954
v -24.723475 0.071586 -27.632527
v -24.719634 0.071586 -27.666454
v -24.719634 0.085805 -27.666454
v -24.725469 0.025805 -27.614895
v -24.718718 0.025805 -27.674513
v -24.718718 0.041291 -27.674513
v -24.720717 0.041291 -27.656880
v -24.723475 0.041291 -27.632527
v -24.725469 0.041291 -27.614895
v -24.794013 0.071586 -27.009699
v -24.794013 0.085805 -27.009699
v -24.797853 0.071586 -26.975771
v -24.795095 0.071586 -27.000126
v -24.798938 0.085805 -26.966200
v -24.798938 0.071586 -26.966200
v -24.799853 0.041291 -26.958140
v -24.799853 0.025805 -26.958140
v -24.795095 0.041291 -27.000126
v -24.797853 0.041291 -26.975771
v -24.793101 0.025805 -27.017758
v -24.793101 0.041291 -27.017758
v -24.683497 -0.025277 -27.017916
v -24.683497 0.054723 -27.017916
v -24.686992 0.054723 -26.988119
v -24.686988 -0.025277 -26.988119
v -24.653993 -0.025277 -27.014542
v -24.653993 0.054723 -27.014542
v -24.657515 -0.025277 -26.984749
v -24.657515 0.054723 -26.984749
v -24.613012 0.054723 -27.619536
v -24.616504 0.054723 -27.589739
v -24.616504 -0.025277 -27.589739
v -24.613012 -0.025277 -27.619536
v -24.586398 0.054723 -27.586294
v -24.586398 -0.025277 -27.586294
v -24.582877 0.054723 -27.616087
v -24.582877 -0.025277 -27.616087
v -24.650851 -0.029998 -27.776987
v -24.650851 0.030002 -27.776987
v -24.758433 0.030002 -26.843163
v -24.758433 -0.029998 -26.843163
v -24.509466 -0.029998 -27.760809
v -24.509466 0.030002 -27.760809
v -24.621627 -0.029998 -26.827524
v -24.621627 0.030002 -26.827524
v -24.972231 0.071586 -27.685633
v -24.975776 0.085805 -27.651673
v -24.975776 0.071586 -27.651673
v -24.974775 0.071586 -27.661253
v -24.971232 0.071586 -27.695213
v -24.971232 0.085805 -27.695213
v -24.976619 0.025805 -27.643606
v -24.970388 0.025805 -27.703280
v -24.970388 0.041291 -27.703280
v -24.972231 0.041291 -27.685633
v -24.974775 0.041291 -27.661253
v -24.976619 0.041291 -27.643606
v -25.039851 0.071586 -27.037832
v -25.039855 0.085805 -27.037832
v -25.043398 0.071586 -27.003872
v -25.040854 0.071586 -27.028250
v -25.044397 0.085805 -26.994290
v -25.044397 0.071586 -26.994290
v -25.045240 0.041291 -26.986221
v -25.045240 0.025805 -26.986221
v -25.040854 0.041291 -27.028250
v -25.043398 0.041291 -27.003872
v -25.039012 0.025805 -27.045899
v -25.039012 0.041291 -27.045899
v -24.929519 -0.025277 -27.046057
v -24.929521 0.054723 -27.046057
v -24.932749 0.054723 -27.016230
v -24.932749 -0.025277 -27.016230
v -24.900015 -0.025277 -27.042681
v -24.900015 0.054723 -27.042681
v -24.903277 -0.025277 -27.012860
v -24.903277 0.054723 -27.012858
v -24.864310 0.054723 -27.648272
v -24.867541 0.054723 -27.618445
v -24.867541 -0.025277 -27.618445
v -24.864310 -0.025277 -27.648272
v -24.837436 0.054723 -27.615004
v -24.837436 -0.025277 -27.615004
v -24.834173 0.054723 -27.644825
v -24.834173 -0.025277 -27.644825
v -24.903475 -0.029998 -27.805866
v -24.903475 0.030002 -27.805866
v -25.002871 0.030002 -26.871136
v -25.002868 -0.029998 -26.871136
v -24.762087 -0.029998 -27.789707
v -24.762087 0.030002 -27.789707
v -24.866065 -0.029998 -26.855477
v -24.866065 0.030002 -26.855477
v -25.224180 0.071586 -27.710047
v -25.227426 0.085805 -27.676058
v -25.227426 0.071586 -27.676058
v -25.226512 0.071586 -27.685650
v -25.223261 0.071586 -27.719639
v -25.223261 0.085805 -27.719639
v -25.228198 0.025805 -27.667986
v -25.222490 0.025805 -27.727715
v -25.222490 0.041291 -27.727715
v -25.224180 0.041291 -27.710047
v -25.226512 0.041291 -27.685650
v -25.228198 0.041291 -27.667986
v -25.286136 0.071586 -27.061682
v -25.286136 0.085805 -27.061682
v -25.289382 0.071586 -27.027691
v -25.287050 0.071586 -27.052090
v -25.290297 0.085805 -27.018103
v -25.290297 0.071586 -27.018103
v -25.291068 0.041291 -27.010029
v -25.291068 0.025805 -27.010029
v -25.287050 0.041291 -27.052090
v -25.289382 0.041291 -27.027691
v -25.285360 0.025805 -27.069756
v -25.285360 0.041291 -27.069756
v -25.175700 -0.025277 -27.072684
v -25.175700 0.054723 -27.072684
v -25.178667 0.054723 -27.042830
v -25.178667 -0.025277 -27.042830
v -25.146117 -0.025277 -27.070055
v -25.146117 0.054723 -27.070055
v -25.149114 -0.025277 -27.040207
v -25.149114 0.054723 -27.040205
v -25.115763 0.054723 -27.675444
v -25.118731 0.054723 -27.645590
v -25.118731 -0.025277 -27.645590
v -25.115763 -0.025277 -27.675444
v -25.088549 0.054723 -27.642903
v -25.088549 -0.025277 -27.642903
v -25.085551 0.054723 -27.672753
v -25.085551 -0.025277 -27.672753
v -25.156394 -0.029998 -27.831785
v -25.156394 0.030002 -27.831785
v -25.247602 0.030002 -26.896219
v -25.247602 -0.029998 -26.896219
v -25.014720 -0.029998 -27.818573
v -25.014720 0.030002 -27.818573
v -25.110502 -0.029998 -26.883465
v -25.110502 0.030002 -26.883465
v -25.476329 0.071586 -27.732456
v -25.479277 0.085805 -27.698441
v -25.479277 0.071586 -27.698441
v -25.478445 0.071586 -27.708039
v -25.475496 0.071586 -27.742054
v -25.475496 0.085805 -27.742054
v -25.479979 0.025805 -27.690363
v -25.474795 0.025805 -27.750138
v -25.474795 0.041291 -27.750138
v -25.476329 0.041291 -27.732456
v -25.478445 0.041291 -27.708039
v -25.479979 0.041291 -27.690363
v -25.532615 0.071586 -27.083574
v -25.532615 0.085805 -27.083574
v -25.535567 0.071586 -27.049559
v -25.533449 0.071586 -27.073977
v -25.536399 0.085805 -27.039959
v -25.536399 0.071586 -27.039959
v -25.537101 0.041291 -27.031880
v -25.537101 0.025805 -27.031880
v -25.533449 0.041291 -27.073977
v -25.535567 0.041291 -27.049559
v -25.531916 0.025805 -27.091656
v -25.531916 0.041291 -27.091656
v -25.422362 -0.025277 -27.094584
v -25.422362 0.054723 -27.094584
v -25.425071 0.054723 -27.064703
v -25.425071 -0.025277 -27.064705
v -25.392778 -0.025277 -27.091953
v -25.392778 0.054723 -27.091953
v -25.395518 -0.025277 -27.062077
v -25.395518 0.054723 -27.062077
v -25.367694 0.054723 -27.697844
v -25.370401 0.054723 -27.667967
v -25.370401 -0.025277 -27.667967
v -25.367694 -0.025277 -27.697844
v -25.340219 0.054723 -27.665281
v -25.340219 -0.025277 -27.665281
v -25.337481 0.054723 -27.695156
v -25.337481 -0.025277 -27.695156
v -25.409647 -0.029998 -27.854304
v -25.409647 0.030002 -27.854304
v -25.492681 0.030002 -26.917978
v -25.492681 -0.029998 -26.917978
v -25.267913 -0.029998 -27.841705
v -25.267913 0.030002 -27.841705
v -25.355525 -0.029998 -26.905800
v -25.355525 0.030002 -26.905798
v -25.728479 0.071586 -27.754843
v -25.731130 0.085805 -27.720804
v -25.731130 0.071586 -27.720804
v -25.730383 0.071586 -27.730408
v -25.727729 0.071586 -27.764446
v -25.727729 0.085805 -27.764446
v -25.731761 0.025805 -27.712717
v -25.727099 0.025805 -27.772534
v -25.727099 0.041291 -27.772534
v -25.728479 0.041291 -27.754843
v -25.730383 0.041291 -27.730408
v -25.731761 0.041291 -27.712717
v -25.779097 0.071586 -27.105494
v -25.779097 0.085805 -27.105494
v -25.781748 0.071586 -27.071453
v -25.779844 0.071586 -27.095888
v -25.782500 0.085805 -27.061846
v -25.782495 0.071586 -27.061846
v -25.783130 0.041291 -27.053761
v -25.783130 0.025805 -27.053761
v -25.779844 0.041291 -27.095888
v -25.781748 0.041291 -27.071453
v -25.778464 0.025805 -27.113579
v -25.778464 0.041291 -27.113579
v -25.669024 -0.025277 -27.116505
v -25.669024 0.054723 -27.116503
v -25.671470 0.054723 -27.086603
v -25.671470 -0.025277 -27.086603
v -25.639440 -0.025277 -27.113873
v -25.639440 0.054723 -27.113873
v -25.641921 -0.025277 -27.083975
v -25.641921 0.054723 -27.083975
v -25.619627 0.054723 -27.720219
v -25.622076 0.054723 -27.690321
v -25.622076 -0.025277 -27.690321
v -25.619627 -0.025277 -27.720223
v -25.591891 0.054723 -27.687641
v -25.591891 -0.025277 -27.687641
v -25.589415 0.054723 -27.717539
v -25.589415 -0.025277 -27.717539
v -25.662906 -0.029998 -27.876787
v -25.662906 0.030002 -27.876787
v -25.737758 0.030002 -26.939772
v -25.737758 -0.029998 -26.939772
v -25.521166 -0.029998 -27.864206
v -25.521169 0.030002 -27.864206
v -25.600600 -0.029998 -26.927571
v -25.600600 0.030002 -26.927571
v -25.981002 0.071586 -27.772207
v -25.983359 0.085805 -27.738144
v -25.983359 0.071586 -27.738144
v -25.982695 0.071586 -27.747755
v -25.980338 0.071586 -27.781815
v -25.980338 0.085805 -27.781815
v -25.983919 0.025805 -27.730051
v -25.979776 0.025805 -27.789908
v -25.979776 0.041291 -27.789908
v -25.981002 0.041291 -27.772207
v -25.982695 0.041291 -27.747755
v -25.983919 0.041291 -27.730051
v -26.025962 0.071586 -27.122439
v -26.025962 0.085805 -27.122439
v -26.028319 0.071586 -27.088377
v -26.026629 0.071586 -27.112829
v -26.028986 0.085805 -27.078766
v -26.028986 0.071586 -27.078766
v -26.029543 0.041291 -27.070675
v -26.029543 0.025805 -27.070675
v -26.026629 0.041291 -27.112829
v -26.028319 0.041291 -27.088377
v -26.025400 0.025805 -27.130531
v -26.025405 0.041291 -27.130531
v -25.915854 -0.025277 -27.136231
v -25.915854 0.054723 -27.136231
v -25.918039 0.054723 -27.106310
v -25.918039 -0.025277 -27.106310
v -25.886214 -0.025277 -27.134352
v -25.886214 0.054723 -27.134352
v -25.888430 -0.025277 -27.104433
v -25.888430 0.054723 -27.104433
v -25.871730 0.054723 -27.740357
v -25.873915 0.054723 -27.710434
v -25.873915 -0.025277 -27.710434
v -25.871730 -0.025277 -27.740357
v -25.843675 0.054723 -27.708512
v -25.843675 -0.025277 -27.708512
v -25.841459 0.054723 -27.738430
v -25.841459 -0.025277 -27.738430
v -25.916429 -0.029998 -27.895630
v -25.916429 0.030002 -27.895630
v -25.983114 0.030002 -26.957998
v -25.983114 -0.029998 -26.957998
v -25.774431 -0.029998 -27.886603
v -25.774431 0.030002 -27.886603
v -25.845679 -0.029998 -26.949307
v -25.845682 0.030002 -26.949307
v -26.233625 0.071586 -27.788229
v -26.235685 0.085805 -27.754151
v -26.235685 0.071586 -27.754151
v -26.235105 0.071586 -27.763764
v -26.233045 0.071586 -27.797848
v -26.233045 0.085805 -27.797848
v -26.236173 0.025805 -27.746054
v -26.232554 0.025805 -27.805945
v -26.232554 0.041291 -27.805945
v -26.233625 0.041291 -27.788229
v -26.235105 0.041291 -27.763764
v -26.236173 0.041291 -27.746054
v -26.272928 0.071586 -27.138098
v -26.272928 0.085805 -27.138098
v -26.274988 0.071586 -27.104016
v -26.273512 0.071586 -27.128481
v -26.275572 0.085805 -27.094399
v -26.275572 0.071586 -27.094399
v -26.276060 0.041291 -27.086304
v -26.276060 0.025805 -27.086304
v -26.273512 0.041291 -27.128481
v -26.274988 0.041291 -27.104016
v -26.272440 0.025805 -27.146195
v -26.272440 0.041291 -27.146195
v -26.163004 -0.025277 -27.151890
v -26.163004 0.054723 -27.151888
v -26.164926 0.054723 -27.121948
v -26.164926 -0.025277 -27.121950
v -26.133364 -0.025277 -27.150009
v -26.133364 0.054723 -27.150009
v -26.135317 -0.025277 -27.120072
v -26.135320 0.054723 -27.120072
v -26.124136 0.054723 -27.756375
v -26.126062 0.054723 -27.726437
v -26.126062 -0.025277 -27.726437
v -26.124136 -0.025277 -27.756375
v -26.095824 0.054723 -27.724516
v -26.095820 -0.025277 -27.724516
v -26.093867 0.054723 -27.754452
v -26.093867 -0.025277 -27.754456
v -26.170161 -0.029998 -27.911730
v -26.170161 0.030002 -27.911730
v -26.228679 0.030002 -26.973555
v -26.228679 -0.029998 -26.973555
v -26.028158 -0.029998 -27.902723
v -26.028158 0.030002 -27.902723
v -26.091249 -0.029998 -26.964844
v -26.091249 0.030002 -26.964844
v -26.486258 0.071586 -27.804228
v -26.488021 0.085805 -27.770128
v -26.488021 0.071586 -27.770128
v -26.487524 0.071586 -27.779749
v -26.485761 0.071586 -27.813847
v -26.485761 0.085805 -27.813847
v -26.488439 0.025805 -27.762028
v -26.485343 0.025805 -27.821949
v -26.485343 0.041291 -27.821949
v -26.486258 0.041291 -27.804228
v -26.487524 0.041291 -27.779749
v -26.488439 0.041291 -27.762028
v -26.519904 0.071586 -27.153776
v -26.519904 0.085805 -27.153776
v -26.521666 0.071586 -27.119679
v -26.520399 0.071586 -27.144156
v -26.522165 0.085805 -27.110056
v -26.522165 0.071586 -27.110056
v -26.522582 0.041291 -27.101957
v -26.522582 0.025805 -27.101957
v -26.520399 0.041291 -27.144156
v -26.521666 0.041291 -27.119679
v -26.519483 0.025805 -27.161877
v -26.519483 0.041291 -27.161877
v -26.410148 -0.025277 -27.167568
v -26.410151 0.054723 -27.167568
v -26.411814 0.054723 -27.137615
v -26.411814 -0.025277 -27.137615
v -26.380515 -0.025277 -27.165688
v -26.380519 0.054723 -27.165688
v -26.382213 -0.025277 -27.135737
v -26.382213 0.054723 -27.135737
v -26.376544 0.054723 -27.772370
v -26.378211 0.054723 -27.742415
v -26.378207 -0.025277 -27.742418
v -26.376544 -0.025277 -27.772370
v -26.347976 0.054723 -27.740502
v -26.347976 -0.025277 -27.740502
v -26.346281 0.054723 -27.770455
v -26.346281 -0.025277 -27.770455
v -26.423891 -0.029998 -27.927797
v -26.423891 0.030002 -27.927797
v -26.474245 0.030002 -26.989147
v -26.474242 -0.029998 -26.989147
v -26.281889 -0.029998 -27.918812
v -26.281889 0.030002 -27.918812
v -26.336814 -0.029998 -26.980416
v -26.336814 0.030002 -26.980416
v -26.739158 0.071586 -27.814612
v -26.740626 0.085805 -27.780497
v -26.740621 0.071586 -27.780497
v -26.740209 0.071586 -27.790121
v -26.738741 0.071586 -27.824236
v -26.738741 0.085805 -27.824236
v -26.740973 0.025805 -27.772394
v -26.738395 0.025805 -27.832339
v -26.738395 0.041291 -27.832339
v -26.739158 0.041291 -27.814612
v -26.740209 0.041291 -27.790121
v -26.740973 0.041291 -27.772394
v -26.767160 0.071586 -27.163893
v -26.767160 0.085805 -27.163893
v -26.768625 0.071586 -27.129780
v -26.767572 0.071586 -27.154268
v -26.769042 0.085805 -27.120156
v -26.769042 0.071586 -27.120156
v -26.769389 0.041291 -27.112053
v -26.769389 0.025805 -27.112053
v -26.767572 0.041291 -27.154268
v -26.768625 0.041291 -27.129780
v -26.766810 0.025805 -27.171997
v -26.766810 0.041291 -27.171997
v -26.657442 -0.025277 -27.180464
v -26.657442 0.054723 -27.180464
v -26.658846 0.054723 -27.150496
v -26.658846 -0.025277 -27.150496
v -26.627768 -0.025277 -27.179339
v -26.627768 0.054723 -27.179339
v -26.629203 -0.025277 -27.149374
v -26.629203 0.054723 -27.149374
v -26.629092 0.054723 -27.785536
v -26.630495 0.054723 -27.755566
v -26.630495 -0.025277 -27.755566
v -26.629092 -0.025277 -27.785536
v -26.600226 0.054723 -27.754414
v -26.600226 -0.025277 -27.754414
v -26.598792 0.054723 -27.784380
v -26.598788 -0.025277 -27.784380
v -26.677824 -0.029998 -27.939634
v -26.677824 0.030002 -27.939631
v -26.720031 0.030002 -27.000580
v -26.720031 -0.029998 -27.000580
v -26.535650 -0.029998 -27.934204
v -26.535650 0.030002 -27.934204
v -26.582411 -0.029998 -26.995369
v -26.582411 0.030002 -26.995369
v -26.992090 0.071586 -27.824228
v -26.993261 0.085805 -27.790104
v -26.993261 0.071586 -27.790104
v -26.992933 0.071586 -27.799734
v -26.991758 0.071586 -27.833857
v -26.991758 0.085805 -27.833857
v -26.993541 0.025805 -27.781998
v -26.991481 0.025805 -27.841963
v -26.991481 0.041291 -27.841963
v -26.992090 0.041291 -27.824228
v -26.992933 0.041291 -27.799734
v -26.993541 0.041291 -27.781998
v -27.014457 0.071586 -27.173292
v -27.014457 0.085805 -27.173292
v -27.015628 0.071586 -27.139168
v -27.014785 0.071586 -27.163664
v -27.015960 0.085805 -27.129542
v -27.015960 0.071586 -27.129542
v -27.016237 0.041291 -27.121435
v -27.016237 0.025805 -27.121435
v -27.014785 0.041291 -27.163664
v -27.015628 0.041291 -27.139168
v -27.014174 0.025805 -27.181399
v -27.014174 0.041291 -27.181399
v -26.904913 -0.025277 -27.189865
v -26.904917 0.054723 -27.189863
v -26.906061 0.054723 -27.159886
v -26.906057 -0.025277 -27.159886
v -26.875242 -0.025277 -27.188734
v -26.875242 0.054723 -27.188734
v -26.876417 -0.025277 -27.158758
v -26.876417 0.054723 -27.158758
v -26.881812 0.054723 -27.795157
v -26.882956 0.054723 -27.765177
v -26.882956 -0.025277 -27.765177
v -26.881812 -0.025277 -27.795157
v -26.852687 0.054723 -27.764027
v -26.852683 -0.025277 -27.764027
v -26.851508 0.054723 -27.794005
v -26.851508 -0.025277 -27.794005
v -26.931860 -0.029998 -27.949299
v -26.931860 0.030002 -27.949299
v -26.965926 0.030002 -27.009918
v -26.965926 -0.029998 -27.009918
v -26.789686 -0.029998 -27.943896
v -26.789686 0.030002 -27.943896
v -26.828311 -0.029998 -27.004688
v -26.828311 0.030002 -27.004688
v -27.245027 0.071586 -27.833824
v -27.245901 0.085805 -27.799689
v -27.245901 0.071586 -27.799689
v -27.245658 0.071586 -27.809321
v -27.244779 0.071586 -27.843455
v -27.244779 0.085805 -27.843455
v -27.246112 0.025805 -27.791582
v -27.244571 0.025805 -27.851563
v -27.244571 0.041291 -27.851563
v -27.245027 0.041291 -27.833824
v -27.245658 0.041291 -27.809321
v -27.246112 0.041291 -27.791582
v -27.261747 0.071586 -27.182718
v -27.261747 0.085805 -27.182718
v -27.262625 0.071586 -27.148586
v -27.261996 0.071586 -27.173088
v -27.262874 0.085805 -27.138954
v -27.262874 0.071586 -27.138954
v -27.263079 0.041291 -27.130846
v -27.263079 0.025805 -27.130846
v -27.261996 0.041291 -27.173088
v -27.262625 0.041291 -27.148586
v -27.261537 0.025805 -27.190827
v -27.261537 0.041291 -27.190827
v -27.152387 -0.025277 -27.199282
v -27.152387 0.054723 -27.199282
v -27.153272 0.054723 -27.169295
v -27.153272 -0.025277 -27.169295
v -27.122718 -0.025277 -27.198151
v -27.122718 0.054723 -27.198151
v -27.123632 -0.025277 -27.168165
v -27.123632 0.054723 -27.168165
v -27.134532 0.054723 -27.804751
v -27.135417 0.054723 -27.774765
v -27.135413 -0.025277 -27.774765
v -27.134532 -0.025277 -27.804751
v -27.105147 0.054723 -27.773617
v -27.105142 -0.025277 -27.773617
v -27.104228 0.054723 -27.803602
v -27.104228 -0.025277 -27.803602
v -27.185896 -0.029998 -27.958935
v -27.185900 0.030002 -27.958935
v -27.211821 0.030002 -27.019291
v -27.211821 -0.029998 -27.019291
v -27.043727 -0.029998 -27.953547
v -27.043727 0.030002 -27.953547
v -27.074206 -0.029998 -27.014042
v -27.074206 0.030002 -27.014042
v -27.498103 0.071586 -27.837305
v -27.498683 0.085805 -27.803166
v -27.498683 0.071586 -27.803166
v -27.498518 0.071586 -27.812796
v -27.497934 0.071586 -27.846937
v -27.497934 0.085805 -27.846937
v -27.498819 0.025805 -27.795056
v -27.497798 0.025805 -27.855047
v -27.497798 0.041291 -27.855047
v -27.498099 0.041291 -27.837305
v -27.498518 0.041291 -27.812796
v -27.498819 0.041291 -27.795056
v -27.509211 0.071586 -27.186079
v -27.509211 0.085805 -27.186077
v -27.509795 0.071586 -27.151940
v -27.509374 0.071586 -27.176447
v -27.509958 0.085805 -27.142307
v -27.509958 0.071586 -27.142307
v -27.510095 0.041291 -27.134197
v -27.510095 0.025805 -27.134197
v -27.509374 0.041291 -27.176447
v -27.509795 0.041291 -27.151940
v -27.509073 0.025805 -27.194189
v -27.509073 0.041291 -27.194189
v -27.399954 -0.025277 -27.205429
v -27.399954 0.054723 -27.205429
v -27.400579 0.054723 -27.175434
v -27.400579 -0.025277 -27.175436
v -27.370261 -0.025277 -27.205055
v -27.370261 0.054723 -27.205055
v -27.370916 -0.025277 -27.175062
v -27.370916 0.054723 -27.175062
v -27.387328 0.054723 -27.811030
v -27.387954 0.054723 -27.781037
v -27.387954 -0.025277 -27.781037
v -27.387328 -0.025277 -27.811030
v -27.357664 0.054723 -27.780649
v -27.357664 -0.025277 -27.780649
v -27.357008 0.054723 -27.810642
v -27.357008 -0.025277 -27.810642
v -27.440040 -0.029998 -27.963844
v -27.440040 0.030002 -27.963844
v -27.457853 0.030002 -27.024012
v -27.457853 -0.029998 -27.024012
v -27.297788 -0.029998 -27.962023
v -27.297788 0.030002 -27.962023
v -27.320135 -0.029998 -27.022289
v -27.320135 0.030002 -27.022289
v -27.751181 0.071586 -27.840510
v -27.751470 0.085805 -27.806366
v -27.751470 0.071586 -27.806366
v -27.751386 0.071586 -27.816000
v -27.751100 0.071586 -27.850142
v -27.751100 0.085805 -27.850142
v -27.751535 0.025805 -27.798256
v -27.751033 0.025805 -27.858256
v -27.751033 0.041291 -27.858256
v -27.751181 0.041291 -27.840510
v -27.751386 0.041291 -27.816000
v -27.751535 0.041291 -27.798256
v -27.756681 0.071586 -27.189213
v -27.756681 0.085805 -27.189213
v -27.756968 0.071586 -27.155070
v -27.756761 0.071586 -27.179579
v -27.757047 0.085805 -27.145436
v -27.757047 0.071586 -27.145436
v -27.757116 0.041291 -27.137325
v -27.757116 0.025805 -27.137325
v -27.756761 0.041291 -27.179579
v -27.756968 0.041291 -27.155070
v -27.756614 0.025805 -27.197323
v -27.756614 0.041291 -27.197323
v -27.647600 -0.025277 -27.208552
v -27.647600 0.054723 -27.208552
v -27.647966 0.054723 -27.178553
v -27.647966 -0.025277 -27.178553
v -27.617907 -0.025277 -27.208176
v -27.617907 0.054723 -27.208176
v -27.618308 -0.025277 -27.178177
v -27.618308 0.054723 -27.178177
v -27.640193 0.054723 -27.814240
v -27.640559 0.054723 -27.784241
v -27.640559 -0.025277 -27.784241
v -27.640193 -0.025277 -27.814240
v -27.610270 0.054723 -27.783858
v -27.610270 -0.025277 -27.783861
v -27.609873 0.054723 -27.813856
v -27.609873 -0.025277 -27.813856
v -27.694216 -0.029998 -27.967068
v -27.694216 0.030002 -27.967068
v -27.703933 0.030002 -27.027117
v -27.703933 -0.029998 -27.027117
v -27.551966 -0.029998 -27.965267
v -27.551966 0.030002 -27.965267
v -27.566213 -0.029998 -27.025376
v -27.566213 0.030002 -27.025376
v -28.004255 0.071586 -27.843561
v -28.004248 0.085805 -27.809416
v -28.004248 0.071586 -27.809416
v -28.004251 0.071586 -27.819052
v -28.004255 0.071586 -27.853195
v -28.004255 0.085805 -27.853195
v -28.004248 0.025805 -27.801306
v -28.004255 0.025805 -27.861305
v -28.004259 0.041291 -27.861305
v -28.004255 0.041291 -27.843561
v -28.004251 0.041291 -27.819052
v -28.004248 0.041291 -27.801306
v -28.004141 0.071586 -27.192242
v -28.004141 0.085805 -27.192242
v -28.004137 0.071586 -27.158096
v -28.004141 0.071586 -27.182608
v -28.004134 0.085805 -27.148462
v -28.004134 0.071586 -27.148462
v -28.004134 0.041291 -27.140352
v -28.004134 0.025805 -27.140354
v -28.004141 0.041291 -27.182608
v -28.004137 0.041291 -27.158098
v -28.004144 0.025805 -27.200352
v -28.004144 0.041291 -27.200352
v -27.895250 -0.025277 -27.211695
v -27.895250 0.054723 -27.211695
v -27.895357 0.054723 -27.181696
v -27.895357 -0.025277 -27.181696
v -27.865558 -0.025277 -27.211317
v -27.865558 0.054723 -27.211317
v -27.865695 -0.025277 -27.181318
v -27.865695 0.054723 -27.181318
v -27.893058 0.054723 -27.817425
v -27.893168 0.054723 -27.787424
v -27.893168 -0.025277 -27.787428
v -27.893058 -0.025277 -27.817427
v -27.862880 0.054723 -27.787047
v -27.862880 -0.025277 -27.787047
v -27.862741 0.054723 -27.817047
v -27.862738 -0.025277 -27.817047
v -27.948394 -0.029998 -27.970255
v -27.948394 0.030002 -27.970255
v -27.950011 0.030002 -27.030258
v -27.950011 -0.029998 -27.030258
v -27.806144 -0.029998 -27.968476
v -27.806144 0.030002 -27.968476
v -27.812293 -0.029998 -27.028496
v -27.812293 0.030002 -27.028496
vn -0.008600 -0.000000 -1.000000
vn 0.999900 -0.000000 -0.012500
vn -0.000000 -0.000000 1.000000
vn -0.999900 -0.000000 0.012500
vn -0.000000 1.000000 -0.000000
vn -0.000000 -1.000000 -0.000000
vn -0.999900 -0.000000 0.012700
vn 0.999900 -0.000000 -0.012600
vn 0.999900 -0.000000 -0.012700
vn -0.004800 -0.000000 -1.000000
vn 0.999900 -0.000000 -0.012800
vn 0.003800 -0.000000 1.000000
vn -0.999900 -0.000000 0.012900
vn -0.999900 -0.000000 0.012600
vn -0.006700 -0.000000 -1.000000
vn 0.001900 -0.000000 1.000000
vn -0.017200 -0.000000 -0.999900
vn 0.008600 -0.000000 1.000000
vn -0.013400 -0.000000 -0.999900
vn 0.012400 -0.000000 0.999900
vn -0.999900 -0.000000 0.012400
vn -0.015300 -0.000000 -0.999900
vn 0.010500 -0.000000 0.999900
vn -0.025800 -0.000000 -0.999700
vn 0.999900 -0.000000 -0.014200
vn 0.017200 -0.000000 0.999900
vn -0.999900 -0.000000 0.014200
vn 0.999900 -0.000000 -0.014100
vn -0.999900 -0.000000 0.014000
vn 0.999900 -0.000000 -0.014000
vn 0.999900 0.000300 -0.014000
vn -0.999900 -0.000000 0.013900
vn -0.022000 -0.000000 -0.999800
vn 0.999900 -0.000000 -0.012100
vn 0.021000 -0.000000 0.999800
vn -0.023900 -0.000000 -0.999700
vn 0.019100 -0.000000 0.999800
vn -0.034500 -0.000000 -0.999400
vn 0.999300 -0.000000 -0.037900
vn 0.025800 -0.000000 0.999700
vn -0.999300 -0.000000 0.037900
vn -0.999300 -0.000000 0.038100
vn 0.999300 -0.000000 -0.038100
vn 0.999300 0.000300 -0.038100
vn -0.030700 -0.000000 -0.999500
vn 0.999300 -0.000000 -0.038000
vn 0.029600 -0.000000 0.999600
vn -0.999300 -0.000000 0.038400
vn -0.999300 -0.000000 0.037800
vn -0.032600 -0.000000 -0.999500
vn 0.027700 -0.000000 0.999600
vn -0.043100 -0.000000 -0.999100
vn 0.034500 -0.000000 0.999400
vn -0.999300 -0.000000 0.038000
vn -0.039300 -0.000000 -0.999200
vn 0.038300 -0.000000 0.999300
vn 0.999300 -0.000000 -0.038200
vn -0.041200 -0.000000 -0.999100
vn 0.036400 -0.000000 0.999300
vn -0.051800 -0.000000 -0.998700
vn 0.999100 -0.000000 -0.041400
vn 0.043100 -0.000000 0.999100
vn -0.999100 -0.000000 0.041400
vn -0.999100 -0.000000 0.041300
vn 0.043100 0.000100 0.999100
vn 0.999100 -0.000000 -0.041300
vn -0.048000 -0.000000 -0.998800
vn 0.047000 -0.000000 0.998900
vn -0.999300 -0.000000 0.038600
vn 0.046900 -0.000000 0.998900
vn -0.049900 -0.000000 -0.998800
vn 0.045000 -0.000000 0.999000
vn -0.060500 -0.000000 -0.998200
vn 0.998000 -0.000000 -0.063200
vn 0.051800 -0.000000 0.998700
vn -0.998000 -0.000000 0.063200
vn -0.060500 -0.000100 -0.998200
vn -0.998000 -0.000000 0.063300
vn 0.998000 -0.000000 -0.063300
vn 0.998000 -0.000000 -0.063400
vn -0.998000 -0.000000 0.063400
vn -0.056700 -0.000000 -0.998400
vn 0.055600 -0.000000 0.998500
vn -0.998000 -0.000000 0.062900
vn 0.998000 -0.000000 -0.063800
vn -0.058600 -0.000000 -0.998300
vn 0.053700 -0.000000 0.998600
vn -0.069100 -0.000000 -0.997600
vn -0.069200 -0.000000 -0.997600
vn 0.060500 -0.000000 0.998200
vn -0.998000 -0.000100 0.063300
vn -0.065400 -0.000000 -0.997900
vn 0.998000 -0.000000 -0.063500
vn 0.064300 -0.000000 0.997900
vn -0.065300 -0.000000 -0.997900
vn -0.067300 -0.000000 -0.997700
vn 0.062400 -0.000000 0.998100
vn -0.998000 -0.000100 0.063200
vn -0.077800 -0.000000 -0.997000
vn 0.997600 -0.000000 -0.069000
vn 0.069200 -0.000000 0.997600
vn 0.069100 -0.000000 0.997600
vn -0.997600 -0.000000 0.069000
vn -0.077900 -0.000000 -0.997000
vn -0.077900 0.000100 -0.997000
vn -0.997600 -0.000000 0.068900
vn 0.997600 -0.000000 -0.068900
vn -0.997600 -0.000100 0.068900
vn -0.074000 -0.000000 -0.997300
vn 0.073000 -0.000000 0.997300
vn -0.998000 -0.000000 0.063000
vn -0.075900 -0.000000 -0.997100
vn 0.998000 -0.000000 -0.063600
vn 0.071100 -0.000000 0.997500
vn -0.086500 -0.000000 -0.996200
vn -0.086600 -0.000000 -0.996200
vn -0.086500 -0.000000 -0.996300
vn 0.996100 -0.000000 -0.088400
vn 0.077900 -0.000000 0.997000
vn 0.077800 -0.000000 0.997000
vn -0.996100 -0.000000 0.088400
vn -0.996100 -0.000000 0.088600
vn 0.077900 -0.000100 0.997000
vn 0.996100 -0.000000 -0.088600
vn 0.996100 -0.000000 -0.088500
vn -0.082700 -0.000000 -0.996600
vn 0.081700 -0.000000 0.996700
vn -0.996100 -0.000000 0.088500
vn -0.084600 -0.000000 -0.996400
vn 0.079800 -0.000000 0.996800
vn -0.095300 -0.000000 -0.995500
vn -0.095200 -0.000000 -0.995500
vn 0.086500 -0.000000 0.996200
vn 0.086600 -0.000000 0.996200
vn -0.091400 -0.000000 -0.995800
vn 0.090400 -0.000000 0.995900
vn 0.996000 -0.000000 -0.088900
vn -0.093300 -0.000000 -0.995600
vn 0.088500 -0.000000 0.996100
vn -0.103900 -0.000000 -0.994600
vn -0.104000 0.000100 -0.994600
vn -0.104000 -0.000000 -0.994600
vn 0.995300 -0.000000 -0.096800
vn 0.095300 -0.000000 0.995500
vn -0.995300 -0.000000 0.096900
vn -0.995300 -0.000000 0.096800
vn -0.995300 -0.000100 0.096800
vn -0.100100 -0.000000 -0.995000
vn 0.099100 -0.000000 0.995100
vn 0.996100 -0.000000 -0.088800
vn -0.102000 -0.000000 -0.994800
vn 0.995600 -0.000000 -0.093600
vn 0.097200 -0.000000 0.995300
vn -0.995600 -0.000000 0.093400
vn -0.112700 -0.000000 -0.993600
vn -0.112700 -0.000100 -0.993600
vn -0.112600 -0.000000 -0.993600
vn 0.993500 -0.000000 -0.113600
vn 0.104000 -0.000000 0.994600
vn 0.103900 -0.000000 0.994600
vn -0.993500 -0.000000 0.113600
vn -0.993500 -0.000000 0.113700
vn 0.993500 -0.000000 -0.113700
vn -0.993500 -0.000100 0.113700
vn -0.108800 -0.000000 -0.994100
vn 0.107800 -0.000000 0.994200
vn -0.993500 -0.000000 0.113500
vn -0.108900 -0.000000 -0.994100
vn -0.993600 -0.000000 0.113300
vn -0.110800 -0.000000 -0.993800
vn 0.993500 -0.000000 -0.113500
vn 0.105900 -0.000000 0.994400
vn -0.993500 -0.000000 0.113800
vn -0.121400 -0.000000 -0.992600
vn 0.112700 -0.000000 0.993600
vn -0.121300 -0.000000 -0.992600
vn 0.112600 -0.000000 0.993600
vn -0.117600 -0.000000 -0.993100
vn 0.116500 -0.000000 0.993200
vn -0.119500 -0.000000 -0.992800
vn 0.114600 -0.000000 0.993400
vn -0.130100 -0.000000 -0.991500
vn -0.130400 -0.000000 -0.991500
vn -0.130100 -0.000100 -0.991500
vn 0.992200 -0.000000 -0.124900
vn 0.121400 -0.000000 0.992600
vn -0.992200 -0.000000 0.124900
vn -0.126200 -0.000000 -0.992000
vn 0.993300 -0.000000 -0.115700
vn 0.125200 -0.000000 0.992100
vn -0.993300 -0.000000 0.115800
vn 0.993300 -0.000000 -0.116000
vn -0.128200 -0.000000 -0.991800
vn 0.992300 -0.000000 -0.124000
vn 0.123300 -0.000000 0.992400
vn -0.992300 -0.000000 0.123900
vn -0.138800 -0.000000 -0.990300
vn -0.138800 0.000100 -0.990300
vn -0.138800 -0.000100 -0.990300
vn -0.138700 -0.000000 -0.990300
vn 0.990300 -0.000000 -0.138600
vn 0.130100 -0.000000 0.991500
vn -0.990300 -0.000000 0.138600
vn -0.990300 -0.000000 0.138700
vn 0.990300 -0.000000 -0.138700
vn -0.134900 -0.000000 -0.990900
vn 0.133900 -0.000000 0.991000
vn -0.990300 -0.000000 0.138900
vn 0.990400 -0.000000 -0.138600
vn -0.136900 -0.000000 -0.990600
vn 0.990400 -0.000000 -0.138500
vn 0.132000 -0.000000 0.991200
vn -0.147500 -0.000000 -0.989100
vn 0.138800 -0.000000 0.990300
vn 0.138800 0.000100 0.990300
vn -0.147400 -0.000000 -0.989100
vn -0.147400 0.000100 -0.989100
vn -0.147500 0.000100 -0.989100
vn -0.143700 -0.000000 -0.989600
vn 0.142700 -0.000000 0.989800
vn -0.990300 -0.000000 0.138800
vn 0.142600 -0.000000 0.989800
vn 0.990300 -0.000000 -0.138900
vn -0.145600 -0.000000 -0.989300
vn 0.140700 -0.000000 0.990100
vn -0.990400 -0.000000 0.138600
vn -0.156200 -0.000000 -0.987700
vn -0.156200 0.000100 -0.987700
vn 0.988200 -0.000000 -0.153200
vn 0.147500 -0.000000 0.989100
vn -0.988200 -0.000000 0.153200
vn -0.988200 -0.000300 0.153200
vn -0.156200 -0.000100 -0.987700
vn -0.156100 -0.000000 -0.987700
vn 0.147500 -0.000100 0.989100
vn -0.152300 -0.000000 -0.988300
vn 0.986500 -0.000000 -0.163700
vn 0.151300 -0.000000 0.988500
vn -0.986500 -0.000000 0.163800
vn -0.986500 -0.000000 0.163600
vn 0.151400 -0.000000 0.988500
vn 0.986600 -0.000000 -0.163300
vn -0.154300 -0.000000 -0.988000
vn 0.987900 -0.000000 -0.154800
vn 0.149400 -0.000000 0.988800
vn -0.987900 -0.000000 0.154900
vn -0.164900 -0.000000 -0.986300
vn 0.986500 -0.000000 -0.163500
vn 0.156200 -0.000100 0.987700
vn 0.156200 -0.000000 0.987700
vn -0.986500 -0.000000 0.163500
vn -0.986500 -0.000300 0.163500
vn -0.164900 -0.000100 -0.986300
vn -0.164800 -0.000100 -0.986300
vn 0.986500 -0.000000 -0.163600
vn -0.161000 -0.000000 -0.987000
vn 0.986600 -0.000000 -0.163400
vn 0.160000 -0.000000 0.987100
vn -0.163000 -0.000000 -0.986600
vn 0.158100 -0.000000 0.987400
vn -0.173600 -0.000000 -0.984800
vn -0.173600 -0.000100 -0.984800
vn 0.164800 -0.000000 0.986300
vn 0.164900 -0.000000 0.986300
vn -0.173600 0.000100 -0.984800
vn -0.173500 -0.000000 -0.984800
vn -0.986600 -0.000000 0.163400
vn 0.164900 0.000100 0.986300
vn 0.986600 -0.000000 -0.163500
vn -0.169700 -0.000000 -0.985500
vn 0.168700 -0.000000 0.985700
vn -0.171600 -0.000000 -0.985200
vn 0.166800 -0.000000 0.986000
vn -0.182200 -0.000000 -0.983300
vn 0.983400 -0.000000 -0.181500
vn 0.173600 -0.000000 0.984800
vn 0.173600 0.000100 0.984800
vn -0.983400 -0.000000 0.181500
vn -0.182200 0.000100 -0.983300
vn -0.182300 0.000100 -0.983300
vn -0.182300 -0.000000 -0.983200
vn -0.983400 -0.000000 0.181600
vn 0.173500 0.000400 0.984800
vn 0.983400 -0.000000 -0.181600
vn -0.178400 -0.000000 -0.984000
vn 0.982100 -0.000000 -0.188300
vn 0.177400 -0.000000 0.984100
vn -0.982100 -0.000000 0.188300
vn -0.982200 -0.000000 0.188100
vn 0.982100 -0.000000 -0.188100
vn -0.180300 -0.000000 -0.983600
vn 0.982600 -0.000000 -0.185900
vn 0.175500 -0.000000 0.984500
vn -0.982500 -0.000000 0.186200
vn -0.190900 -0.000000 -0.981600
vn -0.190900 -0.000100 -0.981600
vn 0.182200 -0.000000 0.983300
vn -0.982100 -0.000000 0.188200
vn 0.982100 -0.000000 -0.188200
vn -0.190800 -0.000000 -0.981600
vn 0.182300 -0.000000 0.983200
vn 0.182300 -0.000000 0.983300
vn 0.182200 -0.000100 0.983300
vn -0.187200 -0.000000 -0.982300
vn 0.186100 -0.000000 0.982500
vn -0.187100 -0.000000 -0.982300
vn 0.186000 -0.000000 0.982500
vn 0.982100 -0.000000 -0.188400
vn -0.189000 -0.000000 -0.982000
vn 0.184100 -0.000000 0.982900
vn -0.982100 -0.000100 0.188300
vn -0.199500 -0.000000 -0.979900
vn -0.199500 -0.000100 -0.979900
vn -0.199500 0.000100 -0.979900
vn -0.199600 -0.000000 -0.979900
vn 0.190900 -0.000000 0.981600
vn -0.982100 -0.000000 0.188400
vn -0.199600 0.000100 -0.979900
vn -0.195800 -0.000000 -0.980700
vn 0.982200 -0.000000 -0.187900
vn 0.194700 -0.000000 0.980900
vn -0.982000 -0.000000 0.188700
vn -0.195800 -0.000000 -0.980600
vn -0.197700 -0.000000 -0.980300
vn 0.192800 -0.000000 0.981200
vn -0.982100 -0.000000 0.188100
vn -0.208200 -0.000000 -0.978100
vn 0.977700 -0.000000 -0.209900
vn 0.199500 -0.000000 0.979900
vn 0.199600 -0.000000 0.979900
vn -0.977700 -0.000000 0.209900
vn -0.208000 -0.000200 -0.978100
vn -0.208200 0.000100 -0.978100
vn -0.977700 -0.000000 0.210000
vn 0.199500 -0.000100 0.979900
vn 0.977700 -0.000000 -0.210000
vn 0.977700 -0.000000 -0.210100
vn -0.204300 -0.000000 -0.978900
vn 0.977100 -0.000000 -0.212700
vn 0.203300 -0.000000 0.979100
vn -0.977100 -0.000000 0.213000
vn -0.204400 -0.000000 -0.978900
vn -0.977100 -0.000000 0.212700
vn -0.206300 -0.000000 -0.978500
vn 0.201500 -0.000000 0.979500
vn -0.977100 -0.000000 0.212900
vn -0.216800 -0.000000 -0.976200
vn -0.216800 -0.000100 -0.976200
vn -0.216900 -0.000000 -0.976200
vn 0.977100 -0.000000 -0.212800
vn 0.208200 -0.000000 0.978100
vn -0.977100 -0.000000 0.212800
vn -0.216900 0.000100 -0.976200
vn -0.216700 -0.000000 -0.976200
vn 0.208200 0.000100 0.978100
vn -0.213100 -0.000000 -0.977000
vn 0.977100 -0.000000 -0.213000
vn 0.212000 -0.000000 0.977300
vn -0.213000 -0.000000 -0.977000
vn -0.214900 -0.000000 -0.976600
vn 0.210100 -0.000000 0.977700
vn -0.225400 -0.000000 -0.974300
vn -0.225500 -0.000000 -0.974300
vn -0.225500 -0.000000 -0.974200
vn -0.225400 -0.000100 -0.974300
vn 0.976800 -0.000000 -0.214100
vn 0.216800 -0.000000 0.976200
vn 0.216900 -0.000000 0.976200
vn -0.976800 -0.000000 0.214200
vn -0.976800 -0.000000 0.214100
vn 0.976800 -0.000000 -0.214200
vn -0.976800 -0.000000 0.214000
vn 0.216800 -0.000100 0.976200
vn 0.216900 0.000100 0.976200
vn 0.976800 -0.000000 -0.214000
vn -0.221600 -0.000000 -0.975100
vn 0.977200 -0.000000 -0.212400
vn 0.220600 -0.000000 0.975400
vn -0.221700 -0.000000 -0.975100
vn -0.223600 -0.000000 -0.974700
vn 0.977100 -0.000000 -0.212900
vn 0.218700 -0.000000 0.975800
vn -0.234100 -0.000000 -0.972200
vn -0.234100 0.000100 -0.972200
vn -0.234100 -0.000100 -0.972200
vn -0.234000 -0.000000 -0.972200
vn 0.971500 -0.000000 -0.237100
vn 0.225400 -0.000000 0.974300
vn -0.971500 -0.000000 0.237100
vn -0.000100 -1.000000 -0.000000
vn -0.234000 -0.000100 -0.972200
vn -0.971400 -0.000000 0.237300
vn 0.225400 0.000100 0.974300
vn 0.971500 -0.000000 -0.237200
vn 0.971400 -0.000000 -0.237300
vn -0.230200 -0.000000 -0.973100
vn 0.229300 -0.000000 0.973400
vn -0.971400 -0.000000 0.237400
vn -0.971500 -0.000000 0.237200
vn 0.229200 -0.000000 0.973400
vn 0.971600 -0.000000 -0.236800
vn -0.232200 -0.000000 -0.972700
vn 0.971500 -0.000000 -0.237000
vn 0.227300 -0.000000 0.973800
vn -0.242600 -0.000000 -0.970100
vn -0.242700 -0.000000 -0.970100
vn 0.234100 -0.000000 0.972200
vn 0.234000 -0.000000 0.972200
vn 0.234100 0.000100 0.972200
vn -0.242600 -0.000100 -0.970100
vn -0.238900 -0.000000 -0.971000
vn 0.237900 -0.000000 0.971300
vn -0.238900 -0.000000 -0.971100
vn 0.237800 -0.000000 0.971300
vn -0.240800 -0.000000 -0.970600
vn 0.235900 -0.000000 0.971800
vn -0.251200 -0.000100 -0.967900
vn -0.251200 0.000100 -0.967900
vn -0.251200 -0.000000 -0.967900
vn 0.970100 -0.000000 -0.242700
vn 0.242600 -0.000000 0.970100
vn 0.242700 -0.000000 0.970100
vn -0.970100 -0.000000 0.242700
vn -0.251300 -0.000000 -0.967900
vn -0.251300 0.000100 -0.967900
vn -0.970100 -0.000000 0.242600
vn 0.242600 0.000100 0.970100
vn 0.970100 -0.000000 -0.242600
vn -0.247500 -0.000000 -0.968900
vn 0.246400 -0.000000 0.969200
vn -0.247400 -0.000000 -0.968900
vn -0.249300 -0.000000 -0.968400
vn 0.971300 0.000100 -0.237700
vn 0.244500 -0.000000 0.969600
vn -0.259800 -0.000100 -0.965700
vn -0.259800 -0.000000 -0.965700
vn -0.259700 -0.000000 -0.965700
vn 0.965300 -0.000000 -0.261200
vn 0.251200 -0.000100 0.967900
vn 0.251200 -0.000000 0.967900
vn -0.965300 -0.000000 0.261200
vn -0.259800 0.000100 -0.965700
vn -0.965200 -0.000000 0.261400
vn 0.251300 -0.000000 0.967900
vn 0.965200 -0.000000 -0.261400
vn -0.256000 -0.000000 -0.966700
vn 0.965300 -0.000000 -0.261300
vn 0.255000 -0.000000 0.966900
vn -0.965300 -0.000000 0.261100
vn 0.965300 -0.000000 -0.261100
vn -0.257900 -0.000000 -0.966200
vn 0.253100 -0.000000 0.967400
vn -0.268300 -0.000000 -0.963300
vn -0.268600 0.000200 -0.963300
vn -0.268000 0.000100 -0.963400
vn -0.268300 -0.000100 -0.963300
vn 0.965200 -0.000000 -0.261300
vn 0.259800 -0.000000 0.965700
vn -0.965200 -0.000000 0.261300
vn -0.268400 -0.000000 -0.963300
vn -0.268400 0.000100 -0.963300
vn -0.965300 -0.000000 0.261300
vn -0.264500 -0.000000 -0.964400
vn 0.965300 -0.000000 -0.261000
vn 0.263500 -0.000000 0.964600
vn -0.965200 -0.000000 0.261700
vn 0.263500 -0.000000 0.964700
vn -0.266400 -0.000000 -0.963900
vn 0.261600 -0.000000 0.965200
vn -0.276800 -0.000000 -0.960900
vn -0.276800 -0.000100 -0.960900
vn 0.962500 -0.000000 -0.271200
vn 0.268300 0.000100 0.963300
vn 0.268300 -0.000000 0.963300
vn -0.962500 -0.000000 0.271200
vn 0.962500 -0.000000 -0.271300
vn -0.276900 -0.000400 -0.960900
vn -0.276800 0.000100 -0.960900
vn -0.276700 -0.000100 -0.960900
vn -0.276700 -0.000000 -0.961000
vn 0.268300 -0.000100 0.963300
vn 0.268000 0.000100 0.963400
vn 0.268400 -0.000000 0.963300
vn 0.268400 0.000100 0.963300
vn -0.273100 -0.000000 -0.962000
vn 0.272100 -0.000000 0.962300
vn -0.273000 -0.000000 -0.962000
vn 0.272000 -0.000000 0.962300
vn -0.274900 -0.000000 -0.961500
vn 0.962900 -0.000000 -0.269700
vn 0.270200 -0.000000 0.962800
vn -0.963000 -0.000000 0.269600
vn -0.285300 0.000100 -0.958400
vn -0.285300 -0.000000 -0.958400
vn -0.285300 0.000100 -0.958500
vn 0.958500 -0.000000 -0.285200
vn 0.276800 -0.000000 0.960900
vn 0.276800 -0.000300 0.960900
vn -0.958500 -0.000000 0.285200
vn -0.285400 -0.000000 -0.958400
vn -0.285300 0.000500 -0.958400
vn -0.958400 -0.000000 0.285300
vn 0.276800 -0.000100 0.960900
vn 0.276800 0.000400 0.960900
vn 0.958400 -0.000000 -0.285300
vn -0.281600 -0.000000 -0.959500
vn 0.958400 -0.000000 -0.285400
vn 0.280500 -0.000000 0.959900
vn -0.281500 -0.000000 -0.959600
vn -0.283400 -0.000000 -0.959000
vn 0.278700 -0.000000 0.960400
vn -0.293800 -0.000000 -0.955900
vn -0.293700 -0.000000 -0.955900
vn -0.293800 0.000100 -0.955900
vn 0.285300 -0.000000 0.958400
vn 0.285400 -0.000000 0.958400
vn -0.290100 -0.000000 -0.957000
vn 0.288700 -0.000000 0.957400
vn -0.958500 -0.000000 0.285100
vn 0.289000 -0.000000 0.957300
vn -0.291900 -0.000000 -0.956400
vn 0.287200 -0.000000 0.957900
vn -0.302200 -0.000000 -0.953200
vn -0.302200 0.000100 -0.953200
vn 0.954100 -0.000000 -0.299600
vn 0.293800 -0.000000 0.955900
vn 0.293800 -0.000100 0.955900
vn -0.954100 -0.000000 0.299600
vn -0.302300 0.000100 -0.953200
vn -0.301900 -0.000100 -0.953300
vn -0.302300 -0.000000 -0.953200
vn -0.954000 -0.000000 0.299700
vn 0.293700 -0.000000 0.955900
vn 0.954000 -0.000000 -0.299700
vn -0.298500 -0.000000 -0.954400
vn 0.951000 -0.000000 -0.309100
vn 0.297600 -0.000000 0.954700
vn -0.951100 -0.000000 0.308900
vn -0.298400 -0.000000 -0.954400
vn 0.297500 -0.000000 0.954700
vn 0.951200 -0.000000 -0.308600
vn -0.300400 -0.000000 -0.953800
vn 0.953400 -0.000000 -0.301600
vn 0.295600 -0.000000 0.955300
vn -0.953400 -0.000000 0.301800
vn -0.310600 -0.000000 -0.950500
vn -0.310700 0.000100 -0.950500
vn -0.310600 0.000100 -0.950500
vn -0.310600 -0.000100 -0.950500
vn -0.310700 -0.000000 -0.950500
vn -0.310700 -0.000100 -0.950500
vn 0.951100 -0.000000 -0.308900
vn 0.302200 -0.000100 0.953200
vn 0.302200 -0.000000 0.953200
vn -0.310500 -0.000100 -0.950600
vn 0.302300 0.000100 0.953200
vn 0.302300 -0.000000 0.953200
vn 0.302200 -0.000000 0.953300
vn 0.951100 -0.000000 -0.309000
vn 0.951100 0.000100 -0.308900
vn -0.306900 -0.000000 -0.951700
vn 0.305900 -0.000000 0.952100
vn -0.951100 -0.000000 0.308800
vn -0.951200 -0.000000 0.308700
vn 0.951100 -0.000000 -0.308800
vn -0.308800 -0.000000 -0.951100
vn 0.304100 -0.000000 0.952600
vn -0.319000 -0.000000 -0.947700
vn -0.319100 0.000100 -0.947700
vn -0.319500 0.000100 -0.947600
vn -0.319100 -0.000000 -0.947700
vn -0.319300 -0.000300 -0.947700
vn -0.319000 -0.000000 -0.947800
vn 0.310700 0.000100 0.950500
vn 0.310600 -0.000000 0.950500
vn -0.951100 -0.000000 0.309000
vn -0.319000 -0.000100 -0.947700
vn -0.319100 -0.000100 -0.947700
vn -0.319000 0.000100 -0.947800
vn -0.319000 0.000100 -0.947700
vn 0.310600 0.000200 0.950500
vn 0.310600 0.000100 0.950500
vn 0.951100 0.000100 -0.308800
vn -0.315400 -0.000000 -0.949000
vn 0.314300 -0.000000 0.949300
vn -0.951200 -0.000000 0.308600
vn -0.315700 -0.000000 -0.948900
vn -0.317200 -0.000000 -0.948400
vn 0.312500 -0.000000 0.949900
vn -0.327400 0.000100 -0.944900
vn -0.327400 -0.000000 -0.944900
vn -0.327500 -0.000000 -0.944900
vn -0.327300 0.000100 -0.944900
vn 0.944700 -0.000000 -0.327800
vn 0.319100 -0.000000 0.947700
vn 0.319000 -0.000100 0.947700
vn 0.319400 -0.000000 0.947600
vn -0.944700 -0.000000 0.327800
vn -0.327400 -0.000100 -0.944900
vn -0.327300 -0.000000 -0.944900
vn -0.944700 -0.000000 0.327900
vn 0.319000 -0.000000 0.947700
vn 0.319100 0.000100 0.947700
vn 0.944700 -0.000000 -0.327900
vn -0.323800 -0.000000 -0.946100
vn 0.943400 -0.000000 -0.331800
vn 0.322800 -0.000000 0.946500
vn -0.943200 -0.000000 0.332300
vn -0.323700 -0.000000 -0.946100
vn -0.943200 -0.000000 0.332100
vn 0.322700 -0.000000 0.946500
vn 0.943300 -0.000000 -0.331900
vn -0.325600 -0.000000 -0.945500
vn 0.943200 -0.000000 -0.332200
vn 0.320900 -0.000000 0.947100
vn -0.943100 -0.000000 0.332500
vn -0.335700 0.000100 -0.942000
vn -0.335800 -0.000000 -0.941900
vn -0.335800 -0.000100 -0.941900
vn 0.943200 -0.000000 -0.332300
vn 0.327400 -0.000000 0.944900
vn -0.335700 -0.000000 -0.942000
vn 0.327400 -0.000100 0.944900
vn -0.332100 -0.000000 -0.943300
vn 0.943100 -0.000000 -0.332500
vn 0.331000 -0.000000 0.943600
vn -0.332000 -0.000000 -0.943300
vn -0.333900 -0.000000 -0.942600
vn 0.329300 -0.000000 0.944200
vn -0.344100 -0.000000 -0.938900
vn -0.344100 -0.000100 -0.938900
vn -0.343800 -0.000100 -0.939000
vn -0.344100 -0.000000 -0.939000
vn 0.943000 -0.000000 -0.332800
vn 0.335800 -0.000000 0.941900
vn 0.335800 0.000100 0.941900
vn -0.943000 -0.000000 0.332800
vn -0.344000 -0.000000 -0.939000
vn -0.943000 -0.000000 0.332700
vn 0.335800 -0.000100 0.941900
vn 0.943000 -0.000000 -0.332700
vn -0.340400 -0.000000 -0.940300
vn 0.339000 -0.000000 0.940800
vn -0.943300 -0.000000 0.332000
vn 0.339500 -0.000000 0.940600
vn -0.342200 -0.000000 -0.939600
vn 0.943100 0.000100 -0.332400
vn 0.337600 -0.000000 0.941300
vn -0.943200 -0.000000 0.332200
vn -0.352300 0.000100 -0.935900
vn -0.352400 0.000100 -0.935900
vn -0.352400 0.000200 -0.935900
vn -0.352300 -0.000000 -0.935900
vn 0.934700 -0.000000 -0.355400
vn 0.344100 -0.000000 0.938900
vn 0.344100 0.000100 0.938900
vn -0.934700 -0.000000 0.355400
vn -0.352400 -0.000100 -0.935900
vn -0.352400 -0.000000 -0.935900
vn -0.934600 -0.000000 0.355600
vn 0.344000 -0.000000 0.939000
vn 0.934700 -0.000000 -0.355500
vn 0.934700 -0.000000 -0.355600
vn -0.934700 -0.000000 0.355600
vn -0.348800 -0.000000 -0.937200
vn 0.934700 -0.000000 -0.355300
vn 0.347500 -0.000000 0.937700
vn -0.348700 -0.000000 -0.937200
vn -0.934700 -0.000000 0.355500
vn 0.347700 -0.000000 0.937600
vn -0.350500 -0.000000 -0.936500
vn 0.345900 -0.000000 0.938300
vn -0.360600 -0.000000 -0.932700
vn -0.360900 -0.000000 -0.932600
vn -0.360700 -0.000100 -0.932700
vn -0.360700 0.000100 -0.932700
vn -0.360600 -0.000100 -0.932700
vn 0.352400 -0.000000 0.935900
vn 0.352300 -0.000100 0.935900
vn -0.360700 -0.000000 -0.932700
vn -0.360600 -0.000400 -0.932700
vn -0.934700 -0.000200 0.355400
vn 0.352300 0.000100 0.935900
vn 0.352400 0.000100 0.935800
vn -0.357000 -0.000000 -0.934100
vn 0.934700 0.000100 -0.355400
vn 0.356000 -0.000000 0.934500
vn 0.934800 -0.000000 -0.355100
vn -0.358800 -0.000000 -0.933400
vn 0.354200 -0.000000 0.935200
vn -0.368900 -0.000100 -0.929500
vn -0.368800 -0.000100 -0.929500
vn -0.368900 -0.000000 -0.929500
vn -0.368800 -0.000000 -0.929500
vn 0.932600 -0.000000 -0.360900
vn 0.360600 -0.000000 0.932700
vn 0.360600 -0.000100 0.932700
vn -0.932600 -0.000000 0.360900
vn -0.368400 0.000200 -0.929700
vn -0.932600 -0.000200 0.360800
vn 0.360700 -0.000000 0.932700
vn 0.932600 -0.000000 -0.360800
vn -0.932600 -0.000000 0.360800
vn -0.365200 -0.000000 -0.930900
vn 0.934800 -0.000000 -0.355200
vn 0.364300 -0.000000 0.931300
vn -0.934800 -0.000000 0.355200
vn 0.364200 -0.000000 0.931300
vn 0.934600 -0.000000 -0.355600
vn -0.367100 -0.000000 -0.930200
vn 0.934400 -0.000000 -0.356300
vn 0.362400 -0.000000 0.932000
vn -0.934500 -0.000000 0.355900
vn -0.377100 -0.000100 -0.926200
vn -0.377100 -0.000200 -0.926200
vn -0.377400 -0.000200 -0.926100
vn -0.377100 -0.000000 -0.926200
vn -0.377100 0.000100 -0.926200
vn 0.925700 -0.000000 -0.378300
vn 0.368900 -0.000000 0.929500
vn 0.368800 -0.000000 0.929500
vn -0.925700 -0.000000 0.378300
vn -0.377400 -0.000200 -0.926000
vn -0.376800 0.000200 -0.926300
vn -0.377000 -0.000100 -0.926200
vn -0.925600 -0.000000 0.378400
vn 0.925600 -0.000000 -0.378400
vn -0.373400 -0.000000 -0.927700
vn 0.925800 -0.000000 -0.378100
vn 0.372500 -0.000000 0.928000
vn -0.925900 -0.000000 0.377900
vn 0.925700 -0.000000 -0.378100
vn -0.375300 -0.000000 -0.926900
vn 0.925700 -0.000000 -0.378200
vn 0.370700 -0.000000 0.928800
vn -0.925700 -0.000000 0.378400
vn -0.385200 -0.000000 -0.922800
vn -0.385200 0.000100 -0.922800
vn -0.385500 -0.000000 -0.922700
vn -0.385500 -0.000100 -0.922700
vn -0.385300 -0.000000 -0.922800
vn 0.377100 -0.000000 0.926200
vn -0.385200 -0.000100 -0.922800
vn 0.377000 -0.000100 0.926200
vn -0.381600 -0.000000 -0.924300
vn 0.380600 -0.000000 0.924700
vn -0.381700 -0.000000 -0.924300
vn 0.380700 -0.000000 0.924700
vn 0.925600 -0.000000 -0.378500
vn -0.383400 -0.000000 -0.923600
vn 0.925700 -0.000000 -0.378400
vn 0.378900 -0.000000 0.925500
vn -0.393300 -0.000000 -0.919400
vn -0.393300 -0.000300 -0.919400
vn -0.393400 -0.000100 -0.919400
vn -0.393400 -0.000000 -0.919400
vn 0.921400 -0.000000 -0.388700
vn 0.385200 -0.000100 0.922800
vn 0.385200 -0.000000 0.922800
vn -0.921400 -0.000000 0.388700
vn -0.393500 -0.000000 -0.919300
vn -0.393300 -0.000100 -0.919400
vn -0.393300 -0.000200 -0.919400
vn -0.393400 0.000100 -0.919400
vn -0.389800 -0.000000 -0.920900
vn 0.924300 -0.000000 -0.381700
vn 0.388800 -0.000000 0.921300
vn -0.924300 -0.000000 0.381700
vn -0.924300 -0.000000 0.381600
vn 0.388700 -0.000000 0.921300
vn 0.924200 -0.000000 -0.381900
vn -0.391600 -0.000000 -0.920100
vn 0.921700 -0.000000 -0.387900
vn 0.387000 -0.000000 0.922100
vn -0.921700 -0.000000 0.387900
vn -0.401100 -0.000200 -0.916000
vn -0.401500 -0.000100 -0.915900
vn -0.401400 -0.000100 -0.915900
vn -0.401400 0.000100 -0.915900
vn -0.401500 -0.000000 -0.915900
vn -0.401500 0.000100 -0.915900
vn 0.916100 -0.000000 -0.400800
vn 0.393400 0.000100 0.919400
vn 0.393400 -0.000100 0.919400
vn 0.393400 -0.000000 0.919400
vn -0.916100 -0.000000 0.400900
vn -0.916100 -0.000000 0.400800
vn 0.916100 -0.000000 -0.400900
vn -0.401400 -0.000000 -0.915900
vn 0.393300 0.000200 0.919400
vn 0.393300 0.000100 0.919400
vn -0.397900 -0.000000 -0.917400
vn 0.916000 -0.000000 -0.401100
vn 0.396900 -0.000000 0.917900
vn -0.916100 -0.000000 0.401000
vn 0.916200 -0.000000 -0.400800
vn -0.399700 -0.000000 -0.916700
vn 0.395100 -0.000000 0.918600
vn -0.916100 -0.000100 0.400900
vn -0.409500 -0.000000 -0.912300
vn -0.409500 -0.000100 -0.912300
vn -0.409600 0.000200 -0.912300
vn -0.409600 0.000100 -0.912300
vn 0.916100 -0.000000 -0.401000
vn 0.401400 -0.000100 0.915900
vn 0.401500 -0.000000 0.915900
vn 0.401400 -0.000000 0.915900
vn -0.916200 -0.000000 0.400800
vn -0.406000 -0.000000 -0.913900
vn 0.405100 -0.000000 0.914300
vn -0.916200 -0.000000 0.400700
vn -0.405900 -0.000000 -0.913900
vn 0.405000 -0.000000 0.914300
vn -0.407800 -0.000000 -0.913100
vn 0.403200 -0.000000 0.915100
vn -0.417500 0.000100 -0.908700
vn -0.417600 0.000100 -0.908600
vn -0.417300 0.000100 -0.908800
vn -0.417500 0.000200 -0.908700
vn -0.417600 -0.000100 -0.908600
vn -0.417500 -0.000100 -0.908700
vn -0.417600 -0.000000 -0.908600
vn 0.909300 -0.000000 -0.416100
vn 0.409600 -0.000100 0.912300
vn 0.409600 -0.000200 0.912300
vn 0.409500 -0.000000 0.912300
vn -0.909300 -0.000000 0.416100
vn -0.909300 -0.000000 0.416200
vn 0.909300 -0.000000 -0.416200
vn -0.417500 -0.000000 -0.908700
vn -0.414100 -0.000000 -0.910200
vn 0.906000 -0.000000 -0.423300
vn 0.413100 -0.000000 0.910700
vn -0.905900 -0.000000 0.423600
vn -0.413900 -0.000000 -0.910300
vn -0.906100 -0.000000 0.423100
vn 0.906100 -0.000000 -0.423000
vn -0.415800 -0.000000 -0.909500
vn 0.907800 -0.000000 -0.419300
vn 0.411300 -0.000000 0.911500
vn -0.907800 -0.000000 0.419500
vn -0.425500 -0.000000 -0.904900
vn -0.425500 -0.000100 -0.904900
vn -0.425600 -0.000000 -0.904900
vn -0.425600 0.000100 -0.904900
vn 0.906100 -0.000000 -0.423100
vn 0.417600 0.000100 0.908600
vn 0.417500 0.000100 0.908700
vn 0.417400 -0.000100 0.908700
vn -0.906100 -0.000000 0.423200
vn -0.425700 -0.000100 -0.904900
vn -0.425600 -0.000100 -0.904900
vn 0.417500 -0.000100 0.908700
vn 0.417600 -0.000000 0.908600
vn 0.906100 -0.000000 -0.423200
vn 0.906000 -0.000000 -0.423200
vn -0.422000 -0.000000 -0.906600
vn 0.421000 -0.000000 0.907000
vn -0.906000 -0.000000 0.423200
vn 0.421000 -0.000000 0.907100
vn -0.423800 -0.000000 -0.905800
vn 0.419300 -0.000000 0.907800
vn -0.433600 -0.000100 -0.901100
vn -0.433500 -0.000000 -0.901200
vn -0.433400 -0.000000 -0.901200
vn -0.433700 -0.000200 -0.901100
vn -0.433600 0.000200 -0.901100
vn -0.433600 0.000100 -0.901100
vn -0.433200 -0.000000 -0.901300
vn 0.425500 -0.000000 0.904900
vn 0.425600 -0.000000 0.904900
vn -0.433500 -0.000000 -0.901100
vn 0.425600 0.000100 0.904900
vn -0.430000 -0.000000 -0.902800
vn 0.429000 -0.000000 0.903300
vn -0.429700 -0.000000 -0.903000
vn -0.905700 -0.000000 0.423800
vn 0.429200 -0.000000 0.903200
vn -0.431800 -0.000000 -0.902000
vn 0.427300 -0.000000 0.904100
vn -0.906100 -0.000000 0.423000
vn -0.441400 -0.000000 -0.897300
vn -0.441500 -0.000000 -0.897300
vn 0.896400 -0.000000 -0.443200
vn 0.433600 -0.000000 0.901100
vn 0.433600 -0.000200 0.901100
vn -0.896400 -0.000000 0.443300
vn 0.896400 -0.000000 -0.443300
vn -0.441500 -0.000000 -0.897200
vn -0.441400 -0.000100 -0.897300
vn -0.441500 0.000100 -0.897300
vn -0.896300 -0.000000 0.443400
vn 0.433500 -0.000000 0.901200
vn 0.433500 -0.000000 0.901100
vn 0.896300 -0.000000 -0.443400
vn 0.896300 0.000100 -0.443400
vn -0.438100 -0.000000 -0.898900
vn 0.895400 -0.000000 -0.445300
vn 0.436900 -0.000000 0.899500
vn -0.895500 -0.000000 0.445000
vn -0.438000 -0.000000 -0.899000
vn -0.895500 -0.000000 0.445100
vn 0.437100 -0.000000 0.899400
vn 0.895500 -0.000000 -0.445100
vn -0.439700 -0.000000 -0.898100
vn 0.895500 -0.000000 -0.445000
vn 0.435300 -0.000000 0.900300
vn -0.895400 -0.000000 0.445200
vn -0.449300 -0.000000 -0.893400
vn -0.449400 -0.000000 -0.893400
vn -0.449300 0.000100 -0.893400
vn -0.449400 -0.000000 -0.893300
vn 0.441400 -0.000000 0.897300
vn -0.449300 -0.000100 -0.893400
vn 0.441500 -0.000000 0.897300
vn 0.895500 0.000100 -0.445100
vn -0.445800 -0.000000 -0.895100
vn 0.444900 -0.000000 0.895600
vn -0.445900 -0.000000 -0.895100
vn -0.447600 -0.000000 -0.894200
vn 0.895500 -0.000000 -0.445200
vn 0.443200 -0.000000 0.896400
vn -0.457200 -0.000000 -0.889400
vn -0.457200 0.000100 -0.889400
vn -0.457100 -0.000100 -0.889400
vn 0.893700 -0.000000 -0.448600
vn 0.449300 -0.000000 0.893400
vn 0.449300 0.000100 0.893400
vn -0.893700 -0.000000 0.448600
vn -0.457300 -0.000100 -0.889300
vn -0.457200 -0.000100 -0.889300
vn -0.457200 -0.000100 -0.889400
vn -0.893800 -0.000000 0.448400
vn 0.449400 -0.000300 0.893300
vn 0.449400 -0.000000 0.893300
vn 0.893800 -0.000000 -0.448500
vn -0.893800 -0.000000 0.448500
vn -0.453800 -0.000000 -0.891100
vn 0.452800 -0.000000 0.891600
vn -0.455500 -0.000000 -0.890300
vn 0.451100 -0.000000 0.892500
vn -0.895600 -0.000000 0.445000
vn -0.465000 -0.000000 -0.885300
vn -0.465000 0.000100 -0.885300
vn 0.884400 -0.000000 -0.466700
vn 0.457100 -0.000000 0.889400
vn 0.457100 0.000100 0.889400
vn -0.884400 -0.000000 0.466700
vn -0.464900 -0.000100 -0.885300
vn -0.464900 -0.000100 -0.885400
vn -0.884300 -0.000000 0.466800
vn 0.457200 -0.000000 0.889400
vn 0.884400 -0.000000 -0.466800
vn -0.884400 -0.000000 0.466800
vn -0.461600 -0.000000 -0.887100
vn 0.884200 -0.000000 -0.467200
vn 0.460600 -0.000000 0.887600
vn 0.460700 -0.000000 0.887600
vn -0.463300 -0.000000 -0.886200
vn 0.458900 -0.000000 0.888500
vn -0.472700 -0.000100 -0.881200
vn -0.472700 0.000100 -0.881200
vn -0.472700 0.000200 -0.881200
vn -0.472800 -0.000200 -0.881200
vn -0.472800 0.000100 -0.881200
vn -0.472700 -0.000200 -0.881200
vn -0.472600 -0.000000 -0.881300
vn 0.464900 -0.000100 0.885300
vn 0.465000 -0.000000 0.885300
vn -0.472800 -0.000100 -0.881200
vn -0.472800 -0.000000 -0.881200
vn -0.469400 -0.000000 -0.883000
vn 0.468300 -0.000000 0.883600
vn -0.884500 -0.000000 0.466600
vn -0.469200 -0.000000 -0.883100
vn 0.468500 -0.000000 0.883500
vn 0.884500 -0.000000 -0.466600
vn -0.471100 -0.000000 -0.882100
vn 0.466700 -0.000000 0.884400
vn -0.480500 -0.000000 -0.877000
vn -0.480500 -0.000100 -0.877000
vn -0.480500 0.000100 -0.877000
vn -0.480600 -0.000000 -0.876900
vn 0.879800 -0.000000 -0.475300
vn 0.472800 0.000100 0.881200
vn 0.472700 -0.000200 0.881200
vn 0.472700 -0.000100 0.881200
vn -0.879800 -0.000000 0.475300
vn -0.480500 0.000200 -0.877000
vn -0.879900 -0.000000 0.475200
vn 0.472700 -0.000300 0.881200
vn 0.879900 -0.000000 -0.475200
vn -0.477100 -0.000000 -0.878800
vn 0.476200 -0.000000 0.879400
vn -0.477100 -0.000000 -0.878900
vn -0.884300 -0.000000 0.467000
vn 0.476300 -0.000000 0.879300
vn 0.884500 -0.000000 -0.466500
vn -0.478800 -0.000000 -0.877900
vn 0.880700 -0.000000 -0.473600
vn 0.474500 -0.000000 0.880300
vn -0.880800 -0.000000 0.473500
vn -0.488300 -0.000100 -0.872700
vn -0.488600 -0.000200 -0.872500
vn -0.488200 -0.000000 -0.872800
vn -0.488200 -0.000000 -0.872700
vn 0.872900 -0.000000 -0.488000
vn 0.480500 -0.000000 0.877000
vn 0.480500 0.000100 0.877000
vn 0.480500 -0.000100 0.877000
vn -0.872800 -0.000000 0.488000
vn -0.872900 -0.000000 0.488000
vn 0.872800 -0.000000 -0.488000
vn -0.488300 -0.000000 -0.872700
vn -0.488100 -0.000200 -0.872800
vn -0.488200 0.000100 -0.872700
vn -0.488300 0.000100 -0.872700
vn -0.872800 -0.000000 0.488100
vn 0.480600 -0.000000 0.876900
vn 0.480600 -0.000100 0.877000
vn 0.872800 -0.000000 -0.488100
vn -0.484900 -0.000000 -0.874600
vn 0.483900 -0.000000 0.875100
vn -0.484800 -0.000000 -0.874600
vn -0.872900 -0.000000 0.487900
vn 0.483800 -0.000000 0.875200
vn -0.486500 -0.000000 -0.873700
vn 0.872900 -0.000000 -0.487900
vn 0.482200 -0.000000 0.876100
vn -0.495800 -0.000000 -0.868500
vn -0.495800 -0.000100 -0.868500
vn -0.495800 -0.000000 -0.868400
vn -0.495800 0.000100 -0.868400
vn 0.488200 -0.000000 0.872800
vn 0.488200 -0.000000 0.872700
vn -0.495900 -0.000100 -0.868400
vn -0.495900 -0.000000 -0.868400
vn -0.495900 0.000100 -0.868400
vn 0.488200 0.000300 0.872700
vn 0.488200 0.000200 0.872700
vn 0.488200 0.000100 0.872700
vn -0.492500 -0.000000 -0.870300
vn 0.491600 -0.000000 0.870800
vn 0.491500 -0.000000 0.870900
vn 0.872700 -0.000000 -0.488300
vn -0.494200 -0.000000 -0.869400
vn 0.489900 -0.000000 0.871800
vn -0.503400 -0.000000 -0.864000
vn -0.503400 -0.000100 -0.864000
vn -0.503500 -0.000200 -0.864000
vn -0.503500 -0.000100 -0.864000
vn -0.503400 0.000100 -0.864100
vn -0.503500 0.000100 -0.864000
vn -0.503800 0.000100 -0.863800
vn -0.503600 -0.000000 -0.864000
vn 0.865100 -0.000000 -0.501600
vn 0.495800 -0.000000 0.868400
vn 0.495800 -0.000100 0.868400
vn -0.865100 -0.000000 0.501600
vn -0.503400 0.000200 -0.864100
vn -0.503400 0.000200 -0.864000
vn -0.503500 -0.000000 -0.864000
vn 0.495900 -0.000100 0.868400
vn 0.495900 0.000100 0.868400
vn -0.500000 -0.000000 -0.866000
vn 0.860700 -0.000000 -0.509100
vn 0.499100 -0.000000 0.866500
vn -0.860700 -0.000000 0.509100
vn -0.500100 -0.000000 -0.866000
vn -0.860800 -0.000000 0.509000
vn 0.499200 -0.000000 0.866500
vn 0.860800 -0.000000 -0.508900
vn -0.501800 -0.000000 -0.865000
vn 0.863800 -0.000000 -0.503900
vn 0.497500 -0.000000 0.867500
vn -0.863700 -0.000000 0.504000
vn -0.511000 -0.000000 -0.859600
vn -0.511000 0.000100 -0.859600
vn -0.511000 0.000200 -0.859600
vn -0.511000 -0.000100 -0.859600
vn -0.510900 -0.000000 -0.859600
vn 0.860800 -0.000000 -0.509000
vn 0.503400 -0.000000 0.864000
vn 0.503500 0.000100 0.864000
vn 0.503400 -0.000100 0.864000
vn -0.511000 -0.000200 -0.859600
vn 0.503600 -0.000000 0.864000
vn 0.503500 -0.000100 0.864000
vn 0.503400 -0.000200 0.864100
vn 0.503400 -0.000300 0.864100
vn -0.860700 -0.000000 0.509000
vn -0.507700 -0.000000 -0.861600
vn 0.506700 -0.000000 0.862100
vn 0.506900 -0.000000 0.862000
vn -0.509400 -0.000000 -0.860600
vn 0.505100 -0.000000 0.863000
vn -0.518500 -0.000000 -0.855100
vn -0.518600 0.000100 -0.855000
vn -0.518600 -0.000100 -0.855000
vn -0.518500 -0.000000 -0.855000
vn 0.511000 0.000100 0.859600
vn 0.511000 -0.000100 0.859600
vn -0.518500 0.000100 -0.855100
vn -0.518600 -0.000000 -0.855000
vn -0.860800 -0.000000 0.508900
vn 0.511000 -0.000000 0.859600
vn -0.515300 -0.000000 -0.857000
vn 0.860600 -0.000000 -0.509200
vn 0.514300 -0.000000 0.857600
vn -0.515700 -0.000000 -0.856800
vn 0.514400 -0.000000 0.857600
vn -0.516900 -0.000000 -0.856100
vn 0.512700 -0.000000 0.858600
vn -0.860900 -0.000000 0.508900
vn -0.526000 -0.000000 -0.850500
vn -0.526100 -0.000000 -0.850400
vn -0.526100 -0.000000 -0.850500
vn 0.849600 -0.000000 -0.527400
vn 0.518600 0.000100 0.855000
vn 0.518500 -0.000000 0.855100
vn -0.849600 -0.000000 0.527400
vn -0.525900 0.000300 -0.850500
vn -0.525900 0.000200 -0.850500
vn -0.526000 0.000100 -0.850500
vn -0.526000 -0.000100 -0.850500
vn -0.526000 -0.000200 -0.850500
vn -0.849500 -0.000000 0.527500
vn 0.518600 -0.000100 0.855000
vn 0.849600 -0.000000 -0.527500
vn 0.849500 -0.000000 -0.527500
vn -0.522800 -0.000000 -0.852500
vn 0.848200 -0.000000 -0.529700
vn 0.521800 -0.000000 0.853100
vn -0.848300 -0.000000 0.529600
vn -0.522700 -0.000000 -0.852500
vn -0.848200 -0.000000 0.529700
vn 0.521800 -0.000000 0.853000
vn 0.848200 -0.000000 -0.529600
vn -0.524400 -0.000000 -0.851500
vn 0.848300 -0.000000 -0.529500
vn 0.520200 -0.000000 0.854000
vn -0.533500 -0.000000 -0.845800
vn -0.533400 0.000200 -0.845800
vn -0.533500 0.000100 -0.845800
vn 0.526100 -0.000000 0.850500
vn 0.526000 -0.000000 0.850500
vn -0.848200 -0.000000 0.529600
vn -0.533400 0.000100 -0.845800
vn -0.533200 -0.000000 -0.846000
vn 0.525900 -0.000200 0.850500
vn 0.848300 -0.000000 -0.529600
vn -0.530200 -0.000000 -0.847900
vn 0.529300 -0.000000 0.848400
vn -0.848300 -0.000000 0.529500
vn -0.530200 -0.000000 -0.847800
vn -0.531800 -0.000000 -0.846900
vn 0.527700 -0.000000 0.849500
vn -0.540900 -0.000000 -0.841100
vn -0.541100 -0.000000 -0.840900
vn -0.541200 0.000200 -0.840900
vn -0.541300 -0.000000 -0.840900
vn -0.540800 -0.000000 -0.841200
vn -0.540800 -0.000100 -0.841200
vn -0.540800 0.000100 -0.841100
vn 0.846300 -0.000000 -0.532600
vn 0.533400 -0.000200 0.845800
vn 0.533500 -0.000000 0.845800
vn -0.846300 -0.000000 0.532700
vn 0.846300 -0.000000 -0.532700
vn -0.540800 -0.000000 -0.841100
vn -0.540900 -0.000100 -0.841100
vn -0.540900 -0.000200 -0.841100
vn -0.846400 -0.000000 0.532500
vn 0.846400 0.000200 -0.532600
vn 0.846400 -0.000000 -0.532600
vn -0.846400 -0.000000 0.532600
vn -0.537700 -0.000000 -0.843100
vn 0.536700 -0.000000 0.843800
vn -0.848400 -0.000000 0.529400
vn -0.537600 -0.000000 -0.843200
vn -0.848200 -0.000100 0.529700
vn 0.536700 -0.000000 0.843700
vn -0.539200 -0.000000 -0.842200
vn 0.535100 -0.000000 0.844800
vn -0.548200 -0.000000 -0.836300
vn -0.548200 -0.000000 -0.836400
vn 0.835300 -0.000000 -0.549800
vn 0.540800 -0.000000 0.841200
vn 0.540800 0.000200 0.841200
vn 0.540800 0.000100 0.841200
vn -0.835300 -0.000000 0.549800
vn -0.548200 0.000100 -0.836300
vn -0.835200 -0.000000 0.549900
vn 0.540800 -0.000000 0.841100
vn 0.540900 -0.000000 0.841100
vn 0.835200 0.000200 -0.549900
vn 0.835200 -0.000000 -0.549900
vn -0.545000 -0.000000 -0.838400
vn 0.835200 -0.000000 -0.550000
vn 0.544100 -0.000000 0.839000
vn -0.835100 -0.000000 0.550100
vn -0.544900 -0.000000 -0.838500
vn 0.544000 -0.000000 0.839100
vn -0.546600 -0.000000 -0.837400
vn 0.542500 -0.000000 0.840100
vn -0.835200 -0.000000 0.550000
vn -0.555500 -0.000100 -0.831500
vn -0.555400 -0.000000 -0.831600
vn -0.555400 0.000100 -0.831600
vn -0.555500 0.000100 -0.831500
vn -0.555500 -0.000000 -0.831500
vn -0.555500 -0.000200 -0.831500
vn 0.548200 -0.000000 0.836300
vn 0.548200 -0.000100 0.836300
vn -0.555400 -0.000100 -0.831600
vn -0.555600 0.000100 -0.831500
vn -0.555600 0.000200 -0.831500
vn -0.555500 -0.000400 -0.831500
vn -0.555500 -0.000300 -0.831500
vn -0.555400 -0.000300 -0.831600
vn -0.835300 -0.000200 0.549800
vn 0.548200 -0.000000 0.836400
vn -0.552300 -0.000000 -0.833600
vn 0.551400 -0.000000 0.834200
vn -0.552300 -0.000000 -0.833700
vn -0.553900 -0.000000 -0.832600
vn 0.549800 -0.000000 0.835300
vn -0.562700 -0.000000 -0.826700
vn -0.562600 -0.000000 -0.826700
vn -0.562800 0.000400 -0.826600
vn -0.562600 -0.000500 -0.826700
vn -0.562800 -0.000100 -0.826600
vn -0.562800 0.000100 -0.826600
vn -0.562800 -0.000200 -0.826600
vn 0.829900 -0.000000 -0.558000
vn 0.555500 -0.000000 0.831500
vn 0.555400 -0.000100 0.831600
vn 0.555500 0.000100 0.831500
vn -0.829900 -0.000000 0.557900
vn 0.829900 -0.000000 -0.557900
vn -0.562800 -0.000000 -0.826600
vn -0.562900 -0.000000 -0.826500
vn -0.829900 -0.000200 0.557900
vn 0.555500 -0.000200 0.831500
vn -0.559500 -0.000000 -0.828800
vn 0.558700 -0.000000 0.829300
vn -0.559600 -0.000000 -0.828800
vn 0.558600 -0.000000 0.829400
vn -0.561200 -0.000000 -0.827700
vn 0.830900 -0.000000 -0.556500
vn 0.557100 -0.000000 0.830400
vn -0.830900 -0.000000 0.556400
vn -0.570000 -0.000100 -0.821700
vn -0.570000 0.000200 -0.821600
vn -0.569800 0.000100 -0.821800
vn -0.570000 0.000200 -0.821700
vn -0.570000 -0.000000 -0.821700
vn -0.570000 -0.000100 -0.821600
vn -0.569900 -0.000000 -0.821700
vn 0.821800 -0.000000 -0.569700
vn 0.562800 0.000100 0.826600
vn 0.562800 -0.000300 0.826600
vn 0.562800 -0.000200 0.826600
vn -0.821800 -0.000000 0.569700
vn 0.821800 0.000200 -0.569700
vn -0.569900 0.000100 -0.821700
vn -0.570000 0.000100 -0.821700
vn -0.570000 -0.000300 -0.821600
vn -0.570000 -0.000200 -0.821600
vn -0.570000 -0.000200 -0.821700
vn -0.570000 -0.000000 -0.821600
vn -0.821800 -0.000200 0.569800
vn 0.562800 -0.000000 0.826600
vn 0.562800 -0.000100 0.826600
vn 0.821800 -0.000000 -0.569800
vn -0.821800 -0.000000 0.569800
vn -0.566900 -0.000000 -0.823800
vn 0.566000 -0.000000 0.824400
vn -0.821700 -0.000000 0.569900
vn -0.566700 -0.000000 -0.823900
vn -0.568400 -0.000000 -0.822700
vn 0.564400 -0.000000 0.825500
vn -0.577200 -0.000000 -0.816600
vn -0.577300 -0.000000 -0.816600
vn -0.577100 -0.000000 -0.816600
vn -0.577100 0.000100 -0.816700
vn -0.577300 -0.000400 -0.816600
vn -0.577100 -0.000100 -0.816700
vn 0.570000 -0.000000 0.821700
vn 0.570000 -0.000100 0.821700
vn 0.821800 0.000200 -0.569800
vn -0.577100 0.000300 -0.816700
vn -0.577100 0.000200 -0.816700
vn -0.577200 0.000100 -0.816600
vn -0.577400 0.000300 -0.816500
vn -0.577300 -0.000000 -0.816500
vn -0.577200 -0.000100 -0.816600
vn -0.577100 -0.000200 -0.816700
vn -0.821800 -0.000200 0.569700
vn 0.570000 -0.000100 0.821600
vn 0.569800 0.000200 0.821800
vn 0.569900 -0.000100 0.821700
vn -0.821800 0.000100 0.569700
vn -0.574000 -0.000000 -0.818800
vn 0.821500 -0.000000 -0.570200
vn 0.573200 -0.000000 0.819400
vn -0.574100 -0.000000 -0.818800
vn 0.821700 -0.000000 -0.569900
vn -0.575600 -0.000000 -0.817700
vn 0.571600 -0.000000 0.820600
vn -0.584300 -0.000000 -0.811500
vn -0.584200 -0.000100 -0.811600
vn -0.584300 -0.000100 -0.811600
vn -0.584200 0.000100 -0.811600
vn -0.584200 -0.000000 -0.811600
vn 0.812700 -0.000000 -0.582700
vn 0.577100 -0.000000 0.816700
vn 0.577100 0.000200 0.816700
vn 0.577100 0.000100 0.816700
vn -0.812700 -0.000000 0.582700
vn -0.584300 -0.000000 -0.811600
vn -0.812600 -0.000000 0.582800
vn 0.577200 -0.000000 0.816600
vn 0.577100 -0.000200 0.816600
vn 0.577100 -0.000200 0.816700
vn 0.812700 -0.000000 -0.582800
vn -0.581100 -0.000000 -0.813800
vn 0.807800 -0.000000 -0.589400
vn 0.580400 -0.000000 0.814300
vn -0.807800 -0.000000 0.589500
vn -0.581200 -0.000000 -0.813800
vn -0.808100 -0.000000 0.589100
vn 0.580300 -0.000000 0.814400
vn 0.808000 0.000100 -0.589100
vn -0.582700 -0.000000 -0.812700
vn 0.811000 -0.000000 -0.585100
vn 0.578700 -0.000000 0.815500
vn -0.810900 -0.000000 0.585300
vn -0.591300 0.000100 -0.806400
vn -0.591700 0.000100 -0.806100
vn -0.591400 0.000100 -0.806400
vn -0.591300 0.000100 -0.806500
vn -0.591300 -0.000000 -0.806400
vn -0.591400 0.000200 -0.806400
vn -0.591400 -0.000100 -0.806400
vn 0.807900 -0.000000 -0.589300
vn 0.584200 -0.000000 0.811600
vn 0.584200 0.000100 0.811600
vn -0.807900 -0.000000 0.589300
vn -0.807900 -0.000100 0.589300
vn -0.591600 -0.000100 -0.806200
vn -0.591400 -0.000000 -0.806400
vn 0.584300 -0.000000 0.811500
vn 0.807900 0.000200 -0.589300
vn -0.588300 -0.000000 -0.808600
vn 0.587300 -0.000000 0.809400
vn -0.808000 -0.000000 0.589200
vn -0.588200 -0.000000 -0.808700
vn 0.587500 -0.000000 0.809300
vn -0.589800 -0.000000 -0.807500
vn 0.585800 -0.000000 0.810400
vn -0.598400 0.000100 -0.801200
vn -0.598500 0.000100 -0.801100
vn -0.598400 -0.000100 -0.801200
vn -0.598400 -0.000000 -0.801200
vn 0.807900 -0.000000 -0.589400
vn 0.591300 -0.000100 0.806400
vn 0.591400 0.000200 0.806400
vn 0.591400 0.000100 0.806400
vn -0.807900 -0.000000 0.589400
vn -0.807900 -0.000100 0.589400
vn -0.598500 0.000200 -0.801100
vn -0.598400 -0.000400 -0.801200
vn -0.598000 -0.000000 -0.801500
vn 0.591400 -0.000100 0.806400
vn 0.591400 -0.000000 0.806400
vn 0.808000 -0.000000 -0.589200
vn -0.595300 -0.000000 -0.803500
vn 0.594500 -0.000000 0.804100
vn -0.595400 -0.000000 -0.803400
vn -0.807800 -0.000000 0.589400
vn 0.807800 -0.000000 -0.589500
vn -0.596800 -0.000000 -0.802400
vn 0.592900 -0.000000 0.805300
vn -0.605400 -0.000000 -0.795900
vn -0.605300 -0.000200 -0.796000
vn 0.794800 -0.000000 -0.606900
vn 0.598400 0.000100 0.801200
vn 0.598300 0.000100 0.801300
vn 0.598300 0.000100 0.801200
vn -0.794800 -0.000000 0.606900
vn -0.605400 -0.000100 -0.796000
vn -0.605300 -0.000000 -0.796000
vn -0.605400 -0.000000 -0.796000
vn -0.794700 -0.000000 0.607000
vn 0.598500 -0.000100 0.801100
vn 0.598400 -0.000100 0.801200
vn 0.794700 -0.000000 -0.607000
vn -0.602200 -0.000000 -0.798300
vn 0.793500 -0.000000 -0.608500
vn 0.601500 -0.000000 0.798800
vn -0.793400 -0.000000 0.608700
vn -0.602300 -0.000000 -0.798300
vn -0.793500 -0.000000 0.608600
vn 0.601500 -0.000000 0.798900
vn 0.793600 -0.000000 -0.608400
vn -0.603800 -0.000000 -0.797100
vn 0.793700 -0.000000 -0.608300
vn 0.599900 -0.000000 0.800100
vn -0.612300 0.000100 -0.790700
vn -0.612300 0.000100 -0.790600
vn -0.612200 0.000100 -0.790700
vn -0.612300 -0.000200 -0.790600
vn -0.612200 -0.000200 -0.790700
vn -0.612400 -0.000100 -0.790600
vn -0.612300 -0.000000 -0.790700
vn 0.793600 -0.000000 -0.608500
vn 0.605300 0.000100 0.796000
vn 0.605300 0.000300 0.796000
vn 0.605300 0.000200 0.796000
vn -0.793600 -0.000000 0.608500
vn -0.612300 -0.000100 -0.790600
vn -0.612300 -0.000000 -0.790600
vn -0.612400 0.000100 -0.790600
vn 0.605400 -0.000100 0.795900
vn 0.605400 -0.000000 0.795900
vn -0.609300 -0.000000 -0.793000
vn 0.608500 -0.000000 0.793500
vn -0.609200 -0.000000 -0.793000
vn 0.608400 -0.000000 0.793600
vn 0.793400 -0.000000 -0.608700
vn -0.610800 -0.000000 -0.791800
vn 0.606900 -0.000000 0.794800
vn -0.619200 -0.000000 -0.785200
vn -0.619200 0.000100 -0.785300
vn -0.619100 0.000100 -0.785300
vn -0.619300 -0.000100 -0.785100
vn -0.619200 -0.000100 -0.785200
vn -0.619200 0.000100 -0.785200
vn -0.619100 -0.000000 -0.785300
vn 0.790900 -0.000000 -0.612000
vn 0.612300 0.000200 0.790600
vn 0.612200 0.000200 0.790700
vn 0.612300 0.000200 0.790700
vn -0.790900 -0.000000 0.612000
vn -0.619200 -0.000200 -0.785200
vn -0.619100 -0.000200 -0.785300
vn -0.790900 -0.000000 0.611900
vn 0.612400 -0.000100 0.790600
vn 0.612300 -0.000000 0.790600
vn 0.790900 -0.000000 -0.611900
vn -0.616000 -0.000000 -0.787700
vn 0.615300 -0.000000 0.788300
vn -0.616300 -0.000000 -0.787500
vn -0.793600 -0.000000 0.608400
vn 0.615200 -0.000000 0.788300
vn 0.793100 -0.000000 -0.609000
vn -0.617700 -0.000000 -0.786400
vn 0.793500 -0.000000 -0.608600
vn 0.613800 -0.000000 0.789500
vn -0.793700 -0.000000 0.608400
vn -0.626000 -0.000000 -0.779800
vn -0.626000 -0.000100 -0.779800
vn -0.626000 0.000200 -0.779800
vn -0.626100 -0.000400 -0.779800
vn -0.626100 0.000100 -0.779800
vn -0.626000 -0.000100 -0.779900
vn -0.626100 0.000100 -0.779700
vn -0.626100 -0.000000 -0.779800
vn 0.778800 -0.000000 -0.627200
vn 0.619200 0.000100 0.785200
vn 0.619200 -0.000100 0.785200
vn -0.778800 -0.000000 0.627200
vn 0.778800 0.000100 -0.627200
vn -0.626000 0.000100 -0.779800
vn -0.626000 -0.000000 -0.779900
vn -0.625900 -0.000100 -0.779900
vn -0.778800 -0.000000 0.627300
vn 0.619000 0.000100 0.785400
vn 0.619100 0.000200 0.785300
vn 0.619200 0.000200 0.785200
vn 0.778700 -0.000000 -0.627300
vn 0.778800 -0.000000 -0.627300
vn -0.623500 0.000100 -0.781900
vn 0.622200 -0.000000 0.782900
vn -0.778800 -0.000100 0.627300
vn -0.623000 -0.000000 -0.782200
vn -0.778900 -0.000000 0.627200
vn 0.622300 -0.000000 0.782800
vn 0.778900 -0.000000 -0.627100
vn -0.624500 -0.000000 -0.781000
vn 0.778900 -0.000000 -0.627200
vn 0.620700 -0.000000 0.784100
vn -0.632800 -0.000000 -0.774300
vn -0.632800 0.000100 -0.774300
vn 0.626000 -0.000000 0.779800
vn 0.626000 0.000100 0.779800
vn -0.632900 0.000200 -0.774300
vn 0.626000 -0.000100 0.779900
vn 0.625900 -0.000100 0.779900
vn -0.630200 -0.000000 -0.776500
vn 0.629000 -0.000000 0.777400
vn -0.630200 -0.000000 -0.776400
vn 0.778700 -0.000000 -0.627400
vn -0.631300 -0.000000 -0.775500
vn 0.627500 -0.000000 0.778600
vn -0.639500 -0.000000 -0.768800
vn -0.639600 0.000200 -0.768700
vn -0.639600 0.000300 -0.768700
vn -0.639600 0.000100 -0.768700
vn -0.639600 -0.000100 -0.768700
vn -0.639600 -0.000000 -0.768700
vn 0.772100 -0.000000 -0.635500
vn 0.632800 -0.000100 0.774300
vn 0.632800 0.000100 0.774300
vn 0.632800 -0.000000 0.774300
vn -0.772100 -0.000000 0.635500
vn -0.772100 -0.000100 0.635500
vn -0.639500 0.000100 -0.768800
vn -0.639600 0.000500 -0.768700
vn -0.639800 0.000600 -0.768500
vn -0.639500 0.000400 -0.768800
vn 0.633200 -0.000200 0.774000
vn -0.636700 -0.000000 -0.771100
vn 0.778000 -0.000000 -0.628300
vn 0.635600 -0.000000 0.772000
vn -0.778100 -0.000000 0.628100
vn -0.636500 -0.000000 -0.771200
vn -0.777900 -0.000000 0.628400
vn 0.635800 -0.000000 0.771900
vn 0.777900 -0.000000 -0.628300
vn -0.638100 -0.000000 -0.770000
vn 0.772700 -0.000000 -0.634800
vn 0.634300 0.000100 0.773100
vn -0.772700 -0.000000 0.634700
vn -0.646200 -0.000100 -0.763200
vn -0.646200 -0.000000 -0.763200
vn -0.646200 -0.000200 -0.763100
vn -0.646100 0.000400 -0.763300
vn -0.646100 -0.000000 -0.763200
vn 0.763600 -0.000000 -0.645700
vn 0.639600 -0.000000 0.768700
vn 0.639600 0.000100 0.768700
vn -0.763600 -0.000000 0.645700
vn -0.763600 -0.000100 0.645700
vn -0.646300 -0.000200 -0.763100
vn -0.646200 0.000100 -0.763200
vn -0.646200 0.000100 -0.763100
vn -0.646300 0.000100 -0.763100
vn 0.639500 0.000300 0.768800
vn 0.639600 -0.000100 0.768700
vn 0.639500 -0.000100 0.768800
vn -0.643300 -0.000000 -0.765600
vn 0.763500 -0.000000 -0.645800
vn 0.642400 -0.000000 0.766400
vn -0.643200 -0.000000 -0.765700
vn -0.763500 -0.000000 0.645800
vn 0.642500 -0.000000 0.766300
vn -0.644800 -0.000000 -0.764400
vn 0.763600 -0.000000 -0.645600
vn 0.641000 -0.000000 0.767500
vn -0.652900 0.000100 -0.757500
vn -0.652900 -0.000100 -0.757500
vn -0.652900 -0.000200 -0.757500
vn -0.652900 -0.000200 -0.757400
vn -0.652800 0.000200 -0.757500
vn -0.652900 -0.000000 -0.757400
vn -0.652800 -0.000000 -0.757500
vn -0.652900 0.000100 -0.757400
vn -0.653000 -0.000000 -0.757400
vn 0.646200 -0.000000 0.763200
vn -0.763600 0.000100 0.645700
vn -0.652900 0.000200 -0.757500
vn -0.652800 0.000100 -0.757500
vn -0.652800 -0.000100 -0.757500
vn -0.652800 -0.000200 -0.757600
vn -0.652900 -0.000000 -0.757500
vn 0.646100 0.000100 0.763200
vn 0.646200 0.000100 0.763200
vn 0.646300 0.000100 0.763100
vn 0.646300 0.000200 0.763100
vn -0.763600 -0.000000 0.645600
vn -0.650000 -0.000000 -0.759900
vn 0.649100 -0.000000 0.760700
vn -0.763700 -0.000000 0.645600
vn -0.651400 -0.000000 -0.758700
vn 0.647700 -0.000000 0.761900
vn -0.659400 0.000100 -0.751800
vn -0.659400 0.000200 -0.751800
vn -0.659500 0.000100 -0.751700
vn -0.659400 -0.000100 -0.751800
vn -0.659500 0.000200 -0.751700
vn -0.659500 -0.000100 -0.751700
vn 0.752600 -0.000000 -0.658500
vn 0.652900 -0.000000 0.757500
vn 0.652900 0.000100 0.757500
vn -0.752600 -0.000000 0.658500
vn -0.752600 -0.000100 0.658500
vn -0.659500 -0.000000 -0.751700
vn -0.659300 -0.000500 -0.751900
vn -0.659400 -0.000000 -0.751800
vn -0.752500 -0.000000 0.658600
vn 0.652900 0.000200 0.757500
vn 0.652800 0.000100 0.757500
vn 0.652800 -0.000100 0.757500
vn 0.652800 -0.000100 0.757600
vn 0.752500 -0.000100 -0.658600
vn 0.752500 -0.000000 -0.658600
vn -0.656500 -0.000000 -0.754300
vn 0.747900 -0.000000 -0.663800
vn 0.655800 -0.000000 0.755000
vn -0.747900 -0.000000 0.663900
vn -0.656600 -0.000000 -0.754300
vn -0.748100 -0.000000 0.663600
vn 0.655700 -0.000000 0.755000
vn 0.748100 -0.000000 -0.663600
vn -0.658000 -0.000000 -0.753000
vn 0.750000 -0.000000 -0.661500
vn 0.654300 -0.000000 0.756200
vn -0.749800 -0.000000 0.661600
vn -0.666000 0.000100 -0.745900
vn -0.666000 -0.000000 -0.745900
vn -0.666100 -0.000100 -0.745900
vn -0.666100 -0.000000 -0.745900
vn -0.665900 0.000200 -0.746000
vn -0.666000 -0.000000 -0.746000
vn -0.665900 0.000300 -0.746000
vn 0.748000 -0.000000 -0.663700
vn 0.659400 -0.000100 0.751800
vn 0.659700 0.000500 0.751600
vn 0.659500 0.000200 0.751700
vn -0.748000 -0.000000 0.663700
vn -0.748000 -0.000100 0.663700
vn -0.665600 -0.000100 -0.746300
vn -0.665900 -0.000000 -0.746000
vn -0.666100 -0.000400 -0.745900
vn -0.666200 -0.000300 -0.745800
vn -0.665900 -0.000100 -0.746000
vn -0.747900 -0.000000 0.663800
vn 0.659500 -0.000000 0.751700
vn -0.748000 -0.000000 0.663800
vn -0.663200 -0.000000 -0.748500
vn 0.662300 -0.000000 0.749200
vn -0.663100 -0.000000 -0.748500
vn -0.748300 -0.000000 0.663400
vn -0.664500 -0.000000 -0.747300
vn 0.660900 -0.000000 0.750500
vn -0.672500 -0.000100 -0.740100
vn -0.672500 -0.000200 -0.740100
vn -0.672400 -0.000100 -0.740100
vn -0.672400 0.000100 -0.740200
vn -0.672500 0.000100 -0.740100
vn -0.672400 -0.000000 -0.740200
vn 0.665900 -0.000200 0.746000
vn 0.666100 0.000100 0.745900
vn 0.666000 -0.000000 0.745900
vn 0.665900 -0.000200 0.746100
vn -0.747900 -0.000200 0.663800
vn -0.672300 0.000200 -0.740300
vn -0.672300 0.000100 -0.740300
vn -0.672300 -0.000000 -0.740200
vn -0.672300 -0.000100 -0.740200
vn -0.672500 -0.000000 -0.740100
vn 0.665900 -0.000100 0.746100
vn 0.665900 -0.000000 0.746000
vn 0.666000 -0.000000 0.746000
vn -0.669500 -0.000000 -0.742800
vn 0.668700 -0.000000 0.743500
vn 0.668900 -0.000000 0.743400
vn -0.671000 -0.000000 -0.741400
vn 0.667400 -0.000000 0.744700
vn -0.678800 -0.000100 -0.734300
vn -0.678800 -0.000200 -0.734400
vn -0.678700 -0.000300 -0.734400
vn -0.678800 -0.000200 -0.734300
vn -0.678800 0.000100 -0.734300
vn -0.678900 0.000100 -0.734200
vn -0.678900 -0.000000 -0.734300
vn 0.732400 -0.000000 -0.680900
vn 0.672400 -0.000100 0.740200
vn 0.672500 -0.000100 0.740100
vn -0.732400 -0.000000 0.680900
vn -0.732400 -0.000200 0.680900
vn -0.678900 0.000300 -0.734200
vn -0.678900 0.000200 -0.734300
vn -0.678800 -0.000100 -0.734400
vn -0.678900 -0.000100 -0.734200
vn -0.679000 0.000100 -0.734200
vn -0.679000 -0.000000 -0.734100
vn -0.732300 -0.000000 0.681000
vn 0.672400 0.000100 0.740200
vn 0.672400 0.000300 0.740200
vn 0.672300 -0.000000 0.740300
vn 0.732300 -0.000000 -0.681000
vn -0.676000 -0.000000 -0.736900
vn 0.731900 -0.000000 -0.681500
vn 0.675300 -0.000000 0.737500
vn -0.731800 -0.000000 0.681500
vn -0.731900 -0.000000 0.681400
vn 0.732100 -0.000000 -0.681200
vn -0.677500 -0.000000 -0.735600
vn 0.732000 -0.000000 -0.681300
vn 0.673900 -0.000000 0.738900
vn -0.685200 0.000100 -0.728300
vn -0.685300 0.000200 -0.728300
vn -0.685200 -0.000000 -0.728400
vn -0.685200 -0.000000 -0.728300
vn 0.731900 -0.000000 -0.681400
vn 0.678900 -0.000100 0.734300
vn 0.678900 -0.000100 0.734200
vn -0.685500 0.000500 -0.728000
vn -0.685200 -0.000100 -0.728400
vn -0.685400 -0.000000 -0.728200
vn -0.685300 -0.000000 -0.728200
vn -0.685300 -0.000000 -0.728300
vn -0.685200 -0.000100 -0.728300
vn 0.678900 0.000200 0.734200
vn 0.678900 0.000100 0.734300
vn 0.678800 -0.000200 0.734300
vn 0.678800 -0.000200 0.734400
vn -0.732000 -0.000000 0.681400
vn -0.682500 -0.000000 -0.730900
vn 0.681800 -0.000000 0.731500
vn -0.732000 -0.000000 0.681300
vn 0.681700 -0.000000 0.731700
vn -0.683900 -0.000000 -0.729600
vn 0.732000 -0.000000 -0.681400
vn 0.680300 -0.000000 0.732900
vn -0.691500 -0.000000 -0.722400
vn -0.691300 0.000500 -0.722500
vn -0.691500 0.000100 -0.722400
vn -0.691400 0.000100 -0.722400
vn -0.691600 -0.000100 -0.722300
vn -0.691900 -0.000100 -0.722000
vn -0.691600 0.000200 -0.722300
vn -0.691600 -0.000200 -0.722300
vn -0.691400 -0.000000 -0.722400
vn 0.728000 -0.000000 -0.685600
vn 0.685200 -0.000000 0.728300
vn 0.685200 -0.000000 0.728400
vn -0.728000 -0.000000 0.685600
vn -0.691600 -0.000000 -0.722200
vn -0.691600 -0.000000 -0.722300
vn -0.728000 -0.000000 0.685500
vn 0.685300 0.000100 0.728300
vn 0.685200 0.000100 0.728300
vn 0.685200 -0.000100 0.728400
vn 0.685500 0.000200 0.728100
vn -0.688800 -0.000000 -0.724900
vn 0.688100 -0.000000 0.725600
vn -0.688900 -0.000000 -0.724900
vn 0.688000 -0.000000 0.725700
vn 0.731700 -0.000000 -0.681600
vn -0.690200 -0.000000 -0.723600
vn 0.731200 -0.000000 -0.682200
vn 0.686700 -0.000000 0.727000
vn -0.731400 -0.000000 0.681900
vn -0.697900 -0.000100 -0.716200
vn -0.697800 -0.000200 -0.716300
vn -0.697800 -0.000100 -0.716300
vn -0.697900 -0.000200 -0.716200
vn -0.697800 0.000100 -0.716300
vn -0.698100 0.000500 -0.716000
vn -0.697900 0.000200 -0.716200
vn -0.697800 -0.000000 -0.716300
vn 0.715500 -0.000000 -0.698600
vn 0.691600 -0.000000 0.722300
vn 0.691600 -0.000300 0.722300
vn 0.691600 -0.000200 0.722300
vn -0.715500 -0.000000 0.698600
vn -0.697900 0.000100 -0.716200
vn -0.697800 -0.000300 -0.716300
vn -0.698100 0.000600 -0.716000
vn -0.697900 -0.000000 -0.716200
vn -0.698000 0.000100 -0.716100
vn -0.698000 -0.000000 -0.716100
vn -0.715400 -0.000000 0.698700
vn 0.691600 -0.000000 0.722200
vn 0.715400 -0.000000 -0.698700
vn -0.695100 -0.000000 -0.718900
vn 0.694300 -0.000000 0.719700
vn -0.696500 -0.000000 -0.717600
vn 0.693000 -0.000000 0.721000
vn -0.704100 -0.000100 -0.710100
vn -0.704100 -0.000000 -0.710100
vn -0.704100 0.000100 -0.710100
vn -0.704000 0.000100 -0.710200
vn -0.704200 -0.000200 -0.710000
vn -0.704000 -0.000100 -0.710200
vn -0.704000 -0.000000 -0.710200
vn -0.704000 -0.000200 -0.710200
vn 0.697900 -0.000100 0.716200
vn 0.697900 -0.000200 0.716200
vn 0.697900 -0.000400 0.716200
vn -0.715500 0.000100 0.698600
vn 0.715500 -0.000000 -0.698700
vn 0.697900 0.000300 0.716200
vn 0.697900 0.000200 0.716200
vn 0.697800 -0.000000 0.716300
vn 0.698000 -0.000400 0.716100
vn -0.701000 -0.000000 -0.713200
vn 0.700600 -0.000000 0.713600
vn -0.701400 -0.000000 -0.712800
vn -0.702700 -0.000000 -0.711500
vn 0.699200 -0.000000 0.714900
vn -0.710200 -0.000000 -0.704000
vn -0.710300 -0.000100 -0.703900
vn -0.710500 -0.000300 -0.703700
vn -0.710200 0.000100 -0.704000
vn -0.710100 0.000100 -0.704100
vn -0.710200 0.000200 -0.704000
vn -0.710200 -0.000100 -0.704000
vn 0.707000 -0.000000 -0.707200
vn 0.704100 0.000100 0.710100
vn 0.704000 -0.000000 0.710200
vn -0.707000 -0.000000 0.707300
vn -0.707000 -0.000000 0.707200
vn -0.707000 0.000100 0.707200
vn 0.707000 0.000100 -0.707200
vn -0.709900 -0.000300 -0.704300
vn -0.710300 -0.000000 -0.703900
vn 0.704100 0.000200 0.710100
vn 0.704000 -0.000100 0.710200
vn -0.707500 -0.000000 -0.706700
vn 0.705900 -0.000000 -0.708400
vn 0.706700 -0.000000 0.707500
vn -0.705900 -0.000000 0.708300
vn -0.707600 -0.000000 -0.706600
vn -0.706000 -0.000000 0.708200
vn 0.706900 -0.000000 0.707300
vn 0.706000 -0.000000 -0.708300
vn -0.708900 -0.000000 -0.705300
vn 0.706900 -0.000000 -0.707300
vn 0.705400 -0.000000 0.708800
vn -0.706900 -0.000000 0.707300
vn -0.716400 -0.000000 -0.697700
vn -0.716300 -0.000300 -0.697800
vn -0.716300 -0.000400 -0.697800
vn -0.716400 -0.000300 -0.697700
vn -0.716400 0.000100 -0.697700
vn -0.716500 0.000200 -0.697600
vn -0.716300 -0.000100 -0.697700
vn -0.716400 0.000200 -0.697700
vn -0.716500 -0.000000 -0.697600
vn 0.698700 -0.000000 -0.715500
vn 0.710200 -0.000100 0.704000
vn 0.710300 -0.000200 0.703900
vn 0.710200 -0.000200 0.704000
vn -0.698700 -0.000000 0.715400
vn -0.698700 -0.000000 0.715500
vn -0.698600 -0.000000 0.715500
vn 0.698700 0.000100 -0.715500
vn 0.698700 -0.000000 -0.715400
vn -0.716400 -0.000100 -0.697700
vn 0.710200 -0.000000 0.704000
vn 0.698600 -0.000000 -0.715500
vn -0.713700 -0.000000 -0.700400
vn 0.713000 -0.000000 0.701200
vn -0.713700 -0.000000 -0.700500
vn -0.715000 -0.000000 -0.699100
vn 0.711600 -0.000000 0.702600
vn -0.722400 -0.000000 -0.691500
vn -0.722500 0.000300 -0.691400
vn -0.722500 0.000400 -0.691400
vn -0.722400 0.000300 -0.691500
vn -0.722500 -0.000000 -0.691400
vn -0.722400 -0.000100 -0.691500
vn -0.722400 0.000100 -0.691500
vn -0.722400 -0.000200 -0.691500
vn -0.722300 -0.000000 -0.691600
vn 0.716300 -0.000000 0.697700
vn 0.716400 0.000100 0.697700
vn 0.716300 -0.000100 0.697800
vn -0.722500 0.000100 -0.691400
vn -0.722400 -0.000000 -0.691400
vn 0.716400 -0.000200 0.697700
vn 0.716400 -0.000000 0.697700
vn -0.719700 -0.000000 -0.694300
vn 0.699000 -0.000000 -0.715100
vn 0.719000 -0.000000 0.695100
vn -0.719800 -0.000000 -0.694200
vn 0.719000 -0.000000 0.695000
vn 0.698500 -0.000000 -0.715600
vn -0.721100 -0.000000 -0.692900
vn 0.717700 -0.000000 0.696400
vn -0.728300 -0.000100 -0.685300
vn -0.728300 0.000100 -0.685200
vn -0.728300 0.000200 -0.685300
vn -0.728300 0.000100 -0.685300
vn -0.728300 -0.000200 -0.685200
vn -0.728400 -0.000200 -0.685200
vn -0.728300 -0.000000 -0.685200
vn -0.728400 0.000200 -0.685100
vn -0.728300 -0.000400 -0.685200
vn -0.728200 -0.000000 -0.685300
vn 0.685300 -0.000000 -0.728200
vn 0.722400 -0.000000 0.691500
vn 0.722400 -0.000100 0.691500
vn 0.722600 0.000500 0.691300
vn -0.685300 -0.000000 0.728200
vn 0.685400 -0.000000 -0.728200
vn -0.728400 -0.000100 -0.685100
vn -0.728400 -0.000000 -0.685100
vn -0.728100 0.000100 -0.685500
vn -0.728400 0.000100 -0.685200
vn -0.728400 0.000100 -0.685100
vn -0.685300 -0.000000 0.728300
vn 0.722300 -0.000400 0.691600
vn 0.722500 -0.000100 0.691400
vn 0.722500 -0.000000 0.691400
vn 0.685300 -0.000000 -0.728300
vn -0.725800 -0.000000 -0.687900
vn 0.681300 -0.000000 -0.732000
vn 0.725100 -0.000000 0.688700
vn -0.681300 -0.000000 0.732000
vn -0.681400 -0.000000 0.731900
vn 0.681400 -0.000000 -0.731900
vn -0.727100 -0.000000 -0.686500
vn 0.681700 -0.000000 -0.731600
vn 0.723700 -0.000000 0.690100
vn -0.734300 -0.000000 -0.678800
vn -0.734300 0.000100 -0.678800
vn -0.734400 -0.000000 -0.678800
vn -0.734300 -0.000100 -0.678800
vn 0.728400 0.000100 0.685100
vn 0.728600 -0.000200 0.684900
vn 0.728400 -0.000300 0.685200
vn -0.734400 0.000100 -0.678800
vn 0.728400 -0.000000 0.685100
vn -0.731800 -0.000000 -0.681600
vn 0.731000 -0.000000 0.682300
vn -0.681600 -0.000000 0.731700
vn -0.731700 -0.000000 -0.681600
vn 0.731100 -0.000000 0.682300
vn -0.733000 -0.000000 -0.680200
vn 0.729700 -0.000000 0.683800
vn -0.740200 -0.000000 -0.672400
vn -0.740200 -0.000000 -0.672300
vn -0.740300 -0.000100 -0.672300
vn -0.740300 -0.000000 -0.672300
vn -0.740200 0.000100 -0.672400
vn 0.680600 -0.000000 -0.732600
vn 0.734400 0.000100 0.678800
vn 0.734300 -0.000100 0.678800
vn 0.734300 -0.000000 0.678800
vn -0.680600 -0.000000 0.732600
vn -0.740200 -0.000100 -0.672400
vn -0.740200 -0.000200 -0.672400
vn -0.740200 0.000100 -0.672300
vn -0.680700 -0.000000 0.732500
vn 0.734400 -0.000100 0.678800
vn 0.734400 -0.000000 0.678800
vn 0.680700 -0.000000 -0.732500
vn -0.737600 -0.000000 -0.675200
vn 0.681600 -0.000000 -0.731800
vn 0.736900 -0.000000 0.676000
vn -0.681500 -0.000000 0.731800
vn 0.737000 -0.000000 0.675900
vn 0.681600 -0.000000 -0.731700
vn -0.738900 -0.000000 -0.673800
vn 0.735600 -0.000000 0.677400
vn -0.746100 -0.000000 -0.665900
vn -0.746000 -0.000100 -0.665900
vn -0.746000 -0.000000 -0.665900
vn 0.663800 -0.000000 -0.747900
vn 0.740200 -0.000100 0.672400
vn 0.740200 0.000100 0.672400
vn 0.740200 -0.000000 0.672400
vn -0.663800 -0.000000 0.747900
vn -0.746100 0.000200 -0.665900
vn -0.746100 -0.000100 -0.665900
vn -0.746100 0.000100 -0.665800
vn -0.746100 -0.000000 -0.665800
vn -0.663700 -0.000000 0.748000
vn 0.740300 0.000100 0.672300
vn 0.663700 -0.000000 -0.748000
vn -0.743500 -0.000000 -0.668700
vn 0.742900 -0.000000 0.669400
vn -0.663600 -0.000000 0.748100
vn -0.743600 -0.000000 -0.668600
vn 0.742800 -0.000000 0.669500
vn 0.663300 -0.000000 -0.748300
vn -0.744800 -0.000000 -0.667300
vn 0.741500 -0.000000 0.670900
vn -0.663600 -0.000000 0.748000
vn -0.751900 -0.000000 -0.659300
vn -0.751900 -0.000100 -0.659300
vn 0.746100 -0.000000 0.665900
vn 0.746000 -0.000000 0.665900
vn -0.751800 0.000100 -0.659400
vn -0.751800 -0.000100 -0.659400
vn -0.751800 -0.000200 -0.659400
vn -0.751900 0.000100 -0.659300
vn 0.746100 -0.000100 0.665900
vn 0.746100 0.000100 0.665800
vn 0.663800 -0.000100 -0.748000
vn -0.749300 -0.000000 -0.662300
vn 0.748600 -0.000000 0.663000
vn -0.749300 -0.000000 -0.662200
vn 0.748500 -0.000000 0.663100
vn -0.750600 -0.000000 -0.660800
vn 0.747400 -0.000000 0.664400
vn -0.757600 0.000100 -0.652800
vn -0.757600 -0.000000 -0.652800
vn -0.757600 -0.000100 -0.652800
vn -0.757600 -0.000000 -0.652700
vn -0.757500 -0.000000 -0.652800
vn -0.757300 0.000200 -0.653100
vn 0.658200 -0.000000 -0.752800
vn 0.751900 -0.000000 0.659300
vn 0.751900 0.000100 0.659300
vn -0.658200 -0.000000 0.752800
vn -0.757600 -0.000200 -0.652800
vn -0.757600 -0.000100 -0.652700
vn -0.757500 -0.000100 -0.652800
vn -0.757600 0.000100 -0.652700
vn -0.658300 -0.000000 0.752800
vn 0.751800 0.000200 0.659400
vn 0.751800 -0.000000 0.659400
vn 0.751800 -0.000100 0.659400
vn 0.658300 -0.000000 -0.752800
vn 0.658300 -0.000100 -0.752800
vn -0.755100 -0.000000 -0.655600
vn 0.754400 -0.000000 0.656500
vn 0.754400 -0.000000 0.656400
vn 0.663600 -0.000000 -0.748000
vn -0.756300 -0.000000 -0.654200
vn 0.660900 -0.000000 -0.750400
vn 0.753100 -0.000000 0.657900
vn -0.661100 -0.000000 0.750300
vn -0.763200 -0.000000 -0.646100
vn -0.763300 -0.000000 -0.646100
vn -0.763200 0.000500 -0.646200
vn -0.763300 0.000100 -0.646100
vn -0.763200 0.000100 -0.646100
vn 0.645700 -0.000000 -0.763600
vn 0.757500 -0.000100 0.652800
vn 0.757500 0.000100 0.652800
vn -0.645700 -0.000000 0.763600
vn -0.763100 0.000600 -0.646200
vn -0.763300 -0.000400 -0.646100
vn -0.763200 -0.000100 -0.646200
vn -0.763300 -0.000000 -0.646000
vn -0.645600 -0.000000 0.763600
vn 0.757500 -0.000000 0.652800
vn 0.757600 0.000100 0.652700
vn 0.757600 0.000200 0.652700
vn -0.760700 -0.000000 -0.649100
vn 0.760100 -0.000000 0.649800
vn -0.760700 -0.000000 -0.649000
vn -0.645800 -0.000000 0.763500
vn -0.762000 -0.000000 -0.647600
vn 0.645800 -0.000000 -0.763500
vn 0.758800 -0.000000 0.651300
vn -0.768800 -0.000000 -0.639500
vn -0.768600 -0.000200 -0.639700
vn -0.768700 0.000100 -0.639600
vn -0.768900 0.000100 -0.639400
vn -0.768800 -0.000000 -0.639400
vn -0.768800 -0.000100 -0.639500
vn -0.768800 -0.000100 -0.639400
vn 0.763200 -0.000100 0.646100
vn 0.763200 -0.000000 0.646100
vn -0.768900 -0.000000 -0.639400
vn -0.768900 -0.000100 -0.639400
vn 0.763300 0.000200 0.646100
vn 0.763200 0.000100 0.646100
vn 0.763200 -0.000000 0.646200
vn 0.763200 -0.000100 0.646200
vn -0.766400 -0.000000 -0.642400
vn 0.765700 -0.000000 0.643100
vn -0.766600 -0.000000 -0.642100
vn 0.765700 -0.000000 0.643200
vn -0.767600 -0.000000 -0.640900
vn 0.645600 -0.000000 -0.763600
vn 0.764500 -0.000000 0.644600
vn -0.774400 -0.000000 -0.632700
vn -0.774400 0.000100 -0.632700
vn -0.774700 -0.000000 -0.632400
vn -0.774400 -0.000100 -0.632700
vn 0.635300 -0.000000 -0.772300
vn 0.768800 0.000100 0.639400
vn 0.768800 -0.000000 0.639500
vn -0.635300 -0.000000 0.772300
vn -0.774500 -0.000100 -0.632600
vn -0.774500 -0.000400 -0.632500
vn -0.774400 -0.000000 -0.632600
vn -0.635200 -0.000000 0.772300
vn 0.768800 -0.000100 0.639500
vn 0.768900 0.000100 0.639400
vn 0.635200 -0.000000 -0.772300
vn -0.772000 -0.000000 -0.635600
vn 0.627100 -0.000000 -0.778900
vn 0.771300 -0.000000 0.636400
vn -0.627100 -0.000000 0.778900
vn -0.771900 -0.000000 -0.635700
vn -0.627300 -0.000000 0.778800
vn 0.771300 -0.000000 0.636500
vn 0.627300 -0.000000 -0.778800
vn -0.773200 -0.000000 -0.634200
vn 0.634300 -0.000000 -0.773100
vn 0.770100 -0.000000 0.637900
vn -0.634200 -0.000000 0.773200
vn -0.779800 -0.000000 -0.626000
vn -0.779900 -0.000000 -0.625900
vn -0.779900 -0.000100 -0.625900
vn -0.779900 0.000100 -0.625900
vn 0.774400 0.000100 0.632700
vn 0.774400 -0.000100 0.632700
vn 0.774400 -0.000000 0.632700
vn -0.779900 0.000100 -0.625800
vn -0.780000 0.000100 -0.625800
vn -0.779900 -0.000000 -0.626000
vn -0.779800 -0.000100 -0.626000
vn -0.627200 -0.000000 0.778800
vn 0.774500 0.000100 0.632600
vn 0.774700 0.000100 0.632400
vn -0.777500 -0.000000 -0.628800
vn 0.626800 -0.000000 -0.779200
vn 0.776900 -0.000000 0.629700
vn -0.777500 -0.000000 -0.628900
vn 0.777000 -0.000000 0.629600
vn -0.778700 -0.000000 -0.627400
vn 0.775600 -0.000000 0.631200
vn -0.785300 -0.000100 -0.619100
vn -0.785300 -0.000100 -0.619200
vn -0.785300 -0.000000 -0.619200
vn -0.785400 -0.000100 -0.619000
vn -0.785300 -0.000000 -0.619100
vn -0.785400 -0.000300 -0.619000
vn 0.627200 -0.000000 -0.778800
vn 0.779900 -0.000000 0.625900
vn 0.779900 -0.000100 0.625900
vn -0.785300 0.000100 -0.619100
vn -0.785400 -0.000000 -0.619000
vn -0.627300 -0.000100 0.778800
vn 0.780000 0.000100 0.625800
vn -0.782900 -0.000000 -0.622100
vn 0.627400 -0.000000 -0.778700
vn 0.782400 -0.000000 0.622800
vn -0.627300 -0.000000 0.778700
vn -0.783000 -0.000000 -0.622100
vn -0.784100 -0.000000 -0.620600
vn 0.627200 -0.000000 -0.778900
vn 0.781100 -0.000000 0.624400
vn -0.627400 -0.000000 0.778700
vn -0.790700 -0.000000 -0.612200
vn -0.790800 0.000200 -0.612100
vn -0.790800 0.000100 -0.612100
vn -0.790800 -0.000000 -0.612100
vn -0.790700 -0.000200 -0.612100
vn -0.790800 -0.000200 -0.612100
vn 0.611700 -0.000000 -0.791100
vn 0.785300 -0.000000 0.619100
vn -0.611700 -0.000000 0.791100
vn -0.790700 0.000100 -0.612200
vn -0.790700 -0.000100 -0.612200
vn -0.611600 -0.000000 0.791200
vn 0.785400 -0.000100 0.619000
vn 0.611600 -0.000000 -0.791200
vn -0.788400 -0.000000 -0.615200
vn 0.608300 -0.000000 -0.793700
vn 0.787600 -0.000000 0.616100
vn -0.608400 -0.000000 0.793600
vn -0.788300 -0.000000 -0.615300
vn -0.608500 -0.000000 0.793600
vn 0.787700 -0.000000 0.616100
vn 0.608600 -0.000000 -0.793500
vn -0.789500 -0.000000 -0.613700
vn 0.786500 -0.000000 0.617600
vn -0.608400 -0.000000 0.793700
vn -0.796000 -0.000100 -0.605300
vn -0.796000 -0.000000 -0.605300
vn -0.796100 -0.000100 -0.605200
vn -0.796100 -0.000000 -0.605200
vn 0.608500 -0.000000 -0.793600
vn 0.790800 0.000100 0.612100
vn 0.790700 0.000200 0.612200
vn 0.790800 -0.000100 0.612000
vn -0.796100 0.000100 -0.605200
vn -0.796100 0.000500 -0.605200
vn -0.796000 -0.000100 -0.605200
vn -0.796000 -0.000400 -0.605300
vn 0.790700 0.000100 0.612200
vn 0.790700 -0.000000 0.612200
vn -0.793700 -0.000000 -0.608300
vn 0.793100 -0.000000 0.609100
vn -0.608500 -0.000000 0.793500
vn 0.793300 -0.000000 0.608800
vn 0.608400 -0.000000 -0.793600
vn -0.794900 -0.000000 -0.606800
vn 0.791900 -0.000000 0.610700
vn -0.801200 -0.000000 -0.598300
vn -0.801200 -0.000100 -0.598300
vn -0.801200 -0.000200 -0.598300
vn -0.801300 -0.000100 -0.598300
vn -0.801300 -0.000300 -0.598300
vn -0.801300 -0.000000 -0.598300
vn -0.801400 0.000100 -0.598200
vn -0.801300 0.000100 -0.598200
vn -0.801500 -0.000300 -0.597900
vn 0.606600 -0.000000 -0.795000
vn 0.796100 -0.000000 0.605200
vn 0.796100 -0.000100 0.605200
vn -0.606600 -0.000000 0.795000
vn -0.801400 -0.000200 -0.598200
vn -0.801300 -0.000200 -0.598200
vn -0.606700 -0.000000 0.794900
vn 0.796100 0.000100 0.605200
vn 0.796000 -0.000000 0.605300
vn 0.606700 -0.000000 -0.794900
vn -0.606800 -0.000000 0.794900
vn -0.798900 -0.000000 -0.601400
vn 0.608700 -0.000000 -0.793400
vn 0.798400 -0.000000 0.602200
vn -0.799000 -0.000000 -0.601300
vn 0.798300 -0.000000 0.602200
vn -0.800100 -0.000000 -0.599800
vn 0.797200 -0.000000 0.603700
vn -0.608600 -0.000000 0.793500
vn -0.806500 -0.000100 -0.591200
vn -0.806500 -0.000000 -0.591300
vn -0.806400 0.000100 -0.591300
vn -0.806400 -0.000000 -0.591300
vn -0.806500 -0.000100 -0.591300
vn -0.806500 -0.000200 -0.591300
vn 0.589400 -0.000000 -0.807900
vn 0.801300 -0.000000 0.598200
vn 0.801300 -0.000200 0.598300
vn 0.801300 -0.000100 0.598200
vn -0.589400 -0.000000 0.807900
vn -0.806500 -0.000500 -0.591200
vn -0.806600 0.000100 -0.591100
vn -0.806500 0.000600 -0.591300
vn -0.806400 -0.000200 -0.591300
vn -0.806400 -0.000100 -0.591300
vn -0.806500 0.000100 -0.591300
vn -0.806400 -0.000200 -0.591400
vn -0.806500 0.000100 -0.591200
vn -0.806400 -0.000000 -0.591400
vn -0.589200 -0.000000 0.808000
vn 0.801300 -0.000100 0.598300
vn 0.801300 -0.000000 0.598300
vn 0.801300 0.000100 0.598200
vn 0.801400 0.000200 0.598200
vn 0.589200 -0.000000 -0.808000
vn -0.804200 -0.000000 -0.594300
vn 0.589300 -0.000000 -0.807900
vn 0.803600 -0.000000 0.595100
vn -0.804200 -0.000000 -0.594400
vn -0.589400 -0.000000 0.807800
vn 0.803500 -0.000000 0.595300
vn 0.589400 -0.000000 -0.807800
vn -0.805400 -0.000000 -0.592800
vn 0.802400 -0.000000 0.596700
vn -0.811600 -0.000000 -0.584200
vn -0.811600 0.000100 -0.584200
vn -0.811400 0.000100 -0.584500
vn -0.811700 -0.000100 -0.584100
vn -0.811600 -0.000100 -0.584200
vn -0.811700 0.000100 -0.584100
vn -0.811600 -0.000000 -0.584300
vn 0.806500 0.000100 0.591300
vn 0.806500 -0.000000 0.591300
vn -0.589300 0.000100 0.807900
vn -0.589300 -0.000000 0.807900
vn -0.811600 -0.000100 -0.584300
vn -0.811600 -0.000400 -0.584200
vn -0.811700 0.000200 -0.584100
vn -0.811600 -0.000300 -0.584200
vn -0.811600 -0.000200 -0.584200
vn -0.589300 -0.000100 0.807900
vn 0.806500 -0.000300 0.591200
vn 0.806500 -0.000200 0.591200
vn 0.806600 0.000100 0.591200
vn 0.806600 0.000200 0.591100
vn -0.809400 -0.000000 -0.587200
vn 0.808700 -0.000000 0.588200
vn -0.809400 -0.000000 -0.587300
vn -0.810500 -0.000000 -0.585700
vn 0.807600 -0.000000 0.589700
vn -0.816700 0.000100 -0.577000
vn -0.816700 -0.000000 -0.577000
vn -0.816700 0.000100 -0.577100
vn -0.816700 -0.000000 -0.577100
vn 0.582400 -0.000000 -0.812900
vn 0.811600 -0.000000 0.584200
vn 0.811600 -0.000200 0.584200
vn 0.811600 -0.000100 0.584200
vn -0.582400 -0.000000 0.812900
vn -0.816900 -0.000200 -0.576800
vn -0.816900 -0.000300 -0.576800
vn -0.816700 -0.000100 -0.577100
vn -0.582400 -0.000100 0.812900
vn 0.811600 0.000100 0.584200
vn 0.582400 0.000100 -0.812900
vn -0.814500 -0.000000 -0.580200
vn 0.813800 -0.000000 0.581100
vn -0.814400 -0.000000 -0.580200
vn 0.813900 -0.000000 0.580900
vn -0.815600 -0.000000 -0.578600
vn 0.584600 -0.000000 -0.811400
vn 0.812800 -0.000000 0.582600
vn -0.584700 -0.000000 0.811300
vn -0.821700 -0.000000 -0.569900
vn -0.821700 0.000100 -0.569900
vn -0.821700 0.000100 -0.569800
vn 0.569800 -0.000000 -0.821800
vn 0.816700 -0.000100 0.577100
vn 0.816800 -0.000100 0.576900
vn 0.816700 0.000100 0.577000
vn -0.569800 -0.000000 0.821800
vn -0.821700 -0.000100 -0.569900
vn -0.821700 -0.000000 -0.569800
vn -0.569700 -0.000000 0.821800
vn 0.816700 0.000200 0.577000
vn 0.816800 -0.000100 0.577000
vn 0.816700 -0.000200 0.577100
vn 0.569700 0.000100 -0.821800
vn 0.569700 -0.000000 -0.821800
vn -0.819500 -0.000000 -0.573100
vn 0.569500 -0.000000 -0.822000
vn 0.818900 -0.000000 0.574000
vn 0.818900 -0.000000 0.573900
vn -0.820600 -0.000000 -0.571500
vn 0.817800 -0.000000 0.575500
vn -0.826700 -0.000000 -0.562700
vn -0.826700 0.000100 -0.562600
vn -0.826700 0.000100 -0.562700
vn -0.826700 0.000200 -0.562600
vn -0.826600 -0.000100 -0.562700
vn -0.826700 -0.000100 -0.562700
vn 0.821700 -0.000000 0.569900
vn -0.826900 0.000100 -0.562400
vn -0.826700 -0.000200 -0.562600
vn -0.826700 -0.000100 -0.562600
vn -0.826700 -0.000000 -0.562600
vn -0.826600 -0.000000 -0.562700
vn 0.821800 0.000100 0.569800
vn 0.821700 -0.000100 0.569900
vn 0.821700 -0.000200 0.570000
vn -0.824800 -0.000000 -0.565500
vn 0.823900 -0.000000 0.566700
vn -0.569900 -0.000000 0.821700
vn -0.824500 -0.000000 -0.565800
vn -0.569700 -0.000000 0.821900
vn 0.569600 -0.000000 -0.821900
vn -0.825600 -0.000000 -0.564300
vn 0.822800 -0.000000 0.568300
vn -0.831600 -0.000000 -0.555400
vn -0.831600 -0.000100 -0.555400
vn -0.831600 -0.000200 -0.555400
vn -0.831600 -0.000100 -0.555300
vn -0.831600 0.000100 -0.555400
vn -0.831600 0.000200 -0.555400
vn -0.831700 -0.000000 -0.555300
vn 0.557600 -0.000000 -0.830100
vn 0.826700 -0.000000 0.562600
vn 0.826700 -0.000200 0.562600
vn -0.557600 -0.000000 0.830100
vn 0.826700 -0.000100 0.562600
vn 0.826700 -0.000100 0.562700
vn 0.557600 0.000100 -0.830100
vn -0.829400 -0.000000 -0.558600
vn 0.549800 -0.000000 -0.835300
vn 0.828800 -0.000000 0.559500
vn -0.549800 -0.000000 0.835300
vn -0.550000 -0.000000 0.835200
vn 0.828900 -0.000000 0.559500
vn 0.549900 -0.000000 -0.835200
vn -0.830500 -0.000000 -0.557000
vn 0.555900 -0.000000 -0.831300
vn 0.827800 -0.000000 0.561100
vn -0.555800 -0.000000 0.831300
vn -0.836400 -0.000000 -0.548100
vn -0.836200 -0.000100 -0.548400
vn -0.836500 0.000100 -0.548000
vn -0.836300 -0.000100 -0.548300
vn -0.836400 -0.000100 -0.548100
vn 0.831600 -0.000000 0.555400
vn 0.831600 0.000100 0.555400
vn -0.549900 -0.000000 0.835200
vn 0.549900 0.000100 -0.835200
vn -0.836500 -0.000000 -0.548000
vn -0.836400 -0.000000 -0.548000
vn 0.831600 -0.000100 0.555400
vn 0.831600 -0.000200 0.555400
vn 0.549800 0.000100 -0.835300
vn -0.834000 -0.000000 -0.551700
vn 0.833700 -0.000000 0.552200
vn -0.549700 -0.000000 0.835300
vn -0.834300 -0.000000 -0.551300
vn -0.835400 -0.000000 -0.549700
vn 0.832700 -0.000000 0.553800
vn -0.841200 -0.000000 -0.540800
vn -0.841200 -0.000100 -0.540700
vn -0.841200 -0.000200 -0.540700
vn -0.841300 0.000500 -0.540500
vn -0.841200 -0.000000 -0.540700
vn -0.841200 0.000500 -0.540700
vn 0.836400 -0.000000 0.548100
vn 0.836400 0.000200 0.548100
vn 0.836400 0.000100 0.548100
vn -0.841200 0.000200 -0.540700
vn -0.841200 -0.000400 -0.540600
vn 0.836400 -0.000100 0.548100
vn -0.839100 -0.000000 -0.543900
vn 0.550000 -0.000000 -0.835100
vn 0.838500 -0.000000 0.544900
vn -0.550000 -0.000000 0.835100
vn -0.839100 -0.000000 -0.544000
vn -0.840100 -0.000000 -0.542400
vn 0.837500 -0.000000 0.546500
vn -0.845900 -0.000100 -0.533300
vn -0.845900 -0.000000 -0.533300
vn -0.845900 -0.000200 -0.533300
vn -0.845900 -0.000000 -0.533400
vn -0.845800 0.000400 -0.533400
vn 0.532300 -0.000000 -0.846500
vn 0.841200 -0.000000 0.540700
vn 0.841200 -0.000000 0.540800
vn -0.532300 -0.000000 0.846500
vn 0.532400 -0.000000 -0.846500
vn 0.532300 0.000100 -0.846500
vn -0.845900 0.000200 -0.533400
vn -0.845900 0.000100 -0.533400
vn -0.845800 -0.000100 -0.533400
vn -0.845800 -0.000200 -0.533400
vn -0.845900 0.000100 -0.533300
vn -0.846000 -0.000000 -0.533200
vn -0.532200 -0.000000 0.846600
vn 0.841100 0.000100 0.540900
vn 0.841100 -0.000100 0.540800
vn 0.841100 -0.000200 0.540800
vn 0.532200 -0.000000 -0.846600
vn -0.843800 -0.000000 -0.536600
vn 0.529600 -0.000000 -0.848300
vn 0.843300 -0.000000 0.537500
vn -0.529600 -0.000000 0.848300
vn -0.529700 -0.000000 0.848200
vn 0.529800 -0.000000 -0.848100
vn -0.844900 -0.000000 -0.535000
vn 0.529700 -0.000000 -0.848200
vn 0.842200 -0.000000 0.539100
vn -0.529500 -0.000000 0.848300
vn -0.850500 -0.000000 -0.525900
vn -0.850500 -0.000100 -0.525900
vn -0.850500 -0.000100 -0.526000
vn -0.850400 -0.000300 -0.526100
vn -0.850500 0.000100 -0.525900
vn -0.850600 -0.000000 -0.525900
vn -0.850500 0.000100 -0.526000
vn 0.529600 -0.000000 -0.848200
vn 0.845900 -0.000000 0.533400
vn -0.529600 -0.000000 0.848200
vn 0.529600 0.000100 -0.848200
vn -0.850600 -0.000100 -0.525800
vn -0.850600 -0.000100 -0.525900
vn 0.845900 0.000100 0.533400
vn 0.845800 -0.000100 0.533400
vn -0.848500 -0.000000 -0.529200
vn 0.848000 -0.000000 0.530100
vn 0.847900 -0.000000 0.530100
vn -0.849500 -0.000000 -0.527500
vn 0.846900 -0.000000 0.531700
vn -0.855100 -0.000000 -0.518400
vn -0.855200 -0.000000 -0.518400
vn -0.855100 0.000100 -0.518400
vn 0.527100 -0.000000 -0.849800
vn 0.850500 -0.000000 0.525900
vn -0.527100 -0.000000 0.849800
vn -0.855100 -0.000100 -0.518400
vn -0.527200 -0.000100 0.849800
vn 0.850500 0.000100 0.526000
vn 0.850600 0.000100 0.525900
vn 0.527200 -0.000000 -0.849800
vn -0.527200 -0.000000 0.849800
vn -0.853100 -0.000000 -0.521700
vn 0.852400 -0.000000 0.522900
vn 0.852500 -0.000000 0.522600
vn -0.854100 -0.000000 -0.520100
vn 0.529500 -0.000000 -0.848300
vn 0.851600 -0.000000 0.524300
vn -0.859600 -0.000000 -0.510900
vn -0.859600 0.000100 -0.510900
vn -0.859700 -0.000000 -0.510900
vn -0.859600 -0.000100 -0.510900
vn -0.859600 -0.000000 -0.511000
vn 0.509100 -0.000000 -0.860700
vn 0.855100 -0.000100 0.518400
vn 0.855100 -0.000000 0.518400
vn -0.509100 -0.000000 0.860700
vn -0.859600 -0.000100 -0.511000
vn -0.859500 0.000100 -0.511200
vn -0.859700 0.000100 -0.510900
vn -0.859700 -0.000000 -0.510800
vn -0.508900 -0.000100 0.860800
vn 0.855100 0.000100 0.518400
vn 0.508900 -0.000000 -0.860800
vn -0.508900 -0.000000 0.860800
vn -0.857700 -0.000000 -0.514200
vn 0.509000 -0.000000 -0.860800
vn 0.857100 -0.000000 0.515100
vn -0.508700 -0.000000 0.860900
vn 0.857400 -0.000000 0.514700
vn -0.858700 -0.000000 -0.512600
vn 0.856100 -0.000000 0.516800
vn -0.864100 -0.000200 -0.503300
vn -0.864100 -0.000100 -0.503400
vn -0.864100 -0.000300 -0.503300
vn -0.864100 0.000100 -0.503300
vn -0.864100 -0.000000 -0.503400
vn 0.859600 0.000100 0.510900
vn 0.859600 -0.000000 0.510900
vn -0.509000 -0.000000 0.860800
vn -0.864100 -0.000000 -0.503300
vn -0.864100 0.000200 -0.503300
vn 0.859600 0.000100 0.511000
vn 0.859600 -0.000100 0.511000
vn -0.862200 -0.000000 -0.506600
vn 0.861600 -0.000000 0.507600
vn -0.509000 -0.000000 0.860700
vn 0.861600 -0.000000 0.507500
vn -0.863100 -0.000000 -0.505000
vn 0.860600 -0.000000 0.509200
vn -0.868500 -0.000000 -0.495800
vn -0.868500 0.000200 -0.495700
vn -0.868500 0.000300 -0.495700
vn -0.868600 -0.000200 -0.495600
vn -0.868500 -0.000100 -0.495700
vn -0.868400 -0.000000 -0.495800
vn 0.501200 -0.000000 -0.865300
vn 0.864100 -0.000100 0.503300
vn -0.501200 -0.000000 0.865300
vn -0.868500 0.000100 -0.495700
vn -0.868500 -0.000000 -0.495700
vn -0.868600 -0.000000 -0.495600
vn -0.501300 -0.000000 0.865300
vn 0.864100 0.000100 0.503300
vn 0.864100 -0.000200 0.503300
vn 0.501300 -0.000000 -0.865300
vn -0.866500 -0.000000 -0.499100
vn 0.509200 -0.000000 -0.860700
vn 0.866000 -0.000000 0.500000
vn -0.866600 -0.000000 -0.499100
vn -0.867500 -0.000000 -0.497400
vn 0.503300 -0.000000 -0.864100
vn 0.865100 -0.000000 0.501700
vn -0.503400 -0.000000 0.864000
vn -0.872800 -0.000000 -0.488100
vn -0.872800 -0.000000 -0.488000
vn -0.872800 0.000100 -0.488000
vn -0.872800 -0.000100 -0.488100
vn 0.488100 -0.000000 -0.872800
vn 0.868500 0.000100 0.495800
vn 0.868400 -0.000100 0.495800
vn 0.868500 0.000100 0.495700
vn -0.488100 -0.000000 0.872800
vn -0.872800 0.000200 -0.488000
vn -0.872800 -0.000100 -0.488000
vn -0.872800 0.000100 -0.488100
vn -0.872900 -0.000000 -0.488000
vn -0.488000 -0.000000 0.872900
vn 0.868500 -0.000100 0.495700
vn 0.868500 -0.000200 0.495700
vn 0.488000 -0.000000 -0.872800
vn 0.488000 -0.000000 -0.872900
vn -0.871000 -0.000000 -0.491300
vn 0.487500 -0.000000 -0.873100
vn 0.870400 -0.000000 0.492300
vn -0.487900 -0.000000 0.872900
vn -0.870900 -0.000000 -0.491400
vn -0.488000 -0.000000 0.872800
vn 0.870400 -0.000000 0.492400
vn -0.871900 -0.000000 -0.489800
vn 0.869400 -0.000000 0.494000
vn -0.877100 0.000100 -0.480400
vn -0.877100 -0.000000 -0.480400
vn -0.877100 -0.000000 -0.480300
vn -0.877000 0.000200 -0.480400
vn -0.877000 -0.000500 -0.480500
vn -0.877100 -0.000100 -0.480400
vn 0.872800 0.000100 0.488100
vn 0.872800 -0.000000 0.488100
vn 0.872900 0.000200 0.487800
vn -0.877200 -0.000000 -0.480100
vn -0.877100 -0.000200 -0.480400
vn -0.877000 -0.000200 -0.480400
vn -0.876900 0.000500 -0.480600
vn -0.877100 0.000100 -0.480300
vn -0.877000 -0.000000 -0.480400
vn 0.872900 -0.000000 0.488000
vn 0.872800 -0.000000 0.488000
vn 0.872900 -0.000400 0.487900
vn 0.488100 0.000100 -0.872800
vn -0.875200 -0.000000 -0.483700
vn 0.874700 -0.000000 0.484600
vn -0.875200 -0.000000 -0.483800
vn 0.874700 -0.000000 0.484700
vn 0.487900 -0.000000 -0.872900
vn -0.876100 -0.000000 -0.482100
vn 0.873800 -0.000000 0.486400
vn -0.881300 -0.000100 -0.472600
vn -0.881200 -0.000100 -0.472700
vn -0.881200 -0.000000 -0.472700
vn -0.881200 -0.000500 -0.472700
vn -0.881300 0.000300 -0.472600
vn -0.881300 0.000200 -0.472600
vn 0.474900 -0.000000 -0.880000
vn 0.877100 -0.000000 0.480300
vn 0.877100 0.000100 0.480400
vn -0.474900 -0.000000 0.880000
vn -0.881200 0.000200 -0.472800
vn -0.881300 -0.000000 -0.472600
vn -0.881400 -0.000500 -0.472500
vn -0.881300 0.000100 -0.472600
vn 0.877100 0.000200 0.480400
vn 0.877100 0.000200 0.480300
vn -0.879500 -0.000000 -0.476000
vn 0.466600 -0.000000 -0.884400
vn 0.878700 -0.000000 0.477400
vn -0.466700 -0.000000 0.884400
vn -0.879400 -0.000000 -0.476100
vn -0.466800 -0.000000 0.884300
vn 0.878900 -0.000000 0.476900
vn 0.466800 -0.000000 -0.884400
vn -0.880300 -0.000000 -0.474300
vn 0.473000 -0.000000 -0.881100
vn 0.878000 -0.000000 0.478700
vn -0.472900 -0.000000 0.881100
vn -0.885400 0.000100 -0.464800
vn -0.885400 0.000200 -0.464800
vn -0.885400 0.000100 -0.464900
vn -0.885300 -0.000200 -0.464900
vn -0.885400 0.000300 -0.464800
vn -0.885400 -0.000100 -0.464800
vn 0.881300 -0.000100 0.472600
vn -0.466800 -0.000000 0.884400
vn -0.885400 -0.000000 -0.464900
vn -0.885400 -0.000000 -0.464800
vn -0.885400 -0.000200 -0.464900
vn -0.885400 -0.000100 -0.464900
vn -0.885300 -0.000000 -0.464900
vn 0.881300 -0.000000 0.472600
vn 0.881400 0.000200 0.472400
vn 0.881200 -0.000000 0.472700
vn 0.466700 -0.000000 -0.884400
vn -0.883600 -0.000000 -0.468300
vn 0.883100 -0.000000 0.469200
vn -0.883600 -0.000000 -0.468200
vn -0.884500 -0.000000 -0.466600
vn 0.882200 -0.000000 0.470900
vn -0.889400 0.000100 -0.457000
vn -0.889500 0.000100 -0.457000
vn -0.889500 -0.000000 -0.457000
vn -0.889400 0.000200 -0.457100
vn -0.889400 -0.000000 -0.457000
vn -0.889400 -0.000100 -0.457100
vn 0.885400 -0.000000 0.464900
vn 0.885400 0.000400 0.464900
vn 0.885400 0.000300 0.464900
vn 0.885400 -0.000100 0.464900
vn 0.466700 0.000100 -0.884400
vn -0.889400 -0.000000 -0.457100
vn 0.885400 0.000100 0.464900
vn 0.885400 0.000100 0.464800
vn -0.887700 -0.000000 -0.460400
vn 0.466800 -0.000000 -0.884300
vn 0.887200 -0.000000 0.461500
vn -0.887700 -0.000000 -0.460500
vn 0.887200 -0.000000 0.461400
vn -0.888600 -0.000000 -0.458800
vn 0.886300 -0.000000 0.463100
vn -0.893400 0.000100 -0.449200
vn -0.893500 0.000100 -0.449200
vn -0.893400 0.000200 -0.449200
vn -0.893500 -0.000000 -0.449100
vn -0.893400 -0.000200 -0.449200
vn -0.893400 -0.000000 -0.449200
vn 0.448200 -0.000000 -0.893900
vn 0.889400 -0.000000 0.457100
vn 0.889400 0.000100 0.457100
vn -0.448200 -0.000000 0.893900
vn 0.448200 0.000100 -0.893900
vn -0.893300 -0.000100 -0.449400
vn -0.893400 -0.000100 -0.449200
vn -0.448100 -0.000000 0.894000
vn 0.889400 -0.000000 0.457000
vn 0.889500 0.000100 0.457000
vn 0.448100 -0.000000 -0.894000
vn -0.891700 -0.000000 -0.452600
vn 0.445000 -0.000000 -0.895500
vn 0.891200 -0.000000 0.453600
vn -0.445000 -0.000000 0.895500
vn -0.891700 -0.000000 -0.452700
vn -0.445100 -0.000000 0.895500
vn 0.891400 -0.000000 0.453200
vn 0.445200 -0.000000 -0.895500
vn -0.892600 -0.000000 -0.450900
vn 0.445200 -0.000000 -0.895400
vn 0.890300 -0.000000 0.455300
vn -0.897300 -0.000000 -0.441300
vn -0.897300 -0.000100 -0.441300
vn -0.897200 -0.000300 -0.441600
vn -0.897400 -0.000100 -0.441300
vn -0.897300 -0.000000 -0.441400
vn -0.897400 0.000100 -0.441300
vn -0.897400 -0.000000 -0.441300
vn -0.897500 0.000200 -0.441000
vn 0.445100 -0.000000 -0.895500
vn 0.893400 0.000100 0.449200
vn 0.893400 0.000400 0.449300
vn 0.893500 0.000100 0.449200
vn 0.445100 0.000100 -0.895500
vn -0.897400 0.000200 -0.441300
vn 0.893500 -0.000100 0.449200
vn 0.893400 -0.000100 0.449200
vn 0.893400 -0.000200 0.449200
vn -0.895600 -0.000000 -0.444800
vn 0.895200 -0.000000 0.445800
vn -0.445300 -0.000000 0.895400
vn -0.445200 -0.000000 0.895400
vn -0.896500 -0.000000 -0.443100
vn 0.894300 -0.000000 0.447500
vn -0.901200 -0.000000 -0.433300
vn -0.901200 0.000100 -0.433400
vn -0.901300 -0.000100 -0.433300
vn -0.901100 0.000200 -0.433600
vn -0.901200 -0.000000 -0.433400
vn -0.901200 -0.000100 -0.433400
vn 0.442900 0.000100 -0.896600
vn 0.897400 -0.000100 0.441300
vn 0.897400 0.000100 0.441300
vn 0.897400 -0.000000 0.441300
vn 0.897300 -0.000100 0.441300
vn -0.442900 -0.000100 0.896600
vn -0.442900 -0.000000 0.896600
vn 0.442900 -0.000000 -0.896600
vn -0.901000 -0.000100 -0.433800
vn -0.901200 -0.000200 -0.433400
vn -0.443100 -0.000000 0.896500
vn 0.897500 0.000200 0.441100
vn 0.897300 -0.000000 0.441300
vn 0.443000 -0.000000 -0.896500
vn 0.443100 -0.000000 -0.896500
vn -0.443000 -0.000000 0.896500
vn -0.899500 -0.000000 -0.436900
vn 0.899100 -0.000000 0.437800
vn -0.445000 -0.000000 0.895600
vn 0.899000 -0.000000 0.437900
vn -0.900400 -0.000000 -0.435100
vn 0.898200 -0.000000 0.439600
vn -0.905000 -0.000100 -0.425400
vn -0.905000 0.000200 -0.425400
vn -0.905000 0.000100 -0.425400
vn -0.905000 -0.000000 -0.425500
vn 0.423200 0.000100 -0.906000
vn 0.901200 -0.000000 0.433400
vn -0.423200 -0.000000 0.906000
vn 0.423200 -0.000000 -0.906000
vn -0.905000 -0.000100 -0.425500
vn -0.423100 -0.000000 0.906100
vn 0.901200 0.000100 0.433500
vn 0.423100 -0.000000 -0.906100
vn -0.903200 -0.000000 -0.429300
vn 0.423000 -0.000000 -0.906100
vn 0.902900 -0.000000 0.429900
vn -0.423000 -0.000000 0.906200
vn -0.903300 -0.000000 -0.428900
vn 0.423200 -0.000000 -0.906100
vn -0.904200 -0.000000 -0.427200
vn 0.902000 -0.000000 0.431600
vn -0.908700 -0.000100 -0.417400
vn -0.908600 -0.000300 -0.417800
vn -0.908700 -0.000100 -0.417500
vn -0.908700 -0.000000 -0.417400
vn -0.908700 0.000100 -0.417400
vn 0.905000 -0.000000 0.425400
vn 0.905000 -0.000100 0.425500
vn -0.423200 -0.000000 0.906100
vn -0.908700 -0.000000 -0.417500
vn -0.908900 -0.000000 -0.417000
vn -0.908800 -0.000000 -0.417200
vn -0.908800 -0.000000 -0.417100
vn 0.905000 -0.000200 0.425500
vn 0.905000 -0.000100 0.425400
vn 0.905000 0.000100 0.425400
vn 0.905000 0.000200 0.425400
vn -0.907100 -0.000000 -0.420900
vn 0.906600 -0.000000 0.421900
vn -0.907100 -0.000000 -0.421000
vn -0.907900 -0.000000 -0.419200
vn 0.905800 -0.000000 0.423700
vn -0.912300 -0.000100 -0.409500
vn -0.912300 -0.000000 -0.409500
vn -0.912300 0.000100 -0.409500
vn -0.912300 -0.000200 -0.409400
vn -0.912400 0.000200 -0.409400
vn 0.415800 -0.000000 -0.909500
vn 0.908700 -0.000100 0.417400
vn 0.908700 -0.000000 0.417400
vn -0.415800 -0.000000 0.909500
vn -0.912300 -0.000100 -0.409400
vn -0.912300 0.000200 -0.409500
vn -0.912400 -0.000000 -0.409400
vn -0.912400 0.000100 -0.409400
vn -0.415900 -0.000000 0.909400
vn 0.908700 0.000100 0.417500
vn 0.415900 -0.000000 -0.909400
vn -0.910900 -0.000000 -0.412700
vn 0.910300 -0.000000 0.413900
vn -0.910800 -0.000000 -0.412900
vn -0.911600 -0.000000 -0.411200
vn 0.418700 -0.000000 -0.908100
vn 0.909500 -0.000000 0.415700
vn -0.418900 -0.000000 0.908000
vn -0.916000 -0.000000 -0.401300
vn -0.916000 0.000100 -0.401300
vn -0.916000 0.000200 -0.401300
vn -0.915900 0.000100 -0.401300
vn -0.915800 -0.000100 -0.401500
vn -0.915900 -0.000000 -0.401400
vn 0.400900 -0.000000 -0.916100
vn 0.912300 -0.000200 0.409500
vn 0.912400 -0.000200 0.409400
vn 0.912300 -0.000100 0.409500
vn -0.400900 -0.000000 0.916100
vn 0.401000 -0.000000 -0.916100
vn -0.915800 -0.000100 -0.401600
vn -0.915900 -0.000100 -0.401400
vn -0.915900 -0.000200 -0.401400
vn -0.915900 -0.000000 -0.401300
vn -0.400800 -0.000000 0.916200
vn 0.912400 0.000100 0.409200
vn 0.912300 -0.000000 0.409400
vn 0.400800 -0.000000 -0.916100
vn -0.400800 -0.000000 0.916100
vn -0.914400 -0.000000 -0.404800
vn 0.400800 -0.000000 -0.916200
vn 0.913900 -0.000000 0.405800
vn 0.914000 -0.000000 0.405800
vn -0.915200 -0.000000 -0.403100
vn 0.913100 -0.000000 0.407600
vn -0.919500 -0.000000 -0.393200
vn -0.919500 -0.000000 -0.393100
vn -0.919500 -0.000100 -0.393100
vn -0.919400 -0.000000 -0.393200
vn -0.919400 -0.000100 -0.393200
vn 0.915900 -0.000000 0.401400
vn 0.915900 -0.000100 0.401400
vn -0.919400 0.000100 -0.393300
vn -0.919400 0.000200 -0.393200
vn -0.919600 0.000100 -0.392800
vn -0.919600 -0.000100 -0.392900
vn -0.919600 -0.000000 -0.392900
vn -0.919300 -0.000100 -0.393600
vn -0.401000 -0.000000 0.916100
vn 0.915800 -0.000100 0.401600
vn 0.915900 0.000100 0.401300
vn 0.915900 -0.000200 0.401400
vn -0.917900 -0.000000 -0.396700
vn 0.917400 -0.000000 0.397900
vn -0.917900 -0.000000 -0.396800
vn 0.917500 -0.000000 0.397800
vn -0.918700 -0.000000 -0.395000
vn 0.916700 -0.000000 0.399500
vn -0.922900 0.000100 -0.385100
vn -0.922900 0.000100 -0.385000
vn -0.922900 -0.000200 -0.385000
vn -0.922700 0.000400 -0.385500
vn -0.922900 -0.000000 -0.385100
vn -0.922900 -0.000100 -0.385100
vn -0.922900 -0.000000 -0.385000
vn 0.388300 -0.000000 -0.921500
vn 0.919400 -0.000000 0.393200
vn 0.919400 0.000200 0.393200
vn 0.919400 0.000100 0.393200
vn -0.388300 -0.000000 0.921500
vn -0.922900 -0.000100 -0.385200
vn -0.922900 -0.000200 -0.385200
vn 0.919600 0.000100 0.392800
vn 0.919500 -0.000000 0.393200
vn 0.919300 -0.000000 0.393500
vn 0.919400 -0.000300 0.393300
vn -0.388300 0.000100 0.921500
vn -0.921400 -0.000000 -0.388600
vn 0.378500 -0.000000 -0.925600
vn 0.921000 -0.000000 0.389700
vn -0.378600 -0.000000 0.925600
vn -0.378700 -0.000000 0.925500
vn 0.921000 -0.000000 0.389600
vn 0.378700 -0.000000 -0.925500
vn -0.922100 -0.000000 -0.386900
vn 0.387300 -0.000000 -0.922000
vn 0.920200 -0.000000 0.391400
vn -0.387200 -0.000000 0.922000
vn -0.926200 -0.000000 -0.377000
vn -0.926200 0.000100 -0.377000
vn -0.926200 -0.000000 -0.376900
vn -0.926300 -0.000100 -0.376900
vn -0.926300 -0.000000 -0.376900
vn 0.378400 -0.000000 -0.925700
vn 0.922900 0.000100 0.385100
vn 0.922900 0.000200 0.385100
vn 0.922900 -0.000000 0.385000
vn -0.378400 -0.000000 0.925700
vn -0.378300 -0.000000 0.925700
vn -0.926200 -0.000100 -0.376900
vn -0.926300 0.000100 -0.376900
vn -0.926100 -0.000000 -0.377400
vn 0.922800 0.000300 0.385300
vn 0.922800 -0.000100 0.385200
vn 0.922800 -0.000200 0.385200
vn 0.378300 -0.000000 -0.925700
vn -0.378300 0.000100 0.925700
vn -0.924800 -0.000000 -0.380600
vn 0.924300 -0.000000 0.381600
vn -0.378400 -0.000000 0.925600
vn 0.924400 -0.000000 0.381500
vn 0.378400 -0.000000 -0.925600
vn -0.925500 -0.000000 -0.378700
vn 0.923600 -0.000000 0.383300
vn -0.929600 -0.000000 -0.368700
vn -0.929600 -0.000100 -0.368700
vn -0.929600 0.000100 -0.368700
vn -0.929500 -0.000100 -0.368800
vn -0.929500 -0.000000 -0.368700
vn 0.926300 -0.000000 0.376900
vn 0.926300 -0.000100 0.376900
vn -0.929500 -0.000200 -0.368800
vn -0.929600 0.000100 -0.368500
vn -0.929500 0.000200 -0.368800
vn -0.929500 0.000100 -0.368700
vn 0.926200 -0.000000 0.376900
vn 0.926100 -0.000000 0.377300
vn 0.926200 -0.000000 0.377000
vn -0.928100 -0.000000 -0.372300
vn 0.927700 -0.000000 0.373300
vn -0.928100 -0.000000 -0.372400
vn -0.928800 -0.000000 -0.370500
vn 0.378200 -0.000000 -0.925700
vn 0.927000 -0.000000 0.375100
vn -0.932800 0.000100 -0.360500
vn -0.932800 -0.000000 -0.360400
vn -0.932700 0.000200 -0.360500
vn -0.932800 -0.000300 -0.360500
vn -0.932700 -0.000100 -0.360500
vn -0.932800 -0.000100 -0.360300
vn -0.932800 -0.000000 -0.360500
vn 0.360600 -0.000000 -0.932700
vn 0.929500 -0.000000 0.368700
vn 0.929500 0.000200 0.368800
vn 0.929500 0.000100 0.368800
vn -0.360600 -0.000100 0.932700
vn -0.360600 -0.000000 0.932700
vn -0.932700 -0.000000 -0.360600
vn -0.932800 -0.000100 -0.360500
vn -0.360500 -0.000000 0.932800
vn 0.929500 0.000200 0.368700
vn 0.360500 -0.000000 -0.932800
vn -0.931400 -0.000000 -0.364100
vn 0.355300 -0.000000 -0.934800
vn 0.930900 -0.000000 0.365200
vn -0.355300 -0.000000 0.934800
vn -0.931300 -0.000000 -0.364200
vn -0.355600 -0.000000 0.934600
vn 0.931000 -0.000000 0.365100
vn 0.355500 -0.000000 -0.934700
vn -0.932100 -0.000000 -0.362300
vn 0.355600 -0.000000 -0.934600
vn 0.930300 -0.000000 0.366900
vn -0.355300 -0.000000 0.934700
vn -0.935900 -0.000100 -0.352200
vn -0.935900 0.000100 -0.352200
vn -0.935900 0.000100 -0.352300
vn -0.935900 -0.000000 -0.352200
vn 0.932800 0.000200 0.360500
vn 0.932700 0.000300 0.360600
vn 0.932800 -0.000100 0.360400
vn 0.932800 0.000100 0.360500
vn -0.355500 -0.000000 0.934700
vn -0.935900 -0.000000 -0.352300
vn -0.355400 -0.000000 0.934700
vn 0.932700 0.000100 0.360600
vn 0.932700 -0.000100 0.360600
vn 0.932700 -0.000200 0.360600
vn 0.355400 -0.000000 -0.934700
vn -0.934500 -0.000000 -0.355900
vn 0.934100 -0.000000 0.356900
vn -0.355200 -0.000000 0.934800
vn -0.934400 -0.000000 -0.356300
vn 0.934200 -0.000000 0.356800
vn -0.935200 -0.000000 -0.354100
vn 0.933500 -0.000000 0.358700
vn -0.939000 -0.000000 -0.344000
vn -0.939000 0.000100 -0.344000
vn -0.939000 -0.000100 -0.343900
vn -0.939000 -0.000200 -0.343900
vn 0.935900 -0.000100 0.352200
vn 0.935900 -0.000100 0.352100
vn 0.935900 -0.000100 0.352300
vn -0.355400 -0.000100 0.934700
vn 0.935900 0.000100 0.352300
vn 0.935900 -0.000200 0.352300
vn 0.355500 -0.000100 -0.934700
vn 0.355600 -0.000000 -0.934700
vn -0.355600 -0.000000 0.934700
vn -0.937600 -0.000000 -0.347700
vn 0.937300 -0.000000 0.348700
vn -0.937700 -0.000000 -0.347500
vn 0.355300 -0.000000 -0.934700
vn -0.938300 -0.000000 -0.345800
vn 0.936600 -0.000000 0.350400
vn -0.942000 -0.000000 -0.335600
vn -0.942000 0.000200 -0.335600
vn -0.942000 0.000200 -0.335700
vn -0.942000 -0.000100 -0.335500
vn -0.942000 -0.000000 -0.335700
vn -0.942000 0.000100 -0.335600
vn -0.942000 -0.000100 -0.335700
vn 0.332500 0.000100 -0.943100
vn 0.939000 -0.000000 0.344000
vn -0.332500 -0.000000 0.943100
vn -0.332500 -0.000100 0.943100
vn 0.332500 -0.000000 -0.943100
vn -0.942000 -0.000300 -0.335700
vn -0.942000 -0.000100 -0.335600
vn -0.942000 -0.000200 -0.335600
vn -0.941900 -0.000000 -0.335900
vn -0.332300 -0.000000 0.943200
vn 0.332300 -0.000000 -0.943200
vn 0.332300 0.000100 -0.943200
vn -0.940700 -0.000000 -0.339300
vn 0.332200 -0.000000 -0.943200
vn 0.940300 -0.000000 0.340300
vn -0.332200 -0.000000 0.943200
vn -0.332400 -0.000000 0.943100
vn -0.941300 -0.000000 -0.337500
vn 0.332400 -0.000000 -0.943100
vn 0.939700 -0.000000 0.342100
vn -0.944900 -0.000100 -0.327300
vn -0.944900 -0.000000 -0.327300
vn -0.944900 0.000100 -0.327400
vn -0.944900 -0.000100 -0.327200
vn -0.944900 0.000100 -0.327300
vn -0.945000 -0.000000 -0.327000
vn 0.942000 -0.000000 0.335600
vn 0.942000 -0.000200 0.335700
vn 0.942000 -0.000100 0.335700
vn -0.332300 -0.000100 0.943200
vn -0.944900 0.000200 -0.327300
vn -0.944900 -0.000200 -0.327300
vn 0.942000 0.000100 0.335600
vn -0.943700 -0.000000 -0.330800
vn 0.943300 -0.000000 0.332000
vn -0.943700 -0.000000 -0.330900
vn -0.944300 -0.000000 -0.329100
vn 0.942600 -0.000000 0.333800
vn -0.947800 -0.000100 -0.318900
vn -0.947800 -0.000100 -0.319000
vn -0.947800 -0.000200 -0.318900
vn -0.947800 -0.000000 -0.318900
vn 0.327500 -0.000000 -0.944900
vn 0.944900 -0.000000 0.327300
vn 0.945000 -0.000100 0.327000
vn -0.327500 -0.000000 0.944900
vn -0.327500 0.000100 0.944900
vn -0.947800 0.000100 -0.319000
vn -0.947800 0.000100 -0.318900
vn -0.327600 -0.000000 0.944800
vn 0.944900 -0.000200 0.327200
vn 0.945000 0.000200 0.327000
vn 0.944900 -0.000200 0.327300
vn 0.327600 -0.000000 -0.944800
vn -0.946500 -0.000000 -0.322600
vn 0.946200 -0.000000 0.323500
vn -0.946500 -0.000000 -0.322700
vn -0.947200 -0.000000 -0.320800
vn 0.945600 -0.000000 0.325400
vn -0.950600 -0.000000 -0.310500
vn -0.950600 -0.000200 -0.310500
vn -0.950600 -0.000200 -0.310400
vn -0.950500 0.000100 -0.310600
vn -0.950600 0.000200 -0.310500
vn -0.950600 -0.000100 -0.310500
vn -0.950600 0.000300 -0.310500
vn -0.950600 -0.000000 -0.310400
vn 0.309000 -0.000000 -0.951100
vn 0.947800 -0.000000 0.318900
vn 0.947700 -0.000200 0.319100
vn -0.309000 -0.000000 0.951100
vn -0.309000 0.000100 0.951100
vn -0.950500 -0.000200 -0.310600
vn -0.950600 0.000100 -0.310600
vn -0.950600 0.000100 -0.310500
vn -0.308800 -0.000000 0.951100
vn 0.947700 0.000100 0.319200
vn 0.947700 -0.000000 0.319200
vn 0.947800 0.000200 0.318900
vn 0.308800 -0.000000 -0.951100
vn -0.949300 -0.000000 -0.314200
vn 0.308700 -0.000000 -0.951200
vn 0.949000 -0.000000 0.315300
vn -0.308900 -0.000000 0.951100
vn -0.949400 -0.000000 -0.314200
vn 0.949100 -0.000000 0.315100
vn 0.308900 -0.000000 -0.951100
vn -0.950000 -0.000000 -0.312400
vn 0.948400 -0.000000 0.317100
vn -0.953300 0.000100 -0.302100
vn -0.953300 -0.000000 -0.302100
vn -0.953300 -0.000100 -0.302100
vn 0.950600 -0.000000 0.310500
vn 0.950600 0.000100 0.310400
vn 0.950600 0.000100 0.310500
vn 0.950600 -0.000000 0.310600
vn -0.953300 0.000500 -0.302100
vn -0.953300 0.000400 -0.302100
vn -0.953300 0.000200 -0.302100
vn -0.953400 -0.000100 -0.301700
vn 0.950500 0.000100 0.310600
vn 0.950600 0.000200 0.310500
vn -0.952100 -0.000000 -0.305800
vn 0.951900 -0.000000 0.306400
vn 0.951800 -0.000000 0.306800
vn -0.952700 -0.000000 -0.303900
vn 0.951200 -0.000000 0.308700
vn -0.955900 0.000100 -0.293600
vn -0.955900 -0.000100 -0.293600
vn -0.955900 0.000100 -0.293700
vn -0.955900 -0.000000 -0.293600
vn -0.955900 -0.000000 -0.293500
vn 0.299300 -0.000000 -0.954200
vn 0.953300 -0.000000 0.302100
vn -0.299300 -0.000000 0.954200
vn -0.955900 -0.000000 -0.293700
vn 0.953300 -0.000000 0.302000
vn 0.953300 -0.000100 0.302000
vn 0.953300 -0.000300 0.302200
vn -0.954800 -0.000000 -0.297300
vn 0.954400 -0.000000 0.298400
vn -0.954700 -0.000000 -0.297400
vn -0.308700 -0.000000 0.951200
vn 0.954500 -0.000000 0.298300
vn -0.955300 -0.000000 -0.295500
vn 0.300900 -0.000000 -0.953600
vn 0.953900 -0.000000 0.300200
vn -0.301000 -0.000000 0.953600
vn -0.958500 -0.000000 -0.285100
vn -0.958500 0.000300 -0.285000
vn -0.958500 -0.000000 -0.285200
vn -0.958500 -0.000100 -0.285100
vn -0.958500 0.000100 -0.285200
vn -0.958500 0.000100 -0.285100
vn 0.285300 -0.000000 -0.958400
vn 0.955900 -0.000000 0.293600
vn -0.285300 -0.000000 0.958400
vn -0.958500 0.000200 -0.285100
vn -0.285200 -0.000000 0.958500
vn 0.955900 0.000100 0.293600
vn 0.955900 -0.000100 0.293700
vn 0.955900 -0.000200 0.293700
vn 0.285200 0.000100 -0.958500
vn 0.285200 -0.000000 -0.958500
vn -0.957400 -0.000000 -0.288900
vn 0.285100 -0.000000 -0.958500
vn 0.957100 -0.000000 0.289800
vn -0.285100 -0.000000 0.958500
vn 0.957100 -0.000000 0.289900
vn -0.957900 -0.000000 -0.287000
vn 0.956500 -0.000000 0.291800
vn -0.961000 -0.000000 -0.276700
vn -0.961000 -0.000100 -0.276600
vn -0.961100 0.000200 -0.276300
vn -0.961000 0.000200 -0.276500
vn -0.961000 0.000100 -0.276700
vn -0.960900 -0.000100 -0.277000
vn 0.958500 -0.000100 0.285200
vn 0.958500 -0.000100 0.285100
vn -0.285200 -0.000100 0.958500
vn -0.960900 -0.000100 -0.276700
vn -0.961000 -0.000000 -0.276600
vn -0.961000 -0.000100 -0.276700
vn -0.961000 0.000100 -0.276400
vn 0.958500 -0.000000 0.285100
vn 0.285300 0.000100 -0.958400
vn -0.285300 0.000100 0.958400
vn -0.959800 -0.000000 -0.280800
vn 0.959700 -0.000000 0.281100
vn -0.959900 -0.000000 -0.280500
vn 0.959600 -0.000000 0.281400
vn -0.960400 -0.000000 -0.278500
vn 0.959000 -0.000000 0.283300
vn -0.963400 0.000100 -0.268200
vn -0.963400 0.000100 -0.268100
vn -0.963400 -0.000100 -0.268200
vn -0.963400 -0.000000 -0.268200
vn -0.963400 -0.000200 -0.268200
vn 0.270900 -0.000000 -0.962600
vn 0.961000 -0.000100 0.276700
vn 0.961000 -0.000000 0.276700
vn -0.270900 -0.000000 0.962600
vn -0.963500 -0.000200 -0.267800
vn -0.963400 -0.000000 -0.268100
vn -0.963400 0.000200 -0.268100
vn -0.270800 -0.000000 0.962600
vn 0.961000 -0.000100 0.276600
vn 0.270800 -0.000000 -0.962600
vn -0.270800 0.000100 0.962600
vn -0.962300 -0.000000 -0.271900
vn 0.261100 -0.000000 -0.965300
vn 0.962100 -0.000000 0.272900
vn -0.261200 -0.000000 0.965300
vn -0.261400 -0.000000 0.965200
vn 0.962000 -0.000000 0.273000
vn 0.261400 -0.000000 -0.965200
vn -0.962800 -0.000000 -0.270000
vn 0.269000 -0.000000 -0.963100
vn 0.961500 -0.000000 0.274800
vn -0.268900 -0.000000 0.963200
vn -0.965700 -0.000000 -0.259600
vn -0.965700 0.000200 -0.259500
vn -0.965700 0.000300 -0.259500
vn -0.965700 -0.000200 -0.259600
vn -0.965700 -0.000100 -0.259600
vn 0.261300 -0.000000 -0.965200
vn 0.963400 0.000200 0.268200
vn 0.963400 -0.000200 0.268200
vn 0.963400 -0.000100 0.268200
vn -0.261300 -0.000000 0.965200
vn -0.965700 0.000100 -0.259600
vn -0.965700 -0.000100 -0.259700
vn -0.965700 -0.000000 -0.259700
vn -0.261300 -0.000000 0.965300
vn 0.963400 -0.000000 0.268200
vn 0.963400 -0.000000 0.268100
vn 0.261300 -0.000000 -0.965300
vn -0.964700 -0.000000 -0.263400
vn 0.964500 -0.000000 0.264100
vn -0.964700 -0.000000 -0.263300
vn 0.964400 -0.000000 0.264400
vn -0.965200 -0.000000 -0.261500
vn 0.963900 -0.000000 0.266300
vn -0.967900 0.000100 -0.251200
vn -0.968000 0.000100 -0.251100
vn -0.968000 -0.000000 -0.251100
vn -0.967900 0.000200 -0.251200
vn -0.968000 0.000200 -0.251000
vn -0.967900 -0.000000 -0.251200
vn -0.967900 -0.000100 -0.251100
vn 0.261200 -0.000000 -0.965300
vn 0.965700 0.000200 0.259600
vn 0.965700 0.000100 0.259700
vn 0.965700 0.000100 0.259600
vn -0.968000 -0.000200 -0.251100
vn -0.968000 -0.000100 -0.251100
vn -0.968000 -0.000100 -0.250800
vn -0.968000 -0.000200 -0.251000
vn -0.968000 -0.000100 -0.251000
vn -0.968000 -0.000000 -0.251000
vn 0.965700 -0.000000 0.259600
vn 0.965700 -0.000000 0.259500
vn -0.261400 -0.000100 0.965200
vn -0.967000 -0.000000 -0.254800
vn 0.966700 -0.000000 0.255800
vn 0.966700 -0.000000 0.255900
vn -0.967500 -0.000000 -0.253000
vn 0.966200 -0.000000 0.257700
vn -0.970100 -0.000000 -0.242500
vn -0.970200 -0.000000 -0.242500
vn -0.970200 -0.000000 -0.242400
vn -0.970100 0.000100 -0.242500
vn -0.970200 0.000100 -0.242500
vn 0.242400 -0.000000 -0.970200
vn 0.968000 -0.000100 0.251100
vn 0.968000 -0.000200 0.251100
vn -0.242400 -0.000000 0.970200
vn -0.970100 -0.000000 -0.242600
vn -0.970200 0.000200 -0.242200
vn -0.970200 0.000200 -0.242500
vn -0.970200 -0.000100 -0.242500
vn -0.242300 -0.000000 0.970200
vn 0.968100 0.000100 0.250600
vn 0.968000 -0.000000 0.251100
vn 0.242300 -0.000000 -0.970200
vn 0.242300 0.000100 -0.970200
vn -0.242300 -0.000100 0.970200
vn -0.969200 -0.000000 -0.246200
vn 0.237000 -0.000000 -0.971500
vn 0.968900 -0.000000 0.247300
vn -0.237000 -0.000000 0.971500
vn -0.969200 -0.000000 -0.246300
vn -0.237200 -0.000000 0.971500
vn 0.237100 -0.000000 -0.971500
vn -0.969700 -0.000000 -0.244400
vn 0.237300 -0.000000 -0.971400
vn 0.968500 -0.000000 0.249200
vn -0.972300 -0.000100 -0.233900
vn -0.972200 -0.000100 -0.234000
vn -0.972300 -0.000000 -0.233900
vn -0.972300 -0.000200 -0.233800
vn -0.972300 0.000100 -0.233900
vn 0.237200 -0.000000 -0.971500
vn 0.970200 -0.000100 0.242500
vn 0.970200 -0.000000 0.242500
vn -0.972200 -0.000000 -0.234000
vn -0.972300 0.000200 -0.233800
vn -0.972300 0.000200 -0.233900
vn -0.972200 -0.000200 -0.234000
vn -0.237100 -0.000000 0.971500
vn 0.970200 -0.000000 0.242400
vn 0.970100 -0.000000 0.242600
vn 0.237100 0.000100 -0.971500
vn -0.971300 -0.000000 -0.237700
vn 0.971100 -0.000000 0.238700
vn -0.237200 -0.000000 0.971400
vn -0.971800 -0.000000 -0.235800
vn 0.970600 -0.000000 0.240600
vn -0.974300 -0.000000 -0.225300
vn -0.974300 0.000100 -0.225300
vn -0.974400 -0.000000 -0.225000
vn -0.974300 -0.000100 -0.225300
vn -0.974300 -0.000200 -0.225300
vn 0.972300 -0.000000 0.233900
vn 0.972300 0.000100 0.233900
vn 0.972300 -0.000300 0.233900
vn -0.974300 0.000200 -0.225300
vn -0.974300 -0.000000 -0.225200
vn -0.974300 -0.000200 -0.225400
vn -0.237300 -0.000000 0.971400
vn 0.972300 -0.000200 0.233800
vn 0.972300 -0.000200 0.233900
vn -0.973400 -0.000000 -0.229100
vn 0.973200 -0.000000 0.230100
vn -0.973800 -0.000000 -0.227200
vn 0.972700 -0.000000 0.232000
vn -0.976200 -0.000100 -0.216700
vn -0.976200 -0.000000 -0.216700
vn 0.213800 -0.000000 -0.976900
vn 0.974300 -0.000000 0.225300
vn 0.974300 0.000100 0.225300
vn -0.213800 -0.000000 0.976900
vn -0.976300 -0.000200 -0.216500
vn -0.976200 0.000100 -0.216700
vn -0.976200 0.000200 -0.216700
vn -0.976200 -0.000100 -0.217100
vn -0.976200 -0.000000 -0.216800
vn -0.976200 -0.000100 -0.216800
vn -0.976300 -0.000100 -0.216500
vn -0.213600 -0.000000 0.976900
vn 0.974300 -0.000100 0.225400
vn 0.974300 -0.000200 0.225400
vn 0.213600 -0.000000 -0.976900
vn -0.975400 -0.000000 -0.220500
vn 0.212700 -0.000000 -0.977100
vn 0.975200 -0.000000 0.221500
vn -0.212700 -0.000000 0.977100
vn -0.212900 -0.000000 0.977100
vn 0.975100 -0.000000 0.221600
vn 0.212900 -0.000000 -0.977100
vn -0.975800 -0.000000 -0.218600
vn 0.213000 -0.000000 -0.977100
vn 0.974700 -0.000000 0.223400
vn -0.978100 -0.000000 -0.208100
vn -0.978100 0.000200 -0.208000
vn -0.978100 0.000100 -0.208300
vn -0.978100 0.000100 -0.208100
vn -0.978100 -0.000200 -0.208100
vn -0.978100 0.000100 -0.208000
vn -0.978100 -0.000300 -0.208100
vn -0.978100 -0.000100 -0.208200
vn 0.212800 -0.000000 -0.977100
vn 0.976200 -0.000000 0.216700
vn -0.212800 -0.000000 0.977100
vn -0.978100 -0.000000 -0.208000
vn -0.212800 -0.000100 0.977100
vn 0.976200 -0.000200 0.216700
vn -0.977300 -0.000000 -0.211800
vn 0.977100 -0.000000 0.212900
vn 0.977000 -0.000000 0.213300
vn -0.977700 -0.000000 -0.210000
vn 0.976700 -0.000000 0.214800
vn -0.979900 -0.000000 -0.199400
vn -0.979900 0.000100 -0.199700
vn -0.979900 0.000100 -0.199300
vn -0.979900 -0.000100 -0.199400
vn -0.980000 -0.000100 -0.199100
vn 0.209500 -0.000000 -0.977800
vn 0.978100 -0.000000 0.208000
vn 0.978100 -0.000200 0.208100
vn 0.978100 -0.000100 0.208100
vn -0.209600 -0.000000 0.977800
vn -0.209500 -0.000000 0.977800
vn -0.979900 0.000100 -0.199500
vn -0.979900 0.000200 -0.199500
vn -0.209700 -0.000100 0.977800
vn 0.978100 -0.000000 0.208200
vn 0.978100 -0.000000 0.208100
vn 0.209700 -0.000000 -0.977800
vn -0.209700 -0.000000 0.977800
vn -0.979100 -0.000000 -0.203300
vn 0.978900 -0.000000 0.204200
vn -0.979100 -0.000000 -0.203200
vn 0.978900 -0.000000 0.204300
vn -0.979500 -0.000000 -0.201300
vn 0.978500 -0.000000 0.206200
vn -0.213000 -0.000000 0.977100
vn -0.981600 -0.000000 -0.190700
vn -0.981600 -0.000200 -0.190800
vn -0.981600 0.000100 -0.190800
vn -0.981700 -0.000000 -0.190700
vn -0.981600 -0.000000 -0.190800
vn -0.981600 0.000100 -0.190700
vn 0.188300 -0.000000 -0.982100
vn 0.979900 -0.000000 0.199400
vn 0.979900 -0.000100 0.199400
vn -0.188300 -0.000000 0.982100
vn -0.981600 -0.000200 -0.190700
vn -0.981600 -0.000100 -0.190700
vn -0.981600 -0.000100 -0.190800
vn -0.188200 -0.000000 0.982100
vn 0.979900 -0.000100 0.199500
vn 0.979900 -0.000200 0.199500
vn 0.188200 -0.000000 -0.982100
vn -0.980900 -0.000000 -0.194500
vn 0.980700 -0.000000 0.195700
vn -0.188400 -0.000000 0.982100
vn 0.188400 -0.000000 -0.982100
vn -0.981300 -0.000000 -0.192700
vn 0.980300 -0.000000 0.197500
vn -0.188100 -0.000000 0.982100
vn -0.983300 -0.000200 -0.182000
vn -0.983300 -0.000000 -0.182100
vn -0.983300 0.000100 -0.182100
vn -0.983300 -0.000300 -0.182000
vn -0.983300 0.000200 -0.182200
vn -0.983300 0.000300 -0.182200
vn 0.188200 0.000100 -0.982100
vn 0.981600 -0.000000 0.190700
vn 0.981600 -0.000200 0.190800
vn 0.981600 -0.000100 0.190800
vn -0.983300 0.000200 -0.182100
vn -0.983300 -0.000100 -0.182100
vn -0.983300 -0.000200 -0.182200
vn 0.981600 0.000200 0.190800
vn 0.981600 0.000300 0.190800
vn 0.981600 0.000300 0.190700
vn 0.981700 0.000300 0.190700
vn -0.982600 -0.000000 -0.185900
vn 0.188100 -0.000000 -0.982100
vn 0.982400 -0.000000 0.186900
vn 0.982400 -0.000000 0.187000
vn -0.982900 -0.000000 -0.184000
vn 0.982000 -0.000000 0.188900
vn -0.984900 -0.000100 -0.173400
vn -0.984800 -0.000100 -0.173400
vn -0.984900 -0.000000 -0.173400
vn -0.984800 -0.000000 -0.173400
vn -0.984800 -0.000000 -0.173500
vn 0.181100 0.000100 -0.983500
vn 0.983300 -0.000100 0.182200
vn 0.983300 -0.000000 0.182100
vn -0.181100 -0.000000 0.983500
vn 0.181100 -0.000000 -0.983500
vn -0.984800 -0.000000 -0.173700
vn -0.984900 -0.000000 -0.173100
vn -0.984800 -0.000400 -0.173400
vn -0.984800 -0.000200 -0.173400
vn -0.984900 0.000100 -0.173400
vn -0.984900 0.000200 -0.173400
vn -0.181200 -0.000000 0.983400
vn 0.983300 -0.000100 0.182100
vn 0.983300 -0.000200 0.182100
vn 0.181200 -0.000000 -0.983400
vn -0.984200 -0.000000 -0.177300
vn 0.984000 -0.000000 0.178300
vn 0.984000 0.000100 0.178300
vn -0.984500 -0.000000 -0.175300
vn 0.185200 -0.000000 -0.982700
vn 0.983600 -0.000000 0.180200
vn -0.185400 -0.000000 0.982700
vn -0.986300 -0.000100 -0.164800
vn -0.986300 -0.000000 -0.164800
vn -0.986300 -0.000000 -0.164700
vn 0.163600 -0.000000 -0.986500
vn 0.984800 -0.000100 0.173400
vn 0.984800 0.000100 0.173400
vn 0.984800 -0.000000 0.173400
vn 0.984800 -0.000100 0.173500
vn -0.163600 -0.000000 0.986500
vn -0.986300 0.000100 -0.164700
vn -0.986300 -0.000200 -0.164700
vn -0.163500 -0.000000 0.986600
vn 0.984900 -0.000000 0.173400
vn 0.984900 0.000100 0.173400
vn 0.984900 0.000200 0.173400
vn 0.163500 -0.000000 -0.986500
vn -0.163500 -0.000000 0.986500
vn -0.985700 -0.000000 -0.168600
vn 0.985500 -0.000000 0.169600
vn -0.163400 -0.000000 0.986600
vn -0.985700 -0.000000 -0.168500
vn 0.163700 -0.000000 -0.986500
vn -0.986000 -0.000000 -0.166600
vn 0.985200 -0.000000 0.171500
vn -0.987800 0.000200 -0.155900
vn -0.987700 -0.000300 -0.156100
vn -0.987700 -0.000400 -0.156100
vn -0.987800 -0.000200 -0.156000
vn -0.987700 -0.000200 -0.156100
vn -0.987800 -0.000000 -0.156000
vn -0.987800 -0.000100 -0.156000
vn -0.987800 0.000100 -0.156000
vn 0.986300 0.000100 0.164700
vn 0.986400 -0.000000 0.164700
vn 0.986300 -0.000200 0.164800
vn 0.986300 0.000200 0.164700
vn -0.987700 -0.000000 -0.156100
vn -0.987800 -0.000000 -0.155700
vn 0.986300 -0.000000 0.164700
vn 0.986300 -0.000100 0.164700
vn 0.986300 -0.000200 0.164700
vn 0.163600 -0.000100 -0.986500
vn -0.987100 -0.000000 -0.159800
vn 0.987000 -0.000000 0.160900
vn -0.987100 -0.000000 -0.159900
vn 0.987000 -0.000000 0.161000
vn -0.987400 -0.000000 -0.158000
vn 0.986700 -0.000000 0.162800
vn -0.989100 0.000100 -0.147400
vn -0.989100 -0.000100 -0.147300
vn -0.989100 -0.000200 -0.147300
vn -0.989100 0.000200 -0.147400
vn -0.989100 -0.000000 -0.147400
vn -0.989100 -0.000100 -0.147400
vn -0.989100 -0.000000 -0.147300
vn 0.152800 -0.000100 -0.988300
vn 0.987800 -0.000000 0.156000
vn -0.152800 -0.000000 0.988300
vn 0.152800 -0.000000 -0.988300
vn -0.989100 0.000100 -0.147200
vn -0.989100 0.000100 -0.147300
vn -0.989100 -0.000200 -0.147500
vn -0.989100 0.000200 -0.147300
vn 0.987800 -0.000200 0.155800
vn 0.987700 -0.000000 0.156100
vn 0.987700 0.000100 0.156200
vn -0.988500 -0.000000 -0.151200
vn 0.988400 -0.000000 0.152200
vn -0.163800 -0.000000 0.986500
vn 0.988300 -0.000000 0.152200
vn -0.988800 -0.000000 -0.149300
vn 0.154100 -0.000000 -0.988100
vn 0.988100 -0.000000 0.154100
vn -0.154200 -0.000000 0.988000
vn -0.990300 -0.000100 -0.139000
vn -0.990300 -0.000100 -0.138600
vn -0.990400 0.000200 -0.138400
vn -0.990300 0.000100 -0.138700
vn -0.990300 -0.000200 -0.138700
vn -0.990300 -0.000000 -0.138600
vn -0.990300 -0.000000 -0.138700
vn 0.138700 -0.000000 -0.990300
vn 0.989100 -0.000100 0.147400
vn 0.989100 -0.000000 0.147400
vn -0.138700 -0.000000 0.990300
vn -0.138600 -0.000000 0.990300
vn 0.989100 -0.000000 0.147300
vn 0.138600 -0.000000 -0.990300
vn 0.138600 0.000100 -0.990300
vn -0.989800 -0.000000 -0.142500
vn 0.989700 -0.000000 0.143500
vn -0.138800 -0.000000 0.990300
vn -0.990100 -0.000000 -0.140600
vn 0.989400 -0.000000 0.145400
vn -0.138600 -0.000000 0.990400
vn -0.991500 -0.000000 -0.129900
vn -0.991500 0.000100 -0.129900
vn -0.991500 -0.000200 -0.130000
vn -0.991500 -0.000000 -0.130000
vn 0.990300 0.000200 0.138600
vn 0.990300 -0.000100 0.138700
vn 0.990300 -0.000000 0.138600
vn 0.138600 -0.000000 -0.990400
vn -0.991500 0.000200 -0.130000
vn -0.991500 0.000100 -0.130000
vn -0.991500 -0.000100 -0.130000
vn -0.991500 -0.000200 -0.130100
vn -0.991500 0.000200 -0.129900
vn -0.991500 -0.000000 -0.129800
vn 0.990300 0.000100 0.138600
vn 0.138700 0.000100 -0.990300
vn -0.991000 -0.000000 -0.133800
vn 0.990900 -0.000000 0.134800
vn -0.991300 -0.000000 -0.131900
vn 0.990600 -0.000000 0.136700
vn -0.992600 -0.000000 -0.121300
vn -0.992600 0.000100 -0.121300
vn -0.992600 0.000100 -0.121200
vn -0.992600 -0.000200 -0.121300
vn -0.992600 0.000200 -0.121100
vn -0.992600 -0.000300 -0.121300
vn -0.992600 -0.000100 -0.121300
vn 0.124500 -0.000000 -0.992200
vn 0.991500 0.000100 0.129900
vn 0.991500 0.000200 0.130000
vn -0.124500 -0.000000 0.992200
vn -0.992600 -0.000000 -0.121200
vn -0.992600 0.000200 -0.121200
vn 0.991500 0.000200 0.129900
vn 0.991500 0.000100 0.130000
vn 0.991500 -0.000100 0.130000
vn 0.991500 -0.000200 0.130100
vn -0.992200 -0.000000 -0.125000
vn 0.113600 -0.000000 -0.993500
vn 0.992000 -0.000000 0.126100
vn -0.113500 -0.000000 0.993500
vn -0.113800 -0.000000 0.993500
vn 0.113900 -0.000000 -0.993500
vn -0.992400 -0.000000 -0.123100
vn 0.123300 -0.000000 -0.992400
vn 0.991800 -0.000000 0.128000
vn -0.123200 -0.000000 0.992400
vn -0.993700 0.000100 -0.112500
vn -0.993600 0.000100 -0.112500
vn -0.993700 -0.000100 -0.112500
vn -0.993600 -0.000100 -0.112600
vn -0.993600 -0.000000 -0.112500
vn 0.113700 -0.000000 -0.993500
vn 0.992600 0.000300 0.121600
vn 0.992600 -0.000200 0.121200
vn 0.992600 -0.000100 0.121200
vn 0.992600 0.000300 0.121400
vn -0.113700 -0.000000 0.993500
vn -0.993700 -0.000000 -0.112500
vn -0.993600 0.000200 -0.112500
vn -0.993700 -0.000200 -0.112500
vn -0.993600 -0.000000 -0.112600
vn -0.993700 0.000200 -0.112500
vn -0.113600 -0.000000 0.993500
vn 0.992600 -0.000000 0.121200
vn 0.992600 -0.000000 0.121500
vn -0.993200 -0.000000 -0.116400
vn 0.993100 -0.000000 0.117400
vn -0.993200 -0.000000 -0.116300
vn -0.993400 -0.000000 -0.114400
vn 0.992900 -0.000000 0.119300
vn -0.994600 0.000100 -0.103800
vn -0.994600 -0.000100 -0.103800
vn -0.994600 0.000100 -0.104000
vn -0.994600 -0.000100 -0.103500
vn -0.994600 -0.000000 -0.103800
vn 0.993600 0.000100 0.112500
vn 0.993600 0.000200 0.112600
vn 0.993700 -0.000000 0.112500
vn -0.994600 -0.000200 -0.103900
vn -0.994600 -0.000100 -0.103900
vn -0.994600 0.000200 -0.103800
vn -0.994600 -0.000000 -0.103500
vn 0.993600 -0.000200 0.112500
vn 0.993600 -0.000100 0.112500
vn 0.993700 0.000200 0.112500
vn 0.993700 0.000300 0.112500
vn -0.994200 -0.000000 -0.107600
vn 0.994100 -0.000000 0.108700
vn -0.994200 -0.000000 -0.107700
vn -0.994400 -0.000000 -0.105700
vn 0.993900 -0.000000 0.110600
vn -0.995500 -0.000000 -0.095200
vn -0.995500 0.000100 -0.095100
vn -0.995500 -0.000200 -0.095100
vn -0.995500 0.000200 -0.095100
vn -0.995500 -0.000000 -0.095100
vn 0.096500 -0.000000 -0.995300
vn 0.994600 0.000100 0.103800
vn 0.994600 -0.000200 0.103800
vn 0.994600 -0.000100 0.103800
vn -0.096500 -0.000000 0.995300
vn -0.096400 -0.000000 0.995300
vn -0.995500 -0.000100 -0.095100
vn -0.995500 -0.000200 -0.094900
vn 0.994600 -0.000000 0.104100
vn 0.994600 -0.000000 0.103800
vn 0.096400 -0.000000 -0.995300
vn -0.995100 -0.000000 -0.098900
vn 0.088500 -0.000000 -0.996100
vn 0.995000 -0.000000 0.099600
vn -0.088400 -0.000000 0.996100
vn -0.088700 -0.000000 0.996100
vn 0.995000 -0.000000 0.099900
vn 0.088700 -0.000000 -0.996100
vn -0.995300 -0.000000 -0.097000
vn 0.092900 -0.000000 -0.995700
vn 0.994800 -0.000000 0.101900
vn -0.092600 -0.000000 0.995700
vn -0.996300 -0.000100 -0.086400
vn -0.996300 -0.000000 -0.086400
vn -0.996300 -0.000200 -0.086300
vn 0.995500 0.000100 0.095100
vn -0.088500 -0.000000 0.996100
vn -0.996300 0.000200 -0.086500
vn -0.996300 0.000100 -0.086500
vn -0.996300 -0.000200 -0.086400
vn -0.996300 0.000200 -0.086400
vn -0.996300 0.000100 -0.086400
vn 0.995500 0.000100 0.095000
vn 0.995500 -0.000100 0.095100
vn 0.995500 -0.000300 0.095200
vn -0.995900 -0.000000 -0.090300
vn 0.995800 -0.000000 0.091300
vn -0.088600 -0.000000 0.996100
vn 0.088600 -0.000000 -0.996100
vn -0.996100 -0.000000 -0.088300
vn 0.995600 -0.000000 0.093200
vn -0.997000 0.000100 -0.077700
vn -0.997000 -0.000100 -0.077300
vn -0.997000 -0.000100 -0.077400
vn -0.996900 0.000300 -0.078100
vn -0.997000 -0.000100 -0.077700
vn -0.997000 -0.000000 -0.077700
vn -0.997000 -0.000100 -0.077600
vn 0.088400 -0.000000 -0.996100
vn 0.996300 -0.000000 0.086400
vn 0.996300 0.000200 0.086400
vn 0.996300 0.000100 0.086400
vn -0.997000 -0.000200 -0.077700
vn -0.997000 -0.000300 -0.077700
vn -0.997000 0.000100 -0.077600
vn -0.997000 0.000200 -0.077700
vn -0.997000 -0.000000 -0.077800
vn -0.997000 -0.000000 -0.077300
vn 0.996300 -0.000000 0.086500
vn -0.996700 -0.000000 -0.081500
vn 0.996600 -0.000000 0.082700
vn -0.996700 -0.000000 -0.081600
vn 0.996600 -0.000000 0.082500
vn 0.088300 -0.000000 -0.996100
vn -0.996800 -0.000000 -0.079600
vn 0.996400 -0.000000 0.084500
vn -0.997600 -0.000000 -0.069000
vn -0.997600 -0.000000 -0.069100
vn -0.997600 -0.000100 -0.069000
vn -0.997600 0.000100 -0.069100
vn 0.068600 -0.000000 -0.997600
vn 0.997000 0.000100 0.077700
vn 0.997000 -0.000000 0.077700
vn -0.068600 -0.000000 0.997600
vn -0.997600 0.000200 -0.069000
vn -0.997600 -0.000100 -0.069100
vn -0.997600 -0.000200 -0.069100
vn -0.997600 -0.000200 -0.069000
vn -0.997600 -0.000000 -0.068900
vn -0.068500 -0.000000 0.997700
vn 0.997000 0.000200 0.077600
vn 0.997000 0.000200 0.077700
vn 0.068500 -0.000000 -0.997700
vn -0.068500 0.000300 0.997600
vn -0.997300 -0.000000 -0.072900
vn 0.063300 -0.000000 -0.998000
vn 0.997300 -0.000000 0.073900
vn -0.063300 -0.000000 0.998000
vn -0.063500 -0.000000 0.998000
vn 0.063500 -0.000000 -0.998000
vn -0.997500 -0.000000 -0.070900
vn 0.997100 -0.000000 0.075800
vn -0.063100 -0.000000 0.998000
vn -0.998200 -0.000000 -0.060300
vn -0.998200 0.000100 -0.060300
vn -0.998200 0.000100 -0.060400
vn -0.998200 -0.000200 -0.060300
vn -0.998200 -0.000100 -0.060300
vn -0.998200 -0.000000 -0.060400
vn 0.997600 -0.000000 0.069000
vn 0.997600 -0.000000 0.069100
vn -0.998200 -0.000100 -0.060400
vn -0.998200 -0.000200 -0.060400
vn -0.998200 -0.000000 -0.060200
vn 0.997600 0.000200 0.069000
vn 0.997600 0.000100 0.069100
vn 0.997600 -0.000100 0.069100
vn 0.997600 -0.000200 0.069100
vn -0.997900 -0.000000 -0.064100
vn 0.997900 -0.000000 0.065200
vn -0.997900 -0.000000 -0.064200
vn 0.063400 -0.000000 -0.998000
vn -0.998100 -0.000000 -0.062300
vn 0.997700 -0.000000 0.067100
vn -0.998700 -0.000000 -0.051600
vn -0.998700 0.000100 -0.051600
vn -0.998700 -0.000100 -0.051600
vn -0.998700 -0.000200 -0.051600
vn -0.998700 -0.000000 -0.051700
vn 0.063200 -0.000000 -0.998000
vn 0.998200 0.000200 0.060300
vn 0.998200 -0.000000 0.060400
vn -0.063200 -0.000000 0.998000
vn -0.998700 -0.000200 -0.051700
vn -0.998700 0.000200 -0.051600
vn -0.998700 0.000100 -0.051700
vn -0.063400 -0.000000 0.998000
vn -0.998500 -0.000000 -0.055500
vn 0.998400 -0.000000 0.056500
vn -0.998600 -0.000000 -0.053600
vn 0.063100 -0.000000 -0.998000
vn 0.998300 -0.000000 0.058400
vn -0.999100 0.000100 -0.043000
vn -0.999100 -0.000100 -0.042900
vn -0.999100 0.000200 -0.043100
vn -0.999100 -0.000100 -0.043000
vn -0.999100 -0.000400 -0.043100
vn -0.999100 0.000200 -0.043000
vn -0.999100 -0.000000 -0.043000
vn 0.041000 -0.000000 -0.999200
vn 0.998700 -0.000000 0.051600
vn -0.041000 -0.000000 0.999200
vn -0.999100 -0.000000 -0.042900
vn -0.999100 -0.000200 -0.043000
vn -0.040900 -0.000000 0.999200
vn 0.998700 0.000200 0.051700
vn 0.998700 0.000200 0.051600
vn 0.040900 -0.000000 -0.999200
vn -0.998900 -0.000000 -0.046800
vn 0.037800 -0.000000 -0.999300
vn 0.998900 -0.000000 0.047800
vn -0.037800 -0.000000 0.999300
vn -0.038000 -0.000000 0.999300
vn 0.998900 -0.000000 0.047900
vn 0.038100 -0.000000 -0.999300
vn -0.999000 -0.000000 -0.044900
vn 0.038200 -0.000000 -0.999300
vn 0.998800 -0.000000 0.049700
vn -0.999400 -0.000000 -0.034400
vn -0.999400 -0.000000 -0.034300
vn -0.999400 0.000300 -0.034200
vn -0.999400 -0.000100 -0.034300
vn -0.999400 0.000100 -0.034300
vn 0.038000 -0.000000 -0.999300
vn 0.999100 -0.000100 0.043000
vn 0.999100 0.000100 0.043000
vn 0.999100 -0.000000 0.043000
vn -0.999400 -0.000200 -0.034400
vn -0.999400 -0.000100 -0.034400
vn 0.999100 0.000200 0.042800
vn 0.999100 -0.000100 0.042900
vn 0.999100 -0.000000 0.042900
vn -0.999300 -0.000000 -0.038100
vn 0.999200 -0.000000 0.039200
vn -0.999300 -0.000000 -0.036200
vn 0.999200 -0.000000 0.041100
vn -0.999700 -0.000000 -0.025600
vn -0.999700 0.000200 -0.025600
vn -0.999700 -0.000000 -0.025700
vn -0.999700 -0.000100 -0.025200
vn -0.999700 -0.000100 -0.025700
vn 0.037900 -0.000000 -0.999300
vn 0.999400 -0.000000 0.034300
vn 0.999400 -0.000000 0.034400
vn -0.037900 -0.000000 0.999300
vn -0.999700 0.000200 -0.025700
vn -0.999700 0.000100 -0.025700
vn -0.999700 0.000100 -0.025900
vn -0.999700 -0.000200 -0.025700
vn -0.999700 -0.000200 -0.025600
vn -0.999700 -0.000200 -0.025500
vn -0.038100 -0.000000 0.999300
vn 0.999400 0.000100 0.034300
vn 0.999400 0.000200 0.034300
vn -0.999600 -0.000000 -0.029500
vn 0.999500 -0.000000 0.030500
vn -0.999600 -0.000000 -0.029800
vn 0.999500 -0.000000 0.030600
vn -0.999600 -0.000000 -0.027600
vn 0.999500 -0.000000 0.032400
vn -0.999900 -0.000000 -0.017100
vn -0.999900 -0.000000 -0.017000
vn -0.999900 -0.000100 -0.017000
vn 0.013800 -0.000000 -0.999900
vn 0.999700 -0.000000 0.025700
vn 0.999700 0.000200 0.025700
vn 0.999700 0.000100 0.025700
vn -0.013700 -0.000000 0.999900
vn -0.013800 -0.000000 0.999900
vn -0.999900 -0.000100 -0.017100
vn -0.999900 -0.000200 -0.017100
vn -0.013600 -0.000000 0.999900
vn 0.999700 -0.000100 0.025900
vn 0.013600 -0.000000 -0.999900
vn 0.013600 0.000100 -0.999900
vn -0.999800 -0.000000 -0.020900
vn 0.012500 -0.000000 -0.999900
vn 0.999800 -0.000000 0.021900
vn -0.012800 -0.000000 0.999900
vn 0.012800 -0.000000 -0.999900
vn -0.999800 -0.000000 -0.019000
vn 0.999700 -0.000000 0.023800
vn -0.012500 -0.000000 0.999900
vn -1.000000 -0.000100 -0.008400
vn -1.000000 -0.000000 -0.008500
vn -1.000000 -0.000300 -0.008200
vn -1.000000 -0.000200 -0.008200
vn -1.000000 -0.000200 -0.008400
vn -1.000000 0.000100 -0.008400
vn -1.000000 -0.000000 -0.008400
vn 0.012700 -0.000000 -0.999900
vn 0.999900 0.000100 0.017000
vn 0.999900 -0.000200 0.017100
vn 0.999900 -0.000100 0.017100
vn -0.012700 -0.000000 0.999900
vn 0.012600 -0.000000 -0.999900
vn -1.000000 -0.000000 -0.008000
vn -1.000000 0.000200 -0.008200
vn -1.000000 0.000200 -0.008400
vn 0.999900 -0.000000 0.016800
vn 0.999900 -0.000000 0.017100
vn 0.012700 0.000100 -0.999900
vn -0.999900 -0.000000 -0.012200
vn 0.999900 -0.000000 0.013400
vn -0.012600 -0.000000 0.999900
vn 0.999900 -0.000000 0.013200
vn -0.999900 -0.000000 -0.010300
vn 0.999900 -0.000000 0.015200
vn -1.000000 0.000100 0.000200
vn -1.000000 0.000200 0.000100
vn -1.000000 -0.000200 0.000200
vn -1.000000 -0.000300 0.000100
vn -1.000000 -0.000100 0.000200
vn 0.012000 -0.000000 -0.999900
vn 1.000000 -0.000000 0.008400
vn -0.012100 -0.000000 0.999900
vn 0.012100 -0.000000 -0.999900
vn -1.000000 -0.000000 0.000200
vn -0.012300 -0.000100 0.999900
vn 1.000000 -0.000000 0.008000
vn 1.000000 0.000100 0.008400
vn 1.000000 -0.000200 0.008200
vn 0.012200 -0.000000 -0.999900
vn -0.012200 -0.000000 0.999900
vn -1.000000 -0.000000 -0.003600
vn 1.000000 -0.000000 0.004600
vn -1.000000 -0.000000 -0.003700
vn 1.000000 -0.000000 0.004300
vn -1.000000 -0.000000 -0.001700
vn 1.000000 -0.000000 0.006500
vt 0.980127 0.103062
vt 0.949641 0.115757
vt 0.949641 0.103062
vt 0.958243 0.103062
vt 0.988729 0.103062
vt 0.988729 0.115757
vt 0.942399 0.062186
vt 0.995971 0.062186
vt 0.995971 0.076013
vt 0.980127 0.076013
vt 0.958243 0.076013
vt 0.942399 0.076013
vt 0.000000 0.062150
vt 0.000000 0.048121
vt 0.905875 0.048121
vt 0.905875 0.062150
vt 0.980908 0.014240
vt 0.959024 0.014240
vt 0.943180 0.014240
vt 0.943180 0.000413
vt 0.996752 0.000413
vt 0.996752 0.014240
vt 0.959024 0.041289
vt 0.980908 0.041289
vt 0.989510 0.041289
vt 0.989510 0.053985
vt 0.950422 0.053985
vt 0.950422 0.041289
vt 0.000000 0.034093
vt 0.905875 0.034093
vt 0.000200 0.259595
vt 0.000200 0.219937
vt 0.906075 0.219937
vt 0.906075 0.259595
vt 0.905753 0.210448
vt -0.000122 0.210448
vt -0.000122 0.156096
vt 0.905753 0.156096
vt 0.905875 0.121202
vt 0.000000 0.121202
vt 0.000000 0.093759
vt 0.905875 0.093759
vt 0.905875 0.025761
vt 0.000000 0.025761
vt 0.000000 0.012881
vt 0.905875 0.012881
vt 0.906387 0.330358
vt 0.000512 0.330358
vt 0.000512 0.321630
vt 0.906387 0.321630
vt 0.000200 0.296828
vt 0.906075 0.296828
vt 0.906075 0.312903
vt 0.000200 0.312903
vt 0.905875 0.089593
vt 0.000000 0.089593
vt 0.000000 0.000000
vt 0.905875 0.000000
vt 0.000512 0.312903
vt 0.906387 0.312903
vt 0.000200 0.281378
vt 0.906075 0.281378
vt 0.906075 0.297453
vt 0.000200 0.297453
vt 0.999050 0.183297
vt 0.999050 0.342604
vt 0.939310 0.342604
vt 0.939310 0.183297
vt 0.985655 0.132863
vt 0.985655 0.179437
vt 0.939081 0.179437
vt 0.939081 0.132863
vt 0.979692 0.781451
vt 0.979692 0.844034
vt -0.000781 0.844034
vt -0.000781 0.781451
vt 0.145247 0.656284
vt 0.145247 0.718868
vt -0.000781 0.718868
vt -0.000781 0.656284
vt 0.979692 0.718868
vt 0.302823 0.656284
vt 0.302823 0.718868
vt 0.156795 0.718868
vt 0.156795 0.656284
vt 1.000000 0.851064
vt 1.000000 1.000000
vt 0.000000 1.000000
vt 0.000000 0.851064
vt 0.998987 0.504118
vt 0.998987 0.652658
vt 0.001647 0.652658
vt 0.001647 0.504118
s 1
f 1/1/1 4/4/1 3/3/1 2/2/1
f 2/2/1 6/6/1 5/5/1 1/1/1
f 7/7/1 10/10/1 9/9/1 8/8/1
f 10/10/1 7/7/1 12/12/1 11/11/1
f 4/4/1 1/1/1 10/10/1 11/11/1
f 9/13/2 14/16/2 13/15/2 8/14/2
f 15/17/3 13/20/3 14/19/3 16/18/3
f 13/20/3 15/17/3 18/22/3 17/21/3
f 19/23/3 22/26/3 21/25/3 20/24/3
f 22/26/3 19/23/3 24/28/3 23/27/3
f 16/18/3 19/23/3 20/24/3 15/17/3
f 18/14/4 12/15/4 7/30/4 17/29/4
f 23/31/5 6/34/5 2/33/5 22/32/5
f 13/35/6 17/38/6 7/37/6 8/36/6
f 4/39/4 11/42/4 15/41/4 20/40/4
f 2/43/4 3/46/4 21/45/4 22/44/4
f 20/47/6 21/50/6 3/49/6 4/48/6
f 18/51/5 15/54/5 11/53/5 12/52/5
f 19/55/2 16/16/2 10/13/2 1/56/2
f 23/46/2 24/58/2 5/57/2 6/45/2
f 24/50/6 19/60/6 1/59/6 5/49/6
f 16/61/5 14/64/5 9/63/5 10/62/5
f 25/3/1 28/4/1 27/1/1 26/2/1
f 29/6/1 26/2/1 27/1/1 30/5/1
f 31/9/1 34/10/1 33/11/1 32/8/1
f 35/7/1 32/8/1 33/11/1 36/12/1
f 33/11/1 34/10/1 27/1/1 28/4/1
f 37/15/7 38/16/7 31/13/7 32/14/7
f 39/21/3 41/22/3 40/17/3 37/20/3
f 38/19/3 37/20/3 40/17/3 42/18/3
f 43/28/3 46/23/3 45/24/3 44/27/3
f 47/26/3 44/27/3 45/24/3 48/25/3
f 46/23/3 42/18/3 40/17/3 45/24/3
f 35/30/8 36/15/8 41/14/8 39/29/8
f 26/33/5 29/34/5 44/31/5 47/32/5
f 35/37/6 39/38/6 37/35/6 32/36/6
f 40/41/9 33/42/9 28/39/9 45/40/9
f 48/45/8 25/46/8 26/43/8 47/44/8
f 25/49/6 48/50/6 45/47/6 28/48/6
f 33/53/5 40/54/5 41/51/5 36/52/5
f 34/13/7 42/16/7 46/55/7 27/56/7
f 30/57/7 43/58/7 44/46/7 29/45/7
f 27/59/6 46/60/6 43/50/6 30/49/6
f 31/63/5 38/64/5 42/61/5 34/62/5
f 49/65/10 52/68/10 51/67/10 50/66/10
f 53/65/11 49/68/11 50/67/11 54/66/11
f 55/65/12 53/68/12 54/67/12 56/66/12
f 52/65/13 55/68/13 56/67/13 51/66/13
f 50/69/5 51/72/5 56/71/5 54/70/5
f 57/67/10 60/68/10 59/65/10 58/66/10
f 58/67/14 59/68/14 62/65/14 61/66/14
f 61/67/12 62/68/12 64/65/12 63/66/12
f 63/67/8 64/68/8 60/65/8 57/66/8
f 63/71/5 57/72/5 58/69/5 61/70/5
f 65/73/15 68/76/15 67/75/15 66/74/15
f 69/77/8 65/80/8 66/79/8 70/78/8
f 71/81/16 69/79/16 70/76/16 72/73/16
f 68/82/13 71/85/13 72/84/13 67/83/13
f 66/86/5 67/89/5 72/88/5 70/87/5
f 69/90/6 71/93/6 68/92/6 65/91/6
f 73/1/17 76/4/17 75/3/17 74/2/17
f 74/2/17 78/6/17 77/5/17 73/1/17
f 79/7/17 82/10/17 81/9/17 80/8/17
f 82/10/17 79/7/17 84/12/17 83/11/17
f 76/4/17 73/1/17 82/10/17 83/11/17
f 81/13/9 9/16/9 8/15/9 80/14/9
f 11/17/18 8/20/18 9/19/18 10/18/18
f 8/20/18 11/17/18 12/22/18 7/21/18
f 12/14/14 84/15/14 79/30/14 7/29/14
f 6/31/5 78/34/5 74/33/5 2/32/5
f 8/35/6 7/38/6 79/37/6 80/36/6
f 76/39/7 83/42/7 11/41/7 4/40/7
f 74/43/14 75/46/14 3/45/14 2/44/14
f 4/47/6 3/50/6 75/49/6 76/48/6
f 12/51/5 11/54/5 83/53/5 84/52/5
f 1/55/9 10/16/9 82/13/9 73/56/9
f 6/46/9 5/58/9 77/57/9 78/45/9
f 5/50/6 1/60/6 73/59/6 77/49/6
f 10/61/5 9/64/5 81/63/5 82/62/5
f 85/3/17 88/4/17 87/1/17 86/2/17
f 89/6/17 86/2/17 87/1/17 90/5/17
f 91/9/17 94/10/17 93/11/17 92/8/17
f 95/7/17 92/8/17 93/11/17 96/12/17
f 93/11/17 94/10/17 87/1/17 88/4/17
f 32/15/7 31/16/7 91/13/7 92/14/7
f 30/28/18 27/23/18 28/24/18 29/27/18
f 26/26/18 29/27/18 28/24/18 25/25/18
f 95/30/9 96/15/9 36/14/9 35/29/9
f 86/33/5 89/34/5 29/31/5 26/32/5
f 95/37/6 35/38/6 32/35/6 92/36/6
f 33/41/9 93/42/9 88/39/9 28/40/9
f 25/45/9 85/46/9 86/43/9 26/44/9
f 85/49/6 25/50/6 28/47/6 88/48/6
f 93/53/5 33/54/5 36/51/5 96/52/5
f 94/13/7 34/16/7 27/55/7 87/56/7
f 90/57/7 30/58/7 29/46/7 89/45/7
f 87/59/6 27/60/6 30/50/6 90/49/6
f 91/63/5 31/64/5 34/61/5 94/62/5
f 97/65/19 100/68/19 99/67/19 98/66/19
f 101/65/8 97/68/8 98/67/8 102/66/8
f 103/65/20 101/68/20 102/67/20 104/66/20
f 100/65/21 103/68/21 104/67/21 99/66/21
f 98/69/5 99/72/5 104/71/5 102/70/5
f 105/67/19 108/68/19 107/65/19 106/66/19
f 106/67/7 107/68/7 110/65/7 109/66/7
f 109/67/20 110/68/20 112/65/20 111/66/20
f 111/67/8 112/68/8 108/65/8 105/66/8
f 111/71/5 105/72/5 106/69/5 109/70/5
f 113/73/22 116/76/22 115/75/22 114/74/22
f 117/77/9 113/80/9 114/79/9 118/78/9
f 119/81/23 117/79/23 118/76/23 120/73/23
f 116/82/7 119/85/7 120/84/7 115/83/7
f 114/86/5 115/89/5 120/88/5 118/87/5
f 117/90/6 119/93/6 116/92/6 113/91/6
f 121/1/24 124/4/24 123/3/24 122/2/24
f 122/2/24 126/6/24 125/5/24 121/1/24
f 127/7/24 130/10/24 129/9/24 128/8/24
f 130/10/24 127/7/24 132/12/24 131/11/24
f 124/4/24 121/1/24 130/10/24 131/11/24
f 129/13/25 81/16/25 80/15/25 128/14/25
f 83/17/26 80/20/26 81/19/26 82/18/26
f 80/20/26 83/17/26 84/22/26 79/21/26
f 84/14/27 132/15/27 127/30/27 79/29/27
f 78/31/5 126/34/5 122/33/5 74/32/5
f 80/35/6 79/38/6 127/37/6 128/36/6
f 124/39/27 131/42/27 83/41/27 76/40/27
f 122/43/27 123/46/27 75/45/27 74/44/27
f 76/47/6 75/50/6 123/49/6 124/48/6
f 84/51/5 83/54/5 131/53/5 132/52/5
f 73/55/28 82/16/28 130/13/28 121/56/28
f 78/46/25 77/58/25 125/57/25 126/45/25
f 77/50/6 73/60/6 121/59/6 125/49/6
f 82/61/5 81/64/5 129/63/5 130/62/5
f 133/3/24 136/4/24 135/1/24 134/2/24
f 137/6/24 134/2/24 135/1/24 138/5/24
f 139/9/24 142/10/24 141/11/24 140/8/24
f 143/7/24 140/8/24 141/11/24 144/12/24
f 141/11/24 142/10/24 135/1/24 136/4/24
f 92/15/29 91/16/29 139/13/29 140/14/29
f 90/28/26 87/23/26 88/24/26 89/27/26
f 86/26/26 89/27/26 88/24/26 85/25/26
f 143/30/30 144/15/30 96/14/30 95/29/30
f 134/33/5 137/34/5 89/31/5 86/32/5
f 143/37/6 95/38/6 92/35/6 140/36/6
f 93/41/30 141/42/30 136/39/30 88/40/30
f 85/45/31 133/46/31 134/43/31 86/44/31
f 133/49/6 85/50/6 88/47/6 136/48/6
f 141/53/5 93/54/5 96/51/5 144/52/5
f 142/13/32 94/16/32 87/55/32 135/56/32
f 138/57/29 90/58/29 89/46/29 137/45/29
f 135/59/6 87/60/6 90/50/6 138/49/6
f 139/63/5 91/64/5 94/61/5 142/62/5
f 145/65/33 148/68/33 147/67/33 146/66/33
f 149/65/34 145/68/34 146/67/34 150/66/34
f 151/65/35 149/68/35 150/67/35 152/66/35
f 148/65/13 151/68/13 152/67/13 147/66/13
f 146/69/5 147/72/5 152/71/5 150/70/5
f 153/67/33 156/68/33 155/65/33 154/66/33
f 154/67/14 155/68/14 158/65/14 157/66/14
f 157/67/35 158/68/35 160/65/35 159/66/35
f 159/67/8 160/68/8 156/65/8 153/66/8
f 159/71/5 153/72/5 154/69/5 157/70/5
f 161/73/36 164/76/36 163/75/36 162/74/36
f 165/77/11 161/80/11 162/79/11 166/78/11
f 167/81/37 165/79/37 166/76/37 168/73/37
f 164/82/4 167/85/4 168/84/4 163/83/4
f 162/86/5 163/89/5 168/88/5 166/87/5
f 165/90/6 167/93/6 164/92/6 161/91/6
f 169/1/38 172/4/38 171/3/38 170/2/38
f 170/2/38 174/6/38 173/5/38 169/1/38
f 175/7/38 178/10/38 177/9/38 176/8/38
f 178/10/38 175/7/38 180/12/38 179/11/38
f 172/4/38 169/1/38 178/10/38 179/11/38
f 177/13/39 129/16/39 128/15/39 176/14/39
f 131/17/40 128/20/40 129/19/40 130/18/40
f 128/20/40 131/17/40 132/22/40 127/21/40
f 132/14/41 180/15/41 175/30/41 127/29/41
f 126/31/5 174/34/5 170/33/5 122/32/5
f 128/35/6 127/38/6 175/37/6 176/36/6
f 172/39/41 179/42/41 131/41/41 124/40/41
f 170/43/41 171/46/41 123/45/41 122/44/41
f 124/47/6 123/50/6 171/49/6 172/48/6
f 132/51/5 131/54/5 179/53/5 180/52/5
f 121/55/39 130/16/39 178/13/39 169/56/39
f 126/46/39 125/58/39 173/57/39 174/45/39
f 125/50/6 121/60/6 169/59/6 173/49/6
f 130/61/5 129/64/5 177/63/5 178/62/5
f 181/3/38 184/4/38 183/1/38 182/2/38
f 185/6/38 182/2/38 183/1/38 186/5/38
f 187/9/38 190/10/38 189/11/38 188/8/38
f 191/7/38 188/8/38 189/11/38 192/12/38
f 189/11/38 190/10/38 183/1/38 184/4/38
f 140/15/42 139/16/42 187/13/42 188/14/42
f 138/28/40 135/23/40 136/24/40 137/27/40
f 134/26/40 137/27/40 136/24/40 133/25/40
f 191/30/43 192/15/43 144/14/43 143/29/43
f 182/33/5 185/34/5 137/31/5 134/32/5
f 191/37/6 143/38/6 140/35/6 188/36/6
f 141/41/43 189/42/43 184/39/43 136/40/43
f 133/45/44 181/46/44 182/43/44 134/44/44
f 181/49/6 133/50/6 136/47/6 184/48/6
f 189/53/5 141/54/5 144/51/5 192/52/5
f 190/13/42 142/16/42 135/55/42 183/56/42
f 186/57/42 138/58/42 137/46/42 185/45/42
f 183/59/6 135/60/6 138/50/6 186/49/6
f 187/63/5 139/64/5 142/61/5 190/62/5
f 193/65/45 196/68/45 195/67/45 194/66/45
f 197/65/46 193/68/46 194/67/46 198/66/46
f 199/65/47 197/68/47 198/67/47 200/66/47
f 196/65/48 199/68/48 200/67/48 195/66/48
f 194/69/5 195/72/5 200/71/5 198/70/5
f 201/67/45 204/68/45 203/65/45 202/66/45
f 202/67/49 203/68/49 206/65/49 205/66/49
f 205/67/47 206/68/47 208/65/47 207/66/47
f 207/67/46 208/68/46 204/65/46 201/66/46
f 207/71/5 201/72/5 202/69/5 205/70/5
f 209/73/50 212/76/50 211/75/50 210/74/50
f 213/77/39 209/80/39 210/79/39 214/78/39
f 215/81/51 213/79/51 214/76/51 216/73/51
f 212/82/42 215/85/42 216/84/42 211/83/42
f 210/86/5 211/89/5 216/88/5 214/87/5
f 213/90/6 215/93/6 212/92/6 209/91/6
f 217/1/52 220/4/52 219/3/52 218/2/52
f 218/2/52 222/6/52 221/5/52 217/1/52
f 223/7/52 226/10/52 225/9/52 224/8/52
f 226/10/52 223/7/52 228/12/52 227/11/52
f 220/4/52 217/1/52 226/10/52 227/11/52
f 225/13/46 177/16/46 176/15/46 224/14/46
f 179/17/53 176/20/53 177/19/53 178/18/53
f 176/20/53 179/17/53 180/22/53 175/21/53
f 180/14/54 228/15/54 223/30/54 175/29/54
f 174/31/5 222/34/5 218/33/5 170/32/5
f 176/35/6 175/38/6 223/37/6 224/36/6
f 220/39/54 227/42/54 179/41/54 172/40/54
f 218/43/54 219/46/54 171/45/54 170/44/54
f 172/47/6 171/50/6 219/49/6 220/48/6
f 180/51/5 179/54/5 227/53/5 228/52/5
f 169/55/46 178/16/46 226/13/46 217/56/46
f 174/46/46 173/58/46 221/57/46 222/45/46
f 173/50/6 169/60/6 217/59/6 221/49/6
f 178/61/5 177/64/5 225/63/5 226/62/5
f 229/3/52 232/4/52 231/1/52 230/2/52
f 233/6/52 230/2/52 231/1/52 234/5/52
f 235/9/52 238/10/52 237/11/52 236/8/52
f 239/7/52 236/8/52 237/11/52 240/12/52
f 237/11/52 238/10/52 231/1/52 232/4/52
f 188/15/54 187/16/54 235/13/54 236/14/54
f 186/28/53 183/23/53 184/24/53 185/27/53
f 182/26/53 185/27/53 184/24/53 181/25/53
f 239/30/46 240/15/46 192/14/46 191/29/46
f 230/33/5 233/34/5 185/31/5 182/32/5
f 239/37/6 191/38/6 188/35/6 236/36/6
f 189/41/46 237/42/46 232/39/46 184/40/46
f 181/45/46 229/46/46 230/43/46 182/44/46
f 229/49/6 181/50/6 184/47/6 232/48/6
f 237/53/5 189/54/5 192/51/5 240/52/5
f 238/13/54 190/16/54 183/55/54 231/56/54
f 234/57/54 186/58/54 185/46/54 233/45/54
f 231/59/6 183/60/6 186/50/6 234/49/6
f 235/63/5 187/64/5 190/61/5 238/62/5
f 241/65/55 244/68/55 243/67/55 242/66/55
f 245/65/46 241/68/46 242/67/46 246/66/46
f 247/65/56 245/68/56 246/67/56 248/66/56
f 244/65/42 247/68/42 248/67/42 243/66/42
f 242/69/5 243/72/5 248/71/5 246/70/5
f 249/67/55 252/68/55 251/65/55 250/66/55
f 250/67/49 251/68/49 254/65/49 253/66/49
f 253/67/56 254/68/56 256/65/56 255/66/56
f 255/67/57 256/68/57 252/65/57 249/66/57
f 255/71/5 249/72/5 250/69/5 253/70/5
f 257/73/58 260/76/58 259/75/58 258/74/58
f 261/77/46 257/80/46 258/79/46 262/78/46
f 263/81/59 261/79/59 262/76/59 264/73/59
f 260/82/54 263/85/54 264/84/54 259/83/54
f 258/86/5 259/89/5 264/88/5 262/87/5
f 261/90/6 263/93/6 260/92/6 257/91/6
f 265/1/60 268/4/60 267/3/60 266/2/60
f 266/2/60 270/6/60 269/5/60 265/1/60
f 271/7/60 274/10/60 273/9/60 272/8/60
f 274/10/60 271/7/60 276/12/60 275/11/60
f 268/4/60 265/1/60 274/10/60 275/11/60
f 273/13/61 225/16/61 224/15/61 272/14/61
f 227/17/62 224/20/62 225/19/62 226/18/62
f 224/20/62 227/17/62 228/22/62 223/21/62
f 228/14/63 276/15/63 271/30/63 223/29/63
f 222/31/5 270/34/5 266/33/5 218/32/5
f 224/35/6 223/38/6 271/37/6 272/36/6
f 268/39/63 275/42/63 227/41/63 220/40/63
f 266/43/63 267/46/63 219/45/63 218/44/63
f 220/47/6 219/50/6 267/49/6 268/48/6
f 228/51/5 227/54/5 275/53/5 276/52/5
f 217/55/61 226/16/61 274/13/61 265/56/61
f 222/46/61 221/58/61 269/57/61 270/45/61
f 221/50/6 217/60/6 265/59/6 269/49/6
f 226/61/5 225/64/5 273/63/5 274/62/5
f 277/3/60 280/4/60 279/1/60 278/2/60
f 281/6/60 278/2/60 279/1/60 282/5/60
f 283/9/60 286/10/60 285/11/60 284/8/60
f 287/7/60 284/8/60 285/11/60 288/12/60
f 285/11/60 286/10/60 279/1/60 280/4/60
f 236/15/64 235/16/64 283/13/64 284/14/64
f 234/28/65 231/23/65 232/24/62 233/27/62
f 230/26/62 233/27/62 232/24/62 229/25/62
f 287/30/66 288/15/66 240/14/66 239/29/66
f 278/33/5 281/34/5 233/31/5 230/32/5
f 287/37/6 239/38/6 236/35/6 284/36/6
f 237/41/66 285/42/66 280/39/66 232/40/66
f 229/45/66 277/46/66 278/43/66 230/44/66
f 277/49/6 229/50/6 232/47/6 280/48/6
f 285/53/5 237/54/5 240/51/5 288/52/5
f 286/13/64 238/16/64 231/55/64 279/56/64
f 282/57/64 234/58/64 233/46/64 281/45/64
f 279/59/6 231/60/6 234/50/6 282/49/6
f 283/63/5 235/64/5 238/61/5 286/62/5
f 289/65/67 292/68/67 291/67/67 290/66/67
f 293/65/46 289/68/46 290/67/46 294/66/46
f 295/65/68 293/68/68 294/67/68 296/66/68
f 292/65/54 295/68/54 296/67/54 291/66/54
f 290/69/5 291/72/5 296/71/5 294/70/5
f 297/67/67 300/68/67 299/65/67 298/66/67
f 298/67/69 299/68/69 302/65/69 301/66/69
f 301/67/70 302/68/70 304/65/70 303/66/70
f 303/67/57 304/68/57 300/65/57 297/66/57
f 303/71/5 297/72/5 298/69/5 301/70/5
f 305/73/71 308/76/71 307/75/71 306/74/71
f 309/77/43 305/80/43 306/79/43 310/78/43
f 311/81/72 309/79/72 310/76/72 312/73/72
f 308/82/49 311/85/49 312/84/49 307/83/49
f 306/86/5 307/89/5 312/88/5 310/87/5
f 309/90/6 311/93/6 308/92/6 305/91/6
f 313/1/73 316/4/73 315/3/73 314/2/73
f 314/2/73 318/6/73 317/5/73 313/1/73
f 319/7/73 322/10/73 321/9/73 320/8/73
f 322/10/73 319/7/73 324/12/73 323/11/73
f 316/4/73 313/1/73 322/10/73 323/11/73
f 321/13/74 273/16/74 272/15/74 320/14/74
f 275/17/75 272/20/75 273/19/75 274/18/75
f 272/20/75 275/17/75 276/22/75 271/21/75
f 276/14/76 324/15/76 319/30/76 271/29/76
f 270/31/5 318/34/5 314/33/5 266/32/5
f 272/35/6 271/38/6 319/37/6 320/36/6
f 316/39/76 323/42/76 275/41/76 268/40/76
f 314/43/76 315/46/76 267/45/76 266/44/76
f 268/47/6 267/50/6 315/49/6 316/48/6
f 276/51/5 275/54/5 323/53/5 324/52/5
f 265/55/74 274/16/74 322/13/74 313/56/74
f 270/46/74 269/58/74 317/57/74 318/45/74
f 269/50/6 265/60/6 313/59/6 317/49/6
f 274/61/5 273/64/5 321/63/5 322/62/5
f 325/3/73 328/4/73 327/1/73 326/2/73
f 329/6/73 326/2/73 327/1/73 330/5/73
f 331/9/77 334/10/73 333/11/73 332/8/73
f 335/7/73 332/8/73 333/11/73 336/12/73
f 333/11/73 334/10/73 327/1/73 328/4/73
f 284/15/78 283/16/78 331/13/78 332/14/78
f 282/28/75 279/23/75 280/24/75 281/27/75
f 278/26/75 281/27/75 280/24/75 277/25/75
f 335/30/79 336/15/79 288/14/79 287/29/79
f 326/33/5 329/34/5 281/31/5 278/32/5
f 335/37/6 287/38/6 284/35/6 332/36/6
f 285/41/79 333/42/79 328/39/79 280/40/79
f 277/45/80 325/46/80 326/43/80 278/44/80
f 325/49/6 277/50/6 280/47/6 328/48/6
f 333/53/5 285/54/5 288/51/5 336/52/5
f 334/13/81 286/16/81 279/55/81 327/56/81
f 330/57/81 282/58/81 281/46/81 329/45/81
f 327/59/6 279/60/6 282/50/6 330/49/6
f 331/63/5 283/64/5 286/61/5 334/62/5
f 337/65/82 340/68/82 339/67/82 338/66/82
f 341/65/80 337/68/80 338/67/80 342/66/80
f 343/65/83 341/68/83 342/67/83 344/66/83
f 340/65/84 343/68/84 344/67/84 339/66/84
f 338/69/5 339/72/5 344/71/5 342/70/5
f 345/67/82 348/68/82 347/65/82 346/66/82
f 346/67/81 347/68/81 350/65/81 349/66/81
f 349/67/83 350/68/83 352/65/83 351/66/83
f 351/67/85 352/68/85 348/65/85 345/66/85
f 351/71/5 345/72/5 346/69/5 349/70/5
f 353/73/86 356/76/86 355/75/86 354/74/86
f 357/77/74 353/80/74 354/79/74 358/78/74
f 359/81/87 357/79/87 358/76/87 360/73/87
f 356/82/81 359/85/81 360/84/81 355/83/81
f 354/86/5 355/89/5 360/88/5 358/87/5
f 357/90/6 359/93/6 356/92/6 353/91/6
f 361/1/88 364/4/89 363/3/89 362/2/89
f 362/2/89 366/6/88 365/5/88 361/1/88
f 367/7/89 370/10/89 369/9/89 368/8/89
f 370/10/89 367/7/89 372/12/89 371/11/89
f 364/4/89 361/1/88 370/10/89 371/11/89
f 369/13/79 321/16/79 320/15/79 368/14/79
f 323/17/90 320/20/90 321/19/90 322/18/90
f 320/20/90 323/17/90 324/22/90 319/21/90
f 324/14/78 372/15/78 367/30/78 319/29/78
f 318/31/5 366/34/5 362/33/5 314/32/5
f 320/35/6 319/38/6 367/37/6 368/36/6
f 364/39/78 371/42/78 323/41/78 316/40/78
f 362/43/78 363/46/78 315/45/78 314/44/78
f 316/47/6 315/50/6 363/49/6 364/48/6
f 324/51/5 323/54/5 371/53/5 372/52/5
f 313/55/79 322/16/79 370/13/79 361/56/79
f 318/46/79 317/58/79 365/57/79 366/45/79
f 317/50/6 313/60/6 361/59/6 365/49/6
f 322/61/5 321/64/5 369/63/5 370/62/5
f 373/3/88 376/4/88 375/1/89 374/2/88
f 377/6/89 374/2/88 375/1/89 378/5/89
f 379/9/88 382/10/89 381/11/89 380/8/89
f 383/7/89 380/8/89 381/11/89 384/12/89
f 381/11/89 382/10/89 375/1/89 376/4/89
f 332/15/78 331/16/78 379/13/78 380/14/78
f 330/28/90 327/23/90 328/24/90 329/27/90
f 326/26/90 329/27/90 328/24/90 325/25/90
f 383/30/79 384/15/79 336/14/79 335/29/79
f 374/33/5 377/34/5 329/31/5 326/32/5
f 383/37/6 335/38/6 332/35/6 380/36/6
f 333/41/79 381/42/79 376/39/79 328/40/79
f 325/45/79 373/46/79 374/43/79 326/44/79
f 373/49/6 325/50/6 328/47/6 376/48/6
f 381/53/5 333/54/5 336/51/5 384/52/5
f 382/13/91 334/16/91 327/55/91 375/56/91
f 378/57/78 330/58/78 329/46/78 377/45/78
f 375/59/6 327/60/6 330/50/6 378/49/6
f 379/63/5 331/64/5 334/61/5 382/62/5
f 385/65/92 388/68/92 387/67/92 386/66/92
f 389/65/93 385/68/93 386/67/93 390/66/93
f 391/65/94 389/68/94 390/67/94 392/66/94
f 388/65/78 391/68/78 392/67/78 387/66/78
f 386/69/5 387/72/5 392/71/5 390/70/5
f 393/67/95 396/68/95 395/65/95 394/66/95
f 394/67/76 395/68/76 398/65/76 397/66/76
f 397/67/94 398/68/94 400/65/94 399/66/94
f 399/67/80 400/68/80 396/65/80 393/66/80
f 399/71/5 393/72/5 394/69/5 397/70/5
f 401/73/96 404/76/96 403/75/96 402/74/96
f 405/77/79 401/80/79 402/79/79 406/78/79
f 407/81/97 405/79/97 406/76/97 408/73/97
f 404/82/98 407/85/98 408/84/98 403/83/98
f 402/86/5 403/89/5 408/88/5 406/87/5
f 405/90/6 407/93/6 404/92/6 401/91/6
f 409/1/99 412/4/99 411/3/99 410/2/99
f 410/2/99 414/6/99 413/5/99 409/1/99
f 415/7/99 418/10/99 417/9/99 416/8/99
f 418/10/99 415/7/99 420/12/99 419/11/99
f 412/4/99 409/1/99 418/10/99 419/11/99
f 417/13/100 369/16/100 368/15/100 416/14/100
f 371/17/101 368/20/102 369/19/102 370/18/102
f 368/20/102 371/17/101 372/22/101 367/21/101
f 372/14/103 420/15/103 415/30/103 367/29/103
f 366/31/5 414/34/5 410/33/5 362/32/5
f 368/35/6 367/38/6 415/37/6 416/36/6
f 412/39/103 419/42/103 371/41/103 364/40/103
f 410/43/103 411/46/103 363/45/103 362/44/103
f 364/47/6 363/50/6 411/49/6 412/48/6
f 372/51/5 371/54/5 419/53/5 420/52/5
f 361/55/100 370/16/100 418/13/100 409/56/100
f 366/46/100 365/58/100 413/57/100 414/45/100
f 365/50/6 361/60/6 409/59/6 413/49/6
f 370/61/5 369/64/5 417/63/5 418/62/5
f 421/3/99 424/4/99 423/1/105 422/2/104
f 425/6/105 422/2/104 423/1/105 426/5/105
f 427/9/104 430/10/99 429/11/99 428/8/104
f 431/7/99 428/8/104 429/11/99 432/12/99
f 429/11/99 430/10/99 423/1/99 424/4/99
f 380/15/106 379/16/106 427/13/106 428/14/106
f 378/28/101 375/23/101 376/24/102 377/27/101
f 374/26/102 377/27/101 376/24/102 373/25/102
f 431/30/107 432/15/107 384/14/107 383/29/107
f 422/33/5 425/34/5 377/31/5 374/32/5
f 431/37/6 383/38/6 380/35/6 428/36/6
f 381/41/107 429/42/107 424/39/107 376/40/107
f 373/45/107 421/46/107 422/43/107 374/44/107
f 421/49/6 373/50/6 376/47/6 424/48/6
f 429/53/5 381/54/5 384/51/5 432/52/5
f 430/13/108 382/16/108 375/55/108 423/56/108
f 426/57/106 378/58/106 377/46/106 425/45/106
f 423/59/6 375/60/6 378/50/6 426/49/6
f 427/63/5 379/64/5 382/61/5 430/62/5
f 433/65/109 436/68/109 435/67/109 434/66/109
f 437/65/74 433/68/74 434/67/74 438/66/74
f 439/65/110 437/68/110 438/67/110 440/66/110
f 436/65/111 439/68/111 440/67/111 435/66/111
f 434/69/5 435/72/5 440/71/5 438/70/5
f 441/67/109 444/68/109 443/65/109 442/66/109
f 442/67/78 443/68/78 446/65/78 445/66/78
f 445/67/110 446/68/110 448/65/110 447/66/110
f 447/67/80 448/68/80 444/65/80 441/66/80
f 447/71/5 441/72/5 442/69/5 445/70/5
f 449/73/112 452/76/112 451/75/112 450/74/112
f 453/77/113 449/80/113 450/79/113 454/78/113
f 455/81/114 453/79/114 454/76/114 456/73/114
f 452/82/78 455/85/78 456/84/78 451/83/78
f 450/86/5 451/89/5 456/88/5 454/87/5
f 453/90/6 455/93/6 452/92/6 449/91/6
f 457/1/115 460/4/115 459/3/115 458/2/115
f 458/2/115 462/6/116 461/5/116 457/1/115
f 463/7/116 466/10/115 465/9/115 464/8/115
f 466/10/115 463/7/116 468/12/116 467/11/116
f 460/4/115 457/1/115 466/10/117 467/11/117
f 465/13/118 417/16/118 416/15/118 464/14/118
f 419/17/119 416/20/120 417/19/120 418/18/120
f 416/20/120 419/17/119 420/22/119 415/21/119
f 420/14/121 468/15/121 463/30/121 415/29/121
f 414/31/5 462/34/5 458/33/5 410/32/5
f 416/35/6 415/38/6 463/37/6 464/36/6
f 460/39/121 467/42/121 419/41/121 412/40/121
f 458/43/121 459/46/121 411/45/121 410/44/121
f 412/47/6 411/50/6 459/49/6 460/48/6
f 420/51/5 419/54/5 467/53/5 468/52/5
f 409/55/118 418/16/118 466/13/118 457/56/118
f 414/46/118 413/58/118 461/57/118 462/45/118
f 413/50/6 409/60/6 457/59/6 461/49/6
f 418/61/5 417/64/5 465/63/5 466/62/5
f 469/3/116 472/4/116 471/1/115 470/2/116
f 473/6/115 470/2/116 471/1/115 474/5/115
f 475/9/116 478/10/116 477/11/116 476/8/116
f 479/7/116 476/8/116 477/11/116 480/12/116
f 477/11/116 478/10/116 471/1/116 472/4/116
f 428/15/122 427/16/122 475/13/122 476/14/122
f 426/28/123 423/23/123 424/24/119 425/27/123
f 422/26/119 425/27/123 424/24/119 421/25/119
f 479/30/124 480/15/124 432/14/124 431/29/124
f 470/33/5 473/34/5 425/31/5 422/32/5
f 479/37/6 431/38/6 428/35/6 476/36/6
f 429/41/125 477/42/125 472/39/125 424/40/125
f 421/45/125 469/46/125 470/43/125 422/44/125
f 469/49/6 421/50/6 424/47/6 472/48/6
f 477/53/5 429/54/5 432/51/5 480/52/5
f 478/13/122 430/16/122 423/55/122 471/56/122
f 474/57/122 426/58/122 425/46/122 473/45/122
f 471/59/6 423/60/6 426/50/6 474/49/6
f 475/63/5 427/64/5 430/61/5 478/62/5
f 481/65/126 484/68/126 483/67/126 482/66/126
f 485/65/125 481/68/125 482/67/125 486/66/125
f 487/65/127 485/68/127 486/67/127 488/66/127
f 484/65/121 487/68/121 488/67/121 483/66/121
f 482/69/5 483/72/5 488/71/5 486/70/5
f 489/67/126 492/68/126 491/65/126 490/66/126
f 490/67/128 491/68/128 494/65/128 493/66/128
f 493/67/127 494/68/127 496/65/127 495/66/127
f 495/67/124 496/68/124 492/65/124 489/66/124
f 495/71/5 489/72/5 490/69/5 493/70/5
f 497/73/129 500/76/129 499/75/129 498/74/129
f 501/77/118 497/80/118 498/79/118 502/78/118
f 503/81/130 501/79/130 502/76/130 504/73/130
f 500/82/122 503/85/122 504/84/122 499/83/122
f 498/86/5 499/89/5 504/88/5 502/87/5
f 501/90/6 503/93/6 500/92/6 497/91/6
f 505/1/131 508/4/131 507/3/131 506/2/131
f 506/2/131 510/6/132 509/5/132 505/1/131
f 511/7/131 514/10/131 513/9/131 512/8/131
f 514/10/131 511/7/131 516/12/131 515/11/131
f 508/4/131 505/1/131 514/10/131 515/11/131
f 513/13/124 465/16/124 464/15/124 512/14/124
f 467/17/133 464/20/133 465/19/133 466/18/133
f 464/20/133 467/17/133 468/22/134 463/21/134
f 468/14/128 516/15/128 511/30/128 463/29/128
f 462/31/5 510/34/5 506/33/5 458/32/5
f 464/35/6 463/38/6 511/37/6 512/36/6
f 508/39/128 515/42/128 467/41/128 460/40/128
f 506/43/128 507/46/128 459/45/128 458/44/128
f 460/47/6 459/50/6 507/49/6 508/48/6
f 468/51/5 467/54/5 515/53/5 516/52/5
f 457/55/124 466/16/124 514/13/124 505/56/124
f 462/46/125 461/58/125 509/57/125 510/45/125
f 461/50/6 457/60/6 505/59/6 509/49/6
f 466/61/5 465/64/5 513/63/5 514/62/5
f 517/3/131 520/4/131 519/1/131 518/2/131
f 521/6/132 518/2/131 519/1/131 522/5/132
f 523/9/131 526/10/131 525/11/131 524/8/131
f 527/7/131 524/8/131 525/11/131 528/12/131
f 525/11/131 526/10/131 519/1/131 520/4/131
f 476/15/128 475/16/128 523/13/128 524/14/128
f 474/28/133 471/23/133 472/24/133 473/27/133
f 470/26/134 473/27/133 472/24/133 469/25/134
f 527/30/125 528/15/125 480/14/125 479/29/125
f 518/33/5 521/34/5 473/31/5 470/32/5
f 527/37/6 479/38/6 476/35/6 524/36/6
f 477/41/125 525/42/125 520/39/125 472/40/125
f 469/45/125 517/46/125 518/43/125 470/44/125
f 517/49/6 469/50/6 472/47/6 520/48/6
f 525/53/5 477/54/5 480/51/5 528/52/5
f 526/13/128 478/16/128 471/55/128 519/56/128
f 522/57/128 474/58/128 473/46/128 521/45/128
f 519/59/6 471/60/6 474/50/6 522/49/6
f 523/63/5 475/64/5 478/61/5 526/62/5
f 529/65/135 532/68/135 531/67/135 530/66/135
f 533/65/118 529/68/118 530/67/118 534/66/118
f 535/65/136 533/68/136 534/67/136 536/66/136
f 532/65/128 535/68/128 536/67/128 531/66/128
f 530/69/5 531/72/5 536/71/5 534/70/5
f 537/67/135 540/68/135 539/65/135 538/66/135
f 538/67/122 539/68/122 542/65/122 541/66/122
f 541/67/136 542/68/136 544/65/136 543/66/136
f 543/67/137 544/68/137 540/65/137 537/66/137
f 543/71/5 537/72/5 538/69/5 541/70/5
f 545/73/138 548/76/138 547/75/138 546/74/138
f 549/77/125 545/80/125 546/79/125 550/78/125
f 551/81/139 549/79/139 550/76/139 552/73/139
f 548/82/128 551/85/128 552/84/128 547/83/128
f 546/86/5 547/89/5 552/88/5 550/87/5
f 549/90/6 551/93/6 548/92/6 545/91/6
f 553/1/140 556/4/141 555/3/141 554/2/141
f 554/2/141 558/6/142 557/5/142 553/1/140
f 559/7/142 562/10/142 561/9/142 560/8/142
f 562/10/142 559/7/142 564/12/142 563/11/142
f 556/4/141 553/1/140 562/10/140 563/11/140
f 561/13/143 513/16/143 512/15/143 560/14/143
f 515/17/144 512/20/144 513/19/144 514/18/144
f 512/20/144 515/17/144 516/22/144 511/21/144
f 516/14/145 564/15/145 559/30/145 511/29/145
f 510/31/5 558/34/5 554/33/5 506/32/5
f 512/35/6 511/38/6 559/37/6 560/36/6
f 556/39/145 563/42/145 515/41/145 508/40/145
f 554/43/146 555/46/146 507/45/146 506/44/146
f 508/47/6 507/50/6 555/49/6 556/48/6
f 516/51/5 515/54/5 563/53/5 564/52/5
f 505/55/143 514/16/143 562/13/143 553/56/143
f 510/46/143 509/58/143 557/57/143 558/45/143
f 509/50/6 505/60/6 553/59/6 557/49/6
f 514/61/5 513/64/5 561/63/5 562/62/5
f 565/3/142 568/4/142 567/1/142 566/2/142
f 569/6/142 566/2/142 567/1/142 570/5/142
f 571/9/142 574/10/142 573/11/142 572/8/142
f 575/7/142 572/8/142 573/11/142 576/12/142
f 573/11/142 574/10/142 567/1/142 568/4/142
f 524/15/146 523/16/146 571/13/146 572/14/146
f 522/28/144 519/23/144 520/24/144 521/27/144
f 518/26/144 521/27/144 520/24/144 517/25/144
f 575/30/143 576/15/143 528/14/143 527/29/143
f 566/33/5 569/34/5 521/31/5 518/32/5
f 575/37/6 527/38/6 524/35/6 572/36/6
f 525/41/143 573/42/143 568/39/143 520/40/143
f 517/45/143 565/46/143 566/43/143 518/44/143
f 565/49/6 517/50/6 520/47/6 568/48/6
f 573/53/5 525/54/5 528/51/5 576/52/5
f 574/13/147 526/16/147 519/55/147 567/56/147
f 570/57/146 522/58/146 521/46/146 569/45/146
f 567/59/6 519/60/6 522/50/6 570/49/6
f 571/63/5 523/64/5 526/61/5 574/62/5
f 577/65/148 580/68/148 579/67/148 578/66/148
f 581/65/118 577/68/118 578/67/118 582/66/118
f 583/65/149 581/68/149 582/67/149 584/66/149
f 580/65/121 583/68/121 584/67/121 579/66/121
f 578/69/5 579/72/5 584/71/5 582/70/5
f 585/67/148 588/68/148 587/65/148 586/66/148
f 586/67/122 587/68/122 590/65/122 589/66/122
f 589/67/149 590/68/149 592/65/149 591/66/149
f 591/67/150 592/68/150 588/65/150 585/66/150
f 591/71/5 585/72/5 586/69/5 589/70/5
f 593/73/151 596/76/151 595/75/151 594/74/151
f 597/77/152 593/80/152 594/79/152 598/78/152
f 599/81/153 597/79/153 598/76/153 600/73/153
f 596/82/154 599/85/154 600/84/154 595/83/154
f 594/86/5 595/89/5 600/88/5 598/87/5
f 597/90/6 599/93/6 596/92/6 593/91/6
f 601/1/155 604/4/155 603/3/156 602/2/155
f 602/2/155 606/6/157 605/5/157 601/1/155
f 607/7/155 610/10/155 609/9/155 608/8/155
f 610/10/155 607/7/155 612/12/155 611/11/155
f 604/4/155 601/1/155 610/10/155 611/11/155
f 609/13/158 561/16/158 560/15/158 608/14/158
f 563/17/159 560/20/160 561/19/160 562/18/160
f 560/20/160 563/17/159 564/22/159 559/21/159
f 564/14/161 612/15/161 607/30/161 559/29/161
f 558/31/5 606/34/5 602/33/5 554/32/5
f 560/35/6 559/38/6 607/37/6 608/36/6
f 604/39/161 611/42/161 563/41/161 556/40/161
f 602/43/161 603/46/161 555/45/161 554/44/161
f 556/47/6 555/50/6 603/49/6 604/48/6
f 564/51/5 563/54/5 611/53/5 612/52/5
f 553/55/158 562/16/158 610/13/158 601/56/158
f 558/46/158 557/58/158 605/57/158 606/45/158
f 557/50/6 553/60/6 601/59/6 605/49/6
f 562/61/5 561/64/5 609/63/5 610/62/5
f 613/3/155 616/4/155 615/1/155 614/2/155
f 617/6/155 614/2/155 615/1/155 618/5/155
f 619/9/155 622/10/155 621/11/155 620/8/155
f 623/7/155 620/8/155 621/11/155 624/12/155
f 621/11/155 622/10/155 615/1/157 616/4/157
f 572/15/162 571/16/162 619/13/162 620/14/162
f 570/28/159 567/23/159 568/24/159 569/27/159
f 566/26/159 569/27/159 568/24/159 565/25/159
f 623/30/163 624/15/163 576/14/163 575/29/163
f 614/33/5 617/34/5 569/31/5 566/32/5
f 623/37/6 575/38/6 572/35/6 620/36/6
f 573/41/163 621/42/163 616/39/163 568/40/163
f 565/45/163 613/46/163 614/43/163 566/44/163
f 613/49/6 565/50/6 568/47/6 616/48/6
f 621/53/5 573/54/5 576/51/5 624/52/5
f 622/13/164 574/16/164 567/55/164 615/56/164
f 618/57/162 570/58/162 569/46/162 617/45/162
f 615/59/6 567/60/6 570/50/6 618/49/6
f 619/63/5 571/64/5 574/61/5 622/62/5
f 625/65/165 628/68/165 627/67/165 626/66/165
f 629/65/163 625/68/163 626/67/163 630/66/163
f 631/65/166 629/68/166 630/67/166 632/66/166
f 628/65/167 631/68/167 632/67/167 627/66/167
f 626/69/5 627/72/5 632/71/5 630/70/5
f 633/67/168 636/68/168 635/65/168 634/66/168
f 634/67/169 635/68/169 638/65/169 637/66/169
f 637/67/166 638/68/166 640/65/166 639/66/166
f 639/67/163 640/68/163 636/65/163 633/66/163
f 639/71/5 633/72/5 634/69/5 637/70/5
f 641/73/170 644/76/170 643/75/170 642/74/170
f 645/77/171 641/80/171 642/79/171 646/78/171
f 647/81/172 645/79/172 646/76/172 648/73/172
f 644/82/173 647/85/173 648/84/173 643/83/173
f 642/86/5 643/89/5 648/88/5 646/87/5
f 645/90/6 647/93/6 644/92/6 641/91/6
f 649/1/174 652/4/174 651/3/174 650/2/174
f 650/2/174 654/6/174 653/5/174 649/1/174
f 655/7/174 658/10/174 657/9/174 656/8/174
f 658/10/174 655/7/174 660/12/174 659/11/174
f 652/4/174 649/1/174 658/10/174 659/11/174
f 657/13/163 609/16/163 608/15/163 656/14/163
f 611/17/175 608/20/175 609/19/175 610/18/175
f 608/20/175 611/17/175 612/22/175 607/21/175
f 612/14/162 660/15/162 655/30/162 607/29/162
f 606/31/5 654/34/5 650/33/5 602/32/5
f 608/35/6 607/38/6 655/37/6 656/36/6
f 652/39/162 659/42/162 611/41/162 604/40/162
f 650/43/162 651/46/162 603/45/162 602/44/162
f 604/47/6 603/50/6 651/49/6 652/48/6
f 612/51/5 611/54/5 659/53/5 660/52/5
f 601/55/158 610/16/158 658/13/158 649/56/158
f 606/46/163 605/58/163 653/57/163 654/45/163
f 605/50/6 601/60/6 649/59/6 653/49/6
f 610/61/5 609/64/5 657/63/5 658/62/5
f 661/3/174 664/4/174 663/1/176 662/2/174
f 665/6/176 662/2/174 663/1/176 666/5/176
f 667/9/174 670/10/174 669/11/174 668/8/174
f 671/7/174 668/8/174 669/11/174 672/12/174
f 669/11/174 670/10/174 663/1/174 664/4/174
f 620/15/161 619/16/161 667/13/161 668/14/161
f 618/28/177 615/23/177 616/24/175 617/27/175
f 614/26/175 617/27/175 616/24/175 613/25/175
f 671/30/158 672/15/158 624/14/158 623/29/158
f 662/33/5 665/34/5 617/31/5 614/32/5
f 671/37/6 623/38/6 620/35/6 668/36/6
f 621/41/158 669/42/158 664/39/158 616/40/158
f 613/45/158 661/46/158 662/43/158 614/44/158
f 661/49/6 613/50/6 616/47/6 664/48/6
f 669/53/5 621/54/5 624/51/5 672/52/5
f 670/13/161 622/16/161 615/55/161 663/56/161
f 666/57/161 618/58/161 617/46/161 665/45/161
f 663/59/6 615/60/6 618/50/6 666/49/6
f 667/63/5 619/64/5 622/61/5 670/62/5
f 673/65/178 676/68/178 675/67/178 674/66/178
f 677/65/158 673/68/158 674/67/158 678/66/158
f 679/65/179 677/68/179 678/67/179 680/66/179
f 676/65/162 679/68/162 680/67/162 675/66/162
f 674/69/5 675/72/5 680/71/5 678/70/5
f 681/67/178 684/68/178 683/65/178 682/66/178
f 682/67/161 683/68/161 686/65/161 685/66/161
f 685/67/179 686/68/179 688/65/179 687/66/179
f 687/67/163 688/68/163 684/65/163 681/66/163
f 687/71/5 681/72/5 682/69/5 685/70/5
f 689/73/180 692/76/180 691/75/180 690/74/180
f 693/77/163 689/80/163 690/79/163 694/78/163
f 695/81/181 693/79/181 694/76/181 696/73/181
f 692/82/161 695/85/161 696/84/161 691/83/161
f 690/86/5 691/89/5 696/88/5 694/87/5
f 693/90/6 695/93/6 692/92/6 689/91/6
f 697/1/182 700/4/182 699/3/183 698/2/182
f 698/2/182 702/6/184 701/5/184 697/1/182
f 703/7/182 706/10/182 705/9/182 704/8/182
f 706/10/182 703/7/182 708/12/182 707/11/182
f 700/4/182 697/1/182 706/10/182 707/11/182
f 705/13/185 657/16/185 656/15/185 704/14/185
f 659/17/186 656/20/186 657/19/186 658/18/186
f 656/20/186 659/17/186 660/22/186 655/21/186
f 660/14/187 708/15/187 703/30/187 655/29/187
f 654/31/5 702/34/5 698/33/5 650/32/5
f 656/35/6 655/38/6 703/37/6 704/36/6
f 700/39/187 707/42/187 659/41/187 652/40/187
f 698/43/187 699/46/187 651/45/187 650/44/187
f 652/47/6 651/50/6 699/49/6 700/48/6
f 660/51/5 659/54/5 707/53/5 708/52/5
f 649/55/185 658/16/185 706/13/185 697/56/185
f 654/46/185 653/58/185 701/57/185 702/45/185
f 653/50/6 649/60/6 697/59/6 701/49/6
f 658/61/5 657/64/5 705/63/5 706/62/5
f 709/3/182 712/4/182 711/1/182 710/2/182
f 713/6/182 710/2/182 711/1/182 714/5/182
f 715/9/182 718/10/182 717/11/182 716/8/182
f 719/7/182 716/8/182 717/11/182 720/12/182
f 717/11/182 718/10/182 711/1/182 712/4/182
f 668/15/187 667/16/187 715/13/187 716/14/187
f 666/28/186 663/23/186 664/24/186 665/27/186
f 662/26/186 665/27/186 664/24/186 661/25/186
f 719/30/185 720/15/185 672/14/185 671/29/185
f 710/33/5 713/34/5 665/31/5 662/32/5
f 719/37/6 671/38/6 668/35/6 716/36/6
f 669/41/185 717/42/185 712/39/185 664/40/185
f 661/45/185 709/46/185 710/43/185 662/44/185
f 709/49/6 661/50/6 664/47/6 712/48/6
f 717/53/5 669/54/5 672/51/5 720/52/5
f 718/13/187 670/16/187 663/55/187 711/56/187
f 714/57/187 666/58/187 665/46/187 713/45/187
f 711/59/6 663/60/6 666/50/6 714/49/6
f 715/63/5 667/64/5 670/61/5 718/62/5
f 721/65/188 724/68/188 723/67/188 722/66/188
f 725/65/189 721/68/189 722/67/189 726/66/189
f 727/65/190 725/68/190 726/67/190 728/66/190
f 724/65/191 727/68/191 728/67/191 723/66/191
f 722/69/5 723/72/5 728/71/5 726/70/5
f 729/67/188 732/68/188 731/65/188 730/66/188
f 730/67/191 731/68/191 734/65/191 733/66/191
f 733/67/190 734/68/190 736/65/190 735/66/190
f 735/67/192 736/68/192 732/65/192 729/66/192
f 735/71/5 729/72/5 730/69/5 733/70/5
f 737/73/193 740/76/193 739/75/193 738/74/193
f 741/77/194 737/80/194 738/79/194 742/78/194
f 743/81/195 741/79/195 742/76/195 744/73/195
f 740/82/196 743/85/196 744/84/196 739/83/196
f 738/86/5 739/89/5 744/88/5 742/87/5
f 741/90/6 743/93/6 740/92/6 737/91/6
f 745/1/197 748/4/198 747/3/198 746/2/198
f 746/2/198 750/6/197 749/5/197 745/1/197
f 751/7/197 754/10/197 753/9/197 752/8/197
f 754/10/197 751/7/197 756/12/199 755/11/199
f 748/4/198 745/1/197 754/10/200 755/11/200
f 753/13/201 705/16/201 704/15/201 752/14/201
f 707/17/202 704/20/202 705/19/202 706/18/202
f 704/20/202 707/17/202 708/22/202 703/21/202
f 708/14/203 756/15/203 751/30/203 703/29/203
f 702/31/5 750/34/5 746/33/5 698/32/5
f 704/35/6 703/38/6 751/37/6 752/36/6
f 748/39/203 755/42/203 707/41/203 700/40/203
f 746/43/203 747/46/203 699/45/203 698/44/203
f 700/47/6 699/50/6 747/49/6 748/48/6
f 708/51/5 707/54/5 755/53/5 756/52/5
f 697/55/201 706/16/201 754/13/201 745/56/201
f 702/46/201 701/58/201 749/57/201 750/45/201
f 701/50/6 697/60/6 745/59/6 749/49/6
f 706/61/5 705/64/5 753/63/5 754/62/5
f 757/3/199 760/4/199 759/1/197 758/2/197
f 761/6/197 758/2/197 759/1/197 762/5/197
f 763/9/199 766/10/197 765/11/197 764/8/197
f 767/7/197 764/8/197 765/11/197 768/12/197
f 765/11/197 766/10/197 759/1/200 760/4/200
f 716/15/204 715/16/204 763/13/204 764/14/204
f 714/28/202 711/23/202 712/24/202 713/27/202
f 710/26/202 713/27/202 712/24/202 709/25/202
f 767/30/205 768/15/205 720/14/205 719/29/205
f 758/33/5 761/34/5 713/31/5 710/32/5
f 767/37/6 719/38/6 716/35/6 764/36/6
f 717/41/205 765/42/205 760/39/205 712/40/205
f 709/45/205 757/46/205 758/43/205 710/44/205
f 757/49/6 709/50/6 712/47/6 760/48/6
f 765/53/5 717/54/5 720/51/5 768/52/5
f 766/13/204 718/16/204 711/55/204 759/56/204
f 762/57/204 714/58/204 713/46/204 761/45/204
f 759/59/6 711/60/6 714/50/6 762/49/6
f 763/63/5 715/64/5 718/61/5 766/62/5
f 769/65/206 772/68/206 771/67/206 770/66/206
f 773/65/205 769/68/205 770/67/205 774/66/205
f 775/65/207 773/68/207 774/67/207 776/66/207
f 772/65/208 775/68/208 776/67/208 771/66/208
f 770/69/5 771/72/5 776/71/5 774/70/5
f 777/67/206 780/68/206 779/65/206 778/66/206
f 778/67/204 779/68/204 782/65/204 781/66/204
f 781/67/207 782/68/207 784/65/207 783/66/207
f 783/67/209 784/68/209 780/65/209 777/66/209
f 783/71/5 777/72/5 778/69/5 781/70/5
f 785/73/210 788/76/210 787/75/210 786/74/210
f 789/77/211 785/80/211 786/79/211 790/78/211
f 791/81/212 789/79/212 790/76/212 792/73/212
f 788/82/204 791/85/204 792/84/204 787/83/204
f 786/86/5 787/89/5 792/88/5 790/87/5
f 789/90/6 791/93/6 788/92/6 785/91/6
f 793/1/213 796/4/213 795/3/213 794/2/213
f 794/2/213 798/6/213 797/5/213 793/1/213
f 799/7/213 802/10/213 801/9/213 800/8/213
f 802/10/213 799/7/213 804/12/213 803/11/213
f 796/4/213 793/1/213 802/10/213 803/11/213
f 801/13/205 753/16/205 752/15/205 800/14/205
f 755/17/214 752/20/214 753/19/214 754/18/214
f 752/20/214 755/17/214 756/22/215 751/21/215
f 756/14/204 804/15/204 799/30/204 751/29/204
f 750/31/5 798/34/5 794/33/5 746/32/5
f 752/35/6 751/38/6 799/37/6 800/36/6
f 796/39/204 803/42/204 755/41/204 748/40/204
f 794/43/204 795/46/204 747/45/204 746/44/204
f 748/47/6 747/50/6 795/49/6 796/48/6
f 756/51/5 755/54/5 803/53/5 804/52/5
f 745/55/205 754/16/205 802/13/205 793/56/205
f 750/46/205 749/58/205 797/57/205 798/45/205
f 749/50/6 745/60/6 793/59/6 797/49/6
f 754/61/5 753/64/5 801/63/5 802/62/5
f 805/3/216 808/4/216 807/1/218 806/2/217
f 809/6/218 806/2/217 807/1/218 810/5/218
f 811/9/213 814/10/213 813/11/213 812/8/213
f 815/7/213 812/8/213 813/11/213 816/12/213
f 813/11/213 814/10/213 807/1/213 808/4/213
f 764/15/203 763/16/203 811/13/203 812/14/203
f 762/28/214 759/23/214 760/24/214 761/27/214
f 758/26/214 761/27/214 760/24/214 757/25/214
f 815/30/201 816/15/201 768/14/201 767/29/201
f 806/33/5 809/34/5 761/31/5 758/32/5
f 815/37/6 767/38/6 764/35/6 812/36/6
f 765/41/201 813/42/201 808/39/201 760/40/201
f 757/45/201 805/46/201 806/43/201 758/44/201
f 805/49/6 757/50/6 760/47/6 808/48/6
f 813/53/5 765/54/5 768/51/5 816/52/5
f 814/13/203 766/16/203 759/55/203 807/56/203
f 810/57/203 762/58/203 761/46/203 809/45/203
f 807/59/6 759/60/6 762/50/6 810/49/6
f 811/63/5 763/64/5 766/61/5 814/62/5
f 817/65/219 820/68/219 819/67/219 818/66/219
f 821/65/211 817/68/211 818/67/211 822/66/211
f 823/65/220 821/68/220 822/67/220 824/66/220
f 820/65/203 823/68/203 824/67/203 819/66/203
f 818/69/5 819/72/5 824/71/5 822/70/5
f 825/67/219 828/68/219 827/65/219 826/66/219
f 826/67/221 827/68/221 830/65/221 829/66/221
f 829/67/222 830/68/222 832/65/222 831/66/222
f 831/67/223 832/68/223 828/65/223 825/66/223
f 831/71/5 825/72/5 826/69/5 829/70/5
f 833/73/224 836/76/224 835/75/224 834/74/224
f 837/77/205 833/80/205 834/79/205 838/78/205
f 839/81/225 837/79/225 838/76/225 840/73/225
f 836/82/226 839/85/226 840/84/226 835/83/226
f 834/86/5 835/89/5 840/88/5 838/87/5
f 837/90/6 839/93/6 836/92/6 833/91/6
f 841/1/227 844/4/227 843/3/227 842/2/227
f 842/2/227 846/6/227 845/5/227 841/1/227
f 847/7/228 850/10/227 849/9/227 848/8/227
f 850/10/227 847/7/228 852/12/228 851/11/228
f 844/4/227 841/1/227 850/10/227 851/11/227
f 849/13/229 801/16/229 800/15/229 848/14/229
f 803/17/230 800/20/230 801/19/230 802/18/230
f 800/20/230 803/17/230 804/22/230 799/21/230
f 804/14/231 852/15/231 847/30/231 799/29/231
f 798/31/5 846/34/5 842/33/5 794/32/5
f 800/35/6 799/38/6 847/37/6 848/36/6
f 844/39/231 851/42/231 803/41/231 796/40/231
f 842/43/232 843/46/232 795/45/232 794/44/232
f 796/47/6 795/50/6 843/49/6 844/48/6
f 804/51/5 803/54/5 851/53/5 852/52/5
f 793/55/229 802/16/229 850/13/229 841/56/229
f 798/46/229 797/58/229 845/57/229 846/45/229
f 797/50/6 793/60/6 841/59/6 845/49/6
f 802/61/5 801/64/5 849/63/5 850/62/5
f 853/3/227 856/4/227 855/1/227 854/2/227
f 857/6/227 854/2/227 855/1/227 858/5/227
f 859/9/233 862/10/227 861/11/227 860/8/227
f 863/7/227 860/8/227 861/11/227 864/12/227
f 861/11/227 862/10/227 855/1/234 856/4/234
f 812/15/231 811/16/231 859/13/231 860/14/231
f 810/28/235 807/23/235 808/24/235 809/27/235
f 806/26/235 809/27/235 808/24/235 805/25/235
f 863/30/229 864/15/229 816/14/229 815/29/229
f 854/33/5 857/34/5 809/31/5 806/32/5
f 863/37/6 815/38/6 812/35/6 860/36/6
f 813/41/229 861/42/229 856/39/229 808/40/229
f 805/45/229 853/46/229 854/43/229 806/44/229
f 853/49/6 805/50/6 808/47/6 856/48/6
f 861/53/5 813/54/5 816/51/5 864/52/5
f 862/13/231 814/16/231 807/55/231 855/56/231
f 858/57/231 810/58/231 809/46/231 857/45/231
f 855/59/6 807/60/6 810/50/6 858/49/6
f 859/63/5 811/64/5 814/61/5 862/62/5
f 865/65/236 868/68/236 867/67/236 866/66/236
f 869/65/237 865/68/237 866/67/237 870/66/237
f 871/65/238 869/68/238 870/67/238 872/66/238
f 868/65/239 871/68/239 872/67/239 867/66/239
f 866/69/5 867/72/5 872/71/5 870/70/5
f 873/67/236 876/68/236 875/65/236 874/66/236
f 874/67/240 875/68/240 878/65/240 877/66/240
f 877/67/241 878/68/241 880/65/241 879/66/241
f 879/67/242 880/68/242 876/65/242 873/66/242
f 879/71/5 873/72/5 874/69/5 877/70/5
f 881/73/243 884/76/243 883/75/243 882/74/243
f 885/77/244 881/80/244 882/79/244 886/78/244
f 887/81/245 885/79/245 886/76/245 888/73/245
f 884/82/246 887/85/246 888/84/246 883/83/246
f 882/86/5 883/89/5 888/88/5 886/87/5
f 885/90/6 887/93/6 884/92/6 881/91/6
f 889/1/247 892/4/247 891/3/247 890/2/247
f 890/2/247 894/6/247 893/5/247 889/1/247
f 895/7/247 898/10/247 897/9/247 896/8/247
f 898/10/247 895/7/247 900/12/247 899/11/247
f 892/4/247 889/1/247 898/10/247 899/11/247
f 897/13/248 849/16/248 848/15/248 896/14/248
f 851/17/249 848/20/250 849/19/250 850/18/250
f 848/20/250 851/17/249 852/22/249 847/21/249
f 852/14/251 900/15/251 895/30/251 847/29/251
f 846/31/5 894/34/5 890/33/5 842/32/5
f 848/35/6 847/38/6 895/37/6 896/36/6
f 892/39/251 899/42/251 851/41/251 844/40/251
f 890/43/252 891/46/252 843/45/252 842/44/252
f 844/47/6 843/50/6 891/49/6 892/48/6
f 852/51/5 851/54/5 899/53/5 900/52/5
f 841/55/248 850/16/248 898/13/248 889/56/248
f 846/46/248 845/58/248 893/57/248 894/45/248
f 845/50/6 841/60/6 889/59/6 893/49/6
f 850/61/5 849/64/5 897/63/5 898/62/5
f 901/3/247 904/4/247 903/1/253 902/2/247
f 905/6/254 902/2/247 903/1/253 906/5/254
f 907/9/247 910/10/247 909/11/247 908/8/247
f 911/7/247 908/8/247 909/11/247 912/12/247
f 909/11/247 910/10/247 903/1/247 904/4/247
f 860/15/240 859/16/240 907/13/240 908/14/240
f 858/28/250 855/23/250 856/24/250 857/27/250
f 854/26/250 857/27/250 856/24/250 853/25/250
f 911/30/255 912/15/255 864/14/255 863/29/255
f 902/33/5 905/34/5 857/31/5 854/32/5
f 911/37/6 863/38/6 860/35/6 908/36/6
f 861/41/255 909/42/255 904/39/255 856/40/255
f 853/45/255 901/46/255 902/43/255 854/44/255
f 901/49/6 853/50/6 856/47/6 904/48/6
f 909/53/5 861/54/5 864/51/5 912/52/5
f 910/13/240 862/16/240 855/55/240 903/56/240
f 906/57/240 858/58/240 857/46/240 905/45/240
f 903/59/6 855/60/6 858/50/6 906/49/6
f 907/63/5 859/64/5 862/61/5 910/62/5
f 913/65/256 916/68/256 915/67/256 914/66/256
f 917/65/257 913/68/257 914/67/257 918/66/257
f 919/65/258 917/68/258 918/67/258 920/66/258
f 916/65/240 919/68/240 920/67/240 915/66/240
f 914/69/5 915/72/5 920/71/5 918/70/5
f 921/67/256 924/68/256 923/65/256 922/66/256
f 922/67/240 923/68/240 926/65/240 925/66/240
f 925/67/258 926/68/258 928/65/258 927/66/258
f 927/67/248 928/68/248 924/65/248 921/66/248
f 927/71/5 921/72/5 922/69/5 925/70/5
f 929/73/259 932/76/259 931/75/259 930/74/259
f 933/77/248 929/80/248 930/79/248 934/78/248
f 935/81/260 933/79/260 934/76/260 936/73/260
f 932/82/251 935/85/251 936/84/251 931/83/251
f 930/86/5 931/89/5 936/88/5 934/87/5
f 933/90/6 935/93/6 932/92/6 929/91/6
f 937/1/261 940/4/261 939/3/261 938/2/261
f 938/2/261 942/6/261 941/5/261 937/1/261
f 943/7/261 946/10/262 945/9/262 944/8/262
f 946/10/262 943/7/261 948/12/261 947/11/261
f 940/4/261 937/1/261 946/10/261 947/11/261
f 945/13/255 897/16/255 896/15/255 944/14/255
f 899/17/263 896/20/264 897/19/264 898/18/264
f 896/20/264 899/17/263 900/22/263 895/21/263
f 900/14/240 948/15/240 943/30/240 895/29/240
f 894/31/5 942/34/5 938/33/5 890/32/5
f 896/35/6 895/38/6 943/37/6 944/36/6
f 940/39/240 947/42/240 899/41/240 892/40/240
f 938/43/240 939/46/240 891/45/240 890/44/240
f 892/47/6 891/50/6 939/49/6 940/48/6
f 900/51/5 899/54/5 947/53/5 948/52/5
f 889/55/255 898/16/255 946/13/255 937/56/255
f 894/46/255 893/58/255 941/57/255 942/45/255
f 893/50/6 889/60/6 937/59/6 941/49/6
f 898/61/5 897/64/5 945/63/5 946/62/5
f 949/3/265 952/4/265 951/1/266 950/2/261
f 953/6/266 950/2/261 951/1/266 954/5/266
f 955/9/266 958/10/261 957/11/261 956/8/266
f 959/7/261 956/8/266 957/11/261 960/12/261
f 957/11/261 958/10/261 951/1/261 952/4/261
f 908/15/267 907/16/267 955/13/267 956/14/267
f 906/28/268 903/23/268 904/24/264 905/27/268
f 902/26/264 905/27/268 904/24/264 901/25/264
f 959/30/248 960/15/248 912/14/248 911/29/248
f 950/33/5 953/34/5 905/31/5 902/32/5
f 959/37/6 911/38/6 908/35/6 956/36/6
f 909/41/248 957/42/248 952/39/248 904/40/248
f 901/45/269 949/46/269 950/43/269 902/44/269
f 949/49/6 901/50/6 904/47/6 952/48/6
f 957/53/5 909/54/5 912/51/5 960/52/5
f 958/13/267 910/16/267 903/55/267 951/56/267
f 954/57/267 906/58/267 905/46/267 953/45/267
f 951/59/6 903/60/6 906/50/6 954/49/6
f 955/63/5 907/64/5 910/61/5 958/62/5
f 961/65/270 964/68/270 963/67/270 962/66/270
f 965/65/257 961/68/257 962/67/257 966/66/257
f 967/65/271 965/68/271 966/67/271 968/66/271
f 964/65/240 967/68/240 968/67/240 963/66/240
f 962/69/5 963/72/5 968/71/5 966/70/5
f 969/67/270 972/68/270 971/65/270 970/66/270
f 970/67/240 971/68/240 974/65/240 973/66/240
f 973/67/271 974/68/271 976/65/271 975/66/271
f 975/67/248 976/68/248 972/65/248 969/66/248
f 975/71/5 969/72/5 970/69/5 973/70/5
f 977/73/272 980/76/272 979/75/272 978/74/272
f 981/77/237 977/80/237 978/79/237 982/78/237
f 983/81/273 981/79/273 982/76/273 984/73/273
f 980/82/267 983/85/267 984/84/267 979/83/267
f 978/86/5 979/89/5 984/88/5 982/87/5
f 981/90/6 983/93/6 980/92/6 977/91/6
f 985/1/274 988/4/274 987/3/274 986/2/274
f 986/2/274 990/6/274 989/5/274 985/1/274
f 991/7/274 994/10/274 993/9/274 992/8/274
f 994/10/274 991/7/274 996/12/274 995/11/274
f 988/4/274 985/1/274 994/10/274 995/11/274
f 993/13/275 945/16/275 944/15/275 992/14/275
f 947/17/276 944/20/277 945/19/277 946/18/277
f 944/20/277 947/17/276 948/22/276 943/21/276
f 948/14/278 996/15/278 991/30/278 943/29/278
f 942/31/5 990/34/5 986/33/5 938/32/5
f 944/35/6 943/38/6 991/37/6 992/36/6
f 988/39/278 995/42/278 947/41/278 940/40/278
f 986/43/278 987/46/278 939/45/278 938/44/278
f 940/47/6 939/50/6 987/49/6 988/48/6
f 948/51/5 947/54/5 995/53/5 996/52/5
f 937/55/275 946/16/275 994/13/275 985/56/275
f 942/46/275 941/58/275 989/57/275 990/45/275
f 941/50/6 937/60/6 985/59/6 989/49/6
f 946/61/5 945/64/5 993/63/5 994/62/5
f 997/3/279 1000/4/279 999/1/274 998/2/279
f 1001/6/274 998/2/279 999/1/274 1002/5/274
f 1003/9/279 1006/10/280 1005/11/274 1004/8/279
f 1007/7/274 1004/8/279 1005/11/274 1008/12/274
f 1005/11/274 1006/10/280 999/1/281 1000/4/281
f 956/15/282 955/16/282 1003/13/282 1004/14/282
f 954/28/283 951/23/283 952/24/276 953/27/276
f 950/26/276 953/27/276 952/24/276 949/25/276
f 1007/30/284 1008/15/284 960/14/284 959/29/284
f 998/33/5 1001/34/5 953/31/5 950/32/5
f 1007/37/6 959/38/6 956/35/6 1004/36/6
f 957/41/284 1005/42/284 1000/39/284 952/40/284
f 949/45/284 997/46/284 998/43/284 950/44/284
f 997/49/6 949/50/6 952/47/6 1000/48/6
f 1005/53/5 957/54/5 960/51/5 1008/52/5
f 1006/13/282 958/16/282 951/55/282 999/56/282
f 1002/57/282 954/58/282 953/46/282 1001/45/282
f 999/59/6 951/60/6 954/50/6 1002/49/6
f 1003/63/5 955/64/5 958/61/5 1006/62/5
f 1009/65/285 1012/68/285 1011/67/285 1010/66/285
f 1013/65/286 1009/68/286 1010/67/286 1014/66/286
f 1015/65/287 1013/68/287 1014/67/287 1016/66/287
f 1012/65/288 1015/68/288 1016/67/288 1011/66/288
f 1010/69/5 1011/72/5 1016/71/5 1014/70/5
f 1017/67/285 1020/68/285 1019/65/285 1018/66/285
f 1018/67/289 1019/68/289 1022/65/289 1021/66/289
f 1021/67/287 1022/68/287 1024/65/287 1023/66/287
f 1023/67/290 1024/68/290 1020/65/290 1017/66/290
f 1023/71/5 1017/72/5 1018/69/5 1021/70/5
f 1025/73/291 1028/76/291 1027/75/291 1026/74/291
f 1029/77/292 1025/80/292 1026/79/292 1030/78/292
f 1031/81/293 1029/79/293 1030/76/293 1032/73/293
f 1028/82/294 1031/85/294 1032/84/294 1027/83/294
f 1026/86/5 1027/89/5 1032/88/5 1030/87/5
f 1029/90/6 1031/93/6 1028/92/6 1025/91/6
f 1033/1/295 1036/4/295 1035/3/296 1034/2/295
f 1034/2/295 1038/6/295 1037/5/295 1033/1/295
f 1039/7/295 1042/10/295 1041/9/295 1040/8/295
f 1042/10/295 1039/7/295 1044/12/295 1043/11/295
f 1036/4/295 1033/1/295 1042/10/295 1043/11/295
f 1041/13/286 993/16/286 992/15/286 1040/14/286
f 995/17/297 992/20/297 993/19/297 994/18/297
f 992/20/297 995/17/297 996/22/297 991/21/297
f 996/14/298 1044/15/298 1039/30/298 991/29/298
f 990/31/5 1038/34/5 1034/33/5 986/32/5
f 992/35/6 991/38/6 1039/37/6 1040/36/6
f 1036/39/298 1043/42/298 995/41/298 988/40/298
f 1034/43/288 1035/46/288 987/45/288 986/44/288
f 988/47/6 987/50/6 1035/49/6 1036/48/6
f 996/51/5 995/54/5 1043/53/5 1044/52/5
f 985/55/286 994/16/286 1042/13/286 1033/56/286
f 990/46/299 989/58/299 1037/57/299 1038/45/299
f 989/50/6 985/60/6 1033/59/6 1037/49/6
f 994/61/5 993/64/5 1041/63/5 1042/62/5
f 1045/3/300 1048/4/300 1047/1/295 1046/2/300
f 1049/6/295 1046/2/300 1047/1/295 1050/5/295
f 1051/9/295 1054/10/295 1053/11/295 1052/8/295
f 1055/7/295 1052/8/295 1053/11/295 1056/12/295
f 1053/11/295 1054/10/295 1047/1/295 1048/4/295
f 1004/15/288 1003/16/288 1051/13/288 1052/14/288
f 1002/28/301 999/23/301 1000/24/303 1001/27/302
f 998/26/303 1001/27/302 1000/24/303 997/25/303
f 1055/30/286 1056/15/286 1008/14/286 1007/29/286
f 1046/33/5 1049/34/5 1001/31/5 998/32/5
f 1055/37/6 1007/38/6 1004/35/6 1052/36/6
f 1005/41/286 1053/42/286 1048/39/286 1000/40/286
f 997/45/286 1045/46/286 1046/43/286 998/44/286
f 1045/49/6 997/50/6 1000/47/6 1048/48/6
f 1053/53/5 1005/54/5 1008/51/5 1056/52/5
f 1054/13/288 1006/16/288 999/55/288 1047/56/288
f 1050/57/288 1002/58/288 1001/46/288 1049/45/288
f 1047/59/6 999/60/6 1002/50/6 1050/49/6
f 1051/63/5 1003/64/5 1006/61/5 1054/62/5
f 1057/65/304 1060/68/304 1059/67/304 1058/66/304
f 1061/65/286 1057/68/286 1058/67/286 1062/66/286
f 1063/65/305 1061/68/305 1062/67/305 1064/66/305
f 1060/65/298 1063/68/298 1064/67/298 1059/66/298
f 1058/69/5 1059/72/5 1064/71/5 1062/70/5
f 1065/67/306 1068/68/306 1067/65/306 1066/66/306
f 1066/67/289 1067/68/289 1070/65/289 1069/66/289
f 1069/67/307 1070/68/307 1072/65/307 1071/66/307
f 1071/67/308 1072/68/308 1068/65/308 1065/66/308
f 1071/71/5 1065/72/5 1066/69/5 1069/70/5
f 1073/73/309 1076/76/309 1075/75/309 1074/74/309
f 1077/77/286 1073/80/286 1074/79/286 1078/78/286
f 1079/81/310 1077/79/310 1078/76/310 1080/73/310
f 1076/82/311 1079/85/311 1080/84/311 1075/83/311
f 1074/86/5 1075/89/5 1080/88/5 1078/87/5
f 1077/90/6 1079/93/6 1076/92/6 1073/91/6
f 1081/1/312 1084/4/312 1083/3/313 1082/2/313
f 1082/2/313 1086/6/312 1085/5/312 1081/1/312
f 1087/7/312 1090/10/312 1089/9/312 1088/8/312
f 1090/10/312 1087/7/312 1092/12/314 1091/11/314
f 1084/4/312 1081/1/312 1090/10/315 1091/11/315
f 1089/13/286 1041/16/286 1040/15/286 1088/14/286
f 1043/17/316 1040/20/316 1041/19/316 1042/18/316
f 1040/20/316 1043/17/316 1044/22/316 1039/21/316
f 1044/14/317 1092/15/317 1087/30/317 1039/29/317
f 1038/31/5 1086/34/5 1082/33/5 1034/32/5
f 1040/35/6 1039/38/6 1087/37/6 1088/36/6
f 1084/39/288 1091/42/288 1043/41/288 1036/40/288
f 1082/43/288 1083/46/288 1035/45/288 1034/44/288
f 1036/47/6 1035/50/6 1083/49/6 1084/48/6
f 1044/51/5 1043/54/5 1091/53/5 1092/52/5
f 1033/55/286 1042/16/286 1090/13/286 1081/56/286
f 1038/46/286 1037/58/286 1085/57/286 1086/45/286
f 1037/50/6 1033/60/6 1081/59/6 1085/49/6
f 1042/61/5 1041/64/5 1089/63/5 1090/62/5
f 1093/3/312 1096/4/312 1095/1/314 1094/2/312
f 1097/6/314 1094/2/312 1095/1/314 1098/5/314
f 1099/9/313 1102/10/312 1101/11/312 1100/8/312
f 1103/7/318 1100/8/312 1101/11/312 1104/12/318
f 1101/11/312 1102/10/312 1095/1/312 1096/4/312
f 1052/15/298 1051/16/298 1099/13/298 1100/14/298
f 1050/28/316 1047/23/316 1048/24/316 1049/27/316
f 1046/26/316 1049/27/316 1048/24/316 1045/25/316
f 1103/30/299 1104/15/299 1056/14/299 1055/29/299
f 1094/33/5 1097/34/5 1049/31/5 1046/32/5
f 1103/37/6 1055/38/6 1052/35/6 1100/36/6
f 1053/41/299 1101/42/299 1096/39/299 1048/40/299
f 1045/45/299 1093/46/299 1094/43/299 1046/44/299
f 1093/49/6 1045/50/6 1048/47/6 1096/48/6
f 1101/53/5 1053/54/5 1056/51/5 1104/52/5
f 1102/13/298 1054/16/298 1047/55/298 1095/56/298
f 1098/57/298 1050/58/298 1049/46/298 1097/45/298
f 1095/59/6 1047/60/6 1050/50/6 1098/49/6
f 1099/63/5 1051/64/5 1054/61/5 1102/62/5
f 1105/65/319 1108/68/319 1107/67/319 1106/66/319
f 1109/65/320 1105/68/320 1106/67/320 1110/66/320
f 1111/65/321 1109/68/321 1110/67/321 1112/66/321
f 1108/65/322 1111/68/322 1112/67/322 1107/66/322
f 1106/69/5 1107/72/5 1112/71/5 1110/70/5
f 1113/67/323 1116/68/323 1115/65/323 1114/66/323
f 1114/67/322 1115/68/322 1118/65/322 1117/66/322
f 1117/67/321 1118/68/321 1120/65/321 1119/66/321
f 1119/67/308 1120/68/308 1116/65/308 1113/66/308
f 1119/71/5 1113/72/5 1114/69/5 1117/70/5
f 1121/73/324 1124/76/324 1123/75/324 1122/74/324
f 1125/77/308 1121/80/308 1122/79/308 1126/78/308
f 1127/81/325 1125/79/325 1126/76/325 1128/73/325
f 1124/82/326 1127/85/326 1128/84/326 1123/83/326
f 1122/86/5 1123/89/5 1128/88/5 1126/87/5
f 1125/90/6 1127/93/6 1124/92/6 1121/91/6
f 1129/1/327 1132/4/327 1131/3/327 1130/2/327
f 1130/2/327 1134/6/327 1133/5/327 1129/1/327
f 1135/7/327 1138/10/327 1137/9/327 1136/8/327
f 1138/10/327 1135/7/327 1140/12/327 1139/11/327
f 1132/4/327 1129/1/327 1138/10/327 1139/11/327
f 1137/13/328 1089/16/328 1088/15/328 1136/14/328
f 1091/17/329 1088/20/329 1089/19/330 1090/18/330
f 1088/20/329 1091/17/329 1092/22/329 1087/21/329
f 1092/14/331 1140/15/331 1135/30/331 1087/29/331
f 1086/31/5 1134/34/5 1130/33/5 1082/32/5
f 1088/35/6 1087/38/6 1135/37/6 1136/36/6
f 1132/39/331 1139/42/331 1091/41/331 1084/40/331
f 1130/43/331 1131/46/331 1083/45/331 1082/44/331
f 1084/47/6 1083/50/6 1131/49/6 1132/48/6
f 1092/51/5 1091/54/5 1139/53/5 1140/52/5
f 1081/55/328 1090/16/328 1138/13/328 1129/56/328
f 1086/46/328 1085/58/328 1133/57/328 1134/45/328
f 1085/50/6 1081/60/6 1129/59/6 1133/49/6
f 1090/61/5 1089/64/5 1137/63/5 1138/62/5
f 1141/3/332 1144/4/332 1143/1/327 1142/2/327
f 1145/6/327 1142/2/327 1143/1/327 1146/5/327
f 1147/9/333 1150/10/327 1149/11/327 1148/8/327
f 1151/7/327 1148/8/327 1149/11/327 1152/12/327
f 1149/11/327 1150/10/327 1143/1/327 1144/4/327
f 1100/15/334 1099/16/334 1147/13/334 1148/14/334
f 1098/28/335 1095/23/335 1096/24/329 1097/27/335
f 1094/26/329 1097/27/335 1096/24/329 1093/25/329
f 1151/30/336 1152/15/336 1104/14/336 1103/29/336
f 1142/33/5 1145/34/5 1097/31/5 1094/32/5
f 1151/37/6 1103/38/6 1100/35/6 1148/36/6
f 1101/41/337 1149/42/337 1144/39/337 1096/40/337
f 1093/45/337 1141/46/337 1142/43/337 1094/44/337
f 1141/49/6 1093/50/6 1096/47/6 1144/48/6
f 1149/53/5 1101/54/5 1104/51/5 1152/52/5
f 1150/13/334 1102/16/334 1095/55/334 1143/56/334
f 1146/57/334 1098/58/334 1097/46/334 1145/45/334
f 1143/59/6 1095/60/6 1098/50/6 1146/49/6
f 1147/63/5 1099/64/5 1102/61/5 1150/62/5
f 1153/65/338 1156/68/338 1155/67/338 1154/66/338
f 1157/65/339 1153/68/339 1154/67/339 1158/66/339
f 1159/65/340 1157/68/340 1158/67/340 1160/66/340
f 1156/65/341 1159/68/341 1160/67/341 1155/66/341
f 1154/69/5 1155/72/5 1160/71/5 1158/70/5
f 1161/67/342 1164/68/342 1163/65/342 1162/66/342
f 1162/67/343 1163/68/343 1166/65/343 1165/66/343
f 1165/67/340 1166/68/340 1168/65/340 1167/66/340
f 1167/67/339 1168/68/339 1164/65/339 1161/66/339
f 1167/71/5 1161/72/5 1162/69/5 1165/70/5
f 1169/73/344 1172/76/344 1171/75/344 1170/74/344
f 1173/77/339 1169/80/339 1170/79/339 1174/78/339
f 1175/81/345 1173/79/345 1174/76/345 1176/73/345
f 1172/82/346 1175/85/346 1176/84/346 1171/83/346
f 1170/86/5 1171/89/5 1176/88/5 1174/87/5
f 1173/90/6 1175/93/6 1172/92/6 1169/91/6
f 1177/1/347 1180/4/348 1179/3/348 1178/2/348
f 1178/2/348 1182/6/347 1181/5/347 1177/1/347
f 1183/7/349 1186/10/347 1185/9/347 1184/8/347
f 1186/10/347 1183/7/349 1188/12/349 1187/11/349
f 1180/4/348 1177/1/347 1186/10/349 1187/11/349
f 1185/13/350 1137/16/350 1136/15/350 1184/14/350
f 1139/17/351 1136/20/351 1137/19/351 1138/18/351
f 1136/20/351 1139/17/351 1140/22/351 1135/21/351
f 1140/14/352 1188/15/352 1183/30/352 1135/29/352
f 1134/31/5 1182/34/5 1178/33/5 1130/32/5
f 1136/35/6 1135/38/6 1183/37/6 1184/36/6
f 1180/39/352 1187/42/352 1139/41/352 1132/40/352
f 1178/43/352 1179/46/352 1131/45/352 1130/44/352
f 1132/47/6 1131/50/6 1179/49/6 1180/48/6
f 1140/51/5 1139/54/5 1187/53/5 1188/52/5
f 1129/55/350 1138/16/350 1186/13/350 1177/56/350
f 1134/46/350 1133/58/350 1181/57/350 1182/45/350
f 1133/50/6 1129/60/6 1177/59/6 1181/49/6
f 1138/61/5 1137/64/5 1185/63/5 1186/62/5
f 1189/3/348 1192/4/348 1191/1/349 1190/2/348
f 1193/6/353 1190/2/348 1191/1/349 1194/5/353
f 1195/9/348 1198/10/348 1197/11/347 1196/8/348
f 1199/7/353 1196/8/348 1197/11/347 1200/12/353
f 1197/11/347 1198/10/348 1191/1/354 1192/4/354
f 1148/15/352 1147/16/352 1195/13/352 1196/14/352
f 1146/28/355 1143/23/355 1144/24/351 1145/27/355
f 1142/26/351 1145/27/355 1144/24/351 1141/25/351
f 1199/30/350 1200/15/350 1152/14/350 1151/29/350
f 1190/33/5 1193/34/5 1145/31/5 1142/32/5
f 1199/37/6 1151/38/6 1148/35/6 1196/36/6
f 1149/41/350 1197/42/350 1192/39/350 1144/40/350
f 1141/45/350 1189/46/350 1190/43/350 1142/44/350
f 1189/49/6 1141/50/6 1144/47/6 1192/48/6
f 1197/53/5 1149/54/5 1152/51/5 1200/52/5
f 1198/13/352 1150/16/352 1143/55/352 1191/56/352
f 1194/57/352 1146/58/352 1145/46/352 1193/45/352
f 1191/59/6 1143/60/6 1146/50/6 1194/49/6
f 1195/63/5 1147/64/5 1150/61/5 1198/62/5
f 1201/65/356 1204/68/356 1203/67/356 1202/66/356
f 1205/65/357 1201/68/357 1202/67/357 1206/66/357
f 1207/65/358 1205/68/358 1206/67/358 1208/66/358
f 1204/65/352 1207/68/352 1208/67/352 1203/66/352
f 1202/69/5 1203/72/5 1208/71/5 1206/70/5
f 1209/67/359 1212/68/359 1211/65/359 1210/66/359
f 1210/67/343 1211/68/343 1214/65/343 1213/66/343
f 1213/67/358 1214/68/358 1216/65/358 1215/66/358
f 1215/67/350 1216/68/350 1212/65/350 1209/66/350
f 1215/71/5 1209/72/5 1210/69/5 1213/70/5
f 1217/73/360 1220/76/360 1219/75/360 1218/74/360
f 1221/77/350 1217/80/350 1218/79/350 1222/78/350
f 1223/81/361 1221/79/361 1222/76/361 1224/73/361
f 1220/82/352 1223/85/352 1224/84/352 1219/83/352
f 1218/86/5 1219/89/5 1224/88/5 1222/87/5
f 1221/90/6 1223/93/6 1220/92/6 1217/91/6
f 1225/1/362 1228/4/362 1227/3/364 1226/2/363
f 1226/2/363 1230/6/362 1229/5/362 1225/1/362
f 1231/7/362 1234/10/362 1233/9/362 1232/8/362
f 1234/10/362 1231/7/362 1236/12/365 1235/11/365
f 1228/4/362 1225/1/362 1234/10/362 1235/11/362
f 1233/13/366 1185/16/366 1184/15/366 1232/14/366
f 1187/17/367 1184/20/368 1185/19/368 1186/18/368
f 1184/20/368 1187/17/367 1188/22/367 1183/21/367
f 1188/14/369 1236/15/369 1231/30/369 1183/29/369
f 1182/31/5 1230/34/5 1226/33/5 1178/32/5
f 1184/35/6 1183/38/6 1231/37/6 1232/36/6
f 1228/39/370 1235/42/370 1187/41/370 1180/40/370
f 1226/43/370 1227/46/370 1179/45/370 1178/44/370
f 1180/47/6 1179/50/6 1227/49/6 1228/48/6
f 1188/51/5 1187/54/5 1235/53/5 1236/52/5
f 1177/55/366 1186/16/366 1234/13/366 1225/56/366
f 1182/46/371 1181/58/371 1229/57/371 1230/45/371
f 1181/50/6 1177/60/6 1225/59/6 1229/49/6
f 1186/61/5 1185/64/5 1233/63/5 1234/62/5
f 1237/3/362 1240/4/362 1239/1/365 1238/2/362
f 1241/6/365 1238/2/362 1239/1/365 1242/5/365
f 1243/9/363 1246/10/363 1245/11/362 1244/8/362
f 1247/7/362 1244/8/362 1245/11/362 1248/12/362
f 1245/11/362 1246/10/363 1239/1/363 1240/4/363
f 1196/15/372 1195/16/372 1243/13/372 1244/14/372
f 1194/28/373 1191/23/373 1192/24/368 1193/27/373
f 1190/26/374 1193/27/373 1192/24/368 1189/25/374
f 1247/30/375 1248/15/375 1200/14/375 1199/29/375
f 1238/33/5 1241/34/5 1193/31/5 1190/32/5
f 1247/37/6 1199/38/6 1196/35/6 1244/36/6
f 1197/41/375 1245/42/375 1240/39/375 1192/40/375
f 1189/45/375 1237/46/375 1238/43/375 1190/44/375
f 1237/49/6 1189/50/6 1192/47/6 1240/48/6
f 1245/53/5 1197/54/5 1200/51/5 1248/52/5
f 1246/13/372 1198/16/372 1191/55/372 1239/56/372
f 1242/57/372 1194/58/372 1193/46/372 1241/45/372
f 1239/59/6 1191/60/6 1194/50/6 1242/49/6
f 1243/63/5 1195/64/5 1198/61/5 1246/62/5
f 1249/65/376 1252/68/376 1251/67/376 1250/66/376
f 1253/65/377 1249/68/377 1250/67/377 1254/66/377
f 1255/65/378 1253/68/378 1254/67/378 1256/66/378
f 1252/65/343 1255/68/343 1256/67/343 1251/66/343
f 1250/69/5 1251/72/5 1256/71/5 1254/70/5
f 1257/67/379 1260/68/379 1259/65/379 1258/66/379
f 1258/67/346 1259/68/346 1262/65/346 1261/66/346
f 1261/67/378 1262/68/378 1264/65/378 1263/66/378
f 1263/67/357 1264/68/357 1260/65/357 1257/66/357
f 1263/71/5 1257/72/5 1258/69/5 1261/70/5
f 1265/73/380 1268/76/380 1267/75/380 1266/74/380
f 1269/77/381 1265/80/381 1266/79/381 1270/78/381
f 1271/81/382 1269/79/382 1270/76/382 1272/73/382
f 1268/82/343 1271/85/343 1272/84/343 1267/83/343
f 1266/86/5 1267/89/5 1272/88/5 1270/87/5
f 1269/90/6 1271/93/6 1268/92/6 1265/91/6
f 1273/1/383 1276/4/383 1275/3/384 1274/2/384
f 1274/2/384 1278/6/383 1277/5/383 1273/1/383
f 1279/7/385 1282/10/383 1281/9/383 1280/8/383
f 1282/10/383 1279/7/385 1284/12/385 1283/11/385
f 1276/4/383 1273/1/383 1282/10/386 1283/11/386
f 1281/13/387 1233/16/387 1232/15/387 1280/14/387
f 1235/17/388 1232/20/388 1233/19/388 1234/18/388
f 1232/20/388 1235/17/388 1236/22/388 1231/21/388
f 1236/14/389 1284/15/389 1279/30/389 1231/29/389
f 1230/31/5 1278/34/5 1274/33/5 1226/32/5
f 1232/35/6 1231/38/6 1279/37/6 1280/36/6
f 1276/39/389 1283/42/389 1235/41/389 1228/40/389
f 1274/43/389 1275/46/389 1227/45/389 1226/44/389
f 1228/47/390 1227/50/390 1275/49/390 1276/48/390
f 1236/51/5 1235/54/5 1283/53/5 1284/52/5
f 1225/55/387 1234/16/387 1282/13/387 1273/56/387
f 1230/46/387 1229/58/387 1277/57/387 1278/45/387
f 1229/50/6 1225/60/6 1273/59/6 1277/49/6
f 1234/61/5 1233/64/5 1281/63/5 1282/62/5
f 1285/3/386 1288/4/386 1287/1/386 1286/2/386
f 1289/6/386 1286/2/386 1287/1/386 1290/5/386
f 1291/9/385 1294/10/383 1293/11/391 1292/8/385
f 1295/7/391 1292/8/385 1293/11/391 1296/12/391
f 1293/11/391 1294/10/383 1287/1/383 1288/4/383
f 1244/15/392 1243/16/392 1291/13/392 1292/14/392
f 1242/28/393 1239/23/393 1240/24/388 1241/27/393
f 1238/26/388 1241/27/393 1240/24/388 1237/25/388
f 1295/30/394 1296/15/394 1248/14/394 1247/29/394
f 1286/33/5 1289/34/5 1241/31/5 1238/32/5
f 1295/37/6 1247/38/6 1244/35/6 1292/36/6
f 1245/41/395 1293/42/395 1288/39/395 1240/40/395
f 1237/45/395 1285/46/395 1286/43/395 1238/44/395
f 1285/49/6 1237/50/6 1240/47/6 1288/48/6
f 1293/53/5 1245/54/5 1248/51/5 1296/52/5
f 1294/13/392 1246/16/392 1239/55/392 1287/56/392
f 1290/57/392 1242/58/392 1241/46/392 1289/45/392
f 1287/59/6 1239/60/6 1242/50/6 1290/49/6
f 1291/63/5 1243/64/5 1246/61/5 1294/62/5
f 1297/65/396 1300/68/396 1299/67/396 1298/66/396
f 1301/65/394 1297/68/394 1298/67/394 1302/66/394
f 1303/65/397 1301/68/397 1302/67/397 1304/66/397
f 1300/65/398 1303/68/398 1304/67/398 1299/66/398
f 1298/69/5 1299/72/5 1304/71/5 1302/70/5
f 1305/67/396 1308/68/396 1307/65/396 1306/66/396
f 1306/67/399 1307/68/399 1310/65/399 1309/66/399
f 1309/67/400 1310/68/400 1312/65/400 1311/66/400
f 1311/67/401 1312/68/401 1308/65/401 1305/66/401
f 1311/71/5 1305/72/5 1306/69/5 1309/70/5
f 1313/73/402 1316/76/402 1315/75/402 1314/74/402
f 1317/77/403 1313/80/403 1314/79/403 1318/78/403
f 1319/81/404 1317/79/404 1318/76/404 1320/73/404
f 1316/82/392 1319/85/392 1320/84/392 1315/83/392
f 1314/86/5 1315/89/5 1320/88/5 1318/87/5
f 1317/90/6 1319/93/6 1316/92/6 1313/91/6
f 1321/1/405 1324/4/406 1323/3/406 1322/2/406
f 1322/2/406 1326/6/405 1325/5/405 1321/1/405
f 1327/7/405 1330/10/405 1329/9/405 1328/8/405
f 1330/10/405 1327/7/405 1332/12/405 1331/11/405
f 1324/4/406 1321/1/405 1330/10/405 1331/11/405
f 1329/13/394 1281/16/394 1280/15/394 1328/14/394
f 1283/17/407 1280/20/408 1281/19/408 1282/18/408
f 1280/20/408 1283/17/407 1284/22/409 1279/21/409
f 1284/14/399 1332/15/399 1327/30/399 1279/29/399
f 1278/31/5 1326/34/5 1322/33/5 1274/32/5
f 1280/35/6 1279/38/6 1327/37/6 1328/36/6
f 1324/39/399 1331/42/399 1283/41/399 1276/40/399
f 1322/43/399 1323/46/399 1275/45/399 1274/44/399
f 1276/47/390 1275/50/390 1323/49/390 1324/48/390
f 1284/51/5 1283/54/5 1331/53/5 1332/52/5
f 1273/55/394 1282/16/394 1330/13/394 1321/56/394
f 1278/46/394 1277/58/394 1325/57/394 1326/45/394
f 1277/50/6 1273/60/6 1321/59/6 1325/49/6
f 1282/61/5 1281/64/5 1329/63/5 1330/62/5
f 1333/3/406 1336/4/406 1335/1/410 1334/2/406
f 1337/6/410 1334/2/406 1335/1/410 1338/5/410
f 1339/9/405 1342/10/405 1341/11/406 1340/8/405
f 1343/7/406 1340/8/405 1341/11/406 1344/12/406
f 1341/11/406 1342/10/405 1335/1/406 1336/4/406
f 1292/15/399 1291/16/399 1339/13/399 1340/14/399
f 1290/28/407 1287/23/407 1288/24/408 1289/27/408
f 1286/26/408 1289/27/408 1288/24/408 1285/25/408
f 1343/30/394 1344/15/394 1296/14/394 1295/29/394
f 1334/33/5 1337/34/5 1289/31/5 1286/32/5
f 1343/37/6 1295/38/6 1292/35/6 1340/36/6
f 1293/41/387 1341/42/387 1336/39/387 1288/40/387
f 1285/45/394 1333/46/394 1334/43/394 1286/44/394
f 1333/49/6 1285/50/6 1288/47/6 1336/48/6
f 1341/53/5 1293/54/5 1296/51/5 1344/52/5
f 1342/13/389 1294/16/389 1287/55/389 1335/56/389
f 1338/57/399 1290/58/399 1289/46/399 1337/45/399
f 1335/59/6 1287/60/6 1290/50/6 1338/49/6
f 1339/63/5 1291/64/5 1294/61/5 1342/62/5
f 1345/65/411 1348/68/411 1347/67/411 1346/66/411
f 1349/65/394 1345/68/394 1346/67/394 1350/66/394
f 1351/65/412 1349/68/412 1350/67/412 1352/66/412
f 1348/65/389 1351/68/389 1352/67/389 1347/66/389
f 1346/69/5 1347/72/5 1352/71/5 1350/70/5
f 1353/67/413 1356/68/413 1355/65/413 1354/66/413
f 1354/67/399 1355/68/399 1358/65/399 1357/66/399
f 1357/67/414 1358/68/414 1360/65/414 1359/66/414
f 1359/67/395 1360/68/395 1356/65/395 1353/66/395
f 1359/71/5 1353/72/5 1354/69/5 1357/70/5
f 1361/73/415 1364/76/415 1363/75/415 1362/74/415
f 1365/77/394 1361/80/394 1362/79/394 1366/78/394
f 1367/81/416 1365/79/416 1366/76/416 1368/73/416
f 1364/82/399 1367/85/399 1368/84/399 1363/83/399
f 1362/86/5 1363/89/5 1368/88/5 1366/87/5
f 1365/90/6 1367/93/6 1364/92/6 1361/91/6
f 1369/1/417 1372/4/417 1371/3/417 1370/2/417
f 1370/2/417 1374/6/417 1373/5/417 1369/1/417
f 1375/7/418 1378/10/418 1377/9/418 1376/8/418
f 1378/10/418 1375/7/418 1380/12/418 1379/11/418
f 1372/4/417 1369/1/417 1378/10/419 1379/11/419
f 1377/13/420 1329/16/420 1328/15/420 1376/14/420
f 1331/17/421 1328/20/421 1329/19/421 1330/18/421
f 1328/20/421 1331/17/421 1332/22/422 1327/21/422
f 1332/14/423 1380/15/423 1375/30/423 1327/29/423
f 1326/31/5 1374/34/5 1370/33/5 1322/32/5
f 1328/35/6 1327/38/6 1375/37/6 1376/36/6
f 1372/39/423 1379/42/423 1331/41/423 1324/40/423
f 1370/43/423 1371/46/423 1323/45/423 1322/44/423
f 1324/47/6 1323/50/6 1371/49/6 1372/48/6
f 1332/51/5 1331/54/5 1379/53/5 1380/52/5
f 1321/55/420 1330/16/420 1378/13/420 1369/56/420
f 1326/46/420 1325/58/420 1373/57/420 1374/45/420
f 1325/50/6 1321/60/6 1369/59/6 1373/49/6
f 1330/61/5 1329/64/5 1377/63/5 1378/62/5
f 1381/3/419 1384/4/419 1383/1/424 1382/2/419
f 1385/6/424 1382/2/419 1383/1/424 1386/5/424
f 1387/9/425 1390/10/424 1389/11/419 1388/8/419
f 1391/7/419 1388/8/419 1389/11/419 1392/12/419
f 1389/11/419 1390/10/424 1383/1/424 1384/4/424
f 1340/15/426 1339/16/426 1387/13/426 1388/14/426
f 1338/28/427 1335/23/427 1336/24/427 1337/27/427
f 1334/26/422 1337/27/427 1336/24/427 1333/25/422
f 1391/30/428 1392/15/428 1344/14/428 1343/29/428
f 1382/33/5 1385/34/5 1337/31/5 1334/32/5
f 1391/37/6 1343/38/6 1340/35/6 1388/36/6
f 1341/41/428 1389/42/428 1384/39/428 1336/40/428
f 1333/45/428 1381/46/428 1382/43/428 1334/44/428
f 1381/49/6 1333/50/6 1336/47/6 1384/48/6
f 1389/53/5 1341/54/5 1344/51/5 1392/52/5
f 1390/13/426 1342/16/426 1335/55/426 1383/56/426
f 1386/57/426 1338/58/426 1337/46/426 1385/45/426
f 1383/59/6 1335/60/6 1338/50/6 1386/49/6
f 1387/63/5 1339/64/5 1342/61/5 1390/62/5
f 1393/65/429 1396/68/429 1395/67/429 1394/66/429
f 1397/65/387 1393/68/387 1394/67/387 1398/66/387
f 1399/65/430 1397/68/430 1398/67/430 1400/66/430
f 1396/65/389 1399/68/389 1400/67/389 1395/66/389
f 1394/69/5 1395/72/5 1400/71/5 1398/70/5
f 1401/67/431 1404/68/431 1403/65/431 1402/66/431
f 1402/67/389 1403/68/389 1406/65/389 1405/66/389
f 1405/67/430 1406/68/430 1408/65/430 1407/66/430
f 1407/67/387 1408/68/387 1404/65/387 1401/66/387
f 1407/71/5 1401/72/5 1402/69/5 1405/70/5
f 1409/73/432 1412/76/432 1411/75/432 1410/74/432
f 1413/77/433 1409/80/433 1410/79/433 1414/78/433
f 1415/81/434 1413/79/434 1414/76/434 1416/73/434
f 1412/82/398 1415/85/398 1416/84/398 1411/83/398
f 1410/86/5 1411/89/5 1416/88/5 1414/87/5
f 1413/90/6 1415/93/6 1412/92/6 1409/91/6
f 1417/1/435 1420/4/437 1419/3/437 1418/2/436
f 1418/2/436 1422/6/435 1421/5/435 1417/1/435
f 1423/7/436 1426/10/436 1425/9/436 1424/8/436
f 1426/10/436 1423/7/436 1428/12/436 1427/11/436
f 1420/4/437 1417/1/435 1426/10/436 1427/11/436
f 1425/13/438 1377/16/438 1376/15/438 1424/14/438
f 1379/17/439 1376/20/440 1377/19/440 1378/18/440
f 1376/20/440 1379/17/439 1380/22/439 1375/21/439
f 1380/14/441 1428/15/441 1423/30/441 1375/29/441
f 1374/31/5 1422/34/5 1418/33/5 1370/32/5
f 1376/35/6 1375/38/6 1423/37/6 1424/36/6
f 1420/39/441 1427/42/441 1379/41/441 1372/40/441
f 1418/43/441 1419/46/441 1371/45/441 1370/44/441
f 1372/47/6 1371/50/6 1419/49/6 1420/48/6
f 1380/51/5 1379/54/5 1427/53/5 1428/52/5
f 1369/55/438 1378/16/438 1426/13/438 1417/56/438
f 1374/46/438 1373/58/438 1421/57/438 1422/45/438
f 1373/50/6 1369/60/6 1417/59/6 1421/49/6
f 1378/61/5 1377/64/5 1425/63/5 1426/62/5
f 1429/3/436 1432/4/436 1431/1/436 1430/2/436
f 1433/6/436 1430/2/436 1431/1/436 1434/5/436
f 1435/9/442 1438/10/436 1437/11/436 1436/8/442
f 1439/7/436 1436/8/442 1437/11/436 1440/12/436
f 1437/11/436 1438/10/436 1431/1/436 1432/4/436
f 1388/15/443 1387/16/443 1435/13/443 1436/14/443
f 1386/28/444 1383/23/444 1384/24/440 1385/27/444
f 1382/26/440 1385/27/444 1384/24/440 1381/25/440
f 1439/30/445 1440/15/445 1392/14/445 1391/29/445
f 1430/33/5 1433/34/5 1385/31/5 1382/32/5
f 1439/37/6 1391/38/6 1388/35/6 1436/36/6
f 1389/41/445 1437/42/445 1432/39/445 1384/40/445
f 1381/45/445 1429/46/445 1430/43/445 1382/44/445
f 1429/49/6 1381/50/6 1384/47/6 1432/48/6
f 1437/53/5 1389/54/5 1392/51/5 1440/52/5
f 1438/13/443 1390/16/443 1383/55/443 1431/56/443
f 1434/57/443 1386/58/443 1385/46/443 1433/45/443
f 1431/59/6 1383/60/6 1386/50/6 1434/49/6
f 1435/63/5 1387/64/5 1390/61/5 1438/62/5
f 1441/65/446 1444/68/446 1443/67/446 1442/66/446
f 1445/65/447 1441/68/447 1442/67/447 1446/66/447
f 1447/65/448 1445/68/448 1446/67/448 1448/66/448
f 1444/65/443 1447/68/443 1448/67/443 1443/66/443
f 1442/69/5 1443/72/5 1448/71/5 1446/70/5
f 1449/67/446 1452/68/446 1451/65/446 1450/66/446
f 1450/67/449 1451/68/449 1454/65/449 1453/66/449
f 1453/67/448 1454/68/448 1456/65/448 1455/66/448
f 1455/67/450 1456/68/450 1452/65/450 1449/66/450
f 1455/71/5 1449/72/5 1450/69/5 1453/70/5
f 1457/73/451 1460/76/451 1459/75/451 1458/74/451
f 1461/77/438 1457/80/438 1458/79/438 1462/78/438
f 1463/81/452 1461/79/452 1462/76/452 1464/73/452
f 1460/82/443 1463/85/443 1464/84/443 1459/83/443
f 1458/86/5 1459/89/5 1464/88/5 1462/87/5
f 1461/90/6 1463/93/6 1460/92/6 1457/91/6
f 1465/1/453 1468/4/453 1467/3/453 1466/2/453
f 1466/2/453 1470/6/454 1469/5/454 1465/1/453
f 1471/7/455 1474/10/453 1473/9/453 1472/8/453
f 1474/10/453 1471/7/455 1476/12/456 1475/11/456
f 1468/4/453 1465/1/453 1474/10/453 1475/11/453
f 1473/13/457 1425/16/457 1424/15/457 1472/14/457
f 1427/17/458 1424/20/458 1425/19/458 1426/18/458
f 1424/20/458 1427/17/458 1428/22/458 1423/21/458
f 1428/14/459 1476/15/459 1471/30/459 1423/29/459
f 1422/31/5 1470/34/5 1466/33/5 1418/32/5
f 1424/35/6 1423/38/6 1471/37/6 1472/36/6
f 1468/39/443 1475/42/443 1427/41/443 1420/40/443
f 1466/43/459 1467/46/459 1419/45/459 1418/44/459
f 1420/47/6 1419/50/6 1467/49/6 1468/48/6
f 1428/51/5 1427/54/5 1475/53/5 1476/52/5
f 1417/55/457 1426/16/457 1474/13/457 1465/56/457
f 1422/46/447 1421/58/447 1469/57/447 1470/45/447
f 1421/50/6 1417/60/6 1465/59/6 1469/49/6
f 1426/61/5 1425/64/5 1473/63/5 1474/62/5
f 1477/3/456 1480/4/456 1479/1/460 1478/2/456
f 1481/6/461 1478/2/456 1479/1/460 1482/5/461
f 1483/9/456 1486/10/456 1485/11/453 1484/8/456
f 1487/7/453 1484/8/456 1485/11/453 1488/12/453
f 1485/11/453 1486/10/456 1479/1/453 1480/4/453
f 1436/15/462 1435/16/462 1483/13/462 1484/14/462
f 1434/28/458 1431/23/458 1432/24/458 1433/27/458
f 1430/26/458 1433/27/458 1432/24/458 1429/25/458
f 1487/30/447 1488/15/447 1440/14/447 1439/29/447
f 1478/33/5 1481/34/5 1433/31/5 1430/32/5
f 1487/37/6 1439/38/6 1436/35/6 1484/36/6
f 1437/41/447 1485/42/447 1480/39/447 1432/40/447
f 1429/45/447 1477/46/447 1478/43/447 1430/44/447
f 1477/49/6 1429/50/6 1432/47/6 1480/48/6
f 1485/53/5 1437/54/5 1440/51/5 1488/52/5
f 1486/13/462 1438/16/462 1431/55/462 1479/56/462
f 1482/57/462 1434/58/462 1433/46/462 1481/45/462
f 1479/59/6 1431/60/6 1434/50/6 1482/49/6
f 1483/63/5 1435/64/5 1438/61/5 1486/62/5
f 1489/65/463 1492/68/463 1491/67/463 1490/66/463
f 1493/65/464 1489/68/464 1490/67/464 1494/66/464
f 1495/65/465 1493/68/465 1494/67/465 1496/66/465
f 1492/65/462 1495/68/462 1496/67/462 1491/66/462
f 1490/69/5 1491/72/5 1496/71/5 1494/70/5
f 1497/67/463 1500/68/463 1499/65/463 1498/66/463
f 1498/67/466 1499/68/466 1502/65/466 1501/66/466
f 1501/67/467 1502/68/467 1504/65/467 1503/66/467
f 1503/67/447 1504/68/447 1500/65/447 1497/66/447
f 1503/71/5 1497/72/5 1498/69/5 1501/70/5
f 1505/73/468 1508/76/468 1507/75/468 1506/74/468
f 1509/77/445 1505/80/445 1506/79/445 1510/78/445
f 1511/81/469 1509/79/469 1510/76/469 1512/73/469
f 1508/82/462 1511/85/462 1512/84/462 1507/83/462
f 1506/86/5 1507/89/5 1512/88/5 1510/87/5
f 1509/90/6 1511/93/6 1508/92/6 1505/91/6
f 1513/1/470 1516/4/470 1515/3/471 1514/2/471
f 1514/2/471 1518/6/471 1517/5/471 1513/1/470
f 1519/7/470 1522/10/470 1521/9/470 1520/8/470
f 1522/10/470 1519/7/470 1524/12/470 1523/11/470
f 1516/4/470 1513/1/470 1522/10/470 1523/11/470
f 1521/13/472 1473/16/472 1472/15/472 1520/14/472
f 1475/17/473 1472/20/474 1473/19/474 1474/18/474
f 1472/20/474 1475/17/473 1476/22/473 1471/21/473
f 1476/14/475 1524/15/475 1519/30/475 1471/29/475
f 1470/31/5 1518/34/5 1514/33/5 1466/32/5
f 1472/35/6 1471/38/6 1519/37/6 1520/36/6
f 1516/39/475 1523/42/475 1475/41/475 1468/40/475
f 1514/43/475 1515/46/475 1467/45/475 1466/44/475
f 1468/47/6 1467/50/6 1515/49/6 1516/48/6
f 1476/51/5 1475/54/5 1523/53/5 1524/52/5
f 1465/55/472 1474/16/472 1522/13/472 1513/56/472
f 1470/46/476 1469/58/476 1517/57/476 1518/45/476
f 1469/50/6 1465/60/6 1513/59/6 1517/49/6
f 1474/61/5 1473/64/5 1521/63/5 1522/62/5
f 1525/3/477 1528/4/477 1527/1/478 1526/2/470
f 1529/6/478 1526/2/470 1527/1/478 1530/5/478
f 1531/9/471 1534/10/479 1533/11/478 1532/8/471
f 1535/7/478 1532/8/471 1533/11/478 1536/12/478
f 1533/11/478 1534/10/479 1527/1/480 1528/4/480
f 1484/15/475 1483/16/475 1531/13/475 1532/14/475
f 1482/28/481 1479/23/481 1480/24/483 1481/27/482
f 1478/26/484 1481/27/482 1480/24/483 1477/25/484
f 1535/30/472 1536/15/472 1488/14/472 1487/29/472
f 1526/33/5 1529/34/5 1481/31/5 1478/32/5
f 1535/37/6 1487/38/6 1484/35/6 1532/36/6
f 1485/41/472 1533/42/472 1528/39/472 1480/40/472
f 1477/45/472 1525/46/472 1526/43/472 1478/44/472
f 1525/49/6 1477/50/6 1480/47/6 1528/48/6
f 1533/53/5 1485/54/5 1488/51/5 1536/52/5
f 1534/13/475 1486/16/475 1479/55/475 1527/56/475
f 1530/57/475 1482/58/475 1481/46/475 1529/45/475
f 1527/59/6 1479/60/6 1482/50/6 1530/49/6
f 1531/63/5 1483/64/5 1486/61/5 1534/62/5
f 1537/65/485 1540/68/485 1539/67/485 1538/66/485
f 1541/65/438 1537/68/438 1538/67/438 1542/66/438
f 1543/65/486 1541/68/486 1542/67/486 1544/66/486
f 1540/65/449 1543/68/449 1544/67/449 1539/66/449
f 1538/69/5 1539/72/5 1544/71/5 1542/70/5
f 1545/67/487 1548/68/487 1547/65/487 1546/66/487
f 1546/67/462 1547/68/462 1550/65/462 1549/66/462
f 1549/67/488 1550/68/488 1552/65/488 1551/66/488
f 1551/67/447 1552/68/447 1548/65/447 1545/66/447
f 1551/71/5 1545/72/5 1546/69/5 1549/70/5
f 1553/73/489 1556/76/489 1555/75/489 1554/74/489
f 1557/77/490 1553/80/490 1554/79/490 1558/78/490
f 1559/81/491 1557/79/491 1558/76/491 1560/73/491
f 1556/82/492 1559/85/492 1560/84/492 1555/83/492
f 1554/86/5 1555/89/5 1560/88/5 1558/87/5
f 1557/90/6 1559/93/6 1556/92/6 1553/91/6
f 1561/1/493 1564/4/494 1563/3/494 1562/2/494
f 1562/2/494 1566/6/495 1565/5/495 1561/1/493
f 1567/7/494 1570/10/494 1569/9/494 1568/8/494
f 1570/10/494 1567/7/494 1572/12/494 1571/11/494
f 1564/4/494 1561/1/493 1570/10/494 1571/11/494
f 1569/13/496 1521/16/496 1520/15/496 1568/14/496
f 1523/17/497 1520/20/497 1521/19/497 1522/18/497
f 1520/20/497 1523/17/497 1524/22/498 1519/21/498
f 1524/14/499 1572/15/499 1567/30/499 1519/29/499
f 1518/31/5 1566/34/5 1562/33/5 1514/32/5
f 1520/35/6 1519/38/6 1567/37/6 1568/36/6
f 1564/39/499 1571/42/499 1523/41/499 1516/40/499
f 1562/43/499 1563/46/499 1515/45/499 1514/44/499
f 1516/47/6 1515/50/6 1563/49/6 1564/48/6
f 1524/51/5 1523/54/5 1571/53/5 1572/52/5
f 1513/55/496 1522/16/496 1570/13/496 1561/56/496
f 1518/46/496 1517/58/496 1565/57/496 1566/45/496
f 1517/50/6 1513/60/6 1561/59/6 1565/49/6
f 1522/61/5 1521/64/5 1569/63/5 1570/62/5
f 1573/3/500 1576/4/500 1575/1/494 1574/2/500
f 1577/6/501 1574/2/500 1575/1/494 1578/5/501
f 1579/9/494 1582/10/494 1581/11/494 1580/8/494
f 1583/7/494 1580/8/494 1581/11/494 1584/12/494
f 1581/11/494 1582/10/494 1575/1/494 1576/4/494
f 1532/15/502 1531/16/502 1579/13/502 1580/14/502
f 1530/28/503 1527/23/503 1528/24/497 1529/27/503
f 1526/26/504 1529/27/503 1528/24/497 1525/25/504
f 1583/30/505 1584/15/505 1536/14/505 1535/29/505
f 1574/33/5 1577/34/5 1529/31/5 1526/32/5
f 1583/37/6 1535/38/6 1532/35/6 1580/36/6
f 1533/41/505 1581/42/505 1576/39/505 1528/40/505
f 1525/45/505 1573/46/505 1574/43/505 1526/44/505
f 1573/49/6 1525/50/6 1528/47/6 1576/48/6
f 1581/53/5 1533/54/5 1536/51/5 1584/52/5
f 1582/13/502 1534/16/502 1527/55/502 1575/56/502
f 1578/57/502 1530/58/502 1529/46/502 1577/45/502
f 1575/59/6 1527/60/6 1530/50/6 1578/49/6
f 1579/63/5 1531/64/5 1534/61/5 1582/62/5
f 1585/65/506 1588/68/506 1587/67/506 1586/66/506
f 1589/65/507 1585/68/507 1586/67/507 1590/66/507
f 1591/65/508 1589/68/508 1590/67/508 1592/66/508
f 1588/65/499 1591/68/499 1592/67/499 1587/66/499
f 1586/69/5 1587/72/5 1592/71/5 1590/70/5
f 1593/67/509 1596/68/509 1595/65/509 1594/66/509
f 1594/67/499 1595/68/499 1598/65/499 1597/66/499
f 1597/67/508 1598/68/508 1600/65/508 1599/66/508
f 1599/67/496 1600/68/496 1596/65/496 1593/66/496
f 1599/71/5 1593/72/5 1594/69/5 1597/70/5
f 1601/73/510 1604/76/510 1603/75/510 1602/74/510
f 1605/77/496 1601/80/496 1602/79/496 1606/78/496
f 1607/81/511 1605/79/511 1606/76/511 1608/73/511
f 1604/82/502 1607/85/502 1608/84/502 1603/83/502
f 1602/86/5 1603/89/5 1608/88/5 1606/87/5
f 1605/90/6 1607/93/6 1604/92/6 1601/91/6
f 1609/1/512 1612/4/513 1611/3/513 1610/2/512
f 1610/2/512 1614/6/512 1613/5/512 1609/1/512
f 1615/7/513 1618/10/514 1617/9/514 1616/8/514
f 1618/10/514 1615/7/513 1620/12/513 1619/11/513
f 1612/4/513 1609/1/512 1618/10/513 1619/11/513
f 1617/13/505 1569/16/505 1568/15/505 1616/14/505
f 1571/17/515 1568/20/515 1569/19/515 1570/18/515
f 1568/20/515 1571/17/515 1572/22/515 1567/21/515
f 1572/14/502 1620/15/502 1615/30/502 1567/29/502
f 1566/31/5 1614/34/5 1610/33/5 1562/32/5
f 1568/35/6 1567/38/6 1615/37/6 1616/36/6
f 1612/39/502 1619/42/502 1571/41/502 1564/40/502
f 1610/43/502 1611/46/502 1563/45/502 1562/44/502
f 1564/47/6 1563/50/6 1611/49/6 1612/48/6
f 1572/51/5 1571/54/5 1619/53/5 1620/52/5
f 1561/55/505 1570/16/505 1618/13/505 1609/56/505
f 1566/46/505 1565/58/505 1613/57/505 1614/45/505
f 1565/50/6 1561/60/6 1609/59/6 1613/49/6
f 1570/61/5 1569/64/5 1617/63/5 1618/62/5
f 1621/3/512 1624/4/512 1623/1/512 1622/2/512
f 1625/6/512 1622/2/512 1623/1/512 1626/5/512
f 1627/9/512 1630/10/512 1629/11/512 1628/8/512
f 1631/7/512 1628/8/512 1629/11/512 1632/12/512
f 1629/11/512 1630/10/512 1623/1/512 1624/4/512
f 1580/15/499 1579/16/499 1627/13/499 1628/14/499
f 1578/28/515 1575/23/515 1576/24/516 1577/27/515
f 1574/26/516 1577/27/515 1576/24/516 1573/25/516
f 1631/30/496 1632/15/496 1584/14/496 1583/29/496
f 1622/33/5 1625/34/5 1577/31/5 1574/32/5
f 1631/37/6 1583/38/6 1580/35/6 1628/36/6
f 1581/41/496 1629/42/496 1624/39/496 1576/40/496
f 1573/45/496 1621/46/496 1622/43/496 1574/44/496
f 1621/49/6 1573/50/6 1576/47/6 1624/48/6
f 1629/53/5 1581/54/5 1584/51/5 1632/52/5
f 1630/13/499 1582/16/499 1575/55/499 1623/56/499
f 1626/57/499 1578/58/499 1577/46/499 1625/45/499
f 1623/59/6 1575/60/6 1578/50/6 1626/49/6
f 1627/63/5 1579/64/5 1582/61/5 1630/62/5
f 1633/65/517 1636/68/517 1635/67/517 1634/66/517
f 1637/65/496 1633/68/496 1634/67/496 1638/66/496
f 1639/65/518 1637/68/518 1638/67/518 1640/66/518
f 1636/65/519 1639/68/519 1640/67/519 1635/66/519
f 1634/69/5 1635/72/5 1640/71/5 1638/70/5
f 1641/67/517 1644/68/517 1643/65/517 1642/66/517
f 1642/67/502 1643/68/502 1646/65/502 1645/66/502
f 1645/67/520 1646/68/520 1648/65/520 1647/66/520
f 1647/67/507 1648/68/507 1644/65/507 1641/66/507
f 1647/71/5 1641/72/5 1642/69/5 1645/70/5
f 1649/73/521 1652/76/521 1651/75/521 1650/74/521
f 1653/77/496 1649/80/496 1650/79/496 1654/78/496
f 1655/81/522 1653/79/522 1654/76/522 1656/73/522
f 1652/82/519 1655/85/519 1656/84/519 1651/83/519
f 1650/86/5 1651/89/5 1656/88/5 1654/87/5
f 1653/90/6 1655/93/6 1652/92/6 1649/91/6
f 1657/1/523 1660/4/523 1659/3/523 1658/2/523
f 1658/2/523 1662/6/524 1661/5/524 1657/1/523
f 1663/7/524 1666/10/523 1665/9/523 1664/8/523
f 1666/10/523 1663/7/524 1668/12/524 1667/11/524
f 1660/4/523 1657/1/523 1666/10/523 1667/11/523
f 1665/13/525 1617/16/525 1616/15/525 1664/14/525
f 1619/17/526 1616/20/527 1617/19/527 1618/18/527
f 1616/20/527 1619/17/526 1620/22/526 1615/21/526
f 1620/14/528 1668/15/528 1663/30/528 1615/29/528
f 1614/31/5 1662/34/5 1658/33/5 1610/32/5
f 1616/35/6 1615/38/6 1663/37/6 1664/36/6
f 1660/39/528 1667/42/528 1619/41/528 1612/40/528
f 1658/43/528 1659/46/528 1611/45/528 1610/44/528
f 1612/47/6 1611/50/6 1659/49/6 1660/48/6
f 1620/51/5 1619/54/5 1667/53/5 1668/52/5
f 1609/55/525 1618/16/525 1666/13/525 1657/56/525
f 1614/46/525 1613/58/525 1661/57/525 1662/45/525
f 1613/50/6 1609/60/6 1657/59/6 1661/49/6
f 1618/61/5 1617/64/5 1665/63/5 1666/62/5
f 1669/3/529 1672/4/529 1671/1/523 1670/2/523
f 1673/6/523 1670/2/523 1671/1/523 1674/5/523
f 1675/9/524 1678/10/523 1677/11/523 1676/8/523
f 1679/7/530 1676/8/523 1677/11/523 1680/12/530
f 1677/11/523 1678/10/523 1671/1/531 1672/4/531
f 1628/15/532 1627/16/532 1675/13/532 1676/14/532
f 1626/28/533 1623/23/533 1624/24/526 1625/27/526
f 1622/26/526 1625/27/526 1624/24/526 1621/25/526
f 1679/30/525 1680/15/525 1632/14/525 1631/29/525
f 1670/33/5 1673/34/5 1625/31/5 1622/32/5
f 1679/37/6 1631/38/6 1628/35/6 1676/36/6
f 1629/41/534 1677/42/534 1672/39/534 1624/40/534
f 1621/45/534 1669/46/534 1670/43/534 1622/44/534
f 1669/49/6 1621/50/6 1624/47/6 1672/48/6
f 1677/53/5 1629/54/5 1632/51/5 1680/52/5
f 1678/13/528 1630/16/528 1623/55/528 1671/56/528
f 1674/57/532 1626/58/532 1625/46/532 1673/45/532
f 1671/59/6 1623/60/6 1626/50/6 1674/49/6
f 1675/63/5 1627/64/5 1630/61/5 1678/62/5
f 1681/65/535 1684/68/535 1683/67/535 1682/66/535
f 1685/65/536 1681/68/536 1682/67/536 1686/66/536
f 1687/65/537 1685/68/537 1686/67/537 1688/66/537
f 1684/65/538 1687/68/538 1688/67/538 1683/66/538
f 1682/69/5 1683/72/5 1688/71/5 1686/70/5
f 1689/67/539 1692/68/539 1691/65/539 1690/66/539
f 1690/67/538 1691/68/538 1694/65/538 1693/66/538
f 1693/67/540 1694/68/540 1696/65/540 1695/66/540
f 1695/67/541 1696/68/541 1692/65/541 1689/66/541
f 1695/71/5 1689/72/5 1690/69/5 1693/70/5
f 1697/73/542 1700/76/542 1699/75/542 1698/74/542
f 1701/77/543 1697/80/543 1698/79/543 1702/78/543
f 1703/81/544 1701/79/544 1702/76/544 1704/73/544
f 1700/82/545 1703/85/545 1704/84/545 1699/83/545
f 1698/86/5 1699/89/5 1704/88/5 1702/87/5
f 1701/90/6 1703/93/6 1700/92/6 1697/91/6
f 1705/1/546 1708/4/548 1707/3/547 1706/2/547
f 1706/2/547 1710/6/546 1709/5/546 1705/1/546
f 1711/7/549 1714/10/551 1713/9/550 1712/8/550
f 1714/10/551 1711/7/549 1716/12/549 1715/11/549
f 1708/4/548 1705/1/546 1714/10/546 1715/11/546
f 1713/13/552 1665/16/552 1664/15/552 1712/14/552
f 1667/17/553 1664/20/554 1665/19/554 1666/18/554
f 1664/20/554 1667/17/553 1668/22/553 1663/21/553
f 1668/14/538 1716/15/538 1711/30/538 1663/29/538
f 1662/31/5 1710/34/5 1706/33/5 1658/32/5
f 1664/35/6 1663/38/6 1711/37/6 1712/36/6
f 1708/39/538 1715/42/538 1667/41/538 1660/40/538
f 1706/43/538 1707/46/538 1659/45/538 1658/44/538
f 1660/47/6 1659/50/6 1707/49/6 1708/48/6
f 1668/51/5 1667/54/5 1715/53/5 1716/52/5
f 1657/55/552 1666/16/552 1714/13/552 1705/56/552
f 1662/46/552 1661/58/552 1709/57/552 1710/45/552
f 1661/50/6 1657/60/6 1705/59/6 1709/49/6
f 1666/61/5 1665/64/5 1713/63/5 1714/62/5
f 1717/3/547 1720/4/547 1719/1/555 1718/2/546
f 1721/6/555 1718/2/546 1719/1/555 1722/5/555
f 1723/9/546 1726/10/546 1725/11/550 1724/8/546
f 1727/7/547 1724/8/546 1725/11/550 1728/12/547
f 1725/11/550 1726/10/546 1719/1/550 1720/4/550
f 1676/15/538 1675/16/538 1723/13/538 1724/14/538
f 1674/28/556 1671/23/556 1672/24/554 1673/27/557
f 1670/26/558 1673/27/557 1672/24/554 1669/25/558
f 1727/30/559 1728/15/559 1680/14/559 1679/29/559
f 1718/33/5 1721/34/5 1673/31/5 1670/32/5
f 1727/37/6 1679/38/6 1676/35/6 1724/36/6
f 1677/41/560 1725/42/560 1720/39/560 1672/40/560
f 1669/45/552 1717/46/552 1718/43/552 1670/44/552
f 1717/49/6 1669/50/6 1672/47/6 1720/48/6
f 1725/53/5 1677/54/5 1680/51/5 1728/52/5
f 1726/13/538 1678/16/538 1671/55/538 1719/56/538
f 1722/57/538 1674/58/538 1673/46/538 1721/45/538
f 1719/59/6 1671/60/6 1674/50/6 1722/49/6
f 1723/63/5 1675/64/5 1678/61/5 1726/62/5
f 1729/65/561 1732/68/561 1731/67/561 1730/66/561
f 1733/65/552 1729/68/552 1730/67/552 1734/66/552
f 1735/65/562 1733/68/562 1734/67/562 1736/66/562
f 1732/65/563 1735/68/563 1736/67/563 1731/66/563
f 1730/69/5 1731/72/5 1736/71/5 1734/70/5
f 1737/67/561 1740/68/561 1739/65/561 1738/66/561
f 1738/67/564 1739/68/564 1742/65/564 1741/66/564
f 1741/67/562 1742/68/562 1744/65/562 1743/66/562
f 1743/67/565 1744/68/565 1740/65/565 1737/66/565
f 1743/71/5 1737/72/5 1738/69/5 1741/70/5
f 1745/73/566 1748/76/566 1747/75/566 1746/74/566
f 1749/77/552 1745/80/552 1746/79/552 1750/78/552
f 1751/81/567 1749/79/567 1750/76/567 1752/73/567
f 1748/82/538 1751/85/538 1752/84/538 1747/83/538
f 1746/86/5 1747/89/5 1752/88/5 1750/87/5
f 1749/90/6 1751/93/6 1748/92/6 1745/91/6
f 1753/1/568 1756/4/570 1755/3/569 1754/2/569
f 1754/2/569 1758/6/571 1757/5/571 1753/1/568
f 1759/7/568 1762/10/571 1761/9/571 1760/8/571
f 1762/10/571 1759/7/568 1764/12/572 1763/11/572
f 1756/4/570 1753/1/568 1762/10/573 1763/11/573
f 1761/13/559 1713/16/559 1712/15/559 1760/14/559
f 1715/17/574 1712/20/575 1713/19/575 1714/18/575
f 1712/20/575 1715/17/574 1716/22/574 1711/21/574
f 1716/14/576 1764/15/576 1759/30/576 1711/29/576
f 1710/31/5 1758/34/5 1754/33/5 1706/32/5
f 1712/35/6 1711/38/6 1759/37/6 1760/36/6
f 1756/39/576 1763/42/576 1715/41/576 1708/40/576
f 1754/43/538 1755/46/538 1707/45/538 1706/44/538
f 1708/47/6 1707/50/6 1755/49/6 1756/48/6
f 1716/51/5 1715/54/5 1763/53/5 1764/52/5
f 1705/55/559 1714/16/559 1762/13/559 1753/56/559
f 1710/46/559 1709/58/559 1757/57/559 1758/45/559
f 1709/50/6 1705/60/6 1753/59/6 1757/49/6
f 1714/61/5 1713/64/5 1761/63/5 1762/62/5
f 1765/3/577 1768/4/577 1767/1/571 1766/2/578
f 1769/6/571 1766/2/578 1767/1/571 1770/5/571
f 1771/9/579 1774/10/573 1773/11/573 1772/8/579
f 1775/7/580 1772/8/579 1773/11/573 1776/12/580
f 1773/11/573 1774/10/573 1767/1/573 1768/4/573
f 1724/15/563 1723/16/563 1771/13/563 1772/14/563
f 1722/28/581 1719/23/581 1720/24/575 1721/27/582
f 1718/26/575 1721/27/582 1720/24/575 1717/25/575
f 1775/30/565 1776/15/565 1728/14/565 1727/29/565
f 1766/33/5 1769/34/5 1721/31/5 1718/32/5
f 1775/37/6 1727/38/6 1724/35/6 1772/36/6
f 1725/41/583 1773/42/583 1768/39/583 1720/40/583
f 1717/45/552 1765/46/552 1766/43/552 1718/44/552
f 1765/49/6 1717/50/6 1720/47/6 1768/48/6
f 1773/53/5 1725/54/5 1728/51/5 1776/52/5
f 1774/13/563 1726/16/563 1719/55/563 1767/56/563
f 1770/57/563 1722/58/563 1721/46/563 1769/45/563
f 1767/59/6 1719/60/6 1722/50/6 1770/49/6
f 1771/63/5 1723/64/5 1726/61/5 1774/62/5
f 1777/65/584 1780/68/584 1779/67/584 1778/66/584
f 1781/65/565 1777/68/565 1778/67/565 1782/66/565
f 1783/65/585 1781/68/585 1782/67/585 1784/66/585
f 1780/65/586 1783/68/586 1784/67/586 1779/66/586
f 1778/69/5 1779/72/5 1784/71/5 1782/70/5
f 1785/67/587 1788/68/587 1787/65/587 1786/66/587
f 1786/67/538 1787/68/538 1790/65/538 1789/66/538
f 1789/67/585 1790/68/585 1792/65/585 1791/66/585
f 1791/67/536 1792/68/536 1788/65/536 1785/66/536
f 1791/71/5 1785/72/5 1786/69/5 1789/70/5
f 1793/73/588 1796/76/588 1795/75/588 1794/74/588
f 1797/77/559 1793/80/559 1794/79/559 1798/78/559
f 1799/81/589 1797/79/589 1798/76/589 1800/73/589
f 1796/82/563 1799/85/563 1800/84/563 1795/83/563
f 1794/86/5 1795/89/5 1800/88/5 1798/87/5
f 1797/90/6 1799/93/6 1796/92/6 1793/91/6
f 1801/1/590 1804/4/592 1803/3/592 1802/2/591
f 1802/2/591 1806/6/593 1805/5/593 1801/1/590
f 1807/7/591 1810/10/591 1809/9/591 1808/8/591
f 1810/10/591 1807/7/591 1812/12/590 1811/11/590
f 1804/4/592 1801/1/590 1810/10/591 1811/11/591
f 1809/13/594 1761/16/594 1760/15/594 1808/14/594
f 1763/17/595 1760/20/596 1761/19/596 1762/18/596
f 1760/20/596 1763/17/595 1764/22/597 1759/21/597
f 1764/14/598 1812/15/598 1807/30/598 1759/29/598
f 1758/31/5 1806/34/5 1802/33/5 1754/32/5
f 1760/35/6 1759/38/6 1807/37/6 1808/36/6
f 1804/39/598 1811/42/598 1763/41/598 1756/40/598
f 1802/43/598 1803/46/598 1755/45/598 1754/44/598
f 1756/47/6 1755/50/6 1803/49/6 1804/48/6
f 1764/51/5 1763/54/5 1811/53/5 1812/52/5
f 1753/55/594 1762/16/594 1810/13/594 1801/56/594
f 1758/46/594 1757/58/594 1805/57/594 1806/45/594
f 1757/50/6 1753/60/6 1801/59/6 1805/49/6
f 1762/61/5 1761/64/5 1809/63/5 1810/62/5
f 1813/3/599 1816/4/599 1815/1/591 1814/2/591
f 1817/6/591 1814/2/591 1815/1/591 1818/5/591
f 1819/9/599 1822/10/599 1821/11/591 1820/8/599
f 1823/7/590 1820/8/599 1821/11/591 1824/12/590
f 1821/11/591 1822/10/599 1815/1/600 1816/4/600
f 1772/15/601 1771/16/601 1819/13/601 1820/14/601
f 1770/28/602 1767/23/602 1768/24/603 1769/27/602
f 1766/26/603 1769/27/602 1768/24/603 1765/25/603
f 1823/30/604 1824/15/604 1776/14/604 1775/29/604
f 1814/33/5 1817/34/5 1769/31/5 1766/32/5
f 1823/37/6 1775/38/6 1772/35/6 1820/36/6
f 1773/41/604 1821/42/604 1816/39/604 1768/40/604
f 1765/45/604 1813/46/604 1814/43/604 1766/44/604
f 1813/49/6 1765/50/6 1768/47/6 1816/48/6
f 1821/53/5 1773/54/5 1776/51/5 1824/52/5
f 1822/13/601 1774/16/601 1767/55/601 1815/56/601
f 1818/57/601 1770/58/601 1769/46/601 1817/45/601
f 1815/59/6 1767/60/6 1770/50/6 1818/49/6
f 1819/63/5 1771/64/5 1774/61/5 1822/62/5
f 1825/65/605 1828/68/605 1827/67/605 1826/66/605
f 1829/65/606 1825/68/606 1826/67/606 1830/66/606
f 1831/65/607 1829/68/607 1830/67/607 1832/66/607
f 1828/65/608 1831/68/608 1832/67/608 1827/66/608
f 1826/69/5 1827/72/5 1832/71/5 1830/70/5
f 1833/67/609 1836/68/609 1835/65/609 1834/66/609
f 1834/67/610 1835/68/610 1838/65/610 1837/66/610
f 1837/67/611 1838/68/611 1840/65/611 1839/66/611
f 1839/67/612 1840/68/612 1836/65/612 1833/66/612
f 1839/71/5 1833/72/5 1834/69/5 1837/70/5
f 1841/73/613 1844/76/613 1843/75/613 1842/74/613
f 1845/77/614 1841/80/614 1842/79/614 1846/78/614
f 1847/81/615 1845/79/615 1846/76/615 1848/73/615
f 1844/82/616 1847/85/616 1848/84/616 1843/83/616
f 1842/86/5 1843/89/5 1848/88/5 1846/87/5
f 1845/90/6 1847/93/6 1844/92/6 1841/91/6
f 1849/1/617 1852/4/618 1851/3/618 1850/2/618
f 1850/2/618 1854/6/617 1853/5/617 1849/1/617
f 1855/7/618 1858/10/619 1857/9/619 1856/8/619
f 1858/10/619 1855/7/618 1860/12/618 1859/11/618
f 1852/4/618 1849/1/617 1858/10/618 1859/11/618
f 1857/13/620 1809/16/620 1808/15/620 1856/14/620
f 1811/17/621 1808/20/621 1809/19/621 1810/18/621
f 1808/20/621 1811/17/621 1812/22/621 1807/21/621
f 1812/14/608 1860/15/608 1855/30/608 1807/29/608
f 1806/31/5 1854/34/5 1850/33/5 1802/32/5
f 1808/35/6 1807/38/6 1855/37/6 1856/36/6
f 1852/39/608 1859/42/608 1811/41/608 1804/40/608
f 1850/43/608 1851/46/608 1803/45/608 1802/44/608
f 1804/47/6 1803/50/6 1851/49/6 1852/48/6
f 1812/51/5 1811/54/5 1859/53/5 1860/52/5
f 1801/55/620 1810/16/620 1858/13/620 1849/56/620
f 1806/46/620 1805/58/620 1853/57/620 1854/45/620
f 1805/50/6 1801/60/6 1849/59/6 1853/49/6
f 1810/61/5 1809/64/5 1857/63/5 1858/62/5
f 1861/3/618 1864/4/618 1863/1/618 1862/2/618
f 1865/6/618 1862/2/618 1863/1/618 1866/5/618
f 1867/9/622 1870/10/618 1869/11/618 1868/8/622
f 1871/7/622 1868/8/622 1869/11/618 1872/12/622
f 1869/11/618 1870/10/618 1863/1/618 1864/4/618
f 1820/15/608 1819/16/608 1867/13/608 1868/14/608
f 1818/28/623 1815/23/623 1816/24/621 1817/27/621
f 1814/26/621 1817/27/621 1816/24/621 1813/25/621
f 1871/30/620 1872/15/620 1824/14/620 1823/29/620
f 1862/33/5 1865/34/5 1817/31/5 1814/32/5
f 1871/37/6 1823/38/6 1820/35/6 1868/36/6
f 1821/41/620 1869/42/620 1864/39/620 1816/40/620
f 1813/45/620 1861/46/620 1862/43/620 1814/44/620
f 1861/49/6 1813/50/6 1816/47/6 1864/48/6
f 1869/53/5 1821/54/5 1824/51/5 1872/52/5
f 1870/13/608 1822/16/608 1815/55/608 1863/56/608
f 1866/57/608 1818/58/608 1817/46/608 1865/45/608
f 1863/59/6 1815/60/6 1818/50/6 1866/49/6
f 1867/63/5 1819/64/5 1822/61/5 1870/62/5
f 1873/65/624 1876/68/624 1875/67/624 1874/66/624
f 1877/65/625 1873/68/625 1874/67/625 1878/66/625
f 1879/65/626 1877/68/626 1878/67/626 1880/66/626
f 1876/65/608 1879/68/608 1880/67/608 1875/66/608
f 1874/69/5 1875/72/5 1880/71/5 1878/70/5
f 1881/67/627 1884/68/627 1883/65/627 1882/66/627
f 1882/67/608 1883/68/608 1886/65/608 1885/66/608
f 1885/67/626 1886/68/626 1888/65/626 1887/66/626
f 1887/67/625 1888/68/625 1884/65/625 1881/66/625
f 1887/71/5 1881/72/5 1882/69/5 1885/70/5
f 1889/73/628 1892/76/628 1891/75/628 1890/74/628
f 1893/77/620 1889/80/620 1890/79/620 1894/78/620
f 1895/81/629 1893/79/629 1894/76/629 1896/73/629
f 1892/82/608 1895/85/608 1896/84/608 1891/83/608
f 1890/86/5 1891/89/5 1896/88/5 1894/87/5
f 1893/90/6 1895/93/6 1892/92/6 1889/91/6
f 1897/1/630 1900/4/630 1899/3/631 1898/2/630
f 1898/2/630 1902/6/630 1901/5/630 1897/1/630
f 1903/7/632 1906/10/630 1905/9/633 1904/8/633
f 1906/10/630 1903/7/632 1908/12/630 1907/11/630
f 1900/4/630 1897/1/630 1906/10/630 1907/11/630
f 1905/13/634 1857/16/634 1856/15/634 1904/14/634
f 1859/17/635 1856/20/636 1857/19/636 1858/18/636
f 1856/20/636 1859/17/635 1860/22/635 1855/21/635
f 1860/14/637 1908/15/637 1903/30/637 1855/29/637
f 1854/31/5 1902/34/5 1898/33/5 1850/32/5
f 1856/35/6 1855/38/6 1903/37/6 1904/36/6
f 1900/39/637 1907/42/637 1859/41/637 1852/40/637
f 1898/43/637 1899/46/637 1851/45/637 1850/44/637
f 1852/47/6 1851/50/6 1899/49/6 1900/48/6
f 1860/51/5 1859/54/5 1907/53/5 1908/52/5
f 1849/55/634 1858/16/634 1906/13/634 1897/56/634
f 1854/46/634 1853/58/634 1901/57/634 1902/45/634
f 1853/50/6 1849/60/6 1897/59/6 1901/49/6
f 1858/61/5 1857/64/5 1905/63/5 1906/62/5
f 1909/3/630 1912/4/630 1911/1/638 1910/2/630
f 1913/6/638 1910/2/630 1911/1/638 1914/5/638
f 1915/9/630 1918/10/630 1917/11/630 1916/8/630
f 1919/7/631 1916/8/630 1917/11/630 1920/12/631
f 1917/11/630 1918/10/630 1911/1/630 1912/4/630
f 1868/15/639 1867/16/639 1915/13/639 1916/14/639
f 1866/28/640 1863/23/640 1864/24/635 1865/27/635
f 1862/26/635 1865/27/635 1864/24/635 1861/25/635
f 1919/30/641 1920/15/641 1872/14/641 1871/29/641
f 1910/33/5 1913/34/5 1865/31/5 1862/32/5
f 1919/37/6 1871/38/6 1868/35/6 1916/36/6
f 1869/41/641 1917/42/641 1912/39/641 1864/40/641
f 1861/45/641 1909/46/641 1910/43/641 1862/44/641
f 1909/49/6 1861/50/6 1864/47/6 1912/48/6
f 1917/53/5 1869/54/5 1872/51/5 1920/52/5
f 1918/13/639 1870/16/639 1863/55/639 1911/56/639
f 1914/57/639 1866/58/639 1865/46/639 1913/45/639
f 1911/59/6 1863/60/6 1866/50/6 1914/49/6
f 1915/63/5 1867/64/5 1870/61/5 1918/62/5
f 1921/65/642 1924/68/642 1923/67/642 1922/66/642
f 1925/65/614 1921/68/614 1922/67/614 1926/66/614
f 1927/65/643 1925/68/643 1926/67/643 1928/66/643
f 1924/65/644 1927/68/644 1928/67/644 1923/66/644
f 1922/69/5 1923/72/5 1928/71/5 1926/70/5
f 1929/67/642 1932/68/642 1931/65/642 1930/66/642
f 1930/67/616 1931/68/616 1934/65/616 1933/66/616
f 1933/67/645 1934/68/645 1936/65/645 1935/66/645
f 1935/67/625 1936/68/625 1932/65/625 1929/66/625
f 1935/71/5 1929/72/5 1930/69/5 1933/70/5
f 1937/73/646 1940/76/646 1939/75/646 1938/74/646
f 1941/77/647 1937/80/647 1938/79/647 1942/78/647
f 1943/81/648 1941/79/648 1942/76/648 1944/73/648
f 1940/82/649 1943/85/649 1944/84/649 1939/83/649
f 1938/86/5 1939/89/5 1944/88/5 1942/87/5
f 1941/90/6 1943/93/6 1940/92/6 1937/91/6
f 1945/1/650 1948/4/651 1947/3/652 1946/2/651
f 1946/2/651 1950/6/650 1949/5/650 1945/1/650
f 1951/7/653 1954/10/651 1953/9/651 1952/8/651
f 1954/10/651 1951/7/653 1956/12/653 1955/11/653
f 1948/4/651 1945/1/650 1954/10/653 1955/11/653
f 1953/13/654 1905/16/654 1904/15/654 1952/14/654
f 1907/17/655 1904/20/655 1905/19/656 1906/18/656
f 1904/20/655 1907/17/655 1908/22/655 1903/21/655
f 1908/14/657 1956/15/657 1951/30/657 1903/29/657
f 1902/31/5 1950/34/5 1946/33/5 1898/32/5
f 1904/35/6 1903/38/6 1951/37/6 1952/36/6
f 1948/39/657 1955/42/657 1907/41/657 1900/40/657
f 1946/43/657 1947/46/657 1899/45/657 1898/44/657
f 1900/47/6 1899/50/6 1947/49/6 1948/48/6
f 1908/51/5 1907/54/5 1955/53/5 1956/52/5
f 1897/55/654 1906/16/654 1954/13/654 1945/56/654
f 1902/46/654 1901/58/654 1949/57/654 1950/45/654
f 1901/50/6 1897/60/6 1945/59/6 1949/49/6
f 1906/61/5 1905/64/5 1953/63/5 1954/62/5
f 1957/3/658 1960/4/658 1959/1/658 1958/2/658
f 1961/6/658 1958/2/658 1959/1/658 1962/5/658
f 1963/9/653 1966/10/653 1965/11/651 1964/8/653
f 1967/7/651 1964/8/653 1965/11/651 1968/12/651
f 1965/11/651 1966/10/653 1959/1/659 1960/4/659
f 1916/15/660 1915/16/660 1963/13/660 1964/14/660
f 1914/28/656 1911/23/656 1912/24/661 1913/27/655
f 1910/26/661 1913/27/655 1912/24/661 1909/25/661
f 1967/30/662 1968/15/662 1920/14/662 1919/29/662
f 1958/33/5 1961/34/5 1913/31/5 1910/32/5
f 1967/37/6 1919/38/6 1916/35/6 1964/36/6
f 1917/41/662 1965/42/662 1960/39/662 1912/40/662
f 1909/45/663 1957/46/663 1958/43/663 1910/44/663
f 1957/49/6 1909/50/6 1912/47/6 1960/48/6
f 1965/53/5 1917/54/5 1920/51/5 1968/52/5
f 1966/13/664 1918/16/664 1911/55/664 1959/56/664
f 1962/57/664 1914/58/664 1913/46/664 1961/45/664
f 1959/59/6 1911/60/6 1914/50/6 1962/49/6
f 1963/63/5 1915/64/5 1918/61/5 1966/62/5
f 1969/65/665 1972/68/665 1971/67/665 1970/66/665
f 1973/65/666 1969/68/666 1970/67/666 1974/66/666
f 1975/65/667 1973/68/667 1974/67/667 1976/66/667
f 1972/65/657 1975/68/657 1976/67/657 1971/66/657
f 1970/69/5 1971/72/5 1976/71/5 1974/70/5
f 1977/67/668 1980/68/668 1979/65/668 1978/66/668
f 1978/67/669 1979/68/669 1982/65/669 1981/66/669
f 1981/67/670 1982/68/670 1984/65/670 1983/66/670
f 1983/67/654 1984/68/654 1980/65/654 1977/66/654
f 1983/71/5 1977/72/5 1978/69/5 1981/70/5
f 1985/73/671 1988/76/671 1987/75/671 1986/74/671
f 1989/77/666 1985/80/666 1986/79/666 1990/78/666
f 1991/81/672 1989/79/672 1990/76/672 1992/73/672
f 1988/82/660 1991/85/660 1992/84/660 1987/83/660
f 1986/86/5 1987/89/5 1992/88/5 1990/87/5
f 1989/90/6 1991/93/6 1988/92/6 1985/91/6
f 1993/1/673 1996/4/673 1995/3/674 1994/2/673
f 1994/2/673 1998/6/675 1997/5/675 1993/1/673
f 1999/7/673 2002/10/676 2001/9/676 2000/8/676
f 2002/10/676 1999/7/673 2004/12/677 2003/11/677
f 1996/4/673 1993/1/673 2002/10/673 2003/11/673
f 2001/13/662 1953/16/662 1952/15/662 2000/14/662
f 1955/17/678 1952/20/679 1953/19/679 1954/18/679
f 1952/20/679 1955/17/678 1956/22/678 1951/21/678
f 1956/14/669 2004/15/669 1999/30/669 1951/29/669
f 1950/31/5 1998/34/5 1994/33/5 1946/32/5
f 1952/35/6 1951/38/6 1999/37/6 2000/36/6
f 1996/39/669 2003/42/669 1955/41/669 1948/40/669
f 1994/43/669 1995/46/669 1947/45/669 1946/44/669
f 1948/47/6 1947/50/6 1995/49/6 1996/48/6
f 1956/51/5 1955/54/5 2003/53/5 2004/52/5
f 1945/55/662 1954/16/662 2002/13/662 1993/56/662
f 1950/46/662 1949/58/662 1997/57/662 1998/45/662
f 1949/50/6 1945/60/6 1993/59/6 1997/49/6
f 1954/61/5 1953/64/5 2001/63/5 2002/62/5
f 2005/3/680 2008/4/680 2007/1/673 2006/2/680
f 2009/6/673 2006/2/680 2007/1/673 2010/5/673
f 2011/9/677 2014/10/681 2013/11/673 2012/8/677
f 2015/7/673 2012/8/677 2013/11/673 2016/12/673
f 2013/11/673 2014/10/681 2007/1/673 2008/4/673
f 1964/15/682 1963/16/682 2011/13/682 2012/14/682
f 1962/28/683 1959/23/683 1960/24/684 1961/27/683
f 1958/26/684 1961/27/683 1960/24/684 1957/25/684
f 2015/30/654 2016/15/654 1968/14/654 1967/29/654
f 2006/33/5 2009/34/5 1961/31/5 1958/32/5
f 2015/37/6 1967/38/6 1964/35/6 2012/36/6
f 1965/41/662 2013/42/662 2008/39/662 1960/40/662
f 1957/45/662 2005/46/662 2006/43/662 1958/44/662
f 2005/49/6 1957/50/6 1960/47/6 2008/48/6
f 2013/53/5 1965/54/5 1968/51/5 2016/52/5
f 2014/13/669 1966/16/669 1959/55/669 2007/56/669
f 2010/57/657 1962/58/657 1961/46/657 2009/45/657
f 2007/59/6 1959/60/6 1962/50/6 2010/49/6
f 2011/63/5 1963/64/5 1966/61/5 2014/62/5
f 2017/65/685 2020/68/685 2019/67/685 2018/66/685
f 2021/65/686 2017/68/686 2018/67/686 2022/66/686
f 2023/65/687 2021/68/687 2022/67/687 2024/66/687
f 2020/65/669 2023/68/669 2024/67/669 2019/66/669
f 2018/69/5 2019/72/5 2024/71/5 2022/70/5
f 2025/67/685 2028/68/685 2027/65/685 2026/66/685
f 2026/67/657 2027/68/657 2030/65/657 2029/66/657
f 2029/67/687 2030/68/687 2032/65/687 2031/66/687
f 2031/67/688 2032/68/688 2028/65/688 2025/66/688
f 2031/71/5 2025/72/5 2026/69/5 2029/70/5
f 2033/73/689 2036/76/689 2035/75/689 2034/74/689
f 2037/77/662 2033/80/662 2034/79/662 2038/78/662
f 2039/81/690 2037/79/690 2038/76/690 2040/73/690
f 2036/82/657 2039/85/657 2040/84/657 2035/83/657
f 2034/86/5 2035/89/5 2040/88/5 2038/87/5
f 2037/90/6 2039/93/6 2036/92/6 2033/91/6
f 2041/1/691 2044/4/693 2043/3/692 2042/2/691
f 2042/2/691 2046/6/691 2045/5/691 2041/1/691
f 2047/7/693 2050/10/694 2049/9/694 2048/8/694
f 2050/10/694 2047/7/693 2052/12/693 2051/11/693
f 2044/4/693 2041/1/691 2050/10/693 2051/11/693
f 2049/13/695 2001/16/695 2000/15/695 2048/14/695
f 2003/17/696 2000/20/697 2001/19/697 2002/18/697
f 2000/20/697 2003/17/696 2004/22/696 1999/21/696
f 2004/14/698 2052/15/698 2047/30/698 1999/29/698
f 1998/31/5 2046/34/5 2042/33/5 1994/32/5
f 2000/35/6 1999/38/6 2047/37/6 2048/36/6
f 2044/39/698 2051/42/698 2003/41/698 1996/40/698
f 2042/43/698 2043/46/698 1995/45/698 1994/44/698
f 1996/47/6 1995/50/6 2043/49/6 2044/48/6
f 2004/51/5 2003/54/5 2051/53/5 2052/52/5
f 1993/55/695 2002/16/695 2050/13/695 2041/56/695
f 1998/46/695 1997/58/695 2045/57/695 2046/45/695
f 1997/50/6 1993/60/6 2041/59/6 2045/49/6
f 2002/61/5 2001/64/5 2049/63/5 2050/62/5
f 2053/3/699 2056/4/699 2055/1/694 2054/2/694
f 2057/6/694 2054/2/694 2055/1/694 2058/5/694
f 2059/9/693 2062/10/693 2061/11/693 2060/8/693
f 2063/7/694 2060/8/693 2061/11/693 2064/12/694
f 2061/11/693 2062/10/693 2055/1/693 2056/4/693
f 2012/15/700 2011/16/700 2059/13/700 2060/14/700
f 2010/28/696 2007/23/696 2008/24/701 2009/27/696
f 2006/26/701 2009/27/696 2008/24/701 2005/25/701
f 2063/30/702 2064/15/702 2016/14/702 2015/29/702
f 2054/33/5 2057/34/5 2009/31/5 2006/32/5
f 2063/37/6 2015/38/6 2012/35/6 2060/36/6
f 2013/41/702 2061/42/702 2056/39/702 2008/40/702
f 2005/45/702 2053/46/702 2054/43/702 2006/44/702
f 2053/49/6 2005/50/6 2008/47/6 2056/48/6
f 2061/53/5 2013/54/5 2016/51/5 2064/52/5
f 2062/13/703 2014/16/703 2007/55/703 2055/56/703
f 2058/57/703 2010/58/703 2009/46/703 2057/45/703
f 2055/59/6 2007/60/6 2010/50/6 2058/49/6
f 2059/63/5 2011/64/5 2014/61/5 2062/62/5
f 2065/65/704 2068/68/704 2067/67/704 2066/66/704
f 2069/65/705 2065/68/705 2066/67/705 2070/66/705
f 2071/65/706 2069/68/706 2070/67/706 2072/66/706
f 2068/65/707 2071/68/707 2072/67/707 2067/66/707
f 2066/69/5 2067/72/5 2072/71/5 2070/70/5
f 2073/67/704 2076/68/704 2075/65/704 2074/66/704
f 2074/67/660 2075/68/660 2078/65/660 2077/66/660
f 2077/67/708 2078/68/708 2080/65/708 2079/66/708
f 2079/67/709 2080/68/709 2076/65/709 2073/66/709
f 2079/71/5 2073/72/5 2074/69/5 2077/70/5
f 2081/73/710 2084/76/710 2083/75/710 2082/74/710
f 2085/77/711 2081/80/711 2082/79/711 2086/78/711
f 2087/81/712 2085/79/712 2086/76/712 2088/73/712
f 2084/82/713 2087/85/713 2088/84/713 2083/83/713
f 2082/86/5 2083/89/5 2088/88/5 2086/87/5
f 2085/90/6 2087/93/6 2084/92/6 2081/91/6
f 2089/1/714 2092/4/714 2091/3/716 2090/2/715
f 2090/2/715 2094/6/714 2093/5/714 2089/1/714
f 2095/7/717 2098/10/717 2097/9/717 2096/8/717
f 2098/10/717 2095/7/717 2100/12/718 2099/11/718
f 2092/4/714 2089/1/714 2098/10/717 2099/11/717
f 2097/13/719 2049/16/719 2048/15/719 2096/14/719
f 2051/17/720 2048/20/721 2049/19/721 2050/18/721
f 2048/20/721 2051/17/720 2052/22/720 2047/21/720
f 2052/14/722 2100/15/722 2095/30/722 2047/29/722
f 2046/31/5 2094/34/5 2090/33/5 2042/32/5
f 2048/35/6 2047/38/6 2095/37/6 2096/36/6
f 2092/39/722 2099/42/722 2051/41/722 2044/40/722
f 2090/43/722 2091/46/722 2043/45/722 2042/44/722
f 2044/47/6 2043/50/6 2091/49/6 2092/48/6
f 2052/51/5 2051/54/5 2099/53/5 2100/52/5
f 2041/55/719 2050/16/719 2098/13/719 2089/56/719
f 2046/46/719 2045/58/719 2093/57/719 2094/45/719
f 2045/50/6 2041/60/6 2089/59/6 2093/49/6
f 2050/61/5 2049/64/5 2097/63/5 2098/62/5
f 2101/3/723 2104/4/723 2103/1/717 2102/2/718
f 2105/6/724 2102/2/718 2103/1/717 2106/5/724
f 2107/9/717 2110/10/717 2109/11/717 2108/8/717
f 2111/7/725 2108/8/717 2109/11/717 2112/12/725
f 2109/11/717 2110/10/717 2103/1/717 2104/4/717
f 2060/15/726 2059/16/726 2107/13/726 2108/14/726
f 2058/28/721 2055/23/721 2056/24/721 2057/27/721
f 2054/26/720 2057/27/721 2056/24/721 2053/25/720
f 2111/30/727 2112/15/727 2064/14/727 2063/29/727
f 2102/33/5 2105/34/5 2057/31/5 2054/32/5
f 2111/37/6 2063/38/6 2060/35/6 2108/36/6
f 2061/41/727 2109/42/727 2104/39/727 2056/40/727
f 2053/45/727 2101/46/727 2102/43/727 2054/44/727
f 2101/49/6 2053/50/6 2056/47/6 2104/48/6
f 2109/53/5 2061/54/5 2064/51/5 2112/52/5
f 2110/13/726 2062/16/726 2055/55/726 2103/56/726
f 2106/57/726 2058/58/726 2057/46/726 2105/45/726
f 2103/59/6 2055/60/6 2058/50/6 2106/49/6
f 2107/63/5 2059/64/5 2062/61/5 2110/62/5
f 2113/65/728 2116/68/728 2115/67/728 2114/66/728
f 2117/65/729 2113/68/729 2114/67/729 2118/66/729
f 2119/65/730 2117/68/730 2118/67/730 2120/66/730
f 2116/65/722 2119/68/722 2120/67/722 2115/66/722
f 2114/69/5 2115/72/5 2120/71/5 2118/70/5
f 2121/67/728 2124/68/728 2123/65/728 2122/66/728
f 2122/67/731 2123/68/731 2126/65/731 2125/66/731
f 2125/67/730 2126/68/730 2128/65/730 2127/66/730
f 2127/67/732 2128/68/732 2124/65/732 2121/66/732
f 2127/71/5 2121/72/5 2122/69/5 2125/70/5
f 2129/73/733 2132/76/733 2131/75/733 2130/74/733
f 2133/77/734 2129/80/734 2130/79/734 2134/78/734
f 2135/81/735 2133/79/735 2134/76/735 2136/73/735
f 2132/82/736 2135/85/736 2136/84/736 2131/83/736
f 2130/86/5 2131/89/5 2136/88/5 2134/87/5
f 2133/90/6 2135/93/6 2132/92/6 2129/91/6
f 2137/1/737 2140/4/740 2139/3/739 2138/2/738
f 2138/2/738 2142/6/741 2141/5/741 2137/1/737
f 2143/7/738 2146/10/738 2145/9/737 2144/8/737
f 2146/10/738 2143/7/738 2148/12/738 2147/11/738
f 2140/4/740 2137/1/737 2146/10/737 2147/11/737
f 2145/13/719 2097/16/719 2096/15/719 2144/14/719
f 2099/17/742 2096/20/742 2097/19/742 2098/18/742
f 2096/20/742 2099/17/742 2100/22/742 2095/21/742
f 2100/14/736 2148/15/736 2143/30/736 2095/29/736
f 2094/31/5 2142/34/5 2138/33/5 2090/32/5
f 2096/35/6 2095/38/6 2143/37/6 2144/36/6
f 2140/39/736 2147/42/736 2099/41/736 2092/40/736
f 2138/43/722 2139/46/722 2091/45/722 2090/44/722
f 2092/47/6 2091/50/6 2139/49/6 2140/48/6
f 2100/51/5 2099/54/5 2147/53/5 2148/52/5
f 2089/55/719 2098/16/719 2146/13/719 2137/56/719
f 2094/46/719 2093/58/719 2141/57/719 2142/45/719
f 2093/50/6 2089/60/6 2137/59/6 2141/49/6
f 2098/61/5 2097/64/5 2145/63/5 2146/62/5
f 2149/3/737 2152/4/737 2151/1/737 2150/2/737
f 2153/6/737 2150/2/737 2151/1/737 2154/5/737
f 2155/9/743 2158/10/737 2157/11/737 2156/8/737
f 2159/7/741 2156/8/737 2157/11/737 2160/12/741
f 2157/11/737 2158/10/737 2151/1/737 2152/4/737
f 2108/15/722 2107/16/722 2155/13/722 2156/14/722
f 2106/28/742 2103/23/742 2104/24/744 2105/27/742
f 2102/26/744 2105/27/742 2104/24/744 2101/25/744
f 2159/30/719 2160/15/719 2112/14/719 2111/29/719
f 2150/33/5 2153/34/5 2105/31/5 2102/32/5
f 2159/37/6 2111/38/6 2108/35/6 2156/36/6
f 2109/41/719 2157/42/719 2152/39/719 2104/40/719
f 2101/45/719 2149/46/719 2150/43/719 2102/44/719
f 2149/49/6 2101/50/6 2104/47/6 2152/48/6
f 2157/53/5 2109/54/5 2112/51/5 2160/52/5
f 2158/13/722 2110/16/722 2103/55/722 2151/56/722
f 2154/57/722 2106/58/722 2105/46/722 2153/45/722
f 2151/59/6 2103/60/6 2106/50/6 2154/49/6
f 2155/63/5 2107/64/5 2110/61/5 2158/62/5
f 2161/65/745 2164/68/745 2163/67/745 2162/66/745
f 2165/65/734 2161/68/734 2162/67/734 2166/66/734
f 2167/65/746 2165/68/746 2166/67/746 2168/66/746
f 2164/65/736 2167/68/736 2168/67/736 2163/66/736
f 2162/69/5 2163/72/5 2168/71/5 2166/70/5
f 2169/67/747 2172/68/747 2171/65/747 2170/66/747
f 2170/67/726 2171/68/726 2174/65/726 2173/66/726
f 2173/67/748 2174/68/748 2176/65/748 2175/66/748
f 2175/67/749 2176/68/749 2172/65/749 2169/66/749
f 2175/71/5 2169/72/5 2170/69/5 2173/70/5
f 2177/73/750 2180/76/750 2179/75/750 2178/74/750
f 2181/77/751 2177/80/751 2178/79/751 2182/78/751
f 2183/81/752 2181/79/752 2182/76/752 2184/73/752
f 2180/82/722 2183/85/722 2184/84/722 2179/83/722
f 2178/86/5 2179/89/5 2184/88/5 2182/87/5
f 2181/90/6 2183/93/6 2180/92/6 2177/91/6
f 2185/1/753 2188/4/753 2187/3/753 2186/2/754
f 2186/2/754 2190/6/753 2189/5/753 2185/1/753
f 2191/7/755 2194/10/756 2193/9/756 2192/8/756
f 2194/10/756 2191/7/755 2196/12/755 2195/11/755
f 2188/4/753 2185/1/753 2194/10/753 2195/11/753
f 2193/13/757 2145/16/757 2144/15/757 2192/14/757
f 2147/17/758 2144/20/759 2145/19/759 2146/18/759
f 2144/20/759 2147/17/758 2148/22/758 2143/21/758
f 2148/14/760 2196/15/760 2191/30/760 2143/29/760
f 2142/31/5 2190/34/5 2186/33/5 2138/32/5
f 2144/35/6 2143/38/6 2191/37/6 2192/36/6
f 2188/39/760 2195/42/760 2147/41/760 2140/40/760
f 2186/43/760 2187/46/760 2139/45/760 2138/44/760
f 2140/47/6 2139/50/6 2187/49/6 2188/48/6
f 2148/51/5 2147/54/5 2195/53/5 2196/52/5
f 2137/55/757 2146/16/757 2194/13/757 2185/56/757
f 2142/46/757 2141/58/757 2189/57/757 2190/45/757
f 2141/50/6 2137/60/6 2185/59/6 2189/49/6
f 2146/61/5 2145/64/5 2193/63/5 2194/62/5
f 2197/3/761 2200/4/761 2199/1/762 2198/2/756
f 2201/6/763 2198/2/756 2199/1/762 2202/5/763
f 2203/9/764 2206/10/764 2205/11/756 2204/8/764
f 2207/7/762 2204/8/764 2205/11/756 2208/12/762
f 2205/11/756 2206/10/764 2199/1/756 2200/4/756
f 2156/15/760 2155/16/760 2203/13/760 2204/14/760
f 2154/28/759 2151/23/759 2152/24/759 2153/27/759
f 2150/26/759 2153/27/759 2152/24/759 2149/25/759
f 2207/30/757 2208/15/757 2160/14/757 2159/29/757
f 2198/33/5 2201/34/5 2153/31/5 2150/32/5
f 2207/37/6 2159/38/6 2156/35/6 2204/36/6
f 2157/41/757 2205/42/757 2200/39/757 2152/40/757
f 2149/45/757 2197/46/757 2198/43/757 2150/44/757
f 2197/49/6 2149/50/6 2152/47/6 2200/48/6
f 2205/53/5 2157/54/5 2160/51/5 2208/52/5
f 2206/13/760 2158/16/760 2151/55/760 2199/56/760
f 2202/57/760 2154/58/760 2153/46/760 2201/45/760
f 2199/59/6 2151/60/6 2154/50/6 2202/49/6
f 2203/63/5 2155/64/5 2158/61/5 2206/62/5
f 2209/65/765 2212/68/765 2211/67/765 2210/66/765
f 2213/65/766 2209/68/766 2210/67/766 2214/66/766
f 2215/65/767 2213/68/767 2214/67/767 2216/66/767
f 2212/65/768 2215/68/768 2216/67/768 2211/66/768
f 2210/69/5 2211/72/5 2216/71/5 2214/70/5
f 2217/67/765 2220/68/765 2219/65/765 2218/66/765
f 2218/67/769 2219/68/769 2222/65/769 2221/66/769
f 2221/67/770 2222/68/770 2224/65/770 2223/66/770
f 2223/67/771 2224/68/771 2220/65/771 2217/66/771
f 2223/71/5 2217/72/5 2218/69/5 2221/70/5
f 2225/73/772 2228/76/772 2227/75/772 2226/74/772
f 2229/77/773 2225/80/773 2226/79/773 2230/78/773
f 2231/81/774 2229/79/774 2230/76/774 2232/73/774
f 2228/82/775 2231/85/775 2232/84/775 2227/83/775
f 2226/86/5 2227/89/5 2232/88/5 2230/87/5
f 2229/90/6 2231/93/6 2228/92/6 2225/91/6
f 2233/1/776 2236/4/777 2235/3/778 2234/2/777
f 2234/2/777 2238/6/777 2237/5/777 2233/1/776
f 2239/7/779 2242/10/781 2241/9/780 2240/8/780
f 2242/10/781 2239/7/779 2244/12/779 2243/11/779
f 2236/4/777 2233/1/776 2242/10/780 2243/11/780
f 2241/13/782 2193/16/782 2192/15/782 2240/14/782
f 2195/17/783 2192/20/785 2193/19/784 2194/18/784
f 2192/20/785 2195/17/783 2196/22/783 2191/21/783
f 2196/14/786 2244/15/786 2239/30/786 2191/29/786
f 2190/31/5 2238/34/5 2234/33/5 2186/32/5
f 2192/35/6 2191/38/6 2239/37/6 2240/36/6
f 2236/39/787 2243/42/787 2195/41/787 2188/40/787
f 2234/43/786 2235/46/786 2187/45/786 2186/44/786
f 2188/47/6 2187/50/6 2235/49/6 2236/48/6
f 2196/51/5 2195/54/5 2243/53/5 2244/52/5
f 2185/55/788 2194/16/788 2242/13/788 2233/56/788
f 2190/46/788 2189/58/788 2237/57/788 2238/45/788
f 2189/50/6 2185/60/6 2233/59/6 2237/49/6
f 2194/61/5 2193/64/5 2241/63/5 2242/62/5
f 2245/3/779 2248/4/779 2247/1/789 2246/2/789
f 2249/6/789 2246/2/789 2247/1/789 2250/5/789
f 2251/9/780 2254/10/780 2253/11/777 2252/8/780
f 2255/7/778 2252/8/780 2253/11/777 2256/12/778
f 2253/11/777 2254/10/780 2247/1/780 2248/4/780
f 2204/15/786 2203/16/786 2251/13/786 2252/14/786
f 2202/28/790 2199/23/790 2200/24/785 2201/27/791
f 2198/26/785 2201/27/791 2200/24/785 2197/25/785
f 2255/30/788 2256/15/788 2208/14/788 2207/29/788
f 2246/33/5 2249/34/5 2201/31/5 2198/32/5
f 2255/37/6 2207/38/6 2204/35/6 2252/36/6
f 2205/41/788 2253/42/788 2248/39/788 2200/40/788
f 2197/45/788 2245/46/788 2246/43/788 2198/44/788
f 2245/49/6 2197/50/6 2200/47/6 2248/48/6
f 2253/53/5 2205/54/5 2208/51/5 2256/52/5
f 2254/13/786 2206/16/786 2199/55/786 2247/56/786
f 2250/57/786 2202/58/786 2201/46/786 2249/45/786
f 2247/59/6 2199/60/6 2202/50/6 2250/49/6
f 2251/63/5 2203/64/5 2206/61/5 2254/62/5
f 2257/65/792 2260/68/792 2259/67/792 2258/66/792
f 2261/65/793 2257/68/793 2258/67/793 2262/66/793
f 2263/65/794 2261/68/794 2262/67/794 2264/66/794
f 2260/65/786 2263/68/786 2264/67/786 2259/66/786
f 2258/69/5 2259/72/5 2264/71/5 2262/70/5
f 2265/67/792 2268/68/792 2267/65/792 2266/66/792
f 2266/67/795 2267/68/795 2270/65/795 2269/66/795
f 2269/67/794 2270/68/794 2272/65/794 2271/66/794
f 2271/67/796 2272/68/796 2268/65/796 2265/66/796
f 2271/71/5 2265/72/5 2266/69/5 2269/70/5
f 2273/73/797 2276/76/797 2275/75/797 2274/74/797
f 2277/77/788 2273/80/788 2274/79/788 2278/78/788
f 2279/81/798 2277/79/798 2278/76/798 2280/73/798
f 2276/82/799 2279/85/799 2280/84/799 2275/83/799
f 2274/86/5 2275/89/5 2280/88/5 2278/87/5
f 2277/90/6 2279/93/6 2276/92/6 2273/91/6
f 2281/1/800 2284/4/800 2283/3/800 2282/2/800
f 2282/2/800 2286/6/801 2285/5/801 2281/1/800
f 2287/7/800 2290/10/803 2289/9/802 2288/8/802
f 2290/10/803 2287/7/800 2292/12/800 2291/11/800
f 2284/4/800 2281/1/800 2290/10/800 2291/11/800
f 2289/13/804 2241/16/804 2240/15/804 2288/14/804
f 2243/17/805 2240/20/806 2241/19/806 2242/18/806
f 2240/20/806 2243/17/805 2244/22/805 2239/21/805
f 2244/14/786 2292/15/786 2287/30/786 2239/29/786
f 2238/31/5 2286/34/5 2282/33/5 2234/32/5
f 2240/35/6 2239/38/6 2287/37/6 2288/36/6
f 2284/39/795 2291/42/795 2243/41/795 2236/40/795
f 2282/43/786 2283/46/786 2235/45/786 2234/44/786
f 2236/47/6 2235/50/6 2283/49/6 2284/48/6
f 2244/51/5 2243/54/5 2291/53/5 2292/52/5
f 2233/55/788 2242/16/788 2290/13/788 2281/56/788
f 2238/46/788 2237/58/788 2285/57/788 2286/45/788
f 2237/50/6 2233/60/6 2281/59/6 2285/49/6
f 2242/61/5 2241/64/5 2289/63/5 2290/62/5
f 2293/3/800 2296/4/800 2295/1/800 2294/2/800
f 2297/6/800 2294/2/800 2295/1/800 2298/5/800
f 2299/9/800 2302/10/800 2301/11/800 2300/8/800
f 2303/7/800 2300/8/800 2301/11/800 2304/12/800
f 2301/11/800 2302/10/800 2295/1/800 2296/4/800
f 2252/15/786 2251/16/786 2299/13/786 2300/14/786
f 2250/28/807 2247/23/807 2248/24/807 2249/27/807
f 2246/26/807 2249/27/807 2248/24/807 2245/25/807
f 2303/30/788 2304/15/788 2256/14/788 2255/29/788
f 2294/33/5 2297/34/5 2249/31/5 2246/32/5
f 2303/37/6 2255/38/6 2252/35/6 2300/36/6
f 2253/41/782 2301/42/782 2296/39/782 2248/40/782
f 2245/45/788 2293/46/788 2294/43/788 2246/44/788
f 2293/49/6 2245/50/6 2248/47/6 2296/48/6
f 2301/53/5 2253/54/5 2256/51/5 2304/52/5
f 2302/13/787 2254/16/787 2247/55/787 2295/56/787
f 2298/57/808 2250/58/808 2249/46/808 2297/45/808
f 2295/59/6 2247/60/6 2250/50/6 2298/49/6
f 2299/63/5 2251/64/5 2254/61/5 2302/62/5
f 2305/65/809 2308/68/809 2307/67/809 2306/66/809
f 2309/65/793 2305/68/793 2306/67/793 2310/66/793
f 2311/65/810 2309/68/810 2310/67/810 2312/66/810
f 2308/65/811 2311/68/811 2312/67/811 2307/66/811
f 2306/69/5 2307/72/5 2312/71/5 2310/70/5
f 2313/67/812 2316/68/812 2315/65/812 2314/66/812
f 2314/67/808 2315/68/808 2318/65/808 2317/66/808
f 2317/67/813 2318/68/813 2320/65/813 2319/66/813
f 2319/67/788 2320/68/788 2316/65/788 2313/66/788
f 2319/71/5 2313/72/5 2314/69/5 2317/70/5
f 2321/73/814 2324/76/814 2323/75/814 2322/74/814
f 2325/77/804 2321/80/804 2322/79/804 2326/78/804
f 2327/81/815 2325/79/815 2326/76/815 2328/73/815
f 2324/82/808 2327/85/808 2328/84/808 2323/83/808
f 2322/86/5 2323/89/5 2328/88/5 2326/87/5
f 2325/90/6 2327/93/6 2324/92/6 2321/91/6
f 2329/1/816 2332/4/817 2331/3/818 2330/2/817
f 2330/2/817 2334/6/819 2333/5/819 2329/1/816
f 2335/7/820 2338/10/821 2337/9/821 2336/8/821
f 2338/10/821 2335/7/820 2340/12/820 2339/11/820
f 2332/4/817 2329/1/816 2338/10/822 2339/11/822
f 2337/13/823 2289/16/823 2288/15/823 2336/14/823
f 2291/17/824 2288/20/824 2289/19/825 2290/18/825
f 2288/20/824 2291/17/824 2292/22/826 2287/21/826
f 2292/14/827 2340/15/827 2335/30/827 2287/29/827
f 2286/31/5 2334/34/5 2330/33/5 2282/32/5
f 2288/35/6 2287/38/6 2335/37/6 2336/36/6
f 2332/39/828 2339/42/828 2291/41/828 2284/40/828
f 2330/43/827 2331/46/827 2283/45/827 2282/44/827
f 2284/47/6 2283/50/6 2331/49/6 2332/48/6
f 2292/51/5 2291/54/5 2339/53/5 2340/52/5
f 2281/55/829 2290/16/829 2338/13/829 2329/56/829
f 2286/46/823 2285/58/823 2333/57/823 2334/45/823
f 2285/50/6 2281/60/6 2329/59/6 2333/49/6
f 2290/61/5 2289/64/5 2337/63/5 2338/62/5
f 2341/3/821 2344/4/821 2343/1/822 2342/2/821
f 2345/6/817 2342/2/821 2343/1/822 2346/5/817
f 2347/9/821 2350/10/821 2349/11/830 2348/8/821
f 2351/7/817 2348/8/821 2349/11/830 2352/12/817
f 2349/11/830 2350/10/821 2343/1/830 2344/4/830
f 2300/15/828 2299/16/828 2347/13/828 2348/14/828
f 2298/28/826 2295/23/826 2296/24/826 2297/27/826
f 2294/26/826 2297/27/826 2296/24/826 2293/25/826
f 2351/30/829 2352/15/829 2304/14/829 2303/29/829
f 2342/33/5 2345/34/5 2297/31/5 2294/32/5
f 2351/37/6 2303/38/6 2300/35/6 2348/36/6
f 2301/41/829 2349/42/829 2344/39/829 2296/40/829
f 2293/45/829 2341/46/829 2342/43/829 2294/44/829
f 2341/49/6 2293/50/6 2296/47/6 2344/48/6
f 2349/53/5 2301/54/5 2304/51/5 2352/52/5
f 2350/13/828 2302/16/828 2295/55/828 2343/56/828
f 2346/57/828 2298/58/828 2297/46/828 2345/45/828
f 2343/59/6 2295/60/6 2298/50/6 2346/49/6
f 2347/63/5 2299/64/5 2302/61/5 2350/62/5
f 2353/65/831 2356/68/831 2355/67/831 2354/66/831
f 2357/65/832 2353/68/832 2354/67/832 2358/66/832
f 2359/65/833 2357/68/833 2358/67/833 2360/66/833
f 2356/65/834 2359/68/834 2360/67/834 2355/66/834
f 2354/69/5 2355/72/5 2360/71/5 2358/70/5
f 2361/67/835 2364/68/835 2363/65/835 2362/66/835
f 2362/67/836 2363/68/836 2366/65/836 2365/66/836
f 2365/67/833 2366/68/833 2368/65/833 2367/66/833
f 2367/67/837 2368/68/837 2364/65/837 2361/66/837
f 2367/71/5 2361/72/5 2362/69/5 2365/70/5
f 2369/73/838 2372/76/838 2371/75/838 2370/74/838
f 2373/77/839 2369/80/839 2370/79/839 2374/78/839
f 2375/81/840 2373/79/840 2374/76/840 2376/73/840
f 2372/82/841 2375/85/841 2376/84/841 2371/83/841
f 2370/86/5 2371/89/5 2376/88/5 2374/87/5
f 2373/90/6 2375/93/6 2372/92/6 2369/91/6
f 2377/1/842 2380/4/842 2379/3/843 2378/2/842
f 2378/2/842 2382/6/842 2381/5/842 2377/1/842
f 2383/7/844 2386/10/842 2385/9/842 2384/8/842
f 2386/10/842 2383/7/844 2388/12/845 2387/11/845
f 2380/4/842 2377/1/842 2386/10/844 2387/11/844
f 2385/13/846 2337/16/846 2336/15/846 2384/14/846
f 2339/17/847 2336/20/848 2337/19/848 2338/18/848
f 2336/20/848 2339/17/847 2340/22/849 2335/21/849
f 2340/14/850 2388/15/850 2383/30/850 2335/29/850
f 2334/31/5 2382/34/5 2378/33/5 2330/32/5
f 2336/35/6 2335/38/6 2383/37/6 2384/36/6
f 2380/39/836 2387/42/836 2339/41/836 2332/40/836
f 2378/43/850 2379/46/850 2331/45/850 2330/44/850
f 2332/47/6 2331/50/6 2379/49/6 2380/48/6
f 2340/51/5 2339/54/5 2387/53/5 2388/52/5
f 2329/55/846 2338/16/846 2386/13/846 2377/56/846
f 2334/46/846 2333/58/846 2381/57/846 2382/45/846
f 2333/50/6 2329/60/6 2377/59/6 2381/49/6
f 2338/61/5 2337/64/5 2385/63/5 2386/62/5
f 2389/3/851 2392/4/851 2391/1/852 2390/2/852
f 2393/6/852 2390/2/852 2391/1/852 2394/5/852
f 2395/9/845 2398/10/844 2397/11/842 2396/8/844
f 2399/7/842 2396/8/844 2397/11/842 2400/12/842
f 2397/11/842 2398/10/844 2391/1/844 2392/4/844
f 2348/15/850 2347/16/850 2395/13/850 2396/14/850
f 2346/28/853 2343/23/853 2344/24/854 2345/27/853
f 2342/26/847 2345/27/853 2344/24/854 2341/25/847
f 2399/30/855 2400/15/855 2352/14/855 2351/29/855
f 2390/33/5 2393/34/5 2345/31/5 2342/32/5
f 2399/37/6 2351/38/6 2348/35/6 2396/36/6
f 2349/41/856 2397/42/856 2392/39/856 2344/40/856
f 2341/45/856 2389/46/856 2390/43/856 2342/44/856
f 2389/49/6 2341/50/6 2344/47/6 2392/48/6
f 2397/53/5 2349/54/5 2352/51/5 2400/52/5
f 2398/13/836 2350/16/836 2343/55/836 2391/56/836
f 2394/57/850 2346/58/850 2345/46/850 2393/45/850
f 2391/59/6 2343/60/6 2346/50/6 2394/49/6
f 2395/63/5 2347/64/5 2350/61/5 2398/62/5
f 2401/65/857 2404/68/857 2403/67/857 2402/66/857
f 2405/65/855 2401/68/855 2402/67/855 2406/66/855
f 2407/65/858 2405/68/858 2406/67/858 2408/66/858
f 2404/65/836 2407/68/836 2408/67/836 2403/66/836
f 2402/69/5 2403/72/5 2408/71/5 2406/70/5
f 2409/67/857 2412/68/857 2411/65/857 2410/66/857
f 2410/67/859 2411/68/859 2414/65/859 2413/66/859
f 2413/67/860 2414/68/860 2416/65/860 2415/66/860
f 2415/67/856 2416/68/856 2412/65/856 2409/66/856
f 2415/71/5 2409/72/5 2410/69/5 2413/70/5
f 2417/73/861 2420/76/861 2419/75/861 2418/74/861
f 2421/77/846 2417/80/846 2418/79/846 2422/78/846
f 2423/81/862 2421/79/862 2422/76/862 2424/73/862
f 2420/82/836 2423/85/836 2424/84/836 2419/83/836
f 2418/86/5 2419/89/5 2424/88/5 2422/87/5
f 2421/90/6 2423/93/6 2420/92/6 2417/91/6
f 2425/1/863 2428/4/865 2427/3/865 2426/2/864
f 2426/2/864 2430/6/866 2429/5/866 2425/1/863
f 2431/7/864 2434/10/868 2433/9/867 2432/8/867
f 2434/10/868 2431/7/864 2436/12/869 2435/11/869
f 2428/4/865 2425/1/863 2434/10/864 2435/11/864
f 2433/13/832 2385/16/832 2384/15/832 2432/14/832
f 2387/17/870 2384/20/871 2385/19/871 2386/18/871
f 2384/20/871 2387/17/870 2388/22/870 2383/21/870
f 2388/14/859 2436/15/859 2431/30/859 2383/29/859
f 2382/31/5 2430/34/5 2426/33/5 2378/32/5
f 2384/35/6 2383/38/6 2431/37/6 2432/36/6
f 2428/39/859 2435/42/859 2387/41/859 2380/40/859
f 2426/43/859 2427/46/859 2379/45/859 2378/44/859
f 2380/47/6 2379/50/6 2427/49/6 2428/48/6
f 2388/51/5 2387/54/5 2435/53/5 2436/52/5
f 2377/55/856 2386/16/856 2434/13/856 2425/56/856
f 2382/46/832 2381/58/832 2429/57/832 2430/45/832
f 2381/50/6 2377/60/6 2425/59/6 2429/49/6
f 2386/61/5 2385/64/5 2433/63/5 2434/62/5
f 2437/3/864 2440/4/864 2439/1/872 2438/2/872
f 2441/6/872 2438/2/872 2439/1/872 2442/5/872
f 2443/9/864 2446/10/864 2445/11/872 2444/8/864
f 2447/7/872 2444/8/864 2445/11/872 2448/12/872
f 2445/11/872 2446/10/864 2439/1/864 2440/4/864
f 2396/15/836 2395/16/836 2443/13/836 2444/14/836
f 2394/28/873 2391/23/873 2392/24/873 2393/27/873
f 2390/26/873 2393/27/873 2392/24/873 2389/25/873
f 2447/30/846 2448/15/846 2400/14/846 2399/29/846
f 2438/33/5 2441/34/5 2393/31/5 2390/32/5
f 2447/37/6 2399/38/6 2396/35/6 2444/36/6
f 2397/41/846 2445/42/846 2440/39/846 2392/40/846
f 2389/45/846 2437/46/846 2438/43/846 2390/44/846
f 2437/49/6 2389/50/6 2392/47/6 2440/48/6
f 2445/53/5 2397/54/5 2400/51/5 2448/52/5
f 2446/13/836 2398/16/836 2391/55/836 2439/56/836
f 2442/57/836 2394/58/836 2393/46/836 2441/45/836
f 2439/59/6 2391/60/6 2394/50/6 2442/49/6
f 2443/63/5 2395/64/5 2398/61/5 2446/62/5
f 2449/65/874 2452/68/874 2451/67/874 2450/66/874
f 2453/65/846 2449/68/846 2450/67/846 2454/66/846
f 2455/65/875 2453/68/875 2454/67/875 2456/66/875
f 2452/65/836 2455/68/836 2456/67/836 2451/66/836
f 2450/69/5 2451/72/5 2456/71/5 2454/70/5
f 2457/67/876 2460/68/876 2459/65/876 2458/66/876
f 2458/67/877 2459/68/877 2462/65/877 2461/66/877
f 2461/67/878 2462/68/878 2464/65/878 2463/66/878
f 2463/67/832 2464/68/832 2460/65/832 2457/66/832
f 2463/71/5 2457/72/5 2458/69/5 2461/70/5
f 2465/73/879 2468/76/879 2467/75/879 2466/74/879
f 2469/77/856 2465/80/856 2466/79/856 2470/78/856
f 2471/81/880 2469/79/880 2470/76/880 2472/73/880
f 2468/82/881 2471/85/881 2472/84/881 2467/83/881
f 2466/86/5 2467/89/5 2472/88/5 2470/87/5
f 2469/90/6 2471/93/6 2468/92/6 2465/91/6
f 2473/1/882 2476/4/882 2475/3/882 2474/2/882
f 2474/2/882 2478/6/883 2477/5/883 2473/1/882
f 2479/7/882 2482/10/882 2481/9/882 2480/8/882
f 2482/10/882 2479/7/882 2484/12/882 2483/11/882
f 2476/4/882 2473/1/882 2482/10/882 2483/11/882
f 2481/13/884 2433/16/884 2432/15/884 2480/14/884
f 2435/17/885 2432/20/886 2433/19/886 2434/18/886
f 2432/20/886 2435/17/885 2436/22/885 2431/21/885
f 2436/14/887 2484/15/887 2479/30/887 2431/29/887
f 2430/31/5 2478/34/5 2474/33/5 2426/32/5
f 2432/35/6 2431/38/6 2479/37/6 2480/36/6
f 2476/39/887 2483/42/887 2435/41/887 2428/40/887
f 2474/43/887 2475/46/887 2427/45/887 2426/44/887
f 2428/47/6 2427/50/6 2475/49/6 2476/48/6
f 2436/51/5 2435/54/5 2483/53/5 2484/52/5
f 2425/55/888 2434/16/888 2482/13/888 2473/56/888
f 2430/46/884 2429/58/884 2477/57/884 2478/45/884
f 2429/50/6 2425/60/6 2473/59/6 2477/49/6
f 2434/61/5 2433/64/5 2481/63/5 2482/62/5
f 2485/3/889 2488/4/889 2487/1/883 2486/2/883
f 2489/6/883 2486/2/883 2487/1/883 2490/5/883
f 2491/9/890 2494/10/890 2493/11/883 2492/8/890
f 2495/7/891 2492/8/890 2493/11/883 2496/12/891
f 2493/11/883 2494/10/890 2487/1/890 2488/4/890
f 2444/15/892 2443/16/892 2491/13/892 2492/14/892
f 2442/28/893 2439/23/893 2440/24/894 2441/27/894
f 2438/26/894 2441/27/894 2440/24/894 2437/25/894
f 2495/30/895 2496/15/895 2448/14/895 2447/29/895
f 2486/33/5 2489/34/5 2441/31/5 2438/32/5
f 2495/37/6 2447/38/6 2444/35/6 2492/36/6
f 2445/41/896 2493/42/896 2488/39/896 2440/40/896
f 2437/45/895 2485/46/895 2486/43/895 2438/44/895
f 2485/49/6 2437/50/6 2440/47/6 2488/48/6
f 2493/53/5 2445/54/5 2448/51/5 2496/52/5
f 2494/13/892 2446/16/892 2439/55/892 2487/56/892
f 2490/57/892 2442/58/892 2441/46/892 2489/45/892
f 2487/59/6 2439/60/6 2442/50/6 2490/49/6
f 2491/63/5 2443/64/5 2446/61/5 2494/62/5
f 2497/65/897 2500/68/897 2499/67/897 2498/66/897
f 2501/65/898 2497/68/898 2498/67/898 2502/66/898
f 2503/65/899 2501/68/899 2502/67/899 2504/66/899
f 2500/65/900 2503/68/900 2504/67/900 2499/66/900
f 2498/69/5 2499/72/5 2504/71/5 2502/70/5
f 2505/67/901 2508/68/901 2507/65/901 2506/66/901
f 2506/67/902 2507/68/902 2510/65/902 2509/66/902
f 2509/67/903 2510/68/903 2512/65/903 2511/66/903
f 2511/67/904 2512/68/904 2508/65/904 2505/66/904
f 2511/71/5 2505/72/5 2506/69/5 2509/70/5
f 2513/73/905 2516/76/905 2515/75/905 2514/74/905
f 2517/77/906 2513/80/906 2514/79/906 2518/78/906
f 2519/81/907 2517/79/907 2518/76/907 2520/73/907
f 2516/82/908 2519/85/908 2520/84/908 2515/83/908
f 2514/86/5 2515/89/5 2520/88/5 2518/87/5
f 2517/90/6 2519/93/6 2516/92/6 2513/91/6
f 2521/1/909 2524/4/910 2523/3/910 2522/2/909
f 2522/2/909 2526/6/909 2525/5/909 2521/1/909
f 2527/7/909 2530/10/909 2529/9/909 2528/8/909
f 2530/10/909 2527/7/909 2532/12/911 2531/11/911
f 2524/4/910 2521/1/909 2530/10/912 2531/11/912
f 2529/13/904 2481/16/904 2480/15/904 2528/14/904
f 2483/17/913 2480/20/913 2481/19/913 2482/18/913
f 2480/20/913 2483/17/913 2484/22/913 2479/21/913
f 2484/14/902 2532/15/902 2527/30/902 2479/29/902
f 2478/31/5 2526/34/5 2522/33/5 2474/32/5
f 2480/35/6 2479/38/6 2527/37/6 2528/36/6
f 2524/39/902 2531/42/902 2483/41/902 2476/40/902
f 2522/43/902 2523/46/902 2475/45/902 2474/44/902
f 2476/47/6 2475/50/6 2523/49/6 2524/48/6
f 2484/51/5 2483/54/5 2531/53/5 2532/52/5
f 2473/55/904 2482/16/904 2530/13/904 2521/56/904
f 2478/46/904 2477/58/904 2525/57/904 2526/45/904
f 2477/50/6 2473/60/6 2521/59/6 2525/49/6
f 2482/61/5 2481/64/5 2529/63/5 2530/62/5
f 2533/3/910 2536/4/910 2535/1/909 2534/2/909
f 2537/6/914 2534/2/909 2535/1/909 2538/5/914
f 2539/9/909 2542/10/909 2541/11/909 2540/8/909
f 2543/7/909 2540/8/909 2541/11/909 2544/12/909
f 2541/11/909 2542/10/909 2535/1/912 2536/4/912
f 2492/15/902 2491/16/902 2539/13/902 2540/14/902
f 2490/28/915 2487/23/915 2488/24/915 2489/27/915
f 2486/26/915 2489/27/915 2488/24/915 2485/25/915
f 2543/30/904 2544/15/904 2496/14/904 2495/29/904
f 2534/33/5 2537/34/5 2489/31/5 2486/32/5
f 2543/37/6 2495/38/6 2492/35/6 2540/36/6
f 2493/41/916 2541/42/916 2536/39/916 2488/40/916
f 2485/45/904 2533/46/904 2534/43/904 2486/44/904
f 2533/49/6 2485/50/6 2488/47/6 2536/48/6
f 2541/53/5 2493/54/5 2496/51/5 2544/52/5
f 2542/13/902 2494/16/902 2487/55/902 2535/56/902
f 2538/57/902 2490/58/902 2489/46/902 2537/45/902
f 2535/59/6 2487/60/6 2490/50/6 2538/49/6
f 2539/63/5 2491/64/5 2494/61/5 2542/62/5
f 2545/65/917 2548/68/917 2547/67/917 2546/66/917
f 2549/65/906 2545/68/906 2546/67/906 2550/66/906
f 2551/65/918 2549/68/918 2550/67/918 2552/66/918
f 2548/65/900 2551/68/900 2552/67/900 2547/66/900
f 2546/69/5 2547/72/5 2552/71/5 2550/70/5
f 2553/67/919 2556/68/919 2555/65/919 2554/66/919
f 2554/67/902 2555/68/902 2558/65/902 2557/66/902
f 2557/67/918 2558/68/918 2560/65/918 2559/66/918
f 2559/67/904 2560/68/904 2556/65/904 2553/66/904
f 2559/71/5 2553/72/5 2554/69/5 2557/70/5
f 2561/73/920 2564/76/920 2563/75/920 2562/74/920
f 2565/77/921 2561/80/921 2562/79/921 2566/78/921
f 2567/81/922 2565/79/922 2566/76/922 2568/73/922
f 2564/82/902 2567/85/902 2568/84/902 2563/83/902
f 2562/86/5 2563/89/5 2568/88/5 2566/87/5
f 2565/90/6 2567/93/6 2564/92/6 2561/91/6
f 2569/1/923 2572/4/923 2571/3/924 2570/2/923
f 2570/2/923 2574/6/923 2573/5/923 2569/1/923
f 2575/7/923 2578/10/925 2577/9/925 2576/8/925
f 2578/10/925 2575/7/923 2580/12/924 2579/11/924
f 2572/4/923 2569/1/923 2578/10/923 2579/11/923
f 2577/13/926 2529/16/926 2528/15/926 2576/14/926
f 2531/17/927 2528/20/927 2529/19/928 2530/18/928
f 2528/20/927 2531/17/927 2532/22/927 2527/21/927
f 2532/14/929 2580/15/929 2575/30/929 2527/29/929
f 2526/31/5 2574/34/5 2570/33/5 2522/32/5
f 2528/35/6 2527/38/6 2575/37/6 2576/36/6
f 2572/39/929 2579/42/929 2531/41/929 2524/40/929
f 2570/43/929 2571/46/929 2523/45/929 2522/44/929
f 2524/47/6 2523/50/6 2571/49/6 2572/48/6
f 2532/51/5 2531/54/5 2579/53/5 2580/52/5
f 2521/55/926 2530/16/926 2578/13/926 2569/56/926
f 2526/46/926 2525/58/926 2573/57/926 2574/45/926
f 2525/50/6 2521/60/6 2569/59/6 2573/49/6
f 2530/61/5 2529/64/5 2577/63/5 2578/62/5
f 2581/3/923 2584/4/923 2583/1/923 2582/2/923
f 2585/6/923 2582/2/923 2583/1/923 2586/5/923
f 2587/9/930 2590/10/930 2589/11/932 2588/8/931
f 2591/7/925 2588/8/931 2589/11/932 2592/12/925
f 2589/11/932 2590/10/930 2583/1/923 2584/4/923
f 2540/15/933 2539/16/933 2587/13/933 2588/14/933
f 2538/28/927 2535/23/927 2536/24/934 2537/27/927
f 2534/26/935 2537/27/927 2536/24/934 2533/25/935
f 2591/30/936 2592/15/936 2544/14/936 2543/29/936
f 2582/33/5 2585/34/5 2537/31/5 2534/32/5
f 2591/37/6 2543/38/6 2540/35/6 2588/36/6
f 2541/41/936 2589/42/936 2584/39/936 2536/40/936
f 2533/45/936 2581/46/936 2582/43/936 2534/44/936
f 2581/49/6 2533/50/6 2536/47/6 2584/48/6
f 2589/53/5 2541/54/5 2544/51/5 2592/52/5
f 2590/13/937 2542/16/937 2535/55/937 2583/56/937
f 2586/57/937 2538/58/937 2537/46/937 2585/45/937
f 2583/59/6 2535/60/6 2538/50/6 2586/49/6
f 2587/63/5 2539/64/5 2542/61/5 2590/62/5
f 2593/65/938 2596/68/938 2595/67/938 2594/66/938
f 2597/65/904 2593/68/904 2594/67/904 2598/66/904
f 2599/65/939 2597/68/939 2598/67/939 2600/66/939
f 2596/65/902 2599/68/902 2600/67/902 2595/66/902
f 2594/69/5 2595/72/5 2600/71/5 2598/70/5
f 2601/67/938 2604/68/938 2603/65/938 2602/66/938
f 2602/67/908 2603/68/908 2606/65/908 2605/66/908
f 2605/67/939 2606/68/939 2608/65/939 2607/66/939
f 2607/67/898 2608/68/898 2604/65/898 2601/66/898
f 2607/71/5 2601/72/5 2602/69/5 2605/70/5
f 2609/73/940 2612/76/940 2611/75/940 2610/74/940
f 2613/77/898 2609/80/898 2610/79/898 2614/78/898
f 2615/81/941 2613/79/941 2614/76/941 2616/73/941
f 2612/82/942 2615/85/942 2616/84/942 2611/83/942
f 2610/86/5 2611/89/5 2616/88/5 2614/87/5
f 2613/90/6 2615/93/6 2612/92/6 2609/91/6
f 2617/1/943 2620/4/943 2619/3/943 2618/2/943
f 2618/2/943 2622/6/943 2621/5/943 2617/1/943
f 2623/7/944 2626/10/943 2625/9/943 2624/8/943
f 2626/10/943 2623/7/944 2628/12/944 2627/11/944
f 2620/4/943 2617/1/943 2626/10/943 2627/11/943
f 2625/13/945 2577/16/945 2576/15/945 2624/14/945
f 2579/17/946 2576/20/947 2577/19/947 2578/18/947
f 2576/20/947 2579/17/946 2580/22/946 2575/21/946
f 2580/14/948 2628/15/948 2623/30/948 2575/29/948
f 2574/31/5 2622/34/5 2618/33/5 2570/32/5
f 2576/35/6 2575/38/6 2623/37/6 2624/36/6
f 2620/39/948 2627/42/948 2579/41/948 2572/40/948
f 2618/43/948 2619/46/948 2571/45/948 2570/44/948
f 2572/47/6 2571/50/6 2619/49/6 2620/48/6
f 2580/51/5 2579/54/5 2627/53/5 2628/52/5
f 2569/55/945 2578/16/945 2626/13/945 2617/56/945
f 2574/46/945 2573/58/945 2621/57/945 2622/45/945
f 2573/50/6 2569/60/6 2617/59/6 2621/49/6
f 2578/61/5 2577/64/5 2625/63/5 2626/62/5
f 2629/3/943 2632/4/943 2631/1/943 2630/2/943
f 2633/6/943 2630/2/943 2631/1/943 2634/5/943
f 2635/9/943 2638/10/943 2637/11/949 2636/8/943
f 2639/7/950 2636/8/943 2637/11/949 2640/12/950
f 2637/11/949 2638/10/943 2631/1/943 2632/4/943
f 2588/15/951 2587/16/951 2635/13/951 2636/14/951
f 2586/28/952 2583/23/952 2584/24/952 2585/27/952
f 2582/26/952 2585/27/952 2584/24/952 2581/25/952
f 2639/30/953 2640/15/953 2592/14/953 2591/29/953
f 2630/33/5 2633/34/5 2585/31/5 2582/32/5
f 2639/37/6 2591/38/6 2588/35/6 2636/36/6
f 2589/41/953 2637/42/953 2632/39/953 2584/40/953
f 2581/45/953 2629/46/953 2630/43/953 2582/44/953
f 2629/49/6 2581/50/6 2584/47/6 2632/48/6
f 2637/53/5 2589/54/5 2592/51/5 2640/52/5
f 2638/13/954 2590/16/954 2583/55/954 2631/56/954
f 2634/57/954 2586/58/954 2585/46/954 2633/45/954
f 2631/59/6 2583/60/6 2586/50/6 2634/49/6
f 2635/63/5 2587/64/5 2590/61/5 2638/62/5
f 2641/65/955 2644/68/955 2643/67/955 2642/66/955
f 2645/65/956 2641/68/956 2642/67/956 2646/66/956
f 2647/65/957 2645/68/957 2646/67/957 2648/66/957
f 2644/65/954 2647/68/954 2648/67/954 2643/66/954
f 2642/69/5 2643/72/5 2648/71/5 2646/70/5
f 2649/67/955 2652/68/955 2651/65/955 2650/66/955
f 2650/67/954 2651/68/954 2654/65/954 2653/66/954
f 2653/67/958 2654/68/958 2656/65/958 2655/66/958
f 2655/67/953 2656/68/953 2652/65/953 2649/66/953
f 2655/71/5 2649/72/5 2650/69/5 2653/70/5
f 2657/73/959 2660/76/959 2659/75/959 2658/74/959
f 2661/77/945 2657/80/945 2658/79/945 2662/78/945
f 2663/81/960 2661/79/960 2662/76/960 2664/73/960
f 2660/82/951 2663/85/951 2664/84/951 2659/83/951
f 2658/86/5 2659/89/5 2664/88/5 2662/87/5
f 2661/90/6 2663/93/6 2660/92/6 2657/91/6
f 2665/1/961 2668/4/963 2667/3/963 2666/2/962
f 2666/2/962 2670/6/964 2669/5/964 2665/1/961
f 2671/7/961 2674/10/965 2673/9/965 2672/8/965
f 2674/10/965 2671/7/961 2676/12/966 2675/11/966
f 2668/4/963 2665/1/961 2674/10/967 2675/11/967
f 2673/13/953 2625/16/953 2624/15/953 2672/14/953
f 2627/17/968 2624/20/969 2625/19/969 2626/18/969
f 2624/20/969 2627/17/968 2628/22/968 2623/21/968
f 2628/14/948 2676/15/948 2671/30/948 2623/29/948
f 2622/31/5 2670/34/5 2666/33/5 2618/32/5
f 2624/35/6 2623/38/6 2671/37/6 2672/36/6
f 2668/39/954 2675/42/954 2627/41/954 2620/40/954
f 2666/43/954 2667/46/954 2619/45/954 2618/44/954
f 2620/47/6 2619/50/6 2667/49/6 2668/48/6
f 2628/51/5 2627/54/5 2675/53/5 2676/52/5
f 2617/55/945 2626/16/945 2674/13/945 2665/56/945
f 2622/46/953 2621/58/953 2669/57/953 2670/45/953
f 2621/50/6 2617/60/6 2665/59/6 2669/49/6
f 2626/61/5 2625/64/5 2673/63/5 2674/62/5
f 2677/3/964 2680/4/964 2679/1/970 2678/2/970
f 2681/6/970 2678/2/970 2679/1/970 2682/5/970
f 2683/9/962 2686/10/965 2685/11/971 2684/8/962
f 2687/7/965 2684/8/962 2685/11/971 2688/12/965
f 2685/11/971 2686/10/965 2679/1/971 2680/4/971
f 2636/15/948 2635/16/948 2683/13/948 2684/14/948
f 2634/28/969 2631/23/969 2632/24/969 2633/27/969
f 2630/26/969 2633/27/969 2632/24/969 2629/25/969
f 2687/30/945 2688/15/945 2640/14/945 2639/29/945
f 2678/33/5 2681/34/5 2633/31/5 2630/32/5
f 2687/37/6 2639/38/6 2636/35/6 2684/36/6
f 2637/41/945 2685/42/945 2680/39/945 2632/40/945
f 2629/45/945 2677/46/945 2678/43/945 2630/44/945
f 2677/49/6 2629/50/6 2632/47/6 2680/48/6
f 2685/53/5 2637/54/5 2640/51/5 2688/52/5
f 2686/13/948 2638/16/948 2631/55/948 2679/56/948
f 2682/57/948 2634/58/948 2633/46/948 2681/45/948
f 2679/59/6 2631/60/6 2634/50/6 2682/49/6
f 2683/63/5 2635/64/5 2638/61/5 2686/62/5
f 2689/65/972 2692/68/972 2691/67/972 2690/66/972
f 2693/65/953 2689/68/953 2690/67/953 2694/66/953
f 2695/65/973 2693/68/973 2694/67/973 2696/66/973
f 2692/65/974 2695/68/974 2696/67/974 2691/66/974
f 2690/69/5 2691/72/5 2696/71/5 2694/70/5
f 2697/67/975 2700/68/975 2699/65/975 2698/66/975
f 2698/67/954 2699/68/954 2702/65/954 2701/66/954
f 2701/67/976 2702/68/976 2704/65/976 2703/66/976
f 2703/67/977 2704/68/977 2700/65/977 2697/66/977
f 2703/71/5 2697/72/5 2698/69/5 2701/70/5
f 2705/73/978 2708/76/978 2707/75/978 2706/74/978
f 2709/77/953 2705/80/953 2706/79/953 2710/78/953
f 2711/81/979 2709/79/979 2710/76/979 2712/73/979
f 2708/82/948 2711/85/948 2712/84/948 2707/83/948
f 2706/86/5 2707/89/5 2712/88/5 2710/87/5
f 2709/90/6 2711/93/6 2708/92/6 2705/91/6
f 2713/1/980 2716/4/981 2715/3/981 2714/2/981
f 2714/2/981 2718/6/980 2717/5/980 2713/1/980
f 2719/7/982 2722/10/980 2721/9/981 2720/8/981
f 2722/10/980 2719/7/982 2724/12/982 2723/11/982
f 2716/4/981 2713/1/980 2722/10/983 2723/11/983
f 2721/13/984 2673/16/984 2672/15/984 2720/14/984
f 2675/17/985 2672/20/987 2673/19/986 2674/18/986
f 2672/20/987 2675/17/985 2676/22/985 2671/21/985
f 2676/14/988 2724/15/988 2719/30/988 2671/29/988
f 2670/31/5 2718/34/5 2714/33/5 2666/32/5
f 2672/35/6 2671/38/6 2719/37/6 2720/36/6
f 2716/39/988 2723/42/988 2675/41/988 2668/40/988
f 2714/43/988 2715/46/988 2667/45/988 2666/44/988
f 2668/47/6 2667/50/6 2715/49/6 2716/48/6
f 2676/51/5 2675/54/5 2723/53/5 2724/52/5
f 2665/55/984 2674/16/984 2722/13/984 2713/56/984
f 2670/46/984 2669/58/984 2717/57/984 2718/45/984
f 2669/50/6 2665/60/6 2713/59/6 2717/49/6
f 2674/61/5 2673/64/5 2721/63/5 2722/62/5
f 2725/3/989 2728/4/989 2727/1/982 2726/2/982
f 2729/6/982 2726/2/982 2727/1/982 2730/5/982
f 2731/9/982 2734/10/980 2733/11/980 2732/8/980
f 2735/7/981 2732/8/980 2733/11/980 2736/12/981
f 2733/11/980 2734/10/980 2727/1/983 2728/4/983
f 2684/15/990 2683/16/990 2731/13/990 2732/14/990
f 2682/28/991 2679/23/991 2680/24/985 2681/27/985
f 2678/26/985 2681/27/985 2680/24/985 2677/25/985
f 2735/30/992 2736/15/992 2688/14/992 2687/29/992
f 2726/33/5 2729/34/5 2681/31/5 2678/32/5
f 2735/37/6 2687/38/6 2684/35/6 2732/36/6
f 2685/41/984 2733/42/984 2728/39/984 2680/40/984
f 2677/45/992 2725/46/992 2726/43/992 2678/44/992
f 2725/49/6 2677/50/6 2680/47/6 2728/48/6
f 2733/53/5 2685/54/5 2688/51/5 2736/52/5
f 2734/13/988 2686/16/988 2679/55/988 2727/56/988
f 2730/57/990 2682/58/990 2681/46/990 2729/45/990
f 2727/59/6 2679/60/6 2682/50/6 2730/49/6
f 2731/63/5 2683/64/5 2686/61/5 2734/62/5
f 2737/65/993 2740/68/993 2739/67/993 2738/66/993
f 2741/65/945 2737/68/945 2738/67/945 2742/66/945
f 2743/65/994 2741/68/994 2742/67/994 2744/66/994
f 2740/65/954 2743/68/954 2744/67/954 2739/66/954
f 2738/69/5 2739/72/5 2744/71/5 2742/70/5
f 2745/67/995 2748/68/995 2747/65/995 2746/66/995
f 2746/67/996 2747/68/996 2750/65/996 2749/66/996
f 2749/67/997 2750/68/997 2752/65/997 2751/66/997
f 2751/67/998 2752/68/998 2748/65/998 2745/66/998
f 2751/71/5 2745/72/5 2746/69/5 2749/70/5
f 2753/73/999 2756/76/999 2755/75/999 2754/74/999
f 2757/77/1000 2753/80/1000 2754/79/1000 2758/78/1000
f 2759/81/1001 2757/79/1001 2758/76/1001 2760/73/1001
f 2756/82/1002 2759/85/1002 2760/84/1002 2755/83/1002
f 2754/86/5 2755/89/5 2760/88/5 2758/87/5
f 2757/90/6 2759/93/6 2756/92/6 2753/91/6
f 2761/1/1003 2764/4/1005 2763/3/1004 2762/2/1004
f 2762/2/1004 2766/6/1003 2765/5/1003 2761/1/1003
f 2767/7/1005 2770/10/1005 2769/9/1005 2768/8/1005
f 2770/10/1005 2767/7/1005 2772/12/1005 2771/11/1005
f 2764/4/1005 2761/1/1003 2770/10/1006 2771/11/1006
f 2769/13/1007 2721/16/1007 2720/15/1007 2768/14/1007
f 2723/17/1008 2720/20/1009 2721/19/1009 2722/18/1009
f 2720/20/1009 2723/17/1008 2724/22/1010 2719/21/1010
f 2724/14/1011 2772/15/1011 2767/30/1011 2719/29/1011
f 2718/31/5 2766/34/5 2762/33/5 2714/32/5
f 2720/35/6 2719/38/6 2767/37/6 2768/36/6
f 2764/39/1011 2771/42/1011 2723/41/1011 2716/40/1011
f 2762/43/1012 2763/46/1012 2715/45/1012 2714/44/1012
f 2716/47/6 2715/50/6 2763/49/6 2764/48/6
f 2724/51/5 2723/54/5 2771/53/5 2772/52/5
f 2713/55/1007 2722/16/1007 2770/13/1007 2761/56/1007
f 2718/46/1013 2717/58/1013 2765/57/1013 2766/45/1013
f 2717/50/6 2713/60/6 2761/59/6 2765/49/6
f 2722/61/5 2721/64/5 2769/63/5 2770/62/5
f 2773/3/1014 2776/4/1014 2775/1/1015 2774/2/1006
f 2777/6/1015 2774/2/1006 2775/1/1015 2778/5/1015
f 2779/9/1016 2782/10/1017 2781/11/1006 2780/8/1016
f 2783/7/1006 2780/8/1016 2781/11/1006 2784/12/1006
f 2781/11/1006 2782/10/1017 2775/1/1014 2776/4/1014
f 2732/15/1018 2731/16/1018 2779/13/1018 2780/14/1018
f 2730/28/1019 2727/23/1019 2728/24/1010 2729/27/1020
f 2726/26/1010 2729/27/1020 2728/24/1010 2725/25/1010
f 2783/30/1021 2784/15/1021 2736/14/1021 2735/29/1021
f 2774/33/5 2777/34/5 2729/31/5 2726/32/5
f 2783/37/6 2735/38/6 2732/35/6 2780/36/6
f 2733/41/1021 2781/42/1021 2776/39/1021 2728/40/1021
f 2725/45/1021 2773/46/1021 2774/43/1021 2726/44/1021
f 2773/49/6 2725/50/6 2728/47/6 2776/48/6
f 2781/53/5 2733/54/5 2736/51/5 2784/52/5
f 2782/13/1018 2734/16/1018 2727/55/1018 2775/56/1018
f 2778/57/1018 2730/58/1018 2729/46/1018 2777/45/1018
f 2775/59/6 2727/60/6 2730/50/6 2778/49/6
f 2779/63/5 2731/64/5 2734/61/5 2782/62/5
f 2785/65/1022 2788/68/1022 2787/67/1022 2786/66/1022
f 2789/65/1021 2785/68/1021 2786/67/1021 2790/66/1021
f 2791/65/1023 2789/68/1023 2790/67/1023 2792/66/1023
f 2788/65/1018 2791/68/1018 2792/67/1018 2787/66/1018
f 2786/69/5 2787/72/5 2792/71/5 2790/70/5
f 2793/67/1024 2796/68/1024 2795/65/1024 2794/66/1024
f 2794/67/1025 2795/68/1025 2798/65/1025 2797/66/1025
f 2797/67/1026 2798/68/1026 2800/65/1026 2799/66/1026
f 2799/67/1021 2800/68/1021 2796/65/1021 2793/66/1021
f 2799/71/5 2793/72/5 2794/69/5 2797/70/5
f 2801/73/1027 2804/76/1027 2803/75/1027 2802/74/1027
f 2805/77/1028 2801/80/1028 2802/79/1028 2806/78/1028
f 2807/81/1029 2805/79/1029 2806/76/1029 2808/73/1029
f 2804/82/1018 2807/85/1018 2808/84/1018 2803/83/1018
f 2802/86/5 2803/89/5 2808/88/5 2806/87/5
f 2805/90/6 2807/93/6 2804/92/6 2801/91/6
f 2809/1/1030 2812/4/1030 2811/3/1031 2810/2/1030
f 2810/2/1030 2814/6/1030 2813/5/1030 2809/1/1030
f 2815/7/1032 2818/10/1033 2817/9/1033 2816/8/1033
f 2818/10/1033 2815/7/1032 2820/12/1032 2819/11/1032
f 2812/4/1030 2809/1/1030 2818/10/1032 2819/11/1032
f 2817/13/1021 2769/16/1021 2768/15/1021 2816/14/1021
f 2771/17/1034 2768/20/1034 2769/19/1034 2770/18/1034
f 2768/20/1034 2771/17/1034 2772/22/1035 2767/21/1035
f 2772/14/1018 2820/15/1018 2815/30/1018 2767/29/1018
f 2766/31/5 2814/34/5 2810/33/5 2762/32/5
f 2768/35/6 2767/38/6 2815/37/6 2816/36/6
f 2812/39/1018 2819/42/1018 2771/41/1018 2764/40/1018
f 2810/43/1018 2811/46/1018 2763/45/1018 2762/44/1018
f 2764/47/6 2763/50/6 2811/49/6 2812/48/6
f 2772/51/5 2771/54/5 2819/53/5 2820/52/5
f 2761/55/1021 2770/16/1021 2818/13/1021 2809/56/1021
f 2766/46/1021 2765/58/1021 2813/57/1021 2814/45/1021
f 2765/50/6 2761/60/6 2809/59/6 2813/49/6
f 2770/61/5 2769/64/5 2817/63/5 2818/62/5
f 2821/3/1036 2824/4/1036 2823/1/1037 2822/2/1036
f 2825/6/1038 2822/2/1036 2823/1/1037 2826/5/1038
f 2827/9/1032 2830/10/1032 2829/11/1032 2828/8/1032
f 2831/7/1032 2828/8/1032 2829/11/1032 2832/12/1032
f 2829/11/1032 2830/10/1032 2823/1/1032 2824/4/1032
f 2780/15/1011 2779/16/1011 2827/13/1011 2828/14/1011
f 2778/28/1039 2775/23/1039 2776/24/1041 2777/27/1040
f 2774/26/1035 2777/27/1040 2776/24/1041 2773/25/1035
f 2831/30/1007 2832/15/1007 2784/14/1007 2783/29/1007
f 2822/33/5 2825/34/5 2777/31/5 2774/32/5
f 2831/37/6 2783/38/6 2780/35/6 2828/36/6
f 2781/41/1013 2829/42/1013 2824/39/1013 2776/40/1013
f 2773/45/1013 2821/46/1013 2822/43/1013 2774/44/1013
f 2821/49/6 2773/50/6 2776/47/6 2824/48/6
f 2829/53/5 2781/54/5 2784/51/5 2832/52/5
f 2830/13/1011 2782/16/1011 2775/55/1011 2823/56/1011
f 2826/57/1012 2778/58/1012 2777/46/1012 2825/45/1012
f 2823/59/6 2775/60/6 2778/50/6 2826/49/6
f 2827/63/5 2779/64/5 2782/61/5 2830/62/5
f 2833/65/1042 2836/68/1042 2835/67/1042 2834/66/1042
f 2837/65/1013 2833/68/1013 2834/67/1013 2838/66/1013
f 2839/65/1043 2837/68/1043 2838/67/1043 2840/66/1043
f 2836/65/1011 2839/68/1011 2840/67/1011 2835/66/1011
f 2834/69/5 2835/72/5 2840/71/5 2838/70/5
f 2841/67/1042 2844/68/1042 2843/65/1042 2842/66/1042
f 2842/67/1018 2843/68/1018 2846/65/1018 2845/66/1018
f 2845/67/1044 2846/68/1044 2848/65/1044 2847/66/1044
f 2847/67/1045 2848/68/1045 2844/65/1045 2841/66/1045
f 2847/71/5 2841/72/5 2842/69/5 2845/70/5
f 2849/73/1046 2852/76/1046 2851/75/1046 2850/74/1046
f 2853/77/1021 2849/80/1021 2850/79/1021 2854/78/1021
f 2855/81/1047 2853/79/1047 2854/76/1047 2856/73/1047
f 2852/82/1011 2855/85/1011 2856/84/1011 2851/83/1011
f 2850/86/5 2851/89/5 2856/88/5 2854/87/5
f 2853/90/6 2855/93/6 2852/92/6 2849/91/6
f 2857/1/1048 2860/4/1051 2859/3/1050 2858/2/1049
f 2858/2/1049 2862/6/1052 2861/5/1052 2857/1/1048
f 2863/7/1053 2866/10/1048 2865/9/1049 2864/8/1049
f 2866/10/1048 2863/7/1053 2868/12/1054 2867/11/1054
f 2860/4/1051 2857/1/1048 2866/10/1055 2867/11/1055
f 2865/13/1056 2817/16/1056 2816/15/1056 2864/14/1056
f 2819/17/1057 2816/20/1058 2817/19/1058 2818/18/1058
f 2816/20/1058 2819/17/1057 2820/22/1057 2815/21/1057
f 2820/14/1059 2868/15/1059 2863/30/1059 2815/29/1059
f 2814/31/5 2862/34/5 2858/33/5 2810/32/5
f 2816/35/6 2815/38/6 2863/37/6 2864/36/6
f 2860/39/1059 2867/42/1059 2819/41/1059 2812/40/1059
f 2858/43/1059 2859/46/1059 2811/45/1059 2810/44/1059
f 2812/47/6 2811/50/6 2859/49/6 2860/48/6
f 2820/51/5 2819/54/5 2867/53/5 2868/52/5
f 2809/55/1056 2818/16/1056 2866/13/1056 2857/56/1056
f 2814/46/1056 2813/58/1056 2861/57/1056 2862/45/1056
f 2813/50/6 2809/60/6 2857/59/6 2861/49/6
f 2818/61/5 2817/64/5 2865/63/5 2866/62/5
f 2869/3/1060 2872/4/1060 2871/1/1053 2870/2/1061
f 2873/6/1053 2870/2/1061 2871/1/1053 2874/5/1053
f 2875/9/1053 2878/10/1053 2877/11/1051 2876/8/1062
f 2879/7/1049 2876/8/1062 2877/11/1051 2880/12/1049
f 2877/11/1051 2878/10/1053 2871/1/1055 2872/4/1055
f 2828/15/1059 2827/16/1059 2875/13/1059 2876/14/1059
f 2826/28/1063 2823/23/1063 2824/24/1064 2825/27/1063
f 2822/26/1064 2825/27/1063 2824/24/1064 2821/25/1064
f 2879/30/1056 2880/15/1056 2832/14/1056 2831/29/1056
f 2870/33/5 2873/34/5 2825/31/5 2822/32/5
f 2879/37/6 2831/38/6 2828/35/6 2876/36/6
f 2829/41/1056 2877/42/1056 2872/39/1056 2824/40/1056
f 2821/45/1056 2869/46/1056 2870/43/1056 2822/44/1056
f 2869/49/6 2821/50/6 2824/47/6 2872/48/6
f 2877/53/5 2829/54/5 2832/51/5 2880/52/5
f 2878/13/1059 2830/16/1059 2823/55/1059 2871/56/1059
f 2874/57/1059 2826/58/1059 2825/46/1059 2873/45/1059
f 2871/59/6 2823/60/6 2826/50/6 2874/49/6
f 2875/63/5 2827/64/5 2830/61/5 2878/62/5
f 2881/65/1065 2884/68/1065 2883/67/1065 2882/66/1065
f 2885/65/1066 2881/68/1066 2882/67/1066 2886/66/1066
f 2887/65/1067 2885/68/1067 2886/67/1067 2888/66/1067
f 2884/65/1068 2887/68/1068 2888/67/1068 2883/66/1068
f 2882/69/5 2883/72/5 2888/71/5 2886/70/5
f 2889/67/1069 2892/68/1069 2891/65/1069 2890/66/1069
f 2890/67/1070 2891/68/1070 2894/65/1070 2893/66/1070
f 2893/67/1071 2894/68/1071 2896/65/1071 2895/66/1071
f 2895/67/1072 2896/68/1072 2892/65/1072 2889/66/1072
f 2895/71/5 2889/72/5 2890/69/5 2893/70/5
f 2897/73/1073 2900/76/1073 2899/75/1073 2898/74/1073
f 2901/77/1074 2897/80/1074 2898/79/1074 2902/78/1074
f 2903/81/1075 2901/79/1075 2902/76/1075 2904/73/1075
f 2900/82/1076 2903/85/1076 2904/84/1076 2899/83/1076
f 2898/86/5 2899/89/5 2904/88/5 2902/87/5
f 2901/90/6 2903/93/6 2900/92/6 2897/91/6
f 2905/1/1077 2908/4/1078 2907/3/1079 2906/2/1078
f 2906/2/1078 2910/6/1080 2909/5/1080 2905/1/1077
f 2911/7/1080 2914/10/1077 2913/9/1077 2912/8/1077
f 2914/10/1077 2911/7/1080 2916/12/1080 2915/11/1080
f 2908/4/1078 2905/1/1077 2914/10/1081 2915/11/1081
f 2913/13/1082 2865/16/1082 2864/15/1082 2912/14/1082
f 2867/17/1083 2864/20/1084 2865/19/1084 2866/18/1084
f 2864/20/1084 2867/17/1083 2868/22/1085 2863/21/1085
f 2868/14/1070 2916/15/1070 2911/30/1070 2863/29/1070
f 2862/31/5 2910/34/5 2906/33/5 2858/32/5
f 2864/35/6 2863/38/6 2911/37/6 2912/36/6
f 2908/39/1070 2915/42/1070 2867/41/1070 2860/40/1070
f 2906/43/1070 2907/46/1070 2859/45/1070 2858/44/1070
f 2860/47/6 2859/50/6 2907/49/6 2908/48/6
f 2868/51/5 2867/54/5 2915/53/5 2916/52/5
f 2857/55/1082 2866/16/1082 2914/13/1082 2905/56/1082
f 2862/46/1082 2861/58/1082 2909/57/1082 2910/45/1082
f 2861/50/6 2857/60/6 2905/59/6 2909/49/6
f 2866/61/5 2865/64/5 2913/63/5 2914/62/5
f 2917/3/1080 2920/4/1080 2919/1/1078 2918/2/1080
f 2921/6/1078 2918/2/1080 2919/1/1078 2922/5/1078
f 2923/9/1086 2926/10/1080 2925/11/1077 2924/8/1080
f 2927/7/1078 2924/8/1080 2925/11/1077 2928/12/1078
f 2925/11/1077 2926/10/1080 2919/1/1081 2920/4/1081
f 2876/15/1070 2875/16/1070 2923/13/1070 2924/14/1070
f 2874/28/1087 2871/23/1087 2872/24/1089 2873/27/1088
f 2870/26/1090 2873/27/1088 2872/24/1089 2869/25/1090
f 2927/30/1082 2928/15/1082 2880/14/1082 2879/29/1082
f 2918/33/5 2921/34/5 2873/31/5 2870/32/5
f 2927/37/6 2879/38/6 2876/35/6 2924/36/6
f 2877/41/1082 2925/42/1082 2920/39/1082 2872/40/1082
f 2869/45/1082 2917/46/1082 2918/43/1082 2870/44/1082
f 2917/49/6 2869/50/6 2872/47/6 2920/48/6
f 2925/53/5 2877/54/5 2880/51/5 2928/52/5
f 2926/13/1091 2878/16/1091 2871/55/1091 2919/56/1091
f 2922/57/1070 2874/58/1070 2873/46/1070 2921/45/1070
f 2919/59/6 2871/60/6 2874/50/6 2922/49/6
f 2923/63/5 2875/64/5 2878/61/5 2926/62/5
f 2929/65/1092 2932/68/1092 2931/67/1092 2930/66/1092
f 2933/65/1072 2929/68/1072 2930/67/1072 2934/66/1072
f 2935/65/1093 2933/68/1093 2934/67/1093 2936/66/1093
f 2932/65/1070 2935/68/1070 2936/67/1070 2931/66/1070
f 2930/69/5 2931/72/5 2936/71/5 2934/70/5
f 2937/67/1092 2940/68/1092 2939/65/1092 2938/66/1092
f 2938/67/1070 2939/68/1070 2942/65/1070 2941/66/1070
f 2941/67/1094 2942/68/1094 2944/65/1094 2943/66/1094
f 2943/67/1072 2944/68/1072 2940/65/1072 2937/66/1072
f 2943/71/5 2937/72/5 2938/69/5 2941/70/5
f 2945/73/1095 2948/76/1095 2947/75/1095 2946/74/1095
f 2949/77/1072 2945/80/1072 2946/79/1072 2950/78/1072
f 2951/81/1096 2949/79/1096 2950/76/1096 2952/73/1096
f 2948/82/1091 2951/85/1091 2952/84/1091 2947/83/1091
f 2946/86/5 2947/89/5 2952/88/5 2950/87/5
f 2949/90/6 2951/93/6 2948/92/6 2945/91/6
f 2953/1/1097 2956/4/1098 2955/3/1098 2954/2/1098
f 2954/2/1098 2958/6/1097 2957/5/1097 2953/1/1097
f 2959/7/1099 2962/10/1100 2961/9/1100 2960/8/1100
f 2962/10/1100 2959/7/1099 2964/12/1099 2963/11/1099
f 2956/4/1098 2953/1/1097 2962/10/1097 2963/11/1097
f 2961/13/1066 2913/16/1066 2912/15/1066 2960/14/1066
f 2915/17/1101 2912/20/1102 2913/19/1102 2914/18/1102
f 2912/20/1102 2915/17/1101 2916/22/1101 2911/21/1101
f 2916/14/1091 2964/15/1091 2959/30/1091 2911/29/1091
f 2910/31/5 2958/34/5 2954/33/5 2906/32/5
f 2912/35/6 2911/38/6 2959/37/6 2960/36/6
f 2956/39/1068 2963/42/1068 2915/41/1068 2908/40/1068
f 2954/43/1091 2955/46/1091 2907/45/1091 2906/44/1091
f 2908/47/6 2907/50/6 2955/49/6 2956/48/6
f 2916/51/5 2915/54/5 2963/53/5 2964/52/5
f 2905/55/1066 2914/16/1066 2962/13/1066 2953/56/1066
f 2910/46/1066 2909/58/1066 2957/57/1066 2958/45/1066
f 2909/50/6 2905/60/6 2953/59/6 2957/49/6
f 2914/61/5 2913/64/5 2961/63/5 2962/62/5
f 2965/3/1098 2968/4/1098 2967/1/1098 2966/2/1098
f 2969/6/1098 2966/2/1098 2967/1/1098 2970/5/1098
f 2971/9/1103 2974/10/1103 2973/11/1097 2972/8/1103
f 2975/7/1097 2972/8/1103 2973/11/1097 2976/12/1097
f 2973/11/1097 2974/10/1103 2967/1/1104 2968/4/1104
f 2924/15/1105 2923/16/1105 2971/13/1105 2972/14/1105
f 2922/28/1102 2919/23/1102 2920/24/1106 2921/27/1102
f 2918/26/1101 2921/27/1102 2920/24/1106 2917/25/1101
f 2975/30/1072 2976/15/1072 2928/14/1072 2927/29/1072
f 2966/33/5 2969/34/5 2921/31/5 2918/32/5
f 2975/37/6 2927/38/6 2924/35/6 2972/36/6
f 2925/41/1072 2973/42/1072 2968/39/1072 2920/40/1072
f 2917/45/1072 2965/46/1072 2966/43/1072 2918/44/1072
f 2965/49/6 2917/50/6 2920/47/6 2968/48/6
f 2973/53/5 2925/54/5 2928/51/5 2976/52/5
f 2974/13/1105 2926/16/1105 2919/55/1105 2967/56/1105
f 2970/57/1105 2922/58/1105 2921/46/1105 2969/45/1105
f 2967/59/6 2919/60/6 2922/50/6 2970/49/6
f 2971/63/5 2923/64/5 2926/61/5 2974/62/5
f 2977/65/1107 2980/68/1107 2979/67/1107 2978/66/1107
f 2981/65/1108 2977/68/1108 2978/67/1108 2982/66/1108
f 2983/65/1109 2981/68/1109 2982/67/1109 2984/66/1109
f 2980/65/1070 2983/68/1070 2984/67/1070 2979/66/1070
f 2978/69/5 2979/72/5 2984/71/5 2982/70/5
f 2985/67/1110 2988/68/1110 2987/65/1110 2986/66/1110
f 2986/67/1068 2987/68/1068 2990/65/1068 2989/66/1068
f 2989/67/1111 2990/68/1111 2992/65/1111 2991/66/1111
f 2991/67/1066 2992/68/1066 2988/65/1066 2985/66/1066
f 2991/71/5 2985/72/5 2986/69/5 2989/70/5
f 2993/73/1112 2996/76/1112 2995/75/1112 2994/74/1112
f 2997/77/1066 2993/80/1066 2994/79/1066 2998/78/1066
f 2999/81/1113 2997/79/1113 2998/76/1113 3000/73/1113
f 2996/82/1114 2999/85/1114 3000/84/1114 2995/83/1114
f 2994/86/5 2995/89/5 3000/88/5 2998/87/5
f 2997/90/6 2999/93/6 2996/92/6 2993/91/6
f 3001/1/1115 3004/4/1115 3003/3/1115 3002/2/1115
f 3002/2/1115 3006/6/1116 3005/5/1116 3001/1/1115
f 3007/7/1117 3010/10/1115 3009/9/1115 3008/8/1115
f 3010/10/1115 3007/7/1117 3012/12/1116 3011/11/1116
f 3004/4/1115 3001/1/1115 3010/10/1115 3011/11/1115
f 3009/13/1118 2961/16/1118 2960/15/1118 3008/14/1118
f 2963/17/1119 2960/20/1120 2961/19/1120 2962/18/1120
f 2960/20/1120 2963/17/1119 2964/22/1119 2959/21/1119
f 2964/14/1121 3012/15/1121 3007/30/1121 2959/29/1121
f 2958/31/5 3006/34/5 3002/33/5 2954/32/5
f 2960/35/6 2959/38/6 3007/37/6 3008/36/6
f 3004/39/1121 3011/42/1121 2963/41/1121 2956/40/1121
f 3002/43/1121 3003/46/1121 2955/45/1121 2954/44/1121
f 2956/47/6 2955/50/6 3003/49/6 3004/48/6
f 2964/51/5 2963/54/5 3011/53/5 3012/52/5
f 2953/55/1118 2962/16/1118 3010/13/1118 3001/56/1118
f 2958/46/1118 2957/58/1118 3005/57/1118 3006/45/1118
f 2957/50/6 2953/60/6 3001/59/6 3005/49/6
f 2962/61/5 2961/64/5 3009/63/5 3010/62/5
f 3013/3/1122 3016/4/1122 3015/1/1124 3014/2/1123
f 3017/6/1115 3014/2/1123 3015/1/1124 3018/5/1115
f 3019/9/1116 3022/10/1116 3021/11/1125 3020/8/1115
f 3023/7/1126 3020/8/1115 3021/11/1125 3024/12/1126
f 3021/11/1125 3022/10/1116 3015/1/1116 3016/4/1116
f 2972/15/1127 2971/16/1127 3019/13/1127 3020/14/1127
f 2970/28/1128 2967/23/1128 2968/24/1128 2969/27/1128
f 2966/26/1128 2969/27/1128 2968/24/1128 2965/25/1128
f 3023/30/1129 3024/15/1129 2976/14/1129 2975/29/1129
f 3014/33/5 3017/34/5 2969/31/5 2966/32/5
f 3023/37/6 2975/38/6 2972/35/6 3020/36/6
f 2973/41/1130 3021/42/1130 3016/39/1130 2968/40/1130
f 2965/45/1129 3013/46/1129 3014/43/1129 2966/44/1129
f 3013/49/6 2965/50/6 2968/47/6 3016/48/6
f 3021/53/5 2973/54/5 2976/51/5 3024/52/5
f 3022/13/1127 2974/16/1127 2967/55/1127 3015/56/1127
f 3018/57/1127 2970/58/1127 2969/46/1127 3017/45/1127
f 3015/59/6 2967/60/6 2970/50/6 3018/49/6
f 3019/63/5 2971/64/5 2974/61/5 3022/62/5
f 3025/65/1131 3028/68/1131 3027/67/1131 3026/66/1131
f 3029/65/1132 3025/68/1132 3026/67/1132 3030/66/1132
f 3031/65/1133 3029/68/1133 3030/67/1133 3032/66/1133
f 3028/65/1134 3031/68/1134 3032/67/1134 3027/66/1134
f 3026/69/5 3027/72/5 3032/71/5 3030/70/5
f 3033/67/1135 3036/68/1135 3035/65/1135 3034/66/1135
f 3034/67/1136 3035/68/1136 3038/65/1136 3037/66/1136
f 3037/67/1137 3038/68/1137 3040/65/1137 3039/66/1137
f 3039/67/1138 3040/68/1138 3036/65/1138 3033/66/1138
f 3039/71/5 3033/72/5 3034/69/5 3037/70/5
f 3041/73/1139 3044/76/1139 3043/75/1139 3042/74/1139
f 3045/77/1140 3041/80/1140 3042/79/1140 3046/78/1140
f 3047/81/1141 3045/79/1141 3046/76/1141 3048/73/1141
f 3044/82/1136 3047/85/1136 3048/84/1136 3043/83/1136
f 3042/86/5 3043/89/5 3048/88/5 3046/87/5
f 3045/90/6 3047/93/6 3044/92/6 3041/91/6
f 3049/1/1142 3052/4/1142 3051/3/1142 3050/2/1142
f 3050/2/1142 3054/6/1142 3053/5/1142 3049/1/1142
f 3055/7/1143 3058/10/1144 3057/9/1144 3056/8/1144
f 3058/10/1144 3055/7/1143 3060/12/1143 3059/11/1143
f 3052/4/1142 3049/1/1142 3058/10/1142 3059/11/1142
f 3057/13/1138 3009/16/1138 3008/15/1138 3056/14/1138
f 3011/17/1145 3008/20/1146 3009/19/1146 3010/18/1146
f 3008/20/1146 3011/17/1145 3012/22/1145 3007/21/1145
f 3012/14/1147 3060/15/1147 3055/30/1147 3007/29/1147
f 3006/31/5 3054/34/5 3050/33/5 3002/32/5
f 3008/35/6 3007/38/6 3055/37/6 3056/36/6
f 3052/39/1147 3059/42/1147 3011/41/1147 3004/40/1147
f 3050/43/1134 3051/46/1134 3003/45/1134 3002/44/1134
f 3004/47/6 3003/50/6 3051/49/6 3052/48/6
f 3012/51/5 3011/54/5 3059/53/5 3060/52/5
f 3001/55/1138 3010/16/1138 3058/13/1138 3049/56/1138
f 3006/46/1138 3005/58/1138 3053/57/1138 3054/45/1138
f 3005/50/6 3001/60/6 3049/59/6 3053/49/6
f 3010/61/5 3009/64/5 3057/63/5 3058/62/5
f 3061/3/1142 3064/4/1142 3063/1/1142 3062/2/1142
f 3065/6/1142 3062/2/1142 3063/1/1142 3066/5/1142
f 3067/9/1148 3070/10/1144 3069/11/1144 3068/8/1148
f 3071/7/1144 3068/8/1148 3069/11/1144 3072/12/1144
f 3069/11/1144 3070/10/1144 3063/1/1149 3064/4/1149
f 3020/15/1147 3019/16/1147 3067/13/1147 3068/14/1147
f 3018/28/1146 3015/23/1146 3016/24/1150 3017/27/1146
f 3014/26/1150 3017/27/1146 3016/24/1150 3013/25/1150
f 3071/30/1138 3072/15/1138 3024/14/1138 3023/29/1138
f 3062/33/5 3065/34/5 3017/31/5 3014/32/5
f 3071/37/6 3023/38/6 3020/35/6 3068/36/6
f 3021/41/1151 3069/42/1151 3064/39/1151 3016/40/1151
f 3013/45/1138 3061/46/1138 3062/43/1138 3014/44/1138
f 3061/49/6 3013/50/6 3016/47/6 3064/48/6
f 3069/53/5 3021/54/5 3024/51/5 3072/52/5
f 3070/13/1134 3022/16/1134 3015/55/1134 3063/56/1134
f 3066/57/1134 3018/58/1134 3017/46/1134 3065/45/1134
f 3063/59/6 3015/60/6 3018/50/6 3066/49/6
f 3067/63/5 3019/64/5 3022/61/5 3070/62/5
f 3073/65/1152 3076/68/1152 3075/67/1152 3074/66/1152
f 3077/65/1140 3073/68/1140 3074/67/1140 3078/66/1140
f 3079/65/1153 3077/68/1153 3078/67/1153 3080/66/1153
f 3076/65/1154 3079/68/1154 3080/67/1154 3075/66/1154
f 3074/69/5 3075/72/5 3080/71/5 3078/70/5
f 3081/67/1155 3084/68/1155 3083/65/1155 3082/66/1155
f 3082/67/1154 3083/68/1154 3086/65/1154 3085/66/1154
f 3085/67/1153 3086/68/1153 3088/65/1153 3087/66/1153
f 3087/67/1140 3088/68/1140 3084/65/1140 3081/66/1140
f 3087/71/5 3081/72/5 3082/69/5 3085/70/5
f 3089/73/1156 3092/76/1156 3091/75/1156 3090/74/1156
f 3093/77/1138 3089/80/1138 3090/79/1138 3094/78/1138
f 3095/81/1157 3093/79/1157 3094/76/1157 3096/73/1157
f 3092/82/1147 3095/85/1147 3096/84/1147 3091/83/1147
f 3090/86/5 3091/89/5 3096/88/5 3094/87/5
f 3093/90/6 3095/93/6 3092/92/6 3089/91/6
f 3097/1/1158 3100/4/1161 3099/3/1160 3098/2/1159
f 3098/2/1159 3102/6/1158 3101/5/1158 3097/1/1158
f 3103/7/1162 3106/10/1163 3105/9/1163 3104/8/1163
f 3106/10/1163 3103/7/1162 3108/12/1164 3107/11/1164
f 3100/4/1161 3097/1/1158 3106/10/1158 3107/11/1158
f 3105/13/1165 3057/16/1165 3056/15/1165 3104/14/1165
f 3059/17/1166 3056/20/1167 3057/19/1167 3058/18/1167
f 3056/20/1167 3059/17/1166 3060/22/1166 3055/21/1166
f 3060/14/1168 3108/15/1168 3103/30/1168 3055/29/1168
f 3054/31/5 3102/34/5 3098/33/5 3050/32/5
f 3056/35/6 3055/38/6 3103/37/6 3104/36/6
f 3100/39/1168 3107/42/1168 3059/41/1168 3052/40/1168
f 3098/43/1168 3099/46/1168 3051/45/1168 3050/44/1168
f 3052/47/6 3051/50/6 3099/49/6 3100/48/6
f 3060/51/5 3059/54/5 3107/53/5 3108/52/5
f 3049/55/1169 3058/16/1169 3106/13/1169 3097/56/1169
f 3054/46/1169 3053/58/1169 3101/57/1169 3102/45/1169
f 3053/50/6 3049/60/6 3097/59/6 3101/49/6
f 3058/61/5 3057/64/5 3105/63/5 3106/62/5
f 3109/3/1158 3112/4/1158 3111/1/1158 3110/2/1158
f 3113/6/1170 3110/2/1158 3111/1/1158 3114/5/1170
f 3115/9/1158 3118/10/1158 3117/11/1171 3116/8/1171
f 3119/7/1172 3116/8/1171 3117/11/1171 3120/12/1172
f 3117/11/1171 3118/10/1158 3111/1/1158 3112/4/1158
f 3068/15/1173 3067/16/1173 3115/13/1173 3116/14/1173
f 3066/28/1167 3063/23/1167 3064/24/1167 3065/27/1167
f 3062/26/1167 3065/27/1167 3064/24/1167 3061/25/1167
f 3119/30/1174 3120/15/1174 3072/14/1174 3071/29/1174
f 3110/33/5 3113/34/5 3065/31/5 3062/32/5
f 3119/37/6 3071/38/6 3068/35/6 3116/36/6
f 3069/41/1175 3117/42/1175 3112/39/1175 3064/40/1175
f 3061/45/1175 3109/46/1175 3110/43/1175 3062/44/1175
f 3109/49/6 3061/50/6 3064/47/6 3112/48/6
f 3117/53/5 3069/54/5 3072/51/5 3120/52/5
f 3118/13/1176 3070/16/1176 3063/55/1176 3111/56/1176
f 3114/57/1176 3066/58/1176 3065/46/1176 3113/45/1176
f 3111/59/6 3063/60/6 3066/50/6 3114/49/6
f 3115/63/5 3067/64/5 3070/61/5 3118/62/5
f 3121/65/1177 3124/68/1177 3123/67/1177 3122/66/1177
f 3125/65/1140 3121/68/1140 3122/67/1140 3126/66/1140
f 3127/65/1178 3125/68/1178 3126/67/1178 3128/66/1178
f 3124/65/1179 3127/68/1179 3128/67/1179 3123/66/1179
f 3122/69/5 3123/72/5 3128/71/5 3126/70/5
f 3129/67/1180 3132/68/1180 3131/65/1180 3130/66/1180
f 3130/67/1181 3131/68/1181 3134/65/1181 3133/66/1181
f 3133/67/1182 3134/68/1182 3136/65/1182 3135/66/1182
f 3135/67/1132 3136/68/1132 3132/65/1132 3129/66/1132
f 3135/71/5 3129/72/5 3130/69/5 3133/70/5
f 3137/73/1183 3140/76/1183 3139/75/1183 3138/74/1183
f 3141/77/1132 3137/80/1132 3138/79/1132 3142/78/1132
f 3143/81/1184 3141/79/1184 3142/76/1184 3144/73/1184
f 3140/82/1154 3143/85/1154 3144/84/1154 3139/83/1154
f 3138/86/5 3139/89/5 3144/88/5 3142/87/5
f 3141/90/6 3143/93/6 3140/92/6 3137/91/6
f 3145/1/1185 3148/4/1186 3147/3/1186 3146/2/1186
f 3146/2/1186 3150/6/1185 3149/5/1185 3145/1/1185
f 3151/7/1185 3154/10/1185 3153/9/1185 3152/8/1185
f 3154/10/1185 3151/7/1185 3156/12/1186 3155/11/1186
f 3148/4/1186 3145/1/1185 3154/10/1186 3155/11/1186
f 3153/13/1187 3105/16/1187 3104/15/1187 3152/14/1187
f 3107/17/1188 3104/20/1190 3105/19/1189 3106/18/1189
f 3104/20/1190 3107/17/1188 3108/22/1188 3103/21/1188
f 3108/14/1191 3156/15/1191 3151/30/1191 3103/29/1191
f 3102/31/5 3150/34/5 3146/33/5 3098/32/5
f 3104/35/6 3103/38/6 3151/37/6 3152/36/6
f 3148/39/1191 3155/42/1191 3107/41/1191 3100/40/1191
f 3146/43/1191 3147/46/1191 3099/45/1191 3098/44/1191
f 3100/47/6 3099/50/6 3147/49/6 3148/48/6
f 3108/51/5 3107/54/5 3155/53/5 3156/52/5
f 3097/55/1187 3106/16/1187 3154/13/1187 3145/56/1187
f 3102/46/1187 3101/58/1187 3149/57/1187 3150/45/1187
f 3101/50/6 3097/60/6 3145/59/6 3149/49/6
f 3106/61/5 3105/64/5 3153/63/5 3154/62/5
f 3157/3/1185 3160/4/1185 3159/1/1185 3158/2/1185
f 3161/6/1185 3158/2/1185 3159/1/1185 3162/5/1185
f 3163/9/1185 3166/10/1185 3165/11/1192 3164/8/1185
f 3167/7/1192 3164/8/1185 3165/11/1192 3168/12/1192
f 3165/11/1192 3166/10/1185 3159/1/1186 3160/4/1186
f 3116/15/1193 3115/16/1193 3163/13/1193 3164/14/1193
f 3114/28/1194 3111/23/1194 3112/24/1195 3113/27/1195
f 3110/26/1195 3113/27/1195 3112/24/1195 3109/25/1195
f 3167/30/1196 3168/15/1196 3120/14/1196 3119/29/1196
f 3158/33/5 3161/34/5 3113/31/5 3110/32/5
f 3167/37/6 3119/38/6 3116/35/6 3164/36/6
f 3117/41/1197 3165/42/1197 3160/39/1197 3112/40/1197
f 3109/45/1197 3157/46/1197 3158/43/1197 3110/44/1197
f 3157/49/6 3109/50/6 3112/47/6 3160/48/6
f 3165/53/5 3117/54/5 3120/51/5 3168/52/5
f 3166/13/1193 3118/16/1193 3111/55/1193 3159/56/1193
f 3162/57/1193 3114/58/1193 3113/46/1193 3161/45/1193
f 3159/59/6 3111/60/6 3114/50/6 3162/49/6
f 3163/63/5 3115/64/5 3118/61/5 3166/62/5
f 3169/65/1198 3172/68/1198 3171/67/1198 3170/66/1198
f 3173/65/1199 3169/68/1199 3170/67/1199 3174/66/1199
f 3175/65/1200 3173/68/1200 3174/67/1200 3176/66/1200
f 3172/65/1201 3175/68/1201 3176/67/1201 3171/66/1201
f 3170/69/5 3171/72/5 3176/71/5 3174/70/5
f 3177/67/1202 3180/68/1202 3179/65/1202 3178/66/1202
f 3178/67/1191 3179/68/1191 3182/65/1191 3181/66/1191
f 3181/67/1203 3182/68/1203 3184/65/1203 3183/66/1203
f 3183/67/1187 3184/68/1187 3180/65/1187 3177/66/1187
f 3183/71/5 3177/72/5 3178/69/5 3181/70/5
f 3185/73/1204 3188/76/1204 3187/75/1204 3186/74/1204
f 3189/77/1187 3185/80/1187 3186/79/1187 3190/78/1187
f 3191/81/1205 3189/79/1205 3190/76/1205 3192/73/1205
f 3188/82/1206 3191/85/1206 3192/84/1206 3187/83/1206
f 3186/86/5 3187/89/5 3192/88/5 3190/87/5
f 3189/90/6 3191/93/6 3188/92/6 3185/91/6
f 3193/1/1207 3196/4/1208 3195/3/1209 3194/2/1208
f 3194/2/1208 3198/6/1207 3197/5/1207 3193/1/1207
f 3199/7/1207 3202/10/1211 3201/9/1210 3200/8/1210
f 3202/10/1211 3199/7/1207 3204/12/1212 3203/11/1212
f 3196/4/1208 3193/1/1207 3202/10/1208 3203/11/1208
f 3201/13/1197 3153/16/1197 3152/15/1197 3200/14/1197
f 3155/17/1213 3152/20/1213 3153/19/1214 3154/18/1214
f 3152/20/1213 3155/17/1213 3156/22/1213 3151/21/1213
f 3156/14/1193 3204/15/1193 3199/30/1193 3151/29/1193
f 3150/31/5 3198/34/5 3194/33/5 3146/32/5
f 3152/35/6 3151/38/6 3199/37/6 3200/36/6
f 3196/39/1193 3203/42/1193 3155/41/1193 3148/40/1193
f 3194/43/1193 3195/46/1193 3147/45/1193 3146/44/1193
f 3148/47/6 3147/50/6 3195/49/6 3196/48/6
f 3156/51/5 3155/54/5 3203/53/5 3204/52/5
f 3145/55/1197 3154/16/1197 3202/13/1197 3193/56/1197
f 3150/46/1197 3149/58/1197 3197/57/1197 3198/45/1197
f 3149/50/6 3145/60/6 3193/59/6 3197/49/6
f 3154/61/5 3153/64/5 3201/63/5 3202/62/5
f 3205/3/1215 3208/4/1215 3207/1/1216 3206/2/1211
f 3209/6/1217 3206/2/1211 3207/1/1216 3210/5/1217
f 3211/9/1218 3214/10/1220 3213/11/1207 3212/8/1219
f 3215/7/1211 3212/8/1219 3213/11/1207 3216/12/1211
f 3213/11/1207 3214/10/1220 3207/1/1208 3208/4/1208
f 3164/15/1221 3163/16/1221 3211/13/1221 3212/14/1221
f 3162/28/1222 3159/23/1222 3160/24/1213 3161/27/1222
f 3158/26/1213 3161/27/1222 3160/24/1213 3157/25/1213
f 3215/30/1187 3216/15/1187 3168/14/1187 3167/29/1187
f 3206/33/5 3209/34/5 3161/31/5 3158/32/5
f 3215/37/6 3167/38/6 3164/35/6 3212/36/6
f 3165/41/1187 3213/42/1187 3208/39/1187 3160/40/1187
f 3157/45/1187 3205/46/1187 3206/43/1187 3158/44/1187
f 3205/49/6 3157/50/6 3160/47/6 3208/48/6
f 3213/53/5 3165/54/5 3168/51/5 3216/52/5
f 3214/13/1191 3166/16/1191 3159/55/1191 3207/56/1191
f 3210/57/1191 3162/58/1191 3161/46/1191 3209/45/1191
f 3207/59/6 3159/60/6 3162/50/6 3210/49/6
f 3211/63/5 3163/64/5 3166/61/5 3214/62/5
f 3217/65/1223 3220/68/1223 3219/67/1223 3218/66/1223
f 3221/65/1187 3217/68/1187 3218/67/1187 3222/66/1187
f 3223/65/1224 3221/68/1224 3222/67/1224 3224/66/1224
f 3220/65/1193 3223/68/1193 3224/67/1193 3219/66/1193
f 3218/69/5 3219/72/5 3224/71/5 3222/70/5
f 3225/67/1225 3228/68/1225 3227/65/1225 3226/66/1225
f 3226/67/1201 3227/68/1201 3230/65/1201 3229/66/1201
f 3229/67/1224 3230/68/1224 3232/65/1224 3231/66/1224
f 3231/67/1199 3232/68/1199 3228/65/1199 3225/66/1199
f 3231/71/5 3225/72/5 3226/69/5 3229/70/5
f 3233/73/1226 3236/76/1226 3235/75/1226 3234/74/1226
f 3237/77/1197 3233/80/1197 3234/79/1197 3238/78/1197
f 3239/81/1227 3237/79/1227 3238/76/1227 3240/73/1227
f 3236/82/1193 3239/85/1193 3240/84/1193 3235/83/1193
f 3234/86/5 3235/89/5 3240/88/5 3238/87/5
f 3237/90/6 3239/93/6 3236/92/6 3233/91/6
f 3241/1/1228 3244/4/1229 3243/3/1230 3242/2/1229
f 3242/2/1229 3246/6/1231 3245/5/1231 3241/1/1228
f 3247/7/1232 3250/10/1233 3249/9/1233 3248/8/1233
f 3250/10/1233 3247/7/1232 3252/12/1234 3251/11/1234
f 3244/4/1229 3241/1/1228 3250/10/1228 3251/11/1228
f 3249/13/1235 3201/16/1235 3200/15/1235 3248/14/1235
f 3203/17/1236 3200/20/1236 3201/19/1237 3202/18/1237
f 3200/20/1236 3203/17/1236 3204/22/1238 3199/21/1238
f 3204/14/1239 3252/15/1239 3247/30/1239 3199/29/1239
f 3198/31/5 3246/34/5 3242/33/5 3194/32/5
f 3200/35/6 3199/38/6 3247/37/6 3248/36/6
f 3244/39/1239 3251/42/1239 3203/41/1239 3196/40/1239
f 3242/43/1239 3243/46/1239 3195/45/1239 3194/44/1239
f 3196/47/6 3195/50/6 3243/49/6 3244/48/6
f 3204/51/5 3203/54/5 3251/53/5 3252/52/5
f 3193/55/1240 3202/16/1240 3250/13/1240 3241/56/1240
f 3198/46/1240 3197/58/1240 3245/57/1240 3246/45/1240
f 3197/50/6 3193/60/6 3241/59/6 3245/49/6
f 3202/61/5 3201/64/5 3249/63/5 3250/62/5
f 3253/3/1233 3256/4/1233 3255/1/1241 3254/2/1233
f 3257/6/1241 3254/2/1233 3255/1/1241 3258/5/1241
f 3259/9/1233 3262/10/1233 3261/11/1232 3260/8/1241
f 3263/7/1232 3260/8/1241 3261/11/1232 3264/12/1232
f 3261/11/1232 3262/10/1233 3255/1/1242 3256/4/1242
f 3212/15/1243 3211/16/1243 3259/13/1243 3260/14/1243
f 3210/28/1244 3207/23/1244 3208/24/1236 3209/27/1244
f 3206/26/1236 3209/27/1244 3208/24/1236 3205/25/1236
f 3263/30/1240 3264/15/1240 3216/14/1240 3215/29/1240
f 3254/33/5 3257/34/5 3209/31/5 3206/32/5
f 3263/37/6 3215/38/6 3212/35/6 3260/36/6
f 3213/41/1240 3261/42/1240 3256/39/1240 3208/40/1240
f 3205/45/1240 3253/46/1240 3254/43/1240 3206/44/1240
f 3253/49/6 3205/50/6 3208/47/6 3256/48/6
f 3261/53/5 3213/54/5 3216/51/5 3264/52/5
f 3262/13/1239 3214/16/1239 3207/55/1239 3255/56/1239
f 3258/57/1239 3210/58/1239 3209/46/1239 3257/45/1239
f 3255/59/6 3207/60/6 3210/50/6 3258/49/6
f 3259/63/5 3211/64/5 3214/61/5 3262/62/5
f 3265/65/1245 3268/68/1245 3267/67/1245 3266/66/1245
f 3269/65/1187 3265/68/1187 3266/67/1187 3270/66/1187
f 3271/65/1246 3269/68/1246 3270/67/1246 3272/66/1246
f 3268/65/1191 3271/68/1191 3272/67/1191 3267/66/1191
f 3266/69/5 3267/72/5 3272/71/5 3270/70/5
f 3273/67/1247 3276/68/1247 3275/65/1247 3274/66/1247
f 3274/67/1193 3275/68/1193 3278/65/1193 3277/66/1193
f 3277/67/1248 3278/68/1248 3280/65/1248 3279/66/1248
f 3279/67/1199 3280/68/1199 3276/65/1199 3273/66/1199
f 3279/71/5 3273/72/5 3274/69/5 3277/70/5
f 3281/73/1249 3284/76/1249 3283/75/1249 3282/74/1249
f 3285/77/1250 3281/80/1250 3282/79/1250 3286/78/1250
f 3287/81/1251 3285/79/1251 3286/76/1251 3288/73/1251
f 3284/82/1252 3287/85/1252 3288/84/1252 3283/83/1252
f 3282/86/5 3283/89/5 3288/88/5 3286/87/5
f 3285/90/6 3287/93/6 3284/92/6 3281/91/6
f 3289/1/1253 3292/4/1256 3291/3/1255 3290/2/1254
f 3290/2/1254 3294/6/1254 3293/5/1254 3289/1/1253
f 3295/7/1257 3298/10/1257 3297/9/1257 3296/8/1257
f 3298/10/1257 3295/7/1257 3300/12/1258 3299/11/1258
f 3292/4/1256 3289/1/1253 3298/10/1259 3299/11/1259
f 3297/13/1260 3249/16/1260 3248/15/1260 3296/14/1260
f 3251/17/1261 3248/20/1263 3249/19/1262 3250/18/1262
f 3248/20/1263 3251/17/1261 3252/22/1261 3247/21/1261
f 3252/14/1264 3300/15/1264 3295/30/1264 3247/29/1264
f 3246/31/5 3294/34/5 3290/33/5 3242/32/5
f 3248/35/6 3247/38/6 3295/37/6 3296/36/6
f 3292/39/1264 3299/42/1264 3251/41/1264 3244/40/1264
f 3290/43/1264 3291/46/1264 3243/45/1264 3242/44/1264
f 3244/47/6 3243/50/6 3291/49/6 3292/48/6
f 3252/51/5 3251/54/5 3299/53/5 3300/52/5
f 3241/55/1260 3250/16/1260 3298/13/1260 3289/56/1260
f 3246/46/1265 3245/58/1265 3293/57/1265 3294/45/1265
f 3245/50/6 3241/60/6 3289/59/6 3293/49/6
f 3250/61/5 3249/64/5 3297/63/5 3298/62/5
f 3301/3/1266 3304/4/1266 3303/1/1267 3302/2/1266
f 3305/6/1267 3302/2/1266 3303/1/1267 3306/5/1267
f 3307/9/1268 3310/10/1270 3309/11/1258 3308/8/1269
f 3311/7/1271 3308/8/1269 3309/11/1258 3312/12/1271
f 3309/11/1258 3310/10/1270 3303/1/1257 3304/4/1257
f 3260/15/1272 3259/16/1272 3307/13/1272 3308/14/1272
f 3258/28/1261 3255/23/1261 3256/24/1273 3257/27/1273
f 3254/26/1274 3257/27/1273 3256/24/1273 3253/25/1274
f 3311/30/1275 3312/15/1275 3264/14/1275 3263/29/1275
f 3302/33/5 3305/34/5 3257/31/5 3254/32/5
f 3311/37/6 3263/38/6 3260/35/6 3308/36/6
f 3261/41/1275 3309/42/1275 3304/39/1275 3256/40/1275
f 3253/45/1275 3301/46/1275 3302/43/1275 3254/44/1275
f 3301/49/6 3253/50/6 3256/47/6 3304/48/6
f 3309/53/5 3261/54/5 3264/51/5 3312/52/5
f 3310/13/1276 3262/16/1276 3255/55/1276 3303/56/1276
f 3306/57/1276 3258/58/1276 3257/46/1276 3305/45/1276
f 3303/59/6 3255/60/6 3258/50/6 3306/49/6
f 3307/63/5 3259/64/5 3262/61/5 3310/62/5
f 3313/65/1277 3316/68/1277 3315/67/1277 3314/66/1277
f 3317/65/1275 3313/68/1275 3314/67/1275 3318/66/1275
f 3319/65/1278 3317/68/1278 3318/67/1278 3320/66/1278
f 3316/65/1279 3319/68/1279 3320/67/1279 3315/66/1279
f 3314/69/5 3315/72/5 3320/71/5 3318/70/5
f 3321/67/1280 3324/68/1280 3323/65/1280 3322/66/1280
f 3322/67/1276 3323/68/1276 3326/65/1276 3325/66/1276
f 3325/67/1278 3326/68/1278 3328/65/1278 3327/66/1278
f 3327/67/1260 3328/68/1260 3324/65/1260 3321/66/1260
f 3327/71/5 3321/72/5 3322/69/5 3325/70/5
f 3329/73/1281 3332/76/1281 3331/75/1281 3330/74/1281
f 3333/77/1260 3329/80/1260 3330/79/1260 3334/78/1260
f 3335/81/1282 3333/79/1282 3334/76/1282 3336/73/1282
f 3332/82/1276 3335/85/1276 3336/84/1276 3331/83/1276
f 3330/86/5 3331/89/5 3336/88/5 3334/87/5
f 3333/90/6 3335/93/6 3332/92/6 3329/91/6
f 3337/1/1283 3340/4/1283 3339/3/1284 3338/2/1283
f 3338/2/1283 3342/6/1285 3341/5/1285 3337/1/1283
f 3343/7/1286 3346/10/1288 3345/9/1287 3344/8/1287
f 3346/10/1288 3343/7/1286 3348/12/1286 3347/11/1286
f 3340/4/1283 3337/1/1283 3346/10/1283 3347/11/1283
f 3345/13/1275 3297/16/1275 3296/15/1275 3344/14/1275
f 3299/17/1289 3296/20/1290 3297/19/1290 3298/18/1290
f 3296/20/1290 3299/17/1289 3300/22/1289 3295/21/1289
f 3300/14/1276 3348/15/1276 3343/30/1276 3295/29/1276
f 3294/31/5 3342/34/5 3338/33/5 3290/32/5
f 3296/35/6 3295/38/6 3343/37/6 3344/36/6
f 3340/39/1276 3347/42/1276 3299/41/1276 3292/40/1276
f 3338/43/1276 3339/46/1276 3291/45/1276 3290/44/1276
f 3292/47/6 3291/50/6 3339/49/6 3340/48/6
f 3300/51/5 3299/54/5 3347/53/5 3348/52/5
f 3289/55/1275 3298/16/1275 3346/13/1275 3337/56/1275
f 3294/46/1291 3293/58/1291 3341/57/1291 3342/45/1291
f 3293/50/6 3289/60/6 3337/59/6 3341/49/6
f 3298/61/5 3297/64/5 3345/63/5 3346/62/5
f 3349/3/1292 3352/4/1292 3351/1/1294 3350/2/1293
f 3353/6/1295 3350/2/1293 3351/1/1294 3354/5/1295
f 3355/9/1296 3358/10/1296 3357/11/1297 3356/8/1283
f 3359/7/1298 3356/8/1283 3357/11/1297 3360/12/1298
f 3357/11/1297 3358/10/1296 3351/1/1296 3352/4/1296
f 3308/15/1299 3307/16/1299 3355/13/1299 3356/14/1299
f 3306/28/1300 3303/23/1300 3304/24/1302 3305/27/1301
f 3302/26/1302 3305/27/1301 3304/24/1302 3301/25/1302
f 3359/30/1260 3360/15/1260 3312/14/1260 3311/29/1260
f 3350/33/5 3353/34/5 3305/31/5 3302/32/5
f 3359/37/6 3311/38/6 3308/35/6 3356/36/6
f 3309/41/1260 3357/42/1260 3352/39/1260 3304/40/1260
f 3301/45/1260 3349/46/1260 3350/43/1260 3302/44/1260
f 3349/49/6 3301/50/6 3304/47/6 3352/48/6
f 3357/53/5 3309/54/5 3312/51/5 3360/52/5
f 3358/13/1264 3310/16/1264 3303/55/1264 3351/56/1264
f 3354/57/1303 3306/58/1303 3305/46/1303 3353/45/1303
f 3351/59/6 3303/60/6 3306/50/6 3354/49/6
f 3355/63/5 3307/64/5 3310/61/5 3358/62/5
f 3361/65/1304 3364/68/1304 3363/67/1304 3362/66/1304
f 3365/65/1305 3361/68/1305 3362/67/1305 3366/66/1305
f 3367/65/1306 3365/68/1306 3366/67/1306 3368/66/1306
f 3364/65/1276 3367/68/1276 3368/67/1276 3363/66/1276
f 3362/69/5 3363/72/5 3368/71/5 3366/70/5
f 3369/67/1307 3372/68/1307 3371/65/1307 3370/66/1307
f 3370/67/1276 3371/68/1276 3374/65/1276 3373/66/1276
f 3373/67/1306 3374/68/1306 3376/65/1306 3375/66/1306
f 3375/67/1308 3376/68/1308 3372/65/1308 3369/66/1308
f 3375/71/5 3369/72/5 3370/69/5 3373/70/5
f 3377/73/1309 3380/76/1309 3379/75/1309 3378/74/1309
f 3381/77/1275 3377/80/1275 3378/79/1275 3382/78/1275
f 3383/81/1310 3381/79/1310 3382/76/1310 3384/73/1310
f 3380/82/1264 3383/85/1264 3384/84/1264 3379/83/1264
f 3378/86/5 3379/89/5 3384/88/5 3382/87/5
f 3381/90/6 3383/93/6 3380/92/6 3377/91/6
f 3385/1/1311 3388/4/1313 3387/3/1312 3386/2/1312
f 3386/2/1312 3390/6/1311 3389/5/1311 3385/1/1311
f 3391/7/1314 3394/10/1315 3393/9/1315 3392/8/1315
f 3394/10/1315 3391/7/1314 3396/12/1314 3395/11/1314
f 3388/4/1313 3385/1/1311 3394/10/1311 3395/11/1311
f 3393/13/1316 3345/16/1316 3344/15/1316 3392/14/1316
f 3347/17/1317 3344/20/1319 3345/19/1318 3346/18/1318
f 3344/20/1319 3347/17/1317 3348/22/1317 3343/21/1317
f 3348/14/1320 3396/15/1320 3391/30/1320 3343/29/1320
f 3342/31/5 3390/34/5 3386/33/5 3338/32/5
f 3344/35/6 3343/38/6 3391/37/6 3392/36/6
f 3388/39/1320 3395/42/1320 3347/41/1320 3340/40/1320
f 3386/43/1320 3387/46/1320 3339/45/1320 3338/44/1320
f 3340/47/6 3339/50/6 3387/49/6 3388/48/6
f 3348/51/5 3347/54/5 3395/53/5 3396/52/5
f 3337/55/1316 3346/16/1316 3394/13/1316 3385/56/1316
f 3342/46/1316 3341/58/1316 3389/57/1316 3390/45/1316
f 3341/50/6 3337/60/6 3385/59/6 3389/49/6
f 3346/61/5 3345/64/5 3393/63/5 3394/62/5
f 3397/3/1315 3400/4/1315 3399/1/1321 3398/2/1315
f 3401/6/1311 3398/2/1315 3399/1/1321 3402/5/1311
f 3403/9/1314 3406/10/1315 3405/11/1312 3404/8/1315
f 3407/7/1312 3404/8/1315 3405/11/1312 3408/12/1312
f 3405/11/1312 3406/10/1315 3399/1/1311 3400/4/1311
f 3356/15/1322 3355/16/1322 3403/13/1322 3404/14/1322
f 3354/28/1323 3351/23/1323 3352/24/1324 3353/27/1323
f 3350/26/1325 3353/27/1323 3352/24/1324 3349/25/1325
f 3407/30/1316 3408/15/1316 3360/14/1316 3359/29/1316
f 3398/33/5 3401/34/5 3353/31/5 3350/32/5
f 3407/37/6 3359/38/6 3356/35/6 3404/36/6
f 3357/41/1316 3405/42/1316 3400/39/1316 3352/40/1316
f 3349/45/1326 3397/46/1326 3398/43/1326 3350/44/1326
f 3397/49/6 3349/50/6 3352/47/6 3400/48/6
f 3405/53/5 3357/54/5 3360/51/5 3408/52/5
f 3406/13/1320 3358/16/1320 3351/55/1320 3399/56/1320
f 3402/57/1322 3354/58/1322 3353/46/1322 3401/45/1322
f 3399/59/6 3351/60/6 3354/50/6 3402/49/6
f 3403/63/5 3355/64/5 3358/61/5 3406/62/5
f 3409/65/1327 3412/68/1327 3411/67/1327 3410/66/1327
f 3413/65/1328 3409/68/1328 3410/67/1328 3414/66/1328
f 3415/65/1329 3413/68/1329 3414/67/1329 3416/66/1329
f 3412/65/1330 3415/68/1330 3416/67/1330 3411/66/1330
f 3410/69/5 3411/72/5 3416/71/5 3414/70/5
f 3417/67/1331 3420/68/1331 3419/65/1331 3418/66/1331
f 3418/67/1332 3419/68/1332 3422/65/1332 3421/66/1332
f 3421/67/1333 3422/68/1333 3424/65/1333 3423/66/1333
f 3423/67/1334 3424/68/1334 3420/65/1334 3417/66/1334
f 3423/71/5 3417/72/5 3418/69/5 3421/70/5
f 3425/73/1335 3428/76/1335 3427/75/1335 3426/74/1335
f 3429/77/1336 3425/80/1336 3426/79/1336 3430/78/1336
f 3431/81/1337 3429/79/1337 3430/76/1337 3432/73/1337
f 3428/82/1338 3431/85/1338 3432/84/1338 3427/83/1338
f 3426/86/5 3427/89/5 3432/88/5 3430/87/5
f 3429/90/6 3431/93/6 3428/92/6 3425/91/6
f 3433/1/1339 3436/4/1341 3435/3/1340 3434/2/1339
f 3434/2/1339 3438/6/1342 3437/5/1342 3433/1/1339
f 3439/7/1341 3442/10/1343 3441/9/1343 3440/8/1343
f 3442/10/1343 3439/7/1341 3444/12/1344 3443/11/1344
f 3436/4/1341 3433/1/1339 3442/10/1345 3443/11/1345
f 3441/13/1346 3393/16/1346 3392/15/1346 3440/14/1346
f 3395/17/1347 3392/20/1348 3393/19/1348 3394/18/1348
f 3392/20/1348 3395/17/1347 3396/22/1347 3391/21/1347
f 3396/14/1349 3444/15/1349 3439/30/1349 3391/29/1349
f 3390/31/5 3438/34/5 3434/33/5 3386/32/5
f 3392/35/6 3391/38/6 3439/37/6 3440/36/6
f 3436/39/1350 3443/42/1350 3395/41/1350 3388/40/1350
f 3434/43/1349 3435/46/1349 3387/45/1349 3386/44/1349
f 3388/47/6 3387/50/6 3435/49/6 3436/48/6
f 3396/51/5 3395/54/5 3443/53/5 3444/52/5
f 3385/55/1346 3394/16/1346 3442/13/1346 3433/56/1346
f 3390/46/1346 3389/58/1346 3437/57/1346 3438/45/1346
f 3389/50/6 3385/60/6 3433/59/6 3437/49/6
f 3394/61/5 3393/64/5 3441/63/5 3442/62/5
f 3445/3/1351 3448/4/1351 3447/1/1341 3446/2/1345
f 3449/6/1341 3446/2/1345 3447/1/1341 3450/5/1341
f 3451/9/1345 3454/10/1352 3453/11/1345 3452/8/1345
f 3455/7/1345 3452/8/1345 3453/11/1345 3456/12/1345
f 3453/11/1345 3454/10/1352 3447/1/1343 3448/4/1343
f 3404/15/1349 3403/16/1349 3451/13/1349 3452/14/1349
f 3402/28/1353 3399/23/1353 3400/24/1347 3401/27/1353
f 3398/26/1347 3401/27/1353 3400/24/1347 3397/25/1347
f 3455/30/1354 3456/15/1354 3408/14/1354 3407/29/1354
f 3446/33/5 3449/34/5 3401/31/5 3398/32/5
f 3455/37/6 3407/38/6 3404/35/6 3452/36/6
f 3405/41/1346 3453/42/1346 3448/39/1346 3400/40/1346
f 3397/45/1346 3445/46/1346 3446/43/1346 3398/44/1346
f 3445/49/6 3397/50/6 3400/47/6 3448/48/6
f 3453/53/5 3405/54/5 3408/51/5 3456/52/5
f 3454/13/1349 3406/16/1349 3399/55/1349 3447/56/1349
f 3450/57/1349 3402/58/1349 3401/46/1349 3449/45/1349
f 3447/59/6 3399/60/6 3402/50/6 3450/49/6
f 3451/63/5 3403/64/5 3406/61/5 3454/62/5
f 3457/65/1355 3460/68/1355 3459/67/1355 3458/66/1355
f 3461/65/1346 3457/68/1346 3458/67/1346 3462/66/1346
f 3463/65/1356 3461/68/1356 3462/67/1356 3464/66/1356
f 3460/65/1357 3463/68/1357 3464/67/1357 3459/66/1357
f 3458/69/5 3459/72/5 3464/71/5 3462/70/5
f 3465/67/1358 3468/68/1358 3467/65/1358 3466/66/1358
f 3466/67/1349 3467/68/1349 3470/65/1349 3469/66/1349
f 3469/67/1359 3470/68/1359 3472/65/1359 3471/66/1359
f 3471/67/1346 3472/68/1346 3468/65/1346 3465/66/1346
f 3471/71/5 3465/72/5 3466/69/5 3469/70/5
f 3473/73/1360 3476/76/1360 3475/75/1360 3474/74/1360
f 3477/77/1346 3473/80/1346 3474/79/1346 3478/78/1346
f 3479/81/1361 3477/79/1361 3478/76/1361 3480/73/1361
f 3476/82/1349 3479/85/1349 3480/84/1349 3475/83/1349
f 3474/86/5 3475/89/5 3480/88/5 3478/87/5
f 3477/90/6 3479/93/6 3476/92/6 3473/91/6
f 3481/1/1362 3484/4/1362 3483/3/1363 3482/2/1362
f 3482/2/1362 3486/6/1362 3485/5/1362 3481/1/1362
f 3487/7/1364 3490/10/1364 3489/9/1364 3488/8/1364
f 3490/10/1364 3487/7/1364 3492/12/1365 3491/11/1365
f 3484/4/1362 3481/1/1362 3490/10/1365 3491/11/1365
f 3489/13/1366 3441/16/1366 3440/15/1366 3488/14/1366
f 3443/17/1367 3440/20/1369 3441/19/1368 3442/18/1368
f 3440/20/1369 3443/17/1367 3444/22/1367 3439/21/1367
f 3444/14/1370 3492/15/1370 3487/30/1370 3439/29/1370
f 3438/31/5 3486/34/5 3482/33/5 3434/32/5
f 3440/35/6 3439/38/6 3487/37/6 3488/36/6
f 3484/39/1371 3491/42/1371 3443/41/1371 3436/40/1371
f 3482/43/1370 3483/46/1370 3435/45/1370 3434/44/1370
f 3436/47/6 3435/50/6 3483/49/6 3484/48/6
f 3444/51/5 3443/54/5 3491/53/5 3492/52/5
f 3433/55/1366 3442/16/1366 3490/13/1366 3481/56/1366
f 3438/46/1366 3437/58/1366 3485/57/1366 3486/45/1366
f 3437/50/6 3433/60/6 3481/59/6 3485/49/6
f 3442/61/5 3441/64/5 3489/63/5 3490/62/5
f 3493/3/1362 3496/4/1362 3495/1/1362 3494/2/1362
f 3497/6/1372 3494/2/1362 3495/1/1362 3498/5/1372
f 3499/9/1365 3502/10/1365 3501/11/1364 3500/8/1373
f 3503/7/1364 3500/8/1373 3501/11/1364 3504/12/1364
f 3501/11/1364 3502/10/1365 3495/1/1374 3496/4/1374
f 3452/15/1357 3451/16/1357 3499/13/1357 3500/14/1357
f 3450/28/1375 3447/23/1375 3448/24/1369 3449/27/1376
f 3446/26/1369 3449/27/1376 3448/24/1369 3445/25/1369
f 3503/30/1354 3504/15/1354 3456/14/1354 3455/29/1354
f 3494/33/5 3497/34/5 3449/31/5 3446/32/5
f 3503/37/6 3455/38/6 3452/35/6 3500/36/6
f 3453/41/1346 3501/42/1346 3496/39/1346 3448/40/1346
f 3445/45/1377 3493/46/1377 3494/43/1377 3446/44/1377
f 3493/49/6 3445/50/6 3448/47/6 3496/48/6
f 3501/53/5 3453/54/5 3456/51/5 3504/52/5
f 3502/13/1349 3454/16/1349 3447/55/1349 3495/56/1349
f 3498/57/1357 3450/58/1357 3449/46/1357 3497/45/1357
f 3495/59/6 3447/60/6 3450/50/6 3498/49/6
f 3499/63/5 3451/64/5 3454/61/5 3502/62/5
f 3505/65/1378 3508/68/1378 3507/67/1378 3506/66/1378
f 3509/65/1346 3505/68/1346 3506/67/1346 3510/66/1346
f 3511/65/1379 3509/68/1379 3510/67/1379 3512/66/1379
f 3508/65/1357 3511/68/1357 3512/67/1357 3507/66/1357
f 3506/69/5 3507/72/5 3512/71/5 3510/70/5
f 3513/67/1380 3516/68/1380 3515/65/1380 3514/66/1380
f 3514/67/1381 3515/68/1381 3518/65/1381 3517/66/1381
f 3517/67/1379 3518/68/1379 3520/65/1379 3519/66/1379
f 3519/67/1382 3520/68/1382 3516/65/1382 3513/66/1382
f 3519/71/5 3513/72/5 3514/69/5 3517/70/5
f 3521/73/1383 3524/76/1383 3523/75/1383 3522/74/1383
f 3525/77/1328 3521/80/1328 3522/79/1328 3526/78/1328
f 3527/81/1384 3525/79/1384 3526/76/1384 3528/73/1384
f 3524/82/1357 3527/85/1357 3528/84/1357 3523/83/1357
f 3522/86/5 3523/89/5 3528/88/5 3526/87/5
f 3525/90/6 3527/93/6 3524/92/6 3521/91/6
f 3529/1/1385 3532/4/1385 3531/3/1385 3530/2/1385
f 3530/2/1385 3534/6/1385 3533/5/1385 3529/1/1385
f 3535/7/1385 3538/10/1386 3537/9/1386 3536/8/1386
f 3538/10/1386 3535/7/1385 3540/12/1385 3539/11/1385
f 3532/4/1385 3529/1/1385 3538/10/1385 3539/11/1385
f 3537/13/1387 3489/16/1387 3488/15/1387 3536/14/1387
f 3491/17/1388 3488/20/1390 3489/19/1389 3490/18/1389
f 3488/20/1390 3491/17/1388 3492/22/1388 3487/21/1388
f 3492/14/1391 3540/15/1391 3535/30/1391 3487/29/1391
f 3486/31/5 3534/34/5 3530/33/5 3482/32/5
f 3488/35/6 3487/38/6 3535/37/6 3536/36/6
f 3532/39/1391 3539/42/1391 3491/41/1391 3484/40/1391
f 3530/43/1391 3531/46/1391 3483/45/1391 3482/44/1391
f 3484/47/6 3483/50/6 3531/49/6 3532/48/6
f 3492/51/5 3491/54/5 3539/53/5 3540/52/5
f 3481/55/1387 3490/16/1387 3538/13/1387 3529/56/1387
f 3486/46/1387 3485/58/1387 3533/57/1387 3534/45/1387
f 3485/50/6 3481/60/6 3529/59/6 3533/49/6
f 3490/61/5 3489/64/5 3537/63/5 3538/62/5
f 3541/3/1392 3544/4/1392 3543/1/1385 3542/2/1385
f 3545/6/1385 3542/2/1385 3543/1/1385 3546/5/1385
f 3547/9/1393 3550/10/1385 3549/11/1385 3548/8/1394
f 3551/7/1385 3548/8/1394 3549/11/1385 3552/12/1385
f 3549/11/1385 3550/10/1385 3543/1/1385 3544/4/1385
f 3500/15/1395 3499/16/1395 3547/13/1395 3548/14/1395
f 3498/28/1396 3495/23/1396 3496/24/1397 3497/27/1396
f 3494/26/1397 3497/27/1396 3496/24/1397 3493/25/1397
f 3551/30/1398 3552/15/1398 3504/14/1398 3503/29/1398
f 3542/33/5 3545/34/5 3497/31/5 3494/32/5
f 3551/37/6 3503/38/6 3500/35/6 3548/36/6
f 3501/41/1398 3549/42/1398 3544/39/1398 3496/40/1398
f 3493/45/1398 3541/46/1398 3542/43/1398 3494/44/1398
f 3541/49/6 3493/50/6 3496/47/6 3544/48/6
f 3549/53/5 3501/54/5 3504/51/5 3552/52/5
f 3550/13/1395 3502/16/1395 3495/55/1395 3543/56/1395
f 3546/57/1395 3498/58/1395 3497/46/1395 3545/45/1395
f 3543/59/6 3495/60/6 3498/50/6 3546/49/6
f 3547/63/5 3499/64/5 3502/61/5 3550/62/5
f 3553/65/1399 3556/68/1399 3555/67/1399 3554/66/1399
f 3557/65/1400 3553/68/1400 3554/67/1400 3558/66/1400
f 3559/65/1401 3557/68/1401 3558/67/1401 3560/66/1401
f 3556/65/1402 3559/68/1402 3560/67/1402 3555/66/1402
f 3554/69/5 3555/72/5 3560/71/5 3558/70/5
f 3561/67/1403 3564/68/1403 3563/65/1403 3562/66/1403
f 3562/67/1404 3563/68/1404 3566/65/1404 3565/66/1404
f 3565/67/1405 3566/68/1405 3568/65/1405 3567/66/1405
f 3567/67/1406 3568/68/1406 3564/65/1406 3561/66/1406
f 3567/71/5 3561/72/5 3562/69/5 3565/70/5
f 3569/73/1407 3572/76/1407 3571/75/1407 3570/74/1407
f 3573/77/1408 3569/80/1408 3570/79/1408 3574/78/1408
f 3575/81/1409 3573/79/1409 3574/76/1409 3576/73/1409
f 3572/82/1404 3575/85/1404 3576/84/1404 3571/83/1404
f 3570/86/5 3571/89/5 3576/88/5 3574/87/5
f 3573/90/6 3575/93/6 3572/92/6 3569/91/6
f 3577/1/1410 3580/4/1411 3579/3/1411 3578/2/1411
f 3578/2/1411 3582/6/1412 3581/5/1412 3577/1/1410
f 3583/7/1413 3586/10/1414 3585/9/1414 3584/8/1414
f 3586/10/1414 3583/7/1413 3588/12/1415 3587/11/1415
f 3580/4/1411 3577/1/1410 3586/10/1416 3587/11/1416
f 3585/13/1417 3537/16/1417 3536/15/1417 3584/14/1417
f 3539/17/1418 3536/20/1420 3537/19/1419 3538/18/1419
f 3536/20/1420 3539/17/1418 3540/22/1418 3535/21/1418
f 3540/14/1421 3588/15/1421 3583/30/1421 3535/29/1421
f 3534/31/5 3582/34/5 3578/33/5 3530/32/5
f 3536/35/6 3535/38/6 3583/37/6 3584/36/6
f 3580/39/1421 3587/42/1421 3539/41/1421 3532/40/1421
f 3578/43/1421 3579/46/1421 3531/45/1421 3530/44/1421
f 3532/47/6 3531/50/6 3579/49/6 3580/48/6
f 3540/51/5 3539/54/5 3587/53/5 3588/52/5
f 3529/55/1417 3538/16/1417 3586/13/1417 3577/56/1417
f 3534/46/1417 3533/58/1417 3581/57/1417 3582/45/1417
f 3533/50/6 3529/60/6 3577/59/6 3581/49/6
f 3538/61/5 3537/64/5 3585/63/5 3586/62/5
f 3589/3/1422 3592/4/1422 3591/1/1424 3590/2/1423
f 3593/6/1424 3590/2/1423 3591/1/1424 3594/5/1424
f 3595/9/1422 3598/10/1423 3597/11/1423 3596/8/1422
f 3599/7/1423 3596/8/1422 3597/11/1423 3600/12/1423
f 3597/11/1423 3598/10/1423 3591/1/1423 3592/4/1423
f 3548/15/1421 3547/16/1421 3595/13/1421 3596/14/1421
f 3546/28/1425 3543/23/1425 3544/24/1426 3545/27/1426
f 3542/26/1426 3545/27/1426 3544/24/1426 3541/25/1426
f 3599/30/1417 3600/15/1417 3552/14/1417 3551/29/1417
f 3590/33/5 3593/34/5 3545/31/5 3542/32/5
f 3599/37/6 3551/38/6 3548/35/6 3596/36/6
f 3549/41/1417 3597/42/1417 3592/39/1417 3544/40/1417
f 3541/45/1417 3589/46/1417 3590/43/1417 3542/44/1417
f 3589/49/6 3541/50/6 3544/47/6 3592/48/6
f 3597/53/5 3549/54/5 3552/51/5 3600/52/5
f 3598/13/1421 3550/16/1421 3543/55/1421 3591/56/1421
f 3594/57/1421 3546/58/1421 3545/46/1421 3593/45/1421
f 3591/59/6 3543/60/6 3546/50/6 3594/49/6
f 3595/63/5 3547/64/5 3550/61/5 3598/62/5
f 3601/65/1427 3604/68/1427 3603/67/1427 3602/66/1427
f 3605/65/1406 3601/68/1406 3602/67/1406 3606/66/1406
f 3607/65/1428 3605/68/1428 3606/67/1428 3608/66/1428
f 3604/65/1421 3607/68/1421 3608/67/1421 3603/66/1421
f 3602/69/5 3603/72/5 3608/71/5 3606/70/5
f 3609/67/1429 3612/68/1429 3611/65/1429 3610/66/1429
f 3610/67/1404 3611/68/1404 3614/65/1404 3613/66/1404
f 3613/67/1430 3614/68/1430 3616/65/1430 3615/66/1430
f 3615/67/1431 3616/68/1431 3612/65/1431 3609/66/1431
f 3615/71/5 3609/72/5 3610/69/5 3613/70/5
f 3617/73/1432 3620/76/1432 3619/75/1432 3618/74/1432
f 3621/77/1417 3617/80/1417 3618/79/1417 3622/78/1417
f 3623/81/1433 3621/79/1433 3622/76/1433 3624/73/1433
f 3620/82/1421 3623/85/1421 3624/84/1421 3619/83/1421
f 3618/86/5 3619/89/5 3624/88/5 3622/87/5
f 3621/90/6 3623/93/6 3620/92/6 3617/91/6
f 3625/1/1434 3628/4/1436 3627/3/1436 3626/2/1435
f 3626/2/1435 3630/6/1437 3629/5/1437 3625/1/1434
f 3631/7/1438 3634/10/1434 3633/9/1439 3632/8/1439
f 3634/10/1434 3631/7/1438 3636/12/1438 3635/11/1438
f 3628/4/1436 3625/1/1434 3634/10/1440 3635/11/1440
f 3633/13/1441 3585/16/1441 3584/15/1441 3632/14/1441
f 3587/17/1442 3584/20/1444 3585/19/1443 3586/18/1443
f 3584/20/1444 3587/17/1442 3588/22/1442 3583/21/1442
f 3588/14/1445 3636/15/1445 3631/30/1445 3583/29/1445
f 3582/31/5 3630/34/5 3626/33/5 3578/32/5
f 3584/35/6 3583/38/6 3631/37/6 3632/36/6
f 3628/39/1445 3635/42/1445 3587/41/1445 3580/40/1445
f 3626/43/1445 3627/46/1445 3579/45/1445 3578/44/1445
f 3580/47/6 3579/50/6 3627/49/6 3628/48/6
f 3588/51/5 3587/54/5 3635/53/5 3636/52/5
f 3577/55/1441 3586/16/1441 3634/13/1441 3625/56/1441
f 3582/46/1441 3581/58/1441 3629/57/1441 3630/45/1441
f 3581/50/6 3577/60/6 3625/59/6 3629/49/6
f 3586/61/5 3585/64/5 3633/63/5 3634/62/5
f 3637/3/1446 3640/4/1446 3639/1/1447 3638/2/1446
f 3641/6/1447 3638/2/1446 3639/1/1447 3642/5/1447
f 3643/9/1436 3646/10/1436 3645/11/1436 3644/8/1436
f 3647/7/1435 3644/8/1436 3645/11/1436 3648/12/1435
f 3645/11/1436 3646/10/1436 3639/1/1440 3640/4/1440
f 3596/15/1448 3595/16/1448 3643/13/1448 3644/14/1448
f 3594/28/1449 3591/23/1449 3592/24/1450 3593/27/1449
f 3590/26/1450 3593/27/1449 3592/24/1450 3589/25/1450
f 3647/30/1451 3648/15/1451 3600/14/1451 3599/29/1451
f 3638/33/5 3641/34/5 3593/31/5 3590/32/5
f 3647/37/6 3599/38/6 3596/35/6 3644/36/6
f 3597/41/1451 3645/42/1451 3640/39/1451 3592/40/1451
f 3589/45/1451 3637/46/1451 3638/43/1451 3590/44/1451
f 3637/49/6 3589/50/6 3592/47/6 3640/48/6
f 3645/53/5 3597/54/5 3600/51/5 3648/52/5
f 3646/13/1448 3598/16/1448 3591/55/1448 3639/56/1448
f 3642/57/1448 3594/58/1448 3593/46/1448 3641/45/1448
f 3639/59/6 3591/60/6 3594/50/6 3642/49/6
f 3643/63/5 3595/64/5 3598/61/5 3646/62/5
f 3649/65/1452 3652/68/1452 3651/67/1452 3650/66/1452
f 3653/65/1406 3649/68/1406 3650/67/1406 3654/66/1406
f 3655/65/1453 3653/68/1453 3654/67/1453 3656/66/1453
f 3652/65/1421 3655/68/1421 3656/67/1421 3651/66/1421
f 3650/69/5 3651/72/5 3656/71/5 3654/70/5
f 3657/67/1454 3660/68/1454 3659/65/1454 3658/66/1454
f 3658/67/1455 3659/68/1455 3662/65/1455 3661/66/1455
f 3661/67/1456 3662/68/1456 3664/65/1456 3663/66/1456
f 3663/67/1457 3664/68/1457 3660/65/1457 3657/66/1457
f 3663/71/5 3657/72/5 3658/69/5 3661/70/5
f 3665/73/1458 3668/76/1458 3667/75/1458 3666/74/1458
f 3669/77/1459 3665/80/1459 3666/79/1459 3670/78/1459
f 3671/81/1460 3669/79/1460 3670/76/1460 3672/73/1460
f 3668/82/1461 3671/85/1461 3672/84/1461 3667/83/1461
f 3666/86/5 3667/89/5 3672/88/5 3670/87/5
f 3669/90/6 3671/93/6 3668/92/6 3665/91/6
f 3673/1/1462 3676/4/1463 3675/3/1464 3674/2/1463
f 3674/2/1463 3678/6/1465 3677/5/1465 3673/1/1462
f 3679/7/1466 3682/10/1463 3681/9/1467 3680/8/1467
f 3682/10/1463 3679/7/1466 3684/12/1468 3683/11/1468
f 3676/4/1463 3673/1/1462 3682/10/1469 3683/11/1469
f 3681/13/1470 3633/16/1470 3632/15/1470 3680/14/1470
f 3635/17/1471 3632/20/1472 3633/19/1472 3634/18/1472
f 3632/20/1472 3635/17/1471 3636/22/1471 3631/21/1471
f 3636/14/1473 3684/15/1473 3679/30/1473 3631/29/1473
f 3630/31/5 3678/34/5 3674/33/5 3626/32/5
f 3632/35/6 3631/38/6 3679/37/6 3680/36/6
f 3676/39/1473 3683/42/1473 3635/41/1473 3628/40/1473
f 3674/43/1473 3675/46/1473 3627/45/1473 3626/44/1473
f 3628/47/6 3627/50/6 3675/49/6 3676/48/6
f 3636/51/5 3635/54/5 3683/53/5 3684/52/5
f 3625/55/1470 3634/16/1470 3682/13/1470 3673/56/1470
f 3630/46/1474 3629/58/1474 3677/57/1474 3678/45/1474
f 3629/50/6 3625/60/6 3673/59/6 3677/49/6
f 3634/61/5 3633/64/5 3681/63/5 3682/62/5
f 3685/3/1464 3688/4/1464 3687/1/1476 3686/2/1475
f 3689/6/1477 3686/2/1475 3687/1/1476 3690/5/1477
f 3691/9/1475 3694/10/1466 3693/11/1466 3692/8/1475
f 3695/7/1466 3692/8/1475 3693/11/1466 3696/12/1466
f 3693/11/1466 3694/10/1466 3687/1/1469 3688/4/1469
f 3644/15/1478 3643/16/1478 3691/13/1478 3692/14/1478
f 3642/28/1479 3639/23/1479 3640/24/1481 3641/27/1480
f 3638/26/1481 3641/27/1480 3640/24/1481 3637/25/1481
f 3695/30/1482 3696/15/1482 3648/14/1482 3647/29/1482
f 3686/33/5 3689/34/5 3641/31/5 3638/32/5
f 3695/37/6 3647/38/6 3644/35/6 3692/36/6
f 3645/41/1483 3693/42/1483 3688/39/1483 3640/40/1483
f 3637/45/1483 3685/46/1483 3686/43/1483 3638/44/1483
f 3685/49/6 3637/50/6 3640/47/6 3688/48/6
f 3693/53/5 3645/54/5 3648/51/5 3696/52/5
f 3694/13/1478 3646/16/1478 3639/55/1478 3687/56/1478
f 3690/57/1478 3642/58/1478 3641/46/1478 3689/45/1478
f 3687/59/6 3639/60/6 3642/50/6 3690/49/6
f 3691/63/5 3643/64/5 3646/61/5 3694/62/5
f 3697/65/1484 3700/68/1484 3699/67/1484 3698/66/1484
f 3701/65/1483 3697/68/1483 3698/67/1483 3702/66/1483
f 3703/65/1485 3701/68/1485 3702/67/1485 3704/66/1485
f 3700/65/1486 3703/68/1486 3704/67/1486 3699/66/1486
f 3698/69/5 3699/72/5 3704/71/5 3702/70/5
f 3705/67/1487 3708/68/1487 3707/65/1487 3706/66/1487
f 3706/67/1488 3707/68/1488 3710/65/1488 3709/66/1488
f 3709/67/1489 3710/68/1489 3712/65/1489 3711/66/1489
f 3711/67/1490 3712/68/1490 3708/65/1490 3705/66/1490
f 3711/71/5 3705/72/5 3706/69/5 3709/70/5
f 3713/73/1491 3716/76/1491 3715/75/1491 3714/74/1491
f 3717/77/1492 3713/80/1492 3714/79/1492 3718/78/1492
f 3719/81/1493 3717/79/1493 3718/76/1493 3720/73/1493
f 3716/82/1478 3719/85/1478 3720/84/1478 3715/83/1478
f 3714/86/5 3715/89/5 3720/88/5 3718/87/5
f 3717/90/6 3719/93/6 3716/92/6 3713/91/6
f 3721/1/1494 3724/4/1494 3723/3/1494 3722/2/1494
f 3722/2/1494 3726/6/1494 3725/5/1494 3721/1/1494
f 3727/7/1495 3730/10/1494 3729/9/1494 3728/8/1494
f 3730/10/1494 3727/7/1495 3732/12/1495 3731/11/1495
f 3724/4/1494 3721/1/1494 3730/10/1494 3731/11/1494
f 3729/13/1483 3681/16/1483 3680/15/1483 3728/14/1483
f 3683/17/1496 3680/20/1497 3681/19/1497 3682/18/1497
f 3680/20/1497 3683/17/1496 3684/22/1496 3679/21/1496
f 3684/14/1478 3732/15/1478 3727/30/1478 3679/29/1478
f 3678/31/5 3726/34/5 3722/33/5 3674/32/5
f 3680/35/6 3679/38/6 3727/37/6 3728/36/6
f 3724/39/1478 3731/42/1478 3683/41/1478 3676/40/1478
f 3722/43/1478 3723/46/1478 3675/45/1478 3674/44/1478
f 3676/47/6 3675/50/6 3723/49/6 3724/48/6
f 3684/51/5 3683/54/5 3731/53/5 3732/52/5
f 3673/55/1483 3682/16/1483 3730/13/1483 3721/56/1483
f 3678/46/1483 3677/58/1483 3725/57/1483 3726/45/1483
f 3677/50/6 3673/60/6 3721/59/6 3725/49/6
f 3682/61/5 3681/64/5 3729/63/5 3730/62/5
f 3733/3/1495 3736/4/1495 3735/1/1495 3734/2/1495
f 3737/6/1498 3734/2/1495 3735/1/1495 3738/5/1498
f 3739/9/1494 3742/10/1494 3741/11/1494 3740/8/1494
f 3743/7/1494 3740/8/1494 3741/11/1494 3744/12/1494
f 3741/11/1494 3742/10/1494 3735/1/1494 3736/4/1494
f 3692/15/1478 3691/16/1478 3739/13/1478 3740/14/1478
f 3690/28/1497 3687/23/1497 3688/24/1499 3689/27/1497
f 3686/26/1500 3689/27/1497 3688/24/1499 3685/25/1500
f 3743/30/1470 3744/15/1470 3696/14/1470 3695/29/1470
f 3734/33/5 3737/34/5 3689/31/5 3686/32/5
f 3743/37/6 3695/38/6 3692/35/6 3740/36/6
f 3693/41/1483 3741/42/1483 3736/39/1483 3688/40/1483
f 3685/45/1483 3733/46/1483 3734/43/1483 3686/44/1483
f 3733/49/6 3685/50/6 3688/47/6 3736/48/6
f 3741/53/5 3693/54/5 3696/51/5 3744/52/5
f 3742/13/1478 3694/16/1478 3687/55/1478 3735/56/1478
f 3738/57/1478 3690/58/1478 3689/46/1478 3737/45/1478
f 3735/59/6 3687/60/6 3690/50/6 3738/49/6
f 3739/63/5 3691/64/5 3694/61/5 3742/62/5
f 3745/65/1501 3748/68/1501 3747/67/1501 3746/66/1501
f 3749/65/1483 3745/68/1483 3746/67/1483 3750/66/1483
f 3751/65/1502 3749/68/1502 3750/67/1502 3752/66/1502
f 3748/65/1478 3751/68/1478 3752/67/1478 3747/66/1478
f 3746/69/5 3747/72/5 3752/71/5 3750/70/5
f 3753/67/1503 3756/68/1503 3755/65/1503 3754/66/1503
f 3754/67/1478 3755/68/1478 3758/65/1478 3757/66/1478
f 3757/67/1502 3758/68/1502 3760/65/1502 3759/66/1502
f 3759/67/1504 3760/68/1504 3756/65/1504 3753/66/1504
f 3759/71/5 3753/72/5 3754/69/5 3757/70/5
f 3761/73/1505 3764/76/1505 3763/75/1505 3762/74/1505
f 3765/77/1483 3761/80/1483 3762/79/1483 3766/78/1483
f 3767/81/1506 3765/79/1506 3766/76/1506 3768/73/1506
f 3764/82/1473 3767/85/1473 3768/84/1473 3763/83/1473
f 3762/86/5 3763/89/5 3768/88/5 3766/87/5
f 3765/90/6 3767/93/6 3764/92/6 3761/91/6
f 3769/1/1507 3772/4/1508 3771/3/1509 3770/2/1508
f 3770/2/1508 3774/6/1507 3773/5/1507 3769/1/1507
f 3775/7/1510 3778/10/1512 3777/9/1511 3776/8/1511
f 3778/10/1512 3775/7/1510 3780/12/1510 3779/11/1510
f 3772/4/1508 3769/1/1507 3778/10/1511 3779/11/1511
f 3777/13/1513 3729/16/1513 3728/15/1513 3776/14/1513
f 3731/17/1514 3728/20/1516 3729/19/1515 3730/18/1515
f 3728/20/1516 3731/17/1514 3732/22/1514 3727/21/1514
f 3732/14/1517 3780/15/1517 3775/30/1517 3727/29/1517
f 3726/31/5 3774/34/5 3770/33/5 3722/32/5
f 3728/35/6 3727/38/6 3775/37/6 3776/36/6
f 3772/39/1518 3779/42/1518 3731/41/1518 3724/40/1518
f 3770/43/1517 3771/46/1517 3723/45/1517 3722/44/1517
f 3724/47/6 3723/50/6 3771/49/6 3772/48/6
f 3732/51/5 3731/54/5 3779/53/5 3780/52/5
f 3721/55/1513 3730/16/1513 3778/13/1513 3769/56/1513
f 3726/46/1513 3725/58/1513 3773/57/1513 3774/45/1513
f 3725/50/6 3721/60/6 3769/59/6 3773/49/6
f 3730/61/5 3729/64/5 3777/63/5 3778/62/5
f 3781/3/1507 3784/4/1507 3783/1/1520 3782/2/1519
f 3785/6/1521 3782/2/1519 3783/1/1520 3786/5/1521
f 3787/9/1522 3790/10/1507 3789/11/1507 3788/8/1507
f 3791/7/1507 3788/8/1507 3789/11/1507 3792/12/1507
f 3789/11/1507 3790/10/1507 3783/1/1507 3784/4/1507
f 3740/15/1517 3739/16/1517 3787/13/1517 3788/14/1517
f 3738/28/1523 3735/23/1523 3736/24/1514 3737/27/1514
f 3734/26/1514 3737/27/1514 3736/24/1514 3733/25/1514
f 3791/30/1513 3792/15/1513 3744/14/1513 3743/29/1513
f 3782/33/5 3785/34/5 3737/31/5 3734/32/5
f 3791/37/6 3743/38/6 3740/35/6 3788/36/6
f 3741/41/1513 3789/42/1513 3784/39/1513 3736/40/1513
f 3733/45/1513 3781/46/1513 3782/43/1513 3734/44/1513
f 3781/49/6 3733/50/6 3736/47/6 3784/48/6
f 3789/53/5 3741/54/5 3744/51/5 3792/52/5
f 3790/13/1517 3742/16/1517 3735/55/1517 3783/56/1517
f 3786/57/1517 3738/58/1517 3737/46/1517 3785/45/1517
f 3783/59/6 3735/60/6 3738/50/6 3786/49/6
f 3787/63/5 3739/64/5 3742/61/5 3790/62/5
f 3793/65/1524 3796/68/1524 3795/67/1524 3794/66/1524
f 3797/65/1525 3793/68/1525 3794/67/1525 3798/66/1525
f 3799/65/1526 3797/68/1526 3798/67/1526 3800/66/1526
f 3796/65/1527 3799/68/1527 3800/67/1527 3795/66/1527
f 3794/69/5 3795/72/5 3800/71/5 3798/70/5
f 3801/67/1528 3804/68/1528 3803/65/1528 3802/66/1528
f 3802/67/1529 3803/68/1529 3806/65/1529 3805/66/1529
f 3805/67/1530 3806/68/1530 3808/65/1530 3807/66/1530
f 3807/67/1531 3808/68/1531 3804/65/1531 3801/66/1531
f 3807/71/5 3801/72/5 3802/69/5 3805/70/5
f 3809/73/1532 3812/76/1532 3811/75/1532 3810/74/1532
f 3813/77/1533 3809/80/1533 3810/79/1533 3814/78/1533
f 3815/81/1534 3813/79/1534 3814/76/1534 3816/73/1534
f 3812/82/1535 3815/85/1535 3816/84/1535 3811/83/1535
f 3810/86/5 3811/89/5 3816/88/5 3814/87/5
f 3813/90/6 3815/93/6 3812/92/6 3809/91/6
f 3817/1/1536 3820/4/1537 3819/3/1537 3818/2/1536
f 3818/2/1536 3822/6/1538 3821/5/1538 3817/1/1536
f 3823/7/1539 3826/10/1537 3825/9/1537 3824/8/1537
f 3826/10/1537 3823/7/1539 3828/12/1536 3827/11/1536
f 3820/4/1537 3817/1/1536 3826/10/1540 3827/11/1540
f 3825/13/1541 3777/16/1541 3776/15/1541 3824/14/1541
f 3779/17/1542 3776/20/1542 3777/19/1543 3778/18/1543
f 3776/20/1542 3779/17/1542 3780/22/1542 3775/21/1542
f 3780/14/1544 3828/15/1544 3823/30/1544 3775/29/1544
f 3774/31/5 3822/34/5 3818/33/5 3770/32/5
f 3776/35/6 3775/38/6 3823/37/6 3824/36/6
f 3820/39/1545 3827/42/1545 3779/41/1545 3772/40/1545
f 3818/43/1544 3819/46/1544 3771/45/1544 3770/44/1544
f 3772/47/6 3771/50/6 3819/49/6 3820/48/6
f 3780/51/5 3779/54/5 3827/53/5 3828/52/5
f 3769/55/1541 3778/16/1541 3826/13/1541 3817/56/1541
f 3774/46/1541 3773/58/1541 3821/57/1541 3822/45/1541
f 3773/50/6 3769/60/6 3817/59/6 3821/49/6
f 3778/61/5 3777/64/5 3825/63/5 3826/62/5
f 3829/3/1546 3832/4/1546 3831/1/1536 3830/2/1546
f 3833/6/1536 3830/2/1546 3831/1/1536 3834/5/1536
f 3835/9/1547 3838/10/1537 3837/11/1548 3836/8/1547
f 3839/7/1549 3836/8/1547 3837/11/1548 3840/12/1549
f 3837/11/1548 3838/10/1537 3831/1/1537 3832/4/1537
f 3788/15/1544 3787/16/1544 3835/13/1544 3836/14/1544
f 3786/28/1550 3783/23/1550 3784/24/1552 3785/27/1551
f 3782/26/1552 3785/27/1551 3784/24/1552 3781/25/1552
f 3839/30/1541 3840/15/1541 3792/14/1541 3791/29/1541
f 3830/33/5 3833/34/5 3785/31/5 3782/32/5
f 3839/37/6 3791/38/6 3788/35/6 3836/36/6
f 3789/41/1541 3837/42/1541 3832/39/1541 3784/40/1541
f 3781/45/1541 3829/46/1541 3830/43/1541 3782/44/1541
f 3829/49/6 3781/50/6 3784/47/6 3832/48/6
f 3837/53/5 3789/54/5 3792/51/5 3840/52/5
f 3838/13/1544 3790/16/1544 3783/55/1544 3831/56/1544
f 3834/57/1544 3786/58/1544 3785/46/1544 3833/45/1544
f 3831/59/6 3783/60/6 3786/50/6 3834/49/6
f 3835/63/5 3787/64/5 3790/61/5 3838/62/5
f 3841/65/1553 3844/68/1553 3843/67/1553 3842/66/1553
f 3845/65/1554 3841/68/1554 3842/67/1554 3846/66/1554
f 3847/65/1555 3845/68/1555 3846/67/1555 3848/66/1555
f 3844/65/1544 3847/68/1544 3848/67/1544 3843/66/1544
f 3842/69/5 3843/72/5 3848/71/5 3846/70/5
f 3849/67/1556 3852/68/1556 3851/65/1556 3850/66/1556
f 3850/67/1557 3851/68/1557 3854/65/1557 3853/66/1557
f 3853/67/1558 3854/68/1558 3856/65/1558 3855/66/1558
f 3855/67/1541 3856/68/1541 3852/65/1541 3849/66/1541
f 3855/71/5 3849/72/5 3850/69/5 3853/70/5
f 3857/73/1559 3860/76/1559 3859/75/1559 3858/74/1559
f 3861/77/1560 3857/80/1560 3858/79/1560 3862/78/1560
f 3863/81/1561 3861/79/1561 3862/76/1561 3864/73/1561
f 3860/82/1544 3863/85/1544 3864/84/1544 3859/83/1544
f 3858/86/5 3859/89/5 3864/88/5 3862/87/5
f 3861/90/6 3863/93/6 3860/92/6 3857/91/6
f 3865/1/1562 3868/4/1565 3867/3/1564 3866/2/1563
f 3866/2/1563 3870/6/1566 3869/5/1566 3865/1/1562
f 3871/7/1567 3874/10/1568 3873/9/1568 3872/8/1568
f 3874/10/1568 3871/7/1567 3876/12/1569 3875/11/1569
f 3868/4/1565 3865/1/1562 3874/10/1570 3875/11/1570
f 3873/13/1554 3825/16/1554 3824/15/1554 3872/14/1554
f 3827/17/1571 3824/20/1571 3825/19/1571 3826/18/1571
f 3824/20/1571 3827/17/1571 3828/22/1571 3823/21/1571
f 3828/14/1544 3876/15/1544 3871/30/1544 3823/29/1544
f 3822/31/5 3870/34/5 3866/33/5 3818/32/5
f 3824/35/6 3823/38/6 3871/37/6 3872/36/6
f 3868/39/1544 3875/42/1544 3827/41/1544 3820/40/1544
f 3866/43/1572 3867/46/1572 3819/45/1572 3818/44/1572
f 3820/47/6 3819/50/6 3867/49/6 3868/48/6
f 3828/51/5 3827/54/5 3875/53/5 3876/52/5
f 3817/55/1554 3826/16/1554 3874/13/1554 3865/56/1554
f 3822/46/1541 3821/58/1541 3869/57/1541 3870/45/1541
f 3821/50/6 3817/60/6 3865/59/6 3869/49/6
f 3826/61/5 3825/64/5 3873/63/5 3874/62/5
f 3877/3/1573 3880/4/1573 3879/1/1575 3878/2/1574
f 3881/6/1576 3878/2/1574 3879/1/1575 3882/5/1576
f 3883/9/1569 3886/10/1569 3885/11/1577 3884/8/1562
f 3887/7/1575 3884/8/1562 3885/11/1577 3888/12/1575
f 3885/11/1577 3886/10/1569 3879/1/1570 3880/4/1570
f 3836/15/1544 3835/16/1544 3883/13/1544 3884/14/1544
f 3834/28/1578 3831/23/1578 3832/24/1580 3833/27/1579
f 3830/26/1581 3833/27/1579 3832/24/1580 3829/25/1581
f 3887/30/1560 3888/15/1560 3840/14/1560 3839/29/1560
f 3878/33/5 3881/34/5 3833/31/5 3830/32/5
f 3887/37/6 3839/38/6 3836/35/6 3884/36/6
f 3837/41/1541 3885/42/1541 3880/39/1541 3832/40/1541
f 3829/45/1541 3877/46/1541 3878/43/1541 3830/44/1541
f 3877/49/6 3829/50/6 3832/47/6 3880/48/6
f 3885/53/5 3837/54/5 3840/51/5 3888/52/5
f 3886/13/1582 3838/16/1582 3831/55/1582 3879/56/1582
f 3882/57/1544 3834/58/1544 3833/46/1544 3881/45/1544
f 3879/59/6 3831/60/6 3834/50/6 3882/49/6
f 3883/63/5 3835/64/5 3838/61/5 3886/62/5
f 3889/65/1583 3892/68/1583 3891/67/1583 3890/66/1583
f 3893/65/1541 3889/68/1541 3890/67/1541 3894/66/1541
f 3895/65/1584 3893/68/1584 3894/67/1584 3896/66/1584
f 3892/65/1585 3895/68/1585 3896/67/1585 3891/66/1585
f 3890/69/5 3891/72/5 3896/71/5 3894/70/5
f 3897/67/1583 3900/68/1583 3899/65/1583 3898/66/1583
f 3898/67/1544 3899/68/1544 3902/65/1544 3901/66/1544
f 3901/67/1584 3902/68/1584 3904/65/1584 3903/66/1584
f 3903/67/1554 3904/68/1554 3900/65/1554 3897/66/1554
f 3903/71/5 3897/72/5 3898/69/5 3901/70/5
f 3905/73/1586 3908/76/1586 3907/75/1586 3906/74/1586
f 3909/77/1554 3905/80/1554 3906/79/1554 3910/78/1554
f 3911/81/1587 3909/79/1587 3910/76/1587 3912/73/1587
f 3908/82/1582 3911/85/1582 3912/84/1582 3907/83/1582
f 3906/86/5 3907/89/5 3912/88/5 3910/87/5
f 3909/90/6 3911/93/6 3908/92/6 3905/91/6
f 3913/1/1588 3916/4/1590 3915/3/1590 3914/2/1589
f 3914/2/1589 3918/6/1589 3917/5/1589 3913/1/1588
f 3919/7/1590 3922/10/1591 3921/9/1591 3920/8/1591
f 3922/10/1591 3919/7/1590 3924/12/1592 3923/11/1592
f 3916/4/1590 3913/1/1588 3922/10/1593 3923/11/1593
f 3921/13/1594 3873/16/1594 3872/15/1594 3920/14/1594
f 3875/17/1595 3872/20/1595 3873/19/1596 3874/18/1596
f 3872/20/1595 3875/17/1595 3876/22/1595 3871/21/1595
f 3876/14/1597 3924/15/1597 3919/30/1597 3871/29/1597
f 3870/31/5 3918/34/5 3914/33/5 3866/32/5
f 3872/35/6 3871/38/6 3919/37/6 3920/36/6
f 3916/39/1598 3923/42/1598 3875/41/1598 3868/40/1598
f 3914/43/1597 3915/46/1597 3867/45/1597 3866/44/1597
f 3868/47/6 3867/50/6 3915/49/6 3916/48/6
f 3876/51/5 3875/54/5 3923/53/5 3924/52/5
f 3865/55/1594 3874/16/1594 3922/13/1594 3913/56/1594
f 3870/46/1594 3869/58/1594 3917/57/1594 3918/45/1594
f 3869/50/6 3865/60/6 3913/59/6 3917/49/6
f 3874/61/5 3873/64/5 3921/63/5 3922/62/5
f 3925/3/1593 3928/4/1593 3927/1/1590 3926/2/1599
f 3929/6/1590 3926/2/1599 3927/1/1590 3930/5/1590
f 3931/9/1593 3934/10/1600 3933/11/1591 3932/8/1593
f 3935/7/1591 3932/8/1593 3933/11/1591 3936/12/1591
f 3933/11/1591 3934/10/1600 3927/1/1601 3928/4/1601
f 3884/15/1602 3883/16/1602 3931/13/1602 3932/14/1602
f 3882/28/1603 3879/23/1603 3880/24/1605 3881/27/1604
f 3878/26/1606 3881/27/1604 3880/24/1605 3877/25/1606
f 3935/30/1607 3936/15/1607 3888/14/1607 3887/29/1607
f 3926/33/5 3929/34/5 3881/31/5 3878/32/5
f 3935/37/6 3887/38/6 3884/35/6 3932/36/6
f 3885/41/1608 3933/42/1608 3928/39/1608 3880/40/1608
f 3877/45/1608 3925/46/1608 3926/43/1608 3878/44/1608
f 3925/49/6 3877/50/6 3880/47/6 3928/48/6
f 3933/53/5 3885/54/5 3888/51/5 3936/52/5
f 3934/13/1602 3886/16/1602 3879/55/1602 3927/56/1602
f 3930/57/1602 3882/58/1602 3881/46/1602 3929/45/1602
f 3927/59/6 3879/60/6 3882/50/6 3930/49/6
f 3931/63/5 3883/64/5 3886/61/5 3934/62/5
f 3937/65/1609 3940/68/1609 3939/67/1609 3938/66/1609
f 3941/65/1610 3937/68/1610 3938/67/1610 3942/66/1610
f 3943/65/1611 3941/68/1611 3942/67/1611 3944/66/1611
f 3940/65/1612 3943/68/1612 3944/67/1612 3939/66/1612
f 3938/69/5 3939/72/5 3944/71/5 3942/70/5
f 3945/67/1613 3948/68/1613 3947/65/1613 3946/66/1613
f 3946/67/1614 3947/68/1614 3950/65/1614 3949/66/1614
f 3949/67/1615 3950/68/1615 3952/65/1615 3951/66/1615
f 3951/67/1616 3952/68/1616 3948/65/1616 3945/66/1616
f 3951/71/5 3945/72/5 3946/69/5 3949/70/5
f 3953/73/1617 3956/76/1617 3955/75/1617 3954/74/1617
f 3957/77/1618 3953/80/1618 3954/79/1618 3958/78/1618
f 3959/81/1619 3957/79/1619 3958/76/1619 3960/73/1619
f 3956/82/1620 3959/85/1620 3960/84/1620 3955/83/1620
f 3954/86/5 3955/89/5 3960/88/5 3958/87/5
f 3957/90/6 3959/93/6 3956/92/6 3953/91/6
f 3961/1/1621 3964/4/1624 3963/3/1623 3962/2/1622
f 3962/2/1622 3966/6/1621 3965/5/1621 3961/1/1621
f 3967/7/1625 3970/10/1626 3969/9/1626 3968/8/1626
f 3970/10/1626 3967/7/1625 3972/12/1627 3971/11/1627
f 3964/4/1624 3961/1/1621 3970/10/1622 3971/11/1622
f 3969/13/1628 3921/16/1628 3920/15/1628 3968/14/1628
f 3923/17/1629 3920/20/1631 3921/19/1630 3922/18/1630
f 3920/20/1631 3923/17/1629 3924/22/1629 3919/21/1629
f 3924/14/1632 3972/15/1632 3967/30/1632 3919/29/1632
f 3918/31/5 3966/34/5 3962/33/5 3914/32/5
f 3920/35/6 3919/38/6 3967/37/6 3968/36/6
f 3964/39/1633 3971/42/1633 3923/41/1633 3916/40/1633
f 3962/43/1632 3963/46/1632 3915/45/1632 3914/44/1632
f 3916/47/6 3915/50/6 3963/49/6 3964/48/6
f 3924/51/5 3923/54/5 3971/53/5 3972/52/5
f 3913/55/1628 3922/16/1628 3970/13/1628 3961/56/1628
f 3918/46/1628 3917/58/1628 3965/57/1628 3966/45/1628
f 3917/50/6 3913/60/6 3961/59/6 3965/49/6
f 3922/61/5 3921/64/5 3969/63/5 3970/62/5
f 3973/3/1634 3976/4/1634 3975/1/1636 3974/2/1635
f 3977/6/1637 3974/2/1635 3975/1/1636 3978/5/1637
f 3979/9/1638 3982/10/1638 3981/11/1635 3980/8/1638
f 3983/7/1626 3980/8/1638 3981/11/1635 3984/12/1626
f 3981/11/1635 3982/10/1638 3975/1/1635 3976/4/1635
f 3932/15/1639 3931/16/1639 3979/13/1639 3980/14/1639
f 3930/28/1629 3927/23/1629 3928/24/1640 3929/27/1640
f 3926/26/1640 3929/27/1640 3928/24/1640 3925/25/1640
f 3983/30/1628 3984/15/1628 3936/14/1628 3935/29/1628
f 3974/33/5 3977/34/5 3929/31/5 3926/32/5
f 3983/37/6 3935/38/6 3932/35/6 3980/36/6
f 3933/41/1628 3981/42/1628 3976/39/1628 3928/40/1628
f 3925/45/1628 3973/46/1628 3974/43/1628 3926/44/1628
f 3973/49/6 3925/50/6 3928/47/6 3976/48/6
f 3981/53/5 3933/54/5 3936/51/5 3984/52/5
f 3982/13/1632 3934/16/1632 3927/55/1632 3975/56/1632
f 3978/57/1641 3930/58/1641 3929/46/1641 3977/45/1641
f 3975/59/6 3927/60/6 3930/50/6 3978/49/6
f 3979/63/5 3931/64/5 3934/61/5 3982/62/5
f 3985/65/1642 3988/68/1642 3987/67/1642 3986/66/1642
f 3989/65/1610 3985/68/1610 3986/67/1610 3990/66/1610
f 3991/65/1643 3989/68/1643 3990/67/1643 3992/66/1643
f 3988/65/1632 3991/68/1632 3992/67/1632 3987/66/1632
f 3986/69/5 3987/72/5 3992/71/5 3990/70/5
f 3993/67/1644 3996/68/1644 3995/65/1644 3994/66/1644
f 3994/67/1645 3995/68/1645 3998/65/1645 3997/66/1645
f 3997/67/1643 3998/68/1643 4000/65/1643 3999/66/1643
f 3999/67/1610 4000/68/1610 3996/65/1610 3993/66/1610
f 3999/71/5 3993/72/5 3994/69/5 3997/70/5
f 4001/73/1646 4004/76/1646 4003/75/1646 4002/74/1646
f 4005/77/1628 4001/80/1628 4002/79/1628 4006/78/1628
f 4007/81/1647 4005/79/1647 4006/76/1647 4008/73/1647
f 4004/82/1632 4007/85/1632 4008/84/1632 4003/83/1632
f 4002/86/5 4003/89/5 4008/88/5 4006/87/5
f 4005/90/6 4007/93/6 4004/92/6 4001/91/6
f 4009/1/1648 4012/4/1650 4011/3/1648 4010/2/1649
f 4010/2/1649 4014/6/1649 4013/5/1649 4009/1/1648
f 4015/7/1651 4018/10/1652 4017/9/1652 4016/8/1652
f 4018/10/1652 4015/7/1651 4020/12/1651 4019/11/1651
f 4012/4/1650 4009/1/1648 4018/10/1653 4019/11/1653
f 4017/13/1610 3969/16/1610 3968/15/1610 4016/14/1610
f 3971/17/1654 3968/20/1656 3969/19/1655 3970/18/1655
f 3968/20/1656 3971/17/1654 3972/22/1657 3967/21/1657
f 3972/14/1639 4020/15/1639 4015/30/1639 3967/29/1639
f 3966/31/5 4014/34/5 4010/33/5 3962/32/5
f 3968/35/6 3967/38/6 4015/37/6 4016/36/6
f 4012/39/1639 4019/42/1639 3971/41/1639 3964/40/1639
f 4010/43/1658 4011/46/1658 3963/45/1658 3962/44/1658
f 3964/47/6 3963/50/6 4011/49/6 4012/48/6
f 3972/51/5 3971/54/5 4019/53/5 4020/52/5
f 3961/55/1610 3970/16/1610 4018/13/1610 4009/56/1610
f 3966/46/1610 3965/58/1610 4013/57/1610 4014/45/1610
f 3965/50/6 3961/60/6 4009/59/6 4013/49/6
f 3970/61/5 3969/64/5 4017/63/5 4018/62/5
f 4021/3/1659 4024/4/1659 4023/1/1661 4022/2/1660
f 4025/6/1662 4022/2/1660 4023/1/1661 4026/5/1662
f 4027/9/1648 4030/10/1648 4029/11/1663 4028/8/1648
f 4031/7/1652 4028/8/1648 4029/11/1663 4032/12/1652
f 4029/11/1663 4030/10/1648 4023/1/1653 4024/4/1653
f 3980/15/1632 3979/16/1632 4027/13/1632 4028/14/1632
f 3978/28/1664 3975/23/1664 3976/24/1666 3977/27/1665
f 3974/26/1666 3977/27/1665 3976/24/1666 3973/25/1666
f 4031/30/1628 4032/15/1628 3984/14/1628 3983/29/1628
f 4022/33/5 4025/34/5 3977/31/5 3974/32/5
f 4031/37/6 3983/38/6 3980/35/6 4028/36/6
f 3981/41/1628 4029/42/1628 4024/39/1628 3976/40/1628
f 3973/45/1628 4021/46/1628 4022/43/1628 3974/44/1628
f 4021/49/6 3973/50/6 3976/47/6 4024/48/6
f 4029/53/5 3981/54/5 3984/51/5 4032/52/5
f 4030/13/1632 3982/16/1632 3975/55/1632 4023/56/1632
f 4026/57/1632 3978/58/1632 3977/46/1632 4025/45/1632
f 4023/59/6 3975/60/6 3978/50/6 4026/49/6
f 4027/63/5 3979/64/5 3982/61/5 4030/62/5
f 4033/65/1667 4036/68/1667 4035/67/1667 4034/66/1667
f 4037/65/1628 4033/68/1628 4034/67/1628 4038/66/1628
f 4039/65/1668 4037/68/1668 4038/67/1668 4040/66/1668
f 4036/65/1632 4039/68/1632 4040/67/1632 4035/66/1632
f 4034/69/5 4035/72/5 4040/71/5 4038/70/5
f 4041/67/1667 4044/68/1667 4043/65/1667 4042/66/1667
f 4042/67/1639 4043/68/1639 4046/65/1639 4045/66/1639
f 4045/67/1669 4046/68/1669 4048/65/1669 4047/66/1669
f 4047/67/1628 4048/68/1628 4044/65/1628 4041/66/1628
f 4047/71/5 4041/72/5 4042/69/5 4045/70/5
f 4049/73/1670 4052/76/1670 4051/75/1670 4050/74/1670
f 4053/77/1610 4049/80/1610 4050/79/1610 4054/78/1610
f 4055/81/1671 4053/79/1671 4054/76/1671 4056/73/1671
f 4052/82/1614 4055/85/1614 4056/84/1614 4051/83/1614
f 4050/86/5 4051/89/5 4056/88/5 4054/87/5
f 4053/90/6 4055/93/6 4052/92/6 4049/91/6
f 4057/1/1672 4060/4/1675 4059/3/1674 4058/2/1673
f 4058/2/1673 4062/6/1672 4061/5/1672 4057/1/1672
f 4063/7/1676 4066/10/1677 4065/9/1677 4064/8/1677
f 4066/10/1677 4063/7/1676 4068/12/1676 4067/11/1676
f 4060/4/1675 4057/1/1672 4066/10/1678 4067/11/1678
f 4065/13/1679 4017/16/1679 4016/15/1679 4064/14/1679
f 4019/17/1680 4016/20/1681 4017/19/1681 4018/18/1681
f 4016/20/1681 4019/17/1680 4020/22/1680 4015/21/1680
f 4020/14/1682 4068/15/1682 4063/30/1682 4015/29/1682
f 4014/31/5 4062/34/5 4058/33/5 4010/32/5
f 4016/35/6 4015/38/6 4063/37/6 4064/36/6
f 4060/39/1682 4067/42/1682 4019/41/1682 4012/40/1682
f 4058/43/1683 4059/46/1683 4011/45/1683 4010/44/1683
f 4012/47/6 4011/50/6 4059/49/6 4060/48/6
f 4020/51/5 4019/54/5 4067/53/5 4068/52/5
f 4009/55/1679 4018/16/1679 4066/13/1679 4057/56/1679
f 4014/46/1679 4013/58/1679 4061/57/1679 4062/45/1679
f 4013/50/6 4009/60/6 4057/59/6 4061/49/6
f 4018/61/5 4017/64/5 4065/63/5 4066/62/5
f 4069/3/1684 4072/4/1684 4071/1/1672 4070/2/1685
f 4073/6/1686 4070/2/1685 4071/1/1672 4074/5/1686
f 4075/9/1677 4078/10/1688 4077/11/1687 4076/8/1677
f 4079/7/1687 4076/8/1677 4077/11/1687 4080/12/1687
f 4077/11/1687 4078/10/1688 4071/1/1689 4072/4/1689
f 4028/15/1690 4027/16/1690 4075/13/1690 4076/14/1690
f 4026/28/1691 4023/23/1691 4024/24/1693 4025/27/1692
f 4022/26/1693 4025/27/1692 4024/24/1693 4021/25/1693
f 4079/30/1694 4080/15/1694 4032/14/1694 4031/29/1694
f 4070/33/5 4073/34/5 4025/31/5 4022/32/5
f 4079/37/6 4031/38/6 4028/35/6 4076/36/6
f 4029/41/1694 4077/42/1694 4072/39/1694 4024/40/1694
f 4021/45/1694 4069/46/1694 4070/43/1694 4022/44/1694
f 4069/49/6 4021/50/6 4024/47/6 4072/48/6
f 4077/53/5 4029/54/5 4032/51/5 4080/52/5
f 4078/13/1690 4030/16/1690 4023/55/1690 4071/56/1690
f 4074/57/1690 4026/58/1690 4025/46/1690 4073/45/1690
f 4071/59/6 4023/60/6 4026/50/6 4074/49/6
f 4075/63/5 4027/64/5 4030/61/5 4078/62/5
f 4081/65/1695 4084/68/1695 4083/67/1695 4082/66/1695
f 4085/65/1696 4081/68/1696 4082/67/1696 4086/66/1696
f 4087/65/1697 4085/68/1697 4086/67/1697 4088/66/1697
f 4084/65/1698 4087/68/1698 4088/67/1698 4083/66/1698
f 4082/69/5 4083/72/5 4088/71/5 4086/70/5
f 4089/67/1695 4092/68/1695 4091/65/1695 4090/66/1695
f 4090/67/1699 4091/68/1699 4094/65/1699 4093/66/1699
f 4093/67/1697 4094/68/1697 4096/65/1697 4095/66/1697
f 4095/67/1700 4096/68/1700 4092/65/1700 4089/66/1700
f 4095/71/5 4089/72/5 4090/69/5 4093/70/5
f 4097/73/1701 4100/76/1701 4099/75/1701 4098/74/1701
f 4101/77/1702 4097/80/1702 4098/79/1702 4102/78/1702
f 4103/81/1703 4101/79/1703 4102/76/1703 4104/73/1703
f 4100/82/1698 4103/85/1698 4104/84/1698 4099/83/1698
f 4098/86/5 4099/89/5 4104/88/5 4102/87/5
f 4101/90/6 4103/93/6 4100/92/6 4097/91/6
f 4105/1/1704 4108/4/1704 4107/3/1705 4106/2/1705
f 4106/2/1705 4110/6/1704 4109/5/1704 4105/1/1704
f 4111/7/1706 4114/10/1707 4113/9/1707 4112/8/1707
f 4114/10/1707 4111/7/1706 4116/12/1706 4115/11/1706
f 4108/4/1704 4105/1/1704 4114/10/1706 4115/11/1706
f 4113/13/1708 4065/16/1708 4064/15/1708 4112/14/1708
f 4067/17/1709 4064/20/1710 4065/19/1710 4066/18/1710
f 4064/20/1710 4067/17/1709 4068/22/1709 4063/21/1709
f 4068/14/1699 4116/15/1699 4111/30/1699 4063/29/1699
f 4062/31/5 4110/34/5 4106/33/5 4058/32/5
f 4064/35/6 4063/38/6 4111/37/6 4112/36/6
f 4108/39/1699 4115/42/1699 4067/41/1699 4060/40/1699
f 4106/43/1699 4107/46/1699 4059/45/1699 4058/44/1699
f 4060/47/6 4059/50/6 4107/49/6 4108/48/6
f 4068/51/5 4067/54/5 4115/53/5 4116/52/5
f 4057/55/1708 4066/16/1708 4114/13/1708 4105/56/1708
f 4062/46/1708 4061/58/1708 4109/57/1708 4110/45/1708
f 4061/50/6 4057/60/6 4105/59/6 4109/49/6
f 4066/61/5 4065/64/5 4113/63/5 4114/62/5
f 4117/3/1711 4120/4/1711 4119/1/1712 4118/2/1704
f 4121/6/1712 4118/2/1704 4119/1/1712 4122/5/1712
f 4123/9/1713 4126/10/1713 4125/11/1715 4124/8/1714
f 4127/7/1716 4124/8/1714 4125/11/1715 4128/12/1716
f 4125/11/1715 4126/10/1713 4119/1/1714 4120/4/1714
f 4076/15/1699 4075/16/1699 4123/13/1699 4124/14/1699
f 4074/28/1717 4071/23/1717 4072/24/1719 4073/27/1718
f 4070/26/1720 4073/27/1718 4072/24/1719 4069/25/1720
f 4127/30/1708 4128/15/1708 4080/14/1708 4079/29/1708
f 4118/33/5 4121/34/5 4073/31/5 4070/32/5
f 4127/37/6 4079/38/6 4076/35/6 4124/36/6
f 4077/41/1708 4125/42/1708 4120/39/1708 4072/40/1708
f 4069/45/1708 4117/46/1708 4118/43/1708 4070/44/1708
f 4117/49/6 4069/50/6 4072/47/6 4120/48/6
f 4125/53/5 4077/54/5 4080/51/5 4128/52/5
f 4126/13/1699 4078/16/1699 4071/55/1699 4119/56/1699
f 4122/57/1721 4074/58/1721 4073/46/1721 4121/45/1721
f 4119/59/6 4071/60/6 4074/50/6 4122/49/6
f 4123/63/5 4075/64/5 4078/61/5 4126/62/5
f 4129/65/1722 4132/68/1722 4131/67/1722 4130/66/1722
f 4133/65/1702 4129/68/1702 4130/67/1702 4134/66/1702
f 4135/65/1723 4133/68/1723 4134/67/1723 4136/66/1723
f 4132/65/1699 4135/68/1699 4136/67/1699 4131/66/1699
f 4130/69/5 4131/72/5 4136/71/5 4134/70/5
f 4137/67/1722 4140/68/1722 4139/65/1722 4138/66/1722
f 4138/67/1724 4139/68/1724 4142/65/1724 4141/66/1724
f 4141/67/1725 4142/68/1725 4144/65/1725 4143/66/1725
f 4143/67/1708 4144/68/1708 4140/65/1708 4137/66/1708
f 4143/71/5 4137/72/5 4138/69/5 4141/70/5
f 4145/73/1726 4148/76/1726 4147/75/1726 4146/74/1726
f 4149/77/1727 4145/80/1727 4146/79/1727 4150/78/1727
f 4151/81/1728 4149/79/1728 4150/76/1728 4152/73/1728
f 4148/82/1699 4151/85/1699 4152/84/1699 4147/83/1699
f 4146/86/5 4147/89/5 4152/88/5 4150/87/5
f 4149/90/6 4151/93/6 4148/92/6 4145/91/6
f 4153/1/1729 4156/4/1732 4155/3/1731 4154/2/1730
f 4154/2/1730 4158/6/1733 4157/5/1733 4153/1/1729
f 4159/7/1733 4162/10/1735 4161/9/1734 4160/8/1734
f 4162/10/1735 4159/7/1733 4164/12/1736 4163/11/1736
f 4156/4/1732 4153/1/1729 4162/10/1737 4163/11/1737
f 4161/13/1738 4113/16/1738 4112/15/1738 4160/14/1738
f 4115/17/1739 4112/20/1740 4113/19/1740 4114/18/1740
f 4112/20/1740 4115/17/1739 4116/22/1739 4111/21/1739
f 4116/14/1741 4164/15/1741 4159/30/1741 4111/29/1741
f 4110/31/5 4158/34/5 4154/33/5 4106/32/5
f 4112/35/6 4111/38/6 4159/37/6 4160/36/6
f 4156/39/1741 4163/42/1741 4115/41/1741 4108/40/1741
f 4154/43/1741 4155/46/1741 4107/45/1741 4106/44/1741
f 4108/47/6 4107/50/6 4155/49/6 4156/48/6
f 4116/51/5 4115/54/5 4163/53/5 4164/52/5
f 4105/55/1738 4114/16/1738 4162/13/1738 4153/56/1738
f 4110/46/1738 4109/58/1738 4157/57/1738 4158/45/1738
f 4109/50/6 4105/60/6 4153/59/6 4157/49/6
f 4114/61/5 4113/64/5 4161/63/5 4162/62/5
f 4165/3/1742 4168/4/1742 4167/1/1743 4166/2/1743
f 4169/6/1743 4166/2/1743 4167/1/1743 4170/5/1743
f 4171/9/1743 4174/10/1743 4173/11/1743 4172/8/1743
f 4175/7/1743 4172/8/1743 4173/11/1743 4176/12/1743
f 4173/11/1743 4174/10/1743 4167/1/1743 4168/4/1743
f 4124/15/1744 4123/16/1744 4171/13/1744 4172/14/1744
f 4122/28/1745 4119/23/1745 4120/24/1747 4121/27/1746
f 4118/26/1748 4121/27/1746 4120/24/1747 4117/25/1748
f 4175/30/1738 4176/15/1738 4128/14/1738 4127/29/1738
f 4166/33/5 4169/34/5 4121/31/5 4118/32/5
f 4175/37/6 4127/38/6 4124/35/6 4172/36/6
f 4125/41/1738 4173/42/1738 4168/39/1738 4120/40/1738
f 4117/45/1738 4165/46/1738 4166/43/1738 4118/44/1738
f 4165/49/6 4117/50/6 4120/47/6 4168/48/6
f 4173/53/5 4125/54/5 4128/51/5 4176/52/5
f 4174/13/1744 4126/16/1744 4119/55/1744 4167/56/1744
f 4170/57/1744 4122/58/1744 4121/46/1744 4169/45/1744
f 4167/59/6 4119/60/6 4122/50/6 4170/49/6
f 4171/63/5 4123/64/5 4126/61/5 4174/62/5
f 4177/65/1749 4180/68/1749 4179/67/1749 4178/66/1749
f 4181/65/1702 4177/68/1702 4178/67/1702 4182/66/1702
f 4183/65/1750 4181/68/1750 4182/67/1750 4184/66/1750
f 4180/65/1724 4183/68/1724 4184/67/1724 4179/66/1724
f 4178/69/5 4179/72/5 4184/71/5 4182/70/5
f 4185/67/1751 4188/68/1751 4187/65/1751 4186/66/1751
f 4186/67/1699 4187/68/1699 4190/65/1699 4189/66/1699
f 4189/67/1752 4190/68/1752 4192/65/1752 4191/66/1752
f 4191/67/1753 4192/68/1753 4188/65/1753 4185/66/1753
f 4191/71/5 4185/72/5 4186/69/5 4189/70/5
f 4193/73/1754 4196/76/1754 4195/75/1754 4194/74/1754
f 4197/77/1755 4193/80/1755 4194/79/1755 4198/78/1755
f 4199/81/1756 4197/79/1756 4198/76/1756 4200/73/1756
f 4196/82/1757 4199/85/1757 4200/84/1757 4195/83/1757
f 4194/86/5 4195/89/5 4200/88/5 4198/87/5
f 4197/90/6 4199/93/6 4196/92/6 4193/91/6
f 4201/1/1758 4204/4/1760 4203/3/1759 4202/2/1759
f 4202/2/1759 4206/6/1761 4205/5/1761 4201/1/1758
f 4207/7/1762 4210/10/1764 4209/9/1763 4208/8/1763
f 4210/10/1764 4207/7/1762 4212/12/1765 4211/11/1765
f 4204/4/1760 4201/1/1758 4210/10/1765 4211/11/1765
f 4209/13/1766 4161/16/1766 4160/15/1766 4208/14/1766
f 4163/17/1767 4160/20/1769 4161/19/1768 4162/18/1768
f 4160/20/1769 4163/17/1767 4164/22/1767 4159/21/1767
f 4164/14/1770 4212/15/1770 4207/30/1770 4159/29/1770
f 4158/31/5 4206/34/5 4202/33/5 4154/32/5
f 4160/35/6 4159/38/6 4207/37/6 4208/36/6
f 4204/39/1770 4211/42/1770 4163/41/1770 4156/40/1770
f 4202/43/1770 4203/46/1770 4155/45/1770 4154/44/1770
f 4156/47/6 4155/50/6 4203/49/6 4204/48/6
f 4164/51/5 4163/54/5 4211/53/5 4212/52/5
f 4153/55/1766 4162/16/1766 4210/13/1766 4201/56/1766
f 4158/46/1766 4157/58/1766 4205/57/1766 4206/45/1766
f 4157/50/6 4153/60/6 4201/59/6 4205/49/6
f 4162/61/5 4161/64/5 4209/63/5 4210/62/5
f 4213/3/1764 4216/4/1764 4215/1/1759 4214/2/1771
f 4217/6/1772 4214/2/1771 4215/1/1759 4218/5/1772
f 4219/9/1773 4222/10/1775 4221/11/1774 4220/8/1771
f 4223/7/1774 4220/8/1771 4221/11/1774 4224/12/1774
f 4221/11/1774 4222/10/1775 4215/1/1776 4216/4/1776
f 4172/15/1777 4171/16/1777 4219/13/1777 4220/14/1777
f 4170/28/1767 4167/23/1767 4168/24/1767 4169/27/1767
f 4166/26/1778 4169/27/1767 4168/24/1767 4165/25/1778
f 4223/30/1779 4224/15/1779 4176/14/1779 4175/29/1779
f 4214/33/5 4217/34/5 4169/31/5 4166/32/5
f 4223/37/6 4175/38/6 4172/35/6 4220/36/6
f 4173/41/1779 4221/42/1779 4216/39/1779 4168/40/1779
f 4165/45/1779 4213/46/1779 4214/43/1779 4166/44/1779
f 4213/49/6 4165/50/6 4168/47/6 4216/48/6
f 4221/53/5 4173/54/5 4176/51/5 4224/52/5
f 4222/13/1777 4174/16/1777 4167/55/1777 4215/56/1777
f 4218/57/1777 4170/58/1777 4169/46/1777 4217/45/1777
f 4215/59/6 4167/60/6 4170/50/6 4218/49/6
f 4219/63/5 4171/64/5 4174/61/5 4222/62/5
f 4225/65/1780 4228/68/1780 4227/67/1780 4226/66/1780
f 4229/65/1779 4225/68/1779 4226/67/1779 4230/66/1779
f 4231/65/1781 4229/68/1781 4230/67/1781 4232/66/1781
f 4228/65/1777 4231/68/1777 4232/67/1777 4227/66/1777
f 4226/69/5 4227/72/5 4232/71/5 4230/70/5
f 4233/67/1780 4236/68/1780 4235/65/1780 4234/66/1780
f 4234/67/1777 4235/68/1777 4238/65/1777 4237/66/1777
f 4237/67/1781 4238/68/1781 4240/65/1781 4239/66/1781
f 4239/67/1779 4240/68/1779 4236/65/1779 4233/66/1779
f 4239/71/5 4233/72/5 4234/69/5 4237/70/5
f 4241/73/1782 4244/76/1782 4243/75/1782 4242/74/1782
f 4245/77/1766 4241/80/1766 4242/79/1766 4246/78/1766
f 4247/81/1783 4245/79/1783 4246/76/1783 4248/73/1783
f 4244/82/1777 4247/85/1777 4248/84/1777 4243/83/1777
f 4242/86/5 4243/89/5 4248/88/5 4246/87/5
f 4245/90/6 4247/93/6 4244/92/6 4241/91/6
f 4249/1/1784 4252/4/1787 4251/3/1786 4250/2/1785
f 4250/2/1785 4254/6/1788 4253/5/1788 4249/1/1784
f 4255/7/1789 4258/10/1790 4257/9/1790 4256/8/1790
f 4258/10/1790 4255/7/1789 4260/12/1791 4259/11/1791
f 4252/4/1787 4249/1/1784 4258/10/1790 4259/11/1790
f 4257/13/1766 4209/16/1766 4208/15/1766 4256/14/1766
f 4211/17/1792 4208/20/1793 4209/19/1793 4210/18/1793
f 4208/20/1793 4211/17/1792 4212/22/1794 4207/21/1794
f 4212/14/1770 4260/15/1770 4255/30/1770 4207/29/1770
f 4206/31/5 4254/34/5 4250/33/5 4202/32/5
f 4208/35/6 4207/38/6 4255/37/6 4256/36/6
f 4252/39/1777 4259/42/1777 4211/41/1777 4204/40/1777
f 4250/43/1795 4251/46/1795 4203/45/1795 4202/44/1795
f 4204/47/6 4203/50/6 4251/49/6 4252/48/6
f 4212/51/5 4211/54/5 4259/53/5 4260/52/5
f 4201/55/1796 4210/16/1796 4258/13/1796 4249/56/1796
f 4206/46/1796 4205/58/1796 4253/57/1796 4254/45/1796
f 4205/50/6 4201/60/6 4249/59/6 4253/49/6
f 4210/61/5 4209/64/5 4257/63/5 4258/62/5
f 4261/3/1786 4264/4/1786 4263/1/1789 4262/2/1786
f 4265/6/1789 4262/2/1786 4263/1/1789 4266/5/1789
f 4267/9/1785 4270/10/1785 4269/11/1786 4268/8/1786
f 4271/7/1786 4268/8/1786 4269/11/1786 4272/12/1786
f 4269/11/1786 4270/10/1785 4263/1/1785 4264/4/1785
f 4220/15/1770 4219/16/1770 4267/13/1770 4268/14/1770
f 4218/28/1797 4215/23/1797 4216/24/1799 4217/27/1798
f 4214/26/1800 4217/27/1798 4216/24/1799 4213/25/1800
f 4271/30/1766 4272/15/1766 4224/14/1766 4223/29/1766
f 4262/33/5 4265/34/5 4217/31/5 4214/32/5
f 4271/37/6 4223/38/6 4220/35/6 4268/36/6
f 4221/41/1766 4269/42/1766 4264/39/1766 4216/40/1766
f 4213/45/1766 4261/46/1766 4262/43/1766 4214/44/1766
f 4261/49/6 4213/50/6 4216/47/6 4264/48/6
f 4269/53/5 4221/54/5 4224/51/5 4272/52/5
f 4270/13/1770 4222/16/1770 4215/55/1770 4263/56/1770
f 4266/57/1770 4218/58/1770 4217/46/1770 4265/45/1770
f 4263/59/6 4215/60/6 4218/50/6 4266/49/6
f 4267/63/5 4219/64/5 4222/61/5 4270/62/5
f 4273/65/1801 4276/68/1801 4275/67/1801 4274/66/1801
f 4277/65/1779 4273/68/1779 4274/67/1779 4278/66/1779
f 4279/65/1802 4277/68/1802 4278/67/1802 4280/66/1802
f 4276/65/1777 4279/68/1777 4280/67/1777 4275/66/1777
f 4274/69/5 4275/72/5 4280/71/5 4278/70/5
f 4281/67/1803 4284/68/1803 4283/65/1803 4282/66/1803
f 4282/67/1777 4283/68/1777 4286/65/1777 4285/66/1777
f 4285/67/1802 4286/68/1802 4288/65/1802 4287/66/1802
f 4287/67/1779 4288/68/1779 4284/65/1779 4281/66/1779
f 4287/71/5 4281/72/5 4282/69/5 4285/70/5
f 4289/73/1804 4292/76/1804 4291/75/1804 4290/74/1804
f 4293/77/1779 4289/80/1779 4290/79/1779 4294/78/1779
f 4295/81/1805 4293/79/1805 4294/76/1805 4296/73/1805
f 4292/82/1770 4295/85/1770 4296/84/1770 4291/83/1770
f 4290/86/5 4291/89/5 4296/88/5 4294/87/5
f 4293/90/6 4295/93/6 4292/92/6 4289/91/6
f 4297/1/1806 4300/4/1807 4299/3/1808 4298/2/1807
f 4298/2/1807 4302/6/1809 4301/5/1809 4297/1/1806
f 4303/7/1810 4306/10/1811 4305/9/1811 4304/8/1811
f 4306/10/1811 4303/7/1810 4308/12/1810 4307/11/1810
f 4300/4/1807 4297/1/1806 4306/10/1812 4307/11/1812
f 4305/13/1813 4257/16/1813 4256/15/1813 4304/14/1813
f 4259/17/1814 4256/20/1815 4257/19/1815 4258/18/1815
f 4256/20/1815 4259/17/1814 4260/22/1814 4255/21/1814
f 4260/14/1816 4308/15/1816 4303/30/1816 4255/29/1816
f 4254/31/5 4302/34/5 4298/33/5 4250/32/5
f 4256/35/6 4255/38/6 4303/37/6 4304/36/6
f 4300/39/1817 4307/42/1817 4259/41/1817 4252/40/1817
f 4298/43/1818 4299/46/1818 4251/45/1818 4250/44/1818
f 4252/47/6 4251/50/6 4299/49/6 4300/48/6
f 4260/51/5 4259/54/5 4307/53/5 4308/52/5
f 4249/55/1819 4258/16/1819 4306/13/1819 4297/56/1819
f 4254/46/1813 4253/58/1813 4301/57/1813 4302/45/1813
f 4253/50/6 4249/60/6 4297/59/6 4301/49/6
f 4258/61/5 4257/64/5 4305/63/5 4306/62/5
f 4309/3/1809 4312/4/1809 4311/1/1806 4310/2/1809
f 4313/6/1806 4310/2/1809 4311/1/1806 4314/5/1806
f 4315/9/1820 4318/10/1812 4317/11/1806 4316/8/1812
f 4319/7/1821 4316/8/1812 4317/11/1806 4320/12/1821
f 4317/11/1806 4318/10/1812 4311/1/1806 4312/4/1806
f 4268/15/1817 4267/16/1817 4315/13/1817 4316/14/1817
f 4266/28/1822 4263/23/1822 4264/24/1823 4265/27/1814
f 4262/26/1823 4265/27/1814 4264/24/1823 4261/25/1823
f 4319/30/1813 4320/15/1813 4272/14/1813 4271/29/1813
f 4310/33/5 4313/34/5 4265/31/5 4262/32/5
f 4319/37/6 4271/38/6 4268/35/6 4316/36/6
f 4269/41/1813 4317/42/1813 4312/39/1813 4264/40/1813
f 4261/45/1813 4309/46/1813 4310/43/1813 4262/44/1813
f 4309/49/6 4261/50/6 4264/47/6 4312/48/6
f 4317/53/5 4269/54/5 4272/51/5 4320/52/5
f 4318/13/1817 4270/16/1817 4263/55/1817 4311/56/1817
f 4314/57/1817 4266/58/1817 4265/46/1817 4313/45/1817
f 4311/59/6 4263/60/6 4266/50/6 4314/49/6
f 4315/63/5 4267/64/5 4270/61/5 4318/62/5
f 4321/65/1824 4324/68/1824 4323/67/1824 4322/66/1824
f 4325/65/1825 4321/68/1825 4322/67/1825 4326/66/1825
f 4327/65/1826 4325/68/1826 4326/67/1826 4328/66/1826
f 4324/65/1827 4327/68/1827 4328/67/1827 4323/66/1827
f 4322/69/5 4323/72/5 4328/71/5 4326/70/5
f 4329/67/1828 4332/68/1828 4331/65/1828 4330/66/1828
f 4330/67/1829 4331/68/1829 4334/65/1829 4333/66/1829
f 4333/67/1830 4334/68/1830 4336/65/1830 4335/66/1830
f 4335/67/1831 4336/68/1831 4332/65/1831 4329/66/1831
f 4335/71/5 4329/72/5 4330/69/5 4333/70/5
f 4337/73/1832 4340/76/1832 4339/75/1832 4338/74/1832
f 4341/77/1833 4337/80/1833 4338/79/1833 4342/78/1833
f 4343/81/1834 4341/79/1834 4342/76/1834 4344/73/1834
f 4340/82/1835 4343/85/1835 4344/84/1835 4339/83/1835
f 4338/86/5 4339/89/5 4344/88/5 4342/87/5
f 4341/90/6 4343/93/6 4340/92/6 4337/91/6
f 4345/1/1836 4348/4/1839 4347/3/1838 4346/2/1837
f 4346/2/1837 4350/6/1836 4349/5/1836 4345/1/1836
f 4351/7/1840 4354/10/1842 4353/9/1841 4352/8/1841
f 4354/10/1842 4351/7/1840 4356/12/1843 4355/11/1843
f 4348/4/1839 4345/1/1836 4354/10/1844 4355/11/1844
f 4353/13/1845 4305/16/1845 4304/15/1845 4352/14/1845
f 4307/17/1846 4304/20/1848 4305/19/1847 4306/18/1847
f 4304/20/1848 4307/17/1846 4308/22/1846 4303/21/1846
f 4308/14/1849 4356/15/1849 4351/30/1849 4303/29/1849
f 4302/31/5 4350/34/5 4346/33/5 4298/32/5
f 4304/35/6 4303/38/6 4351/37/6 4352/36/6
f 4348/39/1850 4355/42/1850 4307/41/1850 4300/40/1850
f 4346/43/1851 4347/46/1851 4299/45/1851 4298/44/1851
f 4300/47/6 4299/50/6 4347/49/6 4348/48/6
f 4308/51/5 4307/54/5 4355/53/5 4356/52/5
f 4297/55/1852 4306/16/1852 4354/13/1852 4345/56/1852
f 4302/46/1853 4301/58/1853 4349/57/1853 4350/45/1853
f 4301/50/6 4297/60/6 4345/59/6 4349/49/6
f 4306/61/5 4305/64/5 4353/63/5 4354/62/5
f 4357/3/1836 4360/4/1836 4359/1/1854 4358/2/1836
f 4361/6/1854 4358/2/1836 4359/1/1854 4362/5/1854
f 4363/9/1843 4366/10/1843 4365/11/1836 4364/8/1843
f 4367/7/1854 4364/8/1843 4365/11/1836 4368/12/1854
f 4365/11/1836 4366/10/1843 4359/1/1844 4360/4/1844
f 4316/15/1851 4315/16/1851 4363/13/1851 4364/14/1851
f 4314/28/1846 4311/23/1846 4312/24/1855 4313/27/1846
f 4310/26/1855 4313/27/1846 4312/24/1855 4309/25/1855
f 4367/30/1856 4368/15/1856 4320/14/1856 4319/29/1856
f 4358/33/5 4361/34/5 4313/31/5 4310/32/5
f 4367/37/6 4319/38/6 4316/35/6 4364/36/6
f 4317/41/1856 4365/42/1856 4360/39/1856 4312/40/1856
f 4309/45/1856 4357/46/1856 4358/43/1856 4310/44/1856
f 4357/49/6 4309/50/6 4312/47/6 4360/48/6
f 4365/53/5 4317/54/5 4320/51/5 4368/52/5
f 4366/13/1851 4318/16/1851 4311/55/1851 4359/56/1851
f 4362/57/1851 4314/58/1851 4313/46/1851 4361/45/1851
f 4359/59/6 4311/60/6 4314/50/6 4362/49/6
f 4363/63/5 4315/64/5 4318/61/5 4366/62/5
f 4369/65/1857 4372/68/1857 4371/67/1857 4370/66/1857
f 4373/65/1853 4369/68/1853 4370/67/1853 4374/66/1853
f 4375/65/1858 4373/68/1858 4374/67/1858 4376/66/1858
f 4372/65/1849 4375/68/1849 4376/67/1849 4371/66/1849
f 4370/69/5 4371/72/5 4376/71/5 4374/70/5
f 4377/67/1859 4380/68/1859 4379/65/1859 4378/66/1859
f 4378/67/1851 4379/68/1851 4382/65/1851 4381/66/1851
f 4381/67/1858 4382/68/1858 4384/65/1858 4383/66/1858
f 4383/67/1853 4384/68/1853 4380/65/1853 4377/66/1853
f 4383/71/5 4377/72/5 4378/69/5 4381/70/5
f 4385/73/1860 4388/76/1860 4387/75/1860 4386/74/1860
f 4389/77/1845 4385/80/1845 4386/79/1845 4390/78/1845
f 4391/81/1861 4389/79/1861 4390/76/1861 4392/73/1861
f 4388/82/1851 4391/85/1851 4392/84/1851 4387/83/1851
f 4386/86/5 4387/89/5 4392/88/5 4390/87/5
f 4389/90/6 4391/93/6 4388/92/6 4385/91/6
f 4393/1/1862 4396/4/1865 4395/3/1864 4394/2/1863
f 4394/2/1863 4398/6/1866 4397/5/1866 4393/1/1862
f 4399/7/1867 4402/10/1868 4401/9/1868 4400/8/1868
f 4402/10/1868 4399/7/1867 4404/12/1869 4403/11/1869
f 4396/4/1865 4393/1/1862 4402/10/1870 4403/11/1870
f 4401/13/1856 4353/16/1856 4352/15/1856 4400/14/1856
f 4355/17/1871 4352/20/1872 4353/19/1872 4354/18/1872
f 4352/20/1872 4355/17/1871 4356/22/1873 4351/21/1873
f 4356/14/1851 4404/15/1851 4399/30/1851 4351/29/1851
f 4350/31/5 4398/34/5 4394/33/5 4346/32/5
f 4352/35/6 4351/38/6 4399/37/6 4400/36/6
f 4396/39/1851 4403/42/1851 4355/41/1851 4348/40/1851
f 4394/43/1851 4395/46/1851 4347/45/1851 4346/44/1851
f 4348/47/6 4347/50/6 4395/49/6 4396/48/6
f 4356/51/5 4355/54/5 4403/53/5 4404/52/5
f 4345/55/1856 4354/16/1856 4402/13/1856 4393/56/1856
f 4350/46/1856 4349/58/1856 4397/57/1856 4398/45/1856
f 4349/50/6 4345/60/6 4393/59/6 4397/49/6
f 4354/61/5 4353/64/5 4401/63/5 4402/62/5
f 4405/3/1874 4408/4/1874 4407/1/1866 4406/2/1866
f 4409/6/1866 4406/2/1866 4407/1/1866 4410/5/1866
f 4411/9/1866 4414/10/1866 4413/11/1867 4412/8/1875
f 4415/7/1867 4412/8/1875 4413/11/1867 4416/12/1867
f 4413/11/1867 4414/10/1866 4407/1/1866 4408/4/1866
f 4364/15/1849 4363/16/1849 4411/13/1849 4412/14/1849
f 4362/28/1872 4359/23/1872 4360/24/1877 4361/27/1876
f 4358/26/1877 4361/27/1876 4360/24/1877 4357/25/1877
f 4415/30/1853 4416/15/1853 4368/14/1853 4367/29/1853
f 4406/33/5 4409/34/5 4361/31/5 4358/32/5
f 4415/37/6 4367/38/6 4364/35/6 4412/36/6
f 4365/41/1853 4413/42/1853 4408/39/1853 4360/40/1853
f 4357/45/1853 4405/46/1853 4406/43/1853 4358/44/1853
f 4405/49/6 4357/50/6 4360/47/6 4408/48/6
f 4413/53/5 4365/54/5 4368/51/5 4416/52/5
f 4414/13/1849 4366/16/1849 4359/55/1849 4407/56/1849
f 4410/57/1849 4362/58/1849 4361/46/1849 4409/45/1849
f 4407/59/6 4359/60/6 4362/50/6 4410/49/6
f 4411/63/5 4363/64/5 4366/61/5 4414/62/5
f 4417/65/1878 4420/68/1878 4419/67/1878 4418/66/1878
f 4421/65/1879 4417/68/1879 4418/67/1879 4422/66/1879
f 4423/65/1880 4421/68/1880 4422/67/1880 4424/66/1880
f 4420/65/1849 4423/68/1849 4424/67/1849 4419/66/1849
f 4418/69/5 4419/72/5 4424/71/5 4422/70/5
f 4425/67/1881 4428/68/1881 4427/65/1881 4426/66/1881
f 4426/67/1849 4427/68/1849 4430/65/1849 4429/66/1849
f 4429/67/1882 4430/68/1882 4432/65/1882 4431/66/1882
f 4431/67/1883 4432/68/1883 4428/65/1883 4425/66/1883
f 4431/71/5 4425/72/5 4426/69/5 4429/70/5
f 4433/73/1884 4436/76/1884 4435/75/1884 4434/74/1884
f 4437/77/1856 4433/80/1856 4434/79/1856 4438/78/1856
f 4439/81/1885 4437/79/1885 4438/76/1885 4440/73/1885
f 4436/82/1849 4439/85/1849 4440/84/1849 4435/83/1849
f 4434/86/5 4435/89/5 4440/88/5 4438/87/5
f 4437/90/6 4439/93/6 4436/92/6 4433/91/6
f 4441/1/1886 4444/4/1889 4443/3/1888 4442/2/1887
f 4442/2/1887 4446/6/1890 4445/5/1890 4441/1/1886
f 4447/7/1891 4450/10/1893 4449/9/1892 4448/8/1892
f 4450/10/1893 4447/7/1891 4452/12/1894 4451/11/1894
f 4444/4/1889 4441/1/1886 4450/10/1895 4451/11/1895
f 4449/13/1896 4401/16/1896 4400/15/1896 4448/14/1896
f 4403/17/1897 4400/20/1898 4401/19/1898 4402/18/1898
f 4400/20/1898 4403/17/1897 4404/22/1899 4399/21/1899
f 4404/14/1900 4452/15/1900 4447/30/1900 4399/29/1900
f 4398/31/5 4446/34/5 4442/33/5 4394/32/5
f 4400/35/6 4399/38/6 4447/37/6 4448/36/6
f 4444/39/1900 4451/42/1900 4403/41/1900 4396/40/1900
f 4442/43/1900 4443/46/1900 4395/45/1900 4394/44/1900
f 4396/47/6 4395/50/6 4443/49/6 4444/48/6
f 4404/51/5 4403/54/5 4451/53/5 4452/52/5
f 4393/55/1901 4402/16/1901 4450/13/1901 4441/56/1901
f 4398/46/1896 4397/58/1896 4445/57/1896 4446/45/1896
f 4397/50/6 4393/60/6 4441/59/6 4445/49/6
f 4402/61/5 4401/64/5 4449/63/5 4450/62/5
f 4453/3/1902 4456/4/1902 4455/1/1903 4454/2/1903
f 4457/6/1903 4454/2/1903 4455/1/1903 4458/5/1903
f 4459/9/1904 4462/10/1905 4461/11/1906 4460/8/1905
f 4463/7/1893 4460/8/1905 4461/11/1906 4464/12/1893
f 4461/11/1906 4462/10/1905 4455/1/1903 4456/4/1903
f 4412/15/1907 4411/16/1907 4459/13/1907 4460/14/1907
f 4410/28/1908 4407/23/1908 4408/24/1910 4409/27/1909
f 4406/26/1910 4409/27/1909 4408/24/1910 4405/25/1910
f 4463/30/1911 4464/15/1911 4416/14/1911 4415/29/1911
f 4454/33/5 4457/34/5 4409/31/5 4406/32/5
f 4463/37/6 4415/38/6 4412/35/6 4460/36/6
f 4413/41/1911 4461/42/1911 4456/39/1911 4408/40/1911
f 4405/45/1911 4453/46/1911 4454/43/1911 4406/44/1911
f 4453/49/6 4405/50/6 4408/47/6 4456/48/6
f 4461/53/5 4413/54/5 4416/51/5 4464/52/5
f 4462/13/1907 4414/16/1907 4407/55/1907 4455/56/1907
f 4458/57/1907 4410/58/1907 4409/46/1907 4457/45/1907
f 4455/59/6 4407/60/6 4410/50/6 4458/49/6
f 4459/63/5 4411/64/5 4414/61/5 4462/62/5
f 4465/65/1912 4468/68/1912 4467/67/1912 4466/66/1912
f 4469/65/1913 4465/68/1913 4466/67/1913 4470/66/1913
f 4471/65/1914 4469/68/1914 4470/67/1914 4472/66/1914
f 4468/65/1915 4471/68/1915 4472/67/1915 4467/66/1915
f 4466/69/5 4467/72/5 4472/71/5 4470/70/5
f 4473/67/1912 4476/68/1912 4475/65/1912 4474/66/1912
f 4474/67/1916 4475/68/1916 4478/65/1916 4477/66/1916
f 4477/67/1914 4478/68/1914 4480/65/1914 4479/66/1914
f 4479/67/1917 4480/68/1917 4476/65/1917 4473/66/1917
f 4479/71/5 4473/72/5 4474/69/5 4477/70/5
f 4481/73/1918 4484/76/1918 4483/75/1918 4482/74/1918
f 4485/77/1919 4481/80/1919 4482/79/1919 4486/78/1919
f 4487/81/1920 4485/79/1920 4486/76/1920 4488/73/1920
f 4484/82/1916 4487/85/1916 4488/84/1916 4483/83/1916
f 4482/86/5 4483/89/5 4488/88/5 4486/87/5
f 4485/90/6 4487/93/6 4484/92/6 4481/91/6
f 4489/1/1921 4492/4/1921 4491/3/1922 4490/2/1921
f 4490/2/1921 4494/6/1923 4493/5/1923 4489/1/1921
f 4495/7/1924 4498/10/1921 4497/9/1921 4496/8/1921
f 4498/10/1921 4495/7/1924 4500/12/1924 4499/11/1924
f 4492/4/1921 4489/1/1921 4498/10/1921 4499/11/1921
f 4497/13/1917 4449/16/1917 4448/15/1917 4496/14/1917
f 4451/17/1925 4448/20/1927 4449/19/1926 4450/18/1926
f 4448/20/1927 4451/17/1925 4452/22/1925 4447/21/1925
f 4452/14/1916 4500/15/1916 4495/30/1916 4447/29/1916
f 4446/31/5 4494/34/5 4490/33/5 4442/32/5
f 4448/35/6 4447/38/6 4495/37/6 4496/36/6
f 4492/39/1916 4499/42/1916 4451/41/1916 4444/40/1916
f 4490/43/1916 4491/46/1916 4443/45/1916 4442/44/1916
f 4444/47/6 4443/50/6 4491/49/6 4492/48/6
f 4452/51/5 4451/54/5 4499/53/5 4500/52/5
f 4441/55/1917 4450/16/1917 4498/13/1917 4489/56/1917
f 4446/46/1917 4445/58/1917 4493/57/1917 4494/45/1917
f 4445/50/6 4441/60/6 4489/59/6 4493/49/6
f 4450/61/5 4449/64/5 4497/63/5 4498/62/5
f 4501/3/1921 4504/4/1921 4503/1/1928 4502/2/1923
f 4505/6/1928 4502/2/1923 4503/1/1928 4506/5/1928
f 4507/9/1924 4510/10/1924 4509/11/1921 4508/8/1924
f 4511/7/1921 4508/8/1924 4509/11/1921 4512/12/1921
f 4509/11/1921 4510/10/1924 4503/1/1921 4504/4/1921
f 4460/15/1916 4459/16/1916 4507/13/1916 4508/14/1916
f 4458/28/1929 4455/23/1929 4456/24/1929 4457/27/1929
f 4454/26/1929 4457/27/1929 4456/24/1929 4453/25/1929
f 4511/30/1917 4512/15/1917 4464/14/1917 4463/29/1917
f 4502/33/5 4505/34/5 4457/31/5 4454/32/5
f 4511/37/6 4463/38/6 4460/35/6 4508/36/6
f 4461/41/1917 4509/42/1917 4504/39/1917 4456/40/1917
f 4453/45/1917 4501/46/1917 4502/43/1917 4454/44/1917
f 4501/49/6 4453/50/6 4456/47/6 4504/48/6
f 4509/53/5 4461/54/5 4464/51/5 4512/52/5
f 4510/13/1916 4462/16/1916 4455/55/1916 4503/56/1916
f 4506/57/1916 4458/58/1916 4457/46/1916 4505/45/1916
f 4503/59/6 4455/60/6 4458/50/6 4506/49/6
f 4507/63/5 4459/64/5 4462/61/5 4510/62/5
f 4513/65/1930 4516/68/1930 4515/67/1930 4514/66/1930
f 4517/65/1917 4513/68/1917 4514/67/1917 4518/66/1917
f 4519/65/1931 4517/68/1931 4518/67/1931 4520/66/1931
f 4516/65/1932 4519/68/1932 4520/67/1932 4515/66/1932
f 4514/69/5 4515/72/5 4520/71/5 4518/70/5
f 4521/67/1933 4524/68/1933 4523/65/1933 4522/66/1933
f 4522/67/1916 4523/68/1916 4526/65/1916 4525/66/1916
f 4525/67/1934 4526/68/1934 4528/65/1934 4527/66/1934
f 4527/67/1913 4528/68/1913 4524/65/1913 4521/66/1913
f 4527/71/5 4521/72/5 4522/69/5 4525/70/5
f 4529/73/1935 4532/76/1935 4531/75/1935 4530/74/1935
f 4533/77/1917 4529/80/1917 4530/79/1917 4534/78/1917
f 4535/81/1936 4533/79/1936 4534/76/1936 4536/73/1936
f 4532/82/1916 4535/85/1916 4536/84/1916 4531/83/1916
f 4530/86/5 4531/89/5 4536/88/5 4534/87/5
f 4533/90/6 4535/93/6 4532/92/6 4529/91/6
f 4537/1/1937 4540/4/1940 4539/3/1939 4538/2/1938
f 4538/2/1938 4542/6/1941 4541/5/1941 4537/1/1937
f 4543/7/1941 4546/10/1937 4545/9/1937 4544/8/1937
f 4546/10/1937 4543/7/1941 4548/12/1941 4547/11/1941
f 4540/4/1940 4537/1/1937 4546/10/1940 4547/11/1940
f 4545/13/1942 4497/16/1942 4496/15/1942 4544/14/1942
f 4499/17/1943 4496/20/1945 4497/19/1944 4498/18/1944
f 4496/20/1945 4499/17/1943 4500/22/1943 4495/21/1943
f 4500/14/1946 4548/15/1946 4543/30/1946 4495/29/1946
f 4494/31/5 4542/34/5 4538/33/5 4490/32/5
f 4496/35/6 4495/38/6 4543/37/6 4544/36/6
f 4540/39/1946 4547/42/1946 4499/41/1946 4492/40/1946
f 4538/43/1946 4539/46/1946 4491/45/1946 4490/44/1946
f 4492/47/6 4491/50/6 4539/49/6 4540/48/6
f 4500/51/5 4499/54/5 4547/53/5 4548/52/5
f 4489/55/1942 4498/16/1942 4546/13/1942 4537/56/1942
f 4494/46/1942 4493/58/1942 4541/57/1942 4542/45/1942
f 4493/50/6 4489/60/6 4537/59/6 4541/49/6
f 4498/61/5 4497/64/5 4545/63/5 4546/62/5
f 4549/3/1937 4552/4/1937 4551/1/1947 4550/2/1937
f 4553/6/1948 4550/2/1937 4551/1/1947 4554/5/1948
f 4555/9/1941 4558/10/1949 4557/11/1937 4556/8/1941
f 4559/7/1937 4556/8/1941 4557/11/1937 4560/12/1937
f 4557/11/1937 4558/10/1949 4551/1/1940 4552/4/1940
f 4508/15/1950 4507/16/1950 4555/13/1950 4556/14/1950
f 4506/28/1944 4503/23/1944 4504/24/1952 4505/27/1951
f 4502/26/1952 4505/27/1951 4504/24/1952 4501/25/1952
f 4559/30/1953 4560/15/1953 4512/14/1953 4511/29/1953
f 4550/33/5 4553/34/5 4505/31/5 4502/32/5
f 4559/37/6 4511/38/6 4508/35/6 4556/36/6
f 4509/41/1953 4557/42/1953 4552/39/1953 4504/40/1953
f 4501/45/1953 4549/46/1953 4550/43/1953 4502/44/1953
f 4549/49/6 4501/50/6 4504/47/6 4552/48/6
f 4557/53/5 4509/54/5 4512/51/5 4560/52/5
f 4558/13/1950 4510/16/1950 4503/55/1950 4551/56/1950
f 4554/57/1950 4506/58/1950 4505/46/1950 4553/45/1950
f 4551/59/6 4503/60/6 4506/50/6 4554/49/6
f 4555/63/5 4507/64/5 4510/61/5 4558/62/5
f 4561/65/1954 4564/68/1954 4563/67/1954 4562/66/1954
f 4565/65/1955 4561/68/1955 4562/67/1955 4566/66/1955
f 4567/65/1956 4565/68/1956 4566/67/1956 4568/66/1956
f 4564/65/1957 4567/68/1957 4568/67/1957 4563/66/1957
f 4562/69/5 4563/72/5 4568/71/5 4566/70/5
f 4569/67/1954 4572/68/1954 4571/65/1954 4570/66/1954
f 4570/67/1915 4571/68/1915 4574/65/1915 4573/66/1915
f 4573/67/1958 4574/68/1958 4576/65/1958 4575/66/1958
f 4575/67/1959 4576/68/1959 4572/65/1959 4569/66/1959
f 4575/71/5 4569/72/5 4570/69/5 4573/70/5
f 4577/73/1960 4580/76/1960 4579/75/1960 4578/74/1960
f 4581/77/1913 4577/80/1913 4578/79/1913 4582/78/1913
f 4583/81/1961 4581/79/1961 4582/76/1961 4584/73/1961
f 4580/82/1957 4583/85/1957 4584/84/1957 4579/83/1957
f 4578/86/5 4579/89/5 4584/88/5 4582/87/5
f 4581/90/6 4583/93/6 4580/92/6 4577/91/6
f 4585/1/1962 4588/4/1963 4587/3/1963 4586/2/1963
f 4586/2/1963 4590/6/1962 4589/5/1962 4585/1/1962
f 4591/7/1964 4594/10/1962 4593/9/1962 4592/8/1962
f 4594/10/1962 4591/7/1964 4596/12/1964 4595/11/1964
f 4588/4/1963 4585/1/1962 4594/10/1964 4595/11/1964
f 4593/13/1965 4545/16/1965 4544/15/1965 4592/14/1965
f 4547/17/1966 4544/20/1968 4545/19/1967 4546/18/1967
f 4544/20/1968 4547/17/1966 4548/22/1966 4543/21/1966
f 4548/14/1969 4596/15/1969 4591/30/1969 4543/29/1969
f 4542/31/5 4590/34/5 4586/33/5 4538/32/5
f 4544/35/6 4543/38/6 4591/37/6 4592/36/6
f 4588/39/1969 4595/42/1969 4547/41/1969 4540/40/1969
f 4586/43/1969 4587/46/1969 4539/45/1969 4538/44/1969
f 4540/47/6 4539/50/6 4587/49/6 4588/48/6
f 4548/51/5 4547/54/5 4595/53/5 4596/52/5
f 4537/55/1965 4546/16/1965 4594/13/1965 4585/56/1965
f 4542/46/1965 4541/58/1965 4589/57/1965 4590/45/1965
f 4541/50/6 4537/60/6 4585/59/6 4589/49/6
f 4546/61/5 4545/64/5 4593/63/5 4594/62/5
f 4597/3/1970 4600/4/1970 4599/1/1972 4598/2/1971
f 4601/6/1972 4598/2/1971 4599/1/1972 4602/5/1972
f 4603/9/1962 4606/10/1962 4605/11/1972 4604/8/1973
f 4607/7/1972 4604/8/1973 4605/11/1972 4608/12/1972
f 4605/11/1972 4606/10/1962 4599/1/1964 4600/4/1964
f 4556/15/1974 4555/16/1974 4603/13/1974 4604/14/1974
f 4554/28/1975 4551/23/1975 4552/24/1967 4553/27/1975
f 4550/26/1967 4553/27/1975 4552/24/1967 4549/25/1967
f 4607/30/1976 4608/15/1976 4560/14/1976 4559/29/1976
f 4598/33/5 4601/34/5 4553/31/5 4550/32/5
f 4607/37/6 4559/38/6 4556/35/6 4604/36/6
f 4557/41/1976 4605/42/1976 4600/39/1976 4552/40/1976
f 4549/45/1976 4597/46/1976 4598/43/1976 4550/44/1976
f 4597/49/6 4549/50/6 4552/47/6 4600/48/6
f 4605/53/5 4557/54/5 4560/51/5 4608/52/5
f 4606/13/1974 4558/16/1974 4551/55/1974 4599/56/1974
f 4602/57/1974 4554/58/1974 4553/46/1974 4601/45/1974
f 4599/59/6 4551/60/6 4554/50/6 4602/49/6
f 4603/63/5 4555/64/5 4558/61/5 4606/62/5
f 4609/65/1977 4612/68/1977 4611/67/1977 4610/66/1977
f 4613/65/1965 4609/68/1965 4610/67/1965 4614/66/1965
f 4615/65/1978 4613/68/1978 4614/67/1978 4616/66/1978
f 4612/65/1979 4615/68/1979 4616/67/1979 4611/66/1979
f 4610/69/5 4611/72/5 4616/71/5 4614/70/5
f 4617/67/1980 4620/68/1980 4619/65/1980 4618/66/1980
f 4618/67/1969 4619/68/1969 4622/65/1969 4621/66/1969
f 4621/67/1981 4622/68/1981 4624/65/1981 4623/66/1981
f 4623/67/1982 4624/68/1982 4620/65/1982 4617/66/1982
f 4623/71/5 4617/72/5 4618/69/5 4621/70/5
f 4625/73/1983 4628/76/1983 4627/75/1983 4626/74/1983
f 4629/77/1965 4625/80/1965 4626/79/1965 4630/78/1965
f 4631/81/1984 4629/79/1984 4630/76/1984 4632/73/1984
f 4628/82/1985 4631/85/1985 4632/84/1985 4627/83/1985
f 4626/86/5 4627/89/5 4632/88/5 4630/87/5
f 4629/90/6 4631/93/6 4628/92/6 4625/91/6
f 4633/1/1986 4636/4/1986 4635/3/1986 4634/2/1986
f 4634/2/1986 4638/6/1986 4637/5/1986 4633/1/1986
f 4639/7/1986 4642/10/1987 4641/9/1987 4640/8/1987
f 4642/10/1987 4639/7/1986 4644/12/1986 4643/11/1986
f 4636/4/1986 4633/1/1986 4642/10/1986 4643/11/1986
f 4641/13/1976 4593/16/1976 4592/15/1976 4640/14/1976
f 4595/17/1988 4592/20/1989 4593/19/1989 4594/18/1989
f 4592/20/1989 4595/17/1988 4596/22/1988 4591/21/1988
f 4596/14/1974 4644/15/1974 4639/30/1974 4591/29/1974
f 4590/31/5 4638/34/5 4634/33/5 4586/32/5
f 4592/35/6 4591/38/6 4639/37/6 4640/36/6
f 4636/39/1974 4643/42/1974 4595/41/1974 4588/40/1974
f 4634/43/1974 4635/46/1974 4587/45/1974 4586/44/1974
f 4588/47/6 4587/50/6 4635/49/6 4636/48/6
f 4596/51/5 4595/54/5 4643/53/5 4644/52/5
f 4585/55/1976 4594/16/1976 4642/13/1976 4633/56/1976
f 4590/46/1976 4589/58/1976 4637/57/1976 4638/45/1976
f 4589/50/6 4585/60/6 4633/59/6 4637/49/6
f 4594/61/5 4593/64/5 4641/63/5 4642/62/5
f 4645/3/1990 4648/4/1990 4647/1/1991 4646/2/1990
f 4649/6/1992 4646/2/1990 4647/1/1991 4650/5/1992
f 4651/9/1993 4654/10/1993 4653/11/1986 4652/8/1993
f 4655/7/1986 4652/8/1993 4653/11/1986 4656/12/1986
f 4653/11/1986 4654/10/1993 4647/1/1986 4648/4/1986
f 4604/15/1974 4603/16/1974 4651/13/1974 4652/14/1974
f 4602/28/1994 4599/23/1994 4600/24/1995 4601/27/1994
f 4598/26/1995 4601/27/1994 4600/24/1995 4597/25/1995
f 4655/30/1976 4656/15/1976 4608/14/1976 4607/29/1976
f 4646/33/5 4649/34/5 4601/31/5 4598/32/5
f 4655/37/6 4607/38/6 4604/35/6 4652/36/6
f 4605/41/1976 4653/42/1976 4648/39/1976 4600/40/1976
f 4597/45/1996 4645/46/1996 4646/43/1996 4598/44/1996
f 4645/49/6 4597/50/6 4600/47/6 4648/48/6
f 4653/53/5 4605/54/5 4608/51/5 4656/52/5
f 4654/13/1974 4606/16/1974 4599/55/1974 4647/56/1974
f 4650/57/1974 4602/58/1974 4601/46/1974 4649/45/1974
f 4647/59/6 4599/60/6 4602/50/6 4650/49/6
f 4651/63/5 4603/64/5 4606/61/5 4654/62/5
f 4657/65/1997 4660/68/1997 4659/67/1997 4658/66/1997
f 4661/65/1976 4657/68/1976 4658/67/1976 4662/66/1976
f 4663/65/1998 4661/68/1998 4662/67/1998 4664/66/1998
f 4660/65/1974 4663/68/1974 4664/67/1974 4659/66/1974
f 4658/69/5 4659/72/5 4664/71/5 4662/70/5
f 4665/67/1999 4668/68/1999 4667/65/1999 4666/66/1999
f 4666/67/1974 4667/68/1974 4670/65/1974 4669/66/1974
f 4669/67/2000 4670/68/2000 4672/65/2000 4671/66/2000
f 4671/67/1976 4672/68/1976 4668/65/1976 4665/66/1976
f 4671/71/5 4665/72/5 4666/69/5 4669/70/5
f 4673/73/2001 4676/76/2001 4675/75/2001 4674/74/2001
f 4677/77/1976 4673/80/1976 4674/79/1976 4678/78/1976
f 4679/81/2002 4677/79/2002 4678/76/2002 4680/73/2002
f 4676/82/1969 4679/85/1969 4680/84/1969 4675/83/1969
f 4674/86/5 4675/89/5 4680/88/5 4678/87/5
f 4677/90/6 4679/93/6 4676/92/6 4673/91/6
f 4681/1/2003 4684/4/2006 4683/3/2005 4682/2/2004
f 4682/2/2004 4686/6/2003 4685/5/2003 4681/1/2003
f 4687/7/2004 4690/10/2007 4689/9/2007 4688/8/2007
f 4690/10/2007 4687/7/2004 4692/12/2008 4691/11/2008
f 4684/4/2006 4681/1/2003 4690/10/2006 4691/11/2006
f 4689/13/2009 4641/16/2009 4640/15/2009 4688/14/2009
f 4643/17/2010 4640/20/2011 4641/19/2011 4642/18/2011
f 4640/20/2011 4643/17/2010 4644/22/2010 4639/21/2010
f 4644/14/2012 4692/15/2012 4687/30/2012 4639/29/2012
f 4638/31/5 4686/34/5 4682/33/5 4634/32/5
f 4640/35/6 4639/38/6 4687/37/6 4688/36/6
f 4684/39/2012 4691/42/2012 4643/41/2012 4636/40/2012
f 4682/43/2012 4683/46/2012 4635/45/2012 4634/44/2012
f 4636/47/6 4635/50/6 4683/49/6 4684/48/6
f 4644/51/5 4643/54/5 4691/53/5 4692/52/5
f 4633/55/2009 4642/16/2009 4690/13/2009 4681/56/2009
f 4638/46/2009 4637/58/2009 4685/57/2009 4686/45/2009
f 4637/50/6 4633/60/6 4681/59/6 4685/49/6
f 4642/61/5 4641/64/5 4689/63/5 4690/62/5
f 4693/3/2013 4696/4/2013 4695/1/2006 4694/2/2014
f 4697/6/2006 4694/2/2014 4695/1/2006 4698/5/2006
f 4699/9/2005 4702/10/2015 4701/11/2003 4700/8/2004
f 4703/7/2016 4700/8/2004 4701/11/2003 4704/12/2016
f 4701/11/2003 4702/10/2015 4695/1/2007 4696/4/2007
f 4652/15/2017 4651/16/2017 4699/13/2017 4700/14/2017
f 4650/28/2018 4647/23/2018 4648/24/2019 4649/27/2018
f 4646/26/2020 4649/27/2018 4648/24/2019 4645/25/2020
f 4703/30/2021 4704/15/2021 4656/14/2021 4655/29/2021
f 4694/33/5 4697/34/5 4649/31/5 4646/32/5
f 4703/37/6 4655/38/6 4652/35/6 4700/36/6
f 4653/41/2021 4701/42/2021 4696/39/2021 4648/40/2021
f 4645/45/2022 4693/46/2022 4694/43/2022 4646/44/2022
f 4693/49/6 4645/50/6 4648/47/6 4696/48/6
f 4701/53/5 4653/54/5 4656/51/5 4704/52/5
f 4702/13/2017 4654/16/2017 4647/55/2017 4695/56/2017
f 4698/57/2017 4650/58/2017 4649/46/2017 4697/45/2017
f 4695/59/6 4647/60/6 4650/50/6 4698/49/6
f 4699/63/5 4651/64/5 4654/61/5 4702/62/5
f 4705/65/2023 4708/68/2023 4707/67/2023 4706/66/2023
f 4709/65/1965 4705/68/1965 4706/67/1965 4710/66/1965
f 4711/65/2024 4709/68/2024 4710/67/2024 4712/66/2024
f 4708/65/1969 4711/68/1969 4712/67/1969 4707/66/1969
f 4706/69/5 4707/72/5 4712/71/5 4710/70/5
f 4713/67/2023 4716/68/2023 4715/65/2023 4714/66/2023
f 4714/67/1979 4715/68/1979 4718/65/1979 4717/66/1979
f 4717/67/2025 4718/68/2025 4720/65/2025 4719/66/2025
f 4719/67/2026 4720/68/2026 4716/65/2026 4713/66/2026
f 4719/71/5 4713/72/5 4714/69/5 4717/70/5
f 4721/73/2027 4724/76/2027 4723/75/2027 4722/74/2027
f 4725/77/2028 4721/80/2028 4722/79/2028 4726/78/2028
f 4727/81/2029 4725/79/2029 4726/76/2029 4728/73/2029
f 4724/82/2030 4727/85/2030 4728/84/2030 4723/83/2030
f 4722/86/5 4723/89/5 4728/88/5 4726/87/5
f 4725/90/6 4727/93/6 4724/92/6 4721/91/6
f 4729/1/2031 4732/4/2032 4731/3/2031 4730/2/2031
f 4730/2/2031 4734/6/2033 4733/5/2033 4729/1/2031
f 4735/7/2034 4738/10/2035 4737/9/2035 4736/8/2035
f 4738/10/2035 4735/7/2034 4740/12/2032 4739/11/2032
f 4732/4/2032 4729/1/2031 4738/10/2032 4739/11/2032
f 4737/13/2036 4689/16/2036 4688/15/2036 4736/14/2036
f 4691/17/2037 4688/20/2038 4689/19/2038 4690/18/2038
f 4688/20/2038 4691/17/2037 4692/22/2037 4687/21/2037
f 4692/14/2039 4740/15/2039 4735/30/2039 4687/29/2039
f 4686/31/5 4734/34/5 4730/33/5 4682/32/5
f 4688/35/6 4687/38/6 4735/37/6 4736/36/6
f 4732/39/2039 4739/42/2039 4691/41/2039 4684/40/2039
f 4730/43/2039 4731/46/2039 4683/45/2039 4682/44/2039
f 4684/47/6 4683/50/6 4731/49/6 4732/48/6
f 4692/51/5 4691/54/5 4739/53/5 4740/52/5
f 4681/55/2036 4690/16/2036 4738/13/2036 4729/56/2036
f 4686/46/2036 4685/58/2036 4733/57/2036 4734/45/2036
f 4685/50/6 4681/60/6 4729/59/6 4733/49/6
f 4690/61/5 4689/64/5 4737/63/5 4738/62/5
f 4741/3/2040 4744/4/2040 4743/1/2041 4742/2/2035
f 4745/6/2042 4742/2/2035 4743/1/2041 4746/5/2042
f 4747/9/2034 4750/10/2034 4749/11/2031 4748/8/2034
f 4751/7/2042 4748/8/2034 4749/11/2031 4752/12/2042
f 4749/11/2031 4750/10/2034 4743/1/2043 4744/4/2043
f 4700/15/2044 4699/16/2044 4747/13/2044 4748/14/2044
f 4698/28/2037 4695/23/2037 4696/24/2046 4697/27/2045
f 4694/26/2047 4697/27/2045 4696/24/2046 4693/25/2047
f 4751/30/2036 4752/15/2036 4704/14/2036 4703/29/2036
f 4742/33/5 4745/34/5 4697/31/5 4694/32/5
f 4751/37/6 4703/38/6 4700/35/6 4748/36/6
f 4701/41/2036 4749/42/2036 4744/39/2036 4696/40/2036
f 4693/45/2036 4741/46/2036 4742/43/2036 4694/44/2036
f 4741/49/6 4693/50/6 4696/47/6 4744/48/6
f 4749/53/5 4701/54/5 4704/51/5 4752/52/5
f 4750/13/2044 4702/16/2044 4695/55/2044 4743/56/2044
f 4746/57/2039 4698/58/2039 4697/46/2039 4745/45/2039
f 4743/59/6 4695/60/6 4698/50/6 4746/49/6
f 4747/63/5 4699/64/5 4702/61/5 4750/62/5
f 4753/65/2048 4756/68/2048 4755/67/2048 4754/66/2048
f 4757/65/2036 4753/68/2036 4754/67/2036 4758/66/2036
f 4759/65/2049 4757/68/2049 4758/67/2049 4760/66/2049
f 4756/65/2044 4759/68/2044 4760/67/2044 4755/66/2044
f 4754/69/5 4755/72/5 4760/71/5 4758/70/5
f 4761/67/2050 4764/68/2050 4763/65/2050 4762/66/2050
f 4762/67/2051 4763/68/2051 4766/65/2051 4765/66/2051
f 4765/67/2049 4766/68/2049 4768/65/2049 4767/66/2049
f 4767/67/2036 4768/68/2036 4764/65/2036 4761/66/2036
f 4767/71/5 4761/72/5 4762/69/5 4765/70/5
f 4769/73/2052 4772/76/2052 4771/75/2052 4770/74/2052
f 4773/77/2053 4769/80/2053 4770/79/2053 4774/78/2053
f 4775/81/2054 4773/79/2054 4774/76/2054 4776/73/2054
f 4772/82/2044 4775/85/2044 4776/84/2044 4771/83/2044
f 4770/86/5 4771/89/5 4776/88/5 4774/87/5
f 4773/90/6 4775/93/6 4772/92/6 4769/91/6
f 4777/1/2055 4780/4/2058 4779/3/2057 4778/2/2056
f 4778/2/2056 4782/6/2059 4781/5/2059 4777/1/2055
f 4783/7/2060 4786/10/2061 4785/9/2059 4784/8/2059
f 4786/10/2061 4783/7/2060 4788/12/2060 4787/11/2060
f 4780/4/2058 4777/1/2055 4786/10/2055 4787/11/2055
f 4785/13/2036 4737/16/2036 4736/15/2036 4784/14/2036
f 4739/17/2062 4736/20/2063 4737/19/2063 4738/18/2063
f 4736/20/2063 4739/17/2062 4740/22/2062 4735/21/2062
f 4740/14/2039 4788/15/2039 4783/30/2039 4735/29/2039
f 4734/31/5 4782/34/5 4778/33/5 4730/32/5
f 4736/35/6 4735/38/6 4783/37/6 4784/36/6
f 4780/39/2039 4787/42/2039 4739/41/2039 4732/40/2039
f 4778/43/2039 4779/46/2039 4731/45/2039 4730/44/2039
f 4732/47/6 4731/50/6 4779/49/6 4780/48/6
f 4740/51/5 4739/54/5 4787/53/5 4788/52/5
f 4729/55/2036 4738/16/2036 4786/13/2036 4777/56/2036
f 4734/46/2036 4733/58/2036 4781/57/2036 4782/45/2036
f 4733/50/6 4729/60/6 4777/59/6 4781/49/6
f 4738/61/5 4737/64/5 4785/63/5 4786/62/5
f 4789/3/2061 4792/4/2061 4791/1/2064 4790/2/2061
f 4793/6/2064 4790/2/2061 4791/1/2064 4794/5/2064
f 4795/9/2065 4798/10/2061 4797/11/2059 4796/8/2065
f 4799/7/2064 4796/8/2065 4797/11/2059 4800/12/2064
f 4797/11/2059 4798/10/2061 4791/1/2055 4792/4/2055
f 4748/15/2039 4747/16/2039 4795/13/2039 4796/14/2039
f 4746/28/2066 4743/23/2066 4744/24/2068 4745/27/2067
f 4742/26/2069 4745/27/2067 4744/24/2068 4741/25/2069
f 4799/30/2036 4800/15/2036 4752/14/2036 4751/29/2036
f 4790/33/5 4793/34/5 4745/31/5 4742/32/5
f 4799/37/6 4751/38/6 4748/35/6 4796/36/6
f 4749/41/2036 4797/42/2036 4792/39/2036 4744/40/2036
f 4741/45/2036 4789/46/2036 4790/43/2036 4742/44/2036
f 4789/49/6 4741/50/6 4744/47/6 4792/48/6
f 4797/53/5 4749/54/5 4752/51/5 4800/52/5
f 4798/13/2039 4750/16/2039 4743/55/2039 4791/56/2039
f 4794/57/2039 4746/58/2039 4745/46/2039 4793/45/2039
f 4791/59/6 4743/60/6 4746/50/6 4794/49/6
f 4795/63/5 4747/64/5 4750/61/5 4798/62/5
f 4801/65/2070 4804/68/2070 4803/67/2070 4802/66/2070
f 4805/65/2036 4801/68/2036 4802/67/2036 4806/66/2036
f 4807/65/2071 4805/68/2071 4806/67/2071 4808/66/2071
f 4804/65/2039 4807/68/2039 4808/67/2039 4803/66/2039
f 4802/69/5 4803/72/5 4808/71/5 4806/70/5
f 4809/67/2072 4812/68/2072 4811/65/2072 4810/66/2072
f 4810/67/2051 4811/68/2051 4814/65/2051 4813/66/2051
f 4813/67/2073 4814/68/2073 4816/65/2073 4815/66/2073
f 4815/67/2053 4816/68/2053 4812/65/2053 4809/66/2053
f 4815/71/5 4809/72/5 4810/69/5 4813/70/5
f 4817/73/2074 4820/76/2074 4819/75/2074 4818/74/2074
f 4821/77/2075 4817/80/2075 4818/79/2075 4822/78/2075
f 4823/81/2076 4821/79/2076 4822/76/2076 4824/73/2076
f 4820/82/2039 4823/85/2039 4824/84/2039 4819/83/2039
f 4818/86/5 4819/89/5 4824/88/5 4822/87/5
f 4821/90/6 4823/93/6 4820/92/6 4817/91/6
f 4825/1/2077 4828/4/2078 4827/3/2079 4826/2/2078
f 4826/2/2078 4830/6/2077 4829/5/2077 4825/1/2077
f 4831/7/2080 4834/10/2077 4833/9/2077 4832/8/2077
f 4834/10/2077 4831/7/2080 4836/12/2080 4835/11/2080
f 4828/4/2078 4825/1/2077 4834/10/2077 4835/11/2077
f 4833/13/2081 4785/16/2081 4784/15/2081 4832/14/2081
f 4787/17/2082 4784/20/2083 4785/19/2083 4786/18/2083
f 4784/20/2083 4787/17/2082 4788/22/2082 4783/21/2082
f 4788/14/2084 4836/15/2084 4831/30/2084 4783/29/2084
f 4782/31/5 4830/34/5 4826/33/5 4778/32/5
f 4784/35/6 4783/38/6 4831/37/6 4832/36/6
f 4828/39/2084 4835/42/2084 4787/41/2084 4780/40/2084
f 4826/43/2084 4827/46/2084 4779/45/2084 4778/44/2084
f 4780/47/6 4779/50/6 4827/49/6 4828/48/6
f 4788/51/5 4787/54/5 4835/53/5 4836/52/5
f 4777/55/2081 4786/16/2081 4834/13/2081 4825/56/2081
f 4782/46/2081 4781/58/2081 4829/57/2081 4830/45/2081
f 4781/50/6 4777/60/6 4825/59/6 4829/49/6
f 4786/61/5 4785/64/5 4833/63/5 4834/62/5
f 4837/3/2085 4840/4/2085 4839/1/2085 4838/2/2085
f 4841/6/2086 4838/2/2085 4839/1/2085 4842/5/2086
f 4843/9/2077 4846/10/2077 4845/11/2077 4844/8/2077
f 4847/7/2077 4844/8/2077 4845/11/2077 4848/12/2077
f 4845/11/2077 4846/10/2077 4839/1/2087 4840/4/2087
f 4796/15/2088 4795/16/2088 4843/13/2088 4844/14/2088
f 4794/28/2089 4791/23/2089 4792/24/2090 4793/27/2083
f 4790/26/2090 4793/27/2083 4792/24/2090 4789/25/2090
f 4847/30/2091 4848/15/2091 4800/14/2091 4799/29/2091
f 4838/33/5 4841/34/5 4793/31/5 4790/32/5
f 4847/37/6 4799/38/6 4796/35/6 4844/36/6
f 4797/41/2091 4845/42/2091 4840/39/2091 4792/40/2091
f 4789/45/2091 4837/46/2091 4838/43/2091 4790/44/2091
f 4837/49/6 4789/50/6 4792/47/6 4840/48/6
f 4845/53/5 4797/54/5 4800/51/5 4848/52/5
f 4846/13/2088 4798/16/2088 4791/55/2088 4839/56/2088
f 4842/57/2088 4794/58/2088 4793/46/2088 4841/45/2088
f 4839/59/6 4791/60/6 4794/50/6 4842/49/6
f 4843/63/5 4795/64/5 4798/61/5 4846/62/5
f 4849/65/2092 4852/68/2092 4851/67/2092 4850/66/2092
f 4853/65/2093 4849/68/2093 4850/67/2093 4854/66/2093
f 4855/65/2094 4853/68/2094 4854/67/2094 4856/66/2094
f 4852/65/2095 4855/68/2095 4856/67/2095 4851/66/2095
f 4850/69/5 4851/72/5 4856/71/5 4854/70/5
f 4857/67/2096 4860/68/2096 4859/65/2096 4858/66/2096
f 4858/67/2097 4859/68/2097 4862/65/2097 4861/66/2097
f 4861/67/2098 4862/68/2098 4864/65/2098 4863/66/2098
f 4863/67/2099 4864/68/2099 4860/65/2099 4857/66/2099
f 4863/71/5 4857/72/5 4858/69/5 4861/70/5
f 4865/73/2100 4868/76/2100 4867/75/2100 4866/74/2100
f 4869/77/2101 4865/80/2101 4866/79/2101 4870/78/2101
f 4871/81/2102 4869/79/2102 4870/76/2102 4872/73/2102
f 4868/82/2103 4871/85/2103 4872/84/2103 4867/83/2103
f 4866/86/5 4867/89/5 4872/88/5 4870/87/5
f 4869/90/6 4871/93/6 4868/92/6 4865/91/6
f 4873/1/2104 4876/4/2105 4875/3/2105 4874/2/2105
f 4874/2/2105 4878/6/2104 4877/5/2104 4873/1/2104
f 4879/7/2106 4882/10/2107 4881/9/2107 4880/8/2107
f 4882/10/2107 4879/7/2106 4884/12/2106 4883/11/2106
f 4876/4/2105 4873/1/2104 4882/10/2104 4883/11/2104
f 4881/13/2099 4833/16/2099 4832/15/2099 4880/14/2099
f 4835/17/2108 4832/20/2110 4833/19/2109 4834/18/2109
f 4832/20/2110 4835/17/2108 4836/22/2108 4831/21/2108
f 4836/14/2097 4884/15/2097 4879/30/2097 4831/29/2097
f 4830/31/5 4878/34/5 4874/33/5 4826/32/5
f 4832/35/6 4831/38/6 4879/37/6 4880/36/6
f 4876/39/2097 4883/42/2097 4835/41/2097 4828/40/2097
f 4874/43/2097 4875/46/2097 4827/45/2097 4826/44/2097
f 4828/47/6 4827/50/6 4875/49/6 4876/48/6
f 4836/51/5 4835/54/5 4883/53/5 4884/52/5
f 4825/55/2099 4834/16/2099 4882/13/2099 4873/56/2099
f 4830/46/2099 4829/58/2099 4877/57/2099 4878/45/2099
f 4829/50/6 4825/60/6 4873/59/6 4877/49/6
f 4834/61/5 4833/64/5 4881/63/5 4882/62/5
f 4885/3/2106 4888/4/2106 4887/1/2111 4886/2/2106
f 4889/6/2112 4886/2/2106 4887/1/2111 4890/5/2112
f 4891/9/2113 4894/10/2113 4893/11/2114 4892/8/2113
f 4895/7/2114 4892/8/2113 4893/11/2114 4896/12/2114
f 4893/11/2114 4894/10/2113 4887/1/2104 4888/4/2104
f 4844/15/2115 4843/16/2115 4891/13/2115 4892/14/2115
f 4842/28/2116 4839/23/2116 4840/24/2116 4841/27/2116
f 4838/26/2117 4841/27/2116 4840/24/2116 4837/25/2117
f 4895/30/2099 4896/15/2099 4848/14/2099 4847/29/2099
f 4886/33/5 4889/34/5 4841/31/5 4838/32/5
f 4895/37/6 4847/38/6 4844/35/6 4892/36/6
f 4845/41/2099 4893/42/2099 4888/39/2099 4840/40/2099
f 4837/45/2099 4885/46/2099 4886/43/2099 4838/44/2099
f 4885/49/6 4837/50/6 4840/47/6 4888/48/6
f 4893/53/5 4845/54/5 4848/51/5 4896/52/5
f 4894/13/2097 4846/16/2097 4839/55/2097 4887/56/2097
f 4890/57/2097 4842/58/2097 4841/46/2097 4889/45/2097
f 4887/59/6 4839/60/6 4842/50/6 4890/49/6
f 4891/63/5 4843/64/5 4846/61/5 4894/62/5
f 4897/65/2118 4900/68/2118 4899/67/2118 4898/66/2118
f 4901/65/2119 4897/68/2119 4898/67/2119 4902/66/2119
f 4903/65/2120 4901/68/2120 4902/67/2120 4904/66/2120
f 4900/65/2115 4903/68/2115 4904/67/2115 4899/66/2115
f 4898/69/5 4899/72/5 4904/71/5 4902/70/5
f 4905/67/2121 4908/68/2121 4907/65/2121 4906/66/2121
f 4906/67/2097 4907/68/2097 4910/65/2097 4909/66/2097
f 4909/67/2122 4910/68/2122 4912/65/2122 4911/66/2122
f 4911/67/2099 4912/68/2099 4908/65/2099 4905/66/2099
f 4911/71/5 4905/72/5 4906/69/5 4909/70/5
f 4913/73/2123 4916/76/2123 4915/75/2123 4914/74/2123
f 4917/77/2099 4913/80/2099 4914/79/2099 4918/78/2099
f 4919/81/2124 4917/79/2124 4918/76/2124 4920/73/2124
f 4916/82/2115 4919/85/2115 4920/84/2115 4915/83/2115
f 4914/86/5 4915/89/5 4920/88/5 4918/87/5
f 4917/90/6 4919/93/6 4916/92/6 4913/91/6
f 4921/1/2125 4924/4/2127 4923/3/2126 4922/2/2125
f 4922/2/2125 4926/6/2128 4925/5/2128 4921/1/2125
f 4927/7/2129 4930/10/2129 4929/9/2129 4928/8/2129
f 4930/10/2129 4927/7/2129 4932/12/2130 4931/11/2130
f 4924/4/2127 4921/1/2125 4930/10/2129 4931/11/2129
f 4929/13/2131 4881/16/2131 4880/15/2131 4928/14/2131
f 4883/17/2132 4880/20/2133 4881/19/2133 4882/18/2133
f 4880/20/2133 4883/17/2132 4884/22/2132 4879/21/2132
f 4884/14/2115 4932/15/2115 4927/30/2115 4879/29/2115
f 4878/31/5 4926/34/5 4922/33/5 4874/32/5
f 4880/35/6 4879/38/6 4927/37/6 4928/36/6
f 4924/39/2115 4931/42/2115 4883/41/2115 4876/40/2115
f 4922/43/2115 4923/46/2115 4875/45/2115 4874/44/2115
f 4876/47/6 4875/50/6 4923/49/6 4924/48/6
f 4884/51/5 4883/54/5 4931/53/5 4932/52/5
f 4873/55/2131 4882/16/2131 4930/13/2131 4921/56/2131
f 4878/46/2131 4877/58/2131 4925/57/2131 4926/45/2131
f 4877/50/6 4873/60/6 4921/59/6 4925/49/6
f 4882/61/5 4881/64/5 4929/63/5 4930/62/5
f 4933/3/2129 4936/4/2129 4935/1/2134 4934/2/2129
f 4937/6/2134 4934/2/2129 4935/1/2134 4938/5/2134
f 4939/9/2135 4942/10/2129 4941/11/2129 4940/8/2129
f 4943/7/2129 4940/8/2129 4941/11/2129 4944/12/2129
f 4941/11/2129 4942/10/2129 4935/1/2129 4936/4/2129
f 4892/15/2136 4891/16/2136 4939/13/2136 4940/14/2136
f 4890/28/2133 4887/23/2133 4888/24/2137 4889/27/2133
f 4886/26/2137 4889/27/2133 4888/24/2137 4885/25/2137
f 4943/30/2099 4944/15/2099 4896/14/2099 4895/29/2099
f 4934/33/5 4937/34/5 4889/31/5 4886/32/5
f 4943/37/6 4895/38/6 4892/35/6 4940/36/6
f 4893/41/2099 4941/42/2099 4936/39/2099 4888/40/2099
f 4885/45/2099 4933/46/2099 4934/43/2099 4886/44/2099
f 4933/49/6 4885/50/6 4888/47/6 4936/48/6
f 4941/53/5 4893/54/5 4896/51/5 4944/52/5
f 4942/13/2097 4894/16/2097 4887/55/2097 4935/56/2097
f 4938/57/2097 4890/58/2097 4889/46/2097 4937/45/2097
f 4935/59/6 4887/60/6 4890/50/6 4938/49/6
f 4939/63/5 4891/64/5 4894/61/5 4942/62/5
f 4945/65/2138 4948/68/2138 4947/67/2138 4946/66/2138
f 4949/65/2139 4945/68/2139 4946/67/2139 4950/66/2139
f 4951/65/2140 4949/68/2140 4950/67/2140 4952/66/2140
f 4948/65/2141 4951/68/2141 4952/67/2141 4947/66/2141
f 4946/69/5 4947/72/5 4952/71/5 4950/70/5
f 4953/67/2142 4956/68/2142 4955/65/2142 4954/66/2142
f 4954/67/2097 4955/68/2097 4958/65/2097 4957/66/2097
f 4957/67/2140 4958/68/2140 4960/65/2140 4959/66/2140
f 4959/67/2099 4960/68/2099 4956/65/2099 4953/66/2099
f 4959/71/5 4953/72/5 4954/69/5 4957/70/5
f 4961/73/2143 4964/76/2143 4963/75/2143 4962/74/2143
f 4965/77/2144 4961/80/2144 4962/79/2144 4966/78/2144
f 4967/81/2145 4965/79/2145 4966/76/2145 4968/73/2145
f 4964/82/2146 4967/85/2146 4968/84/2146 4963/83/2146
f 4962/86/5 4963/89/5 4968/88/5 4966/87/5
f 4965/90/6 4967/93/6 4964/92/6 4961/91/6
f 4969/1/2147 4972/4/2149 4971/3/2148 4970/2/2148
f 4970/2/2148 4974/6/2147 4973/5/2147 4969/1/2147
f 4975/7/2150 4978/10/2152 4977/9/2151 4976/8/2151
f 4978/10/2152 4975/7/2150 4980/12/2150 4979/11/2150
f 4972/4/2149 4969/1/2147 4978/10/2147 4979/11/2147
f 4977/13/2153 4929/16/2153 4928/15/2153 4976/14/2153
f 4931/17/2154 4928/20/2154 4929/19/2154 4930/18/2154
f 4928/20/2154 4931/17/2154 4932/22/2154 4927/21/2154
f 4932/14/2155 4980/15/2155 4975/30/2155 4927/29/2155
f 4926/31/5 4974/34/5 4970/33/5 4922/32/5
f 4928/35/6 4927/38/6 4975/37/6 4976/36/6
f 4972/39/2155 4979/42/2155 4931/41/2155 4924/40/2155
f 4970/43/2155 4971/46/2155 4923/45/2155 4922/44/2155
f 4924/47/6 4923/50/6 4971/49/6 4972/48/6
f 4932/51/5 4931/54/5 4979/53/5 4980/52/5
f 4921/55/2153 4930/16/2153 4978/13/2153 4969/56/2153
f 4926/46/2153 4925/58/2153 4973/57/2153 4974/45/2153
f 4925/50/6 4921/60/6 4969/59/6 4973/49/6
f 4930/61/5 4929/64/5 4977/63/5 4978/62/5
f 4981/3/2156 4984/4/2156 4983/1/2157 4982/2/2147
f 4985/6/2157 4982/2/2147 4983/1/2157 4986/5/2157
f 4987/9/2156 4990/10/2156 4989/11/2147 4988/8/2156
f 4991/7/2147 4988/8/2156 4989/11/2147 4992/12/2147
f 4989/11/2147 4990/10/2156 4983/1/2147 4984/4/2147
f 4940/15/2158 4939/16/2158 4987/13/2158 4988/14/2158
f 4938/28/2159 4935/23/2159 4936/24/2154 4937/27/2159
f 4934/26/2154 4937/27/2159 4936/24/2154 4933/25/2154
f 4991/30/2160 4992/15/2160 4944/14/2160 4943/29/2160
f 4982/33/5 4985/34/5 4937/31/5 4934/32/5
f 4991/37/6 4943/38/6 4940/35/6 4988/36/6
f 4941/41/2160 4989/42/2160 4984/39/2160 4936/40/2160
f 4933/45/2160 4981/46/2160 4982/43/2160 4934/44/2160
f 4981/49/6 4933/50/6 4936/47/6 4984/48/6
f 4989/53/5 4941/54/5 4944/51/5 4992/52/5
f 4990/13/2158 4942/16/2158 4935/55/2158 4983/56/2158
f 4986/57/2158 4938/58/2158 4937/46/2158 4985/45/2158
f 4983/59/6 4935/60/6 4938/50/6 4986/49/6
f 4987/63/5 4939/64/5 4942/61/5 4990/62/5
f 4993/65/2161 4996/68/2161 4995/67/2161 4994/66/2161
f 4997/65/2162 4993/68/2162 4994/67/2162 4998/66/2162
f 4999/65/2163 4997/68/2163 4998/67/2163 5000/66/2163
f 4996/65/2164 4999/68/2164 5000/67/2164 4995/66/2164
f 4994/69/5 4995/72/5 5000/71/5 4998/70/5
f 5001/67/2165 5004/68/2165 5003/65/2165 5002/66/2165
f 5002/67/2166 5003/68/2166 5006/65/2166 5005/66/2166
f 5005/67/2167 5006/68/2167 5008/65/2167 5007/66/2167
f 5007/67/2168 5008/68/2168 5004/65/2168 5001/66/2168
f 5007/71/5 5001/72/5 5002/69/5 5005/70/5
f 5009/73/2169 5012/76/2169 5011/75/2169 5010/74/2169
f 5013/77/2168 5009/80/2168 5010/79/2168 5014/78/2168
f 5015/81/2170 5013/79/2170 5014/76/2170 5016/73/2170
f 5012/82/2171 5015/85/2171 5016/84/2171 5011/83/2171
f 5010/86/5 5011/89/5 5016/88/5 5014/87/5
f 5013/90/6 5015/93/6 5012/92/6 5009/91/6
f 5017/1/2172 5020/4/2173 5019/3/2172 5018/2/2172
f 5018/2/2172 5022/6/2174 5021/5/2174 5017/1/2172
f 5023/7/2173 5026/10/2175 5025/9/2175 5024/8/2175
f 5026/10/2175 5023/7/2173 5028/12/2173 5027/11/2173
f 5020/4/2173 5017/1/2172 5026/10/2173 5027/11/2173
f 5025/13/2176 4977/16/2176 4976/15/2176 5024/14/2176
f 4979/17/2177 4976/20/2179 4977/19/2178 4978/18/2178
f 4976/20/2179 4979/17/2177 4980/22/2177 4975/21/2177
f 4980/14/2166 5028/15/2166 5023/30/2166 4975/29/2166
f 4974/31/5 5022/34/5 5018/33/5 4970/32/5
f 4976/35/6 4975/38/6 5023/37/6 5024/36/6
f 5020/39/2166 5027/42/2166 4979/41/2166 4972/40/2166
f 5018/43/2166 5019/46/2166 4971/45/2166 4970/44/2166
f 4972/47/6 4971/50/6 5019/49/6 5020/48/6
f 4980/51/5 4979/54/5 5027/53/5 5028/52/5
f 4969/55/2176 4978/16/2176 5026/13/2176 5017/56/2176
f 4974/46/2176 4973/58/2176 5021/57/2176 5022/45/2176
f 4973/50/6 4969/60/6 5017/59/6 5021/49/6
f 4978/61/5 4977/64/5 5025/63/5 5026/62/5
f 5029/3/2180 5032/4/2180 5031/1/2172 5030/2/2180
f 5033/6/2172 5030/2/2180 5031/1/2172 5034/5/2172
f 5035/9/2181 5038/10/2175 5037/11/2182 5036/8/2175
f 5039/7/2183 5036/8/2175 5037/11/2182 5040/12/2183
f 5037/11/2182 5038/10/2175 5031/1/2175 5032/4/2175
f 4988/15/2166 4987/16/2166 5035/13/2166 5036/14/2166
f 4986/28/2184 4983/23/2184 4984/24/2185 4985/27/2185
f 4982/26/2185 4985/27/2185 4984/24/2185 4981/25/2185
f 5039/30/2176 5040/15/2176 4992/14/2176 4991/29/2176
f 5030/33/5 5033/34/5 4985/31/5 4982/32/5
f 5039/37/6 4991/38/6 4988/35/6 5036/36/6
f 4989/41/2176 5037/42/2176 5032/39/2176 4984/40/2176
f 4981/45/2176 5029/46/2176 5030/43/2176 4982/44/2176
f 5029/49/6 4981/50/6 4984/47/6 5032/48/6
f 5037/53/5 4989/54/5 4992/51/5 5040/52/5
f 5038/13/2166 4990/16/2166 4983/55/2166 5031/56/2166
f 5034/57/2166 4986/58/2166 4985/46/2166 5033/45/2166
f 5031/59/6 4983/60/6 4986/50/6 5034/49/6
f 5035/63/5 4987/64/5 4990/61/5 5038/62/5
f 5041/65/2186 5044/68/2186 5043/67/2186 5042/66/2186
f 5045/65/2176 5041/68/2176 5042/67/2176 5046/66/2176
f 5047/65/2187 5045/68/2187 5046/67/2187 5048/66/2187
f 5044/65/2164 5047/68/2164 5048/67/2164 5043/66/2164
f 5042/69/5 5043/72/5 5048/71/5 5046/70/5
f 5049/67/2186 5052/68/2186 5051/65/2186 5050/66/2186
f 5050/67/2188 5051/68/2188 5054/65/2188 5053/66/2188
f 5053/67/2189 5054/68/2189 5056/65/2189 5055/66/2189
f 5055/67/2190 5056/68/2190 5052/65/2190 5049/66/2190
f 5055/71/5 5049/72/5 5050/69/5 5053/70/5
f 5057/73/2191 5060/76/2191 5059/75/2191 5058/74/2191
f 5061/77/2176 5057/80/2176 5058/79/2176 5062/78/2176
f 5063/81/2192 5061/79/2192 5062/76/2192 5064/73/2192
f 5060/82/2166 5063/85/2166 5064/84/2166 5059/83/2166
f 5058/86/5 5059/89/5 5064/88/5 5062/87/5
f 5061/90/6 5063/93/6 5060/92/6 5057/91/6
f 5065/1/2193 5068/4/2196 5067/3/2195 5066/2/2194
f 5066/2/2194 5070/6/2197 5069/5/2197 5065/1/2193
f 5071/7/2198 5074/10/2200 5073/9/2199 5072/8/2199
f 5074/10/2200 5071/7/2198 5076/12/2201 5075/11/2201
f 5068/4/2196 5065/1/2193 5074/10/2198 5075/11/2198
f 5073/13/2202 5025/16/2202 5024/15/2202 5072/14/2202
f 5027/17/2203 5024/20/2204 5025/19/2204 5026/18/2204
f 5024/20/2204 5027/17/2203 5028/22/2203 5023/21/2203
f 5028/14/2205 5076/15/2205 5071/30/2205 5023/29/2205
f 5022/31/5 5070/34/5 5066/33/5 5018/32/5
f 5024/35/6 5023/38/6 5071/37/6 5072/36/6
f 5068/39/2205 5075/42/2205 5027/41/2205 5020/40/2205
f 5066/43/2205 5067/46/2205 5019/45/2205 5018/44/2205
f 5020/47/6 5019/50/6 5067/49/6 5068/48/6
f 5028/51/5 5027/54/5 5075/53/5 5076/52/5
f 5017/55/2202 5026/16/2202 5074/13/2202 5065/56/2202
f 5022/46/2202 5021/58/2202 5069/57/2202 5070/45/2202
f 5021/50/6 5017/60/6 5065/59/6 5069/49/6
f 5026/61/5 5025/64/5 5073/63/5 5074/62/5
f 5077/3/2206 5080/4/2206 5079/1/2198 5078/2/2207
f 5081/6/2198 5078/2/2207 5079/1/2198 5082/5/2198
f 5083/9/2198 5086/10/2198 5085/11/2198 5084/8/2198
f 5087/7/2198 5084/8/2198 5085/11/2198 5088/12/2198
f 5085/11/2198 5086/10/2198 5079/1/2198 5080/4/2198
f 5036/15/2208 5035/16/2208 5083/13/2208 5084/14/2208
f 5034/28/2209 5031/23/2209 5032/24/2210 5033/27/2203
f 5030/26/2210 5033/27/2203 5032/24/2210 5029/25/2210
f 5087/30/2211 5088/15/2211 5040/14/2211 5039/29/2211
f 5078/33/5 5081/34/5 5033/31/5 5030/32/5
f 5087/37/6 5039/38/6 5036/35/6 5084/36/6
f 5037/41/2211 5085/42/2211 5080/39/2211 5032/40/2211
f 5029/45/2211 5077/46/2211 5078/43/2211 5030/44/2211
f 5077/49/6 5029/50/6 5032/47/6 5080/48/6
f 5085/53/5 5037/54/5 5040/51/5 5088/52/5
f 5086/13/2208 5038/16/2208 5031/55/2208 5079/56/2208
f 5082/57/2212 5034/58/2212 5033/46/2212 5081/45/2212
f 5079/59/6 5031/60/6 5034/50/6 5082/49/6
f 5083/63/5 5035/64/5 5038/61/5 5086/62/5
f 5089/65/2213 5092/68/2213 5091/67/2213 5090/66/2213
f 5093/65/2214 5089/68/2214 5090/67/2214 5094/66/2214
f 5095/65/2215 5093/68/2215 5094/67/2215 5096/66/2215
f 5092/65/2188 5095/68/2188 5096/67/2188 5091/66/2188
f 5090/69/5 5091/72/5 5096/71/5 5094/70/5
f 5097/67/2216 5100/68/2216 5099/65/2216 5098/66/2216
f 5098/67/2164 5099/68/2164 5102/65/2164 5101/66/2164
f 5101/67/2217 5102/68/2217 5104/65/2217 5103/66/2217
f 5103/67/2190 5104/68/2190 5100/65/2190 5097/66/2190
f 5103/71/5 5097/72/5 5098/69/5 5101/70/5
f 5105/73/2218 5108/76/2218 5107/75/2218 5106/74/2218
f 5109/77/2190 5105/80/2190 5106/79/2190 5110/78/2190
f 5111/81/2219 5109/79/2219 5110/76/2219 5112/73/2219
f 5108/82/2220 5111/85/2220 5112/84/2220 5107/83/2220
f 5106/86/5 5107/89/5 5112/88/5 5110/87/5
f 5109/90/6 5111/93/6 5108/92/6 5105/91/6
f 5113/1/2221 5116/4/2224 5115/3/2223 5114/2/2222
f 5114/2/2222 5118/6/2221 5117/5/2221 5113/1/2221
f 5119/7/2225 5122/10/2222 5121/9/2222 5120/8/2222
f 5122/10/2222 5119/7/2225 5124/12/2226 5123/11/2226
f 5116/4/2224 5113/1/2221 5122/10/2224 5123/11/2224
f 5121/13/2227 5073/16/2227 5072/15/2227 5120/14/2227
f 5075/17/2228 5072/20/2230 5073/19/2229 5074/18/2229
f 5072/20/2230 5075/17/2228 5076/22/2228 5071/21/2228
f 5076/14/2231 5124/15/2231 5119/30/2231 5071/29/2231
f 5070/31/5 5118/34/5 5114/33/5 5066/32/5
f 5072/35/6 5071/38/6 5119/37/6 5120/36/6
f 5116/39/2231 5123/42/2231 5075/41/2231 5068/40/2231
f 5114/43/2231 5115/46/2231 5067/45/2231 5066/44/2231
f 5068/47/6 5067/50/6 5115/49/6 5116/48/6
f 5076/51/5 5075/54/5 5123/53/5 5124/52/5
f 5065/55/2227 5074/16/2227 5122/13/2227 5113/56/2227
f 5070/46/2227 5069/58/2227 5117/57/2227 5118/45/2227
f 5069/50/6 5065/60/6 5113/59/6 5117/49/6
f 5074/61/5 5073/64/5 5121/63/5 5122/62/5
f 5125/3/2232 5128/4/2232 5127/1/2233 5126/2/2225
f 5129/6/2234 5126/2/2225 5127/1/2233 5130/5/2234
f 5131/9/2235 5134/10/2238 5133/11/2237 5132/8/2236
f 5135/7/2239 5132/8/2236 5133/11/2237 5136/12/2239
f 5133/11/2237 5134/10/2238 5127/1/2240 5128/4/2240
f 5084/15/2241 5083/16/2241 5131/13/2241 5132/14/2241
f 5082/28/2242 5079/23/2242 5080/24/2244 5081/27/2243
f 5078/26/2245 5081/27/2243 5080/24/2244 5077/25/2245
f 5135/30/2246 5136/15/2246 5088/14/2246 5087/29/2246
f 5126/33/5 5129/34/5 5081/31/5 5078/32/5
f 5135/37/6 5087/38/6 5084/35/6 5132/36/6
f 5085/41/2246 5133/42/2246 5128/39/2246 5080/40/2246
f 5077/45/2246 5125/46/2246 5126/43/2246 5078/44/2246
f 5125/49/6 5077/50/6 5080/47/6 5128/48/6
f 5133/53/5 5085/54/5 5088/51/5 5136/52/5
f 5134/13/2241 5086/16/2241 5079/55/2241 5127/56/2241
f 5130/57/2241 5082/58/2241 5081/46/2241 5129/45/2241
f 5127/59/6 5079/60/6 5082/50/6 5130/49/6
f 5131/63/5 5083/64/5 5086/61/5 5134/62/5
f 5137/65/2247 5140/68/2247 5139/67/2247 5138/66/2247
f 5141/65/2248 5137/68/2248 5138/67/2248 5142/66/2248
f 5143/65/2249 5141/68/2249 5142/67/2249 5144/66/2249
f 5140/65/2241 5143/68/2241 5144/67/2241 5139/66/2241
f 5138/69/5 5139/72/5 5144/71/5 5142/70/5
f 5145/67/2250 5148/68/2250 5147/65/2250 5146/66/2250
f 5146/67/2251 5147/68/2251 5150/65/2251 5149/66/2251
f 5149/67/2252 5150/68/2252 5152/65/2252 5151/66/2252
f 5151/67/2253 5152/68/2253 5148/65/2253 5145/66/2253
f 5151/71/5 5145/72/5 5146/69/5 5149/70/5
f 5153/73/2254 5156/76/2254 5155/75/2254 5154/74/2254
f 5157/77/2253 5153/80/2253 5154/79/2253 5158/78/2253
f 5159/81/2255 5157/79/2255 5158/76/2255 5160/73/2255
f 5156/82/2241 5159/85/2241 5160/84/2241 5155/83/2241
f 5154/86/5 5155/89/5 5160/88/5 5158/87/5
f 5157/90/6 5159/93/6 5156/92/6 5153/91/6
f 5161/1/2256 5164/4/2258 5163/3/2257 5162/2/2257
f 5162/2/2257 5166/6/2259 5165/5/2259 5161/1/2256
f 5167/7/2260 5170/10/2261 5169/9/2261 5168/8/2261
f 5170/10/2261 5167/7/2260 5172/12/2260 5171/11/2260
f 5164/4/2258 5161/1/2256 5170/10/2262 5171/11/2262
f 5169/13/2248 5121/16/2248 5120/15/2248 5168/14/2248
f 5123/17/2263 5120/20/2264 5121/19/2264 5122/18/2264
f 5120/20/2264 5123/17/2263 5124/22/2263 5119/21/2263
f 5124/14/2265 5172/15/2265 5167/30/2265 5119/29/2265
f 5118/31/5 5166/34/5 5162/33/5 5114/32/5
f 5120/35/6 5119/38/6 5167/37/6 5168/36/6
f 5164/39/2266 5171/42/2266 5123/41/2266 5116/40/2266
f 5162/43/2266 5163/46/2266 5115/45/2266 5114/44/2266
f 5116/47/6 5115/50/6 5163/49/6 5164/48/6
f 5124/51/5 5123/54/5 5171/53/5 5172/52/5
f 5113/55/2248 5122/16/2248 5170/13/2248 5161/56/2248
f 5118/46/2248 5117/58/2248 5165/57/2248 5166/45/2248
f 5117/50/6 5113/60/6 5161/59/6 5165/49/6
f 5122/61/5 5121/64/5 5169/63/5 5170/62/5
f 5173/3/2267 5176/4/2267 5175/1/2261 5174/2/2268
f 5177/6/2269 5174/2/2268 5175/1/2261 5178/5/2269
f 5179/9/2270 5182/10/2271 5181/11/2256 5180/8/2271
f 5183/7/2261 5180/8/2271 5181/11/2256 5184/12/2261
f 5181/11/2256 5182/10/2271 5175/1/2262 5176/4/2262
f 5132/15/2272 5131/16/2272 5179/13/2272 5180/14/2272
f 5130/28/2273 5127/23/2273 5128/24/2275 5129/27/2274
f 5126/26/2276 5129/27/2274 5128/24/2275 5125/25/2276
f 5183/30/2248 5184/15/2248 5136/14/2248 5135/29/2248
f 5174/33/5 5177/34/5 5129/31/5 5126/32/5
f 5183/37/6 5135/38/6 5132/35/6 5180/36/6
f 5133/41/2248 5181/42/2248 5176/39/2248 5128/40/2248
f 5125/45/2248 5173/46/2248 5174/43/2248 5126/44/2248
f 5173/49/6 5125/50/6 5128/47/6 5176/48/6
f 5181/53/5 5133/54/5 5136/51/5 5184/52/5
f 5182/13/2266 5134/16/2266 5127/55/2266 5175/56/2266
f 5178/57/2266 5130/58/2266 5129/46/2266 5177/45/2266
f 5175/59/6 5127/60/6 5130/50/6 5178/49/6
f 5179/63/5 5131/64/5 5134/61/5 5182/62/5
f 5185/65/2277 5188/68/2277 5187/67/2277 5186/66/2277
f 5189/65/2248 5185/68/2248 5186/67/2248 5190/66/2248
f 5191/65/2278 5189/68/2278 5190/67/2278 5192/66/2278
f 5188/65/2251 5191/68/2251 5192/67/2251 5187/66/2251
f 5186/69/5 5187/72/5 5192/71/5 5190/70/5
f 5193/67/2279 5196/68/2279 5195/65/2279 5194/66/2279
f 5194/67/2231 5195/68/2231 5198/65/2231 5197/66/2231
f 5197/67/2278 5198/68/2278 5200/65/2278 5199/66/2278
f 5199/67/2248 5200/68/2248 5196/65/2248 5193/66/2248
f 5199/71/5 5193/72/5 5194/69/5 5197/70/5
f 5201/73/2280 5204/76/2280 5203/75/2280 5202/74/2280
f 5205/77/2248 5201/80/2248 5202/79/2248 5206/78/2248
f 5207/81/2281 5205/79/2281 5206/76/2281 5208/73/2281
f 5204/82/2266 5207/85/2266 5208/84/2266 5203/83/2266
f 5202/86/5 5203/89/5 5208/88/5 5206/87/5
f 5205/90/6 5207/93/6 5204/92/6 5201/91/6
f 5209/1/2282 5212/4/2283 5211/3/2283 5210/2/2283
f 5210/2/2283 5214/6/2284 5213/5/2284 5209/1/2282
f 5215/7/2284 5218/10/2285 5217/9/2285 5216/8/2285
f 5218/10/2285 5215/7/2284 5220/12/2284 5219/11/2284
f 5212/4/2283 5209/1/2282 5218/10/2283 5219/11/2283
f 5217/13/2286 5169/16/2286 5168/15/2286 5216/14/2286
f 5171/17/2287 5168/20/2289 5169/19/2288 5170/18/2288
f 5168/20/2289 5171/17/2287 5172/22/2287 5167/21/2287
f 5172/14/2290 5220/15/2290 5215/30/2290 5167/29/2290
f 5166/31/5 5214/34/5 5210/33/5 5162/32/5
f 5168/35/6 5167/38/6 5215/37/6 5216/36/6
f 5212/39/2290 5219/42/2290 5171/41/2290 5164/40/2290
f 5210/43/2290 5211/46/2290 5163/45/2290 5162/44/2290
f 5164/47/6 5163/50/6 5211/49/6 5212/48/6
f 5172/51/5 5171/54/5 5219/53/5 5220/52/5
f 5161/55/2286 5170/16/2286 5218/13/2286 5209/56/2286
f 5166/46/2286 5165/58/2286 5213/57/2286 5214/45/2286
f 5165/50/6 5161/60/6 5209/59/6 5213/49/6
f 5170/61/5 5169/64/5 5217/63/5 5218/62/5
f 5221/3/2291 5224/4/2291 5223/1/2282 5222/2/2292
f 5225/6/2282 5222/2/2292 5223/1/2282 5226/5/2282
f 5227/9/2284 5230/10/2282 5229/11/2293 5228/8/2285
f 5231/7/2293 5228/8/2285 5229/11/2293 5232/12/2293
f 5229/11/2293 5230/10/2282 5223/1/2283 5224/4/2283
f 5180/15/2294 5179/16/2294 5227/13/2294 5228/14/2294
f 5178/28/2288 5175/23/2288 5176/24/2287 5177/27/2288
f 5174/26/2295 5177/27/2288 5176/24/2287 5173/25/2295
f 5231/30/2296 5232/15/2296 5184/14/2296 5183/29/2296
f 5222/33/5 5225/34/5 5177/31/5 5174/32/5
f 5231/37/6 5183/38/6 5180/35/6 5228/36/6
f 5181/41/2286 5229/42/2286 5224/39/2286 5176/40/2286
f 5173/45/2286 5221/46/2286 5222/43/2286 5174/44/2286
f 5221/49/6 5173/50/6 5176/47/6 5224/48/6
f 5229/53/5 5181/54/5 5184/51/5 5232/52/5
f 5230/13/2290 5182/16/2290 5175/55/2290 5223/56/2290
f 5226/57/2290 5178/58/2290 5177/46/2290 5225/45/2290
f 5223/59/6 5175/60/6 5178/50/6 5226/49/6
f 5227/63/5 5179/64/5 5182/61/5 5230/62/5
f 5233/65/2297 5236/68/2297 5235/67/2297 5234/66/2297
f 5237/65/2253 5233/68/2253 5234/67/2253 5238/66/2253
f 5239/65/2298 5237/68/2298 5238/67/2298 5240/66/2298
f 5236/65/2251 5239/68/2251 5240/67/2251 5235/66/2251
f 5234/69/5 5235/72/5 5240/71/5 5238/70/5
f 5241/67/2299 5244/68/2299 5243/65/2299 5242/66/2299
f 5242/67/2241 5243/68/2241 5246/65/2241 5245/66/2241
f 5245/67/2300 5246/68/2300 5248/65/2300 5247/66/2300
f 5247/67/2248 5248/68/2248 5244/65/2248 5241/66/2248
f 5247/71/5 5241/72/5 5242/69/5 5245/70/5
f 5249/73/2301 5252/76/2301 5251/75/2301 5250/74/2301
f 5253/77/2302 5249/80/2302 5250/79/2302 5254/78/2302
f 5255/81/2303 5253/79/2303 5254/76/2303 5256/73/2303
f 5252/82/2304 5255/85/2304 5256/84/2304 5251/83/2304
f 5250/86/5 5251/89/5 5256/88/5 5254/87/5
f 5253/90/6 5255/93/6 5252/92/6 5249/91/6
f 5257/1/2305 5260/4/2306 5259/3/2307 5258/2/2306
f 5258/2/2306 5262/6/2305 5261/5/2305 5257/1/2305
f 5263/7/2305 5266/10/2305 5265/9/2305 5264/8/2305
f 5266/10/2305 5263/7/2305 5268/12/2305 5267/11/2305
f 5260/4/2306 5257/1/2305 5266/10/2305 5267/11/2305
f 5265/13/2308 5217/16/2308 5216/15/2308 5264/14/2308
f 5219/17/2309 5216/20/2311 5217/19/2310 5218/18/2310
f 5216/20/2311 5219/17/2309 5220/22/2309 5215/21/2309
f 5220/14/2312 5268/15/2312 5263/30/2312 5215/29/2312
f 5214/31/5 5262/34/5 5258/33/5 5210/32/5
f 5216/35/6 5215/38/6 5263/37/6 5264/36/6
f 5260/39/2312 5267/42/2312 5219/41/2312 5212/40/2312
f 5258/43/2312 5259/46/2312 5211/45/2312 5210/44/2312
f 5212/47/6 5211/50/6 5259/49/6 5260/48/6
f 5220/51/5 5219/54/5 5267/53/5 5268/52/5
f 5209/55/2308 5218/16/2308 5266/13/2308 5257/56/2308
f 5214/46/2308 5213/58/2308 5261/57/2308 5262/45/2308
f 5213/50/6 5209/60/6 5257/59/6 5261/49/6
f 5218/61/5 5217/64/5 5265/63/5 5266/62/5
f 5269/3/2306 5272/4/2306 5271/1/2305 5270/2/2306
f 5273/6/2305 5270/2/2306 5271/1/2305 5274/5/2305
f 5275/9/2305 5278/10/2305 5277/11/2305 5276/8/2305
f 5279/7/2313 5276/8/2305 5277/11/2305 5280/12/2313
f 5277/11/2305 5278/10/2305 5271/1/2314 5272/4/2314
f 5228/15/2315 5227/16/2315 5275/13/2315 5276/14/2315
f 5226/28/2316 5223/23/2316 5224/24/2318 5225/27/2317
f 5222/26/2318 5225/27/2317 5224/24/2318 5221/25/2318
f 5279/30/2319 5280/15/2319 5232/14/2319 5231/29/2319
f 5270/33/5 5273/34/5 5225/31/5 5222/32/5
f 5279/37/6 5231/38/6 5228/35/6 5276/36/6
f 5229/41/2320 5277/42/2320 5272/39/2320 5224/40/2320
f 5221/45/2320 5269/46/2320 5270/43/2320 5222/44/2320
f 5269/49/6 5221/50/6 5224/47/6 5272/48/6
f 5277/53/5 5229/54/5 5232/51/5 5280/52/5
f 5278/13/2315 5230/16/2315 5223/55/2315 5271/56/2315
f 5274/57/2315 5226/58/2315 5225/46/2315 5273/45/2315
f 5271/59/6 5223/60/6 5226/50/6 5274/49/6
f 5275/63/5 5227/64/5 5230/61/5 5278/62/5
f 5281/65/2321 5284/68/2321 5283/67/2321 5282/66/2321
f 5285/65/2322 5281/68/2322 5282/67/2322 5286/66/2322
f 5287/65/2323 5285/68/2323 5286/67/2323 5288/66/2323
f 5284/65/2312 5287/68/2312 5288/67/2312 5283/66/2312
f 5282/69/5 5283/72/5 5288/71/5 5286/70/5
f 5289/67/2321 5292/68/2321 5291/65/2321 5290/66/2321
f 5290/67/2312 5291/68/2312 5294/65/2312 5293/66/2312
f 5293/67/2324 5294/68/2324 5296/65/2324 5295/66/2324
f 5295/67/2308 5296/68/2308 5292/65/2308 5289/66/2308
f 5295/71/5 5289/72/5 5290/69/5 5293/70/5
f 5297/73/2325 5300/76/2325 5299/75/2325 5298/74/2325
f 5301/77/2308 5297/80/2308 5298/79/2308 5302/78/2308
f 5303/81/2326 5301/79/2326 5302/76/2326 5304/73/2326
f 5300/82/2315 5303/85/2315 5304/84/2315 5299/83/2315
f 5298/86/5 5299/89/5 5304/88/5 5302/87/5
f 5301/90/6 5303/93/6 5300/92/6 5297/91/6
f 5305/1/2327 5308/4/2329 5307/3/2328 5306/2/2328
f 5306/2/2328 5310/6/2327 5309/5/2327 5305/1/2327
f 5311/7/2327 5314/10/2330 5313/9/2330 5312/8/2330
f 5314/10/2330 5311/7/2327 5316/12/2331 5315/11/2331
f 5308/4/2329 5305/1/2327 5314/10/2332 5315/11/2332
f 5313/13/2320 5265/16/2320 5264/15/2320 5312/14/2320
f 5267/17/2333 5264/20/2333 5265/19/2333 5266/18/2333
f 5264/20/2333 5267/17/2333 5268/22/2333 5263/21/2333
f 5268/14/2315 5316/15/2315 5311/30/2315 5263/29/2315
f 5262/31/5 5310/34/5 5306/33/5 5258/32/5
f 5264/35/6 5263/38/6 5311/37/6 5312/36/6
f 5308/39/2315 5315/42/2315 5267/41/2315 5260/40/2315
f 5306/43/2315 5307/46/2315 5259/45/2315 5258/44/2315
f 5260/47/6 5259/50/6 5307/49/6 5308/48/6
f 5268/51/5 5267/54/5 5315/53/5 5316/52/5
f 5257/55/2320 5266/16/2320 5314/13/2320 5305/56/2320
f 5262/46/2320 5261/58/2320 5309/57/2320 5310/45/2320
f 5261/50/6 5257/60/6 5305/59/6 5309/49/6
f 5266/61/5 5265/64/5 5313/63/5 5314/62/5
f 5317/3/2327 5320/4/2327 5319/1/2329 5318/2/2327
f 5321/6/2334 5318/2/2327 5319/1/2329 5322/5/2334
f 5323/9/2335 5326/10/2332 5325/11/2327 5324/8/2336
f 5327/7/2337 5324/8/2336 5325/11/2327 5328/12/2337
f 5325/11/2327 5326/10/2332 5319/1/2338 5320/4/2338
f 5276/15/2312 5275/16/2312 5323/13/2312 5324/14/2312
f 5274/28/2339 5271/23/2339 5272/24/2340 5273/27/2339
f 5270/26/2341 5273/27/2339 5272/24/2340 5269/25/2341
f 5327/30/2308 5328/15/2308 5280/14/2308 5279/29/2308
f 5318/33/5 5321/34/5 5273/31/5 5270/32/5
f 5327/37/6 5279/38/6 5276/35/6 5324/36/6
f 5277/41/2308 5325/42/2308 5320/39/2308 5272/40/2308
f 5269/45/2308 5317/46/2308 5318/43/2308 5270/44/2308
f 5317/49/6 5269/50/6 5272/47/6 5320/48/6
f 5325/53/5 5277/54/5 5280/51/5 5328/52/5
f 5326/13/2312 5278/16/2312 5271/55/2312 5319/56/2312
f 5322/57/2312 5274/58/2312 5273/46/2312 5321/45/2312
f 5319/59/6 5271/60/6 5274/50/6 5322/49/6
f 5323/63/5 5275/64/5 5278/61/5 5326/62/5
f 5329/65/2342 5332/68/2342 5331/67/2342 5330/66/2342
f 5333/65/2308 5329/68/2308 5330/67/2308 5334/66/2308
f 5335/65/2343 5333/68/2343 5334/67/2343 5336/66/2343
f 5332/65/2344 5335/68/2344 5336/67/2344 5331/66/2344
f 5330/69/5 5331/72/5 5336/71/5 5334/70/5
f 5337/67/2345 5340/68/2345 5339/65/2345 5338/66/2345
f 5338/67/2346 5339/68/2346 5342/65/2346 5341/66/2346
f 5341/67/2343 5342/68/2343 5344/65/2343 5343/66/2343
f 5343/67/2347 5344/68/2347 5340/65/2347 5337/66/2347
f 5343/71/5 5337/72/5 5338/69/5 5341/70/5
f 5345/73/2348 5348/76/2348 5347/75/2348 5346/74/2348
f 5349/77/2320 5345/80/2320 5346/79/2320 5350/78/2320
f 5351/81/2349 5349/79/2349 5350/76/2349 5352/73/2349
f 5348/82/2312 5351/85/2312 5352/84/2312 5347/83/2312
f 5346/86/5 5347/89/5 5352/88/5 5350/87/5
f 5349/90/6 5351/93/6 5348/92/6 5345/91/6
f 5353/1/2350 5356/4/2353 5355/3/2352 5354/2/2351
f 5354/2/2351 5358/6/2354 5357/5/2354 5353/1/2350
f 5359/7/2354 5362/10/2351 5361/9/2351 5360/8/2351
f 5362/10/2351 5359/7/2354 5364/12/2355 5363/11/2355
f 5356/4/2353 5353/1/2350 5362/10/2356 5363/11/2356
f 5361/13/2357 5313/16/2357 5312/15/2357 5360/14/2357
f 5315/17/2358 5312/20/2359 5313/19/2358 5314/18/2358
f 5312/20/2359 5315/17/2358 5316/22/2358 5311/21/2358
f 5316/14/2360 5364/15/2360 5359/30/2360 5311/29/2360
f 5310/31/5 5358/34/5 5354/33/5 5306/32/5
f 5312/35/6 5311/38/6 5359/37/6 5360/36/6
f 5356/39/2360 5363/42/2360 5315/41/2360 5308/40/2360
f 5354/43/2360 5355/46/2360 5307/45/2360 5306/44/2360
f 5308/47/6 5307/50/6 5355/49/6 5356/48/6
f 5316/51/5 5315/54/5 5363/53/5 5364/52/5
f 5305/55/2357 5314/16/2357 5362/13/2357 5353/56/2357
f 5310/46/2357 5309/58/2357 5357/57/2357 5358/45/2357
f 5309/50/6 5305/60/6 5353/59/6 5357/49/6
f 5314/61/5 5313/64/5 5361/63/5 5362/62/5
f 5365/3/2350 5368/4/2350 5367/1/2354 5366/2/2350
f 5369/6/2354 5366/2/2350 5367/1/2354 5370/5/2354
f 5371/9/2351 5374/10/2351 5373/11/2350 5372/8/2351
f 5375/7/2350 5372/8/2351 5373/11/2350 5376/12/2350
f 5373/11/2350 5374/10/2351 5367/1/2350 5368/4/2350
f 5324/15/2360 5323/16/2360 5371/13/2360 5372/14/2360
f 5322/28/2361 5319/23/2361 5320/24/2362 5321/27/2361
f 5318/26/2362 5321/27/2361 5320/24/2362 5317/25/2362
f 5375/30/2363 5376/15/2363 5328/14/2363 5327/29/2363
f 5366/33/5 5369/34/5 5321/31/5 5318/32/5
f 5375/37/6 5327/38/6 5324/35/6 5372/36/6
f 5325/41/2357 5373/42/2357 5368/39/2357 5320/40/2357
f 5317/45/2357 5365/46/2357 5366/43/2357 5318/44/2357
f 5365/49/6 5317/50/6 5320/47/6 5368/48/6
f 5373/53/5 5325/54/5 5328/51/5 5376/52/5
f 5374/13/2360 5326/16/2360 5319/55/2360 5367/56/2360
f 5370/57/2360 5322/58/2360 5321/46/2360 5369/45/2360
f 5367/59/6 5319/60/6 5322/50/6 5370/49/6
f 5371/63/5 5323/64/5 5326/61/5 5374/62/5
f 5377/65/2364 5380/68/2364 5379/67/2364 5378/66/2364
f 5381/65/2365 5377/68/2365 5378/67/2365 5382/66/2365
f 5383/65/2366 5381/68/2366 5382/67/2366 5384/66/2366
f 5380/65/2367 5383/68/2367 5384/67/2367 5379/66/2367
f 5378/69/5 5379/72/5 5384/71/5 5382/70/5
f 5385/67/2364 5388/68/2364 5387/65/2364 5386/66/2364
f 5386/67/2368 5387/68/2368 5390/65/2368 5389/66/2368
f 5389/67/2369 5390/68/2369 5392/65/2369 5391/66/2369
f 5391/67/2370 5392/68/2370 5388/65/2370 5385/66/2370
f 5391/71/5 5385/72/5 5386/69/5 5389/70/5
f 5393/73/2371 5396/76/2371 5395/75/2371 5394/74/2371
f 5397/77/2372 5393/80/2372 5394/79/2372 5398/78/2372
f 5399/81/2373 5397/79/2373 5398/76/2373 5400/73/2373
f 5396/82/2374 5399/85/2374 5400/84/2374 5395/83/2374
f 5394/86/5 5395/89/5 5400/88/5 5398/87/5
f 5397/90/6 5399/93/6 5396/92/6 5393/91/6
f 5401/1/2375 5404/4/2378 5403/3/2377 5402/2/2376
f 5402/2/2376 5406/6/2379 5405/5/2379 5401/1/2375
f 5407/7/2375 5410/10/2375 5409/9/2375 5408/8/2375
f 5410/10/2375 5407/7/2375 5412/12/2375 5411/11/2375
f 5404/4/2378 5401/1/2375 5410/10/2375 5411/11/2375
f 5409/13/2370 5361/16/2370 5360/15/2370 5408/14/2370
f 5363/17/2380 5360/20/2381 5361/19/2381 5362/18/2381
f 5360/20/2381 5363/17/2380 5364/22/2380 5359/21/2380
f 5364/14/2382 5412/15/2382 5407/30/2382 5359/29/2382
f 5358/31/5 5406/34/5 5402/33/5 5354/32/5
f 5360/35/6 5359/38/6 5407/37/6 5408/36/6
f 5404/39/2382 5411/42/2382 5363/41/2382 5356/40/2382
f 5402/43/2382 5403/46/2382 5355/45/2382 5354/44/2382
f 5356/47/6 5355/50/6 5403/49/6 5404/48/6
f 5364/51/5 5363/54/5 5411/53/5 5412/52/5
f 5353/55/2370 5362/16/2370 5410/13/2370 5401/56/2370
f 5358/46/2383 5357/58/2383 5405/57/2383 5406/45/2383
f 5357/50/6 5353/60/6 5401/59/6 5405/49/6
f 5362/61/5 5361/64/5 5409/63/5 5410/62/5
f 5413/3/2384 5416/4/2384 5415/1/2375 5414/2/2375
f 5417/6/2375 5414/2/2375 5415/1/2375 5418/5/2375
f 5419/9/2379 5422/10/2379 5421/11/2375 5420/8/2379
f 5423/7/2385 5420/8/2379 5421/11/2375 5424/12/2385
f 5421/11/2375 5422/10/2379 5415/1/2375 5416/4/2375
f 5372/15/2367 5371/16/2367 5419/13/2367 5420/14/2367
f 5370/28/2380 5367/23/2380 5368/24/2386 5369/27/2380
f 5366/26/2387 5369/27/2380 5368/24/2386 5365/25/2387
f 5423/30/2388 5424/15/2388 5376/14/2388 5375/29/2388
f 5414/33/5 5417/34/5 5369/31/5 5366/32/5
f 5423/37/6 5375/38/6 5372/35/6 5420/36/6
f 5373/41/2365 5421/42/2365 5416/39/2365 5368/40/2365
f 5365/45/2365 5413/46/2365 5414/43/2365 5366/44/2365
f 5413/49/6 5365/50/6 5368/47/6 5416/48/6
f 5421/53/5 5373/54/5 5376/51/5 5424/52/5
f 5422/13/2367 5374/16/2367 5367/55/2367 5415/56/2367
f 5418/57/2367 5370/58/2367 5369/46/2367 5417/45/2367
f 5415/59/6 5367/60/6 5370/50/6 5418/49/6
f 5419/63/5 5371/64/5 5374/61/5 5422/62/5
f 5425/65/2389 5428/68/2389 5427/67/2389 5426/66/2389
f 5429/65/2370 5425/68/2370 5426/67/2370 5430/66/2370
f 5431/65/2390 5429/68/2390 5430/67/2390 5432/66/2390
f 5428/65/2391 5431/68/2391 5432/67/2391 5427/66/2391
f 5426/69/5 5427/72/5 5432/71/5 5430/70/5
f 5433/67/2392 5436/68/2392 5435/65/2392 5434/66/2392
f 5434/67/2367 5435/68/2367 5438/65/2367 5437/66/2367
f 5437/67/2390 5438/68/2390 5440/65/2390 5439/66/2390
f 5439/67/2370 5440/68/2370 5436/65/2370 5433/66/2370
f 5439/71/5 5433/72/5 5434/69/5 5437/70/5
f 5441/73/2393 5444/76/2393 5443/75/2393 5442/74/2393
f 5445/77/2370 5441/80/2370 5442/79/2370 5446/78/2370
f 5447/81/2394 5445/79/2394 5446/76/2394 5448/73/2394
f 5444/82/2367 5447/85/2367 5448/84/2367 5443/83/2367
f 5442/86/5 5443/89/5 5448/88/5 5446/87/5
f 5445/90/6 5447/93/6 5444/92/6 5441/91/6
f 5449/1/2395 5452/4/2396 5451/3/2397 5450/2/2396
f 5450/2/2396 5454/6/2398 5453/5/2398 5449/1/2395
f 5455/7/2399 5458/10/2395 5457/9/2395 5456/8/2395
f 5458/10/2395 5455/7/2399 5460/12/2400 5459/11/2400
f 5452/4/2396 5449/1/2395 5458/10/2399 5459/11/2399
f 5457/13/2365 5409/16/2365 5408/15/2365 5456/14/2365
f 5411/17/2401 5408/20/2403 5409/19/2402 5410/18/2402
f 5408/20/2403 5411/17/2401 5412/22/2401 5407/21/2401
f 5412/14/2367 5460/15/2367 5455/30/2367 5407/29/2367
f 5406/31/5 5454/34/5 5450/33/5 5402/32/5
f 5408/35/6 5407/38/6 5455/37/6 5456/36/6
f 5452/39/2367 5459/42/2367 5411/41/2367 5404/40/2367
f 5450/43/2367 5451/46/2367 5403/45/2367 5402/44/2367
f 5404/47/6 5403/50/6 5451/49/6 5452/48/6
f 5412/51/5 5411/54/5 5459/53/5 5460/52/5
f 5401/55/2365 5410/16/2365 5458/13/2365 5449/56/2365
f 5406/46/2388 5405/58/2388 5453/57/2388 5454/45/2388
f 5405/50/6 5401/60/6 5449/59/6 5453/49/6
f 5410/61/5 5409/64/5 5457/63/5 5458/62/5
f 5461/3/2404 5464/4/2404 5463/1/2395 5462/2/2404
f 5465/6/2395 5462/2/2404 5463/1/2395 5466/5/2395
f 5467/9/2396 5470/10/2396 5469/11/2395 5468/8/2396
f 5471/7/2405 5468/8/2396 5469/11/2395 5472/12/2405
f 5469/11/2395 5470/10/2396 5463/1/2399 5464/4/2399
f 5420/15/2382 5419/16/2382 5467/13/2382 5468/14/2382
f 5418/28/2402 5415/23/2402 5416/24/2403 5417/27/2406
f 5414/26/2403 5417/27/2406 5416/24/2403 5413/25/2403
f 5471/30/2370 5472/15/2370 5424/14/2370 5423/29/2370
f 5462/33/5 5465/34/5 5417/31/5 5414/32/5
f 5471/37/6 5423/38/6 5420/35/6 5468/36/6
f 5421/41/2370 5469/42/2370 5464/39/2370 5416/40/2370
f 5413/45/2370 5461/46/2370 5462/43/2370 5414/44/2370
f 5461/49/6 5413/50/6 5416/47/6 5464/48/6
f 5469/53/5 5421/54/5 5424/51/5 5472/52/5
f 5470/13/2382 5422/16/2382 5415/55/2382 5463/56/2382
f 5466/57/2382 5418/58/2382 5417/46/2382 5465/45/2382
f 5463/59/6 5415/60/6 5418/50/6 5466/49/6
f 5467/63/5 5419/64/5 5422/61/5 5470/62/5
f 5473/65/2407 5476/68/2407 5475/67/2407 5474/66/2407
f 5477/65/2408 5473/68/2408 5474/67/2408 5478/66/2408
f 5479/65/2409 5477/68/2409 5478/67/2409 5480/66/2409
f 5476/65/2410 5479/68/2410 5480/67/2410 5475/66/2410
f 5474/69/5 5475/72/5 5480/71/5 5478/70/5
f 5481/67/2411 5484/68/2411 5483/65/2411 5482/66/2411
f 5482/67/2382 5483/68/2382 5486/65/2382 5485/66/2382
f 5485/67/2409 5486/68/2409 5488/65/2409 5487/66/2409
f 5487/67/2370 5488/68/2370 5484/65/2370 5481/66/2370
f 5487/71/5 5481/72/5 5482/69/5 5485/70/5
f 5489/73/2412 5492/76/2412 5491/75/2412 5490/74/2412
f 5493/77/2365 5489/80/2365 5490/79/2365 5494/78/2365
f 5495/81/2413 5493/79/2413 5494/76/2413 5496/73/2413
f 5492/82/2382 5495/85/2382 5496/84/2382 5491/83/2382
f 5490/86/5 5491/89/5 5496/88/5 5494/87/5
f 5493/90/6 5495/93/6 5492/92/6 5489/91/6
f 5497/1/2414 5500/4/2415 5499/3/2415 5498/2/2415
f 5498/2/2415 5502/6/2416 5501/5/2416 5497/1/2414
f 5503/7/2415 5506/10/2417 5505/9/2417 5504/8/2417
f 5506/10/2417 5503/7/2415 5508/12/2418 5507/11/2418
f 5500/4/2415 5497/1/2414 5506/10/2417 5507/11/2417
f 5505/13/2419 5457/16/2419 5456/15/2419 5504/14/2419
f 5459/17/2420 5456/20/2420 5457/19/2421 5458/18/2421
f 5456/20/2420 5459/17/2420 5460/22/2420 5455/21/2420
f 5460/14/2422 5508/15/2422 5503/30/2422 5455/29/2422
f 5454/31/5 5502/34/5 5498/33/5 5450/32/5
f 5456/35/6 5455/38/6 5503/37/6 5504/36/6
f 5500/39/2422 5507/42/2422 5459/41/2422 5452/40/2422
f 5498/43/2422 5499/46/2422 5451/45/2422 5450/44/2422
f 5452/47/6 5451/50/6 5499/49/6 5500/48/6
f 5460/51/5 5459/54/5 5507/53/5 5508/52/5
f 5449/55/2423 5458/16/2423 5506/13/2423 5497/56/2423
f 5454/46/2424 5453/58/2424 5501/57/2424 5502/45/2424
f 5453/50/6 5449/60/6 5497/59/6 5501/49/6
f 5458/61/5 5457/64/5 5505/63/5 5506/62/5
f 5509/3/2425 5512/4/2425 5511/1/2427 5510/2/2426
f 5513/6/2428 5510/2/2426 5511/1/2427 5514/5/2428
f 5515/9/2425 5518/10/2429 5517/11/2415 5516/8/2426
f 5519/7/2414 5516/8/2426 5517/11/2415 5520/12/2414
f 5517/11/2415 5518/10/2429 5511/1/2430 5512/4/2430
f 5468/15/2431 5467/16/2431 5515/13/2431 5516/14/2431
f 5466/28/2432 5463/23/2432 5464/24/2433 5465/27/2420
f 5462/26/2434 5465/27/2420 5464/24/2433 5461/25/2434
f 5519/30/2435 5520/15/2435 5472/14/2435 5471/29/2435
f 5510/33/5 5513/34/5 5465/31/5 5462/32/5
f 5519/37/6 5471/38/6 5468/35/6 5516/36/6
f 5469/41/2435 5517/42/2435 5512/39/2435 5464/40/2435
f 5461/45/2435 5509/46/2435 5510/43/2435 5462/44/2435
f 5509/49/6 5461/50/6 5464/47/6 5512/48/6
f 5517/53/5 5469/54/5 5472/51/5 5520/52/5
f 5518/13/2431 5470/16/2431 5463/55/2431 5511/56/2431
f 5514/57/2431 5466/58/2431 5465/46/2431 5513/45/2431
f 5511/59/6 5463/60/6 5466/50/6 5514/49/6
f 5515/63/5 5467/64/5 5470/61/5 5518/62/5
f 5521/65/2436 5524/68/2436 5523/67/2436 5522/66/2436
f 5525/65/2437 5521/68/2437 5522/67/2437 5526/66/2437
f 5527/65/2438 5525/68/2438 5526/67/2438 5528/66/2438
f 5524/65/2439 5527/68/2439 5528/67/2439 5523/66/2439
f 5522/69/5 5523/72/5 5528/71/5 5526/70/5
f 5529/67/2436 5532/68/2436 5531/65/2436 5530/66/2436
f 5530/67/2440 5531/68/2440 5534/65/2440 5533/66/2440
f 5533/67/2438 5534/68/2438 5536/65/2438 5535/66/2438
f 5535/67/2441 5536/68/2441 5532/65/2441 5529/66/2441
f 5535/71/5 5529/72/5 5530/69/5 5533/70/5
f 5537/73/2442 5540/76/2442 5539/75/2442 5538/74/2442
f 5541/77/2443 5537/80/2443 5538/79/2443 5542/78/2443
f 5543/81/2444 5541/79/2444 5542/76/2444 5544/73/2444
f 5540/82/2445 5543/85/2445 5544/84/2445 5539/83/2445
f 5538/86/5 5539/89/5 5544/88/5 5542/87/5
f 5541/90/6 5543/93/6 5540/92/6 5537/91/6
f 5545/1/2446 5548/4/2446 5547/3/2448 5546/2/2447
f 5546/2/2447 5550/6/2449 5549/5/2449 5545/1/2446
f 5551/7/2450 5554/10/2451 5553/9/2451 5552/8/2451
f 5554/10/2451 5551/7/2450 5556/12/2452 5555/11/2452
f 5548/4/2446 5545/1/2446 5554/10/2451 5555/11/2451
f 5553/13/2453 5505/16/2453 5504/15/2453 5552/14/2453
f 5507/17/2454 5504/20/2454 5505/19/2454 5506/18/2454
f 5504/20/2454 5507/17/2454 5508/22/2454 5503/21/2454
f 5508/14/2439 5556/15/2439 5551/30/2439 5503/29/2439
f 5502/31/5 5550/34/5 5546/33/5 5498/32/5
f 5504/35/6 5503/38/6 5551/37/6 5552/36/6
f 5548/39/2455 5555/42/2455 5507/41/2455 5500/40/2455
f 5546/43/2455 5547/46/2455 5499/45/2455 5498/44/2455
f 5500/47/6 5499/50/6 5547/49/6 5548/48/6
f 5508/51/5 5507/54/5 5555/53/5 5556/52/5
f 5497/55/2453 5506/16/2453 5554/13/2453 5545/56/2453
f 5502/46/2456 5501/58/2456 5549/57/2456 5550/45/2456
f 5501/50/6 5497/60/6 5545/59/6 5549/49/6
f 5506/61/5 5505/64/5 5553/63/5 5554/62/5
f 5557/3/2457 5560/4/2457 5559/1/2448 5558/2/2458
f 5561/6/2448 5558/2/2458 5559/1/2448 5562/5/2448
f 5563/9/2450 5566/10/2450 5565/11/2450 5564/8/2450
f 5567/7/2450 5564/8/2450 5565/11/2450 5568/12/2450
f 5565/11/2450 5566/10/2450 5559/1/2451 5560/4/2451
f 5516/15/2455 5515/16/2455 5563/13/2455 5564/14/2455
f 5514/28/2459 5511/23/2459 5512/24/2460 5513/27/2459
f 5510/26/2460 5513/27/2459 5512/24/2460 5509/25/2460
f 5567/30/2453 5568/15/2453 5520/14/2453 5519/29/2453
f 5558/33/5 5561/34/5 5513/31/5 5510/32/5
f 5567/37/6 5519/38/6 5516/35/6 5564/36/6
f 5517/41/2453 5565/42/2453 5560/39/2453 5512/40/2453
f 5509/45/2437 5557/46/2437 5558/43/2437 5510/44/2437
f 5557/49/6 5509/50/6 5512/47/6 5560/48/6
f 5565/53/5 5517/54/5 5520/51/5 5568/52/5
f 5566/13/2455 5518/16/2455 5511/55/2455 5559/56/2455
f 5562/57/2455 5514/58/2455 5513/46/2455 5561/45/2455
f 5559/59/6 5511/60/6 5514/50/6 5562/49/6
f 5563/63/5 5515/64/5 5518/61/5 5566/62/5
f 5569/65/2461 5572/68/2461 5571/67/2461 5570/66/2461
f 5573/65/2443 5569/68/2443 5570/67/2443 5574/66/2443
f 5575/65/2462 5573/68/2462 5574/67/2462 5576/66/2462
f 5572/65/2455 5575/68/2455 5576/67/2455 5571/66/2455
f 5570/69/5 5571/72/5 5576/71/5 5574/70/5
f 5577/67/2461 5580/68/2461 5579/65/2461 5578/66/2461
f 5578/67/2455 5579/68/2455 5582/65/2455 5581/66/2455
f 5581/67/2463 5582/68/2463 5584/65/2463 5583/66/2463
f 5583/67/2453 5584/68/2453 5580/65/2453 5577/66/2453
f 5583/71/5 5577/72/5 5578/69/5 5581/70/5
f 5585/73/2464 5588/76/2464 5587/75/2464 5586/74/2464
f 5589/77/2453 5585/80/2453 5586/79/2453 5590/78/2453
f 5591/81/2465 5589/79/2465 5590/76/2465 5592/73/2465
f 5588/82/2455 5591/85/2455 5592/84/2455 5587/83/2455
f 5586/86/5 5587/89/5 5592/88/5 5590/87/5
f 5589/90/6 5591/93/6 5588/92/6 5585/91/6
f 5593/1/2466 5596/4/2466 5595/3/2466 5594/2/2466
f 5594/2/2466 5598/6/2467 5597/5/2467 5593/1/2466
f 5599/7/2466 5602/10/2468 5601/9/2468 5600/8/2468
f 5602/10/2468 5599/7/2466 5604/12/2466 5603/11/2466
f 5596/4/2466 5593/1/2466 5602/10/2466 5603/11/2466
f 5601/13/2469 5553/16/2469 5552/15/2469 5600/14/2469
f 5555/17/2470 5552/20/2470 5553/19/2470 5554/18/2470
f 5552/20/2470 5555/17/2470 5556/22/2470 5551/21/2470
f 5556/14/2471 5604/15/2471 5599/30/2471 5551/29/2471
f 5550/31/5 5598/34/5 5594/33/5 5546/32/5
f 5552/35/6 5551/38/6 5599/37/6 5600/36/6
f 5596/39/2471 5603/42/2471 5555/41/2471 5548/40/2471
f 5594/43/2471 5595/46/2471 5547/45/2471 5546/44/2471
f 5548/47/6 5547/50/6 5595/49/6 5596/48/6
f 5556/51/5 5555/54/5 5603/53/5 5604/52/5
f 5545/55/2469 5554/16/2469 5602/13/2469 5593/56/2469
f 5550/46/2469 5549/58/2469 5597/57/2469 5598/45/2469
f 5549/50/6 5545/60/6 5593/59/6 5597/49/6
f 5554/61/5 5553/64/5 5601/63/5 5602/62/5
f 5605/3/2466 5608/4/2466 5607/1/2472 5606/2/2466
f 5609/6/2472 5606/2/2466 5607/1/2472 5610/5/2472
f 5611/9/2472 5614/10/2472 5613/11/2472 5612/8/2472
f 5615/7/2472 5612/8/2472 5613/11/2472 5616/12/2472
f 5613/11/2472 5614/10/2472 5607/1/2466 5608/4/2466
f 5564/15/2473 5563/16/2473 5611/13/2473 5612/14/2473
f 5562/28/2474 5559/23/2474 5560/24/2475 5561/27/2474
f 5558/26/2475 5561/27/2474 5560/24/2475 5557/25/2475
f 5615/30/2476 5616/15/2476 5568/14/2476 5567/29/2476
f 5606/33/5 5609/34/5 5561/31/5 5558/32/5
f 5615/37/6 5567/38/6 5564/35/6 5612/36/6
f 5565/41/2476 5613/42/2476 5608/39/2476 5560/40/2476
f 5557/45/2476 5605/46/2476 5606/43/2476 5558/44/2476
f 5605/49/6 5557/50/6 5560/47/6 5608/48/6
f 5613/53/5 5565/54/5 5568/51/5 5616/52/5
f 5614/13/2477 5566/16/2477 5559/55/2477 5607/56/2477
f 5610/57/2477 5562/58/2477 5561/46/2477 5609/45/2477
f 5607/59/6 5559/60/6 5562/50/6 5610/49/6
f 5611/63/5 5563/64/5 5566/61/5 5614/62/5
f 5617/65/2478 5620/68/2478 5619/67/2478 5618/66/2478
f 5621/65/2443 5617/68/2443 5618/67/2443 5622/66/2443
f 5623/65/2479 5621/68/2479 5622/67/2479 5624/66/2479
f 5620/65/2440 5623/68/2440 5624/67/2440 5619/66/2440
f 5618/69/5 5619/72/5 5624/71/5 5622/70/5
f 5625/67/2478 5628/68/2478 5627/65/2478 5626/66/2478
f 5626/67/2445 5627/68/2445 5630/65/2445 5629/66/2445
f 5629/67/2480 5630/68/2480 5632/65/2480 5631/66/2480
f 5631/67/2437 5632/68/2437 5628/65/2437 5625/66/2437
f 5631/71/5 5625/72/5 5626/69/5 5629/70/5
f 5633/73/2481 5636/76/2481 5635/75/2481 5634/74/2481
f 5637/77/2482 5633/80/2482 5634/79/2482 5638/78/2482
f 5639/81/2483 5637/79/2483 5638/76/2483 5640/73/2483
f 5636/82/2440 5639/85/2440 5640/84/2440 5635/83/2440
f 5634/86/5 5635/89/5 5640/88/5 5638/87/5
f 5637/90/6 5639/93/6 5636/92/6 5633/91/6
f 5641/1/2484 5644/4/2485 5643/3/2485 5642/2/2485
f 5642/2/2485 5646/6/2486 5645/5/2486 5641/1/2484
f 5647/7/2487 5650/10/2487 5649/9/2487 5648/8/2487
f 5650/10/2487 5647/7/2487 5652/12/2484 5651/11/2484
f 5644/4/2485 5641/1/2484 5650/10/2488 5651/11/2488
f 5649/13/2489 5601/16/2489 5600/15/2489 5648/14/2489
f 5603/17/2490 5600/20/2491 5601/19/2491 5602/18/2491
f 5600/20/2491 5603/17/2490 5604/22/2490 5599/21/2490
f 5604/14/2492 5652/15/2492 5647/30/2492 5599/29/2492
f 5598/31/5 5646/34/5 5642/33/5 5594/32/5
f 5600/35/6 5599/38/6 5647/37/6 5648/36/6
f 5644/39/2492 5651/42/2492 5603/41/2492 5596/40/2492
f 5642/43/2492 5643/46/2492 5595/45/2492 5594/44/2492
f 5596/47/6 5595/50/6 5643/49/6 5644/48/6
f 5604/51/5 5603/54/5 5651/53/5 5652/52/5
f 5593/55/2489 5602/16/2489 5650/13/2489 5641/56/2489
f 5598/46/2489 5597/58/2489 5645/57/2489 5646/45/2489
f 5597/50/6 5593/60/6 5641/59/6 5645/49/6
f 5602/61/5 5601/64/5 5649/63/5 5650/62/5
f 5653/3/2488 5656/4/2488 5655/1/2493 5654/2/2488
f 5657/6/2493 5654/2/2488 5655/1/2493 5658/5/2493
f 5659/9/2494 5662/10/2495 5661/11/2484 5660/8/2495
f 5663/7/2484 5660/8/2495 5661/11/2484 5664/12/2484
f 5661/11/2484 5662/10/2495 5655/1/2496 5656/4/2496
f 5612/15/2497 5611/16/2497 5659/13/2497 5660/14/2497
f 5610/28/2491 5607/23/2491 5608/24/2498 5609/27/2491
f 5606/26/2498 5609/27/2491 5608/24/2498 5605/25/2498
f 5663/30/2499 5664/15/2499 5616/14/2499 5615/29/2499
f 5654/33/5 5657/34/5 5609/31/5 5606/32/5
f 5663/37/6 5615/38/6 5612/35/6 5660/36/6
f 5613/41/2499 5661/42/2499 5656/39/2499 5608/40/2499
f 5605/45/2499 5653/46/2499 5654/43/2499 5606/44/2499
f 5653/49/6 5605/50/6 5608/47/6 5656/48/6
f 5661/53/5 5613/54/5 5616/51/5 5664/52/5
f 5662/13/2500 5614/16/2500 5607/55/2500 5655/56/2500
f 5658/57/2500 5610/58/2500 5609/46/2500 5657/45/2500
f 5655/59/6 5607/60/6 5610/50/6 5658/49/6
f 5659/63/5 5611/64/5 5614/61/5 5662/62/5
f 5665/65/2501 5668/68/2501 5667/67/2501 5666/66/2501
f 5669/65/2502 5665/68/2502 5666/67/2502 5670/66/2502
f 5671/65/2503 5669/68/2503 5670/67/2503 5672/66/2503
f 5668/65/2500 5671/68/2500 5672/67/2500 5667/66/2500
f 5666/69/5 5667/72/5 5672/71/5 5670/70/5
f 5673/67/2501 5676/68/2501 5675/65/2501 5674/66/2501
f 5674/67/2504 5675/68/2504 5678/65/2504 5677/66/2504
f 5677/67/2505 5678/68/2505 5680/65/2505 5679/66/2505
f 5679/67/2489 5680/68/2489 5676/65/2489 5673/66/2489
f 5679/71/5 5673/72/5 5674/69/5 5677/70/5
f 5681/73/2506 5684/76/2506 5683/75/2506 5682/74/2506
f 5685/77/2489 5681/80/2489 5682/79/2489 5686/78/2489
f 5687/81/2507 5685/79/2507 5686/76/2507 5688/73/2507
f 5684/82/2500 5687/85/2500 5688/84/2500 5683/83/2500
f 5682/86/5 5683/89/5 5688/88/5 5686/87/5
f 5685/90/6 5687/93/6 5684/92/6 5681/91/6
f 5689/1/2508 5692/4/2509 5691/3/2509 5690/2/2508
f 5690/2/2508 5694/6/2510 5693/5/2510 5689/1/2508
f 5695/7/2511 5698/10/2511 5697/9/2511 5696/8/2511
f 5698/10/2511 5695/7/2511 5700/12/2511 5699/11/2511
f 5692/4/2509 5689/1/2508 5698/10/2512 5699/11/2512
f 5697/13/2502 5649/16/2502 5648/15/2502 5696/14/2502
f 5651/17/2513 5648/20/2514 5649/19/2514 5650/18/2514
f 5648/20/2514 5651/17/2513 5652/22/2513 5647/21/2513
f 5652/14/2515 5700/15/2515 5695/30/2515 5647/29/2515
f 5646/31/5 5694/34/5 5690/33/5 5642/32/5
f 5648/35/6 5647/38/6 5695/37/6 5696/36/6
f 5692/39/2515 5699/42/2515 5651/41/2515 5644/40/2515
f 5690/43/2515 5691/46/2515 5643/45/2515 5642/44/2515
f 5644/47/6 5643/50/6 5691/49/6 5692/48/6
f 5652/51/5 5651/54/5 5699/53/5 5700/52/5
f 5641/55/2502 5650/16/2502 5698/13/2502 5689/56/2502
f 5646/46/2502 5645/58/2502 5693/57/2502 5694/45/2502
f 5645/50/6 5641/60/6 5689/59/6 5693/49/6
f 5650/61/5 5649/64/5 5697/63/5 5698/62/5
f 5701/3/2516 5704/4/2516 5703/1/2511 5702/2/2516
f 5705/6/2511 5702/2/2516 5703/1/2511 5706/5/2511
f 5707/9/2517 5710/10/2511 5709/11/2511 5708/8/2517
f 5711/7/2511 5708/8/2517 5709/11/2511 5712/12/2511
f 5709/11/2511 5710/10/2511 5703/1/2516 5704/4/2516
f 5660/15/2515 5659/16/2515 5707/13/2515 5708/14/2515
f 5658/28/2518 5655/23/2518 5656/24/2519 5657/27/2518
f 5654/26/2519 5657/27/2518 5656/24/2519 5653/25/2519
f 5711/30/2502 5712/15/2502 5664/14/2502 5663/29/2502
f 5702/33/5 5705/34/5 5657/31/5 5654/32/5
f 5711/37/6 5663/38/6 5660/35/6 5708/36/6
f 5661/41/2502 5709/42/2502 5704/39/2502 5656/40/2502
f 5653/45/2502 5701/46/2502 5702/43/2502 5654/44/2502
f 5701/49/6 5653/50/6 5656/47/6 5704/48/6
f 5709/53/5 5661/54/5 5664/51/5 5712/52/5
f 5710/13/2515 5662/16/2515 5655/55/2515 5703/56/2515
f 5706/57/2515 5658/58/2515 5657/46/2515 5705/45/2515
f 5703/59/6 5655/60/6 5658/50/6 5706/49/6
f 5707/63/5 5659/64/5 5662/61/5 5710/62/5
f 5713/65/2520 5716/68/2520 5715/67/2520 5714/66/2520
f 5717/65/2489 5713/68/2489 5714/67/2489 5718/66/2489
f 5719/65/2521 5717/68/2521 5718/67/2521 5720/66/2521
f 5716/65/2492 5719/68/2492 5720/67/2492 5715/66/2492
f 5714/69/5 5715/72/5 5720/71/5 5718/70/5
f 5721/67/2520 5724/68/2520 5723/65/2520 5722/66/2520
f 5722/67/2522 5723/68/2522 5726/65/2522 5725/66/2522
f 5725/67/2523 5726/68/2523 5728/65/2523 5727/66/2523
f 5727/67/2489 5728/68/2489 5724/65/2489 5721/66/2489
f 5727/71/5 5721/72/5 5722/69/5 5725/70/5
f 5729/73/2524 5732/76/2524 5731/75/2524 5730/74/2524
f 5733/77/2502 5729/80/2502 5730/79/2502 5734/78/2502
f 5735/81/2525 5733/79/2525 5734/76/2525 5736/73/2525
f 5732/82/2515 5735/85/2515 5736/84/2515 5731/83/2515
f 5730/86/5 5731/89/5 5736/88/5 5734/87/5
f 5733/90/6 5735/93/6 5732/92/6 5729/91/6
f 5737/1/2526 5740/4/2529 5739/3/2528 5738/2/2527
f 5738/2/2527 5742/6/2530 5741/5/2530 5737/1/2526
f 5743/7/2526 5746/10/2526 5745/9/2526 5744/8/2526
f 5746/10/2526 5743/7/2526 5748/12/2526 5747/11/2526
f 5740/4/2529 5737/1/2526 5746/10/2531 5747/11/2531
f 5745/13/2532 5697/16/2532 5696/15/2532 5744/14/2532
f 5699/17/2533 5696/20/2533 5697/19/2533 5698/18/2533
f 5696/20/2533 5699/17/2533 5700/22/2533 5695/21/2533
f 5700/14/2534 5748/15/2534 5743/30/2534 5695/29/2534
f 5694/31/5 5742/34/5 5738/33/5 5690/32/5
f 5696/35/6 5695/38/6 5743/37/6 5744/36/6
f 5740/39/2534 5747/42/2534 5699/41/2534 5692/40/2534
f 5738/43/2534 5739/46/2534 5691/45/2534 5690/44/2534
f 5692/47/6 5691/50/6 5739/49/6 5740/48/6
f 5700/51/5 5699/54/5 5747/53/5 5748/52/5
f 5689/55/2532 5698/16/2532 5746/13/2532 5737/56/2532
f 5694/46/2532 5693/58/2532 5741/57/2532 5742/45/2532
f 5693/50/6 5689/60/6 5737/59/6 5741/49/6
f 5698/61/5 5697/64/5 5745/63/5 5746/62/5
f 5749/3/2535 5752/4/2535 5751/1/2536 5750/2/2535
f 5753/6/2536 5750/2/2535 5751/1/2536 5754/5/2536
f 5755/9/2535 5758/10/2535 5757/11/2535 5756/8/2535
f 5759/7/2535 5756/8/2535 5757/11/2535 5760/12/2535
f 5757/11/2535 5758/10/2535 5751/1/2537 5752/4/2537
f 5708/15/2538 5707/16/2538 5755/13/2538 5756/14/2538
f 5706/28/2539 5703/23/2539 5704/24/2533 5705/27/2539
f 5702/26/2540 5705/27/2539 5704/24/2533 5701/25/2540
f 5759/30/2541 5760/15/2541 5712/14/2541 5711/29/2541
f 5750/33/5 5753/34/5 5705/31/5 5702/32/5
f 5759/37/6 5711/38/6 5708/35/6 5756/36/6
f 5709/41/2541 5757/42/2541 5752/39/2541 5704/40/2541
f 5701/45/2541 5749/46/2541 5750/43/2541 5702/44/2541
f 5749/49/6 5701/50/6 5704/47/6 5752/48/6
f 5757/53/5 5709/54/5 5712/51/5 5760/52/5
f 5758/13/2538 5710/16/2538 5703/55/2538 5751/56/2538
f 5754/57/2538 5706/58/2538 5705/46/2538 5753/45/2538
f 5751/59/6 5703/60/6 5706/50/6 5754/49/6
f 5755/63/5 5707/64/5 5710/61/5 5758/62/5
f 5761/65/2542 5764/68/2542 5763/67/2542 5762/66/2542
f 5765/65/2543 5761/68/2543 5762/67/2543 5766/66/2543
f 5767/65/2544 5765/68/2544 5766/67/2544 5768/66/2544
f 5764/65/2492 5767/68/2492 5768/67/2492 5763/66/2492
f 5762/69/5 5763/72/5 5768/71/5 5766/70/5
f 5769/67/2545 5772/68/2545 5771/65/2545 5770/66/2545
f 5770/67/2500 5771/68/2500 5774/65/2500 5773/66/2500
f 5773/67/2544 5774/68/2544 5776/65/2544 5775/66/2544
f 5775/67/2499 5776/68/2499 5772/65/2499 5769/66/2499
f 5775/71/5 5769/72/5 5770/69/5 5773/70/5
f 5777/73/2546 5780/76/2546 5779/75/2546 5778/74/2546
f 5781/77/2547 5777/80/2547 5778/79/2547 5782/78/2547
f 5783/81/2548 5781/79/2548 5782/76/2548 5784/73/2548
f 5780/82/2549 5783/85/2549 5784/84/2549 5779/83/2549
f 5778/86/5 5779/89/5 5784/88/5 5782/87/5
f 5781/90/6 5783/93/6 5780/92/6 5777/91/6
f 5785/1/2550 5788/4/2551 5787/3/2552 5786/2/2551
f 5786/2/2551 5790/6/2551 5789/5/2551 5785/1/2550
f 5791/7/2550 5794/10/2553 5793/9/2553 5792/8/2553
f 5794/10/2553 5791/7/2550 5796/12/2551 5795/11/2551
f 5788/4/2551 5785/1/2550 5794/10/2550 5795/11/2550
f 5793/13/2554 5745/16/2554 5744/15/2554 5792/14/2554
f 5747/17/2555 5744/20/2556 5745/19/2556 5746/18/2556
f 5744/20/2556 5747/17/2555 5748/22/2557 5743/21/2557
f 5748/14/2558 5796/15/2558 5791/30/2558 5743/29/2558
f 5742/31/5 5790/34/5 5786/33/5 5738/32/5
f 5744/35/6 5743/38/6 5791/37/6 5792/36/6
f 5788/39/2558 5795/42/2558 5747/41/2558 5740/40/2558
f 5786/43/2558 5787/46/2558 5739/45/2558 5738/44/2558
f 5740/47/6 5739/50/6 5787/49/6 5788/48/6
f 5748/51/5 5747/54/5 5795/53/5 5796/52/5
f 5737/55/2554 5746/16/2554 5794/13/2554 5785/56/2554
f 5742/46/2554 5741/58/2554 5789/57/2554 5790/45/2554
f 5741/50/6 5737/60/6 5785/59/6 5789/49/6
f 5746/61/5 5745/64/5 5793/63/5 5794/62/5
f 5797/3/2559 5800/4/2559 5799/1/2551 5798/2/2559
f 5801/6/2560 5798/2/2559 5799/1/2551 5802/5/2560
f 5803/9/2559 5806/10/2552 5805/11/2550 5804/8/2561
f 5807/7/2553 5804/8/2561 5805/11/2550 5808/12/2553
f 5805/11/2550 5806/10/2552 5799/1/2562 5800/4/2562
f 5756/15/2563 5755/16/2563 5803/13/2563 5804/14/2563
f 5754/28/2557 5751/23/2557 5752/24/2564 5753/27/2557
f 5750/26/2565 5753/27/2557 5752/24/2564 5749/25/2565
f 5807/30/2566 5808/15/2566 5760/14/2566 5759/29/2566
f 5798/33/5 5801/34/5 5753/31/5 5750/32/5
f 5807/37/6 5759/38/6 5756/35/6 5804/36/6
f 5757/41/2567 5805/42/2567 5800/39/2567 5752/40/2567
f 5749/45/2566 5797/46/2566 5798/43/2566 5750/44/2566
f 5797/49/6 5749/50/6 5752/47/6 5800/48/6
f 5805/53/5 5757/54/5 5760/51/5 5808/52/5
f 5806/13/2563 5758/16/2563 5751/55/2563 5799/56/2563
f 5802/57/2563 5754/58/2563 5753/46/2563 5801/45/2563
f 5799/59/6 5751/60/6 5754/50/6 5802/49/6
f 5803/63/5 5755/64/5 5758/61/5 5806/62/5
f 5809/65/2568 5812/68/2568 5811/67/2568 5810/66/2568
f 5813/65/2569 5809/68/2569 5810/67/2569 5814/66/2569
f 5815/65/2570 5813/68/2570 5814/67/2570 5816/66/2570
f 5812/65/2571 5815/68/2571 5816/67/2571 5811/66/2571
f 5810/69/5 5811/72/5 5816/71/5 5814/70/5
f 5817/67/2572 5820/68/2572 5819/65/2572 5818/66/2572
f 5818/67/2573 5819/68/2573 5822/65/2573 5821/66/2573
f 5821/67/2574 5822/68/2574 5824/65/2574 5823/66/2574
f 5823/67/2554 5824/68/2554 5820/65/2554 5817/66/2554
f 5823/71/5 5817/72/5 5818/69/5 5821/70/5
f 5825/73/2575 5828/76/2575 5827/75/2575 5826/74/2575
f 5829/77/2554 5825/80/2554 5826/79/2554 5830/78/2554
f 5831/81/2576 5829/79/2576 5830/76/2576 5832/73/2576
f 5828/82/2563 5831/85/2563 5832/84/2563 5827/83/2563
f 5826/86/5 5827/89/5 5832/88/5 5830/87/5
f 5829/90/6 5831/93/6 5828/92/6 5825/91/6
f 5833/1/2577 5836/4/2579 5835/3/2578 5834/2/2577
f 5834/2/2577 5838/6/2580 5837/5/2580 5833/1/2577
f 5839/7/2579 5842/10/2582 5841/9/2581 5840/8/2581
f 5842/10/2582 5839/7/2579 5844/12/2579 5843/11/2579
f 5836/4/2579 5833/1/2577 5842/10/2579 5843/11/2579
f 5841/13/2567 5793/16/2567 5792/15/2567 5840/14/2567
f 5795/17/2583 5792/20/2585 5793/19/2584 5794/18/2584
f 5792/20/2585 5795/17/2583 5796/22/2583 5791/21/2583
f 5796/14/2573 5844/15/2573 5839/30/2573 5791/29/2573
f 5790/31/5 5838/34/5 5834/33/5 5786/32/5
f 5792/35/6 5791/38/6 5839/37/6 5840/36/6
f 5836/39/2573 5843/42/2573 5795/41/2573 5788/40/2573
f 5834/43/2573 5835/46/2573 5787/45/2573 5786/44/2573
f 5788/47/6 5787/50/6 5835/49/6 5836/48/6
f 5796/51/5 5795/54/5 5843/53/5 5844/52/5
f 5785/55/2566 5794/16/2566 5842/13/2566 5833/56/2566
f 5790/46/2567 5789/58/2567 5837/57/2567 5838/45/2567
f 5789/50/6 5785/60/6 5833/59/6 5837/49/6
f 5794/61/5 5793/64/5 5841/63/5 5842/62/5
f 5845/3/2586 5848/4/2586 5847/1/2587 5846/2/2579
f 5849/6/2588 5846/2/2579 5847/1/2587 5850/5/2588
f 5851/9/2589 5854/10/2590 5853/11/2578 5852/8/2577
f 5855/7/2591 5852/8/2577 5853/11/2578 5856/12/2591
f 5853/11/2578 5854/10/2590 5847/1/2579 5848/4/2579
f 5804/15/2558 5803/16/2558 5851/13/2558 5852/14/2558
f 5802/28/2592 5799/23/2592 5800/24/2584 5801/27/2593
f 5798/26/2594 5801/27/2593 5800/24/2584 5797/25/2594
f 5855/30/2554 5856/15/2554 5808/14/2554 5807/29/2554
f 5846/33/5 5849/34/5 5801/31/5 5798/32/5
f 5855/37/6 5807/38/6 5804/35/6 5852/36/6
f 5805/41/2554 5853/42/2554 5848/39/2554 5800/40/2554
f 5797/45/2595 5845/46/2595 5846/43/2595 5798/44/2595
f 5845/49/6 5797/50/6 5800/47/6 5848/48/6
f 5853/53/5 5805/54/5 5808/51/5 5856/52/5
f 5854/13/2558 5806/16/2558 5799/55/2558 5847/56/2558
f 5850/57/2558 5802/58/2558 5801/46/2558 5849/45/2558
f 5847/59/6 5799/60/6 5802/50/6 5850/49/6
f 5851/63/5 5803/64/5 5806/61/5 5854/62/5
f 5857/65/2596 5860/68/2596 5859/67/2596 5858/66/2596
f 5861/65/2554 5857/68/2554 5858/67/2554 5862/66/2554
f 5863/65/2597 5861/68/2597 5862/67/2597 5864/66/2597
f 5860/65/2558 5863/68/2558 5864/67/2558 5859/66/2558
f 5858/69/5 5859/72/5 5864/71/5 5862/70/5
f 5865/67/2598 5868/68/2598 5867/65/2598 5866/66/2598
f 5866/67/2558 5867/68/2558 5870/65/2558 5869/66/2558
f 5869/67/2599 5870/68/2599 5872/65/2599 5871/66/2599
f 5871/67/2600 5872/68/2600 5868/65/2600 5865/66/2600
f 5871/71/5 5865/72/5 5866/69/5 5869/70/5
f 5873/73/2601 5876/76/2601 5875/75/2601 5874/74/2601
f 5877/77/2566 5873/80/2566 5874/79/2566 5878/78/2566
f 5879/81/2602 5877/79/2602 5878/76/2602 5880/73/2602
f 5876/82/2558 5879/85/2558 5880/84/2558 5875/83/2558
f 5874/86/5 5875/89/5 5880/88/5 5878/87/5
f 5877/90/6 5879/93/6 5876/92/6 5873/91/6
f 5881/1/2603 5884/4/2605 5883/3/2604 5882/2/2604
f 5882/2/2604 5886/6/2606 5885/5/2606 5881/1/2603
f 5887/7/2605 5890/10/2608 5889/9/2607 5888/8/2607
f 5890/10/2608 5887/7/2605 5892/12/2604 5891/11/2604
f 5884/4/2605 5881/1/2603 5890/10/2605 5891/11/2605
f 5889/13/2609 5841/16/2609 5840/15/2609 5888/14/2609
f 5843/17/2610 5840/20/2611 5841/19/2611 5842/18/2611
f 5840/20/2611 5843/17/2610 5844/22/2610 5839/21/2610
f 5844/14/2612 5892/15/2612 5887/30/2612 5839/29/2612
f 5838/31/5 5886/34/5 5882/33/5 5834/32/5
f 5840/35/6 5839/38/6 5887/37/6 5888/36/6
f 5884/39/2612 5891/42/2612 5843/41/2612 5836/40/2612
f 5882/43/2612 5883/46/2612 5835/45/2612 5834/44/2612
f 5836/47/6 5835/50/6 5883/49/6 5884/48/6
f 5844/51/5 5843/54/5 5891/53/5 5892/52/5
f 5833/55/2609 5842/16/2609 5890/13/2609 5881/56/2609
f 5838/46/2609 5837/58/2609 5885/57/2609 5886/45/2609
f 5837/50/6 5833/60/6 5881/59/6 5885/49/6
f 5842/61/5 5841/64/5 5889/63/5 5890/62/5
f 5893/3/2613 5896/4/2613 5895/1/2603 5894/2/2614
f 5897/6/2615 5894/2/2614 5895/1/2603 5898/5/2615
f 5899/9/2616 5902/10/2616 5901/11/2614 5900/8/2616
f 5903/7/2605 5900/8/2616 5901/11/2614 5904/12/2605
f 5901/11/2614 5902/10/2616 5895/1/2614 5896/4/2614
f 5852/15/2612 5851/16/2612 5899/13/2612 5900/14/2612
f 5850/28/2611 5847/23/2611 5848/24/2617 5849/27/2611
f 5846/26/2618 5849/27/2611 5848/24/2617 5845/25/2618
f 5903/30/2609 5904/15/2609 5856/14/2609 5855/29/2609
f 5894/33/5 5897/34/5 5849/31/5 5846/32/5
f 5903/37/6 5855/38/6 5852/35/6 5900/36/6
f 5853/41/2609 5901/42/2609 5896/39/2609 5848/40/2609
f 5845/45/2609 5893/46/2609 5894/43/2609 5846/44/2609
f 5893/49/6 5845/50/6 5848/47/6 5896/48/6
f 5901/53/5 5853/54/5 5856/51/5 5904/52/5
f 5902/13/2612 5854/16/2612 5847/55/2612 5895/56/2612
f 5898/57/2612 5850/58/2612 5849/46/2612 5897/45/2612
f 5895/59/6 5847/60/6 5850/50/6 5898/49/6
f 5899/63/5 5851/64/5 5854/61/5 5902/62/5
f 5905/65/2619 5908/68/2619 5907/67/2619 5906/66/2619
f 5909/65/2620 5905/68/2620 5906/67/2620 5910/66/2620
f 5911/65/2621 5909/68/2621 5910/67/2621 5912/66/2621
f 5908/65/2622 5911/68/2622 5912/67/2622 5907/66/2622
f 5906/69/5 5907/72/5 5912/71/5 5910/70/5
f 5913/67/2623 5916/68/2623 5915/65/2623 5914/66/2623
f 5914/67/2624 5915/68/2624 5918/65/2624 5917/66/2624
f 5917/67/2625 5918/68/2625 5920/65/2625 5919/66/2625
f 5919/67/2626 5920/68/2626 5916/65/2626 5913/66/2626
f 5919/71/5 5913/72/5 5914/69/5 5917/70/5
f 5921/73/2627 5924/76/2627 5923/75/2627 5922/74/2627
f 5925/77/2628 5921/80/2628 5922/79/2628 5926/78/2628
f 5927/81/2629 5925/79/2629 5926/76/2629 5928/73/2629
f 5924/82/2630 5927/85/2630 5928/84/2630 5923/83/2630
f 5922/86/5 5923/89/5 5928/88/5 5926/87/5
f 5925/90/6 5927/93/6 5924/92/6 5921/91/6
f 5929/1/2631 5932/4/2631 5931/3/2632 5930/2/2632
f 5930/2/2632 5934/6/2632 5933/5/2632 5929/1/2631
f 5935/7/2632 5938/10/2634 5937/9/2633 5936/8/2633
f 5938/10/2634 5935/7/2632 5940/12/2635 5939/11/2635
f 5932/4/2631 5929/1/2631 5938/10/2636 5939/11/2636
f 5937/13/2626 5889/16/2626 5888/15/2626 5936/14/2626
f 5891/17/2637 5888/20/2637 5889/19/2637 5890/18/2637
f 5888/20/2637 5891/17/2637 5892/22/2637 5887/21/2637
f 5892/14/2638 5940/15/2638 5935/30/2638 5887/29/2638
f 5886/31/5 5934/34/5 5930/33/5 5882/32/5
f 5888/35/6 5887/38/6 5935/37/6 5936/36/6
f 5932/39/2638 5939/42/2638 5891/41/2638 5884/40/2638
f 5930/43/2638 5931/46/2638 5883/45/2638 5882/44/2638
f 5884/47/6 5883/50/6 5931/49/6 5932/48/6
f 5892/51/5 5891/54/5 5939/53/5 5940/52/5
f 5881/55/2626 5890/16/2626 5938/13/2626 5929/56/2626
f 5886/46/2626 5885/58/2626 5933/57/2626 5934/45/2626
f 5885/50/6 5881/60/6 5929/59/6 5933/49/6
f 5890/61/5 5889/64/5 5937/63/5 5938/62/5
f 5941/3/2639 5944/4/2639 5943/1/2639 5942/2/2639
f 5945/6/2640 5942/2/2639 5943/1/2639 5946/5/2640
f 5947/9/2641 5950/10/2642 5949/11/2639 5948/8/2642
f 5951/7/2631 5948/8/2642 5949/11/2639 5952/12/2631
f 5949/11/2639 5950/10/2642 5943/1/2643 5944/4/2643
f 5900/15/2622 5899/16/2622 5947/13/2622 5948/14/2622
f 5898/28/2644 5895/23/2644 5896/24/2646 5897/27/2645
f 5894/26/2646 5897/27/2645 5896/24/2646 5893/25/2646
f 5951/30/2647 5952/15/2647 5904/14/2647 5903/29/2647
f 5942/33/5 5945/34/5 5897/31/5 5894/32/5
f 5951/37/6 5903/38/6 5900/35/6 5948/36/6
f 5901/41/2647 5949/42/2647 5944/39/2647 5896/40/2647
f 5893/45/2647 5941/46/2647 5942/43/2647 5894/44/2647
f 5941/49/6 5893/50/6 5896/47/6 5944/48/6
f 5949/53/5 5901/54/5 5904/51/5 5952/52/5
f 5950/13/2622 5902/16/2622 5895/55/2622 5943/56/2622
f 5946/57/2622 5898/58/2622 5897/46/2622 5945/45/2622
f 5943/59/6 5895/60/6 5898/50/6 5946/49/6
f 5947/63/5 5899/64/5 5902/61/5 5950/62/5
f 5953/65/2648 5956/68/2648 5955/67/2648 5954/66/2648
f 5957/65/2647 5953/68/2647 5954/67/2647 5958/66/2647
f 5959/65/2649 5957/68/2649 5958/67/2649 5960/66/2649
f 5956/65/2622 5959/68/2622 5960/67/2622 5955/66/2622
f 5954/69/5 5955/72/5 5960/71/5 5958/70/5
f 5961/67/2650 5964/68/2650 5963/65/2650 5962/66/2650
f 5962/67/2638 5963/68/2638 5966/65/2638 5965/66/2638
f 5965/67/2649 5966/68/2649 5968/65/2649 5967/66/2649
f 5967/67/2647 5968/68/2647 5964/65/2647 5961/66/2647
f 5967/71/5 5961/72/5 5962/69/5 5965/70/5
f 5969/73/2651 5972/76/2651 5971/75/2651 5970/74/2651
f 5973/77/2626 5969/80/2626 5970/79/2626 5974/78/2626
f 5975/81/2652 5973/79/2652 5974/76/2652 5976/73/2652
f 5972/82/2622 5975/85/2622 5976/84/2622 5971/83/2622
f 5970/86/5 5971/89/5 5976/88/5 5974/87/5
f 5973/90/6 5975/93/6 5972/92/6 5969/91/6
f 5977/1/2653 5980/4/2655 5979/3/2655 5978/2/2654
f 5978/2/2654 5982/6/2656 5981/5/2656 5977/1/2653
f 5983/7/2657 5986/10/2658 5985/9/2658 5984/8/2658
f 5986/10/2658 5983/7/2657 5988/12/2654 5987/11/2654
f 5980/4/2655 5977/1/2653 5986/10/2655 5987/11/2655
f 5985/13/2647 5937/16/2647 5936/15/2647 5984/14/2647
f 5939/17/2659 5936/20/2661 5937/19/2660 5938/18/2660
f 5936/20/2661 5939/17/2659 5940/22/2662 5935/21/2662
f 5940/14/2622 5988/15/2622 5983/30/2622 5935/29/2622
f 5934/31/5 5982/34/5 5978/33/5 5930/32/5
f 5936/35/6 5935/38/6 5983/37/6 5984/36/6
f 5980/39/2622 5987/42/2622 5939/41/2622 5932/40/2622
f 5978/43/2622 5979/46/2622 5931/45/2622 5930/44/2622
f 5932/47/6 5931/50/6 5979/49/6 5980/48/6
f 5940/51/5 5939/54/5 5987/53/5 5988/52/5
f 5929/55/2647 5938/16/2647 5986/13/2647 5977/56/2647
f 5934/46/2663 5933/58/2663 5981/57/2663 5982/45/2663
f 5933/50/6 5929/60/6 5977/59/6 5981/49/6
f 5938/61/5 5937/64/5 5985/63/5 5986/62/5
f 5989/3/2658 5992/4/2658 5991/1/2655 5990/2/2658
f 5993/6/2655 5990/2/2658 5991/1/2655 5994/5/2655
f 5995/9/2664 5998/10/2664 5997/11/2664 5996/8/2664
f 5999/7/2664 5996/8/2664 5997/11/2664 6000/12/2664
f 5997/11/2664 5998/10/2664 5991/1/2664 5992/4/2664
f 5948/15/2638 5947/16/2638 5995/13/2638 5996/14/2638
f 5946/28/2662 5943/23/2662 5944/24/2665 5945/27/2662
f 5942/26/2666 5945/27/2662 5944/24/2665 5941/25/2666
f 5999/30/2626 6000/15/2626 5952/14/2626 5951/29/2626
f 5990/33/5 5993/34/5 5945/31/5 5942/32/5
f 5999/37/6 5951/38/6 5948/35/6 5996/36/6
f 5949/41/2626 5997/42/2626 5992/39/2626 5944/40/2626
f 5941/45/2626 5989/46/2626 5990/43/2626 5942/44/2626
f 5989/49/6 5941/50/6 5944/47/6 5992/48/6
f 5997/53/5 5949/54/5 5952/51/5 6000/52/5
f 5998/13/2638 5950/16/2638 5943/55/2638 5991/56/2638
f 5994/57/2638 5946/58/2638 5945/46/2638 5993/45/2638
f 5991/59/6 5943/60/6 5946/50/6 5994/49/6
f 5995/63/5 5947/64/5 5950/61/5 5998/62/5
f 6001/65/2667 6004/68/2667 6003/67/2667 6002/66/2667
f 6005/65/2668 6001/68/2668 6002/67/2668 6006/66/2668
f 6007/65/2669 6005/68/2669 6006/67/2669 6008/66/2669
f 6004/65/2638 6007/68/2638 6008/67/2638 6003/66/2638
f 6002/69/5 6003/72/5 6008/71/5 6006/70/5
f 6009/67/2670 6012/68/2670 6011/65/2670 6010/66/2670
f 6010/67/2622 6011/68/2622 6014/65/2622 6013/66/2622
f 6013/67/2671 6014/68/2671 6016/65/2671 6015/66/2671
f 6015/67/2647 6016/68/2647 6012/65/2647 6009/66/2647
f 6015/71/5 6009/72/5 6010/69/5 6013/70/5
f 6017/73/2672 6020/76/2672 6019/75/2672 6018/74/2672
f 6021/77/2647 6017/80/2647 6018/79/2647 6022/78/2647
f 6023/81/2673 6021/79/2673 6022/76/2673 6024/73/2673
f 6020/82/2624 6023/85/2624 6024/84/2624 6019/83/2624
f 6018/86/5 6019/89/5 6024/88/5 6022/87/5
f 6021/90/6 6023/93/6 6020/92/6 6017/91/6
f 6025/1/2674 6028/4/2675 6027/3/2675 6026/2/2674
f 6026/2/2674 6030/6/2676 6029/5/2676 6025/1/2674
f 6031/7/2677 6034/10/2678 6033/9/2678 6032/8/2678
f 6034/10/2678 6031/7/2677 6036/12/2677 6035/11/2677
f 6028/4/2675 6025/1/2674 6034/10/2679 6035/11/2679
f 6033/13/2680 5985/16/2680 5984/15/2680 6032/14/2680
f 5987/17/2681 5984/20/2682 5985/19/2682 5986/18/2682
f 5984/20/2682 5987/17/2681 5988/22/2681 5983/21/2681
f 5988/14/2683 6036/15/2683 6031/30/2683 5983/29/2683
f 5982/31/5 6030/34/5 6026/33/5 5978/32/5
f 5984/35/6 5983/38/6 6031/37/6 6032/36/6
f 6028/39/2683 6035/42/2683 5987/41/2683 5980/40/2683
f 6026/43/2683 6027/46/2683 5979/45/2683 5978/44/2683
f 5980/47/6 5979/50/6 6027/49/6 6028/48/6
f 5988/51/5 5987/54/5 6035/53/5 6036/52/5
f 5977/55/2680 5986/16/2680 6034/13/2680 6025/56/2680
f 5982/46/2684 5981/58/2684 6029/57/2684 6030/45/2684
f 5981/50/6 5977/60/6 6025/59/6 6029/49/6
f 5986/61/5 5985/64/5 6033/63/5 6034/62/5
f 6037/3/2685 6040/4/2685 6039/1/2676 6038/2/2674
f 6041/6/2676 6038/2/2674 6039/1/2676 6042/5/2676
f 6043/9/2678 6046/10/2686 6045/11/2679 6044/8/2686
f 6047/7/2674 6044/8/2686 6045/11/2679 6048/12/2674
f 6045/11/2679 6046/10/2686 6039/1/2686 6040/4/2686
f 5996/15/2687 5995/16/2687 6043/13/2687 6044/14/2687
f 5994/28/2688 5991/23/2688 5992/24/2689 5993/27/2688
f 5990/26/2689 5993/27/2688 5992/24/2689 5989/25/2689
f 6047/30/2690 6048/15/2690 6000/14/2690 5999/29/2690
f 6038/33/5 6041/34/5 5993/31/5 5990/32/5
f 6047/37/6 5999/38/6 5996/35/6 6044/36/6
f 5997/41/2690 6045/42/2690 6040/39/2690 5992/40/2690
f 5989/45/2690 6037/46/2690 6038/43/2690 5990/44/2690
f 6037/49/6 5989/50/6 5992/47/6 6040/48/6
f 6045/53/5 5997/54/5 6000/51/5 6048/52/5
f 6046/13/2687 5998/16/2687 5991/55/2687 6039/56/2687
f 6042/57/2687 5994/58/2687 5993/46/2687 6041/45/2687
f 6039/59/6 5991/60/6 5994/50/6 6042/49/6
f 6043/63/5 5995/64/5 5998/61/5 6046/62/5
f 6049/65/2691 6052/68/2691 6051/67/2691 6050/66/2691
f 6053/65/2692 6049/68/2692 6050/67/2692 6054/66/2692
f 6055/65/2693 6053/68/2693 6054/67/2693 6056/66/2693
f 6052/65/2694 6055/68/2694 6056/67/2694 6051/66/2694
f 6050/69/5 6051/72/5 6056/71/5 6054/70/5
f 6057/67/2695 6060/68/2695 6059/65/2695 6058/66/2695
f 6058/67/2696 6059/68/2696 6062/65/2696 6061/66/2696
f 6061/67/2697 6062/68/2697 6064/65/2697 6063/66/2697
f 6063/67/2698 6064/68/2698 6060/65/2698 6057/66/2698
f 6063/71/5 6057/72/5 6058/69/5 6061/70/5
f 6065/73/2699 6068/76/2699 6067/75/2699 6066/74/2699
f 6069/77/2700 6065/80/2700 6066/79/2700 6070/78/2700
f 6071/81/2701 6069/79/2701 6070/76/2701 6072/73/2701
f 6068/82/2694 6071/85/2694 6072/84/2694 6067/83/2694
f 6066/86/5 6067/89/5 6072/88/5 6070/87/5
f 6069/90/6 6071/93/6 6068/92/6 6065/91/6
f 6073/1/2702 6076/4/2705 6075/3/2704 6074/2/2703
f 6074/2/2703 6078/6/2706 6077/5/2706 6073/1/2702
f 6079/7/2707 6082/10/2708 6081/9/2708 6080/8/2708
f 6082/10/2708 6079/7/2707 6084/12/2709 6083/11/2709
f 6076/4/2705 6073/1/2702 6082/10/2708 6083/11/2708
f 6081/13/2710 6033/16/2710 6032/15/2710 6080/14/2710
f 6035/17/2711 6032/20/2711 6033/19/2712 6034/18/2712
f 6032/20/2711 6035/17/2711 6036/22/2713 6031/21/2713
f 6036/14/2696 6084/15/2696 6079/30/2696 6031/29/2696
f 6030/31/5 6078/34/5 6074/33/5 6026/32/5
f 6032/35/6 6031/38/6 6079/37/6 6080/36/6
f 6076/39/2696 6083/42/2696 6035/41/2696 6028/40/2696
f 6074/43/2696 6075/46/2696 6027/45/2696 6026/44/2696
f 6028/47/6 6027/50/6 6075/49/6 6076/48/6
f 6036/51/5 6035/54/5 6083/53/5 6084/52/5
f 6025/55/2710 6034/16/2710 6082/13/2710 6073/56/2710
f 6030/46/2714 6029/58/2714 6077/57/2714 6078/45/2714
f 6029/50/6 6025/60/6 6073/59/6 6077/49/6
f 6034/61/5 6033/64/5 6081/63/5 6082/62/5
f 6085/3/2708 6088/4/2708 6087/1/2702 6086/2/2708
f 6089/6/2706 6086/2/2708 6087/1/2702 6090/5/2706
f 6091/9/2715 6094/10/2707 6093/11/2708 6092/8/2707
f 6095/7/2708 6092/8/2707 6093/11/2708 6096/12/2708
f 6093/11/2708 6094/10/2707 6087/1/2708 6088/4/2708
f 6044/15/2696 6043/16/2696 6091/13/2696 6092/14/2696
f 6042/28/2716 6039/23/2716 6040/24/2718 6041/27/2717
f 6038/26/2718 6041/27/2717 6040/24/2718 6037/25/2718
f 6095/30/2710 6096/15/2710 6048/14/2710 6047/29/2710
f 6086/33/5 6089/34/5 6041/31/5 6038/32/5
f 6095/37/6 6047/38/6 6044/35/6 6092/36/6
f 6045/41/2710 6093/42/2710 6088/39/2710 6040/40/2710
f 6037/45/2710 6085/46/2710 6086/43/2710 6038/44/2710
f 6085/49/6 6037/50/6 6040/47/6 6088/48/6
f 6093/53/5 6045/54/5 6048/51/5 6096/52/5
f 6094/13/2696 6046/16/2696 6039/55/2696 6087/56/2696
f 6090/57/2696 6042/58/2696 6041/46/2696 6089/45/2696
f 6087/59/6 6039/60/6 6042/50/6 6090/49/6
f 6091/63/5 6043/64/5 6046/61/5 6094/62/5
f 6097/65/2719 6100/68/2719 6099/67/2719 6098/66/2719
f 6101/65/2710 6097/68/2710 6098/67/2710 6102/66/2710
f 6103/65/2720 6101/68/2720 6102/67/2720 6104/66/2720
f 6100/65/2721 6103/68/2721 6104/67/2721 6099/66/2721
f 6098/69/5 6099/72/5 6104/71/5 6102/70/5
f 6105/67/2719 6108/68/2719 6107/65/2719 6106/66/2719
f 6106/67/2722 6107/68/2722 6110/65/2722 6109/66/2722
f 6109/67/2720 6110/68/2720 6112/65/2720 6111/66/2720
f 6111/67/2710 6112/68/2710 6108/65/2710 6105/66/2710
f 6111/71/5 6105/72/5 6106/69/5 6109/70/5
f 6113/73/2723 6116/76/2723 6115/75/2723 6114/74/2723
f 6117/77/2710 6113/80/2710 6114/79/2710 6118/78/2710
f 6119/81/2724 6117/79/2724 6118/76/2724 6120/73/2724
f 6116/82/2696 6119/85/2696 6120/84/2696 6115/83/2696
f 6114/86/5 6115/89/5 6120/88/5 6118/87/5
f 6117/90/6 6119/93/6 6116/92/6 6113/91/6
f 6121/1/2725 6124/4/2726 6123/3/2726 6122/2/2726
f 6122/2/2726 6126/6/2727 6125/5/2727 6121/1/2725
f 6127/7/2728 6130/10/2729 6129/9/2729 6128/8/2729
f 6130/10/2729 6127/7/2728 6132/12/2730 6131/11/2730
f 6124/4/2726 6121/1/2725 6130/10/2729 6131/11/2729
f 6129/13/2731 6081/16/2731 6080/15/2731 6128/14/2731
f 6083/17/2732 6080/20/2734 6081/19/2733 6082/18/2733
f 6080/20/2734 6083/17/2732 6084/22/2735 6079/21/2735
f 6084/14/2736 6132/15/2736 6127/30/2736 6079/29/2736
f 6078/31/5 6126/34/5 6122/33/5 6074/32/5
f 6080/35/6 6079/38/6 6127/37/6 6128/36/6
f 6124/39/2737 6131/42/2737 6083/41/2737 6076/40/2737
f 6122/43/2736 6123/46/2736 6075/45/2736 6074/44/2736
f 6076/47/6 6075/50/6 6123/49/6 6124/48/6
f 6084/51/5 6083/54/5 6131/53/5 6132/52/5
f 6073/55/2738 6082/16/2738 6130/13/2738 6121/56/2738
f 6078/46/2738 6077/58/2738 6125/57/2738 6126/45/2738
f 6077/50/6 6073/60/6 6121/59/6 6125/49/6
f 6082/61/5 6081/64/5 6129/63/5 6130/62/5
f 6133/3/2739 6136/4/2739 6135/1/2729 6134/2/2740
f 6137/6/2729 6134/2/2740 6135/1/2729 6138/5/2729
f 6139/9/2729 6142/10/2729 6141/11/2726 6140/8/2729
f 6143/7/2726 6140/8/2729 6141/11/2726 6144/12/2726
f 6141/11/2726 6142/10/2729 6135/1/2729 6136/4/2729
f 6092/15/2741 6091/16/2741 6139/13/2741 6140/14/2741
f 6090/28/2742 6087/23/2742 6088/24/2743 6089/27/2743
f 6086/26/2743 6089/27/2743 6088/24/2743 6085/25/2743
f 6143/30/2744 6144/15/2744 6096/14/2744 6095/29/2744
f 6134/33/5 6137/34/5 6089/31/5 6086/32/5
f 6143/37/6 6095/38/6 6092/35/6 6140/36/6
f 6093/41/2745 6141/42/2745 6136/39/2745 6088/40/2745
f 6085/45/2744 6133/46/2744 6134/43/2744 6086/44/2744
f 6133/49/6 6085/50/6 6088/47/6 6136/48/6
f 6141/53/5 6093/54/5 6096/51/5 6144/52/5
f 6142/13/2746 6094/16/2746 6087/55/2746 6135/56/2746
f 6138/57/2741 6090/58/2741 6089/46/2741 6137/45/2741
f 6135/59/6 6087/60/6 6090/50/6 6138/49/6
f 6139/63/5 6091/64/5 6094/61/5 6142/62/5
f 6145/65/2747 6148/68/2747 6147/67/2747 6146/66/2747
f 6149/65/2710 6145/68/2710 6146/67/2710 6150/66/2710
f 6151/65/2748 6149/68/2748 6150/67/2748 6152/66/2748
f 6148/65/2696 6151/68/2696 6152/67/2696 6147/66/2696
f 6146/69/5 6147/72/5 6152/71/5 6150/70/5
f 6153/67/2747 6156/68/2747 6155/65/2747 6154/66/2747
f 6154/67/2749 6155/68/2749 6158/65/2749 6157/66/2749
f 6157/67/2750 6158/68/2750 6160/65/2750 6159/66/2750
f 6159/67/2710 6160/68/2710 6156/65/2710 6153/66/2710
f 6159/71/5 6153/72/5 6154/69/5 6157/70/5
f 6161/73/2751 6164/76/2751 6163/75/2751 6162/74/2751
f 6165/77/2692 6161/80/2692 6162/79/2692 6166/78/2692
f 6167/81/2752 6165/79/2752 6166/76/2752 6168/73/2752
f 6164/82/2722 6167/85/2722 6168/84/2722 6163/83/2722
f 6162/86/5 6163/89/5 6168/88/5 6166/87/5
f 6165/90/6 6167/93/6 6164/92/6 6161/91/6
f 6169/1/2753 6172/4/2755 6171/3/2754 6170/2/2754
f 6170/2/2754 6174/6/2753 6173/5/2753 6169/1/2753
f 6175/7/2753 6178/10/2756 6177/9/2756 6176/8/2756
f 6178/10/2756 6175/7/2753 6180/12/2753 6179/11/2753
f 6172/4/2755 6169/1/2753 6178/10/2756 6179/11/2756
f 6177/13/2757 6129/16/2757 6128/15/2757 6176/14/2757
f 6131/17/2758 6128/20/2758 6129/19/2758 6130/18/2758
f 6128/20/2758 6131/17/2758 6132/22/2758 6127/21/2758
f 6132/14/2759 6180/15/2759 6175/30/2759 6127/29/2759
f 6126/31/5 6174/34/5 6170/33/5 6122/32/5
f 6128/35/6 6127/38/6 6175/37/6 6176/36/6
f 6172/39/2759 6179/42/2759 6131/41/2759 6124/40/2759
f 6170/43/2759 6171/46/2759 6123/45/2759 6122/44/2759
f 6124/47/6 6123/50/6 6171/49/6 6172/48/6
f 6132/51/5 6131/54/5 6179/53/5 6180/52/5
f 6121/55/2760 6130/16/2760 6178/13/2760 6169/56/2760
f 6126/46/2760 6125/58/2760 6173/57/2760 6174/45/2760
f 6125/50/6 6121/60/6 6169/59/6 6173/49/6
f 6130/61/5 6129/64/5 6177/63/5 6178/62/5
f 6181/3/2761 6184/4/2761 6183/1/2755 6182/2/2753
f 6185/6/2754 6182/2/2753 6183/1/2755 6186/5/2754
f 6187/9/2753 6190/10/2761 6189/11/2756 6188/8/2753
f 6191/7/2756 6188/8/2753 6189/11/2756 6192/12/2756
f 6189/11/2756 6190/10/2761 6183/1/2756 6184/4/2756
f 6140/15/2762 6139/16/2762 6187/13/2762 6188/14/2762
f 6138/28/2763 6135/23/2763 6136/24/2758 6137/27/2763
f 6134/26/2758 6137/27/2763 6136/24/2758 6133/25/2758
f 6191/30/2764 6192/15/2764 6144/14/2764 6143/29/2764
f 6182/33/5 6185/34/5 6137/31/5 6134/32/5
f 6191/37/6 6143/38/6 6140/35/6 6188/36/6
f 6141/41/2764 6189/42/2764 6184/39/2764 6136/40/2764
f 6133/45/2764 6181/46/2764 6182/43/2764 6134/44/2764
f 6181/49/6 6133/50/6 6136/47/6 6184/48/6
f 6189/53/5 6141/54/5 6144/51/5 6192/52/5
f 6190/13/2762 6142/16/2762 6135/55/2762 6183/56/2762
f 6186/57/2762 6138/58/2762 6137/46/2762 6185/45/2762
f 6183/59/6 6135/60/6 6138/50/6 6186/49/6
f 6187/63/5 6139/64/5 6142/61/5 6190/62/5
f 6193/65/2765 6196/68/2765 6195/67/2765 6194/66/2765
f 6197/65/2766 6193/68/2766 6194/67/2766 6198/66/2766
f 6199/65/2767 6197/68/2767 6198/67/2767 6200/66/2767
f 6196/65/2768 6199/68/2768 6200/67/2768 6195/66/2768
f 6194/69/5 6195/72/5 6200/71/5 6198/70/5
f 6201/67/2769 6204/68/2769 6203/65/2769 6202/66/2769
f 6202/67/2762 6203/68/2762 6206/65/2762 6205/66/2762
f 6205/67/2767 6206/68/2767 6208/65/2767 6207/66/2767
f 6207/67/2770 6208/68/2770 6204/65/2770 6201/66/2770
f 6207/71/5 6201/72/5 6202/69/5 6205/70/5
f 6209/73/2771 6212/76/2771 6211/75/2771 6210/74/2771
f 6213/77/2760 6209/80/2760 6210/79/2760 6214/78/2760
f 6215/81/2772 6213/79/2772 6214/76/2772 6216/73/2772
f 6212/82/2762 6215/85/2762 6216/84/2762 6211/83/2762
f 6210/86/5 6211/89/5 6216/88/5 6214/87/5
f 6213/90/6 6215/93/6 6212/92/6 6209/91/6
f 6217/1/2773 6220/4/2775 6219/3/2775 6218/2/2774
f 6218/2/2774 6222/6/2775 6221/5/2775 6217/1/2773
f 6223/7/2776 6226/10/2777 6225/9/2777 6224/8/2777
f 6226/10/2777 6223/7/2776 6228/12/2776 6227/11/2776
f 6220/4/2775 6217/1/2773 6226/10/2776 6227/11/2776
f 6225/13/2764 6177/16/2764 6176/15/2764 6224/14/2764
f 6179/17/2778 6176/20/2779 6177/19/2779 6178/18/2779
f 6176/20/2779 6179/17/2778 6180/22/2778 6175/21/2778
f 6180/14/2780 6228/15/2780 6223/30/2780 6175/29/2780
f 6174/31/5 6222/34/5 6218/33/5 6170/32/5
f 6176/35/6 6175/38/6 6223/37/6 6224/36/6
f 6220/39/2762 6227/42/2762 6179/41/2762 6172/40/2762
f 6218/43/2780 6219/46/2780 6171/45/2780 6170/44/2780
f 6172/47/6 6171/50/6 6219/49/6 6220/48/6
f 6180/51/5 6179/54/5 6227/53/5 6228/52/5
f 6169/55/2764 6178/16/2764 6226/13/2764 6217/56/2764
f 6174/46/2764 6173/58/2764 6221/57/2764 6222/45/2764
f 6173/50/6 6169/60/6 6217/59/6 6221/49/6
f 6178/61/5 6177/64/5 6225/63/5 6226/62/5
f 6229/3/2773 6232/4/2773 6231/1/2781 6230/2/2773
f 6233/6/2781 6230/2/2773 6231/1/2781 6234/5/2781
f 6235/9/2782 6238/10/2782 6237/11/2777 6236/8/2783
f 6239/7/2777 6236/8/2783 6237/11/2777 6240/12/2777
f 6237/11/2777 6238/10/2782 6231/1/2784 6232/4/2784
f 6188/15/2759 6187/16/2759 6235/13/2759 6236/14/2759
f 6186/28/2785 6183/23/2785 6184/24/2787 6185/27/2786
f 6182/26/2788 6185/27/2786 6184/24/2787 6181/25/2788
f 6239/30/2760 6240/15/2760 6192/14/2760 6191/29/2760
f 6230/33/5 6233/34/5 6185/31/5 6182/32/5
f 6239/37/6 6191/38/6 6188/35/6 6236/36/6
f 6189/41/2760 6237/42/2760 6232/39/2760 6184/40/2760
f 6181/45/2760 6229/46/2760 6230/43/2760 6182/44/2760
f 6229/49/6 6181/50/6 6184/47/6 6232/48/6
f 6237/53/5 6189/54/5 6192/51/5 6240/52/5
f 6238/13/2759 6190/16/2759 6183/55/2759 6231/56/2759
f 6234/57/2759 6186/58/2759 6185/46/2759 6233/45/2759
f 6231/59/6 6183/60/6 6186/50/6 6234/49/6
f 6235/63/5 6187/64/5 6190/61/5 6238/62/5
f 6241/65/2789 6244/68/2789 6243/67/2789 6242/66/2789
f 6245/65/2760 6241/68/2760 6242/67/2760 6246/66/2760
f 6247/65/2790 6245/68/2790 6246/67/2790 6248/66/2790
f 6244/65/2759 6247/68/2759 6248/67/2759 6243/66/2759
f 6242/69/5 6243/72/5 6248/71/5 6246/70/5
f 6249/67/2791 6252/68/2791 6251/65/2791 6250/66/2791
f 6250/67/2762 6251/68/2762 6254/65/2762 6253/66/2762
f 6253/67/2790 6254/68/2790 6256/65/2790 6255/66/2790
f 6255/67/2760 6256/68/2760 6252/65/2760 6249/66/2760
f 6255/71/5 6249/72/5 6250/69/5 6253/70/5
f 6257/73/2792 6260/76/2792 6259/75/2792 6258/74/2792
f 6261/77/2764 6257/80/2764 6258/79/2764 6262/78/2764
f 6263/81/2793 6261/79/2793 6262/76/2793 6264/73/2793
f 6260/82/2759 6263/85/2759 6264/84/2759 6259/83/2759
f 6258/86/5 6259/89/5 6264/88/5 6262/87/5
f 6261/90/6 6263/93/6 6260/92/6 6257/91/6
f 6265/1/2794 6268/4/2795 6267/3/2796 6266/2/2795
f 6266/2/2795 6270/6/2797 6269/5/2797 6265/1/2794
f 6271/7/2796 6274/10/2798 6273/9/2798 6272/8/2798
f 6274/10/2798 6271/7/2796 6276/12/2795 6275/11/2795
f 6268/4/2795 6265/1/2794 6274/10/2795 6275/11/2795
f 6273/13/2799 6225/16/2799 6224/15/2799 6272/14/2799
f 6227/17/2800 6224/20/2800 6225/19/2800 6226/18/2800
f 6224/20/2800 6227/17/2800 6228/22/2801 6223/21/2801
f 6228/14/2802 6276/15/2802 6271/30/2802 6223/29/2802
f 6222/31/5 6270/34/5 6266/33/5 6218/32/5
f 6224/35/6 6223/38/6 6271/37/6 6272/36/6
f 6268/39/2802 6275/42/2802 6227/41/2802 6220/40/2802
f 6266/43/2802 6267/46/2802 6219/45/2802 6218/44/2802
f 6220/47/6 6219/50/6 6267/49/6 6268/48/6
f 6228/51/5 6227/54/5 6275/53/5 6276/52/5
f 6217/55/2799 6226/16/2799 6274/13/2799 6265/56/2799
f 6222/46/2799 6221/58/2799 6269/57/2799 6270/45/2799
f 6221/50/6 6217/60/6 6265/59/6 6269/49/6
f 6226/61/5 6225/64/5 6273/63/5 6274/62/5
f 6277/3/2803 6280/4/2803 6279/1/2796 6278/2/2803
f 6281/6/2804 6278/2/2803 6279/1/2796 6282/5/2804
f 6283/9/2803 6286/10/2803 6285/11/2806 6284/8/2805
f 6287/7/2806 6284/8/2805 6285/11/2806 6288/12/2806
f 6285/11/2806 6286/10/2803 6279/1/2795 6280/4/2795
f 6236/15/2807 6235/16/2807 6283/13/2807 6284/14/2807
f 6234/28/2808 6231/23/2808 6232/24/2801 6233/27/2808
f 6230/26/2801 6233/27/2808 6232/24/2801 6229/25/2801
f 6287/30/2809 6288/15/2809 6240/14/2809 6239/29/2809
f 6278/33/5 6281/34/5 6233/31/5 6230/32/5
f 6287/37/6 6239/38/6 6236/35/6 6284/36/6
f 6237/41/2809 6285/42/2809 6280/39/2809 6232/40/2809
f 6229/45/2809 6277/46/2809 6278/43/2809 6230/44/2809
f 6277/49/6 6229/50/6 6232/47/6 6280/48/6
f 6285/53/5 6237/54/5 6240/51/5 6288/52/5
f 6286/13/2807 6238/16/2807 6231/55/2807 6279/56/2807
f 6282/57/2807 6234/58/2807 6233/46/2807 6281/45/2807
f 6279/59/6 6231/60/6 6234/50/6 6282/49/6
f 6283/63/5 6235/64/5 6238/61/5 6286/62/5
f 6289/65/2810 6292/68/2810 6291/67/2810 6290/66/2810
f 6293/65/2760 6289/68/2760 6290/67/2760 6294/66/2760
f 6295/65/2811 6293/68/2811 6294/67/2811 6296/66/2811
f 6292/65/2759 6295/68/2759 6296/67/2759 6291/66/2759
f 6290/69/5 6291/72/5 6296/71/5 6294/70/5
f 6297/67/2812 6300/68/2812 6299/65/2812 6298/66/2812
f 6298/67/2762 6299/68/2762 6302/65/2762 6301/66/2762
f 6301/67/2811 6302/68/2811 6304/65/2811 6303/66/2811
f 6303/67/2764 6304/68/2764 6300/65/2764 6297/66/2764
f 6303/71/5 6297/72/5 6298/69/5 6301/70/5
f 6305/73/2813 6308/76/2813 6307/75/2813 6306/74/2813
f 6309/77/2814 6305/80/2814 6306/79/2814 6310/78/2814
f 6311/81/2815 6309/79/2815 6310/76/2815 6312/73/2815
f 6308/82/2816 6311/85/2816 6312/84/2816 6307/83/2816
f 6306/86/5 6307/89/5 6312/88/5 6310/87/5
f 6309/90/6 6311/93/6 6308/92/6 6305/91/6
f 6313/1/2817 6316/4/2820 6315/3/2819 6314/2/2818
f 6314/2/2818 6318/6/2821 6317/5/2821 6313/1/2817
f 6319/7/2822 6322/10/2822 6321/9/2822 6320/8/2822
f 6322/10/2822 6319/7/2822 6324/12/2822 6323/11/2822
f 6316/4/2820 6313/1/2817 6322/10/2822 6323/11/2822
f 6321/13/2823 6273/16/2823 6272/15/2823 6320/14/2823
f 6275/17/2824 6272/20/2825 6273/19/2825 6274/18/2825
f 6272/20/2825 6275/17/2824 6276/22/2826 6271/21/2826
f 6276/14/2827 6324/15/2827 6319/30/2827 6271/29/2827
f 6270/31/5 6318/34/5 6314/33/5 6266/32/5
f 6272/35/6 6271/38/6 6319/37/6 6320/36/6
f 6316/39/2827 6323/42/2827 6275/41/2827 6268/40/2827
f 6314/43/2827 6315/46/2827 6267/45/2827 6266/44/2827
f 6268/47/6 6267/50/6 6315/49/6 6316/48/6
f 6276/51/5 6275/54/5 6323/53/5 6324/52/5
f 6265/55/2828 6274/16/2828 6322/13/2828 6313/56/2828
f 6270/46/2823 6269/58/2823 6317/57/2823 6318/45/2823
f 6269/50/6 6265/60/6 6313/59/6 6317/49/6
f 6274/61/5 6273/64/5 6321/63/5 6322/62/5
f 6325/3/2829 6328/4/2829 6327/1/2830 6326/2/2820
f 6329/6/2831 6326/2/2820 6327/1/2830 6330/5/2831
f 6331/9/2817 6334/10/2817 6333/11/2817 6332/8/2817
f 6335/7/2832 6332/8/2817 6333/11/2817 6336/12/2832
f 6333/11/2817 6334/10/2817 6327/1/2817 6328/4/2817
f 6284/15/2833 6283/16/2833 6331/13/2833 6332/14/2833
f 6282/28/2834 6279/23/2834 6280/24/2835 6281/27/2826
f 6278/26/2835 6281/27/2826 6280/24/2835 6277/25/2835
f 6335/30/2836 6336/15/2836 6288/14/2836 6287/29/2836
f 6326/33/5 6329/34/5 6281/31/5 6278/32/5
f 6335/37/6 6287/38/6 6284/35/6 6332/36/6
f 6285/41/2836 6333/42/2836 6328/39/2836 6280/40/2836
f 6277/45/2836 6325/46/2836 6326/43/2836 6278/44/2836
f 6325/49/6 6277/50/6 6280/47/6 6328/48/6
f 6333/53/5 6285/54/5 6288/51/5 6336/52/5
f 6334/13/2837 6286/16/2837 6279/55/2837 6327/56/2837
f 6330/57/2837 6282/58/2837 6281/46/2837 6329/45/2837
f 6327/59/6 6279/60/6 6282/50/6 6330/49/6
f 6331/63/5 6283/64/5 6286/61/5 6334/62/5
f 6337/65/2838 6340/68/2838 6339/67/2838 6338/66/2838
f 6341/65/2839 6337/68/2839 6338/67/2839 6342/66/2839
f 6343/65/2840 6341/68/2840 6342/67/2840 6344/66/2840
f 6340/65/2827 6343/68/2827 6344/67/2827 6339/66/2827
f 6338/69/5 6339/72/5 6344/71/5 6342/70/5
f 6345/67/2838 6348/68/2838 6347/65/2838 6346/66/2838
f 6346/67/2827 6347/68/2827 6350/65/2827 6349/66/2827
f 6349/67/2841 6350/68/2841 6352/65/2841 6351/66/2841
f 6351/67/2828 6352/68/2828 6348/65/2828 6345/66/2828
f 6351/71/5 6345/72/5 6346/69/5 6349/70/5
f 6353/73/2842 6356/76/2842 6355/75/2842 6354/74/2842
f 6357/77/2823 6353/80/2823 6354/79/2823 6358/78/2823
f 6359/81/2843 6357/79/2843 6358/76/2843 6360/73/2843
f 6356/82/2833 6359/85/2833 6360/84/2833 6355/83/2833
f 6354/86/5 6355/89/5 6360/88/5 6358/87/5
f 6357/90/6 6359/93/6 6356/92/6 6353/91/6
f 6361/1/2844 6364/4/2845 6363/3/2846 6362/2/2845
f 6362/2/2845 6366/6/2847 6365/5/2847 6361/1/2844
f 6367/7/2844 6370/10/2848 6369/9/2848 6368/8/2848
f 6370/10/2848 6367/7/2844 6372/12/2844 6371/11/2844
f 6364/4/2845 6361/1/2844 6370/10/2844 6371/11/2844
f 6369/13/2823 6321/16/2823 6320/15/2823 6368/14/2823
f 6323/17/2849 6320/20/2850 6321/19/2850 6322/18/2850
f 6320/20/2850 6323/17/2849 6324/22/2849 6319/21/2849
f 6324/14/2827 6372/15/2827 6367/30/2827 6319/29/2827
f 6318/31/5 6366/34/5 6362/33/5 6314/32/5
f 6320/35/6 6319/38/6 6367/37/6 6368/36/6
f 6364/39/2827 6371/42/2827 6323/41/2827 6316/40/2827
f 6362/43/2827 6363/46/2827 6315/45/2827 6314/44/2827
f 6316/47/6 6315/50/6 6363/49/6 6364/48/6
f 6324/51/5 6323/54/5 6371/53/5 6372/52/5
f 6313/55/2836 6322/16/2836 6370/13/2836 6361/56/2836
f 6318/46/2823 6317/58/2823 6365/57/2823 6366/45/2823
f 6317/50/6 6313/60/6 6361/59/6 6365/49/6
f 6322/61/5 6321/64/5 6369/63/5 6370/62/5
f 6373/3/2851 6376/4/2851 6375/1/2852 6374/2/2851
f 6377/6/2852 6374/2/2851 6375/1/2852 6378/5/2852
f 6379/9/2853 6382/10/2855 6381/11/2848 6380/8/2854
f 6383/7/2856 6380/8/2854 6381/11/2848 6384/12/2856
f 6381/11/2848 6382/10/2855 6375/1/2844 6376/4/2844
f 6332/15/2857 6331/16/2857 6379/13/2857 6380/14/2857
f 6330/28/2858 6327/23/2858 6328/24/2850 6329/27/2859
f 6326/26/2860 6329/27/2859 6328/24/2850 6325/25/2860
f 6383/30/2823 6384/15/2823 6336/14/2823 6335/29/2823
f 6374/33/5 6377/34/5 6329/31/5 6326/32/5
f 6383/37/6 6335/38/6 6332/35/6 6380/36/6
f 6333/41/2823 6381/42/2823 6376/39/2823 6328/40/2823
f 6325/45/2823 6373/46/2823 6374/43/2823 6326/44/2823
f 6373/49/6 6325/50/6 6328/47/6 6376/48/6
f 6381/53/5 6333/54/5 6336/51/5 6384/52/5
f 6382/13/2827 6334/16/2827 6327/55/2827 6375/56/2827
f 6378/57/2827 6330/58/2827 6329/46/2827 6377/45/2827
f 6375/59/6 6327/60/6 6330/50/6 6378/49/6
f 6379/63/5 6331/64/5 6334/61/5 6382/62/5
f 6385/65/2861 6388/68/2861 6387/67/2861 6386/66/2861
f 6389/65/2828 6385/68/2828 6386/67/2828 6390/66/2828
f 6391/65/2862 6389/68/2862 6390/67/2862 6392/66/2862
f 6388/65/2827 6391/68/2827 6392/67/2827 6387/66/2827
f 6386/69/5 6387/72/5 6392/71/5 6390/70/5
f 6393/67/2863 6396/68/2863 6395/65/2863 6394/66/2863
f 6394/67/2827 6395/68/2827 6398/65/2827 6397/66/2827
f 6397/67/2864 6398/68/2864 6400/65/2864 6399/66/2864
f 6399/67/2839 6400/68/2839 6396/65/2839 6393/66/2839
f 6399/71/5 6393/72/5 6394/69/5 6397/70/5
f 6401/73/2865 6404/76/2865 6403/75/2865 6402/74/2865
f 6405/77/2836 6401/80/2836 6402/79/2836 6406/78/2836
f 6407/81/2866 6405/79/2866 6406/76/2866 6408/73/2866
f 6404/82/2857 6407/85/2857 6408/84/2857 6403/83/2857
f 6402/86/5 6403/89/5 6408/88/5 6406/87/5
f 6405/90/6 6407/93/6 6404/92/6 6401/91/6
f 6409/1/2867 6412/4/2868 6411/3/2869 6410/2/2868
f 6410/2/2868 6414/6/2870 6413/5/2870 6409/1/2867
f 6415/7/2871 6418/10/2872 6417/9/2872 6416/8/2872
f 6418/10/2872 6415/7/2871 6420/12/2873 6419/11/2873
f 6412/4/2868 6409/1/2867 6418/10/2871 6419/11/2871
f 6417/13/2874 6369/16/2874 6368/15/2874 6416/14/2874
f 6371/17/2875 6368/20/2877 6369/19/2876 6370/18/2876
f 6368/20/2877 6371/17/2875 6372/22/2875 6367/21/2875
f 6372/14/2878 6420/15/2878 6415/30/2878 6367/29/2878
f 6366/31/5 6414/34/5 6410/33/5 6362/32/5
f 6368/35/6 6367/38/6 6415/37/6 6416/36/6
f 6412/39/2878 6419/42/2878 6371/41/2878 6364/40/2878
f 6410/43/2878 6411/46/2878 6363/45/2878 6362/44/2878
f 6364/47/6 6363/50/6 6411/49/6 6412/48/6
f 6372/51/5 6371/54/5 6419/53/5 6420/52/5
f 6361/55/2874 6370/16/2874 6418/13/2874 6409/56/2874
f 6366/46/2874 6365/58/2874 6413/57/2874 6414/45/2874
f 6365/50/6 6361/60/6 6409/59/6 6413/49/6
f 6370/61/5 6369/64/5 6417/63/5 6418/62/5
f 6421/3/2867 6424/4/2867 6423/1/2879 6422/2/2867
f 6425/6/2880 6422/2/2867 6423/1/2879 6426/5/2880
f 6427/9/2871 6430/10/2871 6429/11/2873 6428/8/2871
f 6431/7/2873 6428/8/2871 6429/11/2873 6432/12/2873
f 6429/11/2873 6430/10/2871 6423/1/2873 6424/4/2873
f 6380/15/2878 6379/16/2878 6427/13/2878 6428/14/2878
f 6378/28/2881 6375/23/2881 6376/24/2883 6377/27/2882
f 6374/26/2884 6377/27/2882 6376/24/2883 6373/25/2884
f 6431/30/2874 6432/15/2874 6384/14/2874 6383/29/2874
f 6422/33/5 6425/34/5 6377/31/5 6374/32/5
f 6431/37/6 6383/38/6 6380/35/6 6428/36/6
f 6381/41/2874 6429/42/2874 6424/39/2874 6376/40/2874
f 6373/45/2874 6421/46/2874 6422/43/2874 6374/44/2874
f 6421/49/6 6373/50/6 6376/47/6 6424/48/6
f 6429/53/5 6381/54/5 6384/51/5 6432/52/5
f 6430/13/2878 6382/16/2878 6375/55/2878 6423/56/2878
f 6426/57/2885 6378/58/2885 6377/46/2885 6425/45/2885
f 6423/59/6 6375/60/6 6378/50/6 6426/49/6
f 6427/63/5 6379/64/5 6382/61/5 6430/62/5
f 6433/65/2886 6436/68/2886 6435/67/2886 6434/66/2886
f 6437/65/2887 6433/68/2887 6434/67/2887 6438/66/2887
f 6439/65/2888 6437/68/2888 6438/67/2888 6440/66/2888
f 6436/65/2889 6439/68/2889 6440/67/2889 6435/66/2889
f 6434/69/5 6435/72/5 6440/71/5 6438/70/5
f 6441/67/2886 6444/68/2886 6443/65/2886 6442/66/2886
f 6442/67/2890 6443/68/2890 6446/65/2890 6445/66/2890
f 6445/67/2891 6446/68/2891 6448/65/2891 6447/66/2891
f 6447/67/2892 6448/68/2892 6444/65/2892 6441/66/2892
f 6447/71/5 6441/72/5 6442/69/5 6445/70/5
f 6449/73/2893 6452/76/2893 6451/75/2893 6450/74/2893
f 6453/77/2894 6449/80/2894 6450/79/2894 6454/78/2894
f 6455/81/2895 6453/79/2895 6454/76/2895 6456/73/2895
f 6452/82/2896 6455/85/2896 6456/84/2896 6451/83/2896
f 6450/86/5 6451/89/5 6456/88/5 6454/87/5
f 6453/90/6 6455/93/6 6452/92/6 6449/91/6
f 6457/1/2897 6460/4/2898 6459/3/2898 6458/2/2898
f 6458/2/2898 6462/6/2899 6461/5/2899 6457/1/2897
f 6463/7/2900 6466/10/2901 6465/9/2901 6464/8/2901
f 6466/10/2901 6463/7/2900 6468/12/2900 6467/11/2900
f 6460/4/2898 6457/1/2897 6466/10/2899 6467/11/2899
f 6465/13/2902 6417/16/2902 6416/15/2902 6464/14/2902
f 6419/17/2903 6416/20/2904 6417/19/2904 6418/18/2904
f 6416/20/2904 6419/17/2903 6420/22/2905 6415/21/2905
f 6420/14/2906 6468/15/2906 6463/30/2906 6415/29/2906
f 6414/31/5 6462/34/5 6458/33/5 6410/32/5
f 6416/35/6 6415/38/6 6463/37/6 6464/36/6
f 6460/39/2907 6467/42/2907 6419/41/2907 6412/40/2907
f 6458/43/2907 6459/46/2907 6411/45/2907 6410/44/2907
f 6412/47/6 6411/50/6 6459/49/6 6460/48/6
f 6420/51/5 6419/54/5 6467/53/5 6468/52/5
f 6409/55/2902 6418/16/2902 6466/13/2902 6457/56/2902
f 6414/46/2902 6413/58/2902 6461/57/2902 6462/45/2902
f 6413/50/6 6409/60/6 6457/59/6 6461/49/6
f 6418/61/5 6417/64/5 6465/63/5 6466/62/5
f 6469/3/2898 6472/4/2898 6471/1/2897 6470/2/2898
f 6473/6/2899 6470/2/2898 6471/1/2897 6474/5/2899
f 6475/9/2908 6478/10/2908 6477/11/2909 6476/8/2899
f 6479/7/2909 6476/8/2899 6477/11/2909 6480/12/2909
f 6477/11/2909 6478/10/2908 6471/1/2910 6472/4/2910
f 6428/15/2907 6427/16/2907 6475/13/2907 6476/14/2907
f 6426/28/2911 6423/23/2911 6424/24/2912 6425/27/2903
f 6422/26/2913 6425/27/2903 6424/24/2912 6421/25/2913
f 6479/30/2914 6480/15/2914 6432/14/2914 6431/29/2914
f 6470/33/5 6473/34/5 6425/31/5 6422/32/5
f 6479/37/6 6431/38/6 6428/35/6 6476/36/6
f 6429/41/2914 6477/42/2914 6472/39/2914 6424/40/2914
f 6421/45/2914 6469/46/2914 6470/43/2914 6422/44/2914
f 6469/49/6 6421/50/6 6424/47/6 6472/48/6
f 6477/53/5 6429/54/5 6432/51/5 6480/52/5
f 6478/13/2907 6430/16/2907 6423/55/2907 6471/56/2907
f 6474/57/2915 6426/58/2915 6425/46/2915 6473/45/2915
f 6471/59/6 6423/60/6 6426/50/6 6474/49/6
f 6475/63/5 6427/64/5 6430/61/5 6478/62/5
f 6481/65/2916 6484/68/2916 6483/67/2916 6482/66/2916
f 6485/65/2914 6481/68/2914 6482/67/2914 6486/66/2914
f 6487/65/2917 6485/68/2917 6486/67/2917 6488/66/2917
f 6484/65/2907 6487/68/2907 6488/67/2907 6483/66/2907
f 6482/69/5 6483/72/5 6488/71/5 6486/70/5
f 6489/67/2916 6492/68/2916 6491/65/2916 6490/66/2916
f 6490/67/2918 6491/68/2918 6494/65/2918 6493/66/2918
f 6493/67/2919 6494/68/2919 6496/65/2919 6495/66/2919
f 6495/67/2920 6496/68/2920 6492/65/2920 6489/66/2920
f 6495/71/5 6489/72/5 6490/69/5 6493/70/5
f 6497/73/2921 6500/76/2921 6499/75/2921 6498/74/2921
f 6501/77/2920 6497/80/2920 6498/79/2920 6502/78/2920
f 6503/81/2922 6501/79/2922 6502/76/2922 6504/73/2922
f 6500/82/2907 6503/85/2907 6504/84/2907 6499/83/2907
f 6498/86/5 6499/89/5 6504/88/5 6502/87/5
f 6501/90/6 6503/93/6 6500/92/6 6497/91/6
f 6505/1/2923 6508/4/2923 6507/3/2924 6506/2/2923
f 6506/2/2923 6510/6/2925 6509/5/2925 6505/1/2923
f 6511/7/2923 6514/10/2926 6513/9/2926 6512/8/2926
f 6514/10/2926 6511/7/2923 6516/12/2923 6515/11/2923
f 6508/4/2923 6505/1/2923 6514/10/2927 6515/11/2927
f 6513/13/2914 6465/16/2914 6464/15/2914 6512/14/2914
f 6467/17/2928 6464/20/2929 6465/19/2929 6466/18/2929
f 6464/20/2929 6467/17/2928 6468/22/2928 6463/21/2928
f 6468/14/2907 6516/15/2907 6511/30/2907 6463/29/2907
f 6462/31/5 6510/34/5 6506/33/5 6458/32/5
f 6464/35/6 6463/38/6 6511/37/6 6512/36/6
f 6508/39/2907 6515/42/2907 6467/41/2907 6460/40/2907
f 6506/43/2907 6507/46/2907 6459/45/2907 6458/44/2907
f 6460/47/6 6459/50/6 6507/49/6 6508/48/6
f 6468/51/5 6467/54/5 6515/53/5 6516/52/5
f 6457/55/2914 6466/16/2914 6514/13/2914 6505/56/2914
f 6462/46/2914 6461/58/2914 6509/57/2914 6510/45/2914
f 6461/50/6 6457/60/6 6505/59/6 6509/49/6
f 6466/61/5 6465/64/5 6513/63/5 6514/62/5
f 6517/3/2923 6520/4/2923 6519/1/2926 6518/2/2927
f 6521/6/2930 6518/2/2927 6519/1/2926 6522/5/2930
f 6523/9/2931 6526/10/2931 6525/11/2933 6524/8/2932
f 6527/7/2933 6524/8/2932 6525/11/2933 6528/12/2933
f 6525/11/2933 6526/10/2931 6519/1/2927 6520/4/2927
f 6476/15/2918 6475/16/2918 6523/13/2918 6524/14/2918
f 6474/28/2934 6471/23/2934 6472/24/2936 6473/27/2935
f 6470/26/2936 6473/27/2935 6472/24/2936 6469/25/2936
f 6527/30/2920 6528/15/2920 6480/14/2920 6479/29/2920
f 6518/33/5 6521/34/5 6473/31/5 6470/32/5
f 6527/37/6 6479/38/6 6476/35/6 6524/36/6
f 6477/41/2902 6525/42/2902 6520/39/2902 6472/40/2902
f 6469/45/2920 6517/46/2920 6518/43/2920 6470/44/2920
f 6517/49/6 6469/50/6 6472/47/6 6520/48/6
f 6525/53/5 6477/54/5 6480/51/5 6528/52/5
f 6526/13/2918 6478/16/2918 6471/55/2918 6519/56/2918
f 6522/57/2918 6474/58/2918 6473/46/2918 6521/45/2918
f 6519/59/6 6471/60/6 6474/50/6 6522/49/6
f 6523/63/5 6475/64/5 6478/61/5 6526/62/5
f 6529/65/2937 6532/68/2937 6531/67/2937 6530/66/2937
f 6533/65/2887 6529/68/2887 6530/67/2887 6534/66/2887
f 6535/65/2938 6533/68/2938 6534/67/2938 6536/66/2938
f 6532/65/2906 6535/68/2906 6536/67/2906 6531/66/2906
f 6530/69/5 6531/72/5 6536/71/5 6534/70/5
f 6537/67/2939 6540/68/2939 6539/65/2939 6538/66/2939
f 6538/67/2907 6539/68/2907 6542/65/2907 6541/66/2907
f 6541/67/2938 6542/68/2938 6544/65/2938 6543/66/2938
f 6543/67/2914 6544/68/2914 6540/65/2914 6537/66/2914
f 6543/71/5 6537/72/5 6538/69/5 6541/70/5
f 6545/73/2940 6548/76/2940 6547/75/2940 6546/74/2940
f 6549/77/2941 6545/80/2941 6546/79/2941 6550/78/2941
f 6551/81/2942 6549/79/2942 6550/76/2942 6552/73/2942
f 6548/82/2918 6551/85/2918 6552/84/2918 6547/83/2918
f 6546/86/5 6547/89/5 6552/88/5 6550/87/5
f 6549/90/6 6551/93/6 6548/92/6 6545/91/6
f 6553/1/2943 6556/4/2944 6555/3/2944 6554/2/2944
f 6554/2/2944 6558/6/2945 6557/5/2945 6553/1/2943
f 6559/7/2946 6562/10/2947 6561/9/2947 6560/8/2947
f 6562/10/2947 6559/7/2946 6564/12/2948 6563/11/2948
f 6556/4/2944 6553/1/2943 6562/10/2949 6563/11/2949
f 6561/13/2950 6513/16/2950 6512/15/2950 6560/14/2950
f 6515/17/2951 6512/20/2953 6513/19/2952 6514/18/2952
f 6512/20/2953 6515/17/2951 6516/22/2951 6511/21/2951
f 6516/14/2954 6564/15/2954 6559/30/2954 6511/29/2954
f 6510/31/5 6558/34/5 6554/33/5 6506/32/5
f 6512/35/6 6511/38/6 6559/37/6 6560/36/6
f 6556/39/2955 6563/42/2955 6515/41/2955 6508/40/2955
f 6554/43/2955 6555/46/2955 6507/45/2955 6506/44/2955
f 6508/47/6 6507/50/6 6555/49/6 6556/48/6
f 6516/51/5 6515/54/5 6563/53/5 6564/52/5
f 6505/55/2950 6514/16/2950 6562/13/2950 6553/56/2950
f 6510/46/2950 6509/58/2950 6557/57/2950 6558/45/2950
f 6509/50/6 6505/60/6 6553/59/6 6557/49/6
f 6514/61/5 6513/64/5 6561/63/5 6562/62/5
f 6565/3/2956 6568/4/2956 6567/1/2956 6566/2/2956
f 6569/6/2956 6566/2/2956 6567/1/2956 6570/5/2956
f 6571/9/2949 6574/10/2949 6573/11/2957 6572/8/2949
f 6575/7/2957 6572/8/2949 6573/11/2957 6576/12/2957
f 6573/11/2957 6574/10/2949 6567/1/2949 6568/4/2949
f 6524/15/2958 6523/16/2958 6571/13/2958 6572/14/2958
f 6522/28/2953 6519/23/2953 6520/24/2959 6521/27/2953
f 6518/26/2959 6521/27/2953 6520/24/2959 6517/25/2959
f 6575/30/2960 6576/15/2960 6528/14/2960 6527/29/2960
f 6566/33/5 6569/34/5 6521/31/5 6518/32/5
f 6575/37/6 6527/38/6 6524/35/6 6572/36/6
f 6525/41/2960 6573/42/2960 6568/39/2960 6520/40/2960
f 6517/45/2960 6565/46/2960 6566/43/2960 6518/44/2960
f 6565/49/6 6517/50/6 6520/47/6 6568/48/6
f 6573/53/5 6525/54/5 6528/51/5 6576/52/5
f 6574/13/2958 6526/16/2958 6519/55/2958 6567/56/2958
f 6570/57/2958 6522/58/2958 6521/46/2958 6569/45/2958
f 6567/59/6 6519/60/6 6522/50/6 6570/49/6
f 6571/63/5 6523/64/5 6526/61/5 6574/62/5
f 6577/65/2961 6580/68/2961 6579/67/2961 6578/66/2961
f 6581/65/2962 6577/68/2962 6578/67/2962 6582/66/2962
f 6583/65/2963 6581/68/2963 6582/67/2963 6584/66/2963
f 6580/65/2964 6583/68/2964 6584/67/2964 6579/66/2964
f 6578/69/5 6579/72/5 6584/71/5 6582/70/5
f 6585/67/2965 6588/68/2965 6587/65/2965 6586/66/2965
f 6586/67/2966 6587/68/2966 6590/65/2966 6589/66/2966
f 6589/67/2967 6590/68/2967 6592/65/2967 6591/66/2967
f 6591/67/2968 6592/68/2968 6588/65/2968 6585/66/2968
f 6591/71/5 6585/72/5 6586/69/5 6589/70/5
f 6593/73/2969 6596/76/2969 6595/75/2969 6594/74/2969
f 6597/77/2970 6593/80/2970 6594/79/2970 6598/78/2970
f 6599/81/2971 6597/79/2971 6598/76/2971 6600/73/2971
f 6596/82/2972 6599/85/2972 6600/84/2972 6595/83/2972
f 6594/86/5 6595/89/5 6600/88/5 6598/87/5
f 6597/90/6 6599/93/6 6596/92/6 6593/91/6
f 6601/1/2973 6604/4/2973 6603/3/2973 6602/2/2973
f 6602/2/2973 6606/6/2973 6605/5/2973 6601/1/2973
f 6607/7/2974 6610/10/2974 6609/9/2974 6608/8/2974
f 6610/10/2974 6607/7/2974 6612/12/2975 6611/11/2975
f 6604/4/2973 6601/1/2973 6610/10/2976 6611/11/2976
f 6609/13/2968 6561/16/2968 6560/15/2968 6608/14/2968
f 6563/17/2977 6560/20/2979 6561/19/2978 6562/18/2978
f 6560/20/2979 6563/17/2977 6564/22/2980 6559/21/2980
f 6564/14/2981 6612/15/2981 6607/30/2981 6559/29/2981
f 6558/31/5 6606/34/5 6602/33/5 6554/32/5
f 6560/35/6 6559/38/6 6607/37/6 6608/36/6
f 6604/39/2981 6611/42/2981 6563/41/2981 6556/40/2981
f 6602/43/2981 6603/46/2981 6555/45/2981 6554/44/2981
f 6556/47/6 6555/50/6 6603/49/6 6604/48/6
f 6564/51/5 6563/54/5 6611/53/5 6612/52/5
f 6553/55/2968 6562/16/2968 6610/13/2968 6601/56/2968
f 6558/46/2968 6557/58/2968 6605/57/2968 6606/45/2968
f 6557/50/6 6553/60/6 6601/59/6 6605/49/6
f 6562/61/5 6561/64/5 6609/63/5 6610/62/5
f 6613/3/2974 6616/4/2974 6615/1/2982 6614/2/2975
f 6617/6/2982 6614/2/2975 6615/1/2982 6618/5/2982
f 6619/9/2975 6622/10/2975 6621/11/2976 6620/8/2974
f 6623/7/2976 6620/8/2974 6621/11/2976 6624/12/2976
f 6621/11/2976 6622/10/2975 6615/1/2976 6616/4/2976
f 6572/15/2983 6571/16/2983 6619/13/2983 6620/14/2983
f 6570/28/2979 6567/23/2979 6568/24/2985 6569/27/2984
f 6566/26/2986 6569/27/2984 6568/24/2985 6565/25/2986
f 6623/30/2987 6624/15/2987 6576/14/2987 6575/29/2987
f 6614/33/5 6617/34/5 6569/31/5 6566/32/5
f 6623/37/6 6575/38/6 6572/35/6 6620/36/6
f 6573/41/2987 6621/42/2987 6616/39/2987 6568/40/2987
f 6565/45/2968 6613/46/2968 6614/43/2968 6566/44/2968
f 6613/49/6 6565/50/6 6568/47/6 6616/48/6
f 6621/53/5 6573/54/5 6576/51/5 6624/52/5
f 6622/13/2981 6574/16/2981 6567/55/2981 6615/56/2981
f 6618/57/2981 6570/58/2981 6569/46/2981 6617/45/2981
f 6615/59/6 6567/60/6 6570/50/6 6618/49/6
f 6619/63/5 6571/64/5 6574/61/5 6622/62/5
f 6625/65/2988 6628/68/2988 6627/67/2988 6626/66/2988
f 6629/65/2968 6625/68/2968 6626/67/2968 6630/66/2968
f 6631/65/2989 6629/68/2989 6630/67/2989 6632/66/2989
f 6628/65/2990 6631/68/2990 6632/67/2990 6627/66/2990
f 6626/69/5 6627/72/5 6632/71/5 6630/70/5
f 6633/67/2991 6636/68/2991 6635/65/2991 6634/66/2991
f 6634/67/2983 6635/68/2983 6638/65/2983 6637/66/2983
f 6637/67/2992 6638/68/2992 6640/65/2992 6639/66/2992
f 6639/67/2987 6640/68/2987 6636/65/2987 6633/66/2987
f 6639/71/5 6633/72/5 6634/69/5 6637/70/5
f 6641/73/2993 6644/76/2993 6643/75/2993 6642/74/2993
f 6645/77/2968 6641/80/2968 6642/79/2968 6646/78/2968
f 6647/81/2994 6645/79/2994 6646/76/2994 6648/73/2994
f 6644/82/2983 6647/85/2983 6648/84/2983 6643/83/2983
f 6642/86/5 6643/89/5 6648/88/5 6646/87/5
f 6645/90/6 6647/93/6 6644/92/6 6641/91/6
f 6649/1/2995 6652/4/2995 6651/3/2995 6650/2/2995
f 6650/2/2995 6654/6/2996 6653/5/2996 6649/1/2995
f 6655/7/2997 6658/10/2996 6657/9/2996 6656/8/2996
f 6658/10/2996 6655/7/2997 6660/12/2998 6659/11/2998
f 6652/4/2995 6649/1/2995 6658/10/2995 6659/11/2995
f 6657/13/2987 6609/16/2987 6608/15/2987 6656/14/2987
f 6611/17/2999 6608/20/2999 6609/19/3000 6610/18/3000
f 6608/20/2999 6611/17/2999 6612/22/3001 6607/21/3001
f 6612/14/2983 6660/15/2983 6655/30/2983 6607/29/2983
f 6606/31/5 6654/34/5 6650/33/5 6602/32/5
f 6608/35/6 6607/38/6 6655/37/6 6656/36/6
f 6652/39/2983 6659/42/2983 6611/41/2983 6604/40/2983
f 6650/43/3002 6651/46/3002 6603/45/3002 6602/44/3002
f 6604/47/6 6603/50/6 6651/49/6 6652/48/6
f 6612/51/5 6611/54/5 6659/53/5 6660/52/5
f 6601/55/2987 6610/16/2987 6658/13/2987 6649/56/2987
f 6606/46/2987 6605/58/2987 6653/57/2987 6654/45/2987
f 6605/50/6 6601/60/6 6649/59/6 6653/49/6
f 6610/61/5 6609/64/5 6657/63/5 6658/62/5
f 6661/3/2995 6664/4/2995 6663/1/2995 6662/2/2995
f 6665/6/2995 6662/2/2995 6663/1/2995 6666/5/2995
f 6667/9/2995 6670/10/2995 6669/11/2995 6668/8/2995
f 6671/7/2995 6668/8/2995 6669/11/2995 6672/12/2995
f 6669/11/2995 6670/10/2995 6663/1/2995 6664/4/2995
f 6620/15/2966 6619/16/2966 6667/13/2966 6668/14/2966
f 6618/28/3003 6615/23/3003 6616/24/3001 6617/27/3003
f 6614/26/3004 6617/27/3003 6616/24/3001 6613/25/3004
f 6671/30/3005 6672/15/3005 6624/14/3005 6623/29/3005
f 6662/33/5 6665/34/5 6617/31/5 6614/32/5
f 6671/37/6 6623/38/6 6620/35/6 6668/36/6
f 6621/41/3006 6669/42/3006 6664/39/3006 6616/40/3006
f 6613/45/2968 6661/46/2968 6662/43/2968 6614/44/2968
f 6661/49/6 6613/50/6 6616/47/6 6664/48/6
f 6669/53/5 6621/54/5 6624/51/5 6672/52/5
f 6670/13/3007 6622/16/3007 6615/55/3007 6663/56/3007
f 6666/57/2981 6618/58/2981 6617/46/2981 6665/45/2981
f 6663/59/6 6615/60/6 6618/50/6 6666/49/6
f 6667/63/5 6619/64/5 6622/61/5 6670/62/5
f 6673/65/3008 6676/68/3008 6675/67/3008 6674/66/3008
f 6677/65/3006 6673/68/3006 6674/67/3006 6678/66/3006
f 6679/65/3009 6677/68/3009 6678/67/3009 6680/66/3009
f 6676/65/2966 6679/68/2966 6680/67/2966 6675/66/2966
f 6674/69/5 6675/72/5 6680/71/5 6678/70/5
f 6681/67/3010 6684/68/3010 6683/65/3010 6682/66/3010
f 6682/67/2983 6683/68/2983 6686/65/2983 6685/66/2983
f 6685/67/3009 6686/68/3009 6688/65/3009 6687/66/3009
f 6687/67/3011 6688/68/3011 6684/65/3011 6681/66/3011
f 6687/71/5 6681/72/5 6682/69/5 6685/70/5
f 6689/73/3012 6692/76/3012 6691/75/3012 6690/74/3012
f 6693/77/2987 6689/80/2987 6690/79/2987 6694/78/2987
f 6695/81/3013 6693/79/3013 6694/76/3013 6696/73/3013
f 6692/82/2966 6695/85/2966 6696/84/2966 6691/83/2966
f 6690/86/5 6691/89/5 6696/88/5 6694/87/5
f 6693/90/6 6695/93/6 6692/92/6 6689/91/6
f 6697/1/3014 6700/4/3016 6699/3/3016 6698/2/3015
f 6698/2/3015 6702/6/3017 6701/5/3017 6697/1/3014
f 6703/7/3018 6706/10/3019 6705/9/3019 6704/8/3019
f 6706/10/3019 6703/7/3018 6708/12/3020 6707/11/3020
f 6700/4/3016 6697/1/3014 6706/10/3018 6707/11/3018
f 6705/13/3021 6657/16/3021 6656/15/3021 6704/14/3021
f 6659/17/3022 6656/20/3022 6657/19/3022 6658/18/3022
f 6656/20/3022 6659/17/3022 6660/22/3022 6655/21/3022
f 6660/14/3023 6708/15/3023 6703/30/3023 6655/29/3023
f 6654/31/5 6702/34/5 6698/33/5 6650/32/5
f 6656/35/6 6655/38/6 6703/37/6 6704/36/6
f 6700/39/3023 6707/42/3023 6659/41/3023 6652/40/3023
f 6698/43/3024 6699/46/3024 6651/45/3024 6650/44/3024
f 6652/47/6 6651/50/6 6699/49/6 6700/48/6
f 6660/51/5 6659/54/5 6707/53/5 6708/52/5
f 6649/55/3025 6658/16/3025 6706/13/3025 6697/56/3025
f 6654/46/3025 6653/58/3025 6701/57/3025 6702/45/3025
f 6653/50/6 6649/60/6 6697/59/6 6701/49/6
f 6658/61/5 6657/64/5 6705/63/5 6706/62/5
f 6709/3/3026 6712/4/3026 6711/1/3027 6710/2/3014
f 6713/6/3028 6710/2/3014 6711/1/3027 6714/5/3028
f 6715/9/3014 6718/10/3014 6717/11/3027 6716/8/3014
f 6719/7/3027 6716/8/3014 6717/11/3027 6720/12/3027
f 6717/11/3027 6718/10/3014 6711/1/3029 6712/4/3029
f 6668/15/3030 6667/16/3030 6715/13/3030 6716/14/3030
f 6666/28/3022 6663/23/3022 6664/24/3022 6665/27/3022
f 6662/26/3022 6665/27/3022 6664/24/3022 6661/25/3022
f 6719/30/3031 6720/15/3031 6672/14/3031 6671/29/3031
f 6710/33/5 6713/34/5 6665/31/5 6662/32/5
f 6719/37/6 6671/38/6 6668/35/6 6716/36/6
f 6669/41/3031 6717/42/3031 6712/39/3031 6664/40/3031
f 6661/45/3032 6709/46/3032 6710/43/3032 6662/44/3032
f 6709/49/6 6661/50/6 6664/47/6 6712/48/6
f 6717/53/5 6669/54/5 6672/51/5 6720/52/5
f 6718/13/3030 6670/16/3030 6663/55/3030 6711/56/3030
f 6714/57/3030 6666/58/3030 6665/46/3030 6713/45/3030
f 6711/59/6 6663/60/6 6666/50/6 6714/49/6
f 6715/63/5 6667/64/5 6670/61/5 6718/62/5
f 6721/65/3033 6724/68/3033 6723/67/3033 6722/66/3033
f 6725/65/3034 6721/68/3034 6722/67/3034 6726/66/3034
f 6727/65/3035 6725/68/3035 6726/67/3035 6728/66/3035
f 6724/65/3036 6727/68/3036 6728/67/3036 6723/66/3036
f 6722/69/5 6723/72/5 6728/71/5 6726/70/5
f 6729/67/3033 6732/68/3033 6731/65/3033 6730/66/3033
f 6730/67/3037 6731/68/3037 6734/65/3037 6733/66/3037
f 6733/67/3035 6734/68/3035 6736/65/3035 6735/66/3035
f 6735/67/3031 6736/68/3031 6732/65/3031 6729/66/3031
f 6735/71/5 6729/72/5 6730/69/5 6733/70/5
f 6737/73/3038 6740/76/3038 6739/75/3038 6738/74/3038
f 6741/77/3039 6737/80/3039 6738/79/3039 6742/78/3039
f 6743/81/3040 6741/79/3040 6742/76/3040 6744/73/3040
f 6740/82/3036 6743/85/3036 6744/84/3036 6739/83/3036
f 6738/86/5 6739/89/5 6744/88/5 6742/87/5
f 6741/90/6 6743/93/6 6740/92/6 6737/91/6
f 6745/1/3041 6748/4/3042 6747/3/3043 6746/2/3042
f 6746/2/3042 6750/6/3044 6749/5/3044 6745/1/3041
f 6751/7/3045 6754/10/3042 6753/9/3042 6752/8/3042
f 6754/10/3042 6751/7/3045 6756/12/3045 6755/11/3045
f 6748/4/3042 6745/1/3041 6754/10/3046 6755/11/3046
f 6753/13/3032 6705/16/3032 6704/15/3032 6752/14/3032
f 6707/17/3047 6704/20/3049 6705/19/3048 6706/18/3048
f 6704/20/3049 6707/17/3047 6708/22/3047 6703/21/3047
f 6708/14/3030 6756/15/3030 6751/30/3030 6703/29/3030
f 6702/31/5 6750/34/5 6746/33/5 6698/32/5
f 6704/35/6 6703/38/6 6751/37/6 6752/36/6
f 6748/39/3030 6755/42/3030 6707/41/3030 6700/40/3030
f 6746/43/3050 6747/46/3050 6699/45/3050 6698/44/3050
f 6700/47/6 6699/50/6 6747/49/6 6748/48/6
f 6708/51/5 6707/54/5 6755/53/5 6756/52/5
f 6697/55/3031 6706/16/3031 6754/13/3031 6745/56/3031
f 6702/46/3031 6701/58/3031 6749/57/3031 6750/45/3031
f 6701/50/6 6697/60/6 6745/59/6 6749/49/6
f 6706/61/5 6705/64/5 6753/63/5 6754/62/5
f 6757/3/3051 6760/4/3051 6759/1/3051 6758/2/3051
f 6761/6/3051 6758/2/3051 6759/1/3051 6762/5/3051
f 6763/9/3041 6766/10/3041 6765/11/3041 6764/8/3041
f 6767/7/3052 6764/8/3041 6765/11/3041 6768/12/3052
f 6765/11/3041 6766/10/3041 6759/1/3042 6760/4/3042
f 6716/15/3030 6715/16/3030 6763/13/3030 6764/14/3030
f 6714/28/3053 6711/23/3053 6712/24/3047 6713/27/3053
f 6710/26/3047 6713/27/3053 6712/24/3047 6709/25/3047
f 6767/30/3031 6768/15/3031 6720/14/3031 6719/29/3031
f 6758/33/5 6761/34/5 6713/31/5 6710/32/5
f 6767/37/6 6719/38/6 6716/35/6 6764/36/6
f 6717/41/3031 6765/42/3031 6760/39/3031 6712/40/3031
f 6709/45/3032 6757/46/3032 6758/43/3032 6710/44/3032
f 6757/49/6 6709/50/6 6712/47/6 6760/48/6
f 6765/53/5 6717/54/5 6720/51/5 6768/52/5
f 6766/13/3030 6718/16/3030 6711/55/3030 6759/56/3030
f 6762/57/3030 6714/58/3030 6713/46/3030 6761/45/3030
f 6759/59/6 6711/60/6 6714/50/6 6762/49/6
f 6763/63/5 6715/64/5 6718/61/5 6766/62/5
f 6769/65/3054 6772/68/3054 6771/67/3054 6770/66/3054
f 6773/65/3039 6769/68/3039 6770/67/3039 6774/66/3039
f 6775/65/3055 6773/68/3055 6774/67/3055 6776/66/3055
f 6772/65/3037 6775/68/3037 6776/67/3037 6771/66/3037
f 6770/69/5 6771/72/5 6776/71/5 6774/70/5
f 6777/67/3056 6780/68/3056 6779/65/3056 6778/66/3056
f 6778/67/3030 6779/68/3030 6782/65/3030 6781/66/3030
f 6781/67/3055 6782/68/3055 6784/65/3055 6783/66/3055
f 6783/67/3031 6784/68/3031 6780/65/3031 6777/66/3031
f 6783/71/5 6777/72/5 6778/69/5 6781/70/5
f 6785/73/3057 6788/76/3057 6787/75/3057 6786/74/3057
f 6789/77/3031 6785/80/3031 6786/79/3031 6790/78/3031
f 6791/81/3058 6789/79/3058 6790/76/3058 6792/73/3058
f 6788/82/3030 6791/85/3030 6792/84/3030 6787/83/3030
f 6786/86/5 6787/89/5 6792/88/5 6790/87/5
f 6789/90/6 6791/93/6 6788/92/6 6785/91/6
f 6793/1/3059 6796/4/3059 6795/3/3060 6794/2/3060
f 6794/2/3060 6798/6/3061 6797/5/3061 6793/1/3059
f 6799/7/3062 6802/10/3062 6801/9/3062 6800/8/3062
f 6802/10/3062 6799/7/3062 6804/12/3062 6803/11/3062
f 6796/4/3059 6793/1/3059 6802/10/3062 6803/11/3062
f 6801/13/3063 6753/16/3063 6752/15/3063 6800/14/3063
f 6755/17/3064 6752/20/3064 6753/19/3065 6754/18/3065
f 6752/20/3064 6755/17/3064 6756/22/3064 6751/21/3064
f 6756/14/3066 6804/15/3066 6799/30/3066 6751/29/3066
f 6750/31/5 6798/34/5 6794/33/5 6746/32/5
f 6752/35/6 6751/38/6 6799/37/6 6800/36/6
f 6796/39/3066 6803/42/3066 6755/41/3066 6748/40/3066
f 6794/43/3067 6795/46/3067 6747/45/3067 6746/44/3067
f 6748/47/6 6747/50/6 6795/49/6 6796/48/6
f 6756/51/5 6755/54/5 6803/53/5 6804/52/5
f 6745/55/3063 6754/16/3063 6802/13/3063 6793/56/3063
f 6750/46/3063 6749/58/3063 6797/57/3063 6798/45/3063
f 6749/50/6 6745/60/6 6793/59/6 6797/49/6
f 6754/61/5 6753/64/5 6801/63/5 6802/62/5
f 6805/3/3061 6808/4/3061 6807/1/3061 6806/2/3061
f 6809/6/3061 6806/2/3061 6807/1/3061 6810/5/3061
f 6811/9/3068 6814/10/3068 6813/11/3069 6812/8/3068
f 6815/7/3069 6812/8/3068 6813/11/3069 6816/12/3069
f 6813/11/3069 6814/10/3068 6807/1/3062 6808/4/3062
f 6764/15/3070 6763/16/3070 6811/13/3070 6812/14/3070
f 6762/28/3071 6759/23/3071 6760/24/3073 6761/27/3072
f 6758/26/3073 6761/27/3072 6760/24/3073 6757/25/3073
f 6815/30/3074 6816/15/3074 6768/14/3074 6767/29/3074
f 6806/33/5 6809/34/5 6761/31/5 6758/32/5
f 6815/37/6 6767/38/6 6764/35/6 6812/36/6
f 6765/41/3074 6813/42/3074 6808/39/3074 6760/40/3074
f 6757/45/3074 6805/46/3074 6806/43/3074 6758/44/3074
f 6805/49/6 6757/50/6 6760/47/6 6808/48/6
f 6813/53/5 6765/54/5 6768/51/5 6816/52/5
f 6814/13/3070 6766/16/3070 6759/55/3070 6807/56/3070
f 6810/57/3070 6762/58/3070 6761/46/3070 6809/45/3070
f 6807/59/6 6759/60/6 6762/50/6 6810/49/6
f 6811/63/5 6763/64/5 6766/61/5 6814/62/5
f 6817/65/3075 6820/68/3075 6819/67/3075 6818/66/3075
f 6821/65/3039 6817/68/3039 6818/67/3039 6822/66/3039
f 6823/65/3076 6821/68/3076 6822/67/3076 6824/66/3076
f 6820/65/3037 6823/68/3037 6824/67/3037 6819/66/3037
f 6818/69/5 6819/72/5 6824/71/5 6822/70/5
f 6825/67/3077 6828/68/3077 6827/65/3077 6826/66/3077
f 6826/67/3036 6827/68/3036 6830/65/3036 6829/66/3036
f 6829/67/3076 6830/68/3076 6832/65/3076 6831/66/3076
f 6831/67/3031 6832/68/3031 6828/65/3031 6825/66/3031
f 6831/71/5 6825/72/5 6826/69/5 6829/70/5
f 6833/73/3078 6836/76/3078 6835/75/3078 6834/74/3078
f 6837/77/3034 6833/80/3034 6834/79/3034 6838/78/3034
f 6839/81/3079 6837/79/3079 6838/76/3079 6840/73/3079
f 6836/82/3023 6839/85/3023 6840/84/3023 6835/83/3023
f 6834/86/5 6835/89/5 6840/88/5 6838/87/5
f 6837/90/6 6839/93/6 6836/92/6 6833/91/6
f 6841/1/3080 6844/4/3082 6843/3/3081 6842/2/3081
f 6842/2/3081 6846/6/3083 6845/5/3083 6841/1/3080
f 6847/7/3084 6850/10/3085 6849/9/3085 6848/8/3085
f 6850/10/3085 6847/7/3084 6852/12/3086 6851/11/3086
f 6844/4/3082 6841/1/3080 6850/10/3087 6851/11/3087
f 6849/13/3088 6801/16/3088 6800/15/3088 6848/14/3088
f 6803/17/3089 6800/20/3089 6801/19/3090 6802/18/3090
f 6800/20/3089 6803/17/3089 6804/22/3089 6799/21/3089
f 6804/14/3091 6852/15/3091 6847/30/3091 6799/29/3091
f 6798/31/5 6846/34/5 6842/33/5 6794/32/5
f 6800/35/6 6799/38/6 6847/37/6 6848/36/6
f 6844/39/3091 6851/42/3091 6803/41/3091 6796/40/3091
f 6842/43/3092 6843/46/3092 6795/45/3092 6794/44/3092
f 6796/47/6 6795/50/6 6843/49/6 6844/48/6
f 6804/51/5 6803/54/5 6851/53/5 6852/52/5
f 6793/55/3088 6802/16/3088 6850/13/3088 6841/56/3088
f 6798/46/3088 6797/58/3088 6845/57/3088 6846/45/3088
f 6797/50/6 6793/60/6 6841/59/6 6845/49/6
f 6802/61/5 6801/64/5 6849/63/5 6850/62/5
f 6853/3/3085 6856/4/3085 6855/1/3093 6854/2/3085
f 6857/6/3093 6854/2/3085 6855/1/3093 6858/5/3093
f 6859/9/3094 6862/10/3094 6861/11/3095 6860/8/3094
f 6863/7/3095 6860/8/3094 6861/11/3095 6864/12/3095
f 6861/11/3095 6862/10/3094 6855/1/3080 6856/4/3080
f 6812/15/3096 6811/16/3096 6859/13/3096 6860/14/3096
f 6810/28/3097 6807/23/3097 6808/24/3099 6809/27/3098
f 6806/26/3099 6809/27/3098 6808/24/3099 6805/25/3099
f 6863/30/3100 6864/15/3100 6816/14/3100 6815/29/3100
f 6854/33/5 6857/34/5 6809/31/5 6806/32/5
f 6863/37/6 6815/38/6 6812/35/6 6860/36/6
f 6813/41/3100 6861/42/3100 6856/39/3100 6808/40/3100
f 6805/45/3100 6853/46/3100 6854/43/3100 6806/44/3100
f 6853/49/6 6805/50/6 6808/47/6 6856/48/6
f 6861/53/5 6813/54/5 6816/51/5 6864/52/5
f 6862/13/3096 6814/16/3096 6807/55/3096 6855/56/3096
f 6858/57/3096 6810/58/3096 6809/46/3096 6857/45/3096
f 6855/59/6 6807/60/6 6810/50/6 6858/49/6
f 6859/63/5 6811/64/5 6814/61/5 6862/62/5
f 6865/65/3101 6868/68/3101 6867/67/3101 6866/66/3101
f 6869/65/3102 6865/68/3102 6866/67/3102 6870/66/3102
f 6871/65/3103 6869/68/3103 6870/67/3103 6872/66/3103
f 6868/65/3104 6871/68/3104 6872/67/3104 6867/66/3104
f 6866/69/5 6867/72/5 6872/71/5 6870/70/5
f 6873/67/3105 6876/68/3105 6875/65/3105 6874/66/3105
f 6874/67/3104 6875/68/3104 6878/65/3104 6877/66/3104
f 6877/67/3106 6878/68/3106 6880/65/3106 6879/66/3106
f 6879/67/3107 6880/68/3107 6876/65/3107 6873/66/3107
f 6879/71/5 6873/72/5 6874/69/5 6877/70/5
f 6881/73/3108 6884/76/3108 6883/75/3108 6882/74/3108
f 6885/77/3088 6881/80/3088 6882/79/3088 6886/78/3088
f 6887/81/3109 6885/79/3109 6886/76/3109 6888/73/3109
f 6884/82/3096 6887/85/3096 6888/84/3096 6883/83/3096
f 6882/86/5 6883/89/5 6888/88/5 6886/87/5
f 6885/90/6 6887/93/6 6884/92/6 6881/91/6
f 6889/1/3110 6892/4/3111 6891/3/3110 6890/2/3110
f 6890/2/3110 6894/6/3110 6893/5/3110 6889/1/3110
f 6895/7/3112 6898/10/3111 6897/9/3111 6896/8/3111
f 6898/10/3111 6895/7/3112 6900/12/3112 6899/11/3112
f 6892/4/3111 6889/1/3110 6898/10/3111 6899/11/3111
f 6897/13/3107 6849/16/3107 6848/15/3107 6896/14/3107
f 6851/17/3113 6848/20/3115 6849/19/3114 6850/18/3114
f 6848/20/3115 6851/17/3113 6852/22/3116 6847/21/3116
f 6852/14/3104 6900/15/3104 6895/30/3104 6847/29/3104
f 6846/31/5 6894/34/5 6890/33/5 6842/32/5
f 6848/35/6 6847/38/6 6895/37/6 6896/36/6
f 6892/39/3104 6899/42/3104 6851/41/3104 6844/40/3104
f 6890/43/3104 6891/46/3104 6843/45/3104 6842/44/3104
f 6844/47/6 6843/50/6 6891/49/6 6892/48/6
f 6852/51/5 6851/54/5 6899/53/5 6900/52/5
f 6841/55/3107 6850/16/3107 6898/13/3107 6889/56/3107
f 6846/46/3107 6845/58/3107 6893/57/3107 6894/45/3107
f 6845/50/6 6841/60/6 6889/59/6 6893/49/6
f 6850/61/5 6849/64/5 6897/63/5 6898/62/5
f 6901/3/3117 6904/4/3117 6903/1/3110 6902/2/3118
f 6905/6/3111 6902/2/3118 6903/1/3110 6906/5/3111
f 6907/9/3110 6910/10/3111 6909/11/3110 6908/8/3110
f 6911/7/3119 6908/8/3110 6909/11/3110 6912/12/3119
f 6909/11/3110 6910/10/3111 6903/1/3120 6904/4/3120
f 6860/15/3104 6859/16/3104 6907/13/3104 6908/14/3104
f 6858/28/3121 6855/23/3121 6856/24/3122 6857/27/3121
f 6854/26/3122 6857/27/3121 6856/24/3122 6853/25/3122
f 6911/30/3107 6912/15/3107 6864/14/3107 6863/29/3107
f 6902/33/5 6905/34/5 6857/31/5 6854/32/5
f 6911/37/6 6863/38/6 6860/35/6 6908/36/6
f 6861/41/3107 6909/42/3107 6904/39/3107 6856/40/3107
f 6853/45/3107 6901/46/3107 6902/43/3107 6854/44/3107
f 6901/49/6 6853/50/6 6856/47/6 6904/48/6
f 6909/53/5 6861/54/5 6864/51/5 6912/52/5
f 6910/13/3104 6862/16/3104 6855/55/3104 6903/56/3104
f 6906/57/3104 6858/58/3104 6857/46/3104 6905/45/3104
f 6903/59/6 6855/60/6 6858/50/6 6906/49/6
f 6907/63/5 6859/64/5 6862/61/5 6910/62/5
f 6913/65/3123 6916/68/3123 6915/67/3123 6914/66/3123
f 6917/65/3088 6913/68/3088 6914/67/3088 6918/66/3088
f 6919/65/3124 6917/68/3124 6918/67/3124 6920/66/3124
f 6916/65/3104 6919/68/3104 6920/67/3104 6915/66/3104
f 6914/69/5 6915/72/5 6920/71/5 6918/70/5
f 6921/67/3123 6924/68/3123 6923/65/3123 6922/66/3123
f 6922/67/3104 6923/68/3104 6926/65/3104 6925/66/3104
f 6925/67/3125 6926/68/3125 6928/65/3125 6927/66/3125
f 6927/67/3107 6928/68/3107 6924/65/3107 6921/66/3107
f 6927/71/5 6921/72/5 6922/69/5 6925/70/5
f 6929/73/3126 6932/76/3126 6931/75/3126 6930/74/3126
f 6933/77/3100 6929/80/3100 6930/79/3100 6934/78/3100
f 6935/81/3127 6933/79/3127 6934/76/3127 6936/73/3127
f 6932/82/3104 6935/85/3104 6936/84/3104 6931/83/3104
f 6930/86/5 6931/89/5 6936/88/5 6934/87/5
f 6933/90/6 6935/93/6 6932/92/6 6929/91/6
f 6937/1/3128 6940/4/3129 6939/3/3129 6938/2/3129
f 6938/2/3129 6942/6/3130 6941/5/3130 6937/1/3128
f 6943/7/3131 6946/10/3129 6945/9/3129 6944/8/3129
f 6946/10/3129 6943/7/3131 6948/12/3128 6947/11/3128
f 6940/4/3129 6937/1/3128 6946/10/3132 6947/11/3132
f 6945/13/3133 6897/16/3133 6896/15/3133 6944/14/3133
f 6899/17/3134 6896/20/3134 6897/19/3134 6898/18/3134
f 6896/20/3134 6899/17/3134 6900/22/3134 6895/21/3134
f 6900/14/3135 6948/15/3135 6943/30/3135 6895/29/3135
f 6894/31/5 6942/34/5 6938/33/5 6890/32/5
f 6896/35/6 6895/38/6 6943/37/6 6944/36/6
f 6940/39/3135 6947/42/3135 6899/41/3135 6892/40/3135
f 6938/43/3135 6939/46/3135 6891/45/3135 6890/44/3135
f 6892/47/6 6891/50/6 6939/49/6 6940/48/6
f 6900/51/5 6899/54/5 6947/53/5 6948/52/5
f 6889/55/3133 6898/16/3133 6946/13/3133 6937/56/3133
f 6894/46/3133 6893/58/3133 6941/57/3133 6942/45/3133
f 6893/50/6 6889/60/6 6937/59/6 6941/49/6
f 6898/61/5 6897/64/5 6945/63/5 6946/62/5
f 6949/3/3128 6952/4/3128 6951/1/3136 6950/2/3128
f 6953/6/3136 6950/2/3128 6951/1/3136 6954/5/3136
f 6955/9/3128 6958/10/3128 6957/11/3129 6956/8/3131
f 6959/7/3129 6956/8/3131 6957/11/3129 6960/12/3129
f 6957/11/3129 6958/10/3128 6951/1/3131 6952/4/3131
f 6908/15/3135 6907/16/3135 6955/13/3135 6956/14/3135
f 6906/28/3137 6903/23/3137 6904/24/3139 6905/27/3138
f 6902/26/3139 6905/27/3138 6904/24/3139 6901/25/3139
f 6959/30/3133 6960/15/3133 6912/14/3133 6911/29/3133
f 6950/33/5 6953/34/5 6905/31/5 6902/32/5
f 6959/37/6 6911/38/6 6908/35/6 6956/36/6
f 6909/41/3133 6957/42/3133 6952/39/3133 6904/40/3133
f 6901/45/3133 6949/46/3133 6950/43/3133 6902/44/3133
f 6949/49/6 6901/50/6 6904/47/6 6952/48/6
f 6957/53/5 6909/54/5 6912/51/5 6960/52/5
f 6958/13/3135 6910/16/3135 6903/55/3135 6951/56/3135
f 6954/57/3135 6906/58/3135 6905/46/3135 6953/45/3135
f 6951/59/6 6903/60/6 6906/50/6 6954/49/6
f 6955/63/5 6907/64/5 6910/61/5 6958/62/5
f 6961/65/3140 6964/68/3140 6963/67/3140 6962/66/3140
f 6965/65/3107 6961/68/3107 6962/67/3107 6966/66/3107
f 6967/65/3141 6965/68/3141 6966/67/3141 6968/66/3141
f 6964/65/3096 6967/68/3096 6968/67/3096 6963/66/3096
f 6962/69/5 6963/72/5 6968/71/5 6966/70/5
f 6969/67/3142 6972/68/3142 6971/65/3142 6970/66/3142
f 6970/67/3143 6971/68/3143 6974/65/3143 6973/66/3143
f 6973/67/3144 6974/68/3144 6976/65/3144 6975/66/3144
f 6975/67/3100 6976/68/3100 6972/65/3100 6969/66/3100
f 6975/71/5 6969/72/5 6970/69/5 6973/70/5
f 6977/73/3145 6980/76/3145 6979/75/3145 6978/74/3145
f 6981/77/3146 6977/80/3146 6978/79/3146 6982/78/3146
f 6983/81/3147 6981/79/3147 6982/76/3147 6984/73/3147
f 6980/82/3148 6983/85/3148 6984/84/3148 6979/83/3148
f 6978/86/5 6979/89/5 6984/88/5 6982/87/5
f 6981/90/6 6983/93/6 6980/92/6 6977/91/6
f 6985/1/3149 6988/4/3149 6987/3/3151 6986/2/3150
f 6986/2/3150 6990/6/3152 6989/5/3152 6985/1/3149
f 6991/7/3153 6994/10/3154 6993/9/3154 6992/8/3154
f 6994/10/3154 6991/7/3153 6996/12/3153 6995/11/3153
f 6988/4/3149 6985/1/3149 6994/10/3149 6995/11/3149
f 6993/13/3155 6945/16/3155 6944/15/3155 6992/14/3155
f 6947/17/3156 6944/20/3156 6945/19/3156 6946/18/3156
f 6944/20/3156 6947/17/3156 6948/22/3156 6943/21/3156
f 6948/14/3157 6996/15/3157 6991/30/3157 6943/29/3157
f 6942/31/5 6990/34/5 6986/33/5 6938/32/5
f 6944/35/6 6943/38/6 6991/37/6 6992/36/6
f 6988/39/3157 6995/42/3157 6947/41/3157 6940/40/3157
f 6986/43/3157 6987/46/3157 6939/45/3157 6938/44/3157
f 6940/47/6 6939/50/6 6987/49/6 6988/48/6
f 6948/51/5 6947/54/5 6995/53/5 6996/52/5
f 6937/55/3155 6946/16/3155 6994/13/3155 6985/56/3155
f 6942/46/3155 6941/58/3155 6989/57/3155 6990/45/3155
f 6941/50/6 6937/60/6 6985/59/6 6989/49/6
f 6946/61/5 6945/64/5 6993/63/5 6994/62/5
f 6997/3/3152 7000/4/3152 6999/1/3149 6998/2/3152
f 7001/6/3149 6998/2/3152 6999/1/3149 7002/5/3149
f 7003/9/3153 7006/10/3153 7005/11/3154 7004/8/3153
f 7007/7/3158 7004/8/3153 7005/11/3154 7008/12/3158
f 7005/11/3154 7006/10/3153 6999/1/3149 7000/4/3149
f 6956/15/3159 6955/16/3159 7003/13/3159 7004/14/3159
f 6954/28/3160 6951/23/3160 6952/24/3161 6953/27/3160
f 6950/26/3162 6953/27/3160 6952/24/3161 6949/25/3162
f 7007/30/3163 7008/15/3163 6960/14/3163 6959/29/3163
f 6998/33/5 7001/34/5 6953/31/5 6950/32/5
f 7007/37/6 6959/38/6 6956/35/6 7004/36/6
f 6957/41/3164 7005/42/3164 7000/39/3164 6952/40/3164
f 6949/45/3164 6997/46/3164 6998/43/3164 6950/44/3164
f 6997/49/6 6949/50/6 6952/47/6 7000/48/6
f 7005/53/5 6957/54/5 6960/51/5 7008/52/5
f 7006/13/3159 6958/16/3159 6951/55/3159 6999/56/3159
f 7002/57/3159 6954/58/3159 6953/46/3159 7001/45/3159
f 6999/59/6 6951/60/6 6954/50/6 7002/49/6
f 7003/63/5 6955/64/5 6958/61/5 7006/62/5
f 7009/65/3165 7012/68/3165 7011/67/3165 7010/66/3165
f 7013/65/3166 7009/68/3166 7010/67/3166 7014/66/3166
f 7015/65/3167 7013/68/3167 7014/67/3167 7016/66/3167
f 7012/65/3168 7015/68/3168 7016/67/3168 7011/66/3168
f 7010/69/5 7011/72/5 7016/71/5 7014/70/5
f 7017/67/3165 7020/68/3165 7019/65/3165 7018/66/3165
f 7018/67/3159 7019/68/3159 7022/65/3159 7021/66/3159
f 7021/67/3169 7022/68/3169 7024/65/3169 7023/66/3169
f 7023/67/3164 7024/68/3164 7020/65/3164 7017/66/3164
f 7023/71/5 7017/72/5 7018/69/5 7021/70/5
f 7025/73/3170 7028/76/3170 7027/75/3170 7026/74/3170
f 7029/77/3155 7025/80/3155 7026/79/3155 7030/78/3155
f 7031/81/3171 7029/79/3171 7030/76/3171 7032/73/3171
f 7028/82/3159 7031/85/3159 7032/84/3159 7027/83/3159
f 7026/86/5 7027/89/5 7032/88/5 7030/87/5
f 7029/90/6 7031/93/6 7028/92/6 7025/91/6
f 7033/1/3172 7036/4/3175 7035/3/3174 7034/2/3173
f 7034/2/3173 7038/6/3176 7037/5/3176 7033/1/3172
f 7039/7/3172 7042/10/3176 7041/9/3176 7040/8/3176
f 7042/10/3176 7039/7/3172 7044/12/3172 7043/11/3172
f 7036/4/3175 7033/1/3172 7042/10/3177 7043/11/3177
f 7041/13/3164 6993/16/3164 6992/15/3164 7040/14/3164
f 6995/17/3178 6992/20/3179 6993/19/3179 6994/18/3179
f 6992/20/3179 6995/17/3178 6996/22/3178 6991/21/3178
f 6996/14/3159 7044/15/3159 7039/30/3159 6991/29/3159
f 6990/31/5 7038/34/5 7034/33/5 6986/32/5
f 6992/35/6 6991/38/6 7039/37/6 7040/36/6
f 7036/39/3159 7043/42/3159 6995/41/3159 6988/40/3159
f 7034/43/3180 7035/46/3180 6987/45/3180 6986/44/3180
f 6988/47/6 6987/50/6 7035/49/6 7036/48/6
f 6996/51/5 6995/54/5 7043/53/5 7044/52/5
f 6985/55/3164 6994/16/3164 7042/13/3164 7033/56/3164
f 6990/46/3164 6989/58/3164 7037/57/3164 7038/45/3164
f 6989/50/6 6985/60/6 7033/59/6 7037/49/6
f 6994/61/5 6993/64/5 7041/63/5 7042/62/5
f 7045/3/3181 7048/4/3181 7047/1/3173 7046/2/3172
f 7049/6/3182 7046/2/3172 7047/1/3173 7050/5/3182
f 7051/9/3183 7054/10/3184 7053/11/3176 7052/8/3172
f 7055/7/3176 7052/8/3172 7053/11/3176 7056/12/3176
f 7053/11/3176 7054/10/3184 7047/1/3172 7048/4/3172
f 7004/15/3157 7003/16/3157 7051/13/3157 7052/14/3157
f 7002/28/3185 6999/23/3185 7000/24/3185 7001/27/3185
f 6998/26/3185 7001/27/3185 7000/24/3185 6997/25/3185
f 7055/30/3186 7056/15/3186 7008/14/3186 7007/29/3186
f 7046/33/5 7049/34/5 7001/31/5 6998/32/5
f 7055/37/6 7007/38/6 7004/35/6 7052/36/6
f 7005/41/3155 7053/42/3155 7048/39/3155 7000/40/3155
f 6997/45/3155 7045/46/3155 7046/43/3155 6998/44/3155
f 7045/49/6 6997/50/6 7000/47/6 7048/48/6
f 7053/53/5 7005/54/5 7008/51/5 7056/52/5
f 7054/13/3157 7006/16/3157 6999/55/3157 7047/56/3157
f 7050/57/3187 7002/58/3187 7001/46/3187 7049/45/3187
f 7047/59/6 6999/60/6 7002/50/6 7050/49/6
f 7051/63/5 7003/64/5 7006/61/5 7054/62/5
f 7057/65/3188 7060/68/3188 7059/67/3188 7058/66/3188
f 7061/65/3155 7057/68/3155 7058/67/3155 7062/66/3155
f 7063/65/3189 7061/68/3189 7062/67/3189 7064/66/3189
f 7060/65/3157 7063/68/3157 7064/67/3157 7059/66/3157
f 7058/69/5 7059/72/5 7064/71/5 7062/70/5
f 7065/67/3190 7068/68/3190 7067/65/3190 7066/66/3190
f 7066/67/3159 7067/68/3159 7070/65/3159 7069/66/3159
f 7069/67/3191 7070/68/3191 7072/65/3191 7071/66/3191
f 7071/67/3164 7072/68/3164 7068/65/3164 7065/66/3164
f 7071/71/5 7065/72/5 7066/69/5 7069/70/5
f 7073/73/3192 7076/76/3192 7075/75/3192 7074/74/3192
f 7077/77/3164 7073/80/3164 7074/79/3164 7078/78/3164
f 7079/81/3193 7077/79/3193 7078/76/3193 7080/73/3193
f 7076/82/3157 7079/85/3157 7080/84/3157 7075/83/3157
f 7074/86/5 7075/89/5 7080/88/5 7078/87/5
f 7077/90/6 7079/93/6 7076/92/6 7073/91/6
f 7081/1/3194 7084/4/3194 7083/3/3195 7082/2/3194
f 7082/2/3194 7086/6/3194 7085/5/3194 7081/1/3194
f 7087/7/3196 7090/10/3197 7089/9/3197 7088/8/3197
f 7090/10/3197 7087/7/3196 7092/12/3198 7091/11/3198
f 7084/4/3194 7081/1/3194 7090/10/3196 7091/11/3196
f 7089/13/3199 7041/16/3199 7040/15/3199 7088/14/3199
f 7043/17/3200 7040/20/3200 7041/19/3200 7042/18/3200
f 7040/20/3200 7043/17/3200 7044/22/3201 7039/21/3201
f 7044/14/3202 7092/15/3202 7087/30/3202 7039/29/3202
f 7038/31/5 7086/34/5 7082/33/5 7034/32/5
f 7040/35/6 7039/38/6 7087/37/6 7088/36/6
f 7084/39/3202 7091/42/3202 7043/41/3202 7036/40/3202
f 7082/43/3202 7083/46/3202 7035/45/3202 7034/44/3202
f 7036/47/6 7035/50/6 7083/49/6 7084/48/6
f 7044/51/5 7043/54/5 7091/53/5 7092/52/5
f 7033/55/3199 7042/16/3199 7090/13/3199 7081/56/3199
f 7038/46/3199 7037/58/3199 7085/57/3199 7086/45/3199
f 7037/50/6 7033/60/6 7081/59/6 7085/49/6
f 7042/61/5 7041/64/5 7089/63/5 7090/62/5
f 7093/3/3203 7096/4/3203 7095/1/3204 7094/2/3204
f 7097/6/3204 7094/2/3204 7095/1/3204 7098/5/3204
f 7099/9/3205 7102/10/3195 7101/11/3197 7100/8/3195
f 7103/7/3196 7100/8/3195 7101/11/3197 7104/12/3196
f 7101/11/3197 7102/10/3195 7095/1/3197 7096/4/3197
f 7052/15/3206 7051/16/3206 7099/13/3206 7100/14/3206
f 7050/28/3207 7047/23/3207 7048/24/3201 7049/27/3200
f 7046/26/3201 7049/27/3200 7048/24/3201 7045/25/3201
f 7103/30/3208 7104/15/3208 7056/14/3208 7055/29/3208
f 7094/33/5 7097/34/5 7049/31/5 7046/32/5
f 7103/37/6 7055/38/6 7052/35/6 7100/36/6
f 7053/41/3208 7101/42/3208 7096/39/3208 7048/40/3208
f 7045/45/3208 7093/46/3208 7094/43/3208 7046/44/3208
f 7093/49/6 7045/50/6 7048/47/6 7096/48/6
f 7101/53/5 7053/54/5 7056/51/5 7104/52/5
f 7102/13/3206 7054/16/3206 7047/55/3206 7095/56/3206
f 7098/57/3209 7050/58/3209 7049/46/3209 7097/45/3209
f 7095/59/6 7047/60/6 7050/50/6 7098/49/6
f 7099/63/5 7051/64/5 7054/61/5 7102/62/5
f 7105/65/3210 7108/68/3210 7107/67/3210 7106/66/3210
f 7109/65/3211 7105/68/3211 7106/67/3211 7110/66/3211
f 7111/65/3212 7109/68/3212 7110/67/3212 7112/66/3212
f 7108/65/3213 7111/68/3213 7112/67/3213 7107/66/3213
f 7106/69/5 7107/72/5 7112/71/5 7110/70/5
f 7113/67/3210 7116/68/3210 7115/65/3210 7114/66/3210
f 7114/67/3214 7115/68/3214 7118/65/3214 7117/66/3214
f 7117/67/3215 7118/68/3215 7120/65/3215 7119/66/3215
f 7119/67/3216 7120/68/3216 7116/65/3216 7113/66/3216
f 7119/71/5 7113/72/5 7114/69/5 7117/70/5
f 7121/73/3217 7124/76/3217 7123/75/3217 7122/74/3217
f 7125/77/3218 7121/80/3218 7122/79/3218 7126/78/3218
f 7127/81/3219 7125/79/3219 7126/76/3219 7128/73/3219
f 7124/82/3220 7127/85/3220 7128/84/3220 7123/83/3220
f 7122/86/5 7123/89/5 7128/88/5 7126/87/5
f 7125/90/6 7127/93/6 7124/92/6 7121/91/6
f 7129/1/3221 7132/4/3222 7131/3/3223 7130/2/3222
f 7130/2/3222 7134/6/3221 7133/5/3221 7129/1/3221
f 7135/7/3224 7138/10/3224 7137/9/3225 7136/8/3225
f 7138/10/3224 7135/7/3224 7140/12/3224 7139/11/3224
f 7132/4/3222 7129/1/3221 7138/10/3221 7139/11/3221
f 7137/13/3226 7089/16/3226 7088/15/3226 7136/14/3226
f 7091/17/3227 7088/20/3229 7089/19/3228 7090/18/3228
f 7088/20/3229 7091/17/3227 7092/22/3227 7087/21/3227
f 7092/14/3230 7140/15/3230 7135/30/3230 7087/29/3230
f 7086/31/5 7134/34/5 7130/33/5 7082/32/5
f 7088/35/6 7087/38/6 7135/37/6 7136/36/6
f 7132/39/3230 7139/42/3230 7091/41/3230 7084/40/3230
f 7130/43/3230 7131/46/3230 7083/45/3230 7082/44/3230
f 7084/47/6 7083/50/6 7131/49/6 7132/48/6
f 7092/51/5 7091/54/5 7139/53/5 7140/52/5
f 7081/55/3226 7090/16/3226 7138/13/3226 7129/56/3226
f 7086/46/3226 7085/58/3226 7133/57/3226 7134/45/3226
f 7085/50/6 7081/60/6 7129/59/6 7133/49/6
f 7090/61/5 7089/64/5 7137/63/5 7138/62/5
f 7141/3/3224 7144/4/3224 7143/1/3231 7142/2/3225
f 7145/6/3222 7142/2/3225 7143/1/3231 7146/5/3222
f 7147/9/3224 7150/10/3232 7149/11/3221 7148/8/3225
f 7151/7/3231 7148/8/3225 7149/11/3221 7152/12/3231
f 7149/11/3221 7150/10/3232 7143/1/3233 7144/4/3233
f 7100/15/3234 7099/16/3234 7147/13/3234 7148/14/3234
f 7098/28/3235 7095/23/3235 7096/24/3236 7097/27/3236
f 7094/26/3236 7097/27/3236 7096/24/3236 7093/25/3236
f 7151/30/3237 7152/15/3237 7104/14/3237 7103/29/3237
f 7142/33/5 7145/34/5 7097/31/5 7094/32/5
f 7151/37/6 7103/38/6 7100/35/6 7148/36/6
f 7101/41/3237 7149/42/3237 7144/39/3237 7096/40/3237
f 7093/45/3237 7141/46/3237 7142/43/3237 7094/44/3237
f 7141/49/6 7093/50/6 7096/47/6 7144/48/6
f 7149/53/5 7101/54/5 7104/51/5 7152/52/5
f 7150/13/3234 7102/16/3234 7095/55/3234 7143/56/3234
f 7146/57/3234 7098/58/3234 7097/46/3234 7145/45/3234
f 7143/59/6 7095/60/6 7098/50/6 7146/49/6
f 7147/63/5 7099/64/5 7102/61/5 7150/62/5
f 7153/65/3238 7156/68/3238 7155/67/3238 7154/66/3238
f 7157/65/3237 7153/68/3237 7154/67/3237 7158/66/3237
f 7159/65/3239 7157/68/3239 7158/67/3239 7160/66/3239
f 7156/65/3214 7159/68/3214 7160/67/3214 7155/66/3214
f 7154/69/5 7155/72/5 7160/71/5 7158/70/5
f 7161/67/3240 7164/68/3240 7163/65/3240 7162/66/3240
f 7162/67/3230 7163/68/3230 7166/65/3230 7165/66/3230
f 7165/67/3241 7166/68/3241 7168/65/3241 7167/66/3241
f 7167/67/3237 7168/68/3237 7164/65/3237 7161/66/3237
f 7167/71/5 7161/72/5 7162/69/5 7165/70/5
f 7169/73/3242 7172/76/3242 7171/75/3242 7170/74/3242
f 7173/77/3216 7169/80/3216 7170/79/3216 7174/78/3216
f 7175/81/3243 7173/79/3243 7174/76/3243 7176/73/3243
f 7172/82/3234 7175/85/3234 7176/84/3234 7171/83/3234
f 7170/86/5 7171/89/5 7176/88/5 7174/87/5
f 7173/90/6 7175/93/6 7172/92/6 7169/91/6
f 7177/1/3244 7180/4/3246 7179/3/3246 7178/2/3245
f 7178/2/3245 7182/6/3247 7181/5/3247 7177/1/3244
f 7183/7/3246 7186/10/3248 7185/9/3248 7184/8/3248
f 7186/10/3248 7183/7/3246 7188/12/3249 7187/11/3249
f 7180/4/3246 7177/1/3244 7186/10/3250 7187/11/3250
f 7185/13/3251 7137/16/3251 7136/15/3251 7184/14/3251
f 7139/17/3252 7136/20/3254 7137/19/3253 7138/18/3253
f 7136/20/3254 7139/17/3252 7140/22/3252 7135/21/3252
f 7140/14/3213 7188/15/3213 7183/30/3213 7135/29/3213
f 7134/31/5 7182/34/5 7178/33/5 7130/32/5
f 7136/35/6 7135/38/6 7183/37/6 7184/36/6
f 7180/39/3213 7187/42/3213 7139/41/3213 7132/40/3213
f 7178/43/3213 7179/46/3213 7131/45/3213 7130/44/3213
f 7132/47/6 7131/50/6 7179/49/6 7180/48/6
f 7140/51/5 7139/54/5 7187/53/5 7188/52/5
f 7129/55/3251 7138/16/3251 7186/13/3251 7177/56/3251
f 7134/46/3251 7133/58/3251 7181/57/3251 7182/45/3251
f 7133/50/6 7129/60/6 7177/59/6 7181/49/6
f 7138/61/5 7137/64/5 7185/63/5 7186/62/5
f 7189/3/3255 7192/4/3255 7191/1/3245 7190/2/3256
f 7193/6/3257 7190/2/3256 7191/1/3245 7194/5/3257
f 7195/9/3258 7198/10/3259 7197/11/3260 7196/8/3259
f 7199/7/3260 7196/8/3259 7197/11/3260 7200/12/3260
f 7197/11/3260 7198/10/3259 7191/1/3260 7192/4/3260
f 7148/15/3214 7147/16/3214 7195/13/3214 7196/14/3214
f 7146/28/3261 7143/23/3261 7144/24/3261 7145/27/3261
f 7142/26/3262 7145/27/3261 7144/24/3261 7141/25/3262
f 7199/30/3216 7200/15/3216 7152/14/3216 7151/29/3216
f 7190/33/5 7193/34/5 7145/31/5 7142/32/5
f 7199/37/6 7151/38/6 7148/35/6 7196/36/6
f 7149/41/3216 7197/42/3216 7192/39/3216 7144/40/3216
f 7141/45/3216 7189/46/3216 7190/43/3216 7142/44/3216
f 7189/49/6 7141/50/6 7144/47/6 7192/48/6
f 7197/53/5 7149/54/5 7152/51/5 7200/52/5
f 7198/13/3214 7150/16/3214 7143/55/3214 7191/56/3214
f 7194/57/3263 7146/58/3263 7145/46/3263 7193/45/3263
f 7191/59/6 7143/60/6 7146/50/6 7194/49/6
f 7195/63/5 7147/64/5 7150/61/5 7198/62/5
f 7201/65/3264 7204/68/3264 7203/67/3264 7202/66/3264
f 7205/65/3237 7201/68/3237 7202/67/3237 7206/66/3237
f 7207/65/3265 7205/68/3265 7206/67/3265 7208/66/3265
f 7204/65/3234 7207/68/3234 7208/67/3234 7203/66/3234
f 7202/69/5 7203/72/5 7208/71/5 7206/70/5
f 7209/67/3264 7212/68/3264 7211/65/3264 7210/66/3264
f 7210/67/3213 7211/68/3213 7214/65/3213 7213/66/3213
f 7213/67/3266 7214/68/3266 7216/65/3266 7215/66/3266
f 7215/67/3237 7216/68/3237 7212/65/3237 7209/66/3237
f 7215/71/5 7209/72/5 7210/69/5 7213/70/5
f 7217/73/3267 7220/76/3267 7219/75/3267 7218/74/3267
f 7221/77/3251 7217/80/3251 7218/79/3251 7222/78/3251
f 7223/81/3268 7221/79/3268 7222/76/3268 7224/73/3268
f 7220/82/3214 7223/85/3214 7224/84/3214 7219/83/3214
f 7218/86/5 7219/89/5 7224/88/5 7222/87/5
f 7221/90/6 7223/93/6 7220/92/6 7217/91/6
f 7225/1/3269 7228/4/3271 7227/3/3271 7226/2/3270
f 7226/2/3270 7230/6/3272 7229/5/3272 7225/1/3269
f 7231/7/3273 7234/10/3273 7233/9/3270 7232/8/3270
f 7234/10/3273 7231/7/3273 7236/12/3273 7235/11/3273
f 7228/4/3271 7225/1/3269 7234/10/3270 7235/11/3270
f 7233/13/3274 7185/16/3274 7184/15/3274 7232/14/3274
f 7187/17/3275 7184/20/3276 7185/19/3276 7186/18/3276
f 7184/20/3276 7187/17/3275 7188/22/3275 7183/21/3275
f 7188/14/3277 7236/15/3277 7231/30/3277 7183/29/3277
f 7182/31/5 7230/34/5 7226/33/5 7178/32/5
f 7184/35/6 7183/38/6 7231/37/6 7232/36/6
f 7228/39/3277 7235/42/3277 7187/41/3277 7180/40/3277
f 7226/43/3277 7227/46/3277 7179/45/3277 7178/44/3277
f 7180/47/6 7179/50/6 7227/49/6 7228/48/6
f 7188/51/5 7187/54/5 7235/53/5 7236/52/5
f 7177/55/3274 7186/16/3274 7234/13/3274 7225/56/3274
f 7182/46/3274 7181/58/3274 7229/57/3274 7230/45/3274
f 7181/50/6 7177/60/6 7225/59/6 7229/49/6
f 7186/61/5 7185/64/5 7233/63/5 7234/62/5
f 7237/3/3278 7240/4/3278 7239/1/3273 7238/2/3279
f 7241/6/3280 7238/2/3279 7239/1/3273 7242/5/3280
f 7243/9/3280 7246/10/3273 7245/11/3270 7244/8/3273
f 7247/7/3281 7244/8/3273 7245/11/3270 7248/12/3281
f 7245/11/3270 7246/10/3273 7239/1/3270 7240/4/3270
f 7196/15/3282 7195/16/3282 7243/13/3282 7244/14/3282
f 7194/28/3283 7191/23/3283 7192/24/3284 7193/27/3284
f 7190/26/3284 7193/27/3284 7192/24/3284 7189/25/3284
f 7247/30/3285 7248/15/3285 7200/14/3285 7199/29/3285
f 7238/33/5 7241/34/5 7193/31/5 7190/32/5
f 7247/37/6 7199/38/6 7196/35/6 7244/36/6
f 7197/41/3285 7245/42/3285 7240/39/3285 7192/40/3285
f 7189/45/3286 7237/46/3286 7238/43/3286 7190/44/3286
f 7237/49/6 7189/50/6 7192/47/6 7240/48/6
f 7245/53/5 7197/54/5 7200/51/5 7248/52/5
f 7246/13/3282 7198/16/3282 7191/55/3282 7239/56/3282
f 7242/57/3287 7194/58/3287 7193/46/3287 7241/45/3287
f 7239/59/6 7191/60/6 7194/50/6 7242/49/6
f 7243/63/5 7195/64/5 7198/61/5 7246/62/5
f 7249/65/3288 7252/68/3288 7251/67/3288 7250/66/3288
f 7253/65/3289 7249/68/3289 7250/67/3289 7254/66/3289
f 7255/65/3290 7253/68/3290 7254/67/3290 7256/66/3290
f 7252/65/3291 7255/68/3291 7256/67/3291 7251/66/3291
f 7250/69/5 7251/72/5 7256/71/5 7254/70/5
f 7257/67/3292 7260/68/3292 7259/65/3292 7258/66/3292
f 7258/67/3293 7259/68/3293 7262/65/3293 7261/66/3293
f 7261/67/3290 7262/68/3290 7264/65/3290 7263/66/3290
f 7263/67/3294 7264/68/3294 7260/65/3294 7257/66/3294
f 7263/71/5 7257/72/5 7258/69/5 7261/70/5
f 7265/73/3295 7268/76/3295 7267/75/3295 7266/74/3295
f 7269/77/3296 7265/80/3296 7266/79/3296 7270/78/3296
f 7271/81/3297 7269/79/3297 7270/76/3297 7272/73/3297
f 7268/82/3291 7271/85/3291 7272/84/3291 7267/83/3291
f 7266/86/5 7267/89/5 7272/88/5 7270/87/5
f 7269/90/6 7271/93/6 7268/92/6 7265/91/6
f 7273/1/3298 7276/4/3300 7275/3/3299 7274/2/3298
f 7274/2/3298 7278/6/3301 7277/5/3301 7273/1/3298
f 7279/7/3300 7282/10/3300 7281/9/3300 7280/8/3300
f 7282/10/3300 7279/7/3300 7284/12/3300 7283/11/3300
f 7276/4/3300 7273/1/3298 7282/10/3302 7283/11/3302
f 7281/13/3303 7233/16/3303 7232/15/3303 7280/14/3303
f 7235/17/3304 7232/20/3304 7233/19/3304 7234/18/3304
f 7232/20/3304 7235/17/3304 7236/22/3305 7231/21/3305
f 7236/14/3293 7284/15/3293 7279/30/3293 7231/29/3293
f 7230/31/5 7278/34/5 7274/33/5 7226/32/5
f 7232/35/6 7231/38/6 7279/37/6 7280/36/6
f 7276/39/3293 7283/42/3293 7235/41/3293 7228/40/3293
f 7274/43/3293 7275/46/3293 7227/45/3293 7226/44/3293
f 7228/47/6 7227/50/6 7275/49/6 7276/48/6
f 7236/51/5 7235/54/5 7283/53/5 7284/52/5
f 7225/55/3303 7234/16/3303 7282/13/3303 7273/56/3303
f 7230/46/3303 7229/58/3303 7277/57/3303 7278/45/3303
f 7229/50/6 7225/60/6 7273/59/6 7277/49/6
f 7234/61/5 7233/64/5 7281/63/5 7282/62/5
f 7285/3/3306 7288/4/3306 7287/1/3302 7286/2/3300
f 7289/6/3307 7286/2/3300 7287/1/3302 7290/5/3307
f 7291/9/3308 7294/10/3302 7293/11/3299 7292/8/3302
f 7295/7/3309 7292/8/3302 7293/11/3299 7296/12/3309
f 7293/11/3299 7294/10/3302 7287/1/3298 7288/4/3298
f 7244/15/3310 7243/16/3310 7291/13/3310 7292/14/3310
f 7242/28/3311 7239/23/3311 7240/24/3312 7241/27/3305
f 7238/26/3312 7241/27/3305 7240/24/3312 7237/25/3312
f 7295/30/3294 7296/15/3294 7248/14/3294 7247/29/3294
f 7286/33/5 7289/34/5 7241/31/5 7238/32/5
f 7295/37/6 7247/38/6 7244/35/6 7292/36/6
f 7245/41/3294 7293/42/3294 7288/39/3294 7240/40/3294
f 7237/45/3313 7285/46/3313 7286/43/3313 7238/44/3313
f 7285/49/6 7237/50/6 7240/47/6 7288/48/6
f 7293/53/5 7245/54/5 7248/51/5 7296/52/5
f 7294/13/3310 7246/16/3310 7239/55/3310 7287/56/3310
f 7290/57/3310 7242/58/3310 7241/46/3310 7289/45/3310
f 7287/59/6 7239/60/6 7242/50/6 7290/49/6
f 7291/63/5 7243/64/5 7246/61/5 7294/62/5
f 7297/65/3314 7300/68/3314 7299/67/3314 7298/66/3314
f 7301/65/3303 7297/68/3303 7298/67/3303 7302/66/3303
f 7303/65/3315 7301/68/3315 7302/67/3315 7304/66/3315
f 7300/65/3293 7303/68/3293 7304/67/3293 7299/66/3293
f 7298/69/5 7299/72/5 7304/71/5 7302/70/5
f 7305/67/3314 7308/68/3314 7307/65/3314 7306/66/3314
f 7306/67/3316 7307/68/3316 7310/65/3316 7309/66/3316
f 7309/67/3315 7310/68/3315 7312/65/3315 7311/66/3315
f 7311/67/3303 7312/68/3303 7308/65/3303 7305/66/3303
f 7311/71/5 7305/72/5 7306/69/5 7309/70/5
f 7313/73/3317 7316/76/3317 7315/75/3317 7314/74/3317
f 7317/77/3303 7313/80/3303 7314/79/3303 7318/78/3303
f 7319/81/3318 7317/79/3318 7318/76/3318 7320/73/3318
f 7316/82/3310 7319/85/3310 7320/84/3310 7315/83/3310
f 7314/86/5 7315/89/5 7320/88/5 7318/87/5
f 7317/90/6 7319/93/6 7316/92/6 7313/91/6
f 7321/1/3319 7324/4/3320 7323/3/3320 7322/2/3320
f 7322/2/3320 7326/6/3321 7325/5/3321 7321/1/3319
f 7327/7/3322 7330/10/3319 7329/9/3319 7328/8/3319
f 7330/10/3319 7327/7/3322 7332/12/3323 7331/11/3323
f 7324/4/3320 7321/1/3319 7330/10/3319 7331/11/3319
f 7329/13/3294 7281/16/3294 7280/15/3294 7328/14/3294
f 7283/17/3324 7280/20/3326 7281/19/3325 7282/18/3325
f 7280/20/3326 7283/17/3324 7284/22/3324 7279/21/3324
f 7284/14/3310 7332/15/3310 7327/30/3310 7279/29/3310
f 7278/31/5 7326/34/5 7322/33/5 7274/32/5
f 7280/35/6 7279/38/6 7327/37/6 7328/36/6
f 7324/39/3310 7331/42/3310 7283/41/3310 7276/40/3310
f 7322/43/3310 7323/46/3310 7275/45/3310 7274/44/3310
f 7276/47/6 7275/50/6 7323/49/6 7324/48/6
f 7284/51/5 7283/54/5 7331/53/5 7332/52/5
f 7273/55/3294 7282/16/3294 7330/13/3294 7321/56/3294
f 7278/46/3294 7277/58/3294 7325/57/3294 7326/45/3294
f 7277/50/6 7273/60/6 7321/59/6 7325/49/6
f 7282/61/5 7281/64/5 7329/63/5 7330/62/5
f 7333/3/3327 7336/4/3327 7335/1/3319 7334/2/3327
f 7337/6/3319 7334/2/3327 7335/1/3319 7338/5/3319
f 7339/9/3328 7342/10/3328 7341/11/3322 7340/8/3319
f 7343/7/3329 7340/8/3319 7341/11/3322 7344/12/3329
f 7341/11/3322 7342/10/3328 7335/1/3328 7336/4/3328
f 7292/15/3330 7291/16/3330 7339/13/3330 7340/14/3330
f 7290/28/3331 7287/23/3331 7288/24/3324 7289/27/3332
f 7286/26/3324 7289/27/3332 7288/24/3324 7285/25/3324
f 7343/30/3296 7344/15/3296 7296/14/3296 7295/29/3296
f 7334/33/5 7337/34/5 7289/31/5 7286/32/5
f 7343/37/6 7295/38/6 7292/35/6 7340/36/6
f 7293/41/3296 7341/42/3296 7336/39/3296 7288/40/3296
f 7285/45/3296 7333/46/3296 7334/43/3296 7286/44/3296
f 7333/49/6 7285/50/6 7288/47/6 7336/48/6
f 7341/53/5 7293/54/5 7296/51/5 7344/52/5
f 7342/13/3330 7294/16/3330 7287/55/3330 7335/56/3330
f 7338/57/3330 7290/58/3330 7289/46/3330 7337/45/3330
f 7335/59/6 7287/60/6 7290/50/6 7338/49/6
f 7339/63/5 7291/64/5 7294/61/5 7342/62/5
f 7345/65/3333 7348/68/3333 7347/67/3333 7346/66/3333
f 7349/65/3303 7345/68/3303 7346/67/3303 7350/66/3303
f 7351/65/3334 7349/68/3334 7350/67/3334 7352/66/3334
f 7348/65/3316 7351/68/3316 7352/67/3316 7347/66/3316
f 7346/69/5 7347/72/5 7352/71/5 7350/70/5
f 7353/67/3333 7356/68/3333 7355/65/3333 7354/66/3333
f 7354/67/3293 7355/68/3293 7358/65/3293 7357/66/3293
f 7357/67/3334 7358/68/3334 7360/65/3334 7359/66/3334
f 7359/67/3289 7360/68/3289 7356/65/3289 7353/66/3289
f 7359/71/5 7353/72/5 7354/69/5 7357/70/5
f 7361/73/3335 7364/76/3335 7363/75/3335 7362/74/3335
f 7365/77/3289 7361/80/3289 7362/79/3289 7366/78/3289
f 7367/81/3336 7365/79/3336 7366/76/3336 7368/73/3336
f 7364/82/3330 7367/85/3330 7368/84/3330 7363/83/3330
f 7362/86/5 7363/89/5 7368/88/5 7366/87/5
f 7365/90/6 7367/93/6 7364/92/6 7361/91/6
f 7369/1/3337 7372/4/3338 7371/3/3337 7370/2/3337
f 7370/2/3337 7374/6/3337 7373/5/3337 7369/1/3337
f 7375/7/3337 7378/10/3338 7377/9/3338 7376/8/3338
f 7378/10/3338 7375/7/3337 7380/12/3337 7379/11/3337
f 7372/4/3338 7369/1/3337 7378/10/3338 7379/11/3338
f 7377/13/3339 7329/16/3339 7328/15/3339 7376/14/3339
f 7331/17/3340 7328/20/3341 7329/19/3341 7330/18/3341
f 7328/20/3341 7331/17/3340 7332/22/3340 7327/21/3340
f 7332/14/3342 7380/15/3342 7375/30/3342 7327/29/3342
f 7326/31/5 7374/34/5 7370/33/5 7322/32/5
f 7328/35/6 7327/38/6 7375/37/6 7376/36/6
f 7372/39/3342 7379/42/3342 7331/41/3342 7324/40/3342
f 7370/43/3342 7371/46/3342 7323/45/3342 7322/44/3342
f 7324/47/6 7323/50/6 7371/49/6 7372/48/6
f 7332/51/5 7331/54/5 7379/53/5 7380/52/5
f 7321/55/3339 7330/16/3339 7378/13/3339 7369/56/3339
f 7326/46/3339 7325/58/3339 7373/57/3339 7374/45/3339
f 7325/50/6 7321/60/6 7369/59/6 7373/49/6
f 7330/61/5 7329/64/5 7377/63/5 7378/62/5
f 7381/3/3338 7384/4/3338 7383/1/3344 7382/2/3343
f 7385/6/3345 7382/2/3343 7383/1/3344 7386/5/3345
f 7387/9/3346 7390/10/3348 7389/11/3347 7388/8/3337
f 7391/7/3349 7388/8/3337 7389/11/3347 7392/12/3349
f 7389/11/3347 7390/10/3348 7383/1/3347 7384/4/3347
f 7340/15/3350 7339/16/3350 7387/13/3350 7388/14/3350
f 7338/28/3340 7335/23/3340 7336/24/3351 7337/27/3340
f 7334/26/3352 7337/27/3340 7336/24/3351 7333/25/3352
f 7391/30/3353 7392/15/3353 7344/14/3353 7343/29/3353
f 7382/33/5 7385/34/5 7337/31/5 7334/32/5
f 7391/37/6 7343/38/6 7340/35/6 7388/36/6
f 7341/41/3353 7389/42/3353 7384/39/3353 7336/40/3353
f 7333/45/3353 7381/46/3353 7382/43/3353 7334/44/3353
f 7381/49/6 7333/50/6 7336/47/6 7384/48/6
f 7389/53/5 7341/54/5 7344/51/5 7392/52/5
f 7390/13/3350 7342/16/3350 7335/55/3350 7383/56/3350
f 7386/57/3350 7338/58/3350 7337/46/3350 7385/45/3350
f 7383/59/6 7335/60/6 7338/50/6 7386/49/6
f 7387/63/5 7339/64/5 7342/61/5 7390/62/5
f 7393/65/3354 7396/68/3354 7395/67/3354 7394/66/3354
f 7397/65/3355 7393/68/3355 7394/67/3355 7398/66/3355
f 7399/65/3356 7397/68/3356 7398/67/3356 7400/66/3356
f 7396/65/3357 7399/68/3357 7400/67/3357 7395/66/3357
f 7394/69/5 7395/72/5 7400/71/5 7398/70/5
f 7401/67/3354 7404/68/3354 7403/65/3354 7402/66/3354
f 7402/67/3358 7403/68/3358 7406/65/3358 7405/66/3358
f 7405/67/3359 7406/68/3359 7408/65/3359 7407/66/3359
f 7407/67/3360 7408/68/3360 7404/65/3360 7401/66/3360
f 7407/71/5 7401/72/5 7402/69/5 7405/70/5
f 7409/73/3361 7412/76/3361 7411/75/3361 7410/74/3361
f 7413/77/3362 7409/80/3362 7410/79/3362 7414/78/3362
f 7415/81/3363 7413/79/3363 7414/76/3363 7416/73/3363
f 7412/82/3357 7415/85/3357 7416/84/3357 7411/83/3357
f 7410/86/5 7411/89/5 7416/88/5 7414/87/5
f 7413/90/6 7415/93/6 7412/92/6 7409/91/6
f 7417/1/3364 7420/4/3367 7419/3/3366 7418/2/3365
f 7418/2/3365 7422/6/3364 7421/5/3364 7417/1/3364
f 7423/7/3368 7426/10/3369 7425/9/3365 7424/8/3365
f 7426/10/3369 7423/7/3368 7428/12/3370 7427/11/3370
f 7420/4/3367 7417/1/3364 7426/10/3371 7427/11/3371
f 7425/13/3372 7377/16/3372 7376/15/3372 7424/14/3372
f 7379/17/3373 7376/20/3373 7377/19/3373 7378/18/3373
f 7376/20/3373 7379/17/3373 7380/22/3373 7375/21/3373
f 7380/14/3374 7428/15/3374 7423/30/3374 7375/29/3374
f 7374/31/5 7422/34/5 7418/33/5 7370/32/5
f 7376/35/6 7375/38/6 7423/37/6 7424/36/6
f 7420/39/3374 7427/42/3374 7379/41/3374 7372/40/3374
f 7418/43/3374 7419/46/3374 7371/45/3374 7370/44/3374
f 7372/47/6 7371/50/6 7419/49/6 7420/48/6
f 7380/51/5 7379/54/5 7427/53/5 7428/52/5
f 7369/55/3372 7378/16/3372 7426/13/3372 7417/56/3372
f 7374/46/3372 7373/58/3372 7421/57/3372 7422/45/3372
f 7373/50/6 7369/60/6 7417/59/6 7421/49/6
f 7378/61/5 7377/64/5 7425/63/5 7426/62/5
f 7429/3/3375 7432/4/3375 7431/1/3370 7430/2/3364
f 7433/6/3364 7430/2/3364 7431/1/3370 7434/5/3364
f 7435/9/3364 7438/10/3364 7437/11/3367 7436/8/3364
f 7439/7/3367 7436/8/3364 7437/11/3367 7440/12/3367
f 7437/11/3367 7438/10/3364 7431/1/3364 7432/4/3364
f 7388/15/3376 7387/16/3376 7435/13/3376 7436/14/3376
f 7386/28/3377 7383/23/3377 7384/24/3373 7385/27/3377
f 7382/26/3373 7385/27/3377 7384/24/3373 7381/25/3373
f 7439/30/3372 7440/15/3372 7392/14/3372 7391/29/3372
f 7430/33/5 7433/34/5 7385/31/5 7382/32/5
f 7439/37/6 7391/38/6 7388/35/6 7436/36/6
f 7389/41/3372 7437/42/3372 7432/39/3372 7384/40/3372
f 7381/45/3372 7429/46/3372 7430/43/3372 7382/44/3372
f 7429/49/6 7381/50/6 7384/47/6 7432/48/6
f 7437/53/5 7389/54/5 7392/51/5 7440/52/5
f 7438/13/3374 7390/16/3374 7383/55/3374 7431/56/3374
f 7434/57/3374 7386/58/3374 7385/46/3374 7433/45/3374
f 7431/59/6 7383/60/6 7386/50/6 7434/49/6
f 7435/63/5 7387/64/5 7390/61/5 7438/62/5
f 7441/65/3378 7444/68/3378 7443/67/3378 7442/66/3378
f 7445/65/3355 7441/68/3355 7442/67/3355 7446/66/3355
f 7447/65/3379 7445/68/3379 7446/67/3379 7448/66/3379
f 7444/65/3357 7447/68/3357 7448/67/3357 7443/66/3357
f 7442/69/5 7443/72/5 7448/71/5 7446/70/5
f 7449/67/3378 7452/68/3378 7451/65/3378 7450/66/3378
f 7450/67/3374 7451/68/3374 7454/65/3374 7453/66/3374
f 7453/67/3380 7454/68/3380 7456/65/3380 7455/66/3380
f 7455/67/3372 7456/68/3372 7452/65/3372 7449/66/3372
f 7455/71/5 7449/72/5 7450/69/5 7453/70/5
f 7457/73/3381 7460/76/3381 7459/75/3381 7458/74/3381
f 7461/77/3372 7457/80/3372 7458/79/3372 7462/78/3372
f 7463/81/3382 7461/79/3382 7462/76/3382 7464/73/3382
f 7460/82/3374 7463/85/3374 7464/84/3374 7459/83/3374
f 7458/86/5 7459/89/5 7464/88/5 7462/87/5
f 7461/90/6 7463/93/6 7460/92/6 7457/91/6
f 7465/1/3383 7468/4/3383 7467/3/3385 7466/2/3384
f 7466/2/3384 7470/6/3383 7469/5/3383 7465/1/3383
f 7471/7/3386 7474/10/3383 7473/9/3383 7472/8/3383
f 7474/10/3383 7471/7/3386 7476/12/3387 7475/11/3387
f 7468/4/3383 7465/1/3383 7474/10/3386 7475/11/3386
f 7473/13/3388 7425/16/3388 7424/15/3388 7472/14/3388
f 7427/17/3389 7424/20/3391 7425/19/3390 7426/18/3390
f 7424/20/3391 7427/17/3389 7428/22/3389 7423/21/3389
f 7428/14/3392 7476/15/3392 7471/30/3392 7423/29/3392
f 7422/31/5 7470/34/5 7466/33/5 7418/32/5
f 7424/35/6 7423/38/6 7471/37/6 7472/36/6
f 7468/39/3393 7475/42/3393 7427/41/3393 7420/40/3393
f 7466/43/3392 7467/46/3392 7419/45/3392 7418/44/3392
f 7420/47/6 7419/50/6 7467/49/6 7468/48/6
f 7428/51/5 7427/54/5 7475/53/5 7476/52/5
f 7417/55/3388 7426/16/3388 7474/13/3388 7465/56/3388
f 7422/46/3388 7421/58/3388 7469/57/3388 7470/45/3388
f 7421/50/6 7417/60/6 7465/59/6 7469/49/6
f 7426/61/5 7425/64/5 7473/63/5 7474/62/5
f 7477/3/3383 7480/4/3383 7479/1/3394 7478/2/3383
f 7481/6/3395 7478/2/3383 7479/1/3394 7482/5/3395
f 7483/9/3383 7486/10/3383 7485/11/3386 7484/8/3383
f 7487/7/3386 7484/8/3383 7485/11/3386 7488/12/3386
f 7485/11/3386 7486/10/3383 7479/1/3383 7480/4/3383
f 7436/15/3396 7435/16/3396 7483/13/3396 7484/14/3396
f 7434/28/3397 7431/23/3397 7432/24/3389 7433/27/3398
f 7430/26/3389 7433/27/3398 7432/24/3389 7429/25/3389
f 7487/30/3399 7488/15/3399 7440/14/3399 7439/29/3399
f 7478/33/5 7481/34/5 7433/31/5 7430/32/5
f 7487/37/6 7439/38/6 7436/35/6 7484/36/6
f 7437/41/3399 7485/42/3399 7480/39/3399 7432/40/3399
f 7429/45/3399 7477/46/3399 7478/43/3399 7430/44/3399
f 7477/49/6 7429/50/6 7432/47/6 7480/48/6
f 7485/53/5 7437/54/5 7440/51/5 7488/52/5
f 7486/13/3400 7438/16/3400 7431/55/3400 7479/56/3400
f 7482/57/3400 7434/58/3400 7433/46/3400 7481/45/3400
f 7479/59/6 7431/60/6 7434/50/6 7482/49/6
f 7483/63/5 7435/64/5 7438/61/5 7486/62/5
f 7489/65/3401 7492/68/3401 7491/67/3401 7490/66/3401
f 7493/65/3360 7489/68/3360 7490/67/3360 7494/66/3360
f 7495/65/3402 7493/68/3402 7494/67/3402 7496/66/3402
f 7492/65/3358 7495/68/3358 7496/67/3358 7491/66/3358
f 7490/69/5 7491/72/5 7496/71/5 7494/70/5
f 7497/67/3403 7500/68/3403 7499/65/3403 7498/66/3403
f 7498/67/3374 7499/68/3374 7502/65/3374 7501/66/3374
f 7501/67/3404 7502/68/3404 7504/65/3404 7503/66/3404
f 7503/67/3355 7504/68/3355 7500/65/3355 7497/66/3355
f 7503/71/5 7497/72/5 7498/69/5 7501/70/5
f 7505/73/3405 7508/76/3405 7507/75/3405 7506/74/3405
f 7509/77/3355 7505/80/3355 7506/79/3355 7510/78/3355
f 7511/81/3406 7509/79/3406 7510/76/3406 7512/73/3406
f 7508/82/3407 7511/85/3407 7512/84/3407 7507/83/3407
f 7506/86/5 7507/89/5 7512/88/5 7510/87/5
f 7509/90/6 7511/93/6 7508/92/6 7505/91/6
f 7513/1/3408 7516/4/3409 7515/3/3410 7514/2/3409
f 7514/2/3409 7518/6/3411 7517/5/3411 7513/1/3408
f 7519/7/3412 7522/10/3413 7521/9/3413 7520/8/3413
f 7522/10/3413 7519/7/3412 7524/12/3412 7523/11/3412
f 7516/4/3409 7513/1/3408 7522/10/3412 7523/11/3412
f 7521/13/3414 7473/16/3414 7472/15/3414 7520/14/3414
f 7475/17/3415 7472/20/3416 7473/19/3416 7474/18/3416
f 7472/20/3416 7475/17/3415 7476/22/3415 7471/21/3415
f 7476/14/3417 7524/15/3417 7519/30/3417 7471/29/3417
f 7470/31/5 7518/34/5 7514/33/5 7466/32/5
f 7472/35/6 7471/38/6 7519/37/6 7520/36/6
f 7516/39/3417 7523/42/3417 7475/41/3417 7468/40/3417
f 7514/43/3417 7515/46/3417 7467/45/3417 7466/44/3417
f 7468/47/6 7467/50/6 7515/49/6 7516/48/6
f 7476/51/5 7475/54/5 7523/53/5 7524/52/5
f 7465/55/3414 7474/16/3414 7522/13/3414 7513/56/3414
f 7470/46/3414 7469/58/3414 7517/57/3414 7518/45/3414
f 7469/50/6 7465/60/6 7513/59/6 7517/49/6
f 7474/61/5 7473/64/5 7521/63/5 7522/62/5
f 7525/3/3418 7528/4/3418 7527/1/3418 7526/2/3418
f 7529/6/3418 7526/2/3418 7527/1/3418 7530/5/3418
f 7531/9/3409 7534/10/3420 7533/11/3412 7532/8/3419
f 7535/7/3408 7532/8/3419 7533/11/3412 7536/12/3408
f 7533/11/3412 7534/10/3420 7527/1/3412 7528/4/3412
f 7484/15/3421 7483/16/3421 7531/13/3421 7532/14/3421
f 7482/28/3415 7479/23/3415 7480/24/3422 7481/27/3415
f 7478/26/3423 7481/27/3415 7480/24/3422 7477/25/3423
f 7535/30/3424 7536/15/3424 7488/14/3424 7487/29/3424
f 7526/33/5 7529/34/5 7481/31/5 7478/32/5
f 7535/37/6 7487/38/6 7484/35/6 7532/36/6
f 7485/41/3424 7533/42/3424 7528/39/3424 7480/40/3424
f 7477/45/3424 7525/46/3424 7526/43/3424 7478/44/3424
f 7525/49/6 7477/50/6 7480/47/6 7528/48/6
f 7533/53/5 7485/54/5 7488/51/5 7536/52/5
f 7534/13/3421 7486/16/3421 7479/55/3421 7527/56/3421
f 7530/57/3421 7482/58/3421 7481/46/3421 7529/45/3421
f 7527/59/6 7479/60/6 7482/50/6 7530/49/6
f 7531/63/5 7483/64/5 7486/61/5 7534/62/5
f 7537/65/3425 7540/68/3425 7539/67/3425 7538/66/3425
f 7541/65/3424 7537/68/3424 7538/67/3424 7542/66/3424
f 7543/65/3426 7541/68/3426 7542/67/3426 7544/66/3426
f 7540/65/3421 7543/68/3421 7544/67/3421 7539/66/3421
f 7538/69/5 7539/72/5 7544/71/5 7542/70/5
f 7545/67/3425 7548/68/3425 7547/65/3425 7546/66/3425
f 7546/67/3427 7547/68/3427 7550/65/3427 7549/66/3427
f 7549/67/3426 7550/68/3426 7552/65/3426 7551/66/3426
f 7551/67/3428 7552/68/3428 7548/65/3428 7545/66/3428
f 7551/71/5 7545/72/5 7546/69/5 7549/70/5
f 7553/73/3429 7556/76/3429 7555/75/3429 7554/74/3429
f 7557/77/3428 7553/80/3428 7554/79/3428 7558/78/3428
f 7559/81/3430 7557/79/3430 7558/76/3430 7560/73/3430
f 7556/82/3431 7559/85/3431 7560/84/3431 7555/83/3431
f 7554/86/5 7555/89/5 7560/88/5 7558/87/5
f 7557/90/6 7559/93/6 7556/92/6 7553/91/6
f 7561/1/3432 7564/4/3433 7563/3/3434 7562/2/3433
f 7562/2/3433 7566/6/3435 7565/5/3435 7561/1/3432
f 7567/7/3436 7570/10/3433 7569/9/3433 7568/8/3433
f 7570/10/3433 7567/7/3436 7572/12/3437 7571/11/3437
f 7564/4/3433 7561/1/3432 7570/10/3433 7571/11/3433
f 7569/13/3438 7521/16/3438 7520/15/3438 7568/14/3438
f 7523/17/3439 7520/20/3441 7521/19/3440 7522/18/3440
f 7520/20/3441 7523/17/3439 7524/22/3439 7519/21/3439
f 7524/14/3421 7572/15/3421 7567/30/3421 7519/29/3421
f 7518/31/5 7566/34/5 7562/33/5 7514/32/5
f 7520/35/6 7519/38/6 7567/37/6 7568/36/6
f 7564/39/3421 7571/42/3421 7523/41/3421 7516/40/3421
f 7562/43/3421 7563/46/3421 7515/45/3421 7514/44/3421
f 7516/47/6 7515/50/6 7563/49/6 7564/48/6
f 7524/51/5 7523/54/5 7571/53/5 7572/52/5
f 7513/55/3424 7522/16/3424 7570/13/3424 7561/56/3424
f 7518/46/3424 7517/58/3424 7565/57/3424 7566/45/3424
f 7517/50/6 7513/60/6 7561/59/6 7565/49/6
f 7522/61/5 7521/64/5 7569/63/5 7570/62/5
f 7573/3/3442 7576/4/3442 7575/1/3433 7574/2/3442
f 7577/6/3433 7574/2/3442 7575/1/3433 7578/5/3433
f 7579/9/3433 7582/10/3433 7581/11/3443 7580/8/3433
f 7583/7/3444 7580/8/3433 7581/11/3443 7584/12/3444
f 7581/11/3443 7582/10/3433 7575/1/3433 7576/4/3433
f 7532/15/3417 7531/16/3417 7579/13/3417 7580/14/3417
f 7530/28/3445 7527/23/3445 7528/24/3447 7529/27/3446
f 7526/26/3448 7529/27/3446 7528/24/3447 7525/25/3448
f 7583/30/3414 7584/15/3414 7536/14/3414 7535/29/3414
f 7574/33/5 7577/34/5 7529/31/5 7526/32/5
f 7583/37/6 7535/38/6 7532/35/6 7580/36/6
f 7533/41/3414 7581/42/3414 7576/39/3414 7528/40/3414
f 7525/45/3414 7573/46/3414 7574/43/3414 7526/44/3414
f 7573/49/6 7525/50/6 7528/47/6 7576/48/6
f 7581/53/5 7533/54/5 7536/51/5 7584/52/5
f 7582/13/3417 7534/16/3417 7527/55/3417 7575/56/3417
f 7578/57/3417 7530/58/3417 7529/46/3417 7577/45/3417
f 7575/59/6 7527/60/6 7530/50/6 7578/49/6
f 7579/63/5 7531/64/5 7534/61/5 7582/62/5
f 7585/65/3449 7588/68/3449 7587/67/3449 7586/66/3449
f 7589/65/3450 7585/68/3450 7586/67/3450 7590/66/3450
f 7591/65/3451 7589/68/3451 7590/67/3451 7592/66/3451
f 7588/65/3421 7591/68/3421 7592/67/3421 7587/66/3421
f 7586/69/5 7587/72/5 7592/71/5 7590/70/5
f 7593/67/3449 7596/68/3449 7595/65/3449 7594/66/3449
f 7594/67/3427 7595/68/3427 7598/65/3427 7597/66/3427
f 7597/67/3452 7598/68/3452 7600/65/3452 7599/66/3452
f 7599/67/3424 7600/68/3424 7596/65/3424 7593/66/3424
f 7599/71/5 7593/72/5 7594/69/5 7597/70/5
f 7601/73/3453 7604/76/3453 7603/75/3453 7602/74/3453
f 7605/77/3424 7601/80/3424 7602/79/3424 7606/78/3424
f 7607/81/3454 7605/79/3454 7606/76/3454 7608/73/3454
f 7604/82/3417 7607/85/3417 7608/84/3417 7603/83/3417
f 7602/86/5 7603/89/5 7608/88/5 7606/87/5
f 7605/90/6 7607/93/6 7604/92/6 7601/91/6
f 7609/1/3455 7612/4/3457 7611/3/3456 7610/2/3456
f 7610/2/3456 7614/6/3455 7613/5/3455 7609/1/3455
f 7615/7/3458 7618/10/3458 7617/9/3459 7616/8/3459
f 7618/10/3458 7615/7/3458 7620/12/3458 7619/11/3458
f 7612/4/3457 7609/1/3455 7618/10/3457 7619/11/3457
f 7617/13/3460 7569/16/3460 7568/15/3460 7616/14/3460
f 7571/17/3461 7568/20/3462 7569/19/3462 7570/18/3462
f 7568/20/3462 7571/17/3461 7572/22/3461 7567/21/3461
f 7572/14/3463 7620/15/3463 7615/30/3463 7567/29/3463
f 7566/31/5 7614/34/5 7610/33/5 7562/32/5
f 7568/35/6 7567/38/6 7615/37/6 7616/36/6
f 7612/39/3463 7619/42/3463 7571/41/3463 7564/40/3463
f 7610/43/3463 7611/46/3463 7563/45/3463 7562/44/3463
f 7564/47/6 7563/50/6 7611/49/6 7612/48/6
f 7572/51/5 7571/54/5 7619/53/5 7620/52/5
f 7561/55/3464 7570/16/3464 7618/13/3464 7609/56/3464
f 7566/46/3464 7565/58/3464 7613/57/3464 7614/45/3464
f 7565/50/6 7561/60/6 7609/59/6 7613/49/6
f 7570/61/5 7569/64/5 7617/63/5 7618/62/5
f 7621/3/3465 7624/4/3465 7623/1/3457 7622/2/3457
f 7625/6/3466 7622/2/3457 7623/1/3457 7626/5/3466
f 7627/9/3467 7630/10/3468 7629/11/3469 7628/8/3468
f 7631/7/3470 7628/8/3468 7629/11/3469 7632/12/3470
f 7629/11/3469 7630/10/3468 7623/1/3459 7624/4/3459
f 7580/15/3471 7579/16/3471 7627/13/3471 7628/14/3471
f 7578/28/3462 7575/23/3462 7576/24/3472 7577/27/3462
f 7574/26/3473 7577/27/3462 7576/24/3472 7573/25/3473
f 7631/30/3474 7632/15/3474 7584/14/3474 7583/29/3474
f 7622/33/5 7625/34/5 7577/31/5 7574/32/5
f 7631/37/6 7583/38/6 7580/35/6 7628/36/6
f 7581/41/3474 7629/42/3474 7624/39/3474 7576/40/3474
f 7573/45/3474 7621/46/3474 7622/43/3474 7574/44/3474
f 7621/49/6 7573/50/6 7576/47/6 7624/48/6
f 7629/53/5 7581/54/5 7584/51/5 7632/52/5
f 7630/13/3471 7582/16/3471 7575/55/3471 7623/56/3471
f 7626/57/3471 7578/58/3471 7577/46/3471 7625/45/3471
f 7623/59/6 7575/60/6 7578/50/6 7626/49/6
f 7627/63/5 7579/64/5 7582/61/5 7630/62/5
f 7633/65/3475 7636/68/3475 7635/67/3475 7634/66/3475
f 7637/65/3428 7633/68/3428 7634/67/3428 7638/66/3428
f 7639/65/3476 7637/68/3476 7638/67/3476 7640/66/3476
f 7636/65/3427 7639/68/3427 7640/67/3427 7635/66/3427
f 7634/69/5 7635/72/5 7640/71/5 7638/70/5
f 7641/67/3475 7644/68/3475 7643/65/3475 7642/66/3475
f 7642/67/3431 7643/68/3431 7646/65/3431 7645/66/3431
f 7645/67/3477 7646/68/3477 7648/65/3477 7647/66/3477
f 7647/67/3450 7648/68/3450 7644/65/3450 7641/66/3450
f 7647/71/5 7641/72/5 7642/69/5 7645/70/5
f 7649/73/3478 7652/76/3478 7651/75/3478 7650/74/3478
f 7653/77/3479 7649/80/3479 7650/79/3479 7654/78/3479
f 7655/81/3480 7653/79/3480 7654/76/3480 7656/73/3480
f 7652/82/3481 7655/85/3481 7656/84/3481 7651/83/3481
f 7650/86/5 7651/89/5 7656/88/5 7654/87/5
f 7653/90/6 7655/93/6 7652/92/6 7649/91/6
f 7657/1/3482 7660/4/3483 7659/3/3482 7658/2/3482
f 7658/2/3482 7662/6/3482 7661/5/3482 7657/1/3482
f 7663/7/3484 7666/10/3484 7665/9/3484 7664/8/3484
f 7666/10/3484 7663/7/3484 7668/12/3484 7667/11/3484
f 7660/4/3483 7657/1/3482 7666/10/3483 7667/11/3483
f 7665/13/3485 7617/16/3485 7616/15/3485 7664/14/3485
f 7619/17/3486 7616/20/3488 7617/19/3487 7618/18/3487
f 7616/20/3488 7619/17/3486 7620/22/3489 7615/21/3489
f 7620/14/3490 7668/15/3490 7663/30/3490 7615/29/3490
f 7614/31/5 7662/34/5 7658/33/5 7610/32/5
f 7616/35/6 7615/38/6 7663/37/6 7664/36/6
f 7660/39/3490 7667/42/3490 7619/41/3490 7612/40/3490
f 7658/43/3490 7659/46/3490 7611/45/3490 7610/44/3490
f 7612/47/6 7611/50/6 7659/49/6 7660/48/6
f 7620/51/5 7619/54/5 7667/53/5 7668/52/5
f 7609/55/3485 7618/16/3485 7666/13/3485 7657/56/3485
f 7614/46/3485 7613/58/3485 7661/57/3485 7662/45/3485
f 7613/50/6 7609/60/6 7657/59/6 7661/49/6
f 7618/61/5 7617/64/5 7665/63/5 7666/62/5
f 7669/3/3484 7672/4/3484 7671/1/3491 7670/2/3484
f 7673/6/3492 7670/2/3484 7671/1/3491 7674/5/3492
f 7675/9/3484 7678/10/3484 7677/11/3484 7676/8/3484
f 7679/7/3484 7676/8/3484 7677/11/3484 7680/12/3484
f 7677/11/3484 7678/10/3484 7671/1/3484 7672/4/3484
f 7628/15/3493 7627/16/3493 7675/13/3493 7676/14/3493
f 7626/28/3494 7623/23/3494 7624/24/3495 7625/27/3494
f 7622/26/3496 7625/27/3494 7624/24/3495 7621/25/3496
f 7679/30/3497 7680/15/3497 7632/14/3497 7631/29/3497
f 7670/33/5 7673/34/5 7625/31/5 7622/32/5
f 7679/37/6 7631/38/6 7628/35/6 7676/36/6
f 7629/41/3497 7677/42/3497 7672/39/3497 7624/40/3497
f 7621/45/3497 7669/46/3497 7670/43/3497 7622/44/3497
f 7669/49/6 7621/50/6 7624/47/6 7672/48/6
f 7677/53/5 7629/54/5 7632/51/5 7680/52/5
f 7678/13/3498 7630/16/3498 7623/55/3498 7671/56/3498
f 7674/57/3498 7626/58/3498 7625/46/3498 7673/45/3498
f 7671/59/6 7623/60/6 7626/50/6 7674/49/6
f 7675/63/5 7627/64/5 7630/61/5 7678/62/5
f 7681/65/3499 7684/68/3499 7683/67/3499 7682/66/3499
f 7685/65/3497 7681/68/3497 7682/67/3497 7686/66/3497
f 7687/65/3500 7685/68/3500 7686/67/3500 7688/66/3500
f 7684/65/3501 7687/68/3501 7688/67/3501 7683/66/3501
f 7682/69/5 7683/72/5 7688/71/5 7686/70/5
f 7689/67/3502 7692/68/3502 7691/65/3502 7690/66/3502
f 7690/67/3490 7691/68/3490 7694/65/3490 7693/66/3490
f 7693/67/3500 7694/68/3500 7696/65/3500 7695/66/3500
f 7695/67/3503 7696/68/3503 7692/65/3503 7689/66/3503
f 7695/71/5 7689/72/5 7690/69/5 7693/70/5
f 7697/73/3504 7700/76/3504 7699/75/3504 7698/74/3504
f 7701/77/3485 7697/80/3485 7698/79/3485 7702/78/3485
f 7703/81/3505 7701/79/3505 7702/76/3505 7704/73/3505
f 7700/82/3501 7703/85/3501 7704/84/3501 7699/83/3501
f 7698/86/5 7699/89/5 7704/88/5 7702/87/5
f 7701/90/6 7703/93/6 7700/92/6 7697/91/6
f 7705/1/3506 7708/4/3509 7707/3/3508 7706/2/3507
f 7706/2/3507 7710/6/3510 7709/5/3510 7705/1/3506
f 7711/7/3511 7714/10/3512 7713/9/3512 7712/8/3512
f 7714/10/3512 7711/7/3511 7716/12/3513 7715/11/3513
f 7708/4/3509 7705/1/3506 7714/10/3511 7715/11/3511
f 7713/13/3497 7665/16/3497 7664/15/3497 7712/14/3497
f 7667/17/3514 7664/20/3516 7665/19/3515 7666/18/3515
f 7664/20/3516 7667/17/3514 7668/22/3517 7663/21/3517
f 7668/14/3498 7716/15/3498 7711/30/3498 7663/29/3498
f 7662/31/5 7710/34/5 7706/33/5 7658/32/5
f 7664/35/6 7663/38/6 7711/37/6 7712/36/6
f 7708/39/3498 7715/42/3498 7667/41/3498 7660/40/3498
f 7706/43/3498 7707/46/3498 7659/45/3498 7658/44/3498
f 7660/47/6 7659/50/6 7707/49/6 7708/48/6
f 7668/51/5 7667/54/5 7715/53/5 7716/52/5
f 7657/55/3497 7666/16/3497 7714/13/3497 7705/56/3497
f 7662/46/3497 7661/58/3497 7709/57/3497 7710/45/3497
f 7661/50/6 7657/60/6 7705/59/6 7709/49/6
f 7666/61/5 7665/64/5 7713/63/5 7714/62/5
f 7717/3/3518 7720/4/3518 7719/1/3519 7718/2/3518
f 7721/6/3518 7718/2/3518 7719/1/3519 7722/5/3518
f 7723/9/3519 7726/10/3518 7725/11/3518 7724/8/3518
f 7727/7/3518 7724/8/3518 7725/11/3518 7728/12/3518
f 7725/11/3518 7726/10/3518 7719/1/3518 7720/4/3518
f 7676/15/3490 7675/16/3490 7723/13/3490 7724/14/3490
f 7674/28/3520 7671/23/3520 7672/24/3521 7673/27/3520
f 7670/26/3522 7673/27/3520 7672/24/3521 7669/25/3522
f 7727/30/3485 7728/15/3485 7680/14/3485 7679/29/3485
f 7718/33/5 7721/34/5 7673/31/5 7670/32/5
f 7727/37/6 7679/38/6 7676/35/6 7724/36/6
f 7677/41/3485 7725/42/3485 7720/39/3485 7672/40/3485
f 7669/45/3523 7717/46/3523 7718/43/3523 7670/44/3523
f 7717/49/6 7669/50/6 7672/47/6 7720/48/6
f 7725/53/5 7677/54/5 7680/51/5 7728/52/5
f 7726/13/3490 7678/16/3490 7671/55/3490 7719/56/3490
f 7722/57/3490 7674/58/3490 7673/46/3490 7721/45/3490
f 7719/59/6 7671/60/6 7674/50/6 7722/49/6
f 7723/63/5 7675/64/5 7678/61/5 7726/62/5
f 7729/65/3524 7732/68/3524 7731/67/3524 7730/66/3524
f 7733/65/3485 7729/68/3485 7730/67/3485 7734/66/3485
f 7735/65/3525 7733/68/3525 7734/67/3525 7736/66/3525
f 7732/65/3490 7735/68/3490 7736/67/3490 7731/66/3490
f 7730/69/5 7731/72/5 7736/71/5 7734/70/5
f 7737/67/3526 7740/68/3526 7739/65/3526 7738/66/3526
f 7738/67/3498 7739/68/3498 7742/65/3498 7741/66/3498
f 7741/67/3527 7742/68/3527 7744/65/3527 7743/66/3527
f 7743/67/3497 7744/68/3497 7740/65/3497 7737/66/3497
f 7743/71/5 7737/72/5 7738/69/5 7741/70/5
f 7745/73/3528 7748/76/3528 7747/75/3528 7746/74/3528
f 7749/77/3497 7745/80/3497 7746/79/3497 7750/78/3497
f 7751/81/3529 7749/79/3529 7750/76/3529 7752/73/3529
f 7748/82/3490 7751/85/3490 7752/84/3490 7747/83/3490
f 7746/86/5 7747/89/5 7752/88/5 7750/87/5
f 7749/90/6 7751/93/6 7748/92/6 7745/91/6
f 7753/1/3530 7756/4/3531 7755/3/3532 7754/2/3531
f 7754/2/3531 7758/6/3533 7757/5/3533 7753/1/3530
f 7759/7/3534 7762/10/3530 7761/9/3530 7760/8/3530
f 7762/10/3530 7759/7/3534 7764/12/3535 7763/11/3535
f 7756/4/3531 7753/1/3530 7762/10/3536 7763/11/3536
f 7761/13/3537 7713/16/3537 7712/15/3537 7760/14/3537
f 7715/17/3538 7712/20/3538 7713/19/3538 7714/18/3538
f 7712/20/3538 7715/17/3538 7716/22/3538 7711/21/3538
f 7716/14/3539 7764/15/3539 7759/30/3539 7711/29/3539
f 7710/31/5 7758/34/5 7754/33/5 7706/32/5
f 7712/35/6 7711/38/6 7759/37/6 7760/36/6
f 7756/39/3539 7763/42/3539 7715/41/3539 7708/40/3539
f 7754/43/3539 7755/46/3539 7707/45/3539 7706/44/3539
f 7708/47/6 7707/50/6 7755/49/6 7756/48/6
f 7716/51/5 7715/54/5 7763/53/5 7764/52/5
f 7705/55/3540 7714/16/3540 7762/13/3540 7753/56/3540
f 7710/46/3540 7709/58/3540 7757/57/3540 7758/45/3540
f 7709/50/6 7705/60/6 7753/59/6 7757/49/6
f 7714/61/5 7713/64/5 7761/63/5 7762/62/5
f 7765/3/3541 7768/4/3541 7767/1/3542 7766/2/3535
f 7769/6/3543 7766/2/3535 7767/1/3542 7770/5/3543
f 7771/9/3544 7774/10/3542 7773/11/3534 7772/8/3542
f 7775/7/3534 7772/8/3542 7773/11/3534 7776/12/3534
f 7773/11/3534 7774/10/3542 7767/1/3536 7768/4/3536
f 7724/15/3539 7723/16/3539 7771/13/3539 7772/14/3539
f 7722/28/3545 7719/23/3545 7720/24/3547 7721/27/3546
f 7718/26/3547 7721/27/3546 7720/24/3547 7717/25/3547
f 7775/30/3540 7776/15/3540 7728/14/3540 7727/29/3540
f 7766/33/5 7769/34/5 7721/31/5 7718/32/5
f 7775/37/6 7727/38/6 7724/35/6 7772/36/6
f 7725/41/3540 7773/42/3540 7768/39/3540 7720/40/3540
f 7717/45/3537 7765/46/3537 7766/43/3537 7718/44/3537
f 7765/49/6 7717/50/6 7720/47/6 7768/48/6
f 7773/53/5 7725/54/5 7728/51/5 7776/52/5
f 7774/13/3539 7726/16/3539 7719/55/3539 7767/56/3539
f 7770/57/3539 7722/58/3539 7721/46/3539 7769/45/3539
f 7767/59/6 7719/60/6 7722/50/6 7770/49/6
f 7771/63/5 7723/64/5 7726/61/5 7774/62/5
f 7777/65/3548 7780/68/3548 7779/67/3548 7778/66/3548
f 7781/65/3503 7777/68/3503 7778/67/3503 7782/66/3503
f 7783/65/3549 7781/68/3549 7782/67/3549 7784/66/3549
f 7780/65/3550 7783/68/3550 7784/67/3550 7779/66/3550
f 7778/69/5 7779/72/5 7784/71/5 7782/70/5
f 7785/67/3548 7788/68/3548 7787/65/3548 7786/66/3548
f 7786/67/3501 7787/68/3501 7790/65/3501 7789/66/3501
f 7789/67/3551 7790/68/3551 7792/65/3551 7791/66/3551
f 7791/67/3497 7792/68/3497 7788/65/3497 7785/66/3497
f 7791/71/5 7785/72/5 7786/69/5 7789/70/5
f 7793/73/3552 7796/76/3552 7795/75/3552 7794/74/3552
f 7797/77/3553 7793/80/3553 7794/79/3553 7798/78/3553
f 7799/81/3554 7797/79/3554 7798/76/3554 7800/73/3554
f 7796/82/3555 7799/85/3555 7800/84/3555 7795/83/3555
f 7794/86/5 7795/89/5 7800/88/5 7798/87/5
f 7797/90/6 7799/93/6 7796/92/6 7793/91/6
f 7801/1/3556 7804/4/3558 7803/3/3557 7802/2/3557
f 7802/2/3557 7806/6/3559 7805/5/3559 7801/1/3556
f 7807/7/3560 7810/10/3557 7809/9/3561 7808/8/3561
f 7810/10/3557 7807/7/3560 7812/12/3560 7811/11/3560
f 7804/4/3558 7801/1/3556 7810/10/3562 7811/11/3562
f 7809/13/3563 7761/16/3563 7760/15/3563 7808/14/3563
f 7763/17/3564 7760/20/3564 7761/19/3564 7762/18/3564
f 7760/20/3564 7763/17/3564 7764/22/3565 7759/21/3565
f 7764/14/3566 7812/15/3566 7807/30/3566 7759/29/3566
f 7758/31/5 7806/34/5 7802/33/5 7754/32/5
f 7760/35/6 7759/38/6 7807/37/6 7808/36/6
f 7804/39/3566 7811/42/3566 7763/41/3566 7756/40/3566
f 7802/43/3566 7803/46/3566 7755/45/3566 7754/44/3566
f 7756/47/6 7755/50/6 7803/49/6 7804/48/6
f 7764/51/5 7763/54/5 7811/53/5 7812/52/5
f 7753/55/3563 7762/16/3563 7810/13/3563 7801/56/3563
f 7758/46/3563 7757/58/3563 7805/57/3563 7806/45/3563
f 7757/50/6 7753/60/6 7801/59/6 7805/49/6
f 7762/61/5 7761/64/5 7809/63/5 7810/62/5
f 7813/3/3559 7816/4/3559 7815/1/3561 7814/2/3559
f 7817/6/3561 7814/2/3559 7815/1/3561 7818/5/3561
f 7819/9/3562 7822/10/3562 7821/11/3562 7820/8/3562
f 7823/7/3562 7820/8/3562 7821/11/3562 7824/12/3562
f 7821/11/3562 7822/10/3562 7815/1/3562 7816/4/3562
f 7772/15/3567 7771/16/3567 7819/13/3567 7820/14/3567
f 7770/28/3565 7767/23/3565 7768/24/3568 7769/27/3565
f 7766/26/3568 7769/27/3565 7768/24/3568 7765/25/3568
f 7823/30/3569 7824/15/3569 7776/14/3569 7775/29/3569
f 7814/33/5 7817/34/5 7769/31/5 7766/32/5
f 7823/37/6 7775/38/6 7772/35/6 7820/36/6
f 7773/41/3569 7821/42/3569 7816/39/3569 7768/40/3569
f 7765/45/3570 7813/46/3570 7814/43/3570 7766/44/3570
f 7813/49/6 7765/50/6 7768/47/6 7816/48/6
f 7821/53/5 7773/54/5 7776/51/5 7824/52/5
f 7822/13/3567 7774/16/3567 7767/55/3567 7815/56/3567
f 7818/57/3567 7770/58/3567 7769/46/3567 7817/45/3567
f 7815/59/6 7767/60/6 7770/50/6 7818/49/6
f 7819/63/5 7771/64/5 7774/61/5 7822/62/5
f 7825/65/3571 7828/68/3571 7827/67/3571 7826/66/3571
f 7829/65/3569 7825/68/3569 7826/67/3569 7830/66/3569
f 7831/65/3572 7829/68/3572 7830/67/3572 7832/66/3572
f 7828/65/3567 7831/68/3567 7832/67/3567 7827/66/3567
f 7826/69/5 7827/72/5 7832/71/5 7830/70/5
f 7833/67/3571 7836/68/3571 7835/65/3571 7834/66/3571
f 7834/67/3573 7835/68/3573 7838/65/3573 7837/66/3573
f 7837/67/3572 7838/68/3572 7840/65/3572 7839/66/3572
f 7839/67/3563 7840/68/3563 7836/65/3563 7833/66/3563
f 7839/71/5 7833/72/5 7834/69/5 7837/70/5
f 7841/73/3574 7844/76/3574 7843/75/3574 7842/74/3574
f 7845/77/3563 7841/80/3563 7842/79/3563 7846/78/3563
f 7847/81/3575 7845/79/3575 7846/76/3575 7848/73/3575
f 7844/82/3576 7847/85/3576 7848/84/3576 7843/83/3576
f 7842/86/5 7843/89/5 7848/88/5 7846/87/5
f 7845/90/6 7847/93/6 7844/92/6 7841/91/6
f 7849/1/3577 7852/4/3577 7851/3/3578 7850/2/3578
f 7850/2/3578 7854/6/3577 7853/5/3577 7849/1/3577
f 7855/7/3577 7858/10/3579 7857/9/3579 7856/8/3579
f 7858/10/3579 7855/7/3577 7860/12/3577 7859/11/3577
f 7852/4/3577 7849/1/3577 7858/10/3580 7859/11/3580
f 7857/13/3569 7809/16/3569 7808/15/3569 7856/14/3569
f 7811/17/3581 7808/20/3583 7809/19/3582 7810/18/3582
f 7808/20/3583 7811/17/3581 7812/22/3581 7807/21/3581
f 7812/14/3567 7860/15/3567 7855/30/3567 7807/29/3567
f 7806/31/5 7854/34/5 7850/33/5 7802/32/5
f 7808/35/6 7807/38/6 7855/37/6 7856/36/6
f 7852/39/3567 7859/42/3567 7811/41/3567 7804/40/3567
f 7850/43/3567 7851/46/3567 7803/45/3567 7802/44/3567
f 7804/47/6 7803/50/6 7851/49/6 7852/48/6
f 7812/51/5 7811/54/5 7859/53/5 7860/52/5
f 7801/55/3569 7810/16/3569 7858/13/3569 7849/56/3569
f 7806/46/3584 7805/58/3584 7853/57/3584 7854/45/3584
f 7805/50/6 7801/60/6 7849/59/6 7853/49/6
f 7810/61/5 7809/64/5 7857/63/5 7858/62/5
f 7861/3/3585 7864/4/3585 7863/1/3587 7862/2/3586
f 7865/6/3588 7862/2/3586 7863/1/3587 7866/5/3588
f 7867/9/3589 7870/10/3578 7869/11/3577 7868/8/3578
f 7871/7/3580 7868/8/3578 7869/11/3577 7872/12/3580
f 7869/11/3577 7870/10/3578 7863/1/3590 7864/4/3590
f 7820/15/3566 7819/16/3566 7867/13/3566 7868/14/3566
f 7818/28/3583 7815/23/3583 7816/24/3591 7817/27/3583
f 7814/26/3581 7817/27/3583 7816/24/3591 7813/25/3581
f 7871/30/3563 7872/15/3563 7824/14/3563 7823/29/3563
f 7862/33/5 7865/34/5 7817/31/5 7814/32/5
f 7871/37/6 7823/38/6 7820/35/6 7868/36/6
f 7821/41/3563 7869/42/3563 7864/39/3563 7816/40/3563
f 7813/45/3592 7861/46/3592 7862/43/3592 7814/44/3592
f 7861/49/6 7813/50/6 7816/47/6 7864/48/6
f 7869/53/5 7821/54/5 7824/51/5 7872/52/5
f 7870/13/3566 7822/16/3566 7815/55/3566 7863/56/3566
f 7866/57/3566 7818/58/3566 7817/46/3566 7865/45/3566
f 7863/59/6 7815/60/6 7818/50/6 7866/49/6
f 7867/63/5 7819/64/5 7822/61/5 7870/62/5
f 7873/65/3593 7876/68/3593 7875/67/3593 7874/66/3593
f 7877/65/3563 7873/68/3563 7874/67/3563 7878/66/3563
f 7879/65/3594 7877/68/3594 7878/67/3594 7880/66/3594
f 7876/65/3573 7879/68/3573 7880/67/3573 7875/66/3573
f 7874/69/5 7875/72/5 7880/71/5 7878/70/5
f 7881/67/3593 7884/68/3593 7883/65/3593 7882/66/3593
f 7882/67/3576 7883/68/3576 7886/65/3576 7885/66/3576
f 7885/67/3594 7886/68/3594 7888/65/3594 7887/66/3594
f 7887/67/3563 7888/68/3563 7884/65/3563 7881/66/3563
f 7887/71/5 7881/72/5 7882/69/5 7885/70/5
f 7889/73/3595 7892/76/3595 7891/75/3595 7890/74/3595
f 7893/77/3569 7889/80/3569 7890/79/3569 7894/78/3569
f 7895/81/3596 7893/79/3596 7894/76/3596 7896/73/3596
f 7892/82/3566 7895/85/3566 7896/84/3566 7891/83/3566
f 7890/86/5 7891/89/5 7896/88/5 7894/87/5
f 7893/90/6 7895/93/6 7892/92/6 7889/91/6
f 7897/1/3597 7900/4/3597 7899/3/3599 7898/2/3598
f 7898/2/3598 7902/6/3598 7901/5/3598 7897/1/3597
f 7903/7/3600 7906/10/3599 7905/9/3601 7904/8/3601
f 7906/10/3599 7903/7/3600 7908/12/3602 7907/11/3602
f 7900/4/3597 7897/1/3597 7906/10/3603 7907/11/3603
f 7905/13/3604 7857/16/3604 7856/15/3604 7904/14/3604
f 7859/17/3605 7856/20/3606 7857/19/3606 7858/18/3606
f 7856/20/3606 7859/17/3605 7860/22/3605 7855/21/3605
f 7860/14/3607 7908/15/3607 7903/30/3607 7855/29/3607
f 7854/31/5 7902/34/5 7898/33/5 7850/32/5
f 7856/35/6 7855/38/6 7903/37/6 7904/36/6
f 7900/39/3607 7907/42/3607 7859/41/3607 7852/40/3607
f 7898/43/3607 7899/46/3607 7851/45/3607 7850/44/3607
f 7852/47/6 7851/50/6 7899/49/6 7900/48/6
f 7860/51/5 7859/54/5 7907/53/5 7908/52/5
f 7849/55/3604 7858/16/3604 7906/13/3604 7897/56/3604
f 7854/46/3604 7853/58/3604 7901/57/3604 7902/45/3604
f 7853/50/6 7849/60/6 7897/59/6 7901/49/6
f 7858/61/5 7857/64/5 7905/63/5 7906/62/5
f 7909/3/3608 7912/4/3608 7911/1/3599 7910/2/3608
f 7913/6/3609 7910/2/3608 7911/1/3599 7914/5/3609
f 7915/9/3608 7918/10/3608 7917/11/3608 7916/8/3608
f 7919/7/3608 7916/8/3608 7917/11/3608 7920/12/3608
f 7917/11/3608 7918/10/3608 7911/1/3608 7912/4/3608
f 7868/15/3607 7867/16/3607 7915/13/3607 7916/14/3607
f 7866/28/3610 7863/23/3610 7864/24/3612 7865/27/3611
f 7862/26/3613 7865/27/3611 7864/24/3612 7861/25/3613
f 7919/30/3604 7920/15/3604 7872/14/3604 7871/29/3604
f 7910/33/5 7913/34/5 7865/31/5 7862/32/5
f 7919/37/6 7871/38/6 7868/35/6 7916/36/6
f 7869/41/3604 7917/42/3604 7912/39/3604 7864/40/3604
f 7861/45/3604 7909/46/3604 7910/43/3604 7862/44/3604
f 7909/49/6 7861/50/6 7864/47/6 7912/48/6
f 7917/53/5 7869/54/5 7872/51/5 7920/52/5
f 7918/13/3607 7870/16/3607 7863/55/3607 7911/56/3607
f 7914/57/3607 7866/58/3607 7865/46/3607 7913/45/3607
f 7911/59/6 7863/60/6 7866/50/6 7914/49/6
f 7915/63/5 7867/64/5 7870/61/5 7918/62/5
f 7921/65/3614 7924/68/3614 7923/67/3614 7922/66/3614
f 7925/65/3615 7921/68/3615 7922/67/3615 7926/66/3615
f 7927/65/3616 7925/68/3616 7926/67/3616 7928/66/3616
f 7924/65/3617 7927/68/3617 7928/67/3617 7923/66/3617
f 7922/69/5 7923/72/5 7928/71/5 7926/70/5
f 7929/67/3614 7932/68/3614 7931/65/3614 7930/66/3614
f 7930/67/3618 7931/68/3618 7934/65/3618 7933/66/3618
f 7933/67/3616 7934/68/3616 7936/65/3616 7935/66/3616
f 7935/67/3619 7936/68/3619 7932/65/3619 7929/66/3619
f 7935/71/5 7929/72/5 7930/69/5 7933/70/5
f 7937/73/3620 7940/76/3620 7939/75/3620 7938/74/3620
f 7941/77/3621 7937/80/3621 7938/79/3621 7942/78/3621
f 7943/81/3622 7941/79/3622 7942/76/3622 7944/73/3622
f 7940/82/3623 7943/85/3623 7944/84/3623 7939/83/3623
f 7938/86/5 7939/89/5 7944/88/5 7942/87/5
f 7941/90/6 7943/93/6 7940/92/6 7937/91/6
f 7945/1/3624 7948/4/3625 7947/3/3625 7946/2/3624
f 7946/2/3624 7950/6/3624 7949/5/3624 7945/1/3624
f 7951/7/3626 7954/10/3627 7953/9/3627 7952/8/3627
f 7954/10/3627 7951/7/3626 7956/12/3626 7955/11/3626
f 7948/4/3625 7945/1/3624 7954/10/3628 7955/11/3628
f 7953/13/3629 7905/16/3629 7904/15/3629 7952/14/3629
f 7907/17/3630 7904/20/3632 7905/19/3631 7906/18/3631
f 7904/20/3632 7907/17/3630 7908/22/3633 7903/21/3633
f 7908/14/3634 7956/15/3634 7951/30/3634 7903/29/3634
f 7902/31/5 7950/34/5 7946/33/5 7898/32/5
f 7904/35/6 7903/38/6 7951/37/6 7952/36/6
f 7948/39/3634 7955/42/3634 7907/41/3634 7900/40/3634
f 7946/43/3634 7947/46/3634 7899/45/3634 7898/44/3634
f 7900/47/6 7899/50/6 7947/49/6 7948/48/6
f 7908/51/5 7907/54/5 7955/53/5 7956/52/5
f 7897/55/3629 7906/16/3629 7954/13/3629 7945/56/3629
f 7902/46/3629 7901/58/3629 7949/57/3629 7950/45/3629
f 7901/50/6 7897/60/6 7945/59/6 7949/49/6
f 7906/61/5 7905/64/5 7953/63/5 7954/62/5
f 7957/3/3635 7960/4/3635 7959/1/3636 7958/2/3635
f 7961/6/3637 7958/2/3635 7959/1/3636 7962/5/3637
f 7963/9/3638 7966/10/3638 7965/11/3625 7964/8/3638
f 7967/7/3639 7964/8/3638 7965/11/3625 7968/12/3639
f 7965/11/3625 7966/10/3638 7959/1/3628 7960/4/3628
f 7916/15/3640 7915/16/3640 7963/13/3640 7964/14/3640
f 7914/28/3641 7911/23/3641 7912/24/3642 7913/27/3641
f 7910/26/3641 7913/27/3641 7912/24/3642 7909/25/3641
f 7967/30/3615 7968/15/3615 7920/14/3615 7919/29/3615
f 7958/33/5 7961/34/5 7913/31/5 7910/32/5
f 7967/37/6 7919/38/6 7916/35/6 7964/36/6
f 7917/41/3615 7965/42/3615 7960/39/3615 7912/40/3615
f 7909/45/3615 7957/46/3615 7958/43/3615 7910/44/3615
f 7957/49/6 7909/50/6 7912/47/6 7960/48/6
f 7965/53/5 7917/54/5 7920/51/5 7968/52/5
f 7966/13/3640 7918/16/3640 7911/55/3640 7959/56/3640
f 7962/57/3640 7914/58/3640 7913/46/3640 7961/45/3640
f 7959/59/6 7911/60/6 7914/50/6 7962/49/6
f 7963/63/5 7915/64/5 7918/61/5 7966/62/5
f 7969/65/3643 7972/68/3643 7971/67/3643 7970/66/3643
f 7973/65/3615 7969/68/3615 7970/67/3615 7974/66/3615
f 7975/65/3644 7973/68/3644 7974/67/3644 7976/66/3644
f 7972/65/3640 7975/68/3640 7976/67/3640 7971/66/3640
f 7970/69/5 7971/72/5 7976/71/5 7974/70/5
f 7977/67/3645 7980/68/3645 7979/65/3645 7978/66/3645
f 7978/67/3634 7979/68/3634 7982/65/3634 7981/66/3634
f 7981/67/3644 7982/68/3644 7984/65/3644 7983/66/3644
f 7983/67/3629 7984/68/3629 7980/65/3629 7977/66/3629
f 7983/71/5 7977/72/5 7978/69/5 7981/70/5
f 7985/73/3646 7988/76/3646 7987/75/3646 7986/74/3646
f 7989/77/3629 7985/80/3629 7986/79/3629 7990/78/3629
f 7991/81/3647 7989/79/3647 7990/76/3647 7992/73/3647
f 7988/82/3640 7991/85/3640 7992/84/3640 7987/83/3640
f 7986/86/5 7987/89/5 7992/88/5 7990/87/5
f 7989/90/6 7991/93/6 7988/92/6 7985/91/6
f 7993/1/3648 7996/4/3649 7995/3/3650 7994/2/3649
f 7994/2/3649 7998/6/3651 7997/5/3651 7993/1/3648
f 7999/7/3652 8002/10/3652 8001/9/3652 8000/8/3652
f 8002/10/3652 7999/7/3652 8004/12/3652 8003/11/3652
f 7996/4/3649 7993/1/3648 8002/10/3652 8003/11/3652
f 8001/13/3615 7953/16/3615 7952/15/3615 8000/14/3615
f 7955/17/3653 7952/20/3654 7953/19/3654 7954/18/3654
f 7952/20/3654 7955/17/3653 7956/22/3655 7951/21/3655
f 7956/14/3640 8004/15/3640 7999/30/3640 7951/29/3640
f 7950/31/5 7998/34/5 7994/33/5 7946/32/5
f 7952/35/6 7951/38/6 7999/37/6 8000/36/6
f 7996/39/3640 8003/42/3640 7955/41/3640 7948/40/3640
f 7994/43/3640 7995/46/3640 7947/45/3640 7946/44/3640
f 7948/47/6 7947/50/6 7995/49/6 7996/48/6
f 7956/51/5 7955/54/5 8003/53/5 8004/52/5
f 7945/55/3615 7954/16/3615 8002/13/3615 7993/56/3615
f 7950/46/3615 7949/58/3615 7997/57/3615 7998/45/3615
f 7949/50/6 7945/60/6 7993/59/6 7997/49/6
f 7954/61/5 7953/64/5 8001/63/5 8002/62/5
f 8005/3/3656 8008/4/3656 8007/1/3648 8006/2/3657
f 8009/6/3658 8006/2/3657 8007/1/3648 8010/5/3658
f 8011/9/3652 8014/10/3652 8013/11/3652 8012/8/3652
f 8015/7/3652 8012/8/3652 8013/11/3652 8016/12/3652
f 8013/11/3652 8014/10/3652 8007/1/3659 8008/4/3659
f 7964/15/3634 7963/16/3634 8011/13/3634 8012/14/3634
f 7962/28/3660 7959/23/3660 7960/24/3662 7961/27/3661
f 7958/26/3663 7961/27/3661 7960/24/3662 7957/25/3663
f 8015/30/3629 8016/15/3629 7968/14/3629 7967/29/3629
f 8006/33/5 8009/34/5 7961/31/5 7958/32/5
f 8015/37/6 7967/38/6 7964/35/6 8012/36/6
f 7965/41/3629 8013/42/3629 8008/39/3629 7960/40/3629
f 7957/45/3629 8005/46/3629 8006/43/3629 7958/44/3629
f 8005/49/6 7957/50/6 7960/47/6 8008/48/6
f 8013/53/5 7965/54/5 7968/51/5 8016/52/5
f 8014/13/3634 7966/16/3634 7959/55/3634 8007/56/3634
f 8010/57/3634 7962/58/3634 7961/46/3634 8009/45/3634
f 8007/59/6 7959/60/6 7962/50/6 8010/49/6
f 8011/63/5 7963/64/5 7966/61/5 8014/62/5
f 8017/65/3664 8020/68/3664 8019/67/3664 8018/66/3664
f 8021/65/3629 8017/68/3629 8018/67/3629 8022/66/3629
f 8023/65/3665 8021/68/3665 8022/67/3665 8024/66/3665
f 8020/65/3640 8023/68/3640 8024/67/3640 8019/66/3640
f 8018/69/5 8019/72/5 8024/71/5 8022/70/5
f 8025/67/3666 8028/68/3666 8027/65/3666 8026/66/3666
f 8026/67/3640 8027/68/3640 8030/65/3640 8029/66/3640
f 8029/67/3665 8030/68/3665 8032/65/3665 8031/66/3665
f 8031/67/3615 8032/68/3615 8028/65/3615 8025/66/3615
f 8031/71/5 8025/72/5 8026/69/5 8029/70/5
f 8033/73/3667 8036/76/3667 8035/75/3667 8034/74/3667
f 8037/77/3615 8033/80/3615 8034/79/3615 8038/78/3615
f 8039/81/3668 8037/79/3668 8038/76/3668 8040/73/3668
f 8036/82/3634 8039/85/3634 8040/84/3634 8035/83/3634
f 8034/86/5 8035/89/5 8040/88/5 8038/87/5
f 8037/90/6 8039/93/6 8036/92/6 8033/91/6
f 8041/1/3669 8044/4/3670 8043/3/3670 8042/2/3670
f 8042/2/3670 8046/6/3669 8045/5/3669 8041/1/3669
f 8047/7/3670 8050/10/3671 8049/9/3671 8048/8/3671
f 8050/10/3671 8047/7/3670 8052/12/3672 8051/11/3672
f 8044/4/3670 8041/1/3669 8050/10/3673 8051/11/3673
f 8049/13/3674 8001/16/3674 8000/15/3674 8048/14/3674
f 8003/17/3675 8000/20/3677 8001/19/3676 8002/18/3676
f 8000/20/3677 8003/17/3675 8004/22/3675 7999/21/3675
f 8004/14/3678 8052/15/3678 8047/30/3678 7999/29/3678
f 7998/31/5 8046/34/5 8042/33/5 7994/32/5
f 8000/35/6 7999/38/6 8047/37/6 8048/36/6
f 8044/39/3678 8051/42/3678 8003/41/3678 7996/40/3678
f 8042/43/3679 8043/46/3679 7995/45/3679 7994/44/3679
f 7996/47/6 7995/50/6 8043/49/6 8044/48/6
f 8004/51/5 8003/54/5 8051/53/5 8052/52/5
f 7993/55/3674 8002/16/3674 8050/13/3674 8041/56/3674
f 7998/46/3674 7997/58/3674 8045/57/3674 8046/45/3674
f 7997/50/6 7993/60/6 8041/59/6 8045/49/6
f 8002/61/5 8001/64/5 8049/63/5 8050/62/5
f 8053/3/3671 8056/4/3671 8055/1/3673 8054/2/3671
f 8057/6/3673 8054/2/3671 8055/1/3673 8058/5/3673
f 8059/9/3671 8062/10/3680 8061/11/3673 8060/8/3680
f 8063/7/3681 8060/8/3680 8061/11/3673 8064/12/3681
f 8061/11/3673 8062/10/3680 8055/1/3673 8056/4/3673
f 8012/15/3679 8011/16/3679 8059/13/3679 8060/14/3679
f 8010/28/3682 8007/23/3682 8008/24/3683 8009/27/3683
f 8006/26/3683 8009/27/3683 8008/24/3683 8005/25/3683
f 8063/30/3684 8064/15/3684 8016/14/3684 8015/29/3684
f 8054/33/5 8057/34/5 8009/31/5 8006/32/5
f 8063/37/6 8015/38/6 8012/35/6 8060/36/6
f 8013/41/3684 8061/42/3684 8056/39/3684 8008/40/3684
f 8005/45/3684 8053/46/3684 8054/43/3684 8006/44/3684
f 8053/49/6 8005/50/6 8008/47/6 8056/48/6
f 8061/53/5 8013/54/5 8016/51/5 8064/52/5
f 8062/13/3679 8014/16/3679 8007/55/3679 8055/56/3679
f 8058/57/3679 8010/58/3679 8009/46/3679 8057/45/3679
f 8055/59/6 8007/60/6 8010/50/6 8058/49/6
f 8059/63/5 8011/64/5 8014/61/5 8062/62/5
f 8065/65/3685 8068/68/3685 8067/67/3685 8066/66/3685
f 8069/65/3686 8065/68/3686 8066/67/3686 8070/66/3686
f 8071/65/3687 8069/68/3687 8070/67/3687 8072/66/3687
f 8068/65/3688 8071/68/3688 8072/67/3688 8067/66/3688
f 8066/69/5 8067/72/5 8072/71/5 8070/70/5
f 8073/67/3685 8076/68/3685 8075/65/3685 8074/66/3685
f 8074/67/3689 8075/68/3689 8078/65/3689 8077/66/3689
f 8077/67/3690 8078/68/3690 8080/65/3690 8079/66/3690
f 8079/67/3691 8080/68/3691 8076/65/3691 8073/66/3691
f 8079/71/5 8073/72/5 8074/69/5 8077/70/5
f 8081/73/3692 8084/76/3692 8083/75/3692 8082/74/3692
f 8085/77/3693 8081/80/3693 8082/79/3693 8086/78/3693
f 8087/81/3694 8085/79/3694 8086/76/3694 8088/73/3694
f 8084/82/3695 8087/85/3695 8088/84/3695 8083/83/3695
f 8082/86/5 8083/89/5 8088/88/5 8086/87/5
f 8085/90/6 8087/93/6 8084/92/6 8081/91/6
f 8089/1/3696 8092/4/3697 8091/3/3697 8090/2/3697
f 8090/2/3697 8094/6/3698 8093/5/3698 8089/1/3696
f 8095/7/3697 8098/10/3696 8097/9/3696 8096/8/3696
f 8098/10/3696 8095/7/3697 8100/12/3697 8099/11/3697
f 8092/4/3697 8089/1/3696 8098/10/3697 8099/11/3697
f 8097/13/3686 8049/16/3686 8048/15/3686 8096/14/3686
f 8051/17/3699 8048/20/3699 8049/19/3699 8050/18/3699
f 8048/20/3699 8051/17/3699 8052/22/3699 8047/21/3699
f 8052/14/3700 8100/15/3700 8095/30/3700 8047/29/3700
f 8046/31/5 8094/34/5 8090/33/5 8042/32/5
f 8048/35/6 8047/38/6 8095/37/6 8096/36/6
f 8092/39/3700 8099/42/3700 8051/41/3700 8044/40/3700
f 8090/43/3700 8091/46/3700 8043/45/3700 8042/44/3700
f 8044/47/6 8043/50/6 8091/49/6 8092/48/6
f 8052/51/5 8051/54/5 8099/53/5 8100/52/5
f 8041/55/3686 8050/16/3686 8098/13/3686 8089/56/3686
f 8046/46/3686 8045/58/3686 8093/57/3686 8094/45/3686
f 8045/50/6 8041/60/6 8089/59/6 8093/49/6
f 8050/61/5 8049/64/5 8097/63/5 8098/62/5
f 8101/3/3701 8104/4/3701 8103/1/3696 8102/2/3702
f 8105/6/3703 8102/2/3702 8103/1/3696 8106/5/3703
f 8107/9/3704 8110/10/3705 8109/11/3697 8108/8/3705
f 8111/7/3697 8108/8/3705 8109/11/3697 8112/12/3697
f 8109/11/3697 8110/10/3705 8103/1/3697 8104/4/3697
f 8060/15/3700 8059/16/3700 8107/13/3700 8108/14/3700
f 8058/28/3706 8055/23/3706 8056/24/3708 8057/27/3707
f 8054/26/3708 8057/27/3707 8056/24/3708 8053/25/3708
f 8111/30/3686 8112/15/3686 8064/14/3686 8063/29/3686
f 8102/33/5 8105/34/5 8057/31/5 8054/32/5
f 8111/37/6 8063/38/6 8060/35/6 8108/36/6
f 8061/41/3686 8109/42/3686 8104/39/3686 8056/40/3686
f 8053/45/3686 8101/46/3686 8102/43/3686 8054/44/3686
f 8101/49/6 8053/50/6 8056/47/6 8104/48/6
f 8109/53/5 8061/54/5 8064/51/5 8112/52/5
f 8110/13/3700 8062/16/3700 8055/55/3700 8103/56/3700
f 8106/57/3700 8058/58/3700 8057/46/3700 8105/45/3700
f 8103/59/6 8055/60/6 8058/50/6 8106/49/6
f 8107/63/5 8059/64/5 8062/61/5 8110/62/5
f 8113/65/3709 8116/68/3709 8115/67/3709 8114/66/3709
f 8117/65/3686 8113/68/3686 8114/67/3686 8118/66/3686
f 8119/65/3710 8117/68/3710 8118/67/3710 8120/66/3710
f 8116/65/3711 8119/68/3711 8120/67/3711 8115/66/3711
f 8114/69/5 8115/72/5 8120/71/5 8118/70/5
f 8121/67/3709 8124/68/3709 8123/65/3709 8122/66/3709
f 8122/67/3711 8123/68/3711 8126/65/3711 8125/66/3711
f 8125/67/3710 8126/68/3710 8128/65/3710 8127/66/3710
f 8127/67/3712 8128/68/3712 8124/65/3712 8121/66/3712
f 8127/71/5 8121/72/5 8122/69/5 8125/70/5
f 8129/73/3713 8132/76/3713 8131/75/3713 8130/74/3713
f 8133/77/3686 8129/80/3686 8130/79/3686 8134/78/3686
f 8135/81/3714 8133/79/3714 8134/76/3714 8136/73/3714
f 8132/82/3688 8135/85/3688 8136/84/3688 8131/83/3688
f 8130/86/5 8131/89/5 8136/88/5 8134/87/5
f 8133/90/6 8135/93/6 8132/92/6 8129/91/6
f 8137/1/3715 8140/4/3717 8139/3/3715 8138/2/3716
f 8138/2/3716 8142/6/3718 8141/5/3718 8137/1/3715
f 8143/7/3719 8146/10/3719 8145/9/3720 8144/8/3720
f 8146/10/3719 8143/7/3719 8148/12/3721 8147/11/3721
f 8140/4/3717 8137/1/3715 8146/10/3720 8147/11/3720
f 8145/13/3722 8097/16/3722 8096/15/3722 8144/14/3722
f 8099/17/3723 8096/20/3725 8097/19/3724 8098/18/3724
f 8096/20/3725 8099/17/3723 8100/22/3723 8095/21/3723
f 8100/14/3688 8148/15/3688 8143/30/3688 8095/29/3688
f 8094/31/5 8142/34/5 8138/33/5 8090/32/5
f 8096/35/6 8095/38/6 8143/37/6 8144/36/6
f 8140/39/3688 8147/42/3688 8099/41/3688 8092/40/3688
f 8138/43/3688 8139/46/3688 8091/45/3688 8090/44/3688
f 8092/47/6 8091/50/6 8139/49/6 8140/48/6
f 8100/51/5 8099/54/5 8147/53/5 8148/52/5
f 8089/55/3722 8098/16/3722 8146/13/3722 8137/56/3722
f 8094/46/3722 8093/58/3722 8141/57/3722 8142/45/3722
f 8093/50/6 8089/60/6 8137/59/6 8141/49/6
f 8098/61/5 8097/64/5 8145/63/5 8146/62/5
f 8149/3/3721 8152/4/3721 8151/1/3726 8150/2/3715
f 8153/6/3727 8150/2/3715 8151/1/3726 8154/5/3727
f 8155/9/3728 8158/10/3719 8157/11/3720 8156/8/3729
f 8159/7/3730 8156/8/3729 8157/11/3720 8160/12/3730
f 8157/11/3720 8158/10/3719 8151/1/3731 8152/4/3731
f 8108/15/3711 8107/16/3711 8155/13/3711 8156/14/3711
f 8106/28/3723 8103/23/3723 8104/24/3732 8105/27/3723
f 8102/26/3732 8105/27/3723 8104/24/3732 8101/25/3732
f 8159/30/3712 8160/15/3712 8112/14/3712 8111/29/3712
f 8150/33/5 8153/34/5 8105/31/5 8102/32/5
f 8159/37/6 8111/38/6 8108/35/6 8156/36/6
f 8109/41/3712 8157/42/3712 8152/39/3712 8104/40/3712
f 8101/45/3712 8149/46/3712 8150/43/3712 8102/44/3712
f 8149/49/6 8101/50/6 8104/47/6 8152/48/6
f 8157/53/5 8109/54/5 8112/51/5 8160/52/5
f 8158/13/3711 8110/16/3711 8103/55/3711 8151/56/3711
f 8154/57/3711 8106/58/3711 8105/46/3711 8153/45/3711
f 8151/59/6 8103/60/6 8106/50/6 8154/49/6
f 8155/63/5 8107/64/5 8110/61/5 8158/62/5
f 8161/65/3733 8164/68/3733 8163/67/3733 8162/66/3733
f 8165/65/3712 8161/68/3712 8162/67/3712 8166/66/3712
f 8167/65/3734 8165/68/3734 8166/67/3734 8168/66/3734
f 8164/65/3711 8167/68/3711 8168/67/3711 8163/66/3711
f 8162/69/5 8163/72/5 8168/71/5 8166/70/5
f 8169/67/3735 8172/68/3735 8171/65/3735 8170/66/3735
f 8170/67/3688 8171/68/3688 8174/65/3688 8173/66/3688
f 8173/67/3736 8174/68/3736 8176/65/3736 8175/66/3736
f 8175/67/3737 8176/68/3737 8172/65/3737 8169/66/3737
f 8175/71/5 8169/72/5 8170/69/5 8173/70/5
f 8177/73/3738 8180/76/3738 8179/75/3738 8178/74/3738
f 8181/77/3722 8177/80/3722 8178/79/3722 8182/78/3722
f 8183/81/3739 8181/79/3739 8182/76/3739 8184/73/3739
f 8180/82/3711 8183/85/3711 8184/84/3711 8179/83/3711
f 8178/86/5 8179/89/5 8184/88/5 8182/87/5
f 8181/90/6 8183/93/6 8180/92/6 8177/91/6
f 8185/1/3740 8188/4/3741 8187/3/3740 8186/2/3740
f 8186/2/3740 8190/6/3740 8189/5/3740 8185/1/3740
f 8191/7/3741 8194/10/3742 8193/9/3742 8192/8/3742
f 8194/10/3742 8191/7/3741 8196/12/3743 8195/11/3743
f 8188/4/3741 8185/1/3740 8194/10/3741 8195/11/3741
f 8193/13/3744 8145/16/3744 8144/15/3744 8192/14/3744
f 8147/17/3745 8144/20/3745 8145/19/3745 8146/18/3745
f 8144/20/3745 8147/17/3745 8148/22/3746 8143/21/3746
f 8148/14/3747 8196/15/3747 8191/30/3747 8143/29/3747
f 8142/31/5 8190/34/5 8186/33/5 8138/32/5
f 8144/35/6 8143/38/6 8191/37/6 8192/36/6
f 8188/39/3747 8195/42/3747 8147/41/3747 8140/40/3747
f 8186/43/3747 8187/46/3747 8139/45/3747 8138/44/3747
f 8140/47/6 8139/50/6 8187/49/6 8188/48/6
f 8148/51/5 8147/54/5 8195/53/5 8196/52/5
f 8137/55/3744 8146/16/3744 8194/13/3744 8185/56/3744
f 8142/46/3744 8141/58/3744 8189/57/3744 8190/45/3744
f 8141/50/6 8137/60/6 8185/59/6 8189/49/6
f 8146/61/5 8145/64/5 8193/63/5 8194/62/5
f 8197/3/3748 8200/4/3748 8199/1/3749 8198/2/3743
f 8201/6/3750 8198/2/3743 8199/1/3749 8202/5/3750
f 8203/9/3740 8206/10/3740 8205/11/3742 8204/8/3740
f 8207/7/3751 8204/8/3740 8205/11/3742 8208/12/3751
f 8205/11/3742 8206/10/3740 8199/1/3752 8200/4/3752
f 8156/15/3753 8155/16/3753 8203/13/3753 8204/14/3753
f 8154/28/3754 8151/23/3754 8152/24/3755 8153/27/3755
f 8150/26/3755 8153/27/3755 8152/24/3755 8149/25/3755
f 8207/30/3756 8208/15/3756 8160/14/3756 8159/29/3756
f 8198/33/5 8201/34/5 8153/31/5 8150/32/5
f 8207/37/6 8159/38/6 8156/35/6 8204/36/6
f 8157/41/3756 8205/42/3756 8200/39/3756 8152/40/3756
f 8149/45/3756 8197/46/3756 8198/43/3756 8150/44/3756
f 8197/49/6 8149/50/6 8152/47/6 8200/48/6
f 8205/53/5 8157/54/5 8160/51/5 8208/52/5
f 8206/13/3753 8158/16/3753 8151/55/3753 8199/56/3753
f 8202/57/3757 8154/58/3757 8153/46/3757 8201/45/3757
f 8199/59/6 8151/60/6 8154/50/6 8202/49/6
f 8203/63/5 8155/64/5 8158/61/5 8206/62/5
f 8209/65/3758 8212/68/3758 8211/67/3758 8210/66/3758
f 8213/65/3759 8209/68/3759 8210/67/3759 8214/66/3759
f 8215/65/3760 8213/68/3760 8214/67/3760 8216/66/3760
f 8212/65/3761 8215/68/3761 8216/67/3761 8211/66/3761
f 8210/69/5 8211/72/5 8216/71/5 8214/70/5
f 8217/67/3758 8220/68/3758 8219/65/3758 8218/66/3758
f 8218/67/3762 8219/68/3762 8222/65/3762 8221/66/3762
f 8221/67/3760 8222/68/3760 8224/65/3760 8223/66/3760
f 8223/67/3763 8224/68/3763 8220/65/3763 8217/66/3763
f 8223/71/5 8217/72/5 8218/69/5 8221/70/5
f 8225/73/3764 8228/76/3764 8227/75/3764 8226/74/3764
f 8229/77/3763 8225/80/3763 8226/79/3763 8230/78/3763
f 8231/81/3765 8229/79/3765 8230/76/3765 8232/73/3765
f 8228/82/3766 8231/85/3766 8232/84/3766 8227/83/3766
f 8226/86/5 8227/89/5 8232/88/5 8230/87/5
f 8229/90/6 8231/93/6 8228/92/6 8225/91/6
f 8233/1/3767 8236/4/3769 8235/3/3768 8234/2/3768
f 8234/2/3768 8238/6/3767 8237/5/3767 8233/1/3767
f 8239/7/3770 8242/10/3771 8241/9/3771 8240/8/3771
f 8242/10/3771 8239/7/3770 8244/12/3770 8243/11/3770
f 8236/4/3769 8233/1/3767 8242/10/3772 8243/11/3772
f 8241/13/3759 8193/16/3759 8192/15/3759 8240/14/3759
f 8195/17/3773 8192/20/3774 8193/19/3774 8194/18/3774
f 8192/20/3774 8195/17/3773 8196/22/3773 8191/21/3773
f 8196/14/3761 8244/15/3761 8239/30/3761 8191/29/3761
f 8190/31/5 8238/34/5 8234/33/5 8186/32/5
f 8192/35/6 8191/38/6 8239/37/6 8240/36/6
f 8236/39/3761 8243/42/3761 8195/41/3761 8188/40/3761
f 8234/43/3761 8235/46/3761 8187/45/3761 8186/44/3761
f 8188/47/6 8187/50/6 8235/49/6 8236/48/6
f 8196/51/5 8195/54/5 8243/53/5 8244/52/5
f 8185/55/3759 8194/16/3759 8242/13/3759 8233/56/3759
f 8190/46/3759 8189/58/3759 8237/57/3759 8238/45/3759
f 8189/50/6 8185/60/6 8233/59/6 8237/49/6
f 8194/61/5 8193/64/5 8241/63/5 8242/62/5
f 8245/3/3767 8248/4/3767 8247/1/3775 8246/2/3767
f 8249/6/3776 8246/2/3767 8247/1/3775 8250/5/3776
f 8251/9/3767 8254/10/3767 8253/11/3771 8252/8/3767
f 8255/7/3770 8252/8/3767 8253/11/3771 8256/12/3770
f 8253/11/3771 8254/10/3767 8247/1/3777 8248/4/3777
f 8204/15/3761 8203/16/3761 8251/13/3761 8252/14/3761
f 8202/28/3778 8199/23/3778 8200/24/3780 8201/27/3779
f 8198/26/3781 8201/27/3779 8200/24/3780 8197/25/3781
f 8255/30/3759 8256/15/3759 8208/14/3759 8207/29/3759
f 8246/33/5 8249/34/5 8201/31/5 8198/32/5
f 8255/37/6 8207/38/6 8204/35/6 8252/36/6
f 8205/41/3759 8253/42/3759 8248/39/3759 8200/40/3759
f 8197/45/3759 8245/46/3759 8246/43/3759 8198/44/3759
f 8245/49/6 8197/50/6 8200/47/6 8248/48/6
f 8253/53/5 8205/54/5 8208/51/5 8256/52/5
f 8254/13/3761 8206/16/3761 8199/55/3761 8247/56/3761
f 8250/57/3761 8202/58/3761 8201/46/3761 8249/45/3761
f 8247/59/6 8199/60/6 8202/50/6 8250/49/6
f 8251/63/5 8203/64/5 8206/61/5 8254/62/5
f 8257/65/3782 8260/68/3782 8259/67/3782 8258/66/3782
f 8261/65/3759 8257/68/3759 8258/67/3759 8262/66/3759
f 8263/65/3783 8261/68/3783 8262/67/3783 8264/66/3783
f 8260/65/3761 8263/68/3761 8264/67/3761 8259/66/3761
f 8258/69/5 8259/72/5 8264/71/5 8262/70/5
f 8265/67/3784 8268/68/3784 8267/65/3784 8266/66/3784
f 8266/67/3761 8267/68/3761 8270/65/3761 8269/66/3761
f 8269/67/3783 8270/68/3783 8272/65/3783 8271/66/3783
f 8271/67/3785 8272/68/3785 8268/65/3785 8265/66/3785
f 8271/71/5 8265/72/5 8266/69/5 8269/70/5
f 8273/73/3786 8276/76/3786 8275/75/3786 8274/74/3786
f 8277/77/3759 8273/80/3759 8274/79/3759 8278/78/3759
f 8279/81/3787 8277/79/3787 8278/76/3787 8280/73/3787
f 8276/82/3761 8279/85/3761 8280/84/3761 8275/83/3761
f 8274/86/5 8275/89/5 8280/88/5 8278/87/5
f 8277/90/6 8279/93/6 8276/92/6 8273/91/6
f 8281/1/3788 8284/4/3789 8283/3/3789 8282/2/3789
f 8282/2/3789 8286/6/3790 8285/5/3790 8281/1/3788
f 8287/7/3790 8290/10/3789 8289/9/3789 8288/8/3789
f 8290/10/3789 8287/7/3790 8292/12/3791 8291/11/3791
f 8284/4/3789 8281/1/3788 8290/10/3792 8291/11/3792
f 8289/13/3793 8241/16/3793 8240/15/3793 8288/14/3793
f 8243/17/3794 8240/20/3795 8241/19/3795 8242/18/3795
f 8240/20/3795 8243/17/3794 8244/22/3794 8239/21/3794
f 8244/14/3796 8292/15/3796 8287/30/3796 8239/29/3796
f 8238/31/5 8286/34/5 8282/33/5 8234/32/5
f 8240/35/6 8239/38/6 8287/37/6 8288/36/6
f 8284/39/3796 8291/42/3796 8243/41/3796 8236/40/3796
f 8282/43/3796 8283/46/3796 8235/45/3796 8234/44/3796
f 8236/47/6 8235/50/6 8283/49/6 8284/48/6
f 8244/51/5 8243/54/5 8291/53/5 8292/52/5
f 8233/55/3793 8242/16/3793 8290/13/3793 8281/56/3793
f 8238/46/3793 8237/58/3793 8285/57/3793 8286/45/3793
f 8237/50/6 8233/60/6 8281/59/6 8285/49/6
f 8242/61/5 8241/64/5 8289/63/5 8290/62/5
f 8293/3/3791 8296/4/3791 8295/1/3797 8294/2/3791
f 8297/6/3797 8294/2/3791 8295/1/3797 8298/5/3797
f 8299/9/3798 8302/10/3799 8301/11/3788 8300/8/3789
f 8303/7/3788 8300/8/3789 8301/11/3788 8304/12/3788
f 8301/11/3788 8302/10/3799 8295/1/3792 8296/4/3792
f 8252/15/3800 8251/16/3800 8299/13/3800 8300/14/3800
f 8250/28/3794 8247/23/3794 8248/24/3795 8249/27/3794
f 8246/26/3795 8249/27/3794 8248/24/3795 8245/25/3795
f 8303/30/3759 8304/15/3759 8256/14/3759 8255/29/3759
f 8294/33/5 8297/34/5 8249/31/5 8246/32/5
f 8303/37/6 8255/38/6 8252/35/6 8300/36/6
f 8253/41/3785 8301/42/3785 8296/39/3785 8248/40/3785
f 8245/45/3785 8293/46/3785 8294/43/3785 8246/44/3785
f 8293/49/6 8245/50/6 8248/47/6 8296/48/6
f 8301/53/5 8253/54/5 8256/51/5 8304/52/5
f 8302/13/3800 8254/16/3800 8247/55/3800 8295/56/3800
f 8298/57/3800 8250/58/3800 8249/46/3800 8297/45/3800
f 8295/59/6 8247/60/6 8250/50/6 8298/49/6
f 8299/63/5 8251/64/5 8254/61/5 8302/62/5
f 8305/65/3801 8308/68/3801 8307/67/3801 8306/66/3801
f 8309/65/3759 8305/68/3759 8306/67/3759 8310/66/3759
f 8311/65/3802 8309/68/3802 8310/67/3802 8312/66/3802
f 8308/65/3800 8311/68/3800 8312/67/3800 8307/66/3800
f 8306/69/5 8307/72/5 8312/71/5 8310/70/5
f 8313/67/3801 8316/68/3801 8315/65/3801 8314/66/3801
f 8314/67/3796 8315/68/3796 8318/65/3796 8317/66/3796
f 8317/67/3802 8318/68/3802 8320/65/3802 8319/66/3802
f 8319/67/3793 8320/68/3793 8316/65/3793 8313/66/3793
f 8319/71/5 8313/72/5 8314/69/5 8317/70/5
f 8321/73/3803 8324/76/3803 8323/75/3803 8322/74/3803
f 8325/77/3804 8321/80/3804 8322/79/3804 8326/78/3804
f 8327/81/3805 8325/79/3805 8326/76/3805 8328/73/3805
f 8324/82/3800 8327/85/3800 8328/84/3800 8323/83/3800
f 8322/86/5 8323/89/5 8328/88/5 8326/87/5
f 8325/90/6 8327/93/6 8324/92/6 8321/91/6
f 8329/1/3806 8332/4/3807 8331/3/3807 8330/2/3807
f 8330/2/3807 8334/6/3808 8333/5/3808 8329/1/3806
f 8335/7/3809 8338/10/3810 8337/9/3806 8336/8/3806
f 8338/10/3810 8335/7/3809 8340/12/3811 8339/11/3811
f 8332/4/3807 8329/1/3806 8338/10/3812 8339/11/3812
f 8337/13/3813 8289/16/3813 8288/15/3813 8336/14/3813
f 8291/17/3814 8288/20/3814 8289/19/3814 8290/18/3814
f 8288/20/3814 8291/17/3814 8292/22/3814 8287/21/3814
f 8292/14/3815 8340/15/3815 8335/30/3815 8287/29/3815
f 8286/31/5 8334/34/5 8330/33/5 8282/32/5
f 8288/35/6 8287/38/6 8335/37/6 8336/36/6
f 8332/39/3815 8339/42/3815 8291/41/3815 8284/40/3815
f 8330/43/3815 8331/46/3815 8283/45/3815 8282/44/3815
f 8284/47/6 8283/50/6 8331/49/6 8332/48/6
f 8292/51/5 8291/54/5 8339/53/5 8340/52/5
f 8281/55/3813 8290/16/3813 8338/13/3813 8329/56/3813
f 8286/46/3813 8285/58/3813 8333/57/3813 8334/45/3813
f 8285/50/6 8281/60/6 8329/59/6 8333/49/6
f 8290/61/5 8289/64/5 8337/63/5 8338/62/5
f 8341/3/3816 8344/4/3816 8343/1/3809 8342/2/3816
f 8345/6/3817 8342/2/3816 8343/1/3809 8346/5/3817
f 8347/9/3812 8350/10/3812 8349/11/3812 8348/8/3812
f 8351/7/3812 8348/8/3812 8349/11/3812 8352/12/3812
f 8349/11/3812 8350/10/3812 8343/1/3812 8344/4/3812
f 8300/15/3818 8299/16/3818 8347/13/3818 8348/14/3818
f 8298/28/3819 8295/23/3819 8296/24/3820 8297/27/3819
f 8294/26/3820 8297/27/3819 8296/24/3820 8293/25/3820
f 8351/30/3821 8352/15/3821 8304/14/3821 8303/29/3821
f 8342/33/5 8345/34/5 8297/31/5 8294/32/5
f 8351/37/6 8303/38/6 8300/35/6 8348/36/6
f 8301/41/3821 8349/42/3821 8344/39/3821 8296/40/3821
f 8293/45/3821 8341/46/3821 8342/43/3821 8294/44/3821
f 8341/49/6 8293/50/6 8296/47/6 8344/48/6
f 8349/53/5 8301/54/5 8304/51/5 8352/52/5
f 8350/13/3818 8302/16/3818 8295/55/3818 8343/56/3818
f 8346/57/3818 8298/58/3818 8297/46/3818 8345/45/3818
f 8343/59/6 8295/60/6 8298/50/6 8346/49/6
f 8347/63/5 8299/64/5 8302/61/5 8350/62/5
f 8353/65/3822 8356/68/3822 8355/67/3822 8354/66/3822
f 8357/65/3823 8353/68/3823 8354/67/3823 8358/66/3823
f 8359/65/3824 8357/68/3824 8358/67/3824 8360/66/3824
f 8356/65/3825 8359/68/3825 8360/67/3825 8355/66/3825
f 8354/69/5 8355/72/5 8360/71/5 8358/70/5
f 8361/67/3822 8364/68/3822 8363/65/3822 8362/66/3822
f 8362/67/3826 8363/68/3826 8366/65/3826 8365/66/3826
f 8365/67/3827 8366/68/3827 8368/65/3827 8367/66/3827
f 8367/67/3828 8368/68/3828 8364/65/3828 8361/66/3828
f 8367/71/5 8361/72/5 8362/69/5 8365/70/5
f 8369/73/3829 8372/76/3829 8371/75/3829 8370/74/3829
f 8373/77/3830 8369/80/3830 8370/79/3830 8374/78/3830
f 8375/81/3831 8373/79/3831 8374/76/3831 8376/73/3831
f 8372/82/3825 8375/85/3825 8376/84/3825 8371/83/3825
f 8370/86/5 8371/89/5 8376/88/5 8374/87/5
f 8373/90/6 8375/93/6 8372/92/6 8369/91/6
f 8377/1/3832 8380/4/3834 8379/3/3833 8378/2/3833
f 8378/2/3833 8382/6/3832 8381/5/3832 8377/1/3832
f 8383/7/3833 8386/10/3835 8385/9/3835 8384/8/3835
f 8386/10/3835 8383/7/3833 8388/12/3836 8387/11/3836
f 8380/4/3834 8377/1/3832 8386/10/3832 8387/11/3832
f 8385/13/3837 8337/16/3837 8336/15/3837 8384/14/3837
f 8339/17/3838 8336/20/3840 8337/19/3839 8338/18/3839
f 8336/20/3840 8339/17/3838 8340/22/3838 8335/21/3838
f 8340/14/3826 8388/15/3826 8383/30/3826 8335/29/3826
f 8334/31/5 8382/34/5 8378/33/5 8330/32/5
f 8336/35/6 8335/38/6 8383/37/6 8384/36/6
f 8380/39/3826 8387/42/3826 8339/41/3826 8332/40/3826
f 8378/43/3826 8379/46/3826 8331/45/3826 8330/44/3826
f 8332/47/6 8331/50/6 8379/49/6 8380/48/6
f 8340/51/5 8339/54/5 8387/53/5 8388/52/5
f 8329/55/3837 8338/16/3837 8386/13/3837 8377/56/3837
f 8334/46/3837 8333/58/3837 8381/57/3837 8382/45/3837
f 8333/50/6 8329/60/6 8377/59/6 8381/49/6
f 8338/61/5 8337/64/5 8385/63/5 8386/62/5
f 8389/3/3833 8392/4/3833 8391/1/3835 8390/2/3833
f 8393/6/3841 8390/2/3833 8391/1/3835 8394/5/3841
f 8395/9/3841 8398/10/3842 8397/11/3832 8396/8/3842
f 8399/7/3832 8396/8/3842 8397/11/3832 8400/12/3832
f 8397/11/3832 8398/10/3842 8391/1/3832 8392/4/3832
f 8348/15/3826 8347/16/3826 8395/13/3826 8396/14/3826
f 8346/28/3843 8343/23/3843 8344/24/3844 8345/27/3839
f 8342/26/3845 8345/27/3839 8344/24/3844 8341/25/3845
f 8399/30/3837 8400/15/3837 8352/14/3837 8351/29/3837
f 8390/33/5 8393/34/5 8345/31/5 8342/32/5
f 8399/37/6 8351/38/6 8348/35/6 8396/36/6
f 8349/41/3837 8397/42/3837 8392/39/3837 8344/40/3837
f 8341/45/3837 8389/46/3837 8390/43/3837 8342/44/3837
f 8389/49/6 8341/50/6 8344/47/6 8392/48/6
f 8397/53/5 8349/54/5 8352/51/5 8400/52/5
f 8398/13/3826 8350/16/3826 8343/55/3826 8391/56/3826
f 8394/57/3826 8346/58/3826 8345/46/3826 8393/45/3826
f 8391/59/6 8343/60/6 8346/50/6 8394/49/6
f 8395/63/5 8347/64/5 8350/61/5 8398/62/5
f 8401/65/3846 8404/68/3846 8403/67/3846 8402/66/3846
f 8405/65/3828 8401/68/3828 8402/67/3828 8406/66/3828
f 8407/65/3847 8405/68/3847 8406/67/3847 8408/66/3847
f 8404/65/3826 8407/68/3826 8408/67/3826 8403/66/3826
f 8402/69/5 8403/72/5 8408/71/5 8406/70/5
f 8409/67/3846 8412/68/3846 8411/65/3846 8410/66/3846
f 8410/67/3826 8411/68/3826 8414/65/3826 8413/66/3826
f 8413/67/3847 8414/68/3847 8416/65/3847 8415/66/3847
f 8415/67/3837 8416/68/3837 8412/65/3837 8409/66/3837
f 8415/71/5 8409/72/5 8410/69/5 8413/70/5
f 8417/73/3848 8420/76/3848 8419/75/3848 8418/74/3848
f 8421/77/3837 8417/80/3837 8418/79/3837 8422/78/3837
f 8423/81/3849 8421/79/3849 8422/76/3849 8424/73/3849
f 8420/82/3826 8423/85/3826 8424/84/3826 8419/83/3826
f 8418/86/5 8419/89/5 8424/88/5 8422/87/5
f 8421/90/6 8423/93/6 8420/92/6 8417/91/6
f 8425/1/3850 8428/4/3851 8427/3/3851 8426/2/3851
f 8426/2/3851 8430/6/3850 8429/5/3850 8425/1/3850
f 8431/7/3852 8434/10/3854 8433/9/3853 8432/8/3853
f 8434/10/3854 8431/7/3852 8436/12/3850 8435/11/3850
f 8428/4/3851 8425/1/3850 8434/10/3852 8435/11/3852
f 8433/13/3855 8385/16/3855 8384/15/3855 8432/14/3855
f 8387/17/3856 8384/20/3857 8385/19/3857 8386/18/3857
f 8384/20/3857 8387/17/3856 8388/22/3856 8383/21/3856
f 8388/14/3858 8436/15/3858 8431/30/3858 8383/29/3858
f 8382/31/5 8430/34/5 8426/33/5 8378/32/5
f 8384/35/6 8383/38/6 8431/37/6 8432/36/6
f 8428/39/3858 8435/42/3858 8387/41/3858 8380/40/3858
f 8426/43/3858 8427/46/3858 8379/45/3858 8378/44/3858
f 8380/47/6 8379/50/6 8427/49/6 8428/48/6
f 8388/51/5 8387/54/5 8435/53/5 8436/52/5
f 8377/55/3855 8386/16/3855 8434/13/3855 8425/56/3855
f 8382/46/3855 8381/58/3855 8429/57/3855 8430/45/3855
f 8381/50/6 8377/60/6 8425/59/6 8429/49/6
f 8386/61/5 8385/64/5 8433/63/5 8434/62/5
f 8437/3/3859 8440/4/3859 8439/1/3861 8438/2/3860
f 8441/6/3862 8438/2/3860 8439/1/3861 8442/5/3862
f 8443/9/3863 8446/10/3854 8445/11/3852 8444/8/3854
f 8447/7/3864 8444/8/3854 8445/11/3852 8448/12/3864
f 8445/11/3852 8446/10/3854 8439/1/3852 8440/4/3852
f 8396/15/3865 8395/16/3865 8443/13/3865 8444/14/3865
f 8394/28/3857 8391/23/3857 8392/24/3866 8393/27/3857
f 8390/26/3867 8393/27/3857 8392/24/3866 8389/25/3867
f 8447/30/3828 8448/15/3828 8400/14/3828 8399/29/3828
f 8438/33/5 8441/34/5 8393/31/5 8390/32/5
f 8447/37/6 8399/38/6 8396/35/6 8444/36/6
f 8397/41/3828 8445/42/3828 8440/39/3828 8392/40/3828
f 8389/45/3828 8437/46/3828 8438/43/3828 8390/44/3828
f 8437/49/6 8389/50/6 8392/47/6 8440/48/6
f 8445/53/5 8397/54/5 8400/51/5 8448/52/5
f 8446/13/3865 8398/16/3865 8391/55/3865 8439/56/3865
f 8442/57/3865 8394/58/3865 8393/46/3865 8441/45/3865
f 8439/59/6 8391/60/6 8394/50/6 8442/49/6
f 8443/63/5 8395/64/5 8398/61/5 8446/62/5
f 8449/65/3868 8452/68/3868 8451/67/3868 8450/66/3868
f 8453/65/3837 8449/68/3837 8450/67/3837 8454/66/3837
f 8455/65/3869 8453/68/3869 8454/67/3869 8456/66/3869
f 8452/65/3865 8455/68/3865 8456/67/3865 8451/66/3865
f 8450/69/5 8451/72/5 8456/71/5 8454/70/5
f 8457/67/3870 8460/68/3870 8459/65/3870 8458/66/3870
f 8458/67/3826 8459/68/3826 8462/65/3826 8461/66/3826
f 8461/67/3871 8462/68/3871 8464/65/3871 8463/66/3871
f 8463/67/3823 8464/68/3823 8460/65/3823 8457/66/3823
f 8463/71/5 8457/72/5 8458/69/5 8461/70/5
f 8465/73/3872 8468/76/3872 8467/75/3872 8466/74/3872
f 8469/77/3855 8465/80/3855 8466/79/3855 8470/78/3855
f 8471/81/3873 8469/79/3873 8470/76/3873 8472/73/3873
f 8468/82/3865 8471/85/3865 8472/84/3865 8467/83/3865
f 8466/86/5 8467/89/5 8472/88/5 8470/87/5
f 8469/90/6 8471/93/6 8468/92/6 8465/91/6
f 8473/1/3874 8476/4/3875 8475/3/3875 8474/2/3875
f 8474/2/3875 8478/6/3874 8477/5/3874 8473/1/3874
f 8479/7/3874 8482/10/3875 8481/9/3875 8480/8/3875
f 8482/10/3875 8479/7/3874 8484/12/3874 8483/11/3874
f 8476/4/3875 8473/1/3874 8482/10/3876 8483/11/3876
f 8481/13/3877 8433/16/3877 8432/15/3877 8480/14/3877
f 8435/17/3878 8432/20/3880 8433/19/3879 8434/18/3879
f 8432/20/3880 8435/17/3878 8436/22/3878 8431/21/3878
f 8436/14/3881 8484/15/3881 8479/30/3881 8431/29/3881
f 8430/31/5 8478/34/5 8474/33/5 8426/32/5
f 8432/35/6 8431/38/6 8479/37/6 8480/36/6
f 8476/39/3881 8483/42/3881 8435/41/3881 8428/40/3881
f 8474/43/3882 8475/46/3882 8427/45/3882 8426/44/3882
f 8428/47/6 8427/50/6 8475/49/6 8476/48/6
f 8436/51/5 8435/54/5 8483/53/5 8484/52/5
f 8425/55/3877 8434/16/3877 8482/13/3877 8473/56/3877
f 8430/46/3877 8429/58/3877 8477/57/3877 8478/45/3877
f 8429/50/6 8425/60/6 8473/59/6 8477/49/6
f 8434/61/5 8433/64/5 8481/63/5 8482/62/5
f 8485/3/3874 8488/4/3874 8487/1/3883 8486/2/3874
f 8489/6/3884 8486/2/3874 8487/1/3883 8490/5/3884
f 8491/9/3884 8494/10/3883 8493/11/3874 8492/8/3883
f 8495/7/3875 8492/8/3883 8493/11/3874 8496/12/3875
f 8493/11/3874 8494/10/3883 8487/1/3874 8488/4/3874
f 8444/15/3885 8443/16/3885 8491/13/3885 8492/14/3885
f 8442/28/3879 8439/23/3879 8440/24/3878 8441/27/3886
f 8438/26/3878 8441/27/3886 8440/24/3878 8437/25/3878
f 8495/30/3887 8496/15/3887 8448/14/3887 8447/29/3887
f 8486/33/5 8489/34/5 8441/31/5 8438/32/5
f 8495/37/6 8447/38/6 8444/35/6 8492/36/6
f 8445/41/3887 8493/42/3887 8488/39/3887 8440/40/3887
f 8437/45/3888 8485/46/3888 8486/43/3888 8438/44/3888
f 8485/49/6 8437/50/6 8440/47/6 8488/48/6
f 8493/53/5 8445/54/5 8448/51/5 8496/52/5
f 8494/13/3885 8446/16/3885 8439/55/3885 8487/56/3885
f 8490/57/3885 8442/58/3885 8441/46/3885 8489/45/3885
f 8487/59/6 8439/60/6 8442/50/6 8490/49/6
f 8491/63/5 8443/64/5 8446/61/5 8494/62/5
f 8497/65/3889 8500/68/3889 8499/67/3889 8498/66/3889
f 8501/65/3890 8497/68/3890 8498/67/3890 8502/66/3890
f 8503/65/3891 8501/68/3891 8502/67/3891 8504/66/3891
f 8500/65/3892 8503/68/3892 8504/67/3892 8499/66/3892
f 8498/69/5 8499/72/5 8504/71/5 8502/70/5
f 8505/67/3889 8508/68/3889 8507/65/3889 8506/66/3889
f 8506/67/3892 8507/68/3892 8510/65/3892 8509/66/3892
f 8509/67/3891 8510/68/3891 8512/65/3891 8511/66/3891
f 8511/67/3893 8512/68/3893 8508/65/3893 8505/66/3893
f 8511/71/5 8505/72/5 8506/69/5 8509/70/5
f 8513/73/3894 8516/76/3894 8515/75/3894 8514/74/3894
f 8517/77/3893 8513/80/3893 8514/79/3893 8518/78/3893
f 8519/81/3895 8517/79/3895 8518/76/3895 8520/73/3895
f 8516/82/3896 8519/85/3896 8520/84/3896 8515/83/3896
f 8514/86/5 8515/89/5 8520/88/5 8518/87/5
f 8517/90/6 8519/93/6 8516/92/6 8513/91/6
f 8521/1/3897 8524/4/3900 8523/3/3899 8522/2/3898
f 8522/2/3898 8526/6/3901 8525/5/3901 8521/1/3897
f 8527/7/3897 8530/10/3902 8529/9/3902 8528/8/3902
f 8530/10/3902 8527/7/3897 8532/12/3901 8531/11/3901
f 8524/4/3900 8521/1/3897 8530/10/3903 8531/11/3903
f 8529/13/3904 8481/16/3904 8480/15/3904 8528/14/3904
f 8483/17/3905 8480/20/3907 8481/19/3906 8482/18/3906
f 8480/20/3907 8483/17/3905 8484/22/3905 8479/21/3905
f 8484/14/3908 8532/15/3908 8527/30/3908 8479/29/3908
f 8478/31/5 8526/34/5 8522/33/5 8474/32/5
f 8480/35/6 8479/38/6 8527/37/6 8528/36/6
f 8524/39/3908 8531/42/3908 8483/41/3908 8476/40/3908
f 8522/43/3908 8523/46/3908 8475/45/3908 8474/44/3908
f 8476/47/6 8475/50/6 8523/49/6 8524/48/6
f 8484/51/5 8483/54/5 8531/53/5 8532/52/5
f 8473/55/3904 8482/16/3904 8530/13/3904 8521/56/3904
f 8478/46/3909 8477/58/3909 8525/57/3909 8526/45/3909
f 8477/50/6 8473/60/6 8521/59/6 8525/49/6
f 8482/61/5 8481/64/5 8529/63/5 8530/62/5
f 8533/3/3910 8536/4/3910 8535/1/3897 8534/2/3903
f 8537/6/3911 8534/2/3903 8535/1/3897 8538/5/3911
f 8539/9/3912 8542/10/3901 8541/11/3903 8540/8/3902
f 8543/7/3903 8540/8/3902 8541/11/3903 8544/12/3903
f 8541/11/3903 8542/10/3901 8535/1/3903 8536/4/3903
f 8492/15/3908 8491/16/3908 8539/13/3908 8540/14/3908
f 8490/28/3913 8487/23/3913 8488/24/3914 8489/27/3914
f 8486/26/3914 8489/27/3914 8488/24/3914 8485/25/3914
f 8543/30/3904 8544/15/3904 8496/14/3904 8495/29/3904
f 8534/33/5 8537/34/5 8489/31/5 8486/32/5
f 8543/37/6 8495/38/6 8492/35/6 8540/36/6
f 8493/41/3904 8541/42/3904 8536/39/3904 8488/40/3904
f 8485/45/3915 8533/46/3915 8534/43/3915 8486/44/3915
f 8533/49/6 8485/50/6 8488/47/6 8536/48/6
f 8541/53/5 8493/54/5 8496/51/5 8544/52/5
f 8542/13/3908 8494/16/3908 8487/55/3908 8535/56/3908
f 8538/57/3908 8490/58/3908 8489/46/3908 8537/45/3908
f 8535/59/6 8487/60/6 8490/50/6 8538/49/6
f 8539/63/5 8491/64/5 8494/61/5 8542/62/5
f 8545/65/3916 8548/68/3916 8547/67/3916 8546/66/3916
f 8549/65/3909 8545/68/3909 8546/67/3909 8550/66/3909
f 8551/65/3917 8549/68/3917 8550/67/3917 8552/66/3917
f 8548/65/3908 8551/68/3908 8552/67/3908 8547/66/3908
f 8546/69/5 8547/72/5 8552/71/5 8550/70/5
f 8553/67/3916 8556/68/3916 8555/65/3916 8554/66/3916
f 8554/67/3918 8555/68/3918 8558/65/3918 8557/66/3918
f 8557/67/3919 8558/68/3919 8560/65/3919 8559/66/3919
f 8559/67/3904 8560/68/3904 8556/65/3904 8553/66/3904
f 8559/71/5 8553/72/5 8554/69/5 8557/70/5
f 8561/73/3920 8564/76/3920 8563/75/3920 8562/74/3920
f 8565/77/3904 8561/80/3904 8562/79/3904 8566/78/3904
f 8567/81/3921 8565/79/3921 8566/76/3921 8568/73/3921
f 8564/82/3918 8567/85/3918 8568/84/3918 8563/83/3918
f 8562/86/5 8563/89/5 8568/88/5 8566/87/5
f 8565/90/6 8567/93/6 8564/92/6 8561/91/6
f 8569/1/3922 8572/4/3922 8571/3/3922 8570/2/3922
f 8570/2/3922 8574/6/3923 8573/5/3923 8569/1/3922
f 8575/7/3924 8578/10/3924 8577/9/3925 8576/8/3925
f 8578/10/3924 8575/7/3924 8580/12/3924 8579/11/3926
f 8572/4/3922 8569/1/3922 8578/10/3924 8579/11/3926
f 8577/13/3927 8529/16/3927 8528/15/3927 8576/14/3927
f 8531/17/3928 8528/20/3928 8529/19/3928 8530/18/3928
f 8528/20/3928 8531/17/3928 8532/22/3928 8527/21/3928
f 8532/14/3929 8580/15/3929 8575/30/3929 8527/29/3929
f 8526/31/5 8574/34/5 8570/33/5 8522/32/5
f 8528/35/6 8527/38/6 8575/37/6 8576/36/6
f 8572/39/3929 8579/42/3929 8531/41/3929 8524/40/3929
f 8570/43/3929 8571/46/3929 8523/45/3929 8522/44/3929
f 8524/47/6 8523/50/6 8571/49/6 8572/48/6
f 8532/51/5 8531/54/5 8579/53/5 8580/52/5
f 8521/55/3930 8530/16/3930 8578/13/3930 8569/56/3930
f 8526/46/3930 8525/58/3930 8573/57/3930 8574/45/3930
f 8525/50/6 8521/60/6 8569/59/6 8573/49/6
f 8530/61/5 8529/64/5 8577/63/5 8578/62/5
f 8581/3/3923 8584/4/3923 8583/1/3931 8582/2/3923
f 8585/6/3931 8582/2/3923 8583/1/3931 8586/5/3931
f 8587/9/3924 8590/10/3926 8589/11/3931 8588/8/3926
f 8591/7/3931 8588/8/3926 8589/11/3931 8592/12/3931
f 8589/11/3931 8590/10/3926 8583/1/3931 8584/4/3923
f 8540/15/3932 8539/16/3932 8587/13/3932 8588/14/3932
f 8538/28/3933 8535/23/3933 8536/24/3934 8537/27/3928
f 8534/26/3935 8537/27/3928 8536/24/3934 8533/25/3935
f 8591/30/3936 8592/15/3936 8544/14/3936 8543/29/3936
f 8582/33/5 8585/34/5 8537/31/5 8534/32/5
f 8591/37/6 8543/38/6 8540/35/6 8588/36/6
f 8541/41/3936 8589/42/3936 8584/39/3936 8536/40/3936
f 8533/45/3936 8581/46/3936 8582/43/3936 8534/44/3936
f 8581/49/6 8533/50/6 8536/47/6 8584/48/6
f 8589/53/5 8541/54/5 8544/51/5 8592/52/5
f 8590/13/3937 8542/16/3937 8535/55/3937 8583/56/3937
f 8586/57/3937 8538/58/3937 8537/46/3937 8585/45/3937
f 8583/59/6 8535/60/6 8538/50/6 8586/49/6
f 8587/63/5 8539/64/5 8542/61/5 8590/62/5
f 8593/65/3938 8596/68/3938 8595/67/3938 8594/66/3938
f 8597/65/3909 8593/68/3909 8594/67/3909 8598/66/3909
f 8599/65/3939 8597/68/3939 8598/67/3939 8600/66/3939
f 8596/65/3892 8599/68/3892 8600/67/3892 8595/66/3892
f 8594/69/5 8595/72/5 8600/71/5 8598/70/5
f 8601/67/3940 8604/68/3940 8603/65/3940 8602/66/3940
f 8602/67/3918 8603/68/3918 8606/65/3918 8605/66/3918
f 8605/67/3941 8606/68/3941 8608/65/3941 8607/66/3941
f 8607/67/3890 8608/68/3890 8604/65/3890 8601/66/3890
f 8607/71/5 8601/72/5 8602/69/5 8605/70/5
f 8609/73/3942 8612/76/3942 8611/75/3942 8610/74/3942
f 8613/77/3890 8609/80/3890 8610/79/3890 8614/78/3890
f 8615/81/3943 8613/79/3943 8614/76/3943 8616/73/3943
f 8612/82/3892 8615/85/3892 8616/84/3892 8611/83/3892
f 8610/86/5 8611/89/5 8616/88/5 8614/87/5
f 8613/90/6 8615/93/6 8612/92/6 8609/91/6
