mtllib track_curve_45_large_left.mtl
usemtl Mat_1
# Blender v3.2.0 OBJ File: ''
# www.blender.org
o track_normal.001
v 0.829500 0.071585 0.740521
v 0.795370 0.085804 0.741480
v 0.795370 0.071585 0.741480
v 0.805000 0.071585 0.741209
v 0.839129 0.071585 0.740250
v 0.839129 0.085804 0.740250
v 0.787262 0.025804 0.741708
v 0.847239 0.025804 0.740023
v 0.847239 0.041290 0.740023
v 0.829500 0.041290 0.740521
v 0.805000 0.041290 0.741209
v 0.787262 0.041290 0.741708
v 0.862835 0.025804 1.000000
v 0.862835 0.041290 1.000000
v 0.820581 0.041290 0.999951
v 0.845091 0.041290 0.999980
v 0.802836 0.025804 0.999931
v 0.802836 0.041290 0.999931
v 0.845091 0.071585 0.999980
v 0.820581 0.071585 0.999951
v 0.810946 0.071585 0.999940
v 0.810946 0.085804 0.999940
v 0.854723 0.085804 0.999991
v 0.854723 0.071585 0.999991
v 0.178438 0.071585 0.758812
v 0.178438 0.085804 0.758812
v 0.144306 0.071585 0.759771
v 0.168806 0.071585 0.759083
v 0.134676 0.085804 0.760042
v 0.134676 0.071585 0.760042
v 0.126570 0.041290 0.760269
v 0.126570 0.025804 0.760269
v 0.168806 0.041290 0.759083
v 0.144306 0.041290 0.759771
v 0.186544 0.025804 0.758584
v 0.186544 0.041290 0.758584
v 0.141882 0.025804 0.999161
v 0.141882 0.041290 0.999161
v 0.201881 0.025804 0.999231
v 0.184137 0.041290 0.999210
v 0.201881 0.041290 0.999231
v 0.159626 0.041290 0.999182
v 0.149992 0.071585 0.999171
v 0.149992 0.085804 0.999171
v 0.184137 0.071585 0.999210
v 0.159626 0.071585 0.999182
v 0.193769 0.085804 0.999222
v 0.193769 0.071585 0.999222
v 0.206457 -0.025278 0.864277
v 0.206457 0.054722 0.864277
v 0.176462 0.054722 0.864733
v 0.176462 -0.025278 0.864733
v 0.208460 -0.025278 0.893200
v 0.208460 0.054722 0.893200
v 0.178461 -0.025278 0.893551
v 0.178461 0.054722 0.893551
v 0.812120 0.054722 0.855060
v 0.782126 0.054722 0.855517
v 0.782126 -0.025278 0.855517
v 0.812120 -0.025278 0.855060
v 0.784155 0.054722 0.886460
v 0.784155 -0.025278 0.886460
v 0.814152 0.054722 0.886109
v 0.814152 -0.025278 0.886109
v 0.960485 -0.029999 0.794845
v 0.960485 0.030001 0.794845
v 0.020708 0.030001 0.815196
v 0.020708 -0.029999 0.815196
v 0.969994 -0.029999 0.942230
v 0.969994 0.030001 0.942230
v 0.030006 -0.029999 0.947185
v 0.030006 0.030001 0.947185
v 0.812456 0.071585 0.483667
v 0.778368 0.085804 0.485614
v 0.778368 0.071585 0.485614
v 0.787985 0.071585 0.485065
v 0.822073 0.071585 0.483118
v 0.822073 0.085804 0.483118
v 0.770269 0.025804 0.486076
v 0.830172 0.025804 0.482656
v 0.830172 0.041290 0.482656
v 0.812456 0.041290 0.483667
v 0.787985 0.041290 0.485065
v 0.770269 0.041290 0.486076
v 0.162195 0.071585 0.520802
v 0.162195 0.085804 0.520802
v 0.128107 0.071585 0.522748
v 0.152576 0.071585 0.521351
v 0.118488 0.085804 0.523298
v 0.118488 0.071585 0.523298
v 0.110392 0.041290 0.523760
v 0.110392 0.025804 0.523760
v 0.152576 0.041290 0.521351
v 0.128107 0.041290 0.522748
v 0.170294 0.025804 0.520339
v 0.170294 0.041290 0.520339
v 0.190083 -0.025278 0.625671
v 0.190083 0.054722 0.625671
v 0.160112 0.054722 0.626996
v 0.160112 -0.025278 0.626996
v 0.192053 -0.025278 0.654591
v 0.192053 0.054722 0.654591
v 0.162081 -0.025278 0.655810
v 0.162081 0.054722 0.655810
v 0.795225 0.054722 0.598921
v 0.765255 0.054722 0.600246
v 0.765255 -0.025278 0.600246
v 0.795225 -0.025278 0.598921
v 0.767313 0.054722 0.631185
v 0.767313 -0.025278 0.631185
v 0.797289 0.054722 0.629965
v 0.797289 -0.025278 0.629965
v 0.943373 -0.029999 0.534305
v 0.943373 0.030001 0.534305
v 0.004576 0.030001 0.581858
v 0.004576 -0.029999 0.581858
v 0.953102 -0.029999 0.681677
v 0.953102 0.030001 0.681677
v 0.013653 -0.029999 0.713847
v 0.013653 0.030001 0.713847
v 0.795122 0.071585 0.226823
v 0.761107 0.085804 0.229756
v 0.761107 0.071585 0.229756
v 0.770704 0.071585 0.228928
v 0.804722 0.071585 0.225995
v 0.804722 0.085804 0.225995
v 0.753023 0.025804 0.230452
v 0.812803 0.025804 0.225298
v 0.812803 0.041290 0.225298
v 0.795122 0.041290 0.226823
v 0.770704 0.041290 0.228928
v 0.753023 0.041290 0.230452
v 0.146212 0.071585 0.282770
v 0.146212 0.085804 0.282770
v 0.112192 0.071585 0.285703
v 0.136612 0.071585 0.283597
v 0.102594 0.085804 0.286530
v 0.102594 0.071585 0.286530
v 0.094515 0.041290 0.287227
v 0.094515 0.025804 0.287227
v 0.136612 0.041290 0.283597
v 0.112192 0.041290 0.285703
v 0.154291 0.025804 0.282073
v 0.154291 0.041290 0.282073
v 0.173948 -0.025278 0.387047
v 0.173948 0.054722 0.387047
v 0.144030 0.054722 0.389239
v 0.144030 -0.025278 0.389239
v 0.175892 -0.025278 0.415976
v 0.175892 0.054722 0.415976
v 0.145964 -0.025278 0.418063
v 0.145964 0.054722 0.418063
v 0.778063 0.054722 0.342787
v 0.748144 0.054722 0.344979
v 0.748144 -0.025278 0.344979
v 0.778063 -0.025278 0.342787
v 0.750231 0.054722 0.375924
v 0.750231 -0.025278 0.375924
v 0.780157 0.054722 0.373837
v 0.780157 -0.025278 0.373837
v 0.925865 -0.029999 0.273782
v 0.925865 0.030001 0.273782
v -0.011160 0.030001 0.348498
v -0.011160 -0.029999 0.348498
v 0.935816 -0.029999 0.421144
v 0.935816 0.030001 0.421144
v -0.002308 -0.029999 0.480502
v -0.002308 0.030001 0.480502
v 0.777506 0.071585 -0.029991
v 0.743586 0.085804 -0.026074
v 0.743586 0.071585 -0.026074
v 0.753157 0.071585 -0.027179
v 0.787077 0.071585 -0.031096
v 0.787077 0.085804 -0.031096
v 0.735529 0.025804 -0.025144
v 0.795134 0.025804 -0.032027
v 0.795134 0.041290 -0.032027
v 0.777506 0.041290 -0.029991
v 0.753157 0.041290 -0.027180
v 0.735529 0.041290 -0.025144
v 0.130484 0.071585 0.044721
v 0.130484 0.085804 0.044721
v 0.096567 0.071585 0.048638
v 0.120914 0.071585 0.045826
v 0.086996 0.085804 0.049743
v 0.086996 0.071585 0.049743
v 0.078938 0.041290 0.050673
v 0.078938 0.025804 0.050673
v 0.120913 0.041290 0.045826
v 0.096567 0.041290 0.048638
v 0.138542 0.025804 0.043791
v 0.138542 0.041290 0.043791
v 0.158056 -0.025278 0.148412
v 0.158056 0.054722 0.148412
v 0.128212 0.054722 0.151469
v 0.128212 -0.025278 0.151469
v 0.159969 -0.025278 0.177337
v 0.159969 0.054722 0.177337
v 0.130114 -0.025278 0.180290
v 0.130114 0.054722 0.180290
v 0.760635 0.054722 0.086679
v 0.730791 0.054722 0.089736
v 0.730791 -0.025278 0.089736
v 0.760635 -0.025278 0.086679
v 0.732908 0.054722 0.120672
v 0.732908 -0.025278 0.120672
v 0.762762 0.054722 0.117719
v 0.762762 -0.025278 0.117719
v 0.907965 -0.029999 0.013293
v 0.907965 0.030001 0.013293
v -0.026504 0.030001 0.115108
v -0.026504 -0.029999 0.115108
v 0.918139 -0.029999 0.160634
v 0.918139 0.030001 0.160634
v -0.017874 -0.029999 0.247129
v -0.017874 0.030001 0.247129
v 0.748793 0.071585 -0.285370
v 0.715004 0.085804 -0.280467
v 0.715004 0.071585 -0.280467
v 0.724537 0.071585 -0.281850
v 0.758328 0.071585 -0.286753
v 0.758328 0.085804 -0.286753
v 0.706976 0.025804 -0.279302
v 0.766356 0.025804 -0.287918
v 0.766356 0.041290 -0.287918
v 0.748793 0.041290 -0.285370
v 0.724537 0.041290 -0.281850
v 0.706976 0.041290 -0.279302
v 0.104223 0.071585 -0.191848
v 0.104223 0.085804 -0.191848
v 0.070433 0.071585 -0.186945
v 0.094688 0.071585 -0.190464
v 0.060900 0.085804 -0.185562
v 0.060900 0.071585 -0.185562
v 0.052872 0.041290 -0.184397
v 0.052872 0.025804 -0.184397
v 0.094688 0.041290 -0.190464
v 0.070433 0.041290 -0.186945
v 0.112249 0.025804 -0.193012
v 0.112249 0.041290 -0.193012
v 0.142403 -0.025278 -0.090250
v 0.142403 0.054722 -0.090250
v 0.112659 0.054722 -0.086330
v 0.112659 -0.025278 -0.086330
v 0.144287 -0.025278 -0.061319
v 0.144287 0.054722 -0.061319
v 0.114531 -0.025278 -0.057503
v 0.114531 0.054722 -0.057503
v 0.742941 0.054722 -0.169405
v 0.713200 0.054722 -0.165484
v 0.713200 -0.025278 -0.165484
v 0.742941 -0.025278 -0.169405
v 0.715345 0.054722 -0.134549
v 0.715345 -0.025278 -0.134549
v 0.745102 0.054722 -0.138365
v 0.745102 -0.025278 -0.138365
v 0.886190 -0.029999 -0.246714
v 0.886190 0.030001 -0.246714
v -0.044933 0.030001 -0.117834
v -0.044933 -0.029999 -0.117834
v 0.900068 -0.029999 -0.099838
v 0.900068 0.030001 -0.099838
v -0.033049 -0.029999 0.013723
v -0.033049 0.030001 0.013723
v 0.697628 0.071585 -0.537824
v 0.663998 0.085804 -0.531928
v 0.663998 0.071585 -0.531928
v 0.673487 0.071585 -0.533591
v 0.707117 0.071585 -0.539487
v 0.707117 0.085804 -0.539487
v 0.656008 0.025804 -0.530527
v 0.715107 0.025804 -0.540888
v 0.715107 0.041290 -0.540888
v 0.697628 0.041290 -0.537824
v 0.673487 0.041290 -0.533591
v 0.656008 0.041290 -0.530527
v 0.056093 0.071585 -0.425354
v 0.056093 0.085804 -0.425354
v 0.022461 0.071585 -0.419458
v 0.046602 0.071585 -0.423690
v 0.012972 0.085804 -0.417794
v 0.012972 0.071585 -0.417794
v 0.004982 0.041290 -0.416394
v 0.004982 0.025804 -0.416394
v 0.046602 0.041290 -0.423690
v 0.022461 0.041290 -0.419458
v 0.064081 0.025804 -0.426755
v 0.064081 0.041290 -0.426755
v 0.097906 -0.025278 -0.324879
v 0.097906 0.054722 -0.324879
v 0.068293 0.054722 -0.320086
v 0.068293 -0.025278 -0.320086
v 0.103750 -0.025278 -0.296504
v 0.103750 0.054722 -0.296504
v 0.074120 -0.025278 -0.291816
v 0.074120 0.054722 -0.291816
v 0.695860 0.054722 -0.421655
v 0.666245 0.054722 -0.416862
v 0.666245 -0.025278 -0.416862
v 0.695860 -0.025278 -0.421655
v 0.672415 0.054722 -0.386457
v 0.672415 -0.025278 -0.386457
v 0.702047 0.054722 -0.391144
v 0.702047 -0.025278 -0.391144
v 0.834520 -0.029999 -0.502883
v 0.834520 0.030001 -0.502883
v -0.092401 0.030001 -0.346630
v -0.092401 -0.029999 -0.346630
v 0.863798 -0.029999 -0.357985
v 0.863798 0.030001 -0.357985
v -0.065599 -0.029999 -0.217201
v -0.065599 0.030001 -0.217201
v 0.646168 0.071585 -0.790233
v 0.612726 0.085804 -0.783348
v 0.612726 0.071585 -0.783348
v 0.622160 0.071585 -0.785291
v 0.655603 0.071585 -0.792175
v 0.655603 0.085804 -0.792175
v 0.604780 0.025804 -0.781713
v 0.663549 0.025804 -0.793810
v 0.663549 0.041290 -0.793810
v 0.646168 0.041290 -0.790233
v 0.622160 0.041290 -0.785291
v 0.604780 0.041290 -0.781713
v 0.008223 0.071585 -0.658912
v 0.008223 0.085804 -0.658912
v -0.025219 0.071585 -0.652028
v -0.001213 0.071585 -0.656970
v -0.034655 0.085804 -0.650085
v -0.034655 0.071585 -0.650085
v -0.042601 0.041290 -0.648450
v -0.042601 0.025804 -0.648450
v -0.001213 0.041290 -0.656970
v -0.025219 0.041290 -0.652028
v 0.016169 0.025804 -0.660547
v 0.016169 0.041290 -0.660547
v 0.049814 -0.025278 -0.559013
v 0.049814 0.054722 -0.559013
v 0.020355 0.054722 -0.553349
v 0.020355 -0.025278 -0.553349
v 0.055632 -0.025278 -0.530630
v 0.055632 0.054722 -0.530630
v 0.026150 -0.025278 -0.525072
v 0.026150 0.054722 -0.525072
v 0.644659 0.054722 -0.673362
v 0.615198 0.054722 -0.667699
v 0.615198 -0.025278 -0.667699
v 0.644659 -0.025278 -0.673362
v 0.621397 0.054722 -0.637297
v 0.621397 -0.025278 -0.637297
v 0.650877 0.054722 -0.642855
v 0.650877 -0.025278 -0.642855
v 0.782448 -0.029999 -0.758989
v 0.782448 0.030001 -0.758989
v -0.139467 0.030001 -0.575497
v -0.139467 -0.029999 -0.575497
v 0.811953 -0.029999 -0.614131
v 0.811953 0.030001 -0.614131
v -0.112894 -0.029999 -0.446028
v -0.112894 0.030001 -0.446028
v 0.594418 0.071585 -1.042575
v 0.561194 0.085804 -1.034708
v 0.561194 0.071585 -1.034708
v 0.570568 0.071585 -1.036928
v 0.603792 0.071585 -1.044794
v 0.603792 0.085804 -1.044794
v 0.553301 0.025804 -1.032840
v 0.611685 0.025804 -1.046663
v 0.611685 0.041290 -1.046663
v 0.594418 0.041290 -1.042575
v 0.570568 0.041290 -1.036928
v 0.553301 0.041290 -1.032840
v -0.039381 0.071585 -0.892518
v -0.039381 0.085804 -0.892518
v -0.072607 0.071585 -0.884651
v -0.048756 0.071585 -0.890298
v -0.081980 0.085804 -0.882432
v -0.081980 0.071585 -0.882432
v -0.089874 0.041290 -0.880563
v -0.089874 0.025804 -0.880563
v -0.048756 0.041290 -0.890298
v -0.072607 0.041290 -0.884651
v -0.031488 0.025804 -0.894386
v -0.031488 0.041290 -0.894386
v 0.001968 -0.025278 -0.793195
v 0.001968 0.054722 -0.793195
v -0.027313 0.054722 -0.786666
v -0.027313 -0.025278 -0.786666
v 0.007755 -0.025278 -0.764806
v 0.007755 0.054722 -0.764806
v -0.021549 -0.025278 -0.758381
v -0.021549 0.054722 -0.758381
v 0.593184 0.054722 -0.925019
v 0.563902 0.054722 -0.918490
v 0.563902 -0.025278 -0.918490
v 0.593184 -0.025278 -0.925019
v 0.570135 0.054722 -0.888093
v 0.570135 -0.025278 -0.888093
v 0.599440 0.054722 -0.894517
v 0.599440 -0.025278 -0.894517
v 0.729977 -0.029999 -1.015013
v 0.729977 0.030001 -1.015013
v -0.186134 0.030001 -0.804441
v -0.186134 -0.029999 -0.804441
v 0.759707 -0.029999 -0.870200
v 0.759707 0.030001 -0.870200
v -0.159786 -0.029999 -0.674926
v -0.159786 0.030001 -0.674926
v 0.542378 0.071585 -1.294852
v 0.509398 0.085804 -1.286010
v 0.509398 0.071585 -1.286010
v 0.518703 0.071585 -1.288505
v 0.551683 0.071585 -1.297347
v 0.551683 0.085804 -1.297347
v 0.501564 0.025804 -1.283910
v 0.559519 0.025804 -1.299447
v 0.559519 0.041290 -1.299447
v 0.542378 0.041290 -1.294852
v 0.518703 0.041290 -1.288505
v 0.501564 0.041290 -1.283910
v -0.086725 0.071585 -1.126189
v -0.086725 0.085804 -1.126189
v -0.119705 0.071585 -1.117347
v -0.096031 0.071585 -1.123694
v -0.129009 0.085804 -1.114852
v -0.129009 0.071585 -1.114852
v -0.136845 0.041290 -1.112752
v -0.136845 0.025804 -1.112752
v -0.096031 0.041290 -1.123694
v -0.119705 0.041290 -1.117347
v -0.078890 0.025804 -1.128289
v -0.078890 0.041290 -1.128289
v -0.045633 -0.025278 -1.027428
v -0.045633 0.054722 -1.027428
v -0.074709 0.054722 -1.020040
v -0.074709 -0.025278 -1.020040
v -0.039877 -0.025278 -0.999035
v -0.039877 0.054722 -0.999035
v -0.068977 -0.025278 -0.991750
v -0.068977 0.054722 -0.991750
v 0.541443 0.054722 -1.176612
v 0.512369 0.054722 -1.169224
v 0.512369 -0.025278 -1.169224
v 0.541443 -0.025278 -1.176612
v 0.518627 0.054722 -1.138837
v 0.518627 -0.025278 -1.138837
v 0.547728 0.054722 -1.146121
v 0.547728 -0.025278 -1.146121
v 0.677107 -0.029999 -1.270947
v 0.677107 0.030001 -1.270947
v -0.232405 0.030001 -1.033478
v -0.232405 -0.029999 -1.033478
v 0.707062 -0.029999 -1.126191
v 0.707062 0.030001 -1.126191
v -0.206280 -0.029999 -0.903912
v -0.206280 0.030001 -0.903912
v 0.464922 0.071585 -1.540174
v 0.432219 0.085804 -1.530362
v 0.432219 0.071585 -1.530362
v 0.441446 0.071585 -1.533131
v 0.474150 0.071585 -1.542942
v 0.474150 0.085804 -1.542942
v 0.424450 0.025804 -1.528031
v 0.481920 0.025804 -1.545273
v 0.481920 0.041290 -1.545273
v 0.464922 0.041290 -1.540174
v 0.441446 0.041290 -1.533131
v 0.424450 0.041290 -1.528031
v -0.158926 0.071585 -1.353010
v -0.158926 0.085804 -1.353010
v -0.191629 0.071585 -1.343198
v -0.168154 0.071585 -1.350242
v -0.200857 0.085804 -1.340430
v -0.200857 0.071585 -1.340430
v -0.208626 0.041290 -1.338099
v -0.208626 0.025804 -1.338099
v -0.168154 0.041290 -1.350242
v -0.191629 0.041290 -1.343198
v -0.151157 0.025804 -1.355341
v -0.151157 0.041290 -1.355341
v -0.104036 -0.025278 -1.258687
v -0.104036 0.054722 -1.258687
v -0.132883 0.054722 -1.250444
v -0.132883 -0.025278 -1.250444
v -0.094471 -0.025278 -1.231337
v -0.094471 0.054722 -1.231337
v -0.123346 -0.025278 -1.223197
v -0.123346 0.054722 -1.223197
v 0.478384 0.054722 -1.425118
v 0.449537 0.054722 -1.416875
v 0.449537 -0.025278 -1.416875
v 0.478384 -0.025278 -1.425118
v 0.459667 0.054722 -1.387541
v 0.459667 -0.025278 -1.387541
v 0.488543 0.054722 -1.395681
v 0.488543 -0.025278 -1.395680
v 0.605753 -0.029999 -1.521833
v 0.605753 0.030001 -1.521833
v -0.296354 0.030001 -1.257631
v -0.296354 -0.029999 -1.257631
v 0.653849 -0.029999 -1.382032
v 0.653849 0.030001 -1.382032
v -0.252548 -0.029999 -1.132943
v -0.252548 0.030001 -1.132943
v 0.380636 0.071585 -1.783616
v 0.348236 0.085804 -1.772842
v 0.348236 0.071585 -1.772842
v 0.357378 0.071585 -1.775882
v 0.389778 0.071585 -1.786655
v 0.389778 0.085804 -1.786656
v 0.340540 0.025804 -1.770283
v 0.397474 0.025804 -1.789214
v 0.397474 0.041290 -1.789214
v 0.380636 0.041290 -1.783616
v 0.357378 0.041290 -1.775882
v 0.340540 0.041290 -1.770283
v -0.237411 0.071585 -1.578104
v -0.237411 0.085804 -1.578104
v -0.269812 0.071585 -1.567331
v -0.246553 0.071585 -1.575065
v -0.278952 0.085804 -1.564291
v -0.278952 0.071585 -1.564291
v -0.286650 0.041290 -1.561732
v -0.286650 0.025804 -1.561732
v -0.246553 0.041290 -1.575065
v -0.269812 0.041290 -1.567331
v -0.229715 0.025804 -1.580663
v -0.229715 0.041290 -1.580663
v -0.182814 -0.025278 -1.484331
v -0.182814 0.054722 -1.484331
v -0.211403 0.054722 -1.475240
v -0.211403 -0.025278 -1.475240
v -0.173279 -0.025278 -1.456979
v -0.173279 0.054722 -1.456979
v -0.201900 -0.025278 -1.447990
v -0.201900 0.054722 -1.447990
v 0.394438 0.054722 -1.667895
v 0.365847 0.054722 -1.658804
v 0.365847 -0.025278 -1.658804
v 0.394438 -0.025278 -1.667895
v 0.376003 0.054722 -1.629485
v 0.376003 -0.025278 -1.629485
v 0.404627 0.054722 -1.638474
v 0.404625 -0.025278 -1.638474
v 0.520418 -0.029999 -1.768886
v 0.520418 0.030001 -1.768886
v -0.373487 0.030001 -1.478151
v -0.373487 -0.029999 -1.478151
v 0.568735 -0.029999 -1.629156
v 0.568735 0.030001 -1.629156
v -0.329908 -0.029999 -1.353400
v -0.329908 0.030001 -1.353400
v 0.296064 0.071585 -2.026966
v 0.263998 0.085804 -2.015240
v 0.263998 0.071585 -2.015240
v 0.273047 0.071585 -2.018549
v 0.305113 0.071585 -2.030275
v 0.305113 0.085804 -2.030275
v 0.256380 0.025804 -2.012455
v 0.312731 0.025804 -2.033060
v 0.312731 0.041290 -2.033060
v 0.296064 0.041290 -2.026966
v 0.273047 0.041290 -2.018549
v 0.256380 0.041290 -2.012455
v -0.315641 0.071585 -1.803287
v -0.315641 0.085804 -1.803287
v -0.347708 0.071585 -1.791561
v -0.324690 0.071585 -1.799978
v -0.356756 0.085804 -1.788252
v -0.356756 0.071585 -1.788252
v -0.364374 0.041290 -1.785467
v -0.364374 0.025804 -1.785467
v -0.324690 0.041290 -1.799978
v -0.347708 0.041290 -1.791561
v -0.308023 0.025804 -1.806072
v -0.308023 0.041290 -1.806072
v -0.261351 -0.025278 -1.710055
v -0.261351 0.054722 -1.710055
v -0.289659 0.054722 -1.700124
v -0.289659 -0.025278 -1.700124
v -0.251844 -0.025278 -1.682690
v -0.251844 0.054722 -1.682690
v -0.280188 -0.025278 -1.672860
v -0.280188 0.054722 -1.672860
v 0.310225 0.054722 -1.910592
v 0.281916 0.054722 -1.900660
v 0.281916 -0.025278 -1.900660
v 0.310225 -0.025278 -1.910592
v 0.292101 0.054722 -1.871348
v 0.292101 -0.025278 -1.871348
v 0.320446 0.054722 -1.881178
v 0.320446 -0.025278 -1.881178
v 0.434694 -0.029999 -2.015820
v 0.434694 0.030001 -2.015820
v -0.450235 0.030001 -1.698803
v -0.450235 -0.029999 -1.698803
v 0.483234 -0.029999 -1.876156
v 0.483234 0.030001 -1.876156
v -0.406870 -0.029999 -1.573973
v -0.406870 0.030001 -1.573973
v 0.211214 0.071585 -2.270209
v 0.179506 0.085803 -2.257541
v 0.179506 0.071584 -2.257541
v 0.188454 0.071584 -2.261116
v 0.220160 0.071584 -2.273784
v 0.220160 0.085803 -2.273784
v 0.171976 0.025803 -2.254532
v 0.227694 0.025803 -2.276793
v 0.227694 0.041290 -2.276793
v 0.211214 0.041290 -2.270209
v 0.188454 0.041290 -2.261116
v 0.171976 0.041290 -2.254532
v -0.393618 0.071584 -2.028557
v -0.393618 0.085803 -2.028557
v -0.425325 0.071585 -2.015889
v -0.402563 0.071584 -2.024983
v -0.434271 0.085804 -2.012315
v -0.434271 0.071585 -2.012315
v -0.441805 0.041290 -2.009305
v -0.441805 0.025804 -2.009305
v -0.402563 0.041290 -2.024983
v -0.425325 0.041290 -2.015889
v -0.386084 0.025803 -2.031566
v -0.386084 0.041289 -2.031566
v -0.339651 -0.025278 -1.935859
v -0.339651 0.054722 -1.935859
v -0.367655 0.054722 -1.925096
v -0.367655 -0.025278 -1.925096
v -0.330175 -0.025278 -1.908486
v -0.330175 0.054722 -1.908486
v -0.358213 -0.025278 -1.897823
v -0.358213 0.054722 -1.897823
v 0.225752 0.054722 -2.153193
v 0.197748 0.054722 -2.142429
v 0.197748 -0.025278 -2.142429
v 0.225752 -0.025278 -2.153193
v 0.207964 0.054722 -2.113130
v 0.207964 -0.025278 -2.113130
v 0.236004 0.054722 -2.123794
v 0.236004 -0.025278 -2.123794
v 0.348585 -0.030000 -2.262609
v 0.348585 0.030001 -2.262609
v -0.526594 0.030001 -1.919589
v -0.526594 -0.030000 -1.919589
v 0.397341 -0.029999 -2.123030
v 0.397341 0.030001 -2.123030
v -0.483450 -0.029999 -1.794684
v -0.483450 0.030001 -1.794684
v 0.116156 0.071584 -2.509141
v 0.084837 0.085803 -2.495543
v 0.084837 0.071584 -2.495543
v 0.093672 0.071584 -2.499380
v 0.124992 0.071584 -2.512978
v 0.124992 0.085803 -2.512978
v 0.077395 0.025803 -2.492312
v 0.132433 0.025803 -2.516208
v 0.132433 0.041289 -2.516208
v 0.116156 0.041289 -2.509141
v 0.093672 0.041289 -2.499380
v 0.077395 0.041289 -2.492312
v -0.481283 0.071584 -2.249748
v -0.481283 0.085803 -2.249748
v -0.512602 0.071584 -2.236150
v -0.490122 0.071584 -2.245911
v -0.521440 0.085803 -2.232313
v -0.521440 0.071584 -2.232313
v -0.528879 0.041289 -2.229083
v -0.528879 0.025803 -2.229083
v -0.490122 0.041289 -2.245911
v -0.512602 0.041289 -2.236150
v -0.473844 0.025803 -2.252978
v -0.473844 0.041289 -2.252978
v -0.417719 -0.025279 -2.161760
v -0.417719 0.054721 -2.161759
v -0.445391 0.054721 -2.150173
v -0.445391 -0.025279 -2.150173
v -0.408266 -0.025279 -2.134369
v -0.408266 0.054721 -2.134369
v -0.435980 -0.025279 -2.122882
v -0.435980 0.054721 -2.122882
v 0.141016 0.054721 -2.395702
v 0.113344 0.054721 -2.384115
v 0.113344 -0.025279 -2.384115
v 0.141016 -0.025279 -2.395702
v 0.123591 0.054721 -2.354821
v 0.123591 -0.025279 -2.354821
v 0.151304 0.054721 -2.366308
v 0.151304 -0.025279 -2.366308
v 0.258783 -0.030000 -2.507846
v 0.258783 0.030000 -2.507846
v -0.605883 0.030000 -2.139132
v -0.605883 -0.030000 -2.139132
v 0.311064 -0.030000 -2.369756
v 0.311064 0.030000 -2.369756
v -0.559641 -0.030000 -2.015533
v -0.559641 0.030000 -2.015533
v 0.000977 0.071584 -2.739532
v -0.029928 0.085803 -2.725018
v -0.029928 0.071584 -2.725018
v -0.021208 0.071584 -2.729114
v 0.009697 0.071584 -2.743628
v 0.009697 0.085803 -2.743628
v -0.037271 0.025803 -2.721570
v 0.017038 0.025803 -2.747075
v 0.017038 0.041289 -2.747075
v 0.000977 0.041289 -2.739532
v -0.021208 0.041289 -2.729113
v -0.037271 0.041289 -2.721570
v -0.588568 0.071584 -2.462667
v -0.588568 0.085803 -2.462667
v -0.619474 0.071584 -2.448153
v -0.597288 0.071584 -2.458572
v -0.628195 0.085803 -2.444058
v -0.628195 0.071584 -2.444058
v -0.635534 0.041289 -2.440610
v -0.635534 0.025803 -2.440610
v -0.597288 0.041289 -2.458572
v -0.619474 0.041289 -2.448153
v -0.581228 0.025803 -2.466115
v -0.581228 0.041289 -2.466115
v -0.522047 -0.025279 -2.376584
v -0.522047 0.054721 -2.376584
v -0.549364 0.054721 -2.364189
v -0.549364 -0.025279 -2.364189
v -0.509012 -0.025279 -2.350711
v -0.509012 0.054721 -2.350711
v -0.536375 -0.025279 -2.338412
v -0.536375 0.054721 -2.338412
v 0.029558 0.054721 -2.626877
v 0.002239 0.054721 -2.614481
v 0.002239 -0.025279 -2.614481
v 0.029558 -0.025279 -2.626877
v 0.016119 0.054721 -2.586735
v 0.016119 -0.025279 -2.586735
v 0.043482 0.054721 -2.599033
v 0.043482 -0.025279 -2.599033
v 0.142145 -0.030000 -2.741688
v 0.142145 0.030000 -2.741688
v -0.711294 0.030000 -2.347684
v -0.711294 -0.030000 -2.347684
v 0.208170 -0.030000 -2.609433
v 0.208170 0.030000 -2.609433
v -0.651712 -0.030000 -2.229694
v -0.651712 0.030000 -2.229694
v -0.114471 0.071584 -2.969802
v -0.144937 0.085803 -2.954385
v -0.144937 0.071584 -2.954385
v -0.136341 0.071584 -2.958735
v -0.105875 0.071584 -2.974152
v -0.105875 0.085803 -2.974152
v -0.152174 0.025803 -2.950723
v -0.098638 0.025803 -2.977815
v -0.098638 0.041289 -2.977815
v -0.114471 0.041289 -2.969802
v -0.136341 0.041289 -2.958735
v -0.152174 0.041289 -2.950723
v -0.695612 0.071584 -2.675705
v -0.695612 0.085803 -2.675705
v -0.726076 0.071584 -2.660287
v -0.704206 0.071584 -2.671355
v -0.734674 0.085803 -2.655937
v -0.734674 0.071584 -2.655937
v -0.741911 0.041289 -2.652275
v -0.741911 0.025803 -2.652275
v -0.704206 0.041289 -2.671355
v -0.726076 0.041289 -2.660287
v -0.688375 0.025803 -2.679367
v -0.688375 0.041289 -2.679367
v -0.629457 -0.025279 -2.590119
v -0.629457 0.054721 -2.590119
v -0.656401 0.054721 -2.576924
v -0.656401 -0.025279 -2.576924
v -0.616449 -0.025279 -2.564232
v -0.616449 0.054721 -2.564232
v -0.643438 -0.025279 -2.551133
v -0.643438 0.054721 -2.551133
v -0.085459 0.054721 -2.856538
v -0.112400 0.054721 -2.843343
v -0.112400 -0.025279 -2.843343
v -0.085459 -0.025279 -2.856538
v -0.098494 0.054721 -2.815610
v -0.098494 -0.025279 -2.815610
v -0.071505 0.054721 -2.828708
v -0.071505 -0.025279 -2.828708
v 0.025135 -0.030000 -2.975366
v 0.025135 0.030000 -2.975366
v -0.816339 0.030000 -2.556413
v -0.816339 -0.030000 -2.556413
v 0.091368 -0.030000 -2.843205
v 0.091368 0.030000 -2.843205
v -0.756964 -0.030000 -2.438322
v -0.756964 0.030000 -2.438322
v -0.230183 0.071584 -3.199933
v -0.260181 0.085803 -3.183626
v -0.260181 0.071584 -3.183626
v -0.251717 0.071584 -3.188227
v -0.221720 0.071584 -3.204534
v -0.221720 0.085803 -3.204534
v -0.267309 0.025803 -3.179752
v -0.214594 0.025803 -3.208408
v -0.214594 0.041289 -3.208408
v -0.230183 0.041289 -3.199933
v -0.251717 0.041289 -3.188227
v -0.267309 0.041289 -3.179752
v -0.802416 0.071584 -2.888858
v -0.802416 0.085803 -2.888858
v -0.832415 0.071584 -2.872551
v -0.810881 0.071584 -2.884257
v -0.840879 0.085803 -2.867949
v -0.840879 0.071584 -2.867949
v -0.848005 0.041289 -2.864075
v -0.848005 0.025803 -2.864075
v -0.810881 0.041289 -2.884257
v -0.832415 0.041289 -2.872551
v -0.795290 0.025803 -2.892732
v -0.795290 0.041289 -2.892732
v -0.736643 -0.025279 -2.803764
v -0.736643 0.054721 -2.803764
v -0.763185 0.054721 -2.789782
v -0.763185 -0.025279 -2.789782
v -0.723661 -0.025279 -2.777862
v -0.723661 0.054721 -2.777862
v -0.750254 -0.025279 -2.763975
v -0.750254 0.054721 -2.763975
v -0.200722 0.054721 -3.086080
v -0.227264 0.054721 -3.072098
v -0.227264 -0.025279 -3.072098
v -0.200722 -0.025279 -3.086080
v -0.213329 0.054721 -3.044376
v -0.213329 -0.025279 -3.044376
v -0.186737 0.054721 -3.058264
v -0.186737 -0.025279 -3.058264
v -0.092237 -0.030000 -3.208858
v -0.092237 0.030000 -3.208858
v -0.921019 0.030000 -2.765319
v -0.921019 -0.030000 -2.765319
v -0.025801 -0.030000 -3.076805
v -0.025801 0.030000 -3.076805
v -0.861849 -0.030000 -2.647127
v -0.861849 0.030000 -2.647127
v -0.346159 0.071584 -3.429929
v -0.375662 0.085803 -3.412746
v -0.375662 0.071584 -3.412746
v -0.367338 0.071584 -3.417594
v -0.337835 0.071584 -3.434777
v -0.337835 0.085803 -3.434777
v -0.382673 0.025803 -3.408664
v -0.330824 0.025803 -3.438859
v -0.330824 0.041289 -3.438859
v -0.346159 0.041289 -3.429929
v -0.367338 0.041289 -3.417594
v -0.382673 0.041289 -3.408664
v -0.908987 0.071584 -3.102146
v -0.908987 0.085803 -3.102146
v -0.938494 0.071584 -3.084962
v -0.917311 0.071584 -3.097297
v -0.946817 0.085803 -3.080114
v -0.946817 0.071584 -3.080114
v -0.953825 0.041289 -3.076032
v -0.953825 0.025803 -3.076032
v -0.917311 0.041289 -3.097297
v -0.938494 0.041289 -3.084962
v -0.901979 0.025803 -3.106228
v -0.901979 0.041289 -3.106228
v -0.843611 -0.025279 -3.017528
v -0.843611 0.054721 -3.017528
v -0.869730 0.054721 -3.002771
v -0.869730 -0.025279 -3.002771
v -0.830656 -0.025279 -2.991610
v -0.830656 0.054721 -2.991610
v -0.856829 -0.025279 -2.976946
v -0.856829 0.054721 -2.976946
v -0.316233 0.054721 -3.315496
v -0.342352 0.054721 -3.300739
v -0.342352 -0.025279 -3.300739
v -0.316233 -0.025279 -3.315496
v -0.328390 0.054721 -3.273029
v -0.328390 -0.025279 -3.273029
v -0.302217 0.054721 -3.287693
v -0.302217 -0.025279 -3.287693
v -0.209970 -0.030000 -3.442159
v -0.209970 0.030000 -3.442159
v -1.025335 0.030000 -2.974418
v -1.025335 -0.030000 -2.974418
v -0.143331 -0.030000 -3.310216
v -0.143331 0.030000 -3.310216
v -0.966371 -0.030000 -2.856116
v -0.966371 0.030000 -2.856117
v -0.487745 0.071584 -3.644867
v -0.516737 0.085803 -3.626827
v -0.516737 0.071584 -3.626827
v -0.508554 0.071584 -3.631917
v -0.479567 0.071584 -3.649957
v -0.479567 0.085803 -3.649957
v -0.523622 0.025803 -3.622541
v -0.472681 0.025803 -3.654242
v -0.472681 0.041289 -3.654242
v -0.487745 0.041289 -3.644867
v -0.508554 0.041289 -3.631917
v -0.523622 0.041289 -3.622541
v -1.040731 0.071584 -3.300741
v -1.040731 0.085803 -3.300741
v -1.069723 0.071584 -3.282700
v -1.048914 0.071584 -3.295650
v -1.077902 0.085803 -3.277611
v -1.077902 0.071584 -3.277611
v -1.084787 0.041289 -3.273325
v -1.084787 0.025803 -3.273325
v -1.048914 0.041289 -3.295650
v -1.069723 0.041289 -3.282700
v -1.033846 0.025803 -3.305026
v -1.033846 0.041289 -3.305026
v -0.963522 -0.025279 -3.223732
v -0.963522 0.054721 -3.223732
v -0.989199 0.054721 -3.208214
v -0.989199 -0.025279 -3.208214
v -0.947256 -0.025279 -3.199748
v -0.947256 0.054721 -3.199748
v -0.972986 -0.025279 -3.184322
v -0.972986 0.054721 -3.184322
v -0.445120 0.054721 -3.537053
v -0.470793 0.054721 -3.521536
v -0.470793 -0.025279 -3.521536
v -0.445120 -0.025279 -3.537053
v -0.453474 0.054721 -3.495801
v -0.453474 -0.025279 -3.495802
v -0.427744 0.054721 -3.511228
v -0.427744 -0.025279 -3.511228
v -0.347296 -0.030000 -3.663935
v -0.347296 0.030000 -3.663935
v -1.148596 0.030000 -3.172487
v -1.148596 -0.030000 -3.172487
v -0.264912 -0.030000 -3.541253
v -0.264912 0.030000 -3.541253
v -1.074240 -0.030000 -3.063143
v -1.074240 0.030000 -3.063143
v -0.631716 0.071584 -3.858396
v -0.660162 0.085803 -3.839515
v -0.660162 0.071584 -3.839515
v -0.652136 0.071584 -3.844843
v -0.623690 0.071584 -3.863723
v -0.623690 0.085803 -3.863723
v -0.666922 0.025803 -3.835030
v -0.616930 0.025803 -3.868209
v -0.616930 0.041289 -3.868209
v -0.631716 0.041289 -3.858396
v -0.652136 0.041289 -3.844843
v -0.666922 0.041289 -3.835030
v -1.174391 0.071584 -3.498228
v -1.174391 0.085803 -3.498228
v -1.202841 0.071584 -3.479348
v -1.182417 0.071584 -3.492901
v -1.210867 0.085803 -3.474020
v -1.210867 0.071584 -3.474020
v -1.217627 0.041289 -3.469535
v -1.217627 0.025803 -3.469535
v -1.182417 0.041289 -3.492901
v -1.202841 0.041289 -3.479348
v -1.167635 0.025803 -3.502714
v -1.167635 0.041289 -3.502714
v -1.097601 -0.025279 -3.421671
v -1.097601 0.054721 -3.421671
v -1.122812 0.054721 -3.405408
v -1.122812 -0.025279 -3.405408
v -1.081362 -0.025279 -3.397673
v -1.081362 0.054721 -3.397673
v -1.106630 -0.025279 -3.381500
v -1.106630 0.054721 -3.381500
v -0.588594 0.054721 -3.750035
v -0.613802 0.054721 -3.733772
v -0.613802 -0.025279 -3.733772
v -0.588594 -0.025279 -3.750035
v -0.596456 0.054721 -3.708055
v -0.596456 -0.025279 -3.708055
v -0.571192 0.054721 -3.724228
v -0.571192 -0.025279 -3.724228
v -0.493208 -0.030000 -3.880646
v -0.493208 0.030000 -3.880646
v -1.279776 0.030000 -3.365950
v -1.279776 -0.030000 -3.365950
v -0.410631 -0.030000 -3.758090
v -0.410631 0.030000 -3.758090
v -1.205618 -0.030000 -3.256491
v -1.205618 0.030000 -3.256491
v -0.775934 0.071584 -4.071767
v -0.803820 0.085803 -4.052061
v -0.803820 0.071584 -4.052061
v -0.795950 0.071584 -4.057621
v -0.768068 0.071584 -4.077327
v -0.768068 0.085803 -4.077327
v -0.810442 0.025803 -4.047380
v -0.761442 0.025803 -4.082008
v -0.761442 0.041289 -4.082008
v -0.775934 0.041289 -4.071767
v -0.795950 0.041289 -4.057621
v -0.810442 0.041289 -4.047380
v -1.307833 0.071584 -3.695866
v -1.307833 0.085803 -3.695866
v -1.335718 0.071584 -3.676161
v -1.315702 0.071584 -3.690307
v -1.343584 0.085803 -3.670601
v -1.343584 0.071584 -3.670601
v -1.350210 0.041289 -3.665919
v -1.350210 0.025803 -3.665919
v -1.315702 0.041289 -3.690307
v -1.335718 0.041289 -3.676161
v -1.301210 0.025803 -3.700548
v -1.301210 0.041289 -3.700548
v -1.231478 -0.025279 -3.619748
v -1.231478 0.054721 -3.619748
v -1.256201 0.054721 -3.602754
v -1.256201 -0.025279 -3.602754
v -1.215261 -0.025279 -3.595729
v -1.215261 0.054721 -3.595729
v -1.240042 -0.025279 -3.578822
v -1.240042 0.054721 -3.578822
v -0.732302 0.054721 -3.962873
v -0.757025 0.054721 -3.945879
v -0.757025 -0.025279 -3.945879
v -0.732302 -0.025279 -3.962873
v -0.739649 0.054721 -3.920174
v -0.739649 -0.025279 -3.920174
v -0.714865 0.054721 -3.937079
v -0.714865 -0.025279 -3.937079
v -0.639456 -0.030000 -4.097138
v -0.639456 0.030000 -4.097138
v -1.410620 0.030000 -3.559636
v -1.410620 -0.030000 -3.559636
v -0.556688 -0.030000 -3.974704
v -0.556688 0.030000 -3.974704
v -1.336645 -0.030000 -3.450047
v -1.336645 0.030000 -3.450047
v -0.920389 0.071584 -4.284962
v -0.947683 0.085803 -4.264448
v -0.947683 0.071584 -4.264448
v -0.939981 0.071584 -4.270236
v -0.912687 0.071584 -4.290750
v -0.912687 0.085803 -4.290750
v -0.954168 0.025803 -4.259575
v -0.906202 0.025803 -4.295623
v -0.906202 0.041289 -4.295623
v -0.920389 0.041289 -4.284962
v -0.939981 0.041289 -4.270236
v -0.954168 0.041289 -4.259575
v -1.441053 0.071584 -3.893651
v -1.441053 0.085803 -3.893651
v -1.468351 0.071584 -3.873138
v -1.448755 0.071584 -3.887863
v -1.476049 0.085803 -3.867350
v -1.476049 0.071584 -3.867350
v -1.482534 0.041289 -3.862477
v -1.482534 0.025803 -3.862477
v -1.448755 0.041289 -3.887863
v -1.468351 0.041289 -3.873138
v -1.434572 0.025803 -3.898524
v -1.434572 0.041289 -3.898524
v -1.365145 -0.025279 -3.817959
v -1.365145 0.054721 -3.817959
v -1.389360 0.054721 -3.800249
v -1.389360 -0.025279 -3.800249
v -1.348955 -0.025279 -3.793929
v -1.348955 0.054721 -3.793929
v -1.373236 -0.025279 -3.776305
v -1.373236 0.054721 -3.776305
v -0.876226 0.054721 -4.175550
v -0.900442 0.054721 -4.157840
v -0.900442 -0.025279 -4.157840
v -0.876226 -0.025279 -4.175550
v -0.883047 0.054721 -4.132158
v -0.883047 -0.025279 -4.132158
v -0.858770 0.054721 -4.149783
v -0.858770 -0.025279 -4.149783
v -0.786032 -0.030000 -4.313398
v -0.786032 0.030000 -4.313398
v -1.541128 0.030000 -3.753550
v -1.541128 -0.030000 -3.753550
v -0.703081 -0.030000 -4.191100
v -0.703081 0.030000 -4.191100
v -1.467344 -0.030000 -3.643834
v -1.467344 0.030000 -3.643834
v -1.078569 0.071584 -4.487535
v -1.105253 0.085803 -4.466233
v -1.105253 0.071584 -4.466233
v -1.097727 0.071584 -4.472243
v -1.071043 0.071584 -4.493545
v -1.071043 0.085803 -4.493545
v -1.111593 0.025803 -4.461172
v -1.064703 0.025803 -4.498606
v -1.064703 0.041289 -4.498606
v -1.078569 0.041289 -4.487535
v -1.097727 0.041289 -4.472243
v -1.111593 0.041289 -4.461172
v -1.587580 0.071584 -4.081179
v -1.587580 0.085803 -4.081179
v -1.614263 0.071584 -4.059876
v -1.595110 0.071584 -4.075168
v -1.621794 0.085803 -4.053866
v -1.621794 0.071584 -4.053866
v -1.628134 0.041289 -4.048805
v -1.628134 0.025803 -4.048805
v -1.595110 0.041289 -4.075168
v -1.614263 0.041289 -4.059876
v -1.581243 0.025803 -4.086239
v -1.581243 0.041289 -4.086239
v -1.501017 -0.025279 -4.014470
v -1.501017 0.054721 -4.014470
v -1.524702 0.054721 -3.996058
v -1.524702 -0.025279 -3.996058
v -1.482450 -0.025279 -3.992267
v -1.482450 0.054721 -3.992267
v -1.506201 -0.025279 -3.973940
v -1.506201 0.054721 -3.973940
v -1.022772 0.054721 -4.386216
v -1.046457 0.054721 -4.367804
v -1.046457 -0.025279 -4.367804
v -1.022772 -0.025279 -4.386216
v -1.026644 0.054721 -4.343991
v -1.026644 -0.025279 -4.343991
v -1.002890 0.054721 -4.362318
v -1.002893 -0.025279 -4.362318
v -0.940878 -0.030000 -4.523267
v -0.940878 0.030000 -4.523267
v -1.679281 0.030000 -3.941578
v -1.679281 -0.030000 -3.941578
v -0.849802 -0.030000 -4.407257
v -0.849802 0.030000 -4.407257
v -1.597715 -0.030000 -3.837852
v -1.597715 0.030000 -3.837852
v -1.248449 0.071584 -4.681035
v -1.274504 0.085803 -4.658964
v -1.274504 0.071584 -4.658964
v -1.267149 0.071584 -4.665191
v -1.241098 0.071584 -4.687263
v -1.241098 0.085803 -4.687263
v -1.280691 0.025803 -4.653720
v -1.234911 0.025803 -4.692506
v -1.234911 0.041289 -4.692506
v -1.248449 0.041289 -4.681035
v -1.267149 0.041289 -4.665191
v -1.280691 0.041289 -4.653720
v -1.745390 0.071584 -4.260004
v -1.745390 0.085803 -4.260004
v -1.771444 0.071584 -4.237933
v -1.752741 0.071584 -4.253776
v -1.778791 0.085803 -4.231705
v -1.778791 0.071584 -4.231705
v -1.784983 0.041289 -4.226462
v -1.784983 0.025803 -4.226462
v -1.752741 0.041289 -4.253776
v -1.771444 0.041289 -4.237933
v -1.739202 0.025803 -4.265248
v -1.739202 0.041289 -4.265248
v -1.659296 -0.025279 -4.193692
v -1.659296 0.054721 -4.193692
v -1.682432 0.054721 -4.174598
v -1.682432 -0.025279 -4.174598
v -1.640123 -0.025279 -4.171963
v -1.640123 0.054721 -4.171963
v -1.663328 -0.025279 -4.152950
v -1.663328 0.054721 -4.152950
v -1.192099 0.054721 -4.579230
v -1.215235 0.054721 -4.560136
v -1.215235 -0.025279 -4.560136
v -1.192099 -0.025279 -4.579230
v -1.194769 0.054721 -4.536834
v -1.194769 -0.025279 -4.536834
v -1.171564 0.054721 -4.555846
v -1.171564 -0.025279 -4.555846
v -1.113047 -0.030000 -4.719690
v -1.113047 0.030000 -4.719690
v -1.834166 0.030000 -4.116711
v -1.834166 -0.030000 -4.116711
v -1.015615 -0.030000 -4.608609
v -1.015615 0.030000 -4.608609
v -1.746588 -0.030000 -4.017611
v -1.746588 0.030000 -4.017611
v -1.418554 0.071584 -4.874350
v -1.443953 0.085803 -4.851529
v -1.443953 0.071584 -4.851529
v -1.436789 0.071584 -4.857968
v -1.411390 0.071584 -4.880790
v -1.411390 0.085803 -4.880790
v -1.449987 0.025803 -4.846106
v -1.405359 0.025803 -4.886211
v -1.405359 0.041289 -4.886211
v -1.418554 0.041289 -4.874350
v -1.436789 0.041289 -4.857968
v -1.449987 0.041289 -4.846107
v -1.903006 0.071584 -4.439003
v -1.903006 0.085803 -4.439003
v -1.928400 0.071584 -4.416180
v -1.910170 0.071584 -4.432564
v -1.935568 0.085803 -4.409741
v -1.935568 0.071584 -4.409741
v -1.941599 0.041289 -4.404320
v -1.941599 0.025803 -4.404320
v -1.910170 0.041289 -4.432564
v -1.928400 0.041289 -4.416180
v -1.896971 0.025803 -4.444424
v -1.896971 0.041289 -4.444424
v -1.817388 -0.025279 -4.373075
v -1.817388 0.054721 -4.373075
v -1.839960 0.054721 -4.353314
v -1.839960 -0.025279 -4.353314
v -1.798235 -0.025279 -4.351322
v -1.798235 0.054721 -4.351322
v -1.820875 -0.025279 -4.331641
v -1.820875 0.054721 -4.331641
v -1.361635 0.054721 -4.772077
v -1.384207 0.054721 -4.752316
v -1.384207 -0.025279 -4.752316
v -1.361635 -0.025279 -4.772077
v -1.363714 0.054721 -4.729028
v -1.363714 -0.025279 -4.729028
v -1.341074 0.054721 -4.748710
v -1.341074 -0.025279 -4.748710
v -1.285524 -0.030000 -4.915861
v -1.285524 0.030000 -4.915861
v -1.988752 0.030000 -4.292103
v -1.988752 -0.030000 -4.292103
v -1.187925 -0.030000 -4.804927
v -1.187925 0.030000 -4.804927
v -1.901346 -0.030000 -4.192859
v -1.901346 0.030000 -4.192859
v -1.588877 0.071584 -5.067466
v -1.613596 0.085803 -5.043913
v -1.613596 0.071584 -5.043913
v -1.606619 0.071584 -5.050559
v -1.581900 0.071584 -5.074112
v -1.581900 0.085803 -5.074112
v -1.619467 0.025803 -5.038318
v -1.576029 0.025803 -5.079708
v -1.576029 0.041289 -5.079708
v -1.588877 0.041289 -5.067467
v -1.606619 0.041289 -5.050559
v -1.619467 0.041289 -5.038318
v -2.060419 0.071584 -4.618173
v -2.060419 0.085803 -4.618173
v -2.085138 0.071584 -4.594620
v -2.067396 0.071584 -4.611528
v -2.092115 0.085803 -4.587974
v -2.092115 0.071584 -4.587975
v -2.097986 0.041289 -4.582380
v -2.097986 0.025803 -4.582380
v -2.067396 0.041289 -4.611528
v -2.085138 0.041289 -4.594620
v -2.054548 0.025803 -4.623768
v -2.054548 0.041289 -4.623768
v -1.975294 -0.025279 -4.552618
v -1.975294 0.054721 -4.552618
v -1.997282 0.054721 -4.532207
v -1.997282 -0.025279 -4.532207
v -1.956167 -0.025279 -4.530846
v -1.956167 0.054721 -4.530846
v -1.978224 -0.025279 -4.510513
v -1.978224 0.054721 -4.510513
v -1.531374 0.054721 -4.964744
v -1.553362 0.054721 -4.944333
v -1.553362 -0.025279 -4.944333
v -1.531374 -0.025279 -4.964744
v -1.532846 0.054721 -4.921067
v -1.532846 -0.025279 -4.921067
v -1.510790 0.054721 -4.941400
v -1.510790 -0.025279 -4.941400
v -1.458300 -0.030000 -5.111760
v -1.458300 0.030000 -5.111760
v -2.143034 0.030000 -4.467756
v -2.143034 -0.030000 -4.467756
v -1.360533 -0.030000 -5.000984
v -1.360533 0.030000 -5.000984
v -2.055799 -0.030000 -4.368365
v -2.055799 0.030000 -4.368365
v -1.763235 0.071584 -5.256561
v -1.787256 0.085803 -5.232297
v -1.787256 0.071584 -5.232296
v -1.780477 0.071584 -5.239143
v -1.756456 0.071584 -5.263408
v -1.756456 0.085803 -5.263408
v -1.792963 0.025803 -5.226532
v -1.750750 0.025803 -5.269171
v -1.750750 0.041289 -5.269171
v -1.763235 0.041289 -5.256561
v -1.780477 0.041289 -5.239143
v -1.792963 0.041289 -5.226532
v -2.221472 0.071584 -4.793704
v -2.221472 0.085803 -4.793704
v -2.245493 0.071584 -4.769440
v -2.228250 0.071584 -4.786857
v -2.252272 0.085803 -4.762593
v -2.252272 0.071584 -4.762593
v -2.257978 0.041289 -4.756830
v -2.257978 0.025803 -4.756830
v -2.228250 0.041289 -4.786857
v -2.245493 0.041289 -4.769440
v -2.215765 0.025803 -4.799468
v -2.215765 0.041289 -4.799468
v -2.133024 -0.025279 -4.732327
v -2.133024 0.054721 -4.732327
v -2.154406 0.054721 -4.711284
v -2.154406 -0.025279 -4.711284
v -2.113913 -0.025279 -4.710535
v -2.113913 0.054721 -4.710535
v -2.135370 -0.025279 -4.689567
v -2.135370 0.054721 -4.689567
v -1.701311 0.054721 -5.157227
v -1.722692 0.054721 -5.136183
v -1.722692 -0.025279 -5.136183
v -1.701311 -0.025279 -5.157227
v -1.702158 0.054721 -5.112938
v -1.702158 -0.025279 -5.112938
v -1.680704 0.054721 -5.133906
v -1.680704 -0.025279 -5.133906
v -1.631369 -0.030000 -5.307392
v -1.631369 0.030000 -5.307392
v -2.297026 0.030000 -4.643688
v -2.297026 -0.030000 -4.643688
v -1.533438 -0.030000 -5.196766
v -1.533438 0.030000 -5.196766
v -2.209955 -0.030000 -4.544137
v -2.209955 0.030000 -4.544137
vt 0.980127 0.103062
vt 0.949641 0.115757
vt 0.949641 0.103062
vt 0.958243 0.103062
vt 0.988729 0.103062
vt 0.988729 0.115757
vt 0.942399 0.062186
vt 0.995971 0.062186
vt 0.995971 0.076013
vt 0.980127 0.076013
vt 0.958243 0.076013
vt 0.942399 0.076013
vt 0.000000 0.062150
vt 0.000000 0.048121
vt 0.905875 0.048121
vt 0.905875 0.062150
vt 0.980908 0.014240
vt 0.959024 0.014240
vt 0.943180 0.014240
vt 0.943180 0.000413
vt 0.996752 0.000413
vt 0.996752 0.014240
vt 0.959024 0.041289
vt 0.980908 0.041289
vt 0.989510 0.041289
vt 0.989510 0.053985
vt 0.950422 0.053985
vt 0.950422 0.041289
vt 0.000000 0.048121
vt 0.000000 0.034093
vt 0.905875 0.034093
vt 0.905875 0.048121
vt 0.000200 0.259595
vt 0.000200 0.219937
vt 0.906075 0.219937
vt 0.906075 0.259595
vt 0.905753 0.210448
vt -0.000122 0.210448
vt -0.000122 0.156096
vt 0.905753 0.156096
vt 0.905875 0.121202
vt 0.000000 0.121202
vt 0.000000 0.093759
vt 0.905875 0.093759
vt 0.905875 0.025761
vt 0.000000 0.025761
vt 0.000000 0.012881
vt 0.905875 0.012881
vt 0.906387 0.330358
vt 0.000512 0.330358
vt 0.000512 0.321630
vt 0.906387 0.321630
vt 0.000200 0.296828
vt 0.906075 0.296828
vt 0.906075 0.312903
vt 0.000200 0.312903
vt 0.905875 0.089593
vt 0.000000 0.089593
vt 0.000000 0.062150
vt 0.905875 0.062150
vt 0.905875 0.012881
vt 0.000000 0.012881
vt 0.000000 0.000000
vt 0.905875 0.000000
vt 0.906387 0.321630
vt 0.000512 0.321630
vt 0.000512 0.312903
vt 0.906387 0.312903
vt 0.000200 0.281378
vt 0.906075 0.281378
vt 0.906075 0.297453
vt 0.000200 0.297453
vt 0.949641 0.103062
vt 0.949641 0.115757
vt 0.980127 0.103062
vt 0.958243 0.103062
vt 0.988729 0.115757
vt 0.988729 0.103062
vt 0.995971 0.076013
vt 0.995971 0.062186
vt 0.958243 0.076013
vt 0.980127 0.076013
vt 0.942399 0.062186
vt 0.942399 0.076013
vt 0.905875 0.048121
vt 0.000000 0.048121
vt 0.000000 0.062150
vt 0.905875 0.062150
vt 0.996752 0.000413
vt 0.943180 0.000413
vt 0.980908 0.014240
vt 0.996752 0.014240
vt 0.943180 0.014240
vt 0.959024 0.014240
vt 0.950422 0.041289
vt 0.950422 0.053985
vt 0.980908 0.041289
vt 0.959024 0.041289
vt 0.989510 0.053985
vt 0.989510 0.041289
vt 0.905875 0.034093
vt 0.000000 0.034093
vt 0.000000 0.048121
vt 0.905875 0.048121
vt 0.906075 0.219937
vt 0.000200 0.219937
vt 0.000200 0.259595
vt 0.906075 0.259595
vt -0.000122 0.156096
vt -0.000122 0.210448
vt 0.905753 0.210448
vt 0.905753 0.156096
vt 0.000000 0.093759
vt 0.000000 0.121202
vt 0.905875 0.121202
vt 0.905875 0.093759
vt 0.000000 0.012881
vt 0.000000 0.025761
vt 0.905875 0.025761
vt 0.905875 0.012881
vt 0.000512 0.321630
vt 0.000512 0.330358
vt 0.906387 0.330358
vt 0.906387 0.321630
vt 0.906075 0.312903
vt 0.906075 0.296828
vt 0.000200 0.296828
vt 0.000200 0.312903
vt 0.000000 0.062150
vt 0.000000 0.089593
vt 0.905875 0.089593
vt 0.905875 0.062150
vt 0.000000 0.000000
vt 0.000000 0.012881
vt 0.905875 0.012881
vt 0.905875 0.000000
vt 0.000512 0.312903
vt 0.000512 0.321630
vt 0.906387 0.321630
vt 0.906387 0.312903
vt 0.906075 0.297453
vt 0.906075 0.281378
vt 0.000200 0.281378
vt 0.000200 0.297453
vt 0.999050 0.183297
vt 0.999050 0.342604
vt 0.939310 0.342604
vt 0.939310 0.183297
vt 0.999050 0.183297
vt 0.999050 0.342604
vt 0.939310 0.342604
vt 0.939310 0.183297
vt 0.999050 0.183297
vt 0.999050 0.342604
vt 0.939310 0.342604
vt 0.939310 0.183297
vt 0.999050 0.183297
vt 0.999050 0.342604
vt 0.939310 0.342604
vt 0.939310 0.183297
vt 0.985655 0.132863
vt 0.985655 0.179437
vt 0.939081 0.179437
vt 0.939081 0.132863
vt 0.939310 0.342604
vt 0.999050 0.342604
vt 0.999050 0.183297
vt 0.939310 0.183297
vt 0.939310 0.342604
vt 0.999050 0.342604
vt 0.999050 0.183297
vt 0.939310 0.183297
vt 0.939310 0.342604
vt 0.999050 0.342604
vt 0.999050 0.183297
vt 0.939310 0.183297
vt 0.939310 0.342604
vt 0.999050 0.342604
vt 0.999050 0.183297
vt 0.939310 0.183297
vt 0.939081 0.179437
vt 0.985655 0.179437
vt 0.985655 0.132863
vt 0.939081 0.132863
vt 0.979692 0.781451
vt 0.979692 0.844034
vt -0.000781 0.844034
vt -0.000781 0.781451
vt 0.145247 0.656284
vt 0.145247 0.718868
vt -0.000781 0.718868
vt -0.000781 0.656284
vt 0.979692 0.718868
vt 0.979692 0.781451
vt -0.000781 0.781451
vt -0.000781 0.718868
vt 0.302823 0.656284
vt 0.302823 0.718868
vt 0.156795 0.718868
vt 0.156795 0.656284
vt 1.000000 0.851064
vt 1.000000 1.000000
vt 0.000000 1.000000
vt 0.000000 0.851064
vt 0.998987 0.504118
vt 0.998987 0.652658
vt 0.001647 0.652658
vt 0.001647 0.504118
vt 0.980127 0.103062
vt 0.949641 0.115757
vt 0.949641 0.103062
vt 0.958243 0.103062
vt 0.988729 0.103062
vt 0.988729 0.115757
vt 0.942399 0.062186
vt 0.995971 0.062186
vt 0.995971 0.076013
vt 0.980127 0.076013
vt 0.958243 0.076013
vt 0.942399 0.076013
vt 0.000000 0.062150
vt 0.000000 0.048121
vt 0.905875 0.048121
vt 0.905875 0.062150
vt 0.980908 0.014240
vt 0.959024 0.014240
vt 0.943180 0.014240
vt 0.943180 0.000413
vt 0.996752 0.000413
vt 0.996752 0.014240
vt 0.000000 0.048121
vt 0.000000 0.034093
vt 0.905875 0.034093
vt 0.905875 0.048121
vt 0.000200 0.259595
vt 0.000200 0.219937
vt 0.906075 0.219937
vt 0.906075 0.259595
vt 0.905753 0.210448
vt -0.000122 0.210448
vt -0.000122 0.156096
vt 0.905753 0.156096
vt 0.905875 0.121202
vt 0.000000 0.121202
vt 0.000000 0.093759
vt 0.905875 0.093759
vt 0.905875 0.025761
vt 0.000000 0.025761
vt 0.000000 0.012881
vt 0.905875 0.012881
vt 0.906387 0.330358
vt 0.000512 0.330358
vt 0.000512 0.321630
vt 0.906387 0.321630
vt 0.000200 0.296828
vt 0.906075 0.296828
vt 0.906075 0.312903
vt 0.000200 0.312903
vt 0.905875 0.089593
vt 0.000000 0.089593
vt 0.000000 0.062150
vt 0.905875 0.062150
vt 0.905875 0.012881
vt 0.000000 0.012881
vt 0.000000 0.000000
vt 0.905875 0.000000
vt 0.906387 0.321630
vt 0.000512 0.321630
vt 0.000512 0.312903
vt 0.906387 0.312903
vt 0.000200 0.281378
vt 0.906075 0.281378
vt 0.906075 0.297453
vt 0.000200 0.297453
vt 0.949641 0.103062
vt 0.949641 0.115757
vt 0.980127 0.103062
vt 0.958243 0.103062
vt 0.988729 0.115757
vt 0.988729 0.103062
vt 0.995971 0.076013
vt 0.995971 0.062186
vt 0.958243 0.076013
vt 0.980127 0.076013
vt 0.942399 0.062186
vt 0.942399 0.076013
vt 0.905875 0.048121
vt 0.000000 0.048121
vt 0.000000 0.062150
vt 0.905875 0.062150
vt 0.950422 0.041289
vt 0.950422 0.053985
vt 0.980908 0.041289
vt 0.959024 0.041289
vt 0.989510 0.053985
vt 0.989510 0.041289
vt 0.905875 0.034093
vt 0.000000 0.034093
vt 0.000000 0.048121
vt 0.905875 0.048121
vt 0.906075 0.219937
vt 0.000200 0.219937
vt 0.000200 0.259595
vt 0.906075 0.259595
vt -0.000122 0.156096
vt -0.000122 0.210448
vt 0.905753 0.210448
vt 0.905753 0.156096
vt 0.000000 0.093759
vt 0.000000 0.121202
vt 0.905875 0.121202
vt 0.905875 0.093759
vt 0.000000 0.012881
vt 0.000000 0.025761
vt 0.905875 0.025761
vt 0.905875 0.012881
vt 0.000512 0.321630
vt 0.000512 0.330358
vt 0.906387 0.330358
vt 0.906387 0.321630
vt 0.906075 0.312903
vt 0.906075 0.296828
vt 0.000200 0.296828
vt 0.000200 0.312903
vt 0.000000 0.062150
vt 0.000000 0.089593
vt 0.905875 0.089593
vt 0.905875 0.062150
vt 0.000000 0.000000
vt 0.000000 0.012881
vt 0.905875 0.012881
vt 0.905875 0.000000
vt 0.000512 0.312903
vt 0.000512 0.321630
vt 0.906387 0.321630
vt 0.906387 0.312903
vt 0.906075 0.297453
vt 0.906075 0.281378
vt 0.000200 0.281378
vt 0.000200 0.297453
vt 0.999050 0.183297
vt 0.999050 0.342604
vt 0.939310 0.342604
vt 0.939310 0.183297
vt 0.999050 0.183297
vt 0.999050 0.342604
vt 0.939310 0.342604
vt 0.939310 0.183297
vt 0.999050 0.183297
vt 0.999050 0.342604
vt 0.939310 0.342604
vt 0.939310 0.183297
vt 0.999050 0.183297
vt 0.999050 0.342604
vt 0.939310 0.342604
vt 0.939310 0.183297
vt 0.985655 0.132863
vt 0.985655 0.179437
vt 0.939081 0.179437
vt 0.939081 0.132863
vt 0.939310 0.342604
vt 0.999050 0.342604
vt 0.999050 0.183297
vt 0.939310 0.183297
vt 0.939310 0.342604
vt 0.999050 0.342604
vt 0.999050 0.183297
vt 0.939310 0.183297
vt 0.939310 0.342604
vt 0.999050 0.342604
vt 0.999050 0.183297
vt 0.939310 0.183297
vt 0.939310 0.342604
vt 0.999050 0.342604
vt 0.999050 0.183297
vt 0.939310 0.183297
vt 0.939081 0.179437
vt 0.985655 0.179437
vt 0.985655 0.132863
vt 0.939081 0.132863
vt 0.979692 0.781451
vt 0.979692 0.844034
vt -0.000781 0.844034
vt -0.000781 0.781451
vt 0.145247 0.656284
vt 0.145247 0.718868
vt -0.000781 0.718868
vt -0.000781 0.656284
vt 0.979692 0.718868
vt 0.979692 0.781451
vt -0.000781 0.781451
vt -0.000781 0.718868
vt 0.302823 0.656284
vt 0.302823 0.718868
vt 0.156795 0.718868
vt 0.156795 0.656284
vt 1.000000 0.851064
vt 1.000000 1.000000
vt 0.000000 1.000000
vt 0.000000 0.851064
vt 0.998987 0.504118
vt 0.998987 0.652658
vt 0.001647 0.652658
vt 0.001647 0.504118
vt 0.980127 0.103062
vt 0.949641 0.115757
vt 0.949641 0.103062
vt 0.958243 0.103062
vt 0.988729 0.103062
vt 0.988729 0.115757
vt 0.942399 0.062186
vt 0.995971 0.062186
vt 0.995971 0.076013
vt 0.980127 0.076013
vt 0.958243 0.076013
vt 0.942399 0.076013
vt 0.000000 0.062150
vt 0.000000 0.048121
vt 0.905875 0.048121
vt 0.905875 0.062150
vt 0.980908 0.014240
vt 0.959024 0.014240
vt 0.943180 0.014240
vt 0.943180 0.000413
vt 0.996752 0.000413
vt 0.996752 0.014240
vt 0.000000 0.048121
vt 0.000000 0.034093
vt 0.905875 0.034093
vt 0.905875 0.048121
vt 0.000200 0.259595
vt 0.000200 0.219937
vt 0.906075 0.219937
vt 0.906075 0.259595
vt 0.905753 0.210448
vt -0.000122 0.210448
vt -0.000122 0.156096
vt 0.905753 0.156096
vt 0.905875 0.121202
vt 0.000000 0.121202
vt 0.000000 0.093759
vt 0.905875 0.093759
vt 0.905875 0.025761
vt 0.000000 0.025761
vt 0.000000 0.012881
vt 0.905875 0.012881
vt 0.906387 0.330358
vt 0.000512 0.330358
vt 0.000512 0.321630
vt 0.906387 0.321630
vt 0.000200 0.296828
vt 0.906075 0.296828
vt 0.906075 0.312903
vt 0.000200 0.312903
vt 0.905875 0.089593
vt 0.000000 0.089593
vt 0.000000 0.062150
vt 0.905875 0.062150
vt 0.905875 0.012881
vt 0.000000 0.012881
vt 0.000000 0.000000
vt 0.905875 0.000000
vt 0.906387 0.321630
vt 0.000512 0.321630
vt 0.000512 0.312903
vt 0.906387 0.312903
vt 0.000200 0.281378
vt 0.906075 0.281378
vt 0.906075 0.297453
vt 0.000200 0.297453
vt 0.949641 0.103062
vt 0.949641 0.115757
vt 0.980127 0.103062
vt 0.958243 0.103062
vt 0.988729 0.115757
vt 0.988729 0.103062
vt 0.995971 0.076013
vt 0.995971 0.062186
vt 0.958243 0.076013
vt 0.980127 0.076013
vt 0.942399 0.062186
vt 0.942399 0.076013
vt 0.905875 0.048121
vt 0.000000 0.048121
vt 0.000000 0.062150
vt 0.905875 0.062150
vt 0.950422 0.041289
vt 0.950422 0.053985
vt 0.980908 0.041289
vt 0.959024 0.041289
vt 0.989510 0.053985
vt 0.989510 0.041289
vt 0.905875 0.034093
vt 0.000000 0.034093
vt 0.000000 0.048121
vt 0.905875 0.048121
vt 0.906075 0.219937
vt 0.000200 0.219937
vt 0.000200 0.259595
vt 0.906075 0.259595
vt -0.000122 0.156096
vt -0.000122 0.210448
vt 0.905753 0.210448
vt 0.905753 0.156096
vt 0.000000 0.093759
vt 0.000000 0.121202
vt 0.905875 0.121202
vt 0.905875 0.093759
vt 0.000000 0.012881
vt 0.000000 0.025761
vt 0.905875 0.025761
vt 0.905875 0.012881
vt 0.000512 0.321630
vt 0.000512 0.330358
vt 0.906387 0.330358
vt 0.906387 0.321630
vt 0.906075 0.312903
vt 0.906075 0.296828
vt 0.000200 0.296828
vt 0.000200 0.312903
vt 0.000000 0.062150
vt 0.000000 0.089593
vt 0.905875 0.089593
vt 0.905875 0.062150
vt 0.000000 0.000000
vt 0.000000 0.012881
vt 0.905875 0.012881
vt 0.905875 0.000000
vt 0.000512 0.312903
vt 0.000512 0.321630
vt 0.906387 0.321630
vt 0.906387 0.312903
vt 0.906075 0.297453
vt 0.906075 0.281378
vt 0.000200 0.281378
vt 0.000200 0.297453
vt 0.999050 0.183297
vt 0.999050 0.342604
vt 0.939310 0.342604
vt 0.939310 0.183297
vt 0.999050 0.183297
vt 0.999050 0.342604
vt 0.939310 0.342604
vt 0.939310 0.183297
vt 0.999050 0.183297
vt 0.999050 0.342604
vt 0.939310 0.342604
vt 0.939310 0.183297
vt 0.999050 0.183297
vt 0.999050 0.342604
vt 0.939310 0.342604
vt 0.939310 0.183297
vt 0.985655 0.132863
vt 0.985655 0.179437
vt 0.939081 0.179437
vt 0.939081 0.132863
vt 0.939310 0.342604
vt 0.999050 0.342604
vt 0.999050 0.183297
vt 0.939310 0.183297
vt 0.939310 0.342604
vt 0.999050 0.342604
vt 0.999050 0.183297
vt 0.939310 0.183297
vt 0.939310 0.342604
vt 0.999050 0.342604
vt 0.999050 0.183297
vt 0.939310 0.183297
vt 0.939310 0.342604
vt 0.999050 0.342604
vt 0.999050 0.183297
vt 0.939310 0.183297
vt 0.939081 0.179437
vt 0.985655 0.179437
vt 0.985655 0.132863
vt 0.939081 0.132863
vt 0.979692 0.781451
vt 0.979692 0.844034
vt -0.000781 0.844034
vt -0.000781 0.781451
vt 0.145247 0.656284
vt 0.145247 0.718868
vt -0.000781 0.718868
vt -0.000781 0.656284
vt 0.979692 0.718868
vt 0.979692 0.781451
vt -0.000781 0.781451
vt -0.000781 0.718868
vt 0.302823 0.656284
vt 0.302823 0.718868
vt 0.156795 0.718868
vt 0.156795 0.656284
vt 1.000000 0.851064
vt 1.000000 1.000000
vt 0.000000 1.000000
vt 0.000000 0.851064
vt 0.998987 0.504118
vt 0.998987 0.652658
vt 0.001647 0.652658
vt 0.001647 0.504118
vt 0.980127 0.103062
vt 0.949641 0.115757
vt 0.949641 0.103062
vt 0.958243 0.103062
vt 0.988729 0.103062
vt 0.988729 0.115757
vt 0.942399 0.062186
vt 0.995971 0.062186
vt 0.995971 0.076013
vt 0.980127 0.076013
vt 0.958243 0.076013
vt 0.942399 0.076013
vt 0.000000 0.062150
vt 0.000000 0.048121
vt 0.905875 0.048121
vt 0.905875 0.062150
vt 0.980908 0.014240
vt 0.959024 0.014240
vt 0.943180 0.014240
vt 0.943180 0.000413
vt 0.996752 0.000413
vt 0.996752 0.014240
vt 0.000000 0.048121
vt 0.000000 0.034093
vt 0.905875 0.034093
vt 0.905875 0.048121
vt 0.000200 0.259595
vt 0.000200 0.219937
vt 0.906075 0.219937
vt 0.906075 0.259595
vt 0.905753 0.210448
vt -0.000122 0.210448
vt -0.000122 0.156096
vt 0.905753 0.156096
vt 0.905875 0.121202
vt 0.000000 0.121202
vt 0.000000 0.093759
vt 0.905875 0.093759
vt 0.905875 0.025761
vt 0.000000 0.025761
vt 0.000000 0.012881
vt 0.905875 0.012881
vt 0.906387 0.330358
vt 0.000512 0.330358
vt 0.000512 0.321630
vt 0.906387 0.321630
vt 0.000200 0.296828
vt 0.906075 0.296828
vt 0.906075 0.312903
vt 0.000200 0.312903
vt 0.905875 0.089593
vt 0.000000 0.089593
vt 0.000000 0.062150
vt 0.905875 0.062150
vt 0.905875 0.012881
vt 0.000000 0.012881
vt 0.000000 0.000000
vt 0.905875 0.000000
vt 0.906387 0.321630
vt 0.000512 0.321630
vt 0.000512 0.312903
vt 0.906387 0.312903
vt 0.000200 0.281378
vt 0.906075 0.281378
vt 0.906075 0.297453
vt 0.000200 0.297453
vt 0.949641 0.103062
vt 0.949641 0.115757
vt 0.980127 0.103062
vt 0.958243 0.103062
vt 0.988729 0.115757
vt 0.988729 0.103062
vt 0.995971 0.076013
vt 0.995971 0.062186
vt 0.958243 0.076013
vt 0.980127 0.076013
vt 0.942399 0.062186
vt 0.942399 0.076013
vt 0.905875 0.048121
vt 0.000000 0.048121
vt 0.000000 0.062150
vt 0.905875 0.062150
vt 0.950422 0.041289
vt 0.950422 0.053985
vt 0.980908 0.041289
vt 0.959024 0.041289
vt 0.989510 0.053985
vt 0.989510 0.041289
vt 0.905875 0.034093
vt 0.000000 0.034093
vt 0.000000 0.048121
vt 0.905875 0.048121
vt 0.906075 0.219937
vt 0.000200 0.219937
vt 0.000200 0.259595
vt 0.906075 0.259595
vt -0.000122 0.156096
vt -0.000122 0.210448
vt 0.905753 0.210448
vt 0.905753 0.156096
vt 0.000000 0.093759
vt 0.000000 0.121202
vt 0.905875 0.121202
vt 0.905875 0.093759
vt 0.000000 0.012881
vt 0.000000 0.025761
vt 0.905875 0.025761
vt 0.905875 0.012881
vt 0.000512 0.321630
vt 0.000512 0.330358
vt 0.906387 0.330358
vt 0.906387 0.321630
vt 0.906075 0.312903
vt 0.906075 0.296828
vt 0.000200 0.296828
vt 0.000200 0.312903
vt 0.000000 0.062150
vt 0.000000 0.089593
vt 0.905875 0.089593
vt 0.905875 0.062150
vt 0.000000 0.000000
vt 0.000000 0.012881
vt 0.905875 0.012881
vt 0.905875 0.000000
vt 0.000512 0.312903
vt 0.000512 0.321630
vt 0.906387 0.321630
vt 0.906387 0.312903
vt 0.906075 0.297453
vt 0.906075 0.281378
vt 0.000200 0.281378
vt 0.000200 0.297453
vt 0.999050 0.183297
vt 0.999050 0.342604
vt 0.939310 0.342604
vt 0.939310 0.183297
vt 0.999050 0.183297
vt 0.999050 0.342604
vt 0.939310 0.342604
vt 0.939310 0.183297
vt 0.999050 0.183297
vt 0.999050 0.342604
vt 0.939310 0.342604
vt 0.939310 0.183297
vt 0.999050 0.183297
vt 0.999050 0.342604
vt 0.939310 0.342604
vt 0.939310 0.183297
vt 0.985655 0.132863
vt 0.985655 0.179437
vt 0.939081 0.179437
vt 0.939081 0.132863
vt 0.939310 0.342604
vt 0.999050 0.342604
vt 0.999050 0.183297
vt 0.939310 0.183297
vt 0.939310 0.342604
vt 0.999050 0.342604
vt 0.999050 0.183297
vt 0.939310 0.183297
vt 0.939310 0.342604
vt 0.999050 0.342604
vt 0.999050 0.183297
vt 0.939310 0.183297
vt 0.939310 0.342604
vt 0.999050 0.342604
vt 0.999050 0.183297
vt 0.939310 0.183297
vt 0.939081 0.179437
vt 0.985655 0.179437
vt 0.985655 0.132863
vt 0.939081 0.132863
vt 0.979692 0.781451
vt 0.979692 0.844034
vt -0.000781 0.844034
vt -0.000781 0.781451
vt 0.145247 0.656284
vt 0.145247 0.718868
vt -0.000781 0.718868
vt -0.000781 0.656284
vt 0.979692 0.718868
vt 0.979692 0.781451
vt -0.000781 0.781451
vt -0.000781 0.718868
vt 0.302823 0.656284
vt 0.302823 0.718868
vt 0.156795 0.718868
vt 0.156795 0.656284
vt 1.000000 0.851064
vt 1.000000 1.000000
vt 0.000000 1.000000
vt 0.000000 0.851064
vt 0.998987 0.504118
vt 0.998987 0.652658
vt 0.001647 0.652658
vt 0.001647 0.504118
vt 0.980127 0.103062
vt 0.949641 0.115757
vt 0.949641 0.103062
vt 0.958243 0.103062
vt 0.988729 0.103062
vt 0.988729 0.115757
vt 0.942399 0.062186
vt 0.995971 0.062186
vt 0.995971 0.076013
vt 0.980127 0.076013
vt 0.958243 0.076013
vt 0.942399 0.076013
vt 0.000000 0.062150
vt 0.000000 0.048121
vt 0.905875 0.048121
vt 0.905875 0.062150
vt 0.980908 0.014240
vt 0.959024 0.014240
vt 0.943180 0.014240
vt 0.943180 0.000413
vt 0.996752 0.000413
vt 0.996752 0.014240
vt 0.000000 0.048121
vt 0.000000 0.034093
vt 0.905875 0.034093
vt 0.905875 0.048121
vt 0.000200 0.259595
vt 0.000200 0.219937
vt 0.906075 0.219937
vt 0.906075 0.259595
vt 0.905753 0.210448
vt -0.000122 0.210448
vt -0.000122 0.156096
vt 0.905753 0.156096
vt 0.905875 0.121202
vt 0.000000 0.121202
vt 0.000000 0.093759
vt 0.905875 0.093759
vt 0.905875 0.025761
vt 0.000000 0.025761
vt 0.000000 0.012881
vt 0.905875 0.012881
vt 0.906387 0.330358
vt 0.000512 0.330358
vt 0.000512 0.321630
vt 0.906387 0.321630
vt 0.000200 0.296828
vt 0.906075 0.296828
vt 0.906075 0.312903
vt 0.000200 0.312903
vt 0.905875 0.089593
vt 0.000000 0.089593
vt 0.000000 0.062150
vt 0.905875 0.062150
vt 0.905875 0.012881
vt 0.000000 0.012881
vt 0.000000 0.000000
vt 0.905875 0.000000
vt 0.906387 0.321630
vt 0.000512 0.321630
vt 0.000512 0.312903
vt 0.906387 0.312903
vt 0.000200 0.281378
vt 0.906075 0.281378
vt 0.906075 0.297453
vt 0.000200 0.297453
vt 0.949641 0.103062
vt 0.949641 0.115757
vt 0.980127 0.103062
vt 0.958243 0.103062
vt 0.988729 0.115757
vt 0.988729 0.103062
vt 0.995971 0.076013
vt 0.995971 0.062186
vt 0.958243 0.076013
vt 0.980127 0.076013
vt 0.942399 0.062186
vt 0.942399 0.076013
vt 0.905875 0.048121
vt 0.000000 0.048121
vt 0.000000 0.062150
vt 0.905875 0.062150
vt 0.950422 0.041289
vt 0.950422 0.053985
vt 0.980908 0.041289
vt 0.959024 0.041289
vt 0.989510 0.053985
vt 0.989510 0.041289
vt 0.905875 0.034093
vt 0.000000 0.034093
vt 0.000000 0.048121
vt 0.905875 0.048121
vt 0.906075 0.219937
vt 0.000200 0.219937
vt 0.000200 0.259595
vt 0.906075 0.259595
vt -0.000122 0.156096
vt -0.000122 0.210448
vt 0.905753 0.210448
vt 0.905753 0.156096
vt 0.000000 0.093759
vt 0.000000 0.121202
vt 0.905875 0.121202
vt 0.905875 0.093759
vt 0.000000 0.012881
vt 0.000000 0.025761
vt 0.905875 0.025761
vt 0.905875 0.012881
vt 0.000512 0.321630
vt 0.000512 0.330358
vt 0.906387 0.330358
vt 0.906387 0.321630
vt 0.906075 0.312903
vt 0.906075 0.296828
vt 0.000200 0.296828
vt 0.000200 0.312903
vt 0.000000 0.062150
vt 0.000000 0.089593
vt 0.905875 0.089593
vt 0.905875 0.062150
vt 0.000000 0.000000
vt 0.000000 0.012881
vt 0.905875 0.012881
vt 0.905875 0.000000
vt 0.000512 0.312903
vt 0.000512 0.321630
vt 0.906387 0.321630
vt 0.906387 0.312903
vt 0.906075 0.297453
vt 0.906075 0.281378
vt 0.000200 0.281378
vt 0.000200 0.297453
vt 0.999050 0.183297
vt 0.999050 0.342604
vt 0.939310 0.342604
vt 0.939310 0.183297
vt 0.999050 0.183297
vt 0.999050 0.342604
vt 0.939310 0.342604
vt 0.939310 0.183297
vt 0.999050 0.183297
vt 0.999050 0.342604
vt 0.939310 0.342604
vt 0.939310 0.183297
vt 0.999050 0.183297
vt 0.999050 0.342604
vt 0.939310 0.342604
vt 0.939310 0.183297
vt 0.985655 0.132863
vt 0.985655 0.179437
vt 0.939081 0.179437
vt 0.939081 0.132863
vt 0.939310 0.342604
vt 0.999050 0.342604
vt 0.999050 0.183297
vt 0.939310 0.183297
vt 0.939310 0.342604
vt 0.999050 0.342604
vt 0.999050 0.183297
vt 0.939310 0.183297
vt 0.939310 0.342604
vt 0.999050 0.342604
vt 0.999050 0.183297
vt 0.939310 0.183297
vt 0.939310 0.342604
vt 0.999050 0.342604
vt 0.999050 0.183297
vt 0.939310 0.183297
vt 0.939081 0.179437
vt 0.985655 0.179437
vt 0.985655 0.132863
vt 0.939081 0.132863
vt 0.979692 0.781451
vt 0.979692 0.844034
vt -0.000781 0.844034
vt -0.000781 0.781451
vt 0.145247 0.656284
vt 0.145247 0.718868
vt -0.000781 0.718868
vt -0.000781 0.656284
vt 0.979692 0.718868
vt 0.979692 0.781451
vt -0.000781 0.781451
vt -0.000781 0.718868
vt 0.302823 0.656284
vt 0.302823 0.718868
vt 0.156795 0.718868
vt 0.156795 0.656284
vt 1.000000 0.851064
vt 1.000000 1.000000
vt 0.000000 1.000000
vt 0.000000 0.851064
vt 0.998987 0.504118
vt 0.998987 0.652658
vt 0.001647 0.652658
vt 0.001647 0.504118
vt 0.980127 0.103062
vt 0.949641 0.115757
vt 0.949641 0.103062
vt 0.958243 0.103062
vt 0.988729 0.103062
vt 0.988729 0.115757
vt 0.942399 0.062186
vt 0.995971 0.062186
vt 0.995971 0.076013
vt 0.980127 0.076013
vt 0.958243 0.076013
vt 0.942399 0.076013
vt 0.000000 0.062150
vt 0.000000 0.048121
vt 0.905875 0.048121
vt 0.905875 0.062150
vt 0.980908 0.014240
vt 0.959024 0.014240
vt 0.943180 0.014240
vt 0.943180 0.000413
vt 0.996752 0.000413
vt 0.996752 0.014240
vt 0.000000 0.048121
vt 0.000000 0.034093
vt 0.905875 0.034093
vt 0.905875 0.048121
vt 0.000200 0.259595
vt 0.000200 0.219937
vt 0.906075 0.219937
vt 0.906075 0.259595
vt 0.905753 0.210448
vt -0.000122 0.210448
vt -0.000122 0.156096
vt 0.905753 0.156096
vt 0.905875 0.121202
vt 0.000000 0.121202
vt 0.000000 0.093759
vt 0.905875 0.093759
vt 0.905875 0.025761
vt 0.000000 0.025761
vt 0.000000 0.012881
vt 0.905875 0.012881
vt 0.906387 0.330358
vt 0.000512 0.330358
vt 0.000512 0.321630
vt 0.906387 0.321630
vt 0.000200 0.296828
vt 0.906075 0.296828
vt 0.906075 0.312903
vt 0.000200 0.312903
vt 0.905875 0.089593
vt 0.000000 0.089593
vt 0.000000 0.062150
vt 0.905875 0.062150
vt 0.905875 0.012881
vt 0.000000 0.012881
vt 0.000000 0.000000
vt 0.905875 0.000000
vt 0.906387 0.321630
vt 0.000512 0.321630
vt 0.000512 0.312903
vt 0.906387 0.312903
vt 0.000200 0.281378
vt 0.906075 0.281378
vt 0.906075 0.297453
vt 0.000200 0.297453
vt 0.949641 0.103062
vt 0.949641 0.115757
vt 0.980127 0.103062
vt 0.958243 0.103062
vt 0.988729 0.115757
vt 0.988729 0.103062
vt 0.995971 0.076013
vt 0.995971 0.062186
vt 0.958243 0.076013
vt 0.980127 0.076013
vt 0.942399 0.062186
vt 0.942399 0.076013
vt 0.905875 0.048121
vt 0.000000 0.048121
vt 0.000000 0.062150
vt 0.905875 0.062150
vt 0.950422 0.041289
vt 0.950422 0.053985
vt 0.980908 0.041289
vt 0.959024 0.041289
vt 0.989510 0.053985
vt 0.989510 0.041289
vt 0.905875 0.034093
vt 0.000000 0.034093
vt 0.000000 0.048121
vt 0.905875 0.048121
vt 0.906075 0.219937
vt 0.000200 0.219937
vt 0.000200 0.259595
vt 0.906075 0.259595
vt -0.000122 0.156096
vt -0.000122 0.210448
vt 0.905753 0.210448
vt 0.905753 0.156096
vt 0.000000 0.093759
vt 0.000000 0.121202
vt 0.905875 0.121202
vt 0.905875 0.093759
vt 0.000000 0.012881
vt 0.000000 0.025761
vt 0.905875 0.025761
vt 0.905875 0.012881
vt 0.000512 0.321630
vt 0.000512 0.330358
vt 0.906387 0.330358
vt 0.906387 0.321630
vt 0.906075 0.312903
vt 0.906075 0.296828
vt 0.000200 0.296828
vt 0.000200 0.312903
vt 0.000000 0.062150
vt 0.000000 0.089593
vt 0.905875 0.089593
vt 0.905875 0.062150
vt 0.000000 0.000000
vt 0.000000 0.012881
vt 0.905875 0.012881
vt 0.905875 0.000000
vt 0.000512 0.312903
vt 0.000512 0.321630
vt 0.906387 0.321630
vt 0.906387 0.312903
vt 0.906075 0.297453
vt 0.906075 0.281378
vt 0.000200 0.281378
vt 0.000200 0.297453
vt 0.999050 0.183297
vt 0.999050 0.342604
vt 0.939310 0.342604
vt 0.939310 0.183297
vt 0.999050 0.183297
vt 0.999050 0.342604
vt 0.939310 0.342604
vt 0.939310 0.183297
vt 0.999050 0.183297
vt 0.999050 0.342604
vt 0.939310 0.342604
vt 0.939310 0.183297
vt 0.999050 0.183297
vt 0.999050 0.342604
vt 0.939310 0.342604
vt 0.939310 0.183297
vt 0.985655 0.132863
vt 0.985655 0.179437
vt 0.939081 0.179437
vt 0.939081 0.132863
vt 0.939310 0.342604
vt 0.999050 0.342604
vt 0.999050 0.183297
vt 0.939310 0.183297
vt 0.939310 0.342604
vt 0.999050 0.342604
vt 0.999050 0.183297
vt 0.939310 0.183297
vt 0.939310 0.342604
vt 0.999050 0.342604
vt 0.999050 0.183297
vt 0.939310 0.183297
vt 0.939310 0.342604
vt 0.999050 0.342604
vt 0.999050 0.183297
vt 0.939310 0.183297
vt 0.939081 0.179437
vt 0.985655 0.179437
vt 0.985655 0.132863
vt 0.939081 0.132863
vt 0.979692 0.781451
vt 0.979692 0.844034
vt -0.000781 0.844034
vt -0.000781 0.781451
vt 0.145247 0.656284
vt 0.145247 0.718868
vt -0.000781 0.718868
vt -0.000781 0.656284
vt 0.979692 0.718868
vt 0.979692 0.781451
vt -0.000781 0.781451
vt -0.000781 0.718868
vt 0.302823 0.656284
vt 0.302823 0.718868
vt 0.156795 0.718868
vt 0.156795 0.656284
vt 1.000000 0.851064
vt 1.000000 1.000000
vt 0.000000 1.000000
vt 0.000000 0.851064
vt 0.998987 0.504118
vt 0.998987 0.652658
vt 0.001647 0.652658
vt 0.001647 0.504118
vt 0.980127 0.103062
vt 0.949641 0.115757
vt 0.949641 0.103062
vt 0.958243 0.103062
vt 0.988729 0.103062
vt 0.988729 0.115757
vt 0.942399 0.062186
vt 0.995971 0.062186
vt 0.995971 0.076013
vt 0.980127 0.076013
vt 0.958243 0.076013
vt 0.942399 0.076013
vt 0.000000 0.062150
vt 0.000000 0.048121
vt 0.905875 0.048121
vt 0.905875 0.062150
vt 0.980908 0.014240
vt 0.959024 0.014240
vt 0.943180 0.014240
vt 0.943180 0.000413
vt 0.996752 0.000413
vt 0.996752 0.014240
vt 0.000000 0.048121
vt 0.000000 0.034093
vt 0.905875 0.034093
vt 0.905875 0.048121
vt 0.000200 0.259595
vt 0.000200 0.219937
vt 0.906075 0.219937
vt 0.906075 0.259595
vt 0.905753 0.210448
vt -0.000122 0.210448
vt -0.000122 0.156096
vt 0.905753 0.156096
vt 0.905875 0.121202
vt 0.000000 0.121202
vt 0.000000 0.093759
vt 0.905875 0.093759
vt 0.905875 0.025761
vt 0.000000 0.025761
vt 0.000000 0.012881
vt 0.905875 0.012881
vt 0.906387 0.330358
vt 0.000512 0.330358
vt 0.000512 0.321630
vt 0.906387 0.321630
vt 0.000200 0.296828
vt 0.906075 0.296828
vt 0.906075 0.312903
vt 0.000200 0.312903
vt 0.905875 0.089593
vt 0.000000 0.089593
vt 0.000000 0.062150
vt 0.905875 0.062150
vt 0.905875 0.012881
vt 0.000000 0.012881
vt 0.000000 0.000000
vt 0.905875 0.000000
vt 0.906387 0.321630
vt 0.000512 0.321630
vt 0.000512 0.312903
vt 0.906387 0.312903
vt 0.000200 0.281378
vt 0.906075 0.281378
vt 0.906075 0.297453
vt 0.000200 0.297453
vt 0.949641 0.103062
vt 0.949641 0.115757
vt 0.980127 0.103062
vt 0.958243 0.103062
vt 0.988729 0.115757
vt 0.988729 0.103062
vt 0.995971 0.076013
vt 0.995971 0.062186
vt 0.958243 0.076013
vt 0.980127 0.076013
vt 0.942399 0.062186
vt 0.942399 0.076013
vt 0.905875 0.048121
vt 0.000000 0.048121
vt 0.000000 0.062150
vt 0.905875 0.062150
vt 0.950422 0.041289
vt 0.950422 0.053985
vt 0.980908 0.041289
vt 0.959024 0.041289
vt 0.989510 0.053985
vt 0.989510 0.041289
vt 0.905875 0.034093
vt 0.000000 0.034093
vt 0.000000 0.048121
vt 0.905875 0.048121
vt 0.906075 0.219937
vt 0.000200 0.219937
vt 0.000200 0.259595
vt 0.906075 0.259595
vt -0.000122 0.156096
vt -0.000122 0.210448
vt 0.905753 0.210448
vt 0.905753 0.156096
vt 0.000000 0.093759
vt 0.000000 0.121202
vt 0.905875 0.121202
vt 0.905875 0.093759
vt 0.000000 0.012881
vt 0.000000 0.025761
vt 0.905875 0.025761
vt 0.905875 0.012881
vt 0.000512 0.321630
vt 0.000512 0.330358
vt 0.906387 0.330358
vt 0.906387 0.321630
vt 0.906075 0.312903
vt 0.906075 0.296828
vt 0.000200 0.296828
vt 0.000200 0.312903
vt 0.000000 0.062150
vt 0.000000 0.089593
vt 0.905875 0.089593
vt 0.905875 0.062150
vt 0.000000 0.000000
vt 0.000000 0.012881
vt 0.905875 0.012881
vt 0.905875 0.000000
vt 0.000512 0.312903
vt 0.000512 0.321630
vt 0.906387 0.321630
vt 0.906387 0.312903
vt 0.906075 0.297453
vt 0.906075 0.281378
vt 0.000200 0.281378
vt 0.000200 0.297453
vt 0.999050 0.183297
vt 0.999050 0.342604
vt 0.939310 0.342604
vt 0.939310 0.183297
vt 0.999050 0.183297
vt 0.999050 0.342604
vt 0.939310 0.342604
vt 0.939310 0.183297
vt 0.999050 0.183297
vt 0.999050 0.342604
vt 0.939310 0.342604
vt 0.939310 0.183297
vt 0.999050 0.183297
vt 0.999050 0.342604
vt 0.939310 0.342604
vt 0.939310 0.183297
vt 0.985655 0.132863
vt 0.985655 0.179437
vt 0.939081 0.179437
vt 0.939081 0.132863
vt 0.939310 0.342604
vt 0.999050 0.342604
vt 0.999050 0.183297
vt 0.939310 0.183297
vt 0.939310 0.342604
vt 0.999050 0.342604
vt 0.999050 0.183297
vt 0.939310 0.183297
vt 0.939310 0.342604
vt 0.999050 0.342604
vt 0.999050 0.183297
vt 0.939310 0.183297
vt 0.939310 0.342604
vt 0.999050 0.342604
vt 0.999050 0.183297
vt 0.939310 0.183297
vt 0.939081 0.179437
vt 0.985655 0.179437
vt 0.985655 0.132863
vt 0.939081 0.132863
vt 0.979692 0.781451
vt 0.979692 0.844034
vt -0.000781 0.844034
vt -0.000781 0.781451
vt 0.145247 0.656284
vt 0.145247 0.718868
vt -0.000781 0.718868
vt -0.000781 0.656284
vt 0.979692 0.718868
vt 0.979692 0.781451
vt -0.000781 0.781451
vt -0.000781 0.718868
vt 0.302823 0.656284
vt 0.302823 0.718868
vt 0.156795 0.718868
vt 0.156795 0.656284
vt 1.000000 0.851064
vt 1.000000 1.000000
vt 0.000000 1.000000
vt 0.000000 0.851064
vt 0.998987 0.504118
vt 0.998987 0.652658
vt 0.001647 0.652658
vt 0.001647 0.504118
vt 0.980127 0.103062
vt 0.949641 0.115757
vt 0.949641 0.103062
vt 0.958243 0.103062
vt 0.988729 0.103062
vt 0.988729 0.115757
vt 0.942399 0.062186
vt 0.995971 0.062186
vt 0.995971 0.076013
vt 0.980127 0.076013
vt 0.958243 0.076013
vt 0.942399 0.076013
vt 0.000000 0.062150
vt 0.000000 0.048121
vt 0.905875 0.048121
vt 0.905875 0.062150
vt 0.980908 0.014240
vt 0.959024 0.014240
vt 0.943180 0.014240
vt 0.943180 0.000413
vt 0.996752 0.000413
vt 0.996752 0.014240
vt 0.000000 0.048121
vt 0.000000 0.034093
vt 0.905875 0.034093
vt 0.905875 0.048121
vt 0.000200 0.259595
vt 0.000200 0.219937
vt 0.906075 0.219937
vt 0.906075 0.259595
vt 0.905753 0.210448
vt -0.000122 0.210448
vt -0.000122 0.156096
vt 0.905753 0.156096
vt 0.905875 0.121202
vt 0.000000 0.121202
vt 0.000000 0.093759
vt 0.905875 0.093759
vt 0.905875 0.025761
vt 0.000000 0.025761
vt 0.000000 0.012881
vt 0.905875 0.012881
vt 0.906387 0.330358
vt 0.000512 0.330358
vt 0.000512 0.321630
vt 0.906387 0.321630
vt 0.000200 0.296828
vt 0.906075 0.296828
vt 0.906075 0.312903
vt 0.000200 0.312903
vt 0.905875 0.089593
vt 0.000000 0.089593
vt 0.000000 0.062150
vt 0.905875 0.062150
vt 0.905875 0.012881
vt 0.000000 0.012881
vt 0.000000 0.000000
vt 0.905875 0.000000
vt 0.906387 0.321630
vt 0.000512 0.321630
vt 0.000512 0.312903
vt 0.906387 0.312903
vt 0.000200 0.281378
vt 0.906075 0.281378
vt 0.906075 0.297453
vt 0.000200 0.297453
vt 0.949641 0.103062
vt 0.949641 0.115757
vt 0.980127 0.103062
vt 0.958243 0.103062
vt 0.988729 0.115757
vt 0.988729 0.103062
vt 0.995971 0.076013
vt 0.995971 0.062186
vt 0.958243 0.076013
vt 0.980127 0.076013
vt 0.942399 0.062186
vt 0.942399 0.076013
vt 0.905875 0.048121
vt 0.000000 0.048121
vt 0.000000 0.062150
vt 0.905875 0.062150
vt 0.950422 0.041289
vt 0.950422 0.053985
vt 0.980908 0.041289
vt 0.959024 0.041289
vt 0.989510 0.053985
vt 0.989510 0.041289
vt 0.905875 0.034093
vt 0.000000 0.034093
vt 0.000000 0.048121
vt 0.905875 0.048121
vt 0.906075 0.219937
vt 0.000200 0.219937
vt 0.000200 0.259595
vt 0.906075 0.259595
vt -0.000122 0.156096
vt -0.000122 0.210448
vt 0.905753 0.210448
vt 0.905753 0.156096
vt 0.000000 0.093759
vt 0.000000 0.121202
vt 0.905875 0.121202
vt 0.905875 0.093759
vt 0.000000 0.012881
vt 0.000000 0.025761
vt 0.905875 0.025761
vt 0.905875 0.012881
vt 0.000512 0.321630
vt 0.000512 0.330358
vt 0.906387 0.330358
vt 0.906387 0.321630
vt 0.906075 0.312903
vt 0.906075 0.296828
vt 0.000200 0.296828
vt 0.000200 0.312903
vt 0.000000 0.062150
vt 0.000000 0.089593
vt 0.905875 0.089593
vt 0.905875 0.062150
vt 0.000000 0.000000
vt 0.000000 0.012881
vt 0.905875 0.012881
vt 0.905875 0.000000
vt 0.000512 0.312903
vt 0.000512 0.321630
vt 0.906387 0.321630
vt 0.906387 0.312903
vt 0.906075 0.297453
vt 0.906075 0.281378
vt 0.000200 0.281378
vt 0.000200 0.297453
vt 0.999050 0.183297
vt 0.999050 0.342604
vt 0.939310 0.342604
vt 0.939310 0.183297
vt 0.999050 0.183297
vt 0.999050 0.342604
vt 0.939310 0.342604
vt 0.939310 0.183297
vt 0.999050 0.183297
vt 0.999050 0.342604
vt 0.939310 0.342604
vt 0.939310 0.183297
vt 0.999050 0.183297
vt 0.999050 0.342604
vt 0.939310 0.342604
vt 0.939310 0.183297
vt 0.985655 0.132863
vt 0.985655 0.179437
vt 0.939081 0.179437
vt 0.939081 0.132863
vt 0.939310 0.342604
vt 0.999050 0.342604
vt 0.999050 0.183297
vt 0.939310 0.183297
vt 0.939310 0.342604
vt 0.999050 0.342604
vt 0.999050 0.183297
vt 0.939310 0.183297
vt 0.939310 0.342604
vt 0.999050 0.342604
vt 0.999050 0.183297
vt 0.939310 0.183297
vt 0.939310 0.342604
vt 0.999050 0.342604
vt 0.999050 0.183297
vt 0.939310 0.183297
vt 0.939081 0.179437
vt 0.985655 0.179437
vt 0.985655 0.132863
vt 0.939081 0.132863
vt 0.979692 0.781451
vt 0.979692 0.844034
vt -0.000781 0.844034
vt -0.000781 0.781451
vt 0.145247 0.656284
vt 0.145247 0.718868
vt -0.000781 0.718868
vt -0.000781 0.656284
vt 0.979692 0.718868
vt 0.979692 0.781451
vt -0.000781 0.781451
vt -0.000781 0.718868
vt 0.302823 0.656284
vt 0.302823 0.718868
vt 0.156795 0.718868
vt 0.156795 0.656284
vt 1.000000 0.851064
vt 1.000000 1.000000
vt 0.000000 1.000000
vt 0.000000 0.851064
vt 0.998987 0.504118
vt 0.998987 0.652658
vt 0.001647 0.652658
vt 0.001647 0.504118
vt 0.980127 0.103062
vt 0.949641 0.115757
vt 0.949641 0.103062
vt 0.958243 0.103062
vt 0.988729 0.103062
vt 0.988729 0.115757
vt 0.942399 0.062186
vt 0.995971 0.062186
vt 0.995971 0.076013
vt 0.980127 0.076013
vt 0.958243 0.076013
vt 0.942399 0.076013
vt 0.000000 0.062150
vt 0.000000 0.048121
vt 0.905875 0.048121
vt 0.905875 0.062150
vt 0.980908 0.014240
vt 0.959024 0.014240
vt 0.943180 0.014240
vt 0.943180 0.000413
vt 0.996752 0.000413
vt 0.996752 0.014240
vt 0.000000 0.048121
vt 0.000000 0.034093
vt 0.905875 0.034093
vt 0.905875 0.048121
vt 0.000200 0.259595
vt 0.000200 0.219937
vt 0.906075 0.219937
vt 0.906075 0.259595
vt 0.905753 0.210448
vt -0.000122 0.210448
vt -0.000122 0.156096
vt 0.905753 0.156096
vt 0.905875 0.121202
vt 0.000000 0.121202
vt 0.000000 0.093759
vt 0.905875 0.093759
vt 0.905875 0.025761
vt 0.000000 0.025761
vt 0.000000 0.012881
vt 0.905875 0.012881
vt 0.906387 0.330358
vt 0.000512 0.330358
vt 0.000512 0.321630
vt 0.906387 0.321630
vt 0.000200 0.296828
vt 0.906075 0.296828
vt 0.906075 0.312903
vt 0.000200 0.312903
vt 0.905875 0.089593
vt 0.000000 0.089593
vt 0.000000 0.062150
vt 0.905875 0.062150
vt 0.905875 0.012881
vt 0.000000 0.012881
vt 0.000000 0.000000
vt 0.905875 0.000000
vt 0.906387 0.321630
vt 0.000512 0.321630
vt 0.000512 0.312903
vt 0.906387 0.312903
vt 0.000200 0.281378
vt 0.906075 0.281378
vt 0.906075 0.297453
vt 0.000200 0.297453
vt 0.949641 0.103062
vt 0.949641 0.115757
vt 0.980127 0.103062
vt 0.958243 0.103062
vt 0.988729 0.115757
vt 0.988729 0.103062
vt 0.995971 0.076013
vt 0.995971 0.062186
vt 0.958243 0.076013
vt 0.980127 0.076013
vt 0.942399 0.062186
vt 0.942399 0.076013
vt 0.905875 0.048121
vt 0.000000 0.048121
vt 0.000000 0.062150
vt 0.905875 0.062150
vt 0.950422 0.041289
vt 0.950422 0.053985
vt 0.980908 0.041289
vt 0.959024 0.041289
vt 0.989510 0.053985
vt 0.989510 0.041289
vt 0.905875 0.034093
vt 0.000000 0.034093
vt 0.000000 0.048121
vt 0.905875 0.048121
vt 0.906075 0.219937
vt 0.000200 0.219937
vt 0.000200 0.259595
vt 0.906075 0.259595
vt -0.000122 0.156096
vt -0.000122 0.210448
vt 0.905753 0.210448
vt 0.905753 0.156096
vt 0.000000 0.093759
vt 0.000000 0.121202
vt 0.905875 0.121202
vt 0.905875 0.093759
vt 0.000000 0.012881
vt 0.000000 0.025761
vt 0.905875 0.025761
vt 0.905875 0.012881
vt 0.000512 0.321630
vt 0.000512 0.330358
vt 0.906387 0.330358
vt 0.906387 0.321630
vt 0.906075 0.312903
vt 0.906075 0.296828
vt 0.000200 0.296828
vt 0.000200 0.312903
vt 0.000000 0.062150
vt 0.000000 0.089593
vt 0.905875 0.089593
vt 0.905875 0.062150
vt 0.000000 0.000000
vt 0.000000 0.012881
vt 0.905875 0.012881
vt 0.905875 0.000000
vt 0.000512 0.312903
vt 0.000512 0.321630
vt 0.906387 0.321630
vt 0.906387 0.312903
vt 0.906075 0.297453
vt 0.906075 0.281378
vt 0.000200 0.281378
vt 0.000200 0.297453
vt 0.999050 0.183297
vt 0.999050 0.342604
vt 0.939310 0.342604
vt 0.939310 0.183297
vt 0.999050 0.183297
vt 0.999050 0.342604
vt 0.939310 0.342604
vt 0.939310 0.183297
vt 0.999050 0.183297
vt 0.999050 0.342604
vt 0.939310 0.342604
vt 0.939310 0.183297
vt 0.999050 0.183297
vt 0.999050 0.342604
vt 0.939310 0.342604
vt 0.939310 0.183297
vt 0.985655 0.132863
vt 0.985655 0.179437
vt 0.939081 0.179437
vt 0.939081 0.132863
vt 0.939310 0.342604
vt 0.999050 0.342604
vt 0.999050 0.183297
vt 0.939310 0.183297
vt 0.939310 0.342604
vt 0.999050 0.342604
vt 0.999050 0.183297
vt 0.939310 0.183297
vt 0.939310 0.342604
vt 0.999050 0.342604
vt 0.999050 0.183297
vt 0.939310 0.183297
vt 0.939310 0.342604
vt 0.999050 0.342604
vt 0.999050 0.183297
vt 0.939310 0.183297
vt 0.939081 0.179437
vt 0.985655 0.179437
vt 0.985655 0.132863
vt 0.939081 0.132863
vt 0.979692 0.781451
vt 0.979692 0.844034
vt -0.000781 0.844034
vt -0.000781 0.781451
vt 0.145247 0.656284
vt 0.145247 0.718868
vt -0.000781 0.718868
vt -0.000781 0.656284
vt 0.979692 0.718868
vt 0.979692 0.781451
vt -0.000781 0.781451
vt -0.000781 0.718868
vt 0.302823 0.656284
vt 0.302823 0.718868
vt 0.156795 0.718868
vt 0.156795 0.656284
vt 1.000000 0.851064
vt 1.000000 1.000000
vt 0.000000 1.000000
vt 0.000000 0.851064
vt 0.998987 0.504118
vt 0.998987 0.652658
vt 0.001647 0.652658
vt 0.001647 0.504118
vt 0.980127 0.103062
vt 0.949641 0.115757
vt 0.949641 0.103062
vt 0.958243 0.103062
vt 0.988729 0.103062
vt 0.988729 0.115757
vt 0.942399 0.062186
vt 0.995971 0.062186
vt 0.995971 0.076013
vt 0.980127 0.076013
vt 0.958243 0.076013
vt 0.942399 0.076013
vt 0.000000 0.062150
vt 0.000000 0.048121
vt 0.905875 0.048121
vt 0.905875 0.062150
vt 0.980908 0.014240
vt 0.959024 0.014240
vt 0.943180 0.014240
vt 0.943180 0.000413
vt 0.996752 0.000413
vt 0.996752 0.014240
vt 0.000000 0.048121
vt 0.000000 0.034093
vt 0.905875 0.034093
vt 0.905875 0.048121
vt 0.000200 0.259595
vt 0.000200 0.219937
vt 0.906075 0.219937
vt 0.906075 0.259595
vt 0.905753 0.210448
vt -0.000122 0.210448
vt -0.000122 0.156096
vt 0.905753 0.156096
vt 0.905875 0.121202
vt 0.000000 0.121202
vt 0.000000 0.093759
vt 0.905875 0.093759
vt 0.905875 0.025761
vt 0.000000 0.025761
vt 0.000000 0.012881
vt 0.905875 0.012881
vt 0.906387 0.330358
vt 0.000512 0.330358
vt 0.000512 0.321630
vt 0.906387 0.321630
vt 0.000200 0.296828
vt 0.906075 0.296828
vt 0.906075 0.312903
vt 0.000200 0.312903
vt 0.905875 0.089593
vt 0.000000 0.089593
vt 0.000000 0.062150
vt 0.905875 0.062150
vt 0.905875 0.012881
vt 0.000000 0.012881
vt 0.000000 0.000000
vt 0.905875 0.000000
vt 0.906387 0.321630
vt 0.000512 0.321630
vt 0.000512 0.312903
vt 0.906387 0.312903
vt 0.000200 0.281378
vt 0.906075 0.281378
vt 0.906075 0.297453
vt 0.000200 0.297453
vt 0.949641 0.103062
vt 0.949641 0.115757
vt 0.980127 0.103062
vt 0.958243 0.103062
vt 0.988729 0.115757
vt 0.988729 0.103062
vt 0.995971 0.076013
vt 0.995971 0.062186
vt 0.958243 0.076013
vt 0.980127 0.076013
vt 0.942399 0.062186
vt 0.942399 0.076013
vt 0.905875 0.048121
vt 0.000000 0.048121
vt 0.000000 0.062150
vt 0.905875 0.062150
vt 0.950422 0.041289
vt 0.950422 0.053985
vt 0.980908 0.041289
vt 0.959024 0.041289
vt 0.989510 0.053985
vt 0.989510 0.041289
vt 0.905875 0.034093
vt 0.000000 0.034093
vt 0.000000 0.048121
vt 0.905875 0.048121
vt 0.906075 0.219937
vt 0.000200 0.219937
vt 0.000200 0.259595
vt 0.906075 0.259595
vt -0.000122 0.156096
vt -0.000122 0.210448
vt 0.905753 0.210448
vt 0.905753 0.156096
vt 0.000000 0.093759
vt 0.000000 0.121202
vt 0.905875 0.121202
vt 0.905875 0.093759
vt 0.000000 0.012881
vt 0.000000 0.025761
vt 0.905875 0.025761
vt 0.905875 0.012881
vt 0.000512 0.321630
vt 0.000512 0.330358
vt 0.906387 0.330358
vt 0.906387 0.321630
vt 0.906075 0.312903
vt 0.906075 0.296828
vt 0.000200 0.296828
vt 0.000200 0.312903
vt 0.000000 0.062150
vt 0.000000 0.089593
vt 0.905875 0.089593
vt 0.905875 0.062150
vt 0.000000 0.000000
vt 0.000000 0.012881
vt 0.905875 0.012881
vt 0.905875 0.000000
vt 0.000512 0.312903
vt 0.000512 0.321630
vt 0.906387 0.321630
vt 0.906387 0.312903
vt 0.906075 0.297453
vt 0.906075 0.281378
vt 0.000200 0.281378
vt 0.000200 0.297453
vt 0.999050 0.183297
vt 0.999050 0.342604
vt 0.939310 0.342604
vt 0.939310 0.183297
vt 0.999050 0.183297
vt 0.999050 0.342604
vt 0.939310 0.342604
vt 0.939310 0.183297
vt 0.999050 0.183297
vt 0.999050 0.342604
vt 0.939310 0.342604
vt 0.939310 0.183297
vt 0.999050 0.183297
vt 0.999050 0.342604
vt 0.939310 0.342604
vt 0.939310 0.183297
vt 0.985655 0.132863
vt 0.985655 0.179437
vt 0.939081 0.179437
vt 0.939081 0.132863
vt 0.939310 0.342604
vt 0.999050 0.342604
vt 0.999050 0.183297
vt 0.939310 0.183297
vt 0.939310 0.342604
vt 0.999050 0.342604
vt 0.999050 0.183297
vt 0.939310 0.183297
vt 0.939310 0.342604
vt 0.999050 0.342604
vt 0.999050 0.183297
vt 0.939310 0.183297
vt 0.939310 0.342604
vt 0.999050 0.342604
vt 0.999050 0.183297
vt 0.939310 0.183297
vt 0.939081 0.179437
vt 0.985655 0.179437
vt 0.985655 0.132863
vt 0.939081 0.132863
vt 0.979692 0.781451
vt 0.979692 0.844034
vt -0.000781 0.844034
vt -0.000781 0.781451
vt 0.145247 0.656284
vt 0.145247 0.718868
vt -0.000781 0.718868
vt -0.000781 0.656284
vt 0.979692 0.718868
vt 0.979692 0.781451
vt -0.000781 0.781451
vt -0.000781 0.718868
vt 0.302823 0.656284
vt 0.302823 0.718868
vt 0.156795 0.718868
vt 0.156795 0.656284
vt 1.000000 0.851064
vt 1.000000 1.000000
vt 0.000000 1.000000
vt 0.000000 0.851064
vt 0.998987 0.504118
vt 0.998987 0.652658
vt 0.001647 0.652658
vt 0.001647 0.504118
vt 0.980127 0.103062
vt 0.949641 0.115757
vt 0.949641 0.103062
vt 0.958243 0.103062
vt 0.988729 0.103062
vt 0.988729 0.115757
vt 0.942399 0.062186
vt 0.995971 0.062186
vt 0.995971 0.076013
vt 0.980127 0.076013
vt 0.958243 0.076013
vt 0.942399 0.076013
vt 0.000000 0.062150
vt 0.000000 0.048121
vt 0.905875 0.048121
vt 0.905875 0.062150
vt 0.980908 0.014240
vt 0.959024 0.014240
vt 0.943180 0.014240
vt 0.943180 0.000413
vt 0.996752 0.000413
vt 0.996752 0.014240
vt 0.000000 0.048121
vt 0.000000 0.034093
vt 0.905875 0.034093
vt 0.905875 0.048121
vt 0.000200 0.259595
vt 0.000200 0.219937
vt 0.906075 0.219937
vt 0.906075 0.259595
vt 0.905753 0.210448
vt -0.000122 0.210448
vt -0.000122 0.156096
vt 0.905753 0.156096
vt 0.905875 0.121202
vt 0.000000 0.121202
vt 0.000000 0.093759
vt 0.905875 0.093759
vt 0.905875 0.025761
vt 0.000000 0.025761
vt 0.000000 0.012881
vt 0.905875 0.012881
vt 0.906387 0.330358
vt 0.000512 0.330358
vt 0.000512 0.321630
vt 0.906387 0.321630
vt 0.000200 0.296828
vt 0.906075 0.296828
vt 0.906075 0.312903
vt 0.000200 0.312903
vt 0.905875 0.089593
vt 0.000000 0.089593
vt 0.000000 0.062150
vt 0.905875 0.062150
vt 0.905875 0.012881
vt 0.000000 0.012881
vt 0.000000 0.000000
vt 0.905875 0.000000
vt 0.906387 0.321630
vt 0.000512 0.321630
vt 0.000512 0.312903
vt 0.906387 0.312903
vt 0.000200 0.281378
vt 0.906075 0.281378
vt 0.906075 0.297453
vt 0.000200 0.297453
vt 0.949641 0.103062
vt 0.949641 0.115757
vt 0.980127 0.103062
vt 0.958243 0.103062
vt 0.988729 0.115757
vt 0.988729 0.103062
vt 0.995971 0.076013
vt 0.995971 0.062186
vt 0.958243 0.076013
vt 0.980127 0.076013
vt 0.942399 0.062186
vt 0.942399 0.076013
vt 0.905875 0.048121
vt 0.000000 0.048121
vt 0.000000 0.062150
vt 0.905875 0.062150
vt 0.950422 0.041289
vt 0.950422 0.053985
vt 0.980908 0.041289
vt 0.959024 0.041289
vt 0.989510 0.053985
vt 0.989510 0.041289
vt 0.905875 0.034093
vt 0.000000 0.034093
vt 0.000000 0.048121
vt 0.905875 0.048121
vt 0.906075 0.219937
vt 0.000200 0.219937
vt 0.000200 0.259595
vt 0.906075 0.259595
vt -0.000122 0.156096
vt -0.000122 0.210448
vt 0.905753 0.210448
vt 0.905753 0.156096
vt 0.000000 0.093759
vt 0.000000 0.121202
vt 0.905875 0.121202
vt 0.905875 0.093759
vt 0.000000 0.012881
vt 0.000000 0.025761
vt 0.905875 0.025761
vt 0.905875 0.012881
vt 0.000512 0.321630
vt 0.000512 0.330358
vt 0.906387 0.330358
vt 0.906387 0.321630
vt 0.906075 0.312903
vt 0.906075 0.296828
vt 0.000200 0.296828
vt 0.000200 0.312903
vt 0.000000 0.062150
vt 0.000000 0.089593
vt 0.905875 0.089593
vt 0.905875 0.062150
vt 0.000000 0.000000
vt 0.000000 0.012881
vt 0.905875 0.012881
vt 0.905875 0.000000
vt 0.000512 0.312903
vt 0.000512 0.321630
vt 0.906387 0.321630
vt 0.906387 0.312903
vt 0.906075 0.297453
vt 0.906075 0.281378
vt 0.000200 0.281378
vt 0.000200 0.297453
vt 0.999050 0.183297
vt 0.999050 0.342604
vt 0.939310 0.342604
vt 0.939310 0.183297
vt 0.999050 0.183297
vt 0.999050 0.342604
vt 0.939310 0.342604
vt 0.939310 0.183297
vt 0.999050 0.183297
vt 0.999050 0.342604
vt 0.939310 0.342604
vt 0.939310 0.183297
vt 0.999050 0.183297
vt 0.999050 0.342604
vt 0.939310 0.342604
vt 0.939310 0.183297
vt 0.985655 0.132863
vt 0.985655 0.179437
vt 0.939081 0.179437
vt 0.939081 0.132863
vt 0.939310 0.342604
vt 0.999050 0.342604
vt 0.999050 0.183297
vt 0.939310 0.183297
vt 0.939310 0.342604
vt 0.999050 0.342604
vt 0.999050 0.183297
vt 0.939310 0.183297
vt 0.939310 0.342604
vt 0.999050 0.342604
vt 0.999050 0.183297
vt 0.939310 0.183297
vt 0.939310 0.342604
vt 0.999050 0.342604
vt 0.999050 0.183297
vt 0.939310 0.183297
vt 0.939081 0.179437
vt 0.985655 0.179437
vt 0.985655 0.132863
vt 0.939081 0.132863
vt 0.979692 0.781451
vt 0.979692 0.844034
vt -0.000781 0.844034
vt -0.000781 0.781451
vt 0.145247 0.656284
vt 0.145247 0.718868
vt -0.000781 0.718868
vt -0.000781 0.656284
vt 0.979692 0.718868
vt 0.979692 0.781451
vt -0.000781 0.781451
vt -0.000781 0.718868
vt 0.302823 0.656284
vt 0.302823 0.718868
vt 0.156795 0.718868
vt 0.156795 0.656284
vt 1.000000 0.851064
vt 1.000000 1.000000
vt 0.000000 1.000000
vt 0.000000 0.851064
vt 0.998987 0.504118
vt 0.998987 0.652658
vt 0.001647 0.652658
vt 0.001647 0.504118
vt 0.980127 0.103062
vt 0.949641 0.115757
vt 0.949641 0.103062
vt 0.958243 0.103062
vt 0.988729 0.103062
vt 0.988729 0.115757
vt 0.942399 0.062186
vt 0.995971 0.062186
vt 0.995971 0.076013
vt 0.980127 0.076013
vt 0.958243 0.076013
vt 0.942399 0.076013
vt 0.000000 0.062150
vt 0.000000 0.048121
vt 0.905875 0.048121
vt 0.905875 0.062150
vt 0.980908 0.014240
vt 0.959024 0.014240
vt 0.943180 0.014240
vt 0.943180 0.000413
vt 0.996752 0.000413
vt 0.996752 0.014240
vt 0.000000 0.048121
vt 0.000000 0.034093
vt 0.905875 0.034093
vt 0.905875 0.048121
vt 0.000200 0.259595
vt 0.000200 0.219937
vt 0.906075 0.219937
vt 0.906075 0.259595
vt 0.905753 0.210448
vt -0.000122 0.210448
vt -0.000122 0.156096
vt 0.905753 0.156096
vt 0.905875 0.121202
vt 0.000000 0.121202
vt 0.000000 0.093759
vt 0.905875 0.093759
vt 0.905875 0.025761
vt 0.000000 0.025761
vt 0.000000 0.012881
vt 0.905875 0.012881
vt 0.906387 0.330358
vt 0.000512 0.330358
vt 0.000512 0.321630
vt 0.906387 0.321630
vt 0.000200 0.296828
vt 0.906075 0.296828
vt 0.906075 0.312903
vt 0.000200 0.312903
vt 0.905875 0.089593
vt 0.000000 0.089593
vt 0.000000 0.062150
vt 0.905875 0.062150
vt 0.905875 0.012881
vt 0.000000 0.012881
vt 0.000000 0.000000
vt 0.905875 0.000000
vt 0.906387 0.321630
vt 0.000512 0.321630
vt 0.000512 0.312903
vt 0.906387 0.312903
vt 0.000200 0.281378
vt 0.906075 0.281378
vt 0.906075 0.297453
vt 0.000200 0.297453
vt 0.949641 0.103062
vt 0.949641 0.115757
vt 0.980127 0.103062
vt 0.958243 0.103062
vt 0.988729 0.115757
vt 0.988729 0.103062
vt 0.995971 0.076013
vt 0.995971 0.062186
vt 0.958243 0.076013
vt 0.980127 0.076013
vt 0.942399 0.062186
vt 0.942399 0.076013
vt 0.905875 0.048121
vt 0.000000 0.048121
vt 0.000000 0.062150
vt 0.905875 0.062150
vt 0.950422 0.041289
vt 0.950422 0.053985
vt 0.980908 0.041289
vt 0.959024 0.041289
vt 0.989510 0.053985
vt 0.989510 0.041289
vt 0.905875 0.034093
vt 0.000000 0.034093
vt 0.000000 0.048121
vt 0.905875 0.048121
vt 0.906075 0.219937
vt 0.000200 0.219937
vt 0.000200 0.259595
vt 0.906075 0.259595
vt -0.000122 0.156096
vt -0.000122 0.210448
vt 0.905753 0.210448
vt 0.905753 0.156096
vt 0.000000 0.093759
vt 0.000000 0.121202
vt 0.905875 0.121202
vt 0.905875 0.093759
vt 0.000000 0.012881
vt 0.000000 0.025761
vt 0.905875 0.025761
vt 0.905875 0.012881
vt 0.000512 0.321630
vt 0.000512 0.330358
vt 0.906387 0.330358
vt 0.906387 0.321630
vt 0.906075 0.312903
vt 0.906075 0.296828
vt 0.000200 0.296828
vt 0.000200 0.312903
vt 0.000000 0.062150
vt 0.000000 0.089593
vt 0.905875 0.089593
vt 0.905875 0.062150
vt 0.000000 0.000000
vt 0.000000 0.012881
vt 0.905875 0.012881
vt 0.905875 0.000000
vt 0.000512 0.312903
vt 0.000512 0.321630
vt 0.906387 0.321630
vt 0.906387 0.312903
vt 0.906075 0.297453
vt 0.906075 0.281378
vt 0.000200 0.281378
vt 0.000200 0.297453
vt 0.999050 0.183297
vt 0.999050 0.342604
vt 0.939310 0.342604
vt 0.939310 0.183297
vt 0.999050 0.183297
vt 0.999050 0.342604
vt 0.939310 0.342604
vt 0.939310 0.183297
vt 0.999050 0.183297
vt 0.999050 0.342604
vt 0.939310 0.342604
vt 0.939310 0.183297
vt 0.999050 0.183297
vt 0.999050 0.342604
vt 0.939310 0.342604
vt 0.939310 0.183297
vt 0.985655 0.132863
vt 0.985655 0.179437
vt 0.939081 0.179437
vt 0.939081 0.132863
vt 0.939310 0.342604
vt 0.999050 0.342604
vt 0.999050 0.183297
vt 0.939310 0.183297
vt 0.939310 0.342604
vt 0.999050 0.342604
vt 0.999050 0.183297
vt 0.939310 0.183297
vt 0.939310 0.342604
vt 0.999050 0.342604
vt 0.999050 0.183297
vt 0.939310 0.183297
vt 0.939310 0.342604
vt 0.999050 0.342604
vt 0.999050 0.183297
vt 0.939310 0.183297
vt 0.939081 0.179437
vt 0.985655 0.179437
vt 0.985655 0.132863
vt 0.939081 0.132863
vt 0.979692 0.781451
vt 0.979692 0.844034
vt -0.000781 0.844034
vt -0.000781 0.781451
vt 0.145247 0.656284
vt 0.145247 0.718868
vt -0.000781 0.718868
vt -0.000781 0.656284
vt 0.979692 0.718868
vt 0.979692 0.781451
vt -0.000781 0.781451
vt -0.000781 0.718868
vt 0.302823 0.656284
vt 0.302823 0.718868
vt 0.156795 0.718868
vt 0.156795 0.656284
vt 1.000000 0.851064
vt 1.000000 1.000000
vt 0.000000 1.000000
vt 0.000000 0.851064
vt 0.998987 0.504118
vt 0.998987 0.652658
vt 0.001647 0.652658
vt 0.001647 0.504118
vt 0.980127 0.103062
vt 0.949641 0.115757
vt 0.949641 0.103062
vt 0.958243 0.103062
vt 0.988729 0.103062
vt 0.988729 0.115757
vt 0.942399 0.062186
vt 0.995971 0.062186
vt 0.995971 0.076013
vt 0.980127 0.076013
vt 0.958243 0.076013
vt 0.942399 0.076013
vt 0.000000 0.062150
vt 0.000000 0.048121
vt 0.905875 0.048121
vt 0.905875 0.062150
vt 0.980908 0.014240
vt 0.959024 0.014240
vt 0.943180 0.014240
vt 0.943180 0.000413
vt 0.996752 0.000413
vt 0.996752 0.014240
vt 0.000000 0.048121
vt 0.000000 0.034093
vt 0.905875 0.034093
vt 0.905875 0.048121
vt 0.000200 0.259595
vt 0.000200 0.219937
vt 0.906075 0.219937
vt 0.906075 0.259595
vt 0.905753 0.210448
vt -0.000122 0.210448
vt -0.000122 0.156096
vt 0.905753 0.156096
vt 0.905875 0.121202
vt 0.000000 0.121202
vt 0.000000 0.093759
vt 0.905875 0.093759
vt 0.905875 0.025761
vt 0.000000 0.025761
vt 0.000000 0.012881
vt 0.905875 0.012881
vt 0.906387 0.330358
vt 0.000512 0.330358
vt 0.000512 0.321630
vt 0.906387 0.321630
vt 0.000200 0.296828
vt 0.906075 0.296828
vt 0.906075 0.312903
vt 0.000200 0.312903
vt 0.905875 0.089593
vt 0.000000 0.089593
vt 0.000000 0.062150
vt 0.905875 0.062150
vt 0.905875 0.012881
vt 0.000000 0.012881
vt 0.000000 0.000000
vt 0.905875 0.000000
vt 0.906387 0.321630
vt 0.000512 0.321630
vt 0.000512 0.312903
vt 0.906387 0.312903
vt 0.000200 0.281378
vt 0.906075 0.281378
vt 0.906075 0.297453
vt 0.000200 0.297453
vt 0.949641 0.103062
vt 0.949641 0.115757
vt 0.980127 0.103062
vt 0.958243 0.103062
vt 0.988729 0.115757
vt 0.988729 0.103062
vt 0.995971 0.076013
vt 0.995971 0.062186
vt 0.958243 0.076013
vt 0.980127 0.076013
vt 0.942399 0.062186
vt 0.942399 0.076013
vt 0.905875 0.048121
vt 0.000000 0.048121
vt 0.000000 0.062150
vt 0.905875 0.062150
vt 0.950422 0.041289
vt 0.950422 0.053985
vt 0.980908 0.041289
vt 0.959024 0.041289
vt 0.989510 0.053985
vt 0.989510 0.041289
vt 0.905875 0.034093
vt 0.000000 0.034093
vt 0.000000 0.048121
vt 0.905875 0.048121
vt 0.906075 0.219937
vt 0.000200 0.219937
vt 0.000200 0.259595
vt 0.906075 0.259595
vt -0.000122 0.156096
vt -0.000122 0.210448
vt 0.905753 0.210448
vt 0.905753 0.156096
vt 0.000000 0.093759
vt 0.000000 0.121202
vt 0.905875 0.121202
vt 0.905875 0.093759
vt 0.000000 0.012881
vt 0.000000 0.025761
vt 0.905875 0.025761
vt 0.905875 0.012881
vt 0.000512 0.321630
vt 0.000512 0.330358
vt 0.906387 0.330358
vt 0.906387 0.321630
vt 0.906075 0.312903
vt 0.906075 0.296828
vt 0.000200 0.296828
vt 0.000200 0.312903
vt 0.000000 0.062150
vt 0.000000 0.089593
vt 0.905875 0.089593
vt 0.905875 0.062150
vt 0.000000 0.000000
vt 0.000000 0.012881
vt 0.905875 0.012881
vt 0.905875 0.000000
vt 0.000512 0.312903
vt 0.000512 0.321630
vt 0.906387 0.321630
vt 0.906387 0.312903
vt 0.906075 0.297453
vt 0.906075 0.281378
vt 0.000200 0.281378
vt 0.000200 0.297453
vt 0.999050 0.183297
vt 0.999050 0.342604
vt 0.939310 0.342604
vt 0.939310 0.183297
vt 0.999050 0.183297
vt 0.999050 0.342604
vt 0.939310 0.342604
vt 0.939310 0.183297
vt 0.999050 0.183297
vt 0.999050 0.342604
vt 0.939310 0.342604
vt 0.939310 0.183297
vt 0.999050 0.183297
vt 0.999050 0.342604
vt 0.939310 0.342604
vt 0.939310 0.183297
vt 0.985655 0.132863
vt 0.985655 0.179437
vt 0.939081 0.179437
vt 0.939081 0.132863
vt 0.939310 0.342604
vt 0.999050 0.342604
vt 0.999050 0.183297
vt 0.939310 0.183297
vt 0.939310 0.342604
vt 0.999050 0.342604
vt 0.999050 0.183297
vt 0.939310 0.183297
vt 0.939310 0.342604
vt 0.999050 0.342604
vt 0.999050 0.183297
vt 0.939310 0.183297
vt 0.939310 0.342604
vt 0.999050 0.342604
vt 0.999050 0.183297
vt 0.939310 0.183297
vt 0.939081 0.179437
vt 0.985655 0.179437
vt 0.985655 0.132863
vt 0.939081 0.132863
vt 0.979692 0.781451
vt 0.979692 0.844034
vt -0.000781 0.844034
vt -0.000781 0.781451
vt 0.145247 0.656284
vt 0.145247 0.718868
vt -0.000781 0.718868
vt -0.000781 0.656284
vt 0.979692 0.718868
vt 0.979692 0.781451
vt -0.000781 0.781451
vt -0.000781 0.718868
vt 0.302823 0.656284
vt 0.302823 0.718868
vt 0.156795 0.718868
vt 0.156795 0.656284
vt 1.000000 0.851064
vt 1.000000 1.000000
vt 0.000000 1.000000
vt 0.000000 0.851064
vt 0.998987 0.504118
vt 0.998987 0.652658
vt 0.001647 0.652658
vt 0.001647 0.504118
vt 0.980127 0.103062
vt 0.949641 0.115757
vt 0.949641 0.103062
vt 0.958243 0.103062
vt 0.988729 0.103062
vt 0.988729 0.115757
vt 0.942399 0.062186
vt 0.995971 0.062186
vt 0.995971 0.076013
vt 0.980127 0.076013
vt 0.958243 0.076013
vt 0.942399 0.076013
vt 0.000000 0.062150
vt 0.000000 0.048121
vt 0.905875 0.048121
vt 0.905875 0.062150
vt 0.980908 0.014240
vt 0.959024 0.014240
vt 0.943180 0.014240
vt 0.943180 0.000413
vt 0.996752 0.000413
vt 0.996752 0.014240
vt 0.000000 0.048121
vt 0.000000 0.034093
vt 0.905875 0.034093
vt 0.905875 0.048121
vt 0.000200 0.259595
vt 0.000200 0.219937
vt 0.906075 0.219937
vt 0.906075 0.259595
vt 0.905753 0.210448
vt -0.000122 0.210448
vt -0.000122 0.156096
vt 0.905753 0.156096
vt 0.905875 0.121202
vt 0.000000 0.121202
vt 0.000000 0.093759
vt 0.905875 0.093759
vt 0.905875 0.025761
vt 0.000000 0.025761
vt 0.000000 0.012881
vt 0.905875 0.012881
vt 0.906387 0.330358
vt 0.000512 0.330358
vt 0.000512 0.321630
vt 0.906387 0.321630
vt 0.000200 0.296828
vt 0.906075 0.296828
vt 0.906075 0.312903
vt 0.000200 0.312903
vt 0.905875 0.089593
vt 0.000000 0.089593
vt 0.000000 0.062150
vt 0.905875 0.062150
vt 0.905875 0.012881
vt 0.000000 0.012881
vt 0.000000 0.000000
vt 0.905875 0.000000
vt 0.906387 0.321630
vt 0.000512 0.321630
vt 0.000512 0.312903
vt 0.906387 0.312903
vt 0.000200 0.281378
vt 0.906075 0.281378
vt 0.906075 0.297453
vt 0.000200 0.297453
vt 0.949641 0.103062
vt 0.949641 0.115757
vt 0.980127 0.103062
vt 0.958243 0.103062
vt 0.988729 0.115757
vt 0.988729 0.103062
vt 0.995971 0.076013
vt 0.995971 0.062186
vt 0.958243 0.076013
vt 0.980127 0.076013
vt 0.942399 0.062186
vt 0.942399 0.076013
vt 0.905875 0.048121
vt 0.000000 0.048121
vt 0.000000 0.062150
vt 0.905875 0.062150
vt 0.950422 0.041289
vt 0.950422 0.053985
vt 0.980908 0.041289
vt 0.959024 0.041289
vt 0.989510 0.053985
vt 0.989510 0.041289
vt 0.905875 0.034093
vt 0.000000 0.034093
vt 0.000000 0.048121
vt 0.905875 0.048121
vt 0.906075 0.219937
vt 0.000200 0.219937
vt 0.000200 0.259595
vt 0.906075 0.259595
vt -0.000122 0.156096
vt -0.000122 0.210448
vt 0.905753 0.210448
vt 0.905753 0.156096
vt 0.000000 0.093759
vt 0.000000 0.121202
vt 0.905875 0.121202
vt 0.905875 0.093759
vt 0.000000 0.012881
vt 0.000000 0.025761
vt 0.905875 0.025761
vt 0.905875 0.012881
vt 0.000512 0.321630
vt 0.000512 0.330358
vt 0.906387 0.330358
vt 0.906387 0.321630
vt 0.906075 0.312903
vt 0.906075 0.296828
vt 0.000200 0.296828
vt 0.000200 0.312903
vt 0.000000 0.062150
vt 0.000000 0.089593
vt 0.905875 0.089593
vt 0.905875 0.062150
vt 0.000000 0.000000
vt 0.000000 0.012881
vt 0.905875 0.012881
vt 0.905875 0.000000
vt 0.000512 0.312903
vt 0.000512 0.321630
vt 0.906387 0.321630
vt 0.906387 0.312903
vt 0.906075 0.297453
vt 0.906075 0.281378
vt 0.000200 0.281378
vt 0.000200 0.297453
vt 0.999050 0.183297
vt 0.999050 0.342604
vt 0.939310 0.342604
vt 0.939310 0.183297
vt 0.999050 0.183297
vt 0.999050 0.342604
vt 0.939310 0.342604
vt 0.939310 0.183297
vt 0.999050 0.183297
vt 0.999050 0.342604
vt 0.939310 0.342604
vt 0.939310 0.183297
vt 0.999050 0.183297
vt 0.999050 0.342604
vt 0.939310 0.342604
vt 0.939310 0.183297
vt 0.985655 0.132863
vt 0.985655 0.179437
vt 0.939081 0.179437
vt 0.939081 0.132863
vt 0.939310 0.342604
vt 0.999050 0.342604
vt 0.999050 0.183297
vt 0.939310 0.183297
vt 0.939310 0.342604
vt 0.999050 0.342604
vt 0.999050 0.183297
vt 0.939310 0.183297
vt 0.939310 0.342604
vt 0.999050 0.342604
vt 0.999050 0.183297
vt 0.939310 0.183297
vt 0.939310 0.342604
vt 0.999050 0.342604
vt 0.999050 0.183297
vt 0.939310 0.183297
vt 0.939081 0.179437
vt 0.985655 0.179437
vt 0.985655 0.132863
vt 0.939081 0.132863
vt 0.979692 0.781451
vt 0.979692 0.844034
vt -0.000781 0.844034
vt -0.000781 0.781451
vt 0.145247 0.656284
vt 0.145247 0.718868
vt -0.000781 0.718868
vt -0.000781 0.656284
vt 0.979692 0.718868
vt 0.979692 0.781451
vt -0.000781 0.781451
vt -0.000781 0.718868
vt 0.302823 0.656284
vt 0.302823 0.718868
vt 0.156795 0.718868
vt 0.156795 0.656284
vt 1.000000 0.851064
vt 1.000000 1.000000
vt 0.000000 1.000000
vt 0.000000 0.851064
vt 0.998987 0.504118
vt 0.998987 0.652658
vt 0.001647 0.652658
vt 0.001647 0.504118
vt 0.980127 0.103062
vt 0.949641 0.115757
vt 0.949641 0.103062
vt 0.958243 0.103062
vt 0.988729 0.103062
vt 0.988729 0.115757
vt 0.942399 0.062186
vt 0.995971 0.062186
vt 0.995971 0.076013
vt 0.980127 0.076013
vt 0.958243 0.076013
vt 0.942399 0.076013
vt 0.000000 0.062150
vt 0.000000 0.048121
vt 0.905875 0.048121
vt 0.905875 0.062150
vt 0.980908 0.014240
vt 0.959024 0.014240
vt 0.943180 0.014240
vt 0.943180 0.000413
vt 0.996752 0.000413
vt 0.996752 0.014240
vt 0.000000 0.048121
vt 0.000000 0.034093
vt 0.905875 0.034093
vt 0.905875 0.048121
vt 0.000200 0.259595
vt 0.000200 0.219937
vt 0.906075 0.219937
vt 0.906075 0.259595
vt 0.905753 0.210448
vt -0.000122 0.210448
vt -0.000122 0.156096
vt 0.905753 0.156096
vt 0.905875 0.121202
vt 0.000000 0.121202
vt 0.000000 0.093759
vt 0.905875 0.093759
vt 0.905875 0.025761
vt 0.000000 0.025761
vt 0.000000 0.012881
vt 0.905875 0.012881
vt 0.906387 0.330358
vt 0.000512 0.330358
vt 0.000512 0.321630
vt 0.906387 0.321630
vt 0.000200 0.296828
vt 0.906075 0.296828
vt 0.906075 0.312903
vt 0.000200 0.312903
vt 0.905875 0.089593
vt 0.000000 0.089593
vt 0.000000 0.062150
vt 0.905875 0.062150
vt 0.905875 0.012881
vt 0.000000 0.012881
vt 0.000000 0.000000
vt 0.905875 0.000000
vt 0.906387 0.321630
vt 0.000512 0.321630
vt 0.000512 0.312903
vt 0.906387 0.312903
vt 0.000200 0.281378
vt 0.906075 0.281378
vt 0.906075 0.297453
vt 0.000200 0.297453
vt 0.949641 0.103062
vt 0.949641 0.115757
vt 0.980127 0.103062
vt 0.958243 0.103062
vt 0.988729 0.115757
vt 0.988729 0.103062
vt 0.995971 0.076013
vt 0.995971 0.062186
vt 0.958243 0.076013
vt 0.980127 0.076013
vt 0.942399 0.062186
vt 0.942399 0.076013
vt 0.905875 0.048121
vt 0.000000 0.048121
vt 0.000000 0.062150
vt 0.905875 0.062150
vt 0.950422 0.041289
vt 0.950422 0.053985
vt 0.980908 0.041289
vt 0.959024 0.041289
vt 0.989510 0.053985
vt 0.989510 0.041289
vt 0.905875 0.034093
vt 0.000000 0.034093
vt 0.000000 0.048121
vt 0.905875 0.048121
vt 0.906075 0.219937
vt 0.000200 0.219937
vt 0.000200 0.259595
vt 0.906075 0.259595
vt -0.000122 0.156096
vt -0.000122 0.210448
vt 0.905753 0.210448
vt 0.905753 0.156096
vt 0.000000 0.093759
vt 0.000000 0.121202
vt 0.905875 0.121202
vt 0.905875 0.093759
vt 0.000000 0.012881
vt 0.000000 0.025761
vt 0.905875 0.025761
vt 0.905875 0.012881
vt 0.000512 0.321630
vt 0.000512 0.330358
vt 0.906387 0.330358
vt 0.906387 0.321630
vt 0.906075 0.312903
vt 0.906075 0.296828
vt 0.000200 0.296828
vt 0.000200 0.312903
vt 0.000000 0.062150
vt 0.000000 0.089593
vt 0.905875 0.089593
vt 0.905875 0.062150
vt 0.000000 0.000000
vt 0.000000 0.012881
vt 0.905875 0.012881
vt 0.905875 0.000000
vt 0.000512 0.312903
vt 0.000512 0.321630
vt 0.906387 0.321630
vt 0.906387 0.312903
vt 0.906075 0.297453
vt 0.906075 0.281378
vt 0.000200 0.281378
vt 0.000200 0.297453
vt 0.999050 0.183297
vt 0.999050 0.342604
vt 0.939310 0.342604
vt 0.939310 0.183297
vt 0.999050 0.183297
vt 0.999050 0.342604
vt 0.939310 0.342604
vt 0.939310 0.183297
vt 0.999050 0.183297
vt 0.999050 0.342604
vt 0.939310 0.342604
vt 0.939310 0.183297
vt 0.999050 0.183297
vt 0.999050 0.342604
vt 0.939310 0.342604
vt 0.939310 0.183297
vt 0.985655 0.132863
vt 0.985655 0.179437
vt 0.939081 0.179437
vt 0.939081 0.132863
vt 0.939310 0.342604
vt 0.999050 0.342604
vt 0.999050 0.183297
vt 0.939310 0.183297
vt 0.939310 0.342604
vt 0.999050 0.342604
vt 0.999050 0.183297
vt 0.939310 0.183297
vt 0.939310 0.342604
vt 0.999050 0.342604
vt 0.999050 0.183297
vt 0.939310 0.183297
vt 0.939310 0.342604
vt 0.999050 0.342604
vt 0.999050 0.183297
vt 0.939310 0.183297
vt 0.939081 0.179437
vt 0.985655 0.179437
vt 0.985655 0.132863
vt 0.939081 0.132863
vt 0.979692 0.781451
vt 0.979692 0.844034
vt -0.000781 0.844034
vt -0.000781 0.781451
vt 0.145247 0.656284
vt 0.145247 0.718868
vt -0.000781 0.718868
vt -0.000781 0.656284
vt 0.979692 0.718868
vt 0.979692 0.781451
vt -0.000781 0.781451
vt -0.000781 0.718868
vt 0.302823 0.656284
vt 0.302823 0.718868
vt 0.156795 0.718868
vt 0.156795 0.656284
vt 1.000000 0.851064
vt 1.000000 1.000000
vt 0.000000 1.000000
vt 0.000000 0.851064
vt 0.998987 0.504118
vt 0.998987 0.652658
vt 0.001647 0.652658
vt 0.001647 0.504118
vt 0.980127 0.103062
vt 0.949641 0.115757
vt 0.949641 0.103062
vt 0.958243 0.103062
vt 0.988729 0.103062
vt 0.988729 0.115757
vt 0.942399 0.062186
vt 0.995971 0.062186
vt 0.995971 0.076013
vt 0.980127 0.076013
vt 0.958243 0.076013
vt 0.942399 0.076013
vt 0.000000 0.062150
vt 0.000000 0.048121
vt 0.905875 0.048121
vt 0.905875 0.062150
vt 0.980908 0.014240
vt 0.959024 0.014240
vt 0.943180 0.014240
vt 0.943180 0.000413
vt 0.996752 0.000413
vt 0.996752 0.014240
vt 0.000000 0.048121
vt 0.000000 0.034093
vt 0.905875 0.034093
vt 0.905875 0.048121
vt 0.000200 0.259595
vt 0.000200 0.219937
vt 0.906075 0.219937
vt 0.906075 0.259595
vt 0.905753 0.210448
vt -0.000122 0.210448
vt -0.000122 0.156096
vt 0.905753 0.156096
vt 0.905875 0.121202
vt 0.000000 0.121202
vt 0.000000 0.093759
vt 0.905875 0.093759
vt 0.905875 0.025761
vt 0.000000 0.025761
vt 0.000000 0.012881
vt 0.905875 0.012881
vt 0.906387 0.330358
vt 0.000512 0.330358
vt 0.000512 0.321630
vt 0.906387 0.321630
vt 0.000200 0.296828
vt 0.906075 0.296828
vt 0.906075 0.312903
vt 0.000200 0.312903
vt 0.905875 0.089593
vt 0.000000 0.089593
vt 0.000000 0.062150
vt 0.905875 0.062150
vt 0.905875 0.012881
vt 0.000000 0.012881
vt 0.000000 0.000000
vt 0.905875 0.000000
vt 0.906387 0.321630
vt 0.000512 0.321630
vt 0.000512 0.312903
vt 0.906387 0.312903
vt 0.000200 0.281378
vt 0.906075 0.281378
vt 0.906075 0.297453
vt 0.000200 0.297453
vt 0.949641 0.103062
vt 0.949641 0.115757
vt 0.980127 0.103062
vt 0.958243 0.103062
vt 0.988729 0.115757
vt 0.988729 0.103062
vt 0.995971 0.076013
vt 0.995971 0.062186
vt 0.958243 0.076013
vt 0.980127 0.076013
vt 0.942399 0.062186
vt 0.942399 0.076013
vt 0.905875 0.048121
vt 0.000000 0.048121
vt 0.000000 0.062150
vt 0.905875 0.062150
vt 0.950422 0.041289
vt 0.950422 0.053985
vt 0.980908 0.041289
vt 0.959024 0.041289
vt 0.989510 0.053985
vt 0.989510 0.041289
vt 0.905875 0.034093
vt 0.000000 0.034093
vt 0.000000 0.048121
vt 0.905875 0.048121
vt 0.906075 0.219937
vt 0.000200 0.219937
vt 0.000200 0.259595
vt 0.906075 0.259595
vt -0.000122 0.156096
vt -0.000122 0.210448
vt 0.905753 0.210448
vt 0.905753 0.156096
vt 0.000000 0.093759
vt 0.000000 0.121202
vt 0.905875 0.121202
vt 0.905875 0.093759
vt 0.000000 0.012881
vt 0.000000 0.025761
vt 0.905875 0.025761
vt 0.905875 0.012881
vt 0.000512 0.321630
vt 0.000512 0.330358
vt 0.906387 0.330358
vt 0.906387 0.321630
vt 0.906075 0.312903
vt 0.906075 0.296828
vt 0.000200 0.296828
vt 0.000200 0.312903
vt 0.000000 0.062150
vt 0.000000 0.089593
vt 0.905875 0.089593
vt 0.905875 0.062150
vt 0.000000 0.000000
vt 0.000000 0.012881
vt 0.905875 0.012881
vt 0.905875 0.000000
vt 0.000512 0.312903
vt 0.000512 0.321630
vt 0.906387 0.321630
vt 0.906387 0.312903
vt 0.906075 0.297453
vt 0.906075 0.281378
vt 0.000200 0.281378
vt 0.000200 0.297453
vt 0.999050 0.183297
vt 0.999050 0.342604
vt 0.939310 0.342604
vt 0.939310 0.183297
vt 0.999050 0.183297
vt 0.999050 0.342604
vt 0.939310 0.342604
vt 0.939310 0.183297
vt 0.999050 0.183297
vt 0.999050 0.342604
vt 0.939310 0.342604
vt 0.939310 0.183297
vt 0.999050 0.183297
vt 0.999050 0.342604
vt 0.939310 0.342604
vt 0.939310 0.183297
vt 0.985655 0.132863
vt 0.985655 0.179437
vt 0.939081 0.179437
vt 0.939081 0.132863
vt 0.939310 0.342604
vt 0.999050 0.342604
vt 0.999050 0.183297
vt 0.939310 0.183297
vt 0.939310 0.342604
vt 0.999050 0.342604
vt 0.999050 0.183297
vt 0.939310 0.183297
vt 0.939310 0.342604
vt 0.999050 0.342604
vt 0.999050 0.183297
vt 0.939310 0.183297
vt 0.939310 0.342604
vt 0.999050 0.342604
vt 0.999050 0.183297
vt 0.939310 0.183297
vt 0.939081 0.179437
vt 0.985655 0.179437
vt 0.985655 0.132863
vt 0.939081 0.132863
vt 0.979692 0.781451
vt 0.979692 0.844034
vt -0.000781 0.844034
vt -0.000781 0.781451
vt 0.145247 0.656284
vt 0.145247 0.718868
vt -0.000781 0.718868
vt -0.000781 0.656284
vt 0.979692 0.718868
vt 0.979692 0.781451
vt -0.000781 0.781451
vt -0.000781 0.718868
vt 0.302823 0.656284
vt 0.302823 0.718868
vt 0.156795 0.718868
vt 0.156795 0.656284
vt 1.000000 0.851064
vt 1.000000 1.000000
vt 0.000000 1.000000
vt 0.000000 0.851064
vt 0.998987 0.504118
vt 0.998987 0.652658
vt 0.001647 0.652658
vt 0.001647 0.504118
vt 0.980127 0.103062
vt 0.949641 0.115757
vt 0.949641 0.103062
vt 0.958243 0.103062
vt 0.988729 0.103062
vt 0.988729 0.115757
vt 0.942399 0.062186
vt 0.995971 0.062186
vt 0.995971 0.076013
vt 0.980127 0.076013
vt 0.958243 0.076013
vt 0.942399 0.076013
vt 0.000000 0.062150
vt 0.000000 0.048121
vt 0.905875 0.048121
vt 0.905875 0.062150
vt 0.980908 0.014240
vt 0.959024 0.014240
vt 0.943180 0.014240
vt 0.943180 0.000413
vt 0.996752 0.000413
vt 0.996752 0.014240
vt 0.000000 0.048121
vt 0.000000 0.034093
vt 0.905875 0.034093
vt 0.905875 0.048121
vt 0.000200 0.259595
vt 0.000200 0.219937
vt 0.906075 0.219937
vt 0.906075 0.259595
vt 0.905753 0.210448
vt -0.000122 0.210448
vt -0.000122 0.156096
vt 0.905753 0.156096
vt 0.905875 0.121202
vt 0.000000 0.121202
vt 0.000000 0.093759
vt 0.905875 0.093759
vt 0.905875 0.025761
vt 0.000000 0.025761
vt 0.000000 0.012881
vt 0.905875 0.012881
vt 0.906387 0.330358
vt 0.000512 0.330358
vt 0.000512 0.321630
vt 0.906387 0.321630
vt 0.000200 0.296828
vt 0.906075 0.296828
vt 0.906075 0.312903
vt 0.000200 0.312903
vt 0.905875 0.089593
vt 0.000000 0.089593
vt 0.000000 0.062150
vt 0.905875 0.062150
vt 0.905875 0.012881
vt 0.000000 0.012881
vt 0.000000 0.000000
vt 0.905875 0.000000
vt 0.906387 0.321630
vt 0.000512 0.321630
vt 0.000512 0.312903
vt 0.906387 0.312903
vt 0.000200 0.281378
vt 0.906075 0.281378
vt 0.906075 0.297453
vt 0.000200 0.297453
vt 0.949641 0.103062
vt 0.949641 0.115757
vt 0.980127 0.103062
vt 0.958243 0.103062
vt 0.988729 0.115757
vt 0.988729 0.103062
vt 0.995971 0.076013
vt 0.995971 0.062186
vt 0.958243 0.076013
vt 0.980127 0.076013
vt 0.942399 0.062186
vt 0.942399 0.076013
vt 0.905875 0.048121
vt 0.000000 0.048121
vt 0.000000 0.062150
vt 0.905875 0.062150
vt 0.950422 0.041289
vt 0.950422 0.053985
vt 0.980908 0.041289
vt 0.959024 0.041289
vt 0.989510 0.053985
vt 0.989510 0.041289
vt 0.905875 0.034093
vt 0.000000 0.034093
vt 0.000000 0.048121
vt 0.905875 0.048121
vt 0.906075 0.219937
vt 0.000200 0.219937
vt 0.000200 0.259595
vt 0.906075 0.259595
vt -0.000122 0.156096
vt -0.000122 0.210448
vt 0.905753 0.210448
vt 0.905753 0.156096
vt 0.000000 0.093759
vt 0.000000 0.121202
vt 0.905875 0.121202
vt 0.905875 0.093759
vt 0.000000 0.012881
vt 0.000000 0.025761
vt 0.905875 0.025761
vt 0.905875 0.012881
vt 0.000512 0.321630
vt 0.000512 0.330358
vt 0.906387 0.330358
vt 0.906387 0.321630
vt 0.906075 0.312903
vt 0.906075 0.296828
vt 0.000200 0.296828
vt 0.000200 0.312903
vt 0.000000 0.062150
vt 0.000000 0.089593
vt 0.905875 0.089593
vt 0.905875 0.062150
vt 0.000000 0.000000
vt 0.000000 0.012881
vt 0.905875 0.012881
vt 0.905875 0.000000
vt 0.000512 0.312903
vt 0.000512 0.321630
vt 0.906387 0.321630
vt 0.906387 0.312903
vt 0.906075 0.297453
vt 0.906075 0.281378
vt 0.000200 0.281378
vt 0.000200 0.297453
vt 0.999050 0.183297
vt 0.999050 0.342604
vt 0.939310 0.342604
vt 0.939310 0.183297
vt 0.999050 0.183297
vt 0.999050 0.342604
vt 0.939310 0.342604
vt 0.939310 0.183297
vt 0.999050 0.183297
vt 0.999050 0.342604
vt 0.939310 0.342604
vt 0.939310 0.183297
vt 0.999050 0.183297
vt 0.999050 0.342604
vt 0.939310 0.342604
vt 0.939310 0.183297
vt 0.985655 0.132863
vt 0.985655 0.179437
vt 0.939081 0.179437
vt 0.939081 0.132863
vt 0.939310 0.342604
vt 0.999050 0.342604
vt 0.999050 0.183297
vt 0.939310 0.183297
vt 0.939310 0.342604
vt 0.999050 0.342604
vt 0.999050 0.183297
vt 0.939310 0.183297
vt 0.939310 0.342604
vt 0.999050 0.342604
vt 0.999050 0.183297
vt 0.939310 0.183297
vt 0.939310 0.342604
vt 0.999050 0.342604
vt 0.999050 0.183297
vt 0.939310 0.183297
vt 0.939081 0.179437
vt 0.985655 0.179437
vt 0.985655 0.132863
vt 0.939081 0.132863
vt 0.979692 0.781451
vt 0.979692 0.844034
vt -0.000781 0.844034
vt -0.000781 0.781451
vt 0.145247 0.656284
vt 0.145247 0.718868
vt -0.000781 0.718868
vt -0.000781 0.656284
vt 0.979692 0.718868
vt 0.979692 0.781451
vt -0.000781 0.781451
vt -0.000781 0.718868
vt 0.302823 0.656284
vt 0.302823 0.718868
vt 0.156795 0.718868
vt 0.156795 0.656284
vt 1.000000 0.851064
vt 1.000000 1.000000
vt 0.000000 1.000000
vt 0.000000 0.851064
vt 0.998987 0.504118
vt 0.998987 0.652658
vt 0.001647 0.652658
vt 0.001647 0.504118
vt 0.980127 0.103062
vt 0.949641 0.115757
vt 0.949641 0.103062
vt 0.958243 0.103062
vt 0.988729 0.103062
vt 0.988729 0.115757
vt 0.942399 0.062186
vt 0.995971 0.062186
vt 0.995971 0.076013
vt 0.980127 0.076013
vt 0.958243 0.076013
vt 0.942399 0.076013
vt 0.000000 0.062150
vt 0.000000 0.048121
vt 0.905875 0.048121
vt 0.905875 0.062150
vt 0.980908 0.014240
vt 0.959024 0.014240
vt 0.943180 0.014240
vt 0.943180 0.000413
vt 0.996752 0.000413
vt 0.996752 0.014240
vt 0.000000 0.048121
vt 0.000000 0.034093
vt 0.905875 0.034093
vt 0.905875 0.048121
vt 0.000200 0.259595
vt 0.000200 0.219937
vt 0.906075 0.219937
vt 0.906075 0.259595
vt 0.905753 0.210448
vt -0.000122 0.210448
vt -0.000122 0.156096
vt 0.905753 0.156096
vt 0.905875 0.121202
vt 0.000000 0.121202
vt 0.000000 0.093759
vt 0.905875 0.093759
vt 0.905875 0.025761
vt 0.000000 0.025761
vt 0.000000 0.012881
vt 0.905875 0.012881
vt 0.906387 0.330358
vt 0.000512 0.330358
vt 0.000512 0.321630
vt 0.906387 0.321630
vt 0.000200 0.296828
vt 0.906075 0.296828
vt 0.906075 0.312903
vt 0.000200 0.312903
vt 0.905875 0.089593
vt 0.000000 0.089593
vt 0.000000 0.062150
vt 0.905875 0.062150
vt 0.905875 0.012881
vt 0.000000 0.012881
vt 0.000000 0.000000
vt 0.905875 0.000000
vt 0.906387 0.321630
vt 0.000512 0.321630
vt 0.000512 0.312903
vt 0.906387 0.312903
vt 0.000200 0.281378
vt 0.906075 0.281378
vt 0.906075 0.297453
vt 0.000200 0.297453
vt 0.949641 0.103062
vt 0.949641 0.115757
vt 0.980127 0.103062
vt 0.958243 0.103062
vt 0.988729 0.115757
vt 0.988729 0.103062
vt 0.995971 0.076013
vt 0.995971 0.062186
vt 0.958243 0.076013
vt 0.980127 0.076013
vt 0.942399 0.062186
vt 0.942399 0.076013
vt 0.905875 0.048121
vt 0.000000 0.048121
vt 0.000000 0.062150
vt 0.905875 0.062150
vt 0.950422 0.041289
vt 0.950422 0.053985
vt 0.980908 0.041289
vt 0.959024 0.041289
vt 0.989510 0.053985
vt 0.989510 0.041289
vt 0.905875 0.034093
vt 0.000000 0.034093
vt 0.000000 0.048121
vt 0.905875 0.048121
vt 0.906075 0.219937
vt 0.000200 0.219937
vt 0.000200 0.259595
vt 0.906075 0.259595
vt -0.000122 0.156096
vt -0.000122 0.210448
vt 0.905753 0.210448
vt 0.905753 0.156096
vt 0.000000 0.093759
vt 0.000000 0.121202
vt 0.905875 0.121202
vt 0.905875 0.093759
vt 0.000000 0.012881
vt 0.000000 0.025761
vt 0.905875 0.025761
vt 0.905875 0.012881
vt 0.000512 0.321630
vt 0.000512 0.330358
vt 0.906387 0.330358
vt 0.906387 0.321630
vt 0.906075 0.312903
vt 0.906075 0.296828
vt 0.000200 0.296828
vt 0.000200 0.312903
vt 0.000000 0.062150
vt 0.000000 0.089593
vt 0.905875 0.089593
vt 0.905875 0.062150
vt 0.000000 0.000000
vt 0.000000 0.012881
vt 0.905875 0.012881
vt 0.905875 0.000000
vt 0.000512 0.312903
vt 0.000512 0.321630
vt 0.906387 0.321630
vt 0.906387 0.312903
vt 0.906075 0.297453
vt 0.906075 0.281378
vt 0.000200 0.281378
vt 0.000200 0.297453
vt 0.999050 0.183297
vt 0.999050 0.342604
vt 0.939310 0.342604
vt 0.939310 0.183297
vt 0.999050 0.183297
vt 0.999050 0.342604
vt 0.939310 0.342604
vt 0.939310 0.183297
vt 0.999050 0.183297
vt 0.999050 0.342604
vt 0.939310 0.342604
vt 0.939310 0.183297
vt 0.999050 0.183297
vt 0.999050 0.342604
vt 0.939310 0.342604
vt 0.939310 0.183297
vt 0.985655 0.132863
vt 0.985655 0.179437
vt 0.939081 0.179437
vt 0.939081 0.132863
vt 0.939310 0.342604
vt 0.999050 0.342604
vt 0.999050 0.183297
vt 0.939310 0.183297
vt 0.939310 0.342604
vt 0.999050 0.342604
vt 0.999050 0.183297
vt 0.939310 0.183297
vt 0.939310 0.342604
vt 0.999050 0.342604
vt 0.999050 0.183297
vt 0.939310 0.183297
vt 0.939310 0.342604
vt 0.999050 0.342604
vt 0.999050 0.183297
vt 0.939310 0.183297
vt 0.939081 0.179437
vt 0.985655 0.179437
vt 0.985655 0.132863
vt 0.939081 0.132863
vt 0.979692 0.781451
vt 0.979692 0.844034
vt -0.000781 0.844034
vt -0.000781 0.781451
vt 0.145247 0.656284
vt 0.145247 0.718868
vt -0.000781 0.718868
vt -0.000781 0.656284
vt 0.979692 0.718868
vt 0.979692 0.781451
vt -0.000781 0.781451
vt -0.000781 0.718868
vt 0.302823 0.656284
vt 0.302823 0.718868
vt 0.156795 0.718868
vt 0.156795 0.656284
vt 1.000000 0.851064
vt 1.000000 1.000000
vt 0.000000 1.000000
vt 0.000000 0.851064
vt 0.998987 0.504118
vt 0.998987 0.652658
vt 0.001647 0.652658
vt 0.001647 0.504118
vt 0.980127 0.103062
vt 0.949641 0.115757
vt 0.949641 0.103062
vt 0.958243 0.103062
vt 0.988729 0.103062
vt 0.988729 0.115757
vt 0.942399 0.062186
vt 0.995971 0.062186
vt 0.995971 0.076013
vt 0.980127 0.076013
vt 0.958243 0.076013
vt 0.942399 0.076013
vt 0.000000 0.062150
vt 0.000000 0.048121
vt 0.905875 0.048121
vt 0.905875 0.062150
vt 0.980908 0.014240
vt 0.959024 0.014240
vt 0.943180 0.014240
vt 0.943180 0.000413
vt 0.996752 0.000413
vt 0.996752 0.014240
vt 0.000000 0.048121
vt 0.000000 0.034093
vt 0.905875 0.034093
vt 0.905875 0.048121
vt 0.000200 0.259595
vt 0.000200 0.219937
vt 0.906075 0.219937
vt 0.906075 0.259595
vt 0.905753 0.210448
vt -0.000122 0.210448
vt -0.000122 0.156096
vt 0.905753 0.156096
vt 0.905875 0.121202
vt 0.000000 0.121202
vt 0.000000 0.093759
vt 0.905875 0.093759
vt 0.905875 0.025761
vt 0.000000 0.025761
vt 0.000000 0.012881
vt 0.905875 0.012881
vt 0.906387 0.330358
vt 0.000512 0.330358
vt 0.000512 0.321630
vt 0.906387 0.321630
vt 0.000200 0.296828
vt 0.906075 0.296828
vt 0.906075 0.312903
vt 0.000200 0.312903
vt 0.905875 0.089593
vt 0.000000 0.089593
vt 0.000000 0.062150
vt 0.905875 0.062150
vt 0.905875 0.012881
vt 0.000000 0.012881
vt 0.000000 0.000000
vt 0.905875 0.000000
vt 0.906387 0.321630
vt 0.000512 0.321630
vt 0.000512 0.312903
vt 0.906387 0.312903
vt 0.000200 0.281378
vt 0.906075 0.281378
vt 0.906075 0.297453
vt 0.000200 0.297453
vt 0.949641 0.103062
vt 0.949641 0.115757
vt 0.980127 0.103062
vt 0.958243 0.103062
vt 0.988729 0.115757
vt 0.988729 0.103062
vt 0.995971 0.076013
vt 0.995971 0.062186
vt 0.958243 0.076013
vt 0.980127 0.076013
vt 0.942399 0.062186
vt 0.942399 0.076013
vt 0.905875 0.048121
vt 0.000000 0.048121
vt 0.000000 0.062150
vt 0.905875 0.062150
vt 0.950422 0.041289
vt 0.950422 0.053985
vt 0.980908 0.041289
vt 0.959024 0.041289
vt 0.989510 0.053985
vt 0.989510 0.041289
vt 0.905875 0.034093
vt 0.000000 0.034093
vt 0.000000 0.048121
vt 0.905875 0.048121
vt 0.906075 0.219937
vt 0.000200 0.219937
vt 0.000200 0.259595
vt 0.906075 0.259595
vt -0.000122 0.156096
vt -0.000122 0.210448
vt 0.905753 0.210448
vt 0.905753 0.156096
vt 0.000000 0.093759
vt 0.000000 0.121202
vt 0.905875 0.121202
vt 0.905875 0.093759
vt 0.000000 0.012881
vt 0.000000 0.025761
vt 0.905875 0.025761
vt 0.905875 0.012881
vt 0.000512 0.321630
vt 0.000512 0.330358
vt 0.906387 0.330358
vt 0.906387 0.321630
vt 0.906075 0.312903
vt 0.906075 0.296828
vt 0.000200 0.296828
vt 0.000200 0.312903
vt 0.000000 0.062150
vt 0.000000 0.089593
vt 0.905875 0.089593
vt 0.905875 0.062150
vt 0.000000 0.000000
vt 0.000000 0.012881
vt 0.905875 0.012881
vt 0.905875 0.000000
vt 0.000512 0.312903
vt 0.000512 0.321630
vt 0.906387 0.321630
vt 0.906387 0.312903
vt 0.906075 0.297453
vt 0.906075 0.281378
vt 0.000200 0.281378
vt 0.000200 0.297453
vt 0.999050 0.183297
vt 0.999050 0.342604
vt 0.939310 0.342604
vt 0.939310 0.183297
vt 0.999050 0.183297
vt 0.999050 0.342604
vt 0.939310 0.342604
vt 0.939310 0.183297
vt 0.999050 0.183297
vt 0.999050 0.342604
vt 0.939310 0.342604
vt 0.939310 0.183297
vt 0.999050 0.183297
vt 0.999050 0.342604
vt 0.939310 0.342604
vt 0.939310 0.183297
vt 0.985655 0.132863
vt 0.985655 0.179437
vt 0.939081 0.179437
vt 0.939081 0.132863
vt 0.939310 0.342604
vt 0.999050 0.342604
vt 0.999050 0.183297
vt 0.939310 0.183297
vt 0.939310 0.342604
vt 0.999050 0.342604
vt 0.999050 0.183297
vt 0.939310 0.183297
vt 0.939310 0.342604
vt 0.999050 0.342604
vt 0.999050 0.183297
vt 0.939310 0.183297
vt 0.939310 0.342604
vt 0.999050 0.342604
vt 0.999050 0.183297
vt 0.939310 0.183297
vt 0.939081 0.179437
vt 0.985655 0.179437
vt 0.985655 0.132863
vt 0.939081 0.132863
vt 0.979692 0.781451
vt 0.979692 0.844034
vt -0.000781 0.844034
vt -0.000781 0.781451
vt 0.145247 0.656284
vt 0.145247 0.718868
vt -0.000781 0.718868
vt -0.000781 0.656284
vt 0.979692 0.718868
vt 0.979692 0.781451
vt -0.000781 0.781451
vt -0.000781 0.718868
vt 0.302823 0.656284
vt 0.302823 0.718868
vt 0.156795 0.718868
vt 0.156795 0.656284
vt 1.000000 0.851064
vt 1.000000 1.000000
vt 0.000000 1.000000
vt 0.000000 0.851064
vt 0.998987 0.504118
vt 0.998987 0.652658
vt 0.001647 0.652658
vt 0.001647 0.504118
vt 0.980127 0.103062
vt 0.949641 0.115757
vt 0.949641 0.103062
vt 0.958243 0.103062
vt 0.988729 0.103062
vt 0.988729 0.115757
vt 0.942399 0.062186
vt 0.995971 0.062186
vt 0.995971 0.076013
vt 0.980127 0.076013
vt 0.958243 0.076013
vt 0.942399 0.076013
vt 0.000000 0.062150
vt 0.000000 0.048121
vt 0.905875 0.048121
vt 0.905875 0.062150
vt 0.980908 0.014240
vt 0.959024 0.014240
vt 0.943180 0.014240
vt 0.943180 0.000413
vt 0.996752 0.000413
vt 0.996752 0.014240
vt 0.000000 0.048121
vt 0.000000 0.034093
vt 0.905875 0.034093
vt 0.905875 0.048121
vt 0.000200 0.259595
vt 0.000200 0.219937
vt 0.906075 0.219937
vt 0.906075 0.259595
vt 0.905753 0.210448
vt -0.000122 0.210448
vt -0.000122 0.156096
vt 0.905753 0.156096
vt 0.905875 0.121202
vt 0.000000 0.121202
vt 0.000000 0.093759
vt 0.905875 0.093759
vt 0.905875 0.025761
vt 0.000000 0.025761
vt 0.000000 0.012881
vt 0.905875 0.012881
vt 0.906387 0.330358
vt 0.000512 0.330358
vt 0.000512 0.321630
vt 0.906387 0.321630
vt 0.000200 0.296828
vt 0.906075 0.296828
vt 0.906075 0.312903
vt 0.000200 0.312903
vt 0.905875 0.089593
vt 0.000000 0.089593
vt 0.000000 0.062150
vt 0.905875 0.062150
vt 0.905875 0.012881
vt 0.000000 0.012881
vt 0.000000 0.000000
vt 0.905875 0.000000
vt 0.906387 0.321630
vt 0.000512 0.321630
vt 0.000512 0.312903
vt 0.906387 0.312903
vt 0.000200 0.281378
vt 0.906075 0.281378
vt 0.906075 0.297453
vt 0.000200 0.297453
vt 0.949641 0.103062
vt 0.949641 0.115757
vt 0.980127 0.103062
vt 0.958243 0.103062
vt 0.988729 0.115757
vt 0.988729 0.103062
vt 0.995971 0.076013
vt 0.995971 0.062186
vt 0.958243 0.076013
vt 0.980127 0.076013
vt 0.942399 0.062186
vt 0.942399 0.076013
vt 0.905875 0.048121
vt 0.000000 0.048121
vt 0.000000 0.062150
vt 0.905875 0.062150
vt 0.950422 0.041289
vt 0.950422 0.053985
vt 0.980908 0.041289
vt 0.959024 0.041289
vt 0.989510 0.053985
vt 0.989510 0.041289
vt 0.905875 0.034093
vt 0.000000 0.034093
vt 0.000000 0.048121
vt 0.905875 0.048121
vt 0.906075 0.219937
vt 0.000200 0.219937
vt 0.000200 0.259595
vt 0.906075 0.259595
vt -0.000122 0.156096
vt -0.000122 0.210448
vt 0.905753 0.210448
vt 0.905753 0.156096
vt 0.000000 0.093759
vt 0.000000 0.121202
vt 0.905875 0.121202
vt 0.905875 0.093759
vt 0.000000 0.012881
vt 0.000000 0.025761
vt 0.905875 0.025761
vt 0.905875 0.012881
vt 0.000512 0.321630
vt 0.000512 0.330358
vt 0.906387 0.330358
vt 0.906387 0.321630
vt 0.906075 0.312903
vt 0.906075 0.296828
vt 0.000200 0.296828
vt 0.000200 0.312903
vt 0.000000 0.062150
vt 0.000000 0.089593
vt 0.905875 0.089593
vt 0.905875 0.062150
vt 0.000000 0.000000
vt 0.000000 0.012881
vt 0.905875 0.012881
vt 0.905875 0.000000
vt 0.000512 0.312903
vt 0.000512 0.321630
vt 0.906387 0.321630
vt 0.906387 0.312903
vt 0.906075 0.297453
vt 0.906075 0.281378
vt 0.000200 0.281378
vt 0.000200 0.297453
vt 0.999050 0.183297
vt 0.999050 0.342604
vt 0.939310 0.342604
vt 0.939310 0.183297
vt 0.999050 0.183297
vt 0.999050 0.342604
vt 0.939310 0.342604
vt 0.939310 0.183297
vt 0.999050 0.183297
vt 0.999050 0.342604
vt 0.939310 0.342604
vt 0.939310 0.183297
vt 0.999050 0.183297
vt 0.999050 0.342604
vt 0.939310 0.342604
vt 0.939310 0.183297
vt 0.985655 0.132863
vt 0.985655 0.179437
vt 0.939081 0.179437
vt 0.939081 0.132863
vt 0.939310 0.342604
vt 0.999050 0.342604
vt 0.999050 0.183297
vt 0.939310 0.183297
vt 0.939310 0.342604
vt 0.999050 0.342604
vt 0.999050 0.183297
vt 0.939310 0.183297
vt 0.939310 0.342604
vt 0.999050 0.342604
vt 0.999050 0.183297
vt 0.939310 0.183297
vt 0.939310 0.342604
vt 0.999050 0.342604
vt 0.999050 0.183297
vt 0.939310 0.183297
vt 0.939081 0.179437
vt 0.985655 0.179437
vt 0.985655 0.132863
vt 0.939081 0.132863
vt 0.979692 0.781451
vt 0.979692 0.844034
vt -0.000781 0.844034
vt -0.000781 0.781451
vt 0.145247 0.656284
vt 0.145247 0.718868
vt -0.000781 0.718868
vt -0.000781 0.656284
vt 0.979692 0.718868
vt 0.979692 0.781451
vt -0.000781 0.781451
vt -0.000781 0.718868
vt 0.302823 0.656284
vt 0.302823 0.718868
vt 0.156795 0.718868
vt 0.156795 0.656284
vt 1.000000 0.851064
vt 1.000000 1.000000
vt 0.000000 1.000000
vt 0.000000 0.851064
vt 0.998987 0.504118
vt 0.998987 0.652658
vt 0.001647 0.652658
vt 0.001647 0.504118
vt 0.980127 0.103062
vt 0.949641 0.115757
vt 0.949641 0.103062
vt 0.958243 0.103062
vt 0.988729 0.103062
vt 0.988729 0.115757
vt 0.942399 0.062186
vt 0.995971 0.062186
vt 0.995971 0.076013
vt 0.980127 0.076013
vt 0.958243 0.076013
vt 0.942399 0.076013
vt 0.000000 0.062150
vt 0.000000 0.048121
vt 0.905875 0.048121
vt 0.905875 0.062150
vt 0.980908 0.014240
vt 0.959024 0.014240
vt 0.943180 0.014240
vt 0.943180 0.000413
vt 0.996752 0.000413
vt 0.996752 0.014240
vt 0.000000 0.048121
vt 0.000000 0.034093
vt 0.905875 0.034093
vt 0.905875 0.048121
vt 0.000200 0.259595
vt 0.000200 0.219937
vt 0.906075 0.219937
vt 0.906075 0.259595
vt 0.905753 0.210448
vt -0.000122 0.210448
vt -0.000122 0.156096
vt 0.905753 0.156096
vt 0.905875 0.121202
vt 0.000000 0.121202
vt 0.000000 0.093759
vt 0.905875 0.093759
vt 0.905875 0.025761
vt 0.000000 0.025761
vt 0.000000 0.012881
vt 0.905875 0.012881
vt 0.906387 0.330358
vt 0.000512 0.330358
vt 0.000512 0.321630
vt 0.906387 0.321630
vt 0.000200 0.296828
vt 0.906075 0.296828
vt 0.906075 0.312903
vt 0.000200 0.312903
vt 0.905875 0.089593
vt 0.000000 0.089593
vt 0.000000 0.062150
vt 0.905875 0.062150
vt 0.905875 0.012881
vt 0.000000 0.012881
vt 0.000000 0.000000
vt 0.905875 0.000000
vt 0.906387 0.321630
vt 0.000512 0.321630
vt 0.000512 0.312903
vt 0.906387 0.312903
vt 0.000200 0.281378
vt 0.906075 0.281378
vt 0.906075 0.297453
vt 0.000200 0.297453
vt 0.949641 0.103062
vt 0.949641 0.115757
vt 0.980127 0.103062
vt 0.958243 0.103062
vt 0.988729 0.115757
vt 0.988729 0.103062
vt 0.995971 0.076013
vt 0.995971 0.062186
vt 0.958243 0.076013
vt 0.980127 0.076013
vt 0.942399 0.062186
vt 0.942399 0.076013
vt 0.905875 0.048121
vt 0.000000 0.048121
vt 0.000000 0.062150
vt 0.905875 0.062150
vt 0.950422 0.041289
vt 0.950422 0.053985
vt 0.980908 0.041289
vt 0.959024 0.041289
vt 0.989510 0.053985
vt 0.989510 0.041289
vt 0.905875 0.034093
vt 0.000000 0.034093
vt 0.000000 0.048121
vt 0.905875 0.048121
vt 0.906075 0.219937
vt 0.000200 0.219937
vt 0.000200 0.259595
vt 0.906075 0.259595
vt -0.000122 0.156096
vt -0.000122 0.210448
vt 0.905753 0.210448
vt 0.905753 0.156096
vt 0.000000 0.093759
vt 0.000000 0.121202
vt 0.905875 0.121202
vt 0.905875 0.093759
vt 0.000000 0.012881
vt 0.000000 0.025761
vt 0.905875 0.025761
vt 0.905875 0.012881
vt 0.000512 0.321630
vt 0.000512 0.330358
vt 0.906387 0.330358
vt 0.906387 0.321630
vt 0.906075 0.312903
vt 0.906075 0.296828
vt 0.000200 0.296828
vt 0.000200 0.312903
vt 0.000000 0.062150
vt 0.000000 0.089593
vt 0.905875 0.089593
vt 0.905875 0.062150
vt 0.000000 0.000000
vt 0.000000 0.012881
vt 0.905875 0.012881
vt 0.905875 0.000000
vt 0.000512 0.312903
vt 0.000512 0.321630
vt 0.906387 0.321630
vt 0.906387 0.312903
vt 0.906075 0.297453
vt 0.906075 0.281378
vt 0.000200 0.281378
vt 0.000200 0.297453
vt 0.999050 0.183297
vt 0.999050 0.342604
vt 0.939310 0.342604
vt 0.939310 0.183297
vt 0.999050 0.183297
vt 0.999050 0.342604
vt 0.939310 0.342604
vt 0.939310 0.183297
vt 0.999050 0.183297
vt 0.999050 0.342604
vt 0.939310 0.342604
vt 0.939310 0.183297
vt 0.999050 0.183297
vt 0.999050 0.342604
vt 0.939310 0.342604
vt 0.939310 0.183297
vt 0.985655 0.132863
vt 0.985655 0.179437
vt 0.939081 0.179437
vt 0.939081 0.132863
vt 0.939310 0.342604
vt 0.999050 0.342604
vt 0.999050 0.183297
vt 0.939310 0.183297
vt 0.939310 0.342604
vt 0.999050 0.342604
vt 0.999050 0.183297
vt 0.939310 0.183297
vt 0.939310 0.342604
vt 0.999050 0.342604
vt 0.999050 0.183297
vt 0.939310 0.183297
vt 0.939310 0.342604
vt 0.999050 0.342604
vt 0.999050 0.183297
vt 0.939310 0.183297
vt 0.939081 0.179437
vt 0.985655 0.179437
vt 0.985655 0.132863
vt 0.939081 0.132863
vt 0.979692 0.781451
vt 0.979692 0.844034
vt -0.000781 0.844034
vt -0.000781 0.781451
vt 0.145247 0.656284
vt 0.145247 0.718868
vt -0.000781 0.718868
vt -0.000781 0.656284
vt 0.979692 0.718868
vt 0.979692 0.781451
vt -0.000781 0.781451
vt -0.000781 0.718868
vt 0.302823 0.656284
vt 0.302823 0.718868
vt 0.156795 0.718868
vt 0.156795 0.656284
vt 1.000000 0.851064
vt 1.000000 1.000000
vt 0.000000 1.000000
vt 0.000000 0.851064
vt 0.998987 0.504118
vt 0.998987 0.652658
vt 0.001647 0.652658
vt 0.001647 0.504118
vt 0.980127 0.103062
vt 0.949641 0.115757
vt 0.949641 0.103062
vt 0.958243 0.103062
vt 0.988729 0.103062
vt 0.988729 0.115757
vt 0.942399 0.062186
vt 0.995971 0.062186
vt 0.995971 0.076013
vt 0.980127 0.076013
vt 0.958243 0.076013
vt 0.942399 0.076013
vt 0.000000 0.062150
vt 0.000000 0.048121
vt 0.905875 0.048121
vt 0.905875 0.062150
vt 0.980908 0.014240
vt 0.959024 0.014240
vt 0.943180 0.014240
vt 0.943180 0.000413
vt 0.996752 0.000413
vt 0.996752 0.014240
vt 0.000000 0.048121
vt 0.000000 0.034093
vt 0.905875 0.034093
vt 0.905875 0.048121
vt 0.000200 0.259595
vt 0.000200 0.219937
vt 0.906075 0.219937
vt 0.906075 0.259595
vt 0.905753 0.210448
vt -0.000122 0.210448
vt -0.000122 0.156096
vt 0.905753 0.156096
vt 0.905875 0.121202
vt 0.000000 0.121202
vt 0.000000 0.093759
vt 0.905875 0.093759
vt 0.905875 0.025761
vt 0.000000 0.025761
vt 0.000000 0.012881
vt 0.905875 0.012881
vt 0.906387 0.330358
vt 0.000512 0.330358
vt 0.000512 0.321630
vt 0.906387 0.321630
vt 0.000200 0.296828
vt 0.906075 0.296828
vt 0.906075 0.312903
vt 0.000200 0.312903
vt 0.905875 0.089593
vt 0.000000 0.089593
vt 0.000000 0.062150
vt 0.905875 0.062150
vt 0.905875 0.012881
vt 0.000000 0.012881
vt 0.000000 0.000000
vt 0.905875 0.000000
vt 0.906387 0.321630
vt 0.000512 0.321630
vt 0.000512 0.312903
vt 0.906387 0.312903
vt 0.000200 0.281378
vt 0.906075 0.281378
vt 0.906075 0.297453
vt 0.000200 0.297453
vt 0.949641 0.103062
vt 0.949641 0.115757
vt 0.980127 0.103062
vt 0.958243 0.103062
vt 0.988729 0.115757
vt 0.988729 0.103062
vt 0.995971 0.076013
vt 0.995971 0.062186
vt 0.958243 0.076013
vt 0.980127 0.076013
vt 0.942399 0.062186
vt 0.942399 0.076013
vt 0.905875 0.048121
vt 0.000000 0.048121
vt 0.000000 0.062150
vt 0.905875 0.062150
vt 0.950422 0.041289
vt 0.950422 0.053985
vt 0.980908 0.041289
vt 0.959024 0.041289
vt 0.989510 0.053985
vt 0.989510 0.041289
vt 0.905875 0.034093
vt 0.000000 0.034093
vt 0.000000 0.048121
vt 0.905875 0.048121
vt 0.906075 0.219937
vt 0.000200 0.219937
vt 0.000200 0.259595
vt 0.906075 0.259595
vt -0.000122 0.156096
vt -0.000122 0.210448
vt 0.905753 0.210448
vt 0.905753 0.156096
vt 0.000000 0.093759
vt 0.000000 0.121202
vt 0.905875 0.121202
vt 0.905875 0.093759
vt 0.000000 0.012881
vt 0.000000 0.025761
vt 0.905875 0.025761
vt 0.905875 0.012881
vt 0.000512 0.321630
vt 0.000512 0.330358
vt 0.906387 0.330358
vt 0.906387 0.321630
vt 0.906075 0.312903
vt 0.906075 0.296828
vt 0.000200 0.296828
vt 0.000200 0.312903
vt 0.000000 0.062150
vt 0.000000 0.089593
vt 0.905875 0.089593
vt 0.905875 0.062150
vt 0.000000 0.000000
vt 0.000000 0.012881
vt 0.905875 0.012881
vt 0.905875 0.000000
vt 0.000512 0.312903
vt 0.000512 0.321630
vt 0.906387 0.321630
vt 0.906387 0.312903
vt 0.906075 0.297453
vt 0.906075 0.281378
vt 0.000200 0.281378
vt 0.000200 0.297453
vt 0.999050 0.183297
vt 0.999050 0.342604
vt 0.939310 0.342604
vt 0.939310 0.183297
vt 0.999050 0.183297
vt 0.999050 0.342604
vt 0.939310 0.342604
vt 0.939310 0.183297
vt 0.999050 0.183297
vt 0.999050 0.342604
vt 0.939310 0.342604
vt 0.939310 0.183297
vt 0.999050 0.183297
vt 0.999050 0.342604
vt 0.939310 0.342604
vt 0.939310 0.183297
vt 0.985655 0.132863
vt 0.985655 0.179437
vt 0.939081 0.179437
vt 0.939081 0.132863
vt 0.939310 0.342604
vt 0.999050 0.342604
vt 0.999050 0.183297
vt 0.939310 0.183297
vt 0.939310 0.342604
vt 0.999050 0.342604
vt 0.999050 0.183297
vt 0.939310 0.183297
vt 0.939310 0.342604
vt 0.999050 0.342604
vt 0.999050 0.183297
vt 0.939310 0.183297
vt 0.939310 0.342604
vt 0.999050 0.342604
vt 0.999050 0.183297
vt 0.939310 0.183297
vt 0.939081 0.179437
vt 0.985655 0.179437
vt 0.985655 0.132863
vt 0.939081 0.132863
vt 0.979692 0.781451
vt 0.979692 0.844034
vt -0.000781 0.844034
vt -0.000781 0.781451
vt 0.145247 0.656284
vt 0.145247 0.718868
vt -0.000781 0.718868
vt -0.000781 0.656284
vt 0.979692 0.718868
vt 0.979692 0.781451
vt -0.000781 0.781451
vt -0.000781 0.718868
vt 0.302823 0.656284
vt 0.302823 0.718868
vt 0.156795 0.718868
vt 0.156795 0.656284
vt 1.000000 0.851064
vt 1.000000 1.000000
vt 0.000000 1.000000
vt 0.000000 0.851064
vt 0.998987 0.504118
vt 0.998987 0.652658
vt 0.001647 0.652658
vt 0.001647 0.504118
vt 0.980127 0.103062
vt 0.949641 0.115757
vt 0.949641 0.103062
vt 0.958243 0.103062
vt 0.988729 0.103062
vt 0.988729 0.115757
vt 0.942399 0.062186
vt 0.995971 0.062186
vt 0.995971 0.076013
vt 0.980127 0.076013
vt 0.958243 0.076013
vt 0.942399 0.076013
vt 0.000000 0.062150
vt 0.000000 0.048121
vt 0.905875 0.048121
vt 0.905875 0.062150
vt 0.980908 0.014240
vt 0.959024 0.014240
vt 0.943180 0.014240
vt 0.943180 0.000413
vt 0.996752 0.000413
vt 0.996752 0.014240
vt 0.000000 0.048121
vt 0.000000 0.034093
vt 0.905875 0.034093
vt 0.905875 0.048121
vt 0.000200 0.259595
vt 0.000200 0.219937
vt 0.906075 0.219937
vt 0.906075 0.259595
vt 0.905753 0.210448
vt -0.000122 0.210448
vt -0.000122 0.156096
vt 0.905753 0.156096
vt 0.905875 0.121202
vt 0.000000 0.121202
vt 0.000000 0.093759
vt 0.905875 0.093759
vt 0.905875 0.025761
vt 0.000000 0.025761
vt 0.000000 0.012881
vt 0.905875 0.012881
vt 0.906387 0.330358
vt 0.000512 0.330358
vt 0.000512 0.321630
vt 0.906387 0.321630
vt 0.000200 0.296828
vt 0.906075 0.296828
vt 0.906075 0.312903
vt 0.000200 0.312903
vt 0.905875 0.089593
vt 0.000000 0.089593
vt 0.000000 0.062150
vt 0.905875 0.062150
vt 0.905875 0.012881
vt 0.000000 0.012881
vt 0.000000 0.000000
vt 0.905875 0.000000
vt 0.906387 0.321630
vt 0.000512 0.321630
vt 0.000512 0.312903
vt 0.906387 0.312903
vt 0.000200 0.281378
vt 0.906075 0.281378
vt 0.906075 0.297453
vt 0.000200 0.297453
vt 0.949641 0.103062
vt 0.949641 0.115757
vt 0.980127 0.103062
vt 0.958243 0.103062
vt 0.988729 0.115757
vt 0.988729 0.103062
vt 0.995971 0.076013
vt 0.995971 0.062186
vt 0.958243 0.076013
vt 0.980127 0.076013
vt 0.942399 0.062186
vt 0.942399 0.076013
vt 0.905875 0.048121
vt 0.000000 0.048121
vt 0.000000 0.062150
vt 0.905875 0.062150
vt 0.950422 0.041289
vt 0.950422 0.053985
vt 0.980908 0.041289
vt 0.959024 0.041289
vt 0.989510 0.053985
vt 0.989510 0.041289
vt 0.905875 0.034093
vt 0.000000 0.034093
vt 0.000000 0.048121
vt 0.905875 0.048121
vt 0.906075 0.219937
vt 0.000200 0.219937
vt 0.000200 0.259595
vt 0.906075 0.259595
vt -0.000122 0.156096
vt -0.000122 0.210448
vt 0.905753 0.210448
vt 0.905753 0.156096
vt 0.000000 0.093759
vt 0.000000 0.121202
vt 0.905875 0.121202
vt 0.905875 0.093759
vt 0.000000 0.012881
vt 0.000000 0.025761
vt 0.905875 0.025761
vt 0.905875 0.012881
vt 0.000512 0.321630
vt 0.000512 0.330358
vt 0.906387 0.330358
vt 0.906387 0.321630
vt 0.906075 0.312903
vt 0.906075 0.296828
vt 0.000200 0.296828
vt 0.000200 0.312903
vt 0.000000 0.062150
vt 0.000000 0.089593
vt 0.905875 0.089593
vt 0.905875 0.062150
vt 0.000000 0.000000
vt 0.000000 0.012881
vt 0.905875 0.012881
vt 0.905875 0.000000
vt 0.000512 0.312903
vt 0.000512 0.321630
vt 0.906387 0.321630
vt 0.906387 0.312903
vt 0.906075 0.297453
vt 0.906075 0.281378
vt 0.000200 0.281378
vt 0.000200 0.297453
vt 0.999050 0.183297
vt 0.999050 0.342604
vt 0.939310 0.342604
vt 0.939310 0.183297
vt 0.999050 0.183297
vt 0.999050 0.342604
vt 0.939310 0.342604
vt 0.939310 0.183297
vt 0.999050 0.183297
vt 0.999050 0.342604
vt 0.939310 0.342604
vt 0.939310 0.183297
vt 0.999050 0.183297
vt 0.999050 0.342604
vt 0.939310 0.342604
vt 0.939310 0.183297
vt 0.985655 0.132863
vt 0.985655 0.179437
vt 0.939081 0.179437
vt 0.939081 0.132863
vt 0.939310 0.342604
vt 0.999050 0.342604
vt 0.999050 0.183297
vt 0.939310 0.183297
vt 0.939310 0.342604
vt 0.999050 0.342604
vt 0.999050 0.183297
vt 0.939310 0.183297
vt 0.939310 0.342604
vt 0.999050 0.342604
vt 0.999050 0.183297
vt 0.939310 0.183297
vt 0.939310 0.342604
vt 0.999050 0.342604
vt 0.999050 0.183297
vt 0.939310 0.183297
vt 0.939081 0.179437
vt 0.985655 0.179437
vt 0.985655 0.132863
vt 0.939081 0.132863
vt 0.979692 0.781451
vt 0.979692 0.844034
vt -0.000781 0.844034
vt -0.000781 0.781451
vt 0.145247 0.656284
vt 0.145247 0.718868
vt -0.000781 0.718868
vt -0.000781 0.656284
vt 0.979692 0.718868
vt 0.979692 0.781451
vt -0.000781 0.781451
vt -0.000781 0.718868
vt 0.302823 0.656284
vt 0.302823 0.718868
vt 0.156795 0.718868
vt 0.156795 0.656284
vt 1.000000 0.851064
vt 1.000000 1.000000
vt 0.000000 1.000000
vt 0.000000 0.851064
vt 0.998987 0.504118
vt 0.998987 0.652658
vt 0.001647 0.652658
vt 0.001647 0.504118
vt 0.980127 0.103062
vt 0.949641 0.115757
vt 0.949641 0.103062
vt 0.958243 0.103062
vt 0.988729 0.103062
vt 0.988729 0.115757
vt 0.942399 0.062186
vt 0.995971 0.062186
vt 0.995971 0.076013
vt 0.980127 0.076013
vt 0.958243 0.076013
vt 0.942399 0.076013
vt 0.000000 0.062150
vt 0.000000 0.048121
vt 0.905875 0.048121
vt 0.905875 0.062150
vt 0.980908 0.014240
vt 0.959024 0.014240
vt 0.943180 0.014240
vt 0.943180 0.000413
vt 0.996752 0.000413
vt 0.996752 0.014240
vt 0.000000 0.048121
vt 0.000000 0.034093
vt 0.905875 0.034093
vt 0.905875 0.048121
vt 0.000200 0.259595
vt 0.000200 0.219937
vt 0.906075 0.219937
vt 0.906075 0.259595
vt 0.905753 0.210448
vt -0.000122 0.210448
vt -0.000122 0.156096
vt 0.905753 0.156096
vt 0.905875 0.121202
vt 0.000000 0.121202
vt 0.000000 0.093759
vt 0.905875 0.093759
vt 0.905875 0.025761
vt 0.000000 0.025761
vt 0.000000 0.012881
vt 0.905875 0.012881
vt 0.906387 0.330358
vt 0.000512 0.330358
vt 0.000512 0.321630
vt 0.906387 0.321630
vt 0.000200 0.296828
vt 0.906075 0.296828
vt 0.906075 0.312903
vt 0.000200 0.312903
vt 0.905875 0.089593
vt 0.000000 0.089593
vt 0.000000 0.062150
vt 0.905875 0.062150
vt 0.905875 0.012881
vt 0.000000 0.012881
vt 0.000000 0.000000
vt 0.905875 0.000000
vt 0.906387 0.321630
vt 0.000512 0.321630
vt 0.000512 0.312903
vt 0.906387 0.312903
vt 0.000200 0.281378
vt 0.906075 0.281378
vt 0.906075 0.297453
vt 0.000200 0.297453
vt 0.949641 0.103062
vt 0.949641 0.115757
vt 0.980127 0.103062
vt 0.958243 0.103062
vt 0.988729 0.115757
vt 0.988729 0.103062
vt 0.995971 0.076013
vt 0.995971 0.062186
vt 0.958243 0.076013
vt 0.980127 0.076013
vt 0.942399 0.062186
vt 0.942399 0.076013
vt 0.905875 0.048121
vt 0.000000 0.048121
vt 0.000000 0.062150
vt 0.905875 0.062150
vt 0.950422 0.041289
vt 0.950422 0.053985
vt 0.980908 0.041289
vt 0.959024 0.041289
vt 0.989510 0.053985
vt 0.989510 0.041289
vt 0.905875 0.034093
vt 0.000000 0.034093
vt 0.000000 0.048121
vt 0.905875 0.048121
vt 0.906075 0.219937
vt 0.000200 0.219937
vt 0.000200 0.259595
vt 0.906075 0.259595
vt -0.000122 0.156096
vt -0.000122 0.210448
vt 0.905753 0.210448
vt 0.905753 0.156096
vt 0.000000 0.093759
vt 0.000000 0.121202
vt 0.905875 0.121202
vt 0.905875 0.093759
vt 0.000000 0.012881
vt 0.000000 0.025761
vt 0.905875 0.025761
vt 0.905875 0.012881
vt 0.000512 0.321630
vt 0.000512 0.330358
vt 0.906387 0.330358
vt 0.906387 0.321630
vt 0.906075 0.312903
vt 0.906075 0.296828
vt 0.000200 0.296828
vt 0.000200 0.312903
vt 0.000000 0.062150
vt 0.000000 0.089593
vt 0.905875 0.089593
vt 0.905875 0.062150
vt 0.000000 0.000000
vt 0.000000 0.012881
vt 0.905875 0.012881
vt 0.905875 0.000000
vt 0.000512 0.312903
vt 0.000512 0.321630
vt 0.906387 0.321630
vt 0.906387 0.312903
vt 0.906075 0.297453
vt 0.906075 0.281378
vt 0.000200 0.281378
vt 0.000200 0.297453
vt 0.999050 0.183297
vt 0.999050 0.342604
vt 0.939310 0.342604
vt 0.939310 0.183297
vt 0.999050 0.183297
vt 0.999050 0.342604
vt 0.939310 0.342604
vt 0.939310 0.183297
vt 0.999050 0.183297
vt 0.999050 0.342604
vt 0.939310 0.342604
vt 0.939310 0.183297
vt 0.999050 0.183297
vt 0.999050 0.342604
vt 0.939310 0.342604
vt 0.939310 0.183297
vt 0.985655 0.132863
vt 0.985655 0.179437
vt 0.939081 0.179437
vt 0.939081 0.132863
vt 0.939310 0.342604
vt 0.999050 0.342604
vt 0.999050 0.183297
vt 0.939310 0.183297
vt 0.939310 0.342604
vt 0.999050 0.342604
vt 0.999050 0.183297
vt 0.939310 0.183297
vt 0.939310 0.342604
vt 0.999050 0.342604
vt 0.999050 0.183297
vt 0.939310 0.183297
vt 0.939310 0.342604
vt 0.999050 0.342604
vt 0.999050 0.183297
vt 0.939310 0.183297
vt 0.939081 0.179437
vt 0.985655 0.179437
vt 0.985655 0.132863
vt 0.939081 0.132863
vt 0.979692 0.781451
vt 0.979692 0.844034
vt -0.000781 0.844034
vt -0.000781 0.781451
vt 0.145247 0.656284
vt 0.145247 0.718868
vt -0.000781 0.718868
vt -0.000781 0.656284
vt 0.979692 0.718868
vt 0.979692 0.781451
vt -0.000781 0.781451
vt -0.000781 0.718868
vt 0.302823 0.656284
vt 0.302823 0.718868
vt 0.156795 0.718868
vt 0.156795 0.656284
vt 1.000000 0.851064
vt 1.000000 1.000000
vt 0.000000 1.000000
vt 0.000000 0.851064
vt 0.998987 0.504118
vt 0.998987 0.652658
vt 0.001647 0.652658
vt 0.001647 0.504118
vt 0.980127 0.103062
vt 0.949641 0.115757
vt 0.949641 0.103062
vt 0.958243 0.103062
vt 0.988729 0.103062
vt 0.988729 0.115757
vt 0.942399 0.062186
vt 0.995971 0.062186
vt 0.995971 0.076013
vt 0.980127 0.076013
vt 0.958243 0.076013
vt 0.942399 0.076013
vt 0.000000 0.062150
vt 0.000000 0.048121
vt 0.905875 0.048121
vt 0.905875 0.062150
vt 0.980908 0.014240
vt 0.959024 0.014240
vt 0.943180 0.014240
vt 0.943180 0.000413
vt 0.996752 0.000413
vt 0.996752 0.014240
vt 0.000000 0.048121
vt 0.000000 0.034093
vt 0.905875 0.034093
vt 0.905875 0.048121
vt 0.000200 0.259595
vt 0.000200 0.219937
vt 0.906075 0.219937
vt 0.906075 0.259595
vt 0.905753 0.210448
vt -0.000122 0.210448
vt -0.000122 0.156096
vt 0.905753 0.156096
vt 0.905875 0.121202
vt 0.000000 0.121202
vt 0.000000 0.093759
vt 0.905875 0.093759
vt 0.905875 0.025761
vt 0.000000 0.025761
vt 0.000000 0.012881
vt 0.905875 0.012881
vt 0.906387 0.330358
vt 0.000512 0.330358
vt 0.000512 0.321630
vt 0.906387 0.321630
vt 0.000200 0.296828
vt 0.906075 0.296828
vt 0.906075 0.312903
vt 0.000200 0.312903
vt 0.905875 0.089593
vt 0.000000 0.089593
vt 0.000000 0.062150
vt 0.905875 0.062150
vt 0.905875 0.012881
vt 0.000000 0.012881
vt 0.000000 0.000000
vt 0.905875 0.000000
vt 0.906387 0.321630
vt 0.000512 0.321630
vt 0.000512 0.312903
vt 0.906387 0.312903
vt 0.000200 0.281378
vt 0.906075 0.281378
vt 0.906075 0.297453
vt 0.000200 0.297453
vt 0.949641 0.103062
vt 0.949641 0.115757
vt 0.980127 0.103062
vt 0.958243 0.103062
vt 0.988729 0.115757
vt 0.988729 0.103062
vt 0.995971 0.076013
vt 0.995971 0.062186
vt 0.958243 0.076013
vt 0.980127 0.076013
vt 0.942399 0.062186
vt 0.942399 0.076013
vt 0.905875 0.048121
vt 0.000000 0.048121
vt 0.000000 0.062150
vt 0.905875 0.062150
vt 0.950422 0.041289
vt 0.950422 0.053985
vt 0.980908 0.041289
vt 0.959024 0.041289
vt 0.989510 0.053985
vt 0.989510 0.041289
vt 0.905875 0.034093
vt 0.000000 0.034093
vt 0.000000 0.048121
vt 0.905875 0.048121
vt 0.906075 0.219937
vt 0.000200 0.219937
vt 0.000200 0.259595
vt 0.906075 0.259595
vt -0.000122 0.156096
vt -0.000122 0.210448
vt 0.905753 0.210448
vt 0.905753 0.156096
vt 0.000000 0.093759
vt 0.000000 0.121202
vt 0.905875 0.121202
vt 0.905875 0.093759
vt 0.000000 0.012881
vt 0.000000 0.025761
vt 0.905875 0.025761
vt 0.905875 0.012881
vt 0.000512 0.321630
vt 0.000512 0.330358
vt 0.906387 0.330358
vt 0.906387 0.321630
vt 0.906075 0.312903
vt 0.906075 0.296828
vt 0.000200 0.296828
vt 0.000200 0.312903
vt 0.000000 0.062150
vt 0.000000 0.089593
vt 0.905875 0.089593
vt 0.905875 0.062150
vt 0.000000 0.000000
vt 0.000000 0.012881
vt 0.905875 0.012881
vt 0.905875 0.000000
vt 0.000512 0.312903
vt 0.000512 0.321630
vt 0.906387 0.321630
vt 0.906387 0.312903
vt 0.906075 0.297453
vt 0.906075 0.281378
vt 0.000200 0.281378
vt 0.000200 0.297453
vt 0.999050 0.183297
vt 0.999050 0.342604
vt 0.939310 0.342604
vt 0.939310 0.183297
vt 0.999050 0.183297
vt 0.999050 0.342604
vt 0.939310 0.342604
vt 0.939310 0.183297
vt 0.999050 0.183297
vt 0.999050 0.342604
vt 0.939310 0.342604
vt 0.939310 0.183297
vt 0.999050 0.183297
vt 0.999050 0.342604
vt 0.939310 0.342604
vt 0.939310 0.183297
vt 0.985655 0.132863
vt 0.985655 0.179437
vt 0.939081 0.179437
vt 0.939081 0.132863
vt 0.939310 0.342604
vt 0.999050 0.342604
vt 0.999050 0.183297
vt 0.939310 0.183297
vt 0.939310 0.342604
vt 0.999050 0.342604
vt 0.999050 0.183297
vt 0.939310 0.183297
vt 0.939310 0.342604
vt 0.999050 0.342604
vt 0.999050 0.183297
vt 0.939310 0.183297
vt 0.939310 0.342604
vt 0.999050 0.342604
vt 0.999050 0.183297
vt 0.939310 0.183297
vt 0.939081 0.179437
vt 0.985655 0.179437
vt 0.985655 0.132863
vt 0.939081 0.132863
vt 0.979692 0.781451
vt 0.979692 0.844034
vt -0.000781 0.844034
vt -0.000781 0.781451
vt 0.145247 0.656284
vt 0.145247 0.718868
vt -0.000781 0.718868
vt -0.000781 0.656284
vt 0.979692 0.718868
vt 0.979692 0.781451
vt -0.000781 0.781451
vt -0.000781 0.718868
vt 0.302823 0.656284
vt 0.302823 0.718868
vt 0.156795 0.718868
vt 0.156795 0.656284
vt 1.000000 0.851064
vt 1.000000 1.000000
vt 0.000000 1.000000
vt 0.000000 0.851064
vt 0.998987 0.504118
vt 0.998987 0.652658
vt 0.001647 0.652658
vt 0.001647 0.504118
vt 0.980127 0.103062
vt 0.949641 0.115757
vt 0.949641 0.103062
vt 0.958243 0.103062
vt 0.988729 0.103062
vt 0.988729 0.115757
vt 0.942399 0.062186
vt 0.995971 0.062186
vt 0.995971 0.076013
vt 0.980127 0.076013
vt 0.958243 0.076013
vt 0.942399 0.076013
vt 0.000000 0.062150
vt 0.000000 0.048121
vt 0.905875 0.048121
vt 0.905875 0.062150
vt 0.980908 0.014240
vt 0.959024 0.014240
vt 0.943180 0.014240
vt 0.943180 0.000413
vt 0.996752 0.000413
vt 0.996752 0.014240
vt 0.000000 0.048121
vt 0.000000 0.034093
vt 0.905875 0.034093
vt 0.905875 0.048121
vt 0.000200 0.259595
vt 0.000200 0.219937
vt 0.906075 0.219937
vt 0.906075 0.259595
vt 0.905753 0.210448
vt -0.000122 0.210448
vt -0.000122 0.156096
vt 0.905753 0.156096
vt 0.905875 0.121202
vt 0.000000 0.121202
vt 0.000000 0.093759
vt 0.905875 0.093759
vt 0.905875 0.025761
vt 0.000000 0.025761
vt 0.000000 0.012881
vt 0.905875 0.012881
vt 0.906387 0.330358
vt 0.000512 0.330358
vt 0.000512 0.321630
vt 0.906387 0.321630
vt 0.000200 0.296828
vt 0.906075 0.296828
vt 0.906075 0.312903
vt 0.000200 0.312903
vt 0.905875 0.089593
vt 0.000000 0.089593
vt 0.000000 0.062150
vt 0.905875 0.062150
vt 0.905875 0.012881
vt 0.000000 0.012881
vt 0.000000 0.000000
vt 0.905875 0.000000
vt 0.906387 0.321630
vt 0.000512 0.321630
vt 0.000512 0.312903
vt 0.906387 0.312903
vt 0.000200 0.281378
vt 0.906075 0.281378
vt 0.906075 0.297453
vt 0.000200 0.297453
vt 0.949641 0.103062
vt 0.949641 0.115757
vt 0.980127 0.103062
vt 0.958243 0.103062
vt 0.988729 0.115757
vt 0.988729 0.103062
vt 0.995971 0.076013
vt 0.995971 0.062186
vt 0.958243 0.076013
vt 0.980127 0.076013
vt 0.942399 0.062186
vt 0.942399 0.076013
vt 0.905875 0.048121
vt 0.000000 0.048121
vt 0.000000 0.062150
vt 0.905875 0.062150
vt 0.950422 0.041289
vt 0.950422 0.053985
vt 0.980908 0.041289
vt 0.959024 0.041289
vt 0.989510 0.053985
vt 0.989510 0.041289
vt 0.905875 0.034093
vt 0.000000 0.034093
vt 0.000000 0.048121
vt 0.905875 0.048121
vt 0.906075 0.219937
vt 0.000200 0.219937
vt 0.000200 0.259595
vt 0.906075 0.259595
vt -0.000122 0.156096
vt -0.000122 0.210448
vt 0.905753 0.210448
vt 0.905753 0.156096
vt 0.000000 0.093759
vt 0.000000 0.121202
vt 0.905875 0.121202
vt 0.905875 0.093759
vt 0.000000 0.012881
vt 0.000000 0.025761
vt 0.905875 0.025761
vt 0.905875 0.012881
vt 0.000512 0.321630
vt 0.000512 0.330358
vt 0.906387 0.330358
vt 0.906387 0.321630
vt 0.906075 0.312903
vt 0.906075 0.296828
vt 0.000200 0.296828
vt 0.000200 0.312903
vt 0.000000 0.062150
vt 0.000000 0.089593
vt 0.905875 0.089593
vt 0.905875 0.062150
vt 0.000000 0.000000
vt 0.000000 0.012881
vt 0.905875 0.012881
vt 0.905875 0.000000
vt 0.000512 0.312903
vt 0.000512 0.321630
vt 0.906387 0.321630
vt 0.906387 0.312903
vt 0.906075 0.297453
vt 0.906075 0.281378
vt 0.000200 0.281378
vt 0.000200 0.297453
vt 0.999050 0.183297
vt 0.999050 0.342604
vt 0.939310 0.342604
vt 0.939310 0.183297
vt 0.999050 0.183297
vt 0.999050 0.342604
vt 0.939310 0.342604
vt 0.939310 0.183297
vt 0.999050 0.183297
vt 0.999050 0.342604
vt 0.939310 0.342604
vt 0.939310 0.183297
vt 0.999050 0.183297
vt 0.999050 0.342604
vt 0.939310 0.342604
vt 0.939310 0.183297
vt 0.985655 0.132863
vt 0.985655 0.179437
vt 0.939081 0.179437
vt 0.939081 0.132863
vt 0.939310 0.342604
vt 0.999050 0.342604
vt 0.999050 0.183297
vt 0.939310 0.183297
vt 0.939310 0.342604
vt 0.999050 0.342604
vt 0.999050 0.183297
vt 0.939310 0.183297
vt 0.939310 0.342604
vt 0.999050 0.342604
vt 0.999050 0.183297
vt 0.939310 0.183297
vt 0.939310 0.342604
vt 0.999050 0.342604
vt 0.999050 0.183297
vt 0.939310 0.183297
vt 0.939081 0.179437
vt 0.985655 0.179437
vt 0.985655 0.132863
vt 0.939081 0.132863
vt 0.979692 0.781451
vt 0.979692 0.844034
vt -0.000781 0.844034
vt -0.000781 0.781451
vt 0.145247 0.656284
vt 0.145247 0.718868
vt -0.000781 0.718868
vt -0.000781 0.656284
vt 0.979692 0.718868
vt 0.979692 0.781451
vt -0.000781 0.781451
vt -0.000781 0.718868
vt 0.302823 0.656284
vt 0.302823 0.718868
vt 0.156795 0.718868
vt 0.156795 0.656284
vt 1.000000 0.851064
vt 1.000000 1.000000
vt 0.000000 1.000000
vt 0.000000 0.851064
vt 0.998987 0.504118
vt 0.998987 0.652658
vt 0.001647 0.652658
vt 0.001647 0.504118
vt 0.980127 0.103062
vt 0.949641 0.115757
vt 0.949641 0.103062
vt 0.958243 0.103062
vt 0.988729 0.103062
vt 0.988729 0.115757
vt 0.942399 0.062186
vt 0.995971 0.062186
vt 0.995971 0.076013
vt 0.980127 0.076013
vt 0.958243 0.076013
vt 0.942399 0.076013
vt 0.000000 0.062150
vt 0.000000 0.048121
vt 0.905875 0.048121
vt 0.905875 0.062150
vt 0.980908 0.014240
vt 0.959024 0.014240
vt 0.943180 0.014240
vt 0.943180 0.000413
vt 0.996752 0.000413
vt 0.996752 0.014240
vt 0.000000 0.048121
vt 0.000000 0.034093
vt 0.905875 0.034093
vt 0.905875 0.048121
vt 0.000200 0.259595
vt 0.000200 0.219937
vt 0.906075 0.219937
vt 0.906075 0.259595
vt 0.905753 0.210448
vt -0.000122 0.210448
vt -0.000122 0.156096
vt 0.905753 0.156096
vt 0.905875 0.121202
vt 0.000000 0.121202
vt 0.000000 0.093759
vt 0.905875 0.093759
vt 0.905875 0.025761
vt 0.000000 0.025761
vt 0.000000 0.012881
vt 0.905875 0.012881
vt 0.906387 0.330358
vt 0.000512 0.330358
vt 0.000512 0.321630
vt 0.906387 0.321630
vt 0.000200 0.296828
vt 0.906075 0.296828
vt 0.906075 0.312903
vt 0.000200 0.312903
vt 0.905875 0.089593
vt 0.000000 0.089593
vt 0.000000 0.062150
vt 0.905875 0.062150
vt 0.905875 0.012881
vt 0.000000 0.012881
vt 0.000000 0.000000
vt 0.905875 0.000000
vt 0.906387 0.321630
vt 0.000512 0.321630
vt 0.000512 0.312903
vt 0.906387 0.312903
vt 0.000200 0.281378
vt 0.906075 0.281378
vt 0.906075 0.297453
vt 0.000200 0.297453
vt 0.949641 0.103062
vt 0.949641 0.115757
vt 0.980127 0.103062
vt 0.958243 0.103062
vt 0.988729 0.115757
vt 0.988729 0.103062
vt 0.995971 0.076013
vt 0.995971 0.062186
vt 0.958243 0.076013
vt 0.980127 0.076013
vt 0.942399 0.062186
vt 0.942399 0.076013
vt 0.905875 0.048121
vt 0.000000 0.048121
vt 0.000000 0.062150
vt 0.905875 0.062150
vt 0.950422 0.041289
vt 0.950422 0.053985
vt 0.980908 0.041289
vt 0.959024 0.041289
vt 0.989510 0.053985
vt 0.989510 0.041289
vt 0.905875 0.034093
vt 0.000000 0.034093
vt 0.000000 0.048121
vt 0.905875 0.048121
vt 0.906075 0.219937
vt 0.000200 0.219937
vt 0.000200 0.259595
vt 0.906075 0.259595
vt -0.000122 0.156096
vt -0.000122 0.210448
vt 0.905753 0.210448
vt 0.905753 0.156096
vt 0.000000 0.093759
vt 0.000000 0.121202
vt 0.905875 0.121202
vt 0.905875 0.093759
vt 0.000000 0.012881
vt 0.000000 0.025761
vt 0.905875 0.025761
vt 0.905875 0.012881
vt 0.000512 0.321630
vt 0.000512 0.330358
vt 0.906387 0.330358
vt 0.906387 0.321630
vt 0.906075 0.312903
vt 0.906075 0.296828
vt 0.000200 0.296828
vt 0.000200 0.312903
vt 0.000000 0.062150
vt 0.000000 0.089593
vt 0.905875 0.089593
vt 0.905875 0.062150
vt 0.000000 0.000000
vt 0.000000 0.012881
vt 0.905875 0.012881
vt 0.905875 0.000000
vt 0.000512 0.312903
vt 0.000512 0.321630
vt 0.906387 0.321630
vt 0.906387 0.312903
vt 0.906075 0.297453
vt 0.906075 0.281378
vt 0.000200 0.281378
vt 0.000200 0.297453
vt 0.999050 0.183297
vt 0.999050 0.342604
vt 0.939310 0.342604
vt 0.939310 0.183297
vt 0.999050 0.183297
vt 0.999050 0.342604
vt 0.939310 0.342604
vt 0.939310 0.183297
vt 0.999050 0.183297
vt 0.999050 0.342604
vt 0.939310 0.342604
vt 0.939310 0.183297
vt 0.999050 0.183297
vt 0.999050 0.342604
vt 0.939310 0.342604
vt 0.939310 0.183297
vt 0.985655 0.132863
vt 0.985655 0.179437
vt 0.939081 0.179437
vt 0.939081 0.132863
vt 0.939310 0.342604
vt 0.999050 0.342604
vt 0.999050 0.183297
vt 0.939310 0.183297
vt 0.939310 0.342604
vt 0.999050 0.342604
vt 0.999050 0.183297
vt 0.939310 0.183297
vt 0.939310 0.342604
vt 0.999050 0.342604
vt 0.999050 0.183297
vt 0.939310 0.183297
vt 0.939310 0.342604
vt 0.999050 0.342604
vt 0.999050 0.183297
vt 0.939310 0.183297
vt 0.939081 0.179437
vt 0.985655 0.179437
vt 0.985655 0.132863
vt 0.939081 0.132863
vt 0.979692 0.781451
vt 0.979692 0.844034
vt -0.000781 0.844034
vt -0.000781 0.781451
vt 0.145247 0.656284
vt 0.145247 0.718868
vt -0.000781 0.718868
vt -0.000781 0.656284
vt 0.979692 0.718868
vt 0.979692 0.781451
vt -0.000781 0.781451
vt -0.000781 0.718868
vt 0.302823 0.656284
vt 0.302823 0.718868
vt 0.156795 0.718868
vt 0.156795 0.656284
vt 1.000000 0.851064
vt 1.000000 1.000000
vt 0.000000 1.000000
vt 0.000000 0.851064
vt 0.998987 0.504118
vt 0.998987 0.652658
vt 0.001647 0.652658
vt 0.001647 0.504118
vn -0.028100 -0.000000 -0.999600
vn 0.998200 0.000000 -0.059900
vn -0.001200 -0.000000 1.000000
vn -0.998200 -0.000000 0.060200
vn -0.000000 1.000000 -0.000000
vn 0.000000 -1.000000 0.000000
vn -0.998200 0.000000 0.060100
vn 0.998200 0.000000 -0.060000
vn -0.998000 0.000000 0.064000
vn 0.998000 0.000000 -0.063600
vn 0.998000 0.000000 -0.063700
vn -0.998000 -0.000000 0.063900
vn -0.015200 0.000000 -0.999900
vn 0.997600 0.000000 -0.069100
vn 0.011700 -0.000000 0.999900
vn -0.997600 -0.000000 0.069200
vn -0.997900 0.000000 0.065400
vn 0.997900 0.000000 -0.065300
vn -0.021700 0.000000 -0.999800
vn 0.997900 0.000000 -0.064400
vn 0.005300 -0.000000 1.000000
vn -0.997500 0.000000 0.070300
vn -0.057000 -0.000000 -0.998400
vn 0.997800 0.000000 -0.066200
vn 0.028100 -0.000000 0.999600
vn -0.997800 0.000000 0.066300
vn -0.997700 0.000000 0.068200
vn 0.997700 0.000000 -0.068100
vn -0.044200 -0.000000 -0.999000
vn 0.997700 -0.000000 -0.068000
vn 0.040700 0.000000 0.999200
vn -0.997800 0.000000 0.066400
vn 0.997800 0.000000 -0.066300
vn -0.050600 0.000000 -0.998700
vn 0.997800 0.000000 -0.065900
vn 0.034200 0.000000 0.999400
vn -0.997600 0.000000 0.068600
vn -0.085900 0.000000 -0.996300
vn 0.997700 0.000000 -0.067300
vn 0.057000 0.000000 0.998400
vn -0.997700 -0.000000 0.067300
vn -0.997800 0.000000 0.067000
vn 0.997800 0.000000 -0.067000
vn -0.073100 0.000000 -0.997300
vn 0.069600 -0.000000 0.997600
vn -0.997800 -0.000000 0.066900
vn -0.079500 0.000000 -0.996800
vn 0.997700 0.000000 -0.067400
vn 0.063100 0.000000 0.998000
vn -0.114700 0.000000 -0.993400
vn 0.997700 0.000000 -0.068500
vn 0.085900 -0.000000 0.996300
vn -0.997700 0.000000 0.068300
vn -0.997700 0.000000 0.068400
vn 0.997700 0.000000 -0.068400
vn -0.997800 0.000000 0.065700
vn -0.997800 0.000000 0.065800
vn -0.101900 0.000000 -0.994800
vn 0.997800 0.000000 -0.066000
vn 0.098400 0.000000 0.995100
vn -0.108300 0.000000 -0.994100
vn 0.997600 0.000000 -0.068900
vn 0.092000 -0.000000 0.995800
vn -0.997900 0.000000 0.065200
vn -0.143600 0.000000 -0.989600
vn 0.993700 0.000000 -0.111800
vn 0.114700 0.000000 0.993400
vn -0.993700 0.000000 0.111600
vn -0.993700 -0.000000 0.111700
vn 0.993700 0.000000 -0.111700
vn -0.993900 0.000000 0.110200
vn 0.993900 0.000000 -0.110400
vn 0.993900 -0.000000 -0.110300
vn -0.993900 0.000000 0.110300
vn -0.130700 0.000000 -0.991400
vn 0.997900 0.000000 -0.065000
vn 0.127200 0.000000 0.991900
vn -0.997900 0.000000 0.064800
vn 0.997600 0.000000 -0.069500
vn -0.137100 0.000000 -0.990600
vn 0.995600 0.000000 -0.094100
vn 0.120800 0.000000 0.992700
vn -0.995900 0.000000 0.090000
vn -0.172700 0.000000 -0.985000
vn 0.980100 0.000000 -0.198600
vn 0.143600 0.000000 0.989600
vn -0.980000 0.000000 0.198800
vn -0.980100 0.000000 0.198700
vn -0.979400 0.000000 0.202200
vn 0.979400 0.000000 -0.201800
vn 0.979400 0.000000 -0.201900
vn -0.979400 0.000000 0.202100
vn -0.159800 0.000000 -0.987200
vn 0.979400 0.000000 -0.201700
vn 0.156200 0.000000 0.987700
vn -0.979400 0.000000 0.201900
vn -0.980000 0.000000 0.198900
vn 0.980100 0.000000 -0.198700
vn -0.166200 0.000000 -0.986100
vn 0.980200 0.000000 -0.198100
vn 0.149800 0.000000 0.988700
vn -0.979200 -0.000000 0.202800
vn -0.201600 0.000000 -0.979500
vn 0.979800 0.000000 -0.199700
vn 0.172700 0.000000 0.985000
vn -0.979800 0.000000 0.199800
vn 0.979800 0.000000 -0.199800
vn -0.979600 0.000000 0.200900
vn 0.979600 0.000000 -0.200800
vn -0.979600 0.000000 0.200800
vn -0.188800 0.000000 -0.982000
vn 0.185300 0.000000 0.982700
vn 0.979900 0.000000 -0.199700
vn -0.195200 0.000000 -0.980800
vn 0.979900 0.000000 -0.199600
vn 0.178800 0.000000 0.983900
vn -0.979600 0.000000 0.201100
vn -0.230400 0.000000 -0.973100
vn 0.979600 0.000000 -0.200900
vn 0.201600 0.000000 0.979500
vn -0.979900 0.000000 0.199600
vn -0.217600 -0.000000 -0.976000
vn 0.214100 0.000000 0.976800
vn -0.979900 0.000000 0.199700
vn -0.224000 0.000000 -0.974600
vn 0.979600 0.000000 -0.201100
vn 0.207700 0.000000 0.978200
vn -0.979900 0.000000 0.199400
vn -0.259000 0.000000 -0.965900
vn -0.258900 -0.000000 -0.965900
vn 0.979400 0.000000 -0.202100
vn 0.230400 -0.000000 0.973100
vn -0.979400 0.000000 0.201800
vn 0.979400 0.000000 -0.202000
vn -0.980100 0.000000 0.198300
vn 0.980100 0.000000 -0.198500
vn -0.980100 -0.000000 0.198400
vn -0.246300 0.000000 -0.969200
vn 0.242800 0.000000 0.970100
vn -0.980100 0.000000 0.198600
vn -0.979400 0.000000 0.201700
vn -0.252600 0.000000 -0.967600
vn 0.979300 0.000000 -0.202600
vn 0.236500 0.000000 0.971600
vn -0.980300 0.000000 0.197700
vn -0.287400 -0.000000 -0.957800
vn 0.953600 0.000000 -0.301000
vn 0.259000 0.000000 0.965900
vn 0.258900 0.000000 0.965900
vn -0.953600 0.000000 0.301200
vn 0.953600 0.000000 -0.301100
vn -0.952800 0.000000 0.303500
vn 0.952900 0.000000 -0.303300
vn 0.952900 0.000000 -0.303400
vn -0.952800 0.000000 0.303400
vn -0.274700 0.000000 -0.961500
vn 0.943900 0.000000 -0.330100
vn 0.271300 0.000000 0.962500
vn -0.943900 0.000000 0.330400
vn -0.274800 0.000000 -0.961500
vn -0.945200 0.000000 0.326400
vn 0.945300 -0.000000 -0.326200
vn -0.281100 0.000000 -0.959700
vn 0.945600 0.000000 -0.325300
vn 0.265000 0.000000 0.964300
vn -0.943500 0.000000 0.331500
vn -0.315500 -0.000000 -0.948900
vn 0.945000 0.000000 -0.327100
vn 0.287400 0.000000 0.957800
vn -0.944900 0.000000 0.327300
vn -0.944900 0.000000 0.327200
vn 0.945000 0.000000 -0.327200
vn -0.944200 0.000000 0.329400
vn 0.944300 0.000000 -0.329200
vn 0.944200 0.000000 -0.329300
vn 0.944200 0.000000 -0.329200
vn -0.303000 0.000000 -0.953000
vn 0.299600 0.000000 0.954100
vn -0.944200 0.000000 0.329300
vn 0.944900 -0.000000 -0.327200
vn -0.309300 0.000000 -0.951000
vn 0.945100 0.000000 -0.326800
vn 0.293400 0.000000 0.956000
vn -0.944100 0.000000 0.329800
vn -0.343400 0.000000 -0.939200
vn 0.944600 0.000000 -0.328300
vn 0.315500 0.000000 0.948900
vn -0.944600 0.000000 0.328300
vn -0.343500 0.000000 -0.939200
vn -0.944600 0.000000 0.328200
vn 0.315600 -0.000000 0.948900
vn 0.944600 0.000000 -0.328200
vn -0.331000 -0.000000 -0.943600
vn 0.327700 0.000000 0.944800
vn -0.331100 0.000000 -0.943600
vn -0.337300 0.000000 -0.941400
vn 0.321500 0.000000 0.946900
vn -0.371000 -0.000000 -0.928600
vn 0.944200 0.000000 -0.329400
vn 0.343400 -0.000000 0.939200
vn -0.944300 0.000000 0.329200
vn -0.945100 0.000000 0.326900
vn -0.945000 0.000000 0.327000
vn -0.945000 0.000000 0.326900
vn -0.358800 0.000000 -0.933400
vn 0.355500 0.000000 0.934700
vn -0.945000 0.000000 0.327100
vn -0.944200 0.000000 0.329200
vn -0.364900 0.000000 -0.931000
vn 0.944100 0.000000 -0.329800
vn 0.349300 0.000000 0.937000
vn -0.945200 0.000000 0.326500
vn -0.398300 0.000000 -0.917300
vn -0.398200 -0.000000 -0.917300
vn 0.929200 0.000000 -0.369700
vn 0.371000 0.000000 0.928600
vn -0.929200 0.000000 0.369600
vn -0.398300 0.000100 -0.917300
vn -0.929700 0.000000 0.368300
vn 0.929600 0.000000 -0.368500
vn 0.929700 -0.000000 -0.368400
vn -0.929700 0.000000 0.368400
vn -0.386200 0.000000 -0.922400
vn 0.382900 0.000000 0.923800
vn -0.945400 0.000000 0.326000
vn -0.943900 0.000000 0.330200
vn 0.943900 0.000000 -0.330400
vn -0.392200 0.000000 -0.919900
vn 0.935200 0.000000 -0.354100
vn 0.376800 0.000000 0.926300
vn -0.936600 0.000000 0.350400
vn -0.425100 0.000000 -0.905100
vn -0.425100 0.000000 -0.905200
vn 0.894500 0.000000 -0.447100
vn 0.398300 0.000000 0.917300
vn 0.398200 -0.000000 0.917300
vn -0.894400 0.000000 0.447300
vn 0.894500 0.000000 -0.447200
vn -0.892900 0.000000 0.450200
vn 0.398300 0.000100 0.917300
vn 0.893100 0.000000 -0.449900
vn 0.893000 0.000000 -0.450000
vn -0.893000 0.000000 0.450100
vn -0.413200 0.000000 -0.910600
vn 0.409900 0.000000 0.912100
vn -0.893000 0.000000 0.450000
vn -0.894300 0.000000 0.447400
vn 0.410000 0.000000 0.912100
vn 0.894400 0.000000 -0.447300
vn -0.419200 0.000000 -0.907900
vn 0.894700 0.000000 -0.446700
vn 0.404000 -0.000000 0.914800
vn -0.892600 0.000000 0.450800
vn -0.451500 0.000000 -0.892300
vn 0.894000 0.000000 -0.448200
vn 0.425100 -0.000000 0.905200
vn -0.893900 0.000000 0.448200
vn 0.893900 0.000000 -0.448200
vn -0.451600 -0.000000 -0.892200
vn -0.451500 -0.000000 -0.892200
vn -0.451500 -0.000100 -0.892300
vn -0.893500 0.000000 0.449100
vn 0.893600 0.000000 -0.449000
vn 0.893500 0.000000 -0.449000
vn -0.893500 0.000000 0.449000
vn -0.439800 0.000000 -0.898100
vn 0.436600 0.000000 0.899600
vn -0.445700 0.000000 -0.895200
vn 0.894000 0.000000 -0.448000
vn 0.430700 0.000000 0.902500
vn -0.893400 0.000000 0.449200
vn -0.477600 -0.000000 -0.878600
vn 0.893400 0.000000 -0.449300
vn 0.451500 0.000000 0.892300
vn -0.893500 0.000000 0.449200
vn 0.893400 0.000000 -0.449200
vn -0.894100 0.000000 0.447900
vn 0.451500 0.000100 0.892300
vn 0.894100 0.000000 -0.448000
vn -0.466100 0.000000 -0.884700
vn 0.462900 0.000000 0.886400
vn -0.894000 0.000000 0.448000
vn -0.471800 0.000000 -0.881700
vn 0.893300 0.000000 -0.449400
vn 0.457100 0.000000 0.889400
vn -0.894200 0.000000 0.447700
vn -0.503300 -0.000000 -0.864100
vn -0.503200 -0.000000 -0.864100
vn 0.892900 0.000000 -0.450300
vn 0.477600 -0.000000 0.878600
vn 0.892900 -0.000000 -0.450200
vn -0.503200 -0.000100 -0.864100
vn -0.503300 -0.000100 -0.864100
vn -0.503300 0.000100 -0.864100
vn -0.503200 0.000000 -0.864200
vn -0.894700 0.000000 0.446700
vn 0.894500 0.000000 -0.447000
vn 0.894600 0.000000 -0.446900
vn -0.894600 0.000000 0.446800
vn -0.491900 0.000000 -0.870600
vn 0.488800 0.000000 0.872400
vn -0.894600 0.000000 0.446900
vn 0.893000 0.000000 -0.450100
vn -0.497600 0.000000 -0.867400
vn 0.892600 0.000000 -0.450800
vn 0.483100 0.000000 0.875600
vn -0.895000 0.000000 0.446100
vn -0.528300 -0.000000 -0.849000
vn -0.528300 -0.000100 -0.849000
vn -0.528400 0.000000 -0.849000
vn 0.835100 0.000000 -0.550000
vn 0.503200 -0.000000 0.864100
vn 0.503300 0.000000 0.864100
vn -0.835000 0.000000 0.550300
vn -0.835000 0.000000 0.550200
vn 0.835100 -0.000000 -0.550100
vn -0.528300 0.000100 -0.849000
vn -0.833200 0.000000 0.553000
vn 0.503200 -0.000100 0.864200
vn 0.833300 0.000000 -0.552800
vn 0.833300 0.000000 -0.552900
vn -0.517200 0.000000 -0.855800
vn 0.827600 0.000000 -0.561300
vn 0.514200 0.000000 0.857700
vn -0.827500 0.000000 0.561500
vn -0.517300 0.000000 -0.855800
vn -0.829600 -0.000000 0.558300
vn 0.829700 0.000000 -0.558200
vn -0.522800 0.000000 -0.852400
vn 0.830200 0.000000 -0.557500
vn 0.508600 0.000000 0.861000
vn -0.826900 0.000000 0.562300
vn -0.553000 0.000000 -0.833200
vn 0.829200 0.000000 -0.559000
vn 0.528400 -0.000000 0.849000
vn 0.528300 -0.000000 0.849000
vn -0.829100 0.000000 0.559100
vn 0.829100 0.000000 -0.559000
vn -0.552900 -0.000000 -0.833200
vn -0.553000 0.000100 -0.833200
vn -0.828100 0.000000 0.560600
vn 0.528300 -0.000100 0.849000
vn 0.828200 0.000000 -0.560500
vn 0.828100 0.000000 -0.560500
vn -0.542100 0.000000 -0.840300
vn 0.828200 0.000000 -0.560400
vn 0.539100 0.000000 0.842200
vn -0.828200 0.000000 0.560500
vn -0.829100 0.000000 0.559200
vn 0.829100 0.000000 -0.559100
vn -0.547500 0.000000 -0.836800
vn 0.829300 0.000000 -0.558800
vn 0.533600 0.000000 0.845700
vn -0.827900 0.000000 0.560900
vn -0.577100 -0.000000 -0.816600
vn -0.577100 -0.000100 -0.816700
vn -0.577100 -0.000000 -0.816700
vn -0.577200 -0.000100 -0.816600
vn 0.828500 0.000000 -0.560000
vn 0.553000 -0.000000 0.833200
vn -0.828500 0.000000 0.560000
vn -0.577100 0.000100 -0.816700
vn -0.577100 0.000100 -0.816600
vn -0.577200 0.000000 -0.816600
vn -0.828800 0.000000 0.559500
vn 0.553000 -0.000100 0.833200
vn 0.828800 0.000000 -0.559600
vn -0.828800 0.000000 0.559600
vn -0.566500 0.000000 -0.824100
vn 0.828800 0.000000 -0.559500
vn 0.563600 0.000000 0.826100
vn 0.563500 0.000000 0.826100
vn 0.828500 0.000000 -0.560100
vn -0.571800 0.000000 -0.820400
vn 0.558100 0.000000 0.829700
vn -0.600800 0.000000 -0.799400
vn 0.827800 0.000000 -0.561000
vn 0.577100 -0.000000 0.816700
vn -0.828000 0.000000 0.560800
vn -0.827900 0.000000 0.560800
vn 0.827900 0.000000 -0.560900
vn -0.600800 0.000100 -0.799400
vn -0.600800 -0.000100 -0.799400
vn -0.600700 0.000000 -0.799400
vn -0.829500 0.000000 0.558500
vn 0.577200 -0.000000 0.816600
vn 0.577100 -0.000100 0.816700
vn 0.829400 0.000000 -0.558700
vn 0.829400 0.000000 -0.558600
vn -0.590300 0.000000 -0.807200
vn 0.829300 0.000000 -0.558700
vn 0.587400 0.000000 0.809300
vn -0.829500 0.000000 0.558600
vn 0.587500 0.000000 0.809200
vn -0.595600 0.000000 -0.803300
vn 0.582200 0.000000 0.813000
vn -0.829800 0.000000 0.558000
vn -0.623900 -0.000000 -0.781500
vn -0.623900 0.000100 -0.781500
vn -0.623900 -0.000100 -0.781500
vn -0.623800 0.000000 -0.781500
vn 0.788200 0.000000 -0.615500
vn 0.600800 -0.000000 0.799400
vn -0.788200 0.000000 0.615500
vn -0.788000 0.000000 0.615700
vn 0.600800 -0.000200 0.799400
vn 0.600800 -0.000100 0.799400
vn 0.788000 0.000000 -0.615700
vn -0.613700 0.000000 -0.789500
vn 0.767100 0.000000 -0.641500
vn 0.610900 0.000000 0.791700
vn -0.767000 0.000000 0.641600
vn -0.768700 0.000000 0.639600
vn 0.768800 -0.000000 -0.639500
vn -0.618800 0.000000 -0.785500
vn 0.786600 0.000000 -0.617500
vn 0.605800 0.000000 0.795700
vn -0.786100 0.000000 0.618100
vn -0.646400 -0.000000 -0.763000
vn -0.646400 -0.000100 -0.763000
vn -0.646400 -0.000200 -0.763000
vn -0.646400 0.000100 -0.763000
vn -0.646500 0.000000 -0.762900
vn 0.751500 0.000000 -0.659700
vn 0.623900 0.000000 0.781500
vn 0.623900 -0.000100 0.781500
vn -0.751400 0.000000 0.659900
vn -0.751400 0.000000 0.659800
vn 0.751500 0.000000 -0.659800
vn -0.646500 0.000100 -0.763000
vn -0.646500 0.000100 -0.762900
vn -0.749600 0.000000 0.661800
vn 0.623900 0.000100 0.781500
vn 0.749800 0.000000 -0.661600
vn 0.749800 -0.000000 -0.661700
vn -0.749700 0.000000 0.661800
vn -0.636500 0.000000 -0.771300
vn 0.633800 0.000000 0.773500
vn -0.749800 0.000000 0.661700
vn 0.751400 0.000000 -0.659800
vn -0.641500 0.000000 -0.767100
vn 0.751800 0.000000 -0.659400
vn 0.628700 0.000000 0.777600
vn -0.749300 0.000000 0.662200
vn -0.668400 -0.000000 -0.743800
vn -0.668400 0.000100 -0.743800
vn -0.668400 -0.000100 -0.743800
vn -0.668300 -0.000100 -0.743800
vn -0.668300 0.000000 -0.743900
vn 0.750700 0.000000 -0.660600
vn 0.646400 -0.000100 0.763000
vn 0.646500 0.000000 0.762900
vn 0.646400 -0.000000 0.763000
vn -0.750700 0.000000 0.660600
vn -0.750500 0.000000 0.660900
vn 0.646400 -0.000200 0.763000
vn 0.750500 0.000000 -0.660800
vn 0.750500 0.000000 -0.660900
vn -0.658700 0.000000 -0.752400
vn 0.656100 0.000000 0.754700
vn 0.750800 0.000000 -0.660600
vn -0.663600 0.000000 -0.748100
vn 0.750800 0.000000 -0.660500
vn 0.651100 0.000000 0.759000
vn -0.750400 0.000000 0.660900
vn -0.689800 0.000000 -0.724000
vn -0.689800 -0.000100 -0.724000
vn -0.689800 0.000100 -0.724000
vn -0.689900 0.000000 -0.723900
vn 0.750000 0.000000 -0.661500
vn 0.668400 -0.000000 0.743800
vn 0.668400 -0.000200 0.743800
vn 0.668400 -0.000100 0.743800
vn -0.750100 0.000000 0.661400
vn -0.750000 0.000000 0.661400
vn -0.689900 0.000100 -0.724000
vn 0.668400 0.000100 0.743800
vn 0.751200 0.000000 -0.660000
vn 0.751300 0.000000 -0.660000
vn -0.751300 0.000000 0.659900
vn -0.680300 -0.000000 -0.732900
vn 0.677800 0.000000 0.735200
vn -0.751300 0.000000 0.660000
vn 0.750000 0.000000 -0.661400
vn -0.685100 0.000000 -0.728400
vn 0.673000 0.000000 0.739600
vn -0.751600 0.000000 0.659700
vn -0.710700 0.000000 -0.703500
vn -0.710600 0.000000 -0.703500
vn -0.710600 -0.000000 -0.703600
vn 0.735100 0.000000 -0.677900
vn 0.689800 -0.000000 0.724000
vn 0.689800 0.000100 0.724000
vn -0.735300 0.000000 0.677800
vn -0.735200 0.000000 0.677800
vn 0.735200 0.000000 -0.677900
vn -0.710600 0.000100 -0.703600
vn -0.710600 0.000100 -0.703500
vn -0.737000 0.000000 0.675900
vn 0.689800 -0.000100 0.724000
vn 0.736800 0.000000 -0.676100
vn 0.736900 0.000000 -0.676000
vn -0.736900 0.000000 0.676000
vn -0.701500 0.000000 -0.712700
vn 0.698900 0.000000 0.715200
vn -0.752000 0.000000 0.659200
vn -0.749500 0.000000 0.662100
vn 0.699000 0.000000 0.715200
vn 0.749400 0.000000 -0.662200
vn -0.706100 0.000000 -0.708100
vn 0.748800 0.000000 -0.662800
vn 0.694300 0.000000 0.719700
vn -0.752700 0.000000 0.658300
s 1
f 4/4/1 3/3/1 2/2/1 1/1/1
f 6/6/1 5/5/1 1/1/1 2/2/1
f 10/10/1 9/9/1 8/8/1 7/7/1
f 7/7/1 12/12/1 11/11/1 10/10/1
f 1/1/1 10/10/1 11/11/1 4/4/1
f 14/16/2 13/15/2 8/14/2 9/13/2
f 13/20/3 14/19/3 16/18/3 15/17/3
f 15/17/3 18/22/3 17/21/3 13/20/3
f 22/26/3 21/25/3 20/24/3 19/23/3
f 19/23/3 24/28/3 23/27/3 22/26/3
f 19/23/3 20/24/3 15/17/3 16/18/3
f 12/32/4 7/31/4 17/30/4 18/29/4
f 6/36/5 2/35/5 22/34/5 23/33/5
f 17/40/6 7/39/6 8/38/6 13/37/6
f 11/44/7 15/43/7 20/42/7 4/41/7
f 3/48/4 21/47/4 22/46/4 2/45/4
f 21/52/6 3/51/6 4/50/6 20/49/6
f 15/56/5 11/55/5 12/54/5 18/53/5
f 16/60/8 10/59/8 1/58/8 19/57/8
f 24/64/2 5/63/2 6/62/2 23/61/2
f 19/68/6 1/67/6 5/66/6 24/65/6
f 14/72/5 9/71/5 10/70/5 16/69/5
f 28/76/1 27/75/1 26/74/1 25/73/1
f 26/74/1 27/75/1 30/78/1 29/77/1
f 34/82/1 33/81/1 32/80/1 31/79/1
f 32/80/1 33/81/1 36/84/1 35/83/1
f 34/82/1 27/75/1 28/76/1 33/81/1
f 38/88/9 31/87/9 32/86/9 37/85/9
f 41/92/3 40/91/3 37/90/3 39/89/3
f 37/90/3 40/91/3 42/94/3 38/93/3
f 46/98/3 45/97/3 44/96/3 43/95/3
f 44/96/3 45/97/3 48/100/3 47/99/3
f 42/94/3 40/91/3 45/97/3 46/98/3
f 36/104/10 41/103/10 39/102/10 35/101/10
f 29/108/5 44/107/5 47/106/5 26/105/5
f 39/112/6 37/111/6 32/110/6 35/109/6
f 33/116/11 28/115/11 45/114/11 40/113/11
f 25/120/10 26/119/10 47/118/10 48/117/10
f 48/124/6 45/123/6 28/122/6 25/121/6
f 40/128/5 41/127/5 36/126/5 33/125/5
f 42/132/12 46/131/12 27/130/12 34/129/12
f 43/136/12 44/135/12 29/134/12 30/133/12
f 46/140/6 43/139/6 30/138/6 27/137/6
f 38/144/5 42/143/5 34/142/5 31/141/5
f 52/148/13 51/147/13 50/146/13 49/145/13
f 49/152/14 50/151/14 54/150/14 53/149/14
f 53/156/15 54/155/15 56/154/15 55/153/15
f 55/160/16 56/159/16 51/158/16 52/157/16
f 51/164/5 56/163/5 54/162/5 50/161/5
f 60/168/13 59/167/13 58/166/13 57/165/13
f 59/172/17 62/171/17 61/170/17 58/169/17
f 62/176/15 64/175/15 63/174/15 61/173/15
f 64/180/18 60/179/18 57/178/18 63/177/18
f 57/184/5 58/183/5 61/182/5 63/181/5
f 68/188/19 67/187/19 66/186/19 65/185/19
f 65/192/20 66/191/20 70/190/20 69/189/20
f 69/196/21 70/195/21 72/194/21 71/193/21
f 71/200/22 72/199/22 67/198/22 68/197/22
f 67/204/5 72/203/5 70/202/5 66/201/5
f 71/208/6 68/207/6 65/206/6 69/205/6
f 76/212/23 75/211/23 74/210/23 73/209/23
f 78/214/23 77/213/23 73/209/23 74/210/23
f 82/218/23 81/217/23 80/216/23 79/215/23
f 79/215/23 84/220/23 83/219/23 82/218/23
f 73/209/23 82/218/23 83/219/23 76/212/23
f 9/224/24 8/223/24 80/222/24 81/221/24
f 8/228/25 9/227/25 10/226/25 11/225/25
f 11/225/25 12/230/25 7/229/25 8/228/25
f 84/234/26 79/233/26 7/232/26 12/231/26
f 78/238/5 74/237/5 2/236/5 6/235/5
f 7/242/6 79/241/6 80/240/6 8/239/6
f 83/246/26 11/245/26 4/244/26 76/243/26
f 75/250/26 3/249/26 2/248/26 74/247/26
f 3/254/6 75/253/6 76/252/6 4/251/6
f 11/258/5 83/257/5 84/256/5 12/255/5
f 10/262/24 82/261/24 73/260/24 1/259/24
f 5/266/24 77/265/24 78/264/24 6/263/24
f 1/270/6 73/269/6 77/268/6 5/267/6
f 9/274/5 81/273/5 82/272/5 10/271/5
f 88/278/23 87/277/23 86/276/23 85/275/23
f 86/276/23 87/277/23 90/280/23 89/279/23
f 94/284/23 93/283/23 92/282/23 91/281/23
f 92/282/23 93/283/23 96/286/23 95/285/23
f 94/284/23 87/277/23 88/278/23 93/283/23
f 31/290/27 91/289/27 92/288/27 32/287/27
f 27/294/25 28/293/25 29/292/25 30/291/25
f 29/292/25 28/293/25 25/296/25 26/295/25
f 96/300/28 36/299/28 35/298/28 95/297/28
f 89/304/5 29/303/5 26/302/5 86/301/5
f 35/308/6 32/307/6 92/306/6 95/305/6
f 93/312/28 88/311/28 28/310/28 33/309/28
f 85/316/28 86/315/28 26/314/28 25/313/28
f 25/320/6 28/319/6 88/318/6 85/317/6
f 33/324/5 36/323/5 96/322/5 93/321/5
f 34/328/27 27/327/27 87/326/27 94/325/27
f 30/332/27 29/331/27 89/330/27 90/329/27
f 27/336/6 30/335/6 90/334/6 87/333/6
f 31/340/5 34/339/5 94/338/5 91/337/5
f 100/344/29 99/343/29 98/342/29 97/341/29
f 97/348/30 98/347/30 102/346/30 101/345/30
f 101/352/31 102/351/31 104/350/31 103/349/31
f 103/356/27 104/355/27 99/354/27 100/353/27
f 99/360/5 104/359/5 102/358/5 98/357/5
f 108/364/29 107/363/29 106/362/29 105/361/29
f 107/368/32 110/367/32 109/366/32 106/365/32
f 110/372/31 112/371/31 111/370/31 109/369/31
f 112/376/33 108/375/33 105/374/33 111/373/33
f 105/380/5 106/379/5 109/378/5 111/377/5
f 116/384/34 115/383/34 114/382/34 113/381/34
f 113/388/35 114/387/35 118/386/35 117/385/35
f 117/392/36 118/391/36 120/390/36 119/389/36
f 119/396/37 120/395/37 115/394/37 116/393/37
f 115/400/5 120/399/5 118/398/5 114/397/5
f 119/404/6 116/403/6 113/402/6 117/401/6
f 124/408/38 123/407/38 122/406/38 121/405/38
f 126/410/38 125/409/38 121/405/38 122/406/38
f 130/414/38 129/413/38 128/412/38 127/411/38
f 127/411/38 132/416/38 131/415/38 130/414/38
f 121/405/38 130/414/38 131/415/38 124/408/38
f 81/420/39 80/419/39 128/418/39 129/417/39
f 80/424/40 81/423/40 82/422/40 83/421/40
f 83/421/40 84/426/40 79/425/40 80/424/40
f 132/430/41 127/429/41 79/428/41 84/427/41
f 126/434/5 122/433/5 74/432/5 78/431/5
f 79/438/6 127/437/6 128/436/6 80/435/6
f 131/442/41 83/441/41 76/440/41 124/439/41
f 123/446/41 75/445/41 74/444/41 122/443/41
f 75/450/6 123/449/6 124/448/6 76/447/6
f 83/454/5 131/453/5 132/452/5 84/451/5
f 82/458/39 130/457/39 121/456/39 73/455/39
f 77/462/39 125/461/39 126/460/39 78/459/39
f 73/466/6 121/465/6 125/464/6 77/463/6
f 81/470/5 129/469/5 130/468/5 82/467/5
f 136/474/38 135/473/38 134/472/38 133/471/38
f 134/472/38 135/473/38 138/476/38 137/475/38
f 142/480/38 141/479/38 140/478/38 139/477/38
f 140/478/38 141/479/38 144/482/38 143/481/38
f 142/480/38 135/473/38 136/474/38 141/479/38
f 91/486/42 139/485/42 140/484/42 92/483/42
f 87/490/40 88/489/40 89/488/40 90/487/40
f 89/488/40 88/489/40 85/492/40 86/491/40
f 144/496/43 96/495/43 95/494/43 143/493/43
f 137/500/5 89/499/5 86/498/5 134/497/5
f 95/504/6 92/503/6 140/502/6 143/501/6
f 141/508/43 136/507/43 88/506/43 93/505/43
f 133/512/43 134/511/43 86/510/43 85/509/43
f 85/516/6 88/515/6 136/514/6 133/513/6
f 93/520/5 96/519/5 144/518/5 141/517/5
f 94/524/42 87/523/42 135/522/42 142/521/42
f 90/528/42 89/527/42 137/526/42 138/525/42
f 87/532/6 90/531/6 138/530/6 135/529/6
f 91/536/5 94/535/5 142/534/5 139/533/5
f 148/540/44 147/539/44 146/538/44 145/537/44
f 145/544/43 146/543/43 150/542/43 149/541/43
f 149/548/45 150/547/45 152/546/45 151/545/45
f 151/552/46 152/551/46 147/550/46 148/549/46
f 147/556/5 152/555/5 150/554/5 146/553/5
f 156/560/44 155/559/44 154/558/44 153/557/44
f 155/564/41 158/563/41 157/562/41 154/561/41
f 158/568/45 160/567/45 159/566/45 157/565/45
f 160/572/39 156/571/39 153/570/39 159/569/39
f 153/576/5 154/575/5 157/574/5 159/573/5
f 164/580/47 163/579/47 162/578/47 161/577/47
f 161/584/48 162/583/48 166/582/48 165/581/48
f 165/588/49 166/587/49 168/586/49 167/585/49
f 167/592/46 168/591/46 163/590/46 164/589/46
f 163/596/5 168/595/5 166/594/5 162/593/5
f 167/600/6 164/599/6 161/598/6 165/597/6
f 172/604/50 171/603/50 170/602/50 169/601/50
f 174/606/50 173/605/50 169/601/50 170/602/50
f 178/610/50 177/609/50 176/608/50 175/607/50
f 175/607/50 180/612/50 179/611/50 178/610/50
f 169/601/50 178/610/50 179/611/50 172/604/50
f 129/616/51 128/615/51 176/614/51 177/613/51
f 128/620/52 129/619/52 130/618/52 131/617/52
f 131/617/52 132/622/52 127/621/52 128/620/52
f 180/626/53 175/625/53 127/624/53 132/623/53
f 174/630/5 170/629/5 122/628/5 126/627/5
f 127/634/6 175/633/6 176/632/6 128/631/6
f 179/638/54 131/637/54 124/636/54 172/635/54
f 171/642/53 123/641/53 122/640/53 170/639/53
f 123/646/6 171/645/6 172/644/6 124/643/6
f 131/650/5 179/649/5 180/648/5 132/647/5
f 130/654/55 178/653/55 169/652/55 121/651/55
f 125/658/51 173/657/51 174/656/51 126/655/51
f 121/662/6 169/661/6 173/660/6 125/659/6
f 129/666/5 177/665/5 178/664/5 130/663/5
f 184/670/50 183/669/50 182/668/50 181/667/50
f 182/668/50 183/669/50 186/672/50 185/671/50
f 190/676/50 189/675/50 188/674/50 187/673/50
f 188/674/50 189/675/50 192/678/50 191/677/50
f 190/676/50 183/669/50 184/670/50 189/675/50
f 139/682/56 187/681/56 188/680/56 140/679/56
f 135/686/52 136/685/52 137/684/52 138/683/52
f 137/684/52 136/685/52 133/688/52 134/687/52
f 192/692/35 144/691/35 143/690/35 191/689/35
f 185/696/5 137/695/5 134/694/5 182/693/5
f 143/700/6 140/699/6 188/698/6 191/697/6
f 189/704/35 184/703/35 136/702/35 141/701/35
f 181/708/35 182/707/35 134/706/35 133/705/35
f 133/712/6 136/711/6 184/710/6 181/709/6
f 141/716/5 144/715/5 192/714/5 189/713/5
f 142/720/57 135/719/57 183/718/57 190/717/57
f 138/724/56 137/723/56 185/722/56 186/721/56
f 135/728/6 138/727/6 186/726/6 183/725/6
f 139/732/5 142/731/5 190/730/5 187/729/5
f 196/736/58 195/735/58 194/734/58 193/733/58
f 193/740/59 194/739/59 198/738/59 197/737/59
f 197/744/60 198/743/60 200/742/60 199/741/60
f 199/748/57 200/747/57 195/746/57 196/745/57
f 195/752/5 200/751/5 198/750/5 194/749/5
f 204/756/58 203/755/58 202/754/58 201/753/58
f 203/760/53 206/759/53 205/758/53 202/757/53
f 206/764/60 208/763/60 207/762/60 205/761/60
f 208/768/55 204/767/55 201/766/55 207/765/55
f 201/772/5 202/771/5 205/770/5 207/769/5
f 212/776/61 211/775/61 210/774/61 209/773/61
f 209/780/62 210/779/62 214/778/62 213/777/62
f 213/784/63 214/783/63 216/782/63 215/781/63
f 215/788/64 216/787/64 211/786/64 212/785/64
f 211/792/5 216/791/5 214/790/5 210/789/5
f 215/796/6 212/795/6 209/794/6 213/793/6
f 220/800/65 219/799/65 218/798/65 217/797/65
f 222/802/65 221/801/65 217/797/65 218/798/65
f 226/806/65 225/805/65 224/804/65 223/803/65
f 223/803/65 228/808/65 227/807/65 226/806/65
f 217/797/65 226/806/65 227/807/65 220/800/65
f 177/812/66 176/811/66 224/810/66 225/809/66
f 176/816/67 177/815/67 178/814/67 179/813/67
f 179/813/67 180/818/67 175/817/67 176/816/67
f 228/822/68 223/821/68 175/820/68 180/819/68
f 222/826/5 218/825/5 170/824/5 174/823/5
f 175/830/6 223/829/6 224/828/6 176/827/6
f 227/834/69 179/833/69 172/832/69 220/831/69
f 219/838/69 171/837/69 170/836/69 218/835/69
f 171/842/6 219/841/6 220/840/6 172/839/6
f 179/846/5 227/845/5 228/844/5 180/843/5
f 178/850/70 226/849/70 217/848/70 169/847/70
f 173/854/70 221/853/70 222/852/70 174/851/70
f 169/858/6 217/857/6 221/856/6 173/855/6
f 177/862/5 225/861/5 226/860/5 178/859/5
f 232/866/65 231/865/65 230/864/65 229/863/65
f 230/864/65 231/865/65 234/868/65 233/867/65
f 238/872/65 237/871/65 236/870/65 235/869/65
f 236/870/65 237/871/65 240/874/65 239/873/65
f 238/872/65 231/865/65 232/866/65 237/871/65
f 187/878/71 235/877/71 236/876/71 188/875/71
f 183/882/67 184/881/67 185/880/67 186/879/67
f 185/880/67 184/881/67 181/884/67 182/883/67
f 240/888/72 192/887/72 191/886/72 239/885/72
f 233/892/5 185/891/5 182/890/5 230/889/5
f 191/896/6 188/895/6 236/894/6 239/893/6
f 237/900/73 232/899/73 184/898/73 189/897/73
f 229/904/73 230/903/73 182/902/73 181/901/73
f 181/908/6 184/907/6 232/906/6 229/905/6
f 189/912/5 192/911/5 240/910/5 237/909/5
f 190/916/74 183/915/74 231/914/74 238/913/74
f 186/920/71 185/919/71 233/918/71 234/917/71
f 183/924/6 186/923/6 234/922/6 231/921/6
f 187/928/5 190/927/5 238/926/5 235/925/5
f 244/932/75 243/931/75 242/930/75 241/929/75
f 241/936/76 242/935/76 246/934/76 245/933/76
f 245/940/77 246/939/77 248/938/77 247/937/77
f 247/944/78 248/943/78 243/942/78 244/941/78
f 243/948/5 248/947/5 246/946/5 242/945/5
f 252/952/75 251/951/75 250/950/75 249/949/75
f 251/956/16 254/955/16 253/954/16 250/953/16
f 254/960/77 256/959/77 255/958/77 253/957/77
f 256/964/79 252/963/79 249/962/79 255/961/79
f 249/968/5 250/967/5 253/966/5 255/965/5
f 260/972/80 259/971/80 258/970/80 257/969/80
f 257/976/81 258/975/81 262/974/81 261/973/81
f 261/980/82 262/979/82 264/978/82 263/977/82
f 263/984/83 264/983/83 259/982/83 260/981/83
f 259/988/5 264/987/5 262/986/5 258/985/5
f 263/992/6 260/991/6 257/990/6 261/989/6
f 268/996/84 267/995/84 266/994/84 265/993/84
f 270/998/84 269/997/84 265/993/84 266/994/84
f 274/1002/84 273/1001/84 272/1000/84 271/999/84
f 271/999/84 276/1004/84 275/1003/84 274/1002/84
f 265/993/84 274/1002/84 275/1003/84 268/996/84
f 225/1008/85 224/1007/85 272/1006/85 273/1005/85
f 224/1012/86 225/1011/86 226/1010/86 227/1009/86
f 227/1009/86 228/1014/86 223/1013/86 224/1012/86
f 276/1018/87 271/1017/87 223/1016/87 228/1015/87
f 270/1022/5 266/1021/5 218/1020/5 222/1019/5
f 223/1026/6 271/1025/6 272/1024/6 224/1023/6
f 275/1030/88 227/1029/88 220/1028/88 268/1027/88
f 267/1034/87 219/1033/87 218/1032/87 266/1031/87
f 219/1038/6 267/1037/6 268/1036/6 220/1035/6
f 227/1042/5 275/1041/5 276/1040/5 228/1039/5
f 226/1046/85 274/1045/85 265/1044/85 217/1043/85
f 221/1050/85 269/1049/85 270/1048/85 222/1047/85
f 217/1054/6 265/1053/6 269/1052/6 221/1051/6
f 225/1058/5 273/1057/5 274/1056/5 226/1055/5
f 280/1062/84 279/1061/84 278/1060/84 277/1059/84
f 278/1060/84 279/1061/84 282/1064/84 281/1063/84
f 286/1068/84 285/1067/84 284/1066/84 283/1065/84
f 284/1066/84 285/1067/84 288/1070/84 287/1069/84
f 286/1068/84 279/1061/84 280/1062/84 285/1067/84
f 235/1074/89 283/1073/89 284/1072/89 236/1071/89
f 231/1078/86 232/1077/86 233/1076/86 234/1075/86
f 233/1076/86 232/1077/86 229/1080/86 230/1079/86
f 288/1084/90 240/1083/90 239/1082/90 287/1081/90
f 281/1088/5 233/1087/5 230/1086/5 278/1085/5
f 239/1092/6 236/1091/6 284/1090/6 287/1089/6
f 285/1096/91 280/1095/91 232/1094/91 237/1093/91
f 277/1100/91 278/1099/91 230/1098/91 229/1097/91
f 229/1104/6 232/1103/6 280/1102/6 277/1101/6
f 237/1108/5 240/1107/5 288/1106/5 285/1105/5
f 238/1112/92 231/1111/92 279/1110/92 286/1109/92
f 234/1116/92 233/1115/92 281/1114/92 282/1113/92
f 231/1120/6 234/1119/6 282/1118/6 279/1117/6
f 235/1124/5 238/1123/5 286/1122/5 283/1121/5
f 292/1128/93 291/1127/93 290/1126/93 289/1125/93
f 289/1132/94 290/1131/94 294/1130/94 293/1129/94
f 293/1136/95 294/1135/95 296/1134/95 295/1133/95
f 295/1140/96 296/1139/96 291/1138/96 292/1137/96
f 291/1144/5 296/1143/5 294/1142/5 290/1141/5
f 300/1148/93 299/1147/93 298/1146/93 297/1145/93
f 299/1152/97 302/1151/97 301/1150/97 298/1149/97
f 302/1156/95 304/1155/95 303/1154/95 301/1153/95
f 304/1160/98 300/1159/98 297/1158/98 303/1157/98
f 297/1164/5 298/1163/5 301/1162/5 303/1161/5
f 308/1168/99 307/1167/99 306/1166/99 305/1165/99
f 305/1172/100 306/1171/100 310/1170/100 309/1169/100
f 309/1176/101 310/1175/101 312/1174/101 311/1173/101
f 311/1180/102 312/1179/102 307/1178/102 308/1177/102
f 307/1184/5 312/1183/5 310/1182/5 306/1181/5
f 311/1188/6 308/1187/6 305/1186/6 309/1185/6
f 316/1192/103 315/1191/103 314/1190/103 313/1189/103
f 318/1194/103 317/1193/103 313/1189/103 314/1190/103
f 322/1198/103 321/1197/103 320/1196/103 319/1195/103
f 319/1195/103 324/1200/103 323/1199/103 322/1198/103
f 313/1189/103 322/1198/103 323/1199/103 316/1192/103
f 273/1204/104 272/1203/104 320/1202/104 321/1201/104
f 272/1208/105 273/1207/105 274/1206/105 275/1205/105
f 275/1205/105 276/1210/105 271/1209/105 272/1208/105
f 324/1214/106 319/1213/106 271/1212/106 276/1211/106
f 318/1218/5 314/1217/5 266/1216/5 270/1215/5
f 271/1222/6 319/1221/6 320/1220/6 272/1219/6
f 323/1226/106 275/1225/106 268/1224/106 316/1223/106
f 315/1230/106 267/1229/106 266/1228/106 314/1227/106
f 267/1234/6 315/1233/6 316/1232/6 268/1231/6
f 275/1238/5 323/1237/5 324/1236/5 276/1235/5
f 274/1242/107 322/1241/107 313/1240/107 265/1239/107
f 269/1246/107 317/1245/107 318/1244/107 270/1243/107
f 265/1250/6 313/1249/6 317/1248/6 269/1247/6
f 273/1254/5 321/1253/5 322/1252/5 274/1251/5
f 328/1258/103 327/1257/103 326/1256/103 325/1255/103
f 326/1256/103 327/1257/103 330/1260/103 329/1259/103
f 334/1264/103 333/1263/103 332/1262/103 331/1261/103
f 332/1262/103 333/1263/103 336/1266/103 335/1265/103
f 334/1264/103 327/1257/103 328/1258/103 333/1263/103
f 283/1270/108 331/1269/108 332/1268/108 284/1267/108
f 279/1274/105 280/1273/105 281/1272/105 282/1271/105
f 281/1272/105 280/1273/105 277/1276/105 278/1275/105
f 336/1280/109 288/1279/109 287/1278/109 335/1277/109
f 329/1284/5 281/1283/5 278/1282/5 326/1281/5
f 287/1288/6 284/1287/6 332/1286/6 335/1285/6
f 333/1292/109 328/1291/109 280/1290/109 285/1289/109
f 325/1296/109 326/1295/109 278/1294/109 277/1293/109
f 277/1300/6 280/1299/6 328/1298/6 325/1297/6
f 285/1304/5 288/1303/5 336/1302/5 333/1301/5
f 286/1308/110 279/1307/110 327/1306/110 334/1305/110
f 282/1312/108 281/1311/108 329/1310/108 330/1309/108
f 279/1316/6 282/1315/6 330/1314/6 327/1313/6
f 283/1320/5 286/1319/5 334/1318/5 331/1317/5
f 340/1324/111 339/1323/111 338/1322/111 337/1321/111
f 337/1328/109 338/1327/109 342/1326/109 341/1325/109
f 341/1332/112 342/1331/112 344/1330/112 343/1329/112
f 343/1336/110 344/1335/110 339/1334/110 340/1333/110
f 339/1340/5 344/1339/5 342/1338/5 338/1337/5
f 348/1344/111 347/1343/111 346/1342/111 345/1341/111
f 347/1348/106 350/1347/106 349/1346/106 346/1345/106
f 350/1352/112 352/1351/112 351/1350/112 349/1349/112
f 352/1356/113 348/1355/113 345/1354/113 351/1353/113
f 345/1360/5 346/1359/5 349/1358/5 351/1357/5
f 356/1364/114 355/1363/114 354/1362/114 353/1361/114
f 353/1368/115 354/1367/115 358/1366/115 357/1365/115
f 357/1372/116 358/1371/116 360/1370/116 359/1369/116
f 359/1376/117 360/1375/117 355/1374/117 356/1373/117
f 355/1380/5 360/1379/5 358/1378/5 354/1377/5
f 359/1384/6 356/1383/6 353/1382/6 357/1381/6
f 364/1388/118 363/1387/118 362/1386/118 361/1385/118
f 366/1390/118 365/1389/118 361/1385/118 362/1386/118
f 370/1394/118 369/1393/118 368/1392/118 367/1391/118
f 367/1391/118 372/1396/118 371/1395/118 370/1394/118
f 361/1385/118 370/1394/118 371/1395/118 364/1388/118
f 321/1400/119 320/1399/119 368/1398/119 369/1397/119
f 320/1404/120 321/1403/120 322/1402/120 323/1401/120
f 323/1401/120 324/1406/120 319/1405/120 320/1404/120
f 372/1410/110 367/1409/110 319/1408/110 324/1407/110
f 366/1414/5 362/1413/5 314/1412/5 318/1411/5
f 319/1418/6 367/1417/6 368/1416/6 320/1415/6
f 371/1422/110 323/1421/110 316/1420/110 364/1419/110
f 363/1426/110 315/1425/110 314/1424/110 362/1423/110
f 315/1430/6 363/1429/6 364/1428/6 316/1427/6
f 323/1434/5 371/1433/5 372/1432/5 324/1431/5
f 322/1438/119 370/1437/119 361/1436/119 313/1435/119
f 317/1442/119 365/1441/119 366/1440/119 318/1439/119
f 313/1446/6 361/1445/6 365/1444/6 317/1443/6
f 321/1450/5 369/1449/5 370/1448/5 322/1447/5
f 376/1454/118 375/1453/118 374/1452/118 373/1451/118
f 374/1452/118 375/1453/118 378/1456/118 377/1455/118
f 382/1460/118 381/1459/118 380/1458/118 379/1457/118
f 380/1458/118 381/1459/118 384/1462/118 383/1461/118
f 382/1460/118 375/1453/118 376/1454/118 381/1459/118
f 331/1466/121 379/1465/121 380/1464/121 332/1463/121
f 327/1470/120 328/1469/120 329/1468/120 330/1467/120
f 329/1468/120 328/1469/120 325/1472/120 326/1471/120
f 384/1476/113 336/1475/113 335/1474/113 383/1473/113
f 377/1480/5 329/1479/5 326/1478/5 374/1477/5
f 335/1484/6 332/1483/6 380/1482/6 383/1481/6
f 381/1488/113 376/1487/113 328/1486/113 333/1485/113
f 373/1492/113 374/1491/113 326/1490/113 325/1489/113
f 325/1496/6 328/1495/6 376/1494/6 373/1493/6
f 333/1500/5 336/1499/5 384/1498/5 381/1497/5
f 334/1504/121 327/1503/121 375/1502/121 382/1501/121
f 330/1508/121 329/1507/121 377/1506/121 378/1505/121
f 327/1512/6 330/1511/6 378/1510/6 375/1509/6
f 331/1516/5 334/1515/5 382/1514/5 379/1513/5
f 388/1520/122 387/1519/122 386/1518/122 385/1517/122
f 385/1524/113 386/1523/113 390/1522/113 389/1521/113
f 389/1528/123 390/1527/123 392/1526/123 391/1525/123
f 391/1532/124 392/1531/124 387/1530/124 388/1529/124
f 387/1536/5 392/1535/5 390/1534/5 386/1533/5
f 396/1540/122 395/1539/122 394/1538/122 393/1537/122
f 395/1544/108 398/1543/108 397/1542/108 394/1541/108
f 398/1548/123 400/1547/123 399/1546/123 397/1545/123
f 400/1552/119 396/1551/119 393/1550/119 399/1549/119
f 393/1556/5 394/1555/5 397/1554/5 399/1553/5
f 404/1560/125 403/1559/125 402/1558/125 401/1557/125
f 401/1564/126 402/1563/126 406/1562/126 405/1561/126
f 405/1568/127 406/1567/127 408/1566/127 407/1565/127
f 407/1572/128 408/1571/128 403/1570/128 404/1569/128
f 403/1576/5 408/1575/5 406/1574/5 402/1573/5
f 407/1580/6 404/1579/6 401/1578/6 405/1577/6
f 412/1584/129 411/1583/129 410/1582/129 409/1581/129
f 414/1586/129 413/1585/129 409/1581/129 410/1582/129
f 418/1590/130 417/1589/130 416/1588/130 415/1587/129
f 415/1587/129 420/1592/129 419/1591/129 418/1590/130
f 409/1581/129 418/1590/129 419/1591/129 412/1584/129
f 369/1596/131 368/1595/131 416/1594/131 417/1593/131
f 368/1600/132 369/1599/132 370/1598/132 371/1597/132
f 371/1597/132 372/1602/132 367/1601/132 368/1600/132
f 420/1606/133 415/1605/133 367/1604/133 372/1603/133
f 414/1610/5 410/1609/5 362/1608/5 366/1607/5
f 367/1614/6 415/1613/6 416/1612/6 368/1611/6
f 419/1618/96 371/1617/96 364/1616/96 412/1615/96
f 411/1622/96 363/1621/96 362/1620/96 410/1619/96
f 363/1626/6 411/1625/6 412/1624/6 364/1623/6
f 371/1630/5 419/1629/5 420/1628/5 372/1627/5
f 370/1634/134 418/1633/134 409/1632/134 361/1631/134
f 365/1638/131 413/1637/131 414/1636/131 366/1635/131
f 361/1642/6 409/1641/6 413/1640/6 365/1639/6
f 369/1646/5 417/1645/5 418/1644/5 370/1643/5
f 424/1650/129 423/1649/129 422/1648/129 421/1647/129
f 422/1648/129 423/1649/129 426/1652/129 425/1651/129
f 430/1656/130 429/1655/129 428/1654/130 427/1653/130
f 428/1654/130 429/1655/129 432/1658/130 431/1657/130
f 430/1656/130 423/1649/129 424/1650/129 429/1655/129
f 379/1662/135 427/1661/135 428/1660/135 380/1659/135
f 375/1666/132 376/1665/132 377/1664/132 378/1663/132
f 377/1664/132 376/1665/132 373/1668/132 374/1667/132
f 432/1672/85 384/1671/85 383/1670/85 431/1669/85
f 425/1676/5 377/1675/5 374/1674/5 422/1673/5
f 383/1680/6 380/1679/6 428/1678/6 431/1677/6
f 429/1684/136 424/1683/136 376/1682/136 381/1681/136
f 421/1688/85 422/1687/85 374/1686/85 373/1685/85
f 373/1692/6 376/1691/6 424/1690/6 421/1689/6
f 381/1696/5 384/1695/5 432/1694/5 429/1693/5
f 382/1700/137 375/1699/137 423/1698/137 430/1697/137
f 378/1704/135 377/1703/135 425/1702/135 426/1701/135
f 375/1708/6 378/1707/6 426/1706/6 423/1705/6
f 379/1712/5 382/1711/5 430/1710/5 427/1709/5
f 436/1716/138 435/1715/138 434/1714/138 433/1713/138
f 433/1720/98 434/1719/98 438/1718/98 437/1717/98
f 437/1724/139 438/1723/139 440/1722/139 439/1721/139
f 439/1728/140 440/1727/140 435/1726/140 436/1725/140
f 435/1732/5 440/1731/5 438/1730/5 434/1729/5
f 444/1736/138 443/1735/138 442/1734/138 441/1733/138
f 443/1740/141 446/1739/141 445/1738/141 442/1737/141
f 446/1744/139 448/1743/139 447/1742/139 445/1741/139
f 448/1748/91 444/1747/91 441/1746/91 447/1745/91
f 441/1752/5 442/1751/5 445/1750/5 447/1749/5
f 452/1756/142 451/1755/142 450/1754/142 449/1753/142
f 449/1760/143 450/1759/143 454/1758/143 453/1757/143
f 453/1764/144 454/1763/144 456/1762/144 455/1761/144
f 455/1768/145 456/1767/145 451/1766/145 452/1765/145
f 451/1772/5 456/1771/5 454/1770/5 450/1769/5
f 455/1776/6 452/1775/6 449/1774/6 453/1773/6
f 460/1780/146 459/1779/146 458/1778/146 457/1777/146
f 462/1782/146 461/1781/146 457/1777/146 458/1778/146
f 466/1786/146 465/1785/146 464/1784/146 463/1783/146
f 463/1783/146 468/1788/146 467/1787/146 466/1786/146
f 457/1777/146 466/1786/146 467/1787/146 460/1780/146
f 417/1792/147 416/1791/147 464/1790/147 465/1789/147
f 416/1796/149 417/1795/149 418/1794/149 419/1793/148
f 419/1793/148 420/1798/148 415/1797/148 416/1796/149
f 468/1802/150 463/1801/150 415/1800/150 420/1799/150
f 462/1806/5 458/1805/5 410/1804/5 414/1803/5
f 415/1810/6 463/1809/6 464/1808/6 416/1807/6
f 467/1814/150 419/1813/150 412/1812/150 460/1811/150
f 459/1818/150 411/1817/150 410/1816/150 458/1815/150
f 411/1822/6 459/1821/6 460/1820/6 412/1819/6
f 419/1826/5 467/1825/5 468/1824/5 420/1823/5
f 418/1830/151 466/1829/151 457/1828/151 409/1827/151
f 413/1834/151 461/1833/151 462/1832/151 414/1831/151
f 409/1838/6 457/1837/6 461/1836/6 413/1835/6
f 417/1842/5 465/1841/5 466/1840/5 418/1839/5
f 472/1846/146 471/1845/146 470/1844/146 469/1843/146
f 470/1844/146 471/1845/146 474/1848/146 473/1847/146
f 478/1852/146 477/1851/146 476/1850/146 475/1849/146
f 476/1850/146 477/1851/146 480/1854/146 479/1853/146
f 478/1852/146 471/1845/146 472/1846/146 477/1851/146
f 427/1858/152 475/1857/152 476/1856/152 428/1855/152
f 423/1862/148 424/1861/148 425/1860/148 426/1859/148
f 425/1860/148 424/1861/148 421/1864/148 422/1863/148
f 480/1868/153 432/1867/153 431/1866/153 479/1865/153
f 473/1872/5 425/1871/5 422/1870/5 470/1869/5
f 431/1876/6 428/1875/6 476/1874/6 479/1873/6
f 477/1880/154 472/1879/154 424/1878/154 429/1877/154
f 469/1884/153 470/1883/153 422/1882/153 421/1881/153
f 421/1888/6 424/1887/6 472/1886/6 469/1885/6
f 429/1892/5 432/1891/5 480/1890/5 477/1889/5
f 430/1896/155 423/1895/155 471/1894/155 478/1893/155
f 426/1900/152 425/1899/152 473/1898/152 474/1897/152
f 423/1904/6 426/1903/6 474/1902/6 471/1901/6
f 427/1908/5 430/1907/5 478/1906/5 475/1905/5
f 484/1912/156 483/1911/156 482/1910/156 481/1909/156
f 481/1916/157 482/1915/157 486/1914/157 485/1913/157
f 485/1920/158 486/1919/158 488/1918/158 487/1917/158
f 487/1924/159 488/1923/159 483/1922/159 484/1921/159
f 483/1928/5 488/1927/5 486/1926/5 482/1925/5
f 492/1932/160 491/1931/160 490/1930/160 489/1929/160
f 491/1936/161 494/1935/161 493/1934/161 490/1933/161
f 494/1940/158 496/1939/158 495/1938/158 493/1937/158
f 496/1944/162 492/1943/162 489/1942/162 495/1941/162
f 489/1948/5 490/1947/5 493/1946/5 495/1945/5
f 500/1952/163 499/1951/163 498/1950/163 497/1949/163
f 497/1956/164 498/1955/164 502/1954/164 501/1953/164
f 501/1960/165 502/1959/165 504/1958/165 503/1957/165
f 503/1964/166 504/1963/166 499/1962/166 500/1961/166
f 499/1968/5 504/1967/5 502/1966/5 498/1965/5
f 503/1972/6 500/1971/6 497/1970/6 501/1969/6
f 508/1976/167 507/1975/167 506/1974/167 505/1973/167
f 510/1978/167 509/1977/167 505/1973/167 506/1974/167
f 514/1982/167 513/1981/167 512/1980/167 511/1979/167
f 511/1979/167 516/1984/167 515/1983/167 514/1982/167
f 505/1973/167 514/1982/167 515/1983/167 508/1976/167
f 465/1988/168 464/1987/168 512/1986/168 513/1985/168
f 464/1992/169 465/1991/169 466/1990/169 467/1989/169
f 467/1989/169 468/1994/169 463/1993/169 464/1992/169
f 516/1998/170 511/1997/170 463/1996/170 468/1995/170
f 510/2002/5 506/2001/5 458/2000/5 462/1999/5
f 463/2006/6 511/2005/6 512/2004/6 464/2003/6
f 515/2010/171 467/2009/171 460/2008/171 508/2007/171
f 507/2014/170 459/2013/170 458/2012/170 506/2011/170
f 459/2018/6 507/2017/6 508/2016/6 460/2015/6
f 467/2022/5 515/2021/5 516/2020/5 468/2019/5
f 466/2026/172 514/2025/172 505/2024/172 457/2023/172
f 461/2030/168 509/2029/168 510/2028/168 462/2027/168
f 457/2034/6 505/2033/6 509/2032/6 461/2031/6
f 465/2038/5 513/2037/5 514/2036/5 466/2035/5
f 520/2042/167 519/2041/167 518/2040/167 517/2039/167
f 518/2040/167 519/2041/167 522/2044/167 521/2043/167
f 526/2048/167 525/2047/167 524/2046/167 523/2045/167
f 524/2046/167 525/2047/167 528/2050/167 527/2049/167
f 526/2048/167 519/2041/167 520/2042/167 525/2047/167
f 475/2054/173 523/2053/173 524/2052/173 476/2051/173
f 471/2058/169 472/2057/169 473/2056/169 474/2055/169
f 473/2056/169 472/2057/169 469/2060/169 470/2059/169
f 528/2064/174 480/2063/174 479/2062/174 527/2061/174
f 521/2068/5 473/2067/5 470/2066/5 518/2065/5
f 479/2072/6 476/2071/6 524/2070/6 527/2069/6
f 525/2076/175 520/2075/175 472/2074/175 477/2073/175
f 517/2080/176 518/2079/176 470/2078/176 469/2077/176
f 469/2084/6 472/2083/6 520/2082/6 517/2081/6
f 477/2088/5 480/2087/5 528/2086/5 525/2085/5
f 478/2092/173 471/2091/173 519/2090/173 526/2089/173
f 474/2096/173 473/2095/173 521/2094/173 522/2093/173
f 471/2100/6 474/2099/6 522/2098/6 519/2097/6
f 475/2104/5 478/2103/5 526/2102/5 523/2101/5
f 532/2108/177 531/2107/177 530/2106/177 529/2105/177
f 529/2112/174 530/2111/174 534/2110/174 533/2109/174
f 533/2116/178 534/2115/178 536/2114/178 535/2113/178
f 535/2120/179 536/2119/179 531/2118/179 532/2117/179
f 531/2124/5 536/2123/5 534/2122/5 530/2121/5
f 540/2128/177 539/2127/177 538/2126/177 537/2125/177
f 539/2132/170 542/2131/170 541/2130/170 538/2129/170
f 542/2136/178 544/2135/178 543/2134/178 541/2133/178
f 544/2140/180 540/2139/180 537/2138/180 543/2137/180
f 537/2144/5 538/2143/5 541/2142/5 543/2141/5
f 548/2148/181 547/2147/181 546/2146/181 545/2145/181
f 545/2152/182 546/2151/182 550/2150/182 549/2149/182
f 549/2156/183 550/2155/183 552/2154/183 551/2153/183
f 551/2160/184 552/2159/184 547/2158/184 548/2157/184
f 547/2164/5 552/2163/5 550/2162/5 546/2161/5
f 551/2168/6 548/2167/6 545/2166/6 549/2165/6
f 556/2172/185 555/2171/185 554/2170/185 553/2169/185
f 558/2174/185 557/2173/185 553/2169/185 554/2170/185
f 562/2178/185 561/2177/185 560/2176/185 559/2175/185
f 559/2175/185 564/2180/185 563/2179/185 562/2178/185
f 553/2169/185 562/2178/185 563/2179/185 556/2172/185
f 513/2184/186 512/2183/186 560/2182/186 561/2181/186
f 512/2188/187 513/2187/187 514/2186/187 515/2185/187
f 515/2185/187 516/2190/187 511/2189/187 512/2188/187
f 564/2194/188 559/2193/188 511/2192/188 516/2191/188
f 558/2198/5 554/2197/5 506/2196/5 510/2195/5
f 511/2202/6 559/2201/6 560/2200/6 512/2199/6
f 563/2206/188 515/2205/188 508/2204/188 556/2203/188
f 555/2210/188 507/2209/188 506/2208/188 554/2207/188
f 507/2214/6 555/2213/6 556/2212/6 508/2211/6
f 515/2218/5 563/2217/5 564/2216/5 516/2215/5
f 514/2222/186 562/2221/186 553/2220/186 505/2219/186
f 509/2226/186 557/2225/186 558/2224/186 510/2223/186
f 505/2230/6 553/2229/6 557/2228/6 509/2227/6
f 513/2234/5 561/2233/5 562/2232/5 514/2231/5
f 568/2238/185 567/2237/185 566/2236/185 565/2235/185
f 566/2236/185 567/2237/185 570/2240/185 569/2239/185
f 574/2244/185 573/2243/185 572/2242/185 571/2241/185
f 572/2242/185 573/2243/185 576/2246/185 575/2245/185
f 574/2244/185 567/2237/189 568/2238/189 573/2243/185
f 523/2250/190 571/2249/190 572/2248/190 524/2247/190
f 519/2254/191 520/2253/187 521/2252/187 522/2251/191
f 521/2252/187 520/2253/187 517/2256/187 518/2255/187
f 576/2260/192 528/2259/192 527/2258/192 575/2257/192
f 569/2264/5 521/2263/5 518/2262/5 566/2261/5
f 527/2268/6 524/2267/6 572/2266/6 575/2265/6
f 573/2272/192 568/2271/192 520/2270/192 525/2269/192
f 565/2276/192 566/2275/192 518/2274/192 517/2273/192
f 517/2280/6 520/2279/6 568/2278/6 565/2277/6
f 525/2284/5 528/2283/5 576/2282/5 573/2281/5
f 526/2288/190 519/2287/190 567/2286/190 574/2285/190
f 522/2292/190 521/2291/190 569/2290/190 570/2289/190
f 519/2296/6 522/2295/6 570/2294/6 567/2293/6
f 523/2300/5 526/2299/5 574/2298/5 571/2297/5
f 580/2304/193 579/2303/193 578/2302/193 577/2301/193
f 577/2308/192 578/2307/192 582/2306/192 581/2305/192
f 581/2312/194 582/2311/194 584/2310/194 583/2309/194
f 583/2316/190 584/2315/190 579/2314/190 580/2313/190
f 579/2320/5 584/2319/5 582/2318/5 578/2317/5
f 588/2324/195 587/2323/195 586/2322/195 585/2321/195
f 587/2328/190 590/2327/190 589/2326/190 586/2325/190
f 590/2332/194 592/2331/194 591/2330/194 589/2329/194
f 592/2336/186 588/2335/186 585/2334/186 591/2333/186
f 585/2340/5 586/2339/5 589/2338/5 591/2337/5
f 596/2344/196 595/2343/196 594/2342/196 593/2341/196
f 593/2348/186 594/2347/186 598/2346/186 597/2345/186
f 597/2352/197 598/2351/197 600/2350/197 599/2349/197
f 599/2356/190 600/2355/190 595/2354/190 596/2353/190
f 595/2360/5 600/2359/5 598/2358/5 594/2357/5
f 599/2364/6 596/2363/6 593/2362/6 597/2361/6
f 604/2368/198 603/2367/198 602/2366/198 601/2365/198
f 606/2370/198 605/2369/198 601/2365/198 602/2366/198
f 610/2374/198 609/2373/198 608/2372/198 607/2371/198
f 607/2371/198 612/2376/198 611/2375/198 610/2374/198
f 601/2365/198 610/2374/198 611/2375/198 604/2368/198
f 561/2380/199 560/2379/199 608/2378/199 609/2377/199
f 560/2384/200 561/2383/200 562/2382/200 563/2381/200
f 563/2381/200 564/2386/200 559/2385/200 560/2384/200
f 612/2390/201 607/2389/201 559/2388/201 564/2387/201
f 606/2394/5 602/2393/5 554/2392/5 558/2391/5
f 559/2398/6 607/2397/6 608/2396/6 560/2395/6
f 611/2402/179 563/2401/179 556/2400/179 604/2399/179
f 603/2406/179 555/2405/179 554/2404/179 602/2403/179
f 555/2410/6 603/2409/6 604/2408/6 556/2407/6
f 563/2414/5 611/2413/5 612/2412/5 564/2411/5
f 562/2418/199 610/2417/199 601/2416/199 553/2415/199
f 557/2422/199 605/2421/199 606/2420/199 558/2419/199
f 553/2426/6 601/2425/6 605/2424/6 557/2423/6
f 561/2430/5 609/2429/5 610/2428/5 562/2427/5
f 616/2434/198 615/2433/198 614/2432/198 613/2431/198
f 614/2432/198 615/2433/198 618/2436/198 617/2435/198
f 622/2440/198 621/2439/198 620/2438/198 619/2437/198
f 620/2438/198 621/2439/198 624/2442/198 623/2441/198
f 622/2440/198 615/2433/198 616/2434/198 621/2439/198
f 571/2446/202 619/2445/202 620/2444/202 572/2443/202
f 567/2450/200 568/2449/200 569/2448/200 570/2447/200
f 569/2448/200 568/2449/200 565/2452/200 566/2451/200
f 624/2456/168 576/2455/168 575/2454/168 623/2453/168
f 617/2460/5 569/2459/5 566/2458/5 614/2457/5
f 575/2464/6 572/2463/6 620/2462/6 623/2461/6
f 621/2468/168 616/2467/168 568/2466/168 573/2465/168
f 613/2472/168 614/2471/168 566/2470/168 565/2469/168
f 565/2476/6 568/2475/6 616/2474/6 613/2473/6
f 573/2480/5 576/2479/5 624/2478/5 621/2477/5
f 574/2484/203 567/2483/203 615/2482/203 622/2481/203
f 570/2488/204 569/2487/204 617/2486/204 618/2485/204
f 567/2492/6 570/2491/6 618/2490/6 615/2489/6
f 571/2496/5 574/2495/5 622/2494/5 619/2493/5
f 628/2500/205 627/2499/205 626/2498/205 625/2497/205
f 625/2504/168 626/2503/168 630/2502/168 629/2501/168
f 629/2508/206 630/2507/206 632/2506/206 631/2505/206
f 631/2512/207 632/2511/207 627/2510/207 628/2509/207
f 627/2516/5 632/2515/5 630/2514/5 626/2513/5
f 636/2520/205 635/2519/205 634/2518/205 633/2517/205
f 635/2524/208 638/2523/208 637/2522/208 634/2521/208
f 638/2528/206 640/2527/206 639/2526/206 637/2525/206
f 640/2532/175 636/2531/175 633/2530/175 639/2529/175
f 633/2536/5 634/2535/5 637/2534/5 639/2533/5
f 644/2540/209 643/2539/209 642/2538/209 641/2537/209
f 641/2544/210 642/2543/210 646/2542/210 645/2541/210
f 645/2548/211 646/2547/211 648/2546/211 647/2545/211
f 647/2552/212 648/2551/212 643/2550/212 644/2549/212
f 643/2556/5 648/2555/5 646/2554/5 642/2553/5
f 647/2560/6 644/2559/6 641/2558/6 645/2557/6
f 652/2564/213 651/2563/213 650/2562/213 649/2561/213
f 654/2566/213 653/2565/213 649/2561/213 650/2562/213
f 658/2570/214 657/2569/214 656/2568/214 655/2567/214
f 655/2567/214 660/2572/214 659/2571/214 658/2570/214
f 649/2561/213 658/2570/214 659/2571/214 652/2564/213
f 609/2576/215 608/2575/215 656/2574/215 657/2573/215
f 608/2580/216 609/2579/216 610/2578/216 611/2577/216
f 611/2577/216 612/2582/216 607/2581/216 608/2580/216
f 660/2586/217 655/2585/217 607/2584/217 612/2583/217
f 654/2590/5 650/2589/5 602/2588/5 606/2587/5
f 607/2594/6 655/2593/6 656/2592/6 608/2591/6
f 659/2598/217 611/2597/217 604/2596/217 652/2595/217
f 651/2602/217 603/2601/217 602/2600/217 650/2599/217
f 603/2606/6 651/2605/6 652/2604/6 604/2603/6
f 611/2610/5 659/2609/5 660/2608/5 612/2607/5
f 610/2614/215 658/2613/215 649/2612/215 601/2611/215
f 605/2618/215 653/2617/215 654/2616/215 606/2615/215
f 601/2622/6 649/2621/6 653/2620/6 605/2619/6
f 609/2626/5 657/2625/5 658/2624/5 610/2623/5
f 664/2630/218 663/2629/213 662/2628/213 661/2627/218
f 662/2628/213 663/2629/213 666/2632/214 665/2631/214
f 670/2636/213 669/2635/213 668/2634/213 667/2633/213
f 668/2634/213 669/2635/213 672/2638/213 671/2637/213
f 670/2636/213 663/2629/213 664/2630/213 669/2635/213
f 619/2642/219 667/2641/219 668/2640/219 620/2639/219
f 615/2646/216 616/2645/216 617/2644/216 618/2643/216
f 617/2644/216 616/2645/216 613/2648/216 614/2647/216
f 672/2652/220 624/2651/220 623/2650/220 671/2649/220
f 665/2656/5 617/2655/5 614/2654/5 662/2653/5
f 623/2660/6 620/2659/6 668/2658/6 671/2657/6
f 669/2664/221 664/2663/221 616/2662/221 621/2661/221
f 661/2668/220 662/2667/220 614/2666/220 613/2665/220
f 613/2672/6 616/2671/6 664/2670/6 661/2669/6
f 621/2676/5 624/2675/5 672/2674/5 669/2673/5
f 622/2680/222 615/2679/222 663/2678/222 670/2677/222
f 618/2684/222 617/2683/222 665/2682/222 666/2681/222
f 615/2688/6 618/2687/6 666/2686/6 663/2685/6
f 619/2692/5 622/2691/5 670/2690/5 667/2689/5
f 676/2696/223 675/2695/223 674/2694/223 673/2693/223
f 673/2700/162 674/2699/162 678/2698/162 677/2697/162
f 677/2704/224 678/2703/224 680/2702/224 679/2701/224
f 679/2708/225 680/2707/225 675/2706/225 676/2705/225
f 675/2712/5 680/2711/5 678/2710/5 674/2709/5
f 684/2716/223 683/2715/223 682/2714/223 681/2713/223
f 683/2720/226 686/2719/226 685/2718/226 682/2717/226
f 686/2724/224 688/2723/224 687/2722/224 685/2721/224
f 688/2728/227 684/2727/227 681/2726/227 687/2725/227
f 681/2732/5 682/2731/5 685/2730/5 687/2729/5
f 692/2736/228 691/2735/228 690/2734/228 689/2733/228
f 689/2740/229 690/2739/229 694/2738/229 693/2737/229
f 693/2744/230 694/2743/230 696/2742/230 695/2741/230
f 695/2748/231 696/2747/231 691/2746/231 692/2745/231
f 691/2752/5 696/2751/5 694/2750/5 690/2749/5
f 695/2756/6 692/2755/6 689/2754/6 693/2753/6
f 700/2760/232 699/2759/232 698/2758/232 697/2757/232
f 702/2762/233 701/2761/233 697/2757/232 698/2758/232
f 706/2766/233 705/2765/233 704/2764/233 703/2763/233
f 703/2763/233 708/2768/233 707/2767/233 706/2766/233
f 697/2757/232 706/2766/232 707/2767/232 700/2760/232
f 657/2772/234 656/2771/234 704/2770/234 705/2769/234
f 656/2776/236 657/2775/236 658/2774/236 659/2773/235
f 659/2773/235 660/2778/235 655/2777/235 656/2776/236
f 708/2782/237 703/2781/237 655/2780/237 660/2779/237
f 702/2786/5 698/2785/5 650/2784/5 654/2783/5
f 655/2790/6 703/2789/6 704/2788/6 656/2787/6
f 707/2794/237 659/2793/237 652/2792/237 700/2791/237
f 699/2798/237 651/2797/237 650/2796/237 698/2795/237
f 651/2802/6 699/2801/6 700/2800/6 652/2799/6
f 659/2806/5 707/2805/5 708/2804/5 660/2803/5
f 658/2810/238 706/2809/238 697/2808/238 649/2807/238
f 653/2814/234 701/2813/234 702/2812/234 654/2811/234
f 649/2818/6 697/2817/6 701/2816/6 653/2815/6
f 657/2822/5 705/2821/5 706/2820/5 658/2819/5
f 712/2826/233 711/2825/233 710/2824/233 709/2823/233
f 710/2824/233 711/2825/233 714/2828/233 713/2827/233
f 718/2832/233 717/2831/232 716/2830/232 715/2829/232
f 716/2830/232 717/2831/232 720/2834/232 719/2833/232
f 718/2832/233 711/2825/233 712/2826/233 717/2831/232
f 667/2838/239 715/2837/239 716/2836/239 668/2835/239
f 663/2842/240 664/2841/235 665/2840/235 666/2839/240
f 665/2840/235 664/2841/235 661/2844/236 662/2843/236
f 720/2848/241 672/2847/241 671/2846/241 719/2845/241
f 713/2852/5 665/2851/5 662/2850/5 710/2849/5
f 671/2856/6 668/2855/6 716/2854/6 719/2853/6
f 717/2860/242 712/2859/242 664/2858/242 669/2857/242
f 709/2864/242 710/2863/242 662/2862/242 661/2861/242
f 661/2868/6 664/2867/6 712/2866/6 709/2865/6
f 669/2872/5 672/2871/5 720/2870/5 717/2869/5
f 670/2876/243 663/2875/243 711/2874/243 718/2873/243
f 666/2880/239 665/2879/239 713/2878/239 714/2877/239
f 663/2884/6 666/2883/6 714/2882/6 711/2881/6
f 667/2888/5 670/2887/5 718/2886/5 715/2885/5
f 724/2892/244 723/2891/244 722/2890/244 721/2889/244
f 721/2896/241 722/2895/241 726/2894/241 725/2893/241
f 725/2900/245 726/2899/245 728/2898/245 727/2897/245
f 727/2904/246 728/2903/246 723/2902/246 724/2901/246
f 723/2908/5 728/2907/5 726/2906/5 722/2905/5
f 732/2912/244 731/2911/244 730/2910/244 729/2909/244
f 731/2916/247 734/2915/247 733/2914/247 730/2913/247
f 734/2920/248 736/2919/248 735/2918/248 733/2917/248
f 736/2924/249 732/2923/249 729/2922/249 735/2921/249
f 729/2928/5 730/2927/5 733/2926/5 735/2925/5
f 740/2932/250 739/2931/250 738/2930/250 737/2929/250
f 737/2936/251 738/2935/251 742/2934/251 741/2933/251
f 741/2940/252 742/2939/252 744/2938/252 743/2937/252
f 743/2944/253 744/2943/253 739/2942/253 740/2941/253
f 739/2948/5 744/2947/5 742/2946/5 738/2945/5
f 743/2952/6 740/2951/6 737/2950/6 741/2949/6
f 748/2956/254 747/2955/254 746/2954/254 745/2953/254
f 750/2958/254 749/2957/254 745/2953/254 746/2954/254
f 754/2962/254 753/2961/254 752/2960/254 751/2959/254
f 751/2959/254 756/2964/254 755/2963/254 754/2962/254
f 745/2953/254 754/2962/254 755/2963/254 748/2956/254
f 705/2968/255 704/2967/255 752/2966/255 753/2965/255
f 704/2972/256 705/2971/256 706/2970/256 707/2969/256
f 707/2969/256 708/2974/256 703/2973/256 704/2972/256
f 756/2978/257 751/2977/257 703/2976/257 708/2975/257
f 750/2982/5 746/2981/5 698/2980/5 702/2979/5
f 703/2986/6 751/2985/6 752/2984/6 704/2983/6
f 755/2990/257 707/2989/257 700/2988/257 748/2987/257
f 747/2994/257 699/2993/257 698/2992/257 746/2991/257
f 699/2998/6 747/2997/6 748/2996/6 700/2995/6
f 707/3002/5 755/3001/5 756/3000/5 708/2999/5
f 706/3006/258 754/3005/258 745/3004/258 697/3003/258
f 701/3010/258 749/3009/258 750/3008/258 702/3007/258
f 697/3014/6 745/3013/6 749/3012/6 701/3011/6
f 705/3018/5 753/3017/5 754/3016/5 706/3015/5
f 760/3022/259 759/3021/261 758/3020/260 757/3019/259
f 758/3020/260 759/3021/261 762/3024/261 761/3023/261
f 766/3028/254 765/3027/260 764/3026/254 763/3025/254
f 764/3026/254 765/3027/260 768/3030/259 767/3029/259
f 766/3028/254 759/3021/254 760/3022/254 765/3027/260
f 715/3034/262 763/3033/262 764/3032/262 716/3031/262
f 711/3038/256 712/3037/256 713/3036/256 714/3035/256
f 713/3036/256 712/3037/256 709/3040/256 710/3039/256
f 768/3044/263 720/3043/263 719/3042/263 767/3041/263
f 761/3048/5 713/3047/5 710/3046/5 758/3045/5
f 719/3052/6 716/3051/6 764/3050/6 767/3049/6
f 765/3056/264 760/3055/264 712/3054/264 717/3053/264
f 757/3060/264 758/3059/264 710/3058/264 709/3057/264
f 709/3064/6 712/3063/6 760/3062/6 757/3061/6
f 717/3068/5 720/3067/5 768/3066/5 765/3065/5
f 718/3072/265 711/3071/265 759/3070/265 766/3069/265
f 714/3076/265 713/3075/265 761/3074/265 762/3073/265
f 711/3080/6 714/3079/6 762/3078/6 759/3077/6
f 715/3084/5 718/3083/5 766/3082/5 763/3081/5
f 772/3088/266 771/3087/266 770/3086/266 769/3085/266
f 769/3092/264 770/3091/264 774/3090/264 773/3089/264
f 773/3096/267 774/3095/267 776/3094/267 775/3093/267
f 775/3100/262 776/3099/262 771/3098/262 772/3097/262
f 771/3104/5 776/3103/5 774/3102/5 770/3101/5
f 780/3108/266 779/3107/266 778/3106/266 777/3105/266
f 779/3112/257 782/3111/257 781/3110/257 778/3109/257
f 782/3116/267 784/3115/267 783/3114/267 781/3113/267
f 784/3120/258 780/3119/258 777/3118/258 783/3117/258
f 777/3124/5 778/3123/5 781/3122/5 783/3121/5
f 788/3128/268 787/3127/268 786/3126/268 785/3125/268
f 785/3132/269 786/3131/269 790/3130/269 789/3129/269
f 789/3136/270 790/3135/270 792/3134/270 791/3133/270
f 791/3140/271 792/3139/271 787/3138/271 788/3137/271
f 787/3144/5 792/3143/5 790/3142/5 786/3141/5
f 791/3148/6 788/3147/6 785/3146/6 789/3145/6
f 796/3152/272 795/3151/272 794/3150/272 793/3149/272
f 798/3154/272 797/3153/272 793/3149/272 794/3150/272
f 802/3158/272 801/3157/272 800/3156/272 799/3155/272
f 799/3155/272 804/3160/272 803/3159/272 802/3158/272
f 793/3149/272 802/3158/272 803/3159/272 796/3152/272
f 753/3164/273 752/3163/273 800/3162/273 801/3161/273
f 752/3168/274 753/3167/274 754/3166/274 755/3165/274
f 755/3165/274 756/3170/274 751/3169/274 752/3168/274
f 804/3174/275 799/3173/275 751/3172/275 756/3171/275
f 798/3178/5 794/3177/5 746/3176/5 750/3175/5
f 751/3182/6 799/3181/6 800/3180/6 752/3179/6
f 803/3186/271 755/3185/271 748/3184/271 796/3183/271
f 795/3190/275 747/3189/275 746/3188/275 794/3187/275
f 747/3194/6 795/3193/6 796/3192/6 748/3191/6
f 755/3198/5 803/3197/5 804/3196/5 756/3195/5
f 754/3202/276 802/3201/276 793/3200/276 745/3199/276
f 749/3206/276 797/3205/276 798/3204/276 750/3203/276
f 745/3210/6 793/3209/6 797/3208/6 749/3207/6
f 753/3214/5 801/3213/5 802/3212/5 754/3211/5
f 808/3218/272 807/3217/272 806/3216/272 805/3215/272
f 806/3216/272 807/3217/272 810/3220/272 809/3219/272
f 814/3224/272 813/3223/272 812/3222/272 811/3221/272
f 812/3222/272 813/3223/272 816/3226/272 815/3225/272
f 814/3224/272 807/3217/272 808/3218/272 813/3223/272
f 763/3230/277 811/3229/277 812/3228/277 764/3227/277
f 759/3234/278 760/3233/274 761/3232/278 762/3231/278
f 761/3232/278 760/3233/274 757/3236/274 758/3235/274
f 816/3240/269 768/3239/269 767/3238/269 815/3237/269
f 809/3244/5 761/3243/5 758/3242/5 806/3241/5
f 767/3248/6 764/3247/6 812/3246/6 815/3245/6
f 813/3252/279 808/3251/279 760/3250/279 765/3249/279
f 805/3256/269 806/3255/269 758/3254/269 757/3253/269
f 757/3260/6 760/3259/6 808/3258/6 805/3257/6
f 765/3264/5 768/3263/5 816/3262/5 813/3261/5
f 766/3268/277 759/3267/277 807/3266/277 814/3265/277
f 762/3272/277 761/3271/277 809/3270/277 810/3269/277
f 759/3276/6 762/3275/6 810/3274/6 807/3273/6
f 763/3280/5 766/3279/5 814/3278/5 811/3277/5
f 820/3284/280 819/3283/280 818/3282/280 817/3281/280
f 817/3288/269 818/3287/269 822/3286/269 821/3285/269
f 821/3292/281 822/3291/281 824/3290/281 823/3289/281
f 823/3296/282 824/3295/282 819/3294/282 820/3293/282
f 819/3300/5 824/3299/5 822/3298/5 818/3297/5
f 828/3304/280 827/3303/280 826/3302/280 825/3301/280
f 827/3308/262 830/3307/262 829/3306/262 826/3305/262
f 830/3312/281 832/3311/281 831/3310/281 829/3309/281
f 832/3316/276 828/3315/276 825/3314/276 831/3313/276
f 825/3320/5 826/3319/5 829/3318/5 831/3317/5
f 836/3324/283 835/3323/283 834/3322/283 833/3321/283
f 833/3328/284 834/3327/284 838/3326/284 837/3325/284
f 837/3332/285 838/3331/285 840/3330/285 839/3329/285
f 839/3336/286 840/3335/286 835/3334/286 836/3333/286
f 835/3340/5 840/3339/5 838/3338/5 834/3337/5
f 839/3344/6 836/3343/6 833/3342/6 837/3341/6
f 844/3348/287 843/3347/287 842/3346/287 841/3345/287
f 846/3350/287 845/3349/287 841/3345/287 842/3346/287
f 850/3354/288 849/3353/288 848/3352/288 847/3351/287
f 847/3351/287 852/3356/287 851/3355/287 850/3354/288
f 841/3345/287 850/3354/287 851/3355/287 844/3348/287
f 801/3360/289 800/3359/289 848/3358/289 849/3357/289
f 800/3364/290 801/3363/290 802/3362/290 803/3361/290
f 803/3361/290 804/3366/290 799/3365/290 800/3364/290
f 852/3370/246 847/3369/246 799/3368/246 804/3367/246
f 846/3374/5 842/3373/5 794/3372/5 798/3371/5
f 799/3378/6 847/3377/6 848/3376/6 800/3375/6
f 851/3382/243 803/3381/243 796/3380/243 844/3379/243
f 843/3386/243 795/3385/243 794/3384/243 842/3383/243
f 795/3390/6 843/3389/6 844/3388/6 796/3387/6
f 803/3394/5 851/3393/5 852/3392/5 804/3391/5
f 802/3398/291 850/3397/291 841/3396/291 793/3395/291
f 797/3402/289 845/3401/289 846/3400/289 798/3399/289
f 793/3406/6 841/3405/6 845/3404/6 797/3403/6
f 801/3410/5 849/3409/5 850/3408/5 802/3407/5
f 856/3414/292 855/3413/287 854/3412/287 853/3411/292
f 854/3412/287 855/3413/287 858/3416/287 857/3415/287
f 862/3420/292 861/3419/287 860/3418/293 859/3417/293
f 860/3418/293 861/3419/287 864/3422/294 863/3421/294
f 862/3420/292 855/3413/295 856/3414/295 861/3419/287
f 811/3426/296 859/3425/296 860/3424/296 812/3423/296
f 807/3430/290 808/3429/290 809/3428/290 810/3427/290
f 809/3428/290 808/3429/290 805/3432/290 806/3431/290
f 864/3436/297 816/3435/297 815/3434/297 863/3433/297
f 857/3440/5 809/3439/5 806/3438/5 854/3437/5
f 815/3444/6 812/3443/6 860/3442/6 863/3441/6
f 861/3448/298 856/3447/298 808/3446/298 813/3445/298
f 853/3452/297 854/3451/297 806/3450/297 805/3449/297
f 805/3456/6 808/3455/6 856/3454/6 853/3453/6
f 813/3460/5 816/3459/5 864/3458/5 861/3457/5
f 814/3464/299 807/3463/299 855/3462/299 862/3461/299
f 810/3468/296 809/3467/296 857/3466/296 858/3465/296
f 807/3472/6 810/3471/6 858/3470/6 855/3469/6
f 811/3476/5 814/3475/5 862/3474/5 859/3473/5
f 868/3480/300 867/3479/300 866/3478/300 865/3477/300
f 865/3484/234 866/3483/234 870/3482/234 869/3481/234
f 869/3488/301 870/3487/301 872/3486/301 871/3485/301
f 871/3492/302 872/3491/302 867/3490/302 868/3489/302
f 867/3496/5 872/3495/5 870/3494/5 866/3493/5
f 876/3500/300 875/3499/300 874/3498/300 873/3497/300
f 875/3504/246 878/3503/246 877/3502/246 874/3501/246
f 878/3508/301 880/3507/301 879/3506/301 877/3505/301
f 880/3512/303 876/3511/303 873/3510/303 879/3509/303
f 873/3516/5 874/3515/5 877/3514/5 879/3513/5
f 884/3520/304 883/3519/304 882/3518/304 881/3517/304
f 881/3524/305 882/3523/305 886/3522/305 885/3521/305
f 885/3528/306 886/3527/306 888/3526/306 887/3525/306
f 887/3532/307 888/3531/307 883/3530/307 884/3529/307
f 883/3536/5 888/3535/5 886/3534/5 882/3533/5
f 887/3540/6 884/3539/6 881/3538/6 885/3537/6
f 892/3544/309 891/3543/309 890/3542/309 889/3541/308
f 894/3546/308 893/3545/308 889/3541/308 890/3542/309
f 898/3550/310 897/3549/310 896/3548/310 895/3547/310
f 895/3547/310 900/3552/310 899/3551/310 898/3550/310
f 889/3541/308 898/3550/310 899/3551/310 892/3544/309
f 849/3556/311 848/3555/311 896/3554/311 897/3553/311
f 848/3560/313 849/3559/313 850/3558/313 851/3557/312
f 851/3557/312 852/3562/312 847/3561/312 848/3560/313
f 900/3566/314 895/3565/314 847/3564/314 852/3563/314
f 894/3570/5 890/3569/5 842/3568/5 846/3567/5
f 847/3574/6 895/3573/6 896/3572/6 848/3571/6
f 899/3578/315 851/3577/315 844/3576/315 892/3575/315
f 891/3582/315 843/3581/315 842/3580/315 890/3579/315
f 843/3586/6 891/3585/6 892/3584/6 844/3583/6
f 851/3590/5 899/3589/5 900/3588/5 852/3587/5
f 850/3594/316 898/3593/316 889/3592/316 841/3591/316
f 845/3598/316 893/3597/316 894/3596/316 846/3595/316
f 841/3602/6 889/3601/6 893/3600/6 845/3599/6
f 849/3606/5 897/3605/5 898/3604/5 850/3603/5
f 904/3610/317 903/3609/308 902/3608/317 901/3607/317
f 902/3608/317 903/3609/308 906/3612/308 905/3611/308
f 910/3616/310 909/3615/310 908/3614/310 907/3613/310
f 908/3614/310 909/3615/310 912/3618/308 911/3617/308
f 910/3616/310 903/3609/310 904/3610/310 909/3615/310
f 859/3622/318 907/3621/318 908/3620/318 860/3619/318
f 855/3626/319 856/3625/313 857/3624/312 858/3623/319
f 857/3624/312 856/3625/313 853/3628/313 854/3627/313
f 912/3632/320 864/3631/320 863/3630/320 911/3629/320
f 905/3636/5 857/3635/5 854/3634/5 902/3633/5
f 863/3640/6 860/3639/6 908/3638/6 911/3637/6
f 909/3644/321 904/3643/321 856/3642/321 861/3641/321
f 901/3648/320 902/3647/320 854/3646/320 853/3645/320
f 853/3652/6 856/3651/6 904/3650/6 901/3649/6
f 861/3656/5 864/3655/5 912/3654/5 909/3653/5
f 862/3660/318 855/3659/318 903/3658/318 910/3657/318
f 858/3664/318 857/3663/318 905/3662/318 906/3661/318
f 855/3668/6 858/3667/6 906/3666/6 903/3665/6
f 859/3672/5 862/3671/5 910/3670/5 907/3669/5
f 916/3676/322 915/3675/322 914/3674/322 913/3673/322
f 913/3680/323 914/3679/323 918/3678/323 917/3677/323
f 917/3684/324 918/3683/324 920/3682/324 919/3681/324
f 919/3688/325 920/3687/325 915/3686/325 916/3685/325
f 915/3692/5 920/3691/5 918/3690/5 914/3689/5
f 924/3696/326 923/3695/326 922/3694/326 921/3693/326
f 923/3700/327 926/3699/327 925/3698/327 922/3697/327
f 926/3704/324 928/3703/324 927/3702/324 925/3701/324
f 928/3708/328 924/3707/328 921/3706/328 927/3705/328
f 921/3712/5 922/3711/5 925/3710/5 927/3709/5
f 932/3716/329 931/3715/329 930/3714/329 929/3713/329
f 929/3720/330 930/3719/330 934/3718/330 933/3717/330
f 933/3724/331 934/3723/331 936/3722/331 935/3721/331
f 935/3728/332 936/3727/332 931/3726/332 932/3725/332
f 931/3732/5 936/3731/5 934/3730/5 930/3729/5
f 935/3736/6 932/3735/6 929/3734/6 933/3733/6
f 940/3740/333 939/3739/333 938/3738/333 937/3737/333
f 942/3742/333 941/3741/333 937/3737/333 938/3738/333
f 946/3746/333 945/3745/333 944/3744/333 943/3743/333
f 943/3743/333 948/3748/333 947/3747/333 946/3746/333
f 937/3737/333 946/3746/333 947/3747/333 940/3740/333
f 897/3752/334 896/3751/334 944/3750/334 945/3749/334
f 896/3756/336 897/3755/336 898/3754/336 899/3753/335
f 899/3753/335 900/3758/335 895/3757/335 896/3756/336
f 948/3762/337 943/3761/337 895/3760/337 900/3759/337
f 942/3766/5 938/3765/5 890/3764/5 894/3763/5
f 895/3770/6 943/3769/6 944/3768/6 896/3767/6
f 947/3774/337 899/3773/337 892/3772/337 940/3771/337
f 939/3778/337 891/3777/337 890/3776/337 938/3775/337
f 891/3782/6 939/3781/6 940/3780/6 892/3779/6
f 899/3786/5 947/3785/5 948/3784/5 900/3783/5
f 898/3790/338 946/3789/338 937/3788/338 889/3787/338
f 893/3794/334 941/3793/334 942/3792/334 894/3791/334
f 889/3798/6 937/3797/6 941/3796/6 893/3795/6
f 897/3802/5 945/3801/5 946/3800/5 898/3799/5
f 952/3806/333 951/3805/333 950/3804/333 949/3803/333
f 950/3804/333 951/3805/333 954/3808/333 953/3807/333
f 958/3812/339 957/3811/333 956/3810/333 955/3809/339
f 956/3810/333 957/3811/333 960/3814/340 959/3813/340
f 958/3812/339 951/3805/339 952/3806/339 957/3811/333
f 907/3818/341 955/3817/341 956/3816/341 908/3815/341
f 903/3822/335 904/3821/342 905/3820/335 906/3819/335
f 905/3820/335 904/3821/342 901/3824/342 902/3823/342
f 960/3828/343 912/3827/343 911/3826/343 959/3825/343
f 953/3832/5 905/3831/5 902/3830/5 950/3829/5
f 911/3836/6 908/3835/6 956/3834/6 959/3833/6
f 957/3840/344 952/3839/344 904/3838/344 909/3837/344
f 949/3844/343 950/3843/343 902/3842/343 901/3841/343
f 901/3848/6 904/3847/6 952/3846/6 949/3845/6
f 909/3852/5 912/3851/5 960/3850/5 957/3849/5
f 910/3856/341 903/3855/341 951/3854/341 958/3853/341
f 906/3860/341 905/3859/341 953/3858/341 954/3857/341
f 903/3864/6 906/3863/6 954/3862/6 951/3861/6
f 907/3868/5 910/3867/5 958/3866/5 955/3865/5
f 964/3872/345 963/3871/345 962/3870/345 961/3869/345
f 961/3876/346 962/3875/346 966/3874/346 965/3873/346
f 965/3880/347 966/3879/347 968/3878/347 967/3877/347
f 967/3884/348 968/3883/348 963/3882/348 964/3881/348
f 963/3888/5 968/3887/5 966/3886/5 962/3885/5
f 972/3892/345 971/3891/345 970/3890/345 969/3889/345
f 971/3896/349 974/3895/349 973/3894/349 970/3893/349
f 974/3900/347 976/3899/347 975/3898/347 973/3897/347
f 976/3904/350 972/3903/350 969/3902/350 975/3901/350
f 969/3908/5 970/3907/5 973/3906/5 975/3905/5
f 980/3912/351 979/3911/351 978/3910/351 977/3909/351
f 977/3916/352 978/3915/352 982/3914/352 981/3913/352
f 981/3920/353 982/3919/353 984/3918/353 983/3917/353
f 983/3924/354 984/3923/354 979/3922/354 980/3921/354
f 979/3928/5 984/3927/5 982/3926/5 978/3925/5
f 983/3932/6 980/3931/6 977/3930/6 981/3929/6
f 988/3936/357 987/3935/356 986/3934/356 985/3933/355
f 990/3938/358 989/3937/358 985/3933/355 986/3934/356
f 994/3942/357 993/3941/357 992/3940/357 991/3939/357
f 991/3939/357 996/3944/357 995/3943/357 994/3942/357
f 985/3933/355 994/3942/357 995/3943/357 988/3936/357
f 945/3948/359 944/3947/359 992/3946/359 993/3945/359
f 944/3952/360 945/3951/360 946/3950/360 947/3949/360
f 947/3949/360 948/3954/360 943/3953/360 944/3952/360
f 996/3958/361 991/3957/361 943/3956/361 948/3955/361
f 990/3962/5 986/3961/5 938/3960/5 942/3959/5
f 943/3966/6 991/3965/6 992/3964/6 944/3963/6
f 995/3970/361 947/3969/361 940/3968/361 988/3967/361
f 987/3974/361 939/3973/361 938/3972/361 986/3971/361
f 939/3978/6 987/3977/6 988/3976/6 940/3975/6
f 947/3982/5 995/3981/5 996/3980/5 948/3979/5
f 946/3986/359 994/3985/359 985/3984/359 937/3983/359
f 941/3990/359 989/3989/359 990/3988/359 942/3987/359
f 937/3994/6 985/3993/6 989/3992/6 941/3991/6
f 945/3998/5 993/3997/5 994/3996/5 946/3995/5
f 1000/4002/362 999/4001/355 998/4000/363 997/3999/362
f 998/4000/363 999/4001/355 1002/4004/355 1001/4003/355
f 1006/4008/364 1005/4007/355 1004/4006/355 1003/4005/355
f 1004/4006/355 1005/4007/355 1008/4010/357 1007/4009/357
f 1006/4008/364 999/4001/364 1000/4002/364 1005/4007/355
f 955/4014/365 1003/4013/365 1004/4012/365 956/4011/365
f 951/4018/366 952/4017/360 953/4016/360 954/4015/366
f 953/4016/360 952/4017/360 949/4020/360 950/4019/360
f 1008/4024/367 960/4023/367 959/4022/367 1007/4021/367
f 1001/4028/5 953/4027/5 950/4026/5 998/4025/5
f 959/4032/6 956/4031/6 1004/4030/6 1007/4029/6
f 1005/4036/367 1000/4035/367 952/4034/367 957/4033/367
f 997/4040/367 998/4039/367 950/4038/367 949/4037/367
f 949/4044/6 952/4043/6 1000/4042/6 997/4041/6
f 957/4048/5 960/4047/5 1008/4046/5 1005/4045/5
f 958/4052/368 951/4051/368 999/4050/368 1006/4049/368
f 954/4056/365 953/4055/365 1001/4054/365 1002/4053/365
f 951/4060/6 954/4059/6 1002/4058/6 999/4057/6
f 955/4064/5 958/4063/5 1006/4062/5 1003/4061/5
f 1012/4068/369 1011/4067/369 1010/4066/369 1009/4065/369
f 1009/4072/370 1010/4071/370 1014/4070/370 1013/4069/370
f 1013/4076/371 1014/4075/371 1016/4074/371 1015/4073/371
f 1015/4080/368 1016/4079/368 1011/4078/368 1012/4077/368
f 1011/4084/5 1016/4083/5 1014/4082/5 1010/4081/5
f 1020/4088/369 1019/4087/369 1018/4086/369 1017/4085/369
f 1019/4092/361 1022/4091/361 1021/4090/361 1018/4089/361
f 1022/4096/372 1024/4095/372 1023/4094/372 1021/4093/372
f 1024/4100/373 1020/4099/373 1017/4098/373 1023/4097/373
f 1017/4104/5 1018/4103/5 1021/4102/5 1023/4101/5
f 1028/4108/374 1027/4107/374 1026/4106/374 1025/4105/374
f 1025/4112/373 1026/4111/373 1030/4110/373 1029/4109/373
f 1029/4116/375 1030/4115/375 1032/4114/375 1031/4113/375
f 1031/4120/365 1032/4119/365 1027/4118/365 1028/4117/365
f 1027/4124/5 1032/4123/5 1030/4122/5 1026/4121/5
f 1031/4128/6 1028/4127/6 1025/4126/6 1029/4125/6
f 1036/4132/376 1035/4131/376 1034/4130/376 1033/4129/376
f 1038/4134/376 1037/4133/376 1033/4129/376 1034/4130/376
f 1042/4138/376 1041/4137/376 1040/4136/376 1039/4135/376
f 1039/4135/376 1044/4140/376 1043/4139/376 1042/4138/376
f 1033/4129/376 1042/4138/376 1043/4139/376 1036/4132/376
f 993/4144/377 992/4143/377 1040/4142/377 1041/4141/377
f 992/4148/378 993/4147/378 994/4146/378 995/4145/378
f 995/4145/378 996/4150/378 991/4149/378 992/4148/378
f 1044/4154/379 1039/4153/379 991/4152/379 996/4151/379
f 1038/4158/5 1034/4157/5 986/4156/5 990/4155/5
f 991/4162/6 1039/4161/6 1040/4160/6 992/4159/6
f 1043/4166/354 995/4165/354 988/4164/354 1036/4163/354
f 1035/4170/380 987/4169/380 986/4168/380 1034/4167/380
f 987/4174/6 1035/4173/6 1036/4172/6 988/4171/6
f 995/4178/5 1043/4177/5 1044/4176/5 996/4175/5
f 994/4182/381 1042/4181/381 1033/4180/381 985/4179/381
f 989/4186/377 1037/4185/377 1038/4184/377 990/4183/377
f 985/4190/6 1033/4189/6 1037/4188/6 989/4187/6
f 993/4194/5 1041/4193/5 1042/4192/5 994/4191/5
f 1048/4198/376 1047/4197/382 1046/4196/376 1045/4195/376
f 1046/4196/376 1047/4197/382 1050/4200/382 1049/4199/382
f 1054/4204/383 1053/4203/376 1052/4202/383 1051/4201/383
f 1052/4202/383 1053/4203/376 1056/4206/376 1055/4205/376
f 1054/4204/383 1047/4197/384 1048/4198/384 1053/4203/376
f 1003/4210/385 1051/4209/385 1052/4208/385 1004/4207/385
f 999/4214/386 1000/4213/387 1001/4212/386 1002/4211/386
f 1001/4212/386 1000/4213/387 997/4216/387 998/4215/387
f 1056/4220/388 1008/4219/388 1007/4218/388 1055/4217/388
f 1049/4224/5 1001/4223/5 998/4222/5 1046/4221/5
f 1007/4228/6 1004/4227/6 1052/4226/6 1055/4225/6
f 1053/4232/389 1048/4231/389 1000/4230/389 1005/4229/389
f 1045/4236/388 1046/4235/388 998/4234/388 997/4233/388
f 997/4240/6 1000/4239/6 1048/4238/6 1045/4237/6
f 1005/4244/5 1008/4243/5 1056/4242/5 1053/4241/5
f 1006/4248/385 999/4247/385 1047/4246/385 1054/4245/385
f 1002/4252/385 1001/4251/385 1049/4250/385 1050/4249/385
f 999/4256/6 1002/4255/6 1050/4254/6 1047/4253/6
f 1003/4260/5 1006/4259/5 1054/4258/5 1051/4257/5
f 1060/4264/390 1059/4263/390 1058/4262/390 1057/4261/390
f 1057/4268/391 1058/4267/391 1062/4266/391 1061/4265/391
f 1061/4272/392 1062/4271/392 1064/4270/392 1063/4269/392
f 1063/4276/393 1064/4275/393 1059/4274/393 1060/4273/393
f 1059/4280/5 1064/4279/5 1062/4278/5 1058/4277/5
f 1068/4284/390 1067/4283/390 1066/4282/390 1065/4281/390
f 1067/4288/379 1070/4287/379 1069/4286/379 1066/4285/379
f 1070/4292/394 1072/4291/394 1071/4290/394 1069/4289/394
f 1072/4296/381 1068/4295/381 1065/4294/381 1071/4293/381
f 1065/4300/5 1066/4299/5 1069/4298/5 1071/4297/5
f 1076/4304/395 1075/4303/395 1074/4302/395 1073/4301/395
f 1073/4308/323 1074/4307/323 1078/4306/323 1077/4305/323
f 1077/4312/396 1078/4311/396 1080/4310/396 1079/4309/396
f 1079/4316/397 1080/4315/397 1075/4314/397 1076/4313/397
f 1075/4320/5 1080/4319/5 1078/4318/5 1074/4317/5
f 1079/4324/6 1076/4323/6 1073/4322/6 1077/4321/6
f 1084/4328/399 1083/4327/399 1082/4326/399 1081/4325/398
f 1086/4330/400 1085/4329/400 1081/4325/398 1082/4326/399
f 1090/4334/398 1089/4333/398 1088/4332/398 1087/4331/398
f 1087/4331/398 1092/4336/400 1091/4335/400 1090/4334/398
f 1081/4325/398 1090/4334/401 1091/4335/401 1084/4328/399
f 1041/4340/402 1040/4339/402 1088/4338/402 1089/4337/402
f 1040/4344/403 1041/4343/403 1042/4342/403 1043/4341/403
f 1043/4341/403 1044/4346/403 1039/4345/403 1040/4344/403
f 1092/4350/404 1087/4349/404 1039/4348/404 1044/4347/404
f 1086/4354/5 1082/4353/5 1034/4352/5 1038/4351/5
f 1039/4358/6 1087/4357/6 1088/4356/6 1040/4355/6
f 1091/4362/404 1043/4361/404 1036/4360/404 1084/4359/404
f 1083/4366/404 1035/4365/404 1034/4364/404 1082/4363/404
f 1035/4370/6 1083/4369/6 1084/4368/6 1036/4367/6
f 1043/4374/5 1091/4373/5 1092/4372/5 1044/4371/5
f 1042/4378/402 1090/4377/402 1081/4376/402 1033/4375/402
f 1037/4382/402 1085/4381/402 1086/4380/402 1038/4379/402
f 1033/4386/6 1081/4385/6 1085/4384/6 1037/4383/6
f 1041/4390/5 1089/4389/5 1090/4388/5 1042/4387/5
f 1096/4394/398 1095/4393/398 1094/4392/398 1093/4391/398
f 1094/4392/398 1095/4393/398 1098/4396/400 1097/4395/400
f 1102/4400/399 1101/4399/398 1100/4398/399 1099/4397/399
f 1100/4398/399 1101/4399/398 1104/4402/398 1103/4401/398
f 1102/4400/399 1095/4393/398 1096/4394/398 1101/4399/398
f 1051/4406/405 1099/4405/405 1100/4404/405 1052/4403/405
f 1047/4410/406 1048/4409/403 1049/4408/407 1050/4407/406
f 1049/4408/407 1048/4409/403 1045/4412/403 1046/4411/403
f 1104/4416/408 1056/4415/408 1055/4414/408 1103/4413/408
f 1097/4420/5 1049/4419/5 1046/4418/5 1094/4417/5
f 1055/4424/6 1052/4423/6 1100/4422/6 1103/4421/6
f 1101/4428/408 1096/4427/408 1048/4426/408 1053/4425/408
f 1093/4432/408 1094/4431/408 1046/4430/408 1045/4429/408
f 1045/4436/6 1048/4435/6 1096/4434/6 1093/4433/6
f 1053/4440/5 1056/4439/5 1104/4438/5 1101/4437/5
f 1054/4444/405 1047/4443/405 1095/4442/405 1102/4441/405
f 1050/4448/405 1049/4447/405 1097/4446/405 1098/4445/405
f 1047/4452/6 1050/4451/6 1098/4450/6 1095/4449/6
f 1051/4456/5 1054/4455/5 1102/4454/5 1099/4453/5
f 1108/4460/409 1107/4459/409 1106/4458/409 1105/4457/409
f 1105/4464/410 1106/4463/410 1110/4462/410 1109/4461/410
f 1109/4468/411 1110/4467/411 1112/4466/411 1111/4465/411
f 1111/4472/412 1112/4471/412 1107/4470/412 1108/4469/412
f 1107/4476/5 1112/4475/5 1110/4474/5 1106/4473/5
f 1116/4480/409 1115/4479/409 1114/4478/409 1113/4477/409
f 1115/4484/413 1118/4483/413 1117/4482/413 1114/4481/413
f 1118/4488/411 1120/4487/411 1119/4486/411 1117/4485/411
f 1120/4492/414 1116/4491/414 1113/4490/414 1119/4489/414
f 1113/4496/5 1114/4495/5 1117/4494/5 1119/4493/5
f 1124/4500/415 1123/4499/415 1122/4498/415 1121/4497/415
f 1121/4504/416 1122/4503/416 1126/4502/416 1125/4501/416
f 1125/4508/417 1126/4507/417 1128/4506/417 1127/4505/417
f 1127/4512/418 1128/4511/418 1123/4510/418 1124/4509/418
f 1123/4516/5 1128/4515/5 1126/4514/5 1122/4513/5
f 1127/4520/6 1124/4519/6 1121/4518/6 1125/4517/6
f 1132/4524/420 1131/4523/421 1130/4522/420 1129/4521/419
f 1134/4526/419 1133/4525/419 1129/4521/419 1130/4522/420
f 1138/4530/419 1137/4529/419 1136/4528/419 1135/4527/422
f 1135/4527/422 1140/4532/422 1139/4531/422 1138/4530/419
f 1129/4521/419 1138/4530/423 1139/4531/423 1132/4524/420
f 1089/4536/424 1088/4535/424 1136/4534/424 1137/4533/424
f 1088/4540/426 1089/4539/426 1090/4538/426 1091/4537/425
f 1091/4537/425 1092/4542/425 1087/4541/425 1088/4540/426
f 1140/4546/427 1135/4545/427 1087/4544/427 1092/4543/427
f 1134/4550/5 1130/4549/5 1082/4548/5 1086/4547/5
f 1087/4554/6 1135/4553/6 1136/4552/6 1088/4551/6
f 1139/4558/428 1091/4557/428 1084/4556/428 1132/4555/428
f 1131/4562/427 1083/4561/427 1082/4560/427 1130/4559/427
f 1083/4566/6 1131/4565/6 1132/4564/6 1084/4563/6
f 1091/4570/5 1139/4569/5 1140/4568/5 1092/4567/5
f 1090/4574/429 1138/4573/429 1129/4572/429 1081/4571/429
f 1085/4578/424 1133/4577/424 1134/4576/424 1086/4575/424
f 1081/4582/6 1129/4581/6 1133/4580/6 1085/4579/6
f 1089/4586/5 1137/4585/5 1138/4584/5 1090/4583/5
f 1144/4590/419 1143/4589/430 1142/4588/419 1141/4587/419
f 1142/4588/419 1143/4589/430 1146/4592/431 1145/4591/431
f 1150/4596/420 1149/4595/419 1148/4594/419 1147/4593/420
f 1148/4594/419 1149/4595/419 1152/4598/422 1151/4597/422
f 1150/4596/420 1143/4589/419 1144/4590/419 1149/4595/419
f 1099/4602/432 1147/4601/432 1148/4600/432 1100/4599/432
f 1095/4606/433 1096/4605/425 1097/4604/433 1098/4603/433
f 1097/4604/433 1096/4605/425 1093/4608/425 1094/4607/425
f 1152/4612/434 1104/4611/434 1103/4610/434 1151/4609/434
f 1145/4616/5 1097/4615/5 1094/4614/5 1142/4613/5
f 1103/4620/6 1100/4619/6 1148/4618/6 1151/4617/6
f 1149/4624/435 1144/4623/435 1096/4622/435 1101/4621/435
f 1141/4628/435 1142/4627/435 1094/4626/435 1093/4625/435
f 1093/4632/6 1096/4631/6 1144/4630/6 1141/4629/6
f 1101/4636/5 1104/4635/5 1152/4634/5 1149/4633/5
f 1102/4640/436 1095/4639/436 1143/4638/436 1150/4637/436
f 1098/4644/436 1097/4643/436 1145/4642/436 1146/4641/436
f 1095/4648/6 1098/4647/6 1146/4646/6 1143/4645/6
f 1099/4652/5 1102/4651/5 1150/4650/5 1147/4649/5
f 1156/4656/437 1155/4655/437 1154/4654/437 1153/4653/437
f 1153/4660/434 1154/4659/434 1158/4658/434 1157/4657/434
f 1157/4664/438 1158/4663/438 1160/4662/438 1159/4661/438
f 1159/4668/439 1160/4667/439 1155/4666/439 1156/4665/439
f 1155/4672/5 1160/4671/5 1158/4670/5 1154/4669/5
f 1164/4676/437 1163/4675/437 1162/4674/437 1161/4673/437
f 1163/4680/427 1166/4679/427 1165/4678/427 1162/4677/427
f 1166/4684/438 1168/4683/438 1167/4682/438 1165/4681/438
f 1168/4688/440 1164/4687/440 1161/4686/440 1167/4685/440
f 1161/4692/5 1162/4691/5 1165/4690/5 1167/4689/5
f 1172/4696/441 1171/4695/441 1170/4694/441 1169/4693/441
f 1169/4700/442 1170/4699/442 1174/4698/442 1173/4697/442
f 1173/4704/443 1174/4703/443 1176/4702/443 1175/4701/443
f 1175/4708/444 1176/4707/444 1171/4706/444 1172/4705/444
f 1171/4712/5 1176/4711/5 1174/4710/5 1170/4709/5
f 1175/4716/6 1172/4715/6 1169/4714/6 1173/4713/6
f 1180/4720/446 1179/4719/446 1178/4718/446 1177/4717/445
f 1182/4722/447 1181/4721/447 1177/4717/445 1178/4718/446
f 1186/4726/446 1185/4725/446 1184/4724/446 1183/4723/445
f 1183/4723/445 1188/4728/448 1187/4727/448 1186/4726/446
f 1177/4717/445 1186/4726/449 1187/4727/449 1180/4720/446
f 1137/4732/450 1136/4731/450 1184/4730/450 1185/4729/450
f 1136/4736/453 1137/4735/452 1138/4734/452 1139/4733/451
f 1139/4733/451 1140/4738/451 1135/4737/451 1136/4736/453
f 1188/4742/454 1183/4741/454 1135/4740/454 1140/4739/454
f 1182/4746/5 1178/4745/5 1130/4744/5 1134/4743/5
f 1135/4750/6 1183/4749/6 1184/4748/6 1136/4747/6
f 1187/4754/454 1139/4753/454 1132/4752/454 1180/4751/454
f 1179/4758/454 1131/4757/454 1130/4756/454 1178/4755/454
f 1131/4762/6 1179/4761/6 1180/4760/6 1132/4759/6
f 1139/4766/5 1187/4765/5 1188/4764/5 1140/4763/5
f 1138/4770/450 1186/4769/450 1177/4768/450 1129/4767/450
f 1133/4774/450 1181/4773/450 1182/4772/450 1134/4771/450
f 1129/4778/6 1177/4777/6 1181/4776/6 1133/4775/6
f 1137/4782/5 1185/4781/5 1186/4780/5 1138/4779/5
f 1192/4786/445 1191/4785/447 1190/4784/447 1189/4783/445
f 1190/4784/447 1191/4785/447 1194/4788/447 1193/4787/447
f 1198/4792/445 1197/4791/445 1196/4790/445 1195/4789/445
f 1196/4790/445 1197/4791/445 1200/4794/445 1199/4793/445
f 1198/4792/445 1191/4785/445 1192/4786/445 1197/4791/445
f 1147/4798/455 1195/4797/455 1196/4796/455 1148/4795/455
f 1143/4802/456 1144/4801/453 1145/4800/451 1146/4799/456
f 1145/4800/451 1144/4801/453 1141/4804/453 1142/4803/453
f 1200/4808/457 1152/4807/457 1151/4806/457 1199/4805/457
f 1193/4812/5 1145/4811/5 1142/4810/5 1190/4809/5
f 1151/4816/6 1148/4815/6 1196/4814/6 1199/4813/6
f 1197/4820/458 1192/4819/458 1144/4818/458 1149/4817/458
f 1189/4824/458 1190/4823/458 1142/4822/458 1141/4821/458
f 1141/4828/6 1144/4827/6 1192/4826/6 1189/4825/6
f 1149/4832/5 1152/4831/5 1200/4830/5 1197/4829/5
f 1150/4836/455 1143/4835/455 1191/4834/455 1198/4833/455
f 1146/4840/455 1145/4839/455 1193/4838/455 1194/4837/455
f 1143/4844/6 1146/4843/6 1194/4842/6 1191/4841/6
f 1147/4848/5 1150/4847/5 1198/4846/5 1195/4845/5
f 1204/4852/459 1203/4851/459 1202/4850/459 1201/4849/459
f 1201/4856/457 1202/4855/457 1206/4854/457 1205/4853/457
f 1205/4860/460 1206/4859/460 1208/4858/460 1207/4857/460
f 1207/4864/455 1208/4863/455 1203/4862/455 1204/4861/455
f 1203/4868/5 1208/4867/5 1206/4866/5 1202/4865/5
f 1212/4872/459 1211/4871/459 1210/4870/459 1209/4869/459
f 1211/4876/454 1214/4875/454 1213/4874/454 1210/4873/454
f 1214/4880/460 1216/4879/460 1215/4878/460 1213/4877/460
f 1216/4884/461 1212/4883/461 1209/4882/461 1215/4881/461
f 1209/4888/5 1210/4887/5 1213/4886/5 1215/4885/5
f 1220/4892/462 1219/4891/462 1218/4890/462 1217/4889/462
f 1217/4896/463 1218/4895/463 1222/4894/463 1221/4893/463
f 1221/4900/464 1222/4899/464 1224/4898/464 1223/4897/464
f 1223/4904/465 1224/4903/465 1219/4902/465 1220/4901/465
f 1219/4908/5 1224/4907/5 1222/4906/5 1218/4905/5
f 1223/4912/6 1220/4911/6 1217/4910/6 1221/4909/6
f 1228/4916/467 1227/4915/467 1226/4914/467 1225/4913/466
f 1230/4918/468 1229/4917/468 1225/4913/466 1226/4914/467
f 1234/4922/466 1233/4921/466 1232/4920/466 1231/4919/468
f 1231/4919/468 1236/4924/468 1235/4923/468 1234/4922/466
f 1225/4913/466 1234/4922/469 1235/4923/469 1228/4916/467
f 1185/4928/470 1184/4927/470 1232/4926/470 1233/4925/470
f 1184/4932/473 1185/4931/472 1186/4930/472 1187/4929/471
f 1187/4929/471 1188/4934/471 1183/4933/471 1184/4932/473
f 1236/4938/474 1231/4937/474 1183/4936/474 1188/4935/474
f 1230/4942/5 1226/4941/5 1178/4940/5 1182/4939/5
f 1183/4946/6 1231/4945/6 1232/4944/6 1184/4943/6
f 1235/4950/475 1187/4949/475 1180/4948/475 1228/4947/475
f 1227/4954/475 1179/4953/475 1178/4952/475 1226/4951/475
f 1179/4958/6 1227/4957/6 1228/4956/6 1180/4955/6
f 1187/4962/5 1235/4961/5 1236/4960/5 1188/4959/5
f 1186/4966/470 1234/4965/470 1225/4964/470 1177/4963/470
f 1181/4970/470 1229/4969/470 1230/4968/470 1182/4967/470
f 1177/4974/6 1225/4973/6 1229/4972/6 1181/4971/6
f 1185/4978/5 1233/4977/5 1234/4976/5 1186/4975/5
f 1240/4982/468 1239/4981/466 1238/4980/468 1237/4979/468
f 1238/4980/468 1239/4981/466 1242/4984/467 1241/4983/467
f 1246/4988/476 1245/4987/466 1244/4986/468 1243/4985/468
f 1244/4986/468 1245/4987/466 1248/4990/466 1247/4989/466
f 1246/4988/476 1239/4981/469 1240/4982/469 1245/4987/466
f 1195/4994/427 1243/4993/427 1244/4992/427 1196/4991/427
f 1191/4998/477 1192/4997/477 1193/4996/477 1194/4995/477
f 1193/4996/477 1192/4997/477 1189/5000/477 1190/4999/477
f 1248/5004/478 1200/5003/478 1199/5002/478 1247/5001/478
f 1241/5008/5 1193/5007/5 1190/5006/5 1238/5005/5
f 1199/5012/6 1196/5011/6 1244/5010/6 1247/5009/6
f 1245/5016/479 1240/5015/479 1192/5014/479 1197/5013/479
f 1237/5020/478 1238/5019/478 1190/5018/478 1189/5017/478
f 1189/5024/6 1192/5023/6 1240/5022/6 1237/5021/6
f 1197/5028/5 1200/5027/5 1248/5026/5 1245/5025/5
f 1198/5032/480 1191/5031/480 1239/5030/480 1246/5029/480
f 1194/5036/480 1193/5035/480 1241/5034/480 1242/5033/480
f 1191/5040/6 1194/5039/6 1242/5038/6 1239/5037/6
f 1195/5044/5 1198/5043/5 1246/5042/5 1243/5041/5
f 1252/5048/481 1251/5047/481 1250/5046/481 1249/5045/481
f 1249/5052/479 1250/5051/479 1254/5050/479 1253/5049/479
f 1253/5056/482 1254/5055/482 1256/5054/482 1255/5053/482
f 1255/5060/483 1256/5059/483 1251/5058/483 1252/5057/483
f 1251/5064/5 1256/5063/5 1254/5062/5 1250/5061/5
f 1260/5068/481 1259/5067/481 1258/5066/481 1257/5065/481
f 1259/5072/475 1262/5071/475 1261/5070/475 1258/5069/475
f 1262/5076/482 1264/5075/482 1263/5074/482 1261/5073/482
f 1264/5080/484 1260/5079/484 1257/5078/484 1263/5077/484
f 1257/5084/5 1258/5083/5 1261/5082/5 1263/5081/5
f 1268/5088/485 1267/5087/485 1266/5086/485 1265/5085/485
f 1265/5092/435 1266/5091/435 1270/5090/435 1269/5089/435
f 1269/5096/486 1270/5095/486 1272/5094/486 1271/5093/486
f 1271/5100/487 1272/5099/487 1267/5098/487 1268/5097/487
f 1267/5104/5 1272/5103/5 1270/5102/5 1266/5101/5
f 1271/5108/6 1268/5107/6 1265/5106/6 1269/5105/6
f 1276/5112/488 1275/5111/488 1274/5110/488 1273/5109/488
f 1278/5114/489 1277/5113/489 1273/5109/488 1274/5110/488
f 1282/5118/489 1281/5117/490 1280/5116/490 1279/5115/489
f 1279/5115/489 1284/5120/488 1283/5119/488 1282/5118/489
f 1273/5109/488 1282/5118/489 1283/5119/488 1276/5112/488
f 1233/5124/491 1232/5123/491 1280/5122/491 1281/5121/491
f 1232/5128/492 1233/5127/493 1234/5126/493 1235/5125/492
f 1235/5125/492 1236/5130/492 1231/5129/492 1232/5128/492
f 1284/5134/494 1279/5133/494 1231/5132/494 1236/5131/494
f 1278/5138/5 1274/5137/5 1226/5136/5 1230/5135/5
f 1231/5142/6 1279/5141/6 1280/5140/6 1232/5139/6
f 1283/5146/495 1235/5145/495 1228/5144/495 1276/5143/495
f 1275/5150/494 1227/5149/494 1226/5148/494 1274/5147/494
f 1227/5154/6 1275/5153/6 1276/5152/6 1228/5151/6
f 1235/5158/5 1283/5157/5 1284/5156/5 1236/5155/5
f 1234/5162/496 1282/5161/496 1273/5160/496 1225/5159/496
f 1229/5166/491 1277/5165/491 1278/5164/491 1230/5163/491
f 1225/5170/6 1273/5169/6 1277/5168/6 1229/5167/6
f 1233/5174/5 1281/5173/5 1282/5172/5 1234/5171/5
f 1288/5178/488 1287/5177/488 1286/5176/488 1285/5175/488
f 1286/5176/488 1287/5177/488 1290/5180/489 1289/5179/489
f 1294/5184/498 1293/5183/488 1292/5182/497 1291/5181/497
f 1292/5182/497 1293/5183/488 1296/5186/490 1295/5185/490
f 1294/5184/498 1287/5177/488 1288/5178/488 1293/5183/488
f 1243/5190/499 1291/5189/499 1292/5188/499 1244/5187/499
f 1239/5194/493 1240/5193/500 1241/5192/492 1242/5191/493
f 1241/5192/492 1240/5193/500 1237/5196/500 1238/5195/500
f 1296/5200/501 1248/5199/501 1247/5198/501 1295/5197/501
f 1289/5204/5 1241/5203/5 1238/5202/5 1286/5201/5
f 1247/5208/6 1244/5207/6 1292/5206/6 1295/5205/6
f 1293/5212/502 1288/5211/502 1240/5210/502 1245/5209/502
f 1285/5216/501 1286/5215/501 1238/5214/501 1237/5213/501
f 1237/5220/6 1240/5219/6 1288/5218/6 1285/5217/6
f 1245/5224/5 1248/5223/5 1296/5222/5 1293/5221/5
f 1246/5228/503 1239/5227/503 1287/5226/503 1294/5225/503
f 1242/5232/499 1241/5231/499 1289/5230/499 1290/5229/499
f 1239/5236/6 1242/5235/6 1290/5234/6 1287/5233/6
f 1243/5240/5 1246/5239/5 1294/5238/5 1291/5237/5
f 1300/5244/504 1299/5243/504 1298/5242/504 1297/5241/504
f 1297/5248/442 1298/5247/442 1302/5246/442 1301/5245/442
f 1301/5252/505 1302/5251/505 1304/5250/505 1303/5249/505
f 1303/5256/506 1304/5255/506 1299/5254/506 1300/5253/506
f 1299/5260/5 1304/5259/5 1302/5258/5 1298/5257/5
f 1308/5264/504 1307/5263/504 1306/5262/504 1305/5261/504
f 1307/5268/507 1310/5267/507 1309/5266/507 1306/5265/507
f 1310/5272/508 1312/5271/508 1311/5270/508 1309/5269/508
f 1312/5276/509 1308/5275/509 1305/5274/509 1311/5273/509
f 1305/5280/5 1306/5279/5 1309/5278/5 1311/5277/5
f 1316/5284/510 1315/5283/510 1314/5282/510 1313/5281/510
f 1313/5288/511 1314/5287/511 1318/5286/511 1317/5285/511
f 1317/5292/512 1318/5291/512 1320/5290/512 1319/5289/512
f 1319/5296/513 1320/5295/513 1315/5294/513 1316/5293/513
f 1315/5300/5 1320/5299/5 1318/5298/5 1314/5297/5
f 1319/5304/6 1316/5303/6 1313/5302/6 1317/5301/6
