mtllib track_curve_big.mtl
usemtl Mat_1
# WaveFront *.obj file (generated by CINEMA 4D)

g Cube_1
v -3.839094 -0.025279 -3.220224
v -3.839094 0.054721 -3.220224
v -3.838047 -0.025279 -3.250206
v -3.838047 0.054721 -3.250206
v -3.868029 -0.025279 -3.251253
v -3.868029 0.054721 -3.251253
v -3.869076 -0.025279 -3.221271
v -3.869076 0.054721 -3.221271
v -3.816907 -0.025279 -3.855570
v -3.816907 0.054721 -3.855570
v -3.817954 -0.025279 -3.825589
v -3.817954 0.054721 -3.825589
v -3.847936 -0.025279 -3.826636
v -3.847936 0.054721 -3.826636
v -3.846889 -0.025279 -3.856617
v -3.846889 0.054721 -3.856617
v -3.789437 -0.030000 -3.066264
v -3.789437 0.030000 -3.066264
v -3.756631 -0.030000 -4.005691
v -3.756631 0.030000 -4.005691
v -3.896546 -0.030000 -4.010577
v -3.896546 0.030000 -4.010577
v -3.929351 -0.030000 -3.071150
v -3.929351 0.030000 -3.071150
v -3.566115 -0.025279 -3.200750
v -3.566115 0.054721 -3.200750
v -3.563109 -0.025279 -3.230599
v -3.563109 0.054721 -3.230599
v -3.592958 -0.025279 -3.233605
v -3.592958 0.054721 -3.233605
v -3.595964 -0.025279 -3.203756
v -3.595964 0.054721 -3.203756
v -3.502422 -0.025279 -3.833285
v -3.502422 0.054721 -3.833285
v -3.505427 -0.025279 -3.803436
v -3.505427 0.054721 -3.803436
v -3.535276 -0.025279 -3.806442
v -3.535276 0.054721 -3.806442
v -3.532271 -0.025279 -3.836291
v -3.532271 0.054721 -3.836291
v -3.526633 -0.030000 -3.043872
v -3.526633 0.030000 -3.043872
v -3.432457 -0.030000 -3.979142
v -3.432457 0.030000 -3.979142
v -3.571752 -0.030000 -3.993169
v -3.571752 0.030000 -3.993169
v -3.665929 -0.030000 -3.057898
v -3.665929 0.030000 -3.057898
v -3.294994 -0.025279 -3.163464
v -3.294994 0.054721 -3.163464
v -3.290042 -0.025279 -3.193053
v -3.290042 0.054721 -3.193053
v -3.319631 -0.025279 -3.198004
v -3.319631 0.054721 -3.198004
v -3.324582 -0.025279 -3.168415
v -3.324582 0.054721 -3.168415
v -3.190067 -0.025279 -3.790479
v -3.190067 0.054721 -3.790479
v -3.195019 -0.025279 -3.760890
v -3.195019 0.054721 -3.760890
v -3.224607 -0.025279 -3.765842
v -3.224607 0.054721 -3.765842
v -3.219656 -0.025279 -3.795430
v -3.219656 0.054721 -3.795430
v -3.265857 -0.030000 -3.004340
v -3.265857 0.030000 -3.004340
v -3.110712 -0.030000 -3.931448
v -3.110712 0.030000 -3.931448
v -3.248792 -0.030000 -3.954555
v -3.248792 0.030000 -3.954555
v -3.403937 -0.030000 -3.027446
v -3.403937 0.030000 -3.027446
v -3.026892 -0.025279 -3.108526
v -3.026892 0.054721 -3.108526
v -3.020016 -0.025279 -3.137727
v -3.020016 0.054721 -3.137727
v -3.049217 -0.025279 -3.144603
v -3.049217 0.054721 -3.144603
v -3.056093 -0.025279 -3.115402
v -3.056093 0.054721 -3.115402
v -2.881181 -0.025279 -3.727336
v -2.881181 0.054721 -3.727336
v -2.888057 -0.025279 -3.698134
v -2.888057 0.054721 -3.698134
v -2.917259 -0.025279 -3.705010
v -2.917259 0.054721 -3.705010
v -2.910383 -0.025279 -3.734212
v -2.910383 0.054721 -3.734212
v -3.008225 -0.030000 -2.947836
v -3.008225 0.030000 -2.947836
v -2.792777 -0.030000 -3.862813
v -2.792777 0.030000 -3.862813
v -2.929050 -0.030000 -3.894901
v -2.929050 0.030000 -3.894901
v -3.144498 -0.030000 -2.979924
v -3.144498 0.030000 -2.979924
v -2.762957 -0.025279 -3.036170
v -2.762957 0.054721 -3.036170
v -2.754186 -0.025279 -3.064859
v -2.754186 0.054721 -3.064859
v -2.782875 -0.025279 -3.073631
v -2.782875 0.054721 -3.073631
v -2.791646 -0.025279 -3.044941
v -2.791646 0.054721 -3.044941
v -2.577086 -0.025279 -3.644125
v -2.577086 0.054721 -3.644125
v -2.585858 -0.025279 -3.615436
v -2.585858 0.054721 -3.615436
v -2.614547 -0.025279 -3.624207
v -2.614547 0.054721 -3.624207
v -2.605776 -0.025279 -3.652897
v -2.605776 0.054721 -3.652897
v -2.754840 -0.030000 -2.874604
v -2.754840 0.030000 -2.874604
v -2.480010 -0.030000 -3.773531
v -2.480010 0.030000 -3.773531
v -2.613893 -0.030000 -3.814463
v -2.613893 0.030000 -3.814463
v -2.888722 -0.030000 -2.915536
v -2.888722 0.030000 -2.915536
v -2.504320 -0.025279 -2.946708
v -2.504320 0.054721 -2.946708
v -2.493691 -0.025279 -2.974762
v -2.493691 0.054721 -2.974762
v -2.521745 -0.025279 -2.985390
v -2.521745 0.054721 -2.985390
v -2.532374 -0.025279 -2.957336
v -2.532374 0.054721 -2.957336
v -2.279085 -0.025279 -3.541205
v -2.279085 0.054721 -3.541205
v -2.289714 -0.025279 -3.513150
v -2.289714 0.054721 -3.513150
v -2.317768 -0.025279 -3.523779
v -2.317768 0.054721 -3.523779
v -2.307139 -0.025279 -3.551833
v -2.307139 0.054721 -3.551833
v -2.506787 -0.030000 -2.784957
v -2.506787 0.030000 -2.784957
v -2.173753 -0.030000 -3.663984
v -2.173753 0.030000 -3.663984
v -2.304672 -0.030000 -3.713584
v -2.304672 0.030000 -3.713584
v -2.637706 -0.030000 -2.834557
v -2.637706 0.030000 -2.834557
v -2.252087 -0.025279 -2.840521
v -2.252087 0.054721 -2.840521
v -2.239646 -0.025279 -2.867820
v -2.239646 0.054721 -2.867820
v -2.266945 -0.025279 -2.880260
v -2.266945 0.054721 -2.880260
v -2.279386 -0.025279 -2.852962
v -2.279386 0.054721 -2.852962
v -1.988453 -0.025279 -3.419014
v -1.988453 0.054721 -3.419014
v -2.000894 -0.025279 -3.391715
v -2.000894 0.054721 -3.391715
v -2.028192 -0.025279 -3.404156
v -2.028192 0.054721 -3.404156
v -2.015752 -0.025279 -3.431455
v -2.015752 0.054721 -3.431455
v -2.265128 -0.030000 -2.679277
v -2.265128 0.030000 -2.679277
v -1.875316 -0.030000 -3.534641
v -1.875316 0.030000 -3.534641
v -2.002711 -0.030000 -3.592698
v -2.002711 0.030000 -3.592698
v -2.392523 -0.030000 -2.737334
v -2.392523 0.030000 -2.737334
v -2.007340 -0.025279 -2.718065
v -2.007340 0.054721 -2.718065
v -1.993140 -0.025279 -2.744491
v -1.993140 0.054721 -2.744491
v -2.019567 -0.025279 -2.758691
v -2.019567 0.054721 -2.758691
v -2.033766 -0.025279 -2.732264
v -2.033766 0.054721 -2.732264
v -1.706435 -0.025279 -3.278076
v -1.706435 0.054721 -3.278076
v -1.720634 -0.025279 -3.251650
v -1.720634 0.054721 -3.251650
v -1.747061 -0.025279 -3.265849
v -1.747061 0.054721 -3.265849
v -1.732861 -0.025279 -3.292276
v -1.732861 0.054721 -3.292276
v -2.030898 -0.030000 -2.558019
v -2.030898 0.030000 -2.558019
v -1.585978 -0.030000 -3.386057
v -1.585978 0.030000 -3.386057
v -1.709303 -0.030000 -3.452321
v -1.709303 0.030000 -3.452321
v -2.154223 -0.030000 -2.624284
v -2.154223 0.030000 -2.624284
v -1.771125 -0.025279 -2.579863
v -1.771125 0.054721 -2.579863
v -1.755228 -0.025279 -2.605305
v -1.755228 0.054721 -2.605305
v -1.780669 -0.025279 -2.621202
v -1.780669 0.054721 -2.621202
v -1.796567 -0.025279 -2.595761
v -1.796567 0.054721 -2.595761
v -1.434238 -0.025279 -3.118996
v -1.434238 0.054721 -3.118996
v -1.450135 -0.025279 -3.093555
v -1.450135 0.054721 -3.093555
v -1.475577 -0.025279 -3.109452
v -1.475577 0.054721 -3.109452
v -1.459679 -0.025279 -3.134894
v -1.459679 0.054721 -3.134894
v -1.805101 -0.030000 -2.421701
v -1.805101 0.030000 -2.421701
v -1.306977 -0.030000 -3.218867
v -1.306977 0.030000 -3.218867
v -1.425704 -0.030000 -3.293055
v -1.425704 0.030000 -3.293055
v -1.923828 -0.030000 -2.495890
v -1.923828 0.030000 -2.495890
v -1.544455 -0.025279 -2.426509
v -1.544455 0.054721 -2.426509
v -1.526928 -0.025279 -2.450856
v -1.526928 0.054721 -2.450856
v -1.551275 -0.025279 -2.468383
v -1.551275 0.054721 -2.468383
v -1.568803 -0.025279 -2.444036
v -1.568803 0.054721 -2.444036
v -1.173028 -0.025279 -2.942454
v -1.173028 0.054721 -2.942454
v -1.190556 -0.025279 -2.918106
v -1.190556 0.054721 -2.918106
v -1.214903 -0.025279 -2.935634
v -1.214903 0.054721 -2.935634
v -1.197376 -0.025279 -2.959981
v -1.197376 0.054721 -2.959981
v -1.588703 -0.030000 -2.270908
v -1.588703 0.030000 -2.270908
v -1.039508 -0.030000 -3.033787
v -1.039508 0.030000 -3.033787
v -1.153128 -0.030000 -3.115582
v -1.153128 0.030000 -3.115582
v -1.702323 -0.030000 -2.352703
v -1.702323 0.030000 -2.352703
v -1.328301 -0.025279 -2.258658
v -1.328301 0.054721 -2.258658
v -1.309218 -0.025279 -2.281806
v -1.309218 0.054721 -2.281806
v -1.332367 -0.025279 -2.300889
v -1.332367 0.054721 -2.300889
v -1.351450 -0.025279 -2.277740
v -1.351450 0.054721 -2.277740
v -0.923924 -0.025279 -2.749205
v -0.923924 0.054721 -2.749205
v -0.943007 -0.025279 -2.726057
v -0.943007 0.054721 -2.726057
v -0.966156 -0.025279 -2.745139
v -0.966156 0.054721 -2.745139
v -0.947073 -0.025279 -2.768288
v -0.947073 0.054721 -2.768288
v -1.382630 -0.030000 -2.106284
v -1.382630 0.030000 -2.106284
v -0.784717 -0.030000 -2.831611
v -0.784717 0.030000 -2.831611
v -0.892744 -0.030000 -2.920662
v -0.892744 0.030000 -2.920662
v -1.490657 -0.030000 -2.195335
v -1.490657 0.030000 -2.195335
v -1.123587 -0.025279 -2.077029
v -1.123587 0.054721 -2.077029
v -1.103031 -0.025279 -2.098880
v -1.103031 0.054721 -2.098880
v -1.124883 -0.025279 -2.119435
v -1.124883 0.054721 -2.119435
v -1.145438 -0.025279 -2.097584
v -1.145438 0.054721 -2.097584
v -0.687993 -0.025279 -2.540079
v -0.687993 0.054721 -2.540079
v -0.708549 -0.025279 -2.518227
v -0.708549 0.054721 -2.518227
v -0.730400 -0.025279 -2.538783
v -0.730400 0.054721 -2.538783
v -0.709844 -0.025279 -2.560634
v -0.709844 0.054721 -2.560634
v -1.187766 -0.030000 -1.928534
v -1.187766 0.030000 -1.928534
v -0.543694 -0.030000 -2.613203
v -0.543694 0.030000 -2.613203
v -0.645666 -0.030000 -2.709129
v -0.645666 0.030000 -2.709129
v -1.289738 -0.030000 -2.024460
v -1.289738 0.030000 -2.024460
v -0.931190 -0.025279 -1.882400
v -0.931190 0.054721 -1.882400
v -0.909250 -0.025279 -1.902860
v -0.909250 0.054721 -1.902860
v -0.929710 -0.025279 -1.924800
v -0.929710 0.054721 -1.924800
v -0.951650 -0.025279 -1.904340
v -0.951650 0.054721 -1.904340
v -0.466244 -0.025279 -2.315969
v -0.466244 0.054721 -2.315969
v -0.488185 -0.025279 -2.295509
v -0.488185 0.054721 -2.295509
v -0.508645 -0.025279 -2.317450
v -0.508645 0.054721 -2.317450
v -0.486704 -0.025279 -2.337910
v -0.486704 0.054721 -2.337910
v -1.004944 -0.030000 -1.738421
v -1.004944 0.030000 -1.738421
v -0.317471 -0.030000 -2.379499
v -0.317471 0.030000 -2.379499
v -0.412951 -0.030000 -2.481889
v -0.412951 0.030000 -2.481889
v -1.100423 -0.030000 -1.840810
v -1.100423 0.030000 -1.840810
v -0.751935 -0.025279 -1.675604
v -0.751935 0.054721 -1.675604
v -0.728703 -0.025279 -1.694585
v -0.728703 0.054721 -1.694585
v -0.747685 -0.025279 -1.717817
v -0.747685 0.054721 -1.717817
v -0.770916 -0.025279 -1.698836
v -0.770916 0.054721 -1.698836
v -0.259628 -0.025279 -2.077836
v -0.259628 0.054721 -2.077836
v -0.282860 -0.025279 -2.058855
v -0.282860 0.054721 -2.058855
v -0.301841 -0.025279 -2.082087
v -0.301841 0.054721 -2.082087
v -0.278609 -0.025279 -2.101068
v -0.278609 0.054721 -2.101068
v -0.834947 -0.030000 -1.536757
v -0.834947 0.030000 -1.536757
v -0.107018 -0.030000 -2.131500
v -0.107018 0.030000 -2.131500
v -0.195597 -0.030000 -2.239915
v -0.195597 0.030000 -2.239915
v -0.923526 -0.030000 -1.645172
v -0.923526 0.030000 -1.645172
v -0.586589 -0.025279 -1.457527
v -0.586589 0.054721 -1.457527
v -0.562165 -0.025279 -1.474948
v -0.562165 0.054721 -1.474948
v -0.579587 -0.025279 -1.499372
v -0.579587 0.054721 -1.499372
v -0.604010 -0.025279 -1.481951
v -0.604010 0.054721 -1.481951
v -0.069028 -0.025279 -1.826700
v -0.069028 0.054721 -1.826700
v -0.093452 -0.025279 -1.809279
v -0.093452 0.054721 -1.809279
v -0.110873 -0.025279 -1.833702
v -0.110873 0.054721 -1.833702
v -0.086449 -0.025279 -1.851123
v -0.086449 0.054721 -1.851123
v -0.678504 -0.030000 -1.324407
v -0.678504 0.030000 -1.324407
v 0.086764 -0.030000 -1.870268
v 0.086764 0.030000 -1.870268
v 0.005466 -0.030000 -1.984244
v 0.005466 0.030000 -1.984244
v -0.759803 -0.030000 -1.438383
v -0.759803 0.030000 -1.438383
v -0.435860 -0.025279 -1.229103
v -0.435860 0.054721 -1.229103
v -0.410349 -0.025279 -1.244890
v -0.410349 0.054721 -1.244890
v -0.426135 -0.025279 -1.270400
v -0.426135 0.054721 -1.270400
v -0.451646 -0.025279 -1.254614
v -0.451646 0.054721 -1.254614
v 0.104738 -0.025279 -1.563635
v 0.104738 0.054721 -1.563635
v 0.079227 -0.025279 -1.547849
v 0.079227 0.054721 -1.547849
v 0.063441 -0.025279 -1.573359
v 0.063441 0.054721 -1.573359
v 0.088952 -0.025279 -1.589146
v 0.088952 0.054721 -1.589146
v -0.536285 -0.030000 -1.102279
v -0.536285 0.030000 -1.102279
v 0.263047 -0.030000 -1.596921
v 0.263047 0.030000 -1.596921
v 0.189377 -0.030000 -1.715970
v 0.189377 0.030000 -1.715970
v -0.609955 -0.030000 -1.221329
v -0.609955 0.030000 -1.221329
v -0.300393 -0.025279 -0.991310
v -0.300393 0.054721 -0.991310
v -0.273904 -0.025279 -1.005395
v -0.273904 0.054721 -1.005395
v -0.287988 -0.025279 -1.031883
v -0.287988 0.054721 -1.031883
v -0.314477 -0.025279 -1.017799
v -0.314477 0.054721 -1.017799
v 0.260927 -0.025279 -1.289769
v 0.260927 0.054721 -1.289769
v 0.234439 -0.025279 -1.275685
v 0.234439 0.054721 -1.275685
v 0.220354 -0.025279 -1.302174
v 0.220354 0.054721 -1.302174
v 0.246843 -0.025279 -1.316258
v 0.246843 0.054721 -1.316258
v -0.408897 -0.030000 -0.871326
v -0.408897 0.030000 -0.871326
v 0.421074 -0.030000 -1.312629
v 0.421074 0.030000 -1.312629
v 0.355348 -0.030000 -1.436242
v 0.355348 0.030000 -1.436242
v -0.474623 -0.030000 -0.994939
v -0.474623 0.030000 -0.994939
v -0.180768 -0.025279 -0.745167
v -0.180768 0.054721 -0.745167
v -0.153415 -0.025279 -0.757488
v -0.153415 0.054721 -0.757488
v -0.165737 -0.025279 -0.784841
v -0.165737 0.054721 -0.784841
v -0.193090 -0.025279 -0.772519
v -0.193090 0.054721 -0.772519
v 0.398870 -0.025279 -1.006274
v 0.398870 0.054721 -1.006274
v 0.371517 -0.025279 -0.993953
v 0.371517 0.054721 -0.993953
v 0.359195 -0.025279 -1.021306
v 0.359195 0.054721 -1.021306
v 0.386548 -0.025279 -1.033627
v 0.386548 0.054721 -1.033627
v -0.296888 -0.030000 -0.632536
v -0.296888 0.030000 -0.632536
v 0.560169 -0.030000 -1.018611
v 0.560169 0.030000 -1.018611
v 0.502668 -0.030000 -1.146258
v 0.502668 0.030000 -1.146258
v -0.354388 -0.030000 -0.760182
v -0.354388 0.030000 -0.760182
v -0.077498 -0.025279 -0.491726
v -0.077498 0.054721 -0.491726
v -0.049398 -0.025279 -0.502232
v -0.049398 0.054721 -0.502232
v -0.059904 -0.025279 -0.530332
v -0.059904 0.054721 -0.530332
v -0.088004 -0.025279 -0.519826
v -0.088004 0.054721 -0.519826
v 0.517976 -0.025279 -0.714364
v 0.517976 0.054721 -0.714364
v 0.489876 -0.025279 -0.703858
v 0.489876 0.054721 -0.703858
v 0.479370 -0.025279 -0.731958
v 0.479370 0.054721 -0.731958
v 0.507470 -0.025279 -0.742465
v 0.507470 0.054721 -0.742465
v -0.200736 -0.030000 -0.386931
v -0.200736 0.030000 -0.386931
v 0.679736 -0.030000 -0.716126
v 0.679736 0.030000 -0.716126
v 0.630707 -0.030000 -0.847260
v 0.630707 0.030000 -0.847260
v -0.249765 -0.030000 -0.518065
v -0.249765 0.030000 -0.518065
v 0.008975 -0.025279 -0.232074
v 0.008975 0.054721 -0.232074
v 0.037702 -0.025279 -0.240719
v 0.037702 0.054721 -0.240719
v 0.029056 -0.025279 -0.269447
v 0.029056 0.054721 -0.269447
v 0.000329 -0.025279 -0.260801
v 0.000329 0.054721 -0.260801
v 0.617735 -0.025279 -0.415290
v 0.617735 0.054721 -0.415290
v 0.589008 -0.025279 -0.406644
v 0.589008 0.054721 -0.406644
v 0.580362 -0.025279 -0.435371
v 0.580362 0.054721 -0.435371
v 0.609089 -0.025279 -0.444017
v 0.609089 0.054721 -0.444017
v -0.120853 -0.030000 -0.135563
v -0.120853 0.030000 -0.135563
v 0.779264 -0.030000 -0.406467
v 0.779264 0.030000 -0.406467
v 0.738917 -0.030000 -0.540527
v 0.738917 0.030000 -0.540527
v -0.161200 -0.030000 -0.269623
v -0.161200 0.030000 -0.269623
v 0.078281 -0.025279 0.032678
v 0.078281 0.054721 0.032678
v 0.107512 -0.025279 0.025930
v 0.107512 0.054721 0.025930
v 0.100763 -0.025279 -0.003301
v 0.100763 0.054721 -0.003301
v 0.071532 -0.025279 0.003447
v 0.071532 0.054721 0.003447
v 0.697720 -0.025279 -0.110331
v 0.697720 0.054721 -0.110331
v 0.668489 -0.025279 -0.103582
v 0.668489 0.054721 -0.103582
v 0.661741 -0.025279 -0.132813
v 0.661741 0.054721 -0.132813
v 0.690972 -0.025279 -0.139562
v 0.690972 0.054721 -0.139562
v -0.057581 -0.030000 0.120491
v -0.057581 0.030000 0.120491
v 0.858327 -0.030000 -0.090963
v 0.858327 0.030000 -0.090963
v 0.826834 -0.030000 -0.227375
v 0.826834 0.030000 -0.227375
v -0.089074 -0.030000 -0.015921
v -0.089074 0.030000 -0.015921
v 0.130122 -0.025279 0.301396
v 0.130122 0.054721 0.301396
v 0.159732 -0.025279 0.296574
v 0.159732 0.054721 0.296574
v 0.154910 -0.025279 0.266964
v 0.154910 0.054721 0.266964
v 0.125300 -0.025279 0.271786
v 0.125300 0.054721 0.271786
v 0.757589 -0.025279 0.199207
v 0.757589 0.054721 0.199207
v 0.727979 -0.025279 0.204029
v 0.727979 0.054721 0.204029
v 0.723157 -0.025279 0.174419
v 0.723157 0.054721 0.174419
v 0.752767 -0.025279 0.169597
v 0.752767 0.054721 0.169597
v -0.011192 -0.030000 0.380135
v -0.011192 0.030000 0.380135
v 0.916585 -0.030000 0.229037
v 0.916585 0.030000 0.229037
v 0.894081 -0.030000 0.090858
v 0.894081 0.030000 0.090858
v -0.033696 -0.030000 0.241956
v -0.033696 0.030000 0.241956
v 0.164278 -0.025279 0.572929
v 0.164278 0.054721 0.572929
v 0.194140 -0.025279 0.570054
v 0.194140 0.054721 0.570054
v 0.191265 -0.025279 0.540192
v 0.191265 0.054721 0.540192
v 0.161403 -0.025279 0.543067
v 0.161403 0.054721 0.543067
v 0.797085 -0.025279 0.511997
v 0.797085 0.054721 0.511997
v 0.767223 -0.025279 0.514872
v 0.767223 0.054721 0.514872
v 0.764348 -0.025279 0.485010
v 0.764348 0.054721 0.485010
v 0.794210 -0.025279 0.482135
v 0.794210 0.054721 0.482135
v 0.018117 -0.030000 0.642257
v 0.018117 0.030000 0.642257
v 0.953789 -0.030000 0.552162
v 0.953789 0.030000 0.552162
v 0.940371 -0.030000 0.412807
v 0.940371 0.030000 0.412807
v 0.004698 -0.030000 0.502902
v 0.004698 0.030000 0.502902
v 0.180602 -0.025279 0.846115
v 0.180602 0.054721 0.846115
v 0.210588 -0.025279 0.845199
v 0.210588 0.054721 0.845199
v 0.209672 -0.025279 0.815213
v 0.209672 0.054721 0.815213
v 0.179685 -0.025279 0.816129
v 0.179685 0.054721 0.816129
v 0.816039 -0.025279 0.826701
v 0.816039 0.054721 0.826701
v 0.786053 -0.025279 0.827617
v 0.786053 0.054721 0.827617
v 0.785137 -0.025279 0.797631
v 0.785137 0.054721 0.797631
v 0.815123 -0.025279 0.796715
v 0.815123 0.054721 0.796715
v 0.030219 -0.030000 0.905735
v 0.030219 0.030000 0.905735
v 0.969781 -0.030000 0.877029
v 0.969781 0.030000 0.877029
v 0.965505 -0.030000 0.737094
v 0.965505 0.030000 0.737094
v 0.025944 -0.030000 0.765800
v 0.025944 0.030000 0.765800
v -3.525039 0.041289 -3.180685
v 0.800631 0.025803 0.999219
v -3.525039 0.025803 -3.240685
v -4.032039 0.041289 -3.180685
v -3.525039 0.085803 -3.188796
v -3.525039 0.041289 -3.222940
v -3.525039 0.041289 -3.198430
v 0.860630 0.025803 0.998986
v -3.525039 0.071584 -3.222940
v -3.525039 0.071584 -3.188796
v 0.852520 0.085803 0.999018
v 0.808741 0.085803 0.999187
v -3.525039 0.071584 -3.198430
v 0.860630 0.041289 0.998986
v -4.032039 0.025803 -3.240685
v 0.818376 0.041289 0.999150
v -4.032039 0.085803 -3.188796
v -3.525039 0.025803 -3.180685
v -3.525039 0.085803 -3.232574
v -3.525039 0.071584 -3.232574
v -4.032039 0.041289 -3.222940
v -4.032039 0.041289 -3.198430
v -3.525039 0.041289 -3.240685
v -4.032039 0.071584 -3.222940
v -2.614593 0.041289 -2.970769
v -3.540709 0.041289 -3.182453
v -2.601223 0.025803 -3.029261
v -3.538901 0.085803 -3.190360
v -2.605177 0.041289 -3.011962
v -2.610639 0.041289 -2.988068
v -2.605177 0.071584 -3.011962
v -3.531293 0.071584 -3.223646
v -2.612786 0.071584 -2.978676
v -2.610639 0.071584 -2.988068
v -3.536755 0.041289 -3.199752
v -3.538901 0.071584 -3.190360
v -2.614593 0.025803 -2.970769
v -3.536755 0.071584 -3.199752
v -3.531293 0.041289 -3.223646
v -3.540709 0.025803 -3.182453
v -3.527339 0.025803 -3.240944
v -2.612786 0.085803 -2.978676
v -2.603031 0.085803 -3.021354
v -2.603031 0.071584 -3.021354
v -3.529146 0.071584 -3.233038
v -3.527339 0.041289 -3.240944
v -2.601223 0.041289 -3.029261
v -3.529146 0.085803 -3.233038
v -3.077651 0.041289 -3.076611
v -3.064281 0.025803 -3.135103
v -3.075843 0.085803 -3.084518
v -3.068235 0.041289 -3.117804
v -3.073697 0.041289 -3.093910
v -3.068235 0.071584 -3.117804
v -3.075843 0.071584 -3.084518
v -3.073697 0.071584 -3.093910
v -3.077651 0.025803 -3.076611
v -3.066089 0.085803 -3.127196
v -3.066089 0.071584 -3.127196
v -3.064281 0.041289 -3.135103
v -1.773811 0.041289 -2.563261
v -2.629475 0.041289 -2.975984
v -1.747745 0.025803 -2.617303
v -2.625951 0.085803 -2.983290
v -1.755454 0.041289 -2.601320
v -1.766102 0.041289 -2.579244
v -1.755454 0.071584 -2.601320
v -2.611117 0.071584 -3.014043
v -1.770288 0.071584 -2.570567
v -1.766102 0.071584 -2.579244
v -2.621765 0.041289 -2.991967
v -2.625951 0.071584 -2.983290
v -1.773811 0.025803 -2.563261
v -2.621765 0.071584 -2.991967
v -2.611117 0.041289 -3.014043
v -2.629475 0.025803 -2.975984
v -2.603408 0.025803 -3.030026
v -1.770288 0.085803 -2.570567
v -1.751268 0.085803 -2.609998
v -1.751268 0.071584 -2.609998
v -2.606932 0.071584 -3.022721
v -2.603408 0.041289 -3.030026
v -1.747745 0.041289 -2.617303
v -2.606932 0.085803 -3.022721
v -2.201643 0.041289 -2.769623
v -2.175576 0.025803 -2.823665
v -2.198119 0.085803 -2.776928
v -2.183285 0.041289 -2.807682
v -2.193934 0.041289 -2.785606
v -2.183285 0.071584 -2.807682
v -2.198119 0.071584 -2.776928
v -2.193934 0.071584 -2.785606
v -2.201643 0.025803 -2.769623
v -2.179100 0.085803 -2.816360
v -2.179100 0.071584 -2.816360
v -2.175576 0.041289 -2.823665
v -1.044971 0.041289 -1.978652
v -1.787157 0.041289 -2.571661
v -1.007518 0.025803 -2.025527
v -1.782094 0.085803 -2.577998
v -1.018594 0.041289 -2.011664
v -1.033894 0.041289 -1.992515
v -1.018594 0.071584 -2.011664
v -1.760780 0.071584 -2.604673
v -1.039908 0.071584 -1.984988
v -1.033894 0.071584 -1.992515
v -1.776080 0.041289 -2.585525
v -1.782094 0.071584 -2.577998
v -1.044971 0.025803 -1.978652
v -1.776080 0.071584 -2.585525
v -1.760780 0.041289 -2.604673
v -1.787157 0.025803 -2.571661
v -1.749703 0.025803 -2.618536
v -1.039908 0.085803 -1.984988
v -1.012581 0.085803 -2.019190
v -1.012581 0.071584 -2.019190
v -1.754766 0.071584 -2.612200
v -1.749703 0.041289 -2.618536
v -1.007518 0.041289 -2.025527
v -1.754766 0.085803 -2.612200
v -1.416064 0.041289 -2.275157
v -1.378611 0.025803 -2.322032
v -1.411001 0.085803 -2.281493
v -1.389687 0.041289 -2.308168
v -1.404987 0.041289 -2.289020
v -1.389687 0.071584 -2.308168
v -1.411001 0.071584 -2.281493
v -1.404987 0.071584 -2.289020
v -1.416064 0.025803 -2.275157
v -1.383673 0.085803 -2.315695
v -1.383673 0.071584 -2.315695
v -1.378611 0.041289 -2.322032
v -0.464720 0.041289 -1.246337
v -1.056109 0.041289 -1.989814
v -0.417764 0.025803 -1.283688
v -1.049762 0.085803 -1.994863
v -0.431651 0.041289 -1.272641
v -0.450833 0.041289 -1.257383
v -0.431651 0.071584 -1.272641
v -1.023040 0.071584 -2.016119
v -0.458373 0.071584 -1.251386
v -0.450833 0.071584 -1.257383
v -1.042222 0.041289 -2.000861
v -1.049762 0.071584 -1.994863
v -0.464720 0.025803 -1.246337
v -1.042222 0.071584 -2.000861
v -1.023040 0.041289 -2.016119
v -1.056109 0.025803 -1.989814
v -1.009153 0.025803 -2.027165
v -0.458373 0.085803 -1.251386
v -0.424111 0.085803 -1.278639
v -0.424111 0.071584 -1.278639
v -1.015500 0.071584 -2.022116
v -1.009153 0.041289 -2.027165
v -0.417764 0.041289 -1.283688
v -1.015500 0.085803 -2.022116
v -0.760415 0.041289 -1.618076
v -0.713458 0.025803 -1.655426
v -0.754067 0.085803 -1.623125
v -0.727346 0.041289 -1.644380
v -0.746527 0.041289 -1.629122
v -0.727346 0.071584 -1.644380
v -0.754067 0.071584 -1.623125
v -0.746527 0.071584 -1.629122
v -0.760415 0.025803 -1.618076
v -0.719806 0.085803 -1.650377
v -0.719806 0.071584 -1.650377
v -0.713458 0.041289 -1.655426
v -0.062236 0.041289 -0.403139
v -0.473091 0.041289 -1.259700
v -0.008137 0.025803 -0.429087
v -0.465778 0.085803 -1.263208
v -0.024137 0.041289 -0.421413
v -0.046236 0.041289 -0.410813
v -0.024137 0.071584 -0.421413
v -0.434992 0.071584 -1.277975
v -0.054923 0.071584 -0.406646
v -0.046236 0.071584 -0.410813
v -0.457091 0.041289 -1.267375
v -0.465778 0.071584 -1.263208
v -0.062236 0.025803 -0.403139
v -0.457091 0.071584 -1.267375
v -0.434992 0.041289 -1.277975
v -0.473091 0.025803 -1.259700
v -0.418992 0.025803 -1.285649
v -0.054923 0.085803 -0.406646
v -0.015450 0.085803 -0.425580
v -0.015450 0.071584 -0.425580
v -0.426305 0.071584 -1.282141
v -0.418992 0.041289 -1.285649
v -0.008137 0.041289 -0.429087
v -0.426305 0.085803 -1.282141
v -0.267663 0.041289 -0.831420
v -0.213565 0.025803 -0.857368
v -0.260350 0.085803 -0.834927
v -0.229564 0.041289 -0.849694
v -0.251664 0.041289 -0.839094
v -0.229564 0.071584 -0.849694
v -0.260350 0.071584 -0.834927
v -0.251664 0.071584 -0.839094
v -0.267663 0.025803 -0.831420
v -0.220878 0.085803 -0.853861
v -0.220878 0.071584 -0.853861
v -0.213565 0.041289 -0.857368
v 0.142244 0.041289 0.508544
v -0.067418 0.041289 -0.418032
v 0.200765 0.025803 0.495302
v -0.059508 0.085803 -0.419822
v 0.183457 0.041289 0.499218
v 0.159552 0.041289 0.504627
v 0.183457 0.071584 0.499218
v -0.026205 0.071584 -0.427357
v 0.150155 0.071584 0.506754
v 0.159552 0.071584 0.504627
v -0.050111 0.041289 -0.421948
v -0.059508 0.071584 -0.419822
v 0.142244 0.025803 0.508544
v -0.050111 0.071584 -0.421948
v -0.026205 0.041289 -0.427357
v -0.067418 0.025803 -0.418032
v -0.008898 0.025803 -0.431274
v 0.150155 0.085803 0.506754
v 0.192854 0.085803 0.497092
v 0.192854 0.071584 0.497092
v -0.016809 0.071584 -0.429484
v -0.008898 0.041289 -0.431274
v 0.200765 0.041289 0.495302
v -0.016809 0.085803 -0.429484
v 0.037413 0.041289 0.045256
v 0.095933 0.025803 0.032014
v 0.045324 0.085803 0.043466
v 0.078626 0.041289 0.035930
v 0.054720 0.041289 0.041340
v 0.078626 0.071584 0.035930
v 0.045324 0.071584 0.043466
v 0.054720 0.071584 0.041340
v 0.037413 0.025803 0.045256
v 0.088023 0.085803 0.033804
v 0.088023 0.071584 0.033804
v 0.095933 0.041289 0.032014
v -4.029639 0.041289 -3.901639
v 0.140510 0.041289 0.492870
v 0.852520 0.071584 0.999018
v 0.200510 0.025803 0.493001
v 0.842886 0.071584 0.999055
v -4.029639 0.041289 -3.859384
v 0.808741 0.071584 0.999187
v 0.148621 0.085803 0.492888
v 0.800631 0.041289 0.999219
v -4.029639 0.041289 -3.883894
v 0.182765 0.041289 0.492962
v 0.158255 0.041289 0.492909
v -4.029639 0.071584 -3.859384
v 0.182765 0.071584 0.492962
v 0.148621 0.071584 0.492888
v 0.158255 0.071584 0.492909
v 0.140510 0.025803 0.492870
v 0.139404 0.041289 0.999869
v 0.199404 0.025803 1.000000
v 0.181659 0.041289 0.999961
v 0.192400 0.085803 0.492983
v 0.192400 0.071584 0.492983
v 0.157149 0.041289 0.999908
v 0.200510 0.041289 0.493001
v -3.520039 0.025803 -3.841639
v -3.520039 0.025803 -3.901639
v -4.032039 0.071584 -3.188796
v 0.842886 0.041289 0.999055
v -3.520039 0.085803 -3.893528
v -3.520039 0.085803 -3.849750
v -3.520039 0.041289 -3.901639
v -4.032039 0.071584 -3.198430
v -4.032039 0.025803 -3.180685
v -3.520039 0.041289 -3.859384
v -3.520039 0.041289 -3.883894
v -3.520039 0.071584 -3.859384
v 0.818376 0.071584 0.999150
v -3.520039 0.071584 -3.893528
v -3.520039 0.071584 -3.883894
v -4.032039 0.085803 -3.232574
v -4.032039 0.071584 -3.232574
v -4.029639 0.025803 -3.841639
v -4.029639 0.025803 -3.901639
v -3.520039 0.071584 -3.849750
v -4.029639 0.085803 -3.893528
v -4.029639 0.085803 -3.849750
v -3.520039 0.041289 -3.841639
v -4.032039 0.041289 -3.240685
v -2.594973 0.025803 -3.656438
v -2.583296 0.025803 -3.715290
v -3.524940 0.025803 -3.902121
v -3.536617 0.025803 -3.843268
v -2.584874 0.085803 -3.707335
v -2.593394 0.085803 -3.664393
v -2.583296 0.041289 -3.715290
v -3.524940 0.041289 -3.902121
v -3.526519 0.085803 -3.894165
v -2.591519 0.041289 -3.673843
v -2.586749 0.041289 -3.697885
v -2.591519 0.071584 -3.673843
v -3.533164 0.071584 -3.860674
v -2.584874 0.071584 -3.707335
v -2.586749 0.071584 -3.697885
v -3.528394 0.041289 -3.884715
v -3.526519 0.071584 -3.894165
v -3.528394 0.071584 -3.884715
v -3.533164 0.041289 -3.860674
v -2.593394 0.071584 -3.664393
v -3.535039 0.071584 -3.851223
v -3.536617 0.041289 -3.843268
v -2.594973 0.041289 -3.656438
v -3.535039 0.085803 -3.851223
v -3.065795 0.025803 -3.749853
v -3.054118 0.025803 -3.808706
v -3.055697 0.085803 -3.800750
v -3.064217 0.085803 -3.757808
v -3.054118 0.041289 -3.808706
v -3.062342 0.041289 -3.767259
v -3.057572 0.041289 -3.791300
v -3.062342 0.071584 -3.767259
v -3.055697 0.071584 -3.800750
v -3.057572 0.071584 -3.791300
v -3.064217 0.071584 -3.757808
v -3.065795 0.041289 -3.749853
v -1.723637 0.025803 -3.294746
v -1.700730 0.025803 -3.350201
v -2.588010 0.025803 -3.716717
v -2.610917 0.025803 -3.661262
v -1.703826 0.085803 -3.342705
v -1.720541 0.085803 -3.302242
v -1.700730 0.041289 -3.350201
v -2.588010 0.041289 -3.716717
v -2.591107 0.085803 -3.709220
v -1.716862 0.041289 -3.311147
v -1.707505 0.041289 -3.333800
v -1.716862 0.071584 -3.311147
v -2.604142 0.071584 -3.677663
v -1.703826 0.071584 -3.342705
v -1.707505 0.071584 -3.333800
v -2.594785 0.041289 -3.700316
v -2.591107 0.071584 -3.709220
v -2.594785 0.071584 -3.700316
v -2.604142 0.041289 -3.677663
v -1.720541 0.071584 -3.302242
v -2.607821 0.071584 -3.668758
v -2.610917 0.041289 -3.661262
v -1.723637 0.041289 -3.294746
v -2.607821 0.085803 -3.668758
v -2.167277 0.025803 -3.478004
v -2.144370 0.025803 -3.533459
v -2.147466 0.085803 -3.525962
v -2.164181 0.085803 -3.485500
v -2.144370 0.041289 -3.533459
v -2.160502 0.041289 -3.494405
v -2.151145 0.041289 -3.517058
v -2.160502 0.071584 -3.494405
v -2.147466 0.071584 -3.525962
v -2.151145 0.071584 -3.517058
v -2.164181 0.071584 -3.485500
v -2.167277 0.041289 -3.478004
v -0.939352 0.025803 -2.770395
v -0.906090 0.025803 -2.820331
v -1.705076 0.025803 -3.352517
v -1.738338 0.025803 -3.302581
v -0.910587 0.085803 -2.813581
v -0.934856 0.085803 -2.777145
v -0.906090 0.041289 -2.820331
v -1.705076 0.041289 -3.352517
v -1.709572 0.085803 -3.345767
v -0.929515 0.041289 -2.785163
v -0.915928 0.041289 -2.805563
v -0.929515 0.071584 -2.785163
v -1.728501 0.071584 -3.317349
v -0.910587 0.071584 -2.813581
v -0.915928 0.071584 -2.805563
v -1.714913 0.041289 -3.337748
v -1.709572 0.071584 -3.345767
v -1.714913 0.071584 -3.337748
v -1.728501 0.041289 -3.317349
v -0.934856 0.071584 -2.777145
v -1.733842 0.071584 -3.309331
v -1.738338 0.041289 -3.302581
v -0.939352 0.041289 -2.770395
v -1.733842 0.085803 -3.309331
v -1.338845 0.025803 -3.036488
v -1.305583 0.025803 -3.086424
v -1.310080 0.085803 -3.079674
v -1.334349 0.085803 -3.043238
v -1.305583 0.041289 -3.086424
v -1.329008 0.041289 -3.051256
v -1.315420 0.041289 -3.071655
v -1.329008 0.071584 -3.051256
v -1.310080 0.071584 -3.079674
v -1.315420 0.071584 -3.071655
v -1.334349 0.071584 -3.043238
v -1.338845 0.041289 -3.036488
v -0.272109 0.025803 -2.103436
v -0.229765 0.025803 -2.145944
v -0.909903 0.025803 -2.823449
v -0.952247 0.025803 -2.780941
v -0.235489 0.085803 -2.140198
v -0.266385 0.085803 -2.109182
v -0.229765 0.041289 -2.145944
v -0.909903 0.041289 -2.823449
v -0.915627 0.085803 -2.817703
v -0.259586 0.041289 -2.116008
v -0.242289 0.041289 -2.133373
v -0.259586 0.071584 -2.116008
v -0.939724 0.071584 -2.793513
v -0.235489 0.071584 -2.140198
v -0.242289 0.071584 -2.133373
v -0.922426 0.041289 -2.810877
v -0.915627 0.071584 -2.817703
v -0.922426 0.071584 -2.810877
v -0.939724 0.041289 -2.793513
v -0.266385 0.071584 -2.109182
v -0.946523 0.071584 -2.786687
v -0.952247 0.041289 -2.780941
v -0.272109 0.041289 -2.103436
v -0.946523 0.085803 -2.786687
v -0.612178 0.025803 -2.442188
v -0.569834 0.025803 -2.484697
v -0.575558 0.085803 -2.478951
v -0.606454 0.085803 -2.447934
v -0.569834 0.041289 -2.484697
v -0.599655 0.041289 -2.454760
v -0.582357 0.041289 -2.472125
v -0.599655 0.071584 -2.454760
v -0.575558 0.071584 -2.478951
v -0.582357 0.071584 -2.472125
v -0.606454 0.071584 -2.447934
v -0.612178 0.041289 -2.442188
v 0.252576 0.025803 -1.319374
v 0.302383 0.025803 -1.352829
v -0.232898 0.025803 -2.149745
v -0.282705 0.025803 -2.116290
v 0.295650 0.085803 -1.348307
v 0.259308 0.085803 -1.323896
v 0.302383 0.041289 -1.352829
v -0.232898 0.041289 -2.149745
v -0.239631 0.085803 -2.145222
v 0.267306 0.041289 -1.329268
v 0.287652 0.041289 -1.342935
v 0.267306 0.071584 -1.329268
v -0.267975 0.071584 -2.126184
v 0.295650 0.071584 -1.348307
v 0.287652 0.071584 -1.342935
v -0.247629 0.041289 -2.139850
v -0.239631 0.071584 -2.145222
v -0.247629 0.071584 -2.139850
v -0.267975 0.041289 -2.126184
v 0.259308 0.071584 -1.323896
v -0.275972 0.071584 -2.120812
v -0.282705 0.041289 -2.116290
v 0.252576 0.041289 -1.319374
v -0.275972 0.085803 -2.120812
v -0.015065 0.025803 -1.717832
v 0.034742 0.025803 -1.751287
v 0.028010 0.085803 -1.746765
v -0.008332 0.085803 -1.722354
v 0.034742 0.041289 -1.751287
v -0.000334 0.041289 -1.727726
v 0.020012 0.041289 -1.741393
v -0.000334 0.071584 -1.727726
v 0.028010 0.071584 -1.746765
v 0.020012 0.071584 -1.741393
v -0.008332 0.071584 -1.722354
v -0.015065 0.041289 -1.717832
v 0.614638 0.025803 -0.448192
v 0.670004 0.025803 -0.471315
v 0.300050 0.025803 -1.357166
v 0.244684 0.025803 -1.334044
v 0.662520 0.085803 -0.468189
v 0.622122 0.085803 -0.451318
v 0.670004 0.041289 -0.471315
v 0.300050 0.041289 -1.357166
v 0.292565 0.085803 -1.354041
v 0.631013 0.041289 -0.455031
v 0.653630 0.041289 -0.464476
v 0.631013 0.071584 -0.455031
v 0.261058 0.071584 -1.340883
v 0.662520 0.071584 -0.468189
v 0.653630 0.071584 -0.464476
v 0.283675 0.041289 -1.350328
v 0.292565 0.071584 -1.354041
v 0.283675 0.071584 -1.350328
v 0.261058 0.041289 -1.340883
v 0.622122 0.071584 -0.451318
v 0.252168 0.071584 -1.337170
v 0.244684 0.041289 -1.334044
v 0.614638 0.041289 -0.448192
v 0.252168 0.085803 -1.337170
v 0.429661 0.025803 -0.891118
v 0.485027 0.025803 -0.914241
v 0.477543 0.085803 -0.911115
v 0.437145 0.085803 -0.894244
v 0.485027 0.041289 -0.914241
v 0.446035 0.041289 -0.897957
v 0.468652 0.041289 -0.907402
v 0.446035 0.071584 -0.897957
v 0.477543 0.071584 -0.911115
v 0.468652 0.071584 -0.907402
v 0.437145 0.071584 -0.894244
v 0.429661 0.041289 -0.891118
v 0.800233 0.025803 0.476795
v 0.859040 0.025803 0.464890
v 0.668559 0.025803 -0.476023
v 0.609752 0.025803 -0.464118
v 0.851091 0.085803 0.466499
v 0.808183 0.085803 0.475186
v 0.859040 0.041289 0.464890
v 0.668559 0.041289 -0.476023
v 0.660610 0.085803 -0.474414
v 0.817626 0.041289 0.473274
v 0.841648 0.041289 0.468411
v 0.817626 0.071584 0.473274
v 0.627145 0.071584 -0.467639
v 0.851091 0.071584 0.466499
v 0.841648 0.071584 0.468411
v 0.651167 0.041289 -0.472502
v 0.660610 0.071584 -0.474414
v 0.651167 0.071584 -0.472502
v 0.627145 0.041289 -0.467639
v 0.808183 0.071584 0.475186
v 0.617702 0.071584 -0.465727
v 0.609752 0.041289 -0.464118
v 0.800233 0.041289 0.476795
v 0.617702 0.085803 -0.465727
v 0.704993 0.025803 0.006338
v 0.763800 0.025803 -0.005567
v 0.755851 0.085803 -0.003957
v 0.712942 0.085803 0.004729
v 0.763800 0.041289 -0.005567
v 0.722385 0.041289 0.002818
v 0.746408 0.041289 -0.002046
v 0.722385 0.071584 0.002818
v 0.755851 0.071584 -0.003957
v 0.746408 0.071584 -0.002046
v 0.712942 0.071584 0.004729
v 0.704993 0.041289 0.006338
v -4.029639 0.071584 -3.893528
v 0.181659 0.071584 0.999961
v 0.798540 0.025803 0.460223
v 0.858540 0.025803 0.459990
v 0.147515 0.085803 0.999887
v 0.147515 0.071584 0.999887
v 0.157149 0.071584 0.999908
v 0.850429 0.085803 0.460022
v 0.806651 0.085803 0.460192
v -4.029639 0.071584 -3.883894
v 0.139404 0.025803 0.999869
v 0.191293 0.085803 0.999982
v 0.858540 0.041289 0.459990
v 0.191293 0.071584 0.999982
v -4.029639 0.071584 -3.849750
v 0.816285 0.041289 0.460154
v 0.840795 0.041289 0.460059
v 0.816285 0.071584 0.460154
v 0.850429 0.071584 0.460022
v 0.199404 0.041289 1.000000
v 0.840795 0.071584 0.460059
v 0.806651 0.071584 0.460192
v -4.029639 0.041289 -3.841639
v 0.798540 0.041289 0.460223

vt 0.99905 0.183297
vt 0.93931 0.183297
vt 0.939081 0.132863
vt 0.99905 0.342604
vt 0.93931 0.342604
vt 0.93931 0.183297
vt 0.99905 0.183297
vt 0.985655 0.132863
vt 0.93931 0.342604
vt 0.99905 0.342604
vt 0.93931 0.183297
vt 0.99905 0.183297
vt 0.985655 0.179437
vt 0.93931 0.342604
vt 0.99905 0.342604
vt 0.93931 0.183297
vt 0.99905 0.183297
vt 0.939081 0.179437
vt 0.93931 0.342604
vt 0.99905 0.342604
vt 0.99905 0.183297
vt 0.93931 0.183297
vt 0.939081 0.132863
vt 0.99905 0.342604
vt 0.93931 0.342604
vt 0.93931 0.183297
vt 0.99905 0.183297
vt 0.985655 0.132863
vt 0.93931 0.342604
vt 0.99905 0.342604
vt 0.93931 0.183297
vt 0.99905 0.183297
vt 0.985655 0.179437
vt 0.93931 0.342604
vt 0.99905 0.342604
vt 0.93931 0.183297
vt 0.99905 0.183297
vt 0.939081 0.179437
vt 0.93931 0.342604
vt 0.99905 0.342604
vt 0.302823 0.656284
vt -0.000781 0.781451
vt 0.0 0.851064
vt 0.302823 0.718868
vt -0.000781 0.844034
vt -0.000781 0.656284
vt 0.979692 0.781451
vt 1.0 0.851064
vt -0.000781 0.718868
vt 0.979692 0.844034
vt -0.000781 0.718868
vt 0.145247 0.656284
vt 1.0 1.0
vt -0.000781 0.781451
vt 0.145247 0.718868
vt 0.156795 0.656284
vt 0.979692 0.718868
vt 0.0 1.0
vt 0.156795 0.718868
vt 0.979692 0.781451
vt 0.99905 0.183297
vt 0.93931 0.183297
vt 0.939081 0.132863
vt 0.99905 0.342604
vt 0.93931 0.342604
vt 0.93931 0.183297
vt 0.99905 0.183297
vt 0.985655 0.132863
vt 0.93931 0.342604
vt 0.99905 0.342604
vt 0.93931 0.183297
vt 0.99905 0.183297
vt 0.985655 0.179437
vt 0.93931 0.342604
vt 0.99905 0.342604
vt 0.93931 0.183297
vt 0.99905 0.183297
vt 0.939081 0.179437
vt 0.93931 0.342604
vt 0.99905 0.342604
vt 0.99905 0.183297
vt 0.93931 0.183297
vt 0.939081 0.132863
vt 0.99905 0.342604
vt 0.93931 0.342604
vt 0.93931 0.183297
vt 0.99905 0.183297
vt 0.985655 0.132863
vt 0.93931 0.342604
vt 0.99905 0.342604
vt 0.93931 0.183297
vt 0.99905 0.183297
vt 0.985655 0.179437
vt 0.93931 0.342604
vt 0.99905 0.342604
vt 0.93931 0.183297
vt 0.99905 0.183297
vt 0.939081 0.179437
vt 0.93931 0.342604
vt 0.99905 0.342604
vt 0.302823 0.656284
vt -0.000781 0.781451
vt 0.0 0.851064
vt 0.302823 0.718868
vt -0.000781 0.844034
vt -0.000781 0.656284
vt 0.979692 0.781451
vt 1.0 0.851064
vt -0.000781 0.718868
vt 0.979692 0.844034
vt -0.000781 0.718868
vt 0.145247 0.656284
vt 1.0 1.0
vt -0.000781 0.781451
vt 0.145247 0.718868
vt 0.156795 0.656284
vt 0.979692 0.718868
vt 0.0 1.0
vt 0.156795 0.718868
vt 0.979692 0.781451
vt 0.99905 0.183297
vt 0.93931 0.183297
vt 0.939081 0.132863
vt 0.99905 0.342604
vt 0.93931 0.342604
vt 0.93931 0.183297
vt 0.99905 0.183297
vt 0.985655 0.132863
vt 0.93931 0.342604
vt 0.99905 0.342604
vt 0.93931 0.183297
vt 0.99905 0.183297
vt 0.985655 0.179437
vt 0.93931 0.342604
vt 0.99905 0.342604
vt 0.93931 0.183297
vt 0.99905 0.183297
vt 0.939081 0.179437
vt 0.93931 0.342604
vt 0.99905 0.342604
vt 0.99905 0.183297
vt 0.93931 0.183297
vt 0.939081 0.132863
vt 0.99905 0.342604
vt 0.93931 0.342604
vt 0.93931 0.183297
vt 0.99905 0.183297
vt 0.985655 0.132863
vt 0.93931 0.342604
vt 0.99905 0.342604
vt 0.93931 0.183297
vt 0.99905 0.183297
vt 0.985655 0.179437
vt 0.93931 0.342604
vt 0.99905 0.342604
vt 0.93931 0.183297
vt 0.99905 0.183297
vt 0.939081 0.179437
vt 0.93931 0.342604
vt 0.99905 0.342604
vt 0.302823 0.656284
vt -0.000781 0.781451
vt 0.0 0.851064
vt 0.302823 0.718868
vt -0.000781 0.844034
vt -0.000781 0.656284
vt 0.979692 0.781451
vt 1.0 0.851064
vt -0.000781 0.718868
vt 0.979692 0.844034
vt -0.000781 0.718868
vt 0.145247 0.656284
vt 1.0 1.0
vt -0.000781 0.781451
vt 0.145247 0.718868
vt 0.156795 0.656284
vt 0.979692 0.718868
vt 0.0 1.0
vt 0.156795 0.718868
vt 0.979692 0.781451
vt 0.99905 0.183297
vt 0.93931 0.183297
vt 0.939081 0.132863
vt 0.99905 0.342604
vt 0.93931 0.342604
vt 0.93931 0.183297
vt 0.99905 0.183297
vt 0.985655 0.132863
vt 0.93931 0.342604
vt 0.99905 0.342604
vt 0.93931 0.183297
vt 0.99905 0.183297
vt 0.985655 0.179437
vt 0.93931 0.342604
vt 0.99905 0.342604
vt 0.93931 0.183297
vt 0.99905 0.183297
vt 0.939081 0.179437
vt 0.93931 0.342604
vt 0.99905 0.342604
vt 0.99905 0.183297
vt 0.93931 0.183297
vt 0.939081 0.132863
vt 0.99905 0.342604
vt 0.93931 0.342604
vt 0.93931 0.183297
vt 0.99905 0.183297
vt 0.985655 0.132863
vt 0.93931 0.342604
vt 0.99905 0.342604
vt 0.93931 0.183297
vt 0.99905 0.183297
vt 0.985655 0.179437
vt 0.93931 0.342604
vt 0.99905 0.342604
vt 0.93931 0.183297
vt 0.99905 0.183297
vt 0.939081 0.179437
vt 0.93931 0.342604
vt 0.99905 0.342604
vt 0.302823 0.656284
vt -0.000781 0.781451
vt 0.0 0.851064
vt 0.302823 0.718868
vt -0.000781 0.844034
vt -0.000781 0.656284
vt 0.979692 0.781451
vt 1.0 0.851064
vt -0.000781 0.718868
vt 0.979692 0.844034
vt -0.000781 0.718868
vt 0.145247 0.656284
vt 1.0 1.0
vt -0.000781 0.781451
vt 0.145247 0.718868
vt 0.156795 0.656284
vt 0.979692 0.718868
vt 0.0 1.0
vt 0.156795 0.718868
vt 0.979692 0.781451
vt 0.99905 0.183297
vt 0.93931 0.183297
vt 0.939081 0.132863
vt 0.99905 0.342604
vt 0.93931 0.342604
vt 0.93931 0.183297
vt 0.99905 0.183297
vt 0.985655 0.132863
vt 0.93931 0.342604
vt 0.99905 0.342604
vt 0.93931 0.183297
vt 0.99905 0.183297
vt 0.985655 0.179437
vt 0.93931 0.342604
vt 0.99905 0.342604
vt 0.93931 0.183297
vt 0.99905 0.183297
vt 0.939081 0.179437
vt 0.93931 0.342604
vt 0.99905 0.342604
vt 0.99905 0.183297
vt 0.93931 0.183297
vt 0.939081 0.132863
vt 0.99905 0.342604
vt 0.93931 0.342604
vt 0.93931 0.183297
vt 0.99905 0.183297
vt 0.985655 0.132863
vt 0.93931 0.342604
vt 0.99905 0.342604
vt 0.93931 0.183297
vt 0.99905 0.183297
vt 0.985655 0.179437
vt 0.93931 0.342604
vt 0.99905 0.342604
vt 0.93931 0.183297
vt 0.99905 0.183297
vt 0.939081 0.179437
vt 0.93931 0.342604
vt 0.99905 0.342604
vt 0.302823 0.656284
vt -0.000781 0.781451
vt 0.0 0.851064
vt 0.302823 0.718868
vt -0.000781 0.844034
vt -0.000781 0.656284
vt 0.979692 0.781451
vt 1.0 0.851064
vt -0.000781 0.718868
vt 0.979692 0.844034
vt -0.000781 0.718868
vt 0.145247 0.656284
vt 1.0 1.0
vt -0.000781 0.781451
vt 0.145247 0.718868
vt 0.156795 0.656284
vt 0.979692 0.718868
vt 0.0 1.0
vt 0.156795 0.718868
vt 0.979692 0.781451
vt 0.99905 0.183297
vt 0.93931 0.183297
vt 0.939081 0.132863
vt 0.99905 0.342604
vt 0.93931 0.342604
vt 0.93931 0.183297
vt 0.99905 0.183297
vt 0.985655 0.132863
vt 0.93931 0.342604
vt 0.99905 0.342604
vt 0.93931 0.183297
vt 0.99905 0.183297
vt 0.985655 0.179437
vt 0.93931 0.342604
vt 0.99905 0.342604
vt 0.93931 0.183297
vt 0.99905 0.183297
vt 0.939081 0.179437
vt 0.93931 0.342604
vt 0.99905 0.342604
vt 0.99905 0.183297
vt 0.93931 0.183297
vt 0.939081 0.132863
vt 0.99905 0.342604
vt 0.93931 0.342604
vt 0.93931 0.183297
vt 0.99905 0.183297
vt 0.985655 0.132863
vt 0.93931 0.342604
vt 0.99905 0.342604
vt 0.93931 0.183297
vt 0.99905 0.183297
vt 0.985655 0.179437
vt 0.93931 0.342604
vt 0.99905 0.342604
vt 0.93931 0.183297
vt 0.99905 0.183297
vt 0.939081 0.179437
vt 0.93931 0.342604
vt 0.99905 0.342604
vt 0.302823 0.656284
vt -0.000781 0.781451
vt 0.0 0.851064
vt 0.302823 0.718868
vt -0.000781 0.844034
vt -0.000781 0.656284
vt 0.979692 0.781451
vt 1.0 0.851064
vt -0.000781 0.718868
vt 0.979692 0.844034
vt -0.000781 0.718868
vt 0.145247 0.656284
vt 1.0 1.0
vt -0.000781 0.781451
vt 0.145247 0.718868
vt 0.156795 0.656284
vt 0.979692 0.718868
vt 0.0 1.0
vt 0.156795 0.718868
vt 0.979692 0.781451
vt 0.99905 0.183297
vt 0.93931 0.183297
vt 0.939081 0.132863
vt 0.99905 0.342604
vt 0.93931 0.342604
vt 0.93931 0.183297
vt 0.99905 0.183297
vt 0.985655 0.132863
vt 0.93931 0.342604
vt 0.99905 0.342604
vt 0.93931 0.183297
vt 0.99905 0.183297
vt 0.985655 0.179437
vt 0.93931 0.342604
vt 0.99905 0.342604
vt 0.93931 0.183297
vt 0.99905 0.183297
vt 0.939081 0.179437
vt 0.93931 0.342604
vt 0.99905 0.342604
vt 0.99905 0.183297
vt 0.93931 0.183297
vt 0.939081 0.132863
vt 0.99905 0.342604
vt 0.93931 0.342604
vt 0.93931 0.183297
vt 0.99905 0.183297
vt 0.985655 0.132863
vt 0.93931 0.342604
vt 0.99905 0.342604
vt 0.93931 0.183297
vt 0.99905 0.183297
vt 0.985655 0.179437
vt 0.93931 0.342604
vt 0.99905 0.342604
vt 0.93931 0.183297
vt 0.99905 0.183297
vt 0.939081 0.179437
vt 0.93931 0.342604
vt 0.99905 0.342604
vt 0.302823 0.656284
vt -0.000781 0.781451
vt 0.0 0.851064
vt 0.302823 0.718868
vt -0.000781 0.844034
vt -0.000781 0.656284
vt 0.979692 0.781451
vt 1.0 0.851064
vt -0.000781 0.718868
vt 0.979692 0.844034
vt -0.000781 0.718868
vt 0.145247 0.656284
vt 1.0 1.0
vt -0.000781 0.781451
vt 0.145247 0.718868
vt 0.156795 0.656284
vt 0.979692 0.718868
vt 0.0 1.0
vt 0.156795 0.718868
vt 0.979692 0.781451
vt 0.99905 0.183297
vt 0.93931 0.183297
vt 0.939081 0.132863
vt 0.99905 0.342604
vt 0.93931 0.342604
vt 0.93931 0.183297
vt 0.99905 0.183297
vt 0.985655 0.132863
vt 0.93931 0.342604
vt 0.99905 0.342604
vt 0.93931 0.183297
vt 0.99905 0.183297
vt 0.985655 0.179437
vt 0.93931 0.342604
vt 0.99905 0.342604
vt 0.93931 0.183297
vt 0.99905 0.183297
vt 0.939081 0.179437
vt 0.93931 0.342604
vt 0.99905 0.342604
vt 0.99905 0.183297
vt 0.93931 0.183297
vt 0.939081 0.132863
vt 0.99905 0.342604
vt 0.93931 0.342604
vt 0.93931 0.183297
vt 0.99905 0.183297
vt 0.985655 0.132863
vt 0.93931 0.342604
vt 0.99905 0.342604
vt 0.93931 0.183297
vt 0.99905 0.183297
vt 0.985655 0.179437
vt 0.93931 0.342604
vt 0.99905 0.342604
vt 0.93931 0.183297
vt 0.99905 0.183297
vt 0.939081 0.179437
vt 0.93931 0.342604
vt 0.99905 0.342604
vt 0.302823 0.656284
vt -0.000781 0.781451
vt 0.0 0.851064
vt 0.302823 0.718868
vt -0.000781 0.844034
vt -0.000781 0.656284
vt 0.979692 0.781451
vt 1.0 0.851064
vt -0.000781 0.718868
vt 0.979692 0.844034
vt -0.000781 0.718868
vt 0.145247 0.656284
vt 1.0 1.0
vt -0.000781 0.781451
vt 0.145247 0.718868
vt 0.156795 0.656284
vt 0.979692 0.718868
vt 0.0 1.0
vt 0.156795 0.718868
vt 0.979692 0.781451
vt 0.99905 0.183297
vt 0.93931 0.183297
vt 0.939081 0.132863
vt 0.99905 0.342604
vt 0.93931 0.342604
vt 0.93931 0.183297
vt 0.99905 0.183297
vt 0.985655 0.132863
vt 0.93931 0.342604
vt 0.99905 0.342604
vt 0.93931 0.183297
vt 0.99905 0.183297
vt 0.985655 0.179437
vt 0.93931 0.342604
vt 0.99905 0.342604
vt 0.93931 0.183297
vt 0.99905 0.183297
vt 0.939081 0.179437
vt 0.93931 0.342604
vt 0.99905 0.342604
vt 0.99905 0.183297
vt 0.93931 0.183297
vt 0.939081 0.132863
vt 0.99905 0.342604
vt 0.93931 0.342604
vt 0.93931 0.183297
vt 0.99905 0.183297
vt 0.985655 0.132863
vt 0.93931 0.342604
vt 0.99905 0.342604
vt 0.93931 0.183297
vt 0.99905 0.183297
vt 0.985655 0.179437
vt 0.93931 0.342604
vt 0.99905 0.342604
vt 0.93931 0.183297
vt 0.99905 0.183297
vt 0.939081 0.179437
vt 0.93931 0.342604
vt 0.99905 0.342604
vt 0.302823 0.656284
vt -0.000781 0.781451
vt 0.0 0.851064
vt 0.302823 0.718868
vt -0.000781 0.844034
vt -0.000781 0.656284
vt 0.979692 0.781451
vt 1.0 0.851064
vt -0.000781 0.718868
vt 0.979692 0.844034
vt -0.000781 0.718868
vt 0.145247 0.656284
vt 1.0 1.0
vt -0.000781 0.781451
vt 0.145247 0.718868
vt 0.156795 0.656284
vt 0.979692 0.718868
vt 0.0 1.0
vt 0.156795 0.718868
vt 0.979692 0.781451
vt 0.99905 0.183297
vt 0.93931 0.183297
vt 0.939081 0.132863
vt 0.99905 0.342604
vt 0.93931 0.342604
vt 0.93931 0.183297
vt 0.99905 0.183297
vt 0.985655 0.132863
vt 0.93931 0.342604
vt 0.99905 0.342604
vt 0.93931 0.183297
vt 0.99905 0.183297
vt 0.985655 0.179437
vt 0.93931 0.342604
vt 0.99905 0.342604
vt 0.93931 0.183297
vt 0.99905 0.183297
vt 0.939081 0.179437
vt 0.93931 0.342604
vt 0.99905 0.342604
vt 0.99905 0.183297
vt 0.93931 0.183297
vt 0.939081 0.132863
vt 0.99905 0.342604
vt 0.93931 0.342604
vt 0.93931 0.183297
vt 0.99905 0.183297
vt 0.985655 0.132863
vt 0.93931 0.342604
vt 0.99905 0.342604
vt 0.93931 0.183297
vt 0.99905 0.183297
vt 0.985655 0.179437
vt 0.93931 0.342604
vt 0.99905 0.342604
vt 0.93931 0.183297
vt 0.99905 0.183297
vt 0.939081 0.179437
vt 0.93931 0.342604
vt 0.99905 0.342604
vt 0.302823 0.656284
vt -0.000781 0.781451
vt 0.0 0.851064
vt 0.302823 0.718868
vt -0.000781 0.844034
vt -0.000781 0.656284
vt 0.979692 0.781451
vt 1.0 0.851064
vt -0.000781 0.718868
vt 0.979692 0.844034
vt -0.000781 0.718868
vt 0.145247 0.656284
vt 1.0 1.0
vt -0.000781 0.781451
vt 0.145247 0.718868
vt 0.156795 0.656284
vt 0.979692 0.718868
vt 0.0 1.0
vt 0.156795 0.718868
vt 0.979692 0.781451
vt 0.99905 0.183297
vt 0.93931 0.183297
vt 0.939081 0.132863
vt 0.99905 0.342604
vt 0.93931 0.342604
vt 0.93931 0.183297
vt 0.99905 0.183297
vt 0.985655 0.132863
vt 0.93931 0.342604
vt 0.99905 0.342604
vt 0.93931 0.183297
vt 0.99905 0.183297
vt 0.985655 0.179437
vt 0.93931 0.342604
vt 0.99905 0.342604
vt 0.93931 0.183297
vt 0.99905 0.183297
vt 0.939081 0.179437
vt 0.93931 0.342604
vt 0.99905 0.342604
vt 0.99905 0.183297
vt 0.93931 0.183297
vt 0.939081 0.132863
vt 0.99905 0.342604
vt 0.93931 0.342604
vt 0.93931 0.183297
vt 0.99905 0.183297
vt 0.985655 0.132863
vt 0.93931 0.342604
vt 0.99905 0.342604
vt 0.93931 0.183297
vt 0.99905 0.183297
vt 0.985655 0.179437
vt 0.93931 0.342604
vt 0.99905 0.342604
vt 0.93931 0.183297
vt 0.99905 0.183297
vt 0.939081 0.179437
vt 0.93931 0.342604
vt 0.99905 0.342604
vt 0.302823 0.656284
vt -0.000781 0.781451
vt 0.0 0.851064
vt 0.302823 0.718868
vt -0.000781 0.844034
vt -0.000781 0.656284
vt 0.979692 0.781451
vt 1.0 0.851064
vt -0.000781 0.718868
vt 0.979692 0.844034
vt -0.000781 0.718868
vt 0.145247 0.656284
vt 1.0 1.0
vt -0.000781 0.781451
vt 0.145247 0.718868
vt 0.156795 0.656284
vt 0.979692 0.718868
vt 0.0 1.0
vt 0.156795 0.718868
vt 0.979692 0.781451
vt 0.99905 0.183297
vt 0.93931 0.183297
vt 0.939081 0.132863
vt 0.99905 0.342604
vt 0.93931 0.342604
vt 0.93931 0.183297
vt 0.99905 0.183297
vt 0.985655 0.132863
vt 0.93931 0.342604
vt 0.99905 0.342604
vt 0.93931 0.183297
vt 0.99905 0.183297
vt 0.985655 0.179437
vt 0.93931 0.342604
vt 0.99905 0.342604
vt 0.93931 0.183297
vt 0.99905 0.183297
vt 0.939081 0.179437
vt 0.93931 0.342604
vt 0.99905 0.342604
vt 0.99905 0.183297
vt 0.93931 0.183297
vt 0.939081 0.132863
vt 0.99905 0.342604
vt 0.93931 0.342604
vt 0.93931 0.183297
vt 0.99905 0.183297
vt 0.985655 0.132863
vt 0.93931 0.342604
vt 0.99905 0.342604
vt 0.93931 0.183297
vt 0.99905 0.183297
vt 0.985655 0.179437
vt 0.93931 0.342604
vt 0.99905 0.342604
vt 0.93931 0.183297
vt 0.99905 0.183297
vt 0.939081 0.179437
vt 0.93931 0.342604
vt 0.99905 0.342604
vt 0.302823 0.656284
vt -0.000781 0.781451
vt 0.0 0.851064
vt 0.302823 0.718868
vt -0.000781 0.844034
vt -0.000781 0.656284
vt 0.979692 0.781451
vt 1.0 0.851064
vt -0.000781 0.718868
vt 0.979692 0.844034
vt -0.000781 0.718868
vt 0.145247 0.656284
vt 1.0 1.0
vt -0.000781 0.781451
vt 0.145247 0.718868
vt 0.156795 0.656284
vt 0.979692 0.718868
vt 0.0 1.0
vt 0.156795 0.718868
vt 0.979692 0.781451
vt 0.99905 0.183297
vt 0.93931 0.183297
vt 0.939081 0.132863
vt 0.99905 0.342604
vt 0.93931 0.342604
vt 0.93931 0.183297
vt 0.99905 0.183297
vt 0.985655 0.132863
vt 0.93931 0.342604
vt 0.99905 0.342604
vt 0.93931 0.183297
vt 0.99905 0.183297
vt 0.985655 0.179437
vt 0.93931 0.342604
vt 0.99905 0.342604
vt 0.93931 0.183297
vt 0.99905 0.183297
vt 0.939081 0.179437
vt 0.93931 0.342604
vt 0.99905 0.342604
vt 0.99905 0.183297
vt 0.93931 0.183297
vt 0.939081 0.132863
vt 0.99905 0.342604
vt 0.93931 0.342604
vt 0.93931 0.183297
vt 0.99905 0.183297
vt 0.985655 0.132863
vt 0.93931 0.342604
vt 0.99905 0.342604
vt 0.93931 0.183297
vt 0.99905 0.183297
vt 0.985655 0.179437
vt 0.93931 0.342604
vt 0.99905 0.342604
vt 0.93931 0.183297
vt 0.99905 0.183297
vt 0.939081 0.179437
vt 0.93931 0.342604
vt 0.99905 0.342604
vt 0.302823 0.656284
vt -0.000781 0.781451
vt 0.0 0.851064
vt 0.302823 0.718868
vt -0.000781 0.844034
vt -0.000781 0.656284
vt 0.979692 0.781451
vt 1.0 0.851064
vt -0.000781 0.718868
vt 0.979692 0.844034
vt -0.000781 0.718868
vt 0.145247 0.656284
vt 1.0 1.0
vt -0.000781 0.781451
vt 0.145247 0.718868
vt 0.156795 0.656284
vt 0.979692 0.718868
vt 0.0 1.0
vt 0.156795 0.718868
vt 0.979692 0.781451
vt 0.99905 0.183297
vt 0.93931 0.183297
vt 0.939081 0.132863
vt 0.99905 0.342604
vt 0.93931 0.342604
vt 0.93931 0.183297
vt 0.99905 0.183297
vt 0.985655 0.132863
vt 0.93931 0.342604
vt 0.99905 0.342604
vt 0.93931 0.183297
vt 0.99905 0.183297
vt 0.985655 0.179437
vt 0.93931 0.342604
vt 0.99905 0.342604
vt 0.93931 0.183297
vt 0.99905 0.183297
vt 0.939081 0.179437
vt 0.93931 0.342604
vt 0.99905 0.342604
vt 0.99905 0.183297
vt 0.93931 0.183297
vt 0.939081 0.132863
vt 0.99905 0.342604
vt 0.93931 0.342604
vt 0.93931 0.183297
vt 0.99905 0.183297
vt 0.985655 0.132863
vt 0.93931 0.342604
vt 0.99905 0.342604
vt 0.93931 0.183297
vt 0.99905 0.183297
vt 0.985655 0.179437
vt 0.93931 0.342604
vt 0.99905 0.342604
vt 0.93931 0.183297
vt 0.99905 0.183297
vt 0.939081 0.179437
vt 0.93931 0.342604
vt 0.99905 0.342604
vt 0.302823 0.656284
vt -0.000781 0.781451
vt 0.0 0.851064
vt 0.302823 0.718868
vt -0.000781 0.844034
vt -0.000781 0.656284
vt 0.979692 0.781451
vt 1.0 0.851064
vt -0.000781 0.718868
vt 0.979692 0.844034
vt -0.000781 0.718868
vt 0.145247 0.656284
vt 1.0 1.0
vt -0.000781 0.781451
vt 0.145247 0.718868
vt 0.156795 0.656284
vt 0.979692 0.718868
vt 0.0 1.0
vt 0.156795 0.718868
vt 0.979692 0.781451
vt 0.99905 0.183297
vt 0.93931 0.183297
vt 0.939081 0.132863
vt 0.99905 0.342604
vt 0.93931 0.342604
vt 0.93931 0.183297
vt 0.99905 0.183297
vt 0.985655 0.132863
vt 0.93931 0.342604
vt 0.99905 0.342604
vt 0.93931 0.183297
vt 0.99905 0.183297
vt 0.985655 0.179437
vt 0.93931 0.342604
vt 0.99905 0.342604
vt 0.93931 0.183297
vt 0.99905 0.183297
vt 0.939081 0.179437
vt 0.93931 0.342604
vt 0.99905 0.342604
vt 0.99905 0.183297
vt 0.93931 0.183297
vt 0.939081 0.132863
vt 0.99905 0.342604
vt 0.93931 0.342604
vt 0.93931 0.183297
vt 0.99905 0.183297
vt 0.985655 0.132863
vt 0.93931 0.342604
vt 0.99905 0.342604
vt 0.93931 0.183297
vt 0.99905 0.183297
vt 0.985655 0.179437
vt 0.93931 0.342604
vt 0.99905 0.342604
vt 0.93931 0.183297
vt 0.99905 0.183297
vt 0.939081 0.179437
vt 0.93931 0.342604
vt 0.99905 0.342604
vt 0.302823 0.656284
vt -0.000781 0.781451
vt 0.0 0.851064
vt 0.302823 0.718868
vt -0.000781 0.844034
vt -0.000781 0.656284
vt 0.979692 0.781451
vt 1.0 0.851064
vt -0.000781 0.718868
vt 0.979692 0.844034
vt -0.000781 0.718868
vt 0.145247 0.656284
vt 1.0 1.0
vt -0.000781 0.781451
vt 0.145247 0.718868
vt 0.156795 0.656284
vt 0.979692 0.718868
vt 0.0 1.0
vt 0.156795 0.718868
vt 0.979692 0.781451
vt 0.99905 0.183297
vt 0.93931 0.183297
vt 0.939081 0.132863
vt 0.99905 0.342604
vt 0.93931 0.342604
vt 0.93931 0.183297
vt 0.99905 0.183297
vt 0.985655 0.132863
vt 0.93931 0.342604
vt 0.99905 0.342604
vt 0.93931 0.183297
vt 0.99905 0.183297
vt 0.985655 0.179437
vt 0.93931 0.342604
vt 0.99905 0.342604
vt 0.93931 0.183297
vt 0.99905 0.183297
vt 0.939081 0.179437
vt 0.93931 0.342604
vt 0.99905 0.342604
vt 0.99905 0.183297
vt 0.93931 0.183297
vt 0.939081 0.132863
vt 0.99905 0.342604
vt 0.93931 0.342604
vt 0.93931 0.183297
vt 0.99905 0.183297
vt 0.985655 0.132863
vt 0.93931 0.342604
vt 0.99905 0.342604
vt 0.93931 0.183297
vt 0.99905 0.183297
vt 0.985655 0.179437
vt 0.93931 0.342604
vt 0.99905 0.342604
vt 0.93931 0.183297
vt 0.99905 0.183297
vt 0.939081 0.179437
vt 0.93931 0.342604
vt 0.99905 0.342604
vt 0.302823 0.656284
vt -0.000781 0.781451
vt 0.0 0.851064
vt 0.302823 0.718868
vt -0.000781 0.844034
vt -0.000781 0.656284
vt 0.979692 0.781451
vt 1.0 0.851064
vt -0.000781 0.718868
vt 0.979692 0.844034
vt -0.000781 0.718868
vt 0.145247 0.656284
vt 1.0 1.0
vt -0.000781 0.781451
vt 0.145247 0.718868
vt 0.156795 0.656284
vt 0.979692 0.718868
vt 0.0 1.0
vt 0.156795 0.718868
vt 0.979692 0.781451
vt 0.99905 0.183297
vt 0.93931 0.183297
vt 0.939081 0.132863
vt 0.99905 0.342604
vt 0.93931 0.342604
vt 0.93931 0.183297
vt 0.99905 0.183297
vt 0.985655 0.132863
vt 0.93931 0.342604
vt 0.99905 0.342604
vt 0.93931 0.183297
vt 0.99905 0.183297
vt 0.985655 0.179437
vt 0.93931 0.342604
vt 0.99905 0.342604
vt 0.93931 0.183297
vt 0.99905 0.183297
vt 0.939081 0.179437
vt 0.93931 0.342604
vt 0.99905 0.342604
vt 0.99905 0.183297
vt 0.93931 0.183297
vt 0.939081 0.132863
vt 0.99905 0.342604
vt 0.93931 0.342604
vt 0.93931 0.183297
vt 0.99905 0.183297
vt 0.985655 0.132863
vt 0.93931 0.342604
vt 0.99905 0.342604
vt 0.93931 0.183297
vt 0.99905 0.183297
vt 0.985655 0.179437
vt 0.93931 0.342604
vt 0.99905 0.342604
vt 0.93931 0.183297
vt 0.99905 0.183297
vt 0.939081 0.179437
vt 0.93931 0.342604
vt 0.99905 0.342604
vt 0.302823 0.656284
vt -0.000781 0.781451
vt 0.0 0.851064
vt 0.302823 0.718868
vt -0.000781 0.844034
vt -0.000781 0.656284
vt 0.979692 0.781451
vt 1.0 0.851064
vt -0.000781 0.718868
vt 0.979692 0.844034
vt -0.000781 0.718868
vt 0.145247 0.656284
vt 1.0 1.0
vt -0.000781 0.781451
vt 0.145247 0.718868
vt 0.156795 0.656284
vt 0.979692 0.718868
vt 0.0 1.0
vt 0.156795 0.718868
vt 0.979692 0.781451
vt 0.99905 0.183297
vt 0.93931 0.183297
vt 0.939081 0.132863
vt 0.99905 0.342604
vt 0.93931 0.342604
vt 0.93931 0.183297
vt 0.99905 0.183297
vt 0.985655 0.132863
vt 0.93931 0.342604
vt 0.99905 0.342604
vt 0.93931 0.183297
vt 0.99905 0.183297
vt 0.985655 0.179437
vt 0.93931 0.342604
vt 0.99905 0.342604
vt 0.93931 0.183297
vt 0.99905 0.183297
vt 0.939081 0.179437
vt 0.93931 0.342604
vt 0.99905 0.342604
vt 0.99905 0.183297
vt 0.93931 0.183297
vt 0.939081 0.132863
vt 0.99905 0.342604
vt 0.93931 0.342604
vt 0.93931 0.183297
vt 0.99905 0.183297
vt 0.985655 0.132863
vt 0.93931 0.342604
vt 0.99905 0.342604
vt 0.93931 0.183297
vt 0.99905 0.183297
vt 0.985655 0.179437
vt 0.93931 0.342604
vt 0.99905 0.342604
vt 0.93931 0.183297
vt 0.99905 0.183297
vt 0.939081 0.179437
vt 0.93931 0.342604
vt 0.99905 0.342604
vt 0.302823 0.656284
vt -0.000781 0.781451
vt 0.0 0.851064
vt 0.302823 0.718868
vt -0.000781 0.844034
vt -0.000781 0.656284
vt 0.979692 0.781451
vt 1.0 0.851064
vt -0.000781 0.718868
vt 0.979692 0.844034
vt -0.000781 0.718868
vt 0.145247 0.656284
vt 1.0 1.0
vt -0.000781 0.781451
vt 0.145247 0.718868
vt 0.156795 0.656284
vt 0.979692 0.718868
vt 0.0 1.0
vt 0.156795 0.718868
vt 0.979692 0.781451
vt 0.99905 0.183297
vt 0.93931 0.183297
vt 0.939081 0.132863
vt 0.99905 0.342604
vt 0.93931 0.342604
vt 0.93931 0.183297
vt 0.99905 0.183297
vt 0.985655 0.132863
vt 0.93931 0.342604
vt 0.99905 0.342604
vt 0.93931 0.183297
vt 0.99905 0.183297
vt 0.985655 0.179437
vt 0.93931 0.342604
vt 0.99905 0.342604
vt 0.93931 0.183297
vt 0.99905 0.183297
vt 0.939081 0.179437
vt 0.93931 0.342604
vt 0.99905 0.342604
vt 0.99905 0.183297
vt 0.93931 0.183297
vt 0.939081 0.132863
vt 0.99905 0.342604
vt 0.93931 0.342604
vt 0.93931 0.183297
vt 0.99905 0.183297
vt 0.985655 0.132863
vt 0.93931 0.342604
vt 0.99905 0.342604
vt 0.93931 0.183297
vt 0.99905 0.183297
vt 0.985655 0.179437
vt 0.93931 0.342604
vt 0.99905 0.342604
vt 0.93931 0.183297
vt 0.99905 0.183297
vt 0.939081 0.179437
vt 0.93931 0.342604
vt 0.99905 0.342604
vt 0.302823 0.656284
vt -0.000781 0.781451
vt 0.0 0.851064
vt 0.302823 0.718868
vt -0.000781 0.844034
vt -0.000781 0.656284
vt 0.979692 0.781451
vt 1.0 0.851064
vt -0.000781 0.718868
vt 0.979692 0.844034
vt -0.000781 0.718868
vt 0.145247 0.656284
vt 1.0 1.0
vt -0.000781 0.781451
vt 0.145247 0.718868
vt 0.156795 0.656284
vt 0.979692 0.718868
vt 0.0 1.0
vt 0.156795 0.718868
vt 0.979692 0.781451
vt 0.99905 0.183297
vt 0.93931 0.183297
vt 0.939081 0.132863
vt 0.99905 0.342604
vt 0.93931 0.342604
vt 0.93931 0.183297
vt 0.99905 0.183297
vt 0.985655 0.132863
vt 0.93931 0.342604
vt 0.99905 0.342604
vt 0.93931 0.183297
vt 0.99905 0.183297
vt 0.985655 0.179437
vt 0.93931 0.342604
vt 0.99905 0.342604
vt 0.93931 0.183297
vt 0.99905 0.183297
vt 0.939081 0.179437
vt 0.93931 0.342604
vt 0.99905 0.342604
vt 0.99905 0.183297
vt 0.93931 0.183297
vt 0.939081 0.132863
vt 0.99905 0.342604
vt 0.93931 0.342604
vt 0.93931 0.183297
vt 0.99905 0.183297
vt 0.985655 0.132863
vt 0.93931 0.342604
vt 0.99905 0.342604
vt 0.93931 0.183297
vt 0.99905 0.183297
vt 0.985655 0.179437
vt 0.93931 0.342604
vt 0.99905 0.342604
vt 0.93931 0.183297
vt 0.99905 0.183297
vt 0.939081 0.179437
vt 0.93931 0.342604
vt 0.99905 0.342604
vt 0.302823 0.656284
vt -0.000781 0.781451
vt 0.0 0.851064
vt 0.302823 0.718868
vt -0.000781 0.844034
vt -0.000781 0.656284
vt 0.979692 0.781451
vt 1.0 0.851064
vt -0.000781 0.718868
vt 0.979692 0.844034
vt -0.000781 0.718868
vt 0.145247 0.656284
vt 1.0 1.0
vt -0.000781 0.781451
vt 0.145247 0.718868
vt 0.156795 0.656284
vt 0.979692 0.718868
vt 0.0 1.0
vt 0.156795 0.718868
vt 0.979692 0.781451
vt 0.99905 0.183297
vt 0.93931 0.183297
vt 0.939081 0.132863
vt 0.99905 0.342604
vt 0.93931 0.342604
vt 0.93931 0.183297
vt 0.99905 0.183297
vt 0.985655 0.132863
vt 0.93931 0.342604
vt 0.99905 0.342604
vt 0.93931 0.183297
vt 0.99905 0.183297
vt 0.985655 0.179437
vt 0.93931 0.342604
vt 0.99905 0.342604
vt 0.93931 0.183297
vt 0.99905 0.183297
vt 0.939081 0.179437
vt 0.93931 0.342604
vt 0.99905 0.342604
vt 0.99905 0.183297
vt 0.93931 0.183297
vt 0.939081 0.132863
vt 0.99905 0.342604
vt 0.93931 0.342604
vt 0.93931 0.183297
vt 0.99905 0.183297
vt 0.985655 0.132863
vt 0.93931 0.342604
vt 0.99905 0.342604
vt 0.93931 0.183297
vt 0.99905 0.183297
vt 0.985655 0.179437
vt 0.93931 0.342604
vt 0.99905 0.342604
vt 0.93931 0.183297
vt 0.99905 0.183297
vt 0.939081 0.179437
vt 0.93931 0.342604
vt 0.99905 0.342604
vt 0.302823 0.656284
vt -0.000781 0.781451
vt 0.0 0.851064
vt 0.302823 0.718868
vt -0.000781 0.844034
vt -0.000781 0.656284
vt 0.979692 0.781451
vt 1.0 0.851064
vt -0.000781 0.718868
vt 0.979692 0.844034
vt -0.000781 0.718868
vt 0.145247 0.656284
vt 1.0 1.0
vt -0.000781 0.781451
vt 0.145247 0.718868
vt 0.156795 0.656284
vt 0.979692 0.718868
vt 0.0 1.0
vt 0.156795 0.718868
vt 0.979692 0.781451
vt 0.99905 0.183297
vt 0.93931 0.183297
vt 0.939081 0.132863
vt 0.99905 0.342604
vt 0.93931 0.342604
vt 0.93931 0.183297
vt 0.99905 0.183297
vt 0.985655 0.132863
vt 0.93931 0.342604
vt 0.99905 0.342604
vt 0.93931 0.183297
vt 0.99905 0.183297
vt 0.985655 0.179437
vt 0.93931 0.342604
vt 0.99905 0.342604
vt 0.93931 0.183297
vt 0.99905 0.183297
vt 0.939081 0.179437
vt 0.93931 0.342604
vt 0.99905 0.342604
vt 0.99905 0.183297
vt 0.93931 0.183297
vt 0.939081 0.132863
vt 0.99905 0.342604
vt 0.93931 0.342604
vt 0.93931 0.183297
vt 0.99905 0.183297
vt 0.985655 0.132863
vt 0.93931 0.342604
vt 0.99905 0.342604
vt 0.93931 0.183297
vt 0.99905 0.183297
vt 0.985655 0.179437
vt 0.93931 0.342604
vt 0.99905 0.342604
vt 0.93931 0.183297
vt 0.99905 0.183297
vt 0.939081 0.179437
vt 0.93931 0.342604
vt 0.99905 0.342604
vt 0.302823 0.656284
vt -0.000781 0.781451
vt 0.0 0.851064
vt 0.302823 0.718868
vt -0.000781 0.844034
vt -0.000781 0.656284
vt 0.979692 0.781451
vt 1.0 0.851064
vt -0.000781 0.718868
vt 0.979692 0.844034
vt -0.000781 0.718868
vt 0.145247 0.656284
vt 1.0 1.0
vt -0.000781 0.781451
vt 0.145247 0.718868
vt 0.156795 0.656284
vt 0.979692 0.718868
vt 0.0 1.0
vt 0.156795 0.718868
vt 0.979692 0.781451
vt 0.99905 0.183297
vt 0.93931 0.183297
vt 0.939081 0.132863
vt 0.99905 0.342604
vt 0.93931 0.342604
vt 0.93931 0.183297
vt 0.99905 0.183297
vt 0.985655 0.132863
vt 0.93931 0.342604
vt 0.99905 0.342604
vt 0.93931 0.183297
vt 0.99905 0.183297
vt 0.985655 0.179437
vt 0.93931 0.342604
vt 0.99905 0.342604
vt 0.93931 0.183297
vt 0.99905 0.183297
vt 0.939081 0.179437
vt 0.93931 0.342604
vt 0.99905 0.342604
vt 0.99905 0.183297
vt 0.93931 0.183297
vt 0.939081 0.132863
vt 0.99905 0.342604
vt 0.93931 0.342604
vt 0.93931 0.183297
vt 0.99905 0.183297
vt 0.985655 0.132863
vt 0.93931 0.342604
vt 0.99905 0.342604
vt 0.93931 0.183297
vt 0.99905 0.183297
vt 0.985655 0.179437
vt 0.93931 0.342604
vt 0.99905 0.342604
vt 0.93931 0.183297
vt 0.99905 0.183297
vt 0.939081 0.179437
vt 0.93931 0.342604
vt 0.99905 0.342604
vt 0.302823 0.656284
vt -0.000781 0.781451
vt 0.0 0.851064
vt 0.302823 0.718868
vt -0.000781 0.844034
vt -0.000781 0.656284
vt 0.979692 0.781451
vt 1.0 0.851064
vt -0.000781 0.718868
vt 0.979692 0.844034
vt -0.000781 0.718868
vt 0.145247 0.656284
vt 1.0 1.0
vt -0.000781 0.781451
vt 0.145247 0.718868
vt 0.156795 0.656284
vt 0.979692 0.718868
vt 0.0 1.0
vt 0.156795 0.718868
vt 0.979692 0.781451
vt 0.99905 0.183297
vt 0.93931 0.183297
vt 0.939081 0.132863
vt 0.99905 0.342604
vt 0.93931 0.342604
vt 0.93931 0.183297
vt 0.99905 0.183297
vt 0.985655 0.132863
vt 0.93931 0.342604
vt 0.99905 0.342604
vt 0.93931 0.183297
vt 0.99905 0.183297
vt 0.985655 0.179437
vt 0.93931 0.342604
vt 0.99905 0.342604
vt 0.93931 0.183297
vt 0.99905 0.183297
vt 0.939081 0.179437
vt 0.93931 0.342604
vt 0.99905 0.342604
vt 0.99905 0.183297
vt 0.93931 0.183297
vt 0.939081 0.132863
vt 0.99905 0.342604
vt 0.93931 0.342604
vt 0.93931 0.183297
vt 0.99905 0.183297
vt 0.985655 0.132863
vt 0.93931 0.342604
vt 0.99905 0.342604
vt 0.93931 0.183297
vt 0.99905 0.183297
vt 0.985655 0.179437
vt 0.93931 0.342604
vt 0.99905 0.342604
vt 0.93931 0.183297
vt 0.99905 0.183297
vt 0.939081 0.179437
vt 0.93931 0.342604
vt 0.99905 0.342604
vt 0.302823 0.656284
vt -0.000781 0.781451
vt 0.0 0.851064
vt 0.302823 0.718868
vt -0.000781 0.844034
vt -0.000781 0.656284
vt 0.979692 0.781451
vt 1.0 0.851064
vt -0.000781 0.718868
vt 0.979692 0.844034
vt -0.000781 0.718868
vt 0.145247 0.656284
vt 1.0 1.0
vt -0.000781 0.781451
vt 0.145247 0.718868
vt 0.156795 0.656284
vt 0.979692 0.718868
vt 0.0 1.0
vt 0.156795 0.718868
vt 0.979692 0.781451
vt 0.022647 0.06215
vt 0.883428 0.297453
vt 0.399369 0.156096
vt 0.506384 0.034093
vt 0.883228 0.034093
vt 0.022525 0.156096
vt 0.481925 0.06215
vt 0.424149 0.297453
vt 0.022647 0.012881
vt 0.883428 0.259595
vt 0.883228 0.093759
vt 0.883428 0.312903
vt 0.883428 0.281378
vt 0.022647 0.06215
vt 0.399369 0.210448
vt 0.399491 0.048121
vt 0.883228 0.121202
vt 0.023159 0.330358
vt 0.023159 0.32163
vt 0.022647 0.0
vt 0.506584 0.259595
vt 0.399491 0.012881
vt 0.506584 0.219937
vt 0.506384 0.025761
vt 0.023159 0.312903
vt 0.022647 0.089593
vt 0.399491 0.06215
vt 0.506584 0.297453
vt 0.423949 0.034093
vt 0.481804 0.156096
vt 0.506584 0.312903
vt 0.506384 0.093759
vt 0.481925 0.012881
vt 0.424149 0.259595
vt 0.022647 0.048121
vt 0.022525 0.210448
vt 0.883228 0.025761
vt 0.883428 0.219937
vt 0.883228 0.012881
vt 0.023159 0.32163
vt 0.423949 0.093759
vt 0.424149 0.312903
vt 0.424149 0.281378
vt 0.481925 0.06215
vt 0.883228 0.048121
vt 0.883428 0.296828
vt 0.423949 0.121202
vt 0.482438 0.330358
vt 0.022647 0.06215
vt 0.883428 0.297453
vt 0.022847 0.297453
vt 0.883228 0.06215
vt 0.022525 0.156096
vt 0.883228 0.034093
vt 0.022847 0.259595
vt 0.883228 0.012881
vt 0.883228 0.093759
vt 0.883428 0.312903
vt 0.883428 0.281378
vt 0.022647 0.06215
vt 0.883228 0.121202
vt 0.023159 0.330358
vt 0.88374 0.330358
vt 0.022647 0.121202
vt 0.023159 0.32163
vt 0.022647 0.0
vt 0.023159 0.312903
vt 0.022647 0.089593
vt 0.022847 0.281378
vt 0.883228 0.06215
vt 0.88374 0.32163
vt 0.883228 0.0
vt 0.022525 0.210448
vt 0.022647 0.048121
vt 0.883228 0.089593
vt 0.88374 0.312903
vt 0.022847 0.312903
vt 0.022647 0.093759
vt 0.883106 0.210448
vt 0.883228 0.048121
vt 0.883106 0.156096
vt 0.022647 0.034093
vt 0.022647 0.012881
vt 0.883428 0.259595
vt 0.883228 0.025761
vt 0.883428 0.219937
vt 0.883228 0.012881
vt 0.023159 0.32163
vt 0.88374 0.32163
vt 0.022647 0.012881
vt 0.022847 0.296828
vt 0.022647 0.048121
vt 0.883228 0.048121
vt 0.883428 0.296828
vt 0.022847 0.219937
vt 0.022647 0.025761
vt 0.453137 0.297453
vt 0.452937 0.06215
vt 0.452816 0.156096
vt 0.452937 0.034093
vt 0.453137 0.259595
vt 0.452937 0.012881
vt 0.452937 0.093759
vt 0.453137 0.312903
vt 0.453137 0.281378
vt 0.452937 0.06215
vt 0.452937 0.121202
vt 0.45345 0.330358
vt 0.45345 0.32163
vt 0.452937 0.0
vt 0.45345 0.312903
vt 0.452937 0.089593
vt 0.452816 0.210448
vt 0.452937 0.048121
vt 0.453137 0.219937
vt 0.452937 0.025761
vt 0.45345 0.32163
vt 0.452937 0.012881
vt 0.452937 0.048121
vt 0.453137 0.296828
vt 0.022647 0.06215
vt 0.883428 0.297453
vt 0.022847 0.297453
vt 0.883228 0.06215
vt 0.022525 0.156096
vt 0.883228 0.034093
vt 0.022847 0.259595
vt 0.883228 0.012881
vt 0.883228 0.093759
vt 0.883428 0.312903
vt 0.883428 0.281378
vt 0.022647 0.06215
vt 0.883228 0.121202
vt 0.023159 0.330358
vt 0.88374 0.330358
vt 0.022647 0.121202
vt 0.023159 0.32163
vt 0.022647 0.0
vt 0.023159 0.312903
vt 0.022647 0.089593
vt 0.022847 0.281378
vt 0.883228 0.06215
vt 0.88374 0.32163
vt 0.883228 0.0
vt 0.022525 0.210448
vt 0.022647 0.048121
vt 0.883228 0.089593
vt 0.88374 0.312903
vt 0.022847 0.312903
vt 0.022647 0.093759
vt 0.883106 0.210448
vt 0.883228 0.048121
vt 0.883106 0.156096
vt 0.022647 0.034093
vt 0.022647 0.012881
vt 0.883428 0.259595
vt 0.883228 0.025761
vt 0.883428 0.219937
vt 0.883228 0.012881
vt 0.023159 0.32163
vt 0.88374 0.32163
vt 0.022647 0.012881
vt 0.022847 0.296828
vt 0.022647 0.048121
vt 0.883228 0.048121
vt 0.883428 0.296828
vt 0.022847 0.219937
vt 0.022647 0.025761
vt 0.453137 0.297453
vt 0.452937 0.06215
vt 0.452816 0.156096
vt 0.452937 0.034093
vt 0.453137 0.259595
vt 0.452937 0.012881
vt 0.452937 0.093759
vt 0.453137 0.312903
vt 0.453137 0.281378
vt 0.452937 0.06215
vt 0.452937 0.121202
vt 0.45345 0.330358
vt 0.45345 0.32163
vt 0.452937 0.0
vt 0.45345 0.312903
vt 0.452937 0.089593
vt 0.452816 0.210448
vt 0.452937 0.048121
vt 0.453137 0.219937
vt 0.452937 0.025761
vt 0.45345 0.32163
vt 0.452937 0.012881
vt 0.452937 0.048121
vt 0.453137 0.296828
vt 0.022647 0.06215
vt 0.883428 0.297453
vt 0.022847 0.297453
vt 0.883228 0.06215
vt 0.022525 0.156096
vt 0.883228 0.034093
vt 0.022847 0.259595
vt 0.883228 0.012881
vt 0.883228 0.093759
vt 0.883428 0.312903
vt 0.883428 0.281378
vt 0.022647 0.06215
vt 0.883228 0.121202
vt 0.023159 0.330358
vt 0.88374 0.330358
vt 0.022647 0.121202
vt 0.023159 0.32163
vt 0.022647 0.0
vt 0.023159 0.312903
vt 0.022647 0.089593
vt 0.022847 0.281378
vt 0.883228 0.06215
vt 0.88374 0.32163
vt 0.883228 0.0
vt 0.022525 0.210448
vt 0.022647 0.048121
vt 0.883228 0.089593
vt 0.88374 0.312903
vt 0.022847 0.312903
vt 0.022647 0.093759
vt 0.883106 0.210448
vt 0.883228 0.048121
vt 0.883106 0.156096
vt 0.022647 0.034093
vt 0.022647 0.012881
vt 0.883428 0.259595
vt 0.883228 0.025761
vt 0.883428 0.219937
vt 0.883228 0.012881
vt 0.023159 0.32163
vt 0.88374 0.32163
vt 0.022647 0.012881
vt 0.022847 0.296828
vt 0.022647 0.048121
vt 0.883228 0.048121
vt 0.883428 0.296828
vt 0.022847 0.219937
vt 0.022647 0.025761
vt 0.453137 0.297453
vt 0.452937 0.06215
vt 0.452816 0.156096
vt 0.452937 0.034093
vt 0.453137 0.259595
vt 0.452937 0.012881
vt 0.452937 0.093759
vt 0.453137 0.312903
vt 0.453137 0.281378
vt 0.452937 0.06215
vt 0.452937 0.121202
vt 0.45345 0.330358
vt 0.45345 0.32163
vt 0.452937 0.0
vt 0.45345 0.312903
vt 0.452937 0.089593
vt 0.452816 0.210448
vt 0.452937 0.048121
vt 0.453137 0.219937
vt 0.452937 0.025761
vt 0.45345 0.32163
vt 0.452937 0.012881
vt 0.452937 0.048121
vt 0.453137 0.296828
vt 0.022647 0.06215
vt 0.883428 0.297453
vt 0.022847 0.297453
vt 0.883228 0.06215
vt 0.022525 0.156096
vt 0.883228 0.034093
vt 0.022847 0.259595
vt 0.883228 0.012881
vt 0.883228 0.093759
vt 0.883428 0.312903
vt 0.883428 0.281378
vt 0.022647 0.06215
vt 0.883228 0.121202
vt 0.023159 0.330358
vt 0.88374 0.330358
vt 0.022647 0.121202
vt 0.023159 0.32163
vt 0.022647 0.0
vt 0.023159 0.312903
vt 0.022647 0.089593
vt 0.022847 0.281378
vt 0.883228 0.06215
vt 0.88374 0.32163
vt 0.883228 0.0
vt 0.022525 0.210448
vt 0.022647 0.048121
vt 0.883228 0.089593
vt 0.88374 0.312903
vt 0.022847 0.312903
vt 0.022647 0.093759
vt 0.883106 0.210448
vt 0.883228 0.048121
vt 0.883106 0.156096
vt 0.022647 0.034093
vt 0.022647 0.012881
vt 0.883428 0.259595
vt 0.883228 0.025761
vt 0.883428 0.219937
vt 0.883228 0.012881
vt 0.023159 0.32163
vt 0.88374 0.32163
vt 0.022647 0.012881
vt 0.022847 0.296828
vt 0.022647 0.048121
vt 0.883228 0.048121
vt 0.883428 0.296828
vt 0.022847 0.219937
vt 0.022647 0.025761
vt 0.453137 0.297453
vt 0.452937 0.06215
vt 0.452816 0.156096
vt 0.452937 0.034093
vt 0.453137 0.259595
vt 0.452937 0.012881
vt 0.452937 0.093759
vt 0.453137 0.312903
vt 0.453137 0.281378
vt 0.452937 0.06215
vt 0.452937 0.121202
vt 0.45345 0.330358
vt 0.45345 0.32163
vt 0.452937 0.0
vt 0.45345 0.312903
vt 0.452937 0.089593
vt 0.452816 0.210448
vt 0.452937 0.048121
vt 0.453137 0.219937
vt 0.452937 0.025761
vt 0.45345 0.32163
vt 0.452937 0.012881
vt 0.452937 0.048121
vt 0.453137 0.296828
vt 0.022647 0.06215
vt 0.883428 0.297453
vt 0.022847 0.297453
vt 0.883228 0.06215
vt 0.022525 0.156096
vt 0.883228 0.034093
vt 0.022847 0.259595
vt 0.883228 0.012881
vt 0.883228 0.093759
vt 0.883428 0.312903
vt 0.883428 0.281378
vt 0.022647 0.06215
vt 0.883228 0.121202
vt 0.023159 0.330358
vt 0.88374 0.330358
vt 0.022647 0.121202
vt 0.023159 0.32163
vt 0.022647 0.0
vt 0.023159 0.312903
vt 0.022647 0.089593
vt 0.022847 0.281378
vt 0.883228 0.06215
vt 0.88374 0.32163
vt 0.883228 0.0
vt 0.022525 0.210448
vt 0.022647 0.048121
vt 0.883228 0.089593
vt 0.88374 0.312903
vt 0.022847 0.312903
vt 0.022647 0.093759
vt 0.883106 0.210448
vt 0.883228 0.048121
vt 0.883106 0.156096
vt 0.022647 0.034093
vt 0.022647 0.012881
vt 0.883428 0.259595
vt 0.883228 0.025761
vt 0.883428 0.219937
vt 0.883228 0.012881
vt 0.023159 0.32163
vt 0.88374 0.32163
vt 0.022647 0.012881
vt 0.022847 0.296828
vt 0.022647 0.048121
vt 0.883228 0.048121
vt 0.883428 0.296828
vt 0.022847 0.219937
vt 0.022647 0.025761
vt 0.453137 0.297453
vt 0.452937 0.06215
vt 0.452816 0.156096
vt 0.452937 0.034093
vt 0.453137 0.259595
vt 0.452937 0.012881
vt 0.452937 0.093759
vt 0.453137 0.312903
vt 0.453137 0.281378
vt 0.452937 0.06215
vt 0.452937 0.121202
vt 0.45345 0.330358
vt 0.45345 0.32163
vt 0.452937 0.0
vt 0.45345 0.312903
vt 0.452937 0.089593
vt 0.452816 0.210448
vt 0.452937 0.048121
vt 0.453137 0.219937
vt 0.452937 0.025761
vt 0.45345 0.32163
vt 0.452937 0.012881
vt 0.452937 0.048121
vt 0.453137 0.296828
vt 0.022647 0.06215
vt 0.883428 0.297453
vt 0.022847 0.297453
vt 0.883228 0.06215
vt 0.022525 0.156096
vt 0.883228 0.034093
vt 0.022847 0.259595
vt 0.883228 0.012881
vt 0.883228 0.093759
vt 0.883428 0.312903
vt 0.883428 0.281378
vt 0.022647 0.06215
vt 0.883228 0.121202
vt 0.023159 0.330358
vt 0.88374 0.330358
vt 0.022647 0.121202
vt 0.023159 0.32163
vt 0.022647 0.0
vt 0.023159 0.312903
vt 0.022647 0.089593
vt 0.022847 0.281378
vt 0.883228 0.06215
vt 0.88374 0.32163
vt 0.883228 0.0
vt 0.022525 0.210448
vt 0.022647 0.048121
vt 0.883228 0.089593
vt 0.88374 0.312903
vt 0.022847 0.312903
vt 0.022647 0.093759
vt 0.883106 0.210448
vt 0.883228 0.048121
vt 0.883106 0.156096
vt 0.022647 0.034093
vt 0.022647 0.012881
vt 0.883428 0.259595
vt 0.883228 0.025761
vt 0.883428 0.219937
vt 0.883228 0.012881
vt 0.023159 0.32163
vt 0.88374 0.32163
vt 0.022647 0.012881
vt 0.022847 0.296828
vt 0.022647 0.048121
vt 0.883228 0.048121
vt 0.883428 0.296828
vt 0.022847 0.219937
vt 0.022647 0.025761
vt 0.453137 0.297453
vt 0.452937 0.06215
vt 0.452816 0.156096
vt 0.452937 0.034093
vt 0.453137 0.259595
vt 0.452937 0.012881
vt 0.452937 0.093759
vt 0.453137 0.312903
vt 0.453137 0.281378
vt 0.452937 0.06215
vt 0.452937 0.121202
vt 0.45345 0.330358
vt 0.45345 0.32163
vt 0.452937 0.0
vt 0.45345 0.312903
vt 0.452937 0.089593
vt 0.452816 0.210448
vt 0.452937 0.048121
vt 0.453137 0.219937
vt 0.452937 0.025761
vt 0.45345 0.32163
vt 0.452937 0.012881
vt 0.452937 0.048121
vt 0.453137 0.296828
vt 0.479751 0.06215
vt 0.426323 0.297453
vt 0.022847 0.297453
vt 0.883228 0.06215
vt 0.399491 0.0
vt 0.400003 0.32163
vt 0.883106 0.156096
vt 0.022647 0.034093
vt 0.399491 0.089593
vt 0.400003 0.312903
vt 0.426123 0.093759
vt 0.426323 0.312903
vt 0.400003 0.32163
vt 0.506384 0.012881
vt 0.883228 0.012881
vt 0.022847 0.259595
vt 0.506384 0.048121
vt 0.506584 0.296828
vt 0.479751 0.06215
vt 0.426323 0.281378
vt 0.022647 0.093759
vt 0.022847 0.312903
vt 0.883228 0.06215
vt 0.022847 0.281378
vt 0.426123 0.121202
vt 0.480263 0.330358
vt 0.022647 0.121202
vt 0.88374 0.330358
vt 0.88374 0.32163
vt 0.883228 0.0
vt 0.88374 0.312903
vt 0.883228 0.089593
vt 0.883106 0.210448
vt 0.883228 0.048121
vt 0.482125 0.297453
vt 0.423949 0.06215
vt 0.423828 0.156096
vt 0.481925 0.034093
vt 0.481925 0.093759
vt 0.482125 0.312903
vt 0.022847 0.219937
vt 0.022647 0.025761
vt 0.88374 0.32163
vt 0.022647 0.012881
vt 0.423949 0.06215
vt 0.482125 0.281378
vt 0.022647 0.048121
vt 0.022847 0.296828
vt 0.017996 0.156096
vt 0.887757 0.034093
vt 0.018117 0.048121
vt 0.017996 0.210448
vt 0.482438 0.32163
vt 0.481925 0.0
vt 0.506584 0.281378
vt 0.399491 0.06215
vt 0.018117 0.012881
vt 0.887957 0.259595
vt 0.887757 0.025761
vt 0.887957 0.219937
vt 0.018117 0.06215
vt 0.887957 0.297453
vt 0.482438 0.312903
vt 0.481925 0.089593
vt 0.481925 0.048121
vt 0.481804 0.210448
vt 0.887757 0.093759
vt 0.887957 0.312903
vt 0.018117 0.06215
vt 0.887957 0.281378
vt 0.887757 0.121202
vt 0.01863 0.330358
vt 0.400003 0.330358
vt 0.506384 0.121202
vt 0.01863 0.32163
vt 0.018117 0.0
vt 0.01863 0.312903
vt 0.018117 0.089593
vt 0.423949 0.025761
vt 0.424149 0.219937
vt 0.423949 0.012881
vt 0.482438 0.32163
vt 0.47963 0.156096
vt 0.426123 0.034093
vt 0.479751 0.048121
vt 0.47963 0.210448
vt 0.01863 0.32163
vt 0.887757 0.012881
vt 0.479751 0.012881
vt 0.426323 0.259595
vt 0.426123 0.025761
vt 0.426323 0.219937
vt 0.887957 0.296828
vt 0.887757 0.048121
vt 0.423949 0.048121
vt 0.424149 0.296828
vt 0.017996 0.156096
vt 0.887757 0.034093
vt 0.017996 0.210448
vt 0.018117 0.048121
vt 0.887636 0.210448
vt 0.887757 0.048121
vt 0.887636 0.156096
vt 0.018117 0.034093
vt 0.887957 0.259595
vt 0.018117 0.012881
vt 0.887957 0.219937
vt 0.887757 0.025761
vt 0.018117 0.06215
vt 0.887957 0.297453
vt 0.887757 0.06215
vt 0.018317 0.297453
vt 0.887757 0.012881
vt 0.018317 0.259595
vt 0.887957 0.312903
vt 0.887757 0.093759
vt 0.887957 0.281378
vt 0.018117 0.06215
vt 0.01863 0.330358
vt 0.887757 0.121202
vt 0.018117 0.121202
vt 0.888269 0.330358
vt 0.01863 0.32163
vt 0.018117 0.0
vt 0.018117 0.089593
vt 0.01863 0.312903
vt 0.018317 0.281378
vt 0.887757 0.06215
vt 0.888269 0.32163
vt 0.887757 0.0
vt 0.888269 0.312903
vt 0.887757 0.089593
vt 0.018117 0.093759
vt 0.018317 0.312903
vt 0.01863 0.32163
vt 0.887757 0.012881
vt 0.018117 0.012881
vt 0.888269 0.32163
vt 0.018117 0.048121
vt 0.018317 0.296828
vt 0.887757 0.048121
vt 0.887957 0.296828
vt 0.018117 0.025761
vt 0.018317 0.219937
vt 0.452816 0.156096
vt 0.452937 0.034093
vt 0.452816 0.210448
vt 0.452937 0.048121
vt 0.453137 0.259595
vt 0.452937 0.012881
vt 0.453137 0.219937
vt 0.452937 0.025761
vt 0.452937 0.06215
vt 0.453137 0.297453
vt 0.452937 0.093759
vt 0.453137 0.312903
vt 0.453137 0.281378
vt 0.452937 0.06215
vt 0.452937 0.121202
vt 0.45345 0.330358
vt 0.45345 0.32163
vt 0.452937 0.0
vt 0.45345 0.312903
vt 0.452937 0.089593
vt 0.45345 0.32163
vt 0.452937 0.012881
vt 0.452937 0.048121
vt 0.453137 0.296828
vt 0.017996 0.156096
vt 0.887757 0.034093
vt 0.017996 0.210448
vt 0.018117 0.048121
vt 0.887636 0.210448
vt 0.887757 0.048121
vt 0.887636 0.156096
vt 0.018117 0.034093
vt 0.887957 0.259595
vt 0.018117 0.012881
vt 0.887957 0.219937
vt 0.887757 0.025761
vt 0.018117 0.06215
vt 0.887957 0.297453
vt 0.887757 0.06215
vt 0.018317 0.297453
vt 0.887757 0.012881
vt 0.018317 0.259595
vt 0.887957 0.312903
vt 0.887757 0.093759
vt 0.887957 0.281378
vt 0.018117 0.06215
vt 0.01863 0.330358
vt 0.887757 0.121202
vt 0.018117 0.121202
vt 0.888269 0.330358
vt 0.01863 0.32163
vt 0.018117 0.0
vt 0.018117 0.089593
vt 0.01863 0.312903
vt 0.018317 0.281378
vt 0.887757 0.06215
vt 0.888269 0.32163
vt 0.887757 0.0
vt 0.888269 0.312903
vt 0.887757 0.089593
vt 0.018117 0.093759
vt 0.018317 0.312903
vt 0.01863 0.32163
vt 0.887757 0.012881
vt 0.018117 0.012881
vt 0.888269 0.32163
vt 0.018117 0.048121
vt 0.018317 0.296828
vt 0.887757 0.048121
vt 0.887957 0.296828
vt 0.018117 0.025761
vt 0.018317 0.219937
vt 0.452816 0.156096
vt 0.452937 0.034093
vt 0.452816 0.210448
vt 0.452937 0.048121
vt 0.453137 0.259595
vt 0.452937 0.012881
vt 0.453137 0.219937
vt 0.452937 0.025761
vt 0.452937 0.06215
vt 0.453137 0.297453
vt 0.452937 0.093759
vt 0.453137 0.312903
vt 0.453137 0.281378
vt 0.452937 0.06215
vt 0.452937 0.121202
vt 0.45345 0.330358
vt 0.45345 0.32163
vt 0.452937 0.0
vt 0.45345 0.312903
vt 0.452937 0.089593
vt 0.45345 0.32163
vt 0.452937 0.012881
vt 0.452937 0.048121
vt 0.453137 0.296828
vt 0.017996 0.156096
vt 0.887757 0.034093
vt 0.017996 0.210448
vt 0.018117 0.048121
vt 0.887636 0.210448
vt 0.887757 0.048121
vt 0.887636 0.156096
vt 0.018117 0.034093
vt 0.887957 0.259595
vt 0.018117 0.012881
vt 0.887957 0.219937
vt 0.887757 0.025761
vt 0.018117 0.06215
vt 0.887957 0.297453
vt 0.887757 0.06215
vt 0.018317 0.297453
vt 0.887757 0.012881
vt 0.018317 0.259595
vt 0.887957 0.312903
vt 0.887757 0.093759
vt 0.887957 0.281378
vt 0.018117 0.06215
vt 0.01863 0.330358
vt 0.887757 0.121202
vt 0.018117 0.121202
vt 0.888269 0.330358
vt 0.01863 0.32163
vt 0.018117 0.0
vt 0.018117 0.089593
vt 0.01863 0.312903
vt 0.018317 0.281378
vt 0.887757 0.06215
vt 0.888269 0.32163
vt 0.887757 0.0
vt 0.888269 0.312903
vt 0.887757 0.089593
vt 0.018117 0.093759
vt 0.018317 0.312903
vt 0.01863 0.32163
vt 0.887757 0.012881
vt 0.018117 0.012881
vt 0.888269 0.32163
vt 0.018117 0.048121
vt 0.018317 0.296828
vt 0.887757 0.048121
vt 0.887957 0.296828
vt 0.018117 0.025761
vt 0.018317 0.219937
vt 0.452816 0.156096
vt 0.452937 0.034093
vt 0.452816 0.210448
vt 0.452937 0.048121
vt 0.453137 0.259595
vt 0.452937 0.012881
vt 0.453137 0.219937
vt 0.452937 0.025761
vt 0.452937 0.06215
vt 0.453137 0.297453
vt 0.452937 0.093759
vt 0.453137 0.312903
vt 0.453137 0.281378
vt 0.452937 0.06215
vt 0.452937 0.121202
vt 0.45345 0.330358
vt 0.45345 0.32163
vt 0.452937 0.0
vt 0.45345 0.312903
vt 0.452937 0.089593
vt 0.45345 0.32163
vt 0.452937 0.012881
vt 0.452937 0.048121
vt 0.453137 0.296828
vt 0.017996 0.156096
vt 0.887757 0.034093
vt 0.017996 0.210448
vt 0.018117 0.048121
vt 0.887636 0.210448
vt 0.887757 0.048121
vt 0.887636 0.156096
vt 0.018117 0.034093
vt 0.887957 0.259595
vt 0.018117 0.012881
vt 0.887957 0.219937
vt 0.887757 0.025761
vt 0.018117 0.06215
vt 0.887957 0.297453
vt 0.887757 0.06215
vt 0.018317 0.297453
vt 0.887757 0.012881
vt 0.018317 0.259595
vt 0.887957 0.312903
vt 0.887757 0.093759
vt 0.887957 0.281378
vt 0.018117 0.06215
vt 0.01863 0.330358
vt 0.887757 0.121202
vt 0.018117 0.121202
vt 0.888269 0.330358
vt 0.01863 0.32163
vt 0.018117 0.0
vt 0.018117 0.089593
vt 0.01863 0.312903
vt 0.018317 0.281378
vt 0.887757 0.06215
vt 0.888269 0.32163
vt 0.887757 0.0
vt 0.888269 0.312903
vt 0.887757 0.089593
vt 0.018117 0.093759
vt 0.018317 0.312903
vt 0.01863 0.32163
vt 0.887757 0.012881
vt 0.018117 0.012881
vt 0.888269 0.32163
vt 0.018117 0.048121
vt 0.018317 0.296828
vt 0.887757 0.048121
vt 0.887957 0.296828
vt 0.018117 0.025761
vt 0.018317 0.219937
vt 0.452816 0.156096
vt 0.452937 0.034093
vt 0.452816 0.210448
vt 0.452937 0.048121
vt 0.453137 0.259595
vt 0.452937 0.012881
vt 0.453137 0.219937
vt 0.452937 0.025761
vt 0.452937 0.06215
vt 0.453137 0.297453
vt 0.452937 0.093759
vt 0.453137 0.312903
vt 0.453137 0.281378
vt 0.452937 0.06215
vt 0.452937 0.121202
vt 0.45345 0.330358
vt 0.45345 0.32163
vt 0.452937 0.0
vt 0.45345 0.312903
vt 0.452937 0.089593
vt 0.45345 0.32163
vt 0.452937 0.012881
vt 0.452937 0.048121
vt 0.453137 0.296828
vt 0.017996 0.156096
vt 0.887757 0.034093
vt 0.017996 0.210448
vt 0.018117 0.048121
vt 0.887636 0.210448
vt 0.887757 0.048121
vt 0.887636 0.156096
vt 0.018117 0.034093
vt 0.887957 0.259595
vt 0.018117 0.012881
vt 0.887957 0.219937
vt 0.887757 0.025761
vt 0.018117 0.06215
vt 0.887957 0.297453
vt 0.887757 0.06215
vt 0.018317 0.297453
vt 0.887757 0.012881
vt 0.018317 0.259595
vt 0.887957 0.312903
vt 0.887757 0.093759
vt 0.887957 0.281378
vt 0.018117 0.06215
vt 0.01863 0.330358
vt 0.887757 0.121202
vt 0.018117 0.121202
vt 0.888269 0.330358
vt 0.01863 0.32163
vt 0.018117 0.0
vt 0.018117 0.089593
vt 0.01863 0.312903
vt 0.018317 0.281378
vt 0.887757 0.06215
vt 0.888269 0.32163
vt 0.887757 0.0
vt 0.888269 0.312903
vt 0.887757 0.089593
vt 0.018117 0.093759
vt 0.018317 0.312903
vt 0.01863 0.32163
vt 0.887757 0.012881
vt 0.018117 0.012881
vt 0.888269 0.32163
vt 0.018117 0.048121
vt 0.018317 0.296828
vt 0.887757 0.048121
vt 0.887957 0.296828
vt 0.018117 0.025761
vt 0.018317 0.219937
vt 0.452816 0.156096
vt 0.452937 0.034093
vt 0.452816 0.210448
vt 0.452937 0.048121
vt 0.453137 0.259595
vt 0.452937 0.012881
vt 0.453137 0.219937
vt 0.452937 0.025761
vt 0.452937 0.06215
vt 0.453137 0.297453
vt 0.452937 0.093759
vt 0.453137 0.312903
vt 0.453137 0.281378
vt 0.452937 0.06215
vt 0.452937 0.121202
vt 0.45345 0.330358
vt 0.45345 0.32163
vt 0.452937 0.0
vt 0.45345 0.312903
vt 0.452937 0.089593
vt 0.45345 0.32163
vt 0.452937 0.012881
vt 0.452937 0.048121
vt 0.453137 0.296828
vt 0.017996 0.156096
vt 0.887757 0.034093
vt 0.017996 0.210448
vt 0.018117 0.048121
vt 0.887636 0.210448
vt 0.887757 0.048121
vt 0.887636 0.156096
vt 0.018117 0.034093
vt 0.887957 0.259595
vt 0.018117 0.012881
vt 0.887957 0.219937
vt 0.887757 0.025761
vt 0.018117 0.06215
vt 0.887957 0.297453
vt 0.887757 0.06215
vt 0.018317 0.297453
vt 0.887757 0.012881
vt 0.018317 0.259595
vt 0.887957 0.312903
vt 0.887757 0.093759
vt 0.887957 0.281378
vt 0.018117 0.06215
vt 0.01863 0.330358
vt 0.887757 0.121202
vt 0.018117 0.121202
vt 0.888269 0.330358
vt 0.01863 0.32163
vt 0.018117 0.0
vt 0.018117 0.089593
vt 0.01863 0.312903
vt 0.018317 0.281378
vt 0.887757 0.06215
vt 0.888269 0.32163
vt 0.887757 0.0
vt 0.888269 0.312903
vt 0.887757 0.089593
vt 0.018117 0.093759
vt 0.018317 0.312903
vt 0.01863 0.32163
vt 0.887757 0.012881
vt 0.018117 0.012881
vt 0.888269 0.32163
vt 0.018117 0.048121
vt 0.018317 0.296828
vt 0.887757 0.048121
vt 0.887957 0.296828
vt 0.018117 0.025761
vt 0.018317 0.219937
vt 0.452816 0.156096
vt 0.452937 0.034093
vt 0.452816 0.210448
vt 0.452937 0.048121
vt 0.453137 0.259595
vt 0.452937 0.012881
vt 0.453137 0.219937
vt 0.452937 0.025761
vt 0.452937 0.06215
vt 0.453137 0.297453
vt 0.452937 0.093759
vt 0.453137 0.312903
vt 0.453137 0.281378
vt 0.452937 0.06215
vt 0.452937 0.121202
vt 0.45345 0.330358
vt 0.45345 0.32163
vt 0.452937 0.0
vt 0.45345 0.312903
vt 0.452937 0.089593
vt 0.45345 0.32163
vt 0.452937 0.012881
vt 0.452937 0.048121
vt 0.453137 0.296828
vt 0.017996 0.156096
vt 0.887757 0.034093
vt 0.017996 0.210448
vt 0.018117 0.048121
vt 0.887636 0.210448
vt 0.887757 0.048121
vt 0.887636 0.156096
vt 0.018117 0.034093
vt 0.887957 0.259595
vt 0.018117 0.012881
vt 0.887957 0.219937
vt 0.887757 0.025761
vt 0.018117 0.06215
vt 0.887957 0.297453
vt 0.887757 0.06215
vt 0.018317 0.297453
vt 0.887757 0.012881
vt 0.018317 0.259595
vt 0.887957 0.312903
vt 0.887757 0.093759
vt 0.887957 0.281378
vt 0.018117 0.06215
vt 0.01863 0.330358
vt 0.887757 0.121202
vt 0.018117 0.121202
vt 0.888269 0.330358
vt 0.01863 0.32163
vt 0.018117 0.0
vt 0.018117 0.089593
vt 0.01863 0.312903
vt 0.018317 0.281378
vt 0.887757 0.06215
vt 0.888269 0.32163
vt 0.887757 0.0
vt 0.888269 0.312903
vt 0.887757 0.089593
vt 0.018117 0.093759
vt 0.018317 0.312903
vt 0.01863 0.32163
vt 0.887757 0.012881
vt 0.018117 0.012881
vt 0.888269 0.32163
vt 0.018117 0.048121
vt 0.018317 0.296828
vt 0.887757 0.048121
vt 0.887957 0.296828
vt 0.018117 0.025761
vt 0.018317 0.219937
vt 0.452816 0.156096
vt 0.452937 0.034093
vt 0.452816 0.210448
vt 0.452937 0.048121
vt 0.453137 0.259595
vt 0.452937 0.012881
vt 0.453137 0.219937
vt 0.452937 0.025761
vt 0.452937 0.06215
vt 0.453137 0.297453
vt 0.452937 0.093759
vt 0.453137 0.312903
vt 0.453137 0.281378
vt 0.452937 0.06215
vt 0.452937 0.121202
vt 0.45345 0.330358
vt 0.45345 0.32163
vt 0.452937 0.0
vt 0.45345 0.312903
vt 0.452937 0.089593
vt 0.45345 0.32163
vt 0.452937 0.012881
vt 0.452937 0.048121
vt 0.453137 0.296828
vt 0.480263 0.32163
vt 0.479751 0.0
vt 0.481925 0.121202
vt 0.424462 0.330358
vt 0.887636 0.156096
vt 0.018117 0.034093
vt 0.887636 0.210448
vt 0.887757 0.048121
vt 0.423949 0.012881
vt 0.482125 0.259595
vt 0.424462 0.32163
vt 0.423949 0.0
vt 0.424462 0.312903
vt 0.423949 0.089593
vt 0.018317 0.259595
vt 0.887757 0.012881
vt 0.018317 0.219937
vt 0.018117 0.025761
vt 0.480263 0.312903
vt 0.479751 0.089593
vt 0.423828 0.210448
vt 0.423949 0.048121
vt 0.482125 0.219937
vt 0.481925 0.025761
vt 0.887757 0.06215
vt 0.018317 0.297453
vt 0.424462 0.32163
vt 0.481925 0.012881
vt 0.480263 0.32163
vt 0.426123 0.012881
vt 0.018317 0.312903
vt 0.018117 0.093759
vt 0.018317 0.281378
vt 0.887757 0.06215
vt 0.888269 0.330358
vt 0.018117 0.121202
vt 0.887757 0.0
vt 0.888269 0.32163
vt 0.481925 0.048121
vt 0.482125 0.296828
vt 0.887757 0.089593
vt 0.888269 0.312903
vt 0.888269 0.32163
vt 0.018117 0.012881
vt 0.426323 0.296828
vt 0.426123 0.048121
vt 0.018117 0.048121
vt 0.018317 0.296828

f 3/7 4/10 2/5 1/2 
f 5/12 6/15 4/9 3/6 
f 7/17 8/20 6/14 5/11 
f 1/1 2/4 8/19 7/16 
f 4/8 6/13 8/18 2/3 
f 10/25 12/30 11/27 9/22 
f 12/29 14/35 13/32 11/26 
f 14/34 16/40 15/37 13/31 
f 16/39 10/24 9/21 15/36 
f 16/38 14/33 12/28 10/23 
f 19/47 20/50 18/45 17/42 
f 21/52 22/55 20/49 19/46 
f 23/57 24/60 22/54 21/51 
f 17/41 18/44 24/59 23/56 
f 20/48 22/53 24/58 18/43 
f 27/67 28/70 26/65 25/62 
f 29/72 30/75 28/69 27/66 
f 31/77 32/80 30/74 29/71 
f 25/61 26/64 32/79 31/76 
f 28/68 30/73 32/78 26/63 
f 34/85 36/90 35/87 33/82 
f 36/89 38/95 37/92 35/86 
f 38/94 40/100 39/97 37/91 
f 40/99 34/84 33/81 39/96 
f 40/98 38/93 36/88 34/83 
f 43/107 44/110 42/105 41/102 
f 45/112 46/115 44/109 43/106 
f 47/117 48/120 46/114 45/111 
f 41/101 42/104 48/119 47/116 
f 44/108 46/113 48/118 42/103 
f 51/127 52/130 50/125 49/122 
f 53/132 54/135 52/129 51/126 
f 55/137 56/140 54/134 53/131 
f 49/121 50/124 56/139 55/136 
f 52/128 54/133 56/138 50/123 
f 58/145 60/150 59/147 57/142 
f 60/149 62/155 61/152 59/146 
f 62/154 64/160 63/157 61/151 
f 64/159 58/144 57/141 63/156 
f 64/158 62/153 60/148 58/143 
f 67/167 68/170 66/165 65/162 
f 69/172 70/175 68/169 67/166 
f 71/177 72/180 70/174 69/171 
f 65/161 66/164 72/179 71/176 
f 68/168 70/173 72/178 66/163 
f 75/187 76/190 74/185 73/182 
f 77/192 78/195 76/189 75/186 
f 79/197 80/200 78/194 77/191 
f 73/181 74/184 80/199 79/196 
f 76/188 78/193 80/198 74/183 
f 82/205 84/210 83/207 81/202 
f 84/209 86/215 85/212 83/206 
f 86/214 88/220 87/217 85/211 
f 88/219 82/204 81/201 87/216 
f 88/218 86/213 84/208 82/203 
f 91/227 92/230 90/225 89/222 
f 93/232 94/235 92/229 91/226 
f 95/237 96/240 94/234 93/231 
f 89/221 90/224 96/239 95/236 
f 92/228 94/233 96/238 90/223 
f 99/247 100/250 98/245 97/242 
f 101/252 102/255 100/249 99/246 
f 103/257 104/260 102/254 101/251 
f 97/241 98/244 104/259 103/256 
f 100/248 102/253 104/258 98/243 
f 106/265 108/270 107/267 105/262 
f 108/269 110/275 109/272 107/266 
f 110/274 112/280 111/277 109/271 
f 112/279 106/264 105/261 111/276 
f 112/278 110/273 108/268 106/263 
f 115/287 116/290 114/285 113/282 
f 117/292 118/295 116/289 115/286 
f 119/297 120/300 118/294 117/291 
f 113/281 114/284 120/299 119/296 
f 116/288 118/293 120/298 114/283 
f 123/307 124/310 122/305 121/302 
f 125/312 126/315 124/309 123/306 
f 127/317 128/320 126/314 125/311 
f 121/301 122/304 128/319 127/316 
f 124/308 126/313 128/318 122/303 
f 130/325 132/330 131/327 129/322 
f 132/329 134/335 133/332 131/326 
f 134/334 136/340 135/337 133/331 
f 136/339 130/324 129/321 135/336 
f 136/338 134/333 132/328 130/323 
f 139/347 140/350 138/345 137/342 
f 141/352 142/355 140/349 139/346 
f 143/357 144/360 142/354 141/351 
f 137/341 138/344 144/359 143/356 
f 140/348 142/353 144/358 138/343 
f 147/367 148/370 146/365 145/362 
f 149/372 150/375 148/369 147/366 
f 151/377 152/380 150/374 149/371 
f 145/361 146/364 152/379 151/376 
f 148/368 150/373 152/378 146/363 
f 154/385 156/390 155/387 153/382 
f 156/389 158/395 157/392 155/386 
f 158/394 160/400 159/397 157/391 
f 160/399 154/384 153/381 159/396 
f 160/398 158/393 156/388 154/383 
f 163/407 164/410 162/405 161/402 
f 165/412 166/415 164/409 163/406 
f 167/417 168/420 166/414 165/411 
f 161/401 162/404 168/419 167/416 
f 164/408 166/413 168/418 162/403 
f 171/427 172/430 170/425 169/422 
f 173/432 174/435 172/429 171/426 
f 175/437 176/440 174/434 173/431 
f 169/421 170/424 176/439 175/436 
f 172/428 174/433 176/438 170/423 
f 178/445 180/450 179/447 177/442 
f 180/449 182/455 181/452 179/446 
f 182/454 184/460 183/457 181/451 
f 184/459 178/444 177/441 183/456 
f 184/458 182/453 180/448 178/443 
f 187/467 188/470 186/465 185/462 
f 189/472 190/475 188/469 187/466 
f 191/477 192/480 190/474 189/471 
f 185/461 186/464 192/479 191/476 
f 188/468 190/473 192/478 186/463 
f 195/487 196/490 194/485 193/482 
f 197/492 198/495 196/489 195/486 
f 199/497 200/500 198/494 197/491 
f 193/481 194/484 200/499 199/496 
f 196/488 198/493 200/498 194/483 
f 202/505 204/510 203/507 201/502 
f 204/509 206/515 205/512 203/506 
f 206/514 208/520 207/517 205/511 
f 208/519 202/504 201/501 207/516 
f 208/518 206/513 204/508 202/503 
f 211/527 212/530 210/525 209/522 
f 213/532 214/535 212/529 211/526 
f 215/537 216/540 214/534 213/531 
f 209/521 210/524 216/539 215/536 
f 212/528 214/533 216/538 210/523 
f 219/547 220/550 218/545 217/542 
f 221/552 222/555 220/549 219/546 
f 223/557 224/560 222/554 221/551 
f 217/541 218/544 224/559 223/556 
f 220/548 222/553 224/558 218/543 
f 226/565 228/570 227/567 225/562 
f 228/569 230/575 229/572 227/566 
f 230/574 232/580 231/577 229/571 
f 232/579 226/564 225/561 231/576 
f 232/578 230/573 228/568 226/563 
f 235/587 236/590 234/585 233/582 
f 237/592 238/595 236/589 235/586 
f 239/597 240/600 238/594 237/591 
f 233/581 234/584 240/599 239/596 
f 236/588 238/593 240/598 234/583 
f 243/607 244/610 242/605 241/602 
f 245/612 246/615 244/609 243/606 
f 247/617 248/620 246/614 245/611 
f 241/601 242/604 248/619 247/616 
f 244/608 246/613 248/618 242/603 
f 250/625 252/630 251/627 249/622 
f 252/629 254/635 253/632 251/626 
f 254/634 256/640 255/637 253/631 
f 256/639 250/624 249/621 255/636 
f 256/638 254/633 252/628 250/623 
f 259/647 260/650 258/645 257/642 
f 261/652 262/655 260/649 259/646 
f 263/657 264/660 262/654 261/651 
f 257/641 258/644 264/659 263/656 
f 260/648 262/653 264/658 258/643 
f 267/667 268/670 266/665 265/662 
f 269/672 270/675 268/669 267/666 
f 271/677 272/680 270/674 269/671 
f 265/661 266/664 272/679 271/676 
f 268/668 270/673 272/678 266/663 
f 274/685 276/690 275/687 273/682 
f 276/689 278/695 277/692 275/686 
f 278/694 280/700 279/697 277/691 
f 280/699 274/684 273/681 279/696 
f 280/698 278/693 276/688 274/683 
f 283/707 284/710 282/705 281/702 
f 285/712 286/715 284/709 283/706 
f 287/717 288/720 286/714 285/711 
f 281/701 282/704 288/719 287/716 
f 284/708 286/713 288/718 282/703 
f 291/727 292/730 290/725 289/722 
f 293/732 294/735 292/729 291/726 
f 295/737 296/740 294/734 293/731 
f 289/721 290/724 296/739 295/736 
f 292/728 294/733 296/738 290/723 
f 298/745 300/750 299/747 297/742 
f 300/749 302/755 301/752 299/746 
f 302/754 304/760 303/757 301/751 
f 304/759 298/744 297/741 303/756 
f 304/758 302/753 300/748 298/743 
f 307/767 308/770 306/765 305/762 
f 309/772 310/775 308/769 307/766 
f 311/777 312/780 310/774 309/771 
f 305/761 306/764 312/779 311/776 
f 308/768 310/773 312/778 306/763 
f 315/787 316/790 314/785 313/782 
f 317/792 318/795 316/789 315/786 
f 319/797 320/800 318/794 317/791 
f 313/781 314/784 320/799 319/796 
f 316/788 318/793 320/798 314/783 
f 322/805 324/810 323/807 321/802 
f 324/809 326/815 325/812 323/806 
f 326/814 328/820 327/817 325/811 
f 328/819 322/804 321/801 327/816 
f 328/818 326/813 324/808 322/803 
f 331/827 332/830 330/825 329/822 
f 333/832 334/835 332/829 331/826 
f 335/837 336/840 334/834 333/831 
f 329/821 330/824 336/839 335/836 
f 332/828 334/833 336/838 330/823 
f 339/847 340/850 338/845 337/842 
f 341/852 342/855 340/849 339/846 
f 343/857 344/860 342/854 341/851 
f 337/841 338/844 344/859 343/856 
f 340/848 342/853 344/858 338/843 
f 346/865 348/870 347/867 345/862 
f 348/869 350/875 349/872 347/866 
f 350/874 352/880 351/877 349/871 
f 352/879 346/864 345/861 351/876 
f 352/878 350/873 348/868 346/863 
f 355/887 356/890 354/885 353/882 
f 357/892 358/895 356/889 355/886 
f 359/897 360/900 358/894 357/891 
f 353/881 354/884 360/899 359/896 
f 356/888 358/893 360/898 354/883 
f 363/907 364/910 362/905 361/902 
f 365/912 366/915 364/909 363/906 
f 367/917 368/920 366/914 365/911 
f 361/901 362/904 368/919 367/916 
f 364/908 366/913 368/918 362/903 
f 370/925 372/930 371/927 369/922 
f 372/929 374/935 373/932 371/926 
f 374/934 376/940 375/937 373/931 
f 376/939 370/924 369/921 375/936 
f 376/938 374/933 372/928 370/923 
f 379/947 380/950 378/945 377/942 
f 381/952 382/955 380/949 379/946 
f 383/957 384/960 382/954 381/951 
f 377/941 378/944 384/959 383/956 
f 380/948 382/953 384/958 378/943 
f 387/967 388/970 386/965 385/962 
f 389/972 390/975 388/969 387/966 
f 391/977 392/980 390/974 389/971 
f 385/961 386/964 392/979 391/976 
f 388/968 390/973 392/978 386/963 
f 394/985 396/990 395/987 393/982 
f 396/989 398/995 397/992 395/986 
f 398/994 400/1000 399/997 397/991 
f 400/999 394/984 393/981 399/996 
f 400/998 398/993 396/988 394/983 
f 403/1007 404/1010 402/1005 401/1002 
f 405/1012 406/1015 404/1009 403/1006 
f 407/1017 408/1020 406/1014 405/1011 
f 401/1001 402/1004 408/1019 407/1016 
f 404/1008 406/1013 408/1018 402/1003 
f 411/1027 412/1030 410/1025 409/1022 
f 413/1032 414/1035 412/1029 411/1026 
f 415/1037 416/1040 414/1034 413/1031 
f 409/1021 410/1024 416/1039 415/1036 
f 412/1028 414/1033 416/1038 410/1023 
f 418/1045 420/1050 419/1047 417/1042 
f 420/1049 422/1055 421/1052 419/1046 
f 422/1054 424/1060 423/1057 421/1051 
f 424/1059 418/1044 417/1041 423/1056 
f 424/1058 422/1053 420/1048 418/1043 
f 427/1067 428/1070 426/1065 425/1062 
f 429/1072 430/1075 428/1069 427/1066 
f 431/1077 432/1080 430/1074 429/1071 
f 425/1061 426/1064 432/1079 431/1076 
f 428/1068 430/1073 432/1078 426/1063 
f 435/1087 436/1090 434/1085 433/1082 
f 437/1092 438/1095 436/1089 435/1086 
f 439/1097 440/1100 438/1094 437/1091 
f 433/1081 434/1084 440/1099 439/1096 
f 436/1088 438/1093 440/1098 434/1083 
f 442/1105 444/1110 443/1107 441/1102 
f 444/1109 446/1115 445/1112 443/1106 
f 446/1114 448/1120 447/1117 445/1111 
f 448/1119 442/1104 441/1101 447/1116 
f 448/1118 446/1113 444/1108 442/1103 
f 451/1127 452/1130 450/1125 449/1122 
f 453/1132 454/1135 452/1129 451/1126 
f 455/1137 456/1140 454/1134 453/1131 
f 449/1121 450/1124 456/1139 455/1136 
f 452/1128 454/1133 456/1138 450/1123 
f 459/1147 460/1150 458/1145 457/1142 
f 461/1152 462/1155 460/1149 459/1146 
f 463/1157 464/1160 462/1154 461/1151 
f 457/1141 458/1144 464/1159 463/1156 
f 460/1148 462/1153 464/1158 458/1143 
f 466/1165 468/1170 467/1167 465/1162 
f 468/1169 470/1175 469/1172 467/1166 
f 470/1174 472/1180 471/1177 469/1171 
f 472/1179 466/1164 465/1161 471/1176 
f 472/1178 470/1173 468/1168 466/1163 
f 475/1187 476/1190 474/1185 473/1182 
f 477/1192 478/1195 476/1189 475/1186 
f 479/1197 480/1200 478/1194 477/1191 
f 473/1181 474/1184 480/1199 479/1196 
f 476/1188 478/1193 480/1198 474/1183 
f 483/1207 484/1210 482/1205 481/1202 
f 485/1212 486/1215 484/1209 483/1206 
f 487/1217 488/1220 486/1214 485/1211 
f 481/1201 482/1204 488/1219 487/1216 
f 484/1208 486/1213 488/1218 482/1203 
f 490/1225 492/1230 491/1227 489/1222 
f 492/1229 494/1235 493/1232 491/1226 
f 494/1234 496/1240 495/1237 493/1231 
f 496/1239 490/1224 489/1221 495/1236 
f 496/1238 494/1233 492/1228 490/1223 
f 499/1247 500/1250 498/1245 497/1242 
f 501/1252 502/1255 500/1249 499/1246 
f 503/1257 504/1260 502/1254 501/1251 
f 497/1241 498/1244 504/1259 503/1256 
f 500/1248 502/1253 504/1258 498/1243 
f 507/1267 508/1270 506/1265 505/1262 
f 509/1272 510/1275 508/1269 507/1266 
f 511/1277 512/1280 510/1274 509/1271 
f 505/1261 506/1264 512/1279 511/1276 
f 508/1268 510/1273 512/1278 506/1263 
f 514/1285 516/1290 515/1287 513/1282 
f 516/1289 518/1295 517/1292 515/1286 
f 518/1294 520/1300 519/1297 517/1291 
f 520/1299 514/1284 513/1281 519/1296 
f 520/1298 518/1293 516/1288 514/1283 
f 523/1307 524/1310 522/1305 521/1302 
f 525/1312 526/1315 524/1309 523/1306 
f 527/1317 528/1320 526/1314 525/1311 
f 521/1301 522/1304 528/1319 527/1316 
f 524/1308 526/1313 528/1318 522/1303 
f 531/1327 532/1330 530/1325 529/1322 
f 533/1332 534/1335 532/1329 531/1326 
f 535/1337 536/1340 534/1334 533/1331 
f 529/1321 530/1324 536/1339 535/1336 
f 532/1328 534/1333 536/1338 530/1323 
f 538/1345 540/1350 539/1347 537/1342 
f 540/1349 542/1355 541/1352 539/1346 
f 542/1354 544/1360 543/1357 541/1351 
f 544/1359 538/1344 537/1341 543/1356 
f 544/1358 542/1353 540/1348 538/1343 
f 547/1367 548/1370 546/1365 545/1362 
f 549/1372 550/1375 548/1369 547/1366 
f 551/1377 552/1380 550/1374 549/1371 
f 545/1361 546/1364 552/1379 551/1376 
f 548/1368 550/1373 552/1378 546/1363 
f 555/1387 556/1390 554/1385 553/1382 
f 557/1392 558/1395 556/1389 555/1386 
f 559/1397 560/1400 558/1394 557/1391 
f 553/1381 554/1384 560/1399 559/1396 
f 556/1388 558/1393 560/1398 554/1383 
f 562/1405 564/1410 563/1407 561/1402 
f 564/1409 566/1415 565/1412 563/1406 
f 566/1414 568/1420 567/1417 565/1411 
f 568/1419 562/1404 561/1401 567/1416 
f 568/1418 566/1413 564/1408 562/1403 
f 571/1427 572/1430 570/1425 569/1422 
f 573/1432 574/1435 572/1429 571/1426 
f 575/1437 576/1440 574/1434 573/1431 
f 569/1421 570/1424 576/1439 575/1436 
f 572/1428 574/1433 576/1438 570/1423 
f 858/2004 841/1970 863/2014 1139/2566 
f 585/1458 600/1488 857/2002 596/1480 
f 599/1486 864/2016 597/1482 582/1452 
f 589/1466 848/1984 598/1484 583/1454 
f 862/2012 846/1980 845/1978 861/2010 
f 588/1464 1125/2538 1138/2564 823/1934 
f 826/1940 851/1990 847/1982 817/1922 
f 583/1453 598/1483 580/1448 577/1442 
f 859/2006 842/1972 841/1969 858/2003 
f 595/1478 856/2000 593/1474 581/1450 
f 817/1921 847/1981 842/1971 859/2005 
f 856/1999 595/1477 596/1479 857/2001 
f 624/1536 634/1556 635/1558 621/1530 
f 635/1557 620/1528 607/1502 630/1548 
f 628/1544 605/1498 623/1534 636/1560 
f 629/1546 606/1500 610/1508 632/1552 
f 612/1512 631/1550 627/1542 604/1496 
f 616/1520 633/1554 625/1538 602/1492 
f 614/1516 632/1551 631/1549 612/1511 
f 625/1537 601/1490 606/1499 629/1545 
f 622/1532 636/1559 626/1540 617/1522 
f 619/1526 634/1555 627/1541 618/1524 
f 617/1521 626/1539 633/1553 616/1519 
f 628/1543 615/1518 608/1504 630/1547 
f 634/1556 619/1525 620/1527 635/1558 
f 621/1529 635/1557 630/1548 608/1503 
f 636/1560 622/1531 615/1517 628/1544 
f 632/1552 614/1515 611/1510 629/1546 
f 631/1550 609/1506 618/1523 627/1542 
f 633/1554 613/1514 601/1489 625/1538 
f 632/1551 610/1507 609/1505 631/1549 
f 602/1491 625/1537 629/1545 611/1509 
f 636/1559 623/1533 603/1494 626/1540 
f 634/1555 624/1535 604/1495 627/1541 
f 613/1513 633/1553 626/1539 603/1493 
f 630/1547 607/1501 605/1497 628/1543 
f 660/1608 670/1628 671/1630 657/1602 
f 671/1629 656/1600 643/1574 666/1620 
f 664/1616 641/1570 659/1606 672/1632 
f 665/1618 642/1572 646/1580 668/1624 
f 648/1584 667/1622 663/1614 640/1568 
f 652/1592 669/1626 661/1610 638/1564 
f 650/1588 668/1623 667/1621 648/1583 
f 661/1609 637/1562 642/1571 665/1617 
f 658/1604 672/1631 662/1612 653/1594 
f 655/1598 670/1627 663/1613 654/1596 
f 653/1593 662/1611 669/1625 652/1591 
f 664/1615 651/1590 644/1576 666/1619 
f 670/1628 655/1597 656/1599 671/1630 
f 657/1601 671/1629 666/1620 644/1575 
f 672/1632 658/1603 651/1589 664/1616 
f 668/1624 650/1587 647/1582 665/1618 
f 667/1622 645/1578 654/1595 663/1614 
f 669/1626 649/1586 637/1561 661/1610 
f 668/1623 646/1579 645/1577 667/1621 
f 638/1563 661/1609 665/1617 647/1581 
f 672/1631 659/1605 639/1566 662/1612 
f 670/1627 660/1607 640/1567 663/1613 
f 649/1585 669/1625 662/1611 639/1565 
f 666/1619 643/1573 641/1569 664/1615 
f 696/1680 706/1700 707/1702 693/1674 
f 707/1701 692/1672 679/1646 702/1692 
f 700/1688 677/1642 695/1678 708/1704 
f 701/1690 678/1644 682/1652 704/1696 
f 684/1656 703/1694 699/1686 676/1640 
f 688/1664 705/1698 697/1682 674/1636 
f 686/1660 704/1695 703/1693 684/1655 
f 697/1681 673/1634 678/1643 701/1689 
f 694/1676 708/1703 698/1684 689/1666 
f 691/1670 706/1699 699/1685 690/1668 
f 689/1665 698/1683 705/1697 688/1663 
f 700/1687 687/1662 680/1648 702/1691 
f 706/1700 691/1669 692/1671 707/1702 
f 693/1673 707/1701 702/1692 680/1647 
f 708/1704 694/1675 687/1661 700/1688 
f 704/1696 686/1659 683/1654 701/1690 
f 703/1694 681/1650 690/1667 699/1686 
f 705/1698 685/1658 673/1633 697/1682 
f 704/1695 682/1651 681/1649 703/1693 
f 674/1635 697/1681 701/1689 683/1653 
f 708/1703 695/1677 675/1638 698/1684 
f 706/1699 696/1679 676/1639 699/1685 
f 685/1657 705/1697 698/1683 675/1637 
f 702/1691 679/1645 677/1641 700/1687 
f 732/1752 742/1772 743/1774 729/1746 
f 743/1773 728/1744 715/1718 738/1764 
f 736/1760 713/1714 731/1750 744/1776 
f 737/1762 714/1716 718/1724 740/1768 
f 720/1728 739/1766 735/1758 712/1712 
f 724/1736 741/1770 733/1754 710/1708 
f 722/1732 740/1767 739/1765 720/1727 
f 733/1753 709/1706 714/1715 737/1761 
f 730/1748 744/1775 734/1756 725/1738 
f 727/1742 742/1771 735/1757 726/1740 
f 725/1737 734/1755 741/1769 724/1735 
f 736/1759 723/1734 716/1720 738/1763 
f 742/1772 727/1741 728/1743 743/1774 
f 729/1745 743/1773 738/1764 716/1719 
f 744/1776 730/1747 723/1733 736/1760 
f 740/1768 722/1731 719/1726 737/1762 
f 739/1766 717/1722 726/1739 735/1758 
f 741/1770 721/1730 709/1705 733/1754 
f 740/1767 718/1723 717/1721 739/1765 
f 710/1707 733/1753 737/1761 719/1725 
f 744/1775 731/1749 711/1710 734/1756 
f 742/1771 732/1751 712/1711 735/1757 
f 721/1729 741/1769 734/1755 711/1709 
f 738/1763 715/1717 713/1713 736/1759 
f 768/1824 778/1844 779/1846 765/1818 
f 779/1845 764/1816 751/1790 774/1836 
f 772/1832 749/1786 767/1822 780/1848 
f 773/1834 750/1788 754/1796 776/1840 
f 756/1800 775/1838 771/1830 748/1784 
f 760/1808 777/1842 769/1826 746/1780 
f 758/1804 776/1839 775/1837 756/1799 
f 769/1825 745/1778 750/1787 773/1833 
f 766/1820 780/1847 770/1828 761/1810 
f 763/1814 778/1843 771/1829 762/1812 
f 761/1809 770/1827 777/1841 760/1807 
f 772/1831 759/1806 752/1792 774/1835 
f 778/1844 763/1813 764/1815 779/1846 
f 765/1817 779/1845 774/1836 752/1791 
f 780/1848 766/1819 759/1805 772/1832 
f 776/1840 758/1803 755/1798 773/1834 
f 775/1838 753/1794 762/1811 771/1830 
f 777/1842 757/1802 745/1777 769/1826 
f 776/1839 754/1795 753/1793 775/1837 
f 746/1779 769/1825 773/1833 755/1797 
f 780/1847 767/1821 747/1782 770/1828 
f 778/1843 768/1823 748/1783 771/1829 
f 757/1801 777/1841 770/1827 747/1781 
f 774/1835 751/1789 749/1785 772/1831 
f 804/1896 814/1916 815/1918 801/1890 
f 815/1917 800/1888 787/1862 810/1908 
f 808/1904 785/1858 803/1894 816/1920 
f 809/1906 786/1860 790/1868 812/1912 
f 792/1872 811/1910 807/1902 784/1856 
f 796/1880 813/1914 805/1898 782/1852 
f 794/1876 812/1911 811/1909 792/1871 
f 805/1897 781/1850 786/1859 809/1905 
f 802/1892 816/1919 806/1900 797/1882 
f 799/1886 814/1915 807/1901 798/1884 
f 797/1881 806/1899 813/1913 796/1879 
f 808/1903 795/1878 788/1864 810/1907 
f 814/1916 799/1885 800/1887 815/1918 
f 801/1889 815/1917 810/1908 788/1863 
f 816/1920 802/1891 795/1877 808/1904 
f 812/1912 794/1875 791/1870 809/1906 
f 811/1910 789/1866 798/1883 807/1902 
f 813/1914 793/1874 781/1849 805/1898 
f 812/1911 790/1867 789/1865 811/1909 
f 782/1851 805/1897 809/1905 791/1869 
f 816/1919 803/1893 783/1854 806/1900 
f 814/1915 804/1895 784/1855 807/1901 
f 793/1873 813/1913 806/1899 783/1853 
f 810/1907 787/1861 785/1857 808/1903 
f 837/1962 1128/2544 1130/2548 838/1964 
f 838/1963 1130/2547 1118/2524 830/1948 
f 827/1942 836/1960 1136/2560 840/1968 
f 1126/2540 855/1998 851/1989 826/1939 
f 821/1930 1137/2562 1135/2558 819/1926 
f 833/1954 1127/2542 834/1956 818/1924 
f 591/1470 579/1446 594/1476 849/1986 
f 818/1923 834/1955 839/1966 828/1944 
f 840/1967 1136/2559 835/1958 820/1928 
f 853/1994 1134/2556 1132/2552 592/1472 
f 820/1927 835/1957 1127/2541 833/1953 
f 830/1947 1118/2523 836/1959 827/1941 
f 846/1979 862/2011 1131/2550 860/2008 
f 1128/2543 837/1961 824/1936 1121/2530 
f 819/1925 1135/2557 1124/2536 587/1462 
f 864/2015 599/1485 579/1445 591/1469 
f 854/1996 1117/2522 861/2009 845/1977 
f 855/1997 1126/2539 1117/2521 854/1995 
f 843/1974 586/1460 581/1449 593/1473 
f 849/1985 594/1475 577/1441 580/1447 
f 829/1946 852/1992 860/2007 1131/2549 
f 848/1983 589/1465 586/1459 843/1973 
f 1139/2565 863/2013 850/1988 822/1932 
f 852/1991 829/1945 822/1931 850/1987 
f 870/2028 892/2072 899/2086 884/2056 
f 877/2042 896/2080 899/2085 885/2058 
f 886/2060 900/2088 894/2076 883/2054 
f 882/2052 898/2084 895/2078 880/2048 
f 878/2044 897/2082 891/2070 869/2026 
f 879/2046 898/2083 897/2081 878/2043 
f 880/2047 895/2077 893/2074 872/2032 
f 872/2031 893/2073 890/2068 867/2022 
f 868/2024 889/2066 900/2087 886/2059 
f 888/2064 892/2071 891/2069 873/2034 
f 867/2021 890/2067 889/2065 868/2023 
f 876/2040 896/2079 894/2075 874/2036 
f 892/2072 888/2063 885/2057 899/2086 
f 896/2080 876/2039 884/2055 899/2085 
f 900/2088 887/2062 874/2035 894/2076 
f 898/2084 879/2045 875/2038 895/2078 
f 873/2033 891/2070 897/2082 881/2050 
f 898/2083 882/2051 881/2049 897/2081 
f 895/2077 875/2037 871/2030 893/2074 
f 866/2020 890/2068 893/2073 871/2029 
f 887/2061 900/2087 889/2066 865/2018 
f 892/2071 870/2027 869/2025 891/2069 
f 890/2067 866/2019 865/2017 889/2065 
f 883/2053 894/2075 896/2079 877/2041 
f 906/2100 928/2144 935/2158 920/2128 
f 913/2114 932/2152 935/2157 921/2130 
f 922/2132 936/2160 930/2148 919/2126 
f 918/2124 934/2156 931/2150 916/2120 
f 914/2116 933/2154 927/2142 905/2098 
f 915/2118 934/2155 933/2153 914/2115 
f 916/2119 931/2149 929/2146 908/2104 
f 908/2103 929/2145 926/2140 903/2094 
f 904/2096 925/2138 936/2159 922/2131 
f 924/2136 928/2143 927/2141 909/2106 
f 903/2093 926/2139 925/2137 904/2095 
f 912/2112 932/2151 930/2147 910/2108 
f 928/2144 924/2135 921/2129 935/2158 
f 932/2152 912/2111 920/2127 935/2157 
f 936/2160 923/2134 910/2107 930/2148 
f 934/2156 915/2117 911/2110 931/2150 
f 909/2105 927/2142 933/2154 917/2122 
f 934/2155 918/2123 917/2121 933/2153 
f 931/2149 911/2109 907/2102 929/2146 
f 902/2092 926/2140 929/2145 907/2101 
f 923/2133 936/2159 925/2138 901/2090 
f 928/2143 906/2099 905/2097 927/2141 
f 926/2139 902/2091 901/2089 925/2137 
f 919/2125 930/2147 932/2151 913/2113 
f 942/2172 964/2216 971/2230 956/2200 
f 949/2186 968/2224 971/2229 957/2202 
f 958/2204 972/2232 966/2220 955/2198 
f 954/2196 970/2228 967/2222 952/2192 
f 950/2188 969/2226 963/2214 941/2170 
f 951/2190 970/2227 969/2225 950/2187 
f 952/2191 967/2221 965/2218 944/2176 
f 944/2175 965/2217 962/2212 939/2166 
f 940/2168 961/2210 972/2231 958/2203 
f 960/2208 964/2215 963/2213 945/2178 
f 939/2165 962/2211 961/2209 940/2167 
f 948/2184 968/2223 966/2219 946/2180 
f 964/2216 960/2207 957/2201 971/2230 
f 968/2224 948/2183 956/2199 971/2229 
f 972/2232 959/2206 946/2179 966/2220 
f 970/2228 951/2189 947/2182 967/2222 
f 945/2177 963/2214 969/2226 953/2194 
f 970/2227 954/2195 953/2193 969/2225 
f 967/2221 947/2181 943/2174 965/2218 
f 938/2164 962/2212 965/2217 943/2173 
f 959/2205 972/2231 961/2210 937/2162 
f 964/2215 942/2171 941/2169 963/2213 
f 962/2211 938/2163 937/2161 961/2209 
f 955/2197 966/2219 968/2223 949/2185 
f 978/2244 1000/2288 1007/2302 992/2272 
f 985/2258 1004/2296 1007/2301 993/2274 
f 994/2276 1008/2304 1002/2292 991/2270 
f 990/2268 1006/2300 1003/2294 988/2264 
f 986/2260 1005/2298 999/2286 977/2242 
f 987/2262 1006/2299 1005/2297 986/2259 
f 988/2263 1003/2293 1001/2290 980/2248 
f 980/2247 1001/2289 998/2284 975/2238 
f 976/2240 997/2282 1008/2303 994/2275 
f 996/2280 1000/2287 999/2285 981/2250 
f 975/2237 998/2283 997/2281 976/2239 
f 984/2256 1004/2295 1002/2291 982/2252 
f 1000/2288 996/2279 993/2273 1007/2302 
f 1004/2296 984/2255 992/2271 1007/2301 
f 1008/2304 995/2278 982/2251 1002/2292 
f 1006/2300 987/2261 983/2254 1003/2294 
f 981/2249 999/2286 1005/2298 989/2266 
f 1006/2299 990/2267 989/2265 1005/2297 
f 1003/2293 983/2253 979/2246 1001/2290 
f 974/2236 998/2284 1001/2289 979/2245 
f 995/2277 1008/2303 997/2282 973/2234 
f 1000/2287 978/2243 977/2241 999/2285 
f 998/2283 974/2235 973/2233 997/2281 
f 991/2269 1002/2291 1004/2295 985/2257 
f 1014/2316 1036/2360 1043/2374 1028/2344 
f 1021/2330 1040/2368 1043/2373 1029/2346 
f 1030/2348 1044/2376 1038/2364 1027/2342 
f 1026/2340 1042/2372 1039/2366 1024/2336 
f 1022/2332 1041/2370 1035/2358 1013/2314 
f 1023/2334 1042/2371 1041/2369 1022/2331 
f 1024/2335 1039/2365 1037/2362 1016/2320 
f 1016/2319 1037/2361 1034/2356 1011/2310 
f 1012/2312 1033/2354 1044/2375 1030/2347 
f 1032/2352 1036/2359 1035/2357 1017/2322 
f 1011/2309 1034/2355 1033/2353 1012/2311 
f 1020/2328 1040/2367 1038/2363 1018/2324 
f 1036/2360 1032/2351 1029/2345 1043/2374 
f 1040/2368 1020/2327 1028/2343 1043/2373 
f 1044/2376 1031/2350 1018/2323 1038/2364 
f 1042/2372 1023/2333 1019/2326 1039/2366 
f 1017/2321 1035/2358 1041/2370 1025/2338 
f 1042/2371 1026/2339 1025/2337 1041/2369 
f 1039/2365 1019/2325 1015/2318 1037/2362 
f 1010/2308 1034/2356 1037/2361 1015/2317 
f 1031/2349 1044/2375 1033/2354 1009/2306 
f 1036/2359 1014/2315 1013/2313 1035/2357 
f 1034/2355 1010/2307 1009/2305 1033/2353 
f 1027/2341 1038/2363 1040/2367 1021/2329 
f 1050/2388 1072/2432 1079/2446 1064/2416 
f 1057/2402 1076/2440 1079/2445 1065/2418 
f 1066/2420 1080/2448 1074/2436 1063/2414 
f 1062/2412 1078/2444 1075/2438 1060/2408 
f 1058/2404 1077/2442 1071/2430 1049/2386 
f 1059/2406 1078/2443 1077/2441 1058/2403 
f 1060/2407 1075/2437 1073/2434 1052/2392 
f 1052/2391 1073/2433 1070/2428 1047/2382 
f 1048/2384 1069/2426 1080/2447 1066/2419 
f 1068/2424 1072/2431 1071/2429 1053/2394 
f 1047/2381 1070/2427 1069/2425 1048/2383 
f 1056/2400 1076/2439 1074/2435 1054/2396 
f 1072/2432 1068/2423 1065/2417 1079/2446 
f 1076/2440 1056/2399 1064/2415 1079/2445 
f 1080/2448 1067/2422 1054/2395 1074/2436 
f 1078/2444 1059/2405 1055/2398 1075/2438 
f 1053/2393 1071/2430 1077/2442 1061/2410 
f 1078/2443 1062/2411 1061/2409 1077/2441 
f 1075/2437 1055/2397 1051/2390 1073/2434 
f 1046/2380 1070/2428 1073/2433 1051/2389 
f 1067/2421 1080/2447 1069/2426 1045/2378 
f 1072/2431 1050/2387 1049/2385 1071/2429 
f 1070/2427 1046/2379 1045/2377 1069/2425 
f 1063/2413 1074/2435 1076/2439 1057/2401 
f 1086/2460 1108/2504 1115/2518 1100/2488 
f 1093/2474 1112/2512 1115/2517 1101/2490 
f 1102/2492 1116/2520 1110/2508 1099/2486 
f 1098/2484 1114/2516 1111/2510 1096/2480 
f 1094/2476 1113/2514 1107/2502 1085/2458 
f 1095/2478 1114/2515 1113/2513 1094/2475 
f 1096/2479 1111/2509 1109/2506 1088/2464 
f 1088/2463 1109/2505 1106/2500 1083/2454 
f 1084/2456 1105/2498 1116/2519 1102/2491 
f 1104/2496 1108/2503 1107/2501 1089/2466 
f 1083/2453 1106/2499 1105/2497 1084/2455 
f 1092/2472 1112/2511 1110/2507 1090/2468 
f 1108/2504 1104/2495 1101/2489 1115/2518 
f 1112/2512 1092/2471 1100/2487 1115/2517 
f 1116/2520 1103/2494 1090/2467 1110/2508 
f 1114/2516 1095/2477 1091/2470 1111/2510 
f 1089/2465 1107/2502 1113/2514 1097/2482 
f 1114/2515 1098/2483 1097/2481 1113/2513 
f 1111/2509 1091/2469 1087/2462 1109/2506 
f 1082/2452 1106/2500 1109/2505 1087/2461 
f 1103/2493 1116/2519 1105/2498 1081/2450 
f 1108/2503 1086/2459 1085/2457 1107/2501 
f 1106/2499 1082/2451 1081/2449 1105/2497 
f 1099/2485 1110/2507 1112/2511 1093/2473 
f 1123/2534 832/1952 828/1943 839/1965 
f 1134/2555 853/1993 823/1933 1138/2563 
f 1140/2568 825/1938 592/1471 1132/2551 
f 1137/2561 821/1929 844/1976 1133/2554 
f 1121/2529 824/1935 831/1950 1122/2532 
f 600/1487 585/1457 582/1451 597/1481 
f 1133/2553 844/1975 590/1468 1129/2546 
f 1129/2545 590/1467 584/1456 1120/2528 
f 1119/2526 578/1444 825/1937 1140/2567 
f 1125/2537 588/1463 587/1461 1124/2535 
f 1120/2527 584/1455 578/1443 1119/2525 
f 1122/2531 831/1949 832/1951 1123/2533 

