mtllib track_parallel_curve_small_right.mtl
usemtl Mat_1
# Blender v3.0.1 OBJ File: ''
# www.blender.org
o 2x8track_final_left_small_straight.020
v 0.203715 0.041289 0.748171
v 0.203715 0.025803 0.748171
v 0.198343 0.025803 1.000000
v 0.198343 0.041289 1.000000
v 0.151827 0.085803 0.747845
v 0.195604 0.085803 0.748120
v 0.190232 0.085803 1.000000
v 0.146454 0.085803 1.000000
v 0.143716 0.025803 0.747794
v 0.138343 0.025803 1.000000
v 0.185971 0.071584 0.748059
v 0.180598 0.071584 1.000000
v 0.190232 0.071584 1.000000
v 0.195604 0.071584 0.748120
v 0.161461 0.071584 0.747905
v 0.156088 0.071584 1.000000
v 0.156088 0.041289 1.000000
v 0.161461 0.041289 0.747905
v 0.146454 0.071584 1.000000
v 0.151827 0.071584 0.747845
v 0.138343 0.041289 1.000000
v 0.143716 0.041289 0.747794
v 0.864656 0.025803 0.752322
v 0.859297 0.025803 1.000000
v 0.859297 0.041289 1.000000
v 0.864656 0.041289 0.752322
v 0.822402 0.041289 0.752056
v 0.822402 0.071584 0.752056
v 0.817042 0.071584 1.000000
v 0.817042 0.041289 1.000000
v 0.812768 0.071584 0.751996
v 0.812768 0.085803 0.751996
v 0.807408 0.085803 1.000000
v 0.807408 0.071584 1.000000
v 0.789048 -0.025279 0.890026
v 0.789048 0.054721 0.890026
v 0.819048 0.054721 0.890026
v 0.819048 -0.025279 0.890026
v 0.789692 -0.025279 0.860249
v 0.789692 0.054721 0.860249
v 0.819692 -0.025279 0.860272
v 0.819692 0.054721 0.860272
v 0.183314 0.054721 0.890026
v 0.213314 0.054721 0.890026
v 0.213314 -0.025279 0.890026
v 0.183314 -0.025279 0.890026
v 0.213958 0.054721 0.859816
v 0.213958 -0.025279 0.859816
v 0.183958 0.054721 0.859793
v 0.183958 -0.025279 0.859793
v 0.185971 0.041289 0.748059
v 0.180598 0.041289 1.000000
v 0.841552 0.041289 1.000000
v 0.846912 0.041289 0.752210
v 0.841552 0.071584 1.000000
v 0.851186 0.071584 1.000000
v 0.856545 0.071584 0.752271
v 0.846912 0.071584 0.752210
v 0.851186 0.085803 1.000000
v 0.856545 0.085803 0.752271
v 0.799297 0.041289 1.000000
v 0.804657 0.041289 0.751945
v 0.799297 0.025803 1.000000
v 0.804657 0.025803 0.751945
v 0.794395 -0.025279 0.643482
v 0.794395 0.054721 0.643482
v 0.824393 0.054721 0.643836
v 0.824393 -0.025279 0.643836
v 0.795033 -0.025279 0.613923
v 0.795033 0.054721 0.613923
v 0.825031 -0.025279 0.614322
v 0.825031 0.054721 0.614322
v 0.188703 0.054721 0.636330
v 0.218701 0.054721 0.636684
v 0.218701 -0.025279 0.636684
v 0.188703 -0.025279 0.636330
v 0.219350 0.054721 0.606257
v 0.219350 -0.025279 0.606257
v 0.189353 0.054721 0.605858
v 0.189353 -0.025279 0.605858
v 0.214591 0.041289 0.240739
v 0.214591 0.025803 0.240739
v 0.209129 0.025803 0.494454
v 0.209129 0.041289 0.494454
v 0.162727 0.085803 0.239109
v 0.206484 0.085803 0.240484
v 0.201020 0.085803 0.494301
v 0.157249 0.085803 0.493477
v 0.154620 0.025803 0.238855
v 0.149140 0.025803 0.493324
v 0.196854 0.071584 0.240182
v 0.191387 0.071584 0.494120
v 0.201020 0.071584 0.494301
v 0.206484 0.071584 0.240484
v 0.172357 0.071584 0.239412
v 0.166882 0.071584 0.493658
v 0.166882 0.041289 0.493658
v 0.172357 0.041289 0.239412
v 0.157249 0.071584 0.493477
v 0.162727 0.071584 0.239110
v 0.149140 0.041289 0.493324
v 0.154620 0.041289 0.238855
v 0.875219 0.025803 0.261491
v 0.869966 0.025803 0.506907
v 0.869966 0.041289 0.506907
v 0.875219 0.041289 0.261491
v 0.832985 0.041289 0.260164
v 0.832985 0.071584 0.260164
v 0.827718 0.071584 0.506111
v 0.827718 0.041289 0.506111
v 0.823355 0.071584 0.259862
v 0.823355 0.085803 0.259862
v 0.818086 0.085803 0.505929
v 0.818086 0.071584 0.505929
v 0.799696 -0.025279 0.397155
v 0.799696 0.054721 0.397155
v 0.829687 0.054721 0.397886
v 0.829687 -0.025279 0.397886
v 0.800329 -0.025279 0.367596
v 0.800329 0.054721 0.367596
v 0.830319 -0.025279 0.368372
v 0.830319 0.054721 0.368372
v 0.194142 0.054721 0.382395
v 0.224133 0.054721 0.383126
v 0.224133 -0.025279 0.383126
v 0.194142 -0.025279 0.382395
v 0.224788 0.054721 0.352700
v 0.224788 -0.025279 0.352700
v 0.194798 0.054721 0.351923
v 0.194798 -0.025279 0.351923
v 0.196854 0.041289 0.240182
v 0.191387 0.041289 0.494120
v 0.852224 0.041289 0.506573
v 0.857483 0.041289 0.260934
v 0.852224 0.071584 0.506573
v 0.861856 0.071584 0.506754
v 0.867112 0.071584 0.261236
v 0.857483 0.071584 0.260934
v 0.861856 0.085803 0.506754
v 0.867112 0.085803 0.261236
v 0.809977 0.041289 0.505777
v 0.815248 0.041289 0.259607
v 0.809977 0.025803 0.505777
v 0.815248 0.025803 0.259607
v 0.804952 -0.025279 0.150827
v 0.804952 0.054721 0.150827
v 0.834931 0.054721 0.151934
v 0.834931 -0.025279 0.151934
v 0.805579 -0.025279 0.121267
v 0.805579 0.054721 0.121267
v 0.835557 -0.025279 0.122420
v 0.835557 0.054721 0.122420
v 0.199631 0.054721 0.128462
v 0.229610 0.054721 0.129570
v 0.229610 -0.025279 0.129570
v 0.199631 -0.025279 0.128462
v 0.230270 0.054721 0.099143
v 0.230270 -0.025279 0.099143
v 0.200293 0.054721 0.097990
v 0.200293 -0.025279 0.097990
v 0.235955 0.041289 -0.267298
v 0.235955 0.025803 -0.267298
v 0.220099 0.025803 -0.012975
v 0.220099 0.041289 -0.012975
v 0.184159 0.085803 -0.270417
v 0.227858 0.085803 -0.267786
v 0.211996 0.085803 -0.013332
v 0.168261 0.085803 -0.015256
v 0.176063 0.025803 -0.270904
v 0.160157 0.025803 -0.015612
v 0.218242 0.071584 -0.268365
v 0.202372 0.071584 -0.013755
v 0.211996 0.071584 -0.013332
v 0.227858 0.071584 -0.267786
v 0.193776 0.071584 -0.269837
v 0.177885 0.071584 -0.014833
v 0.177885 0.041289 -0.014833
v 0.193776 0.041289 -0.269837
v 0.168261 0.071584 -0.015256
v 0.184159 0.071584 -0.270417
v 0.160157 0.041289 -0.015612
v 0.176063 0.041289 -0.270904
v 0.895714 0.025803 -0.227576
v 0.880415 0.025803 0.016073
v 0.880415 0.041289 0.016073
v 0.895714 0.041289 -0.227576
v 0.853535 0.041289 -0.230116
v 0.853535 0.071584 -0.230116
v 0.838201 0.071584 0.014216
v 0.838201 0.041289 0.014216
v 0.843919 0.071584 -0.230694
v 0.843919 0.085803 -0.230694
v 0.828576 0.085803 0.013793
v 0.828576 0.071584 0.013793
v 0.813505 -0.025279 -0.095008
v 0.813505 0.054721 -0.095008
v 0.843466 0.054721 -0.093488
v 0.843466 -0.025279 -0.093488
v 0.815592 -0.025279 -0.124350
v 0.815592 0.054721 -0.124350
v 0.845551 -0.025279 -0.122770
v 0.845551 0.054721 -0.122770
v 0.208548 0.054721 -0.125690
v 0.238510 0.054721 -0.124171
v 0.238510 -0.025279 -0.124171
v 0.208548 -0.025279 -0.125690
v 0.240657 0.054721 -0.154679
v 0.240657 -0.025279 -0.154678
v 0.210699 0.054721 -0.156259
v 0.210699 -0.025279 -0.156259
v 0.218242 0.041289 -0.268365
v 0.202372 0.041289 -0.013755
v 0.862687 0.041289 0.015293
v 0.878001 0.041289 -0.228643
v 0.862687 0.071584 0.015293
v 0.872312 0.071584 0.015717
v 0.887618 0.071584 -0.228063
v 0.878001 0.071584 -0.228643
v 0.872312 0.085803 0.015717
v 0.887618 0.085803 -0.228063
v 0.820473 0.041289 0.013436
v 0.835823 0.041289 -0.231182
v 0.820473 0.025803 0.013436
v 0.835823 0.025803 -0.231182
v 0.830863 -0.025279 -0.339531
v 0.830863 0.054721 -0.339531
v 0.860794 0.054721 -0.337505
v 0.860794 -0.025279 -0.337505
v 0.832940 -0.025279 -0.368873
v 0.832940 0.054721 -0.368873
v 0.862867 -0.025279 -0.366787
v 0.862867 0.054721 -0.366787
v 0.226511 0.054721 -0.380426
v 0.256442 0.054721 -0.378401
v 0.256442 -0.025279 -0.378401
v 0.226511 -0.025279 -0.380426
v 0.258600 0.054721 -0.408908
v 0.258600 -0.025279 -0.408908
v 0.228672 0.054721 -0.410994
v 0.228672 -0.025279 -0.410994
v 0.272026 0.041289 -0.776171
v 0.272026 0.025803 -0.776171
v 0.253947 0.025803 -0.521738
v 0.253947 0.041289 -0.521738
v 0.220365 0.085803 -0.781037
v 0.263950 0.085803 -0.776932
v 0.245860 0.085803 -0.522362
v 0.202212 0.085803 -0.525731
v 0.212290 0.025803 -0.781798
v 0.194125 0.025803 -0.526355
v 0.254359 0.071584 -0.777835
v 0.236255 0.071584 -0.523103
v 0.245860 0.071584 -0.522362
v 0.263950 0.071584 -0.776932
v 0.229957 0.071584 -0.780134
v 0.211818 0.071584 -0.524989
v 0.211818 0.041289 -0.524989
v 0.229957 0.041289 -0.780134
v 0.202212 0.071584 -0.525731
v 0.220365 0.071584 -0.781037
v 0.194125 0.041289 -0.526355
v 0.212290 0.041289 -0.781798
v 0.930067 0.025803 -0.714188
v 0.912942 0.025803 -0.470878
v 0.912942 0.041289 -0.470878
v 0.930067 0.041289 -0.714188
v 0.887998 0.041289 -0.718151
v 0.887998 0.071584 -0.718151
v 0.870812 0.071584 -0.474130
v 0.870812 0.041289 -0.474130
v 0.878407 0.071584 -0.719054
v 0.878407 0.085803 -0.719054
v 0.861207 0.085803 -0.474871
v 0.861207 0.071584 -0.474871
v 0.848138 -0.025279 -0.584059
v 0.848138 0.054721 -0.584059
v 0.878031 0.054721 -0.581528
v 0.878031 -0.025279 -0.581528
v 0.850206 -0.025279 -0.613402
v 0.850206 0.054721 -0.613403
v 0.880094 -0.025279 -0.610811
v 0.880094 0.054721 -0.610811
v 0.244563 0.054721 -0.635156
v 0.274456 0.054721 -0.632626
v 0.274456 -0.025279 -0.632626
v 0.244563 -0.025279 -0.635156
v 0.276624 0.054721 -0.663132
v 0.276624 -0.025279 -0.663132
v 0.246736 0.054721 -0.665723
v 0.246736 -0.025279 -0.665723
v 0.254359 0.041289 -0.777835
v 0.236255 0.041289 -0.523103
v 0.895249 0.041289 -0.472244
v 0.912400 0.041289 -0.715852
v 0.895249 0.071584 -0.472244
v 0.904855 0.071584 -0.471502
v 0.921992 0.071584 -0.714949
v 0.912400 0.071584 -0.715852
v 0.904855 0.085803 -0.471502
v 0.921992 0.085803 -0.714949
v 0.853120 0.041289 -0.475495
v 0.870331 0.041289 -0.719815
v 0.853120 0.025803 -0.475495
v 0.870331 0.025803 -0.719815
v 0.867917 -0.025279 -0.828109
v 0.867917 0.054721 -0.828109
v 0.897761 0.054721 -0.825050
v 0.897761 -0.025279 -0.825050
v 0.871601 -0.025279 -0.857148
v 0.871601 0.054721 -0.857148
v 0.901437 -0.025279 -0.854014
v 0.901437 0.054721 -0.854014
v 0.265340 0.054721 -0.889874
v 0.295184 0.054721 -0.886815
v 0.295184 -0.025279 -0.886815
v 0.265340 -0.025279 -0.889874
v 0.299018 0.054721 -0.917303
v 0.299018 -0.025279 -0.917303
v 0.269182 0.054721 -0.920437
v 0.269182 -0.025279 -0.920437
v 0.332669 0.041289 -1.284836
v 0.332669 0.025803 -1.284836
v 0.300562 0.025803 -1.030523
v 0.300562 0.041289 -1.030523
v 0.281252 0.085803 -1.291820
v 0.324632 0.085803 -1.285928
v 0.292504 0.085803 -1.031445
v 0.249009 0.085803 -1.036423
v 0.273215 0.025803 -1.292912
v 0.240951 0.025803 -1.037345
v 0.315085 0.071584 -1.287224
v 0.282932 0.071584 -1.032541
v 0.292504 0.071584 -1.031445
v 0.324632 0.071584 -1.285928
v 0.290798 0.071584 -1.290523
v 0.258581 0.071584 -1.035327
v 0.258581 0.041289 -1.035327
v 0.290798 0.041289 -1.290524
v 0.249009 0.071584 -1.036423
v 0.281252 0.071584 -1.291820
v 0.240951 0.041289 -1.037345
v 0.273215 0.041289 -1.292912
v 0.987608 0.025803 -1.195866
v 0.957230 0.025803 -0.955373
v 0.957230 0.041289 -0.955373
v 0.987608 0.041289 -1.195866
v 0.945737 0.041289 -1.201554
v 0.945737 0.071584 -1.201554
v 0.915249 0.071584 -0.960178
v 0.915249 0.041289 -0.960178
v 0.936191 0.071584 -1.202851
v 0.936191 0.085803 -1.202851
v 0.905677 0.085803 -0.961273
v 0.905677 0.071584 -0.961273
v 0.898556 -0.025279 -1.070112
v 0.898556 0.054721 -1.070112
v 0.928329 0.054721 -1.066425
v 0.928329 -0.025279 -1.066425
v 0.902224 -0.025279 -1.099153
v 0.902224 0.054721 -1.099153
v 0.931987 -0.025279 -1.095391
v 0.931987 0.054721 -1.095390
v 0.297414 0.054721 -1.144560
v 0.327187 0.054721 -1.140873
v 0.327187 -0.025279 -1.140873
v 0.297414 -0.025279 -1.144560
v 0.331036 0.054721 -1.171358
v 0.331036 -0.025279 -1.171359
v 0.301273 0.054721 -1.175121
v 0.301273 -0.025279 -1.175121
v 0.315085 0.041289 -1.287224
v 0.282932 0.041289 -1.032541
v 0.939600 0.041289 -0.957391
v 0.970024 0.041289 -1.198255
v 0.939600 0.071584 -0.957391
v 0.949171 0.071584 -0.956295
v 0.979570 0.071584 -1.196958
v 0.970024 0.071584 -1.198255
v 0.949171 0.085803 -0.956295
v 0.979570 0.085803 -1.196958
v 0.897619 0.041289 -0.962195
v 0.928154 0.041289 -1.203943
v 0.897619 0.025803 -0.962195
v 0.928154 0.025803 -1.203943
v 0.929068 -0.025279 -1.312130
v 0.929068 0.054721 -1.312130
v 0.958756 0.054721 -1.307817
v 0.958756 -0.025279 -1.307817
v 0.932721 -0.025279 -1.341174
v 0.932721 0.054721 -1.341174
v 0.962398 -0.025279 -1.336785
v 0.962398 0.054721 -1.336785
v 0.329629 0.054721 -1.399228
v 0.359317 0.054721 -1.394915
v 0.359317 -0.025279 -1.394915
v 0.329629 -0.025279 -1.399229
v 0.363181 0.054721 -1.425398
v 0.363181 -0.025279 -1.425399
v 0.333504 0.054721 -1.429787
v 0.333504 -0.025279 -1.429787
v 0.412841 0.041289 -1.791471
v 0.412841 0.025803 -1.791471
v 0.366661 0.025803 -1.538913
v 0.366661 0.041289 -1.538913
v 0.361779 0.085803 -1.800695
v 0.404859 0.085803 -1.792912
v 0.358649 0.085803 -1.540175
v 0.315404 0.085803 -1.546988
v 0.353797 0.025803 -1.802137
v 0.307392 0.025803 -1.548251
v 0.395379 0.071584 -1.794625
v 0.349132 0.071584 -1.541674
v 0.358649 0.071584 -1.540175
v 0.404859 0.071584 -1.792912
v 0.371259 0.071584 -1.798982
v 0.324921 0.071584 -1.545489
v 0.324921 0.041289 -1.545489
v 0.371259 0.041289 -1.798982
v 0.315404 0.071584 -1.546988
v 0.361779 0.071584 -1.800695
v 0.307392 0.041289 -1.548251
v 0.353797 0.041289 -1.802137
v 1.063268 0.025803 -1.673976
v 1.019562 0.025803 -1.436049
v 1.019562 0.041289 -1.436049
v 1.063268 0.041289 -1.673976
v 1.021686 0.041289 -1.681487
v 1.021686 0.071584 -1.681487
v 0.977822 0.071584 -1.442625
v 0.977822 0.041289 -1.442625
v 1.012206 0.071584 -1.683200
v 1.012206 0.085803 -1.683200
v 0.968305 0.085803 -1.444124
v 0.968305 0.071584 -1.444124
v 0.967204 -0.025279 -1.552741
v 0.967204 0.054721 -1.552741
v 0.996791 0.054721 -1.547780
v 0.996791 -0.025279 -1.547780
v 0.972482 -0.025279 -1.581485
v 0.972482 0.054721 -1.581485
v 1.002055 -0.025279 -1.576444
v 1.002055 0.054721 -1.576444
v 0.369811 0.054721 -1.652917
v 0.399398 0.054721 -1.647956
v 0.399398 -0.025279 -1.647956
v 0.369811 -0.025279 -1.652917
v 0.404934 0.054721 -1.678229
v 0.404934 -0.025279 -1.678229
v 0.375361 0.054721 -1.683270
v 0.375361 -0.025279 -1.683271
v 0.395379 0.041289 -1.794625
v 0.349132 0.041289 -1.541674
v 1.002033 0.041289 -1.438810
v 1.045806 0.041289 -1.677130
v 1.002033 0.071584 -1.438810
v 1.011550 0.071584 -1.437311
v 1.055286 0.071584 -1.675418
v 1.045806 0.071584 -1.677130
v 1.011550 0.085803 -1.437311
v 1.055286 0.085803 -1.675418
v 0.960293 0.041289 -1.445386
v 1.004224 0.041289 -1.684642
v 0.960293 0.025803 -1.445386
v 1.004224 0.025803 -1.684642
v 1.011120 -0.025279 -1.792287
v 1.011120 0.054721 -1.792286
v 1.040588 0.054721 -1.786662
v 1.040588 -0.025279 -1.786662
v 1.016380 -0.025279 -1.821034
v 1.016380 0.054721 -1.821034
v 1.045833 -0.025279 -1.815330
v 1.045833 0.054721 -1.815330
v 0.416126 0.054721 -1.905848
v 0.445594 0.054721 -1.900223
v 0.445594 -0.025279 -1.900224
v 0.416126 -0.025279 -1.905848
v 0.451147 0.054721 -1.930494
v 0.451147 -0.025279 -1.930494
v 0.421694 0.054721 -1.936197
v 0.421694 -0.025279 -1.936198
v 0.515085 0.041289 -2.293402
v 0.515085 0.025803 -2.293402
v 0.459170 0.025803 -2.044001
v 0.459170 0.041289 -2.044001
v 0.464446 0.085803 -2.304721
v 0.507170 0.085803 -2.295171
v 0.451223 0.085803 -2.045622
v 0.408327 0.085803 -2.054369
v 0.456530 0.025803 -2.306490
v 0.400380 0.025803 -2.055990
v 0.497768 0.071584 -2.297273
v 0.441783 0.071584 -2.047547
v 0.451223 0.071584 -2.045622
v 0.507170 0.071584 -2.295171
v 0.473848 0.071584 -2.302619
v 0.417767 0.071584 -2.052444
v 0.417767 0.041289 -2.052444
v 0.473848 0.041289 -2.302619
v 0.408327 0.071584 -2.054369
v 0.464446 0.071584 -2.304721
v 0.400380 0.041289 -2.055990
v 0.456530 0.041289 -2.306490
v 1.160123 0.025803 -2.149227
v 1.106796 0.025803 -1.911935
v 1.106796 0.041289 -1.911935
v 1.160123 0.041289 -2.149227
v 1.118886 0.041289 -2.158444
v 1.118886 0.071584 -2.158444
v 1.065393 0.071584 -1.920378
v 1.065393 0.041289 -1.920378
v 1.109484 0.071584 -2.160545
v 1.109484 0.085803 -2.160545
v 1.055953 0.085803 -1.922303
v 1.055953 0.071584 -1.922303
v 1.058201 -0.025279 -2.031537
v 1.058201 0.054721 -2.031537
v 1.087543 0.054721 -2.025289
v 1.087543 -0.025279 -2.025289
v 1.064859 -0.025279 -2.060150
v 1.064859 0.054721 -2.060150
v 1.094188 -0.025279 -2.053838
v 1.094188 0.054721 -2.053838
v 0.465749 0.054721 -2.157691
v 0.495091 0.054721 -2.151443
v 0.495091 -0.025279 -2.151443
v 0.465749 -0.025279 -2.157691
v 0.502010 0.054721 -2.181274
v 0.502010 -0.025279 -2.181274
v 0.472682 0.054721 -2.187585
v 0.472682 -0.025279 -2.187586
v 0.497768 0.041289 -2.297273
v 0.441783 0.041289 -2.047547
v 1.089409 0.041289 -1.915481
v 1.142805 0.041289 -2.153097
v 1.089409 0.071584 -1.915481
v 1.098848 0.071584 -1.913556
v 1.152207 0.071584 -2.150996
v 1.142805 0.071584 -2.153097
v 1.098848 0.085803 -1.913556
v 1.152207 0.085803 -2.150996
v 1.048006 0.041289 -1.923924
v 1.101568 0.041289 -2.162315
v 1.048006 0.025803 -1.923924
v 1.101568 0.025803 -2.162315
v 1.113647 -0.025279 -2.269985
v 1.113647 0.054721 -2.269985
v 1.142871 0.054721 -2.263209
v 1.142871 -0.025279 -2.263209
v 1.120294 -0.025279 -2.298600
v 1.120294 0.054721 -2.298600
v 1.149504 -0.025279 -2.291761
v 1.149504 0.054721 -2.291761
v 0.523566 0.054721 -2.406801
v 0.552791 0.054721 -2.400025
v 0.552791 -0.025279 -2.400025
v 0.523566 -0.025279 -2.406801
v 0.559721 0.054721 -2.429853
v 0.559721 -0.025279 -2.429854
v 0.530511 0.054721 -2.436692
v 0.530511 -0.025279 -2.436693
v 0.635308 0.041290 -2.787205
v 0.635308 0.025804 -2.787205
v 0.572888 0.025803 -2.542194
v 0.572888 0.041289 -2.542194
v 0.584999 0.085804 -2.799913
v 0.627444 0.085804 -2.789191
v 0.565005 0.085804 -2.544105
v 0.522460 0.085804 -2.554424
v 0.577135 0.025804 -2.801899
v 0.514578 0.025803 -2.556335
v 0.618103 0.071585 -2.791550
v 0.555642 0.071585 -2.546376
v 0.565005 0.071585 -2.544105
v 0.627444 0.071585 -2.789191
v 0.594340 0.071585 -2.797553
v 0.531823 0.071585 -2.552153
v 0.531823 0.041289 -2.552153
v 0.594340 0.041290 -2.797553
v 0.522460 0.071585 -2.554424
v 0.584999 0.071585 -2.799913
v 0.514578 0.041290 -2.556335
v 0.577135 0.041290 -2.801899
v 1.276133 0.025804 -2.625329
v 1.215221 0.025803 -2.386411
v 1.215221 0.041289 -2.386411
v 1.276133 0.041290 -2.625329
v 1.235164 0.041290 -2.635678
v 1.235164 0.071585 -2.635678
v 1.174156 0.071584 -2.396370
v 1.174156 0.041289 -2.396370
v 1.225824 0.071585 -2.638037
v 1.225824 0.085804 -2.638037
v 1.164794 0.085803 -2.398641
v 1.164794 0.071584 -2.398641
v 1.170595 -0.025279 -2.508761
v 1.170595 0.054721 -2.508761
v 1.199710 0.054721 -2.501528
v 1.199710 -0.025279 -2.501529
v 1.178126 -0.025279 -2.537551
v 1.178125 0.054721 -2.537551
v 1.207234 -0.025279 -2.530293
v 1.207234 0.054721 -2.530293
v 0.582731 0.054722 -2.654806
v 0.611846 0.054722 -2.647573
v 0.611846 -0.025278 -2.647573
v 0.582731 -0.025278 -2.654806
v 0.619493 0.054722 -2.676832
v 0.619493 -0.025278 -2.676832
v 0.590384 0.054722 -2.684090
v 0.590384 -0.025278 -2.684090
v 0.618103 0.041290 -2.791550
v 0.555642 0.041289 -2.546376
v 1.197976 0.041289 -2.390594
v 1.258928 0.041290 -2.629675
v 1.197976 0.071584 -2.390594
v 1.207338 0.071584 -2.388323
v 1.268269 0.071585 -2.627316
v 1.258928 0.071585 -2.629675
v 1.207338 0.085803 -2.388323
v 1.268269 0.085804 -2.627316
v 1.156911 0.041289 -2.400553
v 1.217960 0.041290 -2.640024
v 1.156911 0.025803 -2.400553
v 1.217960 0.025804 -2.640024
v 1.233340 -0.025278 -2.772805
v 1.233340 0.054722 -2.772804
v 1.262403 0.054722 -2.765367
v 1.262403 -0.025278 -2.765368
v 1.240868 -0.025278 -2.801594
v 1.240868 0.054722 -2.801594
v 1.269925 -0.025278 -2.794133
v 1.269925 0.054722 -2.794133
v 0.646514 0.054722 -2.922967
v 0.675577 0.054722 -2.915530
v 0.675577 -0.025278 -2.915530
v 0.646514 -0.025278 -2.922967
v 0.683226 0.054722 -2.944789
v 0.683226 -0.025278 -2.944789
v 0.654168 0.054722 -2.952250
v 0.654169 -0.025278 -2.952250
v 0.030000 -0.030000 0.945013
v 0.030000 0.030000 0.945013
v 0.970000 0.030000 0.945013
v 0.970000 -0.030000 0.945013
v 0.033008 -0.030000 0.803392
v 0.033008 0.030000 0.803392
v 0.973003 -0.030000 0.806698
v 0.973003 0.030000 0.806698
v 0.035386 -0.030000 0.690820
v 0.035386 0.030000 0.690820
v 0.975348 0.030000 0.699321
v 0.975348 -0.030000 0.699321
v 0.038433 -0.030000 0.547547
v 0.038433 0.030000 0.547547
v 0.978312 -0.030000 0.562659
v 0.978312 0.030000 0.562659
v 0.040843 -0.030000 0.434975
v 0.040843 0.030000 0.434975
v 0.980624 0.030000 0.455281
v 0.980624 -0.030000 0.455281
v 0.043932 -0.030000 0.291702
v 0.043932 0.030000 0.291702
v 0.983546 -0.030000 0.318619
v 0.983546 0.030000 0.318619
v 0.046375 -0.030000 0.179130
v 0.046375 0.030000 0.179130
v 0.985826 0.030000 0.211241
v 0.985826 -0.030000 0.211241
v 0.049504 -0.030000 0.035860
v 0.049504 0.030000 0.035860
v 0.988707 -0.030000 0.074577
v 0.988707 0.030000 0.074577
v 0.052644 -0.030000 -0.076789
v 0.052644 0.030000 -0.076789
v 0.991607 0.030000 -0.032664
v 0.991607 -0.030000 -0.032664
v 0.062754 -0.030000 -0.220880
v 0.062754 0.030000 -0.220880
v 1.001259 -0.030000 -0.167874
v 1.001259 0.030000 -0.167874
v 0.070728 -0.030000 -0.334092
v 0.070728 0.030000 -0.334092
v 1.008813 0.030000 -0.274114
v 1.008813 -0.030000 -0.274114
v 0.080914 -0.030000 -0.478178
v 0.080914 0.030000 -0.478178
v 1.018389 -0.030000 -0.409329
v 1.018389 0.030000 -0.409329
v 0.088947 -0.030000 -0.591387
v 0.088947 0.030000 -0.591387
v 1.025884 0.030000 -0.515572
v 1.025884 -0.030000 -0.515572
v 0.099207 -0.030000 -0.735467
v 0.099207 0.030000 -0.735467
v 1.035386 -0.030000 -0.650794
v 1.035386 0.030000 -0.650794
v 0.107299 -0.030000 -0.848670
v 0.107299 0.030000 -0.848670
v 1.042822 0.030000 -0.757042
v 1.042822 -0.030000 -0.757042
v 0.125005 -0.030000 -0.993065
v 0.125005 0.030000 -0.993065
v 1.059395 -0.030000 -0.890519
v 1.059395 0.030000 -0.890519
v 0.139282 -0.030000 -1.106528
v 0.139282 0.030000 -1.106528
v 1.072680 0.030000 -0.995323
v 1.072680 -0.030000 -0.995323
v 0.157510 -0.030000 -1.250928
v 0.157510 0.030000 -1.250928
v 1.089531 -0.030000 -1.128717
v 1.089531 0.030000 -1.128717
v 0.171878 -0.030000 -1.364380
v 0.171878 0.030000 -1.364380
v 1.102726 0.030000 -1.233532
v 1.102726 -0.030000 -1.233532
v 0.190222 -0.030000 -1.508764
v 0.190222 0.030000 -1.508764
v 1.119461 -0.030000 -1.366941
v 1.119461 0.030000 -1.366941
v 0.209483 -0.030000 -1.621687
v 0.209483 0.030000 -1.621687
v 1.137295 0.030000 -1.470811
v 1.137296 -0.030000 -1.470811
v 0.235699 -0.030000 -1.765221
v 0.235699 0.030000 -1.765221
v 1.161541 -0.030000 -1.602692
v 1.161542 0.030000 -1.602692
v 0.256349 -0.030000 -1.877989
v 0.256349 0.030000 -1.877989
v 1.180541 0.030000 -1.706323
v 1.180541 -0.030000 -1.706323
v 0.282695 -0.030000 -2.021499
v 0.282695 0.030000 -2.021499
v 1.204656 -0.030000 -1.838228
v 1.204656 0.030000 -1.838228
v 0.304121 -0.030000 -2.133978
v 0.304121 0.030000 -2.133978
v 1.224279 0.030000 -1.941856
v 1.224279 -0.030000 -1.941856
v 0.336795 -0.030000 -2.274987
v 0.336795 0.030000 -2.274987
v 1.254966 -0.030000 -2.073583
v 1.254966 0.030000 -2.073583
v 0.362501 -0.030000 -2.385773
v 0.362501 0.030000 -2.385773
v 1.279044 0.030000 -2.177091
v 1.279044 -0.030000 -2.177091
v 0.395259 -0.030000 -2.526763
v 0.395259 0.030000 -2.526763
v 1.309648 -0.030000 -2.308837
v 1.309648 0.030000 -2.308837
v 0.421030 -0.029999 -2.637534
v 0.421030 0.030001 -2.637534
v 1.333661 0.030000 -2.412360
v 1.333661 -0.030000 -2.412360
v 0.456858 -0.029999 -2.774808
v 0.456858 0.030001 -2.774808
v 1.368585 -0.030000 -2.545997
v 1.368585 0.030000 -2.545997
v 0.485038 -0.029999 -2.906767
v 0.485038 0.030001 -2.906767
v 1.396054 0.030001 -2.675145
v 1.396054 -0.029999 -2.675145
v 0.520909 -0.029999 -3.044002
v 0.520909 0.030001 -3.044002
v 1.431009 -0.029999 -2.808804
v 1.431009 0.030001 -2.808804
v 1.799291 0.041290 -6.748113
v 1.799291 0.025804 -6.748113
v 1.804664 0.025804 -6.999942
v 1.804664 0.041290 -6.999942
v 1.851179 0.085804 -6.747787
v 1.807402 0.085804 -6.748062
v 1.812775 0.085804 -6.999942
v 1.856553 0.085804 -6.999942
v 1.859290 0.025804 -6.747736
v 1.864664 0.025804 -6.999942
v 1.817036 0.071585 -6.748001
v 1.822409 0.071585 -6.999942
v 1.812775 0.071585 -6.999942
v 1.807402 0.071585 -6.748062
v 1.841545 0.071585 -6.747847
v 1.846919 0.071585 -6.999942
v 1.846919 0.041290 -6.999942
v 1.841545 0.041290 -6.747847
v 1.856553 0.071585 -6.999942
v 1.851179 0.071585 -6.747787
v 1.864664 0.041290 -6.999942
v 1.859290 0.041290 -6.747736
v 1.138350 0.025804 -6.752264
v 1.143710 0.025804 -6.999942
v 1.143710 0.041290 -6.999942
v 1.138350 0.041290 -6.752264
v 1.180604 0.041290 -6.751999
v 1.180604 0.071585 -6.751999
v 1.185965 0.071585 -6.999942
v 1.185965 0.041290 -6.999942
v 1.190238 0.071585 -6.751937
v 1.190238 0.085804 -6.751938
v 1.195599 0.085804 -6.999942
v 1.195599 0.071585 -6.999942
v 1.213958 -0.025278 -6.889968
v 1.213958 0.054722 -6.889968
v 1.183958 0.054722 -6.889968
v 1.183958 -0.025278 -6.889968
v 1.213314 -0.025278 -6.860191
v 1.213314 0.054722 -6.860191
v 1.183314 -0.025278 -6.860214
v 1.183314 0.054722 -6.860214
v 1.819692 0.054722 -6.889968
v 1.789692 0.054722 -6.889968
v 1.789692 -0.025278 -6.889968
v 1.819692 -0.025278 -6.889968
v 1.789048 0.054722 -6.859758
v 1.789048 -0.025278 -6.859758
v 1.819048 0.054722 -6.859735
v 1.819048 -0.025278 -6.859735
v 1.817036 0.041290 -6.748001
v 1.822409 0.041290 -6.999942
v 1.161455 0.041290 -6.999942
v 1.156095 0.041290 -6.752152
v 1.161455 0.071585 -6.999942
v 1.151821 0.071585 -6.999942
v 1.146461 0.071585 -6.752213
v 1.156095 0.071585 -6.752152
v 1.151821 0.085804 -6.999942
v 1.146461 0.085804 -6.752213
v 1.203710 0.041290 -6.999942
v 1.198349 0.041290 -6.751887
v 1.203710 0.025804 -6.999942
v 1.198349 0.025804 -6.751887
v 1.208612 -0.025278 -6.643424
v 1.208612 0.054722 -6.643424
v 1.178614 0.054722 -6.643778
v 1.178614 -0.025278 -6.643778
v 1.207973 -0.025278 -6.613865
v 1.207973 0.054722 -6.613865
v 1.177976 -0.025278 -6.614264
v 1.177976 0.054722 -6.614264
v 1.814304 0.054722 -6.636272
v 1.784306 0.054722 -6.636626
v 1.784305 -0.025278 -6.636626
v 1.814304 -0.025278 -6.636272
v 1.783656 0.054722 -6.606199
v 1.783656 -0.025278 -6.606199
v 1.813654 0.054722 -6.605800
v 1.813654 -0.025278 -6.605800
v 1.788416 0.041290 -6.240681
v 1.788416 0.025804 -6.240681
v 1.793877 0.025804 -6.494396
v 1.793877 0.041290 -6.494396
v 1.840279 0.085804 -6.239051
v 1.796523 0.085804 -6.240426
v 1.801987 0.085804 -6.494243
v 1.845757 0.085804 -6.493418
v 1.848386 0.025804 -6.238797
v 1.853866 0.025804 -6.493266
v 1.806152 0.071585 -6.240123
v 1.811619 0.071585 -6.494062
v 1.801987 0.071585 -6.494243
v 1.796523 0.071585 -6.240426
v 1.830650 0.071585 -6.239354
v 1.836125 0.071585 -6.493600
v 1.836125 0.041290 -6.493600
v 1.830650 0.041290 -6.239354
v 1.845757 0.071585 -6.493418
v 1.840279 0.071585 -6.239051
v 1.853866 0.041290 -6.493266
v 1.848386 0.041290 -6.238797
v 1.127787 0.025804 -6.261433
v 1.133040 0.025804 -6.506849
v 1.133040 0.041290 -6.506849
v 1.127787 0.041290 -6.261433
v 1.170022 0.041290 -6.260107
v 1.170022 0.071585 -6.260107
v 1.175288 0.071585 -6.506053
v 1.175288 0.041290 -6.506053
v 1.179651 0.071585 -6.259804
v 1.179651 0.085804 -6.259804
v 1.184920 0.085804 -6.505871
v 1.184920 0.071585 -6.505871
v 1.203310 -0.025278 -6.397097
v 1.203310 0.054722 -6.397097
v 1.173319 0.054722 -6.397828
v 1.173319 -0.025278 -6.397828
v 1.202677 -0.025278 -6.367538
v 1.202677 0.054722 -6.367538
v 1.172687 -0.025278 -6.368314
v 1.172687 0.054722 -6.368314
v 1.808865 0.054722 -6.382337
v 1.778874 0.054722 -6.383069
v 1.778874 -0.025278 -6.383069
v 1.808865 -0.025278 -6.382337
v 1.778219 0.054722 -6.352642
v 1.778219 -0.025278 -6.352642
v 1.808209 0.054722 -6.351865
v 1.808209 -0.025278 -6.351865
v 1.806152 0.041290 -6.240123
v 1.811619 0.041290 -6.494062
v 1.150782 0.041290 -6.506515
v 1.145524 0.041290 -6.260876
v 1.150782 0.071585 -6.506515
v 1.141150 0.071585 -6.506696
v 1.135894 0.071585 -6.261179
v 1.145524 0.071585 -6.260876
v 1.141150 0.085804 -6.506696
v 1.135894 0.085804 -6.261179
v 1.193030 0.041290 -6.505719
v 1.187758 0.041290 -6.259549
v 1.193030 0.025804 -6.505719
v 1.187758 0.025804 -6.259549
v 1.198055 -0.025278 -6.150769
v 1.198055 0.054722 -6.150769
v 1.168075 0.054722 -6.151876
v 1.168075 -0.025278 -6.151876
v 1.197427 -0.025278 -6.121209
v 1.197427 0.054722 -6.121209
v 1.167449 -0.025278 -6.122362
v 1.167449 0.054722 -6.122362
v 1.803376 0.054722 -6.128404
v 1.773396 0.054722 -6.129511
v 1.773396 -0.025278 -6.129511
v 1.803376 -0.025278 -6.128404
v 1.772736 0.054722 -6.099085
v 1.772736 -0.025278 -6.099085
v 1.802714 0.054722 -6.097932
v 1.802714 -0.025278 -6.097932
v 1.767052 0.041290 -5.732644
v 1.767052 0.025804 -5.732644
v 1.782907 0.025804 -5.986967
v 1.782907 0.041290 -5.986967
v 1.818847 0.085804 -5.729525
v 1.775148 0.085804 -5.732156
v 1.791010 0.085804 -5.986610
v 1.834746 0.085804 -5.984686
v 1.826943 0.025804 -5.729038
v 1.842849 0.025804 -5.984330
v 1.784765 0.071585 -5.731577
v 1.800635 0.071585 -5.986187
v 1.791010 0.071585 -5.986610
v 1.775148 0.071585 -5.732156
v 1.809230 0.071585 -5.730105
v 1.825121 0.071585 -5.985109
v 1.825121 0.041290 -5.985109
v 1.809230 0.041290 -5.730105
v 1.834746 0.071585 -5.984686
v 1.818847 0.071585 -5.729525
v 1.842849 0.041290 -5.984330
v 1.826943 0.041290 -5.729038
v 1.107292 0.025804 -5.772366
v 1.122591 0.025804 -6.016016
v 1.122591 0.041290 -6.016016
v 1.107292 0.041290 -5.772366
v 1.149471 0.041290 -5.769826
v 1.149471 0.071585 -5.769826
v 1.164806 0.071585 -6.014158
v 1.164806 0.041290 -6.014158
v 1.159087 0.071585 -5.769248
v 1.159087 0.085804 -5.769248
v 1.174430 0.085804 -6.013735
v 1.174430 0.071585 -6.013735
v 1.189501 -0.025278 -5.904934
v 1.189501 0.054722 -5.904934
v 1.159540 0.054722 -5.906454
v 1.159540 -0.025278 -5.906454
v 1.187414 -0.025278 -5.875592
v 1.187414 0.054722 -5.875592
v 1.157456 -0.025278 -5.877172
v 1.157456 0.054722 -5.877172
v 1.794458 0.054722 -5.874252
v 1.764496 0.054722 -5.875771
v 1.764496 -0.025278 -5.875771
v 1.794458 -0.025278 -5.874252
v 1.762349 0.054722 -5.845263
v 1.762349 -0.025278 -5.845264
v 1.792307 0.054722 -5.843683
v 1.792307 -0.025278 -5.843683
v 1.784765 0.041290 -5.731577
v 1.800635 0.041290 -5.986187
v 1.140319 0.041290 -6.015236
v 1.125005 0.041290 -5.771299
v 1.140319 0.071585 -6.015236
v 1.130695 0.071585 -6.015659
v 1.115388 0.071585 -5.771879
v 1.125005 0.071585 -5.771299
v 1.130695 0.085804 -6.015659
v 1.115388 0.085804 -5.771879
v 1.182533 0.041290 -6.013378
v 1.167184 0.041290 -5.768760
v 1.182533 0.025804 -6.013378
v 1.167184 0.025804 -5.768760
v 1.172144 -0.025278 -5.660411
v 1.172144 0.054722 -5.660411
v 1.142212 0.054722 -5.662437
v 1.142212 -0.025278 -5.662437
v 1.170066 -0.025278 -5.631069
v 1.170066 0.054722 -5.631069
v 1.140139 -0.025278 -5.633154
v 1.140139 0.054722 -5.633154
v 1.776496 0.054722 -5.619516
v 1.746564 0.054722 -5.621541
v 1.746564 -0.025278 -5.621541
v 1.776496 -0.025278 -5.619516
v 1.744407 0.054722 -5.591034
v 1.744407 -0.025278 -5.591034
v 1.774334 0.054722 -5.588948
v 1.774334 -0.025278 -5.588948
v 1.730981 0.041290 -5.223771
v 1.730981 0.025804 -5.223771
v 1.749059 0.025804 -5.478204
v 1.749059 0.041290 -5.478204
v 1.782641 0.085804 -5.218905
v 1.739056 0.085804 -5.223010
v 1.757146 0.085804 -5.477580
v 1.800794 0.085804 -5.474211
v 1.790716 0.025804 -5.218144
v 1.808881 0.025804 -5.473587
v 1.748647 0.071585 -5.222107
v 1.766751 0.071585 -5.476839
v 1.757146 0.071585 -5.477580
v 1.739056 0.071585 -5.223010
v 1.773049 0.071585 -5.219808
v 1.791189 0.071585 -5.474952
v 1.791189 0.041290 -5.474952
v 1.773049 0.041290 -5.219808
v 1.800794 0.071585 -5.474211
v 1.782641 0.071585 -5.218905
v 1.808881 0.041290 -5.473587
v 1.790716 0.041290 -5.218144
v 1.072939 0.025804 -5.285754
v 1.090064 0.025804 -5.529064
v 1.090064 0.041290 -5.529064
v 1.072939 0.041290 -5.285754
v 1.115008 0.041290 -5.281791
v 1.115008 0.071585 -5.281791
v 1.132194 0.071585 -5.525812
v 1.132194 0.041290 -5.525812
v 1.124600 0.071585 -5.280888
v 1.124600 0.085804 -5.280888
v 1.141800 0.085804 -5.525071
v 1.141800 0.071585 -5.525071
v 1.154868 -0.025278 -5.415883
v 1.154868 0.054722 -5.415883
v 1.124975 0.054722 -5.418414
v 1.124975 -0.025278 -5.418414
v 1.152800 -0.025278 -5.386540
v 1.152800 0.054722 -5.386539
v 1.122912 -0.025278 -5.389131
v 1.122912 0.054722 -5.389131
v 1.758443 0.054722 -5.364786
v 1.728550 0.054722 -5.367316
v 1.728550 -0.025278 -5.367316
v 1.758443 -0.025278 -5.364786
v 1.726383 0.054722 -5.336810
v 1.726383 -0.025278 -5.336810
v 1.756270 0.054722 -5.334219
v 1.756270 -0.025278 -5.334219
v 1.748647 0.041290 -5.222107
v 1.766751 0.041290 -5.476839
v 1.107757 0.041290 -5.527698
v 1.090606 0.041290 -5.284090
v 1.107757 0.071585 -5.527698
v 1.098151 0.071585 -5.528440
v 1.081014 0.071585 -5.284993
v 1.090606 0.071585 -5.284090
v 1.098151 0.085804 -5.528440
v 1.081014 0.085804 -5.284993
v 1.149887 0.041290 -5.524447
v 1.132675 0.041290 -5.280127
v 1.149887 0.025804 -5.524447
v 1.132675 0.025804 -5.280127
v 1.135089 -0.025278 -5.171833
v 1.135089 0.054722 -5.171833
v 1.105245 0.054722 -5.174892
v 1.105245 -0.025278 -5.174892
v 1.131406 -0.025278 -5.142793
v 1.131405 0.054722 -5.142793
v 1.101570 -0.025278 -5.145928
v 1.101570 0.054722 -5.145928
v 1.737666 0.054722 -5.110068
v 1.707822 0.054722 -5.113127
v 1.707822 -0.025278 -5.113127
v 1.737666 -0.025278 -5.110068
v 1.703988 0.054722 -5.082639
v 1.703989 -0.025278 -5.082639
v 1.733824 0.054722 -5.079505
v 1.733824 -0.025278 -5.079505
v 1.670337 0.041290 -4.715107
v 1.670337 0.025804 -4.715107
v 1.702444 0.025804 -4.969419
v 1.702444 0.041290 -4.969419
v 1.721754 0.085804 -4.708122
v 1.678375 0.085804 -4.714015
v 1.710503 0.085804 -4.968497
v 1.753997 0.085804 -4.963519
v 1.729791 0.025804 -4.707029
v 1.762055 0.025804 -4.962597
v 1.687921 0.071585 -4.712718
v 1.720074 0.071585 -4.967401
v 1.710503 0.071585 -4.968497
v 1.678375 0.071585 -4.714015
v 1.712208 0.071585 -4.709418
v 1.744425 0.071585 -4.964614
v 1.744425 0.041290 -4.964614
v 1.712208 0.041290 -4.709418
v 1.753997 0.071585 -4.963519
v 1.721754 0.071585 -4.708122
v 1.762055 0.041290 -4.962597
v 1.729791 0.041290 -4.707029
v 1.015399 0.025804 -4.804076
v 1.045776 0.025804 -5.044569
v 1.045776 0.041290 -5.044569
v 1.015399 0.041290 -4.804076
v 1.057269 0.041290 -4.798388
v 1.057269 0.071585 -4.798388
v 1.087757 0.071585 -5.039764
v 1.087757 0.041290 -5.039764
v 1.066815 0.071585 -4.797091
v 1.066815 0.085804 -4.797091
v 1.097329 0.085804 -5.038669
v 1.097329 0.071585 -5.038669
v 1.104450 -0.025278 -4.929830
v 1.104450 0.054722 -4.929830
v 1.074678 0.054722 -4.933518
v 1.074678 -0.025278 -4.933518
v 1.100782 -0.025278 -4.900789
v 1.100782 0.054722 -4.900789
v 1.071019 -0.025278 -4.904551
v 1.071019 0.054722 -4.904552
v 1.705592 0.054722 -4.855382
v 1.675819 0.054722 -4.859069
v 1.675819 -0.025278 -4.859069
v 1.705592 -0.025278 -4.855382
v 1.671970 0.054722 -4.828583
v 1.671970 -0.025278 -4.828583
v 1.701734 0.054722 -4.824821
v 1.701733 -0.025278 -4.824821
v 1.687921 0.041290 -4.712718
v 1.720074 0.041290 -4.967401
v 1.063406 0.041290 -5.042552
v 1.032982 0.041290 -4.801687
v 1.063406 0.071585 -5.042552
v 1.053835 0.071585 -5.043646
v 1.023436 0.071585 -4.802984
v 1.032982 0.071585 -4.801687
v 1.053835 0.085804 -5.043646
v 1.023436 0.085804 -4.802984
v 1.105387 0.041290 -5.037747
v 1.074853 0.041290 -4.795999
v 1.105387 0.025804 -5.037747
v 1.074853 0.025804 -4.795999
v 1.073938 -0.025278 -4.687811
v 1.073938 0.054722 -4.687812
v 1.044250 0.054722 -4.692125
v 1.044250 -0.025278 -4.692125
v 1.070285 -0.025278 -4.658768
v 1.070285 0.054722 -4.658768
v 1.040608 -0.025278 -4.663157
v 1.040608 0.054722 -4.663157
v 1.673378 0.054722 -4.600714
v 1.643689 0.054722 -4.605027
v 1.643689 -0.025278 -4.605027
v 1.673378 -0.025278 -4.600713
v 1.639825 0.054722 -4.574544
v 1.639825 -0.025278 -4.574544
v 1.669503 0.054722 -4.570155
v 1.669503 -0.025278 -4.570155
v 1.590165 0.041290 -4.208471
v 1.590165 0.025804 -4.208471
v 1.636345 0.025804 -4.461029
v 1.636345 0.041290 -4.461029
v 1.641228 0.085804 -4.199247
v 1.598147 0.085804 -4.207030
v 1.644357 0.085804 -4.459767
v 1.687602 0.085804 -4.452953
v 1.649210 0.025804 -4.197805
v 1.695614 0.025804 -4.451691
v 1.607627 0.071585 -4.205317
v 1.653874 0.071585 -4.458268
v 1.644357 0.071585 -4.459767
v 1.598147 0.071585 -4.207030
v 1.631747 0.071585 -4.200960
v 1.678085 0.071585 -4.454453
v 1.678085 0.041290 -4.454453
v 1.631747 0.041290 -4.200960
v 1.687602 0.071585 -4.452953
v 1.641228 0.071585 -4.199247
v 1.695614 0.041290 -4.451691
v 1.649210 0.041290 -4.197805
v 0.939738 0.025804 -4.325966
v 0.983444 0.025804 -4.563893
v 0.983444 0.041290 -4.563893
v 0.939738 0.041290 -4.325966
v 0.981320 0.041290 -4.318454
v 0.981320 0.071585 -4.318454
v 1.025185 0.071585 -4.557317
v 1.025185 0.041290 -4.557317
v 0.990801 0.071585 -4.316742
v 0.990801 0.085804 -4.316742
v 1.034701 0.085804 -4.555818
v 1.034701 0.071585 -4.555818
v 1.035802 -0.025278 -4.447200
v 1.035802 0.054722 -4.447201
v 1.006215 0.054722 -4.452162
v 1.006215 -0.025278 -4.452162
v 1.030524 -0.025278 -4.418457
v 1.030524 0.054722 -4.418457
v 1.000951 -0.025278 -4.423498
v 1.000951 0.054722 -4.423498
v 1.633195 0.054722 -4.347025
v 1.603608 0.054722 -4.351986
v 1.603608 -0.025278 -4.351986
v 1.633195 -0.025278 -4.347025
v 1.598072 0.054722 -4.321713
v 1.598072 -0.025278 -4.321713
v 1.627646 0.054722 -4.316672
v 1.627645 -0.025278 -4.316671
v 1.607627 0.041290 -4.205317
v 1.653874 0.041290 -4.458268
v 1.000973 0.041290 -4.561132
v 0.957200 0.041290 -4.322812
v 1.000973 0.071585 -4.561132
v 0.991457 0.071585 -4.562631
v 0.947720 0.071585 -4.324524
v 0.957200 0.071585 -4.322812
v 0.991457 0.085804 -4.562631
v 0.947720 0.085804 -4.324524
v 1.042713 0.041290 -4.554556
v 0.998782 0.041290 -4.315300
v 1.042713 0.025804 -4.554556
v 0.998782 0.025804 -4.315300
v 0.991887 -0.025278 -4.207656
v 0.991887 0.054722 -4.207656
v 0.962419 0.054722 -4.213280
v 0.962418 -0.025278 -4.213279
v 0.986626 -0.025278 -4.178908
v 0.986626 0.054722 -4.178908
v 0.957173 -0.025278 -4.184612
v 0.957173 0.054722 -4.184612
v 1.586880 0.054722 -4.094094
v 1.557412 0.054722 -4.099719
v 1.557412 -0.025278 -4.099718
v 1.586880 -0.025278 -4.094094
v 1.551859 0.054722 -4.069448
v 1.551859 -0.025278 -4.069448
v 1.581312 0.054722 -4.063745
v 1.581312 -0.025278 -4.063744
v 1.487921 0.041290 -3.706540
v 1.487921 0.025804 -3.706540
v 1.543836 0.025804 -3.955941
v 1.543836 0.041290 -3.955941
v 1.538560 0.085804 -3.695221
v 1.495836 0.085804 -3.704771
v 1.551783 0.085804 -3.954320
v 1.594679 0.085804 -3.945572
v 1.546476 0.025804 -3.693452
v 1.602626 0.025804 -3.943952
v 1.505238 0.071585 -3.702669
v 1.561223 0.071585 -3.952395
v 1.551783 0.071585 -3.954320
v 1.495836 0.071585 -3.704771
v 1.529158 0.071585 -3.697322
v 1.585239 0.071585 -3.947497
v 1.585239 0.041290 -3.947498
v 1.529158 0.041290 -3.697322
v 1.594679 0.071585 -3.945572
v 1.538560 0.071585 -3.695221
v 1.602626 0.041290 -3.943952
v 1.546476 0.041290 -3.693452
v 0.842883 0.025804 -3.850715
v 0.896210 0.025804 -4.088007
v 0.896210 0.041290 -4.088007
v 0.842883 0.041290 -3.850715
v 0.884121 0.041290 -3.841498
v 0.884121 0.071585 -3.841498
v 0.937613 0.071585 -4.079564
v 0.937613 0.041290 -4.079564
v 0.893523 0.071585 -3.839397
v 0.893523 0.085804 -3.839397
v 0.947053 0.085804 -4.077639
v 0.947053 0.071585 -4.077639
v 0.944805 -0.025278 -3.968405
v 0.944806 0.054722 -3.968405
v 0.915463 0.054722 -3.974653
v 0.915463 -0.025278 -3.974653
v 0.938147 -0.025278 -3.939792
v 0.938147 0.054722 -3.939793
v 0.908819 -0.025278 -3.946104
v 0.908819 0.054722 -3.946104
v 1.537257 0.054722 -3.842251
v 1.507915 0.054722 -3.848499
v 1.507915 -0.025278 -3.848498
v 1.537257 -0.025278 -3.842250
v 1.500996 0.054722 -3.818668
v 1.500996 -0.025278 -3.818667
v 1.530324 0.054722 -3.812357
v 1.530324 -0.025278 -3.812356
v 1.505238 0.041290 -3.702669
v 1.561223 0.041290 -3.952395
v 0.913598 0.041290 -4.084461
v 0.860201 0.041290 -3.846844
v 0.913598 0.071585 -4.084461
v 0.904158 0.071585 -4.086386
v 0.850799 0.071585 -3.848946
v 0.860201 0.071585 -3.846844
v 0.904158 0.085804 -4.086386
v 0.850799 0.085804 -3.848946
v 0.955001 0.041290 -4.076018
v 0.901438 0.041290 -3.837627
v 0.955001 0.025804 -4.076018
v 0.901438 0.025804 -3.837627
v 0.889359 -0.025278 -3.729957
v 0.889360 0.054722 -3.729957
v 0.860135 0.054722 -3.736733
v 0.860135 -0.025278 -3.736733
v 0.882712 -0.025278 -3.701342
v 0.882712 0.054722 -3.701342
v 0.853502 -0.025278 -3.708181
v 0.853502 0.054722 -3.708181
v 1.479440 0.054722 -3.593141
v 1.450215 0.054722 -3.599917
v 1.450215 -0.025278 -3.599917
v 1.479440 -0.025278 -3.593141
v 1.443285 0.054722 -3.570089
v 1.443285 -0.025278 -3.570088
v 1.472495 0.054722 -3.563250
v 1.472495 -0.025278 -3.563249
v 1.367698 0.041290 -3.212737
v 1.367698 0.025804 -3.212737
v 1.430119 0.025804 -3.457748
v 1.430119 0.041290 -3.457748
v 1.418007 0.085804 -3.200029
v 1.375562 0.085804 -3.210751
v 1.438001 0.085804 -3.455837
v 1.480546 0.085804 -3.445518
v 1.425871 0.025804 -3.198043
v 1.488428 0.025804 -3.443607
v 1.384903 0.071585 -3.208392
v 1.447364 0.071585 -3.453566
v 1.438001 0.071585 -3.455837
v 1.375562 0.071585 -3.210751
v 1.408667 0.071585 -3.202389
v 1.471183 0.071585 -3.447789
v 1.471183 0.041290 -3.447789
v 1.408667 0.041290 -3.202389
v 1.480546 0.071585 -3.445518
v 1.418007 0.071585 -3.200029
v 1.488428 0.041290 -3.443607
v 1.425871 0.041290 -3.198043
v 0.726874 0.025804 -3.374613
v 0.787785 0.025804 -3.613531
v 0.787785 0.041290 -3.613531
v 0.726874 0.041290 -3.374613
v 0.767842 0.041290 -3.364264
v 0.767842 0.071585 -3.364264
v 0.828850 0.071585 -3.603572
v 0.828850 0.041290 -3.603572
v 0.777182 0.071585 -3.361905
v 0.777182 0.085804 -3.361905
v 0.838212 0.085804 -3.601301
v 0.838212 0.071585 -3.601301
v 0.832411 -0.025278 -3.491181
v 0.832411 0.054722 -3.491181
v 0.803296 0.054722 -3.498414
v 0.803296 -0.025278 -3.498413
v 0.824881 -0.025278 -3.462391
v 0.824881 0.054722 -3.462391
v 0.795772 -0.025278 -3.469649
v 0.795772 0.054722 -3.469649
v 1.420275 0.054722 -3.345136
v 1.391160 0.054722 -3.352369
v 1.391160 -0.025278 -3.352369
v 1.420275 -0.025278 -3.345136
v 1.383513 0.054722 -3.323110
v 1.383513 -0.025278 -3.323110
v 1.412622 0.054722 -3.315852
v 1.412622 -0.025278 -3.315852
v 1.384903 0.041290 -3.208392
v 1.447364 0.041290 -3.453566
v 0.805030 0.041290 -3.609348
v 0.744078 0.041290 -3.370267
v 0.805030 0.071585 -3.609348
v 0.795668 0.071585 -3.611619
v 0.734738 0.071585 -3.372626
v 0.744078 0.071585 -3.370267
v 0.795668 0.085804 -3.611619
v 0.734738 0.085804 -3.372626
v 0.846095 0.041290 -3.599389
v 0.785046 0.041290 -3.359918
v 0.846095 0.025804 -3.599389
v 0.785046 0.025804 -3.359918
v 0.765279 -0.025278 -3.229331
v 0.765279 0.054722 -3.229331
v 0.736215 0.054722 -3.236768
v 0.736215 -0.025278 -3.236768
v 0.757751 -0.025278 -3.200541
v 0.757751 0.054722 -3.200542
v 0.728693 -0.025278 -3.208003
v 0.728693 0.054722 -3.208003
v 1.352105 0.054722 -3.079169
v 1.323042 0.054722 -3.086606
v 1.323042 -0.025278 -3.086606
v 1.352105 -0.025278 -3.079169
v 1.315393 0.054722 -3.057347
v 1.315393 -0.025278 -3.057347
v 1.344450 0.054722 -3.049885
v 1.344450 -0.025278 -3.049885
v 1.973006 -0.029999 -6.944954
v 1.973006 0.030001 -6.944954
v 1.033006 0.030001 -6.944954
v 1.033006 -0.029999 -6.944954
v 1.969998 -0.029999 -6.803334
v 1.969998 0.030001 -6.803334
v 1.030004 -0.029999 -6.806640
v 1.030003 0.030001 -6.806640
v 1.967620 -0.029999 -6.690762
v 1.967620 0.030001 -6.690762
v 1.027659 0.030001 -6.699263
v 1.027659 -0.029999 -6.699263
v 1.964573 -0.029999 -6.547489
v 1.964573 0.030001 -6.547489
v 1.024695 -0.029999 -6.562601
v 1.024695 0.030001 -6.562601
v 1.962163 -0.029999 -6.434917
v 1.962163 0.030001 -6.434917
v 1.022382 0.030001 -6.455224
v 1.022382 -0.029999 -6.455224
v 1.959075 -0.029999 -6.291644
v 1.959075 0.030001 -6.291644
v 1.019460 -0.029999 -6.318561
v 1.019460 0.030001 -6.318561
v 1.956632 -0.029999 -6.179072
v 1.956632 0.030001 -6.179072
v 1.017180 0.030001 -6.211183
v 1.017180 -0.029999 -6.211183
v 1.953502 -0.029999 -6.035801
v 1.953502 0.030001 -6.035801
v 1.014300 -0.029999 -6.074519
v 1.014300 0.030001 -6.074519
v 1.950363 -0.029999 -5.923153
v 1.950363 0.030001 -5.923153
v 1.011399 0.030001 -5.967278
v 1.011399 -0.029999 -5.967278
v 1.940252 -0.029999 -5.779062
v 1.940252 0.030001 -5.779062
v 1.001747 -0.029999 -5.832068
v 1.001747 0.030001 -5.832068
v 1.932278 -0.029999 -5.665850
v 1.932278 0.030001 -5.665850
v 0.994193 0.030001 -5.725828
v 0.994193 -0.029999 -5.725828
v 1.922092 -0.029999 -5.521764
v 1.922092 0.030001 -5.521764
v 0.984617 -0.029999 -5.590613
v 0.984617 0.030001 -5.590613
v 1.914060 -0.029999 -5.408556
v 1.914060 0.030001 -5.408556
v 0.977122 0.030001 -5.484370
v 0.977122 -0.029999 -5.484370
v 1.903799 -0.029999 -5.264475
v 1.903799 0.030001 -5.264475
v 0.967620 -0.029999 -5.349148
v 0.967620 0.030001 -5.349148
v 1.895708 -0.029999 -5.151272
v 1.895707 0.030001 -5.151272
v 0.960184 0.030001 -5.242900
v 0.960184 -0.029999 -5.242900
v 1.878001 -0.029999 -5.006877
v 1.878001 0.030001 -5.006877
v 0.943612 -0.029999 -5.109423
v 0.943612 0.030001 -5.109423
v 1.863725 -0.029999 -4.893414
v 1.863725 0.030001 -4.893414
v 0.930326 0.030001 -5.004619
v 0.930326 -0.029999 -5.004619
v 1.845496 -0.029999 -4.749014
v 1.845496 0.030001 -4.749014
v 0.913475 -0.029999 -4.871225
v 0.913475 0.030001 -4.871225
v 1.831129 -0.029999 -4.635562
v 1.831129 0.030001 -4.635562
v 0.900280 0.030001 -4.766410
v 0.900280 -0.029999 -4.766410
v 1.812784 -0.029999 -4.491178
v 1.812784 0.030001 -4.491178
v 0.883545 -0.029999 -4.633001
v 0.883545 0.030001 -4.633001
v 1.793523 -0.029999 -4.378255
v 1.793523 0.030001 -4.378255
v 0.865711 0.030001 -4.529131
v 0.865711 -0.029999 -4.529131
v 1.767307 -0.029999 -4.234721
v 1.767307 0.030001 -4.234721
v 0.841465 -0.029999 -4.397250
v 0.841465 0.030001 -4.397250
v 1.746658 -0.029999 -4.121954
v 1.746658 0.030001 -4.121954
v 0.822466 0.030001 -4.293619
v 0.822466 -0.029999 -4.293619
v 1.720311 -0.029999 -3.978443
v 1.720311 0.030001 -3.978443
v 0.798350 -0.029999 -4.161714
v 0.798350 0.030001 -4.161714
v 1.698885 -0.029999 -3.865964
v 1.698885 0.030001 -3.865964
v 0.778728 0.030001 -4.058086
v 0.778728 -0.029999 -4.058086
v 1.666211 -0.029999 -3.724955
v 1.666211 0.030001 -3.724955
v 0.748040 -0.029999 -3.926359
v 0.748040 0.030001 -3.926359
v 1.640505 -0.029999 -3.614169
v 1.640505 0.030001 -3.614169
v 0.723962 0.030001 -3.822851
v 0.723962 -0.029999 -3.822851
v 1.607747 -0.029999 -3.473179
v 1.607747 0.030001 -3.473179
v 0.693358 -0.029999 -3.691105
v 0.693358 0.030001 -3.691105
v 1.581977 -0.029999 -3.362408
v 1.581977 0.030001 -3.362408
v 0.669345 0.030001 -3.587582
v 0.669345 -0.029999 -3.587582
v 1.546148 -0.029999 -3.225134
v 1.546148 0.030001 -3.225134
v 0.634421 -0.029999 -3.453945
v 0.634421 0.030001 -3.453945
v 1.513581 -0.029999 -3.095368
v 1.513581 0.030001 -3.095368
v 0.602564 0.030001 -3.326991
v 0.602564 -0.029999 -3.326991
v 1.477710 -0.029999 -2.958134
v 1.477710 0.030001 -2.958134
v 0.567609 -0.029999 -3.193332
v 0.567609 0.030001 -3.193332
vt 0.679406 0.048121
vt 0.905875 0.048121
vt 0.905875 0.034093
vt 0.679406 0.034093
vt 0.679606 0.259595
vt 0.906075 0.259595
vt 0.906075 0.219937
vt 0.679606 0.219937
vt 0.226347 0.210448
vt 0.226347 0.156096
vt -0.000122 0.156096
vt -0.000122 0.210448
vt 0.226981 0.330358
vt 0.226981 0.321630
vt 0.000512 0.321630
vt 0.000512 0.330358
vt 0.226469 0.089593
vt 0.226469 0.062150
vt 0.000000 0.062150
vt 0.000000 0.089593
vt 0.226469 0.012881
vt 0.226469 0.000000
vt 0.000000 0.000000
vt 0.000000 0.012881
vt 0.226981 0.321630
vt 0.226981 0.312903
vt 0.000512 0.312903
vt 0.000512 0.321630
vt 0.679606 0.281378
vt 0.679606 0.297453
vt 0.906075 0.297453
vt 0.906075 0.281378
vt 0.226469 0.048121
vt 0.226469 0.062150
vt 0.000000 0.062150
vt 0.000000 0.048121
vt 0.679406 0.093759
vt 0.905875 0.093759
vt 0.905875 0.121202
vt 0.679406 0.121202
vt 0.679406 0.012881
vt 0.905875 0.012881
vt 0.905875 0.025761
vt 0.679406 0.025761
vt 0.999050 0.183297
vt 0.939310 0.183297
vt 0.939310 0.342604
vt 0.999050 0.342604
vt 0.999050 0.183297
vt 0.939310 0.183297
vt 0.939310 0.342604
vt 0.999050 0.342604
vt 0.999050 0.183297
vt 0.939310 0.183297
vt 0.939310 0.342604
vt 0.999050 0.342604
vt 0.999050 0.183297
vt 0.939310 0.183297
vt 0.939310 0.342604
vt 0.999050 0.342604
vt 0.985655 0.132863
vt 0.939081 0.132863
vt 0.939081 0.179437
vt 0.985655 0.179437
vt 0.939310 0.342604
vt 0.939310 0.183297
vt 0.999050 0.183297
vt 0.999050 0.342604
vt 0.939310 0.342604
vt 0.939310 0.183297
vt 0.999050 0.183297
vt 0.999050 0.342604
vt 0.939310 0.342604
vt 0.939310 0.183297
vt 0.999050 0.183297
vt 0.999050 0.342604
vt 0.939310 0.342604
vt 0.939310 0.183297
vt 0.999050 0.183297
vt 0.999050 0.342604
vt 0.939081 0.179437
vt 0.939081 0.132863
vt 0.985655 0.132863
vt 0.985655 0.179437
vt 0.905875 0.025761
vt 0.905875 0.012881
vt 0.679406 0.012881
vt 0.679406 0.025761
vt 0.905875 0.121202
vt 0.905875 0.093759
vt 0.679406 0.093759
vt 0.679406 0.121202
vt 0.000000 0.062150
vt 0.226469 0.062150
vt 0.226469 0.048121
vt 0.000000 0.048121
vt 0.906075 0.297453
vt 0.679606 0.297453
vt 0.679606 0.281378
vt 0.906075 0.281378
vt 0.000512 0.312903
vt 0.226981 0.312903
vt 0.226981 0.321630
vt 0.000512 0.321630
vt 0.000000 0.000000
vt 0.226469 0.000000
vt 0.226469 0.012881
vt 0.000000 0.012881
vt 0.000000 0.062150
vt 0.226469 0.062150
vt 0.226469 0.089593
vt 0.000000 0.089593
vt 0.906075 0.312903
vt 0.679606 0.312903
vt 0.679606 0.296828
vt 0.906075 0.296828
vt 0.000512 0.321630
vt 0.226981 0.321630
vt 0.226981 0.330358
vt 0.000512 0.330358
vt -0.000122 0.156096
vt 0.226347 0.156096
vt 0.226347 0.210448
vt -0.000122 0.210448
vt 0.906075 0.219937
vt 0.906075 0.259595
vt 0.679606 0.259595
vt 0.679606 0.219937
vt 0.905875 0.034093
vt 0.905875 0.048121
vt 0.679406 0.048121
vt 0.679406 0.034093
vt 0.999050 0.183297
vt 0.939310 0.183297
vt 0.939310 0.342604
vt 0.999050 0.342604
vt 0.999050 0.183297
vt 0.939310 0.183297
vt 0.939310 0.342604
vt 0.999050 0.342604
vt 0.999050 0.183297
vt 0.939310 0.183297
vt 0.939310 0.342604
vt 0.999050 0.342604
vt 0.999050 0.183297
vt 0.939310 0.183297
vt 0.939310 0.342604
vt 0.999050 0.342604
vt 0.985655 0.132863
vt 0.939081 0.132863
vt 0.939081 0.179437
vt 0.985655 0.179437
vt 0.939310 0.342604
vt 0.939310 0.183297
vt 0.999050 0.183297
vt 0.999050 0.342604
vt 0.939310 0.342604
vt 0.939310 0.183297
vt 0.999050 0.183297
vt 0.999050 0.342604
vt 0.939310 0.342604
vt 0.939310 0.183297
vt 0.999050 0.183297
vt 0.999050 0.342604
vt 0.939310 0.342604
vt 0.939310 0.183297
vt 0.999050 0.183297
vt 0.999050 0.342604
vt 0.939081 0.179437
vt 0.939081 0.132863
vt 0.985655 0.132863
vt 0.985655 0.179437
vt 0.679406 0.048121
vt 0.905875 0.048121
vt 0.905875 0.034093
vt 0.679406 0.034093
vt 0.679606 0.259595
vt 0.906075 0.259595
vt 0.906075 0.219937
vt 0.679606 0.219937
vt 0.226347 0.210448
vt 0.226347 0.156096
vt -0.000122 0.156096
vt -0.000122 0.210448
vt 0.226981 0.330358
vt 0.226981 0.321630
vt 0.000512 0.321630
vt 0.000512 0.330358
vt 0.226469 0.089593
vt 0.226469 0.062150
vt 0.000000 0.062150
vt 0.000000 0.089593
vt 0.226469 0.012881
vt 0.226469 0.000000
vt 0.000000 0.000000
vt 0.000000 0.012881
vt 0.226981 0.321630
vt 0.226981 0.312903
vt 0.000512 0.312903
vt 0.000512 0.321630
vt 0.679606 0.281378
vt 0.679606 0.297453
vt 0.906075 0.297453
vt 0.906075 0.281378
vt 0.226469 0.048121
vt 0.226469 0.062150
vt 0.000000 0.062150
vt 0.000000 0.048121
vt 0.679406 0.093759
vt 0.905875 0.093759
vt 0.905875 0.121202
vt 0.679406 0.121202
vt 0.679406 0.012881
vt 0.905875 0.012881
vt 0.905875 0.025761
vt 0.679406 0.025761
vt 0.999050 0.183297
vt 0.939310 0.183297
vt 0.939310 0.342604
vt 0.999050 0.342604
vt 0.999050 0.183297
vt 0.939310 0.183297
vt 0.939310 0.342604
vt 0.999050 0.342604
vt 0.999050 0.183297
vt 0.939310 0.183297
vt 0.939310 0.342604
vt 0.999050 0.342604
vt 0.999050 0.183297
vt 0.939310 0.183297
vt 0.939310 0.342604
vt 0.999050 0.342604
vt 0.985655 0.132863
vt 0.939081 0.132863
vt 0.939081 0.179437
vt 0.985655 0.179437
vt 0.939310 0.342604
vt 0.939310 0.183297
vt 0.999050 0.183297
vt 0.999050 0.342604
vt 0.939310 0.342604
vt 0.939310 0.183297
vt 0.999050 0.183297
vt 0.999050 0.342604
vt 0.939310 0.342604
vt 0.939310 0.183297
vt 0.999050 0.183297
vt 0.999050 0.342604
vt 0.939310 0.342604
vt 0.939310 0.183297
vt 0.999050 0.183297
vt 0.999050 0.342604
vt 0.939081 0.179437
vt 0.939081 0.132863
vt 0.985655 0.132863
vt 0.985655 0.179437
vt 0.905875 0.025761
vt 0.905875 0.012881
vt 0.679406 0.012881
vt 0.679406 0.025761
vt 0.905875 0.121202
vt 0.905875 0.093759
vt 0.679406 0.093759
vt 0.679406 0.121202
vt 0.000000 0.062150
vt 0.226469 0.062150
vt 0.226469 0.048121
vt 0.000000 0.048121
vt 0.906075 0.297453
vt 0.679606 0.297453
vt 0.679606 0.281378
vt 0.906075 0.281378
vt 0.000512 0.312903
vt 0.226981 0.312903
vt 0.226981 0.321630
vt 0.000512 0.321630
vt 0.000000 0.000000
vt 0.226469 0.000000
vt 0.226469 0.012881
vt 0.000000 0.012881
vt 0.000000 0.062150
vt 0.226469 0.062150
vt 0.226469 0.089593
vt 0.000000 0.089593
vt 0.906075 0.312903
vt 0.679606 0.312903
vt 0.679606 0.296828
vt 0.906075 0.296828
vt 0.000512 0.321630
vt 0.226981 0.321630
vt 0.226981 0.330358
vt 0.000512 0.330358
vt -0.000122 0.156096
vt 0.226347 0.156096
vt 0.226347 0.210448
vt -0.000122 0.210448
vt 0.906075 0.219937
vt 0.906075 0.259595
vt 0.679606 0.259595
vt 0.679606 0.219937
vt 0.905875 0.034093
vt 0.905875 0.048121
vt 0.679406 0.048121
vt 0.679406 0.034093
vt 0.999050 0.183297
vt 0.939310 0.183297
vt 0.939310 0.342604
vt 0.999050 0.342604
vt 0.999050 0.183297
vt 0.939310 0.183297
vt 0.939310 0.342604
vt 0.999050 0.342604
vt 0.999050 0.183297
vt 0.939310 0.183297
vt 0.939310 0.342604
vt 0.999050 0.342604
vt 0.999050 0.183297
vt 0.939310 0.183297
vt 0.939310 0.342604
vt 0.999050 0.342604
vt 0.985655 0.132863
vt 0.939081 0.132863
vt 0.939081 0.179437
vt 0.985655 0.179437
vt 0.939310 0.342604
vt 0.939310 0.183297
vt 0.999050 0.183297
vt 0.999050 0.342604
vt 0.939310 0.342604
vt 0.939310 0.183297
vt 0.999050 0.183297
vt 0.999050 0.342604
vt 0.939310 0.342604
vt 0.939310 0.183297
vt 0.999050 0.183297
vt 0.999050 0.342604
vt 0.939310 0.342604
vt 0.939310 0.183297
vt 0.999050 0.183297
vt 0.999050 0.342604
vt 0.939081 0.179437
vt 0.939081 0.132863
vt 0.985655 0.132863
vt 0.985655 0.179437
vt 0.679406 0.048121
vt 0.905875 0.048121
vt 0.905875 0.034093
vt 0.679406 0.034093
vt 0.679606 0.259595
vt 0.906075 0.259595
vt 0.906075 0.219937
vt 0.679606 0.219937
vt 0.226347 0.210448
vt 0.226347 0.156096
vt -0.000122 0.156096
vt -0.000122 0.210448
vt 0.226981 0.330358
vt 0.226981 0.321630
vt 0.000512 0.321630
vt 0.000512 0.330358
vt 0.226469 0.089593
vt 0.226469 0.062150
vt 0.000000 0.062150
vt 0.000000 0.089593
vt 0.226469 0.012881
vt 0.226469 0.000000
vt 0.000000 0.000000
vt 0.000000 0.012881
vt 0.226981 0.321630
vt 0.226981 0.312903
vt 0.000512 0.312903
vt 0.000512 0.321630
vt 0.679606 0.281378
vt 0.679606 0.297453
vt 0.906075 0.297453
vt 0.906075 0.281378
vt 0.226469 0.048121
vt 0.226469 0.062150
vt 0.000000 0.062150
vt 0.000000 0.048121
vt 0.679406 0.093759
vt 0.905875 0.093759
vt 0.905875 0.121202
vt 0.679406 0.121202
vt 0.679406 0.012881
vt 0.905875 0.012881
vt 0.905875 0.025761
vt 0.679406 0.025761
vt 0.999050 0.183297
vt 0.939310 0.183297
vt 0.939310 0.342604
vt 0.999050 0.342604
vt 0.999050 0.183297
vt 0.939310 0.183297
vt 0.939310 0.342604
vt 0.999050 0.342604
vt 0.999050 0.183297
vt 0.939310 0.183297
vt 0.939310 0.342604
vt 0.999050 0.342604
vt 0.999050 0.183297
vt 0.939310 0.183297
vt 0.939310 0.342604
vt 0.999050 0.342604
vt 0.985655 0.132863
vt 0.939081 0.132863
vt 0.939081 0.179437
vt 0.985655 0.179437
vt 0.939310 0.342604
vt 0.939310 0.183297
vt 0.999050 0.183297
vt 0.999050 0.342604
vt 0.939310 0.342604
vt 0.939310 0.183297
vt 0.999050 0.183297
vt 0.999050 0.342604
vt 0.939310 0.342604
vt 0.939310 0.183297
vt 0.999050 0.183297
vt 0.999050 0.342604
vt 0.939310 0.342604
vt 0.939310 0.183297
vt 0.999050 0.183297
vt 0.999050 0.342604
vt 0.939081 0.179437
vt 0.939081 0.132863
vt 0.985655 0.132863
vt 0.985655 0.179437
vt 0.905875 0.025761
vt 0.905875 0.012881
vt 0.679406 0.012881
vt 0.679406 0.025761
vt 0.905875 0.121202
vt 0.905875 0.093759
vt 0.679406 0.093759
vt 0.679406 0.121202
vt 0.000000 0.062150
vt 0.226469 0.062150
vt 0.226469 0.048121
vt 0.000000 0.048121
vt 0.906075 0.297453
vt 0.679606 0.297453
vt 0.679606 0.281378
vt 0.906075 0.281378
vt 0.000512 0.312903
vt 0.226981 0.312903
vt 0.226981 0.321630
vt 0.000512 0.321630
vt 0.000000 0.000000
vt 0.226469 0.000000
vt 0.226469 0.012881
vt 0.000000 0.012881
vt 0.000000 0.062150
vt 0.226469 0.062150
vt 0.226469 0.089593
vt 0.000000 0.089593
vt 0.906075 0.312903
vt 0.679606 0.312903
vt 0.679606 0.296828
vt 0.906075 0.296828
vt 0.000512 0.321630
vt 0.226981 0.321630
vt 0.226981 0.330358
vt 0.000512 0.330358
vt -0.000122 0.156096
vt 0.226347 0.156096
vt 0.226347 0.210448
vt -0.000122 0.210448
vt 0.906075 0.219937
vt 0.906075 0.259595
vt 0.679606 0.259595
vt 0.679606 0.219937
vt 0.905875 0.034093
vt 0.905875 0.048121
vt 0.679406 0.048121
vt 0.679406 0.034093
vt 0.999050 0.183297
vt 0.939310 0.183297
vt 0.939310 0.342604
vt 0.999050 0.342604
vt 0.999050 0.183297
vt 0.939310 0.183297
vt 0.939310 0.342604
vt 0.999050 0.342604
vt 0.999050 0.183297
vt 0.939310 0.183297
vt 0.939310 0.342604
vt 0.999050 0.342604
vt 0.999050 0.183297
vt 0.939310 0.183297
vt 0.939310 0.342604
vt 0.999050 0.342604
vt 0.985655 0.132863
vt 0.939081 0.132863
vt 0.939081 0.179437
vt 0.985655 0.179437
vt 0.939310 0.342604
vt 0.939310 0.183297
vt 0.999050 0.183297
vt 0.999050 0.342604
vt 0.939310 0.342604
vt 0.939310 0.183297
vt 0.999050 0.183297
vt 0.999050 0.342604
vt 0.939310 0.342604
vt 0.939310 0.183297
vt 0.999050 0.183297
vt 0.999050 0.342604
vt 0.939310 0.342604
vt 0.939310 0.183297
vt 0.999050 0.183297
vt 0.999050 0.342604
vt 0.939081 0.179437
vt 0.939081 0.132863
vt 0.985655 0.132863
vt 0.985655 0.179437
vt 0.679406 0.048121
vt 0.905875 0.048121
vt 0.905875 0.034093
vt 0.679406 0.034093
vt 0.679606 0.259595
vt 0.906075 0.259595
vt 0.906075 0.219937
vt 0.679606 0.219937
vt 0.226347 0.210448
vt 0.226347 0.156096
vt -0.000122 0.156096
vt -0.000122 0.210448
vt 0.226981 0.330358
vt 0.226981 0.321630
vt 0.000512 0.321630
vt 0.000512 0.330358
vt 0.226469 0.089593
vt 0.226469 0.062150
vt 0.000000 0.062150
vt 0.000000 0.089593
vt 0.226469 0.012881
vt 0.226469 0.000000
vt 0.000000 0.000000
vt 0.000000 0.012881
vt 0.226981 0.321630
vt 0.226981 0.312903
vt 0.000512 0.312903
vt 0.000512 0.321630
vt 0.679606 0.281378
vt 0.679606 0.297453
vt 0.906075 0.297453
vt 0.906075 0.281378
vt 0.226469 0.048121
vt 0.226469 0.062150
vt 0.000000 0.062150
vt 0.000000 0.048121
vt 0.679406 0.093759
vt 0.905875 0.093759
vt 0.905875 0.121202
vt 0.679406 0.121202
vt 0.679406 0.012881
vt 0.905875 0.012881
vt 0.905875 0.025761
vt 0.679406 0.025761
vt 0.999050 0.183297
vt 0.939310 0.183297
vt 0.939310 0.342604
vt 0.999050 0.342604
vt 0.999050 0.183297
vt 0.939310 0.183297
vt 0.939310 0.342604
vt 0.999050 0.342604
vt 0.999050 0.183297
vt 0.939310 0.183297
vt 0.939310 0.342604
vt 0.999050 0.342604
vt 0.999050 0.183297
vt 0.939310 0.183297
vt 0.939310 0.342604
vt 0.999050 0.342604
vt 0.985655 0.132863
vt 0.939081 0.132863
vt 0.939081 0.179437
vt 0.985655 0.179437
vt 0.939310 0.342604
vt 0.939310 0.183297
vt 0.999050 0.183297
vt 0.999050 0.342604
vt 0.939310 0.342604
vt 0.939310 0.183297
vt 0.999050 0.183297
vt 0.999050 0.342604
vt 0.939310 0.342604
vt 0.939310 0.183297
vt 0.999050 0.183297
vt 0.999050 0.342604
vt 0.939310 0.342604
vt 0.939310 0.183297
vt 0.999050 0.183297
vt 0.999050 0.342604
vt 0.939081 0.179437
vt 0.939081 0.132863
vt 0.985655 0.132863
vt 0.985655 0.179437
vt 0.905875 0.025761
vt 0.905875 0.012881
vt 0.679406 0.012881
vt 0.679406 0.025761
vt 0.905875 0.121202
vt 0.905875 0.093759
vt 0.679406 0.093759
vt 0.679406 0.121202
vt 0.000000 0.062150
vt 0.226469 0.062150
vt 0.226469 0.048121
vt 0.000000 0.048121
vt 0.906075 0.297453
vt 0.679606 0.297453
vt 0.679606 0.281378
vt 0.906075 0.281378
vt 0.000512 0.312903
vt 0.226981 0.312903
vt 0.226981 0.321630
vt 0.000512 0.321630
vt 0.000000 0.000000
vt 0.226469 0.000000
vt 0.226469 0.012881
vt 0.000000 0.012881
vt 0.000000 0.062150
vt 0.226469 0.062150
vt 0.226469 0.089593
vt 0.000000 0.089593
vt 0.906075 0.312903
vt 0.679606 0.312903
vt 0.679606 0.296828
vt 0.906075 0.296828
vt 0.000512 0.321630
vt 0.226981 0.321630
vt 0.226981 0.330358
vt 0.000512 0.330358
vt -0.000122 0.156096
vt 0.226347 0.156096
vt 0.226347 0.210448
vt -0.000122 0.210448
vt 0.906075 0.219937
vt 0.906075 0.259595
vt 0.679606 0.259595
vt 0.679606 0.219937
vt 0.905875 0.034093
vt 0.905875 0.048121
vt 0.679406 0.048121
vt 0.679406 0.034093
vt 0.999050 0.183297
vt 0.939310 0.183297
vt 0.939310 0.342604
vt 0.999050 0.342604
vt 0.999050 0.183297
vt 0.939310 0.183297
vt 0.939310 0.342604
vt 0.999050 0.342604
vt 0.999050 0.183297
vt 0.939310 0.183297
vt 0.939310 0.342604
vt 0.999050 0.342604
vt 0.999050 0.183297
vt 0.939310 0.183297
vt 0.939310 0.342604
vt 0.999050 0.342604
vt 0.985655 0.132863
vt 0.939081 0.132863
vt 0.939081 0.179437
vt 0.985655 0.179437
vt 0.939310 0.342604
vt 0.939310 0.183297
vt 0.999050 0.183297
vt 0.999050 0.342604
vt 0.939310 0.342604
vt 0.939310 0.183297
vt 0.999050 0.183297
vt 0.999050 0.342604
vt 0.939310 0.342604
vt 0.939310 0.183297
vt 0.999050 0.183297
vt 0.999050 0.342604
vt 0.939310 0.342604
vt 0.939310 0.183297
vt 0.999050 0.183297
vt 0.999050 0.342604
vt 0.939081 0.179437
vt 0.939081 0.132863
vt 0.985655 0.132863
vt 0.985655 0.179437
vt 0.679406 0.048121
vt 0.905875 0.048121
vt 0.905875 0.034093
vt 0.679406 0.034093
vt 0.679606 0.259595
vt 0.906075 0.259595
vt 0.906075 0.219937
vt 0.679606 0.219937
vt 0.226347 0.210448
vt 0.226347 0.156096
vt -0.000122 0.156096
vt -0.000122 0.210448
vt 0.226981 0.330358
vt 0.226981 0.321630
vt 0.000512 0.321630
vt 0.000512 0.330358
vt 0.226469 0.089593
vt 0.226469 0.062150
vt 0.000000 0.062150
vt 0.000000 0.089593
vt 0.226469 0.012881
vt 0.226469 0.000000
vt 0.000000 0.000000
vt 0.000000 0.012881
vt 0.226981 0.321630
vt 0.226981 0.312903
vt 0.000512 0.312903
vt 0.000512 0.321630
vt 0.679606 0.281378
vt 0.679606 0.297453
vt 0.906075 0.297453
vt 0.906075 0.281378
vt 0.226469 0.048121
vt 0.226469 0.062150
vt 0.000000 0.062150
vt 0.000000 0.048121
vt 0.679406 0.093759
vt 0.905875 0.093759
vt 0.905875 0.121202
vt 0.679406 0.121202
vt 0.679406 0.012881
vt 0.905875 0.012881
vt 0.905875 0.025761
vt 0.679406 0.025761
vt 0.999050 0.183297
vt 0.939310 0.183297
vt 0.939310 0.342604
vt 0.999050 0.342604
vt 0.999050 0.183297
vt 0.939310 0.183297
vt 0.939310 0.342604
vt 0.999050 0.342604
vt 0.999050 0.183297
vt 0.939310 0.183297
vt 0.939310 0.342604
vt 0.999050 0.342604
vt 0.999050 0.183297
vt 0.939310 0.183297
vt 0.939310 0.342604
vt 0.999050 0.342604
vt 0.985655 0.132863
vt 0.939081 0.132863
vt 0.939081 0.179437
vt 0.985655 0.179437
vt 0.939310 0.342604
vt 0.939310 0.183297
vt 0.999050 0.183297
vt 0.999050 0.342604
vt 0.939310 0.342604
vt 0.939310 0.183297
vt 0.999050 0.183297
vt 0.999050 0.342604
vt 0.939310 0.342604
vt 0.939310 0.183297
vt 0.999050 0.183297
vt 0.999050 0.342604
vt 0.939310 0.342604
vt 0.939310 0.183297
vt 0.999050 0.183297
vt 0.999050 0.342604
vt 0.939081 0.179437
vt 0.939081 0.132863
vt 0.985655 0.132863
vt 0.985655 0.179437
vt 0.905875 0.025761
vt 0.905875 0.012881
vt 0.679406 0.012881
vt 0.679406 0.025761
vt 0.905875 0.121202
vt 0.905875 0.093759
vt 0.679406 0.093759
vt 0.679406 0.121202
vt 0.000000 0.062150
vt 0.226469 0.062150
vt 0.226469 0.048121
vt 0.000000 0.048121
vt 0.906075 0.297453
vt 0.679606 0.297453
vt 0.679606 0.281378
vt 0.906075 0.281378
vt 0.000512 0.312903
vt 0.226981 0.312903
vt 0.226981 0.321630
vt 0.000512 0.321630
vt 0.000000 0.000000
vt 0.226469 0.000000
vt 0.226469 0.012881
vt 0.000000 0.012881
vt 0.000000 0.062150
vt 0.226469 0.062150
vt 0.226469 0.089593
vt 0.000000 0.089593
vt 0.906075 0.312903
vt 0.679606 0.312903
vt 0.679606 0.296828
vt 0.906075 0.296828
vt 0.000512 0.321630
vt 0.226981 0.321630
vt 0.226981 0.330358
vt 0.000512 0.330358
vt -0.000122 0.156096
vt 0.226347 0.156096
vt 0.226347 0.210448
vt -0.000122 0.210448
vt 0.906075 0.219937
vt 0.906075 0.259595
vt 0.679606 0.259595
vt 0.679606 0.219937
vt 0.905875 0.034093
vt 0.905875 0.048121
vt 0.679406 0.048121
vt 0.679406 0.034093
vt 0.999050 0.183297
vt 0.939310 0.183297
vt 0.939310 0.342604
vt 0.999050 0.342604
vt 0.999050 0.183297
vt 0.939310 0.183297
vt 0.939310 0.342604
vt 0.999050 0.342604
vt 0.999050 0.183297
vt 0.939310 0.183297
vt 0.939310 0.342604
vt 0.999050 0.342604
vt 0.999050 0.183297
vt 0.939310 0.183297
vt 0.939310 0.342604
vt 0.999050 0.342604
vt 0.985655 0.132863
vt 0.939081 0.132863
vt 0.939081 0.179437
vt 0.985655 0.179437
vt 0.939310 0.342604
vt 0.939310 0.183297
vt 0.999050 0.183297
vt 0.999050 0.342604
vt 0.939310 0.342604
vt 0.939310 0.183297
vt 0.999050 0.183297
vt 0.999050 0.342604
vt 0.939310 0.342604
vt 0.939310 0.183297
vt 0.999050 0.183297
vt 0.999050 0.342604
vt 0.939310 0.342604
vt 0.939310 0.183297
vt 0.999050 0.183297
vt 0.999050 0.342604
vt 0.939081 0.179437
vt 0.939081 0.132863
vt 0.985655 0.132863
vt 0.985655 0.179437
vt 0.679406 0.048121
vt 0.905875 0.048121
vt 0.905875 0.034093
vt 0.679406 0.034093
vt 0.679606 0.259595
vt 0.906075 0.259595
vt 0.906075 0.219937
vt 0.679606 0.219937
vt 0.226347 0.210448
vt 0.226347 0.156096
vt -0.000122 0.156096
vt -0.000122 0.210448
vt 0.226981 0.330358
vt 0.226981 0.321630
vt 0.000512 0.321630
vt 0.000512 0.330358
vt 0.226469 0.089593
vt 0.226469 0.062150
vt 0.000000 0.062150
vt 0.000000 0.089593
vt 0.226469 0.012881
vt 0.226469 0.000000
vt 0.000000 0.000000
vt 0.000000 0.012881
vt 0.226981 0.321630
vt 0.226981 0.312903
vt 0.000512 0.312903
vt 0.000512 0.321630
vt 0.679606 0.281378
vt 0.679606 0.297453
vt 0.906075 0.297453
vt 0.906075 0.281378
vt 0.226469 0.048121
vt 0.226469 0.062150
vt 0.000000 0.062150
vt 0.000000 0.048121
vt 0.679406 0.093759
vt 0.905875 0.093759
vt 0.905875 0.121202
vt 0.679406 0.121202
vt 0.679406 0.012881
vt 0.905875 0.012881
vt 0.905875 0.025761
vt 0.679406 0.025761
vt 0.999050 0.183297
vt 0.939310 0.183297
vt 0.939310 0.342604
vt 0.999050 0.342604
vt 0.999050 0.183297
vt 0.939310 0.183297
vt 0.939310 0.342604
vt 0.999050 0.342604
vt 0.999050 0.183297
vt 0.939310 0.183297
vt 0.939310 0.342604
vt 0.999050 0.342604
vt 0.999050 0.183297
vt 0.939310 0.183297
vt 0.939310 0.342604
vt 0.999050 0.342604
vt 0.985655 0.132863
vt 0.939081 0.132863
vt 0.939081 0.179437
vt 0.985655 0.179437
vt 0.939310 0.342604
vt 0.939310 0.183297
vt 0.999050 0.183297
vt 0.999050 0.342604
vt 0.939310 0.342604
vt 0.939310 0.183297
vt 0.999050 0.183297
vt 0.999050 0.342604
vt 0.939310 0.342604
vt 0.939310 0.183297
vt 0.999050 0.183297
vt 0.999050 0.342604
vt 0.939310 0.342604
vt 0.939310 0.183297
vt 0.999050 0.183297
vt 0.999050 0.342604
vt 0.939081 0.179437
vt 0.939081 0.132863
vt 0.985655 0.132863
vt 0.985655 0.179437
vt 0.905875 0.025761
vt 0.905875 0.012881
vt 0.679406 0.012881
vt 0.679406 0.025761
vt 0.905875 0.121202
vt 0.905875 0.093759
vt 0.679406 0.093759
vt 0.679406 0.121202
vt 0.000000 0.062150
vt 0.226469 0.062150
vt 0.226469 0.048121
vt 0.000000 0.048121
vt 0.906075 0.297453
vt 0.679606 0.297453
vt 0.679606 0.281378
vt 0.906075 0.281378
vt 0.000512 0.312903
vt 0.226981 0.312903
vt 0.226981 0.321630
vt 0.000512 0.321630
vt 0.000000 0.000000
vt 0.226469 0.000000
vt 0.226469 0.012881
vt 0.000000 0.012881
vt 0.000000 0.062150
vt 0.226469 0.062150
vt 0.226469 0.089593
vt 0.000000 0.089593
vt 0.906075 0.312903
vt 0.679606 0.312903
vt 0.679606 0.296828
vt 0.906075 0.296828
vt 0.000512 0.321630
vt 0.226981 0.321630
vt 0.226981 0.330358
vt 0.000512 0.330358
vt -0.000122 0.156096
vt 0.226347 0.156096
vt 0.226347 0.210448
vt -0.000122 0.210448
vt 0.906075 0.219937
vt 0.906075 0.259595
vt 0.679606 0.259595
vt 0.679606 0.219937
vt 0.905875 0.034093
vt 0.905875 0.048121
vt 0.679406 0.048121
vt 0.679406 0.034093
vt 0.999050 0.183297
vt 0.939310 0.183297
vt 0.939310 0.342604
vt 0.999050 0.342604
vt 0.999050 0.183297
vt 0.939310 0.183297
vt 0.939310 0.342604
vt 0.999050 0.342604
vt 0.999050 0.183297
vt 0.939310 0.183297
vt 0.939310 0.342604
vt 0.999050 0.342604
vt 0.999050 0.183297
vt 0.939310 0.183297
vt 0.939310 0.342604
vt 0.999050 0.342604
vt 0.985655 0.132863
vt 0.939081 0.132863
vt 0.939081 0.179437
vt 0.985655 0.179437
vt 0.939310 0.342604
vt 0.939310 0.183297
vt 0.999050 0.183297
vt 0.999050 0.342604
vt 0.939310 0.342604
vt 0.939310 0.183297
vt 0.999050 0.183297
vt 0.999050 0.342604
vt 0.939310 0.342604
vt 0.939310 0.183297
vt 0.999050 0.183297
vt 0.999050 0.342604
vt 0.939310 0.342604
vt 0.939310 0.183297
vt 0.999050 0.183297
vt 0.999050 0.342604
vt 0.939081 0.179437
vt 0.939081 0.132863
vt 0.985655 0.132863
vt 0.985655 0.179437
vt 0.679406 0.048121
vt 0.905875 0.048121
vt 0.905875 0.034093
vt 0.679406 0.034093
vt 0.679606 0.259595
vt 0.906075 0.259595
vt 0.906075 0.219937
vt 0.679606 0.219937
vt 0.226347 0.210448
vt 0.226347 0.156096
vt -0.000122 0.156096
vt -0.000122 0.210448
vt 0.226981 0.330358
vt 0.226981 0.321630
vt 0.000512 0.321630
vt 0.000512 0.330358
vt 0.226469 0.089593
vt 0.226469 0.062150
vt 0.000000 0.062150
vt 0.000000 0.089593
vt 0.226469 0.012881
vt 0.226469 0.000000
vt 0.000000 0.000000
vt 0.000000 0.012881
vt 0.226981 0.321630
vt 0.226981 0.312903
vt 0.000512 0.312903
vt 0.000512 0.321630
vt 0.679606 0.281378
vt 0.679606 0.297453
vt 0.906075 0.297453
vt 0.906075 0.281378
vt 0.226469 0.048121
vt 0.226469 0.062150
vt 0.000000 0.062150
vt 0.000000 0.048121
vt 0.679406 0.093759
vt 0.905875 0.093759
vt 0.905875 0.121202
vt 0.679406 0.121202
vt 0.679406 0.012881
vt 0.905875 0.012881
vt 0.905875 0.025761
vt 0.679406 0.025761
vt 0.999050 0.183297
vt 0.939310 0.183297
vt 0.939310 0.342604
vt 0.999050 0.342604
vt 0.999050 0.183297
vt 0.939310 0.183297
vt 0.939310 0.342604
vt 0.999050 0.342604
vt 0.999050 0.183297
vt 0.939310 0.183297
vt 0.939310 0.342604
vt 0.999050 0.342604
vt 0.999050 0.183297
vt 0.939310 0.183297
vt 0.939310 0.342604
vt 0.999050 0.342604
vt 0.985655 0.132863
vt 0.939081 0.132863
vt 0.939081 0.179437
vt 0.985655 0.179437
vt 0.939310 0.342604
vt 0.939310 0.183297
vt 0.999050 0.183297
vt 0.999050 0.342604
vt 0.939310 0.342604
vt 0.939310 0.183297
vt 0.999050 0.183297
vt 0.999050 0.342604
vt 0.939310 0.342604
vt 0.939310 0.183297
vt 0.999050 0.183297
vt 0.999050 0.342604
vt 0.939310 0.342604
vt 0.939310 0.183297
vt 0.999050 0.183297
vt 0.999050 0.342604
vt 0.939081 0.179437
vt 0.939081 0.132863
vt 0.985655 0.132863
vt 0.985655 0.179437
vt 0.905875 0.025761
vt 0.905875 0.012881
vt 0.679406 0.012881
vt 0.679406 0.025761
vt 0.905875 0.121202
vt 0.905875 0.093759
vt 0.679406 0.093759
vt 0.679406 0.121202
vt 0.000000 0.062150
vt 0.226469 0.062150
vt 0.226469 0.048121
vt 0.000000 0.048121
vt 0.906075 0.297453
vt 0.679606 0.297453
vt 0.679606 0.281378
vt 0.906075 0.281378
vt 0.000512 0.312903
vt 0.226981 0.312903
vt 0.226981 0.321630
vt 0.000512 0.321630
vt 0.000000 0.000000
vt 0.226469 0.000000
vt 0.226469 0.012881
vt 0.000000 0.012881
vt 0.000000 0.062150
vt 0.226469 0.062150
vt 0.226469 0.089593
vt 0.000000 0.089593
vt 0.906075 0.312903
vt 0.679606 0.312903
vt 0.679606 0.296828
vt 0.906075 0.296828
vt 0.000512 0.321630
vt 0.226981 0.321630
vt 0.226981 0.330358
vt 0.000512 0.330358
vt -0.000122 0.156096
vt 0.226347 0.156096
vt 0.226347 0.210448
vt -0.000122 0.210448
vt 0.906075 0.219937
vt 0.906075 0.259595
vt 0.679606 0.259595
vt 0.679606 0.219937
vt 0.905875 0.034093
vt 0.905875 0.048121
vt 0.679406 0.048121
vt 0.679406 0.034093
vt 0.999050 0.183297
vt 0.939310 0.183297
vt 0.939310 0.342604
vt 0.999050 0.342604
vt 0.999050 0.183297
vt 0.939310 0.183297
vt 0.939310 0.342604
vt 0.999050 0.342604
vt 0.999050 0.183297
vt 0.939310 0.183297
vt 0.939310 0.342604
vt 0.999050 0.342604
vt 0.999050 0.183297
vt 0.939310 0.183297
vt 0.939310 0.342604
vt 0.999050 0.342604
vt 0.985655 0.132863
vt 0.939081 0.132863
vt 0.939081 0.179437
vt 0.985655 0.179437
vt 0.939310 0.342604
vt 0.939310 0.183297
vt 0.999050 0.183297
vt 0.999050 0.342604
vt 0.939310 0.342604
vt 0.939310 0.183297
vt 0.999050 0.183297
vt 0.999050 0.342604
vt 0.939310 0.342604
vt 0.939310 0.183297
vt 0.999050 0.183297
vt 0.999050 0.342604
vt 0.939310 0.342604
vt 0.939310 0.183297
vt 0.999050 0.183297
vt 0.999050 0.342604
vt 0.939081 0.179437
vt 0.939081 0.132863
vt 0.985655 0.132863
vt 0.985655 0.179437
vt 0.679406 0.048121
vt 0.905875 0.048121
vt 0.905875 0.034093
vt 0.679406 0.034093
vt 0.679606 0.259595
vt 0.906075 0.259595
vt 0.906075 0.219937
vt 0.679606 0.219937
vt 0.226347 0.210448
vt 0.226347 0.156096
vt -0.000122 0.156096
vt -0.000122 0.210448
vt 0.226981 0.330358
vt 0.226981 0.321630
vt 0.000512 0.321630
vt 0.000512 0.330358
vt 0.226469 0.089593
vt 0.226469 0.062150
vt 0.000000 0.062150
vt 0.000000 0.089593
vt 0.226469 0.012881
vt 0.226469 0.000000
vt 0.000000 0.000000
vt 0.000000 0.012881
vt 0.226981 0.321630
vt 0.226981 0.312903
vt 0.000512 0.312903
vt 0.000512 0.321630
vt 0.679606 0.281378
vt 0.679606 0.297453
vt 0.906075 0.297453
vt 0.906075 0.281378
vt 0.226469 0.048121
vt 0.226469 0.062150
vt 0.000000 0.062150
vt 0.000000 0.048121
vt 0.679406 0.093759
vt 0.905875 0.093759
vt 0.905875 0.121202
vt 0.679406 0.121202
vt 0.679406 0.012881
vt 0.905875 0.012881
vt 0.905875 0.025761
vt 0.679406 0.025761
vt 0.999050 0.183297
vt 0.939310 0.183297
vt 0.939310 0.342604
vt 0.999050 0.342604
vt 0.999050 0.183297
vt 0.939310 0.183297
vt 0.939310 0.342604
vt 0.999050 0.342604
vt 0.999050 0.183297
vt 0.939310 0.183297
vt 0.939310 0.342604
vt 0.999050 0.342604
vt 0.999050 0.183297
vt 0.939310 0.183297
vt 0.939310 0.342604
vt 0.999050 0.342604
vt 0.985655 0.132863
vt 0.939081 0.132863
vt 0.939081 0.179437
vt 0.985655 0.179437
vt 0.939310 0.342604
vt 0.939310 0.183297
vt 0.999050 0.183297
vt 0.999050 0.342604
vt 0.939310 0.342604
vt 0.939310 0.183297
vt 0.999050 0.183297
vt 0.999050 0.342604
vt 0.939310 0.342604
vt 0.939310 0.183297
vt 0.999050 0.183297
vt 0.999050 0.342604
vt 0.939310 0.342604
vt 0.939310 0.183297
vt 0.999050 0.183297
vt 0.999050 0.342604
vt 0.939081 0.179437
vt 0.939081 0.132863
vt 0.985655 0.132863
vt 0.985655 0.179437
vt 0.905875 0.025761
vt 0.905875 0.012881
vt 0.679406 0.012881
vt 0.679406 0.025761
vt 0.905875 0.121202
vt 0.905875 0.093759
vt 0.679406 0.093759
vt 0.679406 0.121202
vt 0.000000 0.062150
vt 0.226469 0.062150
vt 0.226469 0.048121
vt 0.000000 0.048121
vt 0.906075 0.297453
vt 0.679606 0.297453
vt 0.679606 0.281378
vt 0.906075 0.281378
vt 0.000512 0.312903
vt 0.226981 0.312903
vt 0.226981 0.321630
vt 0.000512 0.321630
vt 0.000000 0.000000
vt 0.226469 0.000000
vt 0.226469 0.012881
vt 0.000000 0.012881
vt 0.000000 0.062150
vt 0.226469 0.062150
vt 0.226469 0.089593
vt 0.000000 0.089593
vt 0.906075 0.312903
vt 0.679606 0.312903
vt 0.679606 0.296828
vt 0.906075 0.296828
vt 0.000512 0.321630
vt 0.226981 0.321630
vt 0.226981 0.330358
vt 0.000512 0.330358
vt -0.000122 0.156096
vt 0.226347 0.156096
vt 0.226347 0.210448
vt -0.000122 0.210448
vt 0.906075 0.219937
vt 0.906075 0.259595
vt 0.679606 0.259595
vt 0.679606 0.219937
vt 0.905875 0.034093
vt 0.905875 0.048121
vt 0.679406 0.048121
vt 0.679406 0.034093
vt 0.999050 0.183297
vt 0.939310 0.183297
vt 0.939310 0.342604
vt 0.999050 0.342604
vt 0.999050 0.183297
vt 0.939310 0.183297
vt 0.939310 0.342604
vt 0.999050 0.342604
vt 0.999050 0.183297
vt 0.939310 0.183297
vt 0.939310 0.342604
vt 0.999050 0.342604
vt 0.999050 0.183297
vt 0.939310 0.183297
vt 0.939310 0.342604
vt 0.999050 0.342604
vt 0.985655 0.132863
vt 0.939081 0.132863
vt 0.939081 0.179437
vt 0.985655 0.179437
vt 0.939310 0.342604
vt 0.939310 0.183297
vt 0.999050 0.183297
vt 0.999050 0.342604
vt 0.939310 0.342604
vt 0.939310 0.183297
vt 0.999050 0.183297
vt 0.999050 0.342604
vt 0.939310 0.342604
vt 0.939310 0.183297
vt 0.999050 0.183297
vt 0.999050 0.342604
vt 0.939310 0.342604
vt 0.939310 0.183297
vt 0.999050 0.183297
vt 0.999050 0.342604
vt 0.939081 0.179437
vt 0.939081 0.132863
vt 0.985655 0.132863
vt 0.985655 0.179437
vt 0.979692 0.781451
vt -0.000781 0.781451
vt -0.000781 0.844034
vt 0.979692 0.844034
vt 0.145247 0.656284
vt -0.000781 0.656284
vt -0.000781 0.718868
vt 0.145247 0.718868
vt 0.979692 0.718868
vt -0.000781 0.718868
vt -0.000781 0.781451
vt 0.979692 0.781451
vt 0.302823 0.656284
vt 0.156795 0.656284
vt 0.156795 0.718868
vt 0.302823 0.718868
vt 1.000000 0.851064
vt 0.000000 0.851064
vt 0.000000 1.000000
vt 1.000000 1.000000
vt 0.998987 0.504118
vt 0.001647 0.504118
vt 0.001647 0.652658
vt 0.998987 0.652658
vt 0.979692 0.781451
vt -0.000781 0.781451
vt -0.000781 0.844034
vt 0.979692 0.844034
vt 0.145247 0.656284
vt -0.000781 0.656284
vt -0.000781 0.718868
vt 0.145247 0.718868
vt 0.979692 0.718868
vt -0.000781 0.718868
vt -0.000781 0.781451
vt 0.979692 0.781451
vt 0.302823 0.656284
vt 0.156795 0.656284
vt 0.156795 0.718868
vt 0.302823 0.718868
vt 1.000000 0.851064
vt 0.000000 0.851064
vt 0.000000 1.000000
vt 1.000000 1.000000
vt 0.998987 0.504118
vt 0.001647 0.504118
vt 0.001647 0.652658
vt 0.998987 0.652658
vt 0.979692 0.781451
vt -0.000781 0.781451
vt -0.000781 0.844034
vt 0.979692 0.844034
vt 0.145247 0.656284
vt -0.000781 0.656284
vt -0.000781 0.718868
vt 0.145247 0.718868
vt 0.979692 0.718868
vt -0.000781 0.718868
vt -0.000781 0.781451
vt 0.979692 0.781451
vt 0.302823 0.656284
vt 0.156795 0.656284
vt 0.156795 0.718868
vt 0.302823 0.718868
vt 1.000000 0.851064
vt 0.000000 0.851064
vt 0.000000 1.000000
vt 1.000000 1.000000
vt 0.998987 0.504118
vt 0.001647 0.504118
vt 0.001647 0.652658
vt 0.998987 0.652658
vt 0.979692 0.781451
vt -0.000781 0.781451
vt -0.000781 0.844034
vt 0.979692 0.844034
vt 0.145247 0.656284
vt -0.000781 0.656284
vt -0.000781 0.718868
vt 0.145247 0.718868
vt 0.979692 0.718868
vt -0.000781 0.718868
vt -0.000781 0.781451
vt 0.979692 0.781451
vt 0.302823 0.656284
vt 0.156795 0.656284
vt 0.156795 0.718868
vt 0.302823 0.718868
vt 1.000000 0.851064
vt 0.000000 0.851064
vt 0.000000 1.000000
vt 1.000000 1.000000
vt 0.998987 0.504118
vt 0.001647 0.504118
vt 0.001647 0.652658
vt 0.998987 0.652658
vt 0.979692 0.781451
vt -0.000781 0.781451
vt -0.000781 0.844034
vt 0.979692 0.844034
vt 0.145247 0.656284
vt -0.000781 0.656284
vt -0.000781 0.718868
vt 0.145247 0.718868
vt 0.979692 0.718868
vt -0.000781 0.718868
vt -0.000781 0.781451
vt 0.979692 0.781451
vt 0.302823 0.656284
vt 0.156795 0.656284
vt 0.156795 0.718868
vt 0.302823 0.718868
vt 1.000000 0.851064
vt 0.000000 0.851064
vt 0.000000 1.000000
vt 1.000000 1.000000
vt 0.998987 0.504118
vt 0.001647 0.504118
vt 0.001647 0.652658
vt 0.998987 0.652658
vt 0.979692 0.781451
vt -0.000781 0.781451
vt -0.000781 0.844034
vt 0.979692 0.844034
vt 0.145247 0.656284
vt -0.000781 0.656284
vt -0.000781 0.718868
vt 0.145247 0.718868
vt 0.979692 0.718868
vt -0.000781 0.718868
vt -0.000781 0.781451
vt 0.979692 0.781451
vt 0.302823 0.656284
vt 0.156795 0.656284
vt 0.156795 0.718868
vt 0.302823 0.718868
vt 1.000000 0.851064
vt 0.000000 0.851064
vt 0.000000 1.000000
vt 1.000000 1.000000
vt 0.998987 0.504118
vt 0.001647 0.504118
vt 0.001647 0.652658
vt 0.998987 0.652658
vt 0.979692 0.781451
vt -0.000781 0.781451
vt -0.000781 0.844034
vt 0.979692 0.844034
vt 0.145247 0.656284
vt -0.000781 0.656284
vt -0.000781 0.718868
vt 0.145247 0.718868
vt 0.979692 0.718868
vt -0.000781 0.718868
vt -0.000781 0.781451
vt 0.979692 0.781451
vt 0.302823 0.656284
vt 0.156795 0.656284
vt 0.156795 0.718868
vt 0.302823 0.718868
vt 1.000000 0.851064
vt 0.000000 0.851064
vt 0.000000 1.000000
vt 1.000000 1.000000
vt 0.998987 0.504118
vt 0.001647 0.504118
vt 0.001647 0.652658
vt 0.998987 0.652658
vt 0.979692 0.781451
vt -0.000781 0.781451
vt -0.000781 0.844034
vt 0.979692 0.844034
vt 0.145247 0.656284
vt -0.000781 0.656284
vt -0.000781 0.718868
vt 0.145247 0.718868
vt 0.979692 0.718868
vt -0.000781 0.718868
vt -0.000781 0.781451
vt 0.979692 0.781451
vt 0.302823 0.656284
vt 0.156795 0.656284
vt 0.156795 0.718868
vt 0.302823 0.718868
vt 1.000000 0.851064
vt 0.000000 0.851064
vt 0.000000 1.000000
vt 1.000000 1.000000
vt 0.998987 0.504118
vt 0.001647 0.504118
vt 0.001647 0.652658
vt 0.998987 0.652658
vt 0.979692 0.781451
vt -0.000781 0.781451
vt -0.000781 0.844034
vt 0.979692 0.844034
vt 0.145247 0.656284
vt -0.000781 0.656284
vt -0.000781 0.718868
vt 0.145247 0.718868
vt 0.979692 0.718868
vt -0.000781 0.718868
vt -0.000781 0.781451
vt 0.979692 0.781451
vt 0.302823 0.656284
vt 0.156795 0.656284
vt 0.156795 0.718868
vt 0.302823 0.718868
vt 1.000000 0.851064
vt 0.000000 0.851064
vt 0.000000 1.000000
vt 1.000000 1.000000
vt 0.998987 0.504118
vt 0.001647 0.504118
vt 0.001647 0.652658
vt 0.998987 0.652658
vt 0.979692 0.781451
vt -0.000781 0.781451
vt -0.000781 0.844034
vt 0.979692 0.844034
vt 0.145247 0.656284
vt -0.000781 0.656284
vt -0.000781 0.718868
vt 0.145247 0.718868
vt 0.979692 0.718868
vt -0.000781 0.718868
vt -0.000781 0.781451
vt 0.979692 0.781451
vt 0.302823 0.656284
vt 0.156795 0.656284
vt 0.156795 0.718868
vt 0.302823 0.718868
vt 1.000000 0.851064
vt 0.000000 0.851064
vt 0.000000 1.000000
vt 1.000000 1.000000
vt 0.998987 0.504118
vt 0.001647 0.504118
vt 0.001647 0.652658
vt 0.998987 0.652658
vt 0.979692 0.781451
vt -0.000781 0.781451
vt -0.000781 0.844034
vt 0.979692 0.844034
vt 0.145247 0.656284
vt -0.000781 0.656284
vt -0.000781 0.718868
vt 0.145247 0.718868
vt 0.979692 0.718868
vt -0.000781 0.718868
vt -0.000781 0.781451
vt 0.979692 0.781451
vt 0.302823 0.656284
vt 0.156795 0.656284
vt 0.156795 0.718868
vt 0.302823 0.718868
vt 1.000000 0.851064
vt 0.000000 0.851064
vt 0.000000 1.000000
vt 1.000000 1.000000
vt 0.998987 0.504118
vt 0.001647 0.504118
vt 0.001647 0.652658
vt 0.998987 0.652658
vt 0.979692 0.781451
vt -0.000781 0.781451
vt -0.000781 0.844034
vt 0.979692 0.844034
vt 0.145247 0.656284
vt -0.000781 0.656284
vt -0.000781 0.718868
vt 0.145247 0.718868
vt 0.979692 0.718868
vt -0.000781 0.718868
vt -0.000781 0.781451
vt 0.979692 0.781451
vt 0.302823 0.656284
vt 0.156795 0.656284
vt 0.156795 0.718868
vt 0.302823 0.718868
vt 1.000000 0.851064
vt 0.000000 0.851064
vt 0.000000 1.000000
vt 1.000000 1.000000
vt 0.998987 0.504118
vt 0.001647 0.504118
vt 0.001647 0.652658
vt 0.998987 0.652658
vt 0.979692 0.781451
vt -0.000781 0.781451
vt -0.000781 0.844034
vt 0.979692 0.844034
vt 0.145247 0.656284
vt -0.000781 0.656284
vt -0.000781 0.718868
vt 0.145247 0.718868
vt 0.979692 0.718868
vt -0.000781 0.718868
vt -0.000781 0.781451
vt 0.979692 0.781451
vt 0.302823 0.656284
vt 0.156795 0.656284
vt 0.156795 0.718868
vt 0.302823 0.718868
vt 1.000000 0.851064
vt 0.000000 0.851064
vt 0.000000 1.000000
vt 1.000000 1.000000
vt 0.998987 0.504118
vt 0.001647 0.504118
vt 0.001647 0.652658
vt 0.998987 0.652658
vt 0.979692 0.781451
vt -0.000781 0.781451
vt -0.000781 0.844034
vt 0.979692 0.844034
vt 0.145247 0.656284
vt -0.000781 0.656284
vt -0.000781 0.718868
vt 0.145247 0.718868
vt 0.979692 0.718868
vt -0.000781 0.718868
vt -0.000781 0.781451
vt 0.979692 0.781451
vt 0.302823 0.656284
vt 0.156795 0.656284
vt 0.156795 0.718868
vt 0.302823 0.718868
vt 1.000000 0.851064
vt 0.000000 0.851064
vt 0.000000 1.000000
vt 1.000000 1.000000
vt 0.998987 0.504118
vt 0.001647 0.504118
vt 0.001647 0.652658
vt 0.998987 0.652658
vt 0.979692 0.781451
vt -0.000781 0.781451
vt -0.000781 0.844034
vt 0.979692 0.844034
vt 0.145247 0.656284
vt -0.000781 0.656284
vt -0.000781 0.718868
vt 0.145247 0.718868
vt 0.979692 0.718868
vt -0.000781 0.718868
vt -0.000781 0.781451
vt 0.979692 0.781451
vt 0.302823 0.656284
vt 0.156795 0.656284
vt 0.156795 0.718868
vt 0.302823 0.718868
vt 1.000000 0.851064
vt 0.000000 0.851064
vt 0.000000 1.000000
vt 1.000000 1.000000
vt 0.998987 0.504118
vt 0.001647 0.504118
vt 0.001647 0.652658
vt 0.998987 0.652658
vt 0.979692 0.781451
vt -0.000781 0.781451
vt -0.000781 0.844034
vt 0.979692 0.844034
vt 0.145247 0.656284
vt -0.000781 0.656284
vt -0.000781 0.718868
vt 0.145247 0.718868
vt 0.979692 0.718868
vt -0.000781 0.718868
vt -0.000781 0.781451
vt 0.979692 0.781451
vt 0.302823 0.656284
vt 0.156795 0.656284
vt 0.156795 0.718868
vt 0.302823 0.718868
vt 1.000000 0.851064
vt 0.000000 0.851064
vt 0.000000 1.000000
vt 1.000000 1.000000
vt 0.998987 0.504118
vt 0.001647 0.504118
vt 0.001647 0.652658
vt 0.998987 0.652658
vt 0.679406 0.048121
vt 0.905875 0.048121
vt 0.905875 0.034093
vt 0.679406 0.034093
vt 0.679606 0.259595
vt 0.906075 0.259595
vt 0.906075 0.219937
vt 0.679606 0.219937
vt 0.226347 0.210448
vt 0.226347 0.156096
vt -0.000122 0.156096
vt -0.000122 0.210448
vt 0.226981 0.330358
vt 0.226981 0.321630
vt 0.000512 0.321630
vt 0.000512 0.330358
vt 0.226469 0.089593
vt 0.226469 0.062150
vt 0.000000 0.062150
vt 0.000000 0.089593
vt 0.226469 0.012881
vt 0.226469 0.000000
vt 0.000000 0.000000
vt 0.000000 0.012881
vt 0.226981 0.321630
vt 0.226981 0.312903
vt 0.000512 0.312903
vt 0.000512 0.321630
vt 0.679606 0.281378
vt 0.679606 0.297453
vt 0.906075 0.297453
vt 0.906075 0.281378
vt 0.226469 0.048121
vt 0.226469 0.062150
vt 0.000000 0.062150
vt 0.000000 0.048121
vt 0.679406 0.093759
vt 0.905875 0.093759
vt 0.905875 0.121202
vt 0.679406 0.121202
vt 0.679406 0.012881
vt 0.905875 0.012881
vt 0.905875 0.025761
vt 0.679406 0.025761
vt 0.999050 0.183297
vt 0.939310 0.183297
vt 0.939310 0.342604
vt 0.999050 0.342604
vt 0.999050 0.183297
vt 0.939310 0.183297
vt 0.939310 0.342604
vt 0.999050 0.342604
vt 0.999050 0.183297
vt 0.939310 0.183297
vt 0.939310 0.342604
vt 0.999050 0.342604
vt 0.999050 0.183297
vt 0.939310 0.183297
vt 0.939310 0.342604
vt 0.999050 0.342604
vt 0.985655 0.132863
vt 0.939081 0.132863
vt 0.939081 0.179437
vt 0.985655 0.179437
vt 0.939310 0.342604
vt 0.939310 0.183297
vt 0.999050 0.183297
vt 0.999050 0.342604
vt 0.939310 0.342604
vt 0.939310 0.183297
vt 0.999050 0.183297
vt 0.999050 0.342604
vt 0.939310 0.342604
vt 0.939310 0.183297
vt 0.999050 0.183297
vt 0.999050 0.342604
vt 0.939310 0.342604
vt 0.939310 0.183297
vt 0.999050 0.183297
vt 0.999050 0.342604
vt 0.939081 0.179437
vt 0.939081 0.132863
vt 0.985655 0.132863
vt 0.985655 0.179437
vt 0.905875 0.025761
vt 0.905875 0.012881
vt 0.679406 0.012881
vt 0.679406 0.025761
vt 0.905875 0.121202
vt 0.905875 0.093759
vt 0.679406 0.093759
vt 0.679406 0.121202
vt 0.000000 0.062150
vt 0.226469 0.062150
vt 0.226469 0.048121
vt 0.000000 0.048121
vt 0.906075 0.297453
vt 0.679606 0.297453
vt 0.679606 0.281378
vt 0.906075 0.281378
vt 0.000512 0.312903
vt 0.226981 0.312903
vt 0.226981 0.321630
vt 0.000512 0.321630
vt 0.000000 0.000000
vt 0.226469 0.000000
vt 0.226469 0.012881
vt 0.000000 0.012881
vt 0.000000 0.062150
vt 0.226469 0.062150
vt 0.226469 0.089593
vt 0.000000 0.089593
vt 0.906075 0.312903
vt 0.679606 0.312903
vt 0.679606 0.296828
vt 0.906075 0.296828
vt 0.000512 0.321630
vt 0.226981 0.321630
vt 0.226981 0.330358
vt 0.000512 0.330358
vt -0.000122 0.156096
vt 0.226347 0.156096
vt 0.226347 0.210448
vt -0.000122 0.210448
vt 0.906075 0.219937
vt 0.906075 0.259595
vt 0.679606 0.259595
vt 0.679606 0.219937
vt 0.905875 0.034093
vt 0.905875 0.048121
vt 0.679406 0.048121
vt 0.679406 0.034093
vt 0.999050 0.183297
vt 0.939310 0.183297
vt 0.939310 0.342604
vt 0.999050 0.342604
vt 0.999050 0.183297
vt 0.939310 0.183297
vt 0.939310 0.342604
vt 0.999050 0.342604
vt 0.999050 0.183297
vt 0.939310 0.183297
vt 0.939310 0.342604
vt 0.999050 0.342604
vt 0.999050 0.183297
vt 0.939310 0.183297
vt 0.939310 0.342604
vt 0.999050 0.342604
vt 0.985655 0.132863
vt 0.939081 0.132863
vt 0.939081 0.179437
vt 0.985655 0.179437
vt 0.939310 0.342604
vt 0.939310 0.183297
vt 0.999050 0.183297
vt 0.999050 0.342604
vt 0.939310 0.342604
vt 0.939310 0.183297
vt 0.999050 0.183297
vt 0.999050 0.342604
vt 0.939310 0.342604
vt 0.939310 0.183297
vt 0.999050 0.183297
vt 0.999050 0.342604
vt 0.939310 0.342604
vt 0.939310 0.183297
vt 0.999050 0.183297
vt 0.999050 0.342604
vt 0.939081 0.179437
vt 0.939081 0.132863
vt 0.985655 0.132863
vt 0.985655 0.179437
vt 0.679406 0.048121
vt 0.905875 0.048121
vt 0.905875 0.034093
vt 0.679406 0.034093
vt 0.679606 0.259595
vt 0.906075 0.259595
vt 0.906075 0.219937
vt 0.679606 0.219937
vt 0.226347 0.210448
vt 0.226347 0.156096
vt -0.000122 0.156096
vt -0.000122 0.210448
vt 0.226981 0.330358
vt 0.226981 0.321630
vt 0.000512 0.321630
vt 0.000512 0.330358
vt 0.226469 0.089593
vt 0.226469 0.062150
vt 0.000000 0.062150
vt 0.000000 0.089593
vt 0.226469 0.012881
vt 0.226469 0.000000
vt 0.000000 0.000000
vt 0.000000 0.012881
vt 0.226981 0.321630
vt 0.226981 0.312903
vt 0.000512 0.312903
vt 0.000512 0.321630
vt 0.679606 0.281378
vt 0.679606 0.297453
vt 0.906075 0.297453
vt 0.906075 0.281378
vt 0.226469 0.048121
vt 0.226469 0.062150
vt 0.000000 0.062150
vt 0.000000 0.048121
vt 0.679406 0.093759
vt 0.905875 0.093759
vt 0.905875 0.121202
vt 0.679406 0.121202
vt 0.679406 0.012881
vt 0.905875 0.012881
vt 0.905875 0.025761
vt 0.679406 0.025761
vt 0.999050 0.183297
vt 0.939310 0.183297
vt 0.939310 0.342604
vt 0.999050 0.342604
vt 0.999050 0.183297
vt 0.939310 0.183297
vt 0.939310 0.342604
vt 0.999050 0.342604
vt 0.999050 0.183297
vt 0.939310 0.183297
vt 0.939310 0.342604
vt 0.999050 0.342604
vt 0.999050 0.183297
vt 0.939310 0.183297
vt 0.939310 0.342604
vt 0.999050 0.342604
vt 0.985655 0.132863
vt 0.939081 0.132863
vt 0.939081 0.179437
vt 0.985655 0.179437
vt 0.939310 0.342604
vt 0.939310 0.183297
vt 0.999050 0.183297
vt 0.999050 0.342604
vt 0.939310 0.342604
vt 0.939310 0.183297
vt 0.999050 0.183297
vt 0.999050 0.342604
vt 0.939310 0.342604
vt 0.939310 0.183297
vt 0.999050 0.183297
vt 0.999050 0.342604
vt 0.939310 0.342604
vt 0.939310 0.183297
vt 0.999050 0.183297
vt 0.999050 0.342604
vt 0.939081 0.179437
vt 0.939081 0.132863
vt 0.985655 0.132863
vt 0.985655 0.179437
vt 0.905875 0.025761
vt 0.905875 0.012881
vt 0.679406 0.012881
vt 0.679406 0.025761
vt 0.905875 0.121202
vt 0.905875 0.093759
vt 0.679406 0.093759
vt 0.679406 0.121202
vt 0.000000 0.062150
vt 0.226469 0.062150
vt 0.226469 0.048121
vt 0.000000 0.048121
vt 0.906075 0.297453
vt 0.679606 0.297453
vt 0.679606 0.281378
vt 0.906075 0.281378
vt 0.000512 0.312903
vt 0.226981 0.312903
vt 0.226981 0.321630
vt 0.000512 0.321630
vt 0.000000 0.000000
vt 0.226469 0.000000
vt 0.226469 0.012881
vt 0.000000 0.012881
vt 0.000000 0.062150
vt 0.226469 0.062150
vt 0.226469 0.089593
vt 0.000000 0.089593
vt 0.906075 0.312903
vt 0.679606 0.312903
vt 0.679606 0.296828
vt 0.906075 0.296828
vt 0.000512 0.321630
vt 0.226981 0.321630
vt 0.226981 0.330358
vt 0.000512 0.330358
vt -0.000122 0.156096
vt 0.226347 0.156096
vt 0.226347 0.210448
vt -0.000122 0.210448
vt 0.906075 0.219937
vt 0.906075 0.259595
vt 0.679606 0.259595
vt 0.679606 0.219937
vt 0.905875 0.034093
vt 0.905875 0.048121
vt 0.679406 0.048121
vt 0.679406 0.034093
vt 0.999050 0.183297
vt 0.939310 0.183297
vt 0.939310 0.342604
vt 0.999050 0.342604
vt 0.999050 0.183297
vt 0.939310 0.183297
vt 0.939310 0.342604
vt 0.999050 0.342604
vt 0.999050 0.183297
vt 0.939310 0.183297
vt 0.939310 0.342604
vt 0.999050 0.342604
vt 0.999050 0.183297
vt 0.939310 0.183297
vt 0.939310 0.342604
vt 0.999050 0.342604
vt 0.985655 0.132863
vt 0.939081 0.132863
vt 0.939081 0.179437
vt 0.985655 0.179437
vt 0.939310 0.342604
vt 0.939310 0.183297
vt 0.999050 0.183297
vt 0.999050 0.342604
vt 0.939310 0.342604
vt 0.939310 0.183297
vt 0.999050 0.183297
vt 0.999050 0.342604
vt 0.939310 0.342604
vt 0.939310 0.183297
vt 0.999050 0.183297
vt 0.999050 0.342604
vt 0.939310 0.342604
vt 0.939310 0.183297
vt 0.999050 0.183297
vt 0.999050 0.342604
vt 0.939081 0.179437
vt 0.939081 0.132863
vt 0.985655 0.132863
vt 0.985655 0.179437
vt 0.679406 0.048121
vt 0.905875 0.048121
vt 0.905875 0.034093
vt 0.679406 0.034093
vt 0.679606 0.259595
vt 0.906075 0.259595
vt 0.906075 0.219937
vt 0.679606 0.219937
vt 0.226347 0.210448
vt 0.226347 0.156096
vt -0.000122 0.156096
vt -0.000122 0.210448
vt 0.226981 0.330358
vt 0.226981 0.321630
vt 0.000512 0.321630
vt 0.000512 0.330358
vt 0.226469 0.089593
vt 0.226469 0.062150
vt 0.000000 0.062150
vt 0.000000 0.089593
vt 0.226469 0.012881
vt 0.226469 0.000000
vt 0.000000 0.000000
vt 0.000000 0.012881
vt 0.226981 0.321630
vt 0.226981 0.312903
vt 0.000512 0.312903
vt 0.000512 0.321630
vt 0.679606 0.281378
vt 0.679606 0.297453
vt 0.906075 0.297453
vt 0.906075 0.281378
vt 0.226469 0.048121
vt 0.226469 0.062150
vt 0.000000 0.062150
vt 0.000000 0.048121
vt 0.679406 0.093759
vt 0.905875 0.093759
vt 0.905875 0.121202
vt 0.679406 0.121202
vt 0.679406 0.012881
vt 0.905875 0.012881
vt 0.905875 0.025761
vt 0.679406 0.025761
vt 0.999050 0.183297
vt 0.939310 0.183297
vt 0.939310 0.342604
vt 0.999050 0.342604
vt 0.999050 0.183297
vt 0.939310 0.183297
vt 0.939310 0.342604
vt 0.999050 0.342604
vt 0.999050 0.183297
vt 0.939310 0.183297
vt 0.939310 0.342604
vt 0.999050 0.342604
vt 0.999050 0.183297
vt 0.939310 0.183297
vt 0.939310 0.342604
vt 0.999050 0.342604
vt 0.985655 0.132863
vt 0.939081 0.132863
vt 0.939081 0.179437
vt 0.985655 0.179437
vt 0.939310 0.342604
vt 0.939310 0.183297
vt 0.999050 0.183297
vt 0.999050 0.342604
vt 0.939310 0.342604
vt 0.939310 0.183297
vt 0.999050 0.183297
vt 0.999050 0.342604
vt 0.939310 0.342604
vt 0.939310 0.183297
vt 0.999050 0.183297
vt 0.999050 0.342604
vt 0.939310 0.342604
vt 0.939310 0.183297
vt 0.999050 0.183297
vt 0.999050 0.342604
vt 0.939081 0.179437
vt 0.939081 0.132863
vt 0.985655 0.132863
vt 0.985655 0.179437
vt 0.905875 0.025761
vt 0.905875 0.012881
vt 0.679406 0.012881
vt 0.679406 0.025761
vt 0.905875 0.121202
vt 0.905875 0.093759
vt 0.679406 0.093759
vt 0.679406 0.121202
vt 0.000000 0.062150
vt 0.226469 0.062150
vt 0.226469 0.048121
vt 0.000000 0.048121
vt 0.906075 0.297453
vt 0.679606 0.297453
vt 0.679606 0.281378
vt 0.906075 0.281378
vt 0.000512 0.312903
vt 0.226981 0.312903
vt 0.226981 0.321630
vt 0.000512 0.321630
vt 0.000000 0.000000
vt 0.226469 0.000000
vt 0.226469 0.012881
vt 0.000000 0.012881
vt 0.000000 0.062150
vt 0.226469 0.062150
vt 0.226469 0.089593
vt 0.000000 0.089593
vt 0.906075 0.312903
vt 0.679606 0.312903
vt 0.679606 0.296828
vt 0.906075 0.296828
vt 0.000512 0.321630
vt 0.226981 0.321630
vt 0.226981 0.330358
vt 0.000512 0.330358
vt -0.000122 0.156096
vt 0.226347 0.156096
vt 0.226347 0.210448
vt -0.000122 0.210448
vt 0.906075 0.219937
vt 0.906075 0.259595
vt 0.679606 0.259595
vt 0.679606 0.219937
vt 0.905875 0.034093
vt 0.905875 0.048121
vt 0.679406 0.048121
vt 0.679406 0.034093
vt 0.999050 0.183297
vt 0.939310 0.183297
vt 0.939310 0.342604
vt 0.999050 0.342604
vt 0.999050 0.183297
vt 0.939310 0.183297
vt 0.939310 0.342604
vt 0.999050 0.342604
vt 0.999050 0.183297
vt 0.939310 0.183297
vt 0.939310 0.342604
vt 0.999050 0.342604
vt 0.999050 0.183297
vt 0.939310 0.183297
vt 0.939310 0.342604
vt 0.999050 0.342604
vt 0.985655 0.132863
vt 0.939081 0.132863
vt 0.939081 0.179437
vt 0.985655 0.179437
vt 0.939310 0.342604
vt 0.939310 0.183297
vt 0.999050 0.183297
vt 0.999050 0.342604
vt 0.939310 0.342604
vt 0.939310 0.183297
vt 0.999050 0.183297
vt 0.999050 0.342604
vt 0.939310 0.342604
vt 0.939310 0.183297
vt 0.999050 0.183297
vt 0.999050 0.342604
vt 0.939310 0.342604
vt 0.939310 0.183297
vt 0.999050 0.183297
vt 0.999050 0.342604
vt 0.939081 0.179437
vt 0.939081 0.132863
vt 0.985655 0.132863
vt 0.985655 0.179437
vt 0.679406 0.048121
vt 0.905875 0.048121
vt 0.905875 0.034093
vt 0.679406 0.034093
vt 0.679606 0.259595
vt 0.906075 0.259595
vt 0.906075 0.219937
vt 0.679606 0.219937
vt 0.226347 0.210448
vt 0.226347 0.156096
vt -0.000122 0.156096
vt -0.000122 0.210448
vt 0.226981 0.330358
vt 0.226981 0.321630
vt 0.000512 0.321630
vt 0.000512 0.330358
vt 0.226469 0.089593
vt 0.226469 0.062150
vt 0.000000 0.062150
vt 0.000000 0.089593
vt 0.226469 0.012881
vt 0.226469 0.000000
vt 0.000000 0.000000
vt 0.000000 0.012881
vt 0.226981 0.321630
vt 0.226981 0.312903
vt 0.000512 0.312903
vt 0.000512 0.321630
vt 0.679606 0.281378
vt 0.679606 0.297453
vt 0.906075 0.297453
vt 0.906075 0.281378
vt 0.226469 0.048121
vt 0.226469 0.062150
vt 0.000000 0.062150
vt 0.000000 0.048121
vt 0.679406 0.093759
vt 0.905875 0.093759
vt 0.905875 0.121202
vt 0.679406 0.121202
vt 0.679406 0.012881
vt 0.905875 0.012881
vt 0.905875 0.025761
vt 0.679406 0.025761
vt 0.999050 0.183297
vt 0.939310 0.183297
vt 0.939310 0.342604
vt 0.999050 0.342604
vt 0.999050 0.183297
vt 0.939310 0.183297
vt 0.939310 0.342604
vt 0.999050 0.342604
vt 0.999050 0.183297
vt 0.939310 0.183297
vt 0.939310 0.342604
vt 0.999050 0.342604
vt 0.999050 0.183297
vt 0.939310 0.183297
vt 0.939310 0.342604
vt 0.999050 0.342604
vt 0.985655 0.132863
vt 0.939081 0.132863
vt 0.939081 0.179437
vt 0.985655 0.179437
vt 0.939310 0.342604
vt 0.939310 0.183297
vt 0.999050 0.183297
vt 0.999050 0.342604
vt 0.939310 0.342604
vt 0.939310 0.183297
vt 0.999050 0.183297
vt 0.999050 0.342604
vt 0.939310 0.342604
vt 0.939310 0.183297
vt 0.999050 0.183297
vt 0.999050 0.342604
vt 0.939310 0.342604
vt 0.939310 0.183297
vt 0.999050 0.183297
vt 0.999050 0.342604
vt 0.939081 0.179437
vt 0.939081 0.132863
vt 0.985655 0.132863
vt 0.985655 0.179437
vt 0.905875 0.025761
vt 0.905875 0.012881
vt 0.679406 0.012881
vt 0.679406 0.025761
vt 0.905875 0.121202
vt 0.905875 0.093759
vt 0.679406 0.093759
vt 0.679406 0.121202
vt 0.000000 0.062150
vt 0.226469 0.062150
vt 0.226469 0.048121
vt 0.000000 0.048121
vt 0.906075 0.297453
vt 0.679606 0.297453
vt 0.679606 0.281378
vt 0.906075 0.281378
vt 0.000512 0.312903
vt 0.226981 0.312903
vt 0.226981 0.321630
vt 0.000512 0.321630
vt 0.000000 0.000000
vt 0.226469 0.000000
vt 0.226469 0.012881
vt 0.000000 0.012881
vt 0.000000 0.062150
vt 0.226469 0.062150
vt 0.226469 0.089593
vt 0.000000 0.089593
vt 0.906075 0.312903
vt 0.679606 0.312903
vt 0.679606 0.296828
vt 0.906075 0.296828
vt 0.000512 0.321630
vt 0.226981 0.321630
vt 0.226981 0.330358
vt 0.000512 0.330358
vt -0.000122 0.156096
vt 0.226347 0.156096
vt 0.226347 0.210448
vt -0.000122 0.210448
vt 0.906075 0.219937
vt 0.906075 0.259595
vt 0.679606 0.259595
vt 0.679606 0.219937
vt 0.905875 0.034093
vt 0.905875 0.048121
vt 0.679406 0.048121
vt 0.679406 0.034093
vt 0.999050 0.183297
vt 0.939310 0.183297
vt 0.939310 0.342604
vt 0.999050 0.342604
vt 0.999050 0.183297
vt 0.939310 0.183297
vt 0.939310 0.342604
vt 0.999050 0.342604
vt 0.999050 0.183297
vt 0.939310 0.183297
vt 0.939310 0.342604
vt 0.999050 0.342604
vt 0.999050 0.183297
vt 0.939310 0.183297
vt 0.939310 0.342604
vt 0.999050 0.342604
vt 0.985655 0.132863
vt 0.939081 0.132863
vt 0.939081 0.179437
vt 0.985655 0.179437
vt 0.939310 0.342604
vt 0.939310 0.183297
vt 0.999050 0.183297
vt 0.999050 0.342604
vt 0.939310 0.342604
vt 0.939310 0.183297
vt 0.999050 0.183297
vt 0.999050 0.342604
vt 0.939310 0.342604
vt 0.939310 0.183297
vt 0.999050 0.183297
vt 0.999050 0.342604
vt 0.939310 0.342604
vt 0.939310 0.183297
vt 0.999050 0.183297
vt 0.999050 0.342604
vt 0.939081 0.179437
vt 0.939081 0.132863
vt 0.985655 0.132863
vt 0.985655 0.179437
vt 0.679406 0.048121
vt 0.905875 0.048121
vt 0.905875 0.034093
vt 0.679406 0.034093
vt 0.679606 0.259595
vt 0.906075 0.259595
vt 0.906075 0.219937
vt 0.679606 0.219937
vt 0.226347 0.210448
vt 0.226347 0.156096
vt -0.000122 0.156096
vt -0.000122 0.210448
vt 0.226981 0.330358
vt 0.226981 0.321630
vt 0.000512 0.321630
vt 0.000512 0.330358
vt 0.226469 0.089593
vt 0.226469 0.062150
vt 0.000000 0.062150
vt 0.000000 0.089593
vt 0.226469 0.012881
vt 0.226469 0.000000
vt 0.000000 0.000000
vt 0.000000 0.012881
vt 0.226981 0.321630
vt 0.226981 0.312903
vt 0.000512 0.312903
vt 0.000512 0.321630
vt 0.679606 0.281378
vt 0.679606 0.297453
vt 0.906075 0.297453
vt 0.906075 0.281378
vt 0.226469 0.048121
vt 0.226469 0.062150
vt 0.000000 0.062150
vt 0.000000 0.048121
vt 0.679406 0.093759
vt 0.905875 0.093759
vt 0.905875 0.121202
vt 0.679406 0.121202
vt 0.679406 0.012881
vt 0.905875 0.012881
vt 0.905875 0.025761
vt 0.679406 0.025761
vt 0.999050 0.183297
vt 0.939310 0.183297
vt 0.939310 0.342604
vt 0.999050 0.342604
vt 0.999050 0.183297
vt 0.939310 0.183297
vt 0.939310 0.342604
vt 0.999050 0.342604
vt 0.999050 0.183297
vt 0.939310 0.183297
vt 0.939310 0.342604
vt 0.999050 0.342604
vt 0.999050 0.183297
vt 0.939310 0.183297
vt 0.939310 0.342604
vt 0.999050 0.342604
vt 0.985655 0.132863
vt 0.939081 0.132863
vt 0.939081 0.179437
vt 0.985655 0.179437
vt 0.939310 0.342604
vt 0.939310 0.183297
vt 0.999050 0.183297
vt 0.999050 0.342604
vt 0.939310 0.342604
vt 0.939310 0.183297
vt 0.999050 0.183297
vt 0.999050 0.342604
vt 0.939310 0.342604
vt 0.939310 0.183297
vt 0.999050 0.183297
vt 0.999050 0.342604
vt 0.939310 0.342604
vt 0.939310 0.183297
vt 0.999050 0.183297
vt 0.999050 0.342604
vt 0.939081 0.179437
vt 0.939081 0.132863
vt 0.985655 0.132863
vt 0.985655 0.179437
vt 0.905875 0.025761
vt 0.905875 0.012881
vt 0.679406 0.012881
vt 0.679406 0.025761
vt 0.905875 0.121202
vt 0.905875 0.093759
vt 0.679406 0.093759
vt 0.679406 0.121202
vt 0.000000 0.062150
vt 0.226469 0.062150
vt 0.226469 0.048121
vt 0.000000 0.048121
vt 0.906075 0.297453
vt 0.679606 0.297453
vt 0.679606 0.281378
vt 0.906075 0.281378
vt 0.000512 0.312903
vt 0.226981 0.312903
vt 0.226981 0.321630
vt 0.000512 0.321630
vt 0.000000 0.000000
vt 0.226469 0.000000
vt 0.226469 0.012881
vt 0.000000 0.012881
vt 0.000000 0.062150
vt 0.226469 0.062150
vt 0.226469 0.089593
vt 0.000000 0.089593
vt 0.906075 0.312903
vt 0.679606 0.312903
vt 0.679606 0.296828
vt 0.906075 0.296828
vt 0.000512 0.321630
vt 0.226981 0.321630
vt 0.226981 0.330358
vt 0.000512 0.330358
vt -0.000122 0.156096
vt 0.226347 0.156096
vt 0.226347 0.210448
vt -0.000122 0.210448
vt 0.906075 0.219937
vt 0.906075 0.259595
vt 0.679606 0.259595
vt 0.679606 0.219937
vt 0.905875 0.034093
vt 0.905875 0.048121
vt 0.679406 0.048121
vt 0.679406 0.034093
vt 0.999050 0.183297
vt 0.939310 0.183297
vt 0.939310 0.342604
vt 0.999050 0.342604
vt 0.999050 0.183297
vt 0.939310 0.183297
vt 0.939310 0.342604
vt 0.999050 0.342604
vt 0.999050 0.183297
vt 0.939310 0.183297
vt 0.939310 0.342604
vt 0.999050 0.342604
vt 0.999050 0.183297
vt 0.939310 0.183297
vt 0.939310 0.342604
vt 0.999050 0.342604
vt 0.985655 0.132863
vt 0.939081 0.132863
vt 0.939081 0.179437
vt 0.985655 0.179437
vt 0.939310 0.342604
vt 0.939310 0.183297
vt 0.999050 0.183297
vt 0.999050 0.342604
vt 0.939310 0.342604
vt 0.939310 0.183297
vt 0.999050 0.183297
vt 0.999050 0.342604
vt 0.939310 0.342604
vt 0.939310 0.183297
vt 0.999050 0.183297
vt 0.999050 0.342604
vt 0.939310 0.342604
vt 0.939310 0.183297
vt 0.999050 0.183297
vt 0.999050 0.342604
vt 0.939081 0.179437
vt 0.939081 0.132863
vt 0.985655 0.132863
vt 0.985655 0.179437
vt 0.679406 0.048121
vt 0.905875 0.048121
vt 0.905875 0.034093
vt 0.679406 0.034093
vt 0.679606 0.259595
vt 0.906075 0.259595
vt 0.906075 0.219937
vt 0.679606 0.219937
vt 0.226347 0.210448
vt 0.226347 0.156096
vt -0.000122 0.156096
vt -0.000122 0.210448
vt 0.226981 0.330358
vt 0.226981 0.321630
vt 0.000512 0.321630
vt 0.000512 0.330358
vt 0.226469 0.089593
vt 0.226469 0.062150
vt 0.000000 0.062150
vt 0.000000 0.089593
vt 0.226469 0.012881
vt 0.226469 0.000000
vt 0.000000 0.000000
vt 0.000000 0.012881
vt 0.226981 0.321630
vt 0.226981 0.312903
vt 0.000512 0.312903
vt 0.000512 0.321630
vt 0.679606 0.281378
vt 0.679606 0.297453
vt 0.906075 0.297453
vt 0.906075 0.281378
vt 0.226469 0.048121
vt 0.226469 0.062150
vt 0.000000 0.062150
vt 0.000000 0.048121
vt 0.679406 0.093759
vt 0.905875 0.093759
vt 0.905875 0.121202
vt 0.679406 0.121202
vt 0.679406 0.012881
vt 0.905875 0.012881
vt 0.905875 0.025761
vt 0.679406 0.025761
vt 0.999050 0.183297
vt 0.939310 0.183297
vt 0.939310 0.342604
vt 0.999050 0.342604
vt 0.999050 0.183297
vt 0.939310 0.183297
vt 0.939310 0.342604
vt 0.999050 0.342604
vt 0.999050 0.183297
vt 0.939310 0.183297
vt 0.939310 0.342604
vt 0.999050 0.342604
vt 0.999050 0.183297
vt 0.939310 0.183297
vt 0.939310 0.342604
vt 0.999050 0.342604
vt 0.985655 0.132863
vt 0.939081 0.132863
vt 0.939081 0.179437
vt 0.985655 0.179437
vt 0.939310 0.342604
vt 0.939310 0.183297
vt 0.999050 0.183297
vt 0.999050 0.342604
vt 0.939310 0.342604
vt 0.939310 0.183297
vt 0.999050 0.183297
vt 0.999050 0.342604
vt 0.939310 0.342604
vt 0.939310 0.183297
vt 0.999050 0.183297
vt 0.999050 0.342604
vt 0.939310 0.342604
vt 0.939310 0.183297
vt 0.999050 0.183297
vt 0.999050 0.342604
vt 0.939081 0.179437
vt 0.939081 0.132863
vt 0.985655 0.132863
vt 0.985655 0.179437
vt 0.905875 0.025761
vt 0.905875 0.012881
vt 0.679406 0.012881
vt 0.679406 0.025761
vt 0.905875 0.121202
vt 0.905875 0.093759
vt 0.679406 0.093759
vt 0.679406 0.121202
vt 0.000000 0.062150
vt 0.226469 0.062150
vt 0.226469 0.048121
vt 0.000000 0.048121
vt 0.906075 0.297453
vt 0.679606 0.297453
vt 0.679606 0.281378
vt 0.906075 0.281378
vt 0.000512 0.312903
vt 0.226981 0.312903
vt 0.226981 0.321630
vt 0.000512 0.321630
vt 0.000000 0.000000
vt 0.226469 0.000000
vt 0.226469 0.012881
vt 0.000000 0.012881
vt 0.000000 0.062150
vt 0.226469 0.062150
vt 0.226469 0.089593
vt 0.000000 0.089593
vt 0.906075 0.312903
vt 0.679606 0.312903
vt 0.679606 0.296828
vt 0.906075 0.296828
vt 0.000512 0.321630
vt 0.226981 0.321630
vt 0.226981 0.330358
vt 0.000512 0.330358
vt -0.000122 0.156096
vt 0.226347 0.156096
vt 0.226347 0.210448
vt -0.000122 0.210448
vt 0.906075 0.219937
vt 0.906075 0.259595
vt 0.679606 0.259595
vt 0.679606 0.219937
vt 0.905875 0.034093
vt 0.905875 0.048121
vt 0.679406 0.048121
vt 0.679406 0.034093
vt 0.999050 0.183297
vt 0.939310 0.183297
vt 0.939310 0.342604
vt 0.999050 0.342604
vt 0.999050 0.183297
vt 0.939310 0.183297
vt 0.939310 0.342604
vt 0.999050 0.342604
vt 0.999050 0.183297
vt 0.939310 0.183297
vt 0.939310 0.342604
vt 0.999050 0.342604
vt 0.999050 0.183297
vt 0.939310 0.183297
vt 0.939310 0.342604
vt 0.999050 0.342604
vt 0.985655 0.132863
vt 0.939081 0.132863
vt 0.939081 0.179437
vt 0.985655 0.179437
vt 0.939310 0.342604
vt 0.939310 0.183297
vt 0.999050 0.183297
vt 0.999050 0.342604
vt 0.939310 0.342604
vt 0.939310 0.183297
vt 0.999050 0.183297
vt 0.999050 0.342604
vt 0.939310 0.342604
vt 0.939310 0.183297
vt 0.999050 0.183297
vt 0.999050 0.342604
vt 0.939310 0.342604
vt 0.939310 0.183297
vt 0.999050 0.183297
vt 0.999050 0.342604
vt 0.939081 0.179437
vt 0.939081 0.132863
vt 0.985655 0.132863
vt 0.985655 0.179437
vt 0.679406 0.048121
vt 0.905875 0.048121
vt 0.905875 0.034093
vt 0.679406 0.034093
vt 0.679606 0.259595
vt 0.906075 0.259595
vt 0.906075 0.219937
vt 0.679606 0.219937
vt 0.226347 0.210448
vt 0.226347 0.156096
vt -0.000122 0.156096
vt -0.000122 0.210448
vt 0.226981 0.330358
vt 0.226981 0.321630
vt 0.000512 0.321630
vt 0.000512 0.330358
vt 0.226469 0.089593
vt 0.226469 0.062150
vt 0.000000 0.062150
vt 0.000000 0.089593
vt 0.226469 0.012881
vt 0.226469 0.000000
vt 0.000000 0.000000
vt 0.000000 0.012881
vt 0.226981 0.321630
vt 0.226981 0.312903
vt 0.000512 0.312903
vt 0.000512 0.321630
vt 0.679606 0.281378
vt 0.679606 0.297453
vt 0.906075 0.297453
vt 0.906075 0.281378
vt 0.226469 0.048121
vt 0.226469 0.062150
vt 0.000000 0.062150
vt 0.000000 0.048121
vt 0.679406 0.093759
vt 0.905875 0.093759
vt 0.905875 0.121202
vt 0.679406 0.121202
vt 0.679406 0.012881
vt 0.905875 0.012881
vt 0.905875 0.025761
vt 0.679406 0.025761
vt 0.999050 0.183297
vt 0.939310 0.183297
vt 0.939310 0.342604
vt 0.999050 0.342604
vt 0.999050 0.183297
vt 0.939310 0.183297
vt 0.939310 0.342604
vt 0.999050 0.342604
vt 0.999050 0.183297
vt 0.939310 0.183297
vt 0.939310 0.342604
vt 0.999050 0.342604
vt 0.999050 0.183297
vt 0.939310 0.183297
vt 0.939310 0.342604
vt 0.999050 0.342604
vt 0.985655 0.132863
vt 0.939081 0.132863
vt 0.939081 0.179437
vt 0.985655 0.179437
vt 0.939310 0.342604
vt 0.939310 0.183297
vt 0.999050 0.183297
vt 0.999050 0.342604
vt 0.939310 0.342604
vt 0.939310 0.183297
vt 0.999050 0.183297
vt 0.999050 0.342604
vt 0.939310 0.342604
vt 0.939310 0.183297
vt 0.999050 0.183297
vt 0.999050 0.342604
vt 0.939310 0.342604
vt 0.939310 0.183297
vt 0.999050 0.183297
vt 0.999050 0.342604
vt 0.939081 0.179437
vt 0.939081 0.132863
vt 0.985655 0.132863
vt 0.985655 0.179437
vt 0.905875 0.025761
vt 0.905875 0.012881
vt 0.679406 0.012881
vt 0.679406 0.025761
vt 0.905875 0.121202
vt 0.905875 0.093759
vt 0.679406 0.093759
vt 0.679406 0.121202
vt 0.000000 0.062150
vt 0.226469 0.062150
vt 0.226469 0.048121
vt 0.000000 0.048121
vt 0.906075 0.297453
vt 0.679606 0.297453
vt 0.679606 0.281378
vt 0.906075 0.281378
vt 0.000512 0.312903
vt 0.226981 0.312903
vt 0.226981 0.321630
vt 0.000512 0.321630
vt 0.000000 0.000000
vt 0.226469 0.000000
vt 0.226469 0.012881
vt 0.000000 0.012881
vt 0.000000 0.062150
vt 0.226469 0.062150
vt 0.226469 0.089593
vt 0.000000 0.089593
vt 0.906075 0.312903
vt 0.679606 0.312903
vt 0.679606 0.296828
vt 0.906075 0.296828
vt 0.000512 0.321630
vt 0.226981 0.321630
vt 0.226981 0.330358
vt 0.000512 0.330358
vt -0.000122 0.156096
vt 0.226347 0.156096
vt 0.226347 0.210448
vt -0.000122 0.210448
vt 0.906075 0.219937
vt 0.906075 0.259595
vt 0.679606 0.259595
vt 0.679606 0.219937
vt 0.905875 0.034093
vt 0.905875 0.048121
vt 0.679406 0.048121
vt 0.679406 0.034093
vt 0.999050 0.183297
vt 0.939310 0.183297
vt 0.939310 0.342604
vt 0.999050 0.342604
vt 0.999050 0.183297
vt 0.939310 0.183297
vt 0.939310 0.342604
vt 0.999050 0.342604
vt 0.999050 0.183297
vt 0.939310 0.183297
vt 0.939310 0.342604
vt 0.999050 0.342604
vt 0.999050 0.183297
vt 0.939310 0.183297
vt 0.939310 0.342604
vt 0.999050 0.342604
vt 0.985655 0.132863
vt 0.939081 0.132863
vt 0.939081 0.179437
vt 0.985655 0.179437
vt 0.939310 0.342604
vt 0.939310 0.183297
vt 0.999050 0.183297
vt 0.999050 0.342604
vt 0.939310 0.342604
vt 0.939310 0.183297
vt 0.999050 0.183297
vt 0.999050 0.342604
vt 0.939310 0.342604
vt 0.939310 0.183297
vt 0.999050 0.183297
vt 0.999050 0.342604
vt 0.939310 0.342604
vt 0.939310 0.183297
vt 0.999050 0.183297
vt 0.999050 0.342604
vt 0.939081 0.179437
vt 0.939081 0.132863
vt 0.985655 0.132863
vt 0.985655 0.179437
vt 0.679406 0.048121
vt 0.905875 0.048121
vt 0.905875 0.034093
vt 0.679406 0.034093
vt 0.679606 0.259595
vt 0.906075 0.259595
vt 0.906075 0.219937
vt 0.679606 0.219937
vt 0.226347 0.210448
vt 0.226347 0.156096
vt -0.000122 0.156096
vt -0.000122 0.210448
vt 0.226981 0.330358
vt 0.226981 0.321630
vt 0.000512 0.321630
vt 0.000512 0.330358
vt 0.226469 0.089593
vt 0.226469 0.062150
vt 0.000000 0.062150
vt 0.000000 0.089593
vt 0.226469 0.012881
vt 0.226469 0.000000
vt 0.000000 0.000000
vt 0.000000 0.012881
vt 0.226981 0.321630
vt 0.226981 0.312903
vt 0.000512 0.312903
vt 0.000512 0.321630
vt 0.679606 0.281378
vt 0.679606 0.297453
vt 0.906075 0.297453
vt 0.906075 0.281378
vt 0.226469 0.048121
vt 0.226469 0.062150
vt 0.000000 0.062150
vt 0.000000 0.048121
vt 0.679406 0.093759
vt 0.905875 0.093759
vt 0.905875 0.121202
vt 0.679406 0.121202
vt 0.679406 0.012881
vt 0.905875 0.012881
vt 0.905875 0.025761
vt 0.679406 0.025761
vt 0.999050 0.183297
vt 0.939310 0.183297
vt 0.939310 0.342604
vt 0.999050 0.342604
vt 0.999050 0.183297
vt 0.939310 0.183297
vt 0.939310 0.342604
vt 0.999050 0.342604
vt 0.999050 0.183297
vt 0.939310 0.183297
vt 0.939310 0.342604
vt 0.999050 0.342604
vt 0.999050 0.183297
vt 0.939310 0.183297
vt 0.939310 0.342604
vt 0.999050 0.342604
vt 0.985655 0.132863
vt 0.939081 0.132863
vt 0.939081 0.179437
vt 0.985655 0.179437
vt 0.939310 0.342604
vt 0.939310 0.183297
vt 0.999050 0.183297
vt 0.999050 0.342604
vt 0.939310 0.342604
vt 0.939310 0.183297
vt 0.999050 0.183297
vt 0.999050 0.342604
vt 0.939310 0.342604
vt 0.939310 0.183297
vt 0.999050 0.183297
vt 0.999050 0.342604
vt 0.939310 0.342604
vt 0.939310 0.183297
vt 0.999050 0.183297
vt 0.999050 0.342604
vt 0.939081 0.179437
vt 0.939081 0.132863
vt 0.985655 0.132863
vt 0.985655 0.179437
vt 0.905875 0.025761
vt 0.905875 0.012881
vt 0.679406 0.012881
vt 0.679406 0.025761
vt 0.905875 0.121202
vt 0.905875 0.093759
vt 0.679406 0.093759
vt 0.679406 0.121202
vt 0.000000 0.062150
vt 0.226469 0.062150
vt 0.226469 0.048121
vt 0.000000 0.048121
vt 0.906075 0.297453
vt 0.679606 0.297453
vt 0.679606 0.281378
vt 0.906075 0.281378
vt 0.000512 0.312903
vt 0.226981 0.312903
vt 0.226981 0.321630
vt 0.000512 0.321630
vt 0.000000 0.000000
vt 0.226469 0.000000
vt 0.226469 0.012881
vt 0.000000 0.012881
vt 0.000000 0.062150
vt 0.226469 0.062150
vt 0.226469 0.089593
vt 0.000000 0.089593
vt 0.906075 0.312903
vt 0.679606 0.312903
vt 0.679606 0.296828
vt 0.906075 0.296828
vt 0.000512 0.321630
vt 0.226981 0.321630
vt 0.226981 0.330358
vt 0.000512 0.330358
vt -0.000122 0.156096
vt 0.226347 0.156096
vt 0.226347 0.210448
vt -0.000122 0.210448
vt 0.906075 0.219937
vt 0.906075 0.259595
vt 0.679606 0.259595
vt 0.679606 0.219937
vt 0.905875 0.034093
vt 0.905875 0.048121
vt 0.679406 0.048121
vt 0.679406 0.034093
vt 0.999050 0.183297
vt 0.939310 0.183297
vt 0.939310 0.342604
vt 0.999050 0.342604
vt 0.999050 0.183297
vt 0.939310 0.183297
vt 0.939310 0.342604
vt 0.999050 0.342604
vt 0.999050 0.183297
vt 0.939310 0.183297
vt 0.939310 0.342604
vt 0.999050 0.342604
vt 0.999050 0.183297
vt 0.939310 0.183297
vt 0.939310 0.342604
vt 0.999050 0.342604
vt 0.985655 0.132863
vt 0.939081 0.132863
vt 0.939081 0.179437
vt 0.985655 0.179437
vt 0.939310 0.342604
vt 0.939310 0.183297
vt 0.999050 0.183297
vt 0.999050 0.342604
vt 0.939310 0.342604
vt 0.939310 0.183297
vt 0.999050 0.183297
vt 0.999050 0.342604
vt 0.939310 0.342604
vt 0.939310 0.183297
vt 0.999050 0.183297
vt 0.999050 0.342604
vt 0.939310 0.342604
vt 0.939310 0.183297
vt 0.999050 0.183297
vt 0.999050 0.342604
vt 0.939081 0.179437
vt 0.939081 0.132863
vt 0.985655 0.132863
vt 0.985655 0.179437
vt 0.979692 0.781451
vt -0.000781 0.781451
vt -0.000781 0.844034
vt 0.979692 0.844034
vt 0.145247 0.656284
vt -0.000781 0.656284
vt -0.000781 0.718868
vt 0.145247 0.718868
vt 0.979692 0.718868
vt -0.000781 0.718868
vt -0.000781 0.781451
vt 0.979692 0.781451
vt 0.302823 0.656284
vt 0.156795 0.656284
vt 0.156795 0.718868
vt 0.302823 0.718868
vt 1.000000 0.851064
vt 0.000000 0.851064
vt 0.000000 1.000000
vt 1.000000 1.000000
vt 0.998987 0.504118
vt 0.001647 0.504118
vt 0.001647 0.652658
vt 0.998987 0.652658
vt 0.979692 0.781451
vt -0.000781 0.781451
vt -0.000781 0.844034
vt 0.979692 0.844034
vt 0.145247 0.656284
vt -0.000781 0.656284
vt -0.000781 0.718868
vt 0.145247 0.718868
vt 0.979692 0.718868
vt -0.000781 0.718868
vt -0.000781 0.781451
vt 0.979692 0.781451
vt 0.302823 0.656284
vt 0.156795 0.656284
vt 0.156795 0.718868
vt 0.302823 0.718868
vt 1.000000 0.851064
vt 0.000000 0.851064
vt 0.000000 1.000000
vt 1.000000 1.000000
vt 0.998987 0.504118
vt 0.001647 0.504118
vt 0.001647 0.652658
vt 0.998987 0.652658
vt 0.979692 0.781451
vt -0.000781 0.781451
vt -0.000781 0.844034
vt 0.979692 0.844034
vt 0.145247 0.656284
vt -0.000781 0.656284
vt -0.000781 0.718868
vt 0.145247 0.718868
vt 0.979692 0.718868
vt -0.000781 0.718868
vt -0.000781 0.781451
vt 0.979692 0.781451
vt 0.302823 0.656284
vt 0.156795 0.656284
vt 0.156795 0.718868
vt 0.302823 0.718868
vt 1.000000 0.851064
vt 0.000000 0.851064
vt 0.000000 1.000000
vt 1.000000 1.000000
vt 0.998987 0.504118
vt 0.001647 0.504118
vt 0.001647 0.652658
vt 0.998987 0.652658
vt 0.979692 0.781451
vt -0.000781 0.781451
vt -0.000781 0.844034
vt 0.979692 0.844034
vt 0.145247 0.656284
vt -0.000781 0.656284
vt -0.000781 0.718868
vt 0.145247 0.718868
vt 0.979692 0.718868
vt -0.000781 0.718868
vt -0.000781 0.781451
vt 0.979692 0.781451
vt 0.302823 0.656284
vt 0.156795 0.656284
vt 0.156795 0.718868
vt 0.302823 0.718868
vt 1.000000 0.851064
vt 0.000000 0.851064
vt 0.000000 1.000000
vt 1.000000 1.000000
vt 0.998987 0.504118
vt 0.001647 0.504118
vt 0.001647 0.652658
vt 0.998987 0.652658
vt 0.979692 0.781451
vt -0.000781 0.781451
vt -0.000781 0.844034
vt 0.979692 0.844034
vt 0.145247 0.656284
vt -0.000781 0.656284
vt -0.000781 0.718868
vt 0.145247 0.718868
vt 0.979692 0.718868
vt -0.000781 0.718868
vt -0.000781 0.781451
vt 0.979692 0.781451
vt 0.302823 0.656284
vt 0.156795 0.656284
vt 0.156795 0.718868
vt 0.302823 0.718868
vt 1.000000 0.851064
vt 0.000000 0.851064
vt 0.000000 1.000000
vt 1.000000 1.000000
vt 0.998987 0.504118
vt 0.001647 0.504118
vt 0.001647 0.652658
vt 0.998987 0.652658
vt 0.979692 0.781451
vt -0.000781 0.781451
vt -0.000781 0.844034
vt 0.979692 0.844034
vt 0.145247 0.656284
vt -0.000781 0.656284
vt -0.000781 0.718868
vt 0.145247 0.718868
vt 0.979692 0.718868
vt -0.000781 0.718868
vt -0.000781 0.781451
vt 0.979692 0.781451
vt 0.302823 0.656284
vt 0.156795 0.656284
vt 0.156795 0.718868
vt 0.302823 0.718868
vt 1.000000 0.851064
vt 0.000000 0.851064
vt 0.000000 1.000000
vt 1.000000 1.000000
vt 0.998987 0.504118
vt 0.001647 0.504118
vt 0.001647 0.652658
vt 0.998987 0.652658
vt 0.979692 0.781451
vt -0.000781 0.781451
vt -0.000781 0.844034
vt 0.979692 0.844034
vt 0.145247 0.656284
vt -0.000781 0.656284
vt -0.000781 0.718868
vt 0.145247 0.718868
vt 0.979692 0.718868
vt -0.000781 0.718868
vt -0.000781 0.781451
vt 0.979692 0.781451
vt 0.302823 0.656284
vt 0.156795 0.656284
vt 0.156795 0.718868
vt 0.302823 0.718868
vt 1.000000 0.851064
vt 0.000000 0.851064
vt 0.000000 1.000000
vt 1.000000 1.000000
vt 0.998987 0.504118
vt 0.001647 0.504118
vt 0.001647 0.652658
vt 0.998987 0.652658
vt 0.979692 0.781451
vt -0.000781 0.781451
vt -0.000781 0.844034
vt 0.979692 0.844034
vt 0.145247 0.656284
vt -0.000781 0.656284
vt -0.000781 0.718868
vt 0.145247 0.718868
vt 0.979692 0.718868
vt -0.000781 0.718868
vt -0.000781 0.781451
vt 0.979692 0.781451
vt 0.302823 0.656284
vt 0.156795 0.656284
vt 0.156795 0.718868
vt 0.302823 0.718868
vt 1.000000 0.851064
vt 0.000000 0.851064
vt 0.000000 1.000000
vt 1.000000 1.000000
vt 0.998987 0.504118
vt 0.001647 0.504118
vt 0.001647 0.652658
vt 0.998987 0.652658
vt 0.979692 0.781451
vt -0.000781 0.781451
vt -0.000781 0.844034
vt 0.979692 0.844034
vt 0.145247 0.656284
vt -0.000781 0.656284
vt -0.000781 0.718868
vt 0.145247 0.718868
vt 0.979692 0.718868
vt -0.000781 0.718868
vt -0.000781 0.781451
vt 0.979692 0.781451
vt 0.302823 0.656284
vt 0.156795 0.656284
vt 0.156795 0.718868
vt 0.302823 0.718868
vt 1.000000 0.851064
vt 0.000000 0.851064
vt 0.000000 1.000000
vt 1.000000 1.000000
vt 0.998987 0.504118
vt 0.001647 0.504118
vt 0.001647 0.652658
vt 0.998987 0.652658
vt 0.979692 0.781451
vt -0.000781 0.781451
vt -0.000781 0.844034
vt 0.979692 0.844034
vt 0.145247 0.656284
vt -0.000781 0.656284
vt -0.000781 0.718868
vt 0.145247 0.718868
vt 0.979692 0.718868
vt -0.000781 0.718868
vt -0.000781 0.781451
vt 0.979692 0.781451
vt 0.302823 0.656284
vt 0.156795 0.656284
vt 0.156795 0.718868
vt 0.302823 0.718868
vt 1.000000 0.851064
vt 0.000000 0.851064
vt 0.000000 1.000000
vt 1.000000 1.000000
vt 0.998987 0.504118
vt 0.001647 0.504118
vt 0.001647 0.652658
vt 0.998987 0.652658
vt 0.979692 0.781451
vt -0.000781 0.781451
vt -0.000781 0.844034
vt 0.979692 0.844034
vt 0.145247 0.656284
vt -0.000781 0.656284
vt -0.000781 0.718868
vt 0.145247 0.718868
vt 0.979692 0.718868
vt -0.000781 0.718868
vt -0.000781 0.781451
vt 0.979692 0.781451
vt 0.302823 0.656284
vt 0.156795 0.656284
vt 0.156795 0.718868
vt 0.302823 0.718868
vt 1.000000 0.851064
vt 0.000000 0.851064
vt 0.000000 1.000000
vt 1.000000 1.000000
vt 0.998987 0.504118
vt 0.001647 0.504118
vt 0.001647 0.652658
vt 0.998987 0.652658
vt 0.979692 0.781451
vt -0.000781 0.781451
vt -0.000781 0.844034
vt 0.979692 0.844034
vt 0.145247 0.656284
vt -0.000781 0.656284
vt -0.000781 0.718868
vt 0.145247 0.718868
vt 0.979692 0.718868
vt -0.000781 0.718868
vt -0.000781 0.781451
vt 0.979692 0.781451
vt 0.302823 0.656284
vt 0.156795 0.656284
vt 0.156795 0.718868
vt 0.302823 0.718868
vt 1.000000 0.851064
vt 0.000000 0.851064
vt 0.000000 1.000000
vt 1.000000 1.000000
vt 0.998987 0.504118
vt 0.001647 0.504118
vt 0.001647 0.652658
vt 0.998987 0.652658
vt 0.979692 0.781451
vt -0.000781 0.781451
vt -0.000781 0.844034
vt 0.979692 0.844034
vt 0.145247 0.656284
vt -0.000781 0.656284
vt -0.000781 0.718868
vt 0.145247 0.718868
vt 0.979692 0.718868
vt -0.000781 0.718868
vt -0.000781 0.781451
vt 0.979692 0.781451
vt 0.302823 0.656284
vt 0.156795 0.656284
vt 0.156795 0.718868
vt 0.302823 0.718868
vt 1.000000 0.851064
vt 0.000000 0.851064
vt 0.000000 1.000000
vt 1.000000 1.000000
vt 0.998987 0.504118
vt 0.001647 0.504118
vt 0.001647 0.652658
vt 0.998987 0.652658
vt 0.979692 0.781451
vt -0.000781 0.781451
vt -0.000781 0.844034
vt 0.979692 0.844034
vt 0.145247 0.656284
vt -0.000781 0.656284
vt -0.000781 0.718868
vt 0.145247 0.718868
vt 0.979692 0.718868
vt -0.000781 0.718868
vt -0.000781 0.781451
vt 0.979692 0.781451
vt 0.302823 0.656284
vt 0.156795 0.656284
vt 0.156795 0.718868
vt 0.302823 0.718868
vt 1.000000 0.851064
vt 0.000000 0.851064
vt 0.000000 1.000000
vt 1.000000 1.000000
vt 0.998987 0.504118
vt 0.001647 0.504118
vt 0.001647 0.652658
vt 0.998987 0.652658
vt 0.979692 0.781451
vt -0.000781 0.781451
vt -0.000781 0.844034
vt 0.979692 0.844034
vt 0.145247 0.656284
vt -0.000781 0.656284
vt -0.000781 0.718868
vt 0.145247 0.718868
vt 0.979692 0.718868
vt -0.000781 0.718868
vt -0.000781 0.781451
vt 0.979692 0.781451
vt 0.302823 0.656284
vt 0.156795 0.656284
vt 0.156795 0.718868
vt 0.302823 0.718868
vt 1.000000 0.851064
vt 0.000000 0.851064
vt 0.000000 1.000000
vt 1.000000 1.000000
vt 0.998987 0.504118
vt 0.001647 0.504118
vt 0.001647 0.652658
vt 0.998987 0.652658
vt 0.979692 0.781451
vt -0.000781 0.781451
vt -0.000781 0.844034
vt 0.979692 0.844034
vt 0.145247 0.656284
vt -0.000781 0.656284
vt -0.000781 0.718868
vt 0.145247 0.718868
vt 0.979692 0.718868
vt -0.000781 0.718868
vt -0.000781 0.781451
vt 0.979692 0.781451
vt 0.302823 0.656284
vt 0.156795 0.656284
vt 0.156795 0.718868
vt 0.302823 0.718868
vt 1.000000 0.851064
vt 0.000000 0.851064
vt 0.000000 1.000000
vt 1.000000 1.000000
vt 0.998987 0.504118
vt 0.001647 0.504118
vt 0.001647 0.652658
vt 0.998987 0.652658
vt 0.575019 0.019392
vt 0.823726 0.019192
vt 0.839801 0.019192
vt 0.620657 0.019392
vt 0.839801 0.019192
vt 0.620657 0.019392
vt 0.575019 0.019392
vt 0.823726 0.019192
vn 0.999800 0.000000 0.021300
vn -0.000000 1.000000 0.000000
vn -0.000000 -1.000000 -0.000000
vn -0.999800 -0.000000 -0.021300
vn 0.999800 0.000000 0.021600
vn -0.999800 0.000000 -0.021600
vn 0.000000 0.000000 1.000000
vn 0.000800 0.000000 -1.000000
vn -0.011800 -0.000000 0.999900
vn 0.013300 0.000000 -0.999900
vn 0.999800 0.000000 0.021400
vn -0.999800 0.000000 -0.021400
vn 0.999800 0.000000 0.021500
vn -0.999800 0.000000 -0.021500
vn -0.024400 -0.000000 0.999700
vn 0.025900 0.000000 -0.999700
vn -0.036900 0.000000 0.999300
vn -0.999800 0.000000 -0.021200
vn 0.038400 0.000000 -0.999300
vn 0.999800 0.000000 0.021200
vn 0.999800 0.000000 0.021700
vn -0.999800 0.000000 -0.021700
vn 0.997800 0.000000 0.066400
vn 0.998100 0.000000 0.062200
vn -0.997800 0.000000 -0.066400
vn -0.998100 0.000000 -0.062200
vn 0.997800 0.000000 0.066700
vn 0.998000 0.000000 0.062700
vn -0.997800 0.000000 -0.066600
vn -0.998000 0.000000 -0.062600
vn -0.050700 0.000000 0.998700
vn -0.997500 0.000000 -0.070900
vn 0.052700 0.000000 -0.998600
vn 0.997500 0.000000 0.071000
vn -0.050600 0.000000 0.998700
vn 0.997500 0.000000 0.070200
vn -0.997500 0.000000 -0.070200
vn 0.997800 0.000000 0.066600
vn -0.067500 0.000000 0.997700
vn -0.997500 0.000000 -0.070600
vn 0.069500 0.000000 -0.997600
vn 0.997500 0.000000 0.070600
vn -0.997500 0.000000 -0.070500
vn 0.997500 0.000000 0.070900
vn 0.997500 0.000000 0.070700
vn -0.997500 0.000000 -0.070700
vn 0.997500 0.000000 0.070400
vn -0.997500 0.000000 -0.070300
vn -0.997500 0.000000 -0.070400
vn -0.084400 0.000000 0.996400
vn 0.086400 -0.000000 -0.996300
vn 0.997500 0.000000 0.070300
vn -0.084300 0.000000 0.996400
vn -0.102000 0.000000 0.994800
vn -0.992000 0.000000 -0.125900
vn 0.104500 0.000000 -0.994500
vn 0.992000 0.000000 0.125900
vn 0.992200 0.000000 0.124800
vn -0.992200 0.000000 -0.124700
vn 0.991700 0.000000 0.128900
vn 0.993000 0.000000 0.118400
vn -0.991700 0.000000 -0.129000
vn -0.993000 0.000000 -0.118400
vn 0.991700 0.000000 0.128600
vn 0.992900 0.000000 0.118600
vn -0.991700 0.000000 -0.128600
vn -0.992900 0.000000 -0.118600
vn -0.122900 0.000000 0.992400
vn -0.992100 0.000000 -0.125300
vn 0.125400 0.000000 -0.992100
vn 0.992100 -0.000000 0.125300
vn -0.991600 0.000000 -0.129000
vn -0.143800 0.000000 0.989600
vn -0.992200 0.000000 -0.124800
vn 0.146300 0.000000 -0.989200
vn 0.992200 0.000000 0.124700
vn 0.992100 -0.000000 0.125800
vn -0.992100 0.000000 -0.125800
vn 0.983600 0.000000 0.180200
vn 0.983700 0.000000 0.179900
vn -0.983600 0.000000 -0.180100
vn -0.983700 0.000000 -0.179800
vn 0.983600 0.000000 0.180300
vn 0.983500 0.000000 0.180700
vn -0.983600 0.000000 -0.180300
vn -0.983600 0.000000 -0.180600
vn -0.165400 0.000000 0.986200
vn 0.168000 0.000000 -0.985800
vn 0.983600 0.000000 0.180600
vn 0.168100 0.000000 -0.985800
vn -0.983700 0.000000 -0.179900
vn 0.983700 0.000000 0.179800
vn -0.187500 -0.000000 0.982300
vn -0.983700 0.000000 -0.180000
vn 0.190100 0.000000 -0.981800
vn 0.983700 0.000000 0.180000
vn 0.983600 -0.000000 0.180400
vn -0.983600 0.000000 -0.180500
vn 0.993800 0.000000 0.111500
vn -0.993800 0.000000 -0.111500
vn 0.974900 0.000000 0.222500
vn 0.975800 0.000000 0.218800
vn -0.974900 0.000000 -0.222500
vn -0.975800 0.000000 -0.218700
vn 0.974900 0.000000 0.222800
vn 0.975700 0.000000 0.219300
vn -0.974900 0.000000 -0.222800
vn -0.975700 0.000000 -0.219200
vn -0.208300 0.000000 0.978100
vn -0.974000 0.000000 -0.226600
vn 0.210400 0.000000 -0.977600
vn 0.974000 0.000000 0.226700
vn 0.974100 0.000000 0.225900
vn -0.974100 0.000000 -0.225900
vn 0.975700 0.000000 0.219200
vn -0.974900 0.000000 -0.222700
vn 0.993700 0.000000 0.111900
vn -0.993700 0.000000 -0.111900
vn -0.225900 0.000000 0.974200
vn -0.974100 0.000000 -0.226300
vn 0.228000 0.000000 -0.973700
vn 0.974100 0.000000 0.226300
vn 0.968300 0.000000 0.249900
vn 0.969000 0.000000 0.246900
vn -0.968300 0.000000 -0.249900
vn -0.969000 0.000000 -0.246900
vn 0.968200 0.000000 0.250000
vn 0.969000 0.000000 0.247000
vn -0.968200 0.000000 -0.250000
vn -0.969000 0.000000 -0.247000
vn -0.241100 -0.000000 0.970500
vn -0.967500 -0.000000 -0.253100
vn 0.241900 0.000000 -0.970300
vn 0.967500 -0.000000 0.253100
vn 0.967500 0.000000 0.252900
vn -0.967500 0.000000 -0.252800
vn -0.969100 0.000000 -0.246900
vn -0.999800 0.000000 -0.021800
vn -0.247900 -0.000000 0.968800
vn -0.967500 0.000000 -0.253000
vn 0.248700 0.000000 -0.968600
vn 0.967500 -0.000000 0.253000
vn -0.967500 -0.000000 -0.252900
vn 0.991300 0.000000 0.131900
vn -0.991300 0.000000 -0.131900
vn -0.991200 0.000000 -0.132700
vn 0.991200 0.000000 0.132600
vn 0.983600 0.000000 0.180500
vn 0.003500 0.000000 -1.000000
vn -0.009000 0.000000 1.000000
vn 0.016100 0.000000 -0.999900
vn -0.021600 -0.000000 0.999800
vn 0.028600 0.000000 -0.999600
vn -0.034200 0.000000 0.999400
vn 0.041200 0.000000 -0.999200
vn 0.999800 0.000000 0.021100
vn -0.046900 0.000000 0.998900
vn -0.997500 0.000000 -0.070000
vn 0.056400 0.000000 -0.998400
vn 0.997500 0.000000 0.071200
vn -0.063800 0.000000 0.998000
vn 0.073200 0.000000 -0.997300
vn -0.080700 0.000000 0.996700
vn -0.997500 0.000000 -0.071000
vn 0.090100 0.000000 -0.995900
vn 0.997500 0.000000 0.070100
vn -0.097500 0.000000 0.995200
vn -0.992600 0.000000 -0.121700
vn 0.109100 0.000000 -0.994000
vn 0.992400 0.000000 0.123200
vn -0.118300 0.000000 0.993000
vn -0.992100 0.000000 -0.125200
vn 0.130000 0.000000 -0.991500
vn -0.139200 0.000000 0.990300
vn -0.992000 0.000000 -0.126000
vn 0.150900 0.000000 -0.988600
vn 0.992200 0.000000 0.124500
vn -0.160500 -0.000000 0.987000
vn -0.983700 0.000000 -0.179700
vn 0.172900 -0.000000 -0.984900
vn 0.983500 0.000000 0.180800
vn -0.182600 0.000000 0.983200
vn 0.195000 0.000000 -0.980800
vn -0.204400 0.000000 0.978900
vn -0.974200 0.000000 -0.225700
vn 0.214300 0.000000 -0.976800
vn 0.973900 0.000000 0.226900
vn -0.222000 0.000000 0.975000
vn 0.231800 0.000000 -0.972800
vn -0.239500 0.000000 0.970900
vn -0.967600 0.000000 -0.252500
vn 0.243400 0.000000 -0.969900
vn 0.967500 0.000000 0.252800
vn -0.246400 0.000000 0.969200
vn 0.250200 0.000000 -0.968200
vn 0.000000 0.000000 -1.000000
vn -0.000700 0.000000 1.000000
vn -0.000800 0.000000 1.000000
vn 0.011800 0.000000 -0.999900
vn -0.013300 0.000000 0.999900
vn 0.024400 0.000000 -0.999700
vn -0.025900 0.000000 0.999700
vn 0.036900 0.000000 -0.999300
vn -0.038400 0.000000 0.999300
vn -0.997800 0.000000 -0.066700
vn -0.998000 0.000000 -0.062700
vn 0.998000 0.000000 0.062600
vn 0.050700 0.000000 -0.998700
vn -0.052700 0.000000 0.998600
vn 0.050600 0.000000 -0.998700
vn 0.067500 0.000000 -0.997700
vn -0.069500 0.000000 0.997600
vn 0.997500 0.000000 0.070500
vn 0.084400 0.000000 -0.996400
vn -0.086400 -0.000000 0.996300
vn 0.084300 0.000000 -0.996400
vn 0.102000 0.000000 -0.994800
vn -0.104500 -0.000000 0.994500
vn -0.991700 0.000000 -0.128900
vn 0.991700 0.000000 0.129000
vn 0.122900 0.000000 -0.992400
vn -0.125400 0.000000 0.992100
vn 0.991600 0.000000 0.129000
vn 0.143800 -0.000000 -0.989600
vn -0.146300 0.000000 0.989200
vn -0.983600 0.000000 -0.180200
vn 0.983600 0.000000 0.180100
vn -0.983500 0.000000 -0.180700
vn 0.165400 -0.000000 -0.986200
vn -0.168000 0.000000 0.985800
vn 0.187400 -0.000000 -0.982300
vn -0.190100 0.000000 0.981800
vn 0.187500 -0.000000 -0.982300
vn -0.983600 0.000000 -0.180400
vn -0.975800 0.000000 -0.218800
vn 0.975800 -0.000000 0.218700
vn -0.975700 0.000000 -0.219300
vn 0.208300 -0.000000 -0.978100
vn -0.210400 0.000000 0.977600
vn -0.974000 0.000000 -0.226700
vn -0.210300 0.000000 0.977600
vn 0.974900 0.000000 0.222700
vn 0.225900 -0.000000 -0.974200
vn -0.227900 0.000000 0.973700
vn -0.228000 0.000000 0.973700
vn 0.241100 -0.000000 -0.970500
vn -0.241900 0.000000 0.970300
vn 0.969100 0.000000 0.246900
vn 0.999800 0.000000 0.021800
vn 0.247900 0.000000 -0.968800
vn -0.248700 0.000000 0.968600
vn -0.248800 0.000000 0.968600
vn 0.991300 0.000000 0.132000
vn 0.991200 0.000000 0.132700
vn -0.991200 0.000000 -0.132600
vn -0.003500 -0.000000 1.000000
vn 0.009000 0.000000 -1.000000
vn -0.016100 0.000000 0.999900
vn 0.021600 0.000000 -0.999800
vn -0.028600 0.000000 0.999600
vn 0.034200 0.000000 -0.999400
vn -0.041200 0.000000 0.999200
vn -0.999800 0.000000 -0.021100
vn 0.046900 0.000000 -0.998900
vn 0.997500 0.000000 0.070000
vn -0.056400 0.000000 0.998400
vn -0.997500 0.000000 -0.071200
vn 0.063800 0.000000 -0.998000
vn -0.073200 0.000000 0.997300
vn 0.080700 0.000000 -0.996700
vn -0.090100 0.000000 0.995900
vn -0.997500 0.000000 -0.070100
vn 0.097500 0.000000 -0.995200
vn 0.992600 0.000000 0.121700
vn -0.109100 0.000000 0.994000
vn -0.992400 0.000000 -0.123200
vn 0.118300 0.000000 -0.993000
vn 0.992100 0.000000 0.125200
vn -0.130000 0.000000 0.991500
vn 0.139200 0.000000 -0.990300
vn 0.992000 0.000000 0.126000
vn -0.150900 0.000000 0.988600
vn -0.992200 0.000000 -0.124500
vn 0.160500 0.000000 -0.987000
vn 0.983700 0.000000 0.179700
vn -0.172900 0.000000 0.984900
vn -0.983500 0.000000 -0.180800
vn 0.182600 0.000000 -0.983200
vn -0.195000 0.000000 0.980800
vn 0.204400 0.000000 -0.978900
vn 0.974200 0.000000 0.225700
vn -0.214300 0.000000 0.976800
vn -0.973900 0.000000 -0.226900
vn 0.222000 0.000000 -0.975000
vn -0.231800 0.000000 0.972800
vn 0.239500 0.000000 -0.970900
vn 0.967600 0.000000 0.252500
vn -0.243400 0.000000 0.969900
vn 0.246400 0.000000 -0.969200
vn -0.250200 0.000000 0.968200
s 1
f 1/1/1 4/2/1 3/3/1 2/4/1
f 5/5/2 8/6/2 7/7/2 6/8/2
f 9/9/3 2/10/3 3/11/3 10/12/3
f 11/13/3 14/14/3 13/15/3 12/16/3
f 15/17/4 18/18/4 17/19/4 16/20/4
f 5/21/4 20/22/4 19/23/4 8/24/4
f 20/25/3 15/26/3 16/27/3 19/28/3
f 18/29/2 22/30/2 21/31/2 17/32/2
f 23/33/5 26/34/5 25/35/5 24/36/5
f 27/37/6 30/38/6 29/39/6 28/40/6
f 31/41/6 34/42/6 33/43/6 32/44/6
f 35/45/7 38/46/7 37/47/7 36/48/7
f 39/49/6 35/50/6 36/51/6 40/52/6
f 41/53/8 39/54/8 40/55/8 42/56/8
f 38/57/5 41/58/5 42/59/5 37/60/5
f 36/61/2 37/62/2 42/63/2 40/64/2
f 43/65/7 46/66/7 45/67/7 44/68/7
f 44/69/1 45/70/1 48/71/1 47/72/1
f 47/73/8 48/74/8 50/75/8 49/76/8
f 49/77/4 50/78/4 46/79/4 43/80/4
f 49/81/2 43/82/2 44/83/2 47/84/2
f 7/85/1 13/86/1 14/87/1 6/88/1
f 12/89/1 52/90/1 51/91/1 11/92/1
f 21/93/4 22/94/4 9/95/4 10/96/4
f 25/97/2 26/98/2 54/99/2 53/100/2
f 55/101/3 58/102/3 57/103/3 56/104/3
f 56/105/5 57/106/5 60/107/5 59/108/5
f 53/109/5 54/110/5 58/111/5 55/112/5
f 30/113/2 27/114/2 62/115/2 61/116/2
f 34/117/3 31/118/3 28/119/3 29/120/3
f 63/121/3 64/122/3 23/123/3 24/124/3
f 33/125/2 59/126/2 60/127/2 32/128/2
f 63/129/6 61/130/6 62/131/6 64/132/6
f 51/91/2 52/90/2 4/2/2 1/1/2
f 65/133/9 68/134/9 67/135/9 66/136/9
f 69/137/6 65/138/6 66/139/6 70/140/6
f 71/141/10 69/142/10 70/143/10 72/144/10
f 68/145/5 71/146/5 72/147/5 67/148/5
f 66/149/2 67/150/2 72/151/2 70/152/2
f 73/153/9 76/154/9 75/155/9 74/156/9
f 74/157/1 75/158/1 78/159/1 77/160/1
f 77/161/10 78/162/10 80/163/10 79/164/10
f 79/165/4 80/166/4 76/167/4 73/168/4
f 79/169/2 73/170/2 74/171/2 77/172/2
f 81/173/5 84/174/11 83/175/11 82/176/5
f 85/177/2 88/178/2 87/179/2 86/180/2
f 89/181/3 82/182/3 83/183/3 90/184/3
f 91/185/3 94/186/3 93/187/3 92/188/3
f 95/189/6 98/190/6 97/191/12 96/192/12
f 85/193/6 100/194/6 99/195/12 88/196/12
f 100/197/3 95/198/3 96/199/3 99/200/3
f 98/201/2 102/202/2 101/203/2 97/204/2
f 103/205/1 106/206/1 105/207/13 104/208/13
f 107/209/4 110/210/14 109/211/14 108/212/4
f 111/213/4 114/214/14 113/215/14 112/216/4
f 115/217/15 118/218/15 117/219/15 116/220/15
f 119/221/12 115/222/12 116/223/12 120/224/12
f 121/225/16 119/226/16 120/227/16 122/228/16
f 118/229/11 121/230/11 122/231/11 117/232/11
f 116/233/2 117/234/2 122/235/2 120/236/2
f 123/237/15 126/238/15 125/239/15 124/240/15
f 124/241/13 125/242/13 128/243/13 127/244/13
f 127/245/16 128/246/16 130/247/16 129/248/16
f 129/249/14 130/250/14 126/251/14 123/252/14
f 129/253/2 123/254/2 124/255/2 127/256/2
f 87/257/11 93/258/11 94/259/5 86/260/5
f 92/261/11 132/262/11 131/263/5 91/264/5
f 101/265/12 102/266/6 89/267/6 90/268/12
f 105/269/2 106/270/2 134/271/2 133/272/2
f 135/273/3 138/274/3 137/275/3 136/276/3
f 136/277/13 137/278/1 140/279/1 139/280/13
f 133/281/13 134/282/1 138/283/1 135/284/13
f 110/285/2 107/286/2 142/287/2 141/288/2
f 114/289/3 111/290/3 108/291/3 109/292/3
f 143/293/3 144/294/3 103/295/3 104/296/3
f 113/297/2 139/298/2 140/299/2 112/300/2
f 143/301/14 141/302/14 142/303/4 144/304/4
f 131/263/2 132/262/2 84/174/2 81/173/2
f 145/305/17 148/306/17 147/307/17 146/308/17
f 149/309/18 145/310/18 146/311/18 150/312/18
f 151/313/19 149/314/19 150/315/19 152/316/19
f 148/317/20 151/318/20 152/319/20 147/320/20
f 146/321/2 147/322/2 152/323/2 150/324/2
f 153/325/17 156/326/17 155/327/17 154/328/17
f 154/329/21 155/330/21 158/331/21 157/332/21
f 157/333/19 158/334/19 160/335/19 159/336/19
f 159/337/22 160/338/22 156/339/22 153/340/22
f 159/341/2 153/342/2 154/343/2 157/344/2
f 161/345/23 164/346/24 163/347/24 162/348/23
f 165/349/2 168/350/2 167/351/2 166/352/2
f 169/353/3 162/354/3 163/355/3 170/356/3
f 171/357/3 174/358/3 173/359/3 172/360/3
f 175/361/25 178/362/25 177/363/26 176/364/26
f 165/365/25 180/366/25 179/367/26 168/368/26
f 180/369/3 175/370/3 176/371/3 179/372/3
f 178/373/2 182/374/2 181/375/2 177/376/2
f 183/377/27 186/378/27 185/379/28 184/380/28
f 187/381/29 190/382/30 189/383/30 188/384/29
f 191/385/29 194/386/30 193/387/30 192/388/29
f 195/389/31 198/390/31 197/391/31 196/392/31
f 199/393/32 195/394/32 196/395/32 200/396/32
f 201/397/33 199/398/33 200/399/33 202/400/33
f 198/401/34 201/402/34 202/403/34 197/404/34
f 196/405/2 197/406/2 202/407/2 200/408/2
f 203/409/35 206/410/35 205/411/35 204/412/35
f 204/413/36 205/414/36 208/415/36 207/416/36
f 207/417/33 208/418/33 210/419/33 209/420/33
f 209/421/37 210/422/37 206/423/37 203/424/37
f 209/425/2 203/426/2 204/427/2 207/428/2
f 167/429/24 173/430/24 174/431/23 166/432/23
f 172/433/24 212/434/24 211/435/23 171/436/23
f 181/437/26 182/438/25 169/439/25 170/440/26
f 185/441/2 186/442/2 214/443/2 213/444/2
f 215/445/3 218/446/3 217/447/3 216/448/3
f 216/449/28 217/450/38 220/451/38 219/452/28
f 213/453/28 214/454/38 218/455/38 215/456/28
f 190/457/2 187/458/2 222/459/2 221/460/2
f 194/461/3 191/462/3 188/463/3 189/464/3
f 223/465/3 224/466/3 183/467/3 184/468/3
f 193/469/2 219/470/2 220/471/2 192/472/2
f 223/473/30 221/474/30 222/475/29 224/476/29
f 211/435/2 212/434/2 164/346/2 161/345/2
f 225/477/39 228/478/39 227/479/39 226/480/39
f 229/481/40 225/482/40 226/483/40 230/484/40
f 231/485/41 229/486/41 230/487/41 232/488/41
f 228/489/42 231/490/42 232/491/42 227/492/42
f 226/493/2 227/494/2 232/495/2 230/496/2
f 233/497/39 236/498/39 235/499/39 234/500/39
f 234/501/42 235/502/42 238/503/42 237/504/42
f 237/505/41 238/506/41 240/507/41 239/508/41
f 239/509/43 240/510/43 236/511/43 233/512/43
f 239/513/2 233/514/2 234/515/2 237/516/2
f 241/517/44 244/518/45 243/519/45 242/520/44
f 245/521/2 248/522/2 247/523/2 246/524/2
f 249/525/3 242/526/3 243/527/3 250/528/3
f 251/529/3 254/530/3 253/531/3 252/532/3
f 255/533/32 258/534/32 257/535/46 256/536/46
f 245/537/32 260/538/32 259/539/46 248/540/46
f 260/541/3 255/542/3 256/543/3 259/544/3
f 258/545/2 262/546/2 261/547/2 257/548/2
f 263/549/36 266/550/36 265/551/47 264/552/47
f 267/553/48 270/554/49 269/555/49 268/556/48
f 271/557/48 274/558/49 273/559/49 272/560/48
f 275/561/50 278/562/50 277/563/50 276/564/50
f 279/565/48 275/566/48 276/567/48 280/568/48
f 281/569/51 279/570/51 280/571/51 282/572/51
f 278/573/52 281/574/52 282/575/52 277/576/52
f 276/577/2 277/578/2 282/579/2 280/580/2
f 283/581/53 286/582/53 285/583/53 284/584/53
f 284/585/44 285/586/44 288/587/44 287/588/44
f 287/589/51 288/590/51 290/591/51 289/592/51
f 289/593/32 290/594/32 286/595/32 283/596/32
f 289/597/2 283/598/2 284/599/2 287/600/2
f 247/601/45 253/602/45 254/603/44 246/604/44
f 252/605/45 292/606/45 291/607/44 251/608/44
f 261/609/46 262/610/32 249/611/32 250/612/46
f 265/613/2 266/614/2 294/615/2 293/616/2
f 295/617/3 298/618/3 297/619/3 296/620/3
f 296/621/47 297/622/36 300/623/36 299/624/47
f 293/625/47 294/626/36 298/627/36 295/628/47
f 270/629/2 267/630/2 302/631/2 301/632/2
f 274/633/3 271/634/3 268/635/3 269/636/3
f 303/637/3 304/638/3 263/639/3 264/640/3
f 273/641/2 299/642/2 300/643/2 272/644/2
f 303/645/49 301/646/49 302/647/48 304/648/48
f 291/607/2 292/606/2 244/518/2 241/517/2
f 305/649/54 308/650/54 307/651/54 306/652/54
f 309/653/55 305/654/55 306/655/55 310/656/55
f 311/657/56 309/658/56 310/659/56 312/660/56
f 308/661/57 311/662/57 312/663/57 307/664/57
f 306/665/2 307/666/2 312/667/2 310/668/2
f 313/669/54 316/670/54 315/671/54 314/672/54
f 314/673/58 315/674/58 318/675/58 317/676/58
f 317/677/56 318/678/56 320/679/56 319/680/56
f 319/681/59 320/682/59 316/683/59 313/684/59
f 319/685/2 313/686/2 314/687/2 317/688/2
f 321/689/60 324/690/61 323/691/61 322/692/60
f 325/693/2 328/694/2 327/695/2 326/696/2
f 329/697/3 322/698/3 323/699/3 330/700/3
f 331/701/3 334/702/3 333/703/3 332/704/3
f 335/705/62 338/706/62 337/707/63 336/708/63
f 325/709/62 340/710/62 339/711/63 328/712/63
f 340/713/3 335/714/3 336/715/3 339/716/3
f 338/717/2 342/718/2 341/719/2 337/720/2
f 343/721/64 346/722/64 345/723/65 344/724/65
f 347/725/66 350/726/67 349/727/67 348/728/66
f 351/729/66 354/730/67 353/731/67 352/732/66
f 355/733/68 358/734/68 357/735/68 356/736/68
f 359/737/69 355/738/69 356/739/69 360/740/69
f 361/741/70 359/742/70 360/743/70 362/744/70
f 358/745/71 361/746/71 362/747/71 357/748/71
f 356/749/2 357/750/2 362/751/2 360/752/2
f 363/753/68 366/754/68 365/755/68 364/756/68
f 364/757/71 365/758/71 368/759/71 367/760/71
f 367/761/70 368/762/70 370/763/70 369/764/70
f 369/765/69 370/766/69 366/767/69 363/768/69
f 369/769/2 363/770/2 364/771/2 367/772/2
f 327/773/61 333/774/61 334/775/60 326/776/60
f 332/777/61 372/778/61 371/779/60 331/780/60
f 341/781/63 342/782/72 329/783/72 330/784/63
f 345/785/2 346/786/2 374/787/2 373/788/2
f 375/789/3 378/790/3 377/791/3 376/792/3
f 376/793/65 377/794/64 380/795/64 379/796/65
f 373/797/65 374/798/64 378/799/64 375/800/65
f 350/801/2 347/802/2 382/803/2 381/804/2
f 354/805/3 351/806/3 348/807/3 349/808/3
f 383/809/3 384/810/3 343/811/3 344/812/3
f 353/813/2 379/814/2 380/815/2 352/816/2
f 383/817/67 381/818/67 382/819/66 384/820/66
f 371/779/2 372/778/2 324/690/2 321/689/2
f 385/821/73 388/822/73 387/823/73 386/824/73
f 389/825/74 385/826/74 386/827/74 390/828/74
f 391/829/75 389/830/75 390/831/75 392/832/75
f 388/833/76 391/834/76 392/835/76 387/836/76
f 386/837/2 387/838/2 392/839/2 390/840/2
f 393/841/73 396/842/73 395/843/73 394/844/73
f 394/845/77 395/846/77 398/847/77 397/848/77
f 397/849/75 398/850/75 400/851/75 399/852/75
f 399/853/78 400/854/78 396/855/78 393/856/78
f 399/857/2 393/858/2 394/859/2 397/860/2
f 401/861/79 404/862/80 403/863/80 402/864/79
f 405/865/2 408/866/2 407/867/2 406/868/2
f 409/869/3 402/870/3 403/871/3 410/872/3
f 411/873/3 414/874/3 413/875/3 412/876/3
f 415/877/81 418/878/81 417/879/82 416/880/82
f 405/881/81 420/882/81 419/883/82 408/884/82
f 420/885/3 415/886/3 416/887/3 419/888/3
f 418/889/2 422/890/2 421/891/2 417/892/2
f 423/893/83 426/894/83 425/895/84 424/896/84
f 427/897/85 430/898/86 429/899/86 428/900/85
f 431/901/85 434/902/86 433/903/86 432/904/85
f 435/905/87 438/906/87 437/907/87 436/908/87
f 439/909/86 435/910/86 436/911/86 440/912/86
f 441/913/88 439/914/88 440/915/88 442/916/88
f 438/917/89 441/918/89 442/919/89 437/920/89
f 436/921/2 437/922/2 442/923/2 440/924/2
f 443/925/87 446/926/87 445/927/87 444/928/87
f 444/929/80 445/930/80 448/931/80 447/932/80
f 447/933/90 448/934/90 450/935/90 449/936/90
f 449/937/91 450/938/91 446/939/91 443/940/91
f 449/941/2 443/942/2 444/943/2 447/944/2
f 407/945/80 413/946/80 414/947/79 406/948/79
f 412/949/92 452/950/92 451/951/79 411/952/79
f 421/953/82 422/954/81 409/955/81 410/956/82
f 425/957/2 426/958/2 454/959/2 453/960/2
f 455/961/3 458/962/3 457/963/3 456/964/3
f 456/965/84 457/966/83 460/967/83 459/968/84
f 453/969/84 454/970/83 458/971/83 455/972/84
f 430/973/2 427/974/2 462/975/2 461/976/2
f 434/977/3 431/978/3 428/979/3 429/980/3
f 463/981/3 464/982/3 423/983/3 424/984/3
f 433/985/2 459/986/2 460/987/2 432/988/2
f 463/989/86 461/990/86 462/991/85 464/992/85
f 451/951/2 452/950/2 404/862/2 401/861/2
f 372/778/2 291/607/2 241/517/2 324/690/2
f 333/703/3 254/530/3 251/529/3 332/704/3
f 465/993/93 468/994/93 467/995/93 466/996/93
f 469/997/94 465/998/94 466/999/94 470/1000/94
f 471/1001/95 469/1002/95 470/1003/95 472/1004/95
f 468/1005/96 471/1006/96 472/1007/96 467/1008/96
f 466/1009/2 467/1010/2 472/1011/2 470/1012/2
f 473/1013/93 476/1014/93 475/1015/93 474/1016/93
f 474/1017/97 475/1018/97 478/1019/97 477/1020/97
f 477/1021/95 478/1022/95 480/1023/95 479/1024/95
f 479/1025/98 480/1026/98 476/1027/98 473/1028/98
f 479/1029/2 473/1030/2 474/1031/2 477/1032/2
f 323/699/3 242/526/3 249/525/3 330/700/3
f 341/719/2 262/546/2 258/545/2 337/720/2
f 332/777/61 251/608/99 291/607/99 372/778/61
f 339/711/63 260/538/100 245/537/100 328/712/63
f 328/694/2 245/521/2 246/524/2 327/695/2
f 481/1033/101 484/1034/102 483/1035/102 482/1036/101
f 485/1037/2 488/1038/2 487/1039/2 486/1040/2
f 489/1041/3 482/1042/3 483/1043/3 490/1044/3
f 491/1045/3 494/1046/3 493/1047/3 492/1048/3
f 495/1049/103 498/1050/103 497/1051/104 496/1052/104
f 485/1053/103 500/1054/103 499/1055/104 488/1056/104
f 500/1057/3 495/1058/3 496/1059/3 499/1060/3
f 498/1061/2 502/1062/2 501/1063/2 497/1064/2
f 503/1065/105 506/1066/105 505/1067/106 504/1068/106
f 507/1069/107 510/1070/108 509/1071/108 508/1072/107
f 511/1073/107 514/1074/108 513/1075/108 512/1076/107
f 515/1077/109 518/1078/109 517/1079/109 516/1080/109
f 519/1081/110 515/1082/110 516/1083/110 520/1084/110
f 521/1085/111 519/1086/111 520/1087/111 522/1088/111
f 518/1089/112 521/1090/112 522/1091/112 517/1092/112
f 516/1093/2 517/1094/2 522/1095/2 520/1096/2
f 523/1097/109 526/1098/109 525/1099/109 524/1100/109
f 524/1101/113 525/1102/113 528/1103/113 527/1104/113
f 527/1105/111 528/1106/111 530/1107/111 529/1108/111
f 529/1109/114 530/1110/114 526/1111/114 523/1112/114
f 529/1113/2 523/1114/2 524/1115/2 527/1116/2
f 487/1117/102 493/1118/102 494/1119/101 486/1120/101
f 492/1121/102 532/1122/102 531/1123/101 491/1124/101
f 501/1125/104 502/1126/103 489/1127/103 490/1128/104
f 505/1129/2 506/1130/2 534/1131/2 533/1132/2
f 535/1133/3 538/1134/3 537/1135/3 536/1136/3
f 536/1137/106 537/1138/105 540/1139/105 539/1140/106
f 533/1141/115 534/1142/105 538/1143/105 535/1144/115
f 510/1145/2 507/1146/2 542/1147/2 541/1148/2
f 514/1149/3 511/1150/3 508/1151/3 509/1152/3
f 543/1153/3 544/1154/3 503/1155/3 504/1156/3
f 513/1157/2 539/1158/2 540/1159/2 512/1160/2
f 543/1161/108 541/1162/108 542/1163/116 544/1164/116
f 531/1123/2 532/1122/2 484/1034/2 481/1033/2
f 381/804/2 302/631/2 267/630/2 350/801/2
f 379/796/65 300/623/117 297/622/117 376/793/65
f 350/726/67 267/553/118 268/556/118 349/727/67
f 353/813/2 272/644/2 300/643/2 379/814/2
f 375/800/65 298/627/117 294/626/117 373/797/65
f 349/808/3 268/635/3 271/634/3 354/805/3
f 373/788/2 294/615/2 266/614/2 345/785/2
f 344/812/3 263/639/3 304/638/3 383/809/3
f 299/624/47 220/451/38 217/450/38 296/621/47
f 274/558/49 191/385/29 192/388/29 273/559/49
f 244/518/45 161/345/23 162/348/23 243/519/45
f 545/1165/119 548/1166/119 547/1167/119 546/1168/119
f 549/1169/120 545/1170/120 546/1171/120 550/1172/120
f 551/1173/121 549/1174/121 550/1175/121 552/1176/121
f 548/1177/122 551/1178/122 552/1179/122 547/1180/122
f 546/1181/2 547/1182/2 552/1183/2 550/1184/2
f 553/1185/119 556/1186/119 555/1187/119 554/1188/119
f 554/1189/122 555/1190/122 558/1191/122 557/1192/122
f 557/1193/121 558/1194/121 560/1195/121 559/1196/121
f 559/1197/120 560/1198/120 556/1199/120 553/1200/120
f 559/1201/2 553/1202/2 554/1203/2 557/1204/2
f 376/792/3 297/619/3 298/618/3 375/789/3
f 354/730/67 271/557/118 272/560/118 353/731/67
f 383/817/67 304/648/118 302/647/118 381/818/67
f 295/628/47 218/455/38 214/454/38 293/625/47
f 248/522/2 165/349/2 166/352/2 247/523/2
f 256/543/3 175/370/3 180/369/3 259/544/3
f 269/636/3 188/463/3 191/462/3 274/633/3
f 273/641/2 192/472/2 220/471/2 299/642/2
f 243/527/3 162/354/3 169/353/3 250/528/3
f 303/645/49 224/476/29 222/475/29 301/646/49
f 292/606/2 211/435/2 161/345/2 244/518/2
f 301/632/2 222/459/2 187/458/2 270/629/2
f 345/723/65 266/550/117 263/549/117 344/724/65
f 561/1205/123 564/1206/124 563/1207/124 562/1208/123
f 565/1209/2 568/1210/2 567/1211/2 566/1212/2
f 569/1213/3 562/1214/3 563/1215/3 570/1216/3
f 571/1217/3 574/1218/3 573/1219/3 572/1220/3
f 575/1221/125 578/1222/125 577/1223/126 576/1224/126
f 565/1225/125 580/1226/125 579/1227/126 568/1228/126
f 580/1229/3 575/1230/3 576/1231/3 579/1232/3
f 578/1233/2 582/1234/2 581/1235/2 577/1236/2
f 583/1237/127 586/1238/127 585/1239/128 584/1240/128
f 587/1241/129 590/1242/130 589/1243/130 588/1244/129
f 591/1245/129 594/1246/130 593/1247/130 592/1248/129
f 595/1249/131 598/1250/131 597/1251/131 596/1252/131
f 599/1253/132 595/1254/132 596/1255/132 600/1256/132
f 601/1257/133 599/1258/133 600/1259/133 602/1260/133
f 598/1261/134 601/1262/134 602/1263/134 597/1264/134
f 596/1265/2 597/1266/2 602/1267/2 600/1268/2
f 603/1269/131 606/1270/131 605/1271/131 604/1272/131
f 604/1273/135 605/1274/135 608/1275/135 607/1276/135
f 607/1277/133 608/1278/133 610/1279/133 609/1280/133
f 609/1281/136 610/1282/136 606/1283/136 603/1284/136
f 609/1285/2 603/1286/2 604/1287/2 607/1288/2
f 567/1289/124 573/1290/124 574/1291/123 566/1292/123
f 572/1293/124 612/1294/124 611/1295/123 571/1296/123
f 581/1297/137 582/1298/125 569/1299/125 570/1300/137
f 585/1301/2 586/1302/2 614/1303/2 613/1304/2
f 615/1305/3 618/1306/3 617/1307/3 616/1308/3
f 616/1309/128 617/1310/127 620/1311/127 619/1312/128
f 613/1313/128 614/1314/127 618/1315/127 615/1316/128
f 590/1317/2 587/1318/2 622/1319/2 621/1320/2
f 594/1321/3 591/1322/3 588/1323/3 589/1324/3
f 623/1325/3 624/1326/3 583/1327/3 584/1328/3
f 593/1329/2 619/1330/2 620/1331/2 592/1332/2
f 623/1333/130 621/1334/130 622/1335/129 624/1336/129
f 611/1295/2 612/1294/2 564/1206/2 561/1205/2
f 168/350/2 85/177/2 86/180/2 167/351/2
f 164/346/21 81/173/5 82/176/5 163/347/21
f 167/429/21 86/260/5 94/259/5 173/430/21
f 212/434/2 131/263/2 81/173/2 164/346/2
f 170/440/138 89/267/6 102/266/6 181/437/138
f 173/359/3 94/186/3 91/185/3 172/360/3
f 181/375/2 102/202/2 98/201/2 177/376/2
f 176/371/3 95/198/3 100/197/3 179/372/3
f 190/382/18 107/209/4 108/212/4 189/383/18
f 194/386/18 111/213/4 112/216/4 193/387/18
f 213/444/2 134/271/2 106/270/2 185/441/2
f 625/1337/139 628/1338/139 627/1339/139 626/1340/139
f 629/1341/140 625/1342/140 626/1343/140 630/1344/140
f 631/1345/141 629/1346/141 630/1347/141 632/1348/141
f 628/1349/142 631/1350/142 632/1351/142 627/1352/142
f 626/1353/2 627/1354/2 632/1355/2 630/1356/2
f 633/1357/139 636/1358/139 635/1359/139 634/1360/139
f 634/1361/135 635/1362/135 638/1363/135 637/1364/135
f 637/1365/141 638/1366/141 640/1367/141 639/1368/141
f 639/1369/143 640/1370/143 636/1371/143 633/1372/143
f 639/1373/2 633/1374/2 634/1375/2 637/1376/2
f 163/355/3 82/182/3 89/181/3 170/356/3
f 172/433/21 91/264/5 131/263/5 212/434/21
f 179/367/138 100/194/6 85/193/6 168/368/138
f 221/460/2 142/287/2 107/286/2 190/457/2
f 219/452/20 140/279/1 137/278/1 216/449/20
f 189/464/3 108/291/3 111/290/3 194/461/3
f 193/469/2 112/300/2 140/299/2 219/470/2
f 184/468/3 103/295/3 144/294/3 223/465/3
f 215/456/20 138/283/1 134/282/1 213/453/20
f 223/473/18 144/304/4 142/303/4 221/474/18
f 216/448/3 137/275/3 138/274/3 215/445/3
f 185/379/20 106/206/1 103/205/1 184/380/20
f 177/363/22 98/190/6 95/189/6 176/364/22
f 105/207/13 26/34/5 23/33/5 104/208/13
f 104/296/3 23/123/3 64/122/3 143/293/3
f 143/301/14 64/132/6 62/131/6 141/302/14
f 141/288/2 62/115/2 27/114/2 110/285/2
f 110/210/14 27/37/6 28/40/6 109/211/14
f 109/292/3 28/119/3 31/118/3 114/289/3
f 114/214/14 31/41/6 32/44/6 113/215/14
f 113/297/2 32/128/2 60/127/2 139/298/2
f 139/280/13 60/107/5 57/106/5 136/277/13
f 136/276/3 57/103/3 58/102/3 135/273/3
f 135/284/13 58/111/5 54/110/5 133/281/13
f 133/272/2 54/99/2 26/98/2 105/269/2
f 97/191/12 18/18/4 15/17/4 96/192/12
f 96/199/3 15/26/3 20/25/3 99/200/3
f 99/195/12 20/22/4 5/21/4 88/196/12
f 88/178/2 5/5/2 6/8/2 87/179/2
f 87/257/11 6/88/1 14/87/1 93/258/11
f 93/187/3 14/14/3 11/13/3 92/188/3
f 92/261/11 11/92/1 51/91/1 132/262/11
f 132/262/2 51/91/2 1/1/2 84/174/2
f 84/174/11 1/1/1 2/4/1 83/175/11
f 83/183/3 2/10/3 9/9/3 90/184/3
f 90/268/12 9/95/4 22/94/4 101/265/12
f 101/203/2 22/30/2 18/29/2 97/204/2
f 330/784/63 249/611/100 262/610/100 341/781/63
f 327/773/61 246/604/99 254/603/99 333/774/61
f 337/707/63 258/534/100 255/533/100 336/708/63
f 324/690/61 241/517/99 242/520/99 323/691/61
f 336/715/3 255/542/3 260/541/3 339/716/3
f 293/616/2 214/443/2 186/442/2 265/613/2
f 259/539/46 180/366/25 165/365/25 248/540/46
f 261/547/2 182/374/2 178/373/2 257/548/2
f 270/554/49 187/381/29 188/384/29 269/555/49
f 253/531/3 174/358/3 171/357/3 252/532/3
f 257/535/46 178/362/25 175/361/25 256/536/46
f 247/601/45 166/432/23 174/431/23 253/602/45
f 265/551/47 186/378/27 183/377/27 264/552/47
f 250/612/46 169/439/25 182/438/25 261/609/46
f 296/620/3 217/447/3 218/446/3 295/617/3
f 252/605/45 171/436/23 211/435/23 292/606/45
f 264/640/3 183/467/3 224/466/3 303/637/3
f 425/895/144 346/722/64 343/721/64 424/896/144
f 424/984/3 343/811/3 384/810/3 463/981/3
f 463/989/145 384/820/66 382/819/66 461/990/145
f 461/976/2 382/803/2 347/802/2 430/973/2
f 430/898/145 347/725/66 348/728/66 429/899/145
f 429/980/3 348/807/3 351/806/3 434/977/3
f 434/902/145 351/729/66 352/732/66 433/903/145
f 433/985/2 352/816/2 380/815/2 459/986/2
f 459/968/144 380/795/64 377/794/64 456/965/144
f 456/964/3 377/791/3 378/790/3 455/961/3
f 455/972/144 378/799/64 374/798/64 453/969/144
f 453/960/2 374/787/2 346/786/2 425/957/2
f 417/879/146 338/706/62 335/705/62 416/880/146
f 416/887/3 335/714/3 340/713/3 419/888/3
f 419/883/146 340/710/62 325/709/62 408/884/146
f 408/866/2 325/693/2 326/696/2 407/867/2
f 407/945/147 326/776/60 334/775/60 413/946/147
f 413/875/3 334/702/3 331/701/3 412/876/3
f 412/949/147 331/780/60 371/779/60 452/950/147
f 452/950/2 371/779/2 321/689/2 404/862/2
f 404/862/147 321/689/60 322/692/60 403/863/147
f 403/871/3 322/698/3 329/697/3 410/872/3
f 410/956/146 329/783/72 342/782/72 421/953/146
f 421/891/2 342/718/2 338/717/2 417/892/2
f 504/1156/3 423/983/3 464/982/3 543/1153/3
f 505/1067/80 426/894/83 423/893/83 504/1068/80
f 543/1161/94 464/992/85 462/991/85 541/1162/94
f 541/1148/2 462/975/2 427/974/2 510/1145/2
f 510/1070/94 427/897/85 428/900/85 509/1071/94
f 509/1152/3 428/979/3 431/978/3 514/1149/3
f 514/1074/94 431/901/85 432/904/85 513/1075/94
f 513/1157/2 432/988/2 460/987/2 539/1158/2
f 539/1140/80 460/967/83 457/966/83 536/1137/80
f 536/1136/3 457/963/3 458/962/3 535/1133/3
f 535/1144/80 458/971/83 454/970/83 533/1141/80
f 533/1132/2 454/959/2 426/958/2 505/1129/2
f 497/1051/98 418/878/81 415/877/81 496/1052/98
f 496/1059/3 415/886/3 420/885/3 499/1060/3
f 499/1055/98 420/882/81 405/881/81 488/1056/98
f 488/1038/2 405/865/2 406/868/2 487/1039/2
f 487/1117/148 406/948/79 414/947/79 493/1118/148
f 493/1047/3 414/874/3 411/873/3 492/1048/3
f 492/1121/148 411/952/79 451/951/79 532/1122/148
f 532/1122/2 451/951/2 401/861/2 484/1034/2
f 484/1034/97 401/861/79 402/864/79 483/1035/97
f 483/1043/3 402/870/3 409/869/3 490/1044/3
f 490/1128/98 409/955/81 422/954/81 501/1125/98
f 501/1063/2 422/890/2 418/889/2 497/1064/2
f 585/1239/122 506/1066/105 503/1065/105 584/1240/122
f 584/1328/3 503/1155/3 544/1154/3 623/1325/3
f 623/1333/120 544/1164/116 542/1163/116 621/1334/120
f 621/1320/2 542/1147/2 507/1146/2 590/1317/2
f 590/1242/120 507/1069/107 508/1072/107 589/1243/120
f 589/1324/3 508/1151/3 511/1150/3 594/1321/3
f 594/1246/120 511/1073/107 512/1076/107 593/1247/120
f 593/1329/2 512/1160/2 540/1159/2 619/1330/2
f 619/1312/122 540/1139/105 537/1138/105 616/1309/122
f 616/1308/3 537/1135/3 538/1134/3 615/1305/3
f 615/1316/122 538/1143/105 534/1142/105 613/1313/122
f 613/1304/2 534/1131/2 506/1130/2 585/1301/2
f 577/1223/120 498/1050/103 495/1049/103 576/1224/120
f 576/1231/3 495/1058/3 500/1057/3 579/1232/3
f 579/1227/120 500/1054/103 485/1053/103 568/1228/120
f 568/1210/2 485/1037/2 486/1040/2 567/1211/2
f 567/1289/122 486/1120/101 494/1119/101 573/1290/122
f 573/1219/3 494/1046/3 491/1045/3 572/1220/3
f 572/1293/122 491/1124/101 531/1123/101 612/1294/122
f 612/1294/2 531/1123/2 481/1033/2 564/1206/2
f 564/1206/122 481/1033/101 482/1036/101 563/1207/122
f 563/1215/3 482/1042/3 489/1041/3 570/1216/3
f 570/1300/120 489/1127/103 502/1126/103 581/1297/120
f 581/1235/2 502/1062/2 498/1061/2 577/1236/2
f 641/1377/7 644/1378/7 643/1379/7 642/1380/7
f 645/1381/18 641/1382/18 642/1383/18 646/1384/18
f 647/1385/149 645/1386/149 646/1387/149 648/1388/149
f 644/1389/21 647/1390/21 648/1391/21 643/1392/21
f 642/1393/2 643/1394/2 648/1395/2 646/1396/2
f 645/1397/3 647/1398/3 644/1399/3 641/1400/3
f 649/1401/150 652/1402/150 651/1403/150 650/1404/150
f 653/1405/4 649/1406/4 650/1407/4 654/1408/4
f 655/1409/151 653/1410/151 654/1411/151 656/1412/151
f 652/1413/21 655/1414/21 656/1415/21 651/1416/21
f 650/1417/2 651/1418/2 656/1419/2 654/1420/2
f 653/1421/3 655/1422/3 652/1423/3 649/1424/3
f 657/1425/152 660/1426/152 659/1427/152 658/1428/152
f 661/1429/6 657/1430/6 658/1431/6 662/1432/6
f 663/1433/153 661/1434/153 662/1435/153 664/1436/153
f 660/1437/11 663/1438/11 664/1439/11 659/1440/11
f 658/1441/2 659/1442/2 664/1443/2 662/1444/2
f 661/1445/3 663/1446/3 660/1447/3 657/1448/3
f 665/1449/154 668/1450/154 667/1451/154 666/1452/154
f 669/1453/138 665/1454/138 666/1455/138 670/1456/138
f 671/1457/155 669/1458/155 670/1459/155 672/1460/155
f 668/1461/156 671/1462/156 672/1463/156 667/1464/156
f 666/1465/2 667/1466/2 672/1467/2 670/1468/2
f 669/1469/3 671/1470/3 668/1471/3 665/1472/3
f 673/1473/157 676/1474/157 675/1475/157 674/1476/157
f 677/1477/158 673/1478/158 674/1479/158 678/1480/158
f 679/1481/159 677/1482/159 678/1483/159 680/1484/159
f 676/1485/160 679/1486/160 680/1487/160 675/1488/160
f 674/1489/2 675/1490/2 680/1491/2 678/1492/2
f 677/1493/3 679/1494/3 676/1495/3 673/1496/3
f 681/1497/161 684/1498/161 683/1499/161 682/1500/161
f 685/1501/43 681/1502/43 682/1503/43 686/1504/43
f 687/1505/162 685/1506/162 686/1507/162 688/1508/162
f 684/1509/42 687/1510/42 688/1511/42 683/1512/42
f 682/1513/2 683/1514/2 688/1515/2 686/1516/2
f 685/1517/3 687/1518/3 684/1519/3 681/1520/3
f 689/1521/163 692/1522/163 691/1523/163 690/1524/163
f 693/1525/164 689/1526/164 690/1527/164 694/1528/164
f 695/1529/165 693/1530/165 694/1531/165 696/1532/165
f 692/1533/166 695/1534/166 696/1535/166 691/1536/166
f 690/1537/2 691/1538/2 696/1539/2 694/1540/2
f 693/1541/3 695/1542/3 692/1543/3 689/1544/3
f 697/1545/167 700/1546/167 699/1547/167 698/1548/167
f 701/1549/168 697/1550/168 698/1551/168 702/1552/168
f 703/1553/169 701/1554/169 702/1555/169 704/1556/169
f 700/1557/170 703/1558/170 704/1559/170 699/1560/170
f 698/1561/2 699/1562/2 704/1563/2 702/1564/2
f 701/1565/3 703/1566/3 700/1567/3 697/1568/3
f 705/1569/171 708/1570/171 707/1571/171 706/1572/171
f 709/1573/172 705/1574/172 706/1575/172 710/1576/172
f 711/1577/173 709/1578/173 710/1579/173 712/1580/173
f 708/1581/71 711/1582/71 712/1583/71 707/1584/71
f 706/1585/2 707/1586/2 712/1587/2 710/1588/2
f 709/1589/3 711/1590/3 708/1591/3 705/1592/3
f 713/1593/174 716/1594/174 715/1595/174 714/1596/174
f 717/1597/175 713/1598/175 714/1599/175 718/1600/175
f 719/1601/176 717/1602/176 718/1603/176 720/1604/176
f 716/1605/177 719/1606/177 720/1607/177 715/1608/177
f 714/1609/2 715/1610/2 720/1611/2 718/1612/2
f 717/1613/3 719/1614/3 716/1615/3 713/1616/3
f 721/1617/178 724/1618/178 723/1619/178 722/1620/178
f 725/1621/179 721/1622/179 722/1623/179 726/1624/179
f 727/1625/180 725/1626/180 726/1627/180 728/1628/180
f 724/1629/181 727/1630/181 728/1631/181 723/1632/181
f 722/1633/2 723/1634/2 728/1635/2 726/1636/2
f 725/1637/3 727/1638/3 724/1639/3 721/1640/3
f 729/1641/182 732/1642/182 731/1643/182 730/1644/182
f 733/1645/86 729/1646/86 730/1647/86 734/1648/86
f 735/1649/183 733/1650/183 734/1651/183 736/1652/183
f 732/1653/92 735/1654/92 736/1655/92 731/1656/92
f 730/1657/2 731/1658/2 736/1659/2 734/1660/2
f 733/1661/3 735/1662/3 732/1663/3 729/1664/3
f 737/1665/184 740/1666/184 739/1667/184 738/1668/184
f 741/1669/185 737/1670/185 738/1671/185 742/1672/185
f 743/1673/186 741/1674/186 742/1675/186 744/1676/186
f 740/1677/187 743/1678/187 744/1679/187 739/1680/187
f 738/1681/2 739/1682/2 744/1683/2 742/1684/2
f 741/1685/3 743/1686/3 740/1687/3 737/1688/3
f 745/1689/188 748/1690/188 747/1691/188 746/1692/188
f 749/1693/120 745/1694/120 746/1695/120 750/1696/120
f 751/1697/189 749/1698/189 750/1699/189 752/1700/189
f 748/1701/122 751/1702/122 752/1703/122 747/1704/122
f 746/1705/2 747/1706/2 752/1707/2 750/1708/2
f 749/1709/3 751/1710/3 748/1711/3 745/1712/3
f 753/1713/190 756/1714/190 755/1715/190 754/1716/190
f 757/1717/191 753/1718/191 754/1719/191 758/1720/191
f 759/1721/192 757/1722/192 758/1723/192 760/1724/192
f 756/1725/193 759/1726/193 760/1727/193 755/1728/193
f 754/1729/2 755/1730/2 760/1731/2 758/1732/2
f 757/1733/3 759/1734/3 756/1735/3 753/1736/3
f 761/1737/194 764/1738/194 763/1739/194 762/1740/194
f 765/1741/143 761/1742/143 762/1743/143 766/1744/143
f 767/1745/195 765/1746/195 766/1747/195 768/1748/195
f 764/1749/142 767/1750/142 768/1751/142 763/1752/142
f 762/1753/2 763/1754/2 768/1755/2 766/1756/2
f 765/1757/3 767/1758/3 764/1759/3 761/1760/3
f 769/1761/4 772/1762/4 771/1763/4 770/1764/4
f 773/1765/2 776/1766/2 775/1767/2 774/1768/2
f 777/1769/3 770/1770/3 771/1771/3 778/1772/3
f 779/1773/3 782/1774/3 781/1775/3 780/1776/3
f 783/1777/1 786/1778/1 785/1779/1 784/1780/1
f 773/1781/1 788/1782/1 787/1783/1 776/1784/1
f 788/1785/3 783/1786/3 784/1787/3 787/1788/3
f 786/1789/2 790/1790/2 789/1791/2 785/1792/2
f 791/1793/6 794/1794/6 793/1795/6 792/1796/6
f 795/1797/5 798/1798/5 797/1799/5 796/1800/5
f 799/1801/5 802/1802/5 801/1803/5 800/1804/5
f 803/1805/196 806/1806/196 805/1807/196 804/1808/196
f 807/1809/5 803/1810/5 804/1811/5 808/1812/5
f 809/1813/197 807/1814/197 808/1815/197 810/1816/197
f 806/1817/6 809/1818/6 810/1819/6 805/1820/6
f 804/1821/2 805/1822/2 810/1823/2 808/1824/2
f 811/1825/196 814/1826/196 813/1827/196 812/1828/196
f 812/1829/4 813/1830/4 816/1831/4 815/1832/4
f 815/1833/198 816/1834/198 818/1835/198 817/1836/198
f 817/1837/1 818/1838/1 814/1839/1 811/1840/1
f 817/1841/2 811/1842/2 812/1843/2 815/1844/2
f 775/1845/4 781/1846/4 782/1847/4 774/1848/4
f 780/1849/4 820/1850/4 819/1851/4 779/1852/4
f 789/1853/1 790/1854/1 777/1855/1 778/1856/1
f 793/1857/2 794/1858/2 822/1859/2 821/1860/2
f 823/1861/3 826/1862/3 825/1863/3 824/1864/3
f 824/1865/6 825/1866/6 828/1867/6 827/1868/6
f 821/1869/6 822/1870/6 826/1871/6 823/1872/6
f 798/1873/2 795/1874/2 830/1875/2 829/1876/2
f 802/1877/3 799/1878/3 796/1879/3 797/1880/3
f 831/1881/3 832/1882/3 791/1883/3 792/1884/3
f 801/1885/2 827/1886/2 828/1887/2 800/1888/2
f 831/1889/5 829/1890/5 830/1891/5 832/1892/5
f 819/1851/2 820/1850/2 772/1762/2 769/1761/2
f 833/1893/199 836/1894/199 835/1895/199 834/1896/199
f 837/1897/5 833/1898/5 834/1899/5 838/1900/5
f 839/1901/200 837/1902/200 838/1903/200 840/1904/200
f 836/1905/6 839/1906/6 840/1907/6 835/1908/6
f 834/1909/2 835/1910/2 840/1911/2 838/1912/2
f 841/1913/199 844/1914/199 843/1915/199 842/1916/199
f 842/1917/4 843/1918/4 846/1919/4 845/1920/4
f 845/1921/200 846/1922/200 848/1923/200 847/1924/200
f 847/1925/1 848/1926/1 844/1927/1 841/1928/1
f 847/1929/2 841/1930/2 842/1931/2 845/1932/2
f 849/1933/6 852/1934/12 851/1935/12 850/1936/6
f 853/1937/2 856/1938/2 855/1939/2 854/1940/2
f 857/1941/3 850/1942/3 851/1943/3 858/1944/3
f 859/1945/3 862/1946/3 861/1947/3 860/1948/3
f 863/1949/5 866/1950/5 865/1951/11 864/1952/11
f 853/1953/5 868/1954/5 867/1955/11 856/1956/11
f 868/1957/3 863/1958/3 864/1959/3 867/1960/3
f 866/1961/2 870/1962/2 869/1963/2 865/1964/2
f 871/1965/4 874/1966/4 873/1967/14 872/1968/14
f 875/1969/1 878/1970/13 877/1971/13 876/1972/1
f 879/1973/1 882/1974/13 881/1975/13 880/1976/1
f 883/1977/201 886/1978/201 885/1979/201 884/1980/201
f 887/1981/11 883/1982/11 884/1983/11 888/1984/11
f 889/1985/202 887/1986/202 888/1987/202 890/1988/202
f 886/1989/12 889/1990/12 890/1991/12 885/1992/12
f 884/1993/2 885/1994/2 890/1995/2 888/1996/2
f 891/1997/201 894/1998/201 893/1999/201 892/2000/201
f 892/2001/14 893/2002/14 896/2003/14 895/2004/14
f 895/2005/202 896/2006/202 898/2007/202 897/2008/202
f 897/2009/13 898/2010/13 894/2011/13 891/2012/13
f 897/2013/2 891/2014/2 892/2015/2 895/2016/2
f 855/2017/12 861/2018/12 862/2019/6 854/2020/6
f 860/2021/12 900/2022/12 899/2023/6 859/2024/6
f 869/2025/11 870/2026/5 857/2027/5 858/2028/11
f 873/2029/2 874/2030/2 902/2031/2 901/2032/2
f 903/2033/3 906/2034/3 905/2035/3 904/2036/3
f 904/2037/14 905/2038/4 908/2039/4 907/2040/14
f 901/2041/14 902/2042/4 906/2043/4 903/2044/14
f 878/2045/2 875/2046/2 910/2047/2 909/2048/2
f 882/2049/3 879/2050/3 876/2051/3 877/2052/3
f 911/2053/3 912/2054/3 871/2055/3 872/2056/3
f 881/2057/2 907/2058/2 908/2059/2 880/2060/2
f 911/2061/13 909/2062/13 910/2063/1 912/2064/1
f 899/2023/2 900/2022/2 852/1934/2 849/1933/2
f 913/2065/203 916/2066/203 915/2067/203 914/2068/203
f 917/2069/20 913/2070/20 914/2071/20 918/2072/20
f 919/2073/204 917/2074/204 918/2075/204 920/2076/204
f 916/2077/18 919/2078/18 920/2079/18 915/2080/18
f 914/2081/2 915/2082/2 920/2083/2 918/2084/2
f 921/2085/203 924/2086/203 923/2087/203 922/2088/203
f 922/2089/22 923/2090/22 926/2091/22 925/2092/22
f 925/2093/204 926/2094/204 928/2095/204 927/2096/204
f 927/2097/21 928/2098/21 924/2099/21 921/2100/21
f 927/2101/2 921/2102/2 922/2103/2 925/2104/2
f 929/2105/25 932/2106/26 931/2107/26 930/2108/25
f 933/2109/2 936/2110/2 935/2111/2 934/2112/2
f 937/2113/3 930/2114/3 931/2115/3 938/2116/3
f 939/2117/3 942/2118/3 941/2119/3 940/2120/3
f 943/2121/23 946/2122/23 945/2123/24 944/2124/24
f 933/2125/23 948/2126/23 947/2127/24 936/2128/24
f 948/2129/3 943/2130/3 944/2131/3 947/2132/3
f 946/2133/2 950/2134/2 949/2135/2 945/2136/2
f 951/2137/205 954/2138/205 953/2139/206 952/2140/206
f 955/2141/38 958/2142/207 957/2143/207 956/2144/38
f 959/2145/38 962/2146/207 961/2147/207 960/2148/38
f 963/2149/208 966/2150/208 965/2151/208 964/2152/208
f 967/2153/44 963/2154/44 964/2155/44 968/2156/44
f 969/2157/209 967/2158/209 968/2159/209 970/2160/209
f 966/2161/164 969/2162/164 970/2163/164 965/2164/164
f 964/2165/2 965/2166/2 970/2167/2 968/2168/2
f 971/2169/210 974/2170/210 973/2171/210 972/2172/210
f 972/2173/37 973/2174/37 976/2175/37 975/2176/37
f 975/2177/209 976/2178/209 978/2179/209 977/2180/209
f 977/2181/36 978/2182/36 974/2183/36 971/2184/36
f 977/2185/2 971/2186/2 972/2187/2 975/2188/2
f 935/2189/26 941/2190/26 942/2191/25 934/2192/25
f 940/2193/26 980/2194/26 979/2195/25 939/2196/25
f 949/2197/24 950/2198/23 937/2199/23 938/2200/24
f 953/2201/2 954/2202/2 982/2203/2 981/2204/2
f 983/2205/3 986/2206/3 985/2207/3 984/2208/3
f 984/2209/206 985/2210/29 988/2211/29 987/2212/206
f 981/2213/206 982/2214/29 986/2215/29 983/2216/206
f 958/2217/2 955/2218/2 990/2219/2 989/2220/2
f 962/2221/3 959/2222/3 956/2223/3 957/2224/3
f 991/2225/3 992/2226/3 951/2227/3 952/2228/3
f 961/2229/2 987/2230/2 988/2231/2 960/2232/2
f 991/2233/207 989/2234/207 990/2235/38 992/2236/38
f 979/2195/2 980/2194/2 932/2106/2 929/2105/2
f 993/2237/211 996/2238/211 995/2239/211 994/2240/211
f 997/2241/42 993/2242/42 994/2243/42 998/2244/42
f 999/2245/212 997/2246/212 998/2247/212 1000/2248/212
f 996/2249/40 999/2250/40 1000/2251/40 995/2252/40
f 994/2253/2 995/2254/2 1000/2255/2 998/2256/2
f 1001/2257/211 1004/2258/211 1003/2259/211 1002/2260/211
f 1002/2261/43 1003/2262/43 1006/2263/43 1005/2264/43
f 1005/2265/212 1006/2266/212 1008/2267/212 1007/2268/212
f 1007/2269/213 1008/2270/213 1004/2271/213 1001/2272/213
f 1007/2273/2 1001/2274/2 1002/2275/2 1005/2276/2
f 1009/2277/32 1012/2278/46 1011/2279/46 1010/2280/32
f 1013/2281/2 1016/2282/2 1015/2283/2 1014/2284/2
f 1017/2285/3 1010/2286/3 1011/2287/3 1018/2288/3
f 1019/2289/3 1022/2290/3 1021/2291/3 1020/2292/3
f 1023/2293/44 1026/2294/44 1025/2295/45 1024/2296/45
f 1013/2297/44 1028/2298/44 1027/2299/45 1016/2300/45
f 1028/2301/3 1023/2302/3 1024/2303/3 1027/2304/3
f 1026/2305/2 1030/2306/2 1029/2307/2 1025/2308/2
f 1031/2309/37 1034/2310/37 1033/2311/49 1032/2312/49
f 1035/2313/52 1038/2314/47 1037/2315/47 1036/2316/52
f 1039/2317/52 1042/2318/47 1041/2319/47 1040/2320/52
f 1043/2321/214 1046/2322/214 1045/2323/214 1044/2324/214
f 1047/2325/52 1043/2326/52 1044/2327/52 1048/2328/52
f 1049/2329/215 1047/2330/215 1048/2331/215 1050/2332/215
f 1046/2333/48 1049/2334/48 1050/2335/48 1045/2336/48
f 1044/2337/2 1045/2338/2 1050/2339/2 1048/2340/2
f 1051/2341/216 1054/2342/216 1053/2343/216 1052/2344/216
f 1052/2345/32 1053/2346/32 1056/2347/32 1055/2348/32
f 1055/2349/215 1056/2350/215 1058/2351/215 1057/2352/215
f 1057/2353/44 1058/2354/44 1054/2355/44 1051/2356/44
f 1057/2357/2 1051/2358/2 1052/2359/2 1055/2360/2
f 1015/2361/46 1021/2362/46 1022/2363/32 1014/2364/32
f 1020/2365/46 1060/2366/46 1059/2367/32 1019/2368/32
f 1029/2369/45 1030/2370/44 1017/2371/44 1018/2372/45
f 1033/2373/2 1034/2374/2 1062/2375/2 1061/2376/2
f 1063/2377/3 1066/2378/3 1065/2379/3 1064/2380/3
f 1064/2381/49 1065/2382/37 1068/2383/37 1067/2384/49
f 1061/2385/49 1062/2386/37 1066/2387/37 1063/2388/49
f 1038/2389/2 1035/2390/2 1070/2391/2 1069/2392/2
f 1042/2393/3 1039/2394/3 1036/2395/3 1037/2396/3
f 1071/2397/3 1072/2398/3 1031/2399/3 1032/2400/3
f 1041/2401/2 1067/2402/2 1068/2403/2 1040/2404/2
f 1071/2405/47 1069/2406/47 1070/2407/52 1072/2408/52
f 1059/2367/2 1060/2366/2 1012/2278/2 1009/2277/2
f 1073/2409/217 1076/2410/217 1075/2411/217 1074/2412/217
f 1077/2413/77 1073/2414/77 1074/2415/77 1078/2416/77
f 1079/2417/218 1077/2418/218 1078/2419/218 1080/2420/218
f 1076/2421/55 1079/2422/55 1080/2423/55 1075/2424/55
f 1074/2425/2 1075/2426/2 1080/2427/2 1078/2428/2
f 1081/2429/217 1084/2430/217 1083/2431/217 1082/2432/217
f 1082/2433/74 1083/2434/74 1086/2435/74 1085/2436/74
f 1085/2437/218 1086/2438/218 1088/2439/218 1087/2440/218
f 1087/2441/76 1088/2442/76 1084/2443/76 1081/2444/76
f 1087/2445/2 1081/2446/2 1082/2447/2 1085/2448/2
f 1089/2449/219 1092/2450/63 1091/2451/63 1090/2452/219
f 1093/2453/2 1096/2454/2 1095/2455/2 1094/2456/2
f 1097/2457/3 1090/2458/3 1091/2459/3 1098/2460/3
f 1099/2461/3 1102/2462/3 1101/2463/3 1100/2464/3
f 1103/2465/220 1106/2466/220 1105/2467/61 1104/2468/61
f 1093/2469/220 1108/2470/220 1107/2471/61 1096/2472/61
f 1108/2473/3 1103/2474/3 1104/2475/3 1107/2476/3
f 1106/2477/2 1110/2478/2 1109/2479/2 1105/2480/2
f 1111/2481/66 1114/2482/66 1113/2483/67 1112/2484/67
f 1115/2485/64 1118/2486/65 1117/2487/65 1116/2488/64
f 1119/2489/64 1122/2490/65 1121/2491/65 1120/2492/64
f 1123/2493/221 1126/2494/221 1125/2495/221 1124/2496/221
f 1127/2497/71 1123/2498/71 1124/2499/71 1128/2500/71
f 1129/2501/222 1127/2502/222 1128/2503/222 1130/2504/222
f 1126/2505/69 1129/2506/69 1130/2507/69 1125/2508/69
f 1124/2509/2 1125/2510/2 1130/2511/2 1128/2512/2
f 1131/2513/221 1134/2514/221 1133/2515/221 1132/2516/221
f 1132/2517/69 1133/2518/69 1136/2519/69 1135/2520/69
f 1135/2521/222 1136/2522/222 1138/2523/222 1137/2524/222
f 1137/2525/71 1138/2526/71 1134/2527/71 1131/2528/71
f 1137/2529/2 1131/2530/2 1132/2531/2 1135/2532/2
f 1095/2533/63 1101/2534/63 1102/2535/219 1094/2536/219
f 1100/2537/63 1140/2538/63 1139/2539/219 1099/2540/219
f 1109/2541/61 1110/2542/223 1097/2543/223 1098/2544/61
f 1113/2545/2 1114/2546/2 1142/2547/2 1141/2548/2
f 1143/2549/3 1146/2550/3 1145/2551/3 1144/2552/3
f 1144/2553/67 1145/2554/66 1148/2555/66 1147/2556/67
f 1141/2557/67 1142/2558/66 1146/2559/66 1143/2560/67
f 1118/2561/2 1115/2562/2 1150/2563/2 1149/2564/2
f 1122/2565/3 1119/2566/3 1116/2567/3 1117/2568/3
f 1151/2569/3 1152/2570/3 1111/2571/3 1112/2572/3
f 1121/2573/2 1147/2574/2 1148/2575/2 1120/2576/2
f 1151/2577/65 1149/2578/65 1150/2579/64 1152/2580/64
f 1139/2539/2 1140/2538/2 1092/2450/2 1089/2449/2
f 1153/2581/224 1156/2582/224 1155/2583/224 1154/2584/224
f 1157/2585/58 1153/2586/58 1154/2587/58 1158/2588/58
f 1159/2589/225 1157/2590/225 1158/2591/225 1160/2592/225
f 1156/2593/59 1159/2594/59 1160/2595/59 1155/2596/59
f 1154/2597/2 1155/2598/2 1160/2599/2 1158/2600/2
f 1161/2601/224 1164/2602/224 1163/2603/224 1162/2604/224
f 1162/2605/78 1163/2606/78 1166/2607/78 1165/2608/78
f 1165/2609/225 1166/2610/225 1168/2611/225 1167/2612/225
f 1167/2613/77 1168/2614/77 1164/2615/77 1161/2616/77
f 1167/2617/2 1161/2618/2 1162/2619/2 1165/2620/2
f 1169/2621/226 1172/2622/91 1171/2623/91 1170/2624/226
f 1173/2625/2 1176/2626/2 1175/2627/2 1174/2628/2
f 1177/2629/3 1170/2630/3 1171/2631/3 1178/2632/3
f 1179/2633/3 1182/2634/3 1181/2635/3 1180/2636/3
f 1183/2637/227 1186/2638/227 1185/2639/92 1184/2640/92
f 1173/2641/227 1188/2642/227 1187/2643/92 1176/2644/92
f 1188/2645/3 1183/2646/3 1184/2647/3 1187/2648/3
f 1186/2649/2 1190/2650/2 1189/2651/2 1185/2652/2
f 1191/2653/85 1194/2654/85 1193/2655/228 1192/2656/228
f 1195/2657/83 1198/2658/89 1197/2659/89 1196/2660/83
f 1199/2661/83 1202/2662/89 1201/2663/89 1200/2664/83
f 1203/2665/229 1206/2666/229 1205/2667/229 1204/2668/229
f 1207/2669/89 1203/2670/89 1204/2671/89 1208/2672/89
f 1209/2673/230 1207/2674/230 1208/2675/230 1210/2676/230
f 1206/2677/86 1209/2678/86 1210/2679/86 1205/2680/86
f 1204/2681/2 1205/2682/2 1210/2683/2 1208/2684/2
f 1211/2685/229 1214/2686/229 1213/2687/229 1212/2688/229
f 1212/2689/91 1213/2690/91 1216/2691/91 1215/2692/91
f 1215/2693/230 1216/2694/230 1218/2695/230 1217/2696/230
f 1217/2697/80 1218/2698/80 1214/2699/80 1211/2700/80
f 1217/2701/2 1211/2702/2 1212/2703/2 1215/2704/2
f 1175/2705/91 1181/2706/91 1182/2707/226 1174/2708/226
f 1180/2709/82 1220/2710/82 1219/2711/226 1179/2712/226
f 1189/2713/92 1190/2714/227 1177/2715/227 1178/2716/92
f 1193/2717/2 1194/2718/2 1222/2719/2 1221/2720/2
f 1223/2721/3 1226/2722/3 1225/2723/3 1224/2724/3
f 1224/2725/228 1225/2726/85 1228/2727/85 1227/2728/228
f 1221/2729/228 1222/2730/85 1226/2731/85 1223/2732/228
f 1198/2733/2 1195/2734/2 1230/2735/2 1229/2736/2
f 1202/2737/3 1199/2738/3 1196/2739/3 1197/2740/3
f 1231/2741/3 1232/2742/3 1191/2743/3 1192/2744/3
f 1201/2745/2 1227/2746/2 1228/2747/2 1200/2748/2
f 1231/2749/89 1229/2750/89 1230/2751/83 1232/2752/83
f 1219/2711/2 1220/2710/2 1172/2622/2 1169/2621/2
f 1140/2538/2 1059/2367/2 1009/2277/2 1092/2450/2
f 1101/2463/3 1022/2290/3 1019/2289/3 1100/2464/3
f 1233/2753/231 1236/2754/231 1235/2755/231 1234/2756/231
f 1237/2757/96 1233/2758/96 1234/2759/96 1238/2760/96
f 1239/2761/232 1237/2762/232 1238/2763/232 1240/2764/232
f 1236/2765/94 1239/2766/94 1240/2767/94 1235/2768/94
f 1234/2769/2 1235/2770/2 1240/2771/2 1238/2772/2
f 1241/2773/233 1244/2774/233 1243/2775/233 1242/2776/233
f 1242/2777/234 1243/2778/234 1246/2779/234 1245/2780/234
f 1245/2781/232 1246/2782/232 1248/2783/232 1247/2784/232
f 1247/2785/148 1248/2786/148 1244/2787/148 1241/2788/148
f 1247/2789/2 1241/2790/2 1242/2791/2 1245/2792/2
f 1091/2459/3 1010/2286/3 1017/2285/3 1098/2460/3
f 1109/2479/2 1030/2306/2 1026/2305/2 1105/2480/2
f 1100/2537/63 1019/2368/100 1059/2367/100 1140/2538/63
f 1107/2471/61 1028/2298/99 1013/2297/99 1096/2472/61
f 1096/2454/2 1013/2281/2 1014/2284/2 1095/2455/2
f 1249/2793/103 1252/2794/235 1251/2795/235 1250/2796/103
f 1253/2797/2 1256/2798/2 1255/2799/2 1254/2800/2
f 1257/2801/3 1250/2802/3 1251/2803/3 1258/2804/3
f 1259/2805/3 1262/2806/3 1261/2807/3 1260/2808/3
f 1263/2809/101 1266/2810/101 1265/2811/236 1264/2812/236
f 1253/2813/101 1268/2814/101 1267/2815/236 1256/2816/236
f 1268/2817/3 1263/2818/3 1264/2819/3 1267/2820/3
f 1266/2821/2 1270/2822/2 1269/2823/2 1265/2824/2
f 1271/2825/107 1274/2826/107 1273/2827/237 1272/2828/237
f 1275/2829/105 1278/2830/115 1277/2831/115 1276/2832/105
f 1279/2833/105 1282/2834/115 1281/2835/115 1280/2836/105
f 1283/2837/238 1286/2838/238 1285/2839/238 1284/2840/238
f 1287/2841/112 1283/2842/112 1284/2843/112 1288/2844/112
f 1289/2845/239 1287/2846/239 1288/2847/239 1290/2848/239
f 1286/2849/240 1289/2850/240 1290/2851/240 1285/2852/240
f 1284/2853/2 1285/2854/2 1290/2855/2 1288/2856/2
f 1291/2857/238 1294/2858/238 1293/2859/238 1292/2860/238
f 1292/2861/114 1293/2862/114 1296/2863/114 1295/2864/114
f 1295/2865/241 1296/2866/241 1298/2867/241 1297/2868/241
f 1297/2869/113 1298/2870/113 1294/2871/113 1291/2872/113
f 1297/2873/2 1291/2874/2 1292/2875/2 1295/2876/2
f 1255/2877/235 1261/2878/235 1262/2879/103 1254/2880/103
f 1260/2881/235 1300/2882/235 1299/2883/103 1259/2884/103
f 1269/2885/236 1270/2886/101 1257/2887/101 1258/2888/236
f 1273/2889/2 1274/2890/2 1302/2891/2 1301/2892/2
f 1303/2893/3 1306/2894/3 1305/2895/3 1304/2896/3
f 1304/2897/237 1305/2898/107 1308/2899/107 1307/2900/237
f 1301/2901/237 1302/2902/107 1306/2903/107 1303/2904/237
f 1278/2905/2 1275/2906/2 1310/2907/2 1309/2908/2
f 1282/2909/3 1279/2910/3 1276/2911/3 1277/2912/3
f 1311/2913/3 1312/2914/3 1271/2915/3 1272/2916/3
f 1281/2917/2 1307/2918/2 1308/2919/2 1280/2920/2
f 1311/2921/115 1309/2922/115 1310/2923/242 1312/2924/242
f 1299/2883/2 1300/2882/2 1252/2794/2 1249/2793/2
f 1149/2564/2 1070/2391/2 1035/2390/2 1118/2561/2
f 1147/2556/67 1068/2383/118 1065/2382/118 1144/2553/67
f 1118/2486/65 1035/2313/117 1036/2316/117 1117/2487/65
f 1121/2573/2 1040/2404/2 1068/2403/2 1147/2574/2
f 1143/2560/67 1066/2387/118 1062/2386/118 1141/2557/67
f 1117/2568/3 1036/2395/3 1039/2394/3 1122/2565/3
f 1141/2548/2 1062/2375/2 1034/2374/2 1113/2545/2
f 1112/2572/3 1031/2399/3 1072/2398/3 1151/2569/3
f 1067/2384/49 988/2211/29 985/2210/29 1064/2381/49
f 1042/2318/47 959/2145/38 960/2148/38 1041/2319/47
f 1012/2278/46 929/2105/25 930/2108/25 1011/2279/46
f 1313/2925/243 1316/2926/243 1315/2927/243 1314/2928/243
f 1317/2929/122 1313/2930/122 1314/2931/122 1318/2932/122
f 1319/2933/244 1317/2934/244 1318/2935/244 1320/2936/244
f 1316/2937/120 1319/2938/120 1320/2939/120 1315/2940/120
f 1314/2941/2 1315/2942/2 1320/2943/2 1318/2944/2
f 1321/2945/243 1324/2946/243 1323/2947/243 1322/2948/243
f 1322/2949/120 1323/2950/120 1326/2951/120 1325/2952/120
f 1325/2953/245 1326/2954/245 1328/2955/245 1327/2956/245
f 1327/2957/122 1328/2958/122 1324/2959/122 1321/2960/122
f 1327/2961/2 1321/2962/2 1322/2963/2 1325/2964/2
f 1144/2552/3 1065/2379/3 1066/2378/3 1143/2549/3
f 1122/2490/65 1039/2317/117 1040/2320/117 1121/2491/65
f 1151/2577/65 1072/2408/117 1070/2407/117 1149/2578/65
f 1063/2388/49 986/2215/29 982/2214/29 1061/2385/49
f 1016/2282/2 933/2109/2 934/2112/2 1015/2283/2
f 1024/2303/3 943/2130/3 948/2129/3 1027/2304/3
f 1037/2396/3 956/2223/3 959/2222/3 1042/2393/3
f 1041/2401/2 960/2232/2 988/2231/2 1067/2402/2
f 1011/2287/3 930/2114/3 937/2113/3 1018/2288/3
f 1071/2405/47 992/2236/38 990/2235/38 1069/2406/47
f 1060/2366/2 979/2195/2 929/2105/2 1012/2278/2
f 1069/2392/2 990/2219/2 955/2218/2 1038/2389/2
f 1113/2483/67 1034/2310/118 1031/2309/118 1112/2484/67
f 1329/2965/125 1332/2966/126 1331/2967/126 1330/2968/125
f 1333/2969/2 1336/2970/2 1335/2971/2 1334/2972/2
f 1337/2973/3 1330/2974/3 1331/2975/3 1338/2976/3
f 1339/2977/3 1342/2978/3 1341/2979/3 1340/2980/3
f 1343/2981/123 1346/2982/123 1345/2983/124 1344/2984/124
f 1333/2985/123 1348/2986/123 1347/2987/124 1336/2988/124
f 1348/2989/3 1343/2990/3 1344/2991/3 1347/2992/3
f 1346/2993/2 1350/2994/2 1349/2995/2 1345/2996/2
f 1351/2997/129 1354/2998/129 1353/2999/130 1352/3000/130
f 1355/3001/127 1358/3002/128 1357/3003/128 1356/3004/127
f 1359/3005/127 1362/3006/128 1361/3007/128 1360/3008/127
f 1363/3009/246 1366/3010/246 1365/3011/246 1364/3012/246
f 1367/3013/142 1363/3014/142 1364/3015/142 1368/3016/142
f 1369/3017/247 1367/3018/247 1368/3019/247 1370/3020/247
f 1366/3021/132 1369/3022/132 1370/3023/132 1365/3024/132
f 1364/3025/2 1365/3026/2 1370/3027/2 1368/3028/2
f 1371/3029/246 1374/3030/246 1373/3031/246 1372/3032/246
f 1372/3033/143 1373/3034/143 1376/3035/143 1375/3036/143
f 1375/3037/247 1376/3038/247 1378/3039/247 1377/3040/247
f 1377/3041/193 1378/3042/193 1374/3043/193 1371/3044/193
f 1377/3045/2 1371/3046/2 1372/3047/2 1375/3048/2
f 1335/3049/126 1341/3050/126 1342/3051/125 1334/3052/125
f 1340/3053/126 1380/3054/126 1379/3055/125 1339/3056/125
f 1349/3057/248 1350/3058/123 1337/3059/123 1338/3060/248
f 1353/3061/2 1354/3062/2 1382/3063/2 1381/3064/2
f 1383/3065/3 1386/3066/3 1385/3067/3 1384/3068/3
f 1384/3069/130 1385/3070/129 1388/3071/129 1387/3072/130
f 1381/3073/130 1382/3074/129 1386/3075/129 1383/3076/130
f 1358/3077/2 1355/3078/2 1390/3079/2 1389/3080/2
f 1362/3081/3 1359/3082/3 1356/3083/3 1357/3084/3
f 1391/3085/3 1392/3086/3 1351/3087/3 1352/3088/3
f 1361/3089/2 1387/3090/2 1388/3091/2 1360/3092/2
f 1391/3093/128 1389/3094/128 1390/3095/127 1392/3096/127
f 1379/3055/2 1380/3054/2 1332/2966/2 1329/2965/2
f 936/2110/2 853/1937/2 854/1940/2 935/2111/2
f 932/2106/22 849/1933/6 850/1936/6 931/2107/22
f 935/2189/22 854/2020/6 862/2019/6 941/2190/22
f 980/2194/2 899/2023/2 849/1933/2 932/2106/2
f 938/2200/249 857/2027/5 870/2026/5 949/2197/249
f 941/2119/3 862/1946/3 859/1945/3 940/2120/3
f 949/2135/2 870/1962/2 866/1961/2 945/2136/2
f 944/2131/3 863/1958/3 868/1957/3 947/2132/3
f 958/2142/20 875/1969/1 876/1972/1 957/2143/20
f 962/2146/20 879/1973/1 880/1976/1 961/2147/20
f 981/2204/2 902/2031/2 874/2030/2 953/2201/2
f 1393/3097/250 1396/3098/250 1395/3099/250 1394/3100/250
f 1397/3101/142 1393/3102/142 1394/3103/142 1398/3104/142
f 1399/3105/251 1397/3106/251 1398/3107/251 1400/3108/251
f 1396/3109/140 1399/3110/140 1400/3111/140 1395/3112/140
f 1394/3113/2 1395/3114/2 1400/3115/2 1398/3116/2
f 1401/3117/250 1404/3118/250 1403/3119/250 1402/3120/250
f 1402/3121/143 1403/3122/143 1406/3123/143 1405/3124/143
f 1405/3125/252 1406/3126/252 1408/3127/252 1407/3128/252
f 1407/3129/135 1408/3130/135 1404/3131/135 1401/3132/135
f 1407/3133/2 1401/3134/2 1402/3135/2 1405/3136/2
f 931/2115/3 850/1942/3 857/1941/3 938/2116/3
f 940/2193/22 859/2024/6 899/2023/6 980/2194/22
f 947/2127/21 868/1954/5 853/1953/5 936/2128/21
f 989/2220/2 910/2047/2 875/2046/2 958/2217/2
f 987/2212/18 908/2039/4 905/2038/4 984/2209/18
f 957/2224/3 876/2051/3 879/2050/3 962/2221/3
f 961/2229/2 880/2060/2 908/2059/2 987/2230/2
f 952/2228/3 871/2055/3 912/2054/3 991/2225/3
f 983/2216/18 906/2043/4 902/2042/4 981/2213/18
f 991/2233/20 912/2064/1 910/2063/1 989/2234/20
f 984/2208/3 905/2035/3 906/2034/3 983/2205/3
f 953/2139/18 874/1966/4 871/1965/4 952/2140/18
f 945/2123/21 866/1950/5 863/1949/5 944/2124/21
f 873/1967/14 794/1794/6 791/1793/6 872/1968/14
f 872/2056/3 791/1883/3 832/1882/3 911/2053/3
f 911/2061/13 832/1892/5 830/1891/5 909/2062/13
f 909/2048/2 830/1875/2 795/1874/2 878/2045/2
f 878/1970/13 795/1797/5 796/1800/5 877/1971/13
f 877/2052/3 796/1879/3 799/1878/3 882/2049/3
f 882/1974/13 799/1801/5 800/1804/5 881/1975/13
f 881/2057/2 800/1888/2 828/1887/2 907/2058/2
f 907/2040/14 828/1867/6 825/1866/6 904/2037/14
f 904/2036/3 825/1863/3 826/1862/3 903/2033/3
f 903/2044/14 826/1871/6 822/1870/6 901/2041/14
f 901/2032/2 822/1859/2 794/1858/2 873/2029/2
f 865/1951/11 786/1778/1 783/1777/1 864/1952/11
f 864/1959/3 783/1786/3 788/1785/3 867/1960/3
f 867/1955/11 788/1782/1 773/1781/1 856/1956/11
f 856/1938/2 773/1765/2 774/1768/2 855/1939/2
f 855/2017/12 774/1848/4 782/1847/4 861/2018/12
f 861/1947/3 782/1774/3 779/1773/3 860/1948/3
f 860/2021/12 779/1852/4 819/1851/4 900/2022/12
f 900/2022/2 819/1851/2 769/1761/2 852/1934/2
f 852/1934/12 769/1761/4 770/1764/4 851/1935/12
f 851/1943/3 770/1770/3 777/1769/3 858/1944/3
f 858/2028/11 777/1855/1 790/1854/1 869/2025/11
f 869/1963/2 790/1790/2 786/1789/2 865/1964/2
f 1098/2544/61 1017/2371/99 1030/2370/99 1109/2541/61
f 1095/2533/63 1014/2364/100 1022/2363/100 1101/2534/63
f 1105/2467/61 1026/2294/99 1023/2293/99 1104/2468/61
f 1092/2450/63 1009/2277/100 1010/2280/100 1091/2451/63
f 1104/2475/3 1023/2302/3 1028/2301/3 1107/2476/3
f 1061/2376/2 982/2203/2 954/2202/2 1033/2373/2
f 1027/2299/45 948/2126/23 933/2125/23 1016/2300/45
f 1029/2307/2 950/2134/2 946/2133/2 1025/2308/2
f 1038/2314/47 955/2141/38 956/2144/38 1037/2315/47
f 1021/2291/3 942/2118/3 939/2117/3 1020/2292/3
f 1025/2295/45 946/2122/23 943/2121/23 1024/2296/45
f 1015/2361/46 934/2192/25 942/2191/25 1021/2362/46
f 1033/2311/49 954/2138/205 951/2137/205 1032/2312/49
f 1018/2372/45 937/2199/23 950/2198/23 1029/2369/45
f 1064/2380/3 985/2207/3 986/2206/3 1063/2377/3
f 1020/2365/46 939/2196/25 979/2195/25 1060/2366/46
f 1032/2400/3 951/2227/3 992/2226/3 1071/2397/3
f 1193/2655/145 1114/2482/66 1111/2481/66 1192/2656/145
f 1192/2744/3 1111/2571/3 1152/2570/3 1231/2741/3
f 1231/2749/253 1152/2580/64 1150/2579/64 1229/2750/253
f 1229/2736/2 1150/2563/2 1115/2562/2 1198/2733/2
f 1198/2658/144 1115/2485/64 1116/2488/64 1197/2659/144
f 1197/2740/3 1116/2567/3 1119/2566/3 1202/2737/3
f 1202/2662/144 1119/2489/64 1120/2492/64 1201/2663/144
f 1201/2745/2 1120/2576/2 1148/2575/2 1227/2746/2
f 1227/2728/145 1148/2555/66 1145/2554/66 1224/2725/145
f 1224/2724/3 1145/2551/3 1146/2550/3 1223/2721/3
f 1223/2732/145 1146/2559/66 1142/2558/66 1221/2729/145
f 1221/2720/2 1142/2547/2 1114/2546/2 1193/2717/2
f 1185/2639/254 1106/2466/220 1103/2465/220 1184/2640/254
f 1184/2647/3 1103/2474/3 1108/2473/3 1187/2648/3
f 1187/2643/254 1108/2470/220 1093/2469/220 1176/2644/254
f 1176/2626/2 1093/2453/2 1094/2456/2 1175/2627/2
f 1175/2705/255 1094/2536/219 1102/2535/219 1181/2706/255
f 1181/2635/3 1102/2462/3 1099/2461/3 1180/2636/3
f 1180/2709/255 1099/2540/219 1139/2539/219 1220/2710/255
f 1220/2710/2 1139/2539/2 1089/2449/2 1172/2622/2
f 1172/2622/255 1089/2449/219 1090/2452/219 1171/2623/255
f 1171/2631/3 1090/2458/3 1097/2457/3 1178/2632/3
f 1178/2716/254 1097/2543/223 1110/2542/223 1189/2713/254
f 1189/2651/2 1110/2478/2 1106/2477/2 1185/2652/2
f 1272/2916/3 1191/2743/3 1232/2742/3 1311/2913/3
f 1273/2827/91 1194/2654/85 1191/2653/85 1272/2828/91
f 1311/2921/96 1232/2752/83 1230/2751/83 1309/2922/96
f 1309/2908/2 1230/2735/2 1195/2734/2 1278/2905/2
f 1278/2830/96 1195/2657/83 1196/2660/83 1277/2831/96
f 1277/2912/3 1196/2739/3 1199/2738/3 1282/2909/3
f 1282/2834/96 1199/2661/83 1200/2664/83 1281/2835/96
f 1281/2917/2 1200/2748/2 1228/2747/2 1307/2918/2
f 1307/2900/91 1228/2727/85 1225/2726/85 1304/2897/91
f 1304/2896/3 1225/2723/3 1226/2722/3 1303/2893/3
f 1303/2904/91 1226/2731/85 1222/2730/85 1301/2901/91
f 1301/2892/2 1222/2719/2 1194/2718/2 1273/2889/2
f 1265/2811/148 1186/2638/227 1183/2637/227 1264/2812/148
f 1264/2819/3 1183/2646/3 1188/2645/3 1267/2820/3
f 1267/2815/148 1188/2642/227 1173/2641/227 1256/2816/148
f 1256/2798/2 1173/2625/2 1174/2628/2 1255/2799/2
f 1255/2877/98 1174/2708/226 1182/2707/226 1261/2878/98
f 1261/2807/3 1182/2634/3 1179/2633/3 1260/2808/3
f 1260/2881/98 1179/2712/226 1219/2711/226 1300/2882/98
f 1300/2882/2 1219/2711/2 1169/2621/2 1252/2794/2
f 1252/2794/234 1169/2621/226 1170/2624/226 1251/2795/234
f 1251/2803/3 1170/2630/3 1177/2629/3 1258/2804/3
f 1258/2888/148 1177/2715/227 1190/2714/227 1269/2885/148
f 1269/2823/2 1190/2650/2 1186/2649/2 1265/2824/2
f 1353/2999/120 1274/2826/107 1271/2825/107 1352/3000/120
f 1352/3088/3 1271/2915/3 1312/2914/3 1391/3085/3
f 1391/3093/122 1312/2924/242 1310/2923/242 1389/3094/122
f 1389/3080/2 1310/2907/2 1275/2906/2 1358/3077/2
f 1358/3002/122 1275/2829/105 1276/2832/105 1357/3003/122
f 1357/3084/3 1276/2911/3 1279/2910/3 1362/3081/3
f 1362/3006/122 1279/2833/105 1280/2836/105 1361/3007/122
f 1361/3089/2 1280/2920/2 1308/2919/2 1387/3090/2
f 1387/3072/120 1308/2899/107 1305/2898/107 1384/3069/120
f 1384/3068/3 1305/2895/3 1306/2894/3 1383/3065/3
f 1383/3076/120 1306/2903/107 1302/2902/107 1381/3073/120
f 1381/3064/2 1302/2891/2 1274/2890/2 1353/3061/2
f 1345/2983/122 1266/2810/101 1263/2809/101 1344/2984/122
f 1344/2991/3 1263/2818/3 1268/2817/3 1347/2992/3
f 1347/2987/122 1268/2814/101 1253/2813/101 1336/2988/122
f 1336/2970/2 1253/2797/2 1254/2800/2 1335/2971/2
f 1335/3049/120 1254/2880/103 1262/2879/103 1341/3050/120
f 1341/2979/3 1262/2806/3 1259/2805/3 1340/2980/3
f 1340/3053/120 1259/2884/103 1299/2883/103 1380/3054/120
f 1380/3054/2 1299/2883/2 1249/2793/2 1332/2966/2
f 1332/2966/120 1249/2793/103 1250/2796/103 1331/2967/120
f 1331/2975/3 1250/2802/3 1257/2801/3 1338/2976/3
f 1338/3060/122 1257/2887/101 1270/2886/101 1349/3057/122
f 1349/2995/2 1270/2822/2 1266/2821/2 1345/2996/2
f 1409/3137/196 1412/3138/196 1411/3139/196 1410/3140/196
f 1413/3141/20 1409/3142/20 1410/3143/20 1414/3144/20
f 1415/3145/256 1413/3146/256 1414/3147/256 1416/3148/256
f 1412/3149/22 1415/3150/22 1416/3151/22 1411/3152/22
f 1410/3153/2 1411/3154/2 1416/3155/2 1414/3156/2
f 1413/3157/3 1415/3158/3 1412/3159/3 1409/3160/3
f 1417/3161/257 1420/3162/257 1419/3163/257 1418/3164/257
f 1421/3165/1 1417/3166/1 1418/3167/1 1422/3168/1
f 1423/3169/258 1421/3170/258 1422/3171/258 1424/3172/258
f 1420/3173/22 1423/3174/22 1424/3175/22 1419/3176/22
f 1418/3177/2 1419/3178/2 1424/3179/2 1422/3180/2
f 1421/3181/3 1423/3182/3 1420/3183/3 1417/3184/3
f 1425/3185/259 1428/3186/259 1427/3187/259 1426/3188/259
f 1429/3189/13 1425/3190/13 1426/3191/13 1430/3192/13
f 1431/3193/260 1429/3194/260 1430/3195/260 1432/3196/260
f 1428/3197/12 1431/3198/12 1432/3199/12 1427/3200/12
f 1426/3201/2 1427/3202/2 1432/3203/2 1430/3204/2
f 1429/3205/3 1431/3206/3 1428/3207/3 1425/3208/3
f 1433/3209/261 1436/3210/261 1435/3211/261 1434/3212/261
f 1437/3213/249 1433/3214/249 1434/3215/249 1438/3216/249
f 1439/3217/262 1437/3218/262 1438/3219/262 1440/3220/262
f 1436/3221/263 1439/3222/263 1440/3223/263 1435/3224/263
f 1434/3225/2 1435/3226/2 1440/3227/2 1438/3228/2
f 1437/3229/3 1439/3230/3 1436/3231/3 1433/3232/3
f 1441/3233/264 1444/3234/264 1443/3235/264 1442/3236/264
f 1445/3237/265 1441/3238/265 1442/3239/265 1446/3240/265
f 1447/3241/266 1445/3242/266 1446/3243/266 1448/3244/266
f 1444/3245/267 1447/3246/267 1448/3247/267 1443/3248/267
f 1442/3249/2 1443/3250/2 1448/3251/2 1446/3252/2
f 1445/3253/3 1447/3254/3 1444/3255/3 1441/3256/3
f 1449/3257/268 1452/3258/268 1451/3259/268 1450/3260/268
f 1453/3261/213 1449/3262/213 1450/3263/213 1454/3264/213
f 1455/3265/269 1453/3266/269 1454/3267/269 1456/3268/269
f 1452/3269/40 1455/3270/40 1456/3271/40 1451/3272/40
f 1450/3273/2 1451/3274/2 1456/3275/2 1454/3276/2
f 1453/3277/3 1455/3278/3 1452/3279/3 1449/3280/3
f 1457/3281/270 1460/3282/270 1459/3283/270 1458/3284/270
f 1461/3285/34 1457/3286/34 1458/3287/34 1462/3288/34
f 1463/3289/271 1461/3290/271 1462/3291/271 1464/3292/271
f 1460/3293/272 1463/3294/272 1464/3295/272 1459/3296/272
f 1458/3297/2 1459/3298/2 1464/3299/2 1462/3300/2
f 1461/3301/3 1463/3302/3 1460/3303/3 1457/3304/3
f 1465/3305/273 1468/3306/273 1467/3307/273 1466/3308/273
f 1469/3309/274 1465/3310/274 1466/3311/274 1470/3312/274
f 1471/3313/275 1469/3314/275 1470/3315/275 1472/3316/275
f 1468/3317/276 1471/3318/276 1472/3319/276 1467/3320/276
f 1466/3321/2 1467/3322/2 1472/3323/2 1470/3324/2
f 1469/3325/3 1471/3326/3 1468/3327/3 1465/3328/3
f 1473/3329/277 1476/3330/277 1475/3331/277 1474/3332/277
f 1477/3333/278 1473/3334/278 1474/3335/278 1478/3336/278
f 1479/3337/279 1477/3338/279 1478/3339/279 1480/3340/279
f 1476/3341/69 1479/3342/69 1480/3343/69 1475/3344/69
f 1474/3345/2 1475/3346/2 1480/3347/2 1478/3348/2
f 1477/3349/3 1479/3350/3 1476/3351/3 1473/3352/3
f 1481/3353/280 1484/3354/280 1483/3355/280 1482/3356/280
f 1485/3357/281 1481/3358/281 1482/3359/281 1486/3360/281
f 1487/3361/282 1485/3362/282 1486/3363/282 1488/3364/282
f 1484/3365/283 1487/3366/283 1488/3367/283 1483/3368/283
f 1482/3369/2 1483/3370/2 1488/3371/2 1486/3372/2
f 1485/3373/3 1487/3374/3 1484/3375/3 1481/3376/3
f 1489/3377/284 1492/3378/284 1491/3379/284 1490/3380/284
f 1493/3381/285 1489/3382/285 1490/3383/285 1494/3384/285
f 1495/3385/286 1493/3386/286 1494/3387/286 1496/3388/286
f 1492/3389/287 1495/3390/287 1496/3391/287 1491/3392/287
f 1490/3393/2 1491/3394/2 1496/3395/2 1494/3396/2
f 1493/3397/3 1495/3398/3 1492/3399/3 1489/3400/3
f 1497/3401/288 1500/3402/288 1499/3403/288 1498/3404/288
f 1501/3405/89 1497/3406/89 1498/3407/89 1502/3408/89
f 1503/3409/289 1501/3410/289 1502/3411/289 1504/3412/289
f 1500/3413/82 1503/3414/82 1504/3415/82 1499/3416/82
f 1498/3417/2 1499/3418/2 1504/3419/2 1502/3420/2
f 1501/3421/3 1503/3422/3 1500/3423/3 1497/3424/3
f 1505/3425/290 1508/3426/290 1507/3427/290 1506/3428/290
f 1509/3429/291 1505/3430/291 1506/3431/291 1510/3432/291
f 1511/3433/292 1509/3434/292 1510/3435/292 1512/3436/292
f 1508/3437/293 1511/3438/293 1512/3439/293 1507/3440/293
f 1506/3441/2 1507/3442/2 1512/3443/2 1510/3444/2
f 1509/3445/3 1511/3446/3 1508/3447/3 1505/3448/3
f 1513/3449/294 1516/3450/294 1515/3451/294 1514/3452/294
f 1517/3453/122 1513/3454/122 1514/3455/122 1518/3456/122
f 1519/3457/295 1517/3458/295 1518/3459/295 1520/3460/295
f 1516/3461/120 1519/3462/120 1520/3463/120 1515/3464/120
f 1514/3465/2 1515/3466/2 1520/3467/2 1518/3468/2
f 1517/3469/3 1519/3470/3 1516/3471/3 1513/3472/3
f 1521/3473/296 1524/3474/296 1523/3475/296 1522/3476/296
f 1525/3477/297 1521/3478/297 1522/3479/297 1526/3480/297
f 1527/3481/298 1525/3482/298 1526/3483/298 1528/3484/298
f 1524/3485/136 1527/3486/136 1528/3487/136 1523/3488/136
f 1522/3489/2 1523/3490/2 1528/3491/2 1526/3492/2
f 1525/3493/3 1527/3494/3 1524/3495/3 1521/3496/3
f 1529/3497/299 1532/3498/299 1531/3499/299 1530/3500/299
f 1533/3501/135 1529/3502/135 1530/3503/135 1534/3504/135
f 1535/3505/300 1533/3506/300 1534/3507/300 1536/3508/300
f 1532/3509/140 1535/3510/140 1536/3511/140 1531/3512/140
f 1530/3513/2 1531/3514/2 1536/3515/2 1534/3516/2
f 1533/3517/3 1535/3518/3 1532/3519/3 1529/3520/3
f 1350/3058/123 586/1238/127 583/1237/127 1337/3059/123
f 1337/2973/3 583/1327/3 624/1326/3 1330/2974/3
f 1330/2968/125 624/1336/129 622/1335/129 1329/2965/125
f 1329/3521/2 622/3522/2 587/3523/2 1379/3524/2
f 1379/3055/125 587/1241/129 588/1244/129 1339/3056/125
f 1339/2977/3 588/1323/3 591/1322/3 1342/2978/3
f 1342/3051/125 591/1245/129 592/1248/129 1334/3052/125
f 1334/2972/2 592/1332/2 620/1331/2 1333/2969/2
f 1333/2985/123 620/1311/127 617/1310/127 1348/2986/123
f 1348/2989/3 617/1307/3 618/1306/3 1343/2990/3
f 1343/2981/123 618/1315/127 614/1314/127 1346/2982/123
f 1346/2993/2 614/1303/2 586/1302/2 1350/2994/2
f 1382/3074/129 578/1222/125 575/1221/125 1386/3075/129
f 1386/3066/3 575/1230/3 580/1229/3 1385/3067/3
f 1385/3070/129 580/1226/125 565/1225/125 1388/3071/129
f 1388/3091/2 565/1209/2 566/1212/2 1360/3092/2
f 1360/3008/127 566/1292/123 574/1291/123 1359/3005/127
f 1359/3082/3 574/1218/3 571/1217/3 1356/3083/3
f 1356/3004/127 571/1296/123 611/1295/123 1355/3001/127
f 1355/3525/2 611/3526/2 561/3527/2 1390/3528/2
f 1390/3095/127 561/1205/123 562/1208/123 1392/3096/127
f 1392/3086/3 562/1214/3 569/1213/3 1351/3087/3
f 1351/2997/129 569/1299/125 582/1298/125 1354/2998/129
f 1354/3062/2 582/1234/2 578/1233/2 1382/3063/2
