mtllib track_switch_45_medium_left_active.mtl
usemtl Mat_1
# Blender v3.1.2 OBJ File: ''
# www.blender.org
o right_on_track_normal.002
v 0.139523 0.041749 -1.250611
v 0.139523 0.026263 -1.250611
v 0.139523 0.026263 -2.000611
v 0.139523 0.041749 -2.000611
v 0.181778 0.041749 -2.000611
v 0.157268 0.041749 -2.000611
v 0.199523 0.026263 -2.000611
v 0.199523 0.041749 -2.000611
v 0.157268 0.072044 -2.000611
v 0.181778 0.072044 -2.000611
v 0.191412 0.072044 -2.000611
v 0.191412 0.086263 -2.000611
v 0.147634 0.086263 -2.000611
v 0.147634 0.072044 -2.000611
v 0.181778 0.072044 -1.250611
v 0.181778 0.041749 -1.250611
v 0.191412 0.086263 -1.250611
v 0.191412 0.072044 -1.250611
v 0.808588 0.072044 0.999389
v 0.808588 0.086263 0.999389
v 0.842732 0.072044 0.999389
v 0.818222 0.072044 0.999389
v 0.852366 0.086263 0.999389
v 0.852366 0.072044 0.999389
v 0.860477 0.041749 0.999389
v 0.860477 0.026263 0.999389
v 0.818222 0.041749 0.999389
v 0.842732 0.041749 0.999389
v 0.800477 0.026263 0.999389
v 0.800477 0.041749 0.999389
v 0.860477 0.026263 -2.000611
v 0.860477 0.041749 -2.000611
v 0.800477 0.026263 -2.000611
v 0.818222 0.041749 -2.000611
v 0.800477 0.041749 -2.000611
v 0.842732 0.041749 -2.000611
v 0.852366 0.072044 -2.000611
v 0.852366 0.086263 -2.000611
v 0.818222 0.072044 -2.000611
v 0.842732 0.072044 -2.000611
v 0.808588 0.086263 -2.000611
v 0.808588 0.072044 -2.000611
v 0.787867 -0.024819 0.639389
v 0.787867 0.055181 0.639389
v 0.817867 0.055181 0.639389
v 0.817867 -0.024819 0.639389
v 0.787867 -0.024819 0.609389
v 0.787867 0.055181 0.609389
v 0.817867 -0.024819 0.609389
v 0.817867 0.055181 0.609389
v 0.787867 -0.024819 0.389389
v 0.787867 0.055181 0.389389
v 0.817867 0.055181 0.389389
v 0.817867 -0.024819 0.389389
v 0.787867 -0.024819 0.359389
v 0.787867 0.055181 0.359389
v 0.817867 -0.024819 0.359389
v 0.817867 0.055181 0.359389
v 0.787867 -0.024819 0.139389
v 0.787867 0.055181 0.139389
v 0.817867 0.055181 0.139389
v 0.817867 -0.024819 0.139389
v 0.787867 -0.024819 0.109389
v 0.787867 0.055181 0.109389
v 0.817867 -0.024819 0.109389
v 0.817867 0.055181 0.109389
v 0.030000 -0.029540 0.194389
v 0.030000 0.030460 0.194389
v 0.970000 0.030460 0.194389
v 0.970000 -0.029540 0.194389
v 0.030000 -0.029540 0.054389
v 0.030000 0.030460 0.054389
v 0.970000 -0.029540 0.054389
v 0.970000 0.030460 0.054389
v 0.030000 -0.029540 0.444389
v 0.030000 0.030460 0.444389
v 0.970000 0.030460 0.444389
v 0.970000 -0.029540 0.444389
v 0.030000 -0.029540 0.304389
v 0.030000 0.030460 0.304389
v 0.970000 -0.029540 0.304389
v 0.970000 0.030460 0.304389
v 0.030000 -0.029540 0.694389
v 0.030000 0.030460 0.694389
v 0.970000 0.030460 0.694389
v 0.970000 -0.029540 0.694389
v 0.030000 -0.029540 0.554389
v 0.030000 0.030460 0.554389
v 0.970000 -0.029540 0.554389
v 0.970000 0.030460 0.554389
v 0.030000 -0.029540 0.944389
v 0.030000 0.030460 0.944389
v 0.970000 0.030460 0.944389
v 0.970000 -0.029540 0.944389
v 0.030000 -0.029540 0.804389
v 0.030000 0.030460 0.804389
v 0.970000 -0.029540 0.804389
v 0.970000 0.030460 0.804389
v 0.787867 -0.024819 -0.110611
v 0.787867 0.055181 -0.110611
v 0.817867 0.055181 -0.110611
v 0.817867 -0.024819 -0.110611
v 0.787867 -0.024819 -0.140611
v 0.787867 0.055181 -0.140611
v 0.817867 -0.024819 -0.140611
v 0.817867 0.055181 -0.140611
v 0.787867 -0.024819 -0.360611
v 0.787867 0.055181 -0.360611
v 0.817867 0.055181 -0.360611
v 0.817867 -0.024819 -0.360611
v 0.787867 -0.024819 -0.390611
v 0.787867 0.055181 -0.390611
v 0.817867 -0.024819 -0.390611
v 0.817867 0.055181 -0.390611
v 0.787867 -0.024819 -0.610611
v 0.787867 0.055181 -0.610611
v 0.817867 0.055181 -0.610611
v 0.817867 -0.024819 -0.610611
v 0.787867 -0.024819 -0.640611
v 0.787867 0.055181 -0.640611
v 0.817867 -0.024819 -0.640611
v 0.817867 0.055181 -0.640611
v 0.182133 0.055181 -0.610611
v 0.212133 0.055181 -0.610611
v 0.212133 -0.024819 -0.610611
v 0.182133 -0.024819 -0.610611
v 0.212133 0.055181 -0.640611
v 0.212133 -0.024819 -0.640611
v 0.182133 0.055181 -0.640611
v 0.182133 -0.024819 -0.640611
v 0.787867 -0.024819 -0.860611
v 0.787867 0.055181 -0.860611
v 0.817867 0.055181 -0.860611
v 0.817867 -0.024819 -0.860611
v 0.787867 -0.024819 -0.890611
v 0.787867 0.055181 -0.890611
v 0.817867 -0.024819 -0.890611
v 0.817867 0.055181 -0.890611
v 0.030000 -0.029540 -0.805611
v 0.030000 0.030460 -0.805611
v 0.970000 0.030460 -0.805611
v 0.970000 -0.029540 -0.805611
v 0.030000 -0.029540 -0.945611
v 0.030000 0.030460 -0.945611
v 0.970000 -0.029540 -0.945611
v 0.970000 0.030460 -0.945611
v 0.030000 -0.029540 -0.555611
v 0.030000 0.030460 -0.555611
v 0.970000 0.030460 -0.555611
v 0.970000 -0.029540 -0.555611
v 0.030000 -0.029540 -0.695611
v 0.030000 0.030460 -0.695611
v 0.970000 -0.029540 -0.695611
v 0.970000 0.030460 -0.695611
v 0.030000 -0.029540 -0.305611
v 0.030000 0.030460 -0.305611
v 0.970000 0.030460 -0.305611
v 0.970000 -0.029540 -0.305611
v 0.030000 -0.029540 -0.445611
v 0.030000 0.030460 -0.445611
v 0.970000 -0.029540 -0.445611
v 0.970000 0.030460 -0.445611
v 0.030000 -0.029540 -0.055611
v 0.030000 0.030460 -0.055611
v 0.970000 0.030460 -0.055611
v 0.970000 -0.029540 -0.055611
v 0.030000 -0.029540 -0.195611
v 0.030000 0.030460 -0.195611
v 0.970000 -0.029540 -0.195611
v 0.970000 0.030460 -0.195611
v 0.787867 -0.024819 -1.110611
v 0.787867 0.055181 -1.110611
v 0.817867 0.055181 -1.110611
v 0.817867 -0.024819 -1.110611
v 0.787867 -0.024819 -1.140611
v 0.787867 0.055181 -1.140611
v 0.817867 -0.024819 -1.140611
v 0.817867 0.055181 -1.140611
v 0.182133 0.055181 -1.110611
v 0.212133 0.055181 -1.110611
v 0.212133 -0.024819 -1.110611
v 0.182133 -0.024819 -1.110611
v 0.212133 0.055181 -1.140611
v 0.212133 -0.024819 -1.140611
v 0.182133 0.055181 -1.140611
v 0.182133 -0.024819 -1.140611
v 0.787867 -0.024819 -1.360611
v 0.787867 0.055181 -1.360611
v 0.817867 0.055181 -1.360611
v 0.817867 -0.024819 -1.360611
v 0.787867 -0.024819 -1.390611
v 0.787867 0.055181 -1.390611
v 0.817867 -0.024819 -1.390611
v 0.817867 0.055181 -1.390611
v 0.182133 0.055181 -1.360611
v 0.212133 0.055181 -1.360611
v 0.212133 -0.024819 -1.360611
v 0.182133 -0.024819 -1.360611
v 0.212133 0.055181 -1.390611
v 0.212133 -0.024819 -1.390611
v 0.182133 0.055181 -1.390611
v 0.182133 -0.024819 -1.390611
v 0.787867 -0.024819 -1.610611
v 0.787867 0.055181 -1.610611
v 0.817867 0.055181 -1.610611
v 0.817867 -0.024819 -1.610611
v 0.787867 -0.024819 -1.640611
v 0.787867 0.055181 -1.640611
v 0.817867 -0.024819 -1.640611
v 0.817867 0.055181 -1.640611
v 0.182133 0.055181 -1.610611
v 0.212133 0.055181 -1.610611
v 0.212133 -0.024819 -1.610611
v 0.182133 -0.024819 -1.610611
v 0.212133 0.055181 -1.640611
v 0.212133 -0.024819 -1.640611
v 0.182133 0.055181 -1.640611
v 0.182133 -0.024819 -1.640611
v 0.787867 -0.024819 -1.860611
v 0.787867 0.055181 -1.860611
v 0.817867 0.055181 -1.860611
v 0.817867 -0.024819 -1.860611
v 0.787867 -0.024819 -1.890611
v 0.787867 0.055181 -1.890611
v 0.817867 -0.024819 -1.890611
v 0.817867 0.055181 -1.890611
v 0.182133 0.055181 -1.860611
v 0.212133 0.055181 -1.860611
v 0.212133 -0.024819 -1.860611
v 0.182133 -0.024819 -1.860611
v 0.212133 0.055181 -1.890611
v 0.212133 -0.024819 -1.890611
v 0.182133 0.055181 -1.890611
v 0.182133 -0.024819 -1.890611
v 0.030000 -0.029540 -1.805611
v 0.030000 0.030460 -1.805611
v 0.970000 0.030460 -1.805611
v 0.970000 -0.029540 -1.805611
v 0.030000 -0.029540 -1.945611
v 0.030000 0.030460 -1.945611
v 0.970000 -0.029540 -1.945611
v 0.970000 0.030460 -1.945611
v 0.030000 -0.029540 -1.555611
v 0.030000 0.030460 -1.555611
v 0.970000 0.030460 -1.555611
v 0.970000 -0.029540 -1.555611
v 0.030000 -0.029540 -1.695611
v 0.030000 0.030460 -1.695611
v 0.970000 -0.029540 -1.695611
v 0.970000 0.030460 -1.695611
v 0.030000 -0.029540 -1.305611
v 0.030000 0.030460 -1.305611
v 0.970000 0.030460 -1.305611
v 0.970000 -0.029540 -1.305611
v 0.030000 -0.029540 -1.445611
v 0.030000 0.030460 -1.445611
v 0.970000 -0.029540 -1.445611
v 0.970000 0.030460 -1.445611
v 0.030000 -0.029540 -1.055611
v 0.030000 0.030460 -1.055611
v 0.970000 0.030460 -1.055611
v 0.970000 -0.029540 -1.055611
v 0.030000 -0.029540 -1.195611
v 0.030000 0.030460 -1.195611
v 0.970000 -0.029540 -1.195611
v 0.970000 0.030460 -1.195611
v 0.197859 0.041290 0.779227
v 0.197873 0.025804 0.779950
v 0.200633 0.025804 1.000000
v 0.200633 0.041290 1.000000
v 0.146027 0.085803 0.781516
v 0.189757 0.085803 0.779585
v 0.192522 0.085803 0.999987
v 0.148744 0.085803 0.999920
v 0.137922 0.025804 0.781763
v 0.140633 0.025804 0.999907
v 0.180142 0.071584 0.780481
v 0.182889 0.071584 0.999972
v 0.192522 0.071584 0.999987
v 0.189768 0.071584 0.780193
v 0.182889 0.041290 0.999972
v 0.180142 0.041290 0.780481
v 0.155653 0.071584 0.781222
v 0.158378 0.071584 0.999934
v 0.158378 0.041290 0.999934
v 0.155653 0.041290 0.781222
v 0.148744 0.071584 0.999920
v 0.146027 0.071584 0.781516
v 0.140633 0.041290 0.999907
v 0.137922 0.041290 0.781763
v 0.786855 -0.025279 0.901691
v 0.786855 0.054722 0.901691
v 0.816855 0.054722 0.901737
v 0.816855 -0.025279 0.901737
v 0.786211 -0.025279 0.870029
v 0.786211 0.054722 0.870029
v 0.816211 -0.025279 0.869902
v 0.816211 0.054722 0.869902
v 0.181122 0.054722 0.900754
v 0.211122 0.054722 0.900801
v 0.211122 -0.025279 0.900801
v 0.181122 -0.025279 0.900754
v 0.210482 0.054722 0.872467
v 0.210482 -0.025279 0.872467
v 0.180483 0.054722 0.872594
v 0.180483 -0.025279 0.872594
v 0.181649 0.041290 0.575516
v 0.181729 0.025804 0.576237
v 0.130203 0.085803 0.582237
v 0.173607 0.085803 0.576566
v 0.122148 0.025804 0.583177
v 0.164107 0.071584 0.578285
v 0.173674 0.071584 0.577173
v 0.164107 0.041290 0.578285
v 0.139769 0.071584 0.581120
v 0.139769 0.041290 0.581120
v 0.130203 0.071584 0.582237
v 0.122148 0.041290 0.583177
v 0.148166 0.041290 0.372794
v 0.148311 0.025804 0.373509
v 0.097449 0.085803 0.383731
v 0.140238 0.085803 0.374503
v 0.089498 0.025804 0.385331
v 0.130916 0.071584 0.377001
v 0.140360 0.071584 0.375106
v 0.130916 0.041290 0.377001
v 0.106892 0.071584 0.381831
v 0.106892 0.041290 0.381831
v 0.097449 0.071584 0.383731
v 0.089498 0.041290 0.385331
v 0.151682 0.054722 0.494851
v 0.181278 0.054722 0.489944
v 0.181278 -0.025279 0.489944
v 0.151682 -0.025279 0.494851
v 0.177102 0.054722 0.463349
v 0.177102 -0.025279 0.463349
v 0.147561 0.054722 0.468578
v 0.147561 -0.025279 0.468578
v 0.008782 -0.030000 0.564894
v 0.008782 0.030000 0.564894
v 0.938998 0.030000 0.429633
v 0.938998 -0.030000 0.429633
v -0.011087 -0.030000 0.450043
v -0.011087 0.030000 0.450043
v 0.911150 -0.030000 0.268173
v 0.911150 0.030000 0.268173
v 0.098213 0.041290 0.171948
v 0.098421 0.025804 0.172654
v 0.048501 0.085803 0.186798
v 0.090442 0.085803 0.174269
v 0.040697 0.025804 0.189011
v 0.081348 0.071584 0.177488
v 0.090617 0.071584 0.174864
v 0.081348 0.041290 0.177488
v 0.057769 0.071584 0.184170
v 0.057769 0.041290 0.184170
v 0.048501 0.071584 0.186798
v 0.040697 0.041290 0.189011
v 0.736260 0.025804 -0.005886
v 0.796578 0.025804 0.245125
v 0.796578 0.041290 0.245125
v 0.736260 0.041290 -0.005886
v 0.695638 0.041290 0.006068
v 0.695631 0.071584 0.006067
v 0.755244 0.071584 0.253879
v 0.755244 0.041290 0.253879
v 0.686573 0.071584 0.008633
v 0.686546 0.085803 0.008793
v 0.745819 0.085803 0.255875
v 0.745785 0.071584 0.255710
v 0.111739 0.054722 0.294234
v 0.140842 0.054722 0.286956
v 0.140842 -0.025279 0.286956
v 0.111739 -0.025279 0.294234
v 0.134296 0.054722 0.260641
v 0.134295 -0.025279 0.260641
v 0.105268 0.054722 0.268217
v 0.105268 -0.025279 0.268217
v -0.024571 -0.030000 0.376046
v -0.024571 0.030000 0.376046
v 0.891463 0.030000 0.165144
v 0.891463 -0.030000 0.165143
v -0.054026 -0.030000 0.261813
v -0.054026 0.030000 0.261813
v 0.850962 -0.030000 0.007660
v 0.850962 0.030000 0.007660
v 0.779307 0.041290 0.249225
v 0.719765 0.041290 -0.000454
v 0.779307 0.071584 0.249225
v 0.788765 0.071584 0.247397
v 0.728569 0.071584 -0.003016
v 0.719516 0.071584 -0.000454
v 0.788765 0.085803 0.247397
v 0.728642 0.085803 -0.003016
v 0.737824 0.041290 0.257252
v 0.678820 0.041290 0.010792
v 0.737824 0.025804 0.257252
v 0.678584 0.025804 0.010792
v 0.032901 0.041290 -0.026259
v 0.033168 0.025804 -0.025566
v -0.015606 0.085803 -0.007849
v 0.025318 0.085803 -0.023382
v -0.023231 0.025804 -0.005078
v 0.016487 0.071584 -0.019510
v 0.025544 0.071584 -0.022798
v 0.016487 0.041290 -0.019510
v -0.006551 0.071584 -0.011140
v -0.006551 0.041290 -0.011140
v -0.015606 0.071584 -0.007849
v -0.023231 0.041290 -0.005078
v 0.657084 0.025804 -0.249844
v 0.657368 0.041290 -0.249844
v 0.617882 0.041290 -0.234976
v 0.617966 0.071584 -0.234976
v 0.609145 0.071584 -0.231741
v 0.609429 0.085803 -0.231586
v 0.055865 0.054722 0.095686
v 0.084334 0.054722 0.086225
v 0.084334 -0.025279 0.086226
v 0.055865 -0.025279 0.095687
v 0.075523 0.054722 0.060328
v 0.075523 -0.025279 0.060328
v 0.047145 0.054722 0.070058
v 0.047145 -0.025279 0.070058
v -0.073740 -0.030000 0.188192
v -0.073740 0.030000 0.188192
v 0.823343 0.030000 -0.092595
v 0.823343 -0.030000 -0.092595
v -0.111806 -0.030000 0.074878
v -0.111806 0.030000 0.074878
v 0.771959 -0.030000 -0.245368
v 0.771959 0.030000 -0.245368
v 0.641449 0.041290 -0.243203
v 0.650042 0.071584 -0.246435
v 0.641329 0.071584 -0.243203
v 0.649806 0.085803 -0.246435
v 0.601599 0.041290 -0.229018
v 0.601892 0.025804 -0.229018
v -0.046455 0.041290 -0.221240
v -0.046132 0.025804 -0.220562
v -0.093626 0.085803 -0.199635
v -0.053828 0.085803 -0.217863
v -0.101050 0.025804 -0.196362
v -0.062375 0.071584 -0.213408
v -0.053556 0.071584 -0.217292
v -0.062375 0.041290 -0.213408
v -0.084808 0.071584 -0.203522
v -0.084808 0.041290 -0.203522
v -0.093626 0.071584 -0.199635
v -0.101050 0.041290 -0.196362
v 0.559358 0.025804 -0.485954
v 0.559358 0.041290 -0.485954
v 0.520894 0.041290 -0.468470
v 0.520894 0.071584 -0.468470
v 0.512053 0.071584 -0.464632
v 0.512124 0.085803 -0.464483
v -0.014760 0.054722 -0.100115
v 0.012975 0.054722 -0.111549
v 0.012975 -0.025279 -0.111549
v -0.014760 -0.025279 -0.100115
v 0.002039 0.054722 -0.136907
v 0.002039 -0.025279 -0.136907
v -0.025598 0.054722 -0.125235
v -0.025598 -0.025279 -0.125235
v -0.137936 -0.030000 0.002016
v -0.137936 0.030000 0.002016
v 0.736843 0.030000 -0.342019
v 0.736843 -0.030000 -0.342019
v -0.184607 -0.030000 -0.109919
v -0.184607 0.030000 -0.109919
v 0.675456 -0.030000 -0.489246
v 0.675456 0.030000 -0.489246
v 0.543386 0.041290 -0.478230
v 0.552227 0.071584 -0.482066
v 0.543386 0.071584 -0.478230
v 0.552227 0.085803 -0.482066
v 0.504612 0.041290 -0.461401
v 0.504612 0.025804 -0.461401
v -0.139274 0.041290 -0.412272
v -0.138926 0.025804 -0.411602
v -0.185047 0.085803 -0.387846
v -0.146429 0.085803 -0.408454
v -0.192257 0.025804 -0.384131
v -0.154700 0.071584 -0.403481
v -0.146136 0.071584 -0.407890
v -0.154700 0.041290 -0.403481
v -0.176485 0.071584 -0.392259
v -0.176485 0.041290 -0.392259
v -0.185047 0.071584 -0.387846
v -0.192257 0.041290 -0.384131
v 0.449111 0.025804 -0.713172
v 0.449111 0.041290 -0.713173
v 0.411781 0.041290 -0.693382
v 0.411781 0.071584 -0.693382
v 0.403194 0.071584 -0.689014
v 0.403270 0.085803 -0.688869
v 0.444461 -0.025279 -0.558686
v 0.444461 0.054722 -0.558686
v 0.471406 0.054722 -0.571875
v 0.471406 -0.025279 -0.571875
v 0.430304 -0.025279 -0.587839
v 0.430304 0.054722 -0.587839
v 0.457142 -0.025279 -0.601244
v 0.457142 0.054722 -0.601244
v -0.099597 0.054722 -0.292388
v -0.072651 0.054722 -0.305576
v -0.072651 -0.025279 -0.305576
v -0.099597 -0.025279 -0.292388
v -0.084756 0.054722 -0.330579
v -0.084757 -0.025279 -0.330579
v -0.111595 0.054722 -0.317174
v -0.111595 -0.025279 -0.317174
v -0.215595 -0.030000 -0.181987
v -0.215595 0.030000 -0.181987
v 0.634766 0.030000 -0.582593
v 0.634766 -0.030000 -0.582593
v -0.270143 -0.030000 -0.292237
v -0.270143 0.030000 -0.292237
v 0.564788 -0.030000 -0.724080
v 0.564788 0.030000 -0.724080
v 0.433628 0.041290 -0.704489
v 0.442216 0.071584 -0.708854
v 0.433628 0.071584 -0.704489
v 0.442216 0.085803 -0.708854
v 0.395966 0.041290 -0.685338
v 0.395966 0.025804 -0.685338
v -0.243948 0.041290 -0.599060
v -0.243551 0.025804 -0.598409
v -0.288309 0.085803 -0.572154
v -0.250882 0.085803 -0.594854
v -0.295306 0.025804 -0.568048
v -0.258859 0.071584 -0.589432
v -0.250548 0.071584 -0.594305
v -0.258859 0.041290 -0.589432
v -0.280000 0.071584 -0.577030
v -0.280000 0.041290 -0.577030
v -0.288309 0.071584 -0.572154
v -0.295306 0.041290 -0.568048
v 0.327064 0.025804 -0.932015
v 0.327064 0.041290 -0.932015
v 0.290886 0.041290 -0.910190
v 0.290885 0.071584 -0.910190
v 0.282552 0.071584 -0.905353
v 0.282636 0.085803 -0.905214
v 0.330575 -0.025279 -0.778250
v 0.330575 0.054722 -0.778250
v 0.356707 0.054722 -0.792986
v 0.356707 -0.025279 -0.792986
v 0.314741 -0.025279 -0.806274
v 0.314741 0.054722 -0.806274
v 0.340765 -0.025279 -0.821199
v 0.340765 0.054722 -0.821199
v -0.197052 0.054722 -0.480721
v -0.170920 0.054722 -0.495457
v -0.170920 -0.025279 -0.495457
v -0.197052 -0.025279 -0.480721
v -0.184691 0.054722 -0.519853
v -0.184691 -0.025279 -0.519853
v -0.210715 0.054722 -0.504929
v -0.210715 -0.025279 -0.504929
v -0.305464 -0.030000 -0.363403
v -0.305464 0.030000 -0.363403
v 0.519390 0.030000 -0.814197
v 0.519390 -0.030000 -0.814197
v -0.367118 -0.030000 -0.471746
v -0.367118 0.030000 -0.471746
v 0.442111 -0.030000 -0.950021
v 0.442111 0.030000 -0.950021
v 0.312087 0.041290 -0.922494
v 0.320421 0.071584 -0.927329
v 0.312088 0.071584 -0.922494
v 0.320421 0.085803 -0.927329
v 0.275537 0.041290 -0.901281
v 0.275537 0.025804 -0.901281
v -0.358475 0.041290 -0.781775
v -0.358034 0.025804 -0.781145
v -0.401434 0.085803 -0.752683
v -0.365190 0.085803 -0.777228
v -0.408219 0.025804 -0.748232
v -0.372878 0.071584 -0.771413
v -0.364819 0.071584 -0.776697
v -0.372878 0.041290 -0.771413
v -0.393377 0.071584 -0.757969
v -0.393377 0.041290 -0.757969
v -0.401434 0.071584 -0.752683
v -0.408219 0.041290 -0.748232
v 0.139523 0.026263 -1.108689
v 0.139523 0.041749 -1.108689
v 0.157268 0.041749 -1.108689
v 0.181778 0.041749 -1.108689
v 0.199523 0.041749 -1.108689
v 0.199523 0.026263 -1.108689
v 0.181778 0.072044 -1.108689
v 0.147634 0.086263 -1.108689
v 0.191412 0.086263 -1.108689
v 0.191412 0.072044 -1.108689
v 0.157268 0.072044 -1.108689
v 0.147634 0.072044 -1.108689
v -0.305162 0.054722 -0.665131
v -0.279849 0.054722 -0.681231
v -0.279849 -0.025279 -0.681231
v -0.305162 -0.025279 -0.665131
v -0.295330 0.054722 -0.704873
v -0.295330 -0.025279 -0.704873
v -0.320540 0.054722 -0.688611
v -0.320540 -0.025279 -0.688611
v -0.407463 -0.030000 -0.541503
v -0.407463 0.030000 -0.541503
v 0.391833 0.030000 -1.036199
v 0.391833 -0.030000 -1.036199
v -0.475573 -0.030000 -0.647716
v -0.475573 0.030000 -0.647716
v 0.308311 -0.030000 -1.166486
v 0.308311 0.030000 -1.166486
v -0.483253 0.041290 -0.959562
v -0.482792 0.025804 -0.958943
v -0.524864 0.085803 -0.928573
v -0.489757 0.085803 -0.954718
v -0.531441 0.025804 -0.923825
v -0.497182 0.071584 -0.948559
v -0.489369 0.071584 -0.954196
v -0.497182 0.041290 -0.948559
v -0.517054 0.071584 -0.934213
v -0.517054 0.041290 -0.934213
v -0.524864 0.071584 -0.928573
v -0.531441 0.041290 -0.923825
v 0.053511 0.025804 -1.345241
v 0.195060 0.025804 -1.142916
v 0.195060 0.041290 -1.142916
v 0.053511 0.041290 -1.345241
v 0.019576 0.041290 -1.320072
v 0.019575 0.071584 -1.320072
v 0.160025 0.071584 -1.119301
v 0.160025 0.041290 -1.119301
v 0.011742 0.071584 -1.314462
v 0.011838 0.085803 -1.314333
v 0.152036 0.085803 -1.113916
v 0.151947 0.071584 -1.114052
v 0.071112 -0.025279 -1.194014
v 0.071112 0.054722 -1.194014
v 0.095630 0.054722 -1.211303
v 0.095629 -0.025279 -1.211303
v 0.052873 -0.025279 -1.220103
v 0.052873 0.054722 -1.220103
v 0.077286 -0.025279 -1.237538
v 0.077286 0.054722 -1.237538
v -0.423919 0.054722 -0.844933
v -0.399402 0.054722 -0.862221
v -0.399402 -0.025279 -0.862221
v -0.423919 -0.025279 -0.844933
v -0.415643 0.054722 -0.885495
v -0.415643 -0.025279 -0.885495
v -0.440057 0.054722 -0.868060
v -0.440057 -0.025279 -0.868060
v -0.519596 -0.030000 -0.716247
v -0.519596 0.030000 -0.716247
v 0.254518 0.030000 -1.249489
v 0.254518 -0.030000 -1.249489
v -0.593371 -0.030000 -0.820277
v -0.593371 0.030000 -0.820277
v 0.165766 -0.030000 -1.374632
v 0.165766 0.030000 -1.374631
v 0.180574 0.041290 -1.132652
v 0.039505 0.041290 -1.334342
v 0.180574 0.071584 -1.132652
v 0.188652 0.071584 -1.137900
v 0.047339 0.071584 -1.339950
v 0.039505 0.071584 -1.334342
v 0.188652 0.085803 -1.137900
v 0.047339 0.085803 -1.339950
v 0.145148 0.041290 -1.109633
v 0.005148 0.041290 -1.309740
v 0.145148 0.025804 -1.109633
v 0.005148 0.025804 -1.309740
v -0.615501 0.041290 -1.133349
v -0.615004 0.025804 -1.132752
v -0.655808 0.085803 -1.100681
v -0.621802 0.085803 -1.128243
v -0.662187 0.025804 -1.095668
v -0.628960 0.071584 -1.121786
v -0.621383 0.071584 -1.127739
v -0.628960 0.041290 -1.121786
v -0.648233 0.071584 -1.106637
v -0.648233 0.041290 -1.106637
v -0.655809 0.071584 -1.100682
v -0.662187 0.041290 -1.095668
v -0.095028 0.025804 -1.540745
v -0.095028 0.041290 -1.540745
v -0.127899 0.041290 -1.514201
v -0.127899 0.071584 -1.514201
v -0.135494 0.071584 -1.508274
v -0.135394 0.085803 -1.508148
v -0.071718 -0.025279 -1.390750
v -0.071718 0.054722 -1.390750
v -0.047972 0.054722 -1.409084
v -0.047972 -0.025279 -1.409084
v -0.091264 -0.025279 -1.415597
v -0.091264 0.054722 -1.415597
v -0.067615 -0.025279 -1.434056
v -0.067615 0.054722 -1.434056
v -0.551166 0.054722 -1.020557
v -0.527421 0.054722 -1.038891
v -0.527421 -0.025279 -1.038891
v -0.551166 -0.025279 -1.020557
v -0.545114 0.054722 -1.061352
v -0.545114 -0.025279 -1.061352
v -0.568763 0.054722 -1.042893
v -0.568763 -0.025279 -1.042893
v -0.640925 -0.030000 -0.887444
v -0.640925 0.030000 -0.887444
v 0.108788 0.030000 -1.454478
v 0.108788 -0.030000 -1.454478
v -0.720027 -0.030000 -0.989101
v -0.720027 0.030000 -0.989101
v 0.015375 -0.030000 -1.574576
v 0.015375 0.030000 -1.574576
v -0.108578 0.041290 -1.529277
v -0.100984 0.071584 -1.535201
v -0.108578 0.071584 -1.529277
v -0.100984 0.085803 -1.535201
v -0.141886 0.041290 -1.503285
v -0.141886 0.025804 -1.503285
v -0.755899 0.041290 -1.302248
v -0.755386 0.025804 -1.301660
v -0.794979 0.085803 -1.268121
v -0.762008 0.085803 -1.296913
v -0.801169 0.025804 -1.262878
v -0.768927 0.071584 -1.290192
v -0.761575 0.071584 -1.296418
v -0.768927 0.041290 -1.290192
v -0.787629 0.071584 -1.274349
v -0.787629 0.041290 -1.274350
v -0.794979 0.071584 -1.268121
v -0.801169 0.041290 -1.262878
v -0.250767 0.025804 -1.728555
v -0.250767 0.041290 -1.728555
v -0.282636 0.041290 -1.700815
v -0.282637 0.071584 -1.700815
v -0.290008 0.071584 -1.694609
v -0.289903 0.085803 -1.694490
v -0.222051 -0.025279 -1.580250
v -0.222051 0.054722 -1.580250
v -0.199039 0.054722 -1.599497
v -0.199039 -0.025279 -1.599497
v -0.242206 -0.025279 -1.604479
v -0.242206 0.054722 -1.604479
v -0.219290 -0.025279 -1.623839
v -0.219290 0.054722 -1.623839
v -0.686680 0.054722 -1.191619
v -0.663669 0.054722 -1.210867
v -0.663669 -0.025279 -1.210867
v -0.686680 -0.025279 -1.191619
v -0.682008 0.054722 -1.232936
v -0.682008 -0.025279 -1.232936
v -0.704925 0.054722 -1.213576
v -0.704925 -0.025279 -1.213576
v -0.770784 -0.030000 -1.054825
v -0.770784 0.030000 -1.054825
v -0.044365 0.030000 -1.651410
v -0.044365 -0.030000 -1.651410
v -0.854250 -0.030000 -1.154301
v -0.854250 0.030000 -1.154301
v -0.141502 -0.030000 -1.767155
v -0.141502 0.030000 -1.767155
v -0.263883 0.041290 -1.716600
v -0.256511 0.071584 -1.722804
v -0.263883 0.071584 -1.716600
v -0.256511 0.085803 -1.722804
v -0.296213 0.041290 -1.689386
v -0.296213 0.025804 -1.689386
v -0.902263 0.041290 -1.467252
v -0.901734 0.025804 -1.466675
v -0.940173 0.085803 -1.431830
v -0.908189 0.085803 -1.461715
v -0.946182 0.025804 -1.426383
v -0.914881 0.071584 -1.454760
v -0.907743 0.071584 -1.461229
v -0.914881 0.041290 -1.454760
v -0.933037 0.071584 -1.438301
v -0.933037 0.041290 -1.438301
v -0.940173 0.071584 -1.431830
v -0.946182 0.041290 -1.426383
v -0.411854 0.025804 -1.910270
v -0.411854 0.041290 -1.910270
v -0.442769 0.041290 -1.881471
v -0.442769 0.071584 -1.881471
v -0.449926 0.071584 -1.875021
v -0.449818 0.085803 -1.874904
v -0.378245 -0.025279 -1.763674
v -0.378245 0.054722 -1.763674
v -0.355935 0.054722 -1.783730
v -0.355935 -0.025279 -1.783730
v -0.399444 -0.025279 -1.786744
v -0.399444 0.054722 -1.786744
v -0.377219 -0.025279 -1.806895
v -0.377219 0.054722 -1.806895
v -0.828723 0.054722 -1.358725
v -0.806412 0.054722 -1.378781
v -0.806412 -0.025279 -1.378781
v -0.828723 -0.025279 -1.358725
v -0.825961 0.054722 -1.400024
v -0.825961 -0.025279 -1.400024
v -0.848186 0.054722 -1.379873
v -0.848186 -0.025279 -1.379873
v -0.907994 -0.030000 -1.218518
v -0.907994 0.030000 -1.218518
v -0.203717 0.030000 -1.841088
v -0.203717 -0.030000 -1.841088
v -0.995758 -0.030000 -1.315587
v -0.995758 0.030000 -1.315587
v -0.304353 -0.030000 -1.952421
v -0.304353 0.030000 -1.952421
v -0.424562 0.041290 -1.897878
v -0.417406 0.071584 -1.904327
v -0.424562 0.071584 -1.897878
v -0.417406 0.085803 -1.904327
v -0.455950 0.041290 -1.869592
v -0.455950 0.025804 -1.869592
v -1.054666 0.041290 -1.627953
v -1.054107 0.025804 -1.627399
v -1.091475 0.085803 -1.591390
v -1.060419 0.085803 -1.622238
v -1.097318 0.025804 -1.585761
v -1.066888 0.071584 -1.615086
v -1.059948 0.071584 -1.621770
v -1.066888 0.041290 -1.615086
v -1.084538 0.071584 -1.598077
v -1.084538 0.041290 -1.598077
v -1.091476 0.071584 -1.591390
v -1.097318 0.041290 -1.585761
v -0.577953 0.025807 -2.085905
v -0.577953 0.041293 -2.085905
v -0.607969 0.041291 -2.056169
v -0.607969 0.071585 -2.056169
v -0.614925 0.071585 -2.049499
v -0.614813 0.085805 -2.049389
v -0.540441 -0.025279 -1.940395
v -0.540441 0.054722 -1.940395
v -0.518786 0.054722 -1.961156
v -0.518786 -0.025279 -1.961156
v -0.562124 -0.025279 -1.962898
v -0.562124 0.054722 -1.962898
v -0.540551 -0.025279 -1.983746
v -0.540551 0.054722 -1.983746
v -0.977691 0.054722 -1.521198
v -0.956036 0.054722 -1.541959
v -0.956036 -0.025279 -1.541959
v -0.977691 -0.025279 -1.521198
v -0.976125 0.054722 -1.562808
v -0.976125 -0.025279 -1.562808
v -0.997698 0.054722 -1.541960
v -0.997698 -0.025279 -1.541960
v -1.051589 -0.030000 -1.378664
v -1.051589 0.030000 -1.378664
v -0.368310 0.030000 -2.024208
v -0.368310 -0.030000 -2.024208
v -1.142987 -0.030000 -1.473514
v -1.142987 0.030000 -1.473514
v -0.471844 -0.029997 -2.131668
v -0.471844 0.030003 -2.131668
v -0.590272 0.041291 -2.073134
v -0.583317 0.071585 -2.079801
v -0.590272 0.071585 -2.073134
v -0.583317 0.085805 -2.079801
v -0.620780 0.041290 -2.043886
v -0.620780 0.025804 -2.043886
v -1.218059 0.041749 -1.793723
v -1.217481 0.026263 -1.793150
v -1.254213 0.086262 -1.756511
v -1.223710 0.086262 -1.787907
v -1.259956 0.026263 -1.750784
v -1.230043 0.072043 -1.780620
v -1.223222 0.072043 -1.787423
v -1.230043 0.041749 -1.780620
v -1.247394 0.072043 -1.763315
v -1.247394 0.041749 -1.763315
v -1.254213 0.072043 -1.756512
v -1.259956 0.041749 -1.750784
v -0.751101 0.025806 -2.260467
v -0.751101 0.041292 -2.260467
v -0.780542 0.041292 -2.230164
v -0.780542 0.071586 -2.230164
v -0.787363 0.071586 -2.223360
v -0.787255 0.085805 -2.223254
v -0.707129 -0.025276 -2.111852
v -0.707129 0.054725 -2.111852
v -0.686095 0.054725 -2.133243
v -0.686095 -0.025276 -2.133243
v -0.729263 -0.025276 -2.133812
v -0.729263 0.054725 -2.133812
v -0.708310 -0.025276 -2.155283
v -0.708310 0.054725 -2.155283
v -1.131810 0.054722 -1.679927
v -1.110777 0.054722 -1.701318
v -1.110777 -0.025279 -1.701318
v -1.131810 -0.025279 -1.679927
v -1.131371 0.054722 -1.721770
v -1.131371 -0.025279 -1.721770
v -1.152324 0.054722 -1.700300
v -1.152324 -0.025279 -1.700300
v -1.201598 -0.030000 -1.534838
v -1.201598 0.030000 -1.534838
v -0.537976 0.030003 -2.200574
v -0.537976 -0.029997 -2.200574
v -1.296903 -0.030000 -1.629478
v -1.296903 0.030000 -1.629478
v -0.641886 -0.029997 -2.303682
v -0.641886 0.030003 -2.303682
v -0.763191 0.041292 -2.247471
v -0.756371 0.071586 -2.254273
v -0.763191 0.071586 -2.247471
v -0.756371 0.085805 -2.254273
v -0.793104 0.041292 -2.217634
v -0.793104 0.025806 -2.217634
v 0.157268 0.041749 -1.250611
v 0.157268 0.041749 -0.688111
v 0.157268 0.041749 -0.500611
v 0.139523 0.041749 -0.500611
v 0.139523 0.041749 -0.688111
v 0.257268 0.041749 0.249389
v 0.239523 0.041749 0.249389
v 0.147634 0.072044 -1.250611
v 0.157268 0.072044 -1.250611
v 0.147634 0.072044 -0.688111
v 0.147634 0.072044 -0.500611
v 0.157268 0.072044 -0.500611
v 0.157268 0.072044 -0.688111
v 0.247634 0.072044 0.249389
v 0.257268 0.072044 0.249389
v 0.147634 0.086263 -1.250611
v 0.147634 0.086263 -0.688111
v 0.147634 0.086263 -0.500611
v 0.247634 0.086263 0.249389
v 0.199523 0.041749 -1.250611
v 0.199523 0.041749 -0.688111
v 0.199523 0.041749 -0.500611
v 0.181778 0.041749 -0.500611
v 0.181778 0.041749 -0.688111
v 0.299523 0.041749 0.249389
v 0.281778 0.041749 0.249389
v 0.181778 0.072044 -0.688111
v 0.181778 0.072044 -0.500611
v 0.191412 0.072044 -0.500611
v 0.191412 0.072044 -0.688111
v 0.281778 0.072044 0.249389
v 0.291412 0.072044 0.249389
v 0.291412 0.086263 0.249389
v 0.191412 0.086263 -0.500611
v 0.199523 0.026263 -1.250611
v 0.139523 0.026263 -0.688111
v 0.139523 0.026263 -0.500611
v 0.199523 0.026263 -0.500611
v 0.199523 0.026263 -0.688111
v 0.239523 0.026263 0.249389
v 0.299523 0.026263 0.249389
v 0.191412 0.086263 -0.688111
v 0.139523 0.026263 -0.895611
v 0.139523 0.041749 -0.895611
v 0.199523 0.041749 -0.895611
v 0.199523 0.026263 -0.895611
v 0.147634 0.086263 -0.895611
v 0.191412 0.086263 -0.895611
v 0.181778 0.072044 -0.895611
v 0.181778 0.041749 -0.895611
v 0.191412 0.072044 -0.895611
v 0.157268 0.072044 -0.895611
v 0.157268 0.041749 -0.895611
v 0.147634 0.072044 -0.895611
v 0.182133 0.055181 -0.850611
v 0.212133 0.055181 -0.850611
v 0.212133 -0.024819 -0.850611
v 0.182133 -0.024819 -0.850611
v 0.212133 0.055181 -0.880611
v 0.212133 -0.024819 -0.880611
v 0.182133 0.055181 -0.880611
v 0.182133 -0.024819 -0.880611
v 0.177550 -0.024819 0.660794
v 0.177550 0.055181 0.660794
v 0.207367 0.055181 0.657486
v 0.207367 -0.024819 0.657486
v 0.174241 -0.024819 0.630977
v 0.174241 0.055181 0.630977
v 0.204058 -0.024819 0.627669
v 0.204058 0.055181 0.627669
vt 0.679406 0.062150
vt 0.679406 0.048121
vt 0.905875 0.048121
vt 0.905875 0.062150
vt 0.982037 0.022561
vt 0.982037 0.022561
vt 0.982037 0.022561
vt 0.982037 0.022561
vt 0.982037 0.022561
vt 0.982037 0.022561
vt 0.982037 0.022561
vt 0.982037 0.022561
vt 0.982037 0.022561
vt 0.982037 0.022561
vt 0.982037 0.022561
vt 0.982037 0.022561
vt 0.226469 0.121202
vt 0.000000 0.121202
vt 0.000000 0.093759
vt 0.226469 0.093759
vt 0.226469 0.025761
vt 0.000000 0.025761
vt 0.000000 0.012881
vt 0.226469 0.012881
vt 0.949641 0.103062
vt 0.949641 0.115757
vt 0.980127 0.103062
vt 0.958243 0.103062
vt 0.988729 0.115757
vt 0.988729 0.103062
vt 0.995971 0.076013
vt 0.995971 0.062186
vt 0.958243 0.076013
vt 0.980127 0.076013
vt 0.942399 0.062186
vt 0.942399 0.076013
vt 0.905875 0.048121
vt 0.000000 0.048121
vt 0.000000 0.062150
vt 0.905875 0.062150
vt 0.982037 0.022561
vt 0.982037 0.022561
vt 0.982037 0.022561
vt 0.982037 0.022561
vt 0.982037 0.022561
vt 0.982037 0.022561
vt 0.982037 0.022561
vt 0.982037 0.022561
vt 0.982037 0.022561
vt 0.982037 0.022561
vt 0.982037 0.022561
vt 0.982037 0.022561
vt 0.905875 0.034093
vt 0.000000 0.034093
vt 0.000000 0.048121
vt 0.905875 0.048121
vt 0.906075 0.219937
vt 0.000200 0.219937
vt 0.000200 0.259595
vt 0.906075 0.259595
vt -0.000122 0.156096
vt -0.000122 0.210448
vt 0.905753 0.210448
vt 0.905753 0.156096
vt 0.000000 0.093759
vt 0.000000 0.121202
vt 0.905875 0.121202
vt 0.905875 0.093759
vt 0.000000 0.012881
vt 0.000000 0.025761
vt 0.905875 0.025761
vt 0.905875 0.012881
vt 0.000512 0.321630
vt 0.000512 0.330358
vt 0.906387 0.330358
vt 0.906387 0.321630
vt 0.906075 0.312903
vt 0.906075 0.296828
vt 0.000200 0.296828
vt 0.000200 0.312903
vt 0.000000 0.062150
vt 0.000000 0.089593
vt 0.905875 0.089593
vt 0.905875 0.062150
vt 0.000000 0.000000
vt 0.000000 0.012881
vt 0.905875 0.012881
vt 0.905875 0.000000
vt 0.000512 0.312903
vt 0.000512 0.321630
vt 0.906387 0.321630
vt 0.906387 0.312903
vt 0.906075 0.297453
vt 0.906075 0.281378
vt 0.000200 0.281378
vt 0.000200 0.297453
vt 0.999050 0.183297
vt 0.999050 0.342604
vt 0.939310 0.342604
vt 0.939310 0.183297
vt 0.999050 0.183297
vt 0.999050 0.342604
vt 0.939310 0.342604
vt 0.939310 0.183297
vt 0.999050 0.183297
vt 0.999050 0.342604
vt 0.939310 0.342604
vt 0.939310 0.183297
vt 0.999050 0.183297
vt 0.999050 0.342604
vt 0.939310 0.342604
vt 0.939310 0.183297
vt 0.985655 0.132863
vt 0.985655 0.179437
vt 0.939081 0.179437
vt 0.939081 0.132863
vt 0.999050 0.183297
vt 0.999050 0.342604
vt 0.939310 0.342604
vt 0.939310 0.183297
vt 0.999050 0.183297
vt 0.999050 0.342604
vt 0.939310 0.342604
vt 0.939310 0.183297
vt 0.999050 0.183297
vt 0.999050 0.342604
vt 0.939310 0.342604
vt 0.939310 0.183297
vt 0.999050 0.183297
vt 0.999050 0.342604
vt 0.939310 0.342604
vt 0.939310 0.183297
vt 0.985655 0.132863
vt 0.985655 0.179437
vt 0.939081 0.179437
vt 0.939081 0.132863
vt 0.999050 0.183297
vt 0.999050 0.342604
vt 0.939310 0.342604
vt 0.939310 0.183297
vt 0.999050 0.183297
vt 0.999050 0.342604
vt 0.939310 0.342604
vt 0.939310 0.183297
vt 0.999050 0.183297
vt 0.999050 0.342604
vt 0.939310 0.342604
vt 0.939310 0.183297
vt 0.999050 0.183297
vt 0.999050 0.342604
vt 0.939310 0.342604
vt 0.939310 0.183297
vt 0.985655 0.132863
vt 0.985655 0.179437
vt 0.939081 0.179437
vt 0.939081 0.132863
vt 0.979692 0.781451
vt 0.979692 0.844034
vt -0.000781 0.844034
vt -0.000781 0.781451
vt 0.146184 0.656284
vt 0.146184 0.718868
vt 0.000156 0.718868
vt 0.000156 0.656284
vt 0.980629 0.718868
vt 0.980629 0.781451
vt 0.000156 0.781451
vt 0.000156 0.718868
vt 0.302823 0.656284
vt 0.302823 0.718868
vt 0.156795 0.718868
vt 0.156795 0.656284
vt 0.999534 0.505675
vt 0.999534 0.654611
vt -0.000466 0.654611
vt -0.000466 0.505675
vt 0.979692 0.781451
vt 0.979692 0.844034
vt -0.000781 0.844034
vt -0.000781 0.781451
vt 0.145247 0.656284
vt 0.145247 0.718868
vt -0.000781 0.718868
vt -0.000781 0.656284
vt 0.979692 0.718868
vt 0.979692 0.781451
vt -0.000781 0.781451
vt -0.000781 0.718868
vt 0.302823 0.656284
vt 0.302823 0.718868
vt 0.156795 0.718868
vt 0.156795 0.656284
vt 1.000000 0.851064
vt 1.000000 1.000000
vt 0.000000 1.000000
vt 0.000000 0.851064
vt 0.979692 0.781451
vt 0.979692 0.844034
vt -0.000781 0.844034
vt -0.000781 0.781451
vt 0.145247 0.656284
vt 0.145247 0.718868
vt -0.000781 0.718868
vt -0.000781 0.656284
vt 0.979692 0.718868
vt 0.979692 0.781451
vt -0.000781 0.781451
vt -0.000781 0.718868
vt 0.302823 0.656284
vt 0.302823 0.718868
vt 0.156795 0.718868
vt 0.156795 0.656284
vt 0.999897 0.349106
vt 0.999897 0.498042
vt -0.000103 0.498042
vt -0.000103 0.349106
vt 0.979692 0.781451
vt 0.979692 0.844034
vt -0.000781 0.844034
vt -0.000781 0.781451
vt 0.145247 0.656284
vt 0.145247 0.718868
vt -0.000781 0.718868
vt -0.000781 0.656284
vt 0.979692 0.718868
vt 0.979692 0.781451
vt -0.000781 0.781451
vt -0.000781 0.718868
vt 0.302823 0.656284
vt 0.302823 0.718868
vt 0.156795 0.718868
vt 0.156795 0.656284
vt 1.000000 0.851064
vt 1.000000 1.000000
vt 0.000000 1.000000
vt 0.000000 0.851064
vt 0.998987 0.850355
vt 0.998987 0.998895
vt 0.001647 0.998895
vt 0.001647 0.850355
vt 0.998987 0.849509
vt 0.998987 0.998049
vt 0.001647 0.998049
vt 0.001647 0.849509
vt 0.997339 0.352016
vt 0.997339 0.500556
vt 0.000000 0.500556
vt 0.000000 0.352016
vt 0.998987 0.504118
vt 0.998987 0.652658
vt 0.001647 0.652658
vt 0.001647 0.504118
vt 0.999050 0.183297
vt 0.999050 0.342604
vt 0.939310 0.342604
vt 0.939310 0.183297
vt 0.999050 0.183297
vt 0.999050 0.342604
vt 0.939310 0.342604
vt 0.939310 0.183297
vt 0.999050 0.183297
vt 0.999050 0.342604
vt 0.939310 0.342604
vt 0.939310 0.183297
vt 0.999050 0.183297
vt 0.999050 0.342604
vt 0.939310 0.342604
vt 0.939310 0.183297
vt 0.985655 0.132863
vt 0.985655 0.179437
vt 0.939081 0.179437
vt 0.939081 0.132863
vt 0.999050 0.183297
vt 0.999050 0.342604
vt 0.939310 0.342604
vt 0.939310 0.183297
vt 0.999050 0.183297
vt 0.999050 0.342604
vt 0.939310 0.342604
vt 0.939310 0.183297
vt 0.999050 0.183297
vt 0.999050 0.342604
vt 0.939310 0.342604
vt 0.939310 0.183297
vt 0.999050 0.183297
vt 0.999050 0.342604
vt 0.939310 0.342604
vt 0.939310 0.183297
vt 0.985655 0.132863
vt 0.985655 0.179437
vt 0.939081 0.179437
vt 0.939081 0.132863
vt 0.999050 0.183297
vt 0.999050 0.342604
vt 0.939310 0.342604
vt 0.939310 0.183297
vt 0.999050 0.183297
vt 0.999050 0.342604
vt 0.939310 0.342604
vt 0.939310 0.183297
vt 0.999050 0.183297
vt 0.999050 0.342604
vt 0.939310 0.342604
vt 0.939310 0.183297
vt 0.999050 0.183297
vt 0.999050 0.342604
vt 0.939310 0.342604
vt 0.939310 0.183297
vt 0.985655 0.132863
vt 0.985655 0.179437
vt 0.939081 0.179437
vt 0.939081 0.132863
vt 0.939310 0.342604
vt 0.999050 0.342604
vt 0.999050 0.183297
vt 0.939310 0.183297
vt 0.939310 0.342604
vt 0.999050 0.342604
vt 0.999050 0.183297
vt 0.939310 0.183297
vt 0.939310 0.342604
vt 0.999050 0.342604
vt 0.999050 0.183297
vt 0.939310 0.183297
vt 0.939310 0.342604
vt 0.999050 0.342604
vt 0.999050 0.183297
vt 0.939310 0.183297
vt 0.939081 0.179437
vt 0.985655 0.179437
vt 0.985655 0.132863
vt 0.939081 0.132863
vt 0.999050 0.183297
vt 0.999050 0.342604
vt 0.939310 0.342604
vt 0.939310 0.183297
vt 0.999050 0.183297
vt 0.999050 0.342604
vt 0.939310 0.342604
vt 0.939310 0.183297
vt 0.999050 0.183297
vt 0.999050 0.342604
vt 0.939310 0.342604
vt 0.939310 0.183297
vt 0.999050 0.183297
vt 0.999050 0.342604
vt 0.939310 0.342604
vt 0.939310 0.183297
vt 0.985655 0.132863
vt 0.985655 0.179437
vt 0.939081 0.179437
vt 0.939081 0.132863
vt 0.979692 0.781451
vt 0.979692 0.844034
vt -0.000781 0.844034
vt -0.000781 0.781451
vt 0.146184 0.656284
vt 0.146184 0.718868
vt 0.000156 0.718868
vt 0.000156 0.656284
vt 0.980629 0.718868
vt 0.980629 0.781451
vt 0.000156 0.781451
vt 0.000156 0.718868
vt 0.302823 0.656284
vt 0.302823 0.718868
vt 0.156795 0.718868
vt 0.156795 0.656284
vt 0.999534 0.505675
vt 0.999534 0.654611
vt -0.000466 0.654611
vt -0.000466 0.505675
vt 0.979692 0.781451
vt 0.979692 0.844034
vt -0.000781 0.844034
vt -0.000781 0.781451
vt 0.145247 0.656284
vt 0.145247 0.718868
vt -0.000781 0.718868
vt -0.000781 0.656284
vt 0.979692 0.718868
vt 0.979692 0.781451
vt -0.000781 0.781451
vt -0.000781 0.718868
vt 0.302823 0.656284
vt 0.302823 0.718868
vt 0.156795 0.718868
vt 0.156795 0.656284
vt 1.000000 0.851064
vt 1.000000 1.000000
vt 0.000000 1.000000
vt 0.000000 0.851064
vt 0.979692 0.781451
vt 0.979692 0.844034
vt -0.000781 0.844034
vt -0.000781 0.781451
vt 0.145247 0.656284
vt 0.145247 0.718868
vt -0.000781 0.718868
vt -0.000781 0.656284
vt 0.979692 0.718868
vt 0.979692 0.781451
vt -0.000781 0.781451
vt -0.000781 0.718868
vt 0.302823 0.656284
vt 0.302823 0.718868
vt 0.156795 0.718868
vt 0.156795 0.656284
vt 0.999897 0.349106
vt 0.999897 0.498042
vt -0.000103 0.498042
vt -0.000103 0.349106
vt 0.979692 0.781451
vt 0.979692 0.844034
vt -0.000781 0.844034
vt -0.000781 0.781451
vt 0.145247 0.656284
vt 0.145247 0.718868
vt -0.000781 0.718868
vt -0.000781 0.656284
vt 0.979692 0.718868
vt 0.979692 0.781451
vt -0.000781 0.781451
vt -0.000781 0.718868
vt 0.302823 0.656284
vt 0.302823 0.718868
vt 0.156795 0.718868
vt 0.156795 0.656284
vt 1.000000 0.851064
vt 1.000000 1.000000
vt 0.000000 1.000000
vt 0.000000 0.851064
vt 0.998987 0.850355
vt 0.998987 0.998895
vt 0.001647 0.998895
vt 0.001647 0.850355
vt 0.998987 0.849509
vt 0.998987 0.998049
vt 0.001647 0.998049
vt 0.001647 0.849509
vt 0.997339 0.352016
vt 0.997339 0.500556
vt 0.000000 0.500556
vt 0.000000 0.352016
vt 0.998987 0.504118
vt 0.998987 0.652658
vt 0.001647 0.652658
vt 0.001647 0.504118
vt 0.999050 0.183297
vt 0.999050 0.342604
vt 0.939310 0.342604
vt 0.939310 0.183297
vt 0.999050 0.183297
vt 0.999050 0.342604
vt 0.939310 0.342604
vt 0.939310 0.183297
vt 0.999050 0.183297
vt 0.999050 0.342604
vt 0.939310 0.342604
vt 0.939310 0.183297
vt 0.999050 0.183297
vt 0.999050 0.342604
vt 0.939310 0.342604
vt 0.939310 0.183297
vt 0.985655 0.132863
vt 0.985655 0.179437
vt 0.939081 0.179437
vt 0.939081 0.132863
vt 0.939310 0.342604
vt 0.999050 0.342604
vt 0.999050 0.183297
vt 0.939310 0.183297
vt 0.939310 0.342604
vt 0.999050 0.342604
vt 0.999050 0.183297
vt 0.939310 0.183297
vt 0.939310 0.342604
vt 0.999050 0.342604
vt 0.999050 0.183297
vt 0.939310 0.183297
vt 0.939310 0.342604
vt 0.999050 0.342604
vt 0.999050 0.183297
vt 0.939310 0.183297
vt 0.939081 0.179437
vt 0.985655 0.179437
vt 0.985655 0.132863
vt 0.939081 0.132863
vt 0.999050 0.183297
vt 0.999050 0.342604
vt 0.939310 0.342604
vt 0.939310 0.183297
vt 0.999050 0.183297
vt 0.999050 0.342604
vt 0.939310 0.342604
vt 0.939310 0.183297
vt 0.999050 0.183297
vt 0.999050 0.342604
vt 0.939310 0.342604
vt 0.939310 0.183297
vt 0.999050 0.183297
vt 0.999050 0.342604
vt 0.939310 0.342604
vt 0.939310 0.183297
vt 0.985655 0.132863
vt 0.985655 0.179437
vt 0.939081 0.179437
vt 0.939081 0.132863
vt 0.939310 0.342604
vt 0.999050 0.342604
vt 0.999050 0.183297
vt 0.939310 0.183297
vt 0.939310 0.342604
vt 0.999050 0.342604
vt 0.999050 0.183297
vt 0.939310 0.183297
vt 0.939310 0.342604
vt 0.999050 0.342604
vt 0.999050 0.183297
vt 0.939310 0.183297
vt 0.939310 0.342604
vt 0.999050 0.342604
vt 0.999050 0.183297
vt 0.939310 0.183297
vt 0.939081 0.179437
vt 0.985655 0.179437
vt 0.985655 0.132863
vt 0.939081 0.132863
vt 0.999050 0.183297
vt 0.999050 0.342604
vt 0.939310 0.342604
vt 0.939310 0.183297
vt 0.999050 0.183297
vt 0.999050 0.342604
vt 0.939310 0.342604
vt 0.939310 0.183297
vt 0.999050 0.183297
vt 0.999050 0.342604
vt 0.939310 0.342604
vt 0.939310 0.183297
vt 0.999050 0.183297
vt 0.999050 0.342604
vt 0.939310 0.342604
vt 0.939310 0.183297
vt 0.985655 0.132863
vt 0.985655 0.179437
vt 0.939081 0.179437
vt 0.939081 0.132863
vt 0.939310 0.342604
vt 0.999050 0.342604
vt 0.999050 0.183297
vt 0.939310 0.183297
vt 0.939310 0.342604
vt 0.999050 0.342604
vt 0.999050 0.183297
vt 0.939310 0.183297
vt 0.939310 0.342604
vt 0.999050 0.342604
vt 0.999050 0.183297
vt 0.939310 0.183297
vt 0.939310 0.342604
vt 0.999050 0.342604
vt 0.999050 0.183297
vt 0.939310 0.183297
vt 0.939081 0.179437
vt 0.985655 0.179437
vt 0.985655 0.132863
vt 0.939081 0.132863
vt 0.999050 0.183297
vt 0.999050 0.342604
vt 0.939310 0.342604
vt 0.939310 0.183297
vt 0.999050 0.183297
vt 0.999050 0.342604
vt 0.939310 0.342604
vt 0.939310 0.183297
vt 0.999050 0.183297
vt 0.999050 0.342604
vt 0.939310 0.342604
vt 0.939310 0.183297
vt 0.999050 0.183297
vt 0.999050 0.342604
vt 0.939310 0.342604
vt 0.939310 0.183297
vt 0.985655 0.132863
vt 0.985655 0.179437
vt 0.939081 0.179437
vt 0.939081 0.132863
vt 0.939310 0.342604
vt 0.999050 0.342604
vt 0.999050 0.183297
vt 0.939310 0.183297
vt 0.939310 0.342604
vt 0.999050 0.342604
vt 0.999050 0.183297
vt 0.939310 0.183297
vt 0.939310 0.342604
vt 0.999050 0.342604
vt 0.999050 0.183297
vt 0.939310 0.183297
vt 0.939310 0.342604
vt 0.999050 0.342604
vt 0.999050 0.183297
vt 0.939310 0.183297
vt 0.939081 0.179437
vt 0.985655 0.179437
vt 0.985655 0.132863
vt 0.939081 0.132863
vt 0.979692 0.781451
vt 0.979692 0.844034
vt -0.000781 0.844034
vt -0.000781 0.781451
vt 0.146184 0.656284
vt 0.146184 0.718868
vt 0.000156 0.718868
vt 0.000156 0.656284
vt 0.980629 0.718868
vt 0.980629 0.781451
vt 0.000156 0.781451
vt 0.000156 0.718868
vt 0.302823 0.656284
vt 0.302823 0.718868
vt 0.156795 0.718868
vt 0.156795 0.656284
vt 0.999534 0.505675
vt 0.999534 0.654611
vt -0.000466 0.654611
vt -0.000466 0.505675
vt 0.979692 0.781451
vt 0.979692 0.844034
vt -0.000781 0.844034
vt -0.000781 0.781451
vt 0.145247 0.656284
vt 0.145247 0.718868
vt -0.000781 0.718868
vt -0.000781 0.656284
vt 0.979692 0.718868
vt 0.979692 0.781451
vt -0.000781 0.781451
vt -0.000781 0.718868
vt 0.302823 0.656284
vt 0.302823 0.718868
vt 0.156795 0.718868
vt 0.156795 0.656284
vt 1.000000 0.851064
vt 1.000000 1.000000
vt 0.000000 1.000000
vt 0.000000 0.851064
vt 0.979692 0.781451
vt 0.979692 0.844034
vt -0.000781 0.844034
vt -0.000781 0.781451
vt 0.145247 0.656284
vt 0.145247 0.718868
vt -0.000781 0.718868
vt -0.000781 0.656284
vt 0.979692 0.718868
vt 0.979692 0.781451
vt -0.000781 0.781451
vt -0.000781 0.718868
vt 0.302823 0.656284
vt 0.302823 0.718868
vt 0.156795 0.718868
vt 0.156795 0.656284
vt 0.999897 0.349106
vt 0.999897 0.498042
vt -0.000103 0.498042
vt -0.000103 0.349106
vt 0.979692 0.781451
vt 0.979692 0.844034
vt -0.000781 0.844034
vt -0.000781 0.781451
vt 0.145247 0.656284
vt 0.145247 0.718868
vt -0.000781 0.718868
vt -0.000781 0.656284
vt 0.979692 0.718868
vt 0.979692 0.781451
vt -0.000781 0.781451
vt -0.000781 0.718868
vt 0.302823 0.656284
vt 0.302823 0.718868
vt 0.156795 0.718868
vt 0.156795 0.656284
vt 1.000000 0.851064
vt 1.000000 1.000000
vt 0.000000 1.000000
vt 0.000000 0.851064
vt 0.998987 0.850355
vt 0.998987 0.998895
vt 0.001647 0.998895
vt 0.001647 0.850355
vt 0.998987 0.849509
vt 0.998987 0.998049
vt 0.001647 0.998049
vt 0.001647 0.849509
vt 0.997339 0.352016
vt 0.997339 0.500556
vt 0.000000 0.500556
vt 0.000000 0.352016
vt 0.998987 0.504118
vt 0.998987 0.652658
vt 0.001647 0.652658
vt 0.001647 0.504118
vt 0.679406 0.048121
vt 0.679406 0.034093
vt 0.905875 0.034093
vt 0.905875 0.048121
vt 0.679606 0.259595
vt 0.679606 0.219937
vt 0.906075 0.219937
vt 0.906075 0.259595
vt 0.226347 0.210448
vt -0.000122 0.210448
vt -0.000122 0.156096
vt 0.226347 0.156096
vt 0.226981 0.330358
vt 0.000512 0.330358
vt 0.000512 0.321630
vt 0.226981 0.321630
vt 0.679606 0.296828
vt 0.906075 0.296828
vt 0.906075 0.312903
vt 0.679606 0.312903
vt 0.226469 0.089593
vt 0.000000 0.089593
vt 0.000000 0.062150
vt 0.226469 0.062150
vt 0.226469 0.012881
vt 0.000000 0.012881
vt 0.000000 0.000000
vt 0.226469 0.000000
vt 0.226981 0.321630
vt 0.000512 0.321630
vt 0.000512 0.312903
vt 0.226981 0.312903
vt 0.679606 0.281378
vt 0.906075 0.281378
vt 0.906075 0.297453
vt 0.679606 0.297453
vt 0.999050 0.183297
vt 0.999050 0.342604
vt 0.939310 0.342604
vt 0.939310 0.183297
vt 0.999050 0.183297
vt 0.999050 0.342604
vt 0.939310 0.342604
vt 0.939310 0.183297
vt 0.999050 0.183297
vt 0.999050 0.342604
vt 0.939310 0.342604
vt 0.939310 0.183297
vt 0.999050 0.183297
vt 0.999050 0.342604
vt 0.939310 0.342604
vt 0.939310 0.183297
vt 0.985655 0.132863
vt 0.985655 0.179437
vt 0.939081 0.179437
vt 0.939081 0.132863
vt 0.939310 0.342604
vt 0.999050 0.342604
vt 0.999050 0.183297
vt 0.939310 0.183297
vt 0.939310 0.342604
vt 0.999050 0.342604
vt 0.999050 0.183297
vt 0.939310 0.183297
vt 0.939310 0.342604
vt 0.999050 0.342604
vt 0.999050 0.183297
vt 0.939310 0.183297
vt 0.939310 0.342604
vt 0.999050 0.342604
vt 0.999050 0.183297
vt 0.939310 0.183297
vt 0.939081 0.179437
vt 0.985655 0.179437
vt 0.985655 0.132863
vt 0.939081 0.132863
vt 0.905875 0.025761
vt 0.679406 0.025761
vt 0.679406 0.012881
vt 0.905875 0.012881
vt 0.905875 0.121202
vt 0.679406 0.121202
vt 0.679406 0.093759
vt 0.905875 0.093759
vt 0.000000 0.062150
vt 0.000000 0.048121
vt 0.226469 0.048121
vt 0.226469 0.062150
vt 0.679406 0.048121
vt 0.679406 0.034093
vt 0.905875 0.034093
vt 0.905875 0.048121
vt 0.679606 0.259595
vt 0.679606 0.219937
vt 0.906075 0.219937
vt 0.906075 0.259595
vt 0.226347 0.210448
vt -0.000122 0.210448
vt -0.000122 0.156096
vt 0.226347 0.156096
vt 0.226981 0.330358
vt 0.000512 0.330358
vt 0.000512 0.321630
vt 0.226981 0.321630
vt 0.679606 0.296828
vt 0.906075 0.296828
vt 0.906075 0.312903
vt 0.679606 0.312903
vt 0.226469 0.089593
vt 0.000000 0.089593
vt 0.000000 0.062150
vt 0.226469 0.062150
vt 0.226469 0.012881
vt 0.000000 0.012881
vt 0.000000 0.000000
vt 0.226469 0.000000
vt 0.226981 0.321630
vt 0.000512 0.321630
vt 0.000512 0.312903
vt 0.226981 0.312903
vt 0.679606 0.281378
vt 0.906075 0.281378
vt 0.906075 0.297453
vt 0.679606 0.297453
vt 0.905875 0.025761
vt 0.679406 0.025761
vt 0.679406 0.012881
vt 0.905875 0.012881
vt 0.905875 0.121202
vt 0.679406 0.121202
vt 0.679406 0.093759
vt 0.905875 0.093759
vt 0.000000 0.062150
vt 0.000000 0.048121
vt 0.226469 0.048121
vt 0.226469 0.062150
vt 0.679406 0.048121
vt 0.679406 0.034093
vt 0.905875 0.034093
vt 0.905875 0.048121
vt 0.679606 0.259595
vt 0.679606 0.219937
vt 0.906075 0.219937
vt 0.906075 0.259595
vt 0.226347 0.210448
vt -0.000122 0.210448
vt -0.000122 0.156096
vt 0.226347 0.156096
vt 0.226981 0.330358
vt 0.000512 0.330358
vt 0.000512 0.321630
vt 0.226981 0.321630
vt 0.679606 0.296828
vt 0.906075 0.296828
vt 0.906075 0.312903
vt 0.679606 0.312903
vt 0.226469 0.089593
vt 0.000000 0.089593
vt 0.000000 0.062150
vt 0.226469 0.062150
vt 0.226469 0.012881
vt 0.000000 0.012881
vt 0.000000 0.000000
vt 0.226469 0.000000
vt 0.226981 0.321630
vt 0.000512 0.321630
vt 0.000512 0.312903
vt 0.226981 0.312903
vt 0.679606 0.281378
vt 0.906075 0.281378
vt 0.906075 0.297453
vt 0.679606 0.297453
vt 0.939310 0.342604
vt 0.999050 0.342604
vt 0.999050 0.183297
vt 0.939310 0.183297
vt 0.939310 0.342604
vt 0.999050 0.342604
vt 0.999050 0.183297
vt 0.939310 0.183297
vt 0.939310 0.342604
vt 0.999050 0.342604
vt 0.999050 0.183297
vt 0.939310 0.183297
vt 0.939310 0.342604
vt 0.999050 0.342604
vt 0.999050 0.183297
vt 0.939310 0.183297
vt 0.939081 0.179437
vt 0.985655 0.179437
vt 0.985655 0.132863
vt 0.939081 0.132863
vt 0.979692 0.781451
vt 0.979692 0.844034
vt -0.000781 0.844034
vt -0.000781 0.781451
vt 0.145247 0.656284
vt 0.145247 0.718868
vt -0.000781 0.718868
vt -0.000781 0.656284
vt 0.979692 0.718868
vt 0.979692 0.781451
vt -0.000781 0.781451
vt -0.000781 0.718868
vt 0.302823 0.656284
vt 0.302823 0.718868
vt 0.156795 0.718868
vt 0.156795 0.656284
vt 1.000000 0.851064
vt 1.000000 1.000000
vt 0.000000 1.000000
vt 0.000000 0.851064
vt 0.998987 0.504118
vt 0.998987 0.652658
vt 0.001647 0.652658
vt 0.001647 0.504118
vt 0.905875 0.025761
vt 0.679406 0.025761
vt 0.679406 0.012881
vt 0.905875 0.012881
vt 0.905875 0.121202
vt 0.679406 0.121202
vt 0.679406 0.093759
vt 0.905875 0.093759
vt 0.000000 0.062150
vt 0.000000 0.048121
vt 0.226469 0.048121
vt 0.226469 0.062150
vt 0.679406 0.048121
vt 0.679406 0.034093
vt 0.905875 0.034093
vt 0.905875 0.048121
vt 0.679606 0.259595
vt 0.679606 0.219937
vt 0.906075 0.219937
vt 0.906075 0.259595
vt 0.226347 0.210448
vt -0.000122 0.210448
vt -0.000122 0.156096
vt 0.226347 0.156096
vt 0.226981 0.330358
vt 0.000512 0.330358
vt 0.000512 0.321630
vt 0.226981 0.321630
vt 0.679606 0.296828
vt 0.906075 0.296828
vt 0.906075 0.312903
vt 0.679606 0.312903
vt 0.226469 0.089593
vt 0.000000 0.089593
vt 0.000000 0.062150
vt 0.226469 0.062150
vt 0.226469 0.012881
vt 0.000000 0.012881
vt 0.000000 0.000000
vt 0.226469 0.000000
vt 0.226981 0.321630
vt 0.000512 0.321630
vt 0.000512 0.312903
vt 0.226981 0.312903
vt 0.679606 0.281378
vt 0.906075 0.281378
vt 0.906075 0.297453
vt 0.679606 0.297453
vt 0.226469 0.048121
vt 0.000000 0.048121
vt 0.000000 0.062150
vt 0.226469 0.062150
vt 0.679406 0.093759
vt 0.679406 0.121202
vt 0.905875 0.121202
vt 0.905875 0.093759
vt 0.679406 0.012881
vt 0.679406 0.025761
vt 0.905875 0.025761
vt 0.905875 0.012881
vt 0.939310 0.342604
vt 0.999050 0.342604
vt 0.999050 0.183297
vt 0.939310 0.183297
vt 0.939310 0.342604
vt 0.999050 0.342604
vt 0.999050 0.183297
vt 0.939310 0.183297
vt 0.939310 0.342604
vt 0.999050 0.342604
vt 0.999050 0.183297
vt 0.939310 0.183297
vt 0.939310 0.342604
vt 0.999050 0.342604
vt 0.999050 0.183297
vt 0.939310 0.183297
vt 0.939081 0.179437
vt 0.985655 0.179437
vt 0.985655 0.132863
vt 0.939081 0.132863
vt 0.979692 0.781451
vt 0.979692 0.844034
vt -0.000781 0.844034
vt -0.000781 0.781451
vt 0.145247 0.656284
vt 0.145247 0.718868
vt -0.000781 0.718868
vt -0.000781 0.656284
vt 0.979692 0.718868
vt 0.979692 0.781451
vt -0.000781 0.781451
vt -0.000781 0.718868
vt 0.302823 0.656284
vt 0.302823 0.718868
vt 0.156795 0.718868
vt 0.156795 0.656284
vt 1.000000 0.851064
vt 1.000000 1.000000
vt 0.000000 1.000000
vt 0.000000 0.851064
vt 0.998987 0.504118
vt 0.998987 0.652658
vt 0.001647 0.652658
vt 0.001647 0.504118
vt 0.906075 0.297453
vt 0.906075 0.281378
vt 0.679606 0.281378
vt 0.679606 0.297453
vt 0.000512 0.312903
vt 0.000512 0.321630
vt 0.226981 0.321630
vt 0.226981 0.312903
vt 0.000000 0.000000
vt 0.000000 0.012881
vt 0.226469 0.012881
vt 0.226469 0.000000
vt 0.000000 0.062150
vt 0.000000 0.089593
vt 0.226469 0.089593
vt 0.226469 0.062150
vt 0.906075 0.312903
vt 0.906075 0.296828
vt 0.679606 0.296828
vt 0.679606 0.312903
vt 0.000512 0.321630
vt 0.000512 0.330358
vt 0.226981 0.330358
vt 0.226981 0.321630
vt -0.000122 0.156096
vt -0.000122 0.210448
vt 0.226347 0.210448
vt 0.226347 0.156096
vt 0.906075 0.219937
vt 0.679606 0.219937
vt 0.679606 0.259595
vt 0.906075 0.259595
vt 0.905875 0.034093
vt 0.679406 0.034093
vt 0.679406 0.048121
vt 0.905875 0.048121
vt 0.905875 0.025761
vt 0.679406 0.025761
vt 0.679406 0.012881
vt 0.905875 0.012881
vt 0.905875 0.121202
vt 0.679406 0.121202
vt 0.679406 0.093759
vt 0.905875 0.093759
vt 0.000000 0.062150
vt 0.000000 0.048121
vt 0.226469 0.048121
vt 0.226469 0.062150
vt 0.679406 0.048121
vt 0.679406 0.034093
vt 0.905875 0.034093
vt 0.905875 0.048121
vt 0.679606 0.259595
vt 0.679606 0.219937
vt 0.906075 0.219937
vt 0.906075 0.259595
vt 0.226347 0.210448
vt -0.000122 0.210448
vt -0.000122 0.156096
vt 0.226347 0.156096
vt 0.226981 0.330358
vt 0.000512 0.330358
vt 0.000512 0.321630
vt 0.226981 0.321630
vt 0.679606 0.296828
vt 0.906075 0.296828
vt 0.906075 0.312903
vt 0.679606 0.312903
vt 0.226469 0.089593
vt 0.000000 0.089593
vt 0.000000 0.062150
vt 0.226469 0.062150
vt 0.226469 0.012881
vt 0.000000 0.012881
vt 0.000000 0.000000
vt 0.226469 0.000000
vt 0.226981 0.321630
vt 0.000512 0.321630
vt 0.000512 0.312903
vt 0.226981 0.312903
vt 0.679606 0.281378
vt 0.906075 0.281378
vt 0.906075 0.297453
vt 0.679606 0.297453
vt 0.226469 0.048121
vt 0.000000 0.048121
vt 0.000000 0.062150
vt 0.226469 0.062150
vt 0.679406 0.093759
vt 0.679406 0.121202
vt 0.905875 0.121202
vt 0.905875 0.093759
vt 0.679406 0.012881
vt 0.679406 0.025761
vt 0.905875 0.025761
vt 0.905875 0.012881
vt 0.939310 0.342604
vt 0.999050 0.342604
vt 0.999050 0.183297
vt 0.939310 0.183297
vt 0.939310 0.342604
vt 0.999050 0.342604
vt 0.999050 0.183297
vt 0.939310 0.183297
vt 0.939310 0.342604
vt 0.999050 0.342604
vt 0.999050 0.183297
vt 0.939310 0.183297
vt 0.939310 0.342604
vt 0.999050 0.342604
vt 0.999050 0.183297
vt 0.939310 0.183297
vt 0.939081 0.179437
vt 0.985655 0.179437
vt 0.985655 0.132863
vt 0.939081 0.132863
vt 0.979692 0.781451
vt 0.979692 0.844034
vt -0.000781 0.844034
vt -0.000781 0.781451
vt 0.145247 0.656284
vt 0.145247 0.718868
vt -0.000781 0.718868
vt -0.000781 0.656284
vt 0.979692 0.718868
vt 0.979692 0.781451
vt -0.000781 0.781451
vt -0.000781 0.718868
vt 0.302823 0.656284
vt 0.302823 0.718868
vt 0.156795 0.718868
vt 0.156795 0.656284
vt 1.000000 0.851064
vt 1.000000 1.000000
vt 0.000000 1.000000
vt 0.000000 0.851064
vt 0.998987 0.504118
vt 0.998987 0.652658
vt 0.001647 0.652658
vt 0.001647 0.504118
vt 0.906075 0.297453
vt 0.906075 0.281378
vt 0.679606 0.281378
vt 0.679606 0.297453
vt 0.000512 0.312903
vt 0.000512 0.321630
vt 0.226981 0.321630
vt 0.226981 0.312903
vt 0.000000 0.000000
vt 0.000000 0.012881
vt 0.226469 0.012881
vt 0.226469 0.000000
vt 0.000000 0.062150
vt 0.000000 0.089593
vt 0.226469 0.089593
vt 0.226469 0.062150
vt 0.906075 0.312903
vt 0.906075 0.296828
vt 0.679606 0.296828
vt 0.679606 0.312903
vt 0.000512 0.321630
vt 0.000512 0.330358
vt 0.226981 0.330358
vt 0.226981 0.321630
vt -0.000122 0.156096
vt -0.000122 0.210448
vt 0.226347 0.210448
vt 0.226347 0.156096
vt 0.906075 0.219937
vt 0.679606 0.219937
vt 0.679606 0.259595
vt 0.906075 0.259595
vt 0.905875 0.034093
vt 0.679406 0.034093
vt 0.679406 0.048121
vt 0.905875 0.048121
vt 0.905875 0.025761
vt 0.679406 0.025761
vt 0.679406 0.012881
vt 0.905875 0.012881
vt 0.905875 0.121202
vt 0.679406 0.121202
vt 0.679406 0.093759
vt 0.905875 0.093759
vt 0.000000 0.062150
vt 0.000000 0.048121
vt 0.226469 0.048121
vt 0.226469 0.062150
vt 0.679406 0.048121
vt 0.679406 0.034093
vt 0.905875 0.034093
vt 0.905875 0.048121
vt 0.679606 0.259595
vt 0.679606 0.219937
vt 0.906075 0.219937
vt 0.906075 0.259595
vt 0.226347 0.210448
vt -0.000122 0.210448
vt -0.000122 0.156096
vt 0.226347 0.156096
vt 0.226981 0.330358
vt 0.000512 0.330358
vt 0.000512 0.321630
vt 0.226981 0.321630
vt 0.679606 0.296828
vt 0.906075 0.296828
vt 0.906075 0.312903
vt 0.679606 0.312903
vt 0.226469 0.089593
vt 0.000000 0.089593
vt 0.000000 0.062150
vt 0.226469 0.062150
vt 0.226469 0.012881
vt 0.000000 0.012881
vt 0.000000 0.000000
vt 0.226469 0.000000
vt 0.226981 0.321630
vt 0.000512 0.321630
vt 0.000512 0.312903
vt 0.226981 0.312903
vt 0.679606 0.281378
vt 0.906075 0.281378
vt 0.906075 0.297453
vt 0.679606 0.297453
vt 0.226469 0.048121
vt 0.000000 0.048121
vt 0.000000 0.062150
vt 0.226469 0.062150
vt 0.679406 0.093759
vt 0.679406 0.121202
vt 0.905875 0.121202
vt 0.905875 0.093759
vt 0.679406 0.012881
vt 0.679406 0.025761
vt 0.905875 0.025761
vt 0.905875 0.012881
vt 0.939310 0.342604
vt 0.999050 0.342604
vt 0.999050 0.183297
vt 0.939310 0.183297
vt 0.939310 0.342604
vt 0.999050 0.342604
vt 0.999050 0.183297
vt 0.939310 0.183297
vt 0.939310 0.342604
vt 0.999050 0.342604
vt 0.999050 0.183297
vt 0.939310 0.183297
vt 0.939310 0.342604
vt 0.999050 0.342604
vt 0.999050 0.183297
vt 0.939310 0.183297
vt 0.939081 0.179437
vt 0.985655 0.179437
vt 0.985655 0.132863
vt 0.939081 0.132863
vt 0.979692 0.781451
vt 0.979692 0.844034
vt -0.000781 0.844034
vt -0.000781 0.781451
vt 0.145247 0.656284
vt 0.145247 0.718868
vt -0.000781 0.718868
vt -0.000781 0.656284
vt 0.979692 0.718868
vt 0.979692 0.781451
vt -0.000781 0.781451
vt -0.000781 0.718868
vt 0.302823 0.656284
vt 0.302823 0.718868
vt 0.156795 0.718868
vt 0.156795 0.656284
vt 1.000000 0.851064
vt 1.000000 1.000000
vt 0.000000 1.000000
vt 0.000000 0.851064
vt 0.998987 0.504118
vt 0.998987 0.652658
vt 0.001647 0.652658
vt 0.001647 0.504118
vt 0.906075 0.297453
vt 0.906075 0.281378
vt 0.679606 0.281378
vt 0.679606 0.297453
vt 0.000512 0.312903
vt 0.000512 0.321630
vt 0.226981 0.321630
vt 0.226981 0.312903
vt 0.000000 0.000000
vt 0.000000 0.012881
vt 0.226469 0.012881
vt 0.226469 0.000000
vt 0.000000 0.062150
vt 0.000000 0.089593
vt 0.226469 0.089593
vt 0.226469 0.062150
vt 0.906075 0.312903
vt 0.906075 0.296828
vt 0.679606 0.296828
vt 0.679606 0.312903
vt 0.000512 0.321630
vt 0.000512 0.330358
vt 0.226981 0.330358
vt 0.226981 0.321630
vt -0.000122 0.156096
vt -0.000122 0.210448
vt 0.226347 0.210448
vt 0.226347 0.156096
vt 0.906075 0.219937
vt 0.679606 0.219937
vt 0.679606 0.259595
vt 0.906075 0.259595
vt 0.905875 0.034093
vt 0.679406 0.034093
vt 0.679406 0.048121
vt 0.905875 0.048121
vt 0.905875 0.025761
vt 0.679406 0.025761
vt 0.679406 0.012881
vt 0.905875 0.012881
vt 0.905875 0.121202
vt 0.679406 0.121202
vt 0.679406 0.093759
vt 0.905875 0.093759
vt 0.000000 0.062150
vt 0.000000 0.048121
vt 0.226469 0.048121
vt 0.226469 0.062150
vt 0.679406 0.048121
vt 0.679406 0.034093
vt 0.905875 0.034093
vt 0.905875 0.048121
vt 0.679606 0.259595
vt 0.679606 0.219937
vt 0.906075 0.219937
vt 0.906075 0.259595
vt 0.226347 0.210448
vt -0.000122 0.210448
vt -0.000122 0.156096
vt 0.226347 0.156096
vt 0.226981 0.330358
vt 0.000512 0.330358
vt 0.000512 0.321630
vt 0.226981 0.321630
vt 0.679606 0.296828
vt 0.906075 0.296828
vt 0.906075 0.312903
vt 0.679606 0.312903
vt 0.226469 0.089593
vt 0.000000 0.089593
vt 0.000000 0.062150
vt 0.226469 0.062150
vt 0.226469 0.012881
vt 0.000000 0.012881
vt 0.000000 0.000000
vt 0.226469 0.000000
vt 0.226981 0.321630
vt 0.000512 0.321630
vt 0.000512 0.312903
vt 0.226981 0.312903
vt 0.679606 0.281378
vt 0.906075 0.281378
vt 0.906075 0.297453
vt 0.679606 0.297453
vt 0.226469 0.048121
vt 0.000000 0.048121
vt 0.000000 0.062150
vt 0.226469 0.062150
vt 0.679406 0.093759
vt 0.679406 0.121202
vt 0.905875 0.121202
vt 0.905875 0.093759
vt 0.679406 0.012881
vt 0.679406 0.025761
vt 0.905875 0.025761
vt 0.905875 0.012881
vt 0.999050 0.183297
vt 0.999050 0.342604
vt 0.939310 0.342604
vt 0.939310 0.183297
vt 0.999050 0.183297
vt 0.999050 0.342604
vt 0.939310 0.342604
vt 0.939310 0.183297
vt 0.999050 0.183297
vt 0.999050 0.342604
vt 0.939310 0.342604
vt 0.939310 0.183297
vt 0.999050 0.183297
vt 0.999050 0.342604
vt 0.939310 0.342604
vt 0.939310 0.183297
vt 0.985655 0.132863
vt 0.985655 0.179437
vt 0.939081 0.179437
vt 0.939081 0.132863
vt 0.939310 0.342604
vt 0.999050 0.342604
vt 0.999050 0.183297
vt 0.939310 0.183297
vt 0.939310 0.342604
vt 0.999050 0.342604
vt 0.999050 0.183297
vt 0.939310 0.183297
vt 0.939310 0.342604
vt 0.999050 0.342604
vt 0.999050 0.183297
vt 0.939310 0.183297
vt 0.939310 0.342604
vt 0.999050 0.342604
vt 0.999050 0.183297
vt 0.939310 0.183297
vt 0.939081 0.179437
vt 0.985655 0.179437
vt 0.985655 0.132863
vt 0.939081 0.132863
vt 0.979692 0.781451
vt 0.979692 0.844034
vt -0.000781 0.844034
vt -0.000781 0.781451
vt 0.145247 0.656284
vt 0.145247 0.718868
vt -0.000781 0.718868
vt -0.000781 0.656284
vt 0.979692 0.718868
vt 0.979692 0.781451
vt -0.000781 0.781451
vt -0.000781 0.718868
vt 0.302823 0.656284
vt 0.302823 0.718868
vt 0.156795 0.718868
vt 0.156795 0.656284
vt 1.000000 0.851064
vt 1.000000 1.000000
vt 0.000000 1.000000
vt 0.000000 0.851064
vt 0.998987 0.504118
vt 0.998987 0.652658
vt 0.001647 0.652658
vt 0.001647 0.504118
vt 0.906075 0.297453
vt 0.906075 0.281378
vt 0.679606 0.281378
vt 0.679606 0.297453
vt 0.000512 0.312903
vt 0.000512 0.321630
vt 0.226981 0.321630
vt 0.226981 0.312903
vt 0.000000 0.000000
vt 0.000000 0.012881
vt 0.226469 0.012881
vt 0.226469 0.000000
vt 0.000000 0.062150
vt 0.000000 0.089593
vt 0.226469 0.089593
vt 0.226469 0.062150
vt 0.906075 0.312903
vt 0.906075 0.296828
vt 0.679606 0.296828
vt 0.679606 0.312903
vt 0.000512 0.321630
vt 0.000512 0.330358
vt 0.226981 0.330358
vt 0.226981 0.321630
vt -0.000122 0.156096
vt -0.000122 0.210448
vt 0.226347 0.210448
vt 0.226347 0.156096
vt 0.906075 0.219937
vt 0.679606 0.219937
vt 0.679606 0.259595
vt 0.906075 0.259595
vt 0.905875 0.034093
vt 0.679406 0.034093
vt 0.679406 0.048121
vt 0.905875 0.048121
vt 0.905875 0.025761
vt 0.679406 0.025761
vt 0.679406 0.012881
vt 0.905875 0.012881
vt 0.905875 0.121202
vt 0.679406 0.121202
vt 0.679406 0.093759
vt 0.905875 0.093759
vt 0.000000 0.062150
vt 0.000000 0.048121
vt 0.226469 0.048121
vt 0.226469 0.062150
vt 0.679406 0.048121
vt 0.679406 0.034093
vt 0.905875 0.034093
vt 0.905875 0.048121
vt 0.679606 0.259595
vt 0.679606 0.219937
vt 0.906075 0.219937
vt 0.906075 0.259595
vt 0.226347 0.210448
vt -0.000122 0.210448
vt -0.000122 0.156096
vt 0.226347 0.156096
vt 0.226981 0.330358
vt 0.000512 0.330358
vt 0.000512 0.321630
vt 0.226981 0.321630
vt 0.679606 0.296828
vt 0.906075 0.296828
vt 0.906075 0.312903
vt 0.679606 0.312903
vt 0.226469 0.089593
vt 0.000000 0.089593
vt 0.000000 0.062150
vt 0.226469 0.062150
vt 0.226469 0.012881
vt 0.000000 0.012881
vt 0.000000 0.000000
vt 0.226469 0.000000
vt 0.226981 0.321630
vt 0.000512 0.321630
vt 0.000512 0.312903
vt 0.226981 0.312903
vt 0.679606 0.281378
vt 0.906075 0.281378
vt 0.906075 0.297453
vt 0.679606 0.297453
vt 0.226469 0.048121
vt 0.000000 0.048121
vt 0.000000 0.062150
vt 0.226469 0.062150
vt 0.679406 0.093759
vt 0.679406 0.121202
vt 0.905875 0.121202
vt 0.905875 0.093759
vt 0.679406 0.012881
vt 0.679406 0.025761
vt 0.905875 0.025761
vt 0.905875 0.012881
vt 0.999050 0.183297
vt 0.999050 0.342604
vt 0.939310 0.342604
vt 0.939310 0.183297
vt 0.999050 0.183297
vt 0.999050 0.342604
vt 0.939310 0.342604
vt 0.939310 0.183297
vt 0.999050 0.183297
vt 0.999050 0.342604
vt 0.939310 0.342604
vt 0.939310 0.183297
vt 0.999050 0.183297
vt 0.999050 0.342604
vt 0.939310 0.342604
vt 0.939310 0.183297
vt 0.985655 0.132863
vt 0.985655 0.179437
vt 0.939081 0.179437
vt 0.939081 0.132863
vt 0.939310 0.342604
vt 0.999050 0.342604
vt 0.999050 0.183297
vt 0.939310 0.183297
vt 0.939310 0.342604
vt 0.999050 0.342604
vt 0.999050 0.183297
vt 0.939310 0.183297
vt 0.939310 0.342604
vt 0.999050 0.342604
vt 0.999050 0.183297
vt 0.939310 0.183297
vt 0.939310 0.342604
vt 0.999050 0.342604
vt 0.999050 0.183297
vt 0.939310 0.183297
vt 0.939081 0.179437
vt 0.985655 0.179437
vt 0.985655 0.132863
vt 0.939081 0.132863
vt 0.979692 0.781451
vt 0.979692 0.844034
vt -0.000781 0.844034
vt -0.000781 0.781451
vt 0.145247 0.656284
vt 0.145247 0.718868
vt -0.000781 0.718868
vt -0.000781 0.656284
vt 0.979692 0.718868
vt 0.979692 0.781451
vt -0.000781 0.781451
vt -0.000781 0.718868
vt 0.302823 0.656284
vt 0.302823 0.718868
vt 0.156795 0.718868
vt 0.156795 0.656284
vt 1.000000 0.851064
vt 1.000000 1.000000
vt 0.000000 1.000000
vt 0.000000 0.851064
vt 0.998987 0.504118
vt 0.998987 0.652658
vt 0.001647 0.652658
vt 0.001647 0.504118
vt 0.906075 0.297453
vt 0.906075 0.281378
vt 0.679606 0.281378
vt 0.679606 0.297453
vt 0.000512 0.312903
vt 0.000512 0.321630
vt 0.226981 0.321630
vt 0.226981 0.312903
vt 0.000000 0.000000
vt 0.000000 0.012881
vt 0.226469 0.012881
vt 0.226469 0.000000
vt 0.000000 0.062150
vt 0.000000 0.089593
vt 0.226469 0.089593
vt 0.226469 0.062150
vt 0.906075 0.312903
vt 0.906075 0.296828
vt 0.679606 0.296828
vt 0.679606 0.312903
vt 0.000512 0.321630
vt 0.000512 0.330358
vt 0.226981 0.330358
vt 0.226981 0.321630
vt -0.000122 0.156096
vt -0.000122 0.210448
vt 0.226347 0.210448
vt 0.226347 0.156096
vt 0.906075 0.219937
vt 0.679606 0.219937
vt 0.679606 0.259595
vt 0.906075 0.259595
vt 0.905875 0.034093
vt 0.679406 0.034093
vt 0.679406 0.048121
vt 0.905875 0.048121
vt 0.905875 0.025761
vt 0.679406 0.025761
vt 0.679406 0.012881
vt 0.905875 0.012881
vt 0.905875 0.121202
vt 0.679406 0.121202
vt 0.679406 0.093759
vt 0.905875 0.093759
vt 0.000000 0.062150
vt 0.000000 0.048121
vt 0.226469 0.048121
vt 0.226469 0.062150
vt 0.679406 0.048121
vt 0.679406 0.034093
vt 0.905875 0.034093
vt 0.905875 0.048121
vt 0.679606 0.259595
vt 0.679606 0.219937
vt 0.906075 0.219937
vt 0.906075 0.259595
vt 0.226347 0.210448
vt -0.000122 0.210448
vt -0.000122 0.156096
vt 0.226347 0.156096
vt 0.226981 0.330358
vt 0.000512 0.330358
vt 0.000512 0.321630
vt 0.226981 0.321630
vt 0.679606 0.296828
vt 0.906075 0.296828
vt 0.906075 0.312903
vt 0.679606 0.312903
vt 0.226469 0.089593
vt 0.000000 0.089593
vt 0.000000 0.062150
vt 0.226469 0.062150
vt 0.226469 0.012881
vt 0.000000 0.012881
vt 0.000000 0.000000
vt 0.226469 0.000000
vt 0.226981 0.321630
vt 0.000512 0.321630
vt 0.000512 0.312903
vt 0.226981 0.312903
vt 0.679606 0.281378
vt 0.906075 0.281378
vt 0.906075 0.297453
vt 0.679606 0.297453
vt 0.415989 0.075507
vt 0.415989 0.075507
vt 0.415989 0.075507
vt 0.415989 0.075507
vt 0.415989 0.075507
vt 0.415989 0.075507
vt 0.415989 0.075507
vt 0.415989 0.075507
vt 0.415989 0.075507
vt 0.415989 0.075507
vt 0.415989 0.075507
vt 0.415989 0.075507
vt 0.939310 0.342604
vt 0.999050 0.342604
vt 0.999050 0.183297
vt 0.939310 0.183297
vt 0.939310 0.342604
vt 0.999050 0.342604
vt 0.999050 0.183297
vt 0.939310 0.183297
vt 0.939310 0.342604
vt 0.999050 0.342604
vt 0.999050 0.183297
vt 0.939310 0.183297
vt 0.939310 0.342604
vt 0.999050 0.342604
vt 0.999050 0.183297
vt 0.939310 0.183297
vt 0.939081 0.179437
vt 0.985655 0.179437
vt 0.985655 0.132863
vt 0.939081 0.132863
vt 0.979692 0.781451
vt 0.979692 0.844034
vt -0.000781 0.844034
vt -0.000781 0.781451
vt 0.145247 0.656284
vt 0.145247 0.718868
vt -0.000781 0.718868
vt -0.000781 0.656284
vt 0.979692 0.718868
vt 0.979692 0.781451
vt -0.000781 0.781451
vt -0.000781 0.718868
vt 0.302823 0.656284
vt 0.302823 0.718868
vt 0.156795 0.718868
vt 0.156795 0.656284
vt 1.000000 0.851064
vt 1.000000 1.000000
vt 0.000000 1.000000
vt 0.000000 0.851064
vt 0.998987 0.504118
vt 0.998987 0.652658
vt 0.001647 0.652658
vt 0.001647 0.504118
vt 0.905875 0.025761
vt 0.679406 0.025761
vt 0.679406 0.012881
vt 0.905875 0.012881
vt 0.905875 0.121202
vt 0.679406 0.121202
vt 0.679406 0.093759
vt 0.905875 0.093759
vt 0.000000 0.062150
vt 0.000000 0.048121
vt 0.226469 0.048121
vt 0.226469 0.062150
vt 0.679406 0.048121
vt 0.679406 0.034093
vt 0.905875 0.034093
vt 0.905875 0.048121
vt 0.679606 0.259595
vt 0.679606 0.219937
vt 0.906075 0.219937
vt 0.906075 0.259595
vt 0.226347 0.210448
vt -0.000122 0.210448
vt -0.000122 0.156096
vt 0.226347 0.156096
vt 0.226981 0.330358
vt 0.000512 0.330358
vt 0.000512 0.321630
vt 0.226981 0.321630
vt 0.679606 0.296828
vt 0.906075 0.296828
vt 0.906075 0.312903
vt 0.679606 0.312903
vt 0.226469 0.089593
vt 0.000000 0.089593
vt 0.000000 0.062150
vt 0.226469 0.062150
vt 0.226469 0.012881
vt 0.000000 0.012881
vt 0.000000 0.000000
vt 0.226469 0.000000
vt 0.226981 0.321630
vt 0.000512 0.321630
vt 0.000512 0.312903
vt 0.226981 0.312903
vt 0.679606 0.281378
vt 0.906075 0.281378
vt 0.906075 0.297453
vt 0.679606 0.297453
vt 0.226469 0.048121
vt 0.000000 0.048121
vt 0.000000 0.062150
vt 0.226469 0.062150
vt 0.679406 0.093759
vt 0.679406 0.121202
vt 0.905875 0.121202
vt 0.905875 0.093759
vt 0.679406 0.012881
vt 0.679406 0.025761
vt 0.905875 0.025761
vt 0.905875 0.012881
vt 0.999050 0.183297
vt 0.999050 0.342604
vt 0.939310 0.342604
vt 0.939310 0.183297
vt 0.999050 0.183297
vt 0.999050 0.342604
vt 0.939310 0.342604
vt 0.939310 0.183297
vt 0.999050 0.183297
vt 0.999050 0.342604
vt 0.939310 0.342604
vt 0.939310 0.183297
vt 0.999050 0.183297
vt 0.999050 0.342604
vt 0.939310 0.342604
vt 0.939310 0.183297
vt 0.985655 0.132863
vt 0.985655 0.179437
vt 0.939081 0.179437
vt 0.939081 0.132863
vt 0.939310 0.342604
vt 0.999050 0.342604
vt 0.999050 0.183297
vt 0.939310 0.183297
vt 0.939310 0.342604
vt 0.999050 0.342604
vt 0.999050 0.183297
vt 0.939310 0.183297
vt 0.939310 0.342604
vt 0.999050 0.342604
vt 0.999050 0.183297
vt 0.939310 0.183297
vt 0.939310 0.342604
vt 0.999050 0.342604
vt 0.999050 0.183297
vt 0.939310 0.183297
vt 0.939081 0.179437
vt 0.985655 0.179437
vt 0.985655 0.132863
vt 0.939081 0.132863
vt 0.979692 0.781451
vt 0.979692 0.844034
vt -0.000781 0.844034
vt -0.000781 0.781451
vt 0.145247 0.656284
vt 0.145247 0.718868
vt -0.000781 0.718868
vt -0.000781 0.656284
vt 0.979692 0.718868
vt 0.979692 0.781451
vt -0.000781 0.781451
vt -0.000781 0.718868
vt 0.302823 0.656284
vt 0.302823 0.718868
vt 0.156795 0.718868
vt 0.156795 0.656284
vt 1.000000 0.851064
vt 1.000000 1.000000
vt 0.000000 1.000000
vt 0.000000 0.851064
vt 0.998987 0.504118
vt 0.998987 0.652658
vt 0.001647 0.652658
vt 0.001647 0.504118
vt 0.906075 0.297453
vt 0.906075 0.281378
vt 0.679606 0.281378
vt 0.679606 0.297453
vt 0.000512 0.312903
vt 0.000512 0.321630
vt 0.226981 0.321630
vt 0.226981 0.312903
vt 0.000000 0.000000
vt 0.000000 0.012881
vt 0.226469 0.012881
vt 0.226469 0.000000
vt 0.000000 0.062150
vt 0.000000 0.089593
vt 0.226469 0.089593
vt 0.226469 0.062150
vt 0.906075 0.312903
vt 0.906075 0.296828
vt 0.679606 0.296828
vt 0.679606 0.312903
vt 0.000512 0.321630
vt 0.000512 0.330358
vt 0.226981 0.330358
vt 0.226981 0.321630
vt -0.000122 0.156096
vt -0.000122 0.210448
vt 0.226347 0.210448
vt 0.226347 0.156096
vt 0.906075 0.219937
vt 0.679606 0.219937
vt 0.679606 0.259595
vt 0.906075 0.259595
vt 0.905875 0.034093
vt 0.679406 0.034093
vt 0.679406 0.048121
vt 0.905875 0.048121
vt 0.905875 0.025761
vt 0.679406 0.025761
vt 0.679406 0.012881
vt 0.905875 0.012881
vt 0.905875 0.121202
vt 0.679406 0.121202
vt 0.679406 0.093759
vt 0.905875 0.093759
vt 0.000000 0.062150
vt 0.000000 0.048121
vt 0.226469 0.048121
vt 0.226469 0.062150
vt 0.679406 0.048121
vt 0.679406 0.034093
vt 0.905875 0.034093
vt 0.905875 0.048121
vt 0.679606 0.259595
vt 0.679606 0.219937
vt 0.906075 0.219937
vt 0.906075 0.259595
vt 0.226347 0.210448
vt -0.000122 0.210448
vt -0.000122 0.156096
vt 0.226347 0.156096
vt 0.226981 0.330358
vt 0.000512 0.330358
vt 0.000512 0.321630
vt 0.226981 0.321630
vt 0.679606 0.296828
vt 0.906075 0.296828
vt 0.906075 0.312903
vt 0.679606 0.312903
vt 0.226469 0.089593
vt 0.000000 0.089593
vt 0.000000 0.062150
vt 0.226469 0.062150
vt 0.226469 0.012881
vt 0.000000 0.012881
vt 0.000000 0.000000
vt 0.226469 0.000000
vt 0.226981 0.321630
vt 0.000512 0.321630
vt 0.000512 0.312903
vt 0.226981 0.312903
vt 0.679606 0.281378
vt 0.906075 0.281378
vt 0.906075 0.297453
vt 0.679606 0.297453
vt 0.226469 0.048121
vt 0.000000 0.048121
vt 0.000000 0.062150
vt 0.226469 0.062150
vt 0.679406 0.093759
vt 0.679406 0.121202
vt 0.905875 0.121202
vt 0.905875 0.093759
vt 0.679406 0.012881
vt 0.679406 0.025761
vt 0.905875 0.025761
vt 0.905875 0.012881
vt 0.999050 0.183297
vt 0.999050 0.342604
vt 0.939310 0.342604
vt 0.939310 0.183297
vt 0.999050 0.183297
vt 0.999050 0.342604
vt 0.939310 0.342604
vt 0.939310 0.183297
vt 0.999050 0.183297
vt 0.999050 0.342604
vt 0.939310 0.342604
vt 0.939310 0.183297
vt 0.999050 0.183297
vt 0.999050 0.342604
vt 0.939310 0.342604
vt 0.939310 0.183297
vt 0.985655 0.132863
vt 0.985655 0.179437
vt 0.939081 0.179437
vt 0.939081 0.132863
vt 0.939310 0.342604
vt 0.999050 0.342604
vt 0.999050 0.183297
vt 0.939310 0.183297
vt 0.939310 0.342604
vt 0.999050 0.342604
vt 0.999050 0.183297
vt 0.939310 0.183297
vt 0.939310 0.342604
vt 0.999050 0.342604
vt 0.999050 0.183297
vt 0.939310 0.183297
vt 0.939310 0.342604
vt 0.999050 0.342604
vt 0.999050 0.183297
vt 0.939310 0.183297
vt 0.939081 0.179437
vt 0.985655 0.179437
vt 0.985655 0.132863
vt 0.939081 0.132863
vt 0.979692 0.781451
vt 0.979692 0.844034
vt -0.000781 0.844034
vt -0.000781 0.781451
vt 0.145247 0.656284
vt 0.145247 0.718868
vt -0.000781 0.718868
vt -0.000781 0.656284
vt 0.979692 0.718868
vt 0.979692 0.781451
vt -0.000781 0.781451
vt -0.000781 0.718868
vt 0.302823 0.656284
vt 0.302823 0.718868
vt 0.156795 0.718868
vt 0.156795 0.656284
vt 1.000000 0.851064
vt 1.000000 1.000000
vt 0.000000 1.000000
vt 0.000000 0.851064
vt 0.998987 0.504118
vt 0.998987 0.652658
vt 0.001647 0.652658
vt 0.001647 0.504118
vt 0.906075 0.297453
vt 0.906075 0.281378
vt 0.679606 0.281378
vt 0.679606 0.297453
vt 0.000512 0.312903
vt 0.000512 0.321630
vt 0.226981 0.321630
vt 0.226981 0.312903
vt 0.000000 0.000000
vt 0.000000 0.012881
vt 0.226469 0.012881
vt 0.226469 0.000000
vt 0.000000 0.062150
vt 0.000000 0.089593
vt 0.226469 0.089593
vt 0.226469 0.062150
vt 0.906075 0.312903
vt 0.906075 0.296828
vt 0.679606 0.296828
vt 0.679606 0.312903
vt 0.000512 0.321630
vt 0.000512 0.330358
vt 0.226981 0.330358
vt 0.226981 0.321630
vt -0.000122 0.156096
vt -0.000122 0.210448
vt 0.226347 0.210448
vt 0.226347 0.156096
vt 0.906075 0.219937
vt 0.679606 0.219937
vt 0.679606 0.259595
vt 0.906075 0.259595
vt 0.905875 0.034093
vt 0.679406 0.034093
vt 0.679406 0.048121
vt 0.905875 0.048121
vt 0.905875 0.025761
vt 0.679406 0.025761
vt 0.679406 0.012881
vt 0.905875 0.012881
vt 0.905875 0.121202
vt 0.679406 0.121202
vt 0.679406 0.093759
vt 0.905875 0.093759
vt 0.000000 0.062150
vt 0.000000 0.048121
vt 0.226469 0.048121
vt 0.226469 0.062150
vt 0.679406 0.048121
vt 0.679406 0.034093
vt 0.905875 0.034093
vt 0.905875 0.048121
vt 0.679606 0.259595
vt 0.679606 0.219937
vt 0.906075 0.219937
vt 0.906075 0.259595
vt 0.226347 0.210448
vt -0.000122 0.210448
vt -0.000122 0.156096
vt 0.226347 0.156096
vt 0.226981 0.330358
vt 0.000512 0.330358
vt 0.000512 0.321630
vt 0.226981 0.321630
vt 0.679606 0.296828
vt 0.906075 0.296828
vt 0.906075 0.312903
vt 0.679606 0.312903
vt 0.226469 0.089593
vt 0.000000 0.089593
vt 0.000000 0.062150
vt 0.226469 0.062150
vt 0.226469 0.012881
vt 0.000000 0.012881
vt 0.000000 0.000000
vt 0.226469 0.000000
vt 0.226981 0.321630
vt 0.000512 0.321630
vt 0.000512 0.312903
vt 0.226981 0.312903
vt 0.679606 0.281378
vt 0.906075 0.281378
vt 0.906075 0.297453
vt 0.679606 0.297453
vt 0.226469 0.048121
vt 0.000000 0.048121
vt 0.000000 0.062150
vt 0.226469 0.062150
vt 0.679406 0.093759
vt 0.679406 0.121202
vt 0.905875 0.121202
vt 0.905875 0.093759
vt 0.679406 0.012881
vt 0.679406 0.025761
vt 0.905875 0.025761
vt 0.905875 0.012881
vt 0.999050 0.183297
vt 0.999050 0.342604
vt 0.939310 0.342604
vt 0.939310 0.183297
vt 0.999050 0.183297
vt 0.999050 0.342604
vt 0.939310 0.342604
vt 0.939310 0.183297
vt 0.999050 0.183297
vt 0.999050 0.342604
vt 0.939310 0.342604
vt 0.939310 0.183297
vt 0.999050 0.183297
vt 0.999050 0.342604
vt 0.939310 0.342604
vt 0.939310 0.183297
vt 0.985655 0.132863
vt 0.985655 0.179437
vt 0.939081 0.179437
vt 0.939081 0.132863
vt 0.939310 0.342604
vt 0.999050 0.342604
vt 0.999050 0.183297
vt 0.939310 0.183297
vt 0.939310 0.342604
vt 0.999050 0.342604
vt 0.999050 0.183297
vt 0.939310 0.183297
vt 0.939310 0.342604
vt 0.999050 0.342604
vt 0.999050 0.183297
vt 0.939310 0.183297
vt 0.939310 0.342604
vt 0.999050 0.342604
vt 0.999050 0.183297
vt 0.939310 0.183297
vt 0.939081 0.179437
vt 0.985655 0.179437
vt 0.985655 0.132863
vt 0.939081 0.132863
vt 0.979692 0.781451
vt 0.979692 0.844034
vt -0.000781 0.844034
vt -0.000781 0.781451
vt 0.145247 0.656284
vt 0.145247 0.718868
vt -0.000781 0.718868
vt -0.000781 0.656284
vt 0.979692 0.718868
vt 0.979692 0.781451
vt -0.000781 0.781451
vt -0.000781 0.718868
vt 0.302823 0.656284
vt 0.302823 0.718868
vt 0.156795 0.718868
vt 0.156795 0.656284
vt 1.000000 0.851064
vt 1.000000 1.000000
vt 0.000000 1.000000
vt 0.000000 0.851064
vt 0.998987 0.504118
vt 0.998987 0.652658
vt 0.001647 0.652658
vt 0.001647 0.504118
vt 0.906075 0.297453
vt 0.906075 0.281378
vt 0.679606 0.281378
vt 0.679606 0.297453
vt 0.000512 0.312903
vt 0.000512 0.321630
vt 0.226981 0.321630
vt 0.226981 0.312903
vt 0.000000 0.000000
vt 0.000000 0.012881
vt 0.226469 0.012881
vt 0.226469 0.000000
vt 0.000000 0.062150
vt 0.000000 0.089593
vt 0.226469 0.089593
vt 0.226469 0.062150
vt 0.906075 0.312903
vt 0.906075 0.296828
vt 0.679606 0.296828
vt 0.679606 0.312903
vt 0.000512 0.321630
vt 0.000512 0.330358
vt 0.226981 0.330358
vt 0.226981 0.321630
vt -0.000122 0.156096
vt -0.000122 0.210448
vt 0.226347 0.210448
vt 0.226347 0.156096
vt 0.906075 0.219937
vt 0.679606 0.219937
vt 0.679606 0.259595
vt 0.906075 0.259595
vt 0.905875 0.034093
vt 0.679406 0.034093
vt 0.679406 0.048121
vt 0.905875 0.048121
vt 0.905875 0.025761
vt 0.679406 0.025761
vt 0.679406 0.012881
vt 0.905875 0.012881
vt 0.905875 0.121202
vt 0.679406 0.121202
vt 0.679406 0.093759
vt 0.905875 0.093759
vt 0.000000 0.062150
vt 0.000000 0.048121
vt 0.226469 0.048121
vt 0.226469 0.062150
vt 0.679406 0.048121
vt 0.679406 0.034093
vt 0.905875 0.034093
vt 0.905875 0.048121
vt 0.679606 0.259595
vt 0.679606 0.219937
vt 0.906075 0.219937
vt 0.906075 0.259595
vt 0.226347 0.210448
vt -0.000122 0.210448
vt -0.000122 0.156096
vt 0.226347 0.156096
vt 0.226981 0.330358
vt 0.000512 0.330358
vt 0.000512 0.321630
vt 0.226981 0.321630
vt 0.679606 0.296828
vt 0.906075 0.296828
vt 0.906075 0.312903
vt 0.679606 0.312903
vt 0.226469 0.089593
vt 0.000000 0.089593
vt 0.000000 0.062150
vt 0.226469 0.062150
vt 0.226469 0.012881
vt 0.000000 0.012881
vt 0.000000 0.000000
vt 0.226469 0.000000
vt 0.226981 0.321630
vt 0.000512 0.321630
vt 0.000512 0.312903
vt 0.226981 0.312903
vt 0.679606 0.281378
vt 0.906075 0.281378
vt 0.906075 0.297453
vt 0.679606 0.297453
vt 0.226469 0.048121
vt 0.000000 0.048121
vt 0.000000 0.062150
vt 0.226469 0.062150
vt 0.679406 0.093759
vt 0.679406 0.121202
vt 0.905875 0.121202
vt 0.905875 0.093759
vt 0.679406 0.012881
vt 0.679406 0.025761
vt 0.905875 0.025761
vt 0.905875 0.012881
vt 0.999050 0.183297
vt 0.999050 0.342604
vt 0.939310 0.342604
vt 0.939310 0.183297
vt 0.999050 0.183297
vt 0.999050 0.342604
vt 0.939310 0.342604
vt 0.939310 0.183297
vt 0.999050 0.183297
vt 0.999050 0.342604
vt 0.939310 0.342604
vt 0.939310 0.183297
vt 0.999050 0.183297
vt 0.999050 0.342604
vt 0.939310 0.342604
vt 0.939310 0.183297
vt 0.985655 0.132863
vt 0.985655 0.179437
vt 0.939081 0.179437
vt 0.939081 0.132863
vt 0.939310 0.342604
vt 0.999050 0.342604
vt 0.999050 0.183297
vt 0.939310 0.183297
vt 0.939310 0.342604
vt 0.999050 0.342604
vt 0.999050 0.183297
vt 0.939310 0.183297
vt 0.939310 0.342604
vt 0.999050 0.342604
vt 0.999050 0.183297
vt 0.939310 0.183297
vt 0.939310 0.342604
vt 0.999050 0.342604
vt 0.999050 0.183297
vt 0.939310 0.183297
vt 0.939081 0.179437
vt 0.985655 0.179437
vt 0.985655 0.132863
vt 0.939081 0.132863
vt 0.979692 0.781451
vt 0.979692 0.844034
vt -0.000781 0.844034
vt -0.000781 0.781451
vt 0.145247 0.656284
vt 0.145247 0.718868
vt -0.000781 0.718868
vt -0.000781 0.656284
vt 0.979692 0.718868
vt 0.979692 0.781451
vt -0.000781 0.781451
vt -0.000781 0.718868
vt 0.302823 0.656284
vt 0.302823 0.718868
vt 0.156795 0.718868
vt 0.156795 0.656284
vt 1.000000 0.851064
vt 1.000000 1.000000
vt 0.000000 1.000000
vt 0.000000 0.851064
vt 0.998987 0.504118
vt 0.998987 0.652658
vt 0.001647 0.652658
vt 0.001647 0.504118
vt 0.906075 0.297453
vt 0.906075 0.281378
vt 0.679606 0.281378
vt 0.679606 0.297453
vt 0.000512 0.312903
vt 0.000512 0.321630
vt 0.226981 0.321630
vt 0.226981 0.312903
vt 0.000000 0.000000
vt 0.000000 0.012881
vt 0.226469 0.012881
vt 0.226469 0.000000
vt 0.000000 0.062150
vt 0.000000 0.089593
vt 0.226469 0.089593
vt 0.226469 0.062150
vt 0.906075 0.312903
vt 0.906075 0.296828
vt 0.679606 0.296828
vt 0.679606 0.312903
vt 0.000512 0.321630
vt 0.000512 0.330358
vt 0.226981 0.330358
vt 0.226981 0.321630
vt -0.000122 0.156096
vt -0.000122 0.210448
vt 0.226347 0.210448
vt 0.226347 0.156096
vt 0.906075 0.219937
vt 0.679606 0.219937
vt 0.679606 0.259595
vt 0.906075 0.259595
vt 0.905875 0.034093
vt 0.679406 0.034093
vt 0.679406 0.048121
vt 0.905875 0.048121
vt 0.905875 0.025761
vt 0.679406 0.025761
vt 0.679406 0.012881
vt 0.905875 0.012881
vt 0.905875 0.121202
vt 0.679406 0.121202
vt 0.679406 0.093759
vt 0.905875 0.093759
vt 0.000000 0.062150
vt 0.000000 0.048121
vt 0.226469 0.048121
vt 0.226469 0.062150
vt 0.679406 0.048121
vt 0.679406 0.034093
vt 0.905875 0.034093
vt 0.905875 0.048121
vt 0.679606 0.259595
vt 0.679606 0.219937
vt 0.906075 0.219937
vt 0.906075 0.259595
vt 0.226347 0.210448
vt -0.000122 0.210448
vt -0.000122 0.156096
vt 0.226347 0.156096
vt 0.226981 0.330358
vt 0.000512 0.330358
vt 0.000512 0.321630
vt 0.226981 0.321630
vt 0.679606 0.296828
vt 0.906075 0.296828
vt 0.906075 0.312903
vt 0.679606 0.312903
vt 0.226469 0.089593
vt 0.000000 0.089593
vt 0.000000 0.062150
vt 0.226469 0.062150
vt 0.226469 0.012881
vt 0.000000 0.012881
vt 0.000000 0.000000
vt 0.226469 0.000000
vt 0.226981 0.321630
vt 0.000512 0.321630
vt 0.000512 0.312903
vt 0.226981 0.312903
vt 0.679606 0.281378
vt 0.906075 0.281378
vt 0.906075 0.297453
vt 0.679606 0.297453
vt 0.226469 0.048121
vt 0.000000 0.048121
vt 0.000000 0.062150
vt 0.226469 0.062150
vt 0.679406 0.093759
vt 0.679406 0.121202
vt 0.905875 0.121202
vt 0.905875 0.093759
vt 0.679406 0.012881
vt 0.679406 0.025761
vt 0.905875 0.025761
vt 0.905875 0.012881
vt 0.999050 0.183297
vt 0.999050 0.342604
vt 0.939310 0.342604
vt 0.939310 0.183297
vt 0.999050 0.183297
vt 0.999050 0.342604
vt 0.939310 0.342604
vt 0.939310 0.183297
vt 0.999050 0.183297
vt 0.999050 0.342604
vt 0.939310 0.342604
vt 0.939310 0.183297
vt 0.999050 0.183297
vt 0.999050 0.342604
vt 0.939310 0.342604
vt 0.939310 0.183297
vt 0.985655 0.132863
vt 0.985655 0.179437
vt 0.939081 0.179437
vt 0.939081 0.132863
vt 0.939310 0.342604
vt 0.999050 0.342604
vt 0.999050 0.183297
vt 0.939310 0.183297
vt 0.939310 0.342604
vt 0.999050 0.342604
vt 0.999050 0.183297
vt 0.939310 0.183297
vt 0.939310 0.342604
vt 0.999050 0.342604
vt 0.999050 0.183297
vt 0.939310 0.183297
vt 0.939310 0.342604
vt 0.999050 0.342604
vt 0.999050 0.183297
vt 0.939310 0.183297
vt 0.939081 0.179437
vt 0.985655 0.179437
vt 0.985655 0.132863
vt 0.939081 0.132863
vt 0.979692 0.781451
vt 0.979692 0.844034
vt -0.000781 0.844034
vt -0.000781 0.781451
vt 0.145247 0.656284
vt 0.145247 0.718868
vt -0.000781 0.718868
vt -0.000781 0.656284
vt 0.979692 0.718868
vt 0.979692 0.781451
vt -0.000781 0.781451
vt -0.000781 0.718868
vt 0.302823 0.656284
vt 0.302823 0.718868
vt 0.156795 0.718868
vt 0.156795 0.656284
vt 1.000000 0.851064
vt 1.000000 1.000000
vt 0.000000 1.000000
vt 0.000000 0.851064
vt 0.998987 0.504118
vt 0.998987 0.652658
vt 0.001647 0.652658
vt 0.001647 0.504118
vt 0.906075 0.297453
vt 0.906075 0.281378
vt 0.679606 0.281378
vt 0.679606 0.297453
vt 0.000512 0.312903
vt 0.000512 0.321630
vt 0.226981 0.321630
vt 0.226981 0.312903
vt 0.000000 0.000000
vt 0.000000 0.012881
vt 0.226469 0.012881
vt 0.226469 0.000000
vt 0.000000 0.062150
vt 0.000000 0.089593
vt 0.226469 0.089593
vt 0.226469 0.062150
vt 0.906075 0.312903
vt 0.906075 0.296828
vt 0.679606 0.296828
vt 0.679606 0.312903
vt 0.000512 0.321630
vt 0.000512 0.330358
vt 0.226981 0.330358
vt 0.226981 0.321630
vt -0.000122 0.156096
vt -0.000122 0.210448
vt 0.226347 0.210448
vt 0.226347 0.156096
vt 0.906075 0.219937
vt 0.679606 0.219937
vt 0.679606 0.259595
vt 0.906075 0.259595
vt 0.905875 0.034093
vt 0.679406 0.034093
vt 0.679406 0.048121
vt 0.905875 0.048121
vt 0.905875 0.025761
vt 0.679406 0.025761
vt 0.679406 0.012881
vt 0.905875 0.012881
vt 0.905875 0.121202
vt 0.679406 0.121202
vt 0.679406 0.093759
vt 0.905875 0.093759
vt 0.000000 0.062150
vt 0.000000 0.048121
vt 0.226469 0.048121
vt 0.226469 0.062150
vt 0.679406 0.048121
vt 0.679406 0.034093
vt 0.905875 0.034093
vt 0.905875 0.048121
vt 0.679606 0.259595
vt 0.679606 0.219937
vt 0.906075 0.219937
vt 0.906075 0.259595
vt 0.226347 0.210448
vt -0.000122 0.210448
vt -0.000122 0.156096
vt 0.226347 0.156096
vt 0.226981 0.330358
vt 0.000512 0.330358
vt 0.000512 0.321630
vt 0.226981 0.321630
vt 0.679606 0.296828
vt 0.906075 0.296828
vt 0.906075 0.312903
vt 0.679606 0.312903
vt 0.226469 0.089593
vt 0.000000 0.089593
vt 0.000000 0.062150
vt 0.226469 0.062150
vt 0.226469 0.012881
vt 0.000000 0.012881
vt 0.000000 0.000000
vt 0.226469 0.000000
vt 0.226981 0.321630
vt 0.000512 0.321630
vt 0.000512 0.312903
vt 0.226981 0.312903
vt 0.679606 0.281378
vt 0.906075 0.281378
vt 0.906075 0.297453
vt 0.679606 0.297453
vt 0.226469 0.048121
vt 0.000000 0.048121
vt 0.000000 0.062150
vt 0.226469 0.062150
vt 0.679406 0.093759
vt 0.679406 0.121202
vt 0.905875 0.121202
vt 0.905875 0.093759
vt 0.679406 0.012881
vt 0.679406 0.025761
vt 0.905875 0.025761
vt 0.905875 0.012881
vt 0.999050 0.183297
vt 0.999050 0.342604
vt 0.939310 0.342604
vt 0.939310 0.183297
vt 0.999050 0.183297
vt 0.999050 0.342604
vt 0.939310 0.342604
vt 0.939310 0.183297
vt 0.999050 0.183297
vt 0.999050 0.342604
vt 0.939310 0.342604
vt 0.939310 0.183297
vt 0.999050 0.183297
vt 0.999050 0.342604
vt 0.939310 0.342604
vt 0.939310 0.183297
vt 0.985655 0.132863
vt 0.985655 0.179437
vt 0.939081 0.179437
vt 0.939081 0.132863
vt 0.939310 0.342604
vt 0.999050 0.342604
vt 0.999050 0.183297
vt 0.939310 0.183297
vt 0.939310 0.342604
vt 0.999050 0.342604
vt 0.999050 0.183297
vt 0.939310 0.183297
vt 0.939310 0.342604
vt 0.999050 0.342604
vt 0.999050 0.183297
vt 0.939310 0.183297
vt 0.939310 0.342604
vt 0.999050 0.342604
vt 0.999050 0.183297
vt 0.939310 0.183297
vt 0.939081 0.179437
vt 0.985655 0.179437
vt 0.985655 0.132863
vt 0.939081 0.132863
vt 0.979692 0.781451
vt 0.979692 0.844034
vt -0.000781 0.844034
vt -0.000781 0.781451
vt 0.145247 0.656284
vt 0.145247 0.718868
vt -0.000781 0.718868
vt -0.000781 0.656284
vt 0.979692 0.718868
vt 0.979692 0.781451
vt -0.000781 0.781451
vt -0.000781 0.718868
vt 0.302823 0.656284
vt 0.302823 0.718868
vt 0.156795 0.718868
vt 0.156795 0.656284
vt 1.000000 0.851064
vt 1.000000 1.000000
vt 0.000000 1.000000
vt 0.000000 0.851064
vt 0.998987 0.504118
vt 0.998987 0.652658
vt 0.001647 0.652658
vt 0.001647 0.504118
vt 0.906075 0.297453
vt 0.906075 0.281378
vt 0.679606 0.281378
vt 0.679606 0.297453
vt 0.000512 0.312903
vt 0.000512 0.321630
vt 0.226981 0.321630
vt 0.226981 0.312903
vt 0.000000 0.000000
vt 0.000000 0.012881
vt 0.226469 0.012881
vt 0.226469 0.000000
vt 0.000000 0.062150
vt 0.000000 0.089593
vt 0.226469 0.089593
vt 0.226469 0.062150
vt 0.906075 0.312903
vt 0.906075 0.296828
vt 0.679606 0.296828
vt 0.679606 0.312903
vt 0.000512 0.321630
vt 0.000512 0.330358
vt 0.226981 0.330358
vt 0.226981 0.321630
vt -0.000122 0.156096
vt -0.000122 0.210448
vt 0.226347 0.210448
vt 0.226347 0.156096
vt 0.906075 0.219937
vt 0.679606 0.219937
vt 0.679606 0.259595
vt 0.906075 0.259595
vt 0.905875 0.034093
vt 0.679406 0.034093
vt 0.679406 0.048121
vt 0.905875 0.048121
vt 0.905875 0.025761
vt 0.679406 0.025761
vt 0.679406 0.012881
vt 0.905875 0.012881
vt 0.905875 0.121202
vt 0.679406 0.121202
vt 0.679406 0.093759
vt 0.905875 0.093759
vt 0.000000 0.062150
vt 0.000000 0.048121
vt 0.226469 0.048121
vt 0.226469 0.062150
vt 0.982037 0.022561
vt 0.982037 0.022561
vt 0.982037 0.022561
vt 0.982037 0.022561
vt 0.000200 0.281378
vt 0.226669 0.281378
vt 0.226669 0.297453
vt 0.000200 0.297453
vt 0.396520 0.281378
vt 0.453137 0.281378
vt 0.453137 0.297453
vt 0.396520 0.297453
vt 0.679606 0.281378
vt 0.679606 0.297453
vt 0.906387 0.321630
vt 0.679918 0.321630
vt 0.679918 0.312903
vt 0.906387 0.312903
vt 0.510067 0.321630
vt 0.453449 0.321630
vt 0.453449 0.312903
vt 0.510067 0.312903
vt 0.226981 0.321630
vt 0.226981 0.312903
vt 0.905875 0.012881
vt 0.679406 0.012881
vt 0.679406 0.000000
vt 0.905875 0.000000
vt 0.509555 0.012881
vt 0.452938 0.012881
vt 0.452938 0.000000
vt 0.509555 0.000000
vt 0.226469 0.012881
vt 0.226469 0.000000
vt 0.905875 0.089593
vt 0.679406 0.089593
vt 0.679406 0.062150
vt 0.905875 0.062150
vt 0.509555 0.089593
vt 0.452938 0.089593
vt 0.452938 0.062150
vt 0.509555 0.062150
vt 0.226469 0.089593
vt 0.226469 0.062150
vt 0.000200 0.296828
vt 0.226669 0.296828
vt 0.226669 0.312903
vt 0.000200 0.312903
vt 0.396520 0.296828
vt 0.453137 0.296828
vt 0.453137 0.312903
vt 0.396520 0.312903
vt 0.679606 0.296828
vt 0.679606 0.312903
vt 0.906387 0.330358
vt 0.679918 0.330358
vt 0.679918 0.321630
vt 0.906387 0.321630
vt 0.510067 0.330358
vt 0.453449 0.330358
vt 0.453449 0.321630
vt 0.510067 0.321630
vt 0.226981 0.330358
vt 0.226981 0.321630
vt 0.679406 0.025761
vt 0.452937 0.025761
vt 0.452937 0.012881
vt 0.679406 0.012881
vt 0.283086 0.025761
vt 0.283086 0.012881
vt 0.679406 0.121202
vt 0.452937 0.121202
vt 0.452937 0.093759
vt 0.679406 0.093759
vt 0.283086 0.121202
vt 0.283086 0.093759
vt 0.905753 0.210448
vt 0.679284 0.210448
vt 0.679284 0.156096
vt 0.905753 0.156096
vt 0.509433 0.210448
vt 0.452816 0.210448
vt 0.452816 0.156096
vt 0.509433 0.156096
vt 0.226347 0.210448
vt 0.226347 0.156096
vt 0.000200 0.259595
vt 0.000200 0.219937
vt 0.226669 0.219937
vt 0.226669 0.259595
vt 0.396520 0.259595
vt 0.396520 0.219937
vt 0.453137 0.219937
vt 0.453137 0.259595
vt 0.679606 0.219937
vt 0.679606 0.259595
vt 0.000000 0.048121
vt 0.000000 0.034093
vt 0.226469 0.034093
vt 0.226469 0.048121
vt 0.396320 0.048121
vt 0.396320 0.034093
vt 0.452937 0.034093
vt 0.452937 0.048121
vt 0.679406 0.034093
vt 0.679406 0.048121
vt 0.226469 0.062150
vt 0.226469 0.048121
vt 0.452938 0.048121
vt 0.452938 0.062150
vt 0.622789 0.062150
vt 0.622789 0.048121
vt 0.509555 0.048121
vt 0.509555 0.062150
vt 0.566172 0.048121
vt 0.566172 0.062150
vt 0.283086 0.034093
vt 0.283086 0.048121
vt 0.339703 0.048121
vt 0.339703 0.034093
vt 0.283286 0.219937
vt 0.283286 0.259595
vt 0.339903 0.259595
vt 0.339903 0.219937
vt 0.622667 0.210448
vt 0.622667 0.156096
vt 0.566050 0.210448
vt 0.566050 0.156096
vt 0.396320 0.121202
vt 0.396320 0.093759
vt 0.339703 0.121202
vt 0.339703 0.093759
vt 0.396320 0.025761
vt 0.396320 0.012881
vt 0.339703 0.025761
vt 0.339703 0.012881
vt 0.623301 0.330358
vt 0.623301 0.321630
vt 0.566684 0.330358
vt 0.566684 0.321630
vt 0.283286 0.296828
vt 0.283286 0.312903
vt 0.339903 0.296828
vt 0.339903 0.312903
vt 0.622789 0.089593
vt 0.622789 0.062150
vt 0.566172 0.089593
vt 0.566172 0.062150
vt 0.622789 0.012881
vt 0.622789 0.000000
vt 0.566172 0.012881
vt 0.566172 0.000000
vt 0.623301 0.321630
vt 0.623301 0.312903
vt 0.566684 0.321630
vt 0.566684 0.312903
vt 0.283286 0.281378
vt 0.283286 0.297453
vt 0.339903 0.281378
vt 0.339903 0.297453
vt 0.982037 0.022561
vt 0.982037 0.022561
vt 0.982037 0.022561
vt 0.982037 0.022561
vt 0.982037 0.022561
vt 0.982037 0.022561
vt 0.982037 0.022561
vt 0.982037 0.022561
vt 0.982037 0.022561
vt 0.982037 0.022561
vt 0.982037 0.022561
vt 0.982037 0.022561
vt 0.982037 0.022561
vt 0.982037 0.022561
vt 0.982037 0.022561
vt 0.982037 0.022561
vt 0.982037 0.022561
vt 0.982037 0.022561
vt 0.982037 0.022561
vt 0.982037 0.022561
vt 0.982037 0.022561
vt 0.982037 0.022561
vt 0.982037 0.022561
vt 0.982037 0.022561
vt 0.982037 0.022561
vt 0.982037 0.022561
vt 0.982037 0.022561
vt 0.982037 0.022561
vt 0.982037 0.022561
vt 0.982037 0.022561
vt 0.982037 0.022561
vt 0.982037 0.022561
vt 0.982037 0.022561
vt 0.982037 0.022561
vt 0.982037 0.022561
vt 0.982037 0.022561
vt 0.982037 0.022561
vt 0.982037 0.022561
vt 0.982037 0.022561
vt 0.982037 0.022561
vt 0.982037 0.022561
vt 0.982037 0.022561
vt 0.982037 0.022561
vt 0.982037 0.022561
vt 0.939310 0.342604
vt 0.999050 0.342604
vt 0.999050 0.183297
vt 0.939310 0.183297
vt 0.939310 0.342604
vt 0.999050 0.342604
vt 0.999050 0.183297
vt 0.939310 0.183297
vt 0.939310 0.342604
vt 0.999050 0.342604
vt 0.999050 0.183297
vt 0.939310 0.183297
vt 0.939310 0.342604
vt 0.999050 0.342604
vt 0.999050 0.183297
vt 0.939310 0.183297
vt 0.939081 0.179437
vt 0.985655 0.179437
vt 0.985655 0.132863
vt 0.939081 0.132863
vt 0.955240 0.109372
vt 0.955240 0.109372
vt 0.955240 0.109372
vt 0.955240 0.109372
vt 0.955240 0.109372
vt 0.955240 0.109372
vt 0.955240 0.109372
vt 0.955240 0.109372
vt 0.955240 0.109372
vt 0.955240 0.109372
vt 0.955240 0.109372
vt 0.955240 0.109372
vt 0.955240 0.109372
vt 0.955240 0.109372
vt 0.955240 0.109372
vt 0.955240 0.109372
vt 0.955240 0.109372
vt 0.955240 0.109372
vt 0.955240 0.109372
vt 0.955240 0.109372
vt 0.955240 0.109372
vt 0.955240 0.109372
vt 0.955240 0.109372
vt 0.955240 0.109372
vt 0.999050 0.183297
vt 0.999050 0.342604
vt 0.939310 0.342604
vt 0.939310 0.183297
vt 0.999050 0.183297
vt 0.999050 0.342604
vt 0.939310 0.342604
vt 0.939310 0.183297
vt 0.999050 0.183297
vt 0.999050 0.342604
vt 0.939310 0.342604
vt 0.939310 0.183297
vt 0.999050 0.183297
vt 0.999050 0.342604
vt 0.939310 0.342604
vt 0.939310 0.183297
vt 0.985655 0.132863
vt 0.985655 0.179437
vt 0.939081 0.179437
vt 0.939081 0.132863
vn -1.000000 0.000000 0.000000
vn -0.000000 0.000000 -1.000000
vn 1.000000 0.000000 0.000000
vn -0.000000 0.000000 1.000000
vn -0.000000 1.000000 0.000000
vn -0.000000 -1.000000 -0.000000
vn 0.999900 0.000200 -0.012600
vn -0.999900 0.000000 0.012500
vn -0.999900 0.000000 0.012400
vn -0.001500 -0.000000 1.000000
vn -0.999800 0.000000 0.020300
vn -0.004200 0.000000 -1.000000
vn 0.999800 0.000000 -0.020200
vn -0.001600 -0.000000 1.000000
vn 0.999700 -0.000000 -0.022600
vn -0.999700 -0.000000 0.022700
vn 0.999900 0.000100 -0.012500
vn 0.999900 0.000000 -0.012500
vn 0.996900 -0.000700 -0.079200
vn -0.996900 0.000000 0.079100
vn -0.996900 0.000000 0.079200
vn 0.996900 -0.000600 -0.079200
vn 0.996900 0.000000 -0.079100
vn 0.986700 -0.000400 -0.162800
vn -0.986700 0.000000 0.162800
vn 0.163600 0.000000 0.986500
vn 0.987900 0.000000 -0.155100
vn -0.174300 0.000000 -0.984700
vn -0.987900 0.000000 0.155000
vn 0.143900 0.000000 0.989600
vn -0.985400 0.000000 0.170500
vn -0.193500 0.000000 -0.981100
vn 0.985400 0.000000 -0.170000
vn 0.986700 0.000000 -0.162700
vn 0.970500 -0.000000 -0.241200
vn -0.970500 0.000000 0.241200
vn 0.972300 0.000000 -0.233600
vn -0.972300 -0.000100 0.233900
vn -0.972400 -0.002400 0.233200
vn 0.242600 0.000000 0.970100
vn 0.970400 -0.000000 -0.241400
vn -0.252500 0.000000 -0.967600
vn -0.970400 0.000000 0.241400
vn 0.224400 -0.000000 0.974500
vn -0.968300 0.000000 0.249700
vn -0.270400 0.000000 -0.962800
vn 0.968500 0.000000 -0.249100
vn 0.972300 -0.002500 -0.233600
vn 0.972600 0.004000 -0.232400
vn -0.972400 0.007400 0.233300
vn 0.970500 0.000000 -0.241100
vn 0.949800 0.000400 -0.312800
vn -0.949800 0.000000 0.312800
vn 0.951300 -0.008700 -0.308200
vn -0.951800 0.001200 0.306800
vn -0.952000 0.005200 0.306000
vn 0.315400 0.000000 0.949000
vn 0.946700 -0.000000 -0.322100
vn -0.324300 0.000000 -0.945900
vn -0.946700 0.000000 0.322100
vn 0.298700 0.000000 0.954300
vn -0.947900 0.000000 0.318400
vn -0.340700 0.000000 -0.940200
vn 0.947800 0.000000 -0.318800
vn 0.951500 0.005500 -0.307600
vn 0.951800 0.005800 -0.306800
vn -0.952200 -0.001800 0.305600
vn 0.949800 0.000000 -0.312700
vn 0.926300 0.001000 -0.376800
vn -0.926300 0.000000 0.376800
vn 0.923800 -0.008500 -0.382900
vn -0.923400 0.001300 0.383700
vn -0.922800 0.007400 0.385100
vn 0.381100 0.000000 0.924500
vn 0.918200 0.000000 -0.396000
vn -0.389100 0.000000 -0.921200
vn -0.918200 0.000000 0.396200
vn 0.366000 0.000000 0.930600
vn -0.923000 0.000000 0.384800
vn -0.403500 0.000000 -0.915000
vn 0.923000 0.000000 -0.384800
vn 0.923700 0.007700 -0.383000
vn 0.923000 0.001800 -0.384900
vn -0.922600 -0.008700 0.385600
vn 0.926300 0.000900 -0.376800
vn 0.926300 0.000000 -0.376700
vn 0.899500 0.000500 -0.437000
vn -0.899500 0.000000 0.436900
vn 0.899700 -0.000000 -0.436500
vn -0.899700 0.000000 0.436500
vn -0.899700 0.000100 0.436500
vn 0.439600 0.000000 0.898200
vn -0.899500 0.000000 0.436800
vn -0.446800 0.000000 -0.894600
vn 0.899500 0.000000 -0.436900
vn 0.900100 -0.000000 -0.435800
vn -0.900100 0.000000 0.435700
vn 0.426200 0.000000 0.904600
vn -0.896300 0.000000 0.443500
vn -0.459400 0.000000 -0.888200
vn 0.896400 0.000000 -0.443300
vn 0.899700 0.000000 -0.436400
vn 0.899500 0.000400 -0.437000
vn 0.872400 0.000100 -0.488800
vn -0.872400 0.000000 0.488800
vn 0.873400 -0.000000 -0.487100
vn -0.873400 -0.000000 0.487000
vn -0.873400 0.000100 0.487000
vn 0.491200 0.000000 0.871100
vn -0.870600 0.000000 0.491900
vn -0.497500 0.000000 -0.867500
vn 0.870600 0.000000 -0.491900
vn 0.870800 0.000000 -0.491600
vn -0.870900 0.000000 0.491500
vn 0.479600 0.000000 0.877500
vn -0.869100 0.000000 0.494600
vn -0.508800 0.000000 -0.860900
vn 0.869200 0.000000 -0.494500
vn 0.873400 0.000000 -0.486900
vn -0.873400 0.000000 0.487100
vn 0.872500 0.000000 -0.488700
vn 0.847400 0.001000 -0.531000
vn -0.847400 0.000000 0.531000
vn 0.536700 0.000000 0.843800
vn 0.836600 0.000000 -0.547800
vn -0.542100 0.000000 -0.840300
vn -0.836500 0.000000 0.547900
vn 0.526300 0.000000 0.850300
vn -0.841800 0.000000 0.539800
vn -0.551900 0.000000 -0.833900
vn 0.841900 0.000000 -0.539700
vn 0.847400 0.000800 -0.531000
vn 0.847400 0.000000 -0.530900
vn 0.818600 0.000700 -0.574400
vn -0.818600 0.000000 0.574400
vn 0.819400 0.000000 -0.573200
vn -0.819400 -0.000000 0.573200
vn 0.576300 -0.000000 0.817200
vn -0.819600 0.000000 0.573000
vn -0.581200 0.000000 -0.813800
vn 0.819500 -0.000000 -0.573000
vn 0.576300 0.000000 0.817300
vn 0.820100 0.000000 -0.572300
vn -0.820100 0.000000 0.572300
vn 0.567300 0.000000 0.823500
vn -0.815700 0.000000 0.578500
vn -0.589700 0.000000 -0.807600
vn 0.815700 0.000000 -0.578500
vn 0.819500 0.000000 -0.573100
vn -0.819400 0.000000 0.573300
vn 0.818600 0.000600 -0.574400
vn 0.818600 0.000000 -0.574400
vn 0.795800 0.000800 -0.605500
vn -0.795900 0.000000 0.605500
vn -0.795800 0.000000 0.605500
vn 0.796200 0.000000 -0.605000
vn -0.796300 -0.000000 0.604900
vn -0.796300 0.000100 0.604900
vn 0.611100 0.000000 0.791500
vn -0.786000 0.000000 0.618300
vn -0.615300 0.000000 -0.788300
vn 0.786000 0.000000 -0.618300
vn 0.785500 0.000000 -0.618800
vn -0.785500 0.000000 0.618800
vn 0.603200 0.000000 0.797600
vn -0.789200 0.000000 0.614100
vn -0.622800 0.000000 -0.782300
vn 0.789300 0.000000 -0.614000
vn 0.796300 0.000000 -0.604900
vn 0.795800 0.000700 -0.605500
vn 0.795900 0.000000 -0.605400
vn 0.769000 0.000600 -0.639200
vn -0.769000 -0.000000 0.639200
vn 0.769800 0.000000 -0.638300
vn -0.769800 -0.000000 0.638300
vn 0.641600 0.000000 0.767100
vn -0.768800 0.000000 0.639500
vn -0.645400 0.000000 -0.763900
vn 0.768700 0.000000 -0.639600
vn 0.641600 0.000000 0.767000
vn 0.769100 0.000000 -0.639100
vn -0.645300 0.000000 -0.763900
vn -0.769100 0.000000 0.639100
vn 0.634700 0.000000 0.772800
vn -0.766100 0.000000 0.642800
vn -0.652000 0.000000 -0.758200
vn 0.766000 0.000000 -0.642800
vn 0.769900 0.000000 -0.638200
vn 0.769800 0.000000 -0.638200
vn 0.769100 0.000000 -0.639200
vn 0.748100 0.000200 -0.663600
vn -0.748100 -0.000000 0.663500
vn 0.748300 0.000000 -0.663400
vn -0.748300 -0.000000 0.663300
vn -0.748300 0.000100 0.663300
vn 0.668500 0.000000 0.743700
vn -0.736300 0.000000 0.676600
vn -0.671700 0.000000 -0.740800
vn 0.736400 0.000000 -0.676600
vn 0.735800 0.000000 -0.677200
vn -0.735800 0.000000 0.677200
vn 0.662300 0.000000 0.749200
vn -0.741800 0.000000 0.670700
vn -0.677500 0.000000 -0.735500
vn 0.741800 0.000000 -0.670600
vn 0.748300 0.000000 -0.663300
vn 0.748200 0.000000 -0.663500
vn 0.725700 0.000400 -0.688100
vn 0.000700 1.000000 0.000700
vn -0.000700 -1.000000 -0.000700
vn -0.725600 0.000000 0.688100
vn 0.726600 0.000000 -0.687100
vn -0.726600 0.000000 0.687100
vn -0.726600 0.000100 0.687100
vn 0.692000 0.000000 0.721900
vn -0.720100 0.000000 0.693900
vn -0.694900 0.000000 -0.719100
vn 0.720100 0.000000 -0.693800
vn 0.720100 0.000000 -0.693900
vn 0.686700 0.000000 0.726900
vn -0.700200 0.000000 -0.714000
vn 0.726600 0.000000 -0.687000
vn 0.725600 0.000300 -0.688100
vn 0.725700 0.000000 -0.688000
vn 0.712200 0.000600 -0.702000
vn 0.001400 1.000000 0.001400
vn -0.001400 -1.000000 -0.001400
vn 0.001400 1.000000 0.001300
vn -0.712200 0.000000 0.702000
vn -0.712200 -0.000000 0.701900
vn 0.710000 0.000000 -0.704200
vn -0.710000 0.000000 0.704200
vn -0.710000 0.000100 0.704200
vn 0.713000 0.000000 0.701100
vn -0.704300 0.000000 0.709900
vn -0.715700 0.000000 -0.698400
vn 0.704300 0.000000 -0.709900
vn 0.704700 0.000000 -0.709600
vn -0.704700 0.000000 0.709500
vn 0.708200 0.000000 0.706000
vn -0.704600 0.000000 0.709600
vn -0.717200 0.000000 -0.696800
vn 0.704400 0.000000 -0.709800
vn 0.712200 0.000500 -0.702000
vn 0.712200 0.000000 -0.702000
vn -0.718000 0.023300 -0.695700
vn -0.991200 0.000000 0.132200
vn 0.991200 0.000000 -0.132200
vn -0.517700 0.025200 -0.855200
vn -0.502000 -0.000000 -0.864900
vn -0.501900 -0.000000 -0.864900
vn -0.501900 0.001600 -0.864900
vn -0.501900 0.007700 -0.864900
vn -0.504000 0.003900 -0.863700
vn -0.501900 0.011500 -0.864800
vn -0.504500 0.002100 -0.863400
vn -0.706200 -0.000000 -0.708000
vn -0.719500 -0.022000 -0.694100
vn -0.706200 0.007100 -0.708000
vn -0.706200 0.001500 -0.708000
vn -0.715200 -0.008600 -0.698800
vn -0.708200 0.001900 -0.706000
vn -0.707800 0.003600 -0.706400
vn -0.706200 0.010700 -0.708000
vn -0.705300 -0.048300 -0.707200
vn 0.208700 -0.026100 0.977600
vn 0.189900 0.000100 0.981800
vn 0.189900 0.000000 0.981800
vn 0.190000 0.000100 0.981800
vn 0.189900 -0.008000 0.981800
vn 0.189900 -0.001700 0.981800
vn 0.189900 -0.011900 0.981700
vn 0.192400 -0.004000 0.981300
vn 0.193000 -0.002200 0.981200
vn 0.110300 0.000000 0.993900
vn -0.993900 0.000000 0.110300
vn -0.110300 0.000000 -0.993900
vn 0.993900 0.000000 -0.110300
s 1
f 4/4/1 3/3/1 2/2/1 1/1/1
f 3/8/2 4/7/2 6/6/2 5/5/2
f 5/5/2 8/10/2 7/9/2 3/8/2
f 12/14/2 11/13/2 10/12/2 9/11/2
f 9/11/2 14/16/2 13/15/2 12/14/2
f 9/11/2 10/12/2 5/5/2 6/6/2
f 16/20/3 5/19/3 10/18/3 15/17/3
f 18/24/3 11/23/3 12/22/3 17/21/3
f 22/28/4 21/27/4 20/26/4 19/25/4
f 20/26/4 21/27/4 24/30/4 23/29/4
f 28/34/4 27/33/4 26/32/4 25/31/4
f 26/32/4 27/33/4 30/36/4 29/35/4
f 28/34/4 21/27/4 22/28/4 27/33/4
f 32/40/3 25/39/3 26/38/3 31/37/3
f 35/44/2 34/43/2 31/42/2 33/41/2
f 31/42/2 34/43/2 36/46/2 32/45/2
f 40/50/2 39/49/2 38/48/2 37/47/2
f 38/48/2 39/49/2 42/52/2 41/51/2
f 36/46/2 34/43/2 39/49/2 40/50/2
f 30/56/1 35/55/1 33/54/1 29/53/1
f 23/60/5 38/59/5 41/58/5 20/57/5
f 33/64/6 31/63/6 26/62/6 29/61/6
f 27/68/1 22/67/1 39/66/1 34/65/1
f 19/72/1 20/71/1 41/70/1 42/69/1
f 42/76/6 39/75/6 22/74/6 19/73/6
f 34/80/5 35/79/5 30/78/5 27/77/5
f 36/84/3 40/83/3 21/82/3 28/81/3
f 37/88/3 38/87/3 23/86/3 24/85/3
f 40/92/6 37/91/6 24/90/6 21/89/6
f 32/96/5 36/95/5 28/94/5 25/93/5
f 46/100/4 45/99/4 44/98/4 43/97/4
f 43/104/1 44/103/1 48/102/1 47/101/1
f 47/108/2 48/107/2 50/106/2 49/105/2
f 49/112/3 50/111/3 45/110/3 46/109/3
f 45/116/5 50/115/5 48/114/5 44/113/5
f 54/120/4 53/119/4 52/118/4 51/117/4
f 51/124/1 52/123/1 56/122/1 55/121/1
f 55/128/2 56/127/2 58/126/2 57/125/2
f 57/132/3 58/131/3 53/130/3 54/129/3
f 53/136/5 58/135/5 56/134/5 52/133/5
f 62/140/4 61/139/4 60/138/4 59/137/4
f 59/144/1 60/143/1 64/142/1 63/141/1
f 63/148/2 64/147/2 66/146/2 65/145/2
f 65/152/3 66/151/3 61/150/3 62/149/3
f 61/156/5 66/155/5 64/154/5 60/153/5
f 70/160/4 69/159/4 68/158/4 67/157/4
f 67/164/1 68/163/1 72/162/1 71/161/1
f 71/168/2 72/167/2 74/166/2 73/165/2
f 73/172/3 74/171/3 69/170/3 70/169/3
f 69/176/5 74/175/5 72/174/5 68/173/5
f 78/180/4 77/179/4 76/178/4 75/177/4
f 75/184/1 76/183/1 80/182/1 79/181/1
f 79/188/2 80/187/2 82/186/2 81/185/2
f 81/192/3 82/191/3 77/190/3 78/189/3
f 77/196/5 82/195/5 80/194/5 76/193/5
f 86/200/4 85/199/4 84/198/4 83/197/4
f 83/204/1 84/203/1 88/202/1 87/201/1
f 87/208/2 88/207/2 90/206/2 89/205/2
f 89/212/3 90/211/3 85/210/3 86/209/3
f 85/216/5 90/215/5 88/214/5 84/213/5
f 94/220/4 93/219/4 92/218/4 91/217/4
f 91/224/1 92/223/1 96/222/1 95/221/1
f 95/228/2 96/227/2 98/226/2 97/225/2
f 97/232/3 98/231/3 93/230/3 94/229/3
f 93/236/5 98/235/5 96/234/5 92/233/5
f 73/240/6 70/239/6 67/238/6 71/237/6
f 81/244/6 78/243/6 75/242/6 79/241/6
f 89/248/6 86/247/6 83/246/6 87/245/6
f 97/252/6 94/251/6 91/250/6 95/249/6
f 102/256/4 101/255/4 100/254/4 99/253/4
f 99/260/1 100/259/1 104/258/1 103/257/1
f 103/264/2 104/263/2 106/262/2 105/261/2
f 105/268/3 106/267/3 101/266/3 102/265/3
f 101/272/5 106/271/5 104/270/5 100/269/5
f 110/276/4 109/275/4 108/274/4 107/273/4
f 107/280/1 108/279/1 112/278/1 111/277/1
f 111/284/2 112/283/2 114/282/2 113/281/2
f 113/288/3 114/287/3 109/286/3 110/285/3
f 109/292/5 114/291/5 112/290/5 108/289/5
f 118/296/4 117/295/4 116/294/4 115/293/4
f 115/300/1 116/299/1 120/298/1 119/297/1
f 119/304/2 120/303/2 122/302/2 121/301/2
f 121/308/3 122/307/3 117/306/3 118/305/3
f 117/312/5 122/311/5 120/310/5 116/309/5
f 126/316/4 125/315/4 124/314/4 123/313/4
f 125/320/3 128/319/3 127/318/3 124/317/3
f 128/324/2 130/323/2 129/322/2 127/321/2
f 130/328/1 126/327/1 123/326/1 129/325/1
f 123/332/5 124/331/5 127/330/5 129/329/5
f 134/336/4 133/335/4 132/334/4 131/333/4
f 131/340/1 132/339/1 136/338/1 135/337/1
f 135/344/2 136/343/2 138/342/2 137/341/2
f 137/348/3 138/347/3 133/346/3 134/345/3
f 133/352/5 138/351/5 136/350/5 132/349/5
f 142/356/4 141/355/4 140/354/4 139/353/4
f 139/360/1 140/359/1 144/358/1 143/357/1
f 143/364/2 144/363/2 146/362/2 145/361/2
f 145/368/3 146/367/3 141/366/3 142/365/3
f 141/372/5 146/371/5 144/370/5 140/369/5
f 150/376/4 149/375/4 148/374/4 147/373/4
f 147/380/1 148/379/1 152/378/1 151/377/1
f 151/384/2 152/383/2 154/382/2 153/381/2
f 153/388/3 154/387/3 149/386/3 150/385/3
f 149/392/5 154/391/5 152/390/5 148/389/5
f 158/396/4 157/395/4 156/394/4 155/393/4
f 155/400/1 156/399/1 160/398/1 159/397/1
f 159/404/2 160/403/2 162/402/2 161/401/2
f 161/408/3 162/407/3 157/406/3 158/405/3
f 157/412/5 162/411/5 160/410/5 156/409/5
f 166/416/4 165/415/4 164/414/4 163/413/4
f 163/420/1 164/419/1 168/418/1 167/417/1
f 167/424/2 168/423/2 170/422/2 169/421/2
f 169/428/3 170/427/3 165/426/3 166/425/3
f 165/432/5 170/431/5 168/430/5 164/429/5
f 145/436/6 142/435/6 139/434/6 143/433/6
f 153/440/6 150/439/6 147/438/6 151/437/6
f 161/444/6 158/443/6 155/442/6 159/441/6
f 169/448/6 166/447/6 163/446/6 167/445/6
f 174/452/4 173/451/4 172/450/4 171/449/4
f 171/456/1 172/455/1 176/454/1 175/453/1
f 175/460/2 176/459/2 178/458/2 177/457/2
f 177/464/3 178/463/3 173/462/3 174/461/3
f 173/468/5 178/467/5 176/466/5 172/465/5
f 182/472/4 181/471/4 180/470/4 179/469/4
f 181/476/3 184/475/3 183/474/3 180/473/3
f 184/480/2 186/479/2 185/478/2 183/477/2
f 186/484/1 182/483/1 179/482/1 185/481/1
f 179/488/5 180/487/5 183/486/5 185/485/5
f 190/492/4 189/491/4 188/490/4 187/489/4
f 187/496/1 188/495/1 192/494/1 191/493/1
f 191/500/2 192/499/2 194/498/2 193/497/2
f 193/504/3 194/503/3 189/502/3 190/501/3
f 189/508/5 194/507/5 192/506/5 188/505/5
f 198/512/4 197/511/4 196/510/4 195/509/4
f 197/516/3 200/515/3 199/514/3 196/513/3
f 200/520/2 202/519/2 201/518/2 199/517/2
f 202/524/1 198/523/1 195/522/1 201/521/1
f 195/528/5 196/527/5 199/526/5 201/525/5
f 206/532/4 205/531/4 204/530/4 203/529/4
f 203/536/1 204/535/1 208/534/1 207/533/1
f 207/540/2 208/539/2 210/538/2 209/537/2
f 209/544/3 210/543/3 205/542/3 206/541/3
f 205/548/5 210/547/5 208/546/5 204/545/5
f 214/552/4 213/551/4 212/550/4 211/549/4
f 213/556/3 216/555/3 215/554/3 212/553/3
f 216/560/2 218/559/2 217/558/2 215/557/2
f 218/564/1 214/563/1 211/562/1 217/561/1
f 211/568/5 212/567/5 215/566/5 217/565/5
f 222/572/4 221/571/4 220/570/4 219/569/4
f 219/576/1 220/575/1 224/574/1 223/573/1
f 223/580/2 224/579/2 226/578/2 225/577/2
f 225/584/3 226/583/3 221/582/3 222/581/3
f 221/588/5 226/587/5 224/586/5 220/585/5
f 230/592/4 229/591/4 228/590/4 227/589/4
f 229/596/3 232/595/3 231/594/3 228/593/3
f 232/600/2 234/599/2 233/598/2 231/597/2
f 234/604/1 230/603/1 227/602/1 233/601/1
f 227/608/5 228/607/5 231/606/5 233/605/5
f 238/612/4 237/611/4 236/610/4 235/609/4
f 235/616/1 236/615/1 240/614/1 239/613/1
f 239/620/2 240/619/2 242/618/2 241/617/2
f 241/624/3 242/623/3 237/622/3 238/621/3
f 237/628/5 242/627/5 240/626/5 236/625/5
f 246/632/4 245/631/4 244/630/4 243/629/4
f 243/636/1 244/635/1 248/634/1 247/633/1
f 247/640/2 248/639/2 250/638/2 249/637/2
f 249/644/3 250/643/3 245/642/3 246/641/3
f 245/648/5 250/647/5 248/646/5 244/645/5
f 254/652/4 253/651/4 252/650/4 251/649/4
f 251/656/1 252/655/1 256/654/1 255/653/1
f 255/660/2 256/659/2 258/658/2 257/657/2
f 257/664/3 258/663/3 253/662/3 254/661/3
f 253/668/5 258/667/5 256/666/5 252/665/5
f 262/672/4 261/671/4 260/670/4 259/669/4
f 259/676/1 260/675/1 264/674/1 263/673/1
f 263/680/2 264/679/2 266/678/2 265/677/2
f 265/684/3 266/683/3 261/682/3 262/681/3
f 261/688/5 266/687/5 264/686/5 260/685/5
f 241/692/6 238/691/6 235/690/6 239/689/6
f 249/696/6 246/695/6 243/694/6 247/693/6
f 257/700/6 254/699/6 251/698/6 255/697/6
f 265/704/6 262/703/6 259/702/6 263/701/6
f 270/708/7 269/707/7 268/706/7 267/705/7
f 274/712/5 273/711/5 272/710/5 271/709/5
f 268/716/6 269/715/6 276/714/6 275/713/6
f 280/720/6 279/719/6 278/718/6 277/717/6
f 282/724/5 281/723/5 270/722/5 267/721/5
f 286/728/8 285/727/8 284/726/8 283/725/8
f 288/732/9 287/731/9 274/730/9 271/729/9
f 283/736/6 284/735/6 287/734/6 288/733/6
f 290/740/5 289/739/5 285/738/5 286/737/5
f 294/744/10 293/743/10 292/742/10 291/741/10
f 291/748/11 292/747/11 296/746/11 295/745/11
f 295/752/12 296/751/12 298/750/12 297/749/12
f 297/756/13 298/755/13 293/754/13 294/753/13
f 293/760/5 298/759/5 296/758/5 292/757/5
f 302/764/14 301/763/14 300/762/14 299/761/14
f 301/768/15 304/767/15 303/766/15 300/765/15
f 304/772/12 306/771/12 305/770/12 303/769/12
f 306/776/16 302/775/16 299/774/16 305/773/16
f 299/780/5 300/779/5 303/778/5 305/777/5
f 279/784/17 280/783/17 272/782/17 273/781/17
f 281/788/18 282/787/18 277/786/18 278/785/18
f 290/792/9 275/791/9 276/790/9 289/789/9
f 267/796/19 268/795/19 308/794/19 307/793/19
f 271/800/5 272/799/5 310/798/5 309/797/5
f 308/804/6 268/803/6 275/802/6 311/801/6
f 313/808/6 280/807/6 277/806/6 312/805/6
f 314/812/5 282/811/5 267/810/5 307/809/5
f 316/816/20 286/815/20 283/814/20 315/813/20
f 317/820/21 288/819/21 271/818/21 309/817/21
f 315/824/6 283/823/6 288/822/6 317/821/6
f 318/828/5 290/827/5 286/826/5 316/825/5
f 280/832/22 313/831/22 310/830/22 272/829/22
f 282/836/23 314/835/23 312/834/23 277/833/23
f 318/840/21 311/839/21 275/838/21 290/837/21
f 307/844/24 308/843/24 320/842/24 319/841/24
f 309/848/5 310/847/5 322/846/5 321/845/5
f 320/852/6 308/851/6 311/850/6 323/849/6
f 325/856/6 313/855/6 312/854/6 324/853/6
f 326/860/5 314/859/5 307/858/5 319/857/5
f 328/864/25 316/863/25 315/862/25 327/861/25
f 329/868/25 317/867/25 309/866/25 321/865/25
f 327/872/6 315/871/6 317/870/6 329/869/6
f 330/876/5 318/875/5 316/874/5 328/873/5
f 334/880/26 333/879/26 332/878/26 331/877/26
f 333/884/27 336/883/27 335/882/27 332/881/27
f 336/888/28 338/887/28 337/886/28 335/885/28
f 338/892/29 334/891/29 331/890/29 337/889/29
f 331/896/5 332/895/5 335/894/5 337/893/5
f 342/900/30 341/899/30 340/898/30 339/897/30
f 339/904/31 340/903/31 344/902/31 343/901/31
f 343/908/32 344/907/32 346/906/32 345/905/32
f 345/912/33 346/911/33 341/910/33 342/909/33
f 341/916/5 346/915/5 344/914/5 340/913/5
f 345/920/6 342/919/6 339/918/6 343/917/6
f 313/924/24 325/923/24 322/922/24 310/921/24
f 314/928/34 326/927/34 324/926/34 312/925/34
f 330/932/25 323/931/25 311/930/25 318/929/25
f 319/936/35 320/935/35 348/934/35 347/933/35
f 321/940/5 322/939/5 350/938/5 349/937/5
f 348/944/6 320/943/6 323/942/6 351/941/6
f 353/948/6 325/947/6 324/946/6 352/945/6
f 354/952/5 326/951/5 319/950/5 347/949/5
f 356/956/36 328/955/36 327/954/36 355/953/36
f 357/960/36 329/959/36 321/958/36 349/957/36
f 355/964/6 327/963/6 329/962/6 357/961/6
f 358/968/5 330/967/5 328/966/5 356/965/5
f 362/972/37 361/971/37 360/970/37 359/969/37
f 366/976/38 365/975/38 364/974/38 363/973/38
f 370/980/39 369/979/39 368/978/39 367/977/39
f 374/984/40 373/983/40 372/982/40 371/981/40
f 373/988/41 376/987/41 375/986/41 372/985/41
f 376/992/42 378/991/42 377/990/42 375/989/42
f 378/996/43 374/995/43 371/994/43 377/993/43
f 371/1000/5 372/999/5 375/998/5 377/997/5
f 382/1004/44 381/1003/44 380/1002/44 379/1001/44
f 379/1008/45 380/1007/45 384/1006/45 383/1005/45
f 383/1012/46 384/1011/46 386/1010/46 385/1009/46
f 385/1016/47 386/1015/47 381/1014/47 382/1013/47
f 381/1020/5 386/1019/5 384/1018/5 380/1017/5
f 385/1024/6 382/1023/6 379/1022/6 383/1021/6
f 362/1028/5 388/1027/5 387/1026/5 361/1025/5
f 392/1032/6 391/1031/6 390/1030/6 389/1029/6
f 391/1036/48 394/1035/48 393/1034/48 390/1033/48
f 388/1040/49 392/1039/49 389/1038/49 387/1037/49
f 363/1044/5 396/1043/5 395/1042/5 366/1041/5
f 367/1048/6 364/1047/6 365/1046/6 370/1045/6
f 398/1052/6 359/1051/6 360/1050/6 397/1049/6
f 393/1056/5 394/1055/5 368/1054/5 369/1053/5
f 395/1060/50 396/1059/50 398/1058/50 397/1057/50
f 325/1064/35 353/1063/35 350/1062/35 322/1061/35
f 326/1068/51 354/1067/51 352/1066/51 324/1065/51
f 358/1072/36 351/1071/36 323/1070/36 330/1069/36
f 347/1076/52 348/1075/52 400/1074/52 399/1073/52
f 349/1080/5 350/1079/5 402/1078/5 401/1077/5
f 400/1084/6 348/1083/6 351/1082/6 403/1081/6
f 405/1088/6 353/1087/6 352/1086/6 404/1085/6
f 406/1092/5 354/1091/5 347/1090/5 399/1089/5
f 408/1096/53 356/1095/53 355/1094/53 407/1093/53
f 409/1100/53 357/1099/53 349/1098/53 401/1097/53
f 407/1104/6 355/1103/6 357/1102/6 409/1101/6
f 410/1108/5 358/1107/5 356/1106/5 408/1105/5
f 412/1112/54 362/1111/54 359/1110/54 411/1109/54
f 363/1116/55 364/1115/55 414/1114/55 413/1113/55
f 367/1120/56 368/1119/56 416/1118/56 415/1117/56
f 420/1124/57 419/1123/57 418/1122/57 417/1121/57
f 419/1128/58 422/1127/58 421/1126/58 418/1125/58
f 422/1132/59 424/1131/59 423/1130/59 421/1129/59
f 424/1136/60 420/1135/60 417/1134/60 423/1133/60
f 417/1140/5 418/1139/5 421/1138/5 423/1137/5
f 428/1144/61 427/1143/61 426/1142/61 425/1141/61
f 425/1148/62 426/1147/62 430/1146/62 429/1145/62
f 429/1152/63 430/1151/63 432/1150/63 431/1149/63
f 431/1156/64 432/1155/64 427/1154/64 428/1153/64
f 427/1160/5 432/1159/5 430/1158/5 426/1157/5
f 431/1164/6 428/1163/6 425/1162/6 429/1161/6
f 412/1168/5 433/1167/5 388/1166/5 362/1165/5
f 435/1172/6 434/1171/6 391/1170/6 392/1169/6
f 434/1176/65 436/1175/65 394/1174/65 391/1173/65
f 433/1180/66 435/1179/66 392/1178/66 388/1177/66
f 413/1184/5 437/1183/5 396/1182/5 363/1181/5
f 415/1188/6 414/1187/6 364/1186/6 367/1185/6
f 438/1192/6 411/1191/6 359/1190/6 398/1189/6
f 394/1196/5 436/1195/5 416/1194/5 368/1193/5
f 396/1200/67 437/1199/67 438/1198/67 398/1197/67
f 353/1204/52 405/1203/52 402/1202/52 350/1201/52
f 354/1208/68 406/1207/68 404/1206/68 352/1205/68
f 410/1212/53 403/1211/53 351/1210/53 358/1209/53
f 399/1216/69 400/1215/69 440/1214/69 439/1213/69
f 401/1220/5 402/1219/5 442/1218/5 441/1217/5
f 440/1224/6 400/1223/6 403/1222/6 443/1221/6
f 445/1228/6 405/1227/6 404/1226/6 444/1225/6
f 446/1232/5 406/1231/5 399/1230/5 439/1229/5
f 448/1236/70 408/1235/70 407/1234/70 447/1233/70
f 449/1240/70 409/1239/70 401/1238/70 441/1237/70
f 447/1244/6 407/1243/6 409/1242/6 449/1241/6
f 450/1248/5 410/1247/5 408/1246/5 448/1245/5
f 452/1252/71 412/1251/71 411/1250/71 451/1249/71
f 413/1256/72 414/1255/72 454/1254/72 453/1253/72
f 415/1260/73 416/1259/73 456/1258/73 455/1257/73
f 460/1264/74 459/1263/74 458/1262/74 457/1261/74
f 459/1268/75 462/1267/75 461/1266/75 458/1265/75
f 462/1272/76 464/1271/76 463/1270/76 461/1269/76
f 464/1276/77 460/1275/77 457/1274/77 463/1273/77
f 457/1280/5 458/1279/5 461/1278/5 463/1277/5
f 468/1284/78 467/1283/78 466/1282/78 465/1281/78
f 465/1288/79 466/1287/79 470/1286/79 469/1285/79
f 469/1292/80 470/1291/80 472/1290/80 471/1289/80
f 471/1296/81 472/1295/81 467/1294/81 468/1293/81
f 467/1300/5 472/1299/5 470/1298/5 466/1297/5
f 471/1304/6 468/1303/6 465/1302/6 469/1301/6
f 452/1308/5 473/1307/5 433/1306/5 412/1305/5
f 475/1312/6 474/1311/6 434/1310/6 435/1309/6
f 474/1316/82 476/1315/82 436/1314/82 434/1313/82
f 473/1320/83 475/1319/83 435/1318/83 433/1317/83
f 453/1324/5 477/1323/5 437/1322/5 413/1321/5
f 455/1328/6 454/1327/6 414/1326/6 415/1325/6
f 478/1332/6 451/1331/6 411/1330/6 438/1329/6
f 436/1336/5 476/1335/5 456/1334/5 416/1333/5
f 437/1340/84 477/1339/84 478/1338/84 438/1337/84
f 405/1344/85 445/1343/85 442/1342/85 402/1341/85
f 406/1348/86 446/1347/86 444/1346/86 404/1345/86
f 450/1352/70 443/1351/70 403/1350/70 410/1349/70
f 439/1356/87 440/1355/87 480/1354/87 479/1353/87
f 441/1360/5 442/1359/5 482/1358/5 481/1357/5
f 480/1364/6 440/1363/6 443/1362/6 483/1361/6
f 485/1368/6 445/1367/6 444/1366/6 484/1365/6
f 486/1372/5 446/1371/5 439/1370/5 479/1369/5
f 488/1376/88 448/1375/88 447/1374/88 487/1373/88
f 489/1380/88 449/1379/88 441/1378/88 481/1377/88
f 487/1384/6 447/1383/6 449/1382/6 489/1381/6
f 490/1388/5 450/1387/5 448/1386/5 488/1385/5
f 492/1392/89 452/1391/89 451/1390/89 491/1389/89
f 453/1396/90 454/1395/90 494/1394/90 493/1393/90
f 455/1400/91 456/1399/91 496/1398/91 495/1397/91
f 500/1404/92 499/1403/92 498/1402/92 497/1401/92
f 497/1408/93 498/1407/93 502/1406/93 501/1405/93
f 501/1412/94 502/1411/94 504/1410/94 503/1409/94
f 503/1416/95 504/1415/95 499/1414/95 500/1413/95
f 499/1420/5 504/1419/5 502/1418/5 498/1417/5
f 508/1424/92 507/1423/92 506/1422/92 505/1421/92
f 507/1428/96 510/1427/96 509/1426/96 506/1425/96
f 510/1432/94 512/1431/94 511/1430/94 509/1429/94
f 512/1436/97 508/1435/97 505/1434/97 511/1433/97
f 505/1440/5 506/1439/5 509/1438/5 511/1437/5
f 516/1444/98 515/1443/98 514/1442/98 513/1441/98
f 513/1448/99 514/1447/99 518/1446/99 517/1445/99
f 517/1452/100 518/1451/100 520/1450/100 519/1449/100
f 519/1456/101 520/1455/101 515/1454/101 516/1453/101
f 515/1460/5 520/1459/5 518/1458/5 514/1457/5
f 519/1464/6 516/1463/6 513/1462/6 517/1461/6
f 492/1468/5 521/1467/5 473/1466/5 452/1465/5
f 523/1472/6 522/1471/6 474/1470/6 475/1469/6
f 522/1476/102 524/1475/102 476/1474/102 474/1473/102
f 521/1480/89 523/1479/89 475/1478/89 473/1477/89
f 493/1484/5 525/1483/5 477/1482/5 453/1481/5
f 495/1488/6 494/1487/6 454/1486/6 455/1485/6
f 526/1492/6 491/1491/6 451/1490/6 478/1489/6
f 476/1496/5 524/1495/5 496/1494/5 456/1493/5
f 477/1500/90 525/1499/90 526/1498/90 478/1497/90
f 445/1504/103 485/1503/103 482/1502/103 442/1501/103
f 446/1508/95 486/1507/95 484/1506/95 444/1505/95
f 490/1512/88 483/1511/88 443/1510/88 450/1509/88
f 479/1516/104 480/1515/104 528/1514/104 527/1513/104
f 481/1520/5 482/1519/5 530/1518/5 529/1517/5
f 528/1524/6 480/1523/6 483/1522/6 531/1521/6
f 533/1528/6 485/1527/6 484/1526/6 532/1525/6
f 534/1532/5 486/1531/5 479/1530/5 527/1529/5
f 536/1536/105 488/1535/105 487/1534/105 535/1533/105
f 537/1540/105 489/1539/105 481/1538/105 529/1537/105
f 535/1544/6 487/1543/6 489/1542/6 537/1541/6
f 538/1548/5 490/1547/5 488/1546/5 536/1545/5
f 540/1552/106 492/1551/106 491/1550/106 539/1549/106
f 493/1556/107 494/1555/107 542/1554/107 541/1553/107
f 495/1560/108 496/1559/108 544/1558/108 543/1557/108
f 548/1564/109 547/1563/109 546/1562/109 545/1561/109
f 545/1568/110 546/1567/110 550/1566/110 549/1565/110
f 549/1572/111 550/1571/111 552/1570/111 551/1569/111
f 551/1576/112 552/1575/112 547/1574/112 548/1573/112
f 547/1580/5 552/1579/5 550/1578/5 546/1577/5
f 556/1584/109 555/1583/109 554/1582/109 553/1581/109
f 555/1588/113 558/1587/113 557/1586/113 554/1585/113
f 558/1592/111 560/1591/111 559/1590/111 557/1589/111
f 560/1596/114 556/1595/114 553/1594/114 559/1593/114
f 553/1600/5 554/1599/5 557/1598/5 559/1597/5
f 564/1604/115 563/1603/115 562/1602/115 561/1601/115
f 561/1608/116 562/1607/116 566/1606/116 565/1605/116
f 565/1612/117 566/1611/117 568/1610/117 567/1609/117
f 567/1616/118 568/1615/118 563/1614/118 564/1613/118
f 563/1620/5 568/1619/5 566/1618/5 562/1617/5
f 567/1624/6 564/1623/6 561/1622/6 565/1621/6
f 540/1628/5 569/1627/5 521/1626/5 492/1625/5
f 571/1632/6 570/1631/6 522/1630/6 523/1629/6
f 570/1636/119 572/1635/119 524/1634/119 522/1633/119
f 569/1640/119 571/1639/119 523/1638/119 521/1637/119
f 541/1644/5 573/1643/5 525/1642/5 493/1641/5
f 543/1648/6 542/1647/6 494/1646/6 495/1645/6
f 574/1652/6 539/1651/6 491/1650/6 526/1649/6
f 524/1656/5 572/1655/5 544/1654/5 496/1653/5
f 525/1660/120 573/1659/120 574/1658/120 526/1657/120
f 485/1664/104 533/1663/104 530/1662/104 482/1661/104
f 486/1668/121 534/1667/121 532/1666/121 484/1665/121
f 538/1672/105 531/1671/105 483/1670/105 490/1669/105
f 527/1676/122 528/1675/122 576/1674/122 575/1673/122
f 529/1680/5 530/1679/5 578/1678/5 577/1677/5
f 576/1684/6 528/1683/6 531/1682/6 579/1681/6
f 581/1688/6 533/1687/6 532/1686/6 580/1685/6
f 582/1692/5 534/1691/5 527/1690/5 575/1689/5
f 584/1696/123 536/1695/123 535/1694/123 583/1693/123
f 585/1700/123 537/1699/123 529/1698/123 577/1697/123
f 583/1704/6 535/1703/6 537/1702/6 585/1701/6
f 586/1708/5 538/1707/5 536/1706/5 584/1705/5
f 590/1712/4 589/1711/4 588/1710/4 587/1709/4
f 587/1709/4 592/1714/4 591/1713/4 590/1712/4
f 596/1718/4 595/1717/4 594/1716/4 593/1715/4
f 594/1716/4 598/1720/4 597/1719/4 593/1715/4
f 589/1711/4 590/1712/4 593/1715/4 597/1719/4
f 602/1724/124 601/1723/124 600/1722/124 599/1721/124
f 601/1728/125 604/1727/125 603/1726/125 600/1725/125
f 604/1732/126 606/1731/126 605/1730/126 603/1729/126
f 606/1736/127 602/1735/127 599/1734/127 605/1733/127
f 599/1740/5 600/1739/5 603/1738/5 605/1737/5
f 610/1744/128 609/1743/128 608/1742/128 607/1741/128
f 607/1748/129 608/1747/129 612/1746/129 611/1745/129
f 611/1752/130 612/1751/130 614/1750/130 613/1749/130
f 613/1756/131 614/1755/131 609/1754/131 610/1753/131
f 609/1760/5 614/1759/5 612/1758/5 608/1757/5
f 613/1764/6 610/1763/6 607/1762/6 611/1761/6
f 533/1768/132 581/1767/132 578/1766/132 530/1765/132
f 534/1772/133 582/1771/133 580/1770/133 532/1769/133
f 586/1776/123 579/1775/123 531/1774/123 538/1773/123
f 575/1780/134 576/1779/134 616/1778/134 615/1777/134
f 577/1784/5 578/1783/5 618/1782/5 617/1781/5
f 616/1788/6 576/1787/6 579/1786/6 619/1785/6
f 621/1792/6 581/1791/6 580/1790/6 620/1789/6
f 622/1796/5 582/1795/5 575/1794/5 615/1793/5
f 624/1800/135 584/1799/135 583/1798/135 623/1797/135
f 625/1804/135 585/1803/135 577/1802/135 617/1801/135
f 623/1808/6 583/1807/6 585/1806/6 625/1805/6
f 626/1812/5 586/1811/5 584/1810/5 624/1809/5
f 630/1816/136 629/1815/136 628/1814/136 627/1813/136
f 634/1820/137 633/1819/137 632/1818/137 631/1817/137
f 638/1824/137 637/1823/137 636/1822/137 635/1821/137
f 642/1828/138 641/1827/138 640/1826/138 639/1825/138
f 639/1832/139 640/1831/139 644/1830/139 643/1829/139
f 643/1836/140 644/1835/140 646/1834/140 645/1833/140
f 645/1840/141 646/1839/141 641/1838/141 642/1837/141
f 641/1844/5 646/1843/5 644/1842/5 640/1841/5
f 650/1848/142 649/1847/142 648/1846/142 647/1845/142
f 649/1852/143 652/1851/143 651/1850/143 648/1849/143
f 652/1856/140 654/1855/140 653/1854/140 651/1853/140
f 654/1860/144 650/1859/144 647/1858/144 653/1857/144
f 647/1864/5 648/1863/5 651/1862/5 653/1861/5
f 658/1868/145 657/1867/145 656/1866/145 655/1865/145
f 655/1872/146 656/1871/146 660/1870/146 659/1869/146
f 659/1876/147 660/1875/147 662/1874/147 661/1873/147
f 661/1880/148 662/1879/148 657/1878/148 658/1877/148
f 657/1884/5 662/1883/5 660/1882/5 656/1881/5
f 661/1888/6 658/1887/6 655/1886/6 659/1885/6
f 630/1892/5 664/1891/5 663/1890/5 629/1889/5
f 668/1896/6 667/1895/6 666/1894/6 665/1893/6
f 667/1900/149 670/1899/149 669/1898/149 666/1897/149
f 664/1904/136 668/1903/136 665/1902/136 663/1901/136
f 631/1908/5 672/1907/5 671/1906/5 634/1905/5
f 635/1912/6 632/1911/6 633/1910/6 638/1909/6
f 674/1916/6 627/1915/6 628/1914/6 673/1913/6
f 669/1920/5 670/1919/5 636/1918/5 637/1917/5
f 671/1924/150 672/1923/150 674/1922/150 673/1921/150
f 581/1928/151 621/1927/151 618/1926/151 578/1925/151
f 582/1932/152 622/1931/152 620/1930/152 580/1929/152
f 626/1936/135 619/1935/135 579/1934/135 586/1933/135
f 615/1940/153 616/1939/153 676/1938/153 675/1937/153
f 617/1944/5 618/1943/5 678/1942/5 677/1941/5
f 676/1948/6 616/1947/6 619/1946/6 679/1945/6
f 681/1952/6 621/1951/6 620/1950/6 680/1949/6
f 682/1956/5 622/1955/5 615/1954/5 675/1953/5
f 684/1960/154 624/1959/154 623/1958/154 683/1957/154
f 685/1964/155 625/1963/155 617/1962/155 677/1961/155
f 683/1968/6 623/1967/6 625/1966/6 685/1965/6
f 686/1972/5 626/1971/5 624/1970/5 684/1969/5
f 688/1976/156 630/1975/156 627/1974/156 687/1973/156
f 631/1980/157 632/1979/157 690/1978/157 689/1977/157
f 635/1984/158 636/1983/158 692/1982/158 691/1981/158
f 696/1988/159 695/1987/159 694/1986/159 693/1985/159
f 693/1992/160 694/1991/160 698/1990/160 697/1989/160
f 697/1996/161 698/1995/161 700/1994/161 699/1993/161
f 699/2000/162 700/1999/162 695/1998/162 696/1997/162
f 695/2004/5 700/2003/5 698/2002/5 694/2001/5
f 704/2008/159 703/2007/159 702/2006/159 701/2005/159
f 703/2012/163 706/2011/163 705/2010/163 702/2009/163
f 706/2016/161 708/2015/161 707/2014/161 705/2013/161
f 708/2020/164 704/2019/164 701/2018/164 707/2017/164
f 701/2024/5 702/2023/5 705/2022/5 707/2021/5
f 712/2028/165 711/2027/165 710/2026/165 709/2025/165
f 709/2032/166 710/2031/166 714/2030/166 713/2029/166
f 713/2036/167 714/2035/167 716/2034/167 715/2033/167
f 715/2040/168 716/2039/168 711/2038/168 712/2037/168
f 711/2044/5 716/2043/5 714/2042/5 710/2041/5
f 715/2048/6 712/2047/6 709/2046/6 713/2045/6
f 688/2052/5 717/2051/5 664/2050/5 630/2049/5
f 719/2056/6 718/2055/6 667/2054/6 668/2053/6
f 718/2060/169 720/2059/169 670/2058/169 667/2057/169
f 717/2064/169 719/2063/169 668/2062/169 664/2061/169
f 689/2068/5 721/2067/5 672/2066/5 631/2065/5
f 691/2072/6 690/2071/6 632/2070/6 635/2069/6
f 722/2076/6 687/2075/6 627/2074/6 674/2073/6
f 670/2080/5 720/2079/5 692/2078/5 636/2077/5
f 672/2084/157 721/2083/157 722/2082/157 674/2081/157
f 621/2088/170 681/2087/170 678/2086/170 618/2085/170
f 622/2092/171 682/2091/171 680/2090/171 620/2089/171
f 686/2096/155 679/2095/155 619/2094/155 626/2093/155
f 675/2100/172 676/2099/172 724/2098/172 723/2097/172
f 677/2104/5 678/2103/5 726/2102/5 725/2101/5
f 724/2108/6 676/2107/6 679/2106/6 727/2105/6
f 729/2112/6 681/2111/6 680/2110/6 728/2109/6
f 730/2116/5 682/2115/5 675/2114/5 723/2113/5
f 732/2120/173 684/2119/173 683/2118/173 731/2117/173
f 733/2124/173 685/2123/173 677/2122/173 725/2121/173
f 731/2128/6 683/2127/6 685/2126/6 733/2125/6
f 734/2132/5 686/2131/5 684/2130/5 732/2129/5
f 736/2136/174 688/2135/174 687/2134/174 735/2133/174
f 689/2140/175 690/2139/175 738/2138/175 737/2137/175
f 691/2144/175 692/2143/175 740/2142/175 739/2141/175
f 744/2148/176 743/2147/176 742/2146/176 741/2145/176
f 741/2152/177 742/2151/177 746/2150/177 745/2149/177
f 745/2156/178 746/2155/178 748/2154/178 747/2153/178
f 747/2160/179 748/2159/179 743/2158/179 744/2157/179
f 743/2164/5 748/2163/5 746/2162/5 742/2161/5
f 752/2168/180 751/2167/180 750/2166/180 749/2165/180
f 751/2172/181 754/2171/181 753/2170/181 750/2169/181
f 754/2176/182 756/2175/182 755/2174/182 753/2173/182
f 756/2180/183 752/2179/183 749/2178/183 755/2177/183
f 749/2184/5 750/2183/5 753/2182/5 755/2181/5
f 760/2188/184 759/2187/184 758/2186/184 757/2185/184
f 757/2192/185 758/2191/185 762/2190/185 761/2189/185
f 761/2196/186 762/2195/186 764/2194/186 763/2193/186
f 763/2200/187 764/2199/187 759/2198/187 760/2197/187
f 759/2204/5 764/2203/5 762/2202/5 758/2201/5
f 763/2208/6 760/2207/6 757/2206/6 761/2205/6
f 736/2212/5 765/2211/5 717/2210/5 688/2209/5
f 767/2216/6 766/2215/6 718/2214/6 719/2213/6
f 766/2220/188 768/2219/188 720/2218/188 718/2217/188
f 765/2224/189 767/2223/189 719/2222/189 717/2221/189
f 737/2228/5 769/2227/5 721/2226/5 689/2225/5
f 739/2232/6 738/2231/6 690/2230/6 691/2229/6
f 770/2236/6 735/2235/6 687/2234/6 722/2233/6
f 720/2240/5 768/2239/5 740/2238/5 692/2237/5
f 721/2244/175 769/2243/175 770/2242/175 722/2241/175
f 681/2248/172 729/2247/172 726/2246/172 678/2245/172
f 682/2252/190 730/2251/190 728/2250/190 680/2249/190
f 734/2256/173 727/2255/173 679/2254/173 686/2253/173
f 723/2260/191 724/2259/191 772/2258/191 771/2257/191
f 725/2264/5 726/2263/5 774/2262/5 773/2261/5
f 772/2268/6 724/2267/6 727/2266/6 775/2265/6
f 777/2272/6 729/2271/6 728/2270/6 776/2269/6
f 778/2276/5 730/2275/5 723/2274/5 771/2273/5
f 780/2280/192 732/2279/192 731/2278/192 779/2277/192
f 781/2284/192 733/2283/192 725/2282/192 773/2281/192
f 779/2288/6 731/2287/6 733/2286/6 781/2285/6
f 782/2292/5 734/2291/5 732/2290/5 780/2289/5
f 784/2296/193 736/2295/193 735/2294/193 783/2293/193
f 737/2300/194 738/2299/194 786/2298/194 785/2297/194
f 739/2304/195 740/2303/195 788/2302/195 787/2301/195
f 792/2308/196 791/2307/196 790/2306/196 789/2305/196
f 789/2312/197 790/2311/197 794/2310/197 793/2309/197
f 793/2316/198 794/2315/198 796/2314/198 795/2313/198
f 795/2320/199 796/2319/199 791/2318/199 792/2317/199
f 791/2324/5 796/2323/5 794/2322/5 790/2321/5
f 800/2328/196 799/2327/196 798/2326/196 797/2325/196
f 799/2332/200 802/2331/200 801/2330/200 798/2329/200
f 802/2336/198 804/2335/198 803/2334/198 801/2333/198
f 804/2340/201 800/2339/201 797/2338/201 803/2337/201
f 797/2344/5 798/2343/5 801/2342/5 803/2341/5
f 808/2348/202 807/2347/202 806/2346/202 805/2345/202
f 805/2352/203 806/2351/203 810/2350/203 809/2349/203
f 809/2356/204 810/2355/204 812/2354/204 811/2353/204
f 811/2360/205 812/2359/205 807/2358/205 808/2357/205
f 807/2364/5 812/2363/5 810/2362/5 806/2361/5
f 811/2368/6 808/2367/6 805/2366/6 809/2365/6
f 784/2372/5 813/2371/5 765/2370/5 736/2369/5
f 815/2376/6 814/2375/6 766/2374/6 767/2373/6
f 814/2380/206 816/2379/206 768/2378/206 766/2377/206
f 813/2384/206 815/2383/206 767/2382/206 765/2381/206
f 785/2388/5 817/2387/5 769/2386/5 737/2385/5
f 787/2392/6 786/2391/6 738/2390/6 739/2389/6
f 818/2396/6 783/2395/6 735/2394/6 770/2393/6
f 768/2400/5 816/2399/5 788/2398/5 740/2397/5
f 769/2404/194 817/2403/194 818/2402/194 770/2401/194
f 729/2408/191 777/2407/191 774/2406/191 726/2405/191
f 730/2412/207 778/2411/207 776/2410/207 728/2409/207
f 782/2416/192 775/2415/192 727/2414/192 734/2413/192
f 771/2420/208 772/2419/208 820/2418/208 819/2417/208
f 773/2424/5 774/2423/5 822/2422/209 821/2421/209
f 820/2428/210 772/2427/6 775/2426/6 823/2425/210
f 825/2432/210 777/2431/6 776/2430/6 824/2429/210
f 826/2436/209 778/2435/5 771/2434/5 819/2433/209
f 828/2440/211 780/2439/211 779/2438/211 827/2437/211
f 829/2444/211 781/2443/211 773/2442/211 821/2441/211
f 827/2448/210 779/2447/6 781/2446/6 829/2445/210
f 830/2452/209 782/2451/5 780/2450/5 828/2449/209
f 832/2456/212 784/2455/212 783/2454/212 831/2453/212
f 785/2460/213 786/2459/213 834/2458/213 833/2457/213
f 787/2464/214 788/2463/214 836/2462/214 835/2461/214
f 840/2468/215 839/2467/215 838/2466/215 837/2465/215
f 837/2472/216 838/2471/216 842/2470/216 841/2469/216
f 841/2476/217 842/2475/217 844/2474/217 843/2473/217
f 843/2480/218 844/2479/218 839/2478/218 840/2477/218
f 839/2484/5 844/2483/5 842/2482/5 838/2481/5
f 848/2488/215 847/2487/215 846/2486/215 845/2485/215
f 847/2492/219 850/2491/219 849/2490/219 846/2489/219
f 850/2496/217 852/2495/217 851/2494/217 849/2493/217
f 852/2500/216 848/2499/216 845/2498/216 851/2497/216
f 845/2504/5 846/2503/5 849/2502/5 851/2501/5
f 856/2508/220 855/2507/220 854/2506/220 853/2505/220
f 853/2512/216 854/2511/216 858/2510/216 857/2509/216
f 857/2516/221 858/2515/221 860/2514/221 859/2513/221
f 859/2520/218 860/2519/218 855/2518/218 856/2517/218
f 855/2524/5 860/2523/5 858/2522/5 854/2521/5
f 859/2528/6 856/2527/6 853/2526/6 857/2525/6
f 832/2532/5 861/2531/5 813/2530/5 784/2529/5
f 863/2536/6 862/2535/6 814/2534/6 815/2533/6
f 862/2540/222 864/2539/222 816/2538/222 814/2537/222
f 861/2544/222 863/2543/222 815/2542/222 813/2541/222
f 833/2548/5 865/2547/5 817/2546/5 785/2545/5
f 835/2552/6 834/2551/6 786/2550/6 787/2549/6
f 866/2556/6 831/2555/6 783/2554/6 818/2553/6
f 816/2560/5 864/2559/5 836/2558/5 788/2557/5
f 817/2564/213 865/2563/213 866/2562/213 818/2561/213
f 777/2568/223 825/2567/223 822/2566/223 774/2565/223
f 778/2572/224 826/2571/224 824/2570/224 776/2569/224
f 830/2576/211 823/2575/211 775/2574/211 782/2573/211
f 819/2580/225 820/2579/225 868/2578/225 867/2577/225
f 821/2584/209 822/2583/209 870/2582/226 869/2581/226
f 868/2588/227 820/2587/210 823/2586/210 871/2585/227
f 873/2592/227 825/2591/210 824/2590/210 872/2589/227
f 874/2596/228 826/2595/209 819/2594/209 867/2593/228
f 876/2600/229 828/2599/229 827/2598/229 875/2597/229
f 877/2604/230 829/2603/230 821/2602/230 869/2601/230
f 875/2608/227 827/2607/210 829/2606/210 877/2605/227
f 878/2612/226 830/2611/209 828/2610/209 876/2609/226
f 880/2616/231 832/2615/231 831/2614/231 879/2613/231
f 833/2620/232 834/2619/232 882/2618/232 881/2617/232
f 835/2624/233 836/2623/233 884/2622/233 883/2621/233
f 888/2628/234 887/2627/234 886/2626/234 885/2625/234
f 885/2632/235 886/2631/235 890/2630/235 889/2629/235
f 889/2636/236 890/2635/236 892/2634/236 891/2633/236
f 891/2640/237 892/2639/237 887/2638/237 888/2637/237
f 887/2644/5 892/2643/5 890/2642/5 886/2641/5
f 896/2648/234 895/2647/234 894/2646/234 893/2645/234
f 895/2652/238 898/2651/238 897/2650/238 894/2649/238
f 898/2656/236 900/2655/236 899/2654/236 897/2653/236
f 900/2660/239 896/2659/239 893/2658/239 899/2657/239
f 893/2664/5 894/2663/5 897/2662/5 899/2661/5
f 904/2668/240 903/2667/240 902/2666/240 901/2665/240
f 901/2672/241 902/2671/241 906/2670/241 905/2669/241
f 905/2676/242 906/2675/242 908/2674/242 907/2673/242
f 907/2680/243 908/2679/243 903/2678/243 904/2677/243
f 903/2684/5 908/2683/5 906/2682/5 902/2681/5
f 907/2688/6 904/2687/6 901/2686/6 905/2685/6
f 880/2692/5 909/2691/5 861/2690/5 832/2689/5
f 911/2696/6 910/2695/6 862/2694/6 863/2693/6
f 910/2700/231 912/2699/231 864/2698/231 862/2697/231
f 909/2704/231 911/2703/231 863/2702/231 861/2701/231
f 881/2708/5 913/2707/5 865/2706/5 833/2705/5
f 883/2712/6 882/2711/6 834/2710/6 835/2709/6
f 914/2716/6 879/2715/6 831/2714/6 866/2713/6
f 864/2720/5 912/2719/5 884/2718/5 836/2717/5
f 865/2724/232 913/2723/232 914/2722/232 866/2721/232
f 825/2728/244 873/2727/244 870/2726/244 822/2725/244
f 826/2732/245 874/2731/245 872/2730/245 824/2729/245
f 878/2736/230 871/2735/230 823/2734/230 830/2733/230
f 879/2740/246 914/2739/246 909/2738/246 880/2737/246
f 289/739/14 276/790/14 269/715/14 270/708/14
f 4/2744/5 1/2743/5 915/2742/5 6/2741/5
f 919/2748/5 918/2747/5 917/2746/5 916/2745/5
f 918/2747/5 921/2750/5 920/2749/5 917/2746/5
f 9/2754/6 923/2753/6 922/2752/6 14/2751/6
f 927/2758/6 926/2757/6 925/2756/6 924/2755/6
f 926/2757/6 929/2760/6 928/2759/6 925/2756/6
f 14/2764/1 922/2763/1 930/2762/1 13/2761/1
f 924/2768/1 925/2767/1 932/2766/1 931/2765/1
f 925/2767/247 928/2770/247 933/2769/247 932/2766/247
f 6/2774/1 915/2773/1 923/2772/1 9/2771/1
f 916/2778/1 917/2777/1 926/2776/1 927/2775/1
f 917/2777/247 920/2780/247 929/2779/247 926/2776/247
f 5/2784/5 16/2783/5 934/2782/5 8/2781/5
f 938/2788/5 937/2787/5 936/2786/5 935/2785/5
f 937/2787/5 940/2790/5 939/2789/5 936/2786/5
f 11/2794/6 18/2793/6 15/2792/6 10/2791/6
f 944/2798/6 943/2797/6 942/2796/6 941/2795/6
f 943/2797/6 946/2800/6 945/2799/6 942/2796/6
f 946/2804/248 943/2803/248 948/2802/248 947/2801/248
f 596/2806/3 18/24/3 17/21/3 595/2805/3
f 940/2810/248 937/2809/248 942/2808/248 945/2807/248
f 590/2812/3 16/20/3 15/17/3 593/2811/3
f 7/2816/6 949/2815/6 2/2814/6 3/2813/6
f 953/2820/6 952/2819/6 951/2818/6 950/2817/6
f 952/2819/6 955/2822/6 954/2821/6 951/2818/6
f 930/2826/5 17/2825/5 12/2824/5 13/2823/5
f 932/2830/5 948/2829/5 956/2828/5 931/2827/5
f 933/2832/5 947/2831/5 948/2829/5 932/2830/5
f 934/2836/3 949/2835/3 7/2834/3 8/2833/3
f 936/2840/3 952/2839/3 953/2838/3 935/2837/3
f 939/2842/248 955/2841/248 952/2839/248 936/2840/248
f 918/2846/247 951/2845/247 954/2844/247 921/2843/247
f 1/1/1 2/2/1 587/2848/1 588/2847/1
f 919/2850/1 950/2849/1 951/2845/1 918/2846/1
f 958/2852/1 957/2851/1 950/2849/1 919/2850/1
f 591/2854/3 592/2853/3 949/2835/3 934/2836/3
f 935/2837/3 953/2838/3 960/2856/3 959/2855/3
f 594/2858/5 595/2857/5 17/2825/5 930/2826/5
f 931/2827/5 956/2828/5 962/2860/5 961/2859/5
f 949/2815/6 592/2862/6 587/2861/6 2/2814/6
f 960/2864/6 953/2820/6 950/2817/6 957/2863/6
f 937/2809/3 938/2866/3 941/2865/3 942/2808/3
f 938/2866/3 964/2868/3 963/2867/3 941/2865/3
f 943/2803/3 944/2870/3 956/2869/3 948/2802/3
f 944/2870/3 965/2872/3 962/2871/3 956/2869/3
f 18/2793/6 596/2874/6 593/2873/6 15/2792/6
f 965/2876/6 944/2798/6 941/2795/6 963/2875/6
f 16/2783/5 590/2878/5 591/2877/5 934/2782/5
f 964/2880/5 938/2788/5 935/2785/5 959/2879/5
f 915/2773/1 589/2882/1 597/2881/1 923/2772/1
f 967/2884/1 916/2778/1 927/2775/1 966/2883/1
f 922/2763/1 598/2886/1 594/2885/1 930/2762/1
f 968/2888/1 924/2768/1 931/2765/1 961/2887/1
f 923/2753/6 597/2890/6 598/2889/6 922/2752/6
f 966/2892/6 927/2758/6 924/2755/6 968/2891/6
f 1/2743/5 588/2894/5 589/2893/5 915/2742/5
f 958/2896/5 919/2748/5 916/2745/5 967/2895/5
f 966/2900/2 968/2899/2 961/2898/2 962/2897/2
f 965/2902/2 963/2901/2 966/2900/2 962/2897/2
f 967/2906/2 964/2905/2 957/2904/2 958/2903/2
f 957/2904/2 964/2905/2 959/2908/2 960/2907/2
f 967/2906/2 966/2900/2 963/2901/2 964/2905/2
f 540/2912/249 539/2911/249 574/2910/249 569/2909/249
f 541/2914/250 569/2909/251 574/2910/250 573/2913/250
f 571/2916/253 569/2909/251 541/2914/250 542/2915/252
f 543/2918/255 544/2917/254 571/2916/253 542/2915/252
f 571/2916/253 544/2917/254 572/2920/256 570/2919/256
f 878/2924/257 876/2923/257 868/2922/257 871/2921/257
f 876/2923/258 874/2926/258 867/2925/258 868/2922/258
f 881/2928/257 909/2738/257 914/2739/257 913/2927/257
f 909/2738/257 881/2928/257 882/2930/260 911/2929/259
f 875/2932/257 872/2931/257 874/2926/257 876/2923/257
f 877/2935/261 869/2934/261 870/2933/261 875/2932/261
f 910/2938/262 911/2929/259 884/2937/263 912/2936/262
f 884/2937/263 911/2929/259 882/2930/260 883/2939/264
f 872/2931/265 875/2932/265 870/2933/265 873/2940/265
f 972/2944/4 971/2943/4 970/2942/4 969/2941/4
f 971/2948/3 974/2947/3 973/2946/3 970/2945/3
f 974/2952/2 976/2951/2 975/2950/2 973/2949/2
f 976/2956/1 972/2955/1 969/2954/1 975/2953/1
f 969/2960/5 970/2959/5 973/2958/5 975/2957/5
f 387/2964/266 397/2963/266 360/2962/266 361/2961/266
f 395/2966/269 397/2963/269 387/2964/268 366/2965/267
f 365/2968/271 366/2965/267 387/2964/268 389/2967/270
f 389/2967/270 369/2970/273 370/2969/272 365/2968/271
f 393/2972/274 369/2970/273 389/2967/270 390/2971/274
f 921/2976/4 954/2975/4 955/2974/4 920/2973/4
f 940/2978/4 920/2973/4 955/2974/4 939/2977/4
f 940/2978/4 945/2980/4 929/2979/4 920/2973/4
f 946/2983/4 947/2982/4 933/2981/4 945/2980/4
f 929/2979/4 945/2980/4 933/2981/4 928/2984/4
f 980/2988/275 979/2987/275 978/2986/275 977/2985/275
f 977/2992/276 978/2991/276 982/2990/276 981/2989/276
f 981/2996/277 982/2995/277 984/2994/277 983/2993/277
f 983/3000/278 984/2999/278 979/2998/278 980/2997/278
f 979/3004/5 984/3003/5 982/3002/5 978/3001/5
