mtllib track_curve_45_very_large_right.mtl
usemtl Mat_1
# Blender 3.4.1
# www.blender.org
o track_normal.001
v 0.170178 0.071585 0.739843
v 0.204312 0.085804 0.740665
v 0.204312 0.071585 0.740665
v 0.194681 0.071585 0.740433
v 0.160546 0.071585 0.739611
v 0.160546 0.085804 0.739611
v 0.212422 0.025804 0.740860
v 0.152438 0.025804 0.739415
v 0.152438 0.041290 0.739415
v 0.170178 0.041290 0.739843
v 0.194681 0.041290 0.740433
v 0.212422 0.041290 0.740860
v 0.156181 0.025804 0.999907
v 0.156181 0.041290 0.999907
v 0.198437 0.041290 0.999973
v 0.173927 0.041290 0.999934
v 0.216183 0.025804 1.000000
v 0.216183 0.041290 1.000000
v 0.173927 0.071585 0.999934
v 0.198437 0.071585 0.999973
v 0.208071 0.071585 0.999987
v 0.208071 0.085804 0.999987
v 0.164293 0.085804 0.999920
v 0.164293 0.071585 0.999920
v 0.822779 0.071585 0.728292
v 0.822779 0.085804 0.728292
v 0.856915 0.071585 0.729114
v 0.832411 0.071585 0.728524
v 0.866547 0.085804 0.729346
v 0.866547 0.071585 0.729346
v 0.874655 0.041290 0.729541
v 0.874655 0.025804 0.729541
v 0.832411 0.041290 0.728524
v 0.856915 0.041290 0.729114
v 0.814673 0.025804 0.728097
v 0.814673 0.041290 0.728097
v 0.877341 0.025804 0.999430
v 0.877341 0.041290 0.999430
v 0.817340 0.025804 0.999337
v 0.835086 0.041290 0.999365
v 0.817340 0.041290 0.999337
v 0.859595 0.041290 0.999403
v 0.869231 0.071585 0.999417
v 0.869231 0.085804 0.999417
v 0.835086 0.071585 0.999365
v 0.859595 0.071585 0.999403
v 0.825452 0.085804 0.999349
v 0.825452 0.071585 0.999350
v 0.789064 -0.025278 0.862165
v 0.789064 0.054722 0.862165
v 0.819062 0.054722 0.862590
v 0.819062 -0.025278 0.862590
v 0.788641 -0.025278 0.891383
v 0.788641 0.054722 0.891383
v 0.818639 -0.025278 0.891727
v 0.818639 0.054722 0.891727
v 0.193392 0.054722 0.853582
v 0.223386 0.054722 0.854007
v 0.223386 -0.025278 0.854007
v 0.193392 -0.025278 0.853582
v 0.222945 0.054722 0.884782
v 0.222945 -0.025278 0.884782
v 0.192947 0.054722 0.884437
v 0.192947 -0.025278 0.884437
v 0.032104 -0.029999 0.794103
v 0.032104 0.030001 0.794103
v 0.971931 0.030001 0.812081
v 0.971931 -0.029999 0.812081
v 0.030010 -0.029999 0.940016
v 0.030010 0.030001 0.940016
v 0.969990 -0.029999 0.946135
v 0.969990 0.030001 0.946135
v 0.174451 0.071585 0.466312
v 0.208560 0.085804 0.467907
v 0.208560 0.071585 0.467907
v 0.198936 0.071585 0.467457
v 0.164830 0.071585 0.465862
v 0.164830 0.085804 0.465862
v 0.216662 0.025804 0.468286
v 0.156726 0.025804 0.465483
v 0.156726 0.041290 0.465483
v 0.174451 0.041290 0.466312
v 0.198936 0.041290 0.467457
v 0.216662 0.041290 0.468286
v 0.824570 0.071585 0.498394
v 0.824570 0.085804 0.498394
v 0.858678 0.071585 0.499989
v 0.834194 0.071585 0.498844
v 0.868302 0.085804 0.500439
v 0.868302 0.071585 0.500439
v 0.876404 0.041290 0.500818
v 0.876404 0.025804 0.500818
v 0.834194 0.041290 0.498844
v 0.858678 0.041290 0.499989
v 0.816468 0.025804 0.498015
v 0.816468 0.041290 0.498015
v 0.795203 -0.025278 0.618762
v 0.795203 0.054722 0.618762
v 0.825185 0.054722 0.619864
v 0.825185 -0.025278 0.619864
v 0.794040 -0.025278 0.647957
v 0.794040 0.054722 0.647957
v 0.824024 -0.025278 0.648978
v 0.824024 0.054722 0.648978
v 0.189879 0.054722 0.596502
v 0.219857 0.054722 0.597604
v 0.219857 -0.025278 0.597604
v 0.189879 -0.025278 0.596502
v 0.218640 0.054722 0.628364
v 0.218640 -0.025278 0.628364
v 0.188656 0.054722 0.627344
v 0.188656 -0.025278 0.627344
v 0.040127 -0.029999 0.533616
v 0.040127 0.030001 0.533616
v 0.979309 0.030001 0.572842
v 0.979309 -0.029999 0.572842
v 0.034352 -0.029999 0.679464
v 0.034352 0.030001 0.679464
v 0.973956 -0.029999 0.706769
v 0.973956 0.030001 0.706769
v 0.184669 0.071585 0.224927
v 0.218730 0.085804 0.227297
v 0.218730 0.071585 0.227297
v 0.209120 0.071585 0.226628
v 0.175057 0.071585 0.224259
v 0.175057 0.085804 0.224259
v 0.226823 0.025804 0.227860
v 0.166967 0.025804 0.223696
v 0.166967 0.041290 0.223696
v 0.184669 0.041290 0.224927
v 0.209120 0.041290 0.226628
v 0.226823 0.041290 0.227860
v 0.834419 0.071585 0.270135
v 0.834419 0.085804 0.270135
v 0.868480 0.071585 0.272505
v 0.844029 0.071585 0.270804
v 0.878090 0.085804 0.273173
v 0.878090 0.071585 0.273173
v 0.886184 0.041290 0.273736
v 0.886184 0.025804 0.273736
v 0.844029 0.041290 0.270804
v 0.868480 0.041290 0.272505
v 0.826327 0.025804 0.269572
v 0.826327 0.041290 0.269572
v 0.806780 -0.025278 0.375586
v 0.806780 0.054722 0.375586
v 0.836728 0.054722 0.377369
v 0.836728 -0.025278 0.377369
v 0.804877 -0.025278 0.404739
v 0.804877 0.054722 0.404739
v 0.834827 -0.025278 0.406439
v 0.834827 0.054722 0.406439
v 0.202115 0.054722 0.339597
v 0.232063 0.054722 0.341379
v 0.232063 -0.025278 0.341379
v 0.202115 -0.025278 0.339597
v 0.230068 0.054722 0.372102
v 0.230068 -0.025278 0.372102
v 0.200116 0.054722 0.370401
v 0.200116 -0.025278 0.370401
v 0.053974 -0.029999 0.273328
v 0.053974 0.030001 0.273328
v 0.992022 0.030001 0.333875
v 0.992022 -0.029999 0.333875
v 0.044717 -0.029999 0.419019
v 0.044717 0.030001 0.419019
v 0.983460 -0.029999 0.467608
v 0.983460 0.030001 0.467608
v 0.205575 0.071585 -0.032025
v 0.239574 0.085804 -0.028879
v 0.239574 0.071585 -0.028879
v 0.229982 0.071585 -0.029767
v 0.195983 0.071585 -0.032913
v 0.195983 0.085804 -0.032913
v 0.247650 0.025804 -0.028131
v 0.187905 0.025804 -0.033660
v 0.187905 0.041290 -0.033660
v 0.205575 0.041290 -0.032025
v 0.229982 0.041290 -0.029767
v 0.247650 0.041290 -0.028131
v 0.854125 0.071585 0.027995
v 0.854125 0.085804 0.027995
v 0.888123 0.071585 0.031141
v 0.863719 0.071585 0.028882
v 0.897716 0.085804 0.032029
v 0.897716 0.071585 0.032029
v 0.905792 0.041290 0.032776
v 0.905792 0.025804 0.032776
v 0.863719 0.041290 0.028882
v 0.888123 0.041290 0.031141
v 0.846048 0.025804 0.027247
v 0.846048 0.041290 0.027247
v 0.823819 -0.025278 0.132753
v 0.823817 0.054722 0.132753
v 0.853716 0.054722 0.135217
v 0.853716 -0.025278 0.135217
v 0.821174 -0.025278 0.161845
v 0.821174 0.054722 0.161845
v 0.851077 -0.025278 0.164227
v 0.851077 0.054722 0.164227
v 0.220130 0.054722 0.083000
v 0.250029 0.054722 0.085464
v 0.250029 -0.025278 0.085464
v 0.220130 -0.025278 0.083000
v 0.247257 0.054722 0.116130
v 0.247257 -0.025278 0.116130
v 0.217352 0.054722 0.113748
v 0.217352 -0.025278 0.113748
v 0.073675 -0.029999 0.013376
v 0.073675 0.030001 0.013376
v 1.010099 0.030001 0.095292
v 1.010099 -0.029999 0.095292
v 0.061455 -0.029999 0.158862
v 0.061455 0.030001 0.158862
v 0.998849 -0.029999 0.228802
v 0.998849 0.030001 0.228802
v 0.232285 0.071585 -0.288462
v 0.266202 0.085804 -0.284538
v 0.266202 0.071585 -0.284538
v 0.256631 0.071585 -0.285645
v 0.222714 0.071585 -0.289569
v 0.222714 0.085804 -0.289569
v 0.274259 0.025804 -0.283606
v 0.214657 0.025804 -0.290501
v 0.214657 0.041290 -0.290501
v 0.232285 0.041290 -0.288462
v 0.256631 0.041290 -0.285645
v 0.274259 0.041290 -0.283606
v 0.879290 0.071585 -0.213616
v 0.879290 0.085804 -0.213616
v 0.913208 0.071585 -0.209692
v 0.888859 0.071585 -0.212509
v 0.922779 0.085804 -0.208585
v 0.922779 0.071585 -0.208585
v 0.930836 0.041290 -0.207653
v 0.930836 0.025804 -0.207653
v 0.888859 0.041290 -0.212509
v 0.913208 0.041290 -0.209692
v 0.871233 0.025804 -0.214548
v 0.871233 0.041290 -0.214548
v 0.846335 -0.025278 -0.109616
v 0.846335 0.054722 -0.109616
v 0.876170 0.054722 -0.106469
v 0.876170 -0.025278 -0.106469
v 0.843137 -0.025278 -0.080586
v 0.843137 0.054722 -0.080586
v 0.872980 -0.025278 -0.077521
v 0.872980 0.054722 -0.077521
v 0.243942 0.054722 -0.173151
v 0.273775 0.054722 -0.170004
v 0.273775 -0.025278 -0.170004
v 0.243942 -0.025278 -0.173151
v 0.270414 0.054722 -0.139400
v 0.270414 -0.025278 -0.139400
v 0.240571 0.054722 -0.142465
v 0.240571 -0.025278 -0.142465
v 0.099248 -0.029999 -0.246099
v 0.099248 0.030001 -0.246099
v 1.033553 0.030001 -0.142789
v 1.033553 -0.029999 -0.142789
v 0.084037 -0.029999 -0.100880
v 0.084037 0.030001 -0.100880
v 1.019590 -0.029999 -0.009554
v 1.019590 0.030001 -0.009554
v 0.264807 0.071585 -0.544248
v 0.298628 0.085804 -0.539547
v 0.298628 0.071585 -0.539547
v 0.289086 0.071585 -0.540873
v 0.255265 0.071585 -0.545574
v 0.255265 0.085804 -0.545574
v 0.306660 0.025804 -0.538430
v 0.247234 0.025804 -0.546691
v 0.247234 0.041290 -0.546691
v 0.264807 0.041290 -0.544248
v 0.289086 0.041290 -0.540873
v 0.306660 0.041290 -0.538430
v 0.909927 0.071585 -0.454574
v 0.909927 0.085804 -0.454574
v 0.943746 0.071585 -0.449873
v 0.919469 0.071585 -0.453248
v 0.953288 0.085804 -0.448547
v 0.953288 0.071585 -0.448547
v 0.961321 0.041290 -0.447430
v 0.961321 0.025804 -0.447430
v 0.919469 0.041290 -0.453248
v 0.943746 0.041290 -0.449873
v 0.901891 0.025804 -0.455691
v 0.901891 0.041290 -0.455691
v 0.874409 -0.025278 -0.351392
v 0.874409 0.054722 -0.351392
v 0.904163 0.054722 -0.347562
v 0.904163 -0.025278 -0.347562
v 0.871048 -0.025278 -0.322379
v 0.871048 0.054722 -0.322379
v 0.900813 -0.025278 -0.318631
v 0.900813 0.054722 -0.318631
v 0.273631 0.054722 -0.428717
v 0.303385 0.054722 -0.424888
v 0.303385 -0.025278 -0.424888
v 0.273631 -0.025278 -0.428717
v 0.299824 0.054722 -0.394305
v 0.299824 -0.025278 -0.394305
v 0.270059 0.054722 -0.398053
v 0.270059 -0.025278 -0.398052
v 0.130711 -0.029999 -0.504960
v 0.130711 0.030001 -0.504960
v 1.062401 0.030001 -0.380251
v 1.062401 -0.029999 -0.380251
v 0.112483 -0.029999 -0.360072
v 0.112484 0.030001 -0.360072
v 1.045699 -0.029999 -0.247345
v 1.045699 0.030001 -0.247345
v 0.303155 0.071584 -0.799247
v 0.336856 0.085803 -0.793769
v 0.336856 0.071584 -0.793769
v 0.327347 0.071584 -0.795314
v 0.293644 0.071584 -0.800792
v 0.293644 0.085803 -0.800792
v 0.344861 0.025803 -0.792468
v 0.285639 0.025803 -0.802093
v 0.285639 0.041289 -0.802093
v 0.303155 0.041289 -0.799247
v 0.327347 0.041289 -0.795314
v 0.344861 0.041289 -0.792468
v 0.946040 0.071584 -0.694760
v 0.946040 0.085803 -0.694760
v 0.979741 0.071584 -0.689282
v 0.955548 0.071584 -0.693214
v 0.989251 0.085803 -0.687737
v 0.989251 0.071584 -0.687737
v 0.997257 0.041289 -0.686435
v 0.997257 0.025803 -0.686435
v 0.955548 0.041289 -0.693214
v 0.979741 0.041289 -0.689282
v 0.938032 0.025803 -0.696061
v 0.938032 0.041289 -0.696061
v 0.908520 -0.025278 -0.592373
v 0.908520 0.054722 -0.592373
v 0.938179 0.054722 -0.587860
v 0.938179 -0.025278 -0.587860
v 0.904427 -0.025278 -0.563457
v 0.904427 0.054722 -0.563457
v 0.934100 -0.025278 -0.559026
v 0.934100 0.054722 -0.559026
v 0.309679 0.054722 -0.683485
v 0.339338 0.054722 -0.678973
v 0.339338 -0.025278 -0.678973
v 0.309679 -0.025278 -0.683485
v 0.335008 0.054722 -0.648486
v 0.335008 -0.025278 -0.648486
v 0.305338 0.054722 -0.652917
v 0.305338 -0.025278 -0.652917
v 0.168071 -0.030000 -0.763067
v 0.168071 0.030000 -0.763067
v 1.096646 0.030000 -0.616973
v 1.096646 -0.030000 -0.616973
v 0.146807 -0.029999 -0.618578
v 0.146807 0.030001 -0.618578
v 1.077189 -0.029999 -0.484453
v 1.077189 0.030001 -0.484453
v 0.347323 0.071584 -1.053320
v 0.380889 0.085803 -1.047067
v 0.380889 0.071584 -1.047067
v 0.371418 0.071584 -1.048832
v 0.337850 0.071584 -1.055084
v 0.337850 0.085803 -1.055084
v 0.388863 0.025803 -1.045582
v 0.329876 0.025803 -1.056570
v 0.329876 0.041289 -1.056570
v 0.347323 0.041289 -1.053320
v 0.371418 0.041289 -1.048832
v 0.388863 0.041289 -1.045582
v 0.987628 0.071584 -0.934046
v 0.987628 0.085803 -0.934046
v 1.021194 0.071584 -0.927794
v 0.997099 0.071584 -0.932282
v 1.030665 0.085803 -0.926030
v 1.030665 0.071584 -0.926030
v 1.038639 0.041289 -0.924544
v 1.038639 0.025803 -0.924544
v 0.997099 0.041289 -0.932282
v 1.021194 0.041289 -0.927794
v 0.979652 0.025803 -0.935532
v 0.979652 0.041289 -0.935532
v 0.948102 -0.025279 -0.832497
v 0.948102 0.054721 -0.832497
v 0.977648 0.054721 -0.827303
v 0.977648 -0.025279 -0.827303
v 0.943282 -0.025279 -0.803693
v 0.943282 0.054721 -0.803693
v 0.972844 -0.025279 -0.798581
v 0.972844 0.054721 -0.798581
v 0.351517 0.054721 -0.937376
v 0.381062 0.054721 -0.932181
v 0.381062 -0.025279 -0.932181
v 0.351517 -0.025279 -0.937376
v 0.375970 0.054721 -0.901810
v 0.375970 -0.025279 -0.901810
v 0.346408 0.054721 -0.906922
v 0.346408 -0.025279 -0.906922
v 0.211328 -0.030000 -1.020281
v 0.211328 0.030000 -1.020281
v 1.136292 0.030000 -0.852836
v 1.136292 -0.030000 -0.852836
v 0.187010 -0.030000 -0.876257
v 0.187010 0.030000 -0.876257
v 1.114060 -0.030000 -0.720758
v 1.114061 0.030000 -0.720758
v 0.397304 0.071584 -1.306331
v 0.430718 0.085803 -1.299305
v 0.430718 0.071584 -1.299305
v 0.421290 0.071584 -1.301287
v 0.387876 0.071584 -1.308313
v 0.387876 0.085803 -1.308313
v 0.438654 0.025803 -1.297636
v 0.379940 0.025803 -1.309982
v 0.379940 0.041289 -1.309982
v 0.397304 0.041289 -1.306331
v 0.421290 0.041289 -1.301287
v 0.438654 0.041289 -1.297636
v 1.034688 0.071584 -1.172312
v 1.034688 0.085803 -1.172312
v 1.068101 0.071584 -1.165286
v 1.044115 0.071584 -1.170329
v 1.077527 0.085803 -1.163303
v 1.077527 0.071584 -1.163303
v 1.085466 0.041289 -1.161635
v 1.085466 0.025803 -1.161635
v 1.044115 0.041289 -1.170329
v 1.068101 0.041289 -1.165286
v 1.026749 0.025803 -1.173981
v 1.026749 0.041289 -1.173981
v 0.993148 -0.025279 -1.071639
v 0.993148 0.054721 -1.071639
v 1.022566 0.054721 -1.065764
v 1.022566 -0.025279 -1.065764
v 0.987605 -0.025279 -1.042968
v 0.987605 0.054721 -1.042968
v 1.017040 -0.025279 -1.037175
v 1.017040 0.054721 -1.037175
v 0.399140 0.054721 -1.190250
v 0.428561 0.054721 -1.184376
v 0.428561 -0.025279 -1.184376
v 0.399140 -0.025279 -1.190250
v 0.422706 0.054721 -1.154141
v 0.422706 -0.025279 -1.154141
v 0.393270 0.054721 -1.159935
v 0.393270 -0.025279 -1.159934
v 0.260874 -0.030000 -1.276378
v 0.260874 0.030000 -1.276378
v 1.181731 0.030000 -1.087634
v 1.181731 -0.030000 -1.087634
v 0.233097 -0.030000 -1.132969
v 0.233097 0.030000 -1.132969
v 1.156317 -0.030000 -0.956141
v 1.156317 0.030000 -0.956141
v 0.453089 0.071584 -1.558138
v 0.486330 0.085803 -1.550343
v 0.486330 0.071584 -1.550343
v 0.476952 0.071584 -1.552542
v 0.443709 0.071584 -1.560338
v 0.443709 0.085803 -1.560338
v 0.494225 0.025803 -1.548491
v 0.435812 0.025803 -1.562190
v 0.435812 0.041289 -1.562190
v 0.453089 0.041289 -1.558138
v 0.476952 0.041289 -1.552542
v 0.494225 0.041289 -1.548491
v 1.087203 0.071584 -1.409429
v 1.087203 0.085803 -1.409429
v 1.120446 0.071584 -1.401633
v 1.096584 0.071584 -1.407229
v 1.129827 0.085803 -1.399433
v 1.129827 0.071584 -1.399433
v 1.137724 0.041289 -1.397581
v 1.137724 0.025803 -1.397581
v 1.096584 0.041289 -1.407229
v 1.120446 0.041289 -1.401633
v 1.079306 0.025803 -1.411281
v 1.079306 0.041289 -1.411281
v 1.043652 -0.025279 -1.309676
v 1.043652 0.054721 -1.309676
v 1.072926 0.054721 -1.303123
v 1.072926 -0.025279 -1.303123
v 1.037388 -0.025279 -1.281154
v 1.037388 0.054721 -1.281154
v 1.066684 -0.025279 -1.274683
v 1.066684 0.054721 -1.274683
v 0.452541 0.054721 -1.441974
v 0.481817 0.054721 -1.435422
v 0.481817 -0.025279 -1.435422
v 0.452541 -0.025279 -1.441974
v 0.475207 0.054721 -1.405342
v 0.475207 -0.025279 -1.405342
v 0.445916 0.054721 -1.411813
v 0.445916 -0.025279 -1.411813
v 0.316407 -0.030000 -1.531251
v 0.316407 0.030000 -1.531251
v 1.232657 0.030000 -1.321286
v 1.232657 -0.030000 -1.321286
v 0.285055 -0.030000 -1.388573
v 0.285055 0.030000 -1.388573
v 1.203946 -0.030000 -1.190481
v 1.203946 0.030000 -1.190481
v 0.514703 0.071584 -1.808597
v 0.547754 0.085803 -1.800035
v 0.547754 0.071584 -1.800035
v 0.538427 0.071584 -1.802451
v 0.505376 0.071584 -1.811013
v 0.505376 0.085803 -1.811013
v 0.555607 0.025803 -1.798001
v 0.497523 0.025803 -1.813047
v 0.497523 0.041289 -1.813047
v 0.514703 0.041289 -1.808597
v 0.538427 0.041289 -1.802451
v 0.555607 0.041289 -1.798001
v 1.145209 0.071584 -1.645264
v 1.145209 0.085803 -1.645264
v 1.178262 0.071584 -1.636701
v 1.154536 0.071584 -1.642847
v 1.187589 0.085803 -1.634285
v 1.187589 0.071584 -1.634285
v 1.195442 0.041289 -1.632251
v 1.195442 0.025803 -1.632251
v 1.154536 0.041289 -1.642847
v 1.178262 0.041289 -1.636701
v 1.137358 0.025803 -1.647297
v 1.137358 0.041289 -1.647297
v 1.099596 -0.025279 -1.546484
v 1.099596 0.054721 -1.546484
v 1.128713 0.054721 -1.539256
v 1.128713 -0.025279 -1.539256
v 1.092623 -0.025279 -1.518129
v 1.092623 0.054721 -1.518129
v 1.121759 -0.025279 -1.510982
v 1.121759 0.054721 -1.510982
v 0.511704 0.054721 -1.692411
v 0.540820 0.054721 -1.685184
v 0.540820 -0.025279 -1.685184
v 0.511704 -0.025279 -1.692411
v 0.533463 0.054721 -1.655278
v 0.533463 -0.025279 -1.655278
v 0.504327 0.054721 -1.662424
v 0.504327 -0.025279 -1.662424
v 0.377771 -0.030000 -1.784789
v 0.377771 0.030000 -1.784789
v 1.288921 0.030000 -1.553695
v 1.288921 -0.030000 -1.553695
v 0.342870 -0.030000 -1.642931
v 0.342870 0.030000 -1.642931
v 1.256939 -0.030000 -1.423656
v 1.256939 0.030000 -1.423656
v 0.582482 0.071584 -2.057462
v 0.615327 0.085803 -2.048137
v 0.615327 0.071584 -2.048137
v 0.606060 0.071584 -2.050768
v 0.573213 0.071584 -2.060093
v 0.573213 0.085803 -2.060093
v 0.623130 0.025803 -2.045922
v 0.565412 0.025803 -2.062308
v 0.565410 0.041289 -2.062308
v 0.582482 0.041289 -2.057462
v 0.606060 0.041289 -2.050768
v 0.623130 0.041289 -2.045922
v 1.209042 0.071584 -1.879583
v 1.209042 0.085803 -1.879583
v 1.241887 0.071584 -1.870258
v 1.218309 0.071584 -1.876952
v 1.251154 0.085803 -1.867627
v 1.251154 0.071584 -1.867627
v 1.258957 0.041289 -1.865412
v 1.258957 0.025803 -1.865412
v 1.218309 0.041289 -1.876952
v 1.241887 0.041289 -1.870258
v 1.201239 0.025803 -1.881799
v 1.201239 0.041289 -1.881799
v 1.160966 -0.025279 -1.781939
v 1.160966 0.054721 -1.781939
v 1.189906 0.054721 -1.774040
v 1.189906 -0.025279 -1.774040
v 1.153284 -0.025279 -1.753765
v 1.153284 0.054721 -1.753765
v 1.182248 -0.025279 -1.745947
v 1.182248 0.054721 -1.745947
v 0.576603 0.054721 -1.941426
v 0.605545 0.054721 -1.933527
v 0.605545 -0.025279 -1.933527
v 0.576603 -0.025279 -1.941426
v 0.597446 0.054721 -1.903811
v 0.597446 -0.025279 -1.903811
v 0.568483 0.054721 -1.911630
v 0.568483 -0.025279 -1.911630
v 0.444937 -0.030000 -2.036851
v 0.444937 0.030000 -2.036851
v 1.350499 0.030000 -1.784740
v 1.350499 -0.030000 -1.784740
v 0.406525 -0.030000 -1.895903
v 0.406525 0.030000 -1.895903
v 1.315275 -0.030000 -1.655547
v 1.315275 0.030000 -1.655547
v 0.655961 0.071585 -2.304700
v 0.688582 0.085804 -2.294617
v 0.688582 0.071585 -2.294617
v 0.679379 0.071585 -2.297462
v 0.646757 0.071585 -2.307545
v 0.646757 0.085804 -2.307545
v 0.696331 0.025804 -2.292222
v 0.639006 0.025804 -2.309940
v 0.639006 0.041290 -2.309940
v 0.655961 0.041290 -2.304700
v 0.679379 0.041290 -2.297462
v 0.696331 0.041290 -2.292222
v 1.278235 0.071585 -2.112369
v 1.278235 0.085804 -2.112369
v 1.310858 0.071585 -2.102287
v 1.287440 0.071585 -2.109524
v 1.320061 0.085804 -2.099442
v 1.320063 0.071585 -2.099442
v 1.327810 0.041290 -2.097047
v 1.327810 0.025804 -2.097047
v 1.287440 0.041290 -2.109524
v 1.310858 0.041290 -2.102287
v 1.270487 0.025804 -2.114764
v 1.270487 0.041290 -2.114764
v 1.227731 -0.025279 -2.015918
v 1.227731 0.054721 -2.015918
v 1.256483 0.054721 -2.007351
v 1.256483 -0.025279 -2.007351
v 1.219351 -0.025279 -1.987945
v 1.219351 0.054721 -1.987945
v 1.248126 -0.025279 -1.979458
v 1.248126 0.054721 -1.979458
v 0.647218 0.054722 -2.188885
v 0.675970 0.054722 -2.180318
v 0.675970 -0.025278 -2.180318
v 0.647218 -0.025278 -2.188885
v 0.667133 0.054722 -2.150812
v 0.667133 -0.025278 -2.150812
v 0.638358 0.054722 -2.159299
v 0.638358 -0.025278 -2.159298
v 0.517888 -0.029999 -2.287305
v 0.517888 0.030001 -2.287305
v 1.417373 0.030000 -2.014305
v 1.417373 -0.030000 -2.014305
v 0.475991 -0.029999 -2.147352
v 0.475991 0.030001 -2.147352
v 1.378937 -0.030000 -1.886033
v 1.378937 0.030000 -1.886033
v 0.735104 0.071585 -2.550178
v 0.767483 0.085804 -2.539343
v 0.767483 0.071585 -2.539343
v 0.758347 0.071585 -2.542401
v 0.725968 0.071585 -2.553235
v 0.725968 0.085804 -2.553235
v 0.775175 0.025804 -2.536770
v 0.718278 0.025804 -2.555809
v 0.718278 0.041290 -2.555809
v 0.735104 0.041290 -2.550178
v 0.758347 0.041290 -2.542400
v 0.775175 0.041290 -2.536770
v 1.352761 0.071585 -2.343498
v 1.352761 0.085804 -2.343498
v 1.385141 0.071585 -2.332664
v 1.361898 0.071585 -2.340442
v 1.394277 0.085804 -2.329607
v 1.394277 0.071585 -2.329607
v 1.401969 0.041290 -2.327033
v 1.401969 0.025804 -2.327033
v 1.361898 0.041290 -2.340442
v 1.385141 0.041290 -2.332664
v 1.345072 0.025804 -2.346072
v 1.345072 0.041290 -2.346072
v 1.299867 -0.025278 -2.248298
v 1.299867 0.054722 -2.248298
v 1.328411 0.054722 -2.239068
v 1.328411 -0.025278 -2.239068
v 1.290794 -0.025278 -2.220542
v 1.290794 0.054722 -2.220542
v 1.319364 -0.025278 -2.211392
v 1.319364 0.054722 -2.211392
v 0.723510 0.054722 -2.434653
v 0.752056 0.054722 -2.425423
v 0.752056 -0.025278 -2.425423
v 0.723510 -0.025278 -2.434653
v 0.742493 0.054722 -2.396145
v 0.742493 -0.025278 -2.396145
v 0.713922 0.054722 -2.405295
v 0.713922 -0.025278 -2.405295
v 0.596579 -0.029999 -2.536012
v 0.596579 0.030001 -2.536012
v 1.489504 0.030001 -2.242269
v 1.489506 -0.029999 -2.242269
v 0.551235 -0.029999 -2.397138
v 0.551235 0.030001 -2.397138
v 1.447892 -0.029999 -2.114992
v 1.447892 0.030001 -2.114992
v 0.819874 0.071585 -2.793766
v 0.851995 0.085804 -2.782185
v 0.851995 0.071585 -2.782185
v 0.842931 0.071585 -2.785453
v 0.810812 0.071585 -2.797034
v 0.810812 0.085804 -2.797034
v 0.859625 0.025804 -2.779434
v 0.803180 0.025804 -2.799785
v 0.803180 0.041290 -2.799785
v 0.819874 0.041290 -2.793766
v 0.842931 0.041290 -2.785453
v 0.859625 0.041290 -2.779434
v 1.432584 0.071585 -2.572851
v 1.432584 0.085804 -2.572851
v 1.464704 0.071585 -2.561271
v 1.441648 0.071585 -2.569584
v 1.473768 0.085804 -2.558003
v 1.473768 0.071585 -2.558003
v 1.481399 0.041290 -2.555252
v 1.481399 0.025804 -2.555252
v 1.441648 0.041290 -2.569584
v 1.464704 0.041290 -2.561271
v 1.424955 0.025804 -2.575603
v 1.424955 0.041290 -2.575603
v 1.377336 -0.025278 -2.478957
v 1.377336 0.054722 -2.478957
v 1.405662 0.054722 -2.469070
v 1.405662 -0.025278 -2.469070
v 1.367579 -0.025278 -2.451435
v 1.367579 0.054722 -2.451435
v 1.395932 -0.025278 -2.441626
v 1.395932 0.054722 -2.441626
v 0.805448 0.054722 -2.678599
v 0.833770 0.054722 -2.668711
v 0.833770 -0.025278 -2.668711
v 0.805448 -0.025278 -2.678599
v 0.823491 0.054722 -2.639679
v 0.823491 -0.025278 -2.639679
v 0.795140 0.054722 -2.649487
v 0.795140 -0.025278 -2.649487
v 0.680977 -0.029999 -2.782838
v 0.680977 0.030001 -2.782838
v 1.566866 0.030001 -2.468514
v 1.566866 -0.029999 -2.468514
v 0.632259 -0.029999 -2.645113
v 0.632259 0.030001 -2.645113
v 1.522147 -0.029999 -2.342293
v 1.522147 0.030001 -2.342293
v 0.910227 0.071585 -3.035333
v 0.942070 0.085804 -3.023013
v 0.942070 0.071585 -3.023013
v 0.933085 0.071585 -3.026489
v 0.901242 0.071585 -3.038810
v 0.901242 0.085804 -3.038810
v 0.949635 0.025804 -3.020086
v 0.893679 0.025804 -3.041737
v 0.893679 0.041290 -3.041737
v 0.910227 0.041290 -3.035333
v 0.933085 0.041290 -3.026489
v 0.949635 0.041290 -3.020086
v 1.517665 0.071585 -2.800308
v 1.517665 0.085804 -2.800308
v 1.549510 0.071585 -2.787987
v 1.526651 0.071585 -2.796831
v 1.558493 0.085804 -2.784511
v 1.558493 0.071585 -2.784511
v 1.566058 0.041290 -2.781584
v 1.566058 0.025804 -2.781584
v 1.526651 0.041290 -2.796831
v 1.549510 0.041290 -2.787987
v 1.510100 0.025804 -2.803235
v 1.510100 0.041290 -2.803235
v 1.460102 -0.025278 -2.707775
v 1.460102 0.054722 -2.707775
v 1.488190 0.054722 -2.697235
v 1.488190 -0.025278 -2.697235
v 1.449671 -0.025278 -2.680501
v 1.449671 0.054722 -2.680501
v 1.477786 -0.025278 -2.670039
v 1.477786 0.054722 -2.670039
v 0.892983 0.054722 -2.920591
v 0.921071 0.054722 -2.910051
v 0.921071 -0.025278 -2.910051
v 0.892983 -0.025278 -2.920591
v 0.910081 0.054722 -2.881281
v 0.910081 -0.025278 -2.881281
v 0.881964 0.054722 -2.891743
v 0.881964 -0.025278 -2.891743
v 0.771035 -0.029999 -3.027651
v 0.771035 0.030001 -3.027651
v 1.649419 0.030001 -2.692922
v 1.649419 -0.029999 -2.692922
v 0.719336 -0.029999 -2.891023
v 0.719336 0.030001 -2.891023
v 1.601980 -0.029999 -2.567697
v 1.601980 0.030001 -2.567697
v 1.006112 0.071585 -3.274752
v 1.037664 0.085804 -3.261699
v 1.037664 0.071585 -3.261698
v 1.028763 0.071585 -3.265382
v 0.997211 0.071585 -3.278435
v 0.997211 0.085804 -3.278435
v 1.045158 0.025804 -3.258598
v 0.989717 0.025804 -3.281536
v 0.989717 0.041290 -3.281536
v 1.006112 0.041290 -3.274752
v 1.028763 0.041290 -3.265382
v 1.045158 0.041290 -3.258598
v 1.607958 0.071585 -3.025750
v 1.607958 0.085804 -3.025750
v 1.639508 0.071585 -3.012697
v 1.616859 0.071585 -3.022067
v 1.648410 0.085804 -3.009013
v 1.648410 0.071585 -3.009013
v 1.655905 0.041290 -3.005913
v 1.655905 0.025804 -3.005913
v 1.616859 0.041290 -3.022067
v 1.639508 0.041290 -3.012697
v 1.600462 0.025804 -3.028851
v 1.600462 0.041290 -3.028851
v 1.548122 -0.025278 -2.934630
v 1.548122 0.054722 -2.934630
v 1.575957 0.054722 -2.923443
v 1.575957 -0.025278 -2.923443
v 1.537020 -0.025278 -2.907621
v 1.537020 0.054722 -2.907621
v 1.564888 -0.025278 -2.896511
v 1.564888 0.054722 -2.896511
v 0.986076 0.054722 -3.160502
v 1.013912 0.054722 -3.149315
v 1.013912 -0.025278 -3.149315
v 0.986076 -0.025278 -3.160502
v 1.002216 0.054722 -3.120824
v 1.002216 -0.025278 -3.120824
v 0.974350 0.054722 -3.131933
v 0.974350 -0.025278 -3.131933
v 0.866707 -0.029999 -3.270319
v 0.866707 0.030001 -3.270319
v 1.737118 0.030001 -2.915374
v 1.737118 -0.029999 -2.915374
v 0.812043 -0.029999 -3.134858
v 0.812043 0.030001 -3.134858
v 1.686973 -0.029999 -2.791209
v 1.686973 0.030001 -2.791209
v 1.107482 0.071585 -3.511894
v 1.138723 0.085804 -3.498114
v 1.138723 0.071585 -3.498114
v 1.129907 0.071585 -3.502002
v 1.098665 0.071585 -3.515781
v 1.098665 0.085804 -3.515781
v 1.146143 0.025804 -3.494842
v 1.091246 0.025804 -3.519054
v 1.091246 0.041290 -3.519054
v 1.107482 0.041290 -3.511893
v 1.129907 0.041290 -3.502002
v 1.146143 0.041290 -3.494842
v 1.703414 0.071585 -3.249058
v 1.703414 0.085804 -3.249059
v 1.734655 0.071585 -3.235279
v 1.712229 0.071585 -3.245170
v 1.743468 0.085804 -3.231392
v 1.743468 0.071585 -3.231392
v 1.750890 0.041290 -3.228119
v 1.750890 0.025804 -3.228119
v 1.712229 0.041290 -3.245170
v 1.734655 0.041290 -3.235279
v 1.695992 0.025804 -3.252331
v 1.695992 0.041290 -3.252331
v 1.641349 -0.025278 -3.159404
v 1.641349 0.054722 -3.159404
v 1.668918 0.054722 -3.147577
v 1.668918 -0.025278 -3.147577
v 1.629585 -0.025278 -3.132673
v 1.629585 0.054722 -3.132673
v 1.657189 -0.025278 -3.120922
v 1.657189 0.054722 -3.120922
v 1.084670 0.054722 -3.398200
v 1.112241 0.054722 -3.386373
v 1.112241 -0.025278 -3.386373
v 1.084670 -0.025278 -3.398200
v 1.099851 0.054722 -3.358175
v 1.099851 -0.025278 -3.358175
v 1.072248 0.054722 -3.369926
v 1.072248 -0.025278 -3.369926
v 0.967942 -0.029999 -3.510714
v 0.967942 0.030001 -3.510714
v 1.829922 0.030001 -3.135758
v 1.829922 -0.029999 -3.135758
v 0.910327 -0.029999 -3.376486
v 0.910327 0.030001 -3.376486
v 1.777083 -0.029999 -3.012709
v 1.777083 0.030001 -3.012709
v 1.214272 0.071585 -3.746630
v 1.245188 0.085804 -3.732134
v 1.245188 0.071585 -3.732134
v 1.236463 0.071585 -3.736224
v 1.205551 0.071585 -3.750720
v 1.205551 0.085804 -3.750720
v 1.252529 0.025804 -3.728690
v 1.198207 0.025804 -3.754164
v 1.198207 0.041290 -3.754164
v 1.214272 0.041290 -3.746630
v 1.236463 0.041290 -3.736224
v 1.252529 0.041290 -3.728690
v 1.803982 0.071585 -3.470114
v 1.803982 0.085804 -3.470114
v 1.834897 0.071585 -3.455618
v 1.812704 0.071585 -3.466024
v 1.843618 0.085804 -3.451528
v 1.843618 0.071585 -3.451528
v 1.850963 0.041290 -3.448085
v 1.850963 0.025804 -3.448085
v 1.812704 0.041290 -3.466024
v 1.834897 0.041290 -3.455618
v 1.796639 0.025804 -3.473557
v 1.796639 0.041290 -3.473557
v 1.739727 -0.025278 -3.381978
v 1.739727 0.054722 -3.381978
v 1.767017 0.054722 -3.369519
v 1.767017 -0.025278 -3.369518
v 1.727535 -0.025278 -3.355444
v 1.727535 0.054722 -3.355444
v 1.754859 -0.025278 -3.343059
v 1.754859 0.054722 -3.343059
v 1.188711 0.054722 -3.633562
v 1.216001 0.054722 -3.621102
v 1.216001 -0.025278 -3.621102
v 1.188711 -0.025278 -3.633562
v 1.203148 0.054722 -3.593116
v 1.203148 -0.025278 -3.593116
v 1.175824 0.054722 -3.605501
v 1.175824 -0.025278 -3.605501
v 1.074677 -0.029999 -3.748708
v 1.074677 0.030001 -3.748708
v 1.927772 0.030001 -3.353958
v 1.927772 -0.029999 -3.353958
v 1.014142 -0.029999 -3.615779
v 1.014142 0.030001 -3.615779
v 1.872267 -0.029999 -3.232086
v 1.872267 0.030001 -3.232086
v 1.326429 0.071585 -3.978846
v 1.357002 0.085804 -3.963641
v 1.357002 0.071585 -3.963641
v 1.348375 0.071585 -3.967932
v 1.317804 0.071585 -3.983136
v 1.317804 0.085804 -3.983136
v 1.364265 0.025804 -3.960029
v 1.310542 0.025804 -3.986748
v 1.310542 0.041290 -3.986748
v 1.326431 0.041290 -3.978846
v 1.348375 0.041290 -3.967932
v 1.364265 0.041290 -3.960029
v 1.909609 0.071585 -3.688808
v 1.909609 0.085804 -3.688808
v 1.940180 0.071585 -3.673604
v 1.918234 0.071585 -3.684519
v 1.948807 0.085804 -3.669314
v 1.948807 0.071585 -3.669314
v 1.956068 0.041290 -3.665702
v 1.956068 0.025804 -3.665702
v 1.918234 0.041290 -3.684519
v 1.940180 0.041290 -3.673604
v 1.902346 0.025804 -3.692420
v 1.902346 0.041290 -3.692420
v 1.843210 -0.025278 -3.602240
v 1.843210 0.054722 -3.602240
v 1.870205 0.054722 -3.589154
v 1.870205 -0.025278 -3.589154
v 1.830690 -0.025278 -3.575857
v 1.830690 0.054722 -3.575857
v 1.857721 -0.025278 -3.562846
v 1.857721 0.054722 -3.562846
v 1.298142 0.054722 -3.866465
v 1.325138 0.054722 -3.853379
v 1.325138 -0.025278 -3.853379
v 1.298142 -0.025278 -3.866465
v 1.311923 0.054722 -3.825561
v 1.311923 -0.025278 -3.825561
v 1.284892 0.054722 -3.838573
v 1.284892 -0.025278 -3.838573
v 1.186855 -0.029999 -3.984176
v 1.186855 0.030001 -3.984176
v 2.030623 0.030001 -3.569859
v 2.030623 -0.029999 -3.569859
v 1.123423 -0.029999 -3.852612
v 1.123423 0.030001 -3.852612
v 1.972469 -0.029999 -3.449224
v 1.972469 0.030001 -3.449224
v 1.443892 0.071585 -4.208416
v 1.474103 0.085804 -4.192512
v 1.474103 0.071585 -4.192512
v 1.465579 0.071585 -4.196999
v 1.435366 0.071585 -4.212904
v 1.435366 0.085804 -4.212904
v 1.481284 0.025804 -4.188733
v 1.428190 0.025804 -4.216682
v 1.428190 0.041290 -4.216682
v 1.443892 0.041290 -4.208416
v 1.465579 0.041290 -4.196999
v 1.481284 0.041290 -4.188733
v 2.020233 0.071585 -3.905025
v 2.020233 0.085804 -3.905025
v 2.050448 0.071585 -3.889120
v 2.028759 0.071585 -3.900538
v 2.058974 0.085804 -3.884633
v 2.058974 0.071585 -3.884633
v 2.066151 0.041290 -3.880855
v 2.066151 0.025804 -3.880855
v 2.028759 0.041290 -3.900538
v 2.050448 0.041290 -3.889120
v 2.013057 0.025804 -3.908803
v 2.013057 0.041290 -3.908803
v 1.951914 -0.025278 -3.819979
v 1.951914 0.054722 -3.819979
v 1.978601 0.054722 -3.806274
v 1.978601 -0.025278 -3.806274
v 1.938877 -0.025278 -3.793846
v 1.938877 0.054722 -3.793846
v 1.965602 -0.025278 -3.780216
v 1.965602 0.054722 -3.780216
v 1.413080 0.054722 -4.096693
v 1.439767 0.054722 -4.082988
v 1.439767 -0.025278 -4.082988
v 1.413080 -0.025278 -4.096693
v 1.426003 0.054722 -4.055438
v 1.426003 -0.025278 -4.055438
v 1.399278 0.054722 -4.069069
v 1.399278 -0.025278 -4.069069
v 1.304415 -0.029999 -4.216995
v 1.304415 0.030001 -4.216995
v 2.138414 0.030001 -3.783351
v 2.138414 -0.029999 -3.783351
v 1.238113 -0.029999 -4.086860
v 1.238113 0.030001 -4.086860
v 2.077634 -0.029999 -3.664009
v 2.077634 0.030001 -3.664009
v 1.566587 0.071585 -4.435224
v 1.596427 0.085804 -4.418629
v 1.596427 0.071585 -4.418629
v 1.588009 0.071585 -4.423312
v 1.558169 0.071585 -4.439907
v 1.558169 0.085804 -4.439907
v 1.603516 0.025804 -4.414687
v 1.551080 0.025804 -4.443849
v 1.551080 0.041290 -4.443849
v 1.566587 0.041290 -4.435224
v 1.588009 0.041290 -4.423312
v 1.603516 0.041290 -4.414687
v 2.135799 0.071585 -4.118654
v 2.135799 0.085804 -4.118654
v 2.165639 0.071585 -4.102058
v 2.144217 0.071585 -4.113972
v 2.174057 0.085804 -4.097376
v 2.174057 0.071585 -4.097376
v 2.181146 0.041290 -4.093434
v 2.181146 0.025804 -4.093434
v 2.144217 0.041290 -4.113972
v 2.165639 0.041290 -4.102058
v 2.128710 0.025804 -4.122597
v 2.128710 0.041290 -4.122597
v 2.065710 -0.025278 -4.035107
v 2.065710 0.054722 -4.035107
v 2.092073 0.054722 -4.020792
v 2.092073 -0.025278 -4.020792
v 2.052039 -0.025278 -4.009299
v 2.052039 0.054722 -4.009299
v 2.078442 -0.025278 -3.995056
v 2.078442 0.054722 -3.995056
v 1.533385 0.054722 -4.324149
v 1.559750 0.054722 -4.309835
v 1.559750 -0.025278 -4.309835
v 1.533385 -0.025278 -4.324149
v 1.545321 0.054722 -4.282627
v 1.545321 -0.025278 -4.282627
v 1.518919 0.054722 -4.296870
v 1.518919 -0.025278 -4.296870
v 1.427287 -0.029999 -4.447044
v 1.427287 0.030001 -4.447044
v 2.251087 0.030001 -3.994323
v 2.251087 -0.029999 -3.994323
v 1.358144 -0.029999 -4.318401
v 1.358144 0.030001 -4.318401
v 2.187708 -0.029999 -3.876333
v 2.187708 0.030001 -3.876333
v 1.694450 0.071585 -4.659152
v 1.723900 0.085804 -4.641876
v 1.723900 0.071585 -4.641876
v 1.715590 0.071585 -4.646751
v 1.686139 0.071585 -4.664028
v 1.686139 0.085804 -4.664028
v 1.730896 0.025804 -4.637771
v 1.679144 0.025804 -4.668132
v 1.679144 0.041290 -4.668132
v 1.694450 0.041290 -4.659152
v 1.715590 0.041290 -4.646751
v 1.730896 0.041290 -4.637771
v 2.256234 0.071585 -4.329584
v 2.256234 0.085804 -4.329584
v 2.285684 0.071585 -4.312308
v 2.264544 0.071585 -4.324710
v 2.293996 0.085804 -4.307432
v 2.293996 0.071585 -4.307432
v 2.300990 0.041290 -4.303329
v 2.300990 0.025804 -4.303329
v 2.264544 0.041290 -4.324709
v 2.285684 0.041290 -4.312308
v 2.249238 0.025804 -4.333688
v 2.249238 0.041290 -4.333688
v 2.184405 -0.025278 -4.247576
v 2.184405 0.054722 -4.247576
v 2.210434 0.054722 -4.232658
v 2.210434 -0.025278 -4.232658
v 2.170113 -0.025278 -4.222105
v 2.170113 0.054722 -4.222105
v 2.196182 -0.025278 -4.207259
v 2.196182 0.054722 -4.207259
v 1.658868 0.054722 -4.548781
v 1.684897 0.054722 -4.533862
v 1.684897 -0.025278 -4.533862
v 1.658868 -0.025278 -4.548781
v 1.669816 0.054722 -4.507013
v 1.669816 -0.025278 -4.507013
v 1.643746 0.054722 -4.521859
v 1.643746 -0.025278 -4.521859
v 1.555404 -0.029999 -4.674206
v 1.555404 0.030001 -4.674206
v 2.368577 0.030001 -4.202668
v 2.368577 -0.029999 -4.202668
v 1.483450 -0.029999 -4.547117
v 1.483450 0.030001 -4.547117
v 2.302627 -0.029999 -4.086086
v 2.302627 0.030001 -4.086086
v 1.827408 0.071585 -4.880085
v 1.856452 0.085804 -4.862136
v 1.856452 0.071585 -4.862136
v 1.848258 0.071585 -4.867201
v 1.819211 0.071585 -4.885150
v 1.819211 0.085804 -4.885150
v 1.863353 0.025804 -4.857873
v 1.812310 0.025804 -4.889413
v 1.812310 0.041290 -4.889413
v 1.827408 0.041290 -4.880085
v 1.848258 0.041290 -4.867201
v 1.863353 0.041290 -4.857873
v 2.381480 0.071585 -4.537707
v 2.381480 0.085804 -4.537707
v 2.410524 0.071585 -4.519759
v 2.389674 0.071585 -4.532643
v 2.418721 0.085804 -4.514695
v 2.418721 0.071585 -4.514695
v 2.425620 0.041290 -4.510430
v 2.425620 0.025804 -4.510430
v 2.389674 0.041290 -4.532643
v 2.410524 0.041290 -4.519759
v 2.374579 0.025804 -4.541971
v 2.374579 0.041290 -4.541971
v 2.307939 -0.025278 -4.457273
v 2.307939 0.054722 -4.457273
v 2.333617 0.054722 -4.441762
v 2.333617 -0.025278 -4.441762
v 2.293031 -0.025278 -4.432155
v 2.293031 0.054722 -4.432155
v 2.318753 -0.025278 -4.416715
v 2.318753 0.054722 -4.416715
v 1.789457 0.054722 -4.770468
v 1.815135 0.054722 -4.754957
v 1.815135 -0.025278 -4.754957
v 1.789457 -0.025278 -4.770468
v 1.799410 0.054722 -4.728480
v 1.799410 -0.025278 -4.728480
v 1.773690 0.054722 -4.743921
v 1.773690 -0.025278 -4.743921
v 1.688691 -0.029999 -4.898363
v 1.688691 0.030001 -4.898363
v 2.490823 0.030001 -4.408277
v 2.490823 -0.029999 -4.408277
v 1.613962 -0.029999 -4.772890
v 1.613962 0.030001 -4.772890
v 2.422330 -0.029999 -4.293159
v 2.422330 0.030001 -4.293159
v 1.965384 0.071585 -5.097912
v 1.994012 0.085804 -5.079302
v 1.994012 0.071585 -5.079302
v 1.985936 0.071585 -5.084554
v 1.957308 0.071585 -5.103163
v 1.957308 0.085804 -5.103163
v 2.000813 0.025804 -5.074881
v 1.950509 0.025804 -5.107584
v 1.950509 0.041290 -5.107584
v 1.965384 0.041290 -5.097912
v 1.985936 0.041290 -5.084554
v 2.000813 0.041290 -5.074881
v 2.511460 0.071585 -4.742918
v 2.511460 0.085804 -4.742918
v 2.540085 0.071585 -4.724308
v 2.519538 0.071585 -4.737667
v 2.548163 0.085804 -4.719056
v 2.548163 0.071585 -4.719056
v 2.554965 0.041290 -4.714636
v 2.554965 0.025804 -4.714636
v 2.519538 0.041290 -4.737667
v 2.540085 0.041290 -4.724308
v 2.504660 0.025804 -4.747339
v 2.504660 0.041290 -4.747339
v 2.436241 -0.025278 -4.664093
v 2.436241 0.054722 -4.664093
v 2.461556 0.054722 -4.647996
v 2.461556 -0.025278 -4.647996
v 2.420731 -0.025278 -4.639342
v 2.420731 0.054722 -4.639342
v 2.446092 -0.025278 -4.623314
v 2.446092 0.054722 -4.623314
v 1.925083 0.054722 -4.989101
v 1.950398 0.054722 -4.973005
v 1.950398 -0.025278 -4.973005
v 1.925083 -0.025278 -4.989101
v 1.934039 0.054722 -4.946915
v 1.934039 -0.025278 -4.946915
v 1.908680 0.054722 -4.962941
v 1.908680 -0.025278 -4.962941
v 1.827188 -0.029999 -5.119330
v 1.827188 0.030001 -5.119329
v 2.617867 0.030001 -4.610973
v 2.617867 -0.029999 -4.610973
v 1.749605 -0.029999 -4.995605
v 1.749605 0.030001 -4.995605
v 2.546750 -0.029999 -4.497447
v 2.546750 0.030001 -4.497447
v 2.108307 0.071585 -5.312521
v 2.136500 0.085804 -5.293260
v 2.136500 0.071585 -5.293260
v 2.128546 0.071585 -5.298694
v 2.100353 0.071585 -5.317956
v 2.100353 0.085804 -5.317956
v 2.143196 0.025804 -5.288684
v 2.093657 0.025804 -5.322531
v 2.093657 0.041290 -5.322531
v 2.108307 0.041290 -5.312521
v 2.128546 0.041290 -5.298694
v 2.143196 0.041290 -5.288684
v 2.646105 0.071585 -4.945109
v 2.646105 0.085804 -4.945109
v 2.674298 0.071585 -4.925848
v 2.654059 0.071585 -4.939674
v 2.682252 0.085804 -4.920413
v 2.682252 0.071585 -4.920413
v 2.688948 0.041290 -4.915838
v 2.688948 0.025804 -4.915838
v 2.654059 0.041290 -4.939674
v 2.674298 0.041290 -4.925848
v 2.639409 0.025804 -4.949684
v 2.639409 0.041290 -4.949684
v 2.569240 -0.025278 -4.867930
v 2.569240 0.054722 -4.867930
v 2.594180 0.054722 -4.851257
v 2.594180 -0.025278 -4.851257
v 2.553137 -0.025278 -4.843559
v 2.553137 0.054722 -4.843559
v 2.578125 -0.025278 -4.826955
v 2.578125 0.054722 -4.826955
v 2.065665 0.054722 -5.204569
v 2.090605 0.054722 -5.187896
v 2.090605 -0.025278 -5.187896
v 2.065665 -0.025278 -5.204569
v 2.073624 0.054722 -5.162207
v 2.073624 -0.025278 -5.162207
v 2.048640 0.054722 -5.178811
v 2.048640 -0.025278 -5.178811
v 1.970833 -0.029999 -5.336969
v 1.970833 0.030001 -5.336969
v 2.749655 0.030001 -4.810627
v 2.749655 -0.029999 -4.810627
v 1.890302 -0.029999 -5.215149
v 1.890302 0.030001 -5.215149
v 2.675815 -0.029999 -4.698846
v 2.675815 0.030001 -4.698846
v 2.256095 0.071585 -5.523803
v 2.283839 0.085804 -5.503902
v 2.283839 0.071585 -5.503902
v 2.276009 0.071585 -5.509516
v 2.248265 0.071585 -5.529418
v 2.248265 0.085804 -5.529418
v 2.290430 0.025804 -5.499174
v 2.241674 0.025804 -5.534146
v 2.241674 0.041290 -5.534146
v 2.256095 0.041290 -5.523803
v 2.276009 0.041290 -5.509517
v 2.290430 0.041290 -5.499174
v 2.785340 0.071585 -5.144178
v 2.785340 0.085804 -5.144178
v 2.813084 0.071585 -5.124276
v 2.793170 0.071585 -5.138562
v 2.820914 0.085804 -5.118661
v 2.820914 0.071585 -5.118661
v 2.827505 0.041290 -5.113933
v 2.827505 0.025804 -5.113933
v 2.793170 0.041290 -5.138562
v 2.813084 0.041290 -5.124276
v 2.778749 0.025804 -5.148905
v 2.778749 0.041290 -5.148905
v 2.706862 -0.025278 -5.068678
v 2.706862 0.054722 -5.068678
v 2.731414 0.054722 -5.051439
v 2.731414 -0.025278 -5.051439
v 2.690181 -0.025278 -5.044701
v 2.690181 0.054722 -5.044701
v 2.714778 -0.025278 -5.027529
v 2.714778 0.054722 -5.027529
v 2.211127 0.054722 -5.416759
v 2.235679 0.054722 -5.399520
v 2.235679 -0.025278 -5.399520
v 2.211127 -0.025278 -5.416759
v 2.218091 0.054722 -5.374248
v 2.218091 -0.025278 -5.374248
v 2.193490 0.054722 -5.391419
v 2.193490 -0.025278 -5.391419
v 2.119403 -0.029999 -5.551259
v 2.119403 0.030001 -5.551259
v 2.885974 0.030001 -5.007227
v 2.885973 -0.029999 -5.007227
v 2.035978 -0.029999 -5.431411
v 2.035978 0.030001 -5.431411
v 2.809461 -0.029999 -4.897250
v 2.809461 0.030001 -4.897250
v 2.408664 0.071585 -5.731652
v 2.435945 0.085804 -5.711121
v 2.435945 0.071585 -5.711121
v 2.428246 0.071585 -5.716914
v 2.400965 0.071585 -5.737444
v 2.400965 0.085804 -5.737444
v 2.442426 0.025804 -5.706244
v 2.394484 0.025804 -5.742321
v 2.394484 0.041290 -5.742321
v 2.408664 0.041290 -5.731652
v 2.428246 0.041290 -5.716914
v 2.442426 0.041290 -5.706244
v 2.929088 0.071585 -5.340021
v 2.929088 0.085804 -5.340021
v 2.956371 0.071585 -5.319491
v 2.936787 0.071585 -5.334229
v 2.964069 0.085804 -5.313699
v 2.964069 0.071585 -5.313699
v 2.970551 0.041290 -5.308822
v 2.970551 0.025804 -5.308822
v 2.936787 0.041290 -5.334229
v 2.956371 0.041290 -5.319491
v 2.922608 0.025804 -5.344899
v 2.922608 0.041290 -5.344899
v 2.849036 -0.025278 -5.266236
v 2.849036 0.054722 -5.266236
v 2.873188 0.054722 -5.248439
v 2.873188 -0.025278 -5.248439
v 2.831781 -0.025278 -5.242666
v 2.831781 0.054722 -5.242666
v 2.855981 -0.025278 -5.224936
v 2.855981 0.054722 -5.224936
v 2.361394 0.054722 -5.625567
v 2.385544 0.054722 -5.607770
v 2.385544 -0.025278 -5.607770
v 2.361394 -0.025278 -5.625567
v 2.367355 0.054722 -5.582927
v 2.367355 -0.025278 -5.582927
v 2.343155 0.054722 -5.600657
v 2.343155 -0.025278 -5.600657
v 2.272817 -0.029999 -5.762093
v 2.272817 0.030001 -5.762093
v 3.026742 0.030001 -5.200669
v 3.026742 -0.029999 -5.200669
v 2.186551 -0.029999 -5.644279
v 2.186551 0.030001 -5.644279
v 2.947606 -0.029999 -5.092558
v 2.947606 0.030001 -5.092558
v 2.565935 0.071585 -5.935963
v 2.592742 0.085804 -5.914815
v 2.592742 0.071585 -5.914815
v 2.585176 0.071585 -5.920782
v 2.558371 0.071585 -5.941931
v 2.558371 0.085804 -5.941931
v 2.599108 0.025804 -5.909790
v 2.552004 0.025804 -5.946954
v 2.552004 0.041290 -5.946954
v 2.565935 0.041290 -5.935963
v 2.585176 0.041290 -5.920782
v 2.599108 0.041290 -5.909790
v 3.077276 0.071585 -5.532543
v 3.077276 0.085804 -5.532543
v 3.104081 0.071585 -5.511394
v 3.084840 0.071585 -5.526575
v 3.111645 0.085804 -5.505427
v 3.111645 0.071585 -5.505427
v 3.118013 0.041290 -5.500403
v 3.118013 0.025804 -5.500403
v 3.084840 0.041290 -5.526575
v 3.104081 0.041290 -5.511394
v 3.070909 0.025804 -5.537566
v 3.070909 0.041290 -5.537566
v 2.995678 -0.025278 -5.460501
v 2.995678 0.054722 -5.460501
v 3.019417 0.054722 -5.442157
v 3.019417 -0.025278 -5.442157
v 2.977867 -0.025278 -5.437352
v 2.977867 0.054722 -5.437352
v 3.001656 -0.025278 -5.419074
v 3.001656 0.054722 -5.419074
v 2.516378 0.054722 -5.830885
v 2.540115 0.054722 -5.812541
v 2.540115 -0.025278 -5.812541
v 2.516378 -0.025278 -5.830885
v 2.521340 0.054722 -5.788143
v 2.521340 -0.025278 -5.788143
v 2.497551 0.054722 -5.806421
v 2.497551 -0.025278 -5.806421
v 2.430995 -0.029999 -5.969364
v 2.430995 0.030001 -5.969364
v 3.171891 0.030001 -5.390856
v 3.171891 -0.029999 -5.390856
v 2.341940 -0.029999 -5.853649
v 2.341940 0.030001 -5.853649
v 3.090182 -0.029999 -5.284670
v 3.090182 0.030001 -5.284670
v 2.728011 0.071585 -6.136475
v 2.754327 0.085804 -6.114720
v 2.754327 0.071585 -6.114720
v 2.746903 0.071585 -6.120858
v 2.720585 0.071585 -6.142614
v 2.720585 0.085804 -6.142614
v 2.760578 0.025804 -6.109553
v 2.714334 0.025804 -6.147782
v 2.714334 0.041290 -6.147782
v 2.728011 0.041290 -6.136475
v 2.746903 0.041290 -6.120859
v 2.760578 0.041290 -6.109553
v 3.230007 0.071585 -5.721484
v 3.230007 0.085804 -5.721484
v 3.256323 0.071585 -5.699729
v 3.237433 0.071585 -5.715346
v 3.263747 0.085804 -5.693590
v 3.263747 0.071585 -5.693590
v 3.270000 0.041290 -5.688423
v 3.270000 0.025804 -5.688423
v 3.237433 0.041290 -5.715346
v 3.256323 0.041290 -5.699729
v 3.223756 0.025804 -5.726652
v 3.223756 0.041290 -5.726652
v 3.146719 -0.025278 -5.651378
v 3.146719 0.054722 -5.651378
v 3.170032 0.054722 -5.632496
v 3.170032 -0.025278 -5.632496
v 3.128355 -0.025278 -5.628662
v 3.128355 0.054722 -5.628662
v 3.151720 -0.025278 -5.609845
v 3.151720 0.054722 -5.609845
v 2.676001 0.054722 -6.032613
v 2.699314 0.054722 -6.013732
v 2.699314 -0.025278 -6.013732
v 2.676001 -0.025278 -6.032613
v 2.679962 0.054722 -5.989788
v 2.679962 -0.025278 -5.989788
v 2.656596 0.054722 -6.008606
v 2.656596 -0.025278 -6.008606
v 2.593847 -0.029999 -6.172968
v 2.593847 0.030001 -6.172968
v 3.321340 0.030001 -5.577690
v 3.321340 -0.029999 -5.577690
v 2.502061 -0.029999 -6.059416
v 2.502061 0.030001 -6.059416
v 3.237107 -0.029999 -5.473490
v 3.237107 0.030001 -5.473490
v 2.894631 0.071585 -6.333220
v 2.920445 0.085804 -6.310870
v 2.920445 0.071585 -6.310870
v 2.913160 0.071585 -6.317176
v 2.887349 0.071585 -6.339526
v 2.887349 0.085804 -6.339526
v 2.926575 0.025804 -6.305560
v 2.881216 0.025804 -6.344836
v 2.881216 0.041290 -6.344836
v 2.894631 0.041290 -6.333220
v 2.913160 0.041290 -6.317176
v 2.926575 0.041290 -6.305560
v 3.387025 0.071585 -5.906880
v 3.387025 0.085804 -5.906880
v 3.412839 0.071585 -5.884530
v 3.394308 0.071585 -5.900574
v 3.420122 0.085803 -5.878224
v 3.420122 0.071584 -5.878224
v 3.426254 0.041290 -5.872914
v 3.426254 0.025804 -5.872914
v 3.394308 0.041290 -5.900574
v 3.412839 0.041290 -5.884530
v 3.380893 0.025804 -5.912189
v 3.380893 0.041290 -5.912189
v 3.302068 -0.025278 -5.838767
v 3.302068 0.054722 -5.838767
v 3.324945 0.054722 -5.819358
v 3.324945 -0.025278 -5.819358
v 3.283167 -0.025278 -5.816496
v 3.283167 0.054722 -5.816496
v 3.306096 -0.025278 -5.797150
v 3.306096 0.054722 -5.797150
v 2.840177 0.054722 -6.230649
v 2.863054 0.054722 -6.211240
v 2.863054 -0.025278 -6.211240
v 2.840177 -0.025278 -6.230649
v 2.843135 0.054722 -6.187765
v 2.843135 -0.025278 -6.187765
v 2.820206 0.054722 -6.207112
v 2.820206 -0.025278 -6.207112
v 2.761293 -0.029999 -6.372804
v 2.761293 0.030001 -6.372804
v 3.475007 0.030001 -5.761076
v 3.475007 -0.029999 -5.761076
v 2.666826 -0.029999 -6.261471
v 2.666826 0.030001 -6.261471
v 3.388302 -0.029999 -5.658916
v 3.388302 0.030001 -5.658916
v 3.065684 0.071584 -6.526116
v 3.090979 0.085803 -6.503183
v 3.090979 0.071584 -6.503183
v 3.083842 0.071584 -6.509653
v 3.058546 0.071584 -6.532586
v 3.058546 0.085803 -6.532586
v 3.096987 0.025803 -6.497735
v 3.052536 0.025803 -6.538035
v 3.052536 0.041289 -6.538035
v 3.065684 0.041289 -6.526116
v 3.083842 0.041289 -6.509653
v 3.096987 0.041289 -6.497735
v 3.548224 0.071584 -6.088654
v 3.548224 0.085803 -6.088654
v 3.573519 0.071584 -6.065721
v 3.555362 0.071584 -6.082182
v 3.580657 0.085803 -6.059250
v 3.580657 0.071584 -6.059250
v 3.586665 0.041289 -6.053802
v 3.586665 0.025803 -6.053802
v 3.555362 0.041289 -6.082183
v 3.573519 0.041289 -6.065721
v 3.542214 0.025803 -6.094101
v 3.542214 0.041289 -6.094101
v 3.461649 -0.025279 -6.022572
v 3.461649 0.054721 -6.022572
v 3.484075 0.054721 -6.002647
v 3.484075 -0.025279 -6.002647
v 3.442220 -0.025279 -6.000758
v 3.442220 0.054721 -6.000758
v 3.464702 -0.025279 -5.980893
v 3.464702 0.054721 -5.980893
v 3.008821 0.054721 -6.424891
v 3.031247 0.054721 -6.404966
v 3.031247 -0.025279 -6.404966
v 3.008821 -0.025279 -6.424891
v 3.010775 0.054721 -6.381972
v 3.010775 -0.025279 -6.381972
v 2.988292 0.054721 -6.401835
v 2.988292 -0.025279 -6.401835
v 2.933239 -0.030000 -6.568771
v 2.933239 0.030000 -6.568771
v 3.632813 0.030000 -5.940918
v 3.632813 -0.030000 -5.940918
v 2.836150 -0.030000 -6.459722
v 2.836150 0.030001 -6.459722
v 3.543687 -0.030000 -5.840859
v 3.543687 0.030001 -5.840859
v 3.241078 0.071584 -6.715064
v 3.265844 0.085803 -6.691561
v 3.265844 0.071584 -6.691561
v 3.258857 0.071584 -6.698192
v 3.234089 0.071584 -6.721696
v 3.234089 0.085803 -6.721696
v 3.271728 0.025803 -6.685977
v 3.228207 0.025803 -6.727279
v 3.228207 0.041289 -6.727279
v 3.241078 0.041289 -6.715064
v 3.258857 0.041289 -6.698192
v 3.271728 0.041289 -6.685977
v 3.713517 0.071584 -6.266711
v 3.713517 0.085803 -6.266711
v 3.738283 0.071584 -6.243207
v 3.720505 0.071584 -6.260079
v 3.745271 0.085803 -6.236575
v 3.745271 0.071584 -6.236575
v 3.751155 0.041289 -6.230992
v 3.751155 0.025803 -6.230992
v 3.720505 0.041289 -6.260079
v 3.738283 0.041289 -6.243207
v 3.707633 0.025803 -6.272294
v 3.707633 0.041289 -6.272294
v 3.625373 -0.025279 -6.202700
v 3.625373 0.054721 -6.202700
v 3.647341 0.054721 -6.182268
v 3.647341 -0.025279 -6.182268
v 3.605429 -0.025279 -6.181355
v 3.605429 0.054721 -6.181355
v 3.627452 -0.025279 -6.160983
v 3.627452 0.054721 -6.160983
v 3.181841 0.054721 -6.615243
v 3.203806 0.054721 -6.594811
v 3.203806 -0.025279 -6.594811
v 3.181841 -0.025279 -6.615243
v 3.182790 0.054721 -6.572311
v 3.182792 -0.025279 -6.572311
v 3.160767 0.054721 -6.592682
v 3.160767 -0.025279 -6.592682
v 3.109600 -0.030000 -6.760765
v 3.109600 0.030000 -6.760765
v 3.794669 0.030000 -6.117121
v 3.794669 -0.030000 -6.117121
v 3.009945 -0.030000 -6.654061
v 3.009945 0.030000 -6.654061
v 3.703180 -0.030000 -6.019219
v 3.703180 0.030000 -6.019219
v 3.420726 0.071584 -6.899970
v 3.444951 0.085803 -6.875908
v 3.444951 0.071584 -6.875908
v 3.438116 0.071584 -6.882697
v 3.413890 0.071584 -6.906760
v 3.413890 0.085803 -6.906760
v 3.450705 0.025803 -6.870192
v 3.408136 0.025803 -6.912476
v 3.408136 0.041289 -6.912476
v 3.420726 0.041289 -6.899970
v 3.438116 0.041289 -6.882697
v 3.450705 0.041289 -6.870192
v 3.882816 0.071584 -6.440960
v 3.882816 0.085803 -6.440960
v 3.907041 0.071584 -6.416898
v 3.889652 0.071584 -6.434171
v 3.913877 0.085803 -6.410109
v 3.913877 0.071584 -6.410109
v 3.919631 0.041289 -6.404393
v 3.919631 0.025803 -6.404393
v 3.889652 0.041289 -6.434171
v 3.907041 0.041289 -6.416898
v 3.877062 0.025803 -6.446677
v 3.877062 0.041289 -6.446677
v 3.793156 -0.025279 -6.379055
v 3.793156 0.054721 -6.379055
v 3.814652 0.054721 -6.358128
v 3.814652 -0.025279 -6.358128
v 3.772705 -0.025279 -6.358191
v 3.772705 0.054721 -6.358191
v 3.794258 -0.025279 -6.337323
v 3.794258 0.054721 -6.337323
v 3.359145 0.054721 -6.801606
v 3.380641 0.054721 -6.780678
v 3.380641 -0.025279 -6.780678
v 3.359145 -0.025279 -6.801606
v 3.359093 0.054721 -6.758684
v 3.359093 -0.025279 -6.758683
v 3.337540 0.054721 -6.779552
v 3.337540 -0.025279 -6.779552
v 3.290281 -0.030000 -6.948699
v 3.290281 0.030000 -6.948699
v 3.960498 0.030000 -6.289600
v 3.960498 -0.030000 -6.289600
v 3.188119 -0.030000 -6.844398
v 3.188119 0.030000 -6.844398
v 3.866699 -0.030000 -6.193911
v 3.866699 0.030000 -6.193911
v 3.604534 0.071584 -7.080740
v 3.628204 0.085803 -7.056132
v 3.628204 0.071584 -7.056132
v 3.621527 0.071584 -7.063074
v 3.597858 0.071584 -7.087683
v 3.597858 0.085803 -7.087683
v 3.633826 0.025803 -7.050285
v 3.592233 0.025803 -7.093530
v 3.592233 0.041289 -7.093530
v 3.604534 0.041289 -7.080740
v 3.621527 0.041289 -7.063074
v 3.633826 0.041289 -7.050285
v 4.056038 0.071584 -6.611313
v 4.056038 0.085803 -6.611313
v 4.079707 0.071584 -6.586704
v 4.062717 0.071584 -6.604369
v 4.086386 0.085803 -6.579761
v 4.086386 0.071584 -6.579761
v 4.092008 0.041289 -6.573915
v 4.092008 0.025803 -6.573915
v 4.062717 0.041289 -6.604369
v 4.079707 0.041289 -6.586704
v 4.050416 0.025803 -6.617159
v 4.050416 0.041289 -6.617159
v 3.964909 -0.025279 -6.551547
v 3.964909 0.054721 -6.551547
v 3.985921 0.054721 -6.530135
v 3.985921 -0.025279 -6.530135
v 3.943967 -0.025279 -6.531177
v 3.943967 0.054721 -6.531177
v 3.965038 -0.025279 -6.509823
v 3.965038 0.054721 -6.509823
v 3.540647 0.054721 -6.983885
v 3.561659 0.054721 -6.962472
v 3.561659 -0.025279 -6.962472
v 3.540647 -0.025279 -6.983885
v 3.539595 0.054721 -6.940997
v 3.539595 -0.025279 -6.940997
v 3.518524 0.054721 -6.962351
v 3.518524 -0.025279 -6.962351
v 3.475195 -0.030000 -7.132470
v 3.475195 0.030000 -7.132470
v 4.130207 0.030000 -6.458260
v 4.130207 -0.030000 -6.458260
v 3.370594 -0.030000 -7.030615
v 3.370594 0.030000 -7.030615
v 4.034163 -0.030000 -6.364825
v 4.034163 0.030000 -6.364825
v 3.775408 0.071584 -7.245277
v 3.798510 0.085803 -7.220135
v 3.798510 0.071584 -7.220135
v 3.791991 0.071584 -7.227229
v 3.768889 0.071584 -7.252372
v 3.768889 0.085803 -7.252372
v 3.803998 0.025803 -7.214163
v 3.763401 0.025803 -7.258345
v 3.763401 0.041289 -7.258345
v 3.775408 0.041289 -7.245277
v 3.791991 0.041289 -7.227229
v 3.803998 0.041289 -7.214163
v 4.238090 0.071584 -6.787677
v 4.238090 0.085803 -6.787677
v 4.261192 0.071584 -6.762535
v 4.244608 0.071584 -6.780583
v 4.267708 0.085803 -6.755441
v 4.267708 0.071584 -6.755441
v 4.273197 0.041289 -6.749468
v 4.273197 0.025803 -6.749468
v 4.244608 0.041289 -6.780583
v 4.261192 0.041289 -6.762535
v 4.232601 0.025803 -6.793649
v 4.232601 0.041289 -6.793649
v 4.140544 -0.025279 -6.720089
v 4.140544 0.054721 -6.720089
v 4.161061 0.054721 -6.698203
v 4.161061 -0.025279 -6.698203
v 4.119122 -0.025279 -6.700225
v 4.119122 0.054721 -6.700225
v 4.139700 -0.025279 -6.678395
v 4.139700 0.054721 -6.678395
v 3.726249 0.054721 -7.161987
v 3.746768 0.054721 -7.140102
v 3.746768 -0.025279 -7.140102
v 3.726249 -0.025279 -7.161987
v 3.724200 0.054721 -7.119157
v 3.724200 -0.025279 -7.119157
v 3.703621 0.054721 -7.140987
v 3.703621 -0.025279 -7.140987
v 3.664243 -0.030000 -7.311986
v 3.664243 0.030000 -7.311986
v 4.303711 0.030000 -6.623014
v 4.303711 -0.030000 -6.623014
v 3.557433 -0.030000 -7.212453
v 3.557433 0.030000 -7.212453
v 4.205649 -0.030000 -6.531705
v 4.205649 0.030000 -6.531705
v 4.238090 0.071584 -6.787677
v 4.238090 0.085803 -6.787677
v 4.261192 0.071584 -6.762535
v 4.244608 0.071584 -6.780583
v 4.267708 0.085803 -6.755441
v 4.267708 0.071584 -6.755441
v 4.273197 0.041289 -6.749468
v 4.273197 0.025803 -6.749468
v 4.244608 0.041289 -6.780583
v 4.261192 0.041289 -6.762535
v 4.232601 0.025803 -6.793649
v 4.232601 0.041289 -6.793649
vn 0.024100 -0.000000 -0.999700
vn -0.999900 -0.000000 0.014400
vn -0.001600 -0.000000 1.000000
vn -0.001500 -0.000000 1.000000
vn -0.001600 0.000100 1.000000
vn 0.999900 -0.000000 -0.014500
vn -0.000000 1.000000 -0.000000
vn -0.000000 -1.000000 -0.000000
vn 1.000000 -0.000000 -0.010000
vn -0.001500 0.000100 1.000000
vn -1.000000 -0.000000 0.009800
vn -1.000000 -0.000000 0.009900
vn 1.000000 -0.000000 -0.009900
vn 0.014200 -0.000000 -0.999900
vn -0.999900 -0.000000 -0.014500
vn -0.011500 -0.000000 0.999900
vn 0.999900 -0.000000 0.014500
vn 0.999900 -0.000000 0.014300
vn -0.999900 -0.000000 -0.014400
vn 0.019100 -0.000000 -0.999800
vn -0.999900 -0.000000 -0.014300
vn -0.006500 -0.000000 1.000000
vn 0.046700 -0.000000 -0.998900
vn -0.999900 -0.000000 -0.015700
vn -0.024100 -0.000000 0.999700
vn 0.999900 -0.000000 0.015600
vn -0.999900 -0.000000 -0.015600
vn -0.046700 -0.000000 0.998900
vn 1.000000 -0.000000 0.007600
vn -1.000000 -0.000000 -0.007800
vn 1.000000 -0.000000 0.007700
vn 0.036700 -0.000000 -0.999300
vn -0.999200 -0.000000 -0.039800
vn -0.034000 -0.000000 0.999400
vn 0.999200 -0.000000 0.039800
vn 0.999200 -0.000000 0.039500
vn -0.999200 -0.000000 -0.039600
vn 0.041700 -0.000000 -0.999100
vn -0.029000 -0.000000 0.999600
vn 0.999200 -0.000000 0.039900
vn 0.069400 -0.000000 -0.997600
vn -0.999100 -0.000000 -0.042300
vn 0.999100 -0.000000 0.042200
vn 0.999100 -0.000000 0.043000
vn -0.999100 -0.000000 -0.043100
vn 0.059400 -0.000000 -0.998200
vn -0.997900 -0.000000 -0.065100
vn -0.056700 -0.000000 0.998400
vn 0.997900 -0.000000 0.065300
vn 0.997900 -0.000000 0.064800
vn -0.997900 -0.000000 -0.064800
vn 0.064400 -0.000000 -0.997900
vn -0.998000 -0.000000 -0.063400
vn -0.051700 -0.000000 0.998700
vn 0.998000 -0.000000 0.063900
vn 0.092100 -0.000000 -0.995700
vn 0.092200 -0.000000 -0.995700
vn 0.092200 -0.000100 -0.995700
vn -0.996700 -0.000000 -0.081100
vn -0.069400 -0.000000 0.997600
vn 0.996700 -0.000000 0.081100
vn 0.092100 0.000100 -0.995700
vn 0.082100 -0.000000 -0.996600
vn -0.995900 -0.000000 -0.090500
vn -0.079400 -0.000000 0.996800
vn 0.995900 -0.000000 0.090600
vn 0.995900 -0.000000 0.090000
vn -0.995900 -0.000000 -0.090000
vn 0.087100 -0.000000 -0.996200
vn -0.996500 -0.000000 -0.083700
vn -0.074400 -0.000000 0.997200
vn 0.996500 -0.000000 0.084000
vn 0.114900 -0.000000 -0.993400
vn -0.994600 -0.000000 -0.103600
vn -0.092200 -0.000000 0.995700
vn -0.092100 -0.000000 0.995700
vn 0.994600 -0.000000 0.103600
vn 0.104900 -0.000000 -0.994500
vn -0.994000 -0.000000 -0.109500
vn -0.102200 -0.000000 0.994800
vn 0.994000 -0.000000 0.109500
vn 0.994000 -0.000000 0.109200
vn -0.994000 -0.000000 -0.109200
vn 0.109900 -0.000000 -0.993900
vn -0.994600 -0.000000 -0.104200
vn -0.097200 -0.000000 0.995300
vn 0.994600 -0.000000 0.104200
vn 0.137700 -0.000000 -0.990500
vn -0.992000 -0.000000 -0.126100
vn -0.114900 -0.000000 0.993400
vn 0.992000 -0.000000 0.126100
vn 0.127700 -0.000000 -0.991800
vn -0.993400 -0.000000 -0.115100
vn -0.124900 -0.000000 0.992200
vn 0.993400 -0.000000 0.115000
vn 0.127600 -0.000000 -0.991800
vn 0.993300 -0.000000 0.115700
vn -0.993300 -0.000000 -0.115700
vn 0.132700 -0.000000 -0.991200
vn -0.992200 -0.000000 -0.124800
vn -0.119900 -0.000000 0.992800
vn 0.992200 -0.000000 0.124700
vn 0.160400 -0.000000 -0.987000
vn 0.160500 -0.000000 -0.987000
vn 0.160400 -0.000000 -0.987100
vn -0.988900 -0.000000 -0.148700
vn -0.137700 -0.000000 0.990500
vn 0.988900 -0.000000 0.148700
vn 0.150400 -0.000000 -0.988600
vn -0.990100 -0.000000 -0.140200
vn -0.147700 -0.000000 0.989000
vn 0.990100 -0.000000 0.140100
vn 0.990100 -0.000000 0.140600
vn -0.990100 -0.000000 -0.140600
vn 0.155400 -0.000000 -0.987800
vn -0.989300 -0.000000 -0.145600
vn -0.142700 -0.000000 0.989800
vn 0.989400 -0.000000 0.145300
vn 0.183100 -0.000000 -0.983100
vn -0.985200 -0.000000 -0.171300
vn -0.160400 -0.000000 0.987000
vn -0.160400 0.000100 0.987000
vn 0.985200 -0.000000 0.171300
vn 0.985200 -0.000000 0.171200
vn -0.160400 -0.000000 0.987100
vn -0.985200 -0.000000 -0.171200
vn 0.173100 -0.000000 -0.984900
vn -0.986300 -0.000000 -0.165000
vn -0.170400 -0.000000 0.985400
vn 0.986300 -0.000000 0.165000
vn 0.173200 -0.000000 -0.984900
vn 0.986200 -0.000000 0.165400
vn -0.986200 -0.000000 -0.165400
vn 0.178100 -0.000000 -0.984000
vn -0.986000 -0.000000 -0.166500
vn -0.165400 -0.000000 0.986200
vn 0.986100 -0.000000 0.166000
vn 0.205800 -0.000000 -0.978600
vn 0.205700 -0.000000 -0.978600
vn -0.981000 -0.000000 -0.193800
vn -0.183100 -0.000000 0.983100
vn 0.981000 -0.000000 0.193800
vn 0.205800 -0.000100 -0.978600
vn 0.195800 -0.000000 -0.980600
vn -0.981800 -0.000000 -0.189800
vn -0.193100 -0.000000 0.981200
vn 0.981800 -0.000000 0.189800
vn 0.981800 -0.000000 0.190100
vn -0.981800 -0.000000 -0.190100
vn 0.200800 -0.000000 -0.979600
vn -0.981800 -0.000000 -0.190200
vn -0.188100 -0.000000 0.982100
vn 0.228300 -0.000000 -0.973600
vn -0.976300 -0.000000 -0.216300
vn -0.205800 -0.000000 0.978600
vn 0.976300 -0.000000 0.216300
vn 0.976300 -0.000000 0.216200
vn -0.205800 -0.000100 0.978600
vn -0.976300 -0.000000 -0.216200
vn 0.218400 -0.000000 -0.975800
vn -0.976700 -0.000000 -0.214500
vn -0.215700 -0.000000 0.976500
vn 0.976800 -0.000000 0.214400
vn 0.218400 -0.000000 -0.975900
vn 0.976700 -0.000000 0.214600
vn 0.223400 -0.000000 -0.974700
vn -0.976700 -0.000000 -0.214600
vn -0.210700 -0.000000 0.977500
vn 0.976700 -0.000000 0.214400
vn 0.250800 -0.000000 -0.968000
vn -0.971000 -0.000000 -0.238900
vn -0.228300 -0.000000 0.973600
vn 0.971000 -0.000000 0.238900
vn 0.971100 -0.000000 0.238900
vn 0.250800 -0.000100 -0.968000
vn 0.250700 -0.000000 -0.968100
vn 0.250800 -0.000000 -0.968100
vn 0.971100 -0.000000 0.238800
vn -0.971100 -0.000000 -0.238800
vn 0.240900 -0.000000 -0.970500
vn -0.238200 -0.000000 0.971200
vn 0.240900 -0.000000 -0.970600
vn 0.245800 -0.000000 -0.969300
vn -0.233300 -0.000000 0.972400
vn 0.273100 -0.000000 -0.962000
vn -0.964900 -0.000100 -0.262800
vn -0.250800 -0.000000 0.968000
vn 0.964900 -0.000000 0.262800
vn -0.964900 -0.000000 -0.262800
vn 0.964800 -0.000000 0.262800
vn -0.250700 -0.000000 0.968100
vn -0.964800 -0.000000 -0.262800
vn 0.263300 -0.000000 -0.964700
vn -0.964800 -0.000000 -0.263100
vn -0.260600 -0.000000 0.965400
vn 0.964800 -0.000000 0.263000
vn -0.964800 -0.000000 -0.262900
vn 0.268200 -0.000000 -0.963400
vn -0.255700 -0.000000 0.966800
vn 0.295300 -0.000000 -0.955400
vn -0.958600 -0.000100 -0.284900
vn -0.273100 -0.000000 0.962000
vn 0.958600 -0.000000 0.284900
vn -0.958600 -0.000000 -0.284900
vn 0.958500 -0.000000 0.284900
vn -0.958500 -0.000000 -0.284900
vn 0.958500 0.000100 0.284900
vn 0.285600 -0.000000 -0.958400
vn -0.957900 -0.000000 -0.287000
vn -0.282900 -0.000000 0.959100
vn 0.957900 -0.000000 0.287000
vn 0.958000 -0.000000 0.286900
vn -0.282900 -0.000000 0.959200
vn -0.958000 -0.000000 -0.286900
vn 0.290400 -0.000000 -0.956900
vn -0.958000 -0.000000 -0.286800
vn -0.278000 -0.000000 0.960600
vn 0.317300 -0.000000 -0.948300
vn 0.317300 0.000100 -0.948300
vn -0.951800 -0.000000 -0.306900
vn -0.295300 -0.000000 0.955400
vn 0.951800 -0.000000 0.306900
vn 0.951800 -0.000000 0.306800
vn -0.951800 -0.000000 -0.306800
vn 0.951700 -0.000000 0.306900
vn -0.951700 -0.000000 -0.306900
vn 0.951700 0.000100 0.306900
vn 0.307700 -0.000000 -0.951500
vn -0.950500 -0.000000 -0.310700
vn -0.305000 -0.000000 0.952300
vn 0.950500 -0.000000 0.310700
vn 0.307600 -0.000000 -0.951500
vn 0.950600 -0.000000 0.310500
vn -0.305000 -0.000000 0.952400
vn -0.950600 -0.000000 -0.310500
vn 0.312500 -0.000000 -0.949900
vn -0.950600 -0.000000 -0.310400
vn -0.300200 -0.000000 0.953900
vn 0.950500 -0.000000 0.310800
vn 0.339200 -0.000000 -0.940700
vn -0.944400 -0.000000 -0.328700
vn -0.317300 -0.000000 0.948300
vn -0.317400 -0.000000 0.948300
vn -0.317300 -0.000100 0.948300
vn 0.944400 -0.000000 0.328700
vn 0.329500 -0.000000 -0.944100
vn -0.942500 -0.000000 -0.334100
vn -0.326900 -0.000000 0.945000
vn 0.942500 -0.000000 0.334200
vn 0.329600 -0.000000 -0.944100
vn 0.942700 -0.000000 0.333800
vn -0.942700 -0.000000 -0.333800
vn 0.334400 -0.000000 -0.942400
vn -0.942800 -0.000000 -0.333500
vn -0.322100 -0.000000 0.946700
vn 0.942600 -0.000000 0.334000
vn 0.360800 -0.000000 -0.932600
vn 0.360900 -0.000000 -0.932600
vn 0.360900 0.000100 -0.932600
vn -0.936600 -0.000000 -0.350300
vn -0.339200 -0.000000 0.940700
vn 0.936600 -0.000000 0.350300
vn 0.936600 -0.000000 0.350400
vn 0.351300 -0.000000 -0.936300
vn -0.934000 -0.000000 -0.357200
vn -0.348700 -0.000000 0.937200
vn 0.934000 -0.000000 0.357300
vn 0.934200 -0.000000 0.356800
vn -0.934200 -0.000000 -0.356800
vn 0.356100 -0.000000 -0.934500
vn -0.935300 -0.000000 -0.353900
vn -0.344000 -0.000000 0.939000
vn 0.935100 -0.000000 0.354300
vn 0.382300 -0.000000 -0.924000
vn 0.382300 -0.000100 -0.924000
vn 0.382300 -0.000000 -0.924100
vn -0.928300 -0.000000 -0.371800
vn -0.360900 -0.000000 0.932600
vn -0.360800 -0.000000 0.932600
vn 0.928300 -0.000000 0.371800
vn 0.372900 -0.000000 -0.927900
vn -0.924900 -0.000000 -0.380200
vn -0.370300 -0.000000 0.928900
vn 0.924900 -0.000000 0.380100
vn 0.925100 -0.000000 0.379800
vn -0.925100 -0.000000 -0.379700
vn 0.377600 -0.000000 -0.926000
vn -0.927300 -0.000000 -0.374200
vn -0.365600 -0.000000 0.930800
vn 0.927200 -0.000000 0.374500
vn 0.403500 -0.000000 -0.915000
vn 0.403600 -0.000000 -0.914900
vn 0.403500 0.000100 -0.915000
vn -0.919500 -0.000000 -0.393100
vn -0.382300 -0.000000 0.924000
vn -0.382300 -0.000100 0.924000
vn 0.919500 -0.000000 0.393100
vn -0.919500 -0.000000 -0.393000
vn 0.403600 -0.000100 -0.914900
vn 0.403600 -0.000000 -0.915000
vn 0.403600 -0.000100 -0.915000
vn 0.394300 -0.000000 -0.919000
vn -0.915300 -0.000000 -0.402800
vn -0.391700 -0.000000 0.920100
vn 0.915300 -0.000000 0.402800
vn 0.394200 -0.000000 -0.919000
vn 0.915500 -0.000000 0.402300
vn -0.915500 -0.000000 -0.402200
vn 0.398900 -0.000000 -0.917000
vn -0.918900 -0.000000 -0.394400
vn -0.387000 -0.000000 0.922100
vn 0.918900 -0.000000 0.394600
vn 0.424600 -0.000000 -0.905400
vn 0.424500 -0.000000 -0.905400
vn 0.424500 -0.000100 -0.905400
vn -0.910200 -0.000000 -0.414100
vn -0.403500 -0.000000 0.915000
vn 0.910200 -0.000000 0.414100
vn -0.403600 0.000100 0.915000
vn -0.403600 0.000100 0.914900
vn 0.415300 -0.000000 -0.909700
vn -0.908700 -0.000000 -0.417500
vn -0.412800 -0.000000 0.910800
vn 0.908700 -0.000000 0.417500
vn 0.908700 -0.000000 0.417400
vn -0.908800 -0.000000 -0.417300
vn 0.419900 -0.000000 -0.907500
vn -0.910100 -0.000000 -0.414400
vn -0.408200 -0.000000 0.912900
vn 0.910100 -0.000000 0.414500
vn 0.445300 -0.000000 -0.895400
vn -0.900500 -0.000000 -0.434900
vn -0.424600 -0.000000 0.905400
vn 0.900500 -0.000000 0.434900
vn 0.445300 0.000100 -0.895400
vn -0.424600 -0.000100 0.905400
vn 0.436200 -0.000000 -0.899800
vn -0.903400 -0.000000 -0.428700
vn -0.433700 -0.000000 0.901100
vn 0.903400 -0.000000 0.428700
vn 0.436200 -0.000000 -0.899900
vn 0.903300 -0.000000 0.429100
vn -0.433700 -0.000000 0.901000
vn -0.903300 -0.000000 -0.429100
vn 0.440800 -0.000000 -0.897600
vn -0.900800 -0.000000 -0.434300
vn -0.429100 -0.000000 0.903200
vn 0.900800 -0.000000 0.434200
vn 0.465800 -0.000000 -0.884900
vn 0.465800 0.000100 -0.884900
vn -0.890200 -0.000000 -0.455500
vn -0.445300 -0.000000 0.895400
vn 0.890200 -0.000000 0.455500
vn -0.445300 0.000100 0.895400
vn 0.456800 -0.000000 -0.889600
vn -0.894800 -0.000000 -0.446400
vn -0.454300 -0.000000 0.890800
vn 0.894800 -0.000000 0.446400
vn 0.894600 -0.000000 0.446900
vn -0.454400 -0.000000 0.890800
vn -0.894600 -0.000000 -0.447000
vn 0.461300 -0.000000 -0.887200
vn -0.891000 -0.000000 -0.454000
vn -0.449800 -0.000000 0.893100
vn 0.891100 -0.000000 0.453800
vn 0.486000 -0.000000 -0.873900
vn 0.486000 0.000100 -0.874000
vn 0.486000 0.000100 -0.873900
vn 0.486100 -0.000100 -0.873900
vn 0.486000 -0.000100 -0.873900
vn 0.486000 -0.000000 -0.874000
vn -0.879500 -0.000000 -0.475800
vn -0.465800 -0.000000 0.884900
vn -0.465800 -0.000100 0.884900
vn 0.879600 -0.000000 0.475800
vn 0.879500 -0.000000 0.475800
vn -0.879600 -0.000000 -0.475800
vn 0.486100 -0.000000 -0.873900
vn -0.465800 0.000100 0.884900
vn 0.477200 -0.000000 -0.878800
vn -0.883700 -0.000000 -0.468100
vn -0.474800 -0.000000 0.880100
vn 0.883700 -0.000000 0.468100
vn 0.477100 -0.000000 -0.878800
vn 0.883500 -0.000000 0.468500
vn -0.883500 -0.000000 -0.468500
vn 0.481600 -0.000000 -0.876400
vn -0.880800 -0.000000 -0.473400
vn -0.470300 -0.000000 0.882500
vn 0.881000 -0.000000 0.473200
vn 0.506000 -0.000000 -0.862500
vn 0.506000 -0.000100 -0.862500
vn -0.868400 -0.000000 -0.495900
vn -0.486000 -0.000000 0.873900
vn -0.486000 -0.000100 0.873900
vn 0.868400 -0.000000 0.495900
vn -0.868400 -0.000000 -0.495800
vn 0.506000 0.000100 -0.862500
vn 0.868400 -0.000000 0.495800
vn -0.486100 -0.000000 0.873900
vn 0.497200 -0.000000 -0.867600
vn -0.872100 -0.000000 -0.489300
vn -0.494900 -0.000000 0.869000
vn 0.872100 -0.000000 0.489300
vn 0.497300 -0.000000 -0.867600
vn 0.871900 -0.000000 0.489700
vn -0.871900 -0.000000 -0.489700
vn 0.501600 -0.000000 -0.865100
vn -0.870200 -0.000000 -0.492700
vn -0.490500 -0.000000 0.871500
vn 0.870400 -0.000000 0.492400
vn 0.525700 -0.000000 -0.850700
vn 0.525700 0.000100 -0.850700
vn -0.856800 -0.000000 -0.515600
vn -0.506000 -0.000000 0.862500
vn -0.506000 -0.000100 0.862500
vn 0.856800 -0.000000 0.515600
vn 0.525700 -0.000100 -0.850700
vn 0.517000 -0.000000 -0.856000
vn -0.859900 -0.000000 -0.510400
vn -0.514700 -0.000000 0.857400
vn 0.860000 -0.000000 0.510300
vn 0.859800 -0.000000 0.510600
vn -0.859800 -0.000000 -0.510600
vn 0.521400 -0.000000 -0.853300
vn -0.859200 -0.000000 -0.511700
vn -0.510400 -0.000000 0.860000
vn 0.859400 -0.000000 0.511300
vn 0.545000 -0.000000 -0.838400
vn 0.545000 0.000100 -0.838400
vn 0.545100 -0.000000 -0.838400
vn 0.545000 -0.000100 -0.838400
vn 0.545100 0.000100 -0.838400
vn 0.545000 -0.000000 -0.838500
vn -0.844800 -0.000000 -0.535100
vn -0.525700 -0.000000 0.850700
vn -0.525600 -0.000000 0.850700
vn 0.844800 -0.000000 0.535100
vn -0.525700 0.000100 0.850700
vn 0.536600 -0.000000 -0.843900
vn -0.847400 -0.000000 -0.531000
vn -0.534200 -0.000000 0.845300
vn 0.847400 -0.000000 0.530900
vn 0.847200 -0.000000 0.531200
vn -0.847200 -0.000000 -0.531200
vn 0.540800 -0.000000 -0.841100
vn -0.847200 -0.000000 -0.531300
vn -0.530000 -0.000000 0.848000
vn 0.847500 -0.000000 0.530900
vn 0.564100 -0.000000 -0.825700
vn -0.832300 -0.000000 -0.554300
vn -0.545100 -0.000000 0.838400
vn -0.545000 -0.000100 0.838400
vn -0.545100 0.000100 0.838400
vn 0.832300 -0.000000 0.554300
vn 0.564100 -0.000100 -0.825700
vn 0.555800 -0.000000 -0.831300
vn -0.834300 -0.000000 -0.551300
vn -0.553400 -0.000000 0.832900
vn 0.834400 -0.000000 0.551200
vn 0.834200 -0.000000 0.551400
vn -0.553500 -0.000000 0.832800
vn -0.834200 -0.000000 -0.551400
vn 0.559900 -0.000000 -0.828500
vn -0.834200 -0.000000 -0.551500
vn -0.549300 -0.000000 0.835700
vn 0.582900 -0.000000 -0.812600
vn 0.582900 -0.000100 -0.812600
vn 0.582800 0.000100 -0.812600
vn 0.582900 0.000100 -0.812600
vn 0.582900 -0.000000 -0.812500
vn -0.819400 -0.000000 -0.573200
vn -0.564100 -0.000000 0.825700
vn -0.564100 -0.000100 0.825700
vn 0.819400 -0.000000 0.573200
vn 0.582800 -0.000100 -0.812600
vn 0.582800 -0.000000 -0.812600
vn -0.819500 -0.000000 -0.573100
vn -0.819500 -0.000000 -0.573200
vn 0.819500 -0.000000 0.573100
vn 0.574600 -0.000000 -0.818400
vn -0.820900 -0.000000 -0.571100
vn -0.572400 -0.000000 0.820000
vn 0.820900 -0.000000 0.571100
vn 0.820800 -0.000000 0.571200
vn -0.572300 -0.000000 0.820000
vn -0.820800 -0.000000 -0.571300
vn 0.578800 -0.000000 -0.815500
vn -0.820700 -0.000000 -0.571300
vn -0.568300 -0.000000 0.822900
vn 0.601300 -0.000000 -0.799000
vn 0.601300 -0.000100 -0.799000
vn 0.601300 0.000100 -0.799000
vn -0.806100 -0.000000 -0.591700
vn -0.582900 -0.000000 0.812600
vn -0.582900 0.000100 0.812600
vn -0.582800 -0.000000 0.812600
vn 0.806100 -0.000000 0.591700
vn 0.601300 -0.000000 -0.799100
vn 0.806200 -0.000000 0.591700
vn -0.806200 -0.000000 -0.591700
vn 0.593200 -0.000000 -0.805000
vn -0.806900 -0.000000 -0.590700
vn -0.591000 -0.000000 0.806700
vn 0.806900 -0.000000 0.590700
vn -0.806800 -0.000000 -0.590800
vn 0.597300 -0.000000 -0.802000
vn -0.586900 -0.000000 0.809600
vn 0.619400 -0.000000 -0.785100
vn 0.619400 -0.000100 -0.785100
vn 0.619300 -0.000100 -0.785100
vn -0.792400 -0.000000 -0.610000
vn -0.601300 -0.000000 0.799000
vn -0.601300 0.000100 0.799000
vn 0.792400 -0.000000 0.610000
vn -0.601300 -0.000000 0.799100
vn -0.601200 -0.000000 0.799100
vn 0.611500 -0.000000 -0.791300
vn -0.792600 -0.000000 -0.609800
vn -0.609300 -0.000000 0.793000
vn 0.792600 -0.000000 0.609800
vn 0.792500 -0.000000 0.609900
vn -0.792500 -0.000000 -0.609900
vn 0.615400 -0.000000 -0.788200
vn -0.605300 -0.000000 0.796000
vn 0.792500 -0.000000 0.609800
vn 0.637100 -0.000000 -0.770700
vn 0.637200 -0.000000 -0.770700
vn 0.637100 -0.000000 -0.770800
vn 0.637100 -0.000100 -0.770800
vn -0.777700 -0.000000 -0.628600
vn -0.619400 -0.000000 0.785100
vn 0.777700 -0.000000 0.628600
vn 0.637200 0.000100 -0.770700
vn 0.629400 -0.000000 -0.777100
vn -0.777700 -0.000000 -0.628700
vn -0.627200 -0.000000 0.778800
vn 0.777700 -0.000000 0.628700
vn 0.633300 -0.000000 -0.773900
vn -0.623300 -0.000000 0.782000
vn 0.654600 -0.000000 -0.756000
vn 0.654500 -0.000100 -0.756000
vn 0.654600 -0.000100 -0.756000
vn -0.763100 -0.000000 -0.646300
vn -0.637200 -0.000000 0.770700
vn -0.637100 -0.000000 0.770800
vn -0.637100 -0.000100 0.770800
vn 0.763100 -0.000000 0.646300
vn -0.637200 -0.000100 0.770700
vn 0.646900 -0.000000 -0.762500
vn -0.762400 -0.000000 -0.647100
vn -0.644900 -0.000000 0.764300
vn 0.762400 -0.000000 0.647100
vn 0.762500 -0.000000 0.647000
vn -0.762500 -0.000000 -0.647000
vn 0.650800 -0.000000 -0.759300
vn -0.641000 -0.000000 0.767500
vn 0.671700 -0.000000 -0.740900
vn 0.671700 -0.000000 -0.740800
vn 0.671700 -0.000100 -0.740900
vn 0.671600 0.000100 -0.740900
vn -0.748200 -0.000000 -0.663500
vn -0.654600 -0.000000 0.756000
vn 0.748200 -0.000000 0.663500
vn 0.671600 -0.000100 -0.740900
vn -0.654500 -0.000000 0.756000
vn 0.664200 -0.000000 -0.747600
vn -0.746700 -0.000000 -0.665100
vn -0.662200 -0.000000 0.749400
vn 0.746800 -0.000000 0.665100
vn 0.746900 -0.000000 0.665000
vn -0.662100 -0.000000 0.749400
vn -0.746800 -0.000000 -0.665000
vn 0.667900 -0.000000 -0.744200
vn -0.746900 -0.000000 -0.665000
vn -0.658400 -0.000000 0.752700
vn 0.746700 -0.000000 0.665100
vn 0.688400 -0.000000 -0.725400
vn -0.732900 -0.000000 -0.680300
vn -0.671700 -0.000000 0.740800
vn -0.671700 0.000100 0.740800
vn 0.732900 -0.000000 0.680300
vn 0.688400 -0.000000 -0.725300
vn 0.732900 -0.000000 0.680400
vn -0.671700 -0.000000 0.740900
vn -0.732900 -0.000000 -0.680400
vn 0.681100 -0.000000 -0.732200
vn -0.730700 -0.000000 -0.682700
vn -0.679100 -0.000000 0.734100
vn 0.730700 -0.000000 0.682700
vn 0.730800 -0.000000 0.682600
vn -0.679000 -0.000000 0.734100
vn -0.730800 -0.000000 -0.682600
vn 0.684700 -0.000000 -0.728800
vn -0.675400 -0.000000 0.737500
vn 0.730600 -0.000000 0.682800
vn 0.704700 -0.000000 -0.709500
vn -0.717200 -0.000000 -0.696800
vn -0.688400 -0.000000 0.725400
vn 0.717200 -0.000000 0.696800
vn 0.704700 0.000100 -0.709500
vn -0.688400 -0.000000 0.725300
vn 0.697600 -0.000000 -0.716500
vn -0.714100 -0.000000 -0.700000
vn -0.695600 -0.000000 0.718400
vn 0.714100 -0.000000 0.700000
vn 0.714300 -0.000000 0.699800
vn -0.714300 -0.000000 -0.699800
vn 0.701200 -0.000000 -0.713000
vn -0.714400 -0.000000 -0.699700
vn -0.692000 -0.000000 0.721900
vn 0.720700 -0.000000 -0.693200
vn 0.720700 0.000100 -0.693200
vn 0.720800 -0.000100 -0.693200
vn 0.720700 -0.000100 -0.693200
vn -0.701200 -0.000000 -0.713000
vn -0.704700 -0.000000 0.709500
vn 0.701200 -0.000000 0.713000
vn 0.713700 -0.000000 -0.700400
vn -0.697200 -0.000000 -0.716800
vn -0.711800 -0.000000 0.702400
vn 0.697200 -0.000000 0.716800
vn 0.713800 -0.000000 -0.700400
vn 0.697500 -0.000000 0.716600
vn -0.697500 -0.000000 -0.716600
vn 0.717200 -0.000000 -0.696800
vn -0.697600 -0.000000 -0.716400
vn -0.708300 -0.000000 0.705900
vn 0.697300 -0.000000 0.716800
vn 0.736400 -0.000000 -0.676600
vn 0.736300 -0.000000 -0.676600
vn -0.693600 -0.000000 -0.720300
vn -0.720700 0.000100 0.693200
vn -0.720700 -0.000000 0.693200
vn 0.693700 -0.000000 0.720300
vn 0.979000 -0.000000 -0.203700
vn -0.000000 0.966900 -0.255300
vn -0.953900 -0.000000 -0.300000
vn -0.000000 -0.983700 0.179600
vn -0.000000 0.966500 0.256800
vn -0.521300 -0.215900 -0.825600
vn -0.000000 -0.828500 0.560000
vn 0.028800 -0.000000 0.999600
vn -0.000000 -0.757800 -0.652500
vn -0.041000 -0.000000 0.999200
vn -0.070700 -0.170600 -0.982800
vn -0.000000 -0.756000 -0.654600
vn 0.170600 0.070700 -0.982800
vn -0.170600 0.070700 -0.982800
vn 0.521400 -0.216000 -0.825600
vn 0.029000 -0.000000 0.999600
vn 0.695800 -0.000000 0.718200
vn -0.695800 -0.000000 -0.718200
vn 0.729600 -0.000000 -0.683900
vn -0.679900 -0.000000 -0.733300
vn -0.727700 -0.000000 0.685900
vn 0.679900 -0.000000 0.733300
vn 0.729500 -0.000000 -0.684000
vn 0.680300 -0.000000 0.733000
vn -0.680200 -0.000000 -0.733000
vn 0.732900 -0.000000 -0.680300
vn -0.681700 -0.000000 -0.731600
vn -0.724200 -0.000000 0.689600
vn 0.681500 -0.000000 0.731900
vn 0.736400 0.000100 -0.676600
vn 0.736300 -0.000100 -0.676600
vn 0.845900 0.488300 -0.214600
vn 0.216000 0.521300 -0.825600
vn -0.440300 -0.000000 -0.897900
vn 0.215900 -0.521300 -0.825600
vn -0.521400 -0.215900 -0.825600
vn -0.000000 0.827600 0.561300
vt 0.980127 0.103062
vt 0.000000 0.089593
vt 0.000512 0.312903
vt 0.905875 0.089593
vt 0.906387 0.312903
vt 0.949641 0.115757
vt 0.906075 0.219937
vt 0.905875 0.025761
vt 0.000200 0.219937
vt 0.000000 0.025761
vt 0.949641 0.103062
vt 0.905875 0.012881
vt 0.000512 0.321630
vt 0.000000 0.012881
vt 0.906387 0.321630
vt 0.958243 0.103062
vt 0.905875 0.121202
vt 0.000512 0.330358
vt 0.000000 0.121202
vt 0.906387 0.330358
vt 0.988729 0.103062
vt 0.000000 0.000000
vt 0.000512 0.321630
vt 0.905875 0.000000
vt 0.906387 0.321630
vt 0.988729 0.115757
vt 0.906075 0.259595
vt 0.000000 0.012881
vt 0.000200 0.259595
vt 0.905875 0.012881
vt 0.942399 0.062186
vt 0.905875 0.034093
vt -0.000122 0.156096
vt 0.996752 0.000413
vt 0.000000 0.034093
vt 0.905753 0.156096
vt 0.995971 0.062186
vt 0.000000 0.048121
vt -0.000122 0.210448
vt 0.905875 0.048121
vt 0.943180 0.000413
vt 0.905753 0.210448
vt 0.995971 0.076013
vt 0.000000 0.062150
vt 0.906075 0.297453
vt 0.905875 0.062150
vt 0.943180 0.014240
vt 0.000200 0.297453
vt 0.980127 0.076013
vt 0.000000 0.062150
vt 0.906075 0.281378
vt 0.959024 0.014240
vt 0.905875 0.062150
vt 0.000200 0.281378
vt 0.958243 0.076013
vt 0.905875 0.093759
vt 0.906075 0.312903
vt 0.980908 0.014240
vt 0.000000 0.093759
vt 0.000200 0.312903
vt 0.942399 0.076013
vt 0.905875 0.048121
vt 0.906075 0.296828
vt 0.996752 0.014240
vt 0.000000 0.048121
vt 0.000200 0.296828
vt 0.905875 0.048121
vt 0.943180 0.000413
vt 0.905753 0.210448
vt 0.905875 0.062150
vt 0.943180 0.014240
vt 0.000200 0.297453
vt 0.980908 0.014240
vt 0.000000 0.093759
vt 0.000200 0.312903
vt 0.959024 0.014240
vt 0.905875 0.062150
vt 0.000200 0.281378
vt 0.996752 0.000413
vt 0.000000 0.034093
vt 0.905753 0.156096
vt 0.996752 0.014240
vt 0.000000 0.048121
vt 0.000200 0.296828
vt 0.959024 0.041289
vt 0.905875 0.089593
vt 0.906387 0.312903
vt 0.980908 0.041289
vt 0.000000 0.121202
vt 0.906387 0.330358
vt 0.989510 0.041289
vt 0.000000 0.012881
vt 0.906387 0.321630
vt 0.989510 0.053985
vt 0.000200 0.219937
vt 0.000000 0.025761
vt 0.950422 0.053985
vt 0.000200 0.259595
vt 0.905875 0.012881
vt 0.950422 0.041289
vt 0.905875 0.000000
vt 0.906387 0.321630
vt 0.949641 0.103062
vt 0.905875 0.012881
vt 0.000512 0.321630
vt 0.989510 0.041289
vt 0.000000 0.012881
vt 0.906387 0.321630
vt 0.949641 0.115757
vt 0.906075 0.219937
vt 0.905875 0.025761
vt 0.989510 0.053985
vt 0.000200 0.219937
vt 0.000000 0.025761
vt 0.980127 0.103062
vt 0.000000 0.089593
vt 0.000512 0.312903
vt 0.959024 0.041289
vt 0.905875 0.089593
vt 0.906387 0.312903
vt 0.958243 0.103062
vt 0.905875 0.121202
vt 0.000512 0.330358
vt 0.980908 0.041289
vt 0.000000 0.121202
vt 0.906387 0.330358
vt 0.988729 0.115757
vt 0.906075 0.259595
vt 0.000000 0.012881
vt 0.950422 0.053985
vt 0.000200 0.259595
vt 0.905875 0.012881
vt 0.988729 0.103062
vt 0.000000 0.000000
vt 0.000512 0.321630
vt 0.950422 0.041289
vt 0.905875 0.000000
vt 0.906387 0.321630
vt 0.995971 0.076013
vt 0.000000 0.062150
vt 0.906075 0.297453
vt 0.905875 0.062150
vt 0.000200 0.297453
vt 0.995971 0.062186
vt 0.000000 0.048121
vt -0.000122 0.210448
vt 0.905875 0.048121
vt 0.905753 0.210448
vt 0.958243 0.076013
vt 0.905875 0.093759
vt 0.906075 0.312903
vt 0.000000 0.093759
vt 0.000200 0.312903
vt 0.980127 0.076013
vt 0.000000 0.062150
vt 0.906075 0.281378
vt 0.905875 0.062150
vt 0.000200 0.281378
vt 0.942399 0.062186
vt 0.905875 0.034093
vt -0.000122 0.156096
vt 0.000000 0.034093
vt 0.905753 0.156096
vt 0.942399 0.076013
vt 0.905875 0.048121
vt 0.906075 0.296828
vt 0.000000 0.048121
vt 0.000200 0.296828
vt 0.905875 0.048121
vt 0.943180 0.000413
vt 0.905753 0.210448
vt 0.905875 0.062150
vt 0.943180 0.014240
vt 0.000200 0.297453
vt 0.996752 0.000413
vt 0.000000 0.034093
vt 0.905753 0.156096
vt 0.980908 0.014240
vt 0.000000 0.093759
vt 0.000200 0.312903
vt 0.996752 0.014240
vt 0.000000 0.048121
vt 0.000200 0.296828
vt 0.959024 0.014240
vt 0.905875 0.062150
vt 0.000200 0.281378
vt 0.950422 0.041289
vt 0.905875 0.000000
vt 0.906387 0.321630
vt 0.950422 0.053985
vt 0.000200 0.259595
vt 0.905875 0.012881
vt 0.980908 0.041289
vt 0.000000 0.121202
vt 0.906387 0.330358
vt 0.959024 0.041289
vt 0.905875 0.089593
vt 0.906387 0.312903
vt 0.989510 0.053985
vt 0.000200 0.219937
vt 0.000000 0.025761
vt 0.989510 0.041289
vt 0.000000 0.012881
vt 0.906387 0.321630
vt 0.999050 0.183297
vt 0.939310 0.183297
vt 0.999050 0.342604
vt 0.939310 0.342604
vt 0.985655 0.132863
vt 0.939310 0.342604
vt 0.999050 0.342604
vt 0.939081 0.132863
vt 0.939310 0.183297
vt 0.999050 0.183297
vt 0.999050 0.183297
vt 0.939310 0.183297
vt 0.999050 0.342604
vt 0.939310 0.342604
vt 0.985655 0.179437
vt 0.999050 0.183297
vt 0.939310 0.183297
vt 0.999050 0.342604
vt 0.939310 0.342604
vt 0.939081 0.179437
vt 0.939310 0.342604
vt 0.999050 0.342604
vt 0.939081 0.132863
vt 0.999050 0.342604
vt 0.939310 0.342604
vt 0.985655 0.132863
vt 0.999050 0.183297
vt 0.939310 0.183297
vt 0.939310 0.183297
vt 0.999050 0.183297
vt 0.999050 0.342604
vt 0.939310 0.342604
vt 0.985655 0.179437
vt 0.999050 0.183297
vt 0.939310 0.183297
vt 0.999050 0.342604
vt 0.939310 0.342604
vt 0.939081 0.179437
vt 0.999050 0.183297
vt 0.939310 0.183297
vt 0.979692 0.781451
vt -0.000781 0.656284
vt 0.998987 0.652658
vt 0.979692 0.844034
vt -0.000781 0.718868
vt 1.000000 0.851064
vt -0.000781 0.844034
vt 0.302823 0.718868
vt 0.000000 0.851064
vt -0.000781 0.781451
vt 0.302823 0.656284
vt 0.001647 0.652658
vt 0.145247 0.656284
vt -0.000781 0.718868
vt 0.998987 0.504118
vt 0.145247 0.718868
vt -0.000781 0.781451
vt 1.000000 1.000000
vt 0.979692 0.718868
vt 0.156795 0.656284
vt 0.001647 0.504118
vt 0.979692 0.781451
vt 0.156795 0.718868
vt 0.000000 1.000000
vt 0.000000 0.089593
vt 0.000512 0.312903
vt 0.980127 0.103062
vt 0.905875 0.089593
vt 0.906387 0.312903
vt 0.906075 0.219937
vt 0.905875 0.025761
vt 0.949641 0.115757
vt 0.000200 0.219937
vt 0.000000 0.025761
vt 0.905875 0.012881
vt 0.000512 0.321630
vt 0.949641 0.103062
vt 0.000000 0.012881
vt 0.906387 0.321630
vt 0.905875 0.121202
vt 0.000512 0.330358
vt 0.958243 0.103062
vt 0.000000 0.121202
vt 0.906387 0.330358
vt 0.000000 0.000000
vt 0.000512 0.321630
vt 0.988729 0.103062
vt 0.905875 0.000000
vt 0.906387 0.321630
vt 0.906075 0.259595
vt 0.000000 0.012881
vt 0.988729 0.115757
vt 0.000200 0.259595
vt 0.905875 0.012881
vt 0.942399 0.062186
vt 0.905875 0.034093
vt -0.000122 0.156096
vt 0.996752 0.000413
vt 0.000000 0.034093
vt 0.905753 0.156096
vt 0.995971 0.062186
vt 0.000000 0.048121
vt -0.000122 0.210448
vt 0.905875 0.048121
vt 0.943180 0.000413
vt 0.905753 0.210448
vt 0.995971 0.076013
vt 0.000000 0.062150
vt 0.906075 0.297453
vt 0.905875 0.062150
vt 0.943180 0.014240
vt 0.000200 0.297453
vt 0.000000 0.062150
vt 0.906075 0.281378
vt 0.980127 0.076013
vt 0.959024 0.014240
vt 0.905875 0.062150
vt 0.000200 0.281378
vt 0.905875 0.093759
vt 0.906075 0.312903
vt 0.958243 0.076013
vt 0.980908 0.014240
vt 0.000000 0.093759
vt 0.000200 0.312903
vt 0.942399 0.076013
vt 0.905875 0.048121
vt 0.906075 0.296828
vt 0.996752 0.014240
vt 0.000000 0.048121
vt 0.000200 0.296828
vt 0.949641 0.103062
vt 0.905875 0.012881
vt 0.000512 0.321630
vt 0.989510 0.041289
vt 0.000000 0.012881
vt 0.906387 0.321630
vt 0.949641 0.115757
vt 0.906075 0.219937
vt 0.905875 0.025761
vt 0.989510 0.053985
vt 0.000200 0.219937
vt 0.000000 0.025761
vt 0.000000 0.089593
vt 0.000512 0.312903
vt 0.959024 0.041289
vt 0.905875 0.089593
vt 0.906387 0.312903
vt 0.980127 0.103062
vt 0.905875 0.121202
vt 0.000512 0.330358
vt 0.980908 0.041289
vt 0.000000 0.121202
vt 0.906387 0.330358
vt 0.958243 0.103062
vt 0.988729 0.115757
vt 0.906075 0.259595
vt 0.000000 0.012881
vt 0.950422 0.053985
vt 0.000200 0.259595
vt 0.905875 0.012881
vt 0.988729 0.103062
vt 0.000000 0.000000
vt 0.000512 0.321630
vt 0.950422 0.041289
vt 0.905875 0.000000
vt 0.906387 0.321630
vt 0.000000 0.062150
vt 0.906075 0.297453
vt 0.905875 0.062150
vt 0.000200 0.297453
vt 0.995971 0.076013
vt 0.000000 0.048121
vt -0.000122 0.210448
vt 0.905875 0.048121
vt 0.905753 0.210448
vt 0.995971 0.062186
vt 0.000000 0.000000
vt 0.905875 0.093759
vt 0.906075 0.312903
vt 0.000000 0.093759
vt 0.000200 0.312903
vt 0.958243 0.076013
vt 0.000000 0.000000
vt 0.000000 0.062150
vt 0.906075 0.281378
vt 0.905875 0.062150
vt 0.000200 0.281378
vt 0.980127 0.076013
vt 0.905875 0.034093
vt -0.000122 0.156096
vt 0.000000 0.034093
vt 0.905753 0.156096
vt 0.942399 0.062186
vt 0.905875 0.048121
vt 0.906075 0.296828
vt 0.000000 0.048121
vt 0.000200 0.296828
vt 0.942399 0.076013
vt 0.999050 0.183297
vt 0.939310 0.183297
vt 0.999050 0.342604
vt 0.939310 0.342604
vt 0.985655 0.132863
vt 0.939310 0.342604
vt 0.999050 0.342604
vt 0.939081 0.132863
vt 0.939310 0.183297
vt 0.999050 0.183297
vt 0.999050 0.183297
vt 0.939310 0.183297
vt 0.999050 0.342604
vt 0.939310 0.342604
vt 0.985655 0.179437
vt 0.999050 0.183297
vt 0.939310 0.183297
vt 0.999050 0.342604
vt 0.939310 0.342604
vt 0.939081 0.179437
vt 0.939310 0.342604
vt 0.999050 0.342604
vt 0.939081 0.132863
vt 0.999050 0.342604
vt 0.939310 0.342604
vt 0.985655 0.132863
vt 0.999050 0.183297
vt 0.939310 0.183297
vt 0.939310 0.183297
vt 0.999050 0.183297
vt 0.999050 0.342604
vt 0.939310 0.342604
vt 0.985655 0.179437
vt 0.999050 0.183297
vt 0.939310 0.183297
vt 0.999050 0.342604
vt 0.939310 0.342604
vt 0.939081 0.179437
vt 0.999050 0.183297
vt 0.939310 0.183297
vt 0.979692 0.781451
vt -0.000781 0.656284
vt 0.998987 0.652658
vt 0.979692 0.844034
vt -0.000781 0.718868
vt 1.000000 0.851064
vt -0.000781 0.844034
vt 0.302823 0.718868
vt 0.000000 0.851064
vt -0.000781 0.781451
vt 0.302823 0.656284
vt 0.001647 0.652658
vt 0.145247 0.656284
vt -0.000781 0.718868
vt 0.998987 0.504118
vt 0.145247 0.718868
vt -0.000781 0.781451
vt 1.000000 1.000000
vt 0.979692 0.718868
vt 0.156795 0.656284
vt 0.001647 0.504118
vt 0.979692 0.781451
vt 0.156795 0.718868
vt 0.000000 1.000000
vt 0.980127 0.103062
vt 0.000000 0.089593
vt 0.000512 0.312903
vt 0.905875 0.089593
vt 0.906387 0.312903
vt 0.949641 0.115757
vt 0.906075 0.219937
vt 0.905875 0.025761
vt 0.000200 0.219937
vt 0.000000 0.025761
vt 0.949641 0.103062
vt 0.905875 0.012881
vt 0.000512 0.321630
vt 0.000000 0.012881
vt 0.906387 0.321630
vt 0.958243 0.103062
vt 0.905875 0.121202
vt 0.000512 0.330358
vt 0.000000 0.121202
vt 0.906387 0.330358
vt 0.988729 0.103062
vt 0.000000 0.000000
vt 0.000512 0.321630
vt 0.905875 0.000000
vt 0.906387 0.321630
vt 0.988729 0.115757
vt 0.906075 0.259595
vt 0.000000 0.012881
vt 0.000200 0.259595
vt 0.905875 0.012881
vt 0.942399 0.062186
vt 0.905875 0.034093
vt -0.000122 0.156096
vt 0.996752 0.000413
vt 0.000000 0.034093
vt 0.905753 0.156096
vt 0.995971 0.062186
vt 0.000000 0.048121
vt -0.000122 0.210448
vt 0.905875 0.048121
vt 0.943180 0.000413
vt 0.905753 0.210448
vt 0.995971 0.076013
vt 0.000000 0.062150
vt 0.906075 0.297453
vt 0.905875 0.062150
vt 0.943180 0.014240
vt 0.000200 0.297453
vt 0.980127 0.076013
vt 0.000000 0.062150
vt 0.906075 0.281378
vt 0.959024 0.014240
vt 0.905875 0.062150
vt 0.000200 0.281378
vt 0.958243 0.076013
vt 0.905875 0.093759
vt 0.906075 0.312903
vt 0.980908 0.014240
vt 0.000000 0.093759
vt 0.000200 0.312903
vt 0.942399 0.076013
vt 0.905875 0.048121
vt 0.906075 0.296828
vt 0.996752 0.014240
vt 0.000000 0.048121
vt 0.000200 0.296828
vt 0.949641 0.103062
vt 0.905875 0.012881
vt 0.000512 0.321630
vt 0.989510 0.041289
vt 0.000000 0.012881
vt 0.906387 0.321630
vt 0.949641 0.115757
vt 0.906075 0.219937
vt 0.905875 0.025761
vt 0.989510 0.053985
vt 0.000200 0.219937
vt 0.000000 0.025761
vt 0.980127 0.103062
vt 0.000000 0.089593
vt 0.000512 0.312903
vt 0.959024 0.041289
vt 0.905875 0.089593
vt 0.906387 0.312903
vt 0.958243 0.103062
vt 0.905875 0.121202
vt 0.000512 0.330358
vt 0.980908 0.041289
vt 0.000000 0.121202
vt 0.906387 0.330358
vt 0.988729 0.115757
vt 0.906075 0.259595
vt 0.000000 0.012881
vt 0.950422 0.053985
vt 0.000200 0.259595
vt 0.905875 0.012881
vt 0.988729 0.103062
vt 0.000000 0.000000
vt 0.000512 0.321630
vt 0.950422 0.041289
vt 0.905875 0.000000
vt 0.906387 0.321630
vt 0.995971 0.076013
vt 0.000000 0.062150
vt 0.906075 0.297453
vt 0.905875 0.062150
vt 0.000200 0.297453
vt 0.995971 0.062186
vt 0.000000 0.048121
vt -0.000122 0.210448
vt 0.905875 0.048121
vt 0.905753 0.210448
vt 0.958243 0.076013
vt 0.905875 0.093759
vt 0.906075 0.312903
vt 0.000000 0.093759
vt 0.000200 0.312903
vt 0.980127 0.076013
vt 0.000000 0.062150
vt 0.906075 0.281378
vt 0.905875 0.062150
vt 0.000200 0.281378
vt 0.942399 0.062186
vt 0.905875 0.034093
vt -0.000122 0.156096
vt 0.000000 0.034093
vt 0.905753 0.156096
vt 0.942399 0.076013
vt 0.905875 0.048121
vt 0.906075 0.296828
vt 0.000000 0.048121
vt 0.000200 0.296828
vt 0.999050 0.183297
vt 0.939310 0.183297
vt 0.999050 0.342604
vt 0.939310 0.342604
vt 0.985655 0.132863
vt 0.939310 0.342604
vt 0.999050 0.342604
vt 0.939081 0.132863
vt 0.939310 0.183297
vt 0.999050 0.183297
vt 0.999050 0.183297
vt 0.939310 0.183297
vt 0.999050 0.342604
vt 0.939310 0.342604
vt 0.985655 0.179437
vt 0.999050 0.183297
vt 0.939310 0.183297
vt 0.999050 0.342604
vt 0.939310 0.342604
vt 0.939081 0.179437
vt 0.939310 0.342604
vt 0.999050 0.342604
vt 0.939081 0.132863
vt 0.999050 0.342604
vt 0.939310 0.342604
vt 0.985655 0.132863
vt 0.999050 0.183297
vt 0.939310 0.183297
vt 0.939310 0.183297
vt 0.999050 0.183297
vt 0.999050 0.342604
vt 0.939310 0.342604
vt 0.985655 0.179437
vt 0.999050 0.183297
vt 0.939310 0.183297
vt 0.999050 0.342604
vt 0.939310 0.342604
vt 0.939081 0.179437
vt 0.999050 0.183297
vt 0.939310 0.183297
vt 0.979692 0.781451
vt -0.000781 0.656284
vt 0.998987 0.652658
vt 0.979692 0.844034
vt -0.000781 0.718868
vt 1.000000 0.851064
vt -0.000781 0.844034
vt 0.302823 0.718868
vt 0.000000 0.851064
vt -0.000781 0.781451
vt 0.302823 0.656284
vt 0.001647 0.652658
vt 0.145247 0.656284
vt -0.000781 0.718868
vt 0.998987 0.504118
vt 0.145247 0.718868
vt -0.000781 0.781451
vt 1.000000 1.000000
vt 0.979692 0.718868
vt 0.156795 0.656284
vt 0.001647 0.504118
vt 0.979692 0.781451
vt 0.156795 0.718868
vt 0.000000 1.000000
vt 0.980127 0.103062
vt 0.000000 0.089593
vt 0.000512 0.312903
vt 0.905875 0.089593
vt 0.906387 0.312903
vt 0.949641 0.115757
vt 0.906075 0.219937
vt 0.905875 0.025761
vt 0.000200 0.219937
vt 0.000000 0.025761
vt 0.949641 0.103062
vt 0.905875 0.012881
vt 0.000512 0.321630
vt 0.000000 0.012881
vt 0.906387 0.321630
vt 0.958243 0.103062
vt 0.905875 0.121202
vt 0.000512 0.330358
vt 0.000000 0.121202
vt 0.906387 0.330358
vt 0.988729 0.103062
vt 0.000000 0.000000
vt 0.000512 0.321630
vt 0.905875 0.000000
vt 0.906387 0.321630
vt 0.988729 0.115757
vt 0.906075 0.259595
vt 0.000000 0.012881
vt 0.000200 0.259595
vt 0.905875 0.012881
vt 0.942399 0.062186
vt 0.905875 0.034093
vt -0.000122 0.156096
vt 0.996752 0.000413
vt 0.000000 0.034093
vt 0.905753 0.156096
vt 0.995971 0.062186
vt 0.000000 0.048121
vt -0.000122 0.210448
vt 0.905875 0.048121
vt 0.943180 0.000413
vt 0.905753 0.210448
vt 0.995971 0.076013
vt 0.000000 0.062150
vt 0.906075 0.297453
vt 0.905875 0.062150
vt 0.943180 0.014240
vt 0.000200 0.297453
vt 0.980127 0.076013
vt 0.000000 0.062150
vt 0.906075 0.281378
vt 0.959024 0.014240
vt 0.905875 0.062150
vt 0.000200 0.281378
vt 0.958243 0.076013
vt 0.905875 0.093759
vt 0.906075 0.312903
vt 0.980908 0.014240
vt 0.000000 0.093759
vt 0.000200 0.312903
vt 0.942399 0.076013
vt 0.905875 0.048121
vt 0.906075 0.296828
vt 0.996752 0.014240
vt 0.000000 0.048121
vt 0.000200 0.296828
vt 0.949641 0.103062
vt 0.905875 0.012881
vt 0.000512 0.321630
vt 0.989510 0.041289
vt 0.000000 0.012881
vt 0.906387 0.321630
vt 0.949641 0.115757
vt 0.906075 0.219937
vt 0.905875 0.025761
vt 0.989510 0.053985
vt 0.000200 0.219937
vt 0.000000 0.025761
vt 0.980127 0.103062
vt 0.000000 0.089593
vt 0.000512 0.312903
vt 0.959024 0.041289
vt 0.905875 0.089593
vt 0.906387 0.312903
vt 0.958243 0.103062
vt 0.905875 0.121202
vt 0.000512 0.330358
vt 0.980908 0.041289
vt 0.000000 0.121202
vt 0.906387 0.330358
vt 0.988729 0.115757
vt 0.906075 0.259595
vt 0.000000 0.012881
vt 0.950422 0.053985
vt 0.000200 0.259595
vt 0.905875 0.012881
vt 0.988729 0.103062
vt 0.000000 0.000000
vt 0.000512 0.321630
vt 0.950422 0.041289
vt 0.905875 0.000000
vt 0.906387 0.321630
vt 0.995971 0.076013
vt 0.000000 0.062150
vt 0.906075 0.297453
vt 0.905875 0.062150
vt 0.000200 0.297453
vt 0.995971 0.062186
vt 0.000000 0.048121
vt -0.000122 0.210448
vt 0.905875 0.048121
vt 0.905753 0.210448
vt 0.958243 0.076013
vt 0.905875 0.093759
vt 0.906075 0.312903
vt 0.000000 0.093759
vt 0.000200 0.312903
vt 0.980127 0.076013
vt 0.000000 0.062150
vt 0.906075 0.281378
vt 0.905875 0.062150
vt 0.000200 0.281378
vt 0.942399 0.062186
vt 0.905875 0.034093
vt -0.000122 0.156096
vt 0.000000 0.034093
vt 0.905753 0.156096
vt 0.942399 0.076013
vt 0.905875 0.048121
vt 0.906075 0.296828
vt 0.000000 0.048121
vt 0.000200 0.296828
vt 0.999050 0.183297
vt 0.939310 0.183297
vt 0.999050 0.342604
vt 0.939310 0.342604
vt 0.985655 0.132863
vt 0.939310 0.342604
vt 0.999050 0.342604
vt 0.939081 0.132863
vt 0.939310 0.183297
vt 0.999050 0.183297
vt 0.999050 0.183297
vt 0.939310 0.183297
vt 0.999050 0.342604
vt 0.939310 0.342604
vt 0.985655 0.179437
vt 0.999050 0.183297
vt 0.939310 0.183297
vt 0.999050 0.342604
vt 0.939310 0.342604
vt 0.939081 0.179437
vt 0.939310 0.342604
vt 0.999050 0.342604
vt 0.939081 0.132863
vt 0.999050 0.342604
vt 0.939310 0.342604
vt 0.985655 0.132863
vt 0.999050 0.183297
vt 0.939310 0.183297
vt 0.939310 0.183297
vt 0.999050 0.183297
vt 0.999050 0.342604
vt 0.939310 0.342604
vt 0.985655 0.179437
vt 0.999050 0.183297
vt 0.939310 0.183297
vt 0.999050 0.342604
vt 0.939310 0.342604
vt 0.939081 0.179437
vt 0.999050 0.183297
vt 0.939310 0.183297
vt 0.979692 0.781451
vt -0.000781 0.656284
vt 0.998987 0.652658
vt 0.979692 0.844034
vt -0.000781 0.718868
vt 1.000000 0.851064
vt -0.000781 0.844034
vt 0.302823 0.718868
vt 0.000000 0.851064
vt -0.000781 0.781451
vt 0.302823 0.656284
vt 0.001647 0.652658
vt 0.145247 0.656284
vt -0.000781 0.718868
vt 0.998987 0.504118
vt 0.145247 0.718868
vt -0.000781 0.781451
vt 1.000000 1.000000
vt 0.979692 0.718868
vt 0.156795 0.656284
vt 0.001647 0.504118
vt 0.979692 0.781451
vt 0.156795 0.718868
vt 0.000000 1.000000
vt 0.980127 0.103062
vt 0.000000 0.089593
vt 0.000512 0.312903
vt 0.905875 0.089593
vt 0.906387 0.312903
vt 0.949641 0.115757
vt 0.906075 0.219937
vt 0.905875 0.025761
vt 0.000200 0.219937
vt 0.000000 0.025761
vt 0.949641 0.103062
vt 0.905875 0.012881
vt 0.000512 0.321630
vt 0.000000 0.012881
vt 0.906387 0.321630
vt 0.958243 0.103062
vt 0.905875 0.121202
vt 0.000512 0.330358
vt 0.000000 0.121202
vt 0.906387 0.330358
vt 0.988729 0.103062
vt 0.000000 0.000000
vt 0.000512 0.321630
vt 0.905875 0.000000
vt 0.906387 0.321630
vt 0.988729 0.115757
vt 0.906075 0.259595
vt 0.000000 0.012881
vt 0.000200 0.259595
vt 0.905875 0.012881
vt 0.942399 0.062186
vt 0.905875 0.034093
vt -0.000122 0.156096
vt 0.996752 0.000413
vt 0.000000 0.034093
vt 0.905753 0.156096
vt 0.995971 0.062186
vt 0.000000 0.048121
vt -0.000122 0.210448
vt 0.905875 0.048121
vt 0.943180 0.000413
vt 0.905753 0.210448
vt 0.995971 0.076013
vt 0.000000 0.062150
vt 0.906075 0.297453
vt 0.905875 0.062150
vt 0.943180 0.014240
vt 0.000200 0.297453
vt 0.980127 0.076013
vt 0.000000 0.062150
vt 0.906075 0.281378
vt 0.959024 0.014240
vt 0.905875 0.062150
vt 0.000200 0.281378
vt 0.958243 0.076013
vt 0.905875 0.093759
vt 0.906075 0.312903
vt 0.980908 0.014240
vt 0.000000 0.093759
vt 0.000200 0.312903
vt 0.942399 0.076013
vt 0.905875 0.048121
vt 0.906075 0.296828
vt 0.996752 0.014240
vt 0.000000 0.048121
vt 0.000200 0.296828
vt 0.949641 0.103062
vt 0.905875 0.012881
vt 0.000512 0.321630
vt 0.989510 0.041289
vt 0.000000 0.012881
vt 0.906387 0.321630
vt 0.949641 0.115757
vt 0.906075 0.219937
vt 0.905875 0.025761
vt 0.989510 0.053985
vt 0.000200 0.219937
vt 0.000000 0.025761
vt 0.980127 0.103062
vt 0.000000 0.089593
vt 0.000512 0.312903
vt 0.959024 0.041289
vt 0.905875 0.089593
vt 0.906387 0.312903
vt 0.958243 0.103062
vt 0.905875 0.121202
vt 0.000512 0.330358
vt 0.980908 0.041289
vt 0.000000 0.121202
vt 0.906387 0.330358
vt 0.988729 0.115757
vt 0.906075 0.259595
vt 0.000000 0.012881
vt 0.950422 0.053985
vt 0.000200 0.259595
vt 0.905875 0.012881
vt 0.988729 0.103062
vt 0.000000 0.000000
vt 0.000512 0.321630
vt 0.950422 0.041289
vt 0.905875 0.000000
vt 0.906387 0.321630
vt 0.995971 0.076013
vt 0.000000 0.062150
vt 0.906075 0.297453
vt 0.905875 0.062150
vt 0.000200 0.297453
vt 0.995971 0.062186
vt 0.000000 0.048121
vt -0.000122 0.210448
vt 0.905875 0.048121
vt 0.905753 0.210448
vt 0.958243 0.076013
vt 0.905875 0.093759
vt 0.906075 0.312903
vt 0.000000 0.093759
vt 0.000200 0.312903
vt 0.980127 0.076013
vt 0.000000 0.062150
vt 0.906075 0.281378
vt 0.905875 0.062150
vt 0.000200 0.281378
vt 0.942399 0.062186
vt 0.905875 0.034093
vt -0.000122 0.156096
vt 0.000000 0.034093
vt 0.905753 0.156096
vt 0.942399 0.076013
vt 0.905875 0.048121
vt 0.906075 0.296828
vt 0.000000 0.048121
vt 0.000200 0.296828
vt 0.999050 0.183297
vt 0.939310 0.183297
vt 0.999050 0.342604
vt 0.939310 0.342604
vt 0.985655 0.132863
vt 0.939310 0.342604
vt 0.999050 0.342604
vt 0.939081 0.132863
vt 0.939310 0.183297
vt 0.999050 0.183297
vt 0.999050 0.183297
vt 0.939310 0.183297
vt 0.999050 0.342604
vt 0.939310 0.342604
vt 0.985655 0.179437
vt 0.999050 0.183297
vt 0.939310 0.183297
vt 0.999050 0.342604
vt 0.939310 0.342604
vt 0.939081 0.179437
vt 0.939310 0.342604
vt 0.999050 0.342604
vt 0.939081 0.132863
vt 0.999050 0.342604
vt 0.939310 0.342604
vt 0.985655 0.132863
vt 0.999050 0.183297
vt 0.939310 0.183297
vt 0.939310 0.183297
vt 0.999050 0.183297
vt 0.999050 0.342604
vt 0.939310 0.342604
vt 0.985655 0.179437
vt 0.999050 0.183297
vt 0.939310 0.183297
vt 0.999050 0.342604
vt 0.939310 0.342604
vt 0.939081 0.179437
vt 0.999050 0.183297
vt 0.939310 0.183297
vt 0.979692 0.781451
vt -0.000781 0.656284
vt 0.998987 0.652658
vt 0.979692 0.844034
vt -0.000781 0.718868
vt 1.000000 0.851064
vt -0.000781 0.844034
vt 0.302823 0.718868
vt 0.000000 0.851064
vt -0.000781 0.781451
vt 0.302823 0.656284
vt 0.001647 0.652658
vt 0.145247 0.656284
vt -0.000781 0.718868
vt 0.998987 0.504118
vt 0.145247 0.718868
vt -0.000781 0.781451
vt 1.000000 1.000000
vt 0.979692 0.718868
vt 0.156795 0.656284
vt 0.001647 0.504118
vt 0.979692 0.781451
vt 0.156795 0.718868
vt 0.000000 1.000000
vt 0.980127 0.103062
vt 0.000000 0.089593
vt 0.000512 0.312903
vt 0.905875 0.089593
vt 0.906387 0.312903
vt 0.949641 0.115757
vt 0.906075 0.219937
vt 0.905875 0.025761
vt 0.000200 0.219937
vt 0.000000 0.025761
vt 0.949641 0.103062
vt 0.905875 0.012881
vt 0.000512 0.321630
vt 0.000000 0.012881
vt 0.906387 0.321630
vt 0.958243 0.103062
vt 0.905875 0.121202
vt 0.000512 0.330358
vt 0.000000 0.121202
vt 0.906387 0.330358
vt 0.988729 0.103062
vt 0.000000 0.000000
vt 0.000512 0.321630
vt 0.905875 0.000000
vt 0.906387 0.321630
vt 0.988729 0.115757
vt 0.906075 0.259595
vt 0.000000 0.012881
vt 0.000200 0.259595
vt 0.905875 0.012881
vt 0.942399 0.062186
vt 0.905875 0.034093
vt -0.000122 0.156096
vt 0.996752 0.000413
vt 0.000000 0.034093
vt 0.905753 0.156096
vt 0.995971 0.062186
vt 0.000000 0.048121
vt -0.000122 0.210448
vt 0.905875 0.048121
vt 0.943180 0.000413
vt 0.905753 0.210448
vt 0.995971 0.076013
vt 0.000000 0.062150
vt 0.906075 0.297453
vt 0.905875 0.062150
vt 0.943180 0.014240
vt 0.000200 0.297453
vt 0.980127 0.076013
vt 0.000000 0.062150
vt 0.906075 0.281378
vt 0.959024 0.014240
vt 0.905875 0.062150
vt 0.000200 0.281378
vt 0.958243 0.076013
vt 0.905875 0.093759
vt 0.906075 0.312903
vt 0.980908 0.014240
vt 0.000000 0.093759
vt 0.000200 0.312903
vt 0.942399 0.076013
vt 0.905875 0.048121
vt 0.906075 0.296828
vt 0.996752 0.014240
vt 0.000000 0.048121
vt 0.000200 0.296828
vt 0.949641 0.103062
vt 0.905875 0.012881
vt 0.000512 0.321630
vt 0.989510 0.041289
vt 0.000000 0.012881
vt 0.906387 0.321630
vt 0.949641 0.115757
vt 0.906075 0.219937
vt 0.905875 0.025761
vt 0.989510 0.053985
vt 0.000200 0.219937
vt 0.000000 0.025761
vt 0.980127 0.103062
vt 0.000000 0.089593
vt 0.000512 0.312903
vt 0.959024 0.041289
vt 0.905875 0.089593
vt 0.906387 0.312903
vt 0.958243 0.103062
vt 0.905875 0.121202
vt 0.000512 0.330358
vt 0.980908 0.041289
vt 0.000000 0.121202
vt 0.906387 0.330358
vt 0.988729 0.115757
vt 0.906075 0.259595
vt 0.000000 0.012881
vt 0.950422 0.053985
vt 0.000200 0.259595
vt 0.905875 0.012881
vt 0.988729 0.103062
vt 0.000000 0.000000
vt 0.000512 0.321630
vt 0.950422 0.041289
vt 0.905875 0.000000
vt 0.906387 0.321630
vt 0.995971 0.076013
vt 0.000000 0.062150
vt 0.906075 0.297453
vt 0.905875 0.062150
vt 0.000200 0.297453
vt 0.995971 0.062186
vt 0.000000 0.048121
vt -0.000122 0.210448
vt 0.905875 0.048121
vt 0.905753 0.210448
vt 0.958243 0.076013
vt 0.905875 0.093759
vt 0.906075 0.312903
vt 0.000000 0.093759
vt 0.000200 0.312903
vt 0.980127 0.076013
vt 0.000000 0.062150
vt 0.906075 0.281378
vt 0.905875 0.062150
vt 0.000200 0.281378
vt 0.942399 0.062186
vt 0.905875 0.034093
vt -0.000122 0.156096
vt 0.000000 0.034093
vt 0.905753 0.156096
vt 0.942399 0.076013
vt 0.905875 0.048121
vt 0.906075 0.296828
vt 0.000000 0.048121
vt 0.000200 0.296828
vt 0.999050 0.183297
vt 0.939310 0.183297
vt 0.999050 0.342604
vt 0.939310 0.342604
vt 0.985655 0.132863
vt 0.939310 0.342604
vt 0.999050 0.342604
vt 0.939081 0.132863
vt 0.939310 0.183297
vt 0.999050 0.183297
vt 0.999050 0.183297
vt 0.939310 0.183297
vt 0.999050 0.342604
vt 0.939310 0.342604
vt 0.985655 0.179437
vt 0.999050 0.183297
vt 0.939310 0.183297
vt 0.999050 0.342604
vt 0.939310 0.342604
vt 0.939081 0.179437
vt 0.939310 0.342604
vt 0.999050 0.342604
vt 0.939081 0.132863
vt 0.999050 0.342604
vt 0.939310 0.342604
vt 0.985655 0.132863
vt 0.999050 0.183297
vt 0.939310 0.183297
vt 0.939310 0.183297
vt 0.999050 0.183297
vt 0.999050 0.342604
vt 0.939310 0.342604
vt 0.985655 0.179437
vt 0.999050 0.183297
vt 0.939310 0.183297
vt 0.999050 0.342604
vt 0.939310 0.342604
vt 0.939081 0.179437
vt 0.999050 0.183297
vt 0.939310 0.183297
vt 0.979692 0.781451
vt -0.000781 0.656284
vt 0.998987 0.652658
vt 0.979692 0.844034
vt -0.000781 0.718868
vt 1.000000 0.851064
vt -0.000781 0.844034
vt 0.302823 0.718868
vt 0.000000 0.851064
vt -0.000781 0.781451
vt 0.302823 0.656284
vt 0.001647 0.652658
vt 0.145247 0.656284
vt -0.000781 0.718868
vt 0.998987 0.504118
vt 0.145247 0.718868
vt -0.000781 0.781451
vt 1.000000 1.000000
vt 0.979692 0.718868
vt 0.156795 0.656284
vt 0.001647 0.504118
vt 0.979692 0.781451
vt 0.156795 0.718868
vt 0.000000 1.000000
vt 0.980127 0.103062
vt 0.000000 0.089593
vt 0.000512 0.312903
vt 0.905875 0.089593
vt 0.906387 0.312903
vt 0.949641 0.115757
vt 0.906075 0.219937
vt 0.905875 0.025761
vt 0.000200 0.219937
vt 0.000000 0.025761
vt 0.949641 0.103062
vt 0.905875 0.012881
vt 0.000512 0.321630
vt 0.000000 0.012881
vt 0.906387 0.321630
vt 0.958243 0.103062
vt 0.905875 0.121202
vt 0.000512 0.330358
vt 0.000000 0.121202
vt 0.906387 0.330358
vt 0.988729 0.103062
vt 0.000000 0.000000
vt 0.000512 0.321630
vt 0.905875 0.000000
vt 0.906387 0.321630
vt 0.988729 0.115757
vt 0.906075 0.259595
vt 0.000000 0.012881
vt 0.000200 0.259595
vt 0.905875 0.012881
vt 0.942399 0.062186
vt 0.905875 0.034093
vt -0.000122 0.156096
vt 0.996752 0.000413
vt 0.000000 0.034093
vt 0.905753 0.156096
vt 0.995971 0.062186
vt 0.000000 0.048121
vt -0.000122 0.210448
vt 0.905875 0.048121
vt 0.943180 0.000413
vt 0.905753 0.210448
vt 0.995971 0.076013
vt 0.000000 0.062150
vt 0.906075 0.297453
vt 0.905875 0.062150
vt 0.943180 0.014240
vt 0.000200 0.297453
vt 0.980127 0.076013
vt 0.000000 0.062150
vt 0.906075 0.281378
vt 0.959024 0.014240
vt 0.905875 0.062150
vt 0.000200 0.281378
vt 0.958243 0.076013
vt 0.905875 0.093759
vt 0.906075 0.312903
vt 0.980908 0.014240
vt 0.000000 0.093759
vt 0.000200 0.312903
vt 0.942399 0.076013
vt 0.905875 0.048121
vt 0.906075 0.296828
vt 0.996752 0.014240
vt 0.000000 0.048121
vt 0.000200 0.296828
vt 0.949641 0.103062
vt 0.905875 0.012881
vt 0.000512 0.321630
vt 0.989510 0.041289
vt 0.000000 0.012881
vt 0.906387 0.321630
vt 0.949641 0.115757
vt 0.906075 0.219937
vt 0.905875 0.025761
vt 0.989510 0.053985
vt 0.000200 0.219937
vt 0.000000 0.025761
vt 0.980127 0.103062
vt 0.000000 0.089593
vt 0.000512 0.312903
vt 0.959024 0.041289
vt 0.905875 0.089593
vt 0.906387 0.312903
vt 0.958243 0.103062
vt 0.905875 0.121202
vt 0.000512 0.330358
vt 0.980908 0.041289
vt 0.000000 0.121202
vt 0.906387 0.330358
vt 0.988729 0.115757
vt 0.906075 0.259595
vt 0.000000 0.012881
vt 0.950422 0.053985
vt 0.000200 0.259595
vt 0.905875 0.012881
vt 0.988729 0.103062
vt 0.000000 0.000000
vt 0.000512 0.321630
vt 0.950422 0.041289
vt 0.905875 0.000000
vt 0.906387 0.321630
vt 0.995971 0.076013
vt 0.000000 0.062150
vt 0.906075 0.297453
vt 0.905875 0.062150
vt 0.000200 0.297453
vt 0.995971 0.062186
vt 0.000000 0.048121
vt -0.000122 0.210448
vt 0.905875 0.048121
vt 0.905753 0.210448
vt 0.958243 0.076013
vt 0.905875 0.093759
vt 0.906075 0.312903
vt 0.000000 0.093759
vt 0.000200 0.312903
vt 0.980127 0.076013
vt 0.000000 0.062150
vt 0.906075 0.281378
vt 0.905875 0.062150
vt 0.000200 0.281378
vt 0.942399 0.062186
vt 0.905875 0.034093
vt -0.000122 0.156096
vt 0.000000 0.034093
vt 0.905753 0.156096
vt 0.942399 0.076013
vt 0.905875 0.048121
vt 0.906075 0.296828
vt 0.000000 0.048121
vt 0.000200 0.296828
vt 0.999050 0.183297
vt 0.939310 0.183297
vt 0.999050 0.342604
vt 0.939310 0.342604
vt 0.985655 0.132863
vt 0.939310 0.342604
vt 0.999050 0.342604
vt 0.939081 0.132863
vt 0.939310 0.183297
vt 0.999050 0.183297
vt 0.999050 0.183297
vt 0.939310 0.183297
vt 0.999050 0.342604
vt 0.939310 0.342604
vt 0.985655 0.179437
vt 0.999050 0.183297
vt 0.939310 0.183297
vt 0.999050 0.342604
vt 0.939310 0.342604
vt 0.939081 0.179437
vt 0.939310 0.342604
vt 0.999050 0.342604
vt 0.939081 0.132863
vt 0.999050 0.342604
vt 0.939310 0.342604
vt 0.985655 0.132863
vt 0.999050 0.183297
vt 0.939310 0.183297
vt 0.939310 0.183297
vt 0.999050 0.183297
vt 0.999050 0.342604
vt 0.939310 0.342604
vt 0.985655 0.179437
vt 0.999050 0.183297
vt 0.939310 0.183297
vt 0.999050 0.342604
vt 0.939310 0.342604
vt 0.939081 0.179437
vt 0.999050 0.183297
vt 0.939310 0.183297
vt 0.979692 0.781451
vt -0.000781 0.656284
vt 0.998987 0.652658
vt 0.979692 0.844034
vt -0.000781 0.718868
vt 1.000000 0.851064
vt -0.000781 0.844034
vt 0.302823 0.718868
vt 0.000000 0.851064
vt -0.000781 0.781451
vt 0.302823 0.656284
vt 0.001647 0.652658
vt 0.145247 0.656284
vt -0.000781 0.718868
vt 0.998987 0.504118
vt 0.145247 0.718868
vt -0.000781 0.781451
vt 1.000000 1.000000
vt 0.979692 0.718868
vt 0.156795 0.656284
vt 0.001647 0.504118
vt 0.979692 0.781451
vt 0.156795 0.718868
vt 0.000000 1.000000
vt 0.980127 0.103062
vt 0.000000 0.089593
vt 0.000512 0.312903
vt 0.905875 0.089593
vt 0.906387 0.312903
vt 0.949641 0.115757
vt 0.906075 0.219937
vt 0.905875 0.025761
vt 0.000200 0.219937
vt 0.000000 0.025761
vt 0.949641 0.103062
vt 0.905875 0.012881
vt 0.000512 0.321630
vt 0.000000 0.012881
vt 0.906387 0.321630
vt 0.958243 0.103062
vt 0.905875 0.121202
vt 0.000512 0.330358
vt 0.000000 0.121202
vt 0.906387 0.330358
vt 0.988729 0.103062
vt 0.000000 0.000000
vt 0.000512 0.321630
vt 0.905875 0.000000
vt 0.906387 0.321630
vt 0.988729 0.115757
vt 0.906075 0.259595
vt 0.000000 0.012881
vt 0.000200 0.259595
vt 0.905875 0.012881
vt 0.942399 0.062186
vt 0.905875 0.034093
vt -0.000122 0.156096
vt 0.996752 0.000413
vt 0.000000 0.034093
vt 0.905753 0.156096
vt 0.995971 0.062186
vt 0.000000 0.048121
vt -0.000122 0.210448
vt 0.905875 0.048121
vt 0.943180 0.000413
vt 0.905753 0.210448
vt 0.995971 0.076013
vt 0.000000 0.062150
vt 0.906075 0.297453
vt 0.905875 0.062150
vt 0.943180 0.014240
vt 0.000200 0.297453
vt 0.980127 0.076013
vt 0.000000 0.062150
vt 0.906075 0.281378
vt 0.959024 0.014240
vt 0.905875 0.062150
vt 0.000200 0.281378
vt 0.958243 0.076013
vt 0.905875 0.093759
vt 0.906075 0.312903
vt 0.980908 0.014240
vt 0.000000 0.093759
vt 0.000200 0.312903
vt 0.942399 0.076013
vt 0.905875 0.048121
vt 0.906075 0.296828
vt 0.996752 0.014240
vt 0.000000 0.048121
vt 0.000200 0.296828
vt 0.949641 0.103062
vt 0.905875 0.012881
vt 0.000512 0.321630
vt 0.989510 0.041289
vt 0.000000 0.012881
vt 0.906387 0.321630
vt 0.949641 0.115757
vt 0.906075 0.219937
vt 0.905875 0.025761
vt 0.989510 0.053985
vt 0.000200 0.219937
vt 0.000000 0.025761
vt 0.980127 0.103062
vt 0.000000 0.089593
vt 0.000512 0.312903
vt 0.959024 0.041289
vt 0.905875 0.089593
vt 0.906387 0.312903
vt 0.958243 0.103062
vt 0.905875 0.121202
vt 0.000512 0.330358
vt 0.980908 0.041289
vt 0.000000 0.121202
vt 0.906387 0.330358
vt 0.988729 0.115757
vt 0.906075 0.259595
vt 0.000000 0.012881
vt 0.950422 0.053985
vt 0.000200 0.259595
vt 0.905875 0.012881
vt 0.988729 0.103062
vt 0.000000 0.000000
vt 0.000512 0.321630
vt 0.950422 0.041289
vt 0.905875 0.000000
vt 0.906387 0.321630
vt 0.995971 0.076013
vt 0.000000 0.062150
vt 0.906075 0.297453
vt 0.905875 0.062150
vt 0.000200 0.297453
vt 0.995971 0.062186
vt 0.000000 0.048121
vt -0.000122 0.210448
vt 0.905875 0.048121
vt 0.905753 0.210448
vt 0.958243 0.076013
vt 0.905875 0.093759
vt 0.906075 0.312903
vt 0.000000 0.093759
vt 0.000200 0.312903
vt 0.980127 0.076013
vt 0.000000 0.062150
vt 0.906075 0.281378
vt 0.905875 0.062150
vt 0.000200 0.281378
vt 0.942399 0.062186
vt 0.905875 0.034093
vt -0.000122 0.156096
vt 0.000000 0.034093
vt 0.905753 0.156096
vt 0.942399 0.076013
vt 0.905875 0.048121
vt 0.906075 0.296828
vt 0.000000 0.048121
vt 0.000200 0.296828
vt 0.999050 0.183297
vt 0.939310 0.183297
vt 0.999050 0.342604
vt 0.939310 0.342604
vt 0.985655 0.132863
vt 0.939310 0.342604
vt 0.999050 0.342604
vt 0.939081 0.132863
vt 0.939310 0.183297
vt 0.999050 0.183297
vt 0.999050 0.183297
vt 0.939310 0.183297
vt 0.999050 0.342604
vt 0.939310 0.342604
vt 0.985655 0.179437
vt 0.999050 0.183297
vt 0.939310 0.183297
vt 0.999050 0.342604
vt 0.939310 0.342604
vt 0.939081 0.179437
vt 0.939310 0.342604
vt 0.999050 0.342604
vt 0.939081 0.132863
vt 0.999050 0.342604
vt 0.939310 0.342604
vt 0.985655 0.132863
vt 0.999050 0.183297
vt 0.939310 0.183297
vt 0.939310 0.183297
vt 0.999050 0.183297
vt 0.999050 0.342604
vt 0.939310 0.342604
vt 0.985655 0.179437
vt 0.999050 0.183297
vt 0.939310 0.183297
vt 0.999050 0.342604
vt 0.939310 0.342604
vt 0.939081 0.179437
vt 0.999050 0.183297
vt 0.939310 0.183297
vt 0.979692 0.781451
vt -0.000781 0.656284
vt 0.998987 0.652658
vt 0.979692 0.844034
vt -0.000781 0.718868
vt 1.000000 0.851064
vt -0.000781 0.844034
vt 0.302823 0.718868
vt 0.000000 0.851064
vt -0.000781 0.781451
vt 0.302823 0.656284
vt 0.001647 0.652658
vt 0.145247 0.656284
vt -0.000781 0.718868
vt 0.998987 0.504118
vt 0.145247 0.718868
vt -0.000781 0.781451
vt 1.000000 1.000000
vt 0.979692 0.718868
vt 0.156795 0.656284
vt 0.001647 0.504118
vt 0.979692 0.781451
vt 0.156795 0.718868
vt 0.000000 1.000000
vt 0.980127 0.103062
vt 0.000000 0.089593
vt 0.000512 0.312903
vt 0.905875 0.089593
vt 0.906387 0.312903
vt 0.949641 0.115757
vt 0.906075 0.219937
vt 0.905875 0.025761
vt 0.000200 0.219937
vt 0.000000 0.025761
vt 0.949641 0.103062
vt 0.905875 0.012881
vt 0.000512 0.321630
vt 0.000000 0.012881
vt 0.906387 0.321630
vt 0.958243 0.103062
vt 0.905875 0.121202
vt 0.000512 0.330358
vt 0.000000 0.121202
vt 0.906387 0.330358
vt 0.988729 0.103062
vt 0.000000 0.000000
vt 0.000512 0.321630
vt 0.905875 0.000000
vt 0.906387 0.321630
vt 0.988729 0.115757
vt 0.906075 0.259595
vt 0.000000 0.012881
vt 0.000200 0.259595
vt 0.905875 0.012881
vt 0.942399 0.062186
vt 0.905875 0.034093
vt -0.000122 0.156096
vt 0.996752 0.000413
vt 0.000000 0.034093
vt 0.905753 0.156096
vt 0.995971 0.062186
vt 0.000000 0.048121
vt -0.000122 0.210448
vt 0.905875 0.048121
vt 0.943180 0.000413
vt 0.905753 0.210448
vt 0.995971 0.076013
vt 0.000000 0.062150
vt 0.906075 0.297453
vt 0.905875 0.062150
vt 0.943180 0.014240
vt 0.000200 0.297453
vt 0.980127 0.076013
vt 0.000000 0.062150
vt 0.906075 0.281378
vt 0.959024 0.014240
vt 0.905875 0.062150
vt 0.000200 0.281378
vt 0.958243 0.076013
vt 0.905875 0.093759
vt 0.906075 0.312903
vt 0.980908 0.014240
vt 0.000000 0.093759
vt 0.000200 0.312903
vt 0.942399 0.076013
vt 0.905875 0.048121
vt 0.906075 0.296828
vt 0.996752 0.014240
vt 0.000000 0.048121
vt 0.000200 0.296828
vt 0.949641 0.103062
vt 0.905875 0.012881
vt 0.000512 0.321630
vt 0.989510 0.041289
vt 0.000000 0.012881
vt 0.906387 0.321630
vt 0.949641 0.115757
vt 0.906075 0.219937
vt 0.905875 0.025761
vt 0.989510 0.053985
vt 0.000200 0.219937
vt 0.000000 0.025761
vt 0.980127 0.103062
vt 0.000000 0.089593
vt 0.000512 0.312903
vt 0.959024 0.041289
vt 0.905875 0.089593
vt 0.906387 0.312903
vt 0.958243 0.103062
vt 0.905875 0.121202
vt 0.000512 0.330358
vt 0.980908 0.041289
vt 0.000000 0.121202
vt 0.906387 0.330358
vt 0.988729 0.115757
vt 0.906075 0.259595
vt 0.000000 0.012881
vt 0.950422 0.053985
vt 0.000200 0.259595
vt 0.905875 0.012881
vt 0.988729 0.103062
vt 0.000000 0.000000
vt 0.000512 0.321630
vt 0.950422 0.041289
vt 0.905875 0.000000
vt 0.906387 0.321630
vt 0.995971 0.076013
vt 0.000000 0.062150
vt 0.906075 0.297453
vt 0.905875 0.062150
vt 0.000200 0.297453
vt 0.995971 0.062186
vt 0.000000 0.048121
vt -0.000122 0.210448
vt 0.905875 0.048121
vt 0.905753 0.210448
vt 0.958243 0.076013
vt 0.905875 0.093759
vt 0.906075 0.312903
vt 0.000000 0.093759
vt 0.000200 0.312903
vt 0.980127 0.076013
vt 0.000000 0.062150
vt 0.906075 0.281378
vt 0.905875 0.062150
vt 0.000200 0.281378
vt 0.942399 0.062186
vt 0.905875 0.034093
vt -0.000122 0.156096
vt 0.000000 0.034093
vt 0.905753 0.156096
vt 0.942399 0.076013
vt 0.905875 0.048121
vt 0.906075 0.296828
vt 0.000000 0.048121
vt 0.000200 0.296828
vt 0.999050 0.183297
vt 0.939310 0.183297
vt 0.999050 0.342604
vt 0.939310 0.342604
vt 0.985655 0.132863
vt 0.939310 0.342604
vt 0.999050 0.342604
vt 0.939081 0.132863
vt 0.939310 0.183297
vt 0.999050 0.183297
vt 0.999050 0.183297
vt 0.939310 0.183297
vt 0.999050 0.342604
vt 0.939310 0.342604
vt 0.985655 0.179437
vt 0.999050 0.183297
vt 0.939310 0.183297
vt 0.999050 0.342604
vt 0.939310 0.342604
vt 0.939081 0.179437
vt 0.939310 0.342604
vt 0.999050 0.342604
vt 0.939081 0.132863
vt 0.999050 0.342604
vt 0.939310 0.342604
vt 0.985655 0.132863
vt 0.999050 0.183297
vt 0.939310 0.183297
vt 0.939310 0.183297
vt 0.999050 0.183297
vt 0.999050 0.342604
vt 0.939310 0.342604
vt 0.985655 0.179437
vt 0.999050 0.183297
vt 0.939310 0.183297
vt 0.999050 0.342604
vt 0.939310 0.342604
vt 0.939081 0.179437
vt 0.999050 0.183297
vt 0.939310 0.183297
vt 0.979692 0.781451
vt -0.000781 0.656284
vt 0.998987 0.652658
vt 0.979692 0.844034
vt -0.000781 0.718868
vt 1.000000 0.851064
vt -0.000781 0.844034
vt 0.302823 0.718868
vt 0.000000 0.851064
vt -0.000781 0.781451
vt 0.302823 0.656284
vt 0.001647 0.652658
vt 0.145247 0.656284
vt -0.000781 0.718868
vt 0.998987 0.504118
vt 0.145247 0.718868
vt -0.000781 0.781451
vt 1.000000 1.000000
vt 0.979692 0.718868
vt 0.156795 0.656284
vt 0.001647 0.504118
vt 0.979692 0.781451
vt 0.156795 0.718868
vt 0.000000 1.000000
vt 0.980127 0.103062
vt 0.000000 0.089593
vt 0.000512 0.312903
vt 0.905875 0.089593
vt 0.906387 0.312903
vt 0.949641 0.115757
vt 0.906075 0.219937
vt 0.905875 0.025761
vt 0.000200 0.219937
vt 0.000000 0.025761
vt 0.949641 0.103062
vt 0.905875 0.012881
vt 0.000512 0.321630
vt 0.000000 0.012881
vt 0.906387 0.321630
vt 0.958243 0.103062
vt 0.905875 0.121202
vt 0.000512 0.330358
vt 0.000000 0.121202
vt 0.906387 0.330358
vt 0.988729 0.103062
vt 0.000000 0.000000
vt 0.000512 0.321630
vt 0.905875 0.000000
vt 0.906387 0.321630
vt 0.988729 0.115757
vt 0.906075 0.259595
vt 0.000000 0.012881
vt 0.000200 0.259595
vt 0.905875 0.012881
vt 0.942399 0.062186
vt 0.905875 0.034093
vt -0.000122 0.156096
vt 0.996752 0.000413
vt 0.000000 0.034093
vt 0.905753 0.156096
vt 0.995971 0.062186
vt 0.000000 0.048121
vt -0.000122 0.210448
vt 0.905875 0.048121
vt 0.943180 0.000413
vt 0.905753 0.210448
vt 0.995971 0.076013
vt 0.000000 0.062150
vt 0.906075 0.297453
vt 0.905875 0.062150
vt 0.943180 0.014240
vt 0.000200 0.297453
vt 0.980127 0.076013
vt 0.000000 0.062150
vt 0.906075 0.281378
vt 0.959024 0.014240
vt 0.905875 0.062150
vt 0.000200 0.281378
vt 0.958243 0.076013
vt 0.905875 0.093759
vt 0.906075 0.312903
vt 0.980908 0.014240
vt 0.000000 0.093759
vt 0.000200 0.312903
vt 0.942399 0.076013
vt 0.905875 0.048121
vt 0.906075 0.296828
vt 0.996752 0.014240
vt 0.000000 0.048121
vt 0.000200 0.296828
vt 0.949641 0.103062
vt 0.905875 0.012881
vt 0.000512 0.321630
vt 0.989510 0.041289
vt 0.000000 0.012881
vt 0.906387 0.321630
vt 0.949641 0.115757
vt 0.906075 0.219937
vt 0.905875 0.025761
vt 0.989510 0.053985
vt 0.000200 0.219937
vt 0.000000 0.025761
vt 0.980127 0.103062
vt 0.000000 0.089593
vt 0.000512 0.312903
vt 0.959024 0.041289
vt 0.905875 0.089593
vt 0.906387 0.312903
vt 0.958243 0.103062
vt 0.905875 0.121202
vt 0.000512 0.330358
vt 0.980908 0.041289
vt 0.000000 0.121202
vt 0.906387 0.330358
vt 0.988729 0.115757
vt 0.906075 0.259595
vt 0.000000 0.012881
vt 0.950422 0.053985
vt 0.000200 0.259595
vt 0.905875 0.012881
vt 0.988729 0.103062
vt 0.000000 0.000000
vt 0.000512 0.321630
vt 0.950422 0.041289
vt 0.905875 0.000000
vt 0.906387 0.321630
vt 0.995971 0.076013
vt 0.000000 0.062150
vt 0.906075 0.297453
vt 0.905875 0.062150
vt 0.000200 0.297453
vt 0.995971 0.062186
vt 0.000000 0.048121
vt -0.000122 0.210448
vt 0.905875 0.048121
vt 0.905753 0.210448
vt 0.958243 0.076013
vt 0.905875 0.093759
vt 0.906075 0.312903
vt 0.000000 0.093759
vt 0.000200 0.312903
vt 0.980127 0.076013
vt 0.000000 0.062150
vt 0.906075 0.281378
vt 0.905875 0.062150
vt 0.000200 0.281378
vt 0.942399 0.062186
vt 0.905875 0.034093
vt -0.000122 0.156096
vt 0.000000 0.034093
vt 0.905753 0.156096
vt 0.942399 0.076013
vt 0.905875 0.048121
vt 0.906075 0.296828
vt 0.000000 0.048121
vt 0.000200 0.296828
vt 0.999050 0.183297
vt 0.939310 0.183297
vt 0.999050 0.342604
vt 0.939310 0.342604
vt 0.985655 0.132863
vt 0.939310 0.342604
vt 0.999050 0.342604
vt 0.939081 0.132863
vt 0.939310 0.183297
vt 0.999050 0.183297
vt 0.999050 0.183297
vt 0.939310 0.183297
vt 0.999050 0.342604
vt 0.939310 0.342604
vt 0.985655 0.179437
vt 0.999050 0.183297
vt 0.939310 0.183297
vt 0.999050 0.342604
vt 0.939310 0.342604
vt 0.939081 0.179437
vt 0.939310 0.342604
vt 0.999050 0.342604
vt 0.939081 0.132863
vt 0.999050 0.342604
vt 0.939310 0.342604
vt 0.985655 0.132863
vt 0.999050 0.183297
vt 0.939310 0.183297
vt 0.939310 0.183297
vt 0.999050 0.183297
vt 0.999050 0.342604
vt 0.939310 0.342604
vt 0.985655 0.179437
vt 0.999050 0.183297
vt 0.939310 0.183297
vt 0.999050 0.342604
vt 0.939310 0.342604
vt 0.939081 0.179437
vt 0.999050 0.183297
vt 0.939310 0.183297
vt 0.979692 0.781451
vt -0.000781 0.656284
vt 0.998987 0.652658
vt 0.979692 0.844034
vt -0.000781 0.718868
vt 1.000000 0.851064
vt -0.000781 0.844034
vt 0.302823 0.718868
vt 0.000000 0.851064
vt -0.000781 0.781451
vt 0.302823 0.656284
vt 0.001647 0.652658
vt 0.145247 0.656284
vt -0.000781 0.718868
vt 0.998987 0.504118
vt 0.145247 0.718868
vt -0.000781 0.781451
vt 1.000000 1.000000
vt 0.979692 0.718868
vt 0.156795 0.656284
vt 0.001647 0.504118
vt 0.979692 0.781451
vt 0.156795 0.718868
vt 0.000000 1.000000
vt 0.980127 0.103062
vt 0.000000 0.089593
vt 0.000512 0.312903
vt 0.905875 0.089593
vt 0.906387 0.312903
vt 0.949641 0.115757
vt 0.906075 0.219937
vt 0.905875 0.025761
vt 0.000200 0.219937
vt 0.000000 0.025761
vt 0.949641 0.103062
vt 0.905875 0.012881
vt 0.000512 0.321630
vt 0.000000 0.012881
vt 0.906387 0.321630
vt 0.958243 0.103062
vt 0.905875 0.121202
vt 0.000512 0.330358
vt 0.000000 0.121202
vt 0.906387 0.330358
vt 0.988729 0.103062
vt 0.000000 0.000000
vt 0.000512 0.321630
vt 0.905875 0.000000
vt 0.906387 0.321630
vt 0.988729 0.115757
vt 0.906075 0.259595
vt 0.000000 0.012881
vt 0.000200 0.259595
vt 0.905875 0.012881
vt 0.942399 0.062186
vt 0.905875 0.034093
vt -0.000122 0.156096
vt 0.996752 0.000413
vt 0.000000 0.034093
vt 0.905753 0.156096
vt 0.995971 0.062186
vt 0.000000 0.048121
vt -0.000122 0.210448
vt 0.905875 0.048121
vt 0.943180 0.000413
vt 0.905753 0.210448
vt 0.995971 0.076013
vt 0.000000 0.062150
vt 0.906075 0.297453
vt 0.905875 0.062150
vt 0.943180 0.014240
vt 0.000200 0.297453
vt 0.980127 0.076013
vt 0.000000 0.062150
vt 0.906075 0.281378
vt 0.959024 0.014240
vt 0.905875 0.062150
vt 0.000200 0.281378
vt 0.958243 0.076013
vt 0.905875 0.093759
vt 0.906075 0.312903
vt 0.980908 0.014240
vt 0.000000 0.093759
vt 0.000200 0.312903
vt 0.942399 0.076013
vt 0.905875 0.048121
vt 0.906075 0.296828
vt 0.996752 0.014240
vt 0.000000 0.048121
vt 0.000200 0.296828
vt 0.949641 0.103062
vt 0.905875 0.012881
vt 0.000512 0.321630
vt 0.989510 0.041289
vt 0.000000 0.012881
vt 0.906387 0.321630
vt 0.949641 0.115757
vt 0.906075 0.219937
vt 0.905875 0.025761
vt 0.989510 0.053985
vt 0.000200 0.219937
vt 0.000000 0.025761
vt 0.980127 0.103062
vt 0.000000 0.089593
vt 0.000512 0.312903
vt 0.959024 0.041289
vt 0.905875 0.089593
vt 0.906387 0.312903
vt 0.958243 0.103062
vt 0.905875 0.121202
vt 0.000512 0.330358
vt 0.980908 0.041289
vt 0.000000 0.121202
vt 0.906387 0.330358
vt 0.988729 0.115757
vt 0.906075 0.259595
vt 0.000000 0.012881
vt 0.950422 0.053985
vt 0.000200 0.259595
vt 0.905875 0.012881
vt 0.988729 0.103062
vt 0.000000 0.000000
vt 0.000512 0.321630
vt 0.950422 0.041289
vt 0.905875 0.000000
vt 0.906387 0.321630
vt 0.995971 0.076013
vt 0.000000 0.062150
vt 0.906075 0.297453
vt 0.905875 0.062150
vt 0.000200 0.297453
vt 0.995971 0.062186
vt 0.000000 0.048121
vt -0.000122 0.210448
vt 0.905875 0.048121
vt 0.905753 0.210448
vt 0.958243 0.076013
vt 0.905875 0.093759
vt 0.906075 0.312903
vt 0.000000 0.093759
vt 0.000200 0.312903
vt 0.980127 0.076013
vt 0.000000 0.062150
vt 0.906075 0.281378
vt 0.905875 0.062150
vt 0.000200 0.281378
vt 0.942399 0.062186
vt 0.905875 0.034093
vt -0.000122 0.156096
vt 0.000000 0.034093
vt 0.905753 0.156096
vt 0.942399 0.076013
vt 0.905875 0.048121
vt 0.906075 0.296828
vt 0.000000 0.048121
vt 0.000200 0.296828
vt 0.999050 0.183297
vt 0.939310 0.183297
vt 0.999050 0.342604
vt 0.939310 0.342604
vt 0.985655 0.132863
vt 0.939310 0.342604
vt 0.999050 0.342604
vt 0.939081 0.132863
vt 0.939310 0.183297
vt 0.999050 0.183297
vt 0.999050 0.183297
vt 0.939310 0.183297
vt 0.999050 0.342604
vt 0.939310 0.342604
vt 0.985655 0.179437
vt 0.999050 0.183297
vt 0.939310 0.183297
vt 0.999050 0.342604
vt 0.939310 0.342604
vt 0.939081 0.179437
vt 0.939310 0.342604
vt 0.999050 0.342604
vt 0.939081 0.132863
vt 0.999050 0.342604
vt 0.939310 0.342604
vt 0.985655 0.132863
vt 0.999050 0.183297
vt 0.939310 0.183297
vt 0.939310 0.183297
vt 0.999050 0.183297
vt 0.999050 0.342604
vt 0.939310 0.342604
vt 0.985655 0.179437
vt 0.999050 0.183297
vt 0.939310 0.183297
vt 0.999050 0.342604
vt 0.939310 0.342604
vt 0.939081 0.179437
vt 0.999050 0.183297
vt 0.939310 0.183297
vt 0.979692 0.781451
vt -0.000781 0.656284
vt 0.998987 0.652658
vt 0.979692 0.844034
vt -0.000781 0.718868
vt 1.000000 0.851064
vt -0.000781 0.844034
vt 0.302823 0.718868
vt 0.000000 0.851064
vt -0.000781 0.781451
vt 0.302823 0.656284
vt 0.001647 0.652658
vt 0.145247 0.656284
vt -0.000781 0.718868
vt 0.998987 0.504118
vt 0.145247 0.718868
vt -0.000781 0.781451
vt 1.000000 1.000000
vt 0.979692 0.718868
vt 0.156795 0.656284
vt 0.001647 0.504118
vt 0.979692 0.781451
vt 0.156795 0.718868
vt 0.000000 1.000000
vt 0.980127 0.103062
vt 0.000000 0.089593
vt 0.000512 0.312903
vt 0.905875 0.089593
vt 0.906387 0.312903
vt 0.949641 0.115757
vt 0.906075 0.219937
vt 0.905875 0.025761
vt 0.000200 0.219937
vt 0.000000 0.025761
vt 0.949641 0.103062
vt 0.905875 0.012881
vt 0.000512 0.321630
vt 0.000000 0.012881
vt 0.906387 0.321630
vt 0.958243 0.103062
vt 0.905875 0.121202
vt 0.000512 0.330358
vt 0.000000 0.121202
vt 0.906387 0.330358
vt 0.988729 0.103062
vt 0.000000 0.000000
vt 0.000512 0.321630
vt 0.905875 0.000000
vt 0.906387 0.321630
vt 0.988729 0.115757
vt 0.906075 0.259595
vt 0.000000 0.012881
vt 0.000200 0.259595
vt 0.905875 0.012881
vt 0.942399 0.062186
vt 0.905875 0.034093
vt -0.000122 0.156096
vt 0.996752 0.000413
vt 0.000000 0.034093
vt 0.905753 0.156096
vt 0.995971 0.062186
vt 0.000000 0.048121
vt -0.000122 0.210448
vt 0.905875 0.048121
vt 0.943180 0.000413
vt 0.905753 0.210448
vt 0.995971 0.076013
vt 0.000000 0.062150
vt 0.906075 0.297453
vt 0.905875 0.062150
vt 0.943180 0.014240
vt 0.000200 0.297453
vt 0.980127 0.076013
vt 0.000000 0.062150
vt 0.906075 0.281378
vt 0.959024 0.014240
vt 0.905875 0.062150
vt 0.000200 0.281378
vt 0.958243 0.076013
vt 0.905875 0.093759
vt 0.906075 0.312903
vt 0.980908 0.014240
vt 0.000000 0.093759
vt 0.000200 0.312903
vt 0.942399 0.076013
vt 0.905875 0.048121
vt 0.906075 0.296828
vt 0.996752 0.014240
vt 0.000000 0.048121
vt 0.000200 0.296828
vt 0.949641 0.103062
vt 0.905875 0.012881
vt 0.000512 0.321630
vt 0.989510 0.041289
vt 0.000000 0.012881
vt 0.906387 0.321630
vt 0.949641 0.115757
vt 0.906075 0.219937
vt 0.905875 0.025761
vt 0.989510 0.053985
vt 0.000200 0.219937
vt 0.000000 0.025761
vt 0.980127 0.103062
vt 0.000000 0.089593
vt 0.000512 0.312903
vt 0.959024 0.041289
vt 0.905875 0.089593
vt 0.906387 0.312903
vt 0.958243 0.103062
vt 0.905875 0.121202
vt 0.000512 0.330358
vt 0.980908 0.041289
vt 0.000000 0.121202
vt 0.906387 0.330358
vt 0.988729 0.115757
vt 0.906075 0.259595
vt 0.000000 0.012881
vt 0.950422 0.053985
vt 0.000200 0.259595
vt 0.905875 0.012881
vt 0.988729 0.103062
vt 0.000000 0.000000
vt 0.000512 0.321630
vt 0.950422 0.041289
vt 0.905875 0.000000
vt 0.906387 0.321630
vt 0.995971 0.076013
vt 0.000000 0.062150
vt 0.906075 0.297453
vt 0.905875 0.062150
vt 0.000200 0.297453
vt 0.995971 0.062186
vt 0.000000 0.048121
vt -0.000122 0.210448
vt 0.905875 0.048121
vt 0.905753 0.210448
vt 0.958243 0.076013
vt 0.905875 0.093759
vt 0.906075 0.312903
vt 0.000000 0.093759
vt 0.000200 0.312903
vt 0.980127 0.076013
vt 0.000000 0.062150
vt 0.906075 0.281378
vt 0.905875 0.062150
vt 0.000200 0.281378
vt 0.942399 0.062186
vt 0.905875 0.034093
vt -0.000122 0.156096
vt 0.000000 0.034093
vt 0.905753 0.156096
vt 0.942399 0.076013
vt 0.905875 0.048121
vt 0.906075 0.296828
vt 0.000000 0.048121
vt 0.000200 0.296828
vt 0.999050 0.183297
vt 0.939310 0.183297
vt 0.999050 0.342604
vt 0.939310 0.342604
vt 0.985655 0.132863
vt 0.939310 0.342604
vt 0.999050 0.342604
vt 0.939081 0.132863
vt 0.939310 0.183297
vt 0.999050 0.183297
vt 0.999050 0.183297
vt 0.939310 0.183297
vt 0.999050 0.342604
vt 0.939310 0.342604
vt 0.985655 0.179437
vt 0.999050 0.183297
vt 0.939310 0.183297
vt 0.999050 0.342604
vt 0.939310 0.342604
vt 0.939081 0.179437
vt 0.939310 0.342604
vt 0.999050 0.342604
vt 0.939081 0.132863
vt 0.999050 0.342604
vt 0.939310 0.342604
vt 0.985655 0.132863
vt 0.999050 0.183297
vt 0.939310 0.183297
vt 0.939310 0.183297
vt 0.999050 0.183297
vt 0.999050 0.342604
vt 0.939310 0.342604
vt 0.985655 0.179437
vt 0.999050 0.183297
vt 0.939310 0.183297
vt 0.999050 0.342604
vt 0.939310 0.342604
vt 0.939081 0.179437
vt 0.999050 0.183297
vt 0.939310 0.183297
vt 0.979692 0.781451
vt -0.000781 0.656284
vt 0.998987 0.652658
vt 0.979692 0.844034
vt -0.000781 0.718868
vt 1.000000 0.851064
vt -0.000781 0.844034
vt 0.302823 0.718868
vt 0.000000 0.851064
vt -0.000781 0.781451
vt 0.302823 0.656284
vt 0.001647 0.652658
vt 0.145247 0.656284
vt -0.000781 0.718868
vt 0.998987 0.504118
vt 0.145247 0.718868
vt -0.000781 0.781451
vt 1.000000 1.000000
vt 0.979692 0.718868
vt 0.156795 0.656284
vt 0.001647 0.504118
vt 0.979692 0.781451
vt 0.156795 0.718868
vt 0.000000 1.000000
vt 0.980127 0.103062
vt 0.000000 0.089593
vt 0.000512 0.312903
vt 0.905875 0.089593
vt 0.906387 0.312903
vt 0.949641 0.115757
vt 0.906075 0.219937
vt 0.905875 0.025761
vt 0.000200 0.219937
vt 0.000000 0.025761
vt 0.949641 0.103062
vt 0.905875 0.012881
vt 0.000512 0.321630
vt 0.000000 0.012881
vt 0.906387 0.321630
vt 0.958243 0.103062
vt 0.905875 0.121202
vt 0.000512 0.330358
vt 0.000000 0.121202
vt 0.906387 0.330358
vt 0.988729 0.103062
vt 0.000000 0.000000
vt 0.000512 0.321630
vt 0.905875 0.000000
vt 0.906387 0.321630
vt 0.988729 0.115757
vt 0.906075 0.259595
vt 0.000000 0.012881
vt 0.000200 0.259595
vt 0.905875 0.012881
vt 0.942399 0.062186
vt 0.905875 0.034093
vt -0.000122 0.156096
vt 0.996752 0.000413
vt 0.000000 0.034093
vt 0.905753 0.156096
vt 0.995971 0.062186
vt 0.000000 0.048121
vt -0.000122 0.210448
vt 0.905875 0.048121
vt 0.943180 0.000413
vt 0.905753 0.210448
vt 0.995971 0.076013
vt 0.000000 0.062150
vt 0.906075 0.297453
vt 0.905875 0.062150
vt 0.943180 0.014240
vt 0.000200 0.297453
vt 0.980127 0.076013
vt 0.000000 0.062150
vt 0.906075 0.281378
vt 0.959024 0.014240
vt 0.905875 0.062150
vt 0.000200 0.281378
vt 0.958243 0.076013
vt 0.905875 0.093759
vt 0.906075 0.312903
vt 0.980908 0.014240
vt 0.000000 0.093759
vt 0.000200 0.312903
vt 0.942399 0.076013
vt 0.905875 0.048121
vt 0.906075 0.296828
vt 0.996752 0.014240
vt 0.000000 0.048121
vt 0.000200 0.296828
vt 0.949641 0.103062
vt 0.905875 0.012881
vt 0.000512 0.321630
vt 0.989510 0.041289
vt 0.000000 0.012881
vt 0.906387 0.321630
vt 0.949641 0.115757
vt 0.906075 0.219937
vt 0.905875 0.025761
vt 0.989510 0.053985
vt 0.000200 0.219937
vt 0.000000 0.025761
vt 0.980127 0.103062
vt 0.000000 0.089593
vt 0.000512 0.312903
vt 0.959024 0.041289
vt 0.905875 0.089593
vt 0.906387 0.312903
vt 0.958243 0.103062
vt 0.905875 0.121202
vt 0.000512 0.330358
vt 0.980908 0.041289
vt 0.000000 0.121202
vt 0.906387 0.330358
vt 0.988729 0.115757
vt 0.906075 0.259595
vt 0.000000 0.012881
vt 0.950422 0.053985
vt 0.000200 0.259595
vt 0.905875 0.012881
vt 0.988729 0.103062
vt 0.000000 0.000000
vt 0.000512 0.321630
vt 0.950422 0.041289
vt 0.905875 0.000000
vt 0.906387 0.321630
vt 0.995971 0.076013
vt 0.000000 0.062150
vt 0.906075 0.297453
vt 0.905875 0.062150
vt 0.000200 0.297453
vt 0.995971 0.062186
vt 0.000000 0.048121
vt -0.000122 0.210448
vt 0.905875 0.048121
vt 0.905753 0.210448
vt 0.958243 0.076013
vt 0.905875 0.093759
vt 0.906075 0.312903
vt 0.000000 0.093759
vt 0.000200 0.312903
vt 0.980127 0.076013
vt 0.000000 0.062150
vt 0.906075 0.281378
vt 0.905875 0.062150
vt 0.000200 0.281378
vt 0.942399 0.062186
vt 0.905875 0.034093
vt -0.000122 0.156096
vt 0.000000 0.034093
vt 0.905753 0.156096
vt 0.942399 0.076013
vt 0.905875 0.048121
vt 0.906075 0.296828
vt 0.000000 0.048121
vt 0.000200 0.296828
vt 0.999050 0.183297
vt 0.939310 0.183297
vt 0.999050 0.342604
vt 0.939310 0.342604
vt 0.985655 0.132863
vt 0.939310 0.342604
vt 0.999050 0.342604
vt 0.939081 0.132863
vt 0.939310 0.183297
vt 0.999050 0.183297
vt 0.999050 0.183297
vt 0.939310 0.183297
vt 0.999050 0.342604
vt 0.939310 0.342604
vt 0.985655 0.179437
vt 0.999050 0.183297
vt 0.939310 0.183297
vt 0.999050 0.342604
vt 0.939310 0.342604
vt 0.939081 0.179437
vt 0.939310 0.342604
vt 0.999050 0.342604
vt 0.939081 0.132863
vt 0.999050 0.342604
vt 0.939310 0.342604
vt 0.985655 0.132863
vt 0.999050 0.183297
vt 0.939310 0.183297
vt 0.939310 0.183297
vt 0.999050 0.183297
vt 0.999050 0.342604
vt 0.939310 0.342604
vt 0.985655 0.179437
vt 0.999050 0.183297
vt 0.939310 0.183297
vt 0.999050 0.342604
vt 0.939310 0.342604
vt 0.939081 0.179437
vt 0.999050 0.183297
vt 0.939310 0.183297
vt 0.979692 0.781451
vt -0.000781 0.656284
vt 0.998987 0.652658
vt 0.979692 0.844034
vt -0.000781 0.718868
vt 1.000000 0.851064
vt -0.000781 0.844034
vt 0.302823 0.718868
vt 0.000000 0.851064
vt -0.000781 0.781451
vt 0.302823 0.656284
vt 0.001647 0.652658
vt 0.145247 0.656284
vt -0.000781 0.718868
vt 0.998987 0.504118
vt 0.145247 0.718868
vt -0.000781 0.781451
vt 1.000000 1.000000
vt 0.979692 0.718868
vt 0.156795 0.656284
vt 0.001647 0.504118
vt 0.979692 0.781451
vt 0.156795 0.718868
vt 0.000000 1.000000
vt 0.980127 0.103062
vt 0.000000 0.089593
vt 0.000512 0.312903
vt 0.905875 0.089593
vt 0.906387 0.312903
vt 0.949641 0.115757
vt 0.906075 0.219937
vt 0.905875 0.025761
vt 0.000200 0.219937
vt 0.000000 0.025761
vt 0.949641 0.103062
vt 0.905875 0.012881
vt 0.000512 0.321630
vt 0.000000 0.012881
vt 0.906387 0.321630
vt 0.958243 0.103062
vt 0.905875 0.121202
vt 0.000512 0.330358
vt 0.000000 0.121202
vt 0.906387 0.330358
vt 0.988729 0.103062
vt 0.000000 0.000000
vt 0.000512 0.321630
vt 0.905875 0.000000
vt 0.906387 0.321630
vt 0.988729 0.115757
vt 0.906075 0.259595
vt 0.000000 0.012881
vt 0.000200 0.259595
vt 0.905875 0.012881
vt 0.942399 0.062186
vt 0.905875 0.034093
vt -0.000122 0.156096
vt 0.996752 0.000413
vt 0.000000 0.034093
vt 0.905753 0.156096
vt 0.995971 0.062186
vt 0.000000 0.048121
vt -0.000122 0.210448
vt 0.905875 0.048121
vt 0.943180 0.000413
vt 0.905753 0.210448
vt 0.995971 0.076013
vt 0.000000 0.062150
vt 0.906075 0.297453
vt 0.905875 0.062150
vt 0.943180 0.014240
vt 0.000200 0.297453
vt 0.980127 0.076013
vt 0.000000 0.062150
vt 0.906075 0.281378
vt 0.959024 0.014240
vt 0.905875 0.062150
vt 0.000200 0.281378
vt 0.958243 0.076013
vt 0.905875 0.093759
vt 0.906075 0.312903
vt 0.980908 0.014240
vt 0.000000 0.093759
vt 0.000200 0.312903
vt 0.942399 0.076013
vt 0.905875 0.048121
vt 0.906075 0.296828
vt 0.996752 0.014240
vt 0.000000 0.048121
vt 0.000200 0.296828
vt 0.949641 0.103062
vt 0.905875 0.012881
vt 0.000512 0.321630
vt 0.989510 0.041289
vt 0.000000 0.012881
vt 0.906387 0.321630
vt 0.949641 0.115757
vt 0.906075 0.219937
vt 0.905875 0.025761
vt 0.989510 0.053985
vt 0.000200 0.219937
vt 0.000000 0.025761
vt 0.980127 0.103062
vt 0.000000 0.089593
vt 0.000512 0.312903
vt 0.959024 0.041289
vt 0.905875 0.089593
vt 0.906387 0.312903
vt 0.958243 0.103062
vt 0.905875 0.121202
vt 0.000512 0.330358
vt 0.980908 0.041289
vt 0.000000 0.121202
vt 0.906387 0.330358
vt 0.988729 0.115757
vt 0.906075 0.259595
vt 0.000000 0.012881
vt 0.950422 0.053985
vt 0.000200 0.259595
vt 0.905875 0.012881
vt 0.988729 0.103062
vt 0.000000 0.000000
vt 0.000512 0.321630
vt 0.950422 0.041289
vt 0.905875 0.000000
vt 0.906387 0.321630
vt 0.995971 0.076013
vt 0.000000 0.062150
vt 0.906075 0.297453
vt 0.905875 0.062150
vt 0.000200 0.297453
vt 0.995971 0.062186
vt 0.000000 0.048121
vt -0.000122 0.210448
vt 0.905875 0.048121
vt 0.905753 0.210448
vt 0.958243 0.076013
vt 0.905875 0.093759
vt 0.906075 0.312903
vt 0.000000 0.093759
vt 0.000200 0.312903
vt 0.980127 0.076013
vt 0.000000 0.062150
vt 0.906075 0.281378
vt 0.905875 0.062150
vt 0.000200 0.281378
vt 0.942399 0.062186
vt 0.905875 0.034093
vt -0.000122 0.156096
vt 0.000000 0.034093
vt 0.905753 0.156096
vt 0.942399 0.076013
vt 0.905875 0.048121
vt 0.906075 0.296828
vt 0.000000 0.048121
vt 0.000200 0.296828
vt 0.999050 0.183297
vt 0.939310 0.183297
vt 0.999050 0.342604
vt 0.939310 0.342604
vt 0.985655 0.132863
vt 0.939310 0.342604
vt 0.999050 0.342604
vt 0.939081 0.132863
vt 0.939310 0.183297
vt 0.999050 0.183297
vt 0.999050 0.183297
vt 0.939310 0.183297
vt 0.999050 0.342604
vt 0.939310 0.342604
vt 0.985655 0.179437
vt 0.999050 0.183297
vt 0.939310 0.183297
vt 0.999050 0.342604
vt 0.939310 0.342604
vt 0.939081 0.179437
vt 0.939310 0.342604
vt 0.999050 0.342604
vt 0.939081 0.132863
vt 0.999050 0.342604
vt 0.939310 0.342604
vt 0.985655 0.132863
vt 0.999050 0.183297
vt 0.939310 0.183297
vt 0.939310 0.183297
vt 0.999050 0.183297
vt 0.999050 0.342604
vt 0.939310 0.342604
vt 0.985655 0.179437
vt 0.999050 0.183297
vt 0.939310 0.183297
vt 0.999050 0.342604
vt 0.939310 0.342604
vt 0.939081 0.179437
vt 0.999050 0.183297
vt 0.939310 0.183297
vt 0.979692 0.781451
vt -0.000781 0.656284
vt 0.998987 0.652658
vt 0.979692 0.844034
vt -0.000781 0.718868
vt 1.000000 0.851064
vt -0.000781 0.844034
vt 0.302823 0.718868
vt 0.000000 0.851064
vt -0.000781 0.781451
vt 0.302823 0.656284
vt 0.001647 0.652658
vt 0.145247 0.656284
vt -0.000781 0.718868
vt 0.998987 0.504118
vt 0.145247 0.718868
vt -0.000781 0.781451
vt 1.000000 1.000000
vt 0.979692 0.718868
vt 0.156795 0.656284
vt 0.001647 0.504118
vt 0.979692 0.781451
vt 0.156795 0.718868
vt 0.000000 1.000000
vt 0.980127 0.103062
vt 0.000000 0.089593
vt 0.000512 0.312903
vt 0.905875 0.089593
vt 0.906387 0.312903
vt 0.949641 0.115757
vt 0.906075 0.219937
vt 0.905875 0.025761
vt 0.000200 0.219937
vt 0.000000 0.025761
vt 0.949641 0.103062
vt 0.905875 0.012881
vt 0.000512 0.321630
vt 0.000000 0.012881
vt 0.906387 0.321630
vt 0.958243 0.103062
vt 0.905875 0.121202
vt 0.000512 0.330358
vt 0.000000 0.121202
vt 0.906387 0.330358
vt 0.988729 0.103062
vt 0.000000 0.000000
vt 0.000512 0.321630
vt 0.905875 0.000000
vt 0.906387 0.321630
vt 0.988729 0.115757
vt 0.906075 0.259595
vt 0.000000 0.012881
vt 0.000200 0.259595
vt 0.905875 0.012881
vt 0.942399 0.062186
vt 0.905875 0.034093
vt -0.000122 0.156096
vt 0.996752 0.000413
vt 0.000000 0.034093
vt 0.905753 0.156096
vt 0.995971 0.062186
vt 0.000000 0.048121
vt -0.000122 0.210448
vt 0.905875 0.048121
vt 0.943180 0.000413
vt 0.905753 0.210448
vt 0.995971 0.076013
vt 0.000000 0.062150
vt 0.906075 0.297453
vt 0.905875 0.062150
vt 0.943180 0.014240
vt 0.000200 0.297453
vt 0.980127 0.076013
vt 0.000000 0.062150
vt 0.906075 0.281378
vt 0.959024 0.014240
vt 0.905875 0.062150
vt 0.000200 0.281378
vt 0.958243 0.076013
vt 0.905875 0.093759
vt 0.906075 0.312903
vt 0.980908 0.014240
vt 0.000000 0.093759
vt 0.000200 0.312903
vt 0.942399 0.076013
vt 0.905875 0.048121
vt 0.906075 0.296828
vt 0.996752 0.014240
vt 0.000000 0.048121
vt 0.000200 0.296828
vt 0.949641 0.103062
vt 0.905875 0.012881
vt 0.000512 0.321630
vt 0.989510 0.041289
vt 0.000000 0.012881
vt 0.906387 0.321630
vt 0.949641 0.115757
vt 0.906075 0.219937
vt 0.905875 0.025761
vt 0.989510 0.053985
vt 0.000200 0.219937
vt 0.000000 0.025761
vt 0.980127 0.103062
vt 0.000000 0.089593
vt 0.000512 0.312903
vt 0.959024 0.041289
vt 0.905875 0.089593
vt 0.906387 0.312903
vt 0.958243 0.103062
vt 0.905875 0.121202
vt 0.000512 0.330358
vt 0.980908 0.041289
vt 0.000000 0.121202
vt 0.906387 0.330358
vt 0.988729 0.115757
vt 0.906075 0.259595
vt 0.000000 0.012881
vt 0.950422 0.053985
vt 0.000200 0.259595
vt 0.905875 0.012881
vt 0.988729 0.103062
vt 0.000000 0.000000
vt 0.000512 0.321630
vt 0.950422 0.041289
vt 0.905875 0.000000
vt 0.906387 0.321630
vt 0.995971 0.076013
vt 0.000000 0.062150
vt 0.906075 0.297453
vt 0.905875 0.062150
vt 0.000200 0.297453
vt 0.995971 0.062186
vt 0.000000 0.048121
vt -0.000122 0.210448
vt 0.905875 0.048121
vt 0.905753 0.210448
vt 0.958243 0.076013
vt 0.905875 0.093759
vt 0.906075 0.312903
vt 0.000000 0.093759
vt 0.000200 0.312903
vt 0.980127 0.076013
vt 0.000000 0.062150
vt 0.906075 0.281378
vt 0.905875 0.062150
vt 0.000200 0.281378
vt 0.942399 0.062186
vt 0.905875 0.034093
vt -0.000122 0.156096
vt 0.000000 0.034093
vt 0.905753 0.156096
vt 0.942399 0.076013
vt 0.905875 0.048121
vt 0.906075 0.296828
vt 0.000000 0.048121
vt 0.000200 0.296828
vt 0.999050 0.183297
vt 0.939310 0.183297
vt 0.999050 0.342604
vt 0.939310 0.342604
vt 0.985655 0.132863
vt 0.939310 0.342604
vt 0.999050 0.342604
vt 0.939081 0.132863
vt 0.939310 0.183297
vt 0.999050 0.183297
vt 0.999050 0.183297
vt 0.939310 0.183297
vt 0.999050 0.342604
vt 0.939310 0.342604
vt 0.985655 0.179437
vt 0.999050 0.183297
vt 0.939310 0.183297
vt 0.999050 0.342604
vt 0.939310 0.342604
vt 0.939081 0.179437
vt 0.939310 0.342604
vt 0.999050 0.342604
vt 0.939081 0.132863
vt 0.999050 0.342604
vt 0.939310 0.342604
vt 0.985655 0.132863
vt 0.999050 0.183297
vt 0.939310 0.183297
vt 0.939310 0.183297
vt 0.999050 0.183297
vt 0.999050 0.342604
vt 0.939310 0.342604
vt 0.985655 0.179437
vt 0.999050 0.183297
vt 0.939310 0.183297
vt 0.999050 0.342604
vt 0.939310 0.342604
vt 0.939081 0.179437
vt 0.999050 0.183297
vt 0.939310 0.183297
vt 0.979692 0.781451
vt -0.000781 0.656284
vt 0.998987 0.652658
vt 0.979692 0.844034
vt -0.000781 0.718868
vt 1.000000 0.851064
vt -0.000781 0.844034
vt 0.302823 0.718868
vt 0.000000 0.851064
vt -0.000781 0.781451
vt 0.302823 0.656284
vt 0.001647 0.652658
vt 0.145247 0.656284
vt -0.000781 0.718868
vt 0.998987 0.504118
vt 0.145247 0.718868
vt -0.000781 0.781451
vt 1.000000 1.000000
vt 0.979692 0.718868
vt 0.156795 0.656284
vt 0.001647 0.504118
vt 0.979692 0.781451
vt 0.156795 0.718868
vt 0.000000 1.000000
vt 0.980127 0.103062
vt 0.000000 0.089593
vt 0.000512 0.312903
vt 0.905875 0.089593
vt 0.906387 0.312903
vt 0.949641 0.115757
vt 0.906075 0.219937
vt 0.905875 0.025761
vt 0.000200 0.219937
vt 0.000000 0.025761
vt 0.949641 0.103062
vt 0.905875 0.012881
vt 0.000512 0.321630
vt 0.000000 0.012881
vt 0.906387 0.321630
vt 0.958243 0.103062
vt 0.905875 0.121202
vt 0.000512 0.330358
vt 0.000000 0.121202
vt 0.906387 0.330358
vt 0.988729 0.103062
vt 0.000000 0.000000
vt 0.000512 0.321630
vt 0.905875 0.000000
vt 0.906387 0.321630
vt 0.988729 0.115757
vt 0.906075 0.259595
vt 0.000000 0.012881
vt 0.000200 0.259595
vt 0.905875 0.012881
vt 0.942399 0.062186
vt 0.905875 0.034093
vt -0.000122 0.156096
vt 0.996752 0.000413
vt 0.000000 0.034093
vt 0.905753 0.156096
vt 0.995971 0.062186
vt 0.000000 0.048121
vt -0.000122 0.210448
vt 0.905875 0.048121
vt 0.943180 0.000413
vt 0.905753 0.210448
vt 0.995971 0.076013
vt 0.000000 0.062150
vt 0.906075 0.297453
vt 0.905875 0.062150
vt 0.943180 0.014240
vt 0.000200 0.297453
vt 0.980127 0.076013
vt 0.000000 0.062150
vt 0.906075 0.281378
vt 0.959024 0.014240
vt 0.905875 0.062150
vt 0.000200 0.281378
vt 0.958243 0.076013
vt 0.905875 0.093759
vt 0.906075 0.312903
vt 0.980908 0.014240
vt 0.000000 0.093759
vt 0.000200 0.312903
vt 0.942399 0.076013
vt 0.905875 0.048121
vt 0.906075 0.296828
vt 0.996752 0.014240
vt 0.000000 0.048121
vt 0.000200 0.296828
vt 0.949641 0.103062
vt 0.905875 0.012881
vt 0.000512 0.321630
vt 0.989510 0.041289
vt 0.000000 0.012881
vt 0.906387 0.321630
vt 0.949641 0.115757
vt 0.906075 0.219937
vt 0.905875 0.025761
vt 0.989510 0.053985
vt 0.000200 0.219937
vt 0.000000 0.025761
vt 0.980127 0.103062
vt 0.000000 0.089593
vt 0.000512 0.312903
vt 0.959024 0.041289
vt 0.905875 0.089593
vt 0.906387 0.312903
vt 0.958243 0.103062
vt 0.905875 0.121202
vt 0.000512 0.330358
vt 0.980908 0.041289
vt 0.000000 0.121202
vt 0.906387 0.330358
vt 0.988729 0.115757
vt 0.906075 0.259595
vt 0.000000 0.012881
vt 0.950422 0.053985
vt 0.000200 0.259595
vt 0.905875 0.012881
vt 0.988729 0.103062
vt 0.000000 0.000000
vt 0.000512 0.321630
vt 0.950422 0.041289
vt 0.905875 0.000000
vt 0.906387 0.321630
vt 0.995971 0.076013
vt 0.000000 0.062150
vt 0.906075 0.297453
vt 0.905875 0.062150
vt 0.000200 0.297453
vt 0.995971 0.062186
vt 0.000000 0.048121
vt -0.000122 0.210448
vt 0.905875 0.048121
vt 0.905753 0.210448
vt 0.958243 0.076013
vt 0.905875 0.093759
vt 0.906075 0.312903
vt 0.000000 0.093759
vt 0.000200 0.312903
vt 0.980127 0.076013
vt 0.000000 0.062150
vt 0.906075 0.281378
vt 0.905875 0.062150
vt 0.000200 0.281378
vt 0.942399 0.062186
vt 0.905875 0.034093
vt -0.000122 0.156096
vt 0.000000 0.034093
vt 0.905753 0.156096
vt 0.942399 0.076013
vt 0.905875 0.048121
vt 0.906075 0.296828
vt 0.000000 0.048121
vt 0.000200 0.296828
vt 0.999050 0.183297
vt 0.939310 0.183297
vt 0.999050 0.342604
vt 0.939310 0.342604
vt 0.985655 0.132863
vt 0.939310 0.342604
vt 0.999050 0.342604
vt 0.939081 0.132863
vt 0.939310 0.183297
vt 0.999050 0.183297
vt 0.999050 0.183297
vt 0.939310 0.183297
vt 0.999050 0.342604
vt 0.939310 0.342604
vt 0.985655 0.179437
vt 0.999050 0.183297
vt 0.939310 0.183297
vt 0.999050 0.342604
vt 0.939310 0.342604
vt 0.939081 0.179437
vt 0.939310 0.342604
vt 0.999050 0.342604
vt 0.939081 0.132863
vt 0.999050 0.342604
vt 0.939310 0.342604
vt 0.985655 0.132863
vt 0.999050 0.183297
vt 0.939310 0.183297
vt 0.939310 0.183297
vt 0.999050 0.183297
vt 0.999050 0.342604
vt 0.939310 0.342604
vt 0.985655 0.179437
vt 0.999050 0.183297
vt 0.939310 0.183297
vt 0.999050 0.342604
vt 0.939310 0.342604
vt 0.939081 0.179437
vt 0.999050 0.183297
vt 0.939310 0.183297
vt 0.979692 0.781451
vt -0.000781 0.656284
vt 0.998987 0.652658
vt 0.979692 0.844034
vt -0.000781 0.718868
vt 1.000000 0.851064
vt -0.000781 0.844034
vt 0.302823 0.718868
vt 0.000000 0.851064
vt -0.000781 0.781451
vt 0.302823 0.656284
vt 0.001647 0.652658
vt 0.145247 0.656284
vt -0.000781 0.718868
vt 0.998987 0.504118
vt 0.145247 0.718868
vt -0.000781 0.781451
vt 1.000000 1.000000
vt 0.979692 0.718868
vt 0.156795 0.656284
vt 0.001647 0.504118
vt 0.979692 0.781451
vt 0.156795 0.718868
vt 0.000000 1.000000
vt 0.980127 0.103062
vt 0.000000 0.089593
vt 0.000512 0.312903
vt 0.905875 0.089593
vt 0.906387 0.312903
vt 0.949641 0.115757
vt 0.906075 0.219937
vt 0.905875 0.025761
vt 0.000200 0.219937
vt 0.000000 0.025761
vt 0.949641 0.103062
vt 0.905875 0.012881
vt 0.000512 0.321630
vt 0.000000 0.012881
vt 0.906387 0.321630
vt 0.958243 0.103062
vt 0.905875 0.121202
vt 0.000512 0.330358
vt 0.000000 0.121202
vt 0.906387 0.330358
vt 0.988729 0.103062
vt 0.000000 0.000000
vt 0.000512 0.321630
vt 0.905875 0.000000
vt 0.906387 0.321630
vt 0.988729 0.115757
vt 0.906075 0.259595
vt 0.000000 0.012881
vt 0.000200 0.259595
vt 0.905875 0.012881
vt 0.942399 0.062186
vt 0.905875 0.034093
vt -0.000122 0.156096
vt 0.996752 0.000413
vt 0.000000 0.034093
vt 0.905753 0.156096
vt 0.995971 0.062186
vt 0.000000 0.048121
vt -0.000122 0.210448
vt 0.905875 0.048121
vt 0.943180 0.000413
vt 0.905753 0.210448
vt 0.995971 0.076013
vt 0.000000 0.062150
vt 0.906075 0.297453
vt 0.905875 0.062150
vt 0.943180 0.014240
vt 0.000200 0.297453
vt 0.980127 0.076013
vt 0.000000 0.062150
vt 0.906075 0.281378
vt 0.959024 0.014240
vt 0.905875 0.062150
vt 0.000200 0.281378
vt 0.958243 0.076013
vt 0.905875 0.093759
vt 0.906075 0.312903
vt 0.980908 0.014240
vt 0.000000 0.093759
vt 0.000200 0.312903
vt 0.942399 0.076013
vt 0.905875 0.048121
vt 0.906075 0.296828
vt 0.996752 0.014240
vt 0.000000 0.048121
vt 0.000200 0.296828
vt 0.949641 0.103062
vt 0.905875 0.012881
vt 0.000512 0.321630
vt 0.989510 0.041289
vt 0.000000 0.012881
vt 0.906387 0.321630
vt 0.949641 0.115757
vt 0.906075 0.219937
vt 0.905875 0.025761
vt 0.989510 0.053985
vt 0.000200 0.219937
vt 0.000000 0.025761
vt 0.980127 0.103062
vt 0.000000 0.089593
vt 0.000512 0.312903
vt 0.959024 0.041289
vt 0.905875 0.089593
vt 0.906387 0.312903
vt 0.958243 0.103062
vt 0.905875 0.121202
vt 0.000512 0.330358
vt 0.980908 0.041289
vt 0.000000 0.121202
vt 0.906387 0.330358
vt 0.988729 0.115757
vt 0.906075 0.259595
vt 0.000000 0.012881
vt 0.950422 0.053985
vt 0.000200 0.259595
vt 0.905875 0.012881
vt 0.988729 0.103062
vt 0.000000 0.000000
vt 0.000512 0.321630
vt 0.950422 0.041289
vt 0.905875 0.000000
vt 0.906387 0.321630
vt 0.995971 0.076013
vt 0.000000 0.062150
vt 0.906075 0.297453
vt 0.905875 0.062150
vt 0.000200 0.297453
vt 0.995971 0.062186
vt 0.000000 0.048121
vt -0.000122 0.210448
vt 0.905875 0.048121
vt 0.905753 0.210448
vt 0.958243 0.076013
vt 0.905875 0.093759
vt 0.906075 0.312903
vt 0.000000 0.093759
vt 0.000200 0.312903
vt 0.980127 0.076013
vt 0.000000 0.062150
vt 0.906075 0.281378
vt 0.905875 0.062150
vt 0.000200 0.281378
vt 0.942399 0.062186
vt 0.905875 0.034093
vt -0.000122 0.156096
vt 0.000000 0.034093
vt 0.905753 0.156096
vt 0.942399 0.076013
vt 0.905875 0.048121
vt 0.906075 0.296828
vt 0.000000 0.048121
vt 0.000200 0.296828
vt 0.999050 0.183297
vt 0.939310 0.183297
vt 0.999050 0.342604
vt 0.939310 0.342604
vt 0.985655 0.132863
vt 0.939310 0.342604
vt 0.999050 0.342604
vt 0.939081 0.132863
vt 0.939310 0.183297
vt 0.999050 0.183297
vt 0.999050 0.183297
vt 0.939310 0.183297
vt 0.999050 0.342604
vt 0.939310 0.342604
vt 0.985655 0.179437
vt 0.999050 0.183297
vt 0.939310 0.183297
vt 0.999050 0.342604
vt 0.939310 0.342604
vt 0.939081 0.179437
vt 0.939310 0.342604
vt 0.999050 0.342604
vt 0.939081 0.132863
vt 0.999050 0.342604
vt 0.939310 0.342604
vt 0.985655 0.132863
vt 0.999050 0.183297
vt 0.939310 0.183297
vt 0.939310 0.183297
vt 0.999050 0.183297
vt 0.999050 0.342604
vt 0.939310 0.342604
vt 0.985655 0.179437
vt 0.999050 0.183297
vt 0.939310 0.183297
vt 0.999050 0.342604
vt 0.939310 0.342604
vt 0.939081 0.179437
vt 0.999050 0.183297
vt 0.939310 0.183297
vt 0.979692 0.781451
vt -0.000781 0.656284
vt 0.998987 0.652658
vt 0.979692 0.844034
vt -0.000781 0.718868
vt 1.000000 0.851064
vt -0.000781 0.844034
vt 0.302823 0.718868
vt 0.000000 0.851064
vt -0.000781 0.781451
vt 0.302823 0.656284
vt 0.001647 0.652658
vt 0.145247 0.656284
vt -0.000781 0.718868
vt 0.998987 0.504118
vt 0.145247 0.718868
vt -0.000781 0.781451
vt 1.000000 1.000000
vt 0.979692 0.718868
vt 0.156795 0.656284
vt 0.001647 0.504118
vt 0.979692 0.781451
vt 0.156795 0.718868
vt 0.000000 1.000000
vt 0.980127 0.103062
vt 0.000000 0.089593
vt 0.000512 0.312903
vt 0.905875 0.089593
vt 0.906387 0.312903
vt 0.949641 0.115757
vt 0.906075 0.219937
vt 0.905875 0.025761
vt 0.000200 0.219937
vt 0.000000 0.025761
vt 0.949641 0.103062
vt 0.905875 0.012881
vt 0.000512 0.321630
vt 0.000000 0.012881
vt 0.906387 0.321630
vt 0.958243 0.103062
vt 0.905875 0.121202
vt 0.000512 0.330358
vt 0.000000 0.121202
vt 0.906387 0.330358
vt 0.988729 0.103062
vt 0.000000 0.000000
vt 0.000512 0.321630
vt 0.905875 0.000000
vt 0.906387 0.321630
vt 0.988729 0.115757
vt 0.906075 0.259595
vt 0.000000 0.012881
vt 0.000200 0.259595
vt 0.905875 0.012881
vt 0.942399 0.062186
vt 0.905875 0.034093
vt -0.000122 0.156096
vt 0.996752 0.000413
vt 0.000000 0.034093
vt 0.905753 0.156096
vt 0.995971 0.062186
vt 0.000000 0.048121
vt -0.000122 0.210448
vt 0.905875 0.048121
vt 0.943180 0.000413
vt 0.905753 0.210448
vt 0.995971 0.076013
vt 0.000000 0.062150
vt 0.906075 0.297453
vt 0.905875 0.062150
vt 0.943180 0.014240
vt 0.000200 0.297453
vt 0.980127 0.076013
vt 0.000000 0.062150
vt 0.906075 0.281378
vt 0.959024 0.014240
vt 0.905875 0.062150
vt 0.000200 0.281378
vt 0.958243 0.076013
vt 0.905875 0.093759
vt 0.906075 0.312903
vt 0.980908 0.014240
vt 0.000000 0.093759
vt 0.000200 0.312903
vt 0.942399 0.076013
vt 0.905875 0.048121
vt 0.906075 0.296828
vt 0.996752 0.014240
vt 0.000000 0.048121
vt 0.000200 0.296828
vt 0.949641 0.103062
vt 0.905875 0.012881
vt 0.000512 0.321630
vt 0.989510 0.041289
vt 0.000000 0.012881
vt 0.906387 0.321630
vt 0.949641 0.115757
vt 0.906075 0.219937
vt 0.905875 0.025761
vt 0.989510 0.053985
vt 0.000200 0.219937
vt 0.000000 0.025761
vt 0.980127 0.103062
vt 0.000000 0.089593
vt 0.000512 0.312903
vt 0.959024 0.041289
vt 0.905875 0.089593
vt 0.906387 0.312903
vt 0.958243 0.103062
vt 0.905875 0.121202
vt 0.000512 0.330358
vt 0.980908 0.041289
vt 0.000000 0.121202
vt 0.906387 0.330358
vt 0.988729 0.115757
vt 0.906075 0.259595
vt 0.000000 0.012881
vt 0.950422 0.053985
vt 0.000200 0.259595
vt 0.905875 0.012881
vt 0.988729 0.103062
vt 0.000000 0.000000
vt 0.000512 0.321630
vt 0.950422 0.041289
vt 0.905875 0.000000
vt 0.906387 0.321630
vt 0.995971 0.076013
vt 0.000000 0.062150
vt 0.906075 0.297453
vt 0.905875 0.062150
vt 0.000200 0.297453
vt 0.995971 0.062186
vt 0.000000 0.048121
vt -0.000122 0.210448
vt 0.905875 0.048121
vt 0.905753 0.210448
vt 0.958243 0.076013
vt 0.905875 0.093759
vt 0.906075 0.312903
vt 0.000000 0.093759
vt 0.000200 0.312903
vt 0.980127 0.076013
vt 0.000000 0.062150
vt 0.906075 0.281378
vt 0.905875 0.062150
vt 0.000200 0.281378
vt 0.942399 0.062186
vt 0.905875 0.034093
vt -0.000122 0.156096
vt 0.000000 0.034093
vt 0.905753 0.156096
vt 0.942399 0.076013
vt 0.905875 0.048121
vt 0.906075 0.296828
vt 0.000000 0.048121
vt 0.000200 0.296828
vt 0.999050 0.183297
vt 0.939310 0.183297
vt 0.999050 0.342604
vt 0.939310 0.342604
vt 0.985655 0.132863
vt 0.939310 0.342604
vt 0.999050 0.342604
vt 0.939081 0.132863
vt 0.939310 0.183297
vt 0.999050 0.183297
vt 0.999050 0.183297
vt 0.939310 0.183297
vt 0.999050 0.342604
vt 0.939310 0.342604
vt 0.985655 0.179437
vt 0.999050 0.183297
vt 0.939310 0.183297
vt 0.999050 0.342604
vt 0.939310 0.342604
vt 0.939081 0.179437
vt 0.939310 0.342604
vt 0.999050 0.342604
vt 0.939081 0.132863
vt 0.999050 0.342604
vt 0.939310 0.342604
vt 0.985655 0.132863
vt 0.999050 0.183297
vt 0.939310 0.183297
vt 0.939310 0.183297
vt 0.999050 0.183297
vt 0.999050 0.342604
vt 0.939310 0.342604
vt 0.985655 0.179437
vt 0.999050 0.183297
vt 0.939310 0.183297
vt 0.999050 0.342604
vt 0.939310 0.342604
vt 0.939081 0.179437
vt 0.999050 0.183297
vt 0.939310 0.183297
vt 0.979692 0.781451
vt -0.000781 0.656284
vt 0.998987 0.652658
vt 0.979692 0.844034
vt -0.000781 0.718868
vt 1.000000 0.851064
vt -0.000781 0.844034
vt 0.302823 0.718868
vt 0.000000 0.851064
vt -0.000781 0.781451
vt 0.302823 0.656284
vt 0.001647 0.652658
vt 0.145247 0.656284
vt -0.000781 0.718868
vt 0.998987 0.504118
vt 0.145247 0.718868
vt -0.000781 0.781451
vt 1.000000 1.000000
vt 0.979692 0.718868
vt 0.156795 0.656284
vt 0.001647 0.504118
vt 0.979692 0.781451
vt 0.156795 0.718868
vt 0.000000 1.000000
vt 0.980127 0.103062
vt 0.000000 0.089593
vt 0.000512 0.312903
vt 0.905875 0.089593
vt 0.906387 0.312903
vt 0.949641 0.115757
vt 0.906075 0.219937
vt 0.905875 0.025761
vt 0.000200 0.219937
vt 0.000000 0.025761
vt 0.949641 0.103062
vt 0.905875 0.012881
vt 0.000512 0.321630
vt 0.000000 0.012881
vt 0.906387 0.321630
vt 0.958243 0.103062
vt 0.905875 0.121202
vt 0.000512 0.330358
vt 0.000000 0.121202
vt 0.906387 0.330358
vt 0.988729 0.103062
vt 0.000000 0.000000
vt 0.000512 0.321630
vt 0.905875 0.000000
vt 0.906387 0.321630
vt 0.988729 0.115757
vt 0.906075 0.259595
vt 0.000000 0.012881
vt 0.000200 0.259595
vt 0.905875 0.012881
vt 0.942399 0.062186
vt 0.905875 0.034093
vt -0.000122 0.156096
vt 0.996752 0.000413
vt 0.000000 0.034093
vt 0.905753 0.156096
vt 0.995971 0.062186
vt 0.000000 0.048121
vt -0.000122 0.210448
vt 0.905875 0.048121
vt 0.943180 0.000413
vt 0.905753 0.210448
vt 0.995971 0.076013
vt 0.000000 0.062150
vt 0.906075 0.297453
vt 0.905875 0.062150
vt 0.943180 0.014240
vt 0.000200 0.297453
vt 0.980127 0.076013
vt 0.000000 0.062150
vt 0.906075 0.281378
vt 0.959024 0.014240
vt 0.905875 0.062150
vt 0.000200 0.281378
vt 0.958243 0.076013
vt 0.905875 0.093759
vt 0.906075 0.312903
vt 0.980908 0.014240
vt 0.000000 0.093759
vt 0.000200 0.312903
vt 0.942399 0.076013
vt 0.905875 0.048121
vt 0.906075 0.296828
vt 0.996752 0.014240
vt 0.000000 0.048121
vt 0.000200 0.296828
vt 0.949641 0.103062
vt 0.905875 0.012881
vt 0.000512 0.321630
vt 0.989510 0.041289
vt 0.000000 0.012881
vt 0.906387 0.321630
vt 0.949641 0.115757
vt 0.906075 0.219937
vt 0.905875 0.025761
vt 0.989510 0.053985
vt 0.000200 0.219937
vt 0.000000 0.025761
vt 0.980127 0.103062
vt 0.000000 0.089593
vt 0.000512 0.312903
vt 0.959024 0.041289
vt 0.905875 0.089593
vt 0.906387 0.312903
vt 0.958243 0.103062
vt 0.905875 0.121202
vt 0.000512 0.330358
vt 0.980908 0.041289
vt 0.000000 0.121202
vt 0.906387 0.330358
vt 0.988729 0.115757
vt 0.906075 0.259595
vt 0.000000 0.012881
vt 0.950422 0.053985
vt 0.000200 0.259595
vt 0.905875 0.012881
vt 0.988729 0.103062
vt 0.000000 0.000000
vt 0.000512 0.321630
vt 0.950422 0.041289
vt 0.905875 0.000000
vt 0.906387 0.321630
vt 0.995971 0.076013
vt 0.000000 0.062150
vt 0.906075 0.297453
vt 0.905875 0.062150
vt 0.000200 0.297453
vt 0.995971 0.062186
vt 0.000000 0.048121
vt -0.000122 0.210448
vt 0.905875 0.048121
vt 0.905753 0.210448
vt 0.958243 0.076013
vt 0.905875 0.093759
vt 0.906075 0.312903
vt 0.000000 0.093759
vt 0.000200 0.312903
vt 0.980127 0.076013
vt 0.000000 0.062150
vt 0.906075 0.281378
vt 0.905875 0.062150
vt 0.000200 0.281378
vt 0.942399 0.062186
vt 0.905875 0.034093
vt -0.000122 0.156096
vt 0.000000 0.034093
vt 0.905753 0.156096
vt 0.942399 0.076013
vt 0.905875 0.048121
vt 0.906075 0.296828
vt 0.000000 0.048121
vt 0.000200 0.296828
vt 0.999050 0.183297
vt 0.939310 0.183297
vt 0.999050 0.342604
vt 0.939310 0.342604
vt 0.985655 0.132863
vt 0.939310 0.342604
vt 0.999050 0.342604
vt 0.939081 0.132863
vt 0.939310 0.183297
vt 0.999050 0.183297
vt 0.999050 0.183297
vt 0.939310 0.183297
vt 0.999050 0.342604
vt 0.939310 0.342604
vt 0.985655 0.179437
vt 0.999050 0.183297
vt 0.939310 0.183297
vt 0.999050 0.342604
vt 0.939310 0.342604
vt 0.939081 0.179437
vt 0.939310 0.342604
vt 0.999050 0.342604
vt 0.939081 0.132863
vt 0.999050 0.342604
vt 0.939310 0.342604
vt 0.985655 0.132863
vt 0.999050 0.183297
vt 0.939310 0.183297
vt 0.939310 0.183297
vt 0.999050 0.183297
vt 0.999050 0.342604
vt 0.939310 0.342604
vt 0.985655 0.179437
vt 0.999050 0.183297
vt 0.939310 0.183297
vt 0.999050 0.342604
vt 0.939310 0.342604
vt 0.939081 0.179437
vt 0.999050 0.183297
vt 0.939310 0.183297
vt 0.979692 0.781451
vt -0.000781 0.656284
vt 0.998987 0.652658
vt 0.979692 0.844034
vt -0.000781 0.718868
vt 1.000000 0.851064
vt -0.000781 0.844034
vt 0.302823 0.718868
vt 0.000000 0.851064
vt -0.000781 0.781451
vt 0.302823 0.656284
vt 0.001647 0.652658
vt 0.145247 0.656284
vt -0.000781 0.718868
vt 0.998987 0.504118
vt 0.145247 0.718868
vt -0.000781 0.781451
vt 1.000000 1.000000
vt 0.979692 0.718868
vt 0.156795 0.656284
vt 0.001647 0.504118
vt 0.979692 0.781451
vt 0.156795 0.718868
vt 0.000000 1.000000
vt 0.980127 0.103062
vt 0.000000 0.089593
vt 0.000512 0.312903
vt 0.905875 0.089593
vt 0.906387 0.312903
vt 0.949641 0.115757
vt 0.906075 0.219937
vt 0.905875 0.025761
vt 0.000200 0.219937
vt 0.000000 0.025761
vt 0.949641 0.103062
vt 0.905875 0.012881
vt 0.000512 0.321630
vt 0.000000 0.012881
vt 0.906387 0.321630
vt 0.958243 0.103062
vt 0.905875 0.121202
vt 0.000512 0.330358
vt 0.000000 0.121202
vt 0.906387 0.330358
vt 0.988729 0.103062
vt 0.000000 0.000000
vt 0.000512 0.321630
vt 0.905875 0.000000
vt 0.906387 0.321630
vt 0.988729 0.115757
vt 0.906075 0.259595
vt 0.000000 0.012881
vt 0.000200 0.259595
vt 0.905875 0.012881
vt 0.942399 0.062186
vt 0.905875 0.034093
vt -0.000122 0.156096
vt 0.996752 0.000413
vt 0.000000 0.034093
vt 0.905753 0.156096
vt 0.995971 0.062186
vt 0.000000 0.048121
vt -0.000122 0.210448
vt 0.905875 0.048121
vt 0.943180 0.000413
vt 0.905753 0.210448
vt 0.995971 0.076013
vt 0.000000 0.062150
vt 0.906075 0.297453
vt 0.905875 0.062150
vt 0.943180 0.014240
vt 0.000200 0.297453
vt 0.980127 0.076013
vt 0.000000 0.062150
vt 0.906075 0.281378
vt 0.959024 0.014240
vt 0.905875 0.062150
vt 0.000200 0.281378
vt 0.958243 0.076013
vt 0.905875 0.093759
vt 0.906075 0.312903
vt 0.980908 0.014240
vt 0.000000 0.093759
vt 0.000200 0.312903
vt 0.942399 0.076013
vt 0.905875 0.048121
vt 0.906075 0.296828
vt 0.996752 0.014240
vt 0.000000 0.048121
vt 0.000200 0.296828
vt 0.949641 0.103062
vt 0.905875 0.012881
vt 0.000512 0.321630
vt 0.989510 0.041289
vt 0.000000 0.012881
vt 0.906387 0.321630
vt 0.949641 0.115757
vt 0.906075 0.219937
vt 0.905875 0.025761
vt 0.989510 0.053985
vt 0.000200 0.219937
vt 0.000000 0.025761
vt 0.980127 0.103062
vt 0.000000 0.089593
vt 0.000512 0.312903
vt 0.959024 0.041289
vt 0.905875 0.089593
vt 0.906387 0.312903
vt 0.958243 0.103062
vt 0.905875 0.121202
vt 0.000512 0.330358
vt 0.980908 0.041289
vt 0.000000 0.121202
vt 0.906387 0.330358
vt 0.988729 0.115757
vt 0.906075 0.259595
vt 0.000000 0.012881
vt 0.950422 0.053985
vt 0.000200 0.259595
vt 0.905875 0.012881
vt 0.988729 0.103062
vt 0.000000 0.000000
vt 0.000512 0.321630
vt 0.950422 0.041289
vt 0.905875 0.000000
vt 0.906387 0.321630
vt 0.995971 0.076013
vt 0.000000 0.062150
vt 0.906075 0.297453
vt 0.905875 0.062150
vt 0.000200 0.297453
vt 0.995971 0.062186
vt 0.000000 0.048121
vt -0.000122 0.210448
vt 0.905875 0.048121
vt 0.905753 0.210448
vt 0.958243 0.076013
vt 0.905875 0.093759
vt 0.906075 0.312903
vt 0.000000 0.093759
vt 0.000200 0.312903
vt 0.980127 0.076013
vt 0.000000 0.062150
vt 0.906075 0.281378
vt 0.905875 0.062150
vt 0.000200 0.281378
vt 0.942399 0.062186
vt 0.905875 0.034093
vt -0.000122 0.156096
vt 0.000000 0.034093
vt 0.905753 0.156096
vt 0.942399 0.076013
vt 0.905875 0.048121
vt 0.906075 0.296828
vt 0.000000 0.048121
vt 0.000200 0.296828
vt 0.999050 0.183297
vt 0.939310 0.183297
vt 0.999050 0.342604
vt 0.939310 0.342604
vt 0.985655 0.132863
vt 0.939310 0.342604
vt 0.999050 0.342604
vt 0.939081 0.132863
vt 0.939310 0.183297
vt 0.999050 0.183297
vt 0.999050 0.183297
vt 0.939310 0.183297
vt 0.999050 0.342604
vt 0.939310 0.342604
vt 0.985655 0.179437
vt 0.999050 0.183297
vt 0.939310 0.183297
vt 0.999050 0.342604
vt 0.939310 0.342604
vt 0.939081 0.179437
vt 0.939310 0.342604
vt 0.999050 0.342604
vt 0.939081 0.132863
vt 0.999050 0.342604
vt 0.939310 0.342604
vt 0.985655 0.132863
vt 0.999050 0.183297
vt 0.939310 0.183297
vt 0.939310 0.183297
vt 0.999050 0.183297
vt 0.999050 0.342604
vt 0.939310 0.342604
vt 0.985655 0.179437
vt 0.999050 0.183297
vt 0.939310 0.183297
vt 0.999050 0.342604
vt 0.939310 0.342604
vt 0.939081 0.179437
vt 0.999050 0.183297
vt 0.939310 0.183297
vt 0.979692 0.781451
vt -0.000781 0.656284
vt 0.998987 0.652658
vt 0.979692 0.844034
vt -0.000781 0.718868
vt 1.000000 0.851064
vt -0.000781 0.844034
vt 0.302823 0.718868
vt 0.000000 0.851064
vt -0.000781 0.781451
vt 0.302823 0.656284
vt 0.001647 0.652658
vt 0.145247 0.656284
vt -0.000781 0.718868
vt 0.998987 0.504118
vt 0.145247 0.718868
vt -0.000781 0.781451
vt 1.000000 1.000000
vt 0.979692 0.718868
vt 0.156795 0.656284
vt 0.001647 0.504118
vt 0.979692 0.781451
vt 0.156795 0.718868
vt 0.000000 1.000000
vt 0.980127 0.103062
vt 0.000000 0.089593
vt 0.000512 0.312903
vt 0.905875 0.089593
vt 0.906387 0.312903
vt 0.949641 0.115757
vt 0.906075 0.219937
vt 0.905875 0.025761
vt 0.000200 0.219937
vt 0.000000 0.025761
vt 0.949641 0.103062
vt 0.905875 0.012881
vt 0.000512 0.321630
vt 0.000000 0.012881
vt 0.906387 0.321630
vt 0.958243 0.103062
vt 0.905875 0.121202
vt 0.000512 0.330358
vt 0.000000 0.121202
vt 0.906387 0.330358
vt 0.988729 0.103062
vt 0.000000 0.000000
vt 0.000512 0.321630
vt 0.905875 0.000000
vt 0.906387 0.321630
vt 0.988729 0.115757
vt 0.906075 0.259595
vt 0.000000 0.012881
vt 0.000200 0.259595
vt 0.905875 0.012881
vt 0.942399 0.062186
vt 0.905875 0.034093
vt -0.000122 0.156096
vt 0.996752 0.000413
vt 0.000000 0.034093
vt 0.905753 0.156096
vt 0.995971 0.062186
vt 0.000000 0.048121
vt -0.000122 0.210448
vt 0.905875 0.048121
vt 0.943180 0.000413
vt 0.905753 0.210448
vt 0.995971 0.076013
vt 0.000000 0.062150
vt 0.906075 0.297453
vt 0.905875 0.062150
vt 0.943180 0.014240
vt 0.000200 0.297453
vt 0.980127 0.076013
vt 0.000000 0.062150
vt 0.906075 0.281378
vt 0.959024 0.014240
vt 0.905875 0.062150
vt 0.000200 0.281378
vt 0.958243 0.076013
vt 0.905875 0.093759
vt 0.906075 0.312903
vt 0.980908 0.014240
vt 0.000000 0.093759
vt 0.000200 0.312903
vt 0.942399 0.076013
vt 0.905875 0.048121
vt 0.906075 0.296828
vt 0.996752 0.014240
vt 0.000000 0.048121
vt 0.000200 0.296828
vt 0.949641 0.103062
vt 0.905875 0.012881
vt 0.000512 0.321630
vt 0.989510 0.041289
vt 0.000000 0.012881
vt 0.906387 0.321630
vt 0.949641 0.115757
vt 0.906075 0.219937
vt 0.905875 0.025761
vt 0.989510 0.053985
vt 0.000200 0.219937
vt 0.000000 0.025761
vt 0.980127 0.103062
vt 0.000000 0.089593
vt 0.000512 0.312903
vt 0.959024 0.041289
vt 0.905875 0.089593
vt 0.906387 0.312903
vt 0.958243 0.103062
vt 0.905875 0.121202
vt 0.000512 0.330358
vt 0.980908 0.041289
vt 0.000000 0.121202
vt 0.906387 0.330358
vt 0.988729 0.115757
vt 0.906075 0.259595
vt 0.000000 0.012881
vt 0.950422 0.053985
vt 0.000200 0.259595
vt 0.905875 0.012881
vt 0.988729 0.103062
vt 0.000000 0.000000
vt 0.000512 0.321630
vt 0.950422 0.041289
vt 0.905875 0.000000
vt 0.906387 0.321630
vt 0.995971 0.076013
vt 0.000000 0.062150
vt 0.906075 0.297453
vt 0.905875 0.062150
vt 0.000200 0.297453
vt 0.995971 0.062186
vt 0.000000 0.048121
vt -0.000122 0.210448
vt 0.905875 0.048121
vt 0.905753 0.210448
vt 0.958243 0.076013
vt 0.905875 0.093759
vt 0.906075 0.312903
vt 0.000000 0.093759
vt 0.000200 0.312903
vt 0.980127 0.076013
vt 0.000000 0.062150
vt 0.906075 0.281378
vt 0.905875 0.062150
vt 0.000200 0.281378
vt 0.942399 0.062186
vt 0.905875 0.034093
vt -0.000122 0.156096
vt 0.000000 0.034093
vt 0.905753 0.156096
vt 0.942399 0.076013
vt 0.905875 0.048121
vt 0.906075 0.296828
vt 0.000000 0.048121
vt 0.000200 0.296828
vt 0.999050 0.183297
vt 0.939310 0.183297
vt 0.999050 0.342604
vt 0.939310 0.342604
vt 0.985655 0.132863
vt 0.939310 0.342604
vt 0.999050 0.342604
vt 0.939081 0.132863
vt 0.939310 0.183297
vt 0.999050 0.183297
vt 0.999050 0.183297
vt 0.939310 0.183297
vt 0.999050 0.342604
vt 0.939310 0.342604
vt 0.985655 0.179437
vt 0.999050 0.183297
vt 0.939310 0.183297
vt 0.999050 0.342604
vt 0.939310 0.342604
vt 0.939081 0.179437
vt 0.939310 0.342604
vt 0.999050 0.342604
vt 0.939081 0.132863
vt 0.999050 0.342604
vt 0.939310 0.342604
vt 0.985655 0.132863
vt 0.999050 0.183297
vt 0.939310 0.183297
vt 0.939310 0.183297
vt 0.999050 0.183297
vt 0.999050 0.342604
vt 0.939310 0.342604
vt 0.985655 0.179437
vt 0.999050 0.183297
vt 0.939310 0.183297
vt 0.999050 0.342604
vt 0.939310 0.342604
vt 0.939081 0.179437
vt 0.999050 0.183297
vt 0.939310 0.183297
vt 0.979692 0.781451
vt -0.000781 0.656284
vt 0.998987 0.652658
vt 0.979692 0.844034
vt -0.000781 0.718868
vt 1.000000 0.851064
vt -0.000781 0.844034
vt 0.302823 0.718868
vt 0.000000 0.851064
vt -0.000781 0.781451
vt 0.302823 0.656284
vt 0.001647 0.652658
vt 0.145247 0.656284
vt -0.000781 0.718868
vt 0.998987 0.504118
vt 0.145247 0.718868
vt -0.000781 0.781451
vt 1.000000 1.000000
vt 0.979692 0.718868
vt 0.156795 0.656284
vt 0.001647 0.504118
vt 0.979692 0.781451
vt 0.156795 0.718868
vt 0.000000 1.000000
vt 0.980127 0.103062
vt 0.000000 0.089593
vt 0.000512 0.312903
vt 0.905875 0.089593
vt 0.906387 0.312903
vt 0.949641 0.115757
vt 0.906075 0.219937
vt 0.905875 0.025761
vt 0.000200 0.219937
vt 0.000000 0.025761
vt 0.949641 0.103062
vt 0.905875 0.012881
vt 0.000512 0.321630
vt 0.000000 0.012881
vt 0.906387 0.321630
vt 0.958243 0.103062
vt 0.905875 0.121202
vt 0.000512 0.330358
vt 0.000000 0.121202
vt 0.906387 0.330358
vt 0.988729 0.103062
vt 0.000000 0.000000
vt 0.000512 0.321630
vt 0.905875 0.000000
vt 0.906387 0.321630
vt 0.988729 0.115757
vt 0.906075 0.259595
vt 0.000000 0.012881
vt 0.000200 0.259595
vt 0.905875 0.012881
vt 0.942399 0.062186
vt 0.905875 0.034093
vt -0.000122 0.156096
vt 0.996752 0.000413
vt 0.000000 0.034093
vt 0.905753 0.156096
vt 0.995971 0.062186
vt 0.000000 0.048121
vt -0.000122 0.210448
vt 0.905875 0.048121
vt 0.943180 0.000413
vt 0.905753 0.210448
vt 0.995971 0.076013
vt 0.000000 0.062150
vt 0.906075 0.297453
vt 0.905875 0.062150
vt 0.943180 0.014240
vt 0.000200 0.297453
vt 0.980127 0.076013
vt 0.000000 0.062150
vt 0.906075 0.281378
vt 0.959024 0.014240
vt 0.905875 0.062150
vt 0.000200 0.281378
vt 0.958243 0.076013
vt 0.905875 0.093759
vt 0.906075 0.312903
vt 0.980908 0.014240
vt 0.000000 0.093759
vt 0.000200 0.312903
vt 0.942399 0.076013
vt 0.905875 0.048121
vt 0.906075 0.296828
vt 0.996752 0.014240
vt 0.000000 0.048121
vt 0.000200 0.296828
vt 0.949641 0.103062
vt 0.905875 0.012881
vt 0.000512 0.321630
vt 0.989510 0.041289
vt 0.000000 0.012881
vt 0.906387 0.321630
vt 0.949641 0.115757
vt 0.906075 0.219937
vt 0.905875 0.025761
vt 0.989510 0.053985
vt 0.000200 0.219937
vt 0.000000 0.025761
vt 0.980127 0.103062
vt 0.000000 0.089593
vt 0.000512 0.312903
vt 0.959024 0.041289
vt 0.905875 0.089593
vt 0.906387 0.312903
vt 0.958243 0.103062
vt 0.905875 0.121202
vt 0.000512 0.330358
vt 0.980908 0.041289
vt 0.000000 0.121202
vt 0.906387 0.330358
vt 0.988729 0.115757
vt 0.906075 0.259595
vt 0.000000 0.012881
vt 0.950422 0.053985
vt 0.000200 0.259595
vt 0.905875 0.012881
vt 0.988729 0.103062
vt 0.000000 0.000000
vt 0.000512 0.321630
vt 0.950422 0.041289
vt 0.905875 0.000000
vt 0.906387 0.321630
vt 0.995971 0.076013
vt 0.000000 0.062150
vt 0.906075 0.297453
vt 0.905875 0.062150
vt 0.000200 0.297453
vt 0.995971 0.062186
vt 0.000000 0.048121
vt -0.000122 0.210448
vt 0.905875 0.048121
vt 0.905753 0.210448
vt 0.958243 0.076013
vt 0.905875 0.093759
vt 0.906075 0.312903
vt 0.000000 0.093759
vt 0.000200 0.312903
vt 0.980127 0.076013
vt 0.000000 0.062150
vt 0.906075 0.281378
vt 0.905875 0.062150
vt 0.000200 0.281378
vt 0.942399 0.062186
vt 0.905875 0.034093
vt -0.000122 0.156096
vt 0.000000 0.034093
vt 0.905753 0.156096
vt 0.942399 0.076013
vt 0.905875 0.048121
vt 0.906075 0.296828
vt 0.000000 0.048121
vt 0.000200 0.296828
vt 0.999050 0.183297
vt 0.939310 0.183297
vt 0.999050 0.342604
vt 0.939310 0.342604
vt 0.985655 0.132863
vt 0.939310 0.342604
vt 0.999050 0.342604
vt 0.939081 0.132863
vt 0.939310 0.183297
vt 0.999050 0.183297
vt 0.999050 0.183297
vt 0.939310 0.183297
vt 0.999050 0.342604
vt 0.939310 0.342604
vt 0.985655 0.179437
vt 0.999050 0.183297
vt 0.939310 0.183297
vt 0.999050 0.342604
vt 0.939310 0.342604
vt 0.939081 0.179437
vt 0.939310 0.342604
vt 0.999050 0.342604
vt 0.939081 0.132863
vt 0.999050 0.342604
vt 0.939310 0.342604
vt 0.985655 0.132863
vt 0.999050 0.183297
vt 0.939310 0.183297
vt 0.939310 0.183297
vt 0.999050 0.183297
vt 0.999050 0.342604
vt 0.939310 0.342604
vt 0.985655 0.179437
vt 0.999050 0.183297
vt 0.939310 0.183297
vt 0.999050 0.342604
vt 0.939310 0.342604
vt 0.939081 0.179437
vt 0.999050 0.183297
vt 0.939310 0.183297
vt 0.979692 0.781451
vt -0.000781 0.656284
vt 0.998987 0.652658
vt 0.979692 0.844034
vt -0.000781 0.718868
vt 1.000000 0.851064
vt -0.000781 0.844034
vt 0.302823 0.718868
vt 0.000000 0.851064
vt -0.000781 0.781451
vt 0.302823 0.656284
vt 0.001647 0.652658
vt 0.145247 0.656284
vt -0.000781 0.718868
vt 0.998987 0.504118
vt 0.145247 0.718868
vt -0.000781 0.781451
vt 1.000000 1.000000
vt 0.979692 0.718868
vt 0.156795 0.656284
vt 0.001647 0.504118
vt 0.979692 0.781451
vt 0.156795 0.718868
vt 0.000000 1.000000
vt 0.980127 0.103062
vt 0.000000 0.089593
vt 0.000512 0.312903
vt 0.905875 0.089593
vt 0.906387 0.312903
vt 0.949641 0.115757
vt 0.906075 0.219937
vt 0.905875 0.025761
vt 0.000200 0.219937
vt 0.000000 0.025761
vt 0.949641 0.103062
vt 0.905875 0.012881
vt 0.000512 0.321630
vt 0.000000 0.012881
vt 0.906387 0.321630
vt 0.958243 0.103062
vt 0.905875 0.121202
vt 0.000512 0.330358
vt 0.000000 0.121202
vt 0.906387 0.330358
vt 0.988729 0.103062
vt 0.000000 0.000000
vt 0.000512 0.321630
vt 0.905875 0.000000
vt 0.906387 0.321630
vt 0.988729 0.115757
vt 0.906075 0.259595
vt 0.000000 0.012881
vt 0.000200 0.259595
vt 0.905875 0.012881
vt 0.942399 0.062186
vt 0.905875 0.034093
vt -0.000122 0.156096
vt 0.996752 0.000413
vt 0.000000 0.034093
vt 0.905753 0.156096
vt 0.995971 0.062186
vt 0.000000 0.048121
vt -0.000122 0.210448
vt 0.905875 0.048121
vt 0.943180 0.000413
vt 0.905753 0.210448
vt 0.995971 0.076013
vt 0.000000 0.062150
vt 0.906075 0.297453
vt 0.905875 0.062150
vt 0.943180 0.014240
vt 0.000200 0.297453
vt 0.980127 0.076013
vt 0.000000 0.062150
vt 0.906075 0.281378
vt 0.959024 0.014240
vt 0.905875 0.062150
vt 0.000200 0.281378
vt 0.958243 0.076013
vt 0.905875 0.093759
vt 0.906075 0.312903
vt 0.980908 0.014240
vt 0.000000 0.093759
vt 0.000200 0.312903
vt 0.942399 0.076013
vt 0.905875 0.048121
vt 0.906075 0.296828
vt 0.996752 0.014240
vt 0.000000 0.048121
vt 0.000200 0.296828
vt 0.949641 0.103062
vt 0.905875 0.012881
vt 0.000512 0.321630
vt 0.989510 0.041289
vt 0.000000 0.012881
vt 0.906387 0.321630
vt 0.949641 0.115757
vt 0.906075 0.219937
vt 0.905875 0.025761
vt 0.989510 0.053985
vt 0.000200 0.219937
vt 0.000000 0.025761
vt 0.980127 0.103062
vt 0.000000 0.089593
vt 0.000512 0.312903
vt 0.959024 0.041289
vt 0.905875 0.089593
vt 0.906387 0.312903
vt 0.958243 0.103062
vt 0.905875 0.121202
vt 0.000512 0.330358
vt 0.980908 0.041289
vt 0.000000 0.121202
vt 0.906387 0.330358
vt 0.988729 0.115757
vt 0.906075 0.259595
vt 0.000000 0.012881
vt 0.950422 0.053985
vt 0.000200 0.259595
vt 0.905875 0.012881
vt 0.988729 0.103062
vt 0.000000 0.000000
vt 0.000512 0.321630
vt 0.950422 0.041289
vt 0.905875 0.000000
vt 0.906387 0.321630
vt 0.995971 0.076013
vt 0.000000 0.062150
vt 0.906075 0.297453
vt 0.905875 0.062150
vt 0.000200 0.297453
vt 0.995971 0.062186
vt 0.000000 0.048121
vt -0.000122 0.210448
vt 0.905875 0.048121
vt 0.905753 0.210448
vt 0.958243 0.076013
vt 0.905875 0.093759
vt 0.906075 0.312903
vt 0.000000 0.093759
vt 0.000200 0.312903
vt 0.980127 0.076013
vt 0.000000 0.062150
vt 0.906075 0.281378
vt 0.905875 0.062150
vt 0.000200 0.281378
vt 0.942399 0.062186
vt 0.905875 0.034093
vt -0.000122 0.156096
vt 0.000000 0.034093
vt 0.905753 0.156096
vt 0.942399 0.076013
vt 0.905875 0.048121
vt 0.906075 0.296828
vt 0.000000 0.048121
vt 0.000200 0.296828
vt 0.999050 0.183297
vt 0.939310 0.183297
vt 0.999050 0.342604
vt 0.939310 0.342604
vt 0.985655 0.132863
vt 0.939310 0.342604
vt 0.999050 0.342604
vt 0.939081 0.132863
vt 0.939310 0.183297
vt 0.999050 0.183297
vt 0.999050 0.183297
vt 0.939310 0.183297
vt 0.999050 0.342604
vt 0.939310 0.342604
vt 0.985655 0.179437
vt 0.999050 0.183297
vt 0.939310 0.183297
vt 0.999050 0.342604
vt 0.939310 0.342604
vt 0.939081 0.179437
vt 0.939310 0.342604
vt 0.999050 0.342604
vt 0.939081 0.132863
vt 0.999050 0.342604
vt 0.939310 0.342604
vt 0.985655 0.132863
vt 0.999050 0.183297
vt 0.939310 0.183297
vt 0.939310 0.183297
vt 0.999050 0.183297
vt 0.999050 0.342604
vt 0.939310 0.342604
vt 0.985655 0.179437
vt 0.999050 0.183297
vt 0.939310 0.183297
vt 0.999050 0.342604
vt 0.939310 0.342604
vt 0.939081 0.179437
vt 0.999050 0.183297
vt 0.939310 0.183297
vt 0.979692 0.781451
vt -0.000781 0.656284
vt 0.998987 0.652658
vt 0.979692 0.844034
vt -0.000781 0.718868
vt 1.000000 0.851064
vt -0.000781 0.844034
vt 0.302823 0.718868
vt 0.000000 0.851064
vt -0.000781 0.781451
vt 0.302823 0.656284
vt 0.001647 0.652658
vt 0.145247 0.656284
vt -0.000781 0.718868
vt 0.998987 0.504118
vt 0.145247 0.718868
vt -0.000781 0.781451
vt 1.000000 1.000000
vt 0.979692 0.718868
vt 0.156795 0.656284
vt 0.001647 0.504118
vt 0.979692 0.781451
vt 0.156795 0.718868
vt 0.000000 1.000000
vt 0.980127 0.103062
vt 0.000000 0.089593
vt 0.000512 0.312903
vt 0.905875 0.089593
vt 0.906387 0.312903
vt 0.949641 0.115757
vt 0.906075 0.219937
vt 0.905875 0.025761
vt 0.000200 0.219937
vt 0.000000 0.025761
vt 0.949641 0.103062
vt 0.905875 0.012881
vt 0.000512 0.321630
vt 0.000000 0.012881
vt 0.906387 0.321630
vt 0.958243 0.103062
vt 0.905875 0.121202
vt 0.000512 0.330358
vt 0.000000 0.121202
vt 0.906387 0.330358
vt 0.988729 0.103062
vt 0.000000 0.000000
vt 0.000512 0.321630
vt 0.905875 0.000000
vt 0.906387 0.321630
vt 0.988729 0.115757
vt 0.906075 0.259595
vt 0.000000 0.012881
vt 0.000200 0.259595
vt 0.905875 0.012881
vt 0.942399 0.062186
vt 0.905875 0.034093
vt -0.000122 0.156096
vt 0.996752 0.000413
vt 0.000000 0.034093
vt 0.905753 0.156096
vt 0.995971 0.062186
vt 0.000000 0.048121
vt -0.000122 0.210448
vt 0.905875 0.048121
vt 0.943180 0.000413
vt 0.905753 0.210448
vt 0.995971 0.076013
vt 0.000000 0.062150
vt 0.906075 0.297453
vt 0.905875 0.062150
vt 0.943180 0.014240
vt 0.000200 0.297453
vt 0.980127 0.076013
vt 0.000000 0.062150
vt 0.906075 0.281378
vt 0.959024 0.014240
vt 0.905875 0.062150
vt 0.000200 0.281378
vt 0.958243 0.076013
vt 0.905875 0.093759
vt 0.906075 0.312903
vt 0.980908 0.014240
vt 0.000000 0.093759
vt 0.000200 0.312903
vt 0.942399 0.076013
vt 0.905875 0.048121
vt 0.906075 0.296828
vt 0.996752 0.014240
vt 0.000000 0.048121
vt 0.000200 0.296828
vt 0.949641 0.103062
vt 0.905875 0.012881
vt 0.000512 0.321630
vt 0.989510 0.041289
vt 0.000000 0.012881
vt 0.906387 0.321630
vt 0.949641 0.115757
vt 0.906075 0.219937
vt 0.905875 0.025761
vt 0.989510 0.053985
vt 0.000200 0.219937
vt 0.000000 0.025761
vt 0.980127 0.103062
vt 0.000000 0.089593
vt 0.000512 0.312903
vt 0.959024 0.041289
vt 0.905875 0.089593
vt 0.906387 0.312903
vt 0.958243 0.103062
vt 0.905875 0.121202
vt 0.000512 0.330358
vt 0.980908 0.041289
vt 0.000000 0.121202
vt 0.906387 0.330358
vt 0.988729 0.115757
vt 0.906075 0.259595
vt 0.000000 0.012881
vt 0.950422 0.053985
vt 0.000200 0.259595
vt 0.905875 0.012881
vt 0.988729 0.103062
vt 0.000000 0.000000
vt 0.000512 0.321630
vt 0.950422 0.041289
vt 0.905875 0.000000
vt 0.906387 0.321630
vt 0.995971 0.076013
vt 0.000000 0.062150
vt 0.906075 0.297453
vt 0.905875 0.062150
vt 0.000200 0.297453
vt 0.995971 0.062186
vt 0.000000 0.048121
vt -0.000122 0.210448
vt 0.905875 0.048121
vt 0.905753 0.210448
vt 0.958243 0.076013
vt 0.905875 0.093759
vt 0.906075 0.312903
vt 0.000000 0.093759
vt 0.000200 0.312903
vt 0.980127 0.076013
vt 0.000000 0.062150
vt 0.906075 0.281378
vt 0.905875 0.062150
vt 0.000200 0.281378
vt 0.942399 0.062186
vt 0.905875 0.034093
vt -0.000122 0.156096
vt 0.000000 0.034093
vt 0.905753 0.156096
vt 0.942399 0.076013
vt 0.905875 0.048121
vt 0.906075 0.296828
vt 0.000000 0.048121
vt 0.000200 0.296828
vt 0.999050 0.183297
vt 0.939310 0.183297
vt 0.999050 0.342604
vt 0.939310 0.342604
vt 0.985655 0.132863
vt 0.939310 0.342604
vt 0.999050 0.342604
vt 0.939081 0.132863
vt 0.939310 0.183297
vt 0.999050 0.183297
vt 0.999050 0.183297
vt 0.939310 0.183297
vt 0.999050 0.342604
vt 0.939310 0.342604
vt 0.985655 0.179437
vt 0.999050 0.183297
vt 0.939310 0.183297
vt 0.999050 0.342604
vt 0.939310 0.342604
vt 0.939081 0.179437
vt 0.939310 0.342604
vt 0.999050 0.342604
vt 0.939081 0.132863
vt 0.999050 0.342604
vt 0.939310 0.342604
vt 0.985655 0.132863
vt 0.999050 0.183297
vt 0.939310 0.183297
vt 0.939310 0.183297
vt 0.999050 0.183297
vt 0.999050 0.342604
vt 0.939310 0.342604
vt 0.985655 0.179437
vt 0.999050 0.183297
vt 0.939310 0.183297
vt 0.999050 0.342604
vt 0.939310 0.342604
vt 0.939081 0.179437
vt 0.999050 0.183297
vt 0.939310 0.183297
vt 0.979692 0.781451
vt -0.000781 0.656284
vt 0.998987 0.652658
vt 0.979692 0.844034
vt -0.000781 0.718868
vt 1.000000 0.851064
vt -0.000781 0.844034
vt 0.302823 0.718868
vt 0.000000 0.851064
vt -0.000781 0.781451
vt 0.302823 0.656284
vt 0.001647 0.652658
vt 0.145247 0.656284
vt -0.000781 0.718868
vt 0.998987 0.504118
vt 0.145247 0.718868
vt -0.000781 0.781451
vt 1.000000 1.000000
vt 0.979692 0.718868
vt 0.156795 0.656284
vt 0.001647 0.504118
vt 0.979692 0.781451
vt 0.156795 0.718868
vt 0.000000 1.000000
vt 0.980127 0.103062
vt 0.000000 0.089593
vt 0.000512 0.312903
vt 0.905875 0.089593
vt 0.906387 0.312903
vt 0.949641 0.115757
vt 0.906075 0.219937
vt 0.905875 0.025761
vt 0.000200 0.219937
vt 0.000000 0.025761
vt 0.949641 0.103062
vt 0.905875 0.012881
vt 0.000512 0.321630
vt 0.000000 0.012881
vt 0.906387 0.321630
vt 0.958243 0.103062
vt 0.905875 0.121202
vt 0.000512 0.330358
vt 0.000000 0.121202
vt 0.906387 0.330358
vt 0.988729 0.103062
vt 0.000000 0.000000
vt 0.000512 0.321630
vt 0.905875 0.000000
vt 0.906387 0.321630
vt 0.988729 0.115757
vt 0.906075 0.259595
vt 0.000000 0.012881
vt 0.000200 0.259595
vt 0.905875 0.012881
vt 0.942399 0.062186
vt 0.905875 0.034093
vt -0.000122 0.156096
vt 0.996752 0.000413
vt 0.000000 0.034093
vt 0.905753 0.156096
vt 0.995971 0.062186
vt 0.000000 0.048121
vt -0.000122 0.210448
vt 0.905875 0.048121
vt 0.943180 0.000413
vt 0.905753 0.210448
vt 0.995971 0.076013
vt 0.000000 0.062150
vt 0.906075 0.297453
vt 0.905875 0.062150
vt 0.943180 0.014240
vt 0.000200 0.297453
vt 0.980127 0.076013
vt 0.000000 0.062150
vt 0.906075 0.281378
vt 0.959024 0.014240
vt 0.905875 0.062150
vt 0.000200 0.281378
vt 0.958243 0.076013
vt 0.905875 0.093759
vt 0.906075 0.312903
vt 0.980908 0.014240
vt 0.000000 0.093759
vt 0.000200 0.312903
vt 0.942399 0.076013
vt 0.905875 0.048121
vt 0.906075 0.296828
vt 0.996752 0.014240
vt 0.000000 0.048121
vt 0.000200 0.296828
vt 0.949641 0.103062
vt 0.905875 0.012881
vt 0.000512 0.321630
vt 0.989510 0.041289
vt 0.000000 0.012881
vt 0.906387 0.321630
vt 0.949641 0.115757
vt 0.906075 0.219937
vt 0.905875 0.025761
vt 0.989510 0.053985
vt 0.000200 0.219937
vt 0.000000 0.025761
vt 0.980127 0.103062
vt 0.000000 0.089593
vt 0.000512 0.312903
vt 0.959024 0.041289
vt 0.905875 0.089593
vt 0.906387 0.312903
vt 0.958243 0.103062
vt 0.905875 0.121202
vt 0.000512 0.330358
vt 0.980908 0.041289
vt 0.000000 0.121202
vt 0.906387 0.330358
vt 0.988729 0.115757
vt 0.906075 0.259595
vt 0.000000 0.012881
vt 0.950422 0.053985
vt 0.000200 0.259595
vt 0.905875 0.012881
vt 0.988729 0.103062
vt 0.000000 0.000000
vt 0.000512 0.321630
vt 0.950422 0.041289
vt 0.905875 0.000000
vt 0.906387 0.321630
vt 0.995971 0.076013
vt 0.000000 0.062150
vt 0.906075 0.297453
vt 0.905875 0.062150
vt 0.000200 0.297453
vt 0.995971 0.062186
vt 0.000000 0.048121
vt -0.000122 0.210448
vt 0.905875 0.048121
vt 0.905753 0.210448
vt 0.958243 0.076013
vt 0.905875 0.093759
vt 0.906075 0.312903
vt 0.000000 0.093759
vt 0.000200 0.312903
vt 0.980127 0.076013
vt 0.000000 0.062150
vt 0.906075 0.281378
vt 0.905875 0.062150
vt 0.000200 0.281378
vt 0.942399 0.062186
vt 0.905875 0.034093
vt -0.000122 0.156096
vt 0.000000 0.034093
vt 0.905753 0.156096
vt 0.942399 0.076013
vt 0.905875 0.048121
vt 0.906075 0.296828
vt 0.000000 0.048121
vt 0.000200 0.296828
vt 0.999050 0.183297
vt 0.939310 0.183297
vt 0.999050 0.342604
vt 0.939310 0.342604
vt 0.985655 0.132863
vt 0.939310 0.342604
vt 0.999050 0.342604
vt 0.939081 0.132863
vt 0.939310 0.183297
vt 0.999050 0.183297
vt 0.999050 0.183297
vt 0.939310 0.183297
vt 0.999050 0.342604
vt 0.939310 0.342604
vt 0.985655 0.179437
vt 0.999050 0.183297
vt 0.939310 0.183297
vt 0.999050 0.342604
vt 0.939310 0.342604
vt 0.939081 0.179437
vt 0.939310 0.342604
vt 0.999050 0.342604
vt 0.939081 0.132863
vt 0.999050 0.342604
vt 0.939310 0.342604
vt 0.985655 0.132863
vt 0.999050 0.183297
vt 0.939310 0.183297
vt 0.939310 0.183297
vt 0.999050 0.183297
vt 0.999050 0.342604
vt 0.939310 0.342604
vt 0.985655 0.179437
vt 0.999050 0.183297
vt 0.939310 0.183297
vt 0.999050 0.342604
vt 0.939310 0.342604
vt 0.939081 0.179437
vt 0.999050 0.183297
vt 0.939310 0.183297
vt 0.979692 0.781451
vt -0.000781 0.656284
vt 0.998987 0.652658
vt 0.979692 0.844034
vt -0.000781 0.718868
vt 1.000000 0.851064
vt -0.000781 0.844034
vt 0.302823 0.718868
vt 0.000000 0.851064
vt -0.000781 0.781451
vt 0.302823 0.656284
vt 0.001647 0.652658
vt 0.145247 0.656284
vt -0.000781 0.718868
vt 0.998987 0.504118
vt 0.145247 0.718868
vt -0.000781 0.781451
vt 1.000000 1.000000
vt 0.979692 0.718868
vt 0.156795 0.656284
vt 0.001647 0.504118
vt 0.979692 0.781451
vt 0.156795 0.718868
vt 0.000000 1.000000
vt 0.980127 0.103062
vt 0.000000 0.089593
vt 0.000512 0.312903
vt 0.905875 0.089593
vt 0.906387 0.312903
vt 0.949641 0.115757
vt 0.906075 0.219937
vt 0.905875 0.025761
vt 0.000200 0.219937
vt 0.000000 0.025761
vt 0.949641 0.103062
vt 0.905875 0.012881
vt 0.000512 0.321630
vt 0.000000 0.012881
vt 0.906387 0.321630
vt 0.958243 0.103062
vt 0.905875 0.121202
vt 0.000512 0.330358
vt 0.000000 0.121202
vt 0.906387 0.330358
vt 0.988729 0.103062
vt 0.000000 0.000000
vt 0.000512 0.321630
vt 0.905875 0.000000
vt 0.906387 0.321630
vt 0.988729 0.115757
vt 0.906075 0.259595
vt 0.000000 0.012881
vt 0.000200 0.259595
vt 0.905875 0.012881
vt 0.942399 0.062186
vt 0.905875 0.034093
vt -0.000122 0.156096
vt 0.996752 0.000413
vt 0.000000 0.034093
vt 0.905753 0.156096
vt 0.995971 0.062186
vt 0.000000 0.048121
vt -0.000122 0.210448
vt 0.905875 0.048121
vt 0.943180 0.000413
vt 0.905753 0.210448
vt 0.995971 0.076013
vt 0.000000 0.062150
vt 0.906075 0.297453
vt 0.905875 0.062150
vt 0.943180 0.014240
vt 0.000200 0.297453
vt 0.980127 0.076013
vt 0.000000 0.062150
vt 0.906075 0.281378
vt 0.959024 0.014240
vt 0.905875 0.062150
vt 0.000200 0.281378
vt 0.958243 0.076013
vt 0.905875 0.093759
vt 0.906075 0.312903
vt 0.980908 0.014240
vt 0.000000 0.093759
vt 0.000200 0.312903
vt 0.942399 0.076013
vt 0.905875 0.048121
vt 0.906075 0.296828
vt 0.996752 0.014240
vt 0.000000 0.048121
vt 0.000200 0.296828
vt 0.949641 0.103062
vt 0.905875 0.012881
vt 0.000512 0.321630
vt 0.989510 0.041289
vt 0.000000 0.012881
vt 0.906387 0.321630
vt 0.949641 0.115757
vt 0.906075 0.219937
vt 0.905875 0.025761
vt 0.989510 0.053985
vt 0.000200 0.219937
vt 0.000000 0.025761
vt 0.980127 0.103062
vt 0.000000 0.089593
vt 0.000512 0.312903
vt 0.959024 0.041289
vt 0.905875 0.089593
vt 0.906387 0.312903
vt 0.958243 0.103062
vt 0.905875 0.121202
vt 0.000512 0.330358
vt 0.980908 0.041289
vt 0.000000 0.121202
vt 0.906387 0.330358
vt 0.988729 0.115757
vt 0.906075 0.259595
vt 0.000000 0.012881
vt 0.950422 0.053985
vt 0.000200 0.259595
vt 0.905875 0.012881
vt 0.988729 0.103062
vt 0.000000 0.000000
vt 0.000512 0.321630
vt 0.950422 0.041289
vt 0.905875 0.000000
vt 0.906387 0.321630
vt 0.995971 0.076013
vt 0.000000 0.062150
vt 0.906075 0.297453
vt 0.905875 0.062150
vt 0.000200 0.297453
vt 0.995971 0.062186
vt 0.000000 0.048121
vt -0.000122 0.210448
vt 0.905875 0.048121
vt 0.905753 0.210448
vt 0.958243 0.076013
vt 0.905875 0.093759
vt 0.906075 0.312903
vt 0.000000 0.093759
vt 0.000200 0.312903
vt 0.980127 0.076013
vt 0.000000 0.062150
vt 0.906075 0.281378
vt 0.905875 0.062150
vt 0.000200 0.281378
vt 0.942399 0.062186
vt 0.905875 0.034093
vt -0.000122 0.156096
vt 0.000000 0.034093
vt 0.905753 0.156096
vt 0.942399 0.076013
vt 0.905875 0.048121
vt 0.906075 0.296828
vt 0.000000 0.048121
vt 0.000200 0.296828
vt 0.999050 0.183297
vt 0.939310 0.183297
vt 0.999050 0.342604
vt 0.939310 0.342604
vt 0.985655 0.132863
vt 0.939310 0.342604
vt 0.999050 0.342604
vt 0.939081 0.132863
vt 0.939310 0.183297
vt 0.999050 0.183297
vt 0.999050 0.183297
vt 0.939310 0.183297
vt 0.999050 0.342604
vt 0.939310 0.342604
vt 0.985655 0.179437
vt 0.999050 0.183297
vt 0.939310 0.183297
vt 0.999050 0.342604
vt 0.939310 0.342604
vt 0.939081 0.179437
vt 0.939310 0.342604
vt 0.999050 0.342604
vt 0.939081 0.132863
vt 0.999050 0.342604
vt 0.939310 0.342604
vt 0.985655 0.132863
vt 0.999050 0.183297
vt 0.939310 0.183297
vt 0.939310 0.183297
vt 0.999050 0.183297
vt 0.999050 0.342604
vt 0.939310 0.342604
vt 0.985655 0.179437
vt 0.999050 0.183297
vt 0.939310 0.183297
vt 0.999050 0.342604
vt 0.939310 0.342604
vt 0.939081 0.179437
vt 0.999050 0.183297
vt 0.939310 0.183297
vt 0.979692 0.781451
vt -0.000781 0.656284
vt 0.998987 0.652658
vt 0.979692 0.844034
vt -0.000781 0.718868
vt 1.000000 0.851064
vt -0.000781 0.844034
vt 0.302823 0.718868
vt 0.000000 0.851064
vt -0.000781 0.781451
vt 0.302823 0.656284
vt 0.001647 0.652658
vt 0.145247 0.656284
vt -0.000781 0.718868
vt 0.998987 0.504118
vt 0.145247 0.718868
vt -0.000781 0.781451
vt 1.000000 1.000000
vt 0.979692 0.718868
vt 0.156795 0.656284
vt 0.001647 0.504118
vt 0.979692 0.781451
vt 0.156795 0.718868
vt 0.000000 1.000000
vt 0.980127 0.103062
vt 0.000000 0.089593
vt 0.000512 0.312903
vt 0.905875 0.089593
vt 0.906387 0.312903
vt 0.949641 0.115757
vt 0.906075 0.219937
vt 0.905875 0.025761
vt 0.000200 0.219937
vt 0.000000 0.025761
vt 0.949641 0.103062
vt 0.905875 0.012881
vt 0.000512 0.321630
vt 0.000000 0.012881
vt 0.906387 0.321630
vt 0.958243 0.103062
vt 0.905875 0.121202
vt 0.000512 0.330358
vt 0.000000 0.121202
vt 0.906387 0.330358
vt 0.988729 0.103062
vt 0.000000 0.000000
vt 0.000512 0.321630
vt 0.905875 0.000000
vt 0.906387 0.321630
vt 0.988729 0.115757
vt 0.906075 0.259595
vt 0.000000 0.012881
vt 0.000200 0.259595
vt 0.905875 0.012881
vt 0.942399 0.062186
vt 0.905875 0.034093
vt -0.000122 0.156096
vt 0.996752 0.000413
vt 0.000000 0.034093
vt 0.905753 0.156096
vt 0.995971 0.062186
vt 0.000000 0.048121
vt -0.000122 0.210448
vt 0.905875 0.048121
vt 0.943180 0.000413
vt 0.905753 0.210448
vt 0.995971 0.076013
vt 0.000000 0.062150
vt 0.906075 0.297453
vt 0.905875 0.062150
vt 0.943180 0.014240
vt 0.000200 0.297453
vt 0.980127 0.076013
vt 0.000000 0.062150
vt 0.906075 0.281378
vt 0.959024 0.014240
vt 0.905875 0.062150
vt 0.000200 0.281378
vt 0.958243 0.076013
vt 0.905875 0.093759
vt 0.906075 0.312903
vt 0.980908 0.014240
vt 0.000000 0.093759
vt 0.000200 0.312903
vt 0.942399 0.076013
vt 0.905875 0.048121
vt 0.906075 0.296828
vt 0.996752 0.014240
vt 0.000000 0.048121
vt 0.000200 0.296828
vt 0.949641 0.103062
vt 0.905875 0.012881
vt 0.000512 0.321630
vt 0.989510 0.041289
vt 0.000000 0.012881
vt 0.906387 0.321630
vt 0.949641 0.115757
vt 0.906075 0.219937
vt 0.905875 0.025761
vt 0.989510 0.053985
vt 0.000200 0.219937
vt 0.000000 0.025761
vt 0.980127 0.103062
vt 0.000000 0.089593
vt 0.000512 0.312903
vt 0.959024 0.041289
vt 0.905875 0.089593
vt 0.906387 0.312903
vt 0.958243 0.103062
vt 0.905875 0.121202
vt 0.000512 0.330358
vt 0.980908 0.041289
vt 0.000000 0.121202
vt 0.906387 0.330358
vt 0.988729 0.115757
vt 0.906075 0.259595
vt 0.000000 0.012881
vt 0.950422 0.053985
vt 0.000200 0.259595
vt 0.905875 0.012881
vt 0.988729 0.103062
vt 0.000000 0.000000
vt 0.000512 0.321630
vt 0.950422 0.041289
vt 0.905875 0.000000
vt 0.906387 0.321630
vt 0.995971 0.076013
vt 0.000000 0.062150
vt 0.906075 0.297453
vt 0.905875 0.062150
vt 0.000200 0.297453
vt 0.995971 0.062186
vt 0.000000 0.048121
vt -0.000122 0.210448
vt 0.905875 0.048121
vt 0.905753 0.210448
vt 0.958243 0.076013
vt 0.905875 0.093759
vt 0.906075 0.312903
vt 0.000000 0.093759
vt 0.000200 0.312903
vt 0.980127 0.076013
vt 0.000000 0.062150
vt 0.906075 0.281378
vt 0.905875 0.062150
vt 0.000200 0.281378
vt 0.942399 0.062186
vt 0.905875 0.034093
vt -0.000122 0.156096
vt 0.000000 0.034093
vt 0.905753 0.156096
vt 0.942399 0.076013
vt 0.905875 0.048121
vt 0.906075 0.296828
vt 0.000000 0.048121
vt 0.000200 0.296828
vt 0.999050 0.183297
vt 0.939310 0.183297
vt 0.999050 0.342604
vt 0.939310 0.342604
vt 0.985655 0.132863
vt 0.939310 0.342604
vt 0.999050 0.342604
vt 0.939081 0.132863
vt 0.939310 0.183297
vt 0.999050 0.183297
vt 0.999050 0.183297
vt 0.939310 0.183297
vt 0.999050 0.342604
vt 0.939310 0.342604
vt 0.985655 0.179437
vt 0.999050 0.183297
vt 0.939310 0.183297
vt 0.999050 0.342604
vt 0.939310 0.342604
vt 0.939081 0.179437
vt 0.939310 0.342604
vt 0.999050 0.342604
vt 0.939081 0.132863
vt 0.999050 0.342604
vt 0.939310 0.342604
vt 0.985655 0.132863
vt 0.999050 0.183297
vt 0.939310 0.183297
vt 0.939310 0.183297
vt 0.999050 0.183297
vt 0.999050 0.342604
vt 0.939310 0.342604
vt 0.985655 0.179437
vt 0.999050 0.183297
vt 0.939310 0.183297
vt 0.999050 0.342604
vt 0.939310 0.342604
vt 0.939081 0.179437
vt 0.999050 0.183297
vt 0.939310 0.183297
vt 0.979692 0.781451
vt -0.000781 0.656284
vt 0.998987 0.652658
vt 0.979692 0.844034
vt -0.000781 0.718868
vt 1.000000 0.851064
vt -0.000781 0.844034
vt 0.302823 0.718868
vt 0.000000 0.851064
vt -0.000781 0.781451
vt 0.302823 0.656284
vt 0.001647 0.652658
vt 0.145247 0.656284
vt -0.000781 0.718868
vt 0.998987 0.504118
vt 0.145247 0.718868
vt -0.000781 0.781451
vt 1.000000 1.000000
vt 0.979692 0.718868
vt 0.156795 0.656284
vt 0.001647 0.504118
vt 0.979692 0.781451
vt 0.156795 0.718868
vt 0.000000 1.000000
vt 0.980127 0.103062
vt 0.000000 0.089593
vt 0.000512 0.312903
vt 0.905875 0.089593
vt 0.906387 0.312903
vt 0.949641 0.115757
vt 0.906075 0.219937
vt 0.905875 0.025761
vt 0.000200 0.219937
vt 0.000000 0.025761
vt 0.949641 0.103062
vt 0.905875 0.012881
vt 0.000512 0.321630
vt 0.000000 0.012881
vt 0.906387 0.321630
vt 0.958243 0.103062
vt 0.905875 0.121202
vt 0.000512 0.330358
vt 0.000000 0.121202
vt 0.906387 0.330358
vt 0.988729 0.103062
vt 0.000000 0.000000
vt 0.000512 0.321630
vt 0.905875 0.000000
vt 0.906387 0.321630
vt 0.988729 0.115757
vt 0.906075 0.259595
vt 0.000000 0.012881
vt 0.000200 0.259595
vt 0.905875 0.012881
vt 0.942399 0.062186
vt 0.905875 0.034093
vt -0.000122 0.156096
vt 0.996752 0.000413
vt 0.000000 0.034093
vt 0.905753 0.156096
vt 0.995971 0.062186
vt 0.000000 0.048121
vt -0.000122 0.210448
vt 0.905875 0.048121
vt 0.943180 0.000413
vt 0.905753 0.210448
vt 0.995971 0.076013
vt 0.000000 0.062150
vt 0.906075 0.297453
vt 0.905875 0.062150
vt 0.943180 0.014240
vt 0.000200 0.297453
vt 0.980127 0.076013
vt 0.000000 0.062150
vt 0.906075 0.281378
vt 0.959024 0.014240
vt 0.905875 0.062150
vt 0.000200 0.281378
vt 0.958243 0.076013
vt 0.905875 0.093759
vt 0.906075 0.312903
vt 0.980908 0.014240
vt 0.000000 0.093759
vt 0.000200 0.312903
vt 0.942399 0.076013
vt 0.905875 0.048121
vt 0.906075 0.296828
vt 0.996752 0.014240
vt 0.000000 0.048121
vt 0.000200 0.296828
vt 0.949641 0.103062
vt 0.905875 0.012881
vt 0.000512 0.321630
vt 0.989510 0.041289
vt 0.000000 0.012881
vt 0.906387 0.321630
vt 0.949641 0.115757
vt 0.906075 0.219937
vt 0.905875 0.025761
vt 0.989510 0.053985
vt 0.000200 0.219937
vt 0.000000 0.025761
vt 0.980127 0.103062
vt 0.000000 0.089593
vt 0.000512 0.312903
vt 0.959024 0.041289
vt 0.905875 0.089593
vt 0.906387 0.312903
vt 0.958243 0.103062
vt 0.905875 0.121202
vt 0.000512 0.330358
vt 0.980908 0.041289
vt 0.000000 0.121202
vt 0.906387 0.330358
vt 0.988729 0.115757
vt 0.906075 0.259595
vt 0.000000 0.012881
vt 0.950422 0.053985
vt 0.000200 0.259595
vt 0.905875 0.012881
vt 0.988729 0.103062
vt 0.000000 0.000000
vt 0.000512 0.321630
vt 0.950422 0.041289
vt 0.905875 0.000000
vt 0.906387 0.321630
vt 0.995971 0.076013
vt 0.000000 0.062150
vt 0.906075 0.297453
vt 0.905875 0.062150
vt 0.000200 0.297453
vt 0.995971 0.062186
vt 0.000000 0.048121
vt -0.000122 0.210448
vt 0.905875 0.048121
vt 0.905753 0.210448
vt 0.958243 0.076013
vt 0.905875 0.093759
vt 0.906075 0.312903
vt 0.000000 0.093759
vt 0.000200 0.312903
vt 0.980127 0.076013
vt 0.000000 0.062150
vt 0.906075 0.281378
vt 0.905875 0.062150
vt 0.000200 0.281378
vt 0.942399 0.062186
vt 0.905875 0.034093
vt -0.000122 0.156096
vt 0.000000 0.034093
vt 0.905753 0.156096
vt 0.942399 0.076013
vt 0.905875 0.048121
vt 0.906075 0.296828
vt 0.000000 0.048121
vt 0.000200 0.296828
vt 0.999050 0.183297
vt 0.939310 0.183297
vt 0.999050 0.342604
vt 0.939310 0.342604
vt 0.985655 0.132863
vt 0.939310 0.342604
vt 0.999050 0.342604
vt 0.939081 0.132863
vt 0.939310 0.183297
vt 0.999050 0.183297
vt 0.999050 0.183297
vt 0.939310 0.183297
vt 0.999050 0.342604
vt 0.939310 0.342604
vt 0.985655 0.179437
vt 0.999050 0.183297
vt 0.939310 0.183297
vt 0.999050 0.342604
vt 0.939310 0.342604
vt 0.939081 0.179437
vt 0.939310 0.342604
vt 0.999050 0.342604
vt 0.939081 0.132863
vt 0.999050 0.342604
vt 0.939310 0.342604
vt 0.985655 0.132863
vt 0.999050 0.183297
vt 0.939310 0.183297
vt 0.939310 0.183297
vt 0.999050 0.183297
vt 0.999050 0.342604
vt 0.939310 0.342604
vt 0.985655 0.179437
vt 0.999050 0.183297
vt 0.939310 0.183297
vt 0.999050 0.342604
vt 0.939310 0.342604
vt 0.939081 0.179437
vt 0.999050 0.183297
vt 0.939310 0.183297
vt 0.979692 0.781451
vt -0.000781 0.656284
vt 0.998987 0.652658
vt 0.979692 0.844034
vt -0.000781 0.718868
vt 1.000000 0.851064
vt -0.000781 0.844034
vt 0.302823 0.718868
vt 0.000000 0.851064
vt -0.000781 0.781451
vt 0.302823 0.656284
vt 0.001647 0.652658
vt 0.145247 0.656284
vt -0.000781 0.718868
vt 0.998987 0.504118
vt 0.145247 0.718868
vt -0.000781 0.781451
vt 1.000000 1.000000
vt 0.979692 0.718868
vt 0.156795 0.656284
vt 0.001647 0.504118
vt 0.979692 0.781451
vt 0.156795 0.718868
vt 0.000000 1.000000
vt 0.980127 0.103062
vt 0.000000 0.089593
vt 0.000512 0.312903
vt 0.905875 0.089593
vt 0.906387 0.312903
vt 0.949641 0.115757
vt 0.906075 0.219937
vt 0.905875 0.025761
vt 0.000200 0.219937
vt 0.000000 0.025761
vt 0.949641 0.103062
vt 0.905875 0.012881
vt 0.000512 0.321630
vt 0.000000 0.012881
vt 0.906387 0.321630
vt 0.958243 0.103062
vt 0.905875 0.121202
vt 0.000512 0.330358
vt 0.000000 0.121202
vt 0.906387 0.330358
vt 0.988729 0.103062
vt 0.000000 0.000000
vt 0.000512 0.321630
vt 0.905875 0.000000
vt 0.906387 0.321630
vt 0.988729 0.115757
vt 0.906075 0.259595
vt 0.000000 0.012881
vt 0.000200 0.259595
vt 0.905875 0.012881
vt 0.942399 0.062186
vt 0.905875 0.034093
vt -0.000122 0.156096
vt 0.996752 0.000413
vt 0.000000 0.034093
vt 0.905753 0.156096
vt 0.995971 0.062186
vt 0.000000 0.048121
vt -0.000122 0.210448
vt 0.905875 0.048121
vt 0.943180 0.000413
vt 0.905753 0.210448
vt 0.995971 0.076013
vt 0.000000 0.062150
vt 0.906075 0.297453
vt 0.905875 0.062150
vt 0.943180 0.014240
vt 0.000200 0.297453
vt 0.980127 0.076013
vt 0.000000 0.062150
vt 0.906075 0.281378
vt 0.959024 0.014240
vt 0.905875 0.062150
vt 0.000200 0.281378
vt 0.958243 0.076013
vt 0.905875 0.093759
vt 0.906075 0.312903
vt 0.980908 0.014240
vt 0.000000 0.093759
vt 0.000200 0.312903
vt 0.942399 0.076013
vt 0.905875 0.048121
vt 0.906075 0.296828
vt 0.996752 0.014240
vt 0.000000 0.048121
vt 0.000200 0.296828
vt 0.949641 0.103062
vt 0.905875 0.012881
vt 0.000512 0.321630
vt 0.989510 0.041289
vt 0.000000 0.012881
vt 0.906387 0.321630
vt 0.949641 0.115757
vt 0.906075 0.219937
vt 0.905875 0.025761
vt 0.989510 0.053985
vt 0.000200 0.219937
vt 0.000000 0.025761
vt 0.980127 0.103062
vt 0.000000 0.089593
vt 0.000512 0.312903
vt 0.959024 0.041289
vt 0.905875 0.089593
vt 0.906387 0.312903
vt 0.958243 0.103062
vt 0.905875 0.121202
vt 0.000512 0.330358
vt 0.980908 0.041289
vt 0.000000 0.121202
vt 0.906387 0.330358
vt 0.988729 0.115757
vt 0.906075 0.259595
vt 0.000000 0.012881
vt 0.950422 0.053985
vt 0.000200 0.259595
vt 0.905875 0.012881
vt 0.988729 0.103062
vt 0.000000 0.000000
vt 0.000512 0.321630
vt 0.950422 0.041289
vt 0.905875 0.000000
vt 0.906387 0.321630
vt 0.995971 0.076013
vt 0.000000 0.062150
vt 0.906075 0.297453
vt 0.905875 0.062150
vt 0.000200 0.297453
vt 0.995971 0.062186
vt 0.000000 0.048121
vt -0.000122 0.210448
vt 0.905875 0.048121
vt 0.905753 0.210448
vt 0.958243 0.076013
vt 0.905875 0.093759
vt 0.906075 0.312903
vt 0.000000 0.093759
vt 0.000200 0.312903
vt 0.980127 0.076013
vt 0.000000 0.062150
vt 0.906075 0.281378
vt 0.905875 0.062150
vt 0.000200 0.281378
vt 0.942399 0.062186
vt 0.905875 0.034093
vt -0.000122 0.156096
vt 0.000000 0.034093
vt 0.905753 0.156096
vt 0.942399 0.076013
vt 0.905875 0.048121
vt 0.906075 0.296828
vt 0.000000 0.048121
vt 0.000200 0.296828
vt 0.999050 0.183297
vt 0.939310 0.183297
vt 0.999050 0.342604
vt 0.939310 0.342604
vt 0.985655 0.132863
vt 0.939310 0.342604
vt 0.999050 0.342604
vt 0.939081 0.132863
vt 0.939310 0.183297
vt 0.999050 0.183297
vt 0.999050 0.183297
vt 0.939310 0.183297
vt 0.999050 0.342604
vt 0.939310 0.342604
vt 0.985655 0.179437
vt 0.999050 0.183297
vt 0.939310 0.183297
vt 0.999050 0.342604
vt 0.939310 0.342604
vt 0.939081 0.179437
vt 0.939310 0.342604
vt 0.999050 0.342604
vt 0.939081 0.132863
vt 0.999050 0.342604
vt 0.939310 0.342604
vt 0.985655 0.132863
vt 0.999050 0.183297
vt 0.939310 0.183297
vt 0.939310 0.183297
vt 0.999050 0.183297
vt 0.999050 0.342604
vt 0.939310 0.342604
vt 0.985655 0.179437
vt 0.999050 0.183297
vt 0.939310 0.183297
vt 0.999050 0.342604
vt 0.939310 0.342604
vt 0.939081 0.179437
vt 0.999050 0.183297
vt 0.939310 0.183297
vt 0.979692 0.781451
vt -0.000781 0.656284
vt 0.998987 0.652658
vt 0.979692 0.844034
vt -0.000781 0.718868
vt 1.000000 0.851064
vt -0.000781 0.844034
vt 0.302823 0.718868
vt 0.000000 0.851064
vt -0.000781 0.781451
vt 0.302823 0.656284
vt 0.001647 0.652658
vt 0.145247 0.656284
vt -0.000781 0.718868
vt 0.998987 0.504118
vt 0.145247 0.718868
vt -0.000781 0.781451
vt 1.000000 1.000000
vt 0.979692 0.718868
vt 0.156795 0.656284
vt 0.001647 0.504118
vt 0.979692 0.781451
vt 0.156795 0.718868
vt 0.000000 1.000000
vt 0.980127 0.103062
vt 0.000000 0.089593
vt 0.000512 0.312903
vt 0.905875 0.089593
vt 0.906387 0.312903
vt 0.949641 0.115757
vt 0.906075 0.219937
vt 0.905875 0.025761
vt 0.000200 0.219937
vt 0.000000 0.025761
vt 0.949641 0.103062
vt 0.905875 0.012881
vt 0.000512 0.321630
vt 0.000000 0.012881
vt 0.906387 0.321630
vt 0.958243 0.103062
vt 0.905875 0.121202
vt 0.000512 0.330358
vt 0.000000 0.121202
vt 0.906387 0.330358
vt 0.988729 0.103062
vt 0.000000 0.000000
vt 0.000512 0.321630
vt 0.905875 0.000000
vt 0.906387 0.321630
vt 0.988729 0.115757
vt 0.906075 0.259595
vt 0.000000 0.012881
vt 0.000200 0.259595
vt 0.905875 0.012881
vt 0.942399 0.062186
vt 0.905875 0.034093
vt -0.000122 0.156096
vt 0.996752 0.000413
vt 0.000000 0.034093
vt 0.905753 0.156096
vt 0.995971 0.062186
vt 0.000000 0.048121
vt -0.000122 0.210448
vt 0.905875 0.048121
vt 0.943180 0.000413
vt 0.905753 0.210448
vt 0.995971 0.076013
vt 0.000000 0.062150
vt 0.906075 0.297453
vt 0.905875 0.062150
vt 0.943180 0.014240
vt 0.000200 0.297453
vt 0.980127 0.076013
vt 0.000000 0.062150
vt 0.906075 0.281378
vt 0.959024 0.014240
vt 0.905875 0.062150
vt 0.000200 0.281378
vt 0.958243 0.076013
vt 0.905875 0.093759
vt 0.906075 0.312903
vt 0.980908 0.014240
vt 0.000000 0.093759
vt 0.000200 0.312903
vt 0.942399 0.076013
vt 0.905875 0.048121
vt 0.906075 0.296828
vt 0.996752 0.014240
vt 0.000000 0.048121
vt 0.000200 0.296828
vt 0.949641 0.103062
vt 0.905875 0.012881
vt 0.000512 0.321630
vt 0.989510 0.041289
vt 0.000000 0.012881
vt 0.906387 0.321630
vt 0.949641 0.115757
vt 0.906075 0.219937
vt 0.905875 0.025761
vt 0.989510 0.053985
vt 0.000200 0.219937
vt 0.000000 0.025761
vt 0.980127 0.103062
vt 0.000000 0.089593
vt 0.000512 0.312903
vt 0.959024 0.041289
vt 0.905875 0.089593
vt 0.906387 0.312903
vt 0.958243 0.103062
vt 0.905875 0.121202
vt 0.000512 0.330358
vt 0.980908 0.041289
vt 0.000000 0.121202
vt 0.906387 0.330358
vt 0.988729 0.115757
vt 0.906075 0.259595
vt 0.000000 0.012881
vt 0.950422 0.053985
vt 0.000200 0.259595
vt 0.905875 0.012881
vt 0.988729 0.103062
vt 0.000000 0.000000
vt 0.000512 0.321630
vt 0.950422 0.041289
vt 0.905875 0.000000
vt 0.906387 0.321630
vt 0.995971 0.076013
vt 0.000000 0.062150
vt 0.906075 0.297453
vt 0.905875 0.062150
vt 0.000200 0.297453
vt 0.995971 0.062186
vt 0.000000 0.048121
vt -0.000122 0.210448
vt 0.905875 0.048121
vt 0.905753 0.210448
vt 0.958243 0.076013
vt 0.905875 0.093759
vt 0.906075 0.312903
vt 0.000000 0.093759
vt 0.000200 0.312903
vt 0.980127 0.076013
vt 0.000000 0.062150
vt 0.906075 0.281378
vt 0.905875 0.062150
vt 0.000200 0.281378
vt 0.942399 0.062186
vt 0.905875 0.034093
vt -0.000122 0.156096
vt 0.000000 0.034093
vt 0.905753 0.156096
vt 0.942399 0.076013
vt 0.905875 0.048121
vt 0.906075 0.296828
vt 0.000000 0.048121
vt 0.000200 0.296828
vt 0.999050 0.183297
vt 0.939310 0.183297
vt 0.999050 0.342604
vt 0.939310 0.342604
vt 0.985655 0.132863
vt 0.939310 0.342604
vt 0.999050 0.342604
vt 0.939081 0.132863
vt 0.939310 0.183297
vt 0.999050 0.183297
vt 0.999050 0.183297
vt 0.939310 0.183297
vt 0.999050 0.342604
vt 0.939310 0.342604
vt 0.985655 0.179437
vt 0.999050 0.183297
vt 0.939310 0.183297
vt 0.999050 0.342604
vt 0.939310 0.342604
vt 0.939081 0.179437
vt 0.939310 0.342604
vt 0.999050 0.342604
vt 0.939081 0.132863
vt 0.999050 0.342604
vt 0.939310 0.342604
vt 0.985655 0.132863
vt 0.999050 0.183297
vt 0.939310 0.183297
vt 0.939310 0.183297
vt 0.999050 0.183297
vt 0.999050 0.342604
vt 0.939310 0.342604
vt 0.985655 0.179437
vt 0.999050 0.183297
vt 0.939310 0.183297
vt 0.999050 0.342604
vt 0.939310 0.342604
vt 0.939081 0.179437
vt 0.999050 0.183297
vt 0.939310 0.183297
vt 0.979692 0.781451
vt -0.000781 0.656284
vt 0.998987 0.652658
vt 0.979692 0.844034
vt -0.000781 0.718868
vt 1.000000 0.851064
vt -0.000781 0.844034
vt 0.302823 0.718868
vt 0.000000 0.851064
vt -0.000781 0.781451
vt 0.302823 0.656284
vt 0.001647 0.652658
vt 0.145247 0.656284
vt -0.000781 0.718868
vt 0.998987 0.504118
vt 0.145247 0.718868
vt -0.000781 0.781451
vt 1.000000 1.000000
vt 0.979692 0.718868
vt 0.156795 0.656284
vt 0.001647 0.504118
vt 0.979692 0.781451
vt 0.156795 0.718868
vt 0.000000 1.000000
vt 0.980127 0.103062
vt 0.000000 0.089593
vt 0.000512 0.312903
vt 0.905875 0.089593
vt 0.906387 0.312903
vt 0.949641 0.115757
vt 0.906075 0.219937
vt 0.905875 0.025761
vt 0.000200 0.219937
vt 0.000000 0.025761
vt 0.949641 0.103062
vt 0.905875 0.012881
vt 0.000512 0.321630
vt 0.000000 0.012881
vt 0.906387 0.321630
vt 0.958243 0.103062
vt 0.905875 0.121202
vt 0.000512 0.330358
vt 0.000000 0.121202
vt 0.906387 0.330358
vt 0.988729 0.103062
vt 0.000000 0.000000
vt 0.000512 0.321630
vt 0.905875 0.000000
vt 0.906387 0.321630
vt 0.988729 0.115757
vt 0.906075 0.259595
vt 0.000000 0.012881
vt 0.000200 0.259595
vt 0.905875 0.012881
vt 0.942399 0.062186
vt 0.905875 0.034093
vt -0.000122 0.156096
vt 0.996752 0.000413
vt 0.000000 0.034093
vt 0.905753 0.156096
vt 0.995971 0.062186
vt 0.000000 0.048121
vt -0.000122 0.210448
vt 0.905875 0.048121
vt 0.943180 0.000413
vt 0.905753 0.210448
vt 0.995971 0.076013
vt 0.000000 0.062150
vt 0.906075 0.297453
vt 0.905875 0.062150
vt 0.943180 0.014240
vt 0.000200 0.297453
vt 0.980127 0.076013
vt 0.000000 0.062150
vt 0.906075 0.281378
vt 0.959024 0.014240
vt 0.905875 0.062150
vt 0.000200 0.281378
vt 0.958243 0.076013
vt 0.905875 0.093759
vt 0.906075 0.312903
vt 0.980908 0.014240
vt 0.000000 0.093759
vt 0.000200 0.312903
vt 0.942399 0.076013
vt 0.905875 0.048121
vt 0.906075 0.296828
vt 0.996752 0.014240
vt 0.000000 0.048121
vt 0.000200 0.296828
vt 0.949641 0.103062
vt 0.905875 0.012881
vt 0.000512 0.321630
vt 0.989510 0.041289
vt 0.000000 0.012881
vt 0.906387 0.321630
vt 0.949641 0.115757
vt 0.906075 0.219937
vt 0.905875 0.025761
vt 0.989510 0.053985
vt 0.000200 0.219937
vt 0.000000 0.025761
vt 0.980127 0.103062
vt 0.000000 0.089593
vt 0.000512 0.312903
vt 0.959024 0.041289
vt 0.905875 0.089593
vt 0.906387 0.312903
vt 0.958243 0.103062
vt 0.905875 0.121202
vt 0.000512 0.330358
vt 0.980908 0.041289
vt 0.000000 0.121202
vt 0.906387 0.330358
vt 0.988729 0.115757
vt 0.906075 0.259595
vt 0.000000 0.012881
vt 0.950422 0.053985
vt 0.000200 0.259595
vt 0.905875 0.012881
vt 0.988729 0.103062
vt 0.000000 0.000000
vt 0.000512 0.321630
vt 0.950422 0.041289
vt 0.905875 0.000000
vt 0.906387 0.321630
vt 0.995971 0.076013
vt 0.000000 0.062150
vt 0.906075 0.297453
vt 0.905875 0.062150
vt 0.000200 0.297453
vt 0.995971 0.062186
vt 0.000000 0.048121
vt -0.000122 0.210448
vt 0.905875 0.048121
vt 0.905753 0.210448
vt 0.958243 0.076013
vt 0.905875 0.093759
vt 0.906075 0.312903
vt 0.000000 0.093759
vt 0.000200 0.312903
vt 0.980127 0.076013
vt 0.000000 0.062150
vt 0.906075 0.281378
vt 0.905875 0.062150
vt 0.000200 0.281378
vt 0.942399 0.062186
vt 0.905875 0.034093
vt -0.000122 0.156096
vt 0.000000 0.034093
vt 0.905753 0.156096
vt 0.942399 0.076013
vt 0.905875 0.048121
vt 0.906075 0.296828
vt 0.000000 0.048121
vt 0.000200 0.296828
vt 0.999050 0.183297
vt 0.939310 0.183297
vt 0.999050 0.342604
vt 0.939310 0.342604
vt 0.985655 0.132863
vt 0.939310 0.342604
vt 0.999050 0.342604
vt 0.939081 0.132863
vt 0.939310 0.183297
vt 0.999050 0.183297
vt 0.999050 0.183297
vt 0.939310 0.183297
vt 0.999050 0.342604
vt 0.939310 0.342604
vt 0.985655 0.179437
vt 0.999050 0.183297
vt 0.939310 0.183297
vt 0.999050 0.342604
vt 0.939310 0.342604
vt 0.939081 0.179437
vt 0.939310 0.342604
vt 0.999050 0.342604
vt 0.939081 0.132863
vt 0.999050 0.342604
vt 0.939310 0.342604
vt 0.985655 0.132863
vt 0.999050 0.183297
vt 0.939310 0.183297
vt 0.939310 0.183297
vt 0.999050 0.183297
vt 0.999050 0.342604
vt 0.939310 0.342604
vt 0.985655 0.179437
vt 0.999050 0.183297
vt 0.939310 0.183297
vt 0.999050 0.342604
vt 0.939310 0.342604
vt 0.939081 0.179437
vt 0.999050 0.183297
vt 0.939310 0.183297
vt 0.979692 0.781451
vt -0.000781 0.656284
vt 0.998987 0.652658
vt 0.979692 0.844034
vt -0.000781 0.718868
vt 1.000000 0.851064
vt -0.000781 0.844034
vt 0.302823 0.718868
vt 0.000000 0.851064
vt -0.000781 0.781451
vt 0.302823 0.656284
vt 0.001647 0.652658
vt 0.145247 0.656284
vt -0.000781 0.718868
vt 0.998987 0.504118
vt 0.145247 0.718868
vt -0.000781 0.781451
vt 1.000000 1.000000
vt 0.979692 0.718868
vt 0.156795 0.656284
vt 0.001647 0.504118
vt 0.979692 0.781451
vt 0.156795 0.718868
vt 0.000000 1.000000
vt 0.980127 0.103062
vt 0.000000 0.089593
vt 0.000512 0.312903
vt 0.905875 0.089593
vt 0.906387 0.312903
vt 0.949641 0.115757
vt 0.906075 0.219937
vt 0.905875 0.025761
vt 0.000200 0.219937
vt 0.000000 0.025761
vt 0.949641 0.103062
vt 0.905875 0.012881
vt 0.000512 0.321630
vt 0.000000 0.012881
vt 0.906387 0.321630
vt 0.958243 0.103062
vt 0.905875 0.121202
vt 0.000512 0.330358
vt 0.000000 0.121202
vt 0.906387 0.330358
vt 0.988729 0.103062
vt 0.000000 0.000000
vt 0.000512 0.321630
vt 0.905875 0.000000
vt 0.906387 0.321630
vt 0.988729 0.115757
vt 0.906075 0.259595
vt 0.000000 0.012881
vt 0.000200 0.259595
vt 0.905875 0.012881
vt 0.942399 0.062186
vt 0.905875 0.034093
vt -0.000122 0.156096
vt 0.996752 0.000413
vt 0.000000 0.034093
vt 0.905753 0.156096
vt 0.995971 0.062186
vt 0.000000 0.048121
vt -0.000122 0.210448
vt 0.905875 0.048121
vt 0.943180 0.000413
vt 0.905753 0.210448
vt 0.995971 0.076013
vt 0.000000 0.062150
vt 0.906075 0.297453
vt 0.905875 0.062150
vt 0.943180 0.014240
vt 0.000200 0.297453
vt 0.980127 0.076013
vt 0.000000 0.062150
vt 0.906075 0.281378
vt 0.959024 0.014240
vt 0.905875 0.062150
vt 0.000200 0.281378
vt 0.958243 0.076013
vt 0.905875 0.093759
vt 0.906075 0.312903
vt 0.980908 0.014240
vt 0.000000 0.093759
vt 0.000200 0.312903
vt 0.942399 0.076013
vt 0.905875 0.048121
vt 0.906075 0.296828
vt 0.996752 0.014240
vt 0.000000 0.048121
vt 0.000200 0.296828
vt 0.949641 0.103062
vt 0.905875 0.012881
vt 0.000512 0.321630
vt 0.989510 0.041289
vt 0.000000 0.012881
vt 0.906387 0.321630
vt 0.949641 0.115757
vt 0.906075 0.219937
vt 0.905875 0.025761
vt 0.989510 0.053985
vt 0.000200 0.219937
vt 0.000000 0.025761
vt 0.980127 0.103062
vt 0.000000 0.089593
vt 0.000512 0.312903
vt 0.959024 0.041289
vt 0.905875 0.089593
vt 0.906387 0.312903
vt 0.958243 0.103062
vt 0.905875 0.121202
vt 0.000512 0.330358
vt 0.980908 0.041289
vt 0.000000 0.121202
vt 0.906387 0.330358
vt 0.988729 0.115757
vt 0.906075 0.259595
vt 0.000000 0.012881
vt 0.950422 0.053985
vt 0.000200 0.259595
vt 0.905875 0.012881
vt 0.988729 0.103062
vt 0.000000 0.000000
vt 0.000512 0.321630
vt 0.950422 0.041289
vt 0.905875 0.000000
vt 0.906387 0.321630
vt 0.995971 0.076013
vt 0.000000 0.062150
vt 0.906075 0.297453
vt 0.905875 0.062150
vt 0.000200 0.297453
vt 0.995971 0.062186
vt 0.000000 0.048121
vt -0.000122 0.210448
vt 0.905875 0.048121
vt 0.905753 0.210448
vt 0.958243 0.076013
vt 0.905875 0.093759
vt 0.906075 0.312903
vt 0.000000 0.093759
vt 0.000200 0.312903
vt 0.980127 0.076013
vt 0.000000 0.062150
vt 0.906075 0.281378
vt 0.905875 0.062150
vt 0.000200 0.281378
vt 0.942399 0.062186
vt 0.905875 0.034093
vt -0.000122 0.156096
vt 0.000000 0.034093
vt 0.905753 0.156096
vt 0.942399 0.076013
vt 0.905875 0.048121
vt 0.906075 0.296828
vt 0.000000 0.048121
vt 0.000200 0.296828
vt 0.999050 0.183297
vt 0.939310 0.183297
vt 0.999050 0.342604
vt 0.939310 0.342604
vt 0.985655 0.132863
vt 0.939310 0.342604
vt 0.999050 0.342604
vt 0.939081 0.132863
vt 0.939310 0.183297
vt 0.999050 0.183297
vt 0.999050 0.183297
vt 0.939310 0.183297
vt 0.999050 0.342604
vt 0.939310 0.342604
vt 0.985655 0.179437
vt 0.999050 0.183297
vt 0.939310 0.183297
vt 0.999050 0.342604
vt 0.939310 0.342604
vt 0.939081 0.179437
vt 0.939310 0.342604
vt 0.999050 0.342604
vt 0.939081 0.132863
vt 0.999050 0.342604
vt 0.939310 0.342604
vt 0.985655 0.132863
vt 0.999050 0.183297
vt 0.939310 0.183297
vt 0.939310 0.183297
vt 0.999050 0.183297
vt 0.999050 0.342604
vt 0.939310 0.342604
vt 0.985655 0.179437
vt 0.999050 0.183297
vt 0.939310 0.183297
vt 0.999050 0.342604
vt 0.939310 0.342604
vt 0.939081 0.179437
vt 0.999050 0.183297
vt 0.939310 0.183297
vt 0.979692 0.781451
vt -0.000781 0.656284
vt 0.998987 0.652658
vt 0.979692 0.844034
vt -0.000781 0.718868
vt 1.000000 0.851064
vt -0.000781 0.844034
vt 0.302823 0.718868
vt 0.000000 0.851064
vt -0.000781 0.781451
vt 0.302823 0.656284
vt 0.001647 0.652658
vt 0.145247 0.656284
vt -0.000781 0.718868
vt 0.998987 0.504118
vt 0.145247 0.718868
vt -0.000781 0.781451
vt 1.000000 1.000000
vt 0.979692 0.718868
vt 0.156795 0.656284
vt 0.001647 0.504118
vt 0.979692 0.781451
vt 0.156795 0.718868
vt 0.000000 1.000000
vt 0.980127 0.103062
vt 0.000000 0.089593
vt 0.000512 0.312903
vt 0.905875 0.089593
vt 0.906387 0.312903
vt 0.949641 0.115757
vt 0.906075 0.219937
vt 0.905875 0.025761
vt 0.000200 0.219937
vt 0.000000 0.025761
vt 0.949641 0.103062
vt 0.905875 0.012881
vt 0.000512 0.321630
vt 0.000000 0.012881
vt 0.906387 0.321630
vt 0.958243 0.103062
vt 0.905875 0.121202
vt 0.000512 0.330358
vt 0.000000 0.121202
vt 0.906387 0.330358
vt 0.988729 0.103062
vt 0.000000 0.000000
vt 0.000512 0.321630
vt 0.905875 0.000000
vt 0.906387 0.321630
vt 0.988729 0.115757
vt 0.906075 0.259595
vt 0.000000 0.012881
vt 0.000200 0.259595
vt 0.905875 0.012881
vt 0.942399 0.062186
vt 0.905875 0.034093
vt -0.000122 0.156096
vt 0.996752 0.000413
vt 0.000000 0.034093
vt 0.905753 0.156096
vt 0.995971 0.062186
vt 0.000000 0.048121
vt -0.000122 0.210448
vt 0.905875 0.048121
vt 0.943180 0.000413
vt 0.905753 0.210448
vt 0.995971 0.076013
vt 0.000000 0.062150
vt 0.906075 0.297453
vt 0.905875 0.062150
vt 0.943180 0.014240
vt 0.000200 0.297453
vt 0.980127 0.076013
vt 0.000000 0.062150
vt 0.906075 0.281378
vt 0.959024 0.014240
vt 0.905875 0.062150
vt 0.000200 0.281378
vt 0.958243 0.076013
vt 0.905875 0.093759
vt 0.906075 0.312903
vt 0.980908 0.014240
vt 0.000000 0.093759
vt 0.000200 0.312903
vt 0.942399 0.076013
vt 0.905875 0.048121
vt 0.906075 0.296828
vt 0.996752 0.014240
vt 0.000000 0.048121
vt 0.000200 0.296828
vt 0.949641 0.103062
vt 0.905875 0.012881
vt 0.000512 0.321630
vt 0.989510 0.041289
vt 0.000000 0.012881
vt 0.906387 0.321630
vt 0.949641 0.115757
vt 0.906075 0.219937
vt 0.905875 0.025761
vt 0.989510 0.053985
vt 0.000200 0.219937
vt 0.000000 0.025761
vt 0.980127 0.103062
vt 0.000000 0.089593
vt 0.000512 0.312903
vt 0.959024 0.041289
vt 0.905875 0.089593
vt 0.906387 0.312903
vt 0.958243 0.103062
vt 0.905875 0.121202
vt 0.000512 0.330358
vt 0.980908 0.041289
vt 0.000000 0.121202
vt 0.906387 0.330358
vt 0.988729 0.115757
vt 0.906075 0.259595
vt 0.000000 0.012881
vt 0.950422 0.053985
vt 0.000200 0.259595
vt 0.905875 0.012881
vt 0.988729 0.103062
vt 0.000000 0.000000
vt 0.000512 0.321630
vt 0.950422 0.041289
vt 0.905875 0.000000
vt 0.906387 0.321630
vt 0.995971 0.076013
vt 0.000000 0.062150
vt 0.906075 0.297453
vt 0.905875 0.062150
vt 0.000200 0.297453
vt 0.995971 0.062186
vt 0.000000 0.048121
vt -0.000122 0.210448
vt 0.905875 0.048121
vt 0.905753 0.210448
vt 0.958243 0.076013
vt 0.905875 0.093759
vt 0.906075 0.312903
vt 0.000000 0.093759
vt 0.000200 0.312903
vt 0.980127 0.076013
vt 0.000000 0.062150
vt 0.906075 0.281378
vt 0.905875 0.062150
vt 0.000200 0.281378
vt 0.942399 0.062186
vt 0.905875 0.034093
vt -0.000122 0.156096
vt 0.000000 0.034093
vt 0.905753 0.156096
vt 0.942399 0.076013
vt 0.905875 0.048121
vt 0.906075 0.296828
vt 0.000000 0.048121
vt 0.000200 0.296828
vt 0.999050 0.183297
vt 0.939310 0.183297
vt 0.999050 0.342604
vt 0.939310 0.342604
vt 0.985655 0.132863
vt 0.939310 0.342604
vt 0.999050 0.342604
vt 0.939081 0.132863
vt 0.939310 0.183297
vt 0.999050 0.183297
vt 0.999050 0.183297
vt 0.939310 0.183297
vt 0.999050 0.342604
vt 0.939310 0.342604
vt 0.985655 0.179437
vt 0.999050 0.183297
vt 0.939310 0.183297
vt 0.999050 0.342604
vt 0.939310 0.342604
vt 0.939081 0.179437
vt 0.939310 0.342604
vt 0.999050 0.342604
vt 0.939081 0.132863
vt 0.999050 0.342604
vt 0.939310 0.342604
vt 0.985655 0.132863
vt 0.999050 0.183297
vt 0.939310 0.183297
vt 0.939310 0.183297
vt 0.999050 0.183297
vt 0.999050 0.342604
vt 0.939310 0.342604
vt 0.985655 0.179437
vt 0.999050 0.183297
vt 0.939310 0.183297
vt 0.999050 0.342604
vt 0.939310 0.342604
vt 0.939081 0.179437
vt 0.999050 0.183297
vt 0.939310 0.183297
vt 0.979692 0.781451
vt -0.000781 0.656284
vt 0.998987 0.652658
vt 0.979692 0.844034
vt -0.000781 0.718868
vt 1.000000 0.851064
vt -0.000781 0.844034
vt 0.302823 0.718868
vt 0.000000 0.851064
vt -0.000781 0.781451
vt 0.302823 0.656284
vt 0.001647 0.652658
vt 0.145247 0.656284
vt -0.000781 0.718868
vt 0.998987 0.504118
vt 0.145247 0.718868
vt -0.000781 0.781451
vt 1.000000 1.000000
vt 0.979692 0.718868
vt 0.156795 0.656284
vt 0.001647 0.504118
vt 0.979692 0.781451
vt 0.156795 0.718868
vt 0.000000 1.000000
vt 0.980127 0.103062
vt 0.000000 0.089593
vt 0.000512 0.312903
vt 0.905875 0.089593
vt 0.906387 0.312903
vt 0.949641 0.115757
vt 0.906075 0.219937
vt 0.905875 0.025761
vt 0.000200 0.219937
vt 0.000000 0.025761
vt 0.949641 0.103062
vt 0.905875 0.012881
vt 0.000512 0.321630
vt 0.000000 0.012881
vt 0.906387 0.321630
vt 0.958243 0.103062
vt 0.905875 0.121202
vt 0.000512 0.330358
vt 0.000000 0.121202
vt 0.906387 0.330358
vt 0.988729 0.103062
vt 0.000000 0.000000
vt 0.000512 0.321630
vt 0.905875 0.000000
vt 0.906387 0.321630
vt 0.988729 0.115757
vt 0.906075 0.259595
vt 0.000000 0.012881
vt 0.000200 0.259595
vt 0.905875 0.012881
vt 0.942399 0.062186
vt 0.905875 0.034093
vt -0.000122 0.156096
vt 0.996752 0.000413
vt 0.000000 0.034093
vt 0.905753 0.156096
vt 0.995971 0.062186
vt 0.000000 0.048121
vt -0.000122 0.210448
vt 0.905875 0.048121
vt 0.943180 0.000413
vt 0.905753 0.210448
vt 0.995971 0.076013
vt 0.000000 0.062150
vt 0.906075 0.297453
vt 0.905875 0.062150
vt 0.943180 0.014240
vt 0.000200 0.297453
vt 0.980127 0.076013
vt 0.000000 0.062150
vt 0.906075 0.281378
vt 0.959024 0.014240
vt 0.905875 0.062150
vt 0.000200 0.281378
vt 0.958243 0.076013
vt 0.905875 0.093759
vt 0.906075 0.312903
vt 0.980908 0.014240
vt 0.000000 0.093759
vt 0.000200 0.312903
vt 0.942399 0.076013
vt 0.905875 0.048121
vt 0.906075 0.296828
vt 0.996752 0.014240
vt 0.000000 0.048121
vt 0.000200 0.296828
vt 0.949641 0.103062
vt 0.905875 0.012881
vt 0.000512 0.321630
vt 0.989510 0.041289
vt 0.000000 0.012881
vt 0.906387 0.321630
vt 0.949641 0.115757
vt 0.906075 0.219937
vt 0.905875 0.025761
vt 0.989510 0.053985
vt 0.000200 0.219937
vt 0.000000 0.025761
vt 0.980127 0.103062
vt 0.000000 0.089593
vt 0.000512 0.312903
vt 0.959024 0.041289
vt 0.905875 0.089593
vt 0.906387 0.312903
vt 0.958243 0.103062
vt 0.905875 0.121202
vt 0.000512 0.330358
vt 0.980908 0.041289
vt 0.000000 0.121202
vt 0.906387 0.330358
vt 0.988729 0.115757
vt 0.906075 0.259595
vt 0.000000 0.012881
vt 0.950422 0.053985
vt 0.000200 0.259595
vt 0.905875 0.012881
vt 0.988729 0.103062
vt 0.000000 0.000000
vt 0.000512 0.321630
vt 0.950422 0.041289
vt 0.905875 0.000000
vt 0.906387 0.321630
vt 0.995971 0.076013
vt 0.000000 0.062150
vt 0.906075 0.297453
vt 0.905875 0.062150
vt 0.000200 0.297453
vt 0.995971 0.062186
vt 0.000000 0.048121
vt -0.000122 0.210448
vt 0.905875 0.048121
vt 0.905753 0.210448
vt 0.958243 0.076013
vt 0.905875 0.093759
vt 0.906075 0.312903
vt 0.000000 0.093759
vt 0.000200 0.312903
vt 0.980127 0.076013
vt 0.000000 0.062150
vt 0.906075 0.281378
vt 0.905875 0.062150
vt 0.000200 0.281378
vt 0.942399 0.062186
vt 0.905875 0.034093
vt -0.000122 0.156096
vt 0.000000 0.034093
vt 0.905753 0.156096
vt 0.942399 0.076013
vt 0.905875 0.048121
vt 0.906075 0.296828
vt 0.000000 0.048121
vt 0.000200 0.296828
vt 0.999050 0.183297
vt 0.939310 0.183297
vt 0.999050 0.342604
vt 0.939310 0.342604
vt 0.985655 0.132863
vt 0.939310 0.342604
vt 0.999050 0.342604
vt 0.939081 0.132863
vt 0.939310 0.183297
vt 0.999050 0.183297
vt 0.999050 0.183297
vt 0.939310 0.183297
vt 0.999050 0.342604
vt 0.939310 0.342604
vt 0.985655 0.179437
vt 0.999050 0.183297
vt 0.939310 0.183297
vt 0.999050 0.342604
vt 0.939310 0.342604
vt 0.939081 0.179437
vt 0.939310 0.342604
vt 0.999050 0.342604
vt 0.939081 0.132863
vt 0.999050 0.342604
vt 0.939310 0.342604
vt 0.985655 0.132863
vt 0.999050 0.183297
vt 0.939310 0.183297
vt 0.939310 0.183297
vt 0.999050 0.183297
vt 0.999050 0.342604
vt 0.939310 0.342604
vt 0.985655 0.179437
vt 0.999050 0.183297
vt 0.939310 0.183297
vt 0.999050 0.342604
vt 0.939310 0.342604
vt 0.939081 0.179437
vt 0.999050 0.183297
vt 0.939310 0.183297
vt 0.979692 0.781451
vt -0.000781 0.656284
vt 0.998987 0.652658
vt 0.979692 0.844034
vt -0.000781 0.718868
vt 1.000000 0.851064
vt -0.000781 0.844034
vt 0.302823 0.718868
vt 0.000000 0.851064
vt -0.000781 0.781451
vt 0.302823 0.656284
vt 0.001647 0.652658
vt 0.145247 0.656284
vt -0.000781 0.718868
vt 0.998987 0.504118
vt 0.145247 0.718868
vt -0.000781 0.781451
vt 1.000000 1.000000
vt 0.979692 0.718868
vt 0.156795 0.656284
vt 0.001647 0.504118
vt 0.979692 0.781451
vt 0.156795 0.718868
vt 0.000000 1.000000
vt 0.980127 0.103062
vt 0.000000 0.089593
vt 0.000512 0.312903
vt 0.905875 0.089593
vt 0.906387 0.312903
vt 0.949641 0.115757
vt 0.906075 0.219937
vt 0.905875 0.025761
vt 0.000200 0.219937
vt 0.000000 0.025761
vt 0.949641 0.103062
vt 0.905875 0.012881
vt 0.000512 0.321630
vt 0.000000 0.012881
vt 0.906387 0.321630
vt 0.958243 0.103062
vt 0.905875 0.121202
vt 0.000512 0.330358
vt 0.000000 0.121202
vt 0.906387 0.330358
vt 0.988729 0.103062
vt 0.000000 0.000000
vt 0.000512 0.321630
vt 0.905875 0.000000
vt 0.906387 0.321630
vt 0.988729 0.115757
vt 0.906075 0.259595
vt 0.000000 0.012881
vt 0.000200 0.259595
vt 0.905875 0.012881
vt 0.942399 0.062186
vt 0.905875 0.034093
vt -0.000122 0.156096
vt 0.996752 0.000413
vt 0.000000 0.034093
vt 0.905753 0.156096
vt 0.995971 0.062186
vt 0.000000 0.048121
vt -0.000122 0.210448
vt 0.905875 0.048121
vt 0.943180 0.000413
vt 0.905753 0.210448
vt 0.995971 0.076013
vt 0.000000 0.062150
vt 0.906075 0.297453
vt 0.905875 0.062150
vt 0.943180 0.014240
vt 0.000200 0.297453
vt 0.980127 0.076013
vt 0.000000 0.062150
vt 0.906075 0.281378
vt 0.959024 0.014240
vt 0.905875 0.062150
vt 0.000200 0.281378
vt 0.958243 0.076013
vt 0.905875 0.093759
vt 0.906075 0.312903
vt 0.980908 0.014240
vt 0.000000 0.093759
vt 0.000200 0.312903
vt 0.942399 0.076013
vt 0.905875 0.048121
vt 0.906075 0.296828
vt 0.996752 0.014240
vt 0.000000 0.048121
vt 0.000200 0.296828
vt 0.949641 0.103062
vt 0.905875 0.012881
vt 0.000512 0.321630
vt 0.989510 0.041289
vt 0.000000 0.012881
vt 0.906387 0.321630
vt 0.949641 0.115757
vt 0.906075 0.219937
vt 0.905875 0.025761
vt 0.989510 0.053985
vt 0.000200 0.219937
vt 0.000000 0.025761
vt 0.980127 0.103062
vt 0.000000 0.089593
vt 0.000512 0.312903
vt 0.959024 0.041289
vt 0.905875 0.089593
vt 0.906387 0.312903
vt 0.958243 0.103062
vt 0.905875 0.121202
vt 0.000512 0.330358
vt 0.980908 0.041289
vt 0.000000 0.121202
vt 0.906387 0.330358
vt 0.988729 0.115757
vt 0.906075 0.259595
vt 0.000000 0.012881
vt 0.950422 0.053985
vt 0.000200 0.259595
vt 0.905875 0.012881
vt 0.988729 0.103062
vt 0.000000 0.000000
vt 0.000512 0.321630
vt 0.950422 0.041289
vt 0.905875 0.000000
vt 0.906387 0.321630
vt 0.995971 0.076013
vt 0.000000 0.062150
vt 0.906075 0.297453
vt 0.905875 0.062150
vt 0.000200 0.297453
vt 0.995971 0.062186
vt 0.000000 0.048121
vt -0.000122 0.210448
vt 0.905875 0.048121
vt 0.905753 0.210448
vt 0.958243 0.076013
vt 0.905875 0.093759
vt 0.906075 0.312903
vt 0.000000 0.093759
vt 0.000200 0.312903
vt 0.980127 0.076013
vt 0.000000 0.062150
vt 0.906075 0.281378
vt 0.905875 0.062150
vt 0.000200 0.281378
vt 0.942399 0.062186
vt 0.905875 0.034093
vt -0.000122 0.156096
vt 0.000000 0.034093
vt 0.905753 0.156096
vt 0.942399 0.076013
vt 0.905875 0.048121
vt 0.906075 0.296828
vt 0.000000 0.048121
vt 0.000200 0.296828
vt 0.999050 0.183297
vt 0.939310 0.183297
vt 0.999050 0.342604
vt 0.939310 0.342604
vt 0.985655 0.132863
vt 0.939310 0.342604
vt 0.999050 0.342604
vt 0.939081 0.132863
vt 0.939310 0.183297
vt 0.999050 0.183297
vt 0.999050 0.183297
vt 0.939310 0.183297
vt 0.999050 0.342604
vt 0.939310 0.342604
vt 0.985655 0.179437
vt 0.999050 0.183297
vt 0.939310 0.183297
vt 0.999050 0.342604
vt 0.939310 0.342604
vt 0.939081 0.179437
vt 0.939310 0.342604
vt 0.999050 0.342604
vt 0.939081 0.132863
vt 0.999050 0.342604
vt 0.939310 0.342604
vt 0.985655 0.132863
vt 0.999050 0.183297
vt 0.939310 0.183297
vt 0.939310 0.183297
vt 0.999050 0.183297
vt 0.999050 0.342604
vt 0.939310 0.342604
vt 0.985655 0.179437
vt 0.999050 0.183297
vt 0.939310 0.183297
vt 0.999050 0.342604
vt 0.939310 0.342604
vt 0.939081 0.179437
vt 0.999050 0.183297
vt 0.939310 0.183297
vt 0.979692 0.781451
vt -0.000781 0.656284
vt 0.998987 0.652658
vt 0.979692 0.844034
vt -0.000781 0.718868
vt 1.000000 0.851064
vt -0.000781 0.844034
vt 0.302823 0.718868
vt 0.000000 0.851064
vt -0.000781 0.781451
vt 0.302823 0.656284
vt 0.001647 0.652658
vt 0.145247 0.656284
vt -0.000781 0.718868
vt 0.998987 0.504118
vt 0.145247 0.718868
vt -0.000781 0.781451
vt 1.000000 1.000000
vt 0.979692 0.718868
vt 0.156795 0.656284
vt 0.001647 0.504118
vt 0.979692 0.781451
vt 0.156795 0.718868
vt 0.000000 1.000000
vt 0.980127 0.103062
vt 0.000000 0.089593
vt 0.000512 0.312903
vt 0.949641 0.115757
vt 0.906075 0.219937
vt 0.905875 0.025761
vt 0.949641 0.103062
vt 0.905875 0.012881
vt 0.000512 0.321630
vt 0.958243 0.103062
vt 0.905875 0.121202
vt 0.000512 0.330358
vt 0.988729 0.103062
vt 0.000000 0.000000
vt 0.000512 0.321630
vt 0.988729 0.115757
vt 0.906075 0.259595
vt 0.000000 0.012881
vt 0.942399 0.062186
vt 0.905875 0.034093
vt -0.000122 0.156096
vt 0.995971 0.062186
vt 0.000000 0.048121
vt -0.000122 0.210448
vt 0.995971 0.076013
vt 0.000000 0.062150
vt 0.906075 0.297453
vt 0.980127 0.076013
vt 0.000000 0.062150
vt 0.906075 0.281378
vt 0.958243 0.076013
vt 0.905875 0.093759
vt 0.906075 0.312903
vt 0.942399 0.076013
vt 0.905875 0.048121
vt 0.906075 0.296828
vt 0.000512 0.321630
vt 0.905875 0.012881
vt 0.905875 0.025761
vt 0.906075 0.219937
vt 0.000512 0.312903
vt 0.000000 0.089593
vt 0.905875 0.121202
vt 0.000512 0.330358
vt 0.000000 0.012881
vt 0.906075 0.259595
vt 0.000000 0.000000
vt 0.000512 0.321630
vt 0.906075 0.297453
vt 0.000000 0.062150
vt -0.000122 0.210448
vt 0.000000 0.048121
vt 0.905875 0.093759
vt 0.906075 0.312903
vt 0.906075 0.281378
vt 0.000000 0.062150
vt -0.000122 0.156096
vt 0.905875 0.034093
vt 0.906075 0.296828
vt 0.905875 0.048121
vt 0.999050 0.183297
vt 0.939310 0.183297
vt 0.999050 0.342604
vt 0.939310 0.342604
vt 0.985655 0.132863
vt 0.939310 0.342604
vt 0.999050 0.342604
vt 0.939081 0.132863
vt 0.939310 0.183297
vt 0.999050 0.183297
vt 0.999050 0.183297
vt 0.939310 0.183297
vt 0.999050 0.342604
vt 0.939310 0.342604
vt 0.985655 0.179437
vt 0.999050 0.183297
vt 0.939310 0.183297
vt 0.999050 0.342604
vt 0.939310 0.342604
vt 0.939081 0.179437
vt 0.939310 0.342604
vt 0.999050 0.342604
vt 0.939081 0.132863
vt 0.999050 0.342604
vt 0.939310 0.342604
vt 0.985655 0.132863
vt 0.999050 0.183297
vt 0.939310 0.183297
vt 0.939310 0.183297
vt 0.999050 0.183297
vt 0.999050 0.342604
vt 0.939310 0.342604
vt 0.985655 0.179437
vt 0.999050 0.183297
vt 0.939310 0.183297
vt 0.999050 0.342604
vt 0.939310 0.342604
vt 0.939081 0.179437
vt 0.999050 0.183297
vt 0.939310 0.183297
vt 0.979692 0.781451
vt -0.000781 0.656284
vt 0.998987 0.652658
vt 0.979692 0.844034
vt -0.000781 0.718868
vt 1.000000 0.851064
vt -0.000781 0.844034
vt 0.302823 0.718868
vt 0.000000 0.851064
vt -0.000781 0.781451
vt 0.302823 0.656284
vt 0.001647 0.652658
vt 0.145247 0.656284
vt -0.000781 0.718868
vt 0.998987 0.504118
vt 0.145247 0.718868
vt -0.000781 0.781451
vt 1.000000 1.000000
vt 0.979692 0.718868
vt 0.156795 0.656284
vt 0.001647 0.504118
vt 0.979692 0.781451
vt 0.156795 0.718868
vt 0.000000 1.000000
vt 0.949641 0.103062
vt 0.000512 0.321630
vt 0.905875 0.012881
vt 0.949641 0.115757
vt 0.905875 0.025761
vt 0.906075 0.219937
vt 0.000512 0.312903
vt 0.980127 0.103062
vt 0.000000 0.089593
vt 0.905875 0.121202
vt 0.958243 0.103062
vt 0.000512 0.330358
vt 0.000000 0.012881
vt 0.988729 0.115757
vt 0.906075 0.259595
vt 0.000000 0.000000
vt 0.000512 0.321630
vt 0.988729 0.103062
vt 0.906075 0.297453
vt 0.995971 0.076013
vt 0.000000 0.062150
vt 0.995971 0.062186
vt -0.000122 0.210448
vt 0.000000 0.048121
vt 0.905875 0.093759
vt 0.906075 0.312903
vt 0.958243 0.076013
vt 0.906075 0.281378
vt 0.980127 0.076013
vt 0.000000 0.062150
vt 0.942399 0.062186
vt -0.000122 0.156096
vt 0.905875 0.034093
vt 0.906075 0.296828
vt 0.942399 0.076013
vt 0.905875 0.048121
s 1
f 1/1/1 2/6/1 3/11/1 4/16/1
f 2/6/1 1/1/1 5/21/1 6/26/1
f 7/31/1 8/37/1 9/43/1 10/49/1
f 10/49/1 11/55/1 12/61/1 7/31/1
f 4/16/1 11/55/1 10/49/1 1/1/1
f 9/44/2 8/38/2 13/67/2 14/70/2
f 15/73/3 16/76/3 14/71/3 13/68/3
f 13/68/3 17/79/4 18/82/4 15/73/3
f 19/85/4 20/88/3 21/91/5 22/94/4
f 22/94/4 23/97/4 24/100/4 19/85/4
f 16/76/3 15/73/3 20/88/3 19/85/4
f 18/83/6 17/80/6 7/32/6 12/62/6
f 23/98/7 22/95/7 2/7/7 6/27/7
f 13/69/8 8/39/8 7/33/8 17/81/8
f 4/17/6 20/89/6 15/74/6 11/56/6
f 2/8/6 22/96/6 21/92/6 3/12/6
f 20/90/8 4/18/8 3/13/8 21/93/8
f 18/84/7 12/63/7 11/57/7 15/75/7
f 19/86/2 1/2/2 10/50/2 16/77/2
f 23/99/2 6/28/2 5/22/2 24/101/2
f 24/102/8 5/23/8 1/3/8 19/87/8
f 16/78/7 10/51/7 9/45/7 14/72/7
f 25/103/1 26/109/1 27/115/1 28/121/1
f 29/127/1 30/133/1 27/115/1 26/109/1
f 31/139/1 32/144/1 33/149/1 34/154/1
f 35/159/1 36/164/1 33/149/1 32/144/1
f 33/149/1 28/121/1 27/115/1 34/154/1
f 37/169/9 32/145/9 31/140/9 38/172/9
f 39/175/3 37/170/4 40/178/3 41/181/3
f 38/173/4 42/184/4 40/178/3 37/170/4
f 43/187/4 44/190/10 45/193/3 46/196/4
f 47/199/5 48/202/5 45/193/3 44/190/10
f 46/196/4 45/193/3 40/178/3 42/184/4
f 35/160/11 39/176/11 41/182/11 36/165/11
f 26/110/7 47/200/7 44/191/7 29/128/7
f 35/161/8 32/146/8 37/171/8 39/177/8
f 40/179/12 45/194/12 28/122/12 33/150/12
f 48/203/12 47/201/12 26/111/12 25/104/12
f 25/105/8 28/123/8 45/195/8 48/204/8
f 33/151/7 36/166/7 41/183/7 40/180/7
f 34/155/13 27/116/13 46/197/13 42/185/13
f 30/134/13 29/129/13 44/192/13 43/188/13
f 27/117/8 30/135/8 43/189/8 46/198/8
f 31/141/7 34/156/7 42/186/7 38/174/7
f 49/205/14 50/207/14 51/210/14 52/213/14
f 53/215/15 54/217/15 50/208/15 49/206/15
f 55/220/16 56/222/16 54/218/16 53/216/16
f 52/214/17 51/211/17 56/223/17 55/221/17
f 50/209/7 54/219/7 56/224/7 51/212/7
f 57/225/14 58/228/14 59/231/14 60/233/14
f 58/229/18 61/235/18 62/238/18 59/232/18
f 61/236/16 63/240/16 64/243/16 62/239/16
f 63/241/19 57/226/19 60/234/19 64/244/19
f 63/242/7 61/237/7 58/230/7 57/227/7
f 65/245/20 66/248/20 67/251/20 68/254/20
f 69/257/21 70/260/21 66/249/21 65/246/21
f 71/263/22 72/266/22 70/261/22 69/258/22
f 68/255/17 67/252/17 72/267/17 71/264/17
f 66/250/7 70/262/7 72/268/7 67/253/7
f 69/259/8 65/247/8 68/256/8 71/265/8
f 79/299/23 80/305/23 81/311/23 82/319/23
f 82/319/23 83/325/23 84/329/23 79/299/23
f 81/312/24 80/306/24 8/40/24 9/46/24
f 11/58/25 10/52/25 9/47/25 8/41/25
f 8/41/25 7/34/25 12/64/25 11/58/25
f 12/65/26 7/35/26 79/300/26 84/330/26
f 6/29/7 2/9/7 74/274/7 78/294/7
f 8/42/8 80/307/8 79/301/8 7/36/8
f 76/284/26 4/19/26 11/59/26 83/323/26
f 74/275/26 2/10/26 3/14/26 75/279/26
f 4/20/8 76/285/8 75/280/8 3/15/8
f 12/66/7 84/331/7 83/324/7 11/60/7
f 1/4/27 73/269/27 82/317/27 10/53/27
f 6/30/27 78/295/27 77/289/27 5/24/27
f 5/25/8 77/290/8 73/270/8 1/5/8
f 10/54/7 82/318/7 81/313/7 9/48/7
f 85/335/23 86/341/23 87/352/23 88/358/23
f 89/359/23 90/365/23 87/352/23 86/341/23
f 74/276/23 75/281/23 76/286/23 83/325/23
f 82/319/23 73/271/23 77/291/23 78/296/23
f 94/387/28 92/376/28 91/371/28 90/365/28 
f 87/352/28 89/359/28 86/341/28 88/358/28 
f 85/335/28 96/398/28 95/393/28 93/381/28
f 32/147/29 92/376/29 91/371/29 31/142/29
f 30/136/25 29/130/25 28/124/25 27/118/25
f 26/112/25 25/106/25 28/124/25 29/130/25
f 95/393/30 35/162/30 36/167/30 96/398/30
f 86/342/7 26/113/7 29/131/7 89/360/7
f 95/394/8 92/377/8 32/148/8 35/163/8
f 33/152/30 28/125/30 88/353/30 93/382/30
f 25/107/30 26/114/30 86/343/30 85/336/30
f 85/337/8 88/354/8 28/126/8 25/108/8
f 93/383/7 96/399/7 36/168/7 33/153/7
f 94/388/31 87/347/31 27/119/31 34/157/31
f 90/366/31 89/361/31 29/132/31 30/137/31
f 87/348/8 90/367/8 30/138/8 27/120/8
f 91/372/7 94/389/7 34/158/7 31/143/7
f 97/403/32 98/405/32 99/408/32 100/411/32
f 101/413/33 102/415/33 98/406/33 97/404/33
f 103/418/34 104/420/34 102/416/34 101/414/34
f 100/412/35 99/409/35 104/421/35 103/419/35
f 98/407/7 102/417/7 104/422/7 99/410/7
f 105/423/32 106/426/32 107/429/32 108/431/32
f 106/427/36 109/433/36 110/436/36 107/430/36
f 109/434/34 111/438/34 112/441/34 110/437/34
f 111/439/37 105/424/37 108/432/37 112/442/37
f 111/440/7 109/435/7 106/428/7 105/425/7
f 113/443/38 114/446/38 115/449/38 116/452/38
f 117/455/37 118/458/37 114/447/37 113/444/37
f 119/461/39 120/464/39 118/459/39 117/456/39
f 116/453/40 115/450/40 120/465/40 119/462/40
f 114/448/7 118/460/7 120/466/7 115/451/7
f 117/457/8 113/445/8 116/454/8 119/463/8
f 121/467/41 122/472/41 123/477/41 124/482/41
f 122/472/41 121/467/41 125/487/41 126/492/41
f 127/497/41 128/503/41 129/509/41 130/515/41
f 130/515/41 131/521/41 132/527/41 127/497/41
f 124/482/41 131/521/41 130/515/41 121/467/41
f 129/510/42 128/504/42 80/308/42 81/314/42
f 83/326/28 82/320/28 81/315/28 80/309/28
f 80/309/28 79/302/28 84/332/28 83/326/28
f 84/333/43 79/303/43 127/498/43 132/528/43
f 78/297/7 74/277/7 122/473/7 126/493/7
f 80/310/8 128/505/8 127/499/8 79/304/8
f 124/483/43 76/287/43 83/327/43 131/522/43
f 122/474/43 74/278/43 75/282/43 123/478/43
f 76/288/8 124/484/8 123/479/8 75/283/8
f 84/334/7 132/529/7 131/523/7 83/328/7
f 73/272/42 121/468/42 130/516/42 82/321/42
f 78/298/42 126/494/42 125/488/42 77/292/42
f 77/293/8 125/489/8 121/469/8 73/273/8
f 82/322/7 130/517/7 129/511/7 81/316/7
f 133/533/41 134/539/41 135/545/41 136/551/41
f 137/557/41 138/563/41 135/545/41 134/539/41
f 139/569/41 140/574/41 141/579/41 142/584/41
f 143/589/41 144/594/41 141/579/41 140/574/41
f 141/579/41 136/551/41 135/545/41 142/584/41
f 92/378/44 140/575/44 139/570/44 91/373/44
f 90/368/28 89/362/28 88/355/28 87/349/28
f 86/344/28 85/338/28 88/355/28 89/362/28
f 143/590/45 95/395/45 96/400/45 144/595/45
f 134/540/7 86/345/7 89/363/7 137/558/7
f 143/591/8 140/576/8 92/379/8 95/396/8
f 93/384/45 88/356/45 136/552/45 141/580/45
f 85/339/45 86/346/45 134/541/45 133/534/45
f 133/535/8 136/553/8 88/357/8 85/340/8
f 141/581/7 144/596/7 96/401/7 93/385/7
f 142/585/44 135/546/44 87/350/44 94/390/44
f 138/564/44 137/559/44 89/364/44 90/369/44
f 135/547/8 138/565/8 90/370/8 87/351/8
f 139/571/7 142/586/7 94/391/7 91/374/7
f 145/599/46 146/601/46 147/604/46 148/607/46
f 149/609/47 150/611/47 146/602/47 145/600/47
f 151/614/48 152/616/48 150/612/48 149/610/48
f 148/608/49 147/605/49 152/617/49 151/615/49
f 146/603/7 150/613/7 152/618/7 147/606/7
f 153/619/46 154/622/46 155/625/46 156/627/46
f 154/623/50 157/629/50 158/632/50 155/626/50
f 157/630/48 159/634/48 160/637/48 158/633/48
f 159/635/51 153/620/51 156/628/51 160/638/51
f 159/636/7 157/631/7 154/624/7 153/621/7
f 161/639/52 162/642/52 163/645/52 164/648/52
f 165/651/53 166/654/53 162/643/53 161/640/53
f 167/657/54 168/660/54 166/655/54 165/652/54
f 164/649/55 163/646/55 168/661/55 167/658/55
f 162/644/7 166/656/7 168/662/7 163/647/7
f 165/653/8 161/641/8 164/650/8 167/659/8
f 169/663/56 170/668/56 171/673/56 172/678/56
f 170/668/56 169/663/56 173/683/57 174/688/57
f 175/693/57 176/699/56 177/705/56 178/711/56
f 178/711/56 179/717/58 180/723/58 175/693/57
f 172/678/56 179/717/56 178/711/56 169/663/56
f 177/706/59 176/700/59 128/506/59 129/512/59
f 131/524/60 130/518/60 129/513/60 128/507/60
f 128/507/60 127/500/60 132/530/60 131/524/60
f 132/531/61 127/501/61 175/694/61 180/724/61
f 126/495/7 122/475/7 170/669/7 174/689/7
f 128/508/8 176/701/8 175/695/8 127/502/8
f 172/679/61 124/485/61 131/525/61 179/718/61
f 170/670/61 122/476/61 123/480/61 171/674/61
f 124/486/8 172/680/8 171/675/8 123/481/8
f 132/532/7 180/725/7 179/719/7 131/526/7
f 121/470/59 169/664/59 178/712/59 130/519/59
f 126/496/59 174/690/59 173/684/59 125/490/59
f 125/491/8 173/685/8 169/665/8 121/471/8
f 130/520/7 178/713/7 177/707/7 129/514/7
f 181/729/62 182/735/56 183/741/57 184/747/62
f 185/753/57 186/759/57 183/741/57 182/735/56
f 187/765/57 188/770/57 189/775/57 190/780/57
f 191/785/56 192/790/56 189/775/57 188/770/57
f 189/775/57 184/747/57 183/741/57 190/780/57
f 140/577/61 188/771/61 187/766/61 139/572/61
f 138/566/60 137/560/60 136/554/60 135/548/60
f 134/542/60 133/536/60 136/554/60 137/560/60
f 191/786/59 143/592/59 144/597/59 192/791/59
f 182/736/7 134/543/7 137/561/7 185/754/7
f 191/787/8 188/772/8 140/578/8 143/593/8
f 141/582/59 136/555/59 184/748/59 189/776/59
f 133/537/59 134/544/59 182/737/59 181/730/59
f 181/731/8 184/749/8 136/556/8 133/538/8
f 189/777/7 192/792/7 144/598/7 141/583/7
f 190/781/61 183/742/61 135/549/61 142/587/61
f 186/760/61 185/755/61 137/562/61 138/567/61
f 183/743/8 186/761/8 138/568/8 135/550/8
f 187/767/7 190/782/7 142/588/7 139/573/7
f 193/795/63 194/797/63 195/800/63 196/803/63
f 197/805/64 198/807/64 194/798/64 193/796/64
f 199/810/65 200/812/65 198/808/65 197/806/65
f 196/804/66 195/801/66 200/813/66 199/811/66
f 194/799/7 198/809/7 200/814/7 195/802/7
f 201/815/63 202/818/63 203/821/63 204/823/63
f 202/819/67 205/825/67 206/828/67 203/822/67
f 205/826/65 207/830/65 208/833/65 206/829/65
f 207/831/68 201/816/68 204/824/68 208/834/68
f 207/832/7 205/827/7 202/820/7 201/817/7
f 209/835/69 210/838/69 211/841/69 212/844/69
f 213/847/70 214/850/70 210/839/70 209/836/70
f 215/853/71 216/856/71 214/851/71 213/848/71
f 212/845/72 211/842/72 216/857/72 215/854/72
f 210/840/7 214/852/7 216/858/7 211/843/7
f 213/849/8 209/837/8 212/846/8 215/855/8
f 217/859/73 218/864/73 219/869/73 220/874/73
f 218/864/73 217/859/73 221/879/73 222/884/73
f 223/889/73 224/895/73 225/901/73 226/907/73
f 226/907/73 227/913/73 228/919/73 223/889/73
f 220/874/73 227/913/73 226/907/73 217/859/73
f 225/902/74 224/896/74 176/702/74 177/708/74
f 179/720/75 178/714/76 177/709/76 176/703/76
f 176/703/76 175/696/75 180/726/75 179/720/75
f 180/727/77 175/697/77 223/890/77 228/920/77
f 174/691/7 170/671/7 218/865/7 222/885/7
f 176/704/8 224/897/8 223/891/8 175/698/8
f 220/875/77 172/681/77 179/721/77 227/914/77
f 218/866/77 170/672/77 171/676/77 219/870/77
f 172/682/8 220/876/8 219/871/8 171/677/8
f 180/728/7 228/921/7 227/915/7 179/722/7
f 169/666/74 217/860/74 226/908/74 178/715/74
f 174/692/74 222/886/74 221/880/74 173/686/74
f 173/687/8 221/881/8 217/861/8 169/667/8
f 178/716/7 226/909/7 225/903/7 177/710/7
f 229/925/73 230/931/73 231/937/73 232/943/73
f 233/949/73 234/955/73 231/937/73 230/931/73
f 235/961/73 236/966/73 237/971/73 238/976/73
f 239/981/73 240/986/73 237/971/73 236/966/73
f 237/971/73 232/943/73 231/937/73 238/976/73
f 188/773/77 236/967/77 235/962/77 187/768/77
f 186/762/75 185/756/75 184/750/76 183/744/75
f 182/738/76 181/732/76 184/750/76 185/756/75
f 239/982/74 191/788/74 192/793/74 240/987/74
f 230/932/7 182/739/7 185/757/7 233/950/7
f 239/983/8 236/968/8 188/774/8 191/789/8
f 189/778/74 184/751/74 232/944/74 237/972/74
f 181/733/74 182/740/74 230/933/74 229/926/74
f 229/927/8 232/945/8 184/752/8 181/734/8
f 237/973/7 240/988/7 192/794/7 189/779/7
f 238/977/77 231/938/77 183/745/77 190/783/77
f 234/956/77 233/951/77 185/758/77 186/763/77
f 231/939/8 234/957/8 186/764/8 183/746/8
f 235/963/7 238/978/7 190/784/7 187/769/7
f 241/991/78 242/993/78 243/996/78 244/999/78
f 245/1001/79 246/1003/79 242/994/79 241/992/79
f 247/1006/80 248/1008/80 246/1004/80 245/1002/80
f 244/1000/81 243/997/81 248/1009/81 247/1007/81
f 242/995/7 246/1005/7 248/1010/7 243/998/7
f 249/1011/78 250/1014/78 251/1017/78 252/1019/78
f 250/1015/82 253/1021/82 254/1024/82 251/1018/82
f 253/1022/80 255/1026/80 256/1029/80 254/1025/80
f 255/1027/83 249/1012/83 252/1020/83 256/1030/83
f 255/1028/7 253/1023/7 250/1016/7 249/1013/7
f 257/1031/84 258/1034/84 259/1037/84 260/1040/84
f 261/1043/85 262/1046/85 258/1035/85 257/1032/85
f 263/1049/86 264/1052/86 262/1047/86 261/1044/86
f 260/1041/87 259/1038/87 264/1053/87 263/1050/87
f 258/1036/7 262/1048/7 264/1054/7 259/1039/7
f 261/1045/8 257/1033/8 260/1042/8 263/1051/8
f 265/1055/88 266/1060/88 267/1065/88 268/1070/88
f 266/1060/88 265/1055/88 269/1075/88 270/1080/88
f 271/1085/88 272/1091/88 273/1097/88 274/1103/88
f 274/1103/88 275/1109/88 276/1115/88 271/1085/88
f 268/1070/88 275/1109/88 274/1103/88 265/1055/88
f 273/1098/89 272/1092/89 224/898/89 225/904/89
f 227/916/90 226/910/90 225/905/90 224/899/90
f 224/899/90 223/892/90 228/922/90 227/916/90
f 228/923/91 223/893/91 271/1086/91 276/1116/91
f 222/887/7 218/867/7 266/1061/7 270/1081/7
f 224/900/8 272/1093/8 271/1087/8 223/894/8
f 268/1071/91 220/877/91 227/917/91 275/1110/91
f 266/1062/91 218/868/91 219/872/91 267/1066/91
f 220/878/8 268/1072/8 267/1067/8 219/873/8
f 228/924/7 276/1117/7 275/1111/7 227/918/7
f 217/862/89 265/1056/89 274/1104/89 226/911/89
f 222/888/89 270/1082/89 269/1076/89 221/882/89
f 221/883/8 269/1077/8 265/1057/8 217/863/8
f 226/912/7 274/1105/7 273/1099/7 225/906/7
f 277/1121/88 278/1127/88 279/1133/88 280/1139/88
f 281/1145/88 282/1151/88 279/1133/88 278/1127/88
f 283/1157/88 284/1162/88 285/1167/88 286/1172/88
f 287/1177/88 288/1182/88 285/1167/88 284/1162/88
f 285/1167/88 280/1139/88 279/1133/88 286/1172/88
f 236/969/91 284/1163/91 283/1158/91 235/964/91
f 234/958/90 233/952/90 232/946/90 231/940/90
f 230/934/90 229/928/90 232/946/90 233/952/90
f 287/1178/89 239/984/89 240/989/89 288/1183/89
f 278/1128/7 230/935/7 233/953/7 281/1146/7
f 287/1179/8 284/1164/8 236/970/8 239/985/8
f 237/974/89 232/947/89 280/1140/89 285/1168/89
f 229/929/89 230/936/89 278/1129/89 277/1122/89
f 277/1123/8 280/1141/8 232/948/8 229/930/8
f 285/1169/7 288/1184/7 240/990/7 237/975/7
f 286/1173/91 279/1134/91 231/941/91 238/979/91
f 282/1152/91 281/1147/91 233/954/91 234/959/91
f 279/1135/8 282/1153/8 234/960/8 231/942/8
f 283/1159/7 286/1174/7 238/980/7 235/965/7
f 289/1187/92 290/1189/92 291/1192/92 292/1195/92
f 293/1197/93 294/1199/93 290/1190/93 289/1188/93
f 295/1202/94 296/1204/94 294/1200/94 293/1198/94
f 292/1196/95 291/1193/95 296/1205/95 295/1203/95
f 290/1191/7 294/1201/7 296/1206/7 291/1194/7
f 297/1207/96 298/1210/96 299/1213/96 300/1215/96
f 298/1211/97 301/1217/97 302/1220/97 299/1214/97
f 301/1218/94 303/1222/94 304/1225/94 302/1221/94
f 303/1223/98 297/1208/98 300/1216/98 304/1226/98
f 303/1224/7 301/1219/7 298/1212/7 297/1209/7
f 305/1227/99 306/1230/99 307/1233/99 308/1236/99
f 309/1239/100 310/1242/100 306/1231/100 305/1228/100
f 311/1245/101 312/1248/101 310/1243/101 309/1240/101
f 308/1237/102 307/1234/102 312/1249/102 311/1246/102
f 306/1232/7 310/1244/7 312/1250/7 307/1235/7
f 309/1241/8 305/1229/8 308/1238/8 311/1247/8
f 313/1251/103 314/1256/103 315/1261/103 316/1266/104
f 314/1256/103 313/1251/103 317/1271/105 318/1276/105
f 319/1281/103 320/1287/105 321/1293/105 322/1299/105
f 322/1299/105 323/1305/103 324/1311/103 319/1281/103
f 316/1266/104 323/1305/104 322/1299/104 313/1251/103
f 321/1294/106 320/1288/106 272/1094/106 273/1100/106
f 275/1112/107 274/1106/107 273/1101/107 272/1095/107
f 272/1095/107 271/1088/107 276/1118/107 275/1112/107
f 276/1119/108 271/1089/108 319/1282/108 324/1312/108
f 270/1083/7 266/1063/7 314/1257/7 318/1277/7
f 272/1096/8 320/1289/8 319/1283/8 271/1090/8
f 316/1267/108 268/1073/108 275/1113/108 323/1306/108
f 314/1258/108 266/1064/108 267/1068/108 315/1262/108
f 268/1074/8 316/1268/8 315/1263/8 267/1069/8
f 276/1120/7 324/1313/7 323/1307/7 275/1114/7
f 265/1058/106 313/1252/106 322/1300/106 274/1107/106
f 270/1084/106 318/1278/106 317/1272/106 269/1078/106
f 269/1079/8 317/1273/8 313/1253/8 265/1059/8
f 274/1108/7 322/1301/7 321/1295/7 273/1102/7
f 325/1317/103 326/1323/103 327/1329/103 328/1335/103
f 329/1341/103 330/1347/103 327/1329/103 326/1323/103
f 331/1353/103 332/1358/103 333/1363/103 334/1368/103
f 335/1373/103 336/1378/103 333/1363/103 332/1358/103
f 333/1363/103 328/1335/103 327/1329/103 334/1368/103
f 284/1165/108 332/1359/108 331/1354/108 283/1160/108
f 282/1154/107 281/1148/107 280/1142/107 279/1136/107
f 278/1130/107 277/1124/107 280/1142/107 281/1148/107
f 335/1374/106 287/1180/106 288/1185/106 336/1379/106
f 326/1324/7 278/1131/7 281/1149/7 329/1342/7
f 335/1375/8 332/1360/8 284/1166/8 287/1181/8
f 285/1170/106 280/1143/106 328/1336/106 333/1364/106
f 277/1125/106 278/1132/106 326/1325/106 325/1318/106
f 325/1319/8 328/1337/8 280/1144/8 277/1126/8
f 333/1365/7 336/1380/7 288/1186/7 285/1171/7
f 334/1369/108 327/1330/108 279/1137/108 286/1175/108
f 330/1348/108 329/1343/108 281/1150/108 282/1155/108
f 327/1331/8 330/1349/8 282/1156/8 279/1138/8
f 331/1355/7 334/1370/7 286/1176/7 283/1161/7
f 337/1383/109 338/1385/109 339/1388/109 340/1391/109
f 341/1393/110 342/1395/110 338/1386/110 337/1384/110
f 343/1398/111 344/1400/111 342/1396/111 341/1394/111
f 340/1392/112 339/1389/112 344/1401/112 343/1399/112
f 338/1387/7 342/1397/7 344/1402/7 339/1390/7
f 345/1403/109 346/1406/109 347/1409/109 348/1411/109
f 346/1407/113 349/1413/113 350/1416/113 347/1410/113
f 349/1414/111 351/1418/111 352/1421/111 350/1417/111
f 351/1419/114 345/1404/114 348/1412/114 352/1422/114
f 351/1420/7 349/1415/7 346/1408/7 345/1405/7
f 353/1423/115 354/1426/115 355/1429/115 356/1432/115
f 357/1435/116 358/1438/116 354/1427/116 353/1424/116
f 359/1441/117 360/1444/117 358/1439/117 357/1436/117
f 356/1433/118 355/1430/118 360/1445/118 359/1442/118
f 354/1428/7 358/1440/7 360/1446/7 355/1431/7
f 357/1437/8 353/1425/8 356/1434/8 359/1443/8
f 361/1447/119 362/1452/119 363/1457/119 364/1462/119
f 362/1452/119 361/1447/119 365/1467/119 366/1472/119
f 367/1477/119 368/1483/119 369/1489/119 370/1495/119
f 370/1495/119 371/1501/119 372/1507/119 367/1477/119
f 364/1462/119 371/1501/119 370/1495/119 361/1447/119
f 369/1490/120 368/1484/120 320/1290/120 321/1296/120
f 323/1308/121 322/1302/122 321/1297/122 320/1291/121
f 320/1291/121 319/1284/121 324/1314/121 323/1308/121
f 324/1315/123 319/1285/123 367/1478/123 372/1508/123
f 318/1279/7 314/1259/7 362/1453/7 366/1473/7
f 320/1292/8 368/1485/8 367/1479/8 319/1286/8
f 364/1463/123 316/1269/123 323/1309/123 371/1502/123
f 362/1454/123 314/1260/123 315/1264/123 363/1458/123
f 316/1270/8 364/1464/8 363/1459/8 315/1265/8
f 324/1316/7 372/1509/7 371/1503/7 323/1310/7
f 313/1254/120 361/1448/120 370/1496/120 322/1303/120
f 318/1280/120 366/1474/120 365/1468/120 317/1274/120
f 317/1275/8 365/1469/8 361/1449/8 313/1255/8
f 322/1304/7 370/1497/7 369/1491/7 321/1298/7
f 373/1513/119 374/1519/119 375/1525/119 376/1531/119
f 377/1537/119 378/1543/119 375/1525/119 374/1519/119
f 379/1549/119 380/1554/119 381/1559/119 382/1564/119
f 383/1569/119 384/1574/119 381/1559/119 380/1554/119
f 381/1559/119 376/1531/119 375/1525/119 382/1564/119
f 332/1361/124 380/1555/124 379/1550/124 331/1356/124
f 330/1350/125 329/1344/121 328/1338/121 327/1332/125
f 326/1326/121 325/1320/121 328/1338/121 329/1344/121
f 383/1570/126 335/1376/126 336/1381/126 384/1575/126
f 374/1520/7 326/1327/7 329/1345/7 377/1538/7
f 383/1571/8 380/1556/8 332/1362/8 335/1377/8
f 333/1366/126 328/1339/126 376/1532/126 381/1560/126
f 325/1321/126 326/1328/126 374/1521/126 373/1514/126
f 373/1515/8 376/1533/8 328/1340/8 325/1322/8
f 381/1561/7 384/1576/7 336/1382/7 333/1367/7
f 382/1565/124 375/1526/124 327/1333/124 334/1371/124
f 378/1544/124 377/1539/124 329/1346/124 330/1351/124
f 375/1527/8 378/1545/8 330/1352/8 327/1334/8
f 379/1551/7 382/1566/7 334/1372/7 331/1357/7
f 385/1579/127 386/1581/127 387/1584/127 388/1587/127
f 389/1589/128 390/1591/128 386/1582/128 385/1580/128
f 391/1594/129 392/1596/129 390/1592/129 389/1590/129
f 388/1588/130 387/1585/130 392/1597/130 391/1595/130
f 386/1583/7 390/1593/7 392/1598/7 387/1586/7
f 393/1599/131 394/1602/131 395/1605/131 396/1607/131
f 394/1603/132 397/1609/132 398/1612/132 395/1606/132
f 397/1610/129 399/1614/129 400/1617/129 398/1613/129
f 399/1615/133 393/1600/133 396/1608/133 400/1618/133
f 399/1616/7 397/1611/7 394/1604/7 393/1601/7
f 401/1619/134 402/1622/134 403/1625/134 404/1628/134
f 405/1631/135 406/1634/135 402/1623/135 401/1620/135
f 407/1637/136 408/1640/136 406/1635/136 405/1632/136
f 404/1629/137 403/1626/137 408/1641/137 407/1638/137
f 402/1624/7 406/1636/7 408/1642/7 403/1627/7
f 405/1633/8 401/1621/8 404/1630/8 407/1639/8
f 409/1643/138 410/1648/138 411/1653/138 412/1658/138
f 410/1648/138 409/1643/138 413/1663/139 414/1668/139
f 415/1673/138 416/1679/138 417/1685/138 418/1691/138
f 418/1691/138 419/1697/138 420/1703/138 415/1673/138
f 412/1658/138 419/1697/138 418/1691/138 409/1643/138
f 417/1686/140 416/1680/140 368/1486/140 369/1492/140
f 371/1504/141 370/1498/141 369/1493/141 368/1487/141
f 368/1487/141 367/1480/141 372/1510/141 371/1504/141
f 372/1511/142 367/1481/142 415/1674/142 420/1704/142
f 366/1475/7 362/1455/7 410/1649/7 414/1669/7
f 368/1488/8 416/1681/8 415/1675/8 367/1482/8
f 412/1659/142 364/1465/142 371/1505/142 419/1698/142
f 410/1650/142 362/1456/142 363/1460/142 411/1654/142
f 364/1466/8 412/1660/8 411/1655/8 363/1461/8
f 372/1512/7 420/1705/7 419/1699/7 371/1506/7
f 361/1450/140 409/1644/140 418/1692/140 370/1499/140
f 366/1476/140 414/1670/140 413/1664/140 365/1470/140
f 365/1471/8 413/1665/8 409/1645/8 361/1451/8
f 370/1500/7 418/1693/7 417/1687/7 369/1494/7
f 421/1709/143 422/1715/138 423/1721/138 424/1727/143
f 425/1733/138 426/1739/138 423/1721/138 422/1715/138
f 427/1745/138 428/1750/138 429/1755/138 430/1760/138
f 431/1765/138 432/1770/138 429/1755/138 428/1750/138
f 429/1755/138 424/1727/138 423/1721/138 430/1760/138
f 380/1557/142 428/1751/142 427/1746/142 379/1552/142
f 378/1546/141 377/1540/141 376/1534/141 375/1528/141
f 374/1522/141 373/1516/141 376/1534/141 377/1540/141
f 431/1766/140 383/1572/140 384/1577/140 432/1771/140
f 422/1716/7 374/1523/7 377/1541/7 425/1734/7
f 431/1767/8 428/1752/8 380/1558/8 383/1573/8
f 381/1562/140 376/1535/140 424/1728/140 429/1756/140
f 373/1517/140 374/1524/140 422/1717/140 421/1710/140
f 421/1711/8 424/1729/8 376/1536/8 373/1518/8
f 429/1757/7 432/1772/7 384/1578/7 381/1563/7
f 430/1761/142 423/1722/142 375/1529/142 382/1567/142
f 426/1740/142 425/1735/142 377/1542/142 378/1547/142
f 423/1723/8 426/1741/8 378/1548/8 375/1530/8
f 427/1747/7 430/1762/7 382/1568/7 379/1553/7
f 433/1775/144 434/1777/144 435/1780/144 436/1783/144
f 437/1785/145 438/1787/145 434/1778/145 433/1776/145
f 439/1790/146 440/1792/146 438/1788/146 437/1786/146
f 436/1784/147 435/1781/147 440/1793/147 439/1791/147
f 434/1779/7 438/1789/7 440/1794/7 435/1782/7
f 441/1795/144 442/1798/144 443/1801/144 444/1803/144
f 442/1799/148 445/1805/148 446/1808/148 443/1802/148
f 445/1806/146 447/1810/146 448/1813/146 446/1809/146
f 447/1811/149 441/1796/149 444/1804/149 448/1814/149
f 447/1812/7 445/1807/7 442/1800/7 441/1797/7
f 449/1815/150 450/1818/150 451/1821/150 452/1824/150
f 453/1827/151 454/1830/151 450/1819/151 449/1816/151
f 455/1833/152 456/1836/152 454/1831/152 453/1828/152
f 452/1825/147 451/1822/147 456/1837/147 455/1834/147
f 450/1820/7 454/1832/7 456/1838/7 451/1823/7
f 453/1829/8 449/1817/8 452/1826/8 455/1835/8
f 457/1839/153 458/1844/153 459/1849/153 460/1854/153
f 458/1844/153 457/1839/153 461/1859/153 462/1864/153
f 463/1869/153 464/1875/153 465/1881/153 466/1887/153
f 466/1887/153 467/1893/153 468/1899/153 463/1869/153
f 460/1854/153 467/1893/153 466/1887/153 457/1839/153
f 465/1882/154 464/1876/154 416/1682/154 417/1688/154
f 419/1700/155 418/1694/155 417/1689/155 416/1683/155
f 416/1683/155 415/1676/155 420/1706/155 419/1700/155
f 420/1707/156 415/1677/156 463/1870/156 468/1900/156
f 414/1671/7 410/1651/7 458/1845/7 462/1865/7
f 416/1684/8 464/1877/8 463/1871/8 415/1678/8
f 460/1855/156 412/1661/156 419/1701/156 467/1894/156
f 458/1846/156 410/1652/156 411/1656/156 459/1850/156
f 412/1662/8 460/1856/8 459/1851/8 411/1657/8
f 420/1708/7 468/1901/7 467/1895/7 419/1702/7
f 409/1646/154 457/1840/154 466/1888/154 418/1695/154
f 414/1672/154 462/1866/154 461/1860/154 413/1666/154
f 413/1667/8 461/1861/8 457/1841/8 409/1647/8
f 418/1696/7 466/1889/7 465/1883/7 417/1690/7
f 469/1905/153 470/1911/153 471/1917/153 472/1923/153
f 473/1929/153 474/1935/153 471/1917/153 470/1911/153
f 475/1941/153 476/1946/153 477/1951/153 478/1956/153
f 479/1961/153 480/1966/153 477/1951/153 476/1946/153
f 477/1951/153 472/1923/153 471/1917/153 478/1956/153
f 428/1753/157 476/1947/157 475/1942/157 427/1748/157
f 426/1742/158 425/1736/155 424/1730/155 423/1724/158
f 422/1718/155 421/1712/155 424/1730/155 425/1736/155
f 479/1962/159 431/1768/159 432/1773/159 480/1967/159
f 470/1912/7 422/1719/7 425/1737/7 473/1930/7
f 479/1963/8 476/1948/8 428/1754/8 431/1769/8
f 429/1758/159 424/1731/159 472/1924/159 477/1952/159
f 421/1713/159 422/1720/159 470/1913/159 469/1906/159
f 469/1907/8 472/1925/8 424/1732/8 421/1714/8
f 477/1953/7 480/1968/7 432/1774/7 429/1759/7
f 478/1957/157 471/1918/157 423/1725/157 430/1763/157
f 474/1936/157 473/1931/157 425/1738/157 426/1743/157
f 471/1919/8 474/1937/8 426/1744/8 423/1726/8
f 475/1943/7 478/1958/7 430/1764/7 427/1749/7
f 481/1971/160 482/1973/160 483/1976/160 484/1979/160
f 485/1981/161 486/1983/161 482/1974/161 481/1972/161
f 487/1986/162 488/1988/162 486/1984/162 485/1982/162
f 484/1980/163 483/1977/163 488/1989/163 487/1987/163
f 482/1975/7 486/1985/7 488/1990/7 483/1978/7
f 489/1991/164 490/1994/164 491/1997/164 492/1999/164
f 490/1995/165 493/2001/165 494/2004/165 491/1998/165
f 493/2002/162 495/2006/162 496/2009/162 494/2005/162
f 495/2007/161 489/1992/161 492/2000/161 496/2010/161
f 495/2008/7 493/2003/7 490/1996/7 489/1993/7
f 497/2011/166 498/2014/166 499/2017/166 500/2020/166
f 501/2023/167 502/2026/167 498/2015/167 497/2012/167
f 503/2029/168 504/2032/168 502/2027/168 501/2024/168
f 500/2021/169 499/2018/169 504/2033/169 503/2030/169
f 498/2016/7 502/2028/7 504/2034/7 499/2019/7
f 501/2025/8 497/2013/8 500/2022/8 503/2031/8
f 505/2035/170 506/2040/170 507/2045/170 508/2050/170
f 506/2040/170 505/2035/170 509/2055/170 510/2060/170
f 511/2065/170 512/2071/170 513/2077/170 514/2083/170
f 514/2083/170 515/2089/170 516/2095/170 511/2065/170
f 508/2050/170 515/2089/170 514/2083/170 505/2035/170
f 513/2078/171 512/2072/171 464/1878/171 465/1884/171
f 467/1896/172 466/1890/172 465/1885/172 464/1879/172
f 464/1879/172 463/1872/172 468/1902/172 467/1896/172
f 468/1903/173 463/1873/173 511/2066/173 516/2096/173
f 462/1867/7 458/1847/7 506/2041/7 510/2061/7
f 464/1880/8 512/2073/8 511/2067/8 463/1874/8
f 508/2051/174 460/1857/174 467/1897/174 515/2090/174
f 506/2042/173 458/1848/173 459/1852/173 507/2046/173
f 460/1858/8 508/2052/8 507/2047/8 459/1853/8
f 468/1904/7 516/2097/7 515/2091/7 467/1898/7
f 457/1842/171 505/2036/171 514/2084/171 466/1891/171
f 462/1868/171 510/2062/171 509/2056/171 461/1862/171
f 461/1863/8 509/2057/8 505/2037/8 457/1843/8
f 466/1892/7 514/2085/7 513/2079/7 465/1886/7
f 517/2101/175 518/2107/170 519/2113/170 520/2119/175
f 521/2125/170 522/2131/170 519/2113/170 518/2107/170
f 523/2137/176 524/2142/177 525/2147/170 526/2152/177
f 527/2157/170 528/2162/170 525/2147/170 524/2142/177
f 525/2147/170 520/2119/170 519/2113/170 526/2152/177
f 476/1949/178 524/2143/178 523/2138/178 475/1944/178
f 474/1938/172 473/1932/172 472/1926/172 471/1920/172
f 470/1914/172 469/1908/172 472/1926/172 473/1932/172
f 527/2158/179 479/1964/179 480/1969/179 528/2163/179
f 518/2108/7 470/1915/7 473/1933/7 521/2126/7
f 527/2159/8 524/2144/8 476/1950/8 479/1965/8
f 477/1954/179 472/1927/179 520/2120/179 525/2148/179
f 469/1909/179 470/1916/179 518/2109/179 517/2102/179
f 517/2103/8 520/2121/8 472/1928/8 469/1910/8
f 525/2149/7 528/2164/7 480/1970/7 477/1955/7
f 526/2153/178 519/2114/178 471/1921/178 478/1959/178
f 522/2132/178 521/2127/178 473/1934/178 474/1939/178
f 519/2115/8 522/2133/8 474/1940/8 471/1922/8
f 523/2139/7 526/2154/7 478/1960/7 475/1945/7
f 529/2167/180 530/2169/180 531/2172/180 532/2175/180
f 533/2177/179 534/2179/179 530/2170/179 529/2168/179
f 535/2182/181 536/2184/181 534/2180/181 533/2178/181
f 532/2176/178 531/2173/178 536/2185/178 535/2183/178
f 530/2171/7 534/2181/7 536/2186/7 531/2174/7
f 537/2187/182 538/2190/182 539/2193/182 540/2195/182
f 538/2191/173 541/2197/173 542/2200/173 539/2194/173
f 541/2198/181 543/2202/181 544/2205/181 542/2201/181
f 543/2203/171 537/2188/171 540/2196/171 544/2206/171
f 543/2204/7 541/2199/7 538/2192/7 537/2189/7
f 545/2207/183 546/2210/183 547/2213/183 548/2216/183
f 549/2219/171 550/2222/171 546/2211/171 545/2208/171
f 551/2225/184 552/2228/184 550/2223/184 549/2220/184
f 548/2217/178 547/2214/178 552/2229/178 551/2226/178
f 546/2212/7 550/2224/7 552/2230/7 547/2215/7
f 549/2221/8 545/2209/8 548/2218/8 551/2227/8
f 553/2231/185 554/2236/185 555/2241/185 556/2246/185
f 554/2236/185 553/2231/185 557/2251/185 558/2256/185
f 559/2261/185 560/2267/185 561/2273/185 562/2279/185
f 562/2279/185 563/2285/185 564/2291/185 559/2261/185
f 556/2246/185 563/2285/185 562/2279/185 553/2231/185
f 561/2274/186 560/2268/186 512/2074/186 513/2080/186
f 515/2092/187 514/2086/187 513/2081/187 512/2075/187
f 512/2075/187 511/2068/187 516/2098/187 515/2092/187
f 516/2099/188 511/2069/188 559/2262/188 564/2292/188
f 510/2063/7 506/2043/7 554/2237/7 558/2257/7
f 512/2076/8 560/2269/8 559/2263/8 511/2070/8
f 556/2247/188 508/2053/188 515/2093/188 563/2286/188
f 554/2238/188 506/2044/188 507/2048/188 555/2242/188
f 508/2054/8 556/2248/8 555/2243/8 507/2049/8
f 516/2100/7 564/2293/7 563/2287/7 515/2094/7
f 505/2038/189 553/2232/189 562/2280/189 514/2087/189
f 510/2064/189 558/2258/189 557/2252/189 509/2058/189
f 509/2059/8 557/2253/8 553/2233/8 505/2039/8
f 514/2088/7 562/2281/7 561/2275/7 513/2082/7
f 565/2297/185 566/2303/185 567/2309/185 568/2315/185
f 569/2321/185 570/2327/185 567/2309/185 566/2303/185
f 571/2333/185 572/2338/185 573/2343/185 574/2348/185
f 575/2353/185 576/2358/185 573/2343/185 572/2338/185
f 573/2343/185 568/2315/185 567/2309/185 574/2348/185
f 524/2145/190 572/2339/190 571/2334/190 523/2140/190
f 522/2134/191 521/2128/187 520/2122/187 519/2116/191
f 518/2110/187 517/2104/187 520/2122/187 521/2128/187
f 575/2354/192 527/2160/192 528/2165/192 576/2359/192
f 566/2304/7 518/2111/7 521/2129/7 569/2322/7
f 575/2355/8 572/2340/8 524/2146/8 527/2161/8
f 525/2150/192 520/2123/192 568/2316/192 573/2344/192
f 517/2105/192 518/2112/192 566/2305/192 565/2298/192
f 565/2299/8 568/2317/8 520/2124/8 517/2106/8
f 573/2345/7 576/2360/7 528/2166/7 525/2151/7
f 574/2349/190 567/2310/190 519/2117/190 526/2155/190
f 570/2328/190 569/2323/190 521/2130/190 522/2135/190
f 567/2311/8 570/2329/8 522/2136/8 519/2118/8
f 571/2335/7 574/2350/7 526/2156/7 523/2141/7
f 577/2363/193 578/2365/193 579/2368/193 580/2371/193
f 581/2373/194 582/2375/194 578/2366/194 577/2364/194
f 583/2378/195 584/2380/195 582/2376/195 581/2374/195
f 580/2372/196 579/2369/196 584/2381/196 583/2379/196
f 578/2367/7 582/2377/7 584/2382/7 579/2370/7
f 585/2383/193 586/2386/193 587/2389/193 588/2391/193
f 586/2387/196 589/2393/196 590/2396/196 587/2390/196
f 589/2394/195 591/2398/195 592/2401/195 590/2397/195
f 591/2399/197 585/2384/197 588/2392/197 592/2402/197
f 591/2400/7 589/2395/7 586/2388/7 585/2385/7
f 593/2403/198 594/2406/198 595/2409/198 596/2412/198
f 597/2415/197 598/2418/197 594/2407/197 593/2404/197
f 599/2421/199 600/2424/199 598/2419/199 597/2416/199
f 596/2413/196 595/2410/196 600/2425/196 599/2422/196
f 594/2408/7 598/2420/7 600/2426/7 595/2411/7
f 597/2417/8 593/2405/8 596/2414/8 599/2423/8
f 601/2427/200 602/2432/200 603/2437/200 604/2442/200
f 602/2432/200 601/2427/200 605/2447/200 606/2452/200
f 607/2457/200 608/2463/200 609/2469/200 610/2475/200
f 610/2475/200 611/2481/200 612/2487/200 607/2457/200
f 604/2442/200 611/2481/200 610/2475/200 601/2427/200
f 609/2470/201 608/2464/201 560/2270/201 561/2276/201
f 563/2288/202 562/2282/202 561/2277/202 560/2271/202
f 560/2271/202 559/2264/202 564/2294/202 563/2288/202
f 564/2295/203 559/2265/203 607/2458/203 612/2488/203
f 558/2259/7 554/2239/7 602/2433/7 606/2453/7
f 560/2272/8 608/2465/8 607/2459/8 559/2266/8
f 604/2443/203 556/2249/203 563/2289/203 611/2482/203
f 602/2434/203 554/2240/203 555/2244/203 603/2438/203
f 556/2250/8 604/2444/8 603/2439/8 555/2245/8
f 564/2296/7 612/2489/7 611/2483/7 563/2290/7
f 553/2234/204 601/2428/204 610/2476/204 562/2283/204
f 558/2260/204 606/2454/204 605/2448/204 557/2254/204
f 557/2255/8 605/2449/8 601/2429/8 553/2235/8
f 562/2284/7 610/2477/7 609/2471/7 561/2278/7
f 613/2493/200 614/2499/200 615/2505/200 616/2511/200
f 617/2517/200 618/2523/200 615/2505/200 614/2499/200
f 619/2529/200 620/2534/200 621/2539/200 622/2544/200
f 623/2549/200 624/2554/200 621/2539/200 620/2534/200
f 621/2539/200 616/2511/200 615/2505/200 622/2544/200
f 572/2341/205 620/2535/205 619/2530/205 571/2336/205
f 570/2330/202 569/2324/202 568/2318/202 567/2312/202
f 566/2306/202 565/2300/202 568/2318/202 569/2324/202
f 623/2550/206 575/2356/206 576/2361/206 624/2555/206
f 614/2500/7 566/2307/7 569/2325/7 617/2518/7
f 623/2551/8 620/2536/8 572/2342/8 575/2357/8
f 573/2346/204 568/2319/204 616/2512/204 621/2540/204
f 565/2301/204 566/2308/204 614/2501/204 613/2494/204
f 613/2495/8 616/2513/8 568/2320/8 565/2302/8
f 621/2541/7 624/2556/7 576/2362/7 573/2347/7
f 622/2545/205 615/2506/205 567/2313/205 574/2351/205
f 618/2524/207 617/2519/207 569/2326/207 570/2331/207
f 615/2507/8 618/2525/8 570/2332/8 567/2314/8
f 619/2531/7 622/2546/7 574/2352/7 571/2337/7
f 625/2559/208 626/2561/208 627/2564/208 628/2567/208
f 629/2569/209 630/2571/209 626/2562/209 625/2560/209
f 631/2574/210 632/2576/210 630/2572/210 629/2570/210
f 628/2568/211 627/2565/211 632/2577/211 631/2575/211
f 626/2563/7 630/2573/7 632/2578/7 627/2566/7
f 633/2579/208 634/2582/208 635/2585/208 636/2587/208
f 634/2583/212 637/2589/212 638/2592/212 635/2586/212
f 637/2590/213 639/2594/213 640/2597/213 638/2593/213
f 639/2595/214 633/2580/214 636/2588/214 640/2598/214
f 639/2596/7 637/2591/7 634/2584/7 633/2581/7
f 641/2599/215 642/2602/215 643/2605/215 644/2608/215
f 645/2611/216 646/2614/216 642/2603/216 641/2600/216
f 647/2617/217 648/2620/217 646/2615/217 645/2612/217
f 644/2609/211 643/2606/211 648/2621/211 647/2618/211
f 642/2604/7 646/2616/7 648/2622/7 643/2607/7
f 645/2613/8 641/2601/8 644/2610/8 647/2619/8
f 649/2623/218 650/2628/218 651/2633/219 652/2638/218
f 650/2628/218 649/2623/218 653/2643/218 654/2648/218
f 655/2653/218 656/2659/218 657/2665/218 658/2671/218
f 658/2671/218 659/2677/218 660/2683/218 655/2653/218
f 652/2638/218 659/2677/218 658/2671/218 649/2623/218
f 657/2666/220 656/2660/220 608/2466/220 609/2472/220
f 611/2484/221 610/2478/221 609/2473/221 608/2467/221
f 608/2467/221 607/2460/221 612/2490/221 611/2484/221
f 612/2491/222 607/2461/222 655/2654/222 660/2684/222
f 606/2455/7 602/2435/7 650/2629/7 654/2649/7
f 608/2468/8 656/2661/8 655/2655/8 607/2462/8
f 652/2639/223 604/2445/223 611/2485/223 659/2678/223
f 650/2630/222 602/2436/222 603/2440/222 651/2634/222
f 604/2446/8 652/2640/8 651/2635/8 603/2441/8
f 612/2492/7 660/2685/7 659/2679/7 611/2486/7
f 601/2430/220 649/2624/220 658/2672/220 610/2479/220
f 606/2456/224 654/2650/224 653/2644/224 605/2450/224
f 605/2451/8 653/2645/8 649/2625/8 601/2431/8
f 610/2480/7 658/2673/7 657/2667/7 609/2474/7
f 661/2689/219 662/2695/219 663/2701/218 664/2707/219
f 665/2713/218 666/2719/218 663/2701/218 662/2695/219
f 667/2725/218 668/2730/218 669/2735/218 670/2740/218
f 671/2745/218 672/2750/218 669/2735/218 668/2730/218
f 669/2735/218 664/2707/218 663/2701/218 670/2740/218
f 620/2537/225 668/2731/225 667/2726/225 619/2532/225
f 618/2526/221 617/2520/221 616/2514/221 615/2508/221
f 614/2502/221 613/2496/221 616/2514/221 617/2520/221
f 671/2746/226 623/2552/226 624/2557/226 672/2751/226
f 662/2696/7 614/2503/7 617/2521/7 665/2714/7
f 671/2747/8 668/2732/8 620/2538/8 623/2553/8
f 621/2542/226 616/2515/226 664/2708/226 669/2736/226
f 613/2497/226 614/2504/226 662/2697/226 661/2690/226
f 661/2691/8 664/2709/8 616/2516/8 613/2498/8
f 669/2737/7 672/2752/7 624/2558/7 621/2543/7
f 670/2741/225 663/2702/225 615/2509/225 622/2547/225
f 666/2720/227 665/2715/227 617/2522/227 618/2527/227
f 663/2703/8 666/2721/8 618/2528/8 615/2510/8
f 667/2727/7 670/2742/7 622/2548/7 619/2533/7
f 673/2755/228 674/2757/228 675/2760/228 676/2763/228
f 677/2765/229 678/2767/229 674/2758/229 673/2756/229
f 679/2770/230 680/2772/230 678/2768/230 677/2766/230
f 676/2764/231 675/2761/231 680/2773/231 679/2771/231
f 674/2759/7 678/2769/7 680/2774/7 675/2762/7
f 681/2775/232 682/2778/232 683/2781/232 684/2783/232
f 682/2779/233 685/2785/233 686/2788/233 683/2782/233
f 685/2786/234 687/2790/234 688/2793/234 686/2789/234
f 687/2791/235 681/2776/235 684/2784/235 688/2794/235
f 687/2792/7 685/2787/7 682/2780/7 681/2777/7
f 689/2795/236 690/2798/236 691/2801/236 692/2804/236
f 693/2807/237 694/2810/237 690/2799/237 689/2796/237
f 695/2813/238 696/2816/238 694/2811/238 693/2808/238
f 692/2805/239 691/2802/239 696/2817/239 695/2814/239
f 690/2800/7 694/2812/7 696/2818/7 691/2803/7
f 693/2809/8 689/2797/8 692/2806/8 695/2815/8
f 697/2819/240 698/2824/240 699/2829/240 700/2834/240
f 698/2824/240 697/2819/240 701/2839/240 702/2844/240
f 703/2849/240 704/2855/240 705/2861/240 706/2867/240
f 706/2867/240 707/2873/240 708/2879/240 703/2849/240
f 700/2834/240 707/2873/240 706/2867/240 697/2819/240
f 705/2862/241 704/2856/241 656/2662/241 657/2668/241
f 659/2680/242 658/2674/243 657/2669/243 656/2663/242
f 656/2663/242 655/2656/244 660/2686/244 659/2680/242
f 660/2687/245 655/2657/245 703/2850/245 708/2880/245
f 654/2651/7 650/2631/7 698/2825/7 702/2845/7
f 656/2664/8 704/2857/8 703/2851/8 655/2658/8
f 700/2835/245 652/2641/245 659/2681/245 707/2874/245
f 698/2826/245 650/2632/245 651/2636/245 699/2830/245
f 652/2642/8 700/2836/8 699/2831/8 651/2637/8
f 660/2688/7 708/2881/7 707/2875/7 659/2682/7
f 649/2626/241 697/2820/241 706/2868/241 658/2675/241
f 654/2652/241 702/2846/241 701/2840/241 653/2646/241
f 653/2647/8 701/2841/8 697/2821/8 649/2627/8
f 658/2676/7 706/2869/7 705/2863/7 657/2670/7
f 709/2885/240 710/2891/240 711/2897/240 712/2903/240
f 713/2909/240 714/2915/240 711/2897/240 710/2891/240
f 715/2921/240 716/2926/240 717/2931/240 718/2936/240
f 719/2941/240 720/2946/240 717/2931/240 716/2926/240
f 717/2931/240 712/2903/240 711/2897/240 718/2936/240
f 668/2733/245 716/2927/245 715/2922/245 667/2728/245
f 666/2722/242 665/2716/242 664/2710/244 663/2704/242
f 662/2698/244 661/2692/244 664/2710/244 665/2716/242
f 719/2942/241 671/2748/241 672/2753/241 720/2947/241
f 710/2892/7 662/2699/7 665/2717/7 713/2910/7
f 719/2943/8 716/2928/8 668/2734/8 671/2749/8
f 669/2738/241 664/2711/241 712/2904/241 717/2932/241
f 661/2693/241 662/2700/241 710/2893/241 709/2886/241
f 709/2887/8 712/2905/8 664/2712/8 661/2694/8
f 717/2933/7 720/2948/7 672/2754/7 669/2739/7
f 718/2937/245 711/2898/245 663/2705/245 670/2743/245
f 714/2916/245 713/2911/245 665/2718/245 666/2723/245
f 711/2899/8 714/2917/8 666/2724/8 663/2706/8
f 715/2923/7 718/2938/7 670/2744/7 667/2729/7
f 721/2951/246 722/2953/246 723/2956/246 724/2959/246
f 725/2961/247 726/2963/247 722/2954/247 721/2952/247
f 727/2966/248 728/2968/248 726/2964/248 725/2962/248
f 724/2960/249 723/2957/249 728/2969/249 727/2967/249
f 722/2955/7 726/2965/7 728/2970/7 723/2958/7
f 729/2971/250 730/2974/250 731/2977/250 732/2979/250
f 730/2975/251 733/2981/251 734/2984/251 731/2978/251
f 733/2982/248 735/2986/248 736/2989/248 734/2985/248
f 735/2987/252 729/2972/252 732/2980/252 736/2990/252
f 735/2988/7 733/2983/7 730/2976/7 729/2973/7
f 737/2991/253 738/2994/253 739/2997/253 740/3000/253
f 741/3003/254 742/3006/254 738/2995/254 737/2992/254
f 743/3009/255 744/3012/255 742/3007/255 741/3004/255
f 740/3001/256 739/2998/256 744/3013/256 743/3010/256
f 738/2996/7 742/3008/7 744/3014/7 739/2999/7
f 741/3005/8 737/2993/8 740/3002/8 743/3011/8
f 745/3015/257 746/3020/257 747/3025/257 748/3030/257
f 746/3020/257 745/3015/257 749/3035/258 750/3040/258
f 751/3045/257 752/3051/259 753/3057/259 754/3063/258
f 754/3063/258 755/3069/257 756/3075/257 751/3045/257
f 748/3030/257 755/3069/257 754/3063/257 745/3015/257
f 753/3058/260 752/3052/260 704/2858/260 705/2864/260
f 707/2876/261 706/2870/261 705/2865/261 704/2859/261
f 704/2859/261 703/2852/261 708/2882/261 707/2876/261
f 708/2883/262 703/2853/262 751/3046/262 756/3076/262
f 702/2847/7 698/2827/7 746/3021/7 750/3041/7
f 704/2860/8 752/3053/8 751/3047/8 703/2854/8
f 748/3031/262 700/2837/262 707/2877/262 755/3070/262
f 746/3022/262 698/2828/262 699/2832/262 747/3026/262
f 700/2838/8 748/3032/8 747/3027/8 699/2833/8
f 708/2884/7 756/3077/7 755/3071/7 707/2878/7
f 697/2822/260 745/3016/260 754/3064/260 706/2871/260
f 702/2848/260 750/3042/260 749/3036/260 701/2842/260
f 701/2843/8 749/3037/8 745/3017/8 697/2823/8
f 706/2872/7 754/3065/7 753/3059/7 705/2866/7
f 757/3081/257 758/3087/257 759/3093/258 760/3099/257
f 761/3105/258 762/3111/258 759/3093/258 758/3087/257
f 763/3117/257 764/3122/257 765/3127/257 766/3132/257
f 767/3137/257 768/3142/257 765/3127/257 764/3122/257
f 765/3127/257 760/3099/257 759/3093/257 766/3132/257
f 716/2929/262 764/3123/262 763/3118/262 715/2924/262
f 714/2918/261 713/2912/261 712/2906/261 711/2900/261
f 710/2894/261 709/2888/261 712/2906/261 713/2912/261
f 767/3138/260 719/2944/260 720/2949/260 768/3143/260
f 758/3088/7 710/2895/7 713/2913/7 761/3106/7
f 767/3139/8 764/3124/8 716/2930/8 719/2945/8
f 717/2934/260 712/2907/260 760/3100/260 765/3128/260
f 709/2889/260 710/2896/260 758/3089/260 757/3082/260
f 757/3083/8 760/3101/8 712/2908/8 709/2890/8
f 765/3129/7 768/3144/7 720/2950/7 717/2935/7
f 766/3133/263 759/3094/263 711/2901/263 718/2939/263
f 762/3112/262 761/3107/262 713/2914/262 714/2919/262
f 759/3095/8 762/3113/8 714/2920/8 711/2902/8
f 763/3119/7 766/3134/7 718/2940/7 715/2925/7
f 769/3147/264 770/3149/264 771/3152/264 772/3155/264
f 773/3157/265 774/3159/265 770/3150/265 769/3148/265
f 775/3162/266 776/3164/266 774/3160/266 773/3158/266
f 772/3156/267 771/3153/267 776/3165/267 775/3163/267
f 770/3151/7 774/3161/7 776/3166/7 771/3154/7
f 777/3167/264 778/3170/264 779/3173/264 780/3175/264
f 778/3171/268 781/3177/268 782/3180/268 779/3174/268
f 781/3178/266 783/3182/266 784/3185/266 782/3181/266
f 783/3183/269 777/3168/269 780/3176/269 784/3186/269
f 783/3184/7 781/3179/7 778/3172/7 777/3169/7
f 785/3187/270 786/3190/270 787/3193/270 788/3196/270
f 789/3199/271 790/3202/271 786/3191/271 785/3188/271
f 791/3205/272 792/3208/272 790/3203/272 789/3200/272
f 788/3197/273 787/3194/273 792/3209/273 791/3206/273
f 786/3192/7 790/3204/7 792/3210/7 787/3195/7
f 789/3201/8 785/3189/8 788/3198/8 791/3207/8
f 793/3211/274 794/3216/274 795/3221/274 796/3226/274
f 794/3216/274 793/3211/274 797/3231/274 798/3236/274
f 799/3241/274 800/3247/274 801/3253/274 802/3259/274
f 802/3259/274 803/3265/275 804/3271/275 799/3241/274
f 796/3226/274 803/3265/276 802/3259/276 793/3211/274
f 801/3254/277 800/3248/277 752/3054/277 753/3060/277
f 755/3072/278 754/3066/278 753/3061/278 752/3055/278
f 752/3055/278 751/3048/279 756/3078/279 755/3072/278
f 756/3079/280 751/3049/280 799/3242/280 804/3272/280
f 750/3043/7 746/3023/7 794/3217/7 798/3237/7
f 752/3056/8 800/3249/8 799/3243/8 751/3050/8
f 796/3227/280 748/3033/280 755/3073/280 803/3266/280
f 794/3218/280 746/3024/280 747/3028/280 795/3222/280
f 748/3034/8 796/3228/8 795/3223/8 747/3029/8
f 756/3080/7 804/3273/7 803/3267/7 755/3074/7
f 745/3018/277 793/3212/277 802/3260/277 754/3067/277
f 750/3044/277 798/3238/277 797/3232/277 749/3038/277
f 749/3039/8 797/3233/8 793/3213/8 745/3019/8
f 754/3068/7 802/3261/7 801/3255/7 753/3062/7
f 805/3277/274 806/3283/274 807/3289/274 808/3295/274
f 809/3301/274 810/3307/274 807/3289/274 806/3283/274
f 811/3313/274 812/3318/274 813/3323/274 814/3328/274
f 815/3333/274 816/3338/274 813/3323/274 812/3318/274
f 813/3323/274 808/3295/274 807/3289/274 814/3328/274
f 764/3125/280 812/3319/280 811/3314/280 763/3120/280
f 762/3114/279 761/3108/279 760/3102/278 759/3096/279
f 758/3090/278 757/3084/278 760/3102/278 761/3108/279
f 815/3334/277 767/3140/277 768/3145/277 816/3339/277
f 806/3284/7 758/3091/7 761/3109/7 809/3302/7
f 815/3335/8 812/3320/8 764/3126/8 767/3141/8
f 765/3130/277 760/3103/277 808/3296/277 813/3324/277
f 757/3085/277 758/3092/277 806/3285/277 805/3278/277
f 805/3279/8 808/3297/8 760/3104/8 757/3086/8
f 813/3325/7 816/3340/7 768/3146/7 765/3131/7
f 814/3329/280 807/3290/280 759/3097/280 766/3135/280
f 810/3308/280 809/3303/280 761/3110/280 762/3115/280
f 807/3291/8 810/3309/8 762/3116/8 759/3098/8
f 811/3315/7 814/3330/7 766/3136/7 763/3121/7
f 817/3343/281 818/3345/281 819/3348/281 820/3351/281
f 821/3353/282 822/3355/282 818/3346/282 817/3344/282
f 823/3358/283 824/3360/283 822/3356/283 821/3354/283
f 820/3352/284 819/3349/284 824/3361/284 823/3359/284
f 818/3347/7 822/3357/7 824/3362/7 819/3350/7
f 825/3363/281 826/3366/281 827/3369/281 828/3371/281
f 826/3367/285 829/3373/285 830/3376/285 827/3370/285
f 829/3374/283 831/3378/283 832/3381/283 830/3377/283
f 831/3379/286 825/3364/286 828/3372/286 832/3382/286
f 831/3380/7 829/3375/7 826/3368/7 825/3365/7
f 833/3383/287 834/3386/287 835/3389/287 836/3392/287
f 837/3395/288 838/3398/288 834/3387/288 833/3384/288
f 839/3401/289 840/3404/289 838/3399/289 837/3396/289
f 836/3393/290 835/3390/290 840/3405/290 839/3402/290
f 834/3388/7 838/3400/7 840/3406/7 835/3391/7
f 837/3397/8 833/3385/8 836/3394/8 839/3403/8
f 841/3407/291 842/3412/292 843/3417/292 844/3422/292
f 842/3412/292 841/3407/291 845/3427/293 846/3432/293
f 847/3437/291 848/3443/291 849/3449/291 850/3455/291
f 850/3455/291 851/3461/291 852/3467/291 847/3437/291
f 844/3422/292 851/3461/292 850/3455/292 841/3407/291
f 849/3450/294 848/3444/294 800/3250/294 801/3256/294
f 803/3268/295 802/3262/296 801/3257/296 800/3251/295
f 800/3251/295 799/3244/295 804/3274/295 803/3268/295
f 804/3275/297 799/3245/297 847/3438/297 852/3468/297
f 798/3239/7 794/3219/7 842/3413/7 846/3433/7
f 800/3252/8 848/3445/8 847/3439/8 799/3246/8
f 844/3423/297 796/3229/297 803/3269/297 851/3462/297
f 842/3414/297 794/3220/297 795/3224/297 843/3418/297
f 796/3230/8 844/3424/8 843/3419/8 795/3225/8
f 804/3276/7 852/3469/7 851/3463/7 803/3270/7
f 793/3214/294 841/3408/294 850/3456/294 802/3263/294
f 798/3240/298 846/3434/298 845/3428/298 797/3234/298
f 797/3235/8 845/3429/8 841/3409/8 793/3215/8
f 802/3264/7 850/3457/7 849/3451/7 801/3258/7
f 853/3473/299 854/3479/301 855/3485/300 856/3491/299
f 857/3497/291 858/3503/291 855/3485/300 854/3479/301
f 859/3509/291 860/3514/291 861/3519/291 862/3524/291
f 863/3529/291 864/3534/291 861/3519/291 860/3514/291
f 861/3519/291 856/3491/291 855/3485/291 862/3524/291
f 812/3321/297 860/3515/297 859/3510/297 811/3316/297
f 810/3310/296 809/3304/295 808/3298/295 807/3292/296
f 806/3286/295 805/3280/295 808/3298/295 809/3304/295
f 863/3530/294 815/3336/294 816/3341/294 864/3535/294
f 854/3480/7 806/3287/7 809/3305/7 857/3498/7
f 863/3531/8 860/3516/8 812/3322/8 815/3337/8
f 813/3326/294 808/3299/294 856/3492/294 861/3520/294
f 805/3281/294 806/3288/294 854/3481/294 853/3474/294
f 853/3475/8 856/3493/8 808/3300/8 805/3282/8
f 861/3521/7 864/3536/7 816/3342/7 813/3327/7
f 862/3525/297 855/3486/297 807/3293/297 814/3331/297
f 858/3504/297 857/3499/297 809/3306/297 810/3311/297
f 855/3487/8 858/3505/8 810/3312/8 807/3294/8
f 859/3511/7 862/3526/7 814/3332/7 811/3317/7
f 865/3539/302 866/3541/302 867/3544/302 868/3547/302
f 869/3549/303 870/3551/303 866/3542/303 865/3540/303
f 871/3554/304 872/3556/304 870/3552/304 869/3550/304
f 868/3548/305 867/3545/305 872/3557/305 871/3555/305
f 866/3543/7 870/3553/7 872/3558/7 867/3546/7
f 873/3559/306 874/3562/306 875/3565/306 876/3567/306
f 874/3563/307 877/3569/307 878/3572/307 875/3566/307
f 877/3570/304 879/3574/304 880/3577/304 878/3573/304
f 879/3575/308 873/3560/308 876/3568/308 880/3578/308
f 879/3576/7 877/3571/7 874/3564/7 873/3561/7
f 881/3579/309 882/3582/309 883/3585/309 884/3588/309
f 885/3591/310 886/3594/310 882/3583/310 881/3580/310
f 887/3597/311 888/3600/311 886/3595/311 885/3592/311
f 884/3589/312 883/3586/312 888/3601/312 887/3598/312
f 882/3584/7 886/3596/7 888/3602/7 883/3587/7
f 885/3593/8 881/3581/8 884/3590/8 887/3599/8
f 889/3603/313 890/3608/315 891/3613/315 892/3618/314
f 890/3608/315 889/3603/313 893/3623/313 894/3628/313
f 895/3633/313 896/3639/313 897/3645/313 898/3651/313
f 898/3651/313 899/3657/313 900/3663/313 895/3633/313
f 892/3618/314 899/3657/313 898/3651/313 889/3603/313
f 897/3646/316 896/3640/316 848/3446/316 849/3452/316
f 851/3464/317 850/3458/317 849/3453/317 848/3447/317
f 848/3447/317 847/3440/317 852/3470/317 851/3464/317
f 852/3471/318 847/3441/318 895/3634/318 900/3664/318
f 846/3435/7 842/3415/7 890/3609/7 894/3629/7
f 848/3448/8 896/3641/8 895/3635/8 847/3442/8
f 892/3619/318 844/3425/318 851/3465/318 899/3658/318
f 890/3610/318 842/3416/318 843/3420/318 891/3614/318
f 844/3426/8 892/3620/8 891/3615/8 843/3421/8
f 852/3472/7 900/3665/7 899/3659/7 851/3466/7
f 841/3410/316 889/3604/316 898/3652/316 850/3459/316
f 846/3436/316 894/3630/316 893/3624/316 845/3430/316
f 845/3431/8 893/3625/8 889/3605/8 841/3411/8
f 850/3460/7 898/3653/7 897/3647/7 849/3454/7
f 901/3669/314 902/3675/314 903/3681/313 904/3687/314
f 905/3693/313 906/3699/313 903/3681/313 902/3675/314
f 907/3705/314 908/3710/314 909/3715/314 910/3720/314
f 911/3725/314 912/3730/314 909/3715/314 908/3710/314
f 909/3715/314 904/3687/314 903/3681/314 910/3720/314
f 860/3517/318 908/3711/318 907/3706/318 859/3512/318
f 858/3506/317 857/3500/317 856/3494/319 855/3488/317
f 854/3482/320 853/3476/320 856/3494/319 857/3500/317
f 911/3726/316 863/3532/316 864/3537/316 912/3731/316
f 902/3676/7 854/3483/7 857/3501/7 905/3694/7
f 911/3727/8 908/3712/8 860/3518/8 863/3533/8
f 861/3522/316 856/3495/316 904/3688/316 909/3716/316
f 853/3477/316 854/3484/316 902/3677/316 901/3670/316
f 901/3671/8 904/3689/8 856/3496/8 853/3478/8
f 909/3717/7 912/3732/7 864/3538/7 861/3523/7
f 910/3721/318 903/3682/318 855/3489/318 862/3527/318
f 906/3700/318 905/3695/318 857/3502/318 858/3507/318
f 903/3683/8 906/3701/8 858/3508/8 855/3490/8
f 907/3707/7 910/3722/7 862/3528/7 859/3513/7
f 913/3735/321 914/3737/321 915/3740/321 916/3743/321
f 917/3745/322 918/3747/322 914/3738/322 913/3736/322
f 919/3750/323 920/3752/323 918/3748/323 917/3746/323
f 916/3744/324 915/3741/324 920/3753/324 919/3751/324
f 914/3739/7 918/3749/7 920/3754/7 915/3742/7
f 921/3755/321 922/3758/321 923/3761/321 924/3763/321
f 922/3759/325 925/3765/325 926/3768/325 923/3762/325
f 925/3766/323 927/3770/323 928/3773/323 926/3769/323
f 927/3771/326 921/3756/326 924/3764/326 928/3774/326
f 927/3772/7 925/3767/7 922/3760/7 921/3757/7
f 929/3775/327 930/3778/327 931/3781/327 932/3784/327
f 933/3787/328 934/3790/328 930/3779/328 929/3776/328
f 935/3793/329 936/3796/329 934/3791/329 933/3788/329
f 932/3785/330 931/3782/330 936/3797/330 935/3794/330
f 930/3780/7 934/3792/7 936/3798/7 931/3783/7
f 933/3789/8 929/3777/8 932/3786/8 935/3795/8
f 937/3799/331 938/3804/331 939/3809/331 940/3814/331
f 938/3804/331 937/3799/331 941/3819/331 942/3824/331
f 943/3829/331 944/3835/331 945/3841/331 946/3847/331
f 946/3847/331 947/3853/331 948/3859/331 943/3829/331
f 940/3814/331 947/3853/331 946/3847/331 937/3799/331
f 945/3842/332 944/3836/332 896/3642/332 897/3648/332
f 899/3660/333 898/3654/333 897/3649/333 896/3643/333
f 896/3643/333 895/3636/333 900/3666/333 899/3660/333
f 900/3667/334 895/3637/334 943/3830/334 948/3860/334
f 894/3631/7 890/3611/7 938/3805/7 942/3825/7
f 896/3644/8 944/3837/8 943/3831/8 895/3638/8
f 940/3815/334 892/3621/334 899/3661/334 947/3854/334
f 938/3806/334 890/3612/334 891/3616/334 939/3810/334
f 892/3622/8 940/3816/8 939/3811/8 891/3617/8
f 900/3668/7 948/3861/7 947/3855/7 899/3662/7
f 889/3606/332 937/3800/332 946/3848/332 898/3655/332
f 894/3632/332 942/3826/332 941/3820/332 893/3626/332
f 893/3627/8 941/3821/8 937/3801/8 889/3607/8
f 898/3656/7 946/3849/7 945/3843/7 897/3650/7
f 949/3865/335 950/3871/331 951/3877/331 952/3883/335
f 953/3889/331 954/3895/331 951/3877/331 950/3871/331
f 955/3901/331 956/3906/331 957/3911/331 958/3916/331
f 959/3921/331 960/3926/331 957/3911/331 956/3906/331
f 957/3911/331 952/3883/331 951/3877/331 958/3916/331
f 908/3713/334 956/3907/334 955/3902/334 907/3708/334
f 906/3702/336 905/3696/333 904/3690/333 903/3684/336
f 902/3678/333 901/3672/333 904/3690/333 905/3696/333
f 959/3922/332 911/3728/332 912/3733/332 960/3927/332
f 950/3872/7 902/3679/7 905/3697/7 953/3890/7
f 959/3923/8 956/3908/8 908/3714/8 911/3729/8
f 909/3718/332 904/3691/332 952/3884/332 957/3912/332
f 901/3673/332 902/3680/332 950/3873/332 949/3866/332
f 949/3867/8 952/3885/8 904/3692/8 901/3674/8
f 957/3913/7 960/3928/7 912/3734/7 909/3719/7
f 958/3917/334 951/3878/334 903/3685/334 910/3723/334
f 954/3896/334 953/3891/334 905/3698/334 906/3703/334
f 951/3879/8 954/3897/8 906/3704/8 903/3686/8
f 955/3903/7 958/3918/7 910/3724/7 907/3709/7
f 961/3931/337 962/3933/337 963/3936/337 964/3939/337
f 965/3941/338 966/3943/338 962/3934/338 961/3932/338
f 967/3946/339 968/3948/339 966/3944/339 965/3942/339
f 964/3940/340 963/3937/340 968/3949/340 967/3947/340
f 962/3935/7 966/3945/7 968/3950/7 963/3938/7
f 969/3951/341 970/3954/341 971/3957/341 972/3959/341
f 970/3955/342 973/3961/342 974/3964/342 971/3958/342
f 973/3962/343 975/3966/343 976/3969/343 974/3965/343
f 975/3967/344 969/3952/344 972/3960/344 976/3970/344
f 975/3968/7 973/3963/7 970/3956/7 969/3953/7
f 977/3971/345 978/3974/345 979/3977/345 980/3980/345
f 981/3983/346 982/3986/346 978/3975/346 977/3972/346
f 983/3989/347 984/3992/347 982/3987/347 981/3984/347
f 980/3981/348 979/3978/348 984/3993/348 983/3990/348
f 978/3976/7 982/3988/7 984/3994/7 979/3979/7
f 981/3985/8 977/3973/8 980/3982/8 983/3991/8
f 985/3995/349 986/4000/349 987/4005/349 988/4010/349
f 986/4000/349 985/3995/349 989/4015/349 990/4020/349
f 991/4025/349 992/4031/349 993/4037/349 994/4043/349
f 994/4043/349 995/4049/350 996/4055/350 991/4025/349
f 988/4010/349 995/4049/349 994/4043/349 985/3995/349
f 993/4038/351 992/4032/351 944/3838/351 945/3844/351
f 947/3856/352 946/3850/352 945/3845/352 944/3839/352
f 944/3839/352 943/3832/352 948/3862/352 947/3856/352
f 948/3863/353 943/3833/353 991/4026/353 996/4056/353
f 942/3827/7 938/3807/7 986/4001/7 990/4021/7
f 944/3840/8 992/4033/8 991/4027/8 943/3834/8
f 988/4011/353 940/3817/353 947/3857/353 995/4050/353
f 986/4002/353 938/3808/353 939/3812/353 987/4006/353
f 940/3818/8 988/4012/8 987/4007/8 939/3813/8
f 948/3864/7 996/4057/7 995/4051/7 947/3858/7
f 937/3802/351 985/3996/351 994/4044/351 946/3851/351
f 942/3828/351 990/4022/351 989/4016/351 941/3822/351
f 941/3823/8 989/4017/8 985/3997/8 937/3803/8
f 946/3852/7 994/4045/7 993/4039/7 945/3846/7
f 997/4061/350 998/4067/349 999/4073/349 1000/4079/350
f 1001/4085/349 1002/4091/349 999/4073/349 998/4067/349
f 1003/4097/349 1004/4102/349 1005/4107/349 1006/4112/349
f 1007/4117/349 1008/4122/349 1005/4107/349 1004/4102/349
f 1005/4107/349 1000/4079/349 999/4073/349 1006/4112/349
f 956/3909/353 1004/4103/353 1003/4098/353 955/3904/353
f 954/3898/354 953/3892/352 952/3886/352 951/3880/354
f 950/3874/352 949/3868/352 952/3886/352 953/3892/352
f 1007/4118/351 959/3924/351 960/3929/351 1008/4123/351
f 998/4068/7 950/3875/7 953/3893/7 1001/4086/7
f 1007/4119/8 1004/4104/8 956/3910/8 959/3925/8
f 957/3914/351 952/3887/351 1000/4080/351 1005/4108/351
f 949/3869/351 950/3876/351 998/4069/351 997/4062/351
f 997/4063/8 1000/4081/8 952/3888/8 949/3870/8
f 1005/4109/7 1008/4124/7 960/3930/7 957/3915/7
f 1006/4113/353 999/4074/353 951/3881/353 958/3919/353
f 1002/4092/353 1001/4087/353 953/3894/353 954/3899/353
f 999/4075/8 1002/4093/8 954/3900/8 951/3882/8
f 1003/4099/7 1006/4114/7 958/3920/7 955/3905/7
f 1009/4127/355 1010/4129/355 1011/4132/355 1012/4135/355
f 1013/4137/356 1014/4139/356 1010/4130/356 1009/4128/356
f 1015/4142/357 1016/4144/357 1014/4140/357 1013/4138/357
f 1012/4136/358 1011/4133/358 1016/4145/358 1015/4143/358
f 1010/4131/7 1014/4141/7 1016/4146/7 1011/4134/7
f 1017/4147/355 1018/4150/355 1019/4153/355 1020/4155/355
f 1018/4151/359 1021/4157/359 1022/4160/359 1019/4154/359
f 1021/4158/360 1023/4162/360 1024/4165/360 1022/4161/360
f 1023/4163/361 1017/4148/361 1020/4156/361 1024/4166/361
f 1023/4164/7 1021/4159/7 1018/4152/7 1017/4149/7
f 1025/4167/362 1026/4170/362 1027/4173/362 1028/4176/362
f 1029/4179/363 1030/4182/363 1026/4171/363 1025/4168/363
f 1031/4185/364 1032/4188/364 1030/4183/364 1029/4180/364
f 1028/4177/365 1027/4174/365 1032/4189/365 1031/4186/365
f 1026/4172/7 1030/4184/7 1032/4190/7 1027/4175/7
f 1029/4181/8 1025/4169/8 1028/4178/8 1031/4187/8
f 1033/4191/366 1034/4196/368 1035/4201/368 1036/4206/367
f 1034/4196/368 1033/4191/366 1037/4211/369 1038/4216/369
f 1039/4221/366 1040/4227/366 1041/4233/366 1042/4239/366
f 1042/4239/366 1043/4245/370 1044/4251/370 1039/4221/366
f 1036/4206/367 1043/4245/371 1042/4239/371 1033/4191/366
f 1041/4234/372 1040/4228/372 992/4034/372 993/4040/372
f 995/4052/373 994/4046/373 993/4041/373 992/4035/373
f 992/4035/373 991/4028/374 996/4058/374 995/4052/373
f 996/4059/375 991/4029/375 1039/4222/375 1044/4252/375
f 990/4023/7 986/4003/7 1034/4197/7 1038/4217/7
f 992/4036/8 1040/4229/8 1039/4223/8 991/4030/8
f 1036/4207/376 988/4013/376 995/4053/376 1043/4246/376
f 1034/4198/376 986/4004/376 987/4008/376 1035/4202/376
f 988/4014/8 1036/4208/8 1035/4203/8 987/4009/8
f 996/4060/7 1044/4253/7 1043/4247/7 995/4054/7
f 985/3998/377 1033/4192/377 1042/4240/377 994/4047/377
f 990/4024/372 1038/4218/372 1037/4212/372 989/4018/372
f 989/4019/8 1037/4213/8 1033/4193/8 985/3999/8
f 994/4048/7 1042/4241/7 1041/4235/7 993/4042/7
f 1045/4257/378 1046/4263/378 1047/4269/378 1048/4275/378
f 1049/4281/366 1050/4287/366 1047/4269/378 1046/4263/378
f 1051/4293/366 1052/4298/366 1053/4303/378 1054/4308/366
f 1055/4313/378 1056/4318/378 1053/4303/378 1052/4298/366
f 1053/4303/378 1048/4275/378 1047/4269/378 1054/4308/366
f 1004/4105/375 1052/4299/375 1051/4294/375 1003/4100/375
f 1002/4094/379 1001/4088/373 1000/4082/373 999/4076/379
f 998/4070/373 997/4064/373 1000/4082/373 1001/4088/373
f 1055/4314/377 1007/4120/377 1008/4125/377 1056/4319/377
f 1046/4264/7 998/4071/7 1001/4089/7 1049/4282/7
f 1055/4315/8 1052/4300/8 1004/4106/8 1007/4121/8
f 1005/4110/377 1000/4083/377 1048/4276/377 1053/4304/377
f 997/4065/377 998/4072/377 1046/4265/377 1045/4258/377
f 1045/4259/8 1048/4277/8 1000/4084/8 997/4066/8
f 1053/4305/7 1056/4320/7 1008/4126/7 1005/4111/7
f 1054/4309/375 1047/4270/375 999/4077/375 1006/4115/375
f 1050/4288/375 1049/4283/375 1001/4090/375 1002/4095/375
f 1047/4271/8 1050/4289/8 1002/4096/8 999/4078/8
f 1051/4295/7 1054/4310/7 1006/4116/7 1003/4101/7
f 1057/4323/380 1058/4325/380 1059/4328/380 1060/4331/380
f 1061/4333/381 1062/4335/381 1058/4326/381 1057/4324/381
f 1063/4338/382 1064/4340/382 1062/4336/382 1061/4334/382
f 1060/4332/383 1059/4329/383 1064/4341/383 1063/4339/383
f 1058/4327/7 1062/4337/7 1064/4342/7 1059/4330/7
f 1065/4343/384 1066/4346/384 1067/4349/384 1068/4351/384
f 1066/4347/385 1069/4353/385 1070/4356/385 1067/4350/385
f 1069/4354/382 1071/4358/382 1072/4361/382 1070/4357/382
f 1071/4359/386 1065/4344/386 1068/4352/386 1072/4362/386
f 1071/4360/7 1069/4355/7 1066/4348/7 1065/4345/7
f 1073/4363/387 1074/4366/387 1075/4369/387 1076/4372/387
f 1077/4375/388 1078/4378/388 1074/4367/388 1073/4364/388
f 1079/4381/389 1080/4384/389 1078/4379/389 1077/4376/389
f 1076/4373/390 1075/4370/390 1080/4385/390 1079/4382/390
f 1074/4368/7 1078/4380/7 1080/4386/7 1075/4371/7
f 1077/4377/8 1073/4365/8 1076/4374/8 1079/4383/8
f 1081/4387/391 1082/4392/391 1083/4397/391 1084/4402/391
f 1082/4392/391 1081/4387/391 1085/4407/391 1086/4412/391
f 1087/4417/391 1088/4423/391 1089/4429/391 1090/4435/391
f 1090/4435/391 1091/4441/392 1092/4447/392 1087/4417/391
f 1084/4402/391 1091/4441/391 1090/4435/391 1081/4387/391
f 1089/4430/393 1088/4424/393 1040/4230/393 1041/4236/393
f 1043/4248/394 1042/4242/395 1041/4237/395 1040/4231/394
f 1040/4231/394 1039/4224/394 1044/4254/394 1043/4248/394
f 1044/4255/396 1039/4225/396 1087/4418/396 1092/4448/396
f 1038/4219/7 1034/4199/7 1082/4393/7 1086/4413/7
f 1040/4232/8 1088/4425/8 1087/4419/8 1039/4226/8
f 1084/4403/396 1036/4209/396 1043/4249/396 1091/4442/396
f 1082/4394/396 1034/4200/396 1035/4204/396 1083/4398/396
f 1036/4210/8 1084/4404/8 1083/4399/8 1035/4205/8
f 1044/4256/7 1092/4449/7 1091/4443/7 1043/4250/7
f 1033/4194/393 1081/4388/393 1090/4436/393 1042/4243/393
f 1038/4220/397 1086/4414/397 1085/4408/397 1037/4214/397
f 1037/4215/8 1085/4409/8 1081/4389/8 1033/4195/8
f 1042/4244/7 1090/4437/7 1089/4431/7 1041/4238/7
f 1093/4453/398 1094/4459/391 1095/4465/391 1096/4471/398
f 1097/4477/391 1098/4483/391 1095/4465/391 1094/4459/391
f 1099/4489/391 1100/4494/391 1101/4499/391 1102/4504/391
f 1103/4509/391 1104/4514/391 1101/4499/391 1100/4494/391
f 1101/4499/391 1096/4471/391 1095/4465/391 1102/4504/391
f 1052/4301/399 1100/4495/399 1099/4490/399 1051/4296/399
f 1050/4290/394 1049/4284/394 1048/4278/400 1047/4272/394
f 1046/4266/400 1045/4260/400 1048/4278/400 1049/4284/394
f 1103/4510/397 1055/4316/397 1056/4321/397 1104/4515/397
f 1094/4460/7 1046/4267/7 1049/4285/7 1097/4478/7
f 1103/4511/8 1100/4496/8 1052/4302/8 1055/4317/8
f 1053/4306/397 1048/4279/397 1096/4472/397 1101/4500/397
f 1045/4261/397 1046/4268/397 1094/4461/397 1093/4454/397
f 1093/4455/8 1096/4473/8 1048/4280/8 1045/4262/8
f 1101/4501/7 1104/4516/7 1056/4322/7 1053/4307/7
f 1102/4505/399 1095/4466/399 1047/4273/399 1054/4311/399
f 1098/4484/399 1097/4479/399 1049/4286/399 1050/4291/399
f 1095/4467/8 1098/4485/8 1050/4292/8 1047/4274/8
f 1099/4491/7 1102/4506/7 1054/4312/7 1051/4297/7
f 1105/4519/401 1106/4521/401 1107/4524/401 1108/4527/401
f 1109/4529/402 1110/4531/402 1106/4522/402 1105/4520/402
f 1111/4534/403 1112/4536/403 1110/4532/403 1109/4530/403
f 1108/4528/404 1107/4525/404 1112/4537/404 1111/4535/404
f 1106/4523/7 1110/4533/7 1112/4538/7 1107/4526/7
f 1113/4539/405 1114/4542/405 1115/4545/405 1116/4547/405
f 1114/4543/406 1117/4549/406 1118/4552/406 1115/4546/406
f 1117/4550/403 1119/4554/403 1120/4557/403 1118/4553/403
f 1119/4555/407 1113/4540/407 1116/4548/407 1120/4558/407
f 1119/4556/7 1117/4551/7 1114/4544/7 1113/4541/7
f 1121/4559/408 1122/4562/408 1123/4565/408 1124/4568/408
f 1125/4571/409 1126/4574/409 1122/4563/409 1121/4560/409
f 1127/4577/410 1128/4580/410 1126/4575/410 1125/4572/410
f 1124/4569/411 1123/4566/411 1128/4581/411 1127/4578/411
f 1122/4564/7 1126/4576/7 1128/4582/7 1123/4567/7
f 1125/4573/8 1121/4561/8 1124/4570/8 1127/4579/8
f 1129/4583/412 1130/4588/413 1131/4593/413 1132/4598/413
f 1130/4588/413 1129/4583/412 1133/4603/412 1134/4608/412
f 1135/4613/412 1136/4619/412 1137/4625/412 1138/4631/412
f 1138/4631/412 1139/4637/412 1140/4643/412 1135/4613/412
f 1132/4598/413 1139/4637/412 1138/4631/412 1129/4583/412
f 1137/4626/414 1136/4620/414 1088/4426/414 1089/4432/414
f 1091/4444/415 1090/4438/416 1089/4433/416 1088/4427/415
f 1088/4427/415 1087/4420/415 1092/4450/415 1091/4444/415
f 1092/4451/417 1087/4421/417 1135/4614/417 1140/4644/417
f 1086/4415/7 1082/4395/7 1130/4589/7 1134/4609/7
f 1088/4428/8 1136/4621/8 1135/4615/8 1087/4422/8
f 1132/4599/417 1084/4405/417 1091/4445/417 1139/4638/417
f 1130/4590/417 1082/4396/417 1083/4400/417 1131/4594/417
f 1084/4406/8 1132/4600/8 1131/4595/8 1083/4401/8
f 1092/4452/7 1140/4645/7 1139/4639/7 1091/4446/7
f 1081/4390/414 1129/4584/414 1138/4632/414 1090/4439/414
f 1086/4416/414 1134/4610/414 1133/4604/414 1085/4410/414
f 1085/4411/8 1133/4605/8 1129/4585/8 1081/4391/8
f 1090/4440/7 1138/4633/7 1137/4627/7 1089/4434/7
f 1141/4649/412 1142/4655/412 1143/4661/412 1144/4667/412
f 1145/4673/418 1146/4679/418 1143/4661/412 1142/4655/412
f 1147/4685/412 1148/4690/412 1149/4695/412 1150/4700/412
f 1151/4705/412 1152/4710/412 1149/4695/412 1148/4690/412
f 1149/4695/412 1144/4667/412 1143/4661/412 1150/4700/412
f 1100/4497/417 1148/4691/417 1147/4686/417 1099/4492/417
f 1098/4486/415 1097/4480/415 1096/4474/415 1095/4468/415
f 1094/4462/415 1093/4456/415 1096/4474/415 1097/4480/415
f 1151/4706/414 1103/4512/414 1104/4517/414 1152/4711/414
f 1142/4656/7 1094/4463/7 1097/4481/7 1145/4674/7
f 1151/4707/8 1148/4692/8 1100/4498/8 1103/4513/8
f 1101/4502/414 1096/4475/414 1144/4668/414 1149/4696/414
f 1093/4457/414 1094/4464/414 1142/4657/414 1141/4650/414
f 1141/4651/8 1144/4669/8 1096/4476/8 1093/4458/8
f 1149/4697/7 1152/4712/7 1104/4518/7 1101/4503/7
f 1150/4701/417 1143/4662/417 1095/4469/417 1102/4507/417
f 1146/4680/417 1145/4675/417 1097/4482/417 1098/4487/417
f 1143/4663/8 1146/4681/8 1098/4488/8 1095/4470/8
f 1147/4687/7 1150/4702/7 1102/4508/7 1099/4493/7
f 1153/4715/419 1154/4717/419 1155/4720/419 1156/4723/419
f 1157/4725/420 1158/4727/420 1154/4718/420 1153/4716/420
f 1159/4730/421 1160/4732/421 1158/4728/421 1157/4726/421
f 1156/4724/422 1155/4721/422 1160/4733/422 1159/4731/422
f 1154/4719/7 1158/4729/7 1160/4734/7 1155/4722/7
f 1161/4735/419 1162/4738/419 1163/4741/419 1164/4743/419
f 1162/4739/423 1165/4745/423 1166/4748/423 1163/4742/423
f 1165/4746/421 1167/4750/421 1168/4753/421 1166/4749/421
f 1167/4751/424 1161/4736/424 1164/4744/424 1168/4754/424
f 1167/4752/7 1165/4747/7 1162/4740/7 1161/4737/7
f 1169/4755/425 1170/4758/425 1171/4761/425 1172/4764/425
f 1173/4767/426 1174/4770/426 1170/4759/426 1169/4756/426
f 1175/4773/427 1176/4776/427 1174/4771/427 1173/4768/427
f 1172/4765/428 1171/4762/428 1176/4777/428 1175/4774/428
f 1170/4760/7 1174/4772/7 1176/4778/7 1171/4763/7
f 1173/4769/8 1169/4757/8 1172/4766/8 1175/4775/8
f 1177/4779/429 1178/4784/430 1179/4789/430 1180/4794/430
f 1178/4784/430 1177/4779/429 1181/4799/431 1182/4804/431
f 1183/4809/432 1184/4815/433 1185/4821/433 1186/4827/431
f 1186/4827/431 1187/4833/432 1188/4839/432 1183/4809/432
f 1180/4794/430 1187/4833/434 1186/4827/434 1177/4779/429
f 1185/4822/435 1184/4816/435 1136/4622/435 1137/4628/435
f 1139/4640/436 1138/4634/437 1137/4629/437 1136/4623/436
f 1136/4623/436 1135/4616/436 1140/4646/436 1139/4640/436
f 1140/4647/438 1135/4617/438 1183/4810/438 1188/4840/438
f 1134/4611/7 1130/4591/7 1178/4785/7 1182/4805/7
f 1136/4624/8 1184/4817/8 1183/4811/8 1135/4618/8
f 1180/4795/438 1132/4601/438 1139/4641/438 1187/4834/438
f 1178/4786/438 1130/4592/438 1131/4596/438 1179/4790/438
f 1132/4602/8 1180/4796/8 1179/4791/8 1131/4597/8
f 1140/4648/7 1188/4841/7 1187/4835/7 1139/4642/7
f 1129/4586/435 1177/4780/435 1186/4828/435 1138/4635/435
f 1134/4612/435 1182/4806/435 1181/4800/435 1133/4606/435
f 1133/4607/8 1181/4801/8 1177/4781/8 1129/4587/8
f 1138/4636/7 1186/4829/7 1185/4823/7 1137/4630/7
f 1189/4845/431 1190/4851/431 1191/4857/431 1192/4863/431
f 1193/4869/431 1194/4875/431 1191/4857/431 1190/4851/431
f 1195/4881/430 1196/4886/430 1197/4891/431 1198/4896/433
f 1199/4901/429 1200/4906/429 1197/4891/431 1196/4886/430
f 1197/4891/431 1192/4863/431 1191/4857/431 1198/4896/433
f 1148/4693/438 1196/4887/438 1195/4882/438 1147/4688/438
f 1146/4682/439 1145/4676/436 1144/4670/436 1143/4664/439
f 1142/4658/436 1141/4652/436 1144/4670/436 1145/4676/436
f 1199/4902/435 1151/4708/435 1152/4713/435 1200/4907/435
f 1190/4852/7 1142/4659/7 1145/4677/7 1193/4870/7
f 1199/4903/8 1196/4888/8 1148/4694/8 1151/4709/8
f 1149/4698/435 1144/4671/435 1192/4864/435 1197/4892/435
f 1141/4653/435 1142/4660/435 1190/4853/435 1189/4846/435
f 1189/4847/8 1192/4865/8 1144/4672/8 1141/4654/8
f 1197/4893/7 1200/4908/7 1152/4714/7 1149/4699/7
f 1198/4897/438 1191/4858/438 1143/4665/438 1150/4703/438
f 1194/4876/438 1193/4871/438 1145/4678/438 1146/4683/438
f 1191/4859/8 1194/4877/8 1146/4684/8 1143/4666/8
f 1195/4883/7 1198/4898/7 1150/4704/7 1147/4689/7
f 1201/4911/440 1202/4913/440 1203/4916/440 1204/4919/440
f 1205/4921/441 1206/4923/441 1202/4914/441 1201/4912/441
f 1207/4926/442 1208/4928/442 1206/4924/442 1205/4922/442
f 1204/4920/443 1203/4917/443 1208/4929/443 1207/4927/443
f 1202/4915/7 1206/4925/7 1208/4930/7 1203/4918/7
f 1209/4931/440 1210/4934/440 1211/4937/440 1212/4939/440
f 1210/4935/444 1213/4941/444 1214/4944/444 1211/4938/444
f 1213/4942/442 1215/4946/442 1216/4949/442 1214/4945/442
f 1215/4947/445 1209/4932/445 1212/4940/445 1216/4950/445
f 1215/4948/7 1213/4943/7 1210/4936/7 1209/4933/7
f 1217/4951/446 1218/4954/446 1219/4957/446 1220/4960/446
f 1221/4963/447 1222/4966/447 1218/4955/447 1217/4952/447
f 1223/4969/448 1224/4972/448 1222/4967/448 1221/4964/448
f 1220/4961/449 1219/4958/449 1224/4973/449 1223/4970/449
f 1218/4956/7 1222/4968/7 1224/4974/7 1219/4959/7
f 1221/4965/8 1217/4953/8 1220/4962/8 1223/4971/8
f 1225/4975/450 1226/4980/450 1227/4985/450 1228/4990/450
f 1226/4980/450 1225/4975/450 1229/4995/450 1230/5000/450
f 1231/5005/450 1232/5011/450 1233/5017/450 1234/5023/450
f 1234/5023/450 1235/5029/450 1236/5035/450 1231/5005/450
f 1228/4990/450 1235/5029/450 1234/5023/450 1225/4975/450
f 1233/5018/451 1232/5012/451 1184/4818/451 1185/4824/451
f 1187/4836/452 1186/4830/453 1185/4825/453 1184/4819/453
f 1184/4819/453 1183/4812/454 1188/4842/454 1187/4836/452
f 1188/4843/455 1183/4813/455 1231/5006/455 1236/5036/455
f 1182/4807/7 1178/4787/7 1226/4981/7 1230/5001/7
f 1184/4820/8 1232/5013/8 1231/5007/8 1183/4814/8
f 1228/4991/455 1180/4797/455 1187/4837/455 1235/5030/455
f 1226/4982/455 1178/4788/455 1179/4792/455 1227/4986/455
f 1180/4798/8 1228/4992/8 1227/4987/8 1179/4793/8
f 1188/4844/7 1236/5037/7 1235/5031/7 1187/4838/7
f 1177/4782/451 1225/4976/451 1234/5024/451 1186/4831/451
f 1182/4808/451 1230/5002/451 1229/4996/451 1181/4802/451
f 1181/4803/8 1229/4997/8 1225/4977/8 1177/4783/8
f 1186/4832/7 1234/5025/7 1233/5019/7 1185/4826/7
f 1237/5041/456 1238/5047/450 1239/5053/450 1240/5059/456
f 1241/5065/450 1242/5071/450 1239/5053/450 1238/5047/450
f 1243/5077/456 1244/5082/450 1245/5087/450 1246/5092/450
f 1247/5097/450 1248/5102/450 1245/5087/450 1244/5082/450
f 1245/5087/450 1240/5059/450 1239/5053/450 1246/5092/450
f 1196/4889/455 1244/5083/455 1243/5078/455 1195/4884/455
f 1194/4878/452 1193/4872/452 1192/4866/452 1191/4860/452
f 1190/4854/452 1189/4848/452 1192/4866/452 1193/4872/452
f 1247/5098/451 1199/4904/451 1200/4909/451 1248/5103/451
f 1238/5048/7 1190/4855/7 1193/4873/7 1241/5066/7
f 1247/5099/8 1244/5084/8 1196/4890/8 1199/4905/8
f 1197/4894/451 1192/4867/451 1240/5060/451 1245/5088/451
f 1189/4849/451 1190/4856/451 1238/5049/451 1237/5042/451
f 1237/5043/8 1240/5061/8 1192/4868/8 1189/4850/8
f 1245/5089/7 1248/5104/7 1200/4910/7 1197/4895/7
f 1246/5093/455 1239/5054/455 1191/4861/455 1198/4899/455
f 1242/5072/455 1241/5067/455 1193/4874/455 1194/4879/455
f 1239/5055/8 1242/5073/8 1194/4880/8 1191/4862/8
f 1243/5079/7 1246/5094/7 1198/4900/7 1195/4885/7
f 1249/5107/457 1250/5109/457 1251/5112/457 1252/5115/457
f 1253/5117/458 1254/5119/458 1250/5110/458 1249/5108/458
f 1255/5122/459 1256/5124/459 1254/5120/459 1253/5118/459
f 1252/5116/460 1251/5113/460 1256/5125/460 1255/5123/460
f 1250/5111/7 1254/5121/7 1256/5126/7 1251/5114/7
f 1257/5127/457 1258/5130/457 1259/5133/457 1260/5135/457
f 1258/5131/461 1261/5137/461 1262/5140/461 1259/5134/461
f 1261/5138/462 1263/5142/462 1264/5145/462 1262/5141/462
f 1263/5143/463 1257/5128/463 1260/5136/463 1264/5146/463
f 1263/5144/7 1261/5139/7 1258/5132/7 1257/5129/7
f 1265/5147/464 1266/5150/464 1267/5153/464 1268/5156/464
f 1269/5159/465 1270/5162/465 1266/5151/465 1265/5148/465
f 1271/5165/466 1272/5168/466 1270/5163/466 1269/5160/466
f 1268/5157/460 1267/5154/460 1272/5169/460 1271/5166/460
f 1266/5152/7 1270/5164/7 1272/5170/7 1267/5155/7
f 1269/5161/8 1265/5149/8 1268/5158/8 1271/5167/8
f 1273/5171/467 1274/5176/468 1275/5181/468 1276/5186/468
f 1274/5176/468 1273/5171/467 1277/5191/469 1278/5196/469
f 1279/5201/467 1280/5207/467 1281/5213/467 1282/5219/467
f 1282/5219/467 1283/5225/470 1284/5231/470 1279/5201/467
f 1276/5186/468 1283/5225/471 1282/5219/471 1273/5171/467
f 1281/5214/472 1280/5208/472 1232/5014/472 1233/5020/472
f 1235/5032/473 1234/5026/474 1233/5021/474 1232/5015/473
f 1232/5015/473 1231/5008/473 1236/5038/473 1235/5032/473
f 1236/5039/475 1231/5009/475 1279/5202/475 1284/5232/475
f 1230/5003/7 1226/4983/7 1274/5177/7 1278/5197/7
f 1232/5016/8 1280/5209/8 1279/5203/8 1231/5010/8
f 1276/5187/475 1228/4993/475 1235/5033/475 1283/5226/475
f 1274/5178/475 1226/4984/475 1227/4988/475 1275/5182/475
f 1228/4994/8 1276/5188/8 1275/5183/8 1227/4989/8
f 1236/5040/7 1284/5233/7 1283/5227/7 1235/5034/7
f 1225/4978/472 1273/5172/472 1282/5220/472 1234/5027/472
f 1230/5004/472 1278/5198/472 1277/5192/472 1229/4998/472
f 1229/4999/8 1277/5193/8 1273/5173/8 1225/4979/8
f 1234/5028/7 1282/5221/7 1281/5215/7 1233/5022/7
f 1285/5237/467 1286/5243/467 1287/5249/476 1288/5255/467
f 1289/5261/476 1290/5267/476 1287/5249/476 1286/5243/467
f 1291/5273/470 1292/5278/467 1293/5283/467 1294/5288/471
f 1295/5293/477 1296/5298/477 1293/5283/467 1292/5278/467
f 1293/5283/467 1288/5255/471 1287/5249/471 1294/5288/471
f 1244/5085/475 1292/5279/475 1291/5274/475 1243/5080/475
f 1242/5074/473 1241/5068/473 1240/5062/473 1239/5056/473
f 1238/5050/473 1237/5044/473 1240/5062/473 1241/5068/473
f 1295/5294/478 1247/5100/478 1248/5105/478 1296/5299/478
f 1286/5244/7 1238/5051/7 1241/5069/7 1289/5262/7
f 1295/5295/8 1292/5280/8 1244/5086/8 1247/5101/8
f 1245/5090/472 1240/5063/472 1288/5256/472 1293/5284/472
f 1237/5045/479 1238/5052/479 1286/5245/479 1285/5238/479
f 1285/5239/8 1288/5257/8 1240/5064/8 1237/5046/8
f 1293/5285/7 1296/5300/7 1248/5106/7 1245/5091/7
f 1294/5289/480 1287/5250/480 1239/5057/480 1246/5095/480
f 1290/5268/475 1289/5263/475 1241/5070/475 1242/5075/475
f 1287/5251/8 1290/5269/8 1242/5076/8 1239/5058/8
f 1291/5275/7 1294/5290/7 1246/5096/7 1243/5081/7
f 1297/5303/481 1298/5305/481 1299/5308/481 1300/5311/481
f 1301/5313/482 1302/5315/482 1298/5306/482 1297/5304/482
f 1303/5318/483 1304/5320/483 1302/5316/483 1301/5314/483
f 1300/5312/484 1299/5309/484 1304/5321/484 1303/5319/484
f 1298/5307/7 1302/5317/7 1304/5322/7 1299/5310/7
f 1305/5323/481 1306/5326/481 1307/5329/481 1308/5331/481
f 1306/5327/485 1309/5333/485 1310/5336/485 1307/5330/485
f 1309/5334/486 1311/5338/486 1312/5341/486 1310/5337/486
f 1311/5339/487 1305/5324/487 1308/5332/487 1312/5342/487
f 1311/5340/7 1309/5335/7 1306/5328/7 1305/5325/7
f 1313/5343/488 1314/5346/488 1315/5349/488 1316/5352/488
f 1317/5355/489 1318/5358/489 1314/5347/489 1313/5344/489
f 1319/5361/490 1320/5364/490 1318/5359/490 1317/5356/490
f 1316/5353/484 1315/5350/484 1320/5365/484 1319/5362/484
f 1314/5348/7 1318/5360/7 1320/5366/7 1315/5351/7
f 1317/5357/8 1313/5345/8 1316/5354/8 1319/5363/8
f 1321/5367/491 1322/5372/491 1323/5377/492 1324/5382/491
f 1322/5372/491 1321/5367/491 1325/5387/493 1326/5392/493
f 1327/5397/491 1328/5403/492 1329/5409/492 1330/5415/492
f 1330/5415/492 1331/5421/493 1332/5427/493 1327/5397/491
f 1324/5382/491 1331/5421/491 1330/5415/491 1321/5367/491
f 1329/5410/494 1328/5404/494 1280/5210/494 1281/5216/494
f 1283/5228/495 1282/5222/496 1281/5217/496 1280/5211/495
f 1280/5211/495 1279/5204/497 1284/5234/497 1283/5228/495
f 1284/5235/498 1279/5205/498 1327/5398/498 1332/5428/498
f 1278/5199/7 1274/5179/7 1322/5373/7 1326/5393/7
f 1280/5212/8 1328/5405/8 1327/5399/8 1279/5206/8
f 1324/5383/498 1276/5189/498 1283/5229/498 1331/5422/498
f 1322/5374/498 1274/5180/498 1275/5184/498 1323/5378/498
f 1276/5190/8 1324/5384/8 1323/5379/8 1275/5185/8
f 1284/5236/7 1332/5429/7 1331/5423/7 1283/5230/7
f 1273/5174/494 1321/5368/494 1330/5416/494 1282/5223/494
f 1278/5200/494 1326/5394/494 1325/5388/494 1277/5194/494
f 1277/5195/8 1325/5389/8 1321/5369/8 1273/5175/8
f 1282/5224/7 1330/5417/7 1329/5411/7 1281/5218/7
f 1333/5433/493 1334/5439/499 1335/5445/499 1336/5451/493
f 1337/5457/499 1338/5463/499 1335/5445/499 1334/5439/499
f 1339/5469/491 1340/5474/491 1341/5479/491 1342/5484/491
f 1343/5489/491 1344/5494/491 1341/5479/491 1340/5474/491
f 1341/5479/491 1336/5451/491 1335/5445/491 1342/5484/491
f 1292/5281/500 1340/5475/500 1339/5470/500 1291/5276/500
f 1290/5270/496 1289/5264/496 1288/5258/497 1287/5252/496
f 1286/5246/497 1285/5240/497 1288/5258/497 1289/5264/496
f 1343/5490/494 1295/5296/494 1296/5301/494 1344/5495/494
f 1334/5440/7 1286/5247/7 1289/5265/7 1337/5458/7
f 1343/5491/8 1340/5476/8 1292/5282/8 1295/5297/8
f 1293/5286/501 1288/5259/501 1336/5452/501 1341/5480/501
f 1285/5241/501 1286/5248/501 1334/5441/501 1333/5434/501
f 1333/5435/8 1336/5453/8 1288/5260/8 1285/5242/8
f 1341/5481/7 1344/5496/7 1296/5302/7 1293/5287/7
f 1342/5485/500 1335/5446/500 1287/5253/500 1294/5291/500
f 1338/5464/500 1337/5459/500 1289/5266/500 1290/5271/500
f 1335/5447/8 1338/5465/8 1290/5272/8 1287/5254/8
f 1339/5471/7 1342/5486/7 1294/5292/7 1291/5277/7
f 1345/5499/502 1346/5501/502 1347/5504/502 1348/5507/502
f 1349/5509/503 1350/5511/503 1346/5502/503 1345/5500/503
f 1351/5514/504 1352/5516/504 1350/5512/504 1349/5510/504
f 1348/5508/505 1347/5505/505 1352/5517/505 1351/5515/505
f 1346/5503/7 1350/5513/7 1352/5518/7 1347/5506/7
f 1353/5519/502 1354/5522/502 1355/5525/502 1356/5527/502
f 1354/5523/505 1357/5529/505 1358/5532/505 1355/5526/505
f 1357/5530/504 1359/5534/504 1360/5537/504 1358/5533/504
f 1359/5535/506 1353/5520/506 1356/5528/506 1360/5538/506
f 1359/5536/7 1357/5531/7 1354/5524/7 1353/5521/7
f 1361/5539/507 1362/5542/507 1363/5545/507 1364/5548/507
f 1365/5551/506 1366/5554/506 1362/5543/506 1361/5540/506
f 1367/5557/508 1368/5560/508 1366/5555/508 1365/5552/508
f 1364/5549/505 1363/5546/505 1368/5561/505 1367/5558/505
f 1362/5544/7 1366/5556/7 1368/5562/7 1363/5547/7
f 1365/5553/8 1361/5541/8 1364/5550/8 1367/5559/8
f 1369/5563/509 1370/5568/510 1371/5573/511 1372/5578/510
f 1370/5568/510 1369/5563/509 1373/5583/509 1374/5588/509
f 1375/5593/509 1376/5599/509 1377/5605/509 1378/5611/509
f 1378/5611/509 1379/5617/509 1380/5623/509 1375/5593/509
f 1372/5578/510 1379/5617/509 1378/5611/509 1369/5563/509
f 1377/5606/512 1376/5600/512 1328/5406/512 1329/5412/512
f 1331/5424/513 1330/5418/514 1329/5413/514 1328/5407/514
f 1328/5407/514 1327/5400/513 1332/5430/513 1331/5424/513
f 1332/5431/515 1327/5401/515 1375/5594/515 1380/5624/515
f 1326/5395/7 1322/5375/7 1370/5569/7 1374/5589/7
f 1328/5408/8 1376/5601/8 1375/5595/8 1327/5402/8
f 1372/5579/515 1324/5385/515 1331/5425/515 1379/5618/515
f 1370/5570/515 1322/5376/515 1323/5380/515 1371/5574/515
f 1324/5386/8 1372/5580/8 1371/5575/8 1323/5381/8
f 1332/5432/7 1380/5625/7 1379/5619/7 1331/5426/7
f 1321/5370/512 1369/5564/512 1378/5612/512 1330/5419/512
f 1326/5396/512 1374/5590/512 1373/5584/512 1325/5390/512
f 1325/5391/8 1373/5585/8 1369/5565/8 1321/5371/8
f 1330/5420/7 1378/5613/7 1377/5607/7 1329/5414/7
f 1381/5629/509 1382/5635/509 1383/5641/509 1384/5647/509
f 1385/5653/509 1386/5659/509 1383/5641/509 1382/5635/509
f 1387/5665/509 1388/5670/509 1389/5675/509 1390/5680/509
f 1391/5685/509 1392/5690/509 1389/5675/509 1388/5670/509
f 1389/5675/509 1384/5647/509 1383/5641/509 1390/5680/509
f 1340/5477/515 1388/5671/515 1387/5666/515 1339/5472/515
f 1338/5466/513 1337/5460/513 1336/5454/516 1335/5448/513
f 1334/5442/517 1333/5436/517 1336/5454/516 1337/5460/513
f 1391/5686/512 1343/5492/512 1344/5497/512 1392/5691/512
f 1382/5636/7 1334/5443/7 1337/5461/7 1385/5654/7
f 1391/5687/8 1388/5672/8 1340/5478/8 1343/5493/8
f 1341/5482/512 1336/5455/512 1384/5648/512 1389/5676/512
f 1333/5437/512 1334/5444/512 1382/5637/512 1381/5630/512
f 1381/5631/8 1384/5649/8 1336/5456/8 1333/5438/8
f 1389/5677/7 1392/5692/7 1344/5498/7 1341/5483/7
f 1390/5681/515 1383/5642/515 1335/5449/515 1342/5487/515
f 1386/5660/515 1385/5655/515 1337/5462/515 1338/5467/515
f 1383/5643/8 1386/5661/8 1338/5468/8 1335/5450/8
f 1387/5667/7 1390/5682/7 1342/5488/7 1339/5473/7
f 1393/5695/518 1394/5697/518 1395/5700/518 1396/5703/518
f 1397/5705/519 1398/5707/519 1394/5698/519 1393/5696/519
f 1399/5710/520 1400/5712/520 1398/5708/520 1397/5706/520
f 1396/5704/521 1395/5701/521 1400/5713/521 1399/5711/521
f 1394/5699/7 1398/5709/7 1400/5714/7 1395/5702/7
f 1401/5715/518 1402/5718/518 1403/5721/518 1404/5723/518
f 1402/5719/522 1405/5725/522 1406/5728/522 1403/5722/522
f 1405/5726/520 1407/5730/520 1408/5733/520 1406/5729/520
f 1407/5731/523 1401/5716/523 1404/5724/523 1408/5734/523
f 1407/5732/7 1405/5727/7 1402/5720/7 1401/5717/7
f 1409/5735/524 1410/5738/524 1411/5741/524 1412/5744/524
f 1413/5747/523 1414/5750/523 1410/5739/523 1409/5736/523
f 1415/5753/525 1416/5756/525 1414/5751/525 1413/5748/525
f 1412/5745/526 1411/5742/526 1416/5757/526 1415/5754/526
f 1410/5740/7 1414/5752/7 1416/5758/7 1411/5743/7
f 1413/5749/8 1409/5737/8 1412/5746/8 1415/5755/8
f 1417/5759/527 1418/5764/528 1419/5769/528 1420/5774/527
f 1418/5764/528 1417/5759/527 1421/5779/528 1422/5784/528
f 1423/5789/529 1424/5795/528 1425/5801/528 1426/5807/528
f 1426/5807/528 1427/5813/530 1428/5819/530 1423/5789/529
f 1420/5774/527 1427/5813/529 1426/5807/529 1417/5759/527
f 1425/5802/531 1424/5796/531 1376/5602/531 1377/5608/531
f 1379/5620/532 1378/5614/532 1377/5609/532 1376/5603/532
f 1376/5603/532 1375/5596/532 1380/5626/532 1379/5620/532
f 1380/5627/533 1375/5597/533 1423/5790/533 1428/5820/533
f 1374/5591/7 1370/5571/7 1418/5765/7 1422/5785/7
f 1376/5604/8 1424/5797/8 1423/5791/8 1375/5598/8
f 1420/5775/533 1372/5581/533 1379/5621/533 1427/5814/533
f 1418/5766/533 1370/5572/533 1371/5576/533 1419/5770/533
f 1372/5582/8 1420/5776/8 1419/5771/8 1371/5577/8
f 1380/5628/7 1428/5821/7 1427/5815/7 1379/5622/7
f 1369/5566/531 1417/5760/531 1426/5808/531 1378/5615/531
f 1374/5592/531 1422/5786/531 1421/5780/531 1373/5586/531
f 1373/5587/8 1421/5781/8 1417/5761/8 1369/5567/8
f 1378/5616/7 1426/5809/7 1425/5803/7 1377/5610/7
f 1429/5825/534 1430/5831/534 1431/5837/534 1432/5843/534
f 1433/5849/534 1434/5855/534 1431/5837/534 1430/5831/534
f 1435/5861/534 1436/5866/528 1437/5871/528 1438/5876/528
f 1439/5881/527 1440/5886/527 1437/5871/528 1436/5866/528
f 1437/5871/528 1432/5843/528 1431/5837/528 1438/5876/528
f 1388/5673/533 1436/5867/533 1435/5862/533 1387/5668/533
f 1386/5662/532 1385/5656/532 1384/5650/532 1383/5644/532
f 1382/5638/532 1381/5632/532 1384/5650/532 1385/5656/532
f 1439/5882/531 1391/5688/531 1392/5693/531 1440/5887/531
f 1430/5832/7 1382/5639/7 1385/5657/7 1433/5850/7
f 1439/5883/8 1436/5868/8 1388/5674/8 1391/5689/8
f 1389/5678/531 1384/5651/531 1432/5844/531 1437/5872/531
f 1381/5633/531 1382/5640/531 1430/5833/531 1429/5826/531
f 1429/5827/8 1432/5845/8 1384/5652/8 1381/5634/8
f 1437/5873/7 1440/5888/7 1392/5694/7 1389/5679/7
f 1438/5877/533 1431/5838/533 1383/5645/533 1390/5683/533
f 1434/5856/533 1433/5851/533 1385/5658/533 1386/5663/533
f 1431/5839/8 1434/5857/8 1386/5664/8 1383/5646/8
f 1435/5863/7 1438/5878/7 1390/5684/7 1387/5669/7
f 1441/5891/535 1442/5893/535 1443/5896/535 1444/5899/535
f 1445/5901/536 1446/5903/536 1442/5894/536 1441/5892/536
f 1447/5906/537 1448/5908/537 1446/5904/537 1445/5902/537
f 1444/5900/538 1443/5897/538 1448/5909/538 1447/5907/538
f 1442/5895/7 1446/5905/7 1448/5910/7 1443/5898/7
f 1449/5911/535 1450/5914/535 1451/5917/535 1452/5919/535
f 1450/5915/533 1453/5921/533 1454/5924/533 1451/5918/533
f 1453/5922/537 1455/5926/537 1456/5929/537 1454/5925/537
f 1455/5927/531 1449/5912/531 1452/5920/531 1456/5930/531
f 1455/5928/7 1453/5923/7 1450/5916/7 1449/5913/7
f 1457/5931/539 1458/5934/539 1459/5937/539 1460/5940/539
f 1461/5943/531 1462/5946/531 1458/5935/531 1457/5932/531
f 1463/5949/540 1464/5952/540 1462/5947/540 1461/5944/540
f 1460/5941/538 1459/5938/538 1464/5953/538 1463/5950/538
f 1458/5936/7 1462/5948/7 1464/5954/7 1459/5939/7
f 1461/5945/8 1457/5933/8 1460/5942/8 1463/5951/8
f 1465/5955/541 1466/5960/543 1467/5965/542 1468/5970/541
f 1466/5960/543 1465/5955/541 1469/5975/543 1470/5980/543
f 1471/5985/541 1472/5991/541 1473/5997/541 1474/6003/541
f 1474/6003/541 1475/6009/541 1476/6015/541 1471/5985/541
f 1468/5970/541 1475/6009/541 1474/6003/541 1465/5955/541
f 1473/5998/544 1472/5992/544 1424/5798/544 1425/5804/544
f 1427/5816/545 1426/5810/547 1425/5805/547 1424/5799/546
f 1424/5799/546 1423/5792/545 1428/5822/545 1427/5816/545
f 1428/5823/548 1423/5793/548 1471/5986/548 1476/6016/548
f 1422/5787/7 1418/5767/7 1466/5961/7 1470/5981/7
f 1424/5800/8 1472/5993/8 1471/5987/8 1423/5794/8
f 1468/5971/548 1420/5777/548 1427/5817/548 1475/6010/548
f 1466/5962/548 1418/5768/548 1419/5772/548 1467/5966/548
f 1420/5778/8 1468/5972/8 1467/5967/8 1419/5773/8
f 1428/5824/7 1476/6017/7 1475/6011/7 1427/5818/7
f 1417/5762/544 1465/5956/544 1474/6004/544 1426/5811/544
f 1422/5788/544 1470/5982/544 1469/5976/544 1421/5782/544
f 1421/5783/8 1469/5977/8 1465/5957/8 1417/5763/8
f 1426/5812/7 1474/6005/7 1473/5999/7 1425/5806/7
f 1477/6021/541 1478/6027/541 1479/6033/541 1480/6039/541
f 1481/6045/541 1482/6051/541 1479/6033/541 1478/6027/541
f 1483/6057/541 1484/6062/541 1485/6067/541 1486/6072/541
f 1487/6077/541 1488/6082/541 1485/6067/541 1484/6062/541
f 1485/6067/541 1480/6039/541 1479/6033/541 1486/6072/541
f 1436/5869/548 1484/6063/548 1483/6058/548 1435/5864/548
f 1434/5858/549 1433/5852/549 1432/5846/549 1431/5840/549
f 1430/5834/549 1429/5828/549 1432/5846/549 1433/5852/549
f 1487/6078/544 1439/5884/544 1440/5889/544 1488/6083/544
f 1478/6028/7 1430/5835/7 1433/5853/7 1481/6046/7
f 1487/6079/8 1484/6064/8 1436/5870/8 1439/5885/8
f 1437/5874/544 1432/5847/544 1480/6040/544 1485/6068/544
f 1429/5829/544 1430/5836/544 1478/6029/544 1477/6022/544
f 1477/6023/8 1480/6041/8 1432/5848/8 1429/5830/8
f 1485/6069/7 1488/6084/7 1440/5890/7 1437/5875/7
f 1486/6073/548 1479/6034/548 1431/5841/548 1438/5879/548
f 1482/6052/548 1481/6047/548 1433/5854/548 1434/5859/548
f 1479/6035/8 1482/6053/8 1434/5860/8 1431/5842/8
f 1483/6059/7 1486/6074/7 1438/5880/7 1435/5865/7
f 1489/6087/550 1490/6089/550 1491/6092/550 1492/6095/550
f 1493/6097/551 1494/6099/551 1490/6090/551 1489/6088/551
f 1495/6102/552 1496/6104/552 1494/6100/552 1493/6098/552
f 1492/6096/553 1491/6093/553 1496/6105/553 1495/6103/553
f 1490/6091/7 1494/6101/7 1496/6106/7 1491/6094/7
f 1497/6107/550 1498/6110/550 1499/6113/550 1500/6115/550
f 1498/6111/554 1501/6117/554 1502/6120/554 1499/6114/554
f 1501/6118/552 1503/6122/552 1504/6125/552 1502/6121/552
f 1503/6123/555 1497/6108/555 1500/6116/555 1504/6126/555
f 1503/6124/7 1501/6119/7 1498/6112/7 1497/6109/7
f 1505/6127/556 1506/6130/556 1507/6133/556 1508/6136/556
f 1509/6139/555 1510/6142/555 1506/6131/555 1505/6128/555
f 1511/6145/557 1512/6148/557 1510/6143/557 1509/6140/557
f 1508/6137/553 1507/6134/553 1512/6149/553 1511/6146/553
f 1506/6132/7 1510/6144/7 1512/6150/7 1507/6135/7
f 1509/6141/8 1505/6129/8 1508/6138/8 1511/6147/8
f 1513/6151/558 1514/6156/558 1515/6161/560 1516/6166/559
f 1514/6156/558 1513/6151/558 1517/6171/561 1518/6176/561
f 1519/6181/559 1520/6187/560 1521/6193/560 1522/6199/560
f 1522/6199/560 1523/6205/559 1524/6211/559 1519/6181/559
f 1516/6166/559 1523/6205/559 1522/6199/559 1513/6151/558
f 1521/6194/562 1520/6188/562 1472/5994/562 1473/6000/562
f 1475/6012/563 1474/6006/563 1473/6001/563 1472/5995/563
f 1472/5995/563 1471/5988/563 1476/6018/563 1475/6012/563
f 1476/6019/564 1471/5989/564 1519/6182/564 1524/6212/564
f 1470/5983/7 1466/5963/7 1514/6157/7 1518/6177/7
f 1472/5996/8 1520/6189/8 1519/6183/8 1471/5990/8
f 1516/6167/564 1468/5973/564 1475/6013/564 1523/6206/564
f 1514/6158/564 1466/5964/564 1467/5968/564 1515/6162/564
f 1468/5974/8 1516/6168/8 1515/6163/8 1467/5969/8
f 1476/6020/7 1524/6213/7 1523/6207/7 1475/6014/7
f 1465/5958/562 1513/6152/562 1522/6200/562 1474/6007/562
f 1470/5984/562 1518/6178/562 1517/6172/562 1469/5978/562
f 1469/5979/8 1517/6173/8 1513/6153/8 1465/5959/8
f 1474/6008/7 1522/6201/7 1521/6195/7 1473/6002/7
f 1525/6217/558 1526/6223/558 1527/6229/558 1528/6235/558
f 1529/6241/558 1530/6247/558 1527/6229/558 1526/6223/558
f 1531/6253/559 1532/6258/559 1533/6263/558 1534/6268/559
f 1535/6273/565 1536/6278/565 1533/6263/558 1532/6258/559
f 1533/6263/558 1528/6235/558 1527/6229/558 1534/6268/559
f 1484/6065/564 1532/6259/564 1531/6254/564 1483/6060/564
f 1482/6054/566 1481/6048/563 1480/6042/563 1479/6036/566
f 1478/6030/563 1477/6024/563 1480/6042/563 1481/6048/563
f 1535/6274/562 1487/6080/562 1488/6085/562 1536/6279/562
f 1526/6224/7 1478/6031/7 1481/6049/7 1529/6242/7
f 1535/6275/8 1532/6260/8 1484/6066/8 1487/6081/8
f 1485/6070/562 1480/6043/562 1528/6236/562 1533/6264/562
f 1477/6025/562 1478/6032/562 1526/6225/562 1525/6218/562
f 1525/6219/8 1528/6237/8 1480/6044/8 1477/6026/8
f 1533/6265/7 1536/6280/7 1488/6086/7 1485/6071/7
f 1534/6269/564 1527/6230/564 1479/6037/564 1486/6075/564
f 1530/6248/564 1529/6243/564 1481/6050/564 1482/6055/564
f 1527/6231/8 1530/6249/8 1482/6056/8 1479/6038/8
f 1531/6255/7 1534/6270/7 1486/6076/7 1483/6061/7
f 1537/6283/567 1538/6285/567 1539/6288/567 1540/6291/567
f 1541/6293/568 1542/6295/568 1538/6286/568 1537/6284/568
f 1543/6298/569 1544/6300/569 1542/6296/569 1541/6294/569
f 1540/6292/570 1539/6289/570 1544/6301/570 1543/6299/570
f 1538/6287/7 1542/6297/7 1544/6302/7 1539/6290/7
f 1545/6303/567 1546/6306/567 1547/6309/567 1548/6311/567
f 1546/6307/571 1549/6313/571 1550/6316/571 1547/6310/571
f 1549/6314/572 1551/6318/572 1552/6321/572 1550/6317/572
f 1551/6319/573 1545/6304/573 1548/6312/573 1552/6322/573
f 1551/6320/7 1549/6315/7 1546/6308/7 1545/6305/7
f 1553/6323/574 1554/6326/574 1555/6329/574 1556/6332/574
f 1557/6335/575 1558/6338/575 1554/6327/575 1553/6324/575
f 1559/6341/576 1560/6344/576 1558/6339/576 1557/6336/576
f 1556/6333/577 1555/6330/577 1560/6345/577 1559/6342/577
f 1554/6328/7 1558/6340/7 1560/6346/7 1555/6331/7
f 1557/6337/8 1553/6325/8 1556/6334/8 1559/6343/8
f 1561/6347/578 1562/6352/578 1563/6357/578 1564/6362/578
f 1562/6352/578 1561/6347/578 1565/6367/578 1566/6372/578
f 1567/6377/578 1568/6383/578 1569/6389/578 1570/6395/578
f 1570/6395/578 1571/6401/578 1572/6407/578 1567/6377/578
f 1564/6362/578 1571/6401/578 1570/6395/578 1561/6347/578
f 1569/6390/579 1568/6384/579 1520/6190/579 1521/6196/579
f 1523/6208/580 1522/6202/581 1521/6197/581 1520/6191/580
f 1520/6191/580 1519/6184/580 1524/6214/580 1523/6208/580
f 1524/6215/582 1519/6185/582 1567/6378/582 1572/6408/582
f 1518/6179/7 1514/6159/7 1562/6353/7 1566/6373/7
f 1520/6192/8 1568/6385/8 1567/6379/8 1519/6186/8
f 1564/6363/582 1516/6169/582 1523/6209/582 1571/6402/582
f 1562/6354/582 1514/6160/582 1515/6164/582 1563/6358/582
f 1516/6170/8 1564/6364/8 1563/6359/8 1515/6165/8
f 1524/6216/7 1572/6409/7 1571/6403/7 1523/6210/7
f 1513/6154/579 1561/6348/579 1570/6396/579 1522/6203/579
f 1518/6180/579 1566/6374/579 1565/6368/579 1517/6174/579
f 1517/6175/8 1565/6369/8 1561/6349/8 1513/6155/8
f 1522/6204/7 1570/6397/7 1569/6391/7 1521/6198/7
f 1573/6413/583 1574/6419/583 1575/6425/583 1576/6431/583
f 1577/6437/583 1578/6443/583 1575/6425/583 1574/6419/583
f 1579/6449/578 1580/6454/578 1581/6459/578 1582/6464/578
f 1583/6469/578 1584/6474/578 1581/6459/578 1580/6454/578
f 1581/6459/578 1576/6431/583 1575/6425/583 1582/6464/578
f 1532/6261/584 1580/6455/584 1579/6450/584 1531/6256/584
f 1530/6250/585 1529/6244/585 1528/6238/585 1527/6232/585
f 1526/6226/585 1525/6220/585 1528/6238/585 1529/6244/585
f 1583/6470/586 1535/6276/586 1536/6281/586 1584/6475/586
f 1574/6420/7 1526/6227/7 1529/6245/7 1577/6438/7
f 1583/6471/8 1580/6456/8 1532/6262/8 1535/6277/8
f 1533/6266/579 1528/6239/579 1576/6432/579 1581/6460/579
f 1525/6221/579 1526/6228/579 1574/6421/579 1573/6414/579
f 1573/6415/8 1576/6433/8 1528/6240/8 1525/6222/8
f 1581/6461/7 1584/6476/7 1536/6282/7 1533/6267/7
f 1582/6465/584 1575/6426/584 1527/6233/584 1534/6271/584
f 1578/6444/584 1577/6439/584 1529/6246/584 1530/6251/584
f 1575/6427/8 1578/6445/8 1530/6252/8 1527/6234/8
f 1579/6451/7 1582/6466/7 1534/6272/7 1531/6257/7
f 1585/6479/587 1586/6481/587 1587/6484/587 1588/6487/587
f 1589/6489/588 1590/6491/588 1586/6482/588 1585/6480/588
f 1591/6494/589 1592/6496/589 1590/6492/589 1589/6490/589
f 1588/6488/590 1587/6485/590 1592/6497/590 1591/6495/590
f 1586/6483/7 1590/6493/7 1592/6498/7 1587/6486/7
f 1593/6499/587 1594/6502/587 1595/6505/587 1596/6507/587
f 1594/6503/591 1597/6509/591 1598/6512/591 1595/6506/591
f 1597/6510/592 1599/6514/592 1600/6517/592 1598/6513/592
f 1599/6515/593 1593/6500/593 1596/6508/593 1600/6518/593
f 1599/6516/7 1597/6511/7 1594/6504/7 1593/6501/7
f 1601/6519/594 1602/6522/594 1603/6525/594 1604/6528/594
f 1605/6531/593 1606/6534/593 1602/6523/593 1601/6520/593
f 1607/6537/595 1608/6540/595 1606/6535/595 1605/6532/595
f 1604/6529/596 1603/6526/596 1608/6541/596 1607/6538/596
f 1602/6524/7 1606/6536/7 1608/6542/7 1603/6527/7
f 1605/6533/8 1601/6521/8 1604/6530/8 1607/6539/8
f 1609/6543/597 1610/6548/597 1611/6553/597 1612/6558/597
f 1610/6548/597 1609/6543/597 1613/6563/597 1614/6568/597
f 1615/6573/597 1616/6579/597 1617/6585/597 1618/6591/597
f 1618/6591/597 1619/6597/597 1620/6603/597 1615/6573/597
f 1612/6558/597 1619/6597/597 1618/6591/597 1609/6543/597
f 1617/6586/598 1616/6580/598 1568/6386/598 1569/6392/598
f 1571/6404/599 1570/6398/599 1569/6393/599 1568/6387/599
f 1568/6387/599 1567/6380/599 1572/6410/599 1571/6404/599
f 1572/6411/600 1567/6381/600 1615/6574/600 1620/6604/600
f 1566/6375/7 1562/6355/7 1610/6549/7 1614/6569/7
f 1568/6388/8 1616/6581/8 1615/6575/8 1567/6382/8
f 1612/6559/600 1564/6365/600 1571/6405/600 1619/6598/600
f 1610/6550/600 1562/6356/600 1563/6360/600 1611/6554/600
f 1564/6366/8 1612/6560/8 1611/6555/8 1563/6361/8
f 1572/6412/7 1620/6605/7 1619/6599/7 1571/6406/7
f 1561/6350/598 1609/6544/598 1618/6592/598 1570/6399/598
f 1566/6376/598 1614/6570/598 1613/6564/598 1565/6370/598
f 1565/6371/8 1613/6565/8 1609/6545/8 1561/6351/8
f 1570/6400/7 1618/6593/7 1617/6587/7 1569/6394/7
f 1621/6609/601 1622/6615/597 1623/6621/597 1624/6627/601
f 1625/6633/597 1626/6639/597 1623/6621/597 1622/6615/597
f 1627/6645/597 1628/6650/597 1629/6655/597 1630/6660/597
f 1631/6665/597 1632/6670/597 1629/6655/597 1628/6650/597
f 1629/6655/597 1624/6627/597 1623/6621/597 1630/6660/597
f 1580/6457/600 1628/6651/600 1627/6646/600 1579/6452/600
f 1578/6446/602 1577/6440/602 1576/6434/602 1575/6428/602
f 1574/6422/602 1573/6416/602 1576/6434/602 1577/6440/602
f 1631/6666/598 1583/6472/598 1584/6477/598 1632/6671/598
f 1622/6616/7 1574/6423/7 1577/6441/7 1625/6634/7
f 1631/6667/8 1628/6652/8 1580/6458/8 1583/6473/8
f 1581/6462/598 1576/6435/598 1624/6628/598 1629/6656/598
f 1573/6417/598 1574/6424/598 1622/6617/598 1621/6610/598
f 1621/6611/8 1624/6629/8 1576/6436/8 1573/6418/8
f 1629/6657/7 1632/6672/7 1584/6478/7 1581/6463/7
f 1630/6661/600 1623/6622/600 1575/6429/600 1582/6467/600
f 1626/6640/600 1625/6635/600 1577/6442/600 1578/6447/600
f 1623/6623/8 1626/6641/8 1578/6448/8 1575/6430/8
f 1627/6647/7 1630/6662/7 1582/6468/7 1579/6453/7
f 1633/6675/603 1634/6677/603 1635/6680/603 1636/6683/603
f 1637/6685/604 1638/6687/604 1634/6678/604 1633/6676/604
f 1639/6690/605 1640/6692/605 1638/6688/605 1637/6686/605
f 1636/6684/606 1635/6681/606 1640/6693/606 1639/6691/606
f 1634/6679/7 1638/6689/7 1640/6694/7 1635/6682/7
f 1641/6695/603 1642/6698/603 1643/6701/603 1644/6703/603
f 1642/6699/607 1645/6705/607 1646/6708/607 1643/6702/607
f 1645/6706/605 1647/6710/605 1648/6713/605 1646/6709/605
f 1647/6711/608 1641/6696/608 1644/6704/608 1648/6714/608
f 1647/6712/7 1645/6707/7 1642/6700/7 1641/6697/7
f 1649/6715/609 1650/6718/609 1651/6721/609 1652/6724/609
f 1653/6727/610 1654/6730/610 1650/6719/610 1649/6716/610
f 1655/6733/611 1656/6736/611 1654/6731/611 1653/6728/611
f 1652/6725/606 1651/6722/606 1656/6737/606 1655/6734/606
f 1650/6720/7 1654/6732/7 1656/6738/7 1651/6723/7
f 1653/6729/8 1649/6717/8 1652/6726/8 1655/6735/8
f 1657/6739/612 1658/6744/612 1659/6749/613 1660/6754/612
f 1658/6744/612 1657/6739/612 1661/6759/614 1662/6764/614
f 1663/6769/615 1664/6775/612 1665/6781/612 1666/6787/612
f 1666/6787/612 1667/6793/614 1668/6799/614 1663/6769/615
f 1660/6754/612 1667/6793/612 1666/6787/612 1657/6739/612
f 1665/6782/616 1664/6776/616 1616/6582/616 1617/6588/616
f 1619/6600/617 1618/6594/617 1617/6589/617 1616/6583/617
f 1616/6583/617 1615/6576/617 1620/6606/617 1619/6600/617
f 1620/6607/618 1615/6577/618 1663/6770/618 1668/6800/618
f 1614/6571/7 1610/6551/7 1658/6745/7 1662/6765/7
f 1616/6584/8 1664/6777/8 1663/6771/8 1615/6578/8
f 1660/6755/618 1612/6561/618 1619/6601/618 1667/6794/618
f 1658/6746/618 1610/6552/618 1611/6556/618 1659/6750/618
f 1612/6562/8 1660/6756/8 1659/6751/8 1611/6557/8
f 1620/6608/7 1668/6801/7 1667/6795/7 1619/6602/7
f 1609/6546/616 1657/6740/616 1666/6788/616 1618/6595/616
f 1614/6572/616 1662/6766/616 1661/6760/616 1613/6566/616
f 1613/6567/8 1661/6761/8 1657/6741/8 1609/6547/8
f 1618/6596/7 1666/6789/7 1665/6783/7 1617/6590/7
f 1669/6805/612 1670/6811/612 1671/6817/612 1672/6823/612
f 1673/6829/612 1674/6835/612 1671/6817/612 1670/6811/612
f 1675/6841/612 1676/6846/612 1677/6851/612 1678/6856/612
f 1679/6861/612 1680/6866/612 1677/6851/612 1676/6846/612
f 1677/6851/612 1672/6823/612 1671/6817/612 1678/6856/612
f 1628/6653/618 1676/6847/618 1675/6842/618 1627/6648/618
f 1626/6642/617 1625/6636/617 1624/6630/617 1623/6624/617
f 1622/6618/617 1621/6612/617 1624/6630/617 1625/6636/617
f 1679/6862/616 1631/6668/616 1632/6673/616 1680/6867/616
f 1670/6812/7 1622/6619/7 1625/6637/7 1673/6830/7
f 1679/6863/8 1676/6848/8 1628/6654/8 1631/6669/8
f 1629/6658/616 1624/6631/616 1672/6824/616 1677/6852/616
f 1621/6613/616 1622/6620/616 1670/6813/616 1669/6806/616
f 1669/6807/8 1672/6825/8 1624/6632/8 1621/6614/8
f 1677/6853/7 1680/6868/7 1632/6674/7 1629/6659/7
f 1678/6857/618 1671/6818/618 1623/6625/618 1630/6663/618
f 1674/6836/618 1673/6831/618 1625/6638/618 1626/6643/618
f 1671/6819/8 1674/6837/8 1626/6644/8 1623/6626/8
f 1675/6843/7 1678/6858/7 1630/6664/7 1627/6649/7
f 1681/6871/619 1682/6873/619 1683/6876/619 1684/6879/619
f 1685/6881/620 1686/6883/620 1682/6874/620 1681/6872/620
f 1687/6886/621 1688/6888/621 1686/6884/621 1685/6882/621
f 1684/6880/622 1683/6877/622 1688/6889/622 1687/6887/622
f 1682/6875/7 1686/6885/7 1688/6890/7 1683/6878/7
f 1689/6891/623 1690/6894/623 1691/6897/623 1692/6899/623
f 1690/6895/624 1693/6901/624 1694/6904/624 1691/6898/624
f 1693/6902/621 1695/6906/621 1696/6909/621 1694/6905/621
f 1695/6907/625 1689/6892/625 1692/6900/625 1696/6910/625
f 1695/6908/7 1693/6903/7 1690/6896/7 1689/6893/7
f 1697/6911/626 1698/6914/626 1699/6917/626 1700/6920/626
f 1701/6923/627 1702/6926/627 1698/6915/627 1697/6912/627
f 1703/6929/628 1704/6932/628 1702/6927/628 1701/6924/628
f 1700/6921/629 1699/6918/629 1704/6933/629 1703/6930/629
f 1698/6916/7 1702/6928/7 1704/6934/7 1699/6919/7
f 1701/6925/8 1697/6913/8 1700/6922/8 1703/6931/8
f 1705/6935/630 1706/6938/631 1707/6941/631 1708/6944/631
f 1706/6938/631 1705/6935/630 1709/6947/630 1710/6950/630
f 1711/6953/630 1712/6956/631 1713/6959/631 1714/6962/630
f 1714/6962/630 1715/6965/630 1716/6968/630 1711/6953/630
f 1708/6944/631 1715/6965/630 1714/6962/630 1705/6935/630
f 1713/6960/632 1712/6957/632 1664/6778/632 1665/6784/632
f 1667/6796/633 1666/6790/634 1665/6785/634 1664/6779/634
f 1664/6779/634 1663/6772/633 1668/6802/633 1667/6796/633
f 1668/6803/635 1663/6773/635 1711/6954/635 1716/6969/635
f 1662/6767/7 1658/6747/7 1706/6939/7 1710/6951/7
f 1664/6780/8 1712/6958/8 1711/6955/8 1663/6774/8
f 1708/6945/635 1660/6757/635 1667/6797/635 1715/6966/635
f 1706/6940/635 1658/6748/635 1659/6752/635 1707/6942/635
f 1660/6758/8 1708/6946/8 1707/6943/8 1659/6753/8
f 1668/6804/7 1716/6970/7 1715/6967/7 1667/6798/7
f 1657/6742/632 1705/6936/632 1714/6963/632 1666/6791/632
f 1662/6768/632 1710/6952/632 1709/6948/632 1661/6762/632
f 1661/6763/8 1709/6949/8 1705/6937/8 1657/6743/8
f 1666/6792/7 1714/6964/7 1713/6961/7 1665/6786/7
f 1725/6987/636 1720/6977/639 1756/7068/638 1761/7083/637
f 1728/6993/640 1725/6988/636 1761/7084/637 1764/7092/641
f 1726/6989/642 1723/6983/645 1759/7077/644 1762/7086/643
f 1721/6979/646 1722/6981/649 1758/7074/648 1757/7071/647
f 1722/6982/649 1719/6975/651 1755/7065/650 1758/7075/648
f 1676/6849/652 1724/6986/652 1723/6984/652 1675/6844/652
f 1674/6838/633 1673/6832/633 1672/6826/634 1671/6820/633
f 1670/6814/634 1669/6808/634 1672/6826/634 1673/6832/633
f 1727/6992/653 1679/6864/653 1680/6869/653 1728/6994/653
f 1718/6974/7 1670/6815/7 1673/6833/7 1721/6980/7
f 1727/6991/8 1724/6985/8 1676/6850/8 1679/6865/8
f 1677/6854/653 1672/6827/653 1720/6977/653 1725/6987/653
f 1669/6809/653 1670/6816/653 1718/6973/653 1717/6972/653
f 1717/6971/8 1720/6978/8 1672/6828/8 1669/6810/8
f 1725/6988/7 1728/6993/7 1680/6870/7 1677/6855/7
f 1726/6990/652 1719/6976/652 1671/6821/652 1678/6859/652
f 1722/6981/652 1721/6979/652 1673/6834/652 1674/6839/652
f 1719/6975/8 1722/6982/8 1674/6840/8 1671/6822/8
f 1723/6983/7 1726/6989/7 1678/6860/7 1675/6845/7
f 1729/6995/654 1730/6997/654 1731/7000/654 1732/7003/654
f 1733/7005/655 1734/7007/655 1730/6998/655 1729/6996/655
f 1735/7010/656 1736/7012/656 1734/7008/656 1733/7006/656
f 1732/7004/657 1731/7001/657 1736/7013/657 1735/7011/657
f 1730/6999/7 1734/7009/7 1736/7014/7 1731/7002/7
f 1737/7015/658 1738/7018/658 1739/7021/658 1740/7023/658
f 1738/7019/659 1741/7025/659 1742/7028/659 1739/7022/659
f 1741/7026/656 1743/7030/656 1744/7033/656 1742/7029/656
f 1743/7031/660 1737/7016/660 1740/7024/660 1744/7034/660
f 1743/7032/7 1741/7027/7 1738/7020/7 1737/7017/7
f 1745/7035/661 1746/7038/661 1747/7041/661 1748/7044/661
f 1749/7047/662 1750/7050/662 1746/7039/662 1745/7036/662
f 1751/7053/663 1752/7056/663 1750/7051/663 1749/7048/663
f 1748/7045/664 1747/7042/664 1752/7057/664 1751/7054/664
f 1746/7040/7 1750/7052/7 1752/7058/7 1747/7043/7
f 1749/7049/8 1745/7037/8 1748/7046/8 1751/7055/8
f 1753/7059/630 1754/7062/630 1755/7066/630 1756/7069/630
f 1757/7072/665 1758/7076/665 1755/7066/630 1754/7062/630
f 1759/7078/630 1760/7080/630 1761/7085/631 1762/7087/630
f 1763/7089/666 1764/7093/666 1761/7085/631 1760/7080/630
f 1761/7085/631 1756/7069/630 1755/7066/630 1762/7087/630
f 1719/6976/651 1726/6990/642 1762/7088/643 1755/7067/650
f 1720/6978/639 1717/6971/668 1753/7060/667 1756/7070/638
f 1724/6985/649 1727/6991/668 1763/7090/670 1760/7081/669
f 1717/6972/668 1718/6973/672 1754/7063/671 1753/7061/667
f 1723/6984/645 1724/6986/649 1760/7082/669 1759/7079/644
f 1718/6974/672 1721/6980/646 1757/7073/647 1754/7064/671
f 1727/6992/668 1728/6994/640 1764/7094/641 1763/7091/670
f 91/375/23 92/380/23 95/397/23 96/402/23 
f 93/386/23 88/358/23 87/352/23 94/392/23
