mtllib track_switch_medium_right_inactive.mtl
usemtl Mat_1
# WaveFront *.obj file (generated by CINEMA 4D) Fixed by Obj_fixer; Copyright Spitfire4466, Mrbrutal

g track_switch_medium_inactive
v 0.199523 0.026945 1.000000
v 0.139523 0.026945 1.000000
v 0.199523 0.026945 0.060439
v 0.139523 0.026945 0.060439
v 0.147634 0.086945 1.000000
v 0.191412 0.086945 1.000000
v 0.139523 0.042431 1.000000
v 0.147634 0.086945 0.060439
v 0.191412 0.086945 0.060439
v 0.181778 0.042431 1.000000
v 0.157268 0.042431 1.000000
v 0.181778 0.072726 1.000000
v 0.139523 0.042431 0.060439
v 0.147634 0.072726 1.000000
v 0.157268 0.072726 1.000000
v 0.181778 0.042431 0.060439
v 0.157268 0.042431 0.060439
v 0.181778 0.072726 0.060439
v 0.147634 0.072726 0.060439
v 0.191412 0.072726 1.000000
v 0.157268 0.072726 0.060439
v 0.191412 0.072726 0.060439
v 0.199523 0.042431 1.000000
v 0.199523 0.042431 0.060439
v 0.800477 0.026945 1.000000
v 0.860477 0.026945 1.000000
v 0.800477 0.026945 0.126807
v 0.860477 0.026945 0.126807
v 0.852367 0.086945 1.000000
v 0.808588 0.086945 1.000000
v 0.860477 0.042431 1.000000
v 0.852367 0.086945 0.126807
v 0.808588 0.086945 0.126807
v 0.818222 0.042431 1.000000
v 0.842732 0.042431 1.000000
v 0.818222 0.072726 1.000000
v 0.860477 0.042431 0.126807
v 0.852367 0.072726 1.000000
v 0.842732 0.072726 1.000000
v 0.818222 0.042431 0.126807
v 0.842732 0.042431 0.126807
v 0.818222 0.072726 0.126807
v 0.852367 0.072726 0.126807
v 0.808588 0.072726 1.000000
v 0.842732 0.072726 0.126807
v 0.808588 0.072726 0.126807
v 0.800477 0.042431 1.000000
v 0.800477 0.042431 0.126807
v 0.817867 -0.024137 0.890000
v 0.817867 0.055863 0.890000
v 0.787867 -0.024137 0.890000
v 0.787867 0.055863 0.890000
v 0.787867 -0.024137 0.860000
v 0.787867 0.055863 0.860000
v 0.817867 -0.024137 0.860000
v 0.817867 0.055863 0.860000
v 0.182133 -0.024137 0.890000
v 0.182133 0.055863 0.890000
v 0.212133 -0.024137 0.890000
v 0.212133 0.055863 0.890000
v 0.212133 -0.024137 0.860000
v 0.212133 0.055863 0.860000
v 0.182133 -0.024137 0.860000
v 0.182133 0.055863 0.860000
v 0.817867 -0.024137 0.640000
v 0.817867 0.055863 0.640000
v 0.787867 -0.024137 0.640000
v 0.787867 0.055863 0.640000
v 0.787867 -0.024137 0.610000
v 0.787867 0.055863 0.610000
v 0.817867 -0.024137 0.610000
v 0.817867 0.055863 0.610000
v 0.182133 -0.024137 0.640000
v 0.182133 0.055863 0.640000
v 0.212133 -0.024137 0.640000
v 0.212133 0.055863 0.640000
v 0.212133 -0.024137 0.610000
v 0.212133 0.055863 0.610000
v 0.182133 -0.024137 0.610000
v 0.182133 0.055863 0.610000
v 0.817867 -0.024137 0.390000
v 0.817867 0.055863 0.390000
v 0.787867 -0.024137 0.390000
v 0.787867 0.055863 0.390000
v 0.787867 -0.024137 0.360000
v 0.787867 0.055863 0.360000
v 0.817867 -0.024137 0.360000
v 0.817867 0.055863 0.360000
v 0.182133 -0.024137 0.390000
v 0.182133 0.055863 0.390000
v 0.212133 -0.024137 0.390000
v 0.212133 0.055863 0.390000
v 0.212133 -0.024137 0.360000
v 0.212133 0.055863 0.360000
v 0.182133 -0.024137 0.360000
v 0.182133 0.055863 0.360000
v 0.819189 -0.024137 0.153596
v 0.819189 0.055863 0.153596
v 0.789308 -0.024137 0.150920
v 0.789308 0.055863 0.150920
v 0.791984 -0.024137 0.121040
v 0.791984 0.055863 0.121040
v 0.821864 -0.024137 0.123715
v 0.821864 0.055863 0.123715
v 0.185988 -0.024137 0.096902
v 0.185988 0.055863 0.096902
v 0.215868 -0.024137 0.099577
v 0.215868 0.055863 0.099577
v 0.218544 -0.024137 0.069697
v 0.218544 0.055863 0.069697
v 0.188663 -0.024137 0.067021
v 0.188663 0.055863 0.067021
v 0.965811 -0.028858 0.221944
v 0.965811 0.031142 0.221944
v 0.029556 -0.028858 0.138116
v 0.029556 0.031142 0.138116
v 0.042041 -0.028858 -0.001326
v 0.042041 0.031142 -0.001326
v 0.978296 -0.028858 0.082501
v 0.978296 0.031142 0.082501
v 0.970000 -0.028858 0.445000
v 0.970000 0.031142 0.445000
v 0.030000 -0.028858 0.445000
v 0.030000 0.031142 0.445000
v 0.030000 -0.028858 0.305000
v 0.030000 0.031142 0.305000
v 0.970000 -0.028858 0.305000
v 0.970000 0.031142 0.305000
v 0.970000 -0.028858 0.695000
v 0.970000 0.031142 0.695000
v 0.030000 -0.028858 0.695000
v 0.030000 0.031142 0.695000
v 0.030000 -0.028858 0.555000
v 0.030000 0.031142 0.555000
v 0.970000 -0.028858 0.555000
v 0.970000 0.031142 0.555000
v 0.970000 -0.028858 0.945000
v 0.970000 0.031142 0.945000
v 0.030000 -0.028858 0.945000
v 0.030000 0.031142 0.945000
v 0.030000 -0.028858 0.805000
v 0.030000 0.031142 0.805000
v 0.970000 -0.028858 0.805000
v 0.970000 0.031142 0.805000
v 3.036207 0.026945 -3.575563
v 3.032085 0.026945 -3.635422
v 4.029722 0.026945 -3.704127
v 4.033844 0.026945 -3.644269
v 3.032642 0.086945 -3.627330
v 3.035650 0.086945 -3.583655
v 3.032085 0.042431 -3.635422
v 4.029722 0.042431 -3.704127
v 4.030279 0.086945 -3.696036
v 3.034988 0.042431 -3.593266
v 3.033304 0.042431 -3.617719
v 3.034988 0.072726 -3.593266
v 4.032625 0.072726 -3.661972
v 3.032642 0.072726 -3.627330
v 3.033304 0.072726 -3.617719
v 4.030941 0.042431 -3.686424
v 4.030279 0.072726 -3.696036
v 4.030941 0.072726 -3.686424
v 4.032625 0.042431 -3.661972
v 3.035650 0.072726 -3.583655
v 4.033287 0.072726 -3.652360
v 4.033844 0.042431 -3.644269
v 3.036207 0.042431 -3.575563
v 4.033287 0.086945 -3.652360
v 3.251882 0.026945 -3.008141
v 3.265452 0.026945 -2.949696
v 4.072522 0.026945 -3.198679
v 4.086092 0.026945 -3.140234
v 3.263618 0.086945 -2.957597
v 3.253717 0.086945 -3.000241
v 3.265452 0.042431 -2.949696
v 4.084258 0.086945 -3.148134
v 4.074357 0.086945 -3.190779
v 3.255896 0.042431 -2.990856
v 3.261439 0.042431 -2.966981
v 3.255896 0.072726 -2.990856
v 4.086092 0.042431 -3.140234
v 3.263618 0.072726 -2.957597
v 3.261439 0.072726 -2.966981
v 4.076536 0.042431 -3.181394
v 4.082079 0.042431 -3.157519
v 4.076536 0.072726 -3.181394
v 4.084258 0.072726 -3.148134
v 3.253717 0.072726 -3.000241
v 4.082079 0.072726 -3.157519
v 4.074357 0.072726 -3.190779
v 3.251882 0.042431 -3.008141
v 4.072522 0.042431 -3.198679
v 2.333042 0.026945 -3.226967
v 2.306606 0.026945 -3.280829
v 3.027576 0.026945 -3.634698
v 3.054013 0.026945 -3.580836
v 2.310179 0.086945 -3.273548
v 2.329469 0.086945 -3.234248
v 2.306606 0.042431 -3.280829
v 3.027576 0.042431 -3.634698
v 3.031150 0.086945 -3.627417
v 2.325224 0.042431 -3.242897
v 2.314424 0.042431 -3.264900
v 2.325224 0.072726 -3.242897
v 3.046194 0.072726 -3.596766
v 2.310179 0.072726 -3.273548
v 2.314424 0.072726 -3.264900
v 3.035395 0.042431 -3.618768
v 3.031150 0.072726 -3.627417
v 3.035395 0.072726 -3.618768
v 3.046194 0.042431 -3.596766
v 2.329469 0.072726 -3.234248
v 3.050439 0.072726 -3.588117
v 3.054013 0.042431 -3.580836
v 2.333042 0.042431 -3.226967
v 3.050439 0.086945 -3.588117
v 2.491942 0.026945 -2.635520
v 2.518378 0.026945 -2.581658
v 3.250205 0.026945 -3.007693
v 3.276641 0.026945 -2.953831
v 2.514805 0.086945 -2.588939
v 2.495515 0.086945 -2.628239
v 2.518378 0.042431 -2.581658
v 3.273068 0.086945 -2.961112
v 3.253778 0.086945 -3.000412
v 2.499760 0.042431 -2.619590
v 2.510560 0.042431 -2.597588
v 2.499760 0.072726 -2.619590
v 3.276641 0.042431 -2.953831
v 2.514805 0.072726 -2.588939
v 2.510560 0.072726 -2.597588
v 3.258023 0.042431 -2.991763
v 3.268823 0.042431 -2.969760
v 3.258023 0.072726 -2.991763
v 3.273068 0.072726 -2.961112
v 2.495515 0.072726 -2.628239
v 3.268823 0.072726 -2.969760
v 3.253778 0.072726 -3.000412
v 2.491942 0.042431 -2.635520
v 3.250205 0.042431 -3.007693
v 2.490353 -0.024137 -2.609922
v 2.490353 0.055863 -2.609922
v 2.474919 -0.024137 -2.635647
v 2.474919 0.055863 -2.635647
v 2.500644 -0.024137 -2.651082
v 2.500644 0.055863 -2.651082
v 2.516079 -0.024137 -2.625357
v 2.516079 0.055863 -2.625357
v 2.163283 -0.024137 -3.155066
v 2.163283 0.055863 -3.155066
v 2.178717 -0.024137 -3.129341
v 2.178717 0.055863 -3.129341
v 2.204442 -0.024137 -3.144776
v 2.204442 0.055863 -3.144776
v 2.189008 -0.024137 -3.170501
v 2.189008 0.055863 -3.170501
v 2.718206 -0.025279 -2.727204
v 2.718206 0.054721 -2.727204
v 2.704988 -0.025279 -2.754135
v 2.704988 0.054721 -2.754135
v 2.731919 -0.025279 -2.767353
v 2.731919 0.054721 -2.767353
v 2.745137 -0.025279 -2.740422
v 2.745137 0.054721 -2.740422
v 2.438095 -0.025279 -3.297901
v 2.438095 0.054721 -3.297901
v 2.451313 -0.025279 -3.270970
v 2.451313 0.054721 -3.270970
v 2.478244 -0.025279 -3.284189
v 2.478244 0.054721 -3.284189
v 2.465026 -0.025279 -3.311119
v 2.465026 0.054721 -3.311119
v 2.976359 -0.025279 -2.853912
v 2.976359 0.054721 -2.853912
v 2.963141 -0.025279 -2.880843
v 2.963141 0.054721 -2.880843
v 2.990072 -0.025279 -2.894061
v 2.990072 0.054721 -2.894061
v 3.003290 -0.025279 -2.867130
v 3.003290 0.054721 -2.867130
v 2.696248 -0.025279 -3.424609
v 2.696248 0.054721 -3.424609
v 2.709466 -0.025279 -3.397678
v 2.709466 0.054721 -3.397678
v 2.736397 -0.025279 -3.410896
v 2.736397 0.054721 -3.410896
v 2.723179 -0.025279 -3.437827
v 2.723179 0.054721 -3.437827
v 3.238265 -0.024989 -2.982461
v 3.238265 0.055011 -2.982461
v 3.225046 -0.024989 -3.009392
v 3.225046 0.055011 -3.009392
v 3.251977 -0.024989 -3.022610
v 3.251977 0.055011 -3.022610
v 3.265196 -0.024989 -2.995679
v 3.265196 0.055011 -2.995679
v 2.958153 -0.024989 -3.553158
v 2.958153 0.055011 -3.553158
v 2.971372 -0.024989 -3.526227
v 2.971372 0.055011 -3.526227
v 2.998303 -0.024989 -3.539445
v 2.998303 0.055011 -3.539445
v 2.985084 -0.024989 -3.566376
v 2.985084 0.055011 -3.566376
v 3.255923 -0.029710 -2.821657
v 3.255923 0.030290 -2.821657
v 2.841749 -0.029710 -3.665494
v 2.841749 0.030290 -3.665494
v 2.967426 -0.029710 -3.727179
v 2.967426 0.030290 -3.727179
v 3.381600 -0.029710 -2.883343
v 3.381600 0.030290 -2.883343
v 2.994017 -0.030000 -2.693108
v 2.994017 0.030000 -2.693108
v 2.579843 -0.030000 -3.536945
v 2.579843 0.030000 -3.536945
v 2.705521 -0.030000 -3.598630
v 2.705521 0.030000 -3.598630
v 3.119695 -0.030000 -2.754794
v 3.119695 0.030000 -2.754794
v 2.735864 -0.030000 -2.566401
v 2.735864 0.030000 -2.566401
v 2.321690 -0.030000 -3.410237
v 2.321690 0.030000 -3.410237
v 2.447368 -0.030000 -3.471923
v 2.447368 0.030000 -3.471923
v 2.861542 -0.030000 -2.628086
v 2.861542 0.030000 -2.628086
v 2.521460 -0.028858 -2.451171
v 2.521460 0.031142 -2.451171
v 2.037851 -0.028858 -3.257225
v 2.037851 0.031142 -3.257225
v 2.157901 -0.028858 -3.329252
v 2.157901 0.031142 -3.329252
v 2.641510 -0.028858 -2.523198
v 2.641510 0.031142 -2.523198
v 1.393748 0.026945 -2.515842
v 1.355815 0.026945 -2.562329
v 2.130602 0.026945 -3.194552
v 2.168535 0.026945 -3.148065
v 1.360943 0.086945 -2.556045
v 1.388620 0.086945 -2.522126
v 1.355815 0.042431 -2.562329
v 2.130602 0.042431 -3.194552
v 2.135729 0.086945 -3.188268
v 1.382529 0.042431 -2.529591
v 1.367034 0.042431 -2.548581
v 1.382529 0.072726 -2.529591
v 2.157316 0.072726 -3.161813
v 1.360943 0.072726 -2.556045
v 1.367034 0.072726 -2.548581
v 2.141820 0.042431 -3.180803
v 2.135729 0.072726 -3.188268
v 2.141820 0.072726 -3.180803
v 2.157316 0.042431 -3.161813
v 1.388620 0.072726 -2.522126
v 2.163407 0.072726 -3.154349
v 2.168535 0.042431 -3.148065
v 1.393748 0.042431 -2.515842
v 2.163407 0.086945 -3.154349
v 1.832187 0.026945 -2.097968
v 1.870121 0.026945 -2.051481
v 2.490540 0.026945 -2.635181
v 2.528474 0.026945 -2.588694
v 1.864993 0.086945 -2.057765
v 1.837315 0.086945 -2.091684
v 1.870121 0.042431 -2.051481
v 2.523346 0.086945 -2.594978
v 2.495668 0.086945 -2.628897
v 1.843406 0.042431 -2.084219
v 1.858902 0.042431 -2.065229
v 1.843406 0.072726 -2.084219
v 2.528474 0.042431 -2.588694
v 1.864993 0.072726 -2.057765
v 1.858902 0.072726 -2.065229
v 2.501759 0.042431 -2.621433
v 2.517255 0.042431 -2.602443
v 2.501759 0.072726 -2.621433
v 2.523346 0.072726 -2.594978
v 1.837315 0.072726 -2.091684
v 2.517255 0.072726 -2.602443
v 2.495668 0.072726 -2.628897
v 1.832187 0.042431 -2.097968
v 2.490540 0.042431 -2.635181
v 1.869906 -0.024137 -2.106302
v 1.869906 0.055863 -2.106302
v 1.850939 -0.024137 -2.129545
v 1.850939 0.055863 -2.129545
v 1.874183 -0.024137 -2.148512
v 1.874183 0.055863 -2.148512
v 1.893149 -0.024137 -2.125268
v 1.893149 0.055863 -2.125268
v 1.467981 -0.024137 -2.598860
v 1.467981 0.055863 -2.598860
v 1.486947 -0.024137 -2.575616
v 1.486947 0.055863 -2.575616
v 1.510191 -0.024137 -2.594583
v 1.510191 0.055863 -2.594583
v 1.491224 -0.024137 -2.617826
v 1.491224 0.055863 -2.617826
v 2.083316 -0.024137 -2.280444
v 2.083316 0.055863 -2.280444
v 2.064350 -0.024137 -2.303687
v 2.064350 0.055863 -2.303687
v 2.087593 -0.024137 -2.322654
v 2.087593 0.055863 -2.322654
v 2.106560 -0.024137 -2.299411
v 2.106560 0.055863 -2.299411
v 1.681391 -0.024137 -2.773002
v 1.681391 0.055863 -2.773002
v 1.700358 -0.024137 -2.749758
v 1.700358 0.055863 -2.749758
v 1.723602 -0.024137 -2.768725
v 1.723602 0.055863 -2.768725
v 1.704635 -0.024137 -2.791969
v 1.704635 0.055863 -2.791969
v 2.304377 -0.024137 -2.460828
v 2.304377 0.055863 -2.460828
v 2.285410 -0.024137 -2.484072
v 2.285410 0.055863 -2.484072
v 2.308654 -0.024137 -2.503039
v 2.308654 0.055863 -2.503039
v 2.327621 -0.024137 -2.479795
v 2.327621 0.055863 -2.479795
v 1.902452 -0.024137 -2.953386
v 1.902452 0.055863 -2.953386
v 1.921419 -0.024137 -2.930143
v 1.921419 0.055863 -2.930143
v 1.944662 -0.024137 -2.949110
v 1.944662 0.055863 -2.949110
v 1.925696 -0.024137 -2.972353
v 1.925696 0.055863 -2.972353
v 2.357946 -0.028858 -2.308185
v 2.357946 0.031142 -2.308185
v 1.763657 -0.028858 -3.036485
v 1.763657 0.031142 -3.036485
v 1.872127 -0.028858 -3.124996
v 1.872127 0.031142 -3.124996
v 2.466416 -0.028858 -2.396696
v 2.466416 0.031142 -2.396696
v 2.136885 -0.028858 -2.127801
v 2.136885 0.031142 -2.127801
v 1.542596 -0.028858 -2.856100
v 1.542596 0.031142 -2.856100
v 1.651066 -0.028858 -2.944612
v 1.651066 0.031142 -2.944612
v 2.245355 -0.028858 -2.216312
v 2.245355 0.031142 -2.216312
v 1.923474 -0.028858 -1.953659
v 1.923474 0.031142 -1.953659
v 1.329185 -0.028858 -2.681958
v 1.329185 0.031142 -2.681958
v 1.437655 -0.028858 -2.770469
v 1.437655 0.031142 -2.770469
v 2.031945 -0.028858 -2.042170
v 2.031945 0.031142 -2.042170
v 0.792155 0.026945 -1.735171
v 0.744691 0.026945 -1.771874
v 1.356415 0.026945 -2.562945
v 1.403879 0.026945 -2.526242
v 0.751107 0.086945 -1.766913
v 0.785739 0.086945 -1.740132
v 0.744691 0.042431 -1.771874
v 1.356415 0.042431 -2.562945
v 1.362831 0.086945 -2.557984
v 0.778117 0.042431 -1.746026
v 0.758728 0.042431 -1.761019
v 0.778117 0.072726 -1.746026
v 1.389842 0.072726 -2.537097
v 0.751107 0.072726 -1.766913
v 0.758728 0.072726 -1.761019
v 1.370453 0.042431 -2.552090
v 1.362831 0.072726 -2.557984
v 1.370453 0.072726 -2.552090
v 1.389842 0.042431 -2.537097
v 0.785739 0.072726 -1.740132
v 1.397463 0.072726 -2.531203
v 1.403879 0.042431 -2.526242
v 0.792155 0.042431 -1.735171
v 1.397463 0.086945 -2.531203
v 1.314079 0.026945 -1.427720
v 1.361544 0.026945 -1.391017
v 1.831380 0.026945 -2.096684
v 1.878844 0.026945 -2.059981
v 1.355128 0.086945 -1.395978
v 1.320496 0.086945 -1.422759
v 1.361544 0.042431 -1.391017
v 1.872428 0.086945 -2.064942
v 1.837796 0.086945 -2.091723
v 1.328117 0.042431 -1.416865
v 1.347506 0.042431 -1.401872
v 1.328117 0.072726 -1.416865
v 1.878844 0.042431 -2.059981
v 1.355128 0.072726 -1.395978
v 1.347506 0.072726 -1.401872
v 1.845418 0.042431 -2.085829
v 1.864807 0.042431 -2.070836
v 1.845418 0.072726 -2.085829
v 1.872428 0.072726 -2.064942
v 1.320496 0.072726 -1.422759
v 1.864807 0.072726 -2.070836
v 1.837796 0.072726 -2.091723
v 1.314079 0.042431 -1.427720
v 1.831380 0.042431 -2.096684
v 1.348599 -0.024137 -1.443933
v 1.348599 0.055863 -1.443933
v 1.324867 -0.024137 -1.462284
v 1.324867 0.055863 -1.462284
v 1.343218 -0.024137 -1.486016
v 1.343218 0.055863 -1.486016
v 1.366950 -0.024137 -1.467665
v 1.366950 0.055863 -1.467665
v 0.845688 -0.024137 -1.832826
v 0.845688 0.055863 -1.832826
v 0.869420 -0.024137 -1.814475
v 0.869420 0.055863 -1.814475
v 0.887772 -0.024137 -1.838207
v 0.887772 0.055863 -1.838207
v 0.864040 -0.024137 -1.856558
v 0.864040 0.055863 -1.856558
v 1.501530 -0.024137 -1.641700
v 1.501530 0.055863 -1.641700
v 1.477798 -0.024137 -1.660052
v 1.477798 0.055863 -1.660052
v 1.496149 -0.024137 -1.683784
v 1.496149 0.055863 -1.683784
v 1.519881 -0.024137 -1.665433
v 1.519881 0.055863 -1.665433
v 0.998619 -0.024137 -2.030594
v 0.998619 0.055863 -2.030594
v 1.022351 -0.024137 -2.012242
v 1.022351 0.055863 -2.012242
v 1.040703 -0.024137 -2.035975
v 1.040703 0.055863 -2.035975
v 1.016971 -0.024137 -2.054326
v 1.016971 0.055863 -2.054326
v 1.654461 -0.024137 -1.839468
v 1.654461 0.055863 -1.839468
v 1.630729 -0.024137 -1.857820
v 1.630729 0.055863 -1.857820
v 1.649080 -0.024137 -1.881552
v 1.649080 0.055863 -1.881552
v 1.672813 -0.024137 -1.863200
v 1.672813 0.055863 -1.863200
v 1.151550 -0.024137 -2.228362
v 1.151550 0.055863 -2.228362
v 1.175282 -0.024137 -2.210010
v 1.175282 0.055863 -2.210010
v 1.193634 -0.024137 -2.233742
v 1.193634 0.055863 -2.233742
v 1.169902 -0.024137 -2.252094
v 1.169902 0.055863 -2.252094
v 1.807392 -0.024137 -2.037236
v 1.807392 0.055863 -2.037236
v 1.783660 -0.024137 -2.055588
v 1.783660 0.055863 -2.055588
v 1.802011 -0.024137 -2.079320
v 1.802011 0.055863 -2.079320
v 1.825744 -0.024137 -2.060968
v 1.825744 0.055863 -2.060968
v 1.304481 -0.024137 -2.426130
v 1.304481 0.055863 -2.426130
v 1.328213 -0.024137 -2.407778
v 1.328213 0.055863 -2.407778
v 1.346565 -0.024137 -2.431510
v 1.346565 0.055863 -2.431510
v 1.322833 -0.024137 -2.449862
v 1.322833 0.055863 -2.449862
v 1.894095 -0.028858 -1.900663
v 1.894095 0.031142 -1.900663
v 1.150488 -0.028858 -2.475684
v 1.150488 0.031142 -2.475684
v 1.236130 -0.028858 -2.586434
v 1.236130 0.031142 -2.586434
v 1.979737 -0.028858 -2.011413
v 1.979737 0.031142 -2.011413
v 1.741164 -0.028858 -1.702896
v 1.741164 0.031142 -1.702896
v 0.997557 -0.028858 -2.277917
v 0.997557 0.031142 -2.277917
v 1.083199 -0.028858 -2.388666
v 1.083199 0.031142 -2.388666
v 1.826805 -0.028858 -1.813646
v 1.826805 0.031142 -1.813646
v 1.588233 -0.028858 -1.505128
v 1.588233 0.031142 -1.505128
v 0.844626 -0.028858 -2.080149
v 0.844626 0.031142 -2.080149
v 0.930268 -0.028858 -2.190899
v 0.930268 0.031142 -2.190899
v 1.673874 -0.028858 -1.615878
v 1.673874 0.031142 -1.615878
v 1.435302 -0.028858 -1.307360
v 1.435302 0.031142 -1.307360
v 0.691695 -0.028858 -1.882381
v 0.691695 0.031142 -1.882381
v 0.777337 -0.028858 -1.993131
v 0.777337 0.031142 -1.993131
v 1.520943 -0.028858 -1.418110
v 1.520943 0.031142 -1.418110
v 0.382711 0.026945 -0.838668
v 0.328175 0.026945 -0.863686
v 0.745136 0.026945 -1.772610
v 0.799671 0.026945 -1.747593
v 0.335547 0.086945 -0.860304
v 0.375339 0.086945 -0.842050
v 0.328175 0.042431 -0.863686
v 0.745136 0.042431 -1.772610
v 0.752508 0.086945 -1.769228
v 0.366582 0.042431 -0.846067
v 0.344304 0.042431 -0.856287
v 0.366582 0.072726 -0.846067
v 0.783543 0.072726 -1.754992
v 0.335547 0.072726 -0.860304
v 0.344304 0.072726 -0.856287
v 0.761265 0.042431 -1.765211
v 0.752508 0.072726 -1.769228
v 0.761265 0.072726 -1.765211
v 0.783543 0.042431 -1.754992
v 0.375339 0.072726 -0.842050
v 0.792299 0.072726 -1.750974
v 0.799671 0.042431 -1.747593
v 0.382711 0.042431 -0.838668
v 0.792299 0.086945 -1.750974
v 0.959494 0.026945 -0.654713
v 1.014029 0.026945 -0.629696
v 1.313524 0.026945 -1.426456
v 1.368059 0.026945 -1.401438
v 1.006657 0.086945 -0.633078
v 0.966866 0.086945 -0.651332
v 1.014029 0.042431 -0.629696
v 1.360687 0.086945 -1.404820
v 1.320896 0.086945 -1.423074
v 0.975623 0.042431 -0.647314
v 0.997900 0.042431 -0.637095
v 0.975623 0.072726 -0.647314
v 1.368059 0.042431 -1.401438
v 1.006657 0.072726 -0.633078
v 0.997900 0.072726 -0.637095
v 1.329653 0.042431 -1.419057
v 1.351930 0.042431 -1.408837
v 1.329653 0.072726 -1.419057
v 1.360687 0.072726 -1.404820
v 0.966866 0.072726 -0.651332
v 1.351930 0.072726 -1.408837
v 1.320896 0.072726 -1.423074
v 0.959494 0.042431 -0.654713
v 1.313524 0.042431 -1.426456
v 0.990604 -0.024137 -0.680825
v 0.990604 0.055863 -0.680825
v 0.963337 -0.024137 -0.693333
v 0.963337 0.055863 -0.693333
v 0.975845 -0.024137 -0.720601
v 0.975845 0.055863 -0.720601
v 1.003113 -0.024137 -0.708092
v 1.003113 0.055863 -0.708092
v 0.412770 -0.024137 -0.945901
v 0.412770 0.055863 -0.945901
v 0.440038 -0.024137 -0.933392
v 0.440038 0.055863 -0.933392
v 0.452547 -0.024137 -0.960660
v 0.452547 0.055863 -0.960660
v 0.425279 -0.024137 -0.973168
v 0.425279 0.055863 -0.973168
v 1.094845 -0.024137 -0.908056
v 1.094845 0.055863 -0.908056
v 1.067577 -0.024137 -0.920565
v 1.067577 0.055863 -0.920565
v 1.080086 -0.024137 -0.947832
v 1.080086 0.055863 -0.947832
v 1.107353 -0.024137 -0.935323
v 1.107353 0.055863 -0.935323
v 0.517011 -0.024137 -1.173132
v 0.517011 0.055863 -1.173132
v 0.544278 -0.024137 -1.160623
v 0.544278 0.055863 -1.160623
v 0.556787 -0.024137 -1.187891
v 0.556787 0.055863 -1.187891
v 0.529519 -0.024137 -1.200399
v 0.529519 0.055863 -1.200399
v 1.199085 -0.024137 -1.135287
v 1.199085 0.055863 -1.135287
v 1.171817 -0.024137 -1.147796
v 1.171817 0.055863 -1.147796
v 1.184326 -0.024137 -1.175063
v 1.184326 0.055863 -1.175063
v 1.211594 -0.024137 -1.162555
v 1.211594 0.055863 -1.162555
v 0.621251 -0.024137 -1.400363
v 0.621251 0.055863 -1.400363
v 0.648519 -0.024137 -1.387854
v 0.648519 0.055863 -1.387854
v 0.661027 -0.024137 -1.415122
v 0.661027 0.055863 -1.415122
v 0.633760 -0.024137 -1.427631
v 0.633760 0.055863 -1.427631
v 1.303325 -0.024137 -1.362518
v 1.303325 0.055863 -1.362518
v 1.276057 -0.024137 -1.375027
v 1.276057 0.055863 -1.375027
v 1.288566 -0.024137 -1.402294
v 1.288566 0.055863 -1.402294
v 1.315834 -0.024137 -1.389786
v 1.315834 0.055863 -1.389786
v 0.725491 -0.024137 -1.627594
v 0.725491 0.055863 -1.627594
v 0.752759 -0.024137 -1.615085
v 0.752759 0.055863 -1.615085
v 0.765268 -0.024137 -1.642353
v 0.765268 0.055863 -1.642353
v 0.738000 -0.024137 -1.654862
v 0.738000 0.055863 -1.654862
v 1.418670 -0.028858 -1.249094
v 1.418670 0.031142 -1.249094
v 0.564281 -0.028858 -1.641037
v 0.564281 0.031142 -1.641037
v 0.622655 -0.028858 -1.768286
v 0.622655 0.031142 -1.768286
v 1.477044 -0.028858 -1.376343
v 1.477044 0.031142 -1.376343
v 1.314429 -0.028858 -1.021862
v 1.314429 0.031142 -1.021862
v 0.460040 -0.028858 -1.413806
v 0.460040 0.031142 -1.413806
v 0.518415 -0.028858 -1.541055
v 0.518415 0.031142 -1.541055
v 1.372804 -0.028858 -1.149112
v 1.372804 0.031142 -1.149112
v 1.210189 -0.028858 -0.794631
v 1.210189 0.031142 -0.794631
v 0.355800 -0.028858 -1.186574
v 0.355800 0.031142 -1.186574
v 0.414175 -0.028858 -1.313824
v 0.414175 0.031142 -1.313824
v 1.268564 -0.028858 -0.921881
v 1.268564 0.031142 -0.921881
v 1.105949 -0.028858 -0.567400
v 1.105949 0.031142 -0.567400
v 0.251560 -0.028858 -0.959343
v 0.251560 0.031142 -0.959343
v 0.309935 -0.028858 -1.086593
v 0.309935 0.031142 -1.086593
v 1.164324 -0.028858 -0.694650
v 1.164324 0.031142 -0.694650
v 0.198149 0.026945 0.070965
v 0.139369 0.026945 0.058930
v 0.328443 0.026945 -0.864503
v 0.387223 0.026945 -0.852468
v 0.147315 0.086945 0.060557
v 0.190203 0.086945 0.069339
v 0.139369 0.042431 0.058930
v 0.328443 0.042431 -0.864503
v 0.336388 0.086945 -0.862876
v 0.180765 0.042431 0.067406
v 0.156753 0.042431 0.062490
v 0.180765 0.072726 0.067406
v 0.369839 0.072726 -0.856027
v 0.147315 0.072726 0.060557
v 0.156753 0.072726 0.062490
v 0.345827 0.042431 -0.860944
v 0.336388 0.072726 -0.862876
v 0.345827 0.072726 -0.860944
v 0.369839 0.042431 -0.856027
v 0.190203 0.072726 0.069339
v 0.379277 0.072726 -0.854095
v 0.387223 0.042431 -0.852468
v 0.198149 0.042431 0.070965
v 0.379277 0.086945 -0.854095
v 0.800405 0.026945 0.125502
v 0.859185 0.026945 0.137538
v 0.959679 0.026945 -0.652389
v 1.018459 0.026945 -0.640354
v 0.851239 0.086945 0.135911
v 0.808350 0.086945 0.127129
v 0.859185 0.042431 0.137538
v 1.010513 0.086945 -0.641981
v 0.967624 0.086945 -0.650762
v 0.817789 0.042431 0.129062
v 0.841801 0.042431 0.133978
v 0.817789 0.072726 0.129062
v 1.018459 0.042431 -0.640354
v 0.851239 0.072726 0.135911
v 0.841801 0.072726 0.133978
v 0.977063 0.042431 -0.648830
v 1.001075 0.042431 -0.643913
v 0.977063 0.072726 -0.648830
v 1.010513 0.072726 -0.641981
v 0.808350 0.072726 0.127129
v 1.001075 0.072726 -0.643913
v 0.967624 0.072726 -0.650762
v 0.800405 0.042431 0.125502
v 0.959679 0.042431 -0.652389
v 1.052778 -0.028858 -0.261963
v 1.052778 0.031142 -0.261963
v 0.131883 -0.028858 -0.450517
v 0.131883 0.031142 -0.450517
v 0.159966 -0.028858 -0.587671
v 0.159966 0.031142 -0.587671
v 1.080861 -0.028858 -0.399117
v 1.080861 0.031142 -0.399117
v 0.997844 -0.028858 0.006335
v 0.997844 0.031142 0.006335
v 0.076949 -0.028858 -0.182219
v 0.076949 0.031142 -0.182219
v 0.105032 -0.028858 -0.319374
v 0.105032 0.031142 -0.319374
v 1.025927 -0.028858 -0.130820
v 1.025927 0.031142 -0.130820
v 0.859835 -0.024137 -0.078064
v 0.859835 0.055863 -0.078064
v 0.830445 -0.024137 -0.084081
v 0.830445 0.055863 -0.084081
v 0.836463 -0.024137 -0.113472
v 0.836463 0.055863 -0.113472
v 0.865853 -0.024137 -0.107454
v 0.865853 0.055863 -0.107454
v 0.237023 -0.024137 -0.205585
v 0.237023 0.055863 -0.205585
v 0.266413 -0.024137 -0.199567
v 0.266413 0.055863 -0.199567
v 0.272431 -0.024137 -0.228958
v 0.272431 0.055863 -0.228958
v 0.243040 -0.024137 -0.234975
v 0.243040 0.055863 -0.234975
v 0.914770 -0.024137 -0.346361
v 0.914770 0.055863 -0.346361
v 0.885379 -0.024137 -0.352379
v 0.885379 0.055863 -0.352379
v 0.891397 -0.024137 -0.381769
v 0.891397 0.055863 -0.381769
v 0.920787 -0.024137 -0.375751
v 0.920787 0.055863 -0.375751
v 0.291957 -0.024137 -0.473883
v 0.291957 0.055863 -0.473883
v 0.321347 -0.024137 -0.467865
v 0.321347 0.055863 -0.467865
v 0.327365 -0.024137 -0.497255
v 0.327365 0.055863 -0.497255
v 0.297975 -0.024137 -0.503273
v 0.297975 0.055863 -0.503273
v 0.964917 -0.024137 -0.591280
v 0.964917 0.055863 -0.591280
v 0.935527 -0.024137 -0.597298
v 0.935527 0.055863 -0.597298
v 0.941544 -0.024137 -0.626688
v 0.941544 0.055863 -0.626688
v 0.970935 -0.024137 -0.620670
v 0.970935 0.055863 -0.620670
v 0.342104 -0.024137 -0.718802
v 0.342104 0.055863 -0.718802
v 0.371495 -0.024137 -0.712784
v 0.371495 0.055863 -0.712784
v 0.377512 -0.024137 -0.742174
v 0.377512 0.055863 -0.742174
v 0.348122 -0.024137 -0.748192
v 0.348122 0.055863 -0.748192
v 1.102926 -0.028858 -0.506882
v 1.102926 0.031142 -0.506882
v 0.182031 -0.028858 -0.695436
v 0.182031 0.031142 -0.695436
v 0.210113 -0.028858 -0.832590
v 0.210113 0.031142 -0.832590
v 1.131008 -0.028858 -0.644036
v 1.131008 0.031142 -0.644036
v 1.000000 0.026945 -3.139523
v 1.000000 0.026945 -3.199523
v 2.000000 0.086945 -3.147633
v 2.000000 0.086945 -3.191412
v 2.000000 0.042431 -3.139523
v 1.000000 0.042431 -3.139523
v 1.000000 0.086945 -3.147633
v 2.000000 0.042431 -3.157268
v 1.000000 0.072726 -3.181778
v 1.000000 0.042431 -3.157268
v 1.000000 0.072726 -3.147633
v 1.000000 0.072726 -3.157268
v 1.000000 0.042431 -3.181778
v 2.000000 0.072726 -3.191412
v 1.000000 0.072726 -3.191412
v 1.000000 0.042431 -3.199523
v 2.000000 0.042431 -3.199523
v 1.000000 0.086945 -3.191412
v 2.000000 0.026945 -3.800477
v 2.000000 0.026945 -3.860477
v 1.000000 0.026945 -3.860477
v 1.000000 0.026945 -3.800477
v 2.000000 0.086945 -3.808588
v 1.000000 0.042431 -3.860477
v 1.000000 0.086945 -3.852366
v 2.000000 0.072726 -3.818222
v 1.000000 0.072726 -3.818222
v 2.000000 0.072726 -3.852366
v 2.000000 0.072726 -3.842732
v 1.000000 0.042431 -3.842732
v 1.000000 0.072726 -3.852366
v 1.000000 0.072726 -3.842732
v 1.000000 0.042431 -3.818222
v 2.000000 0.072726 -3.808588
v 1.000000 0.072726 -3.808588
v 1.000000 0.042431 -3.800477
v 1.000000 0.086945 -3.808588
v 1.890000 -0.024137 -3.817867
v 1.890000 0.055863 -3.817867
v 1.890000 -0.024137 -3.787867
v 1.890000 0.055863 -3.787867
v 1.860000 -0.024137 -3.787867
v 1.860000 0.055863 -3.787867
v 1.860000 -0.024137 -3.817867
v 1.860000 0.055863 -3.817867
v 1.890000 -0.024137 -3.182133
v 1.890000 0.055863 -3.182133
v 1.890000 -0.024137 -3.212133
v 1.890000 0.055863 -3.212133
v 1.860000 -0.024137 -3.212133
v 1.860000 0.055863 -3.212133
v 1.860000 -0.024137 -3.182133
v 1.860000 0.055863 -3.182133
v 1.640000 -0.024137 -3.817867
v 1.640000 0.055863 -3.817867
v 1.640000 -0.024137 -3.787867
v 1.640000 0.055863 -3.787867
v 1.610000 -0.024137 -3.787867
v 1.610000 0.055863 -3.787867
v 1.610000 -0.024137 -3.817867
v 1.610000 0.055863 -3.817867
v 1.640000 -0.024137 -3.182133
v 1.640000 0.055863 -3.182133
v 1.640000 -0.024137 -3.212133
v 1.640000 0.055863 -3.212133
v 1.610000 -0.024137 -3.212133
v 1.610000 0.055863 -3.212133
v 1.610000 -0.024137 -3.182133
v 1.610000 0.055863 -3.182133
v 1.390000 -0.024137 -3.817867
v 1.390000 0.055863 -3.817867
v 1.390000 -0.024137 -3.787867
v 1.390000 0.055863 -3.787867
v 1.360000 -0.024137 -3.787867
v 1.360000 0.055863 -3.787867
v 1.360000 -0.024137 -3.817867
v 1.360000 0.055863 -3.817867
v 1.390000 -0.024137 -3.182133
v 1.390000 0.055863 -3.182133
v 1.390000 -0.024137 -3.212133
v 1.390000 0.055863 -3.212133
v 1.360000 -0.024137 -3.212133
v 1.360000 0.055863 -3.212133
v 1.360000 -0.024137 -3.182133
v 1.360000 0.055863 -3.182133
v 1.140000 -0.024137 -3.817867
v 1.140000 0.055863 -3.817867
v 1.140000 -0.024137 -3.787867
v 1.140000 0.055863 -3.787867
v 1.110000 -0.024137 -3.787867
v 1.110000 0.055863 -3.787867
v 1.110000 -0.024137 -3.817867
v 1.110000 0.055863 -3.817867
v 1.140000 -0.024137 -3.182133
v 1.140000 0.055863 -3.182133
v 1.140000 -0.024137 -3.212133
v 1.140000 0.055863 -3.212133
v 1.110000 -0.024137 -3.212133
v 1.110000 0.055863 -3.212133
v 1.110000 -0.024137 -3.182133
v 1.110000 0.055863 -3.182133
v 1.195000 -0.028858 -3.970000
v 1.195000 0.031142 -3.970000
v 1.195000 -0.028858 -3.030000
v 1.195000 0.031142 -3.030000
v 1.055000 -0.028858 -3.030000
v 1.055000 0.031142 -3.030000
v 1.055000 -0.028858 -3.970000
v 1.055000 0.031142 -3.970000
v 1.445000 -0.028858 -3.970000
v 1.445000 0.031142 -3.970000
v 1.445000 -0.028858 -3.030000
v 1.445000 0.031142 -3.030000
v 1.305000 -0.028858 -3.030000
v 1.305000 0.031142 -3.030000
v 1.305000 -0.028858 -3.970000
v 1.305000 0.031142 -3.970000
v 1.695000 -0.028858 -3.970000
v 1.695000 0.031142 -3.970000
v 1.695000 -0.028858 -3.030000
v 1.695000 0.031142 -3.030000
v 1.555000 -0.028858 -3.030000
v 1.555000 0.031142 -3.030000
v 1.555000 -0.028858 -3.970000
v 1.555000 0.031142 -3.970000
v 1.945000 -0.028858 -3.970000
v 1.945000 0.031142 -3.970000
v 1.945000 -0.028858 -3.030000
v 1.945000 0.031142 -3.030000
v 1.805000 -0.028858 -3.030000
v 1.805000 0.031142 -3.030000
v 1.805000 -0.028858 -3.970000
v 1.805000 0.031142 -3.970000
v 3.000000 0.026945 -3.199523
v 3.000000 0.026945 -3.139523
v 2.000000 0.026945 -3.139523
v 2.000000 0.026945 -3.199523
v 3.000000 0.086945 -3.191412
v 3.000000 0.042431 -3.139523
v 3.000000 0.042431 -3.181778
v 3.000000 0.042431 -3.157268
v 3.000000 0.072726 -3.181778
v 2.000000 0.072726 -3.181778
v 2.000000 0.072726 -3.147633
v 2.000000 0.072726 -3.157268
v 2.000000 0.042431 -3.181778
v 3.000000 0.072726 -3.191412
v 3.000000 0.042431 -3.199523
v 3.000000 0.086945 -3.852366
v 2.000000 0.042431 -3.860477
v 2.000000 0.086945 -3.852366
v 3.000000 0.072726 -3.852366
v 2.000000 0.042431 -3.842732
v 2.000000 0.042431 -3.818222
v 3.000000 0.072726 -3.808588
v 2.000000 0.042431 -3.800477
v 2.890000 -0.024137 -3.817867
v 2.890000 0.055863 -3.817867
v 2.890000 -0.024137 -3.787867
v 2.890000 0.055863 -3.787867
v 2.860000 -0.024137 -3.787867
v 2.860000 0.055863 -3.787867
v 2.860000 -0.024137 -3.817867
v 2.860000 0.055863 -3.817867
v 2.890000 -0.024137 -3.182133
v 2.890000 0.055863 -3.182133
v 2.890000 -0.024137 -3.212133
v 2.890000 0.055863 -3.212133
v 2.860000 -0.024137 -3.212133
v 2.860000 0.055863 -3.212133
v 2.860000 -0.024137 -3.182133
v 2.860000 0.055863 -3.182133
v 2.640000 -0.024137 -3.817867
v 2.640000 0.055863 -3.817867
v 2.640000 -0.024137 -3.787867
v 2.640000 0.055863 -3.787867
v 2.610000 -0.024137 -3.787867
v 2.610000 0.055863 -3.787867
v 2.610000 -0.024137 -3.817867
v 2.610000 0.055863 -3.817867
v 2.640000 -0.024137 -3.182133
v 2.640000 0.055863 -3.182133
v 2.640000 -0.024137 -3.212133
v 2.640000 0.055863 -3.212133
v 2.610000 -0.024137 -3.212133
v 2.610000 0.055863 -3.212133
v 2.610000 -0.024137 -3.182133
v 2.610000 0.055863 -3.182133
v 2.390000 -0.024137 -3.817867
v 2.390000 0.055863 -3.817867
v 2.390000 -0.024137 -3.787867
v 2.390000 0.055863 -3.787867
v 2.360000 -0.024137 -3.787867
v 2.360000 0.055863 -3.787867
v 2.360000 -0.024137 -3.817867
v 2.360000 0.055863 -3.817867
v 2.390000 -0.024137 -3.182133
v 2.390000 0.055863 -3.182133
v 2.390000 -0.024137 -3.212133
v 2.390000 0.055863 -3.212133
v 2.360000 -0.024137 -3.212133
v 2.360000 0.055863 -3.212133
v 2.360000 -0.024137 -3.182133
v 2.360000 0.055863 -3.182133
v 2.140000 -0.024137 -3.817867
v 2.140000 0.055863 -3.817867
v 2.140000 -0.024137 -3.787867
v 2.140000 0.055863 -3.787867
v 2.110000 -0.024137 -3.787867
v 2.110000 0.055863 -3.787867
v 2.110000 -0.024137 -3.817867
v 2.110000 0.055863 -3.817867
v 2.140000 -0.024137 -3.182133
v 2.140000 0.055863 -3.182133
v 2.140000 -0.024137 -3.212133
v 2.140000 0.055863 -3.212133
v 2.110000 -0.024137 -3.212133
v 2.110000 0.055863 -3.212133
v 2.110000 -0.024137 -3.182133
v 2.110000 0.055863 -3.182133
v 2.195000 -0.028858 -3.970000
v 2.195000 0.031142 -3.970000
v 2.195000 -0.028858 -3.030000
v 2.195000 0.031142 -3.030000
v 2.055000 -0.028858 -3.030000
v 2.055000 0.031142 -3.030000
v 2.055000 -0.028858 -3.970000
v 2.055000 0.031142 -3.970000
v 2.445000 -0.028858 -3.970000
v 2.445000 0.031142 -3.970000
v 2.445000 -0.028858 -3.030000
v 2.445000 0.031142 -3.030000
v 2.305000 -0.028858 -3.030000
v 2.305000 0.031142 -3.030000
v 2.305000 -0.028858 -3.970000
v 2.305000 0.031142 -3.970000
v 2.695000 -0.028858 -3.970000
v 2.695000 0.031142 -3.970000
v 2.695000 -0.028858 -3.030000
v 2.695000 0.031142 -3.030000
v 2.555000 -0.028858 -3.030000
v 2.555000 0.031142 -3.030000
v 2.555000 -0.028858 -3.970000
v 2.555000 0.031142 -3.970000
v 2.945000 -0.028858 -3.970000
v 2.945000 0.031142 -3.970000
v 2.945000 -0.028858 -3.030000
v 2.945000 0.031142 -3.030000
v 2.805000 -0.028858 -3.030000
v 2.805000 0.031142 -3.030000
v 2.805000 -0.028858 -3.970000
v 2.805000 0.031142 -3.970000
v 2.135319 0.026945 -3.199523
v 2.135319 0.026945 -3.139523
v 2.135319 0.086945 -3.147633
v 2.135319 0.086945 -3.191412
v 2.135319 0.042431 -3.139523
v 2.135319 0.042431 -3.181778
v 2.135319 0.042431 -3.157268
v 2.135319 0.072726 -3.181778
v 2.135319 0.072726 -3.147633
v 2.135319 0.072726 -3.157268
v 2.135319 0.072726 -3.191412
v 2.135319 0.042431 -3.199523
v 2.318008 0.026945 -3.199523
v 2.318008 0.026945 -3.139523
v 2.318008 0.086945 -3.147633
v 2.318008 0.086945 -3.191412
v 2.318008 0.042431 -3.139523
v 2.318008 0.042431 -3.181778
v 2.318008 0.042431 -3.157268
v 2.318008 0.072726 -3.181778
v 2.318008 0.072726 -3.147633
v 2.318008 0.072726 -3.157268
v 2.318008 0.072726 -3.191412
v 2.318008 0.042431 -3.199523
v 4.000000 0.026945 -3.199523
v 4.000000 0.026945 -3.139523
v 4.000000 0.086945 -3.147634
v 4.000000 0.086945 -3.191412
v 4.000000 0.042431 -3.139523
v 3.000000 0.086945 -3.147633
v 4.000000 0.042431 -3.181778
v 4.000000 0.042431 -3.157268
v 4.000000 0.072726 -3.181778
v 4.000000 0.072726 -3.147634
v 4.000000 0.072726 -3.157268
v 3.000000 0.072726 -3.147633
v 3.000000 0.072726 -3.157268
v 4.000000 0.072726 -3.191412
v 4.000000 0.042431 -3.199523
v 4.000000 0.026945 -3.800477
v 3.000000 0.026945 -3.860477
v 3.000000 0.026945 -3.800477
v 4.000000 0.086945 -3.852366
v 4.000000 0.086945 -3.808588
v 3.000000 0.042431 -3.860477
v 4.000000 0.072726 -3.818222
v 3.000000 0.072726 -3.818222
v 4.000000 0.072726 -3.852366
v 4.000000 0.072726 -3.842732
v 3.000000 0.042431 -3.842732
v 3.000000 0.072726 -3.842732
v 3.000000 0.042431 -3.818222
v 3.000000 0.042431 -3.800477
v 3.000000 0.086945 -3.808588
v 3.890000 -0.024137 -3.817867
v 3.890000 0.055863 -3.817867
v 3.890000 -0.024137 -3.787867
v 3.890000 0.055863 -3.787867
v 3.860000 -0.024137 -3.787867
v 3.860000 0.055863 -3.787867
v 3.860000 -0.024137 -3.817867
v 3.860000 0.055863 -3.817867
v 3.890000 -0.024137 -3.182133
v 3.890000 0.055863 -3.182133
v 3.890000 -0.024137 -3.212133
v 3.890000 0.055863 -3.212133
v 3.860000 -0.024137 -3.212133
v 3.860000 0.055863 -3.212133
v 3.860000 -0.024137 -3.182133
v 3.860000 0.055863 -3.182133
v 3.640000 -0.024137 -3.817867
v 3.640000 0.055863 -3.817867
v 3.640000 -0.024137 -3.787867
v 3.640000 0.055863 -3.787867
v 3.610000 -0.024137 -3.787867
v 3.610000 0.055863 -3.787867
v 3.610000 -0.024137 -3.817867
v 3.610000 0.055863 -3.817867
v 3.640000 -0.024137 -3.182133
v 3.640000 0.055863 -3.182133
v 3.640000 -0.024137 -3.212133
v 3.640000 0.055863 -3.212133
v 3.610000 -0.024137 -3.212133
v 3.610000 0.055863 -3.212133
v 3.610000 -0.024137 -3.182133
v 3.610000 0.055863 -3.182133
v 3.390000 -0.024137 -3.817867
v 3.390000 0.055863 -3.817867
v 3.390000 -0.024137 -3.787867
v 3.390000 0.055863 -3.787867
v 3.360000 -0.024137 -3.787867
v 3.360000 0.055863 -3.787867
v 3.360000 -0.024137 -3.817867
v 3.360000 0.055863 -3.817867
v 3.390000 -0.024137 -3.182133
v 3.390000 0.055863 -3.182133
v 3.390000 -0.024137 -3.212133
v 3.390000 0.055863 -3.212133
v 3.360000 -0.024137 -3.212133
v 3.360000 0.055863 -3.212133
v 3.360000 -0.024137 -3.182133
v 3.360000 0.055863 -3.182133
v 3.140000 -0.024137 -3.817867
v 3.140000 0.055863 -3.817867
v 3.140000 -0.024137 -3.787867
v 3.140000 0.055863 -3.787867
v 3.110000 -0.024137 -3.787867
v 3.110000 0.055863 -3.787867
v 3.110000 -0.024137 -3.817867
v 3.110000 0.055863 -3.817867
v 3.140000 -0.024137 -3.182133
v 3.140000 0.055863 -3.182133
v 3.140000 -0.024137 -3.212133
v 3.140000 0.055863 -3.212133
v 3.110000 -0.024137 -3.212133
v 3.110000 0.055863 -3.212133
v 3.110000 -0.024137 -3.182133
v 3.110000 0.055863 -3.182133
v 3.195000 -0.028858 -3.970000
v 3.195000 0.031142 -3.970000
v 3.195000 -0.028858 -3.030000
v 3.195000 0.031142 -3.030000
v 3.055000 -0.028858 -3.030000
v 3.055000 0.031142 -3.030000
v 3.055000 -0.028858 -3.970000
v 3.055000 0.031142 -3.970000
v 3.445000 -0.028858 -3.970000
v 3.445000 0.031142 -3.970000
v 3.445000 -0.028858 -3.030000
v 3.445000 0.031142 -3.030000
v 3.305000 -0.028858 -3.030000
v 3.305000 0.031142 -3.030000
v 3.305000 -0.028858 -3.970000
v 3.305000 0.031142 -3.970000
v 3.695000 -0.028858 -3.970000
v 3.695000 0.031142 -3.970000
v 3.695000 -0.028858 -3.030000
v 3.695000 0.031142 -3.030000
v 3.555000 -0.028858 -3.030000
v 3.555000 0.031142 -3.030000
v 3.555000 -0.028858 -3.970000
v 3.555000 0.031142 -3.970000
v 3.945000 -0.028858 -3.970000
v 3.945000 0.031142 -3.970000
v 3.945000 -0.028858 -3.030000
v 3.945000 0.031142 -3.030000
v 3.805000 -0.028858 -3.030000
v 3.805000 0.031142 -3.030000
v 3.805000 -0.028858 -3.970000
v 3.805000 0.031142 -3.970000
v 5.000000 0.026945 -3.199523
v 5.000000 0.026945 -3.139523
v 4.073523 0.026945 -3.199523
v 4.073523 0.026945 -3.139523
v 5.000000 0.086945 -3.147634
v 5.000000 0.086945 -3.191412
v 5.000000 0.042431 -3.139523
v 4.073523 0.086945 -3.147634
v 4.073523 0.086945 -3.191412
v 5.000000 0.042431 -3.181778
v 5.000000 0.042431 -3.157268
v 5.000000 0.072726 -3.181778
v 4.073523 0.042431 -3.139523
v 5.000000 0.072726 -3.147634
v 5.000000 0.072726 -3.157268
v 4.073523 0.042431 -3.181778
v 4.073523 0.042431 -3.157268
v 4.073523 0.072726 -3.181778
v 4.073523 0.072726 -3.147634
v 5.000000 0.072726 -3.191412
v 4.073523 0.072726 -3.157268
v 4.073523 0.072726 -3.191412
v 5.000000 0.042431 -3.199523
v 4.073523 0.042431 -3.199523
v 5.000000 0.026945 -3.800477
v 5.000000 0.026945 -3.860477
v 4.000000 0.026945 -3.860477
v 5.000000 0.086945 -3.852366
v 5.000000 0.086945 -3.808588
v 5.000000 0.042431 -3.860477
v 4.000000 0.042431 -3.860477
v 5.000000 0.042431 -3.818222
v 5.000000 0.042431 -3.842732
v 5.000000 0.072726 -3.818222
v 5.000000 0.072726 -3.852366
v 5.000000 0.072726 -3.842732
v 4.000000 0.042431 -3.842732
v 4.000000 0.042431 -3.818222
v 5.000000 0.072726 -3.808588
v 4.000000 0.072726 -3.808588
v 4.000000 0.042431 -3.800477
v 5.000000 0.042431 -3.800477
v 4.890000 -0.024137 -3.817867
v 4.890000 0.055863 -3.817867
v 4.890000 -0.024137 -3.787867
v 4.890000 0.055863 -3.787867
v 4.860000 -0.024137 -3.787867
v 4.860000 0.055863 -3.787867
v 4.860000 -0.024137 -3.817867
v 4.860000 0.055863 -3.817867
v 4.890000 -0.024137 -3.182133
v 4.890000 0.055863 -3.182133
v 4.890000 -0.024137 -3.212133
v 4.890000 0.055863 -3.212133
v 4.860000 -0.024137 -3.212133
v 4.860000 0.055863 -3.212133
v 4.860000 -0.024137 -3.182133
v 4.860000 0.055863 -3.182133
v 4.640000 -0.024137 -3.817867
v 4.640000 0.055863 -3.817867
v 4.640000 -0.024137 -3.787867
v 4.640000 0.055863 -3.787867
v 4.610000 -0.024137 -3.787867
v 4.610000 0.055863 -3.787867
v 4.610000 -0.024137 -3.817867
v 4.610000 0.055863 -3.817867
v 4.640000 -0.024137 -3.182133
v 4.640000 0.055863 -3.182133
v 4.640000 -0.024137 -3.212133
v 4.640000 0.055863 -3.212133
v 4.610000 -0.024137 -3.212133
v 4.610000 0.055863 -3.212133
v 4.610000 -0.024137 -3.182133
v 4.610000 0.055863 -3.182133
v 4.390000 -0.024137 -3.817867
v 4.390000 0.055863 -3.817867
v 4.390000 -0.024137 -3.787867
v 4.390000 0.055863 -3.787867
v 4.360000 -0.024137 -3.787867
v 4.360000 0.055863 -3.787867
v 4.360000 -0.024137 -3.817867
v 4.360000 0.055863 -3.817867
v 4.390000 -0.024137 -3.182133
v 4.390000 0.055863 -3.182133
v 4.390000 -0.024137 -3.212133
v 4.390000 0.055863 -3.212133
v 4.360000 -0.024137 -3.212133
v 4.360000 0.055863 -3.212133
v 4.360000 -0.024137 -3.182133
v 4.360000 0.055863 -3.182133
v 4.140000 -0.024137 -3.817867
v 4.140000 0.055863 -3.817867
v 4.140000 -0.024137 -3.787867
v 4.140000 0.055863 -3.787867
v 4.110000 -0.024137 -3.787867
v 4.110000 0.055863 -3.787867
v 4.110000 -0.024137 -3.817867
v 4.110000 0.055863 -3.817867
v 4.140000 -0.024137 -3.182133
v 4.140000 0.055863 -3.182133
v 4.140000 -0.024137 -3.212133
v 4.140000 0.055863 -3.212133
v 4.110000 -0.024137 -3.212133
v 4.110000 0.055863 -3.212133
v 4.110000 -0.024137 -3.182133
v 4.110000 0.055863 -3.182133
v 4.195000 -0.028858 -3.970000
v 4.195000 0.031142 -3.970000
v 4.195000 -0.028858 -3.030000
v 4.195000 0.031142 -3.030000
v 4.055000 -0.028858 -3.030000
v 4.055000 0.031142 -3.030000
v 4.055000 -0.028858 -3.970000
v 4.055000 0.031142 -3.970000
v 4.445000 -0.028858 -3.970000
v 4.445000 0.031142 -3.970000
v 4.445000 -0.028858 -3.030000
v 4.445000 0.031142 -3.030000
v 4.305000 -0.028858 -3.030000
v 4.305000 0.031142 -3.030000
v 4.305000 -0.028858 -3.970000
v 4.305000 0.031142 -3.970000
v 4.695000 -0.028858 -3.970000
v 4.695000 0.031142 -3.970000
v 4.695000 -0.028858 -3.030000
v 4.695000 0.031142 -3.030000
v 4.555000 -0.028858 -3.030000
v 4.555000 0.031142 -3.030000
v 4.555000 -0.028858 -3.970000
v 4.555000 0.031142 -3.970000
v 4.945000 -0.028858 -3.970000
v 4.945000 0.031142 -3.970000
v 4.945000 -0.028858 -3.030000
v 4.945000 0.031142 -3.030000
v 4.805000 -0.028858 -3.030000
v 4.805000 0.031142 -3.030000
v 4.805000 -0.028858 -3.970000
v 4.805000 0.031142 -3.970000

vt -0.000122 0.156096 0.000000
vt 0.905875 0.034093 0.000000
vt 0.942399 0.062186 0.000000
vt -0.000122 0.210448 0.000000
vt 0.000000 0.048121 0.000000
vt 0.995971 0.062186 0.000000
vt 0.851004 0.156096 0.000000
vt 0.054750 0.034093 0.000000
vt 0.851004 0.210448 0.000000
vt 0.851125 0.048121 0.000000
vt 0.000000 0.012881 0.000000
vt 0.906075 0.259595 0.000000
vt 0.988729 0.115757 0.000000
vt 0.905875 0.025761 0.000000
vt 0.906075 0.219937 0.000000
vt 0.949641 0.115757 0.000000
vt 0.906075 0.297453 0.000000
vt 0.000000 0.062150 0.000000
vt 0.995971 0.076013 0.000000
vt 0.851125 0.012881 0.000000
vt 0.054949 0.259595 0.000000
vt 0.054750 0.025761 0.000000
vt 0.054949 0.219937 0.000000
vt 0.906075 0.312903 0.000000
vt 0.905875 0.093759 0.000000
vt 0.958243 0.076013 0.000000
vt 0.906075 0.281378 0.000000
vt 0.000000 0.062150 0.000000
vt 0.980127 0.076013 0.000000
vt 0.000512 0.330358 0.000000
vt 0.905875 0.121202 0.000000
vt 0.958243 0.103062 0.000000
vt 0.054949 0.297453 0.000000
vt 0.851125 0.062150 0.000000
vt 0.000512 0.321630 0.000000
vt 0.000000 0.000000 0.000000
vt 0.988729 0.103062 0.000000
vt 0.000512 0.312903 0.000000
vt 0.000000 0.089593 0.000000
vt 0.980127 0.103062 0.000000
vt 0.054949 0.312903 0.000000
vt 0.054750 0.093759 0.000000
vt 0.054949 0.281378 0.000000
vt 0.851125 0.062150 0.000000
vt 0.851637 0.330358 0.000000
vt 0.054750 0.121202 0.000000
vt 0.851637 0.321630 0.000000
vt 0.851125 0.000000 0.000000
vt 0.000512 0.321630 0.000000
vt 0.905875 0.012881 0.000000
vt 0.949641 0.103062 0.000000
vt 0.851637 0.312903 0.000000
vt 0.851125 0.089593 0.000000
vt 0.851637 0.321630 0.000000
vt 0.054750 0.012881 0.000000
vt 0.906075 0.296828 0.000000
vt 0.905875 0.048121 0.000000
vt 0.942399 0.076013 0.000000
vt 0.054949 0.296828 0.000000
vt 0.054750 0.048121 0.000000
vt -0.000122 0.156096 0.000000
vt 0.905875 0.034093 0.000000
vt 0.942399 0.062186 0.000000
vt -0.000122 0.210448 0.000000
vt 0.000000 0.048121 0.000000
vt 0.995971 0.062186 0.000000
vt 0.790882 0.156096 0.000000
vt 0.114872 0.034093 0.000000
vt 0.790882 0.210448 0.000000
vt 0.791003 0.048121 0.000000
vt 0.000000 0.012881 0.000000
vt 0.906075 0.259595 0.000000
vt 0.988729 0.115757 0.000000
vt 0.905875 0.025761 0.000000
vt 0.906075 0.219937 0.000000
vt 0.949641 0.115757 0.000000
vt 0.906075 0.297453 0.000000
vt 0.000000 0.062150 0.000000
vt 0.995971 0.076013 0.000000
vt 0.791003 0.012881 0.000000
vt 0.115071 0.259595 0.000000
vt 0.114872 0.025761 0.000000
vt 0.115071 0.219937 0.000000
vt 0.906075 0.312903 0.000000
vt 0.905875 0.093759 0.000000
vt 0.958243 0.076013 0.000000
vt 0.906075 0.281378 0.000000
vt 0.000000 0.062150 0.000000
vt 0.980127 0.076013 0.000000
vt 0.000512 0.330358 0.000000
vt 0.905875 0.121202 0.000000
vt 0.958243 0.103062 0.000000
vt 0.115071 0.297453 0.000000
vt 0.791003 0.062150 0.000000
vt 0.000512 0.321630 0.000000
vt 0.000000 0.000000 0.000000
vt 0.988729 0.103062 0.000000
vt 0.000512 0.312903 0.000000
vt 0.000000 0.089593 0.000000
vt 0.980127 0.103062 0.000000
vt 0.115071 0.312903 0.000000
vt 0.114872 0.093759 0.000000
vt 0.115071 0.281378 0.000000
vt 0.791003 0.062150 0.000000
vt 0.791515 0.330358 0.000000
vt 0.114872 0.121202 0.000000
vt 0.791515 0.321630 0.000000
vt 0.791003 0.000000 0.000000
vt 0.000512 0.321630 0.000000
vt 0.905875 0.012881 0.000000
vt 0.949641 0.103062 0.000000
vt 0.791515 0.312903 0.000000
vt 0.791003 0.089593 0.000000
vt 0.791515 0.321630 0.000000
vt 0.114872 0.012881 0.000000
vt 0.906075 0.296828 0.000000
vt 0.905875 0.048121 0.000000
vt 0.942399 0.076013 0.000000
vt 0.115071 0.296828 0.000000
vt 0.114872 0.048121 0.000000
vt 0.999050 0.183297 0.000000
vt 0.939310 0.183297 0.000000
vt 0.939081 0.132863 0.000000
vt 0.999050 0.342604 0.000000
vt 0.939310 0.342604 0.000000
vt 0.939310 0.183297 0.000000
vt 0.999050 0.183297 0.000000
vt 0.985655 0.132863 0.000000
vt 0.939310 0.342604 0.000000
vt 0.999050 0.342604 0.000000
vt 0.939310 0.183297 0.000000
vt 0.999050 0.183297 0.000000
vt 0.985655 0.179437 0.000000
vt 0.939310 0.342604 0.000000
vt 0.999050 0.342604 0.000000
vt 0.939310 0.183297 0.000000
vt 0.999050 0.183297 0.000000
vt 0.939081 0.179437 0.000000
vt 0.939310 0.342604 0.000000
vt 0.999050 0.342604 0.000000
vt 0.999050 0.183297 0.000000
vt 0.939310 0.183297 0.000000
vt 0.939081 0.132863 0.000000
vt 0.999050 0.342604 0.000000
vt 0.939310 0.342604 0.000000
vt 0.939310 0.183297 0.000000
vt 0.999050 0.183297 0.000000
vt 0.985655 0.132863 0.000000
vt 0.939310 0.342604 0.000000
vt 0.999050 0.342604 0.000000
vt 0.939310 0.183297 0.000000
vt 0.999050 0.183297 0.000000
vt 0.985655 0.179437 0.000000
vt 0.939310 0.342604 0.000000
vt 0.999050 0.342604 0.000000
vt 0.939310 0.183297 0.000000
vt 0.999050 0.183297 0.000000
vt 0.939081 0.179437 0.000000
vt 0.939310 0.342604 0.000000
vt 0.999050 0.342604 0.000000
vt 0.999050 0.183297 0.000000
vt 0.939310 0.183297 0.000000
vt 0.939081 0.132863 0.000000
vt 0.999050 0.342604 0.000000
vt 0.939310 0.342604 0.000000
vt 0.939310 0.183297 0.000000
vt 0.999050 0.183297 0.000000
vt 0.985655 0.132863 0.000000
vt 0.939310 0.342604 0.000000
vt 0.999050 0.342604 0.000000
vt 0.939310 0.183297 0.000000
vt 0.999050 0.183297 0.000000
vt 0.985655 0.179437 0.000000
vt 0.939310 0.342604 0.000000
vt 0.999050 0.342604 0.000000
vt 0.939310 0.183297 0.000000
vt 0.999050 0.183297 0.000000
vt 0.939081 0.179437 0.000000
vt 0.939310 0.342604 0.000000
vt 0.999050 0.342604 0.000000
vt 0.999050 0.183297 0.000000
vt 0.939310 0.183297 0.000000
vt 0.939081 0.132863 0.000000
vt 0.999050 0.342604 0.000000
vt 0.939310 0.342604 0.000000
vt 0.939310 0.183297 0.000000
vt 0.999050 0.183297 0.000000
vt 0.985655 0.132863 0.000000
vt 0.939310 0.342604 0.000000
vt 0.999050 0.342604 0.000000
vt 0.939310 0.183297 0.000000
vt 0.999050 0.183297 0.000000
vt 0.985655 0.179437 0.000000
vt 0.939310 0.342604 0.000000
vt 0.999050 0.342604 0.000000
vt 0.939310 0.183297 0.000000
vt 0.999050 0.183297 0.000000
vt 0.939081 0.179437 0.000000
vt 0.939310 0.342604 0.000000
vt 0.999050 0.342604 0.000000
vt 0.999050 0.183297 0.000000
vt 0.939310 0.183297 0.000000
vt 0.939081 0.132863 0.000000
vt 0.999050 0.342604 0.000000
vt 0.939310 0.342604 0.000000
vt 0.939310 0.183297 0.000000
vt 0.999050 0.183297 0.000000
vt 0.985655 0.132863 0.000000
vt 0.939310 0.342604 0.000000
vt 0.999050 0.342604 0.000000
vt 0.939310 0.183297 0.000000
vt 0.999050 0.183297 0.000000
vt 0.985655 0.179437 0.000000
vt 0.939310 0.342604 0.000000
vt 0.999050 0.342604 0.000000
vt 0.939310 0.183297 0.000000
vt 0.999050 0.183297 0.000000
vt 0.939081 0.179437 0.000000
vt 0.939310 0.342604 0.000000
vt 0.999050 0.342604 0.000000
vt 0.999050 0.183297 0.000000
vt 0.939310 0.183297 0.000000
vt 0.939081 0.132863 0.000000
vt 0.999050 0.342604 0.000000
vt 0.939310 0.342604 0.000000
vt 0.939310 0.183297 0.000000
vt 0.999050 0.183297 0.000000
vt 0.985655 0.132863 0.000000
vt 0.939310 0.342604 0.000000
vt 0.999050 0.342604 0.000000
vt 0.939310 0.183297 0.000000
vt 0.999050 0.183297 0.000000
vt 0.985655 0.179437 0.000000
vt 0.939310 0.342604 0.000000
vt 0.999050 0.342604 0.000000
vt 0.939310 0.183297 0.000000
vt 0.999050 0.183297 0.000000
vt 0.939081 0.179437 0.000000
vt 0.939310 0.342604 0.000000
vt 0.999050 0.342604 0.000000
vt 0.999050 0.183297 0.000000
vt 0.939310 0.183297 0.000000
vt 0.939081 0.132863 0.000000
vt 0.999050 0.342604 0.000000
vt 0.939310 0.342604 0.000000
vt 0.939310 0.183297 0.000000
vt 0.999050 0.183297 0.000000
vt 0.985655 0.132863 0.000000
vt 0.939310 0.342604 0.000000
vt 0.999050 0.342604 0.000000
vt 0.939310 0.183297 0.000000
vt 0.999050 0.183297 0.000000
vt 0.985655 0.179437 0.000000
vt 0.939310 0.342604 0.000000
vt 0.999050 0.342604 0.000000
vt 0.939310 0.183297 0.000000
vt 0.999050 0.183297 0.000000
vt 0.939081 0.179437 0.000000
vt 0.939310 0.342604 0.000000
vt 0.999050 0.342604 0.000000
vt 0.999050 0.183297 0.000000
vt 0.939310 0.183297 0.000000
vt 0.939081 0.132863 0.000000
vt 0.999050 0.342604 0.000000
vt 0.939310 0.342604 0.000000
vt 0.939310 0.183297 0.000000
vt 0.999050 0.183297 0.000000
vt 0.985655 0.132863 0.000000
vt 0.939310 0.342604 0.000000
vt 0.999050 0.342604 0.000000
vt 0.939310 0.183297 0.000000
vt 0.999050 0.183297 0.000000
vt 0.985655 0.179437 0.000000
vt 0.939310 0.342604 0.000000
vt 0.999050 0.342604 0.000000
vt 0.939310 0.183297 0.000000
vt 0.999050 0.183297 0.000000
vt 0.939081 0.179437 0.000000
vt 0.939310 0.342604 0.000000
vt 0.999050 0.342604 0.000000
vt 0.302823 0.656284 0.000000
vt -0.000781 0.781451 0.000000
vt -0.000466 0.505675 0.000000
vt 0.302823 0.718868 0.000000
vt -0.000781 0.844034 0.000000
vt 0.000156 0.656284 0.000000
vt 0.979692 0.781451 0.000000
vt 0.999534 0.505675 0.000000
vt 0.000156 0.718868 0.000000
vt 0.979692 0.844034 0.000000
vt 0.000156 0.718868 0.000000
vt 0.146184 0.656284 0.000000
vt 0.999534 0.654611 0.000000
vt 0.000156 0.781451 0.000000
vt 0.146184 0.718868 0.000000
vt 0.156795 0.656284 0.000000
vt 0.980629 0.718868 0.000000
vt -0.000466 0.654611 0.000000
vt 0.156795 0.718868 0.000000
vt 0.980629 0.781451 0.000000
vt 0.302823 0.656284 0.000000
vt -0.000781 0.781451 0.000000
vt 0.000000 0.851064 0.000000
vt 0.302823 0.718868 0.000000
vt -0.000781 0.844034 0.000000
vt -0.000781 0.656284 0.000000
vt 0.979692 0.781451 0.000000
vt 1.000000 0.851064 0.000000
vt -0.000781 0.718868 0.000000
vt 0.979692 0.844034 0.000000
vt -0.000781 0.718868 0.000000
vt 0.145247 0.656284 0.000000
vt 1.000000 1.000000 0.000000
vt -0.000781 0.781451 0.000000
vt 0.145247 0.718868 0.000000
vt 0.156795 0.656284 0.000000
vt 0.979692 0.718868 0.000000
vt 0.000000 1.000000 0.000000
vt 0.156795 0.718868 0.000000
vt 0.979692 0.781451 0.000000
vt 0.302823 0.656284 0.000000
vt -0.000781 0.781451 0.000000
vt -0.000103 0.349106 0.000000
vt 0.302823 0.718868 0.000000
vt -0.000781 0.844034 0.000000
vt -0.000781 0.656284 0.000000
vt 0.979692 0.781451 0.000000
vt 0.999897 0.349106 0.000000
vt -0.000781 0.718868 0.000000
vt 0.979692 0.844034 0.000000
vt -0.000781 0.718868 0.000000
vt 0.145247 0.656284 0.000000
vt 0.999897 0.498042 0.000000
vt -0.000781 0.781451 0.000000
vt 0.145247 0.718868 0.000000
vt 0.156795 0.656284 0.000000
vt 0.979692 0.718868 0.000000
vt -0.000103 0.498042 0.000000
vt 0.156795 0.718868 0.000000
vt 0.979692 0.781451 0.000000
vt 0.302823 0.656284 0.000000
vt -0.000781 0.781451 0.000000
vt 0.000000 0.851064 0.000000
vt 0.302823 0.718868 0.000000
vt -0.000781 0.844034 0.000000
vt -0.000781 0.656284 0.000000
vt 0.979692 0.781451 0.000000
vt 1.000000 0.851064 0.000000
vt -0.000781 0.718868 0.000000
vt 0.979692 0.844034 0.000000
vt -0.000781 0.718868 0.000000
vt 0.145247 0.656284 0.000000
vt 1.000000 1.000000 0.000000
vt -0.000781 0.781451 0.000000
vt 0.145247 0.718868 0.000000
vt 0.156795 0.656284 0.000000
vt 0.979692 0.718868 0.000000
vt 0.000000 1.000000 0.000000
vt 0.156795 0.718868 0.000000
vt 0.979692 0.781451 0.000000
vt -0.000122 0.156096 0.000000
vt 0.905875 0.034093 0.000000
vt 0.942399 0.062186 0.000000
vt -0.000122 0.210448 0.000000
vt 0.000000 0.048121 0.000000
vt 0.995971 0.062186 0.000000
vt 0.905753 0.210448 0.000000
vt 0.943180 0.000413 0.000000
vt 0.905875 0.048121 0.000000
vt 0.905753 0.156096 0.000000
vt 0.000000 0.034093 0.000000
vt 0.996752 0.000413 0.000000
vt 0.000000 0.012881 0.000000
vt 0.906075 0.259595 0.000000
vt 0.988729 0.115757 0.000000
vt 0.905875 0.025761 0.000000
vt 0.906075 0.219937 0.000000
vt 0.949641 0.115757 0.000000
vt 0.906075 0.297453 0.000000
vt 0.000000 0.062150 0.000000
vt 0.995971 0.076013 0.000000
vt 0.000200 0.297453 0.000000
vt 0.943180 0.014240 0.000000
vt 0.905875 0.062150 0.000000
vt 0.905875 0.012881 0.000000
vt 0.000200 0.259595 0.000000
vt 0.950422 0.053985 0.000000
vt 0.906075 0.312903 0.000000
vt 0.905875 0.093759 0.000000
vt 0.958243 0.076013 0.000000
vt 0.906075 0.281378 0.000000
vt 0.000000 0.062150 0.000000
vt 0.980127 0.076013 0.000000
vt 0.000512 0.330358 0.000000
vt 0.905875 0.121202 0.000000
vt 0.958243 0.103062 0.000000
vt 0.906387 0.330358 0.000000
vt 0.000000 0.121202 0.000000
vt 0.980908 0.041289 0.000000
vt 0.000512 0.321630 0.000000
vt 0.000000 0.000000 0.000000
vt 0.988729 0.103062 0.000000
vt 0.000512 0.312903 0.000000
vt 0.000000 0.089593 0.000000
vt 0.980127 0.103062 0.000000
vt 0.000200 0.281378 0.000000
vt 0.905875 0.062150 0.000000
vt 0.959024 0.014240 0.000000
vt 0.906387 0.321630 0.000000
vt 0.905875 0.000000 0.000000
vt 0.950422 0.041289 0.000000
vt 0.906387 0.312903 0.000000
vt 0.905875 0.089593 0.000000
vt 0.959024 0.041289 0.000000
vt 0.000200 0.312903 0.000000
vt 0.000000 0.093759 0.000000
vt 0.980908 0.014240 0.000000
vt 0.000512 0.321630 0.000000
vt 0.905875 0.012881 0.000000
vt 0.949641 0.103062 0.000000
vt 0.906387 0.321630 0.000000
vt 0.000000 0.012881 0.000000
vt 0.989510 0.041289 0.000000
vt 0.000200 0.296828 0.000000
vt 0.000000 0.048121 0.000000
vt 0.996752 0.014240 0.000000
vt 0.906075 0.296828 0.000000
vt 0.905875 0.048121 0.000000
vt 0.942399 0.076013 0.000000
vt 0.000000 0.025761 0.000000
vt 0.000200 0.219937 0.000000
vt 0.989510 0.053985 0.000000
vt 0.835540 0.034093 0.000000
vt 0.070214 0.156096 0.000000
vt 0.070335 0.048121 0.000000
vt 0.070214 0.210448 0.000000
vt 0.072368 0.034093 0.000000
vt 0.833385 0.156096 0.000000
vt 0.833507 0.048121 0.000000
vt 0.833385 0.210448 0.000000
vt 0.835739 0.259595 0.000000
vt 0.070335 0.012881 0.000000
vt 0.835739 0.219937 0.000000
vt 0.835540 0.025761 0.000000
vt 0.070335 0.062150 0.000000
vt 0.835739 0.297453 0.000000
vt 0.072568 0.259595 0.000000
vt 0.833507 0.012881 0.000000
vt 0.072568 0.219937 0.000000
vt 0.072368 0.025761 0.000000
vt 0.835739 0.312903 0.000000
vt 0.835540 0.093759 0.000000
vt 0.835739 0.281378 0.000000
vt 0.070335 0.062150 0.000000
vt 0.070847 0.330358 0.000000
vt 0.835540 0.121202 0.000000
vt 0.833507 0.062150 0.000000
vt 0.072568 0.297453 0.000000
vt 0.070847 0.321630 0.000000
vt 0.070335 0.000000 0.000000
vt 0.070847 0.312903 0.000000
vt 0.070335 0.089593 0.000000
vt 0.072568 0.312903 0.000000
vt 0.072368 0.093759 0.000000
vt 0.072568 0.281378 0.000000
vt 0.833507 0.062150 0.000000
vt 0.834019 0.330358 0.000000
vt 0.072368 0.121202 0.000000
vt 0.834019 0.321630 0.000000
vt 0.833507 0.000000 0.000000
vt 0.070847 0.321630 0.000000
vt 0.835540 0.012881 0.000000
vt 0.834019 0.312903 0.000000
vt 0.833507 0.089593 0.000000
vt 0.834019 0.321630 0.000000
vt 0.072368 0.012881 0.000000
vt 0.835540 0.048121 0.000000
vt 0.835739 0.296828 0.000000
vt 0.072368 0.048121 0.000000
vt 0.072568 0.296828 0.000000
vt 0.996621 0.000722 0.000000
vt 0.178216 0.156096 0.000000
vt 0.727537 0.034093 0.000000
vt 0.943139 0.000722 0.000000
vt 0.178216 0.210448 0.000000
vt 0.178338 0.048121 0.000000
vt 0.905753 0.210448 0.000000
vt 0.943180 0.000413 0.000000
vt 0.905875 0.048121 0.000000
vt 0.905753 0.156096 0.000000
vt 0.000000 0.034093 0.000000
vt 0.996752 0.000413 0.000000
vt 0.950368 0.054204 0.000000
vt 0.178338 0.012881 0.000000
vt 0.727737 0.259595 0.000000
vt 0.989391 0.054204 0.000000
vt 0.727537 0.025761 0.000000
vt 0.727737 0.219937 0.000000
vt 0.943139 0.014526 0.000000
vt 0.727737 0.297453 0.000000
vt 0.178338 0.062150 0.000000
vt 0.000200 0.297453 0.000000
vt 0.943180 0.014240 0.000000
vt 0.905875 0.062150 0.000000
vt 0.905875 0.012881 0.000000
vt 0.000200 0.259595 0.000000
vt 0.950422 0.053985 0.000000
vt 0.980803 0.014526 0.000000
vt 0.727737 0.312903 0.000000
vt 0.727537 0.093759 0.000000
vt 0.958956 0.014526 0.000000
vt 0.727737 0.281378 0.000000
vt 0.178338 0.062150 0.000000
vt 0.980803 0.041529 0.000000
vt 0.178850 0.330358 0.000000
vt 0.727537 0.121202 0.000000
vt 0.906387 0.330358 0.000000
vt 0.000000 0.121202 0.000000
vt 0.980908 0.041289 0.000000
vt 0.950368 0.041529 0.000000
vt 0.178850 0.321630 0.000000
vt 0.178338 0.000000 0.000000
vt 0.958956 0.041529 0.000000
vt 0.178850 0.312903 0.000000
vt 0.178338 0.089593 0.000000
vt 0.000200 0.281378 0.000000
vt 0.905875 0.062150 0.000000
vt 0.959024 0.014240 0.000000
vt 0.906387 0.321630 0.000000
vt 0.905875 0.000000 0.000000
vt 0.950422 0.041289 0.000000
vt 0.906387 0.312903 0.000000
vt 0.905875 0.089593 0.000000
vt 0.959024 0.041289 0.000000
vt 0.000200 0.312903 0.000000
vt 0.000000 0.093759 0.000000
vt 0.980908 0.014240 0.000000
vt 0.989391 0.041529 0.000000
vt 0.178850 0.321630 0.000000
vt 0.727537 0.012881 0.000000
vt 0.906387 0.321630 0.000000
vt 0.000000 0.012881 0.000000
vt 0.989510 0.041289 0.000000
vt 0.000200 0.296828 0.000000
vt 0.000000 0.048121 0.000000
vt 0.996752 0.014240 0.000000
vt 0.996621 0.014526 0.000000
vt 0.727737 0.296828 0.000000
vt 0.727537 0.048121 0.000000
vt 0.000000 0.025761 0.000000
vt 0.000200 0.219937 0.000000
vt 0.989510 0.053985 0.000000
vt 0.071279 0.156096 0.000000
vt 0.834475 0.034093 0.000000
vt 0.071279 0.210448 0.000000
vt 0.071400 0.048121 0.000000
vt 0.835534 0.156096 0.000000
vt 0.070220 0.034093 0.000000
vt 0.835534 0.210448 0.000000
vt 0.835655 0.048121 0.000000
vt 0.071400 0.012881 0.000000
vt 0.834674 0.259595 0.000000
vt 0.834475 0.025761 0.000000
vt 0.834674 0.219937 0.000000
vt 0.834674 0.297453 0.000000
vt 0.071400 0.062150 0.000000
vt 0.835655 0.012881 0.000000
vt 0.070419 0.259595 0.000000
vt 0.070220 0.025761 0.000000
vt 0.070419 0.219937 0.000000
vt 0.834674 0.312903 0.000000
vt 0.834475 0.093759 0.000000
vt 0.834674 0.281378 0.000000
vt 0.071400 0.062150 0.000000
vt 0.071912 0.330358 0.000000
vt 0.834475 0.121202 0.000000
vt 0.070419 0.297453 0.000000
vt 0.835655 0.062150 0.000000
vt 0.071912 0.321630 0.000000
vt 0.071400 0.000000 0.000000
vt 0.071912 0.312903 0.000000
vt 0.071400 0.089593 0.000000
vt 0.070419 0.312903 0.000000
vt 0.070220 0.093759 0.000000
vt 0.070419 0.281378 0.000000
vt 0.835655 0.062150 0.000000
vt 0.836167 0.330358 0.000000
vt 0.070220 0.121202 0.000000
vt 0.836167 0.321630 0.000000
vt 0.835655 0.000000 0.000000
vt 0.071912 0.321630 0.000000
vt 0.834475 0.012881 0.000000
vt 0.836167 0.312903 0.000000
vt 0.835655 0.089593 0.000000
vt 0.836167 0.321630 0.000000
vt 0.070220 0.012881 0.000000
vt 0.834674 0.296828 0.000000
vt 0.834475 0.048121 0.000000
vt 0.070419 0.296828 0.000000
vt 0.070220 0.048121 0.000000
vt 0.999050 0.183297 0.000000
vt 0.939310 0.183297 0.000000
vt 0.939081 0.132863 0.000000
vt 0.999050 0.342604 0.000000
vt 0.939310 0.342604 0.000000
vt 0.939310 0.183297 0.000000
vt 0.999050 0.183297 0.000000
vt 0.985655 0.132863 0.000000
vt 0.939310 0.342604 0.000000
vt 0.999050 0.342604 0.000000
vt 0.939310 0.183297 0.000000
vt 0.999050 0.183297 0.000000
vt 0.985655 0.179437 0.000000
vt 0.939310 0.342604 0.000000
vt 0.999050 0.342604 0.000000
vt 0.939310 0.183297 0.000000
vt 0.999050 0.183297 0.000000
vt 0.939081 0.179437 0.000000
vt 0.939310 0.342604 0.000000
vt 0.999050 0.342604 0.000000
vt 0.999050 0.183297 0.000000
vt 0.939310 0.183297 0.000000
vt 0.939081 0.132863 0.000000
vt 0.999050 0.342604 0.000000
vt 0.939310 0.342604 0.000000
vt 0.939310 0.183297 0.000000
vt 0.999050 0.183297 0.000000
vt 0.985655 0.132863 0.000000
vt 0.939310 0.342604 0.000000
vt 0.999050 0.342604 0.000000
vt 0.939310 0.183297 0.000000
vt 0.999050 0.183297 0.000000
vt 0.985655 0.179437 0.000000
vt 0.939310 0.342604 0.000000
vt 0.999050 0.342604 0.000000
vt 0.939310 0.183297 0.000000
vt 0.999050 0.183297 0.000000
vt 0.939081 0.179437 0.000000
vt 0.939310 0.342604 0.000000
vt 0.999050 0.342604 0.000000
vt 0.999050 0.183297 0.000000
vt 0.939310 0.183297 0.000000
vt 0.939081 0.132863 0.000000
vt 0.999050 0.342604 0.000000
vt 0.939310 0.342604 0.000000
vt 0.939310 0.183297 0.000000
vt 0.999050 0.183297 0.000000
vt 0.985655 0.132863 0.000000
vt 0.939310 0.342604 0.000000
vt 0.999050 0.342604 0.000000
vt 0.939310 0.183297 0.000000
vt 0.999050 0.183297 0.000000
vt 0.985655 0.179437 0.000000
vt 0.939310 0.342604 0.000000
vt 0.999050 0.342604 0.000000
vt 0.939310 0.183297 0.000000
vt 0.999050 0.183297 0.000000
vt 0.939081 0.179437 0.000000
vt 0.939310 0.342604 0.000000
vt 0.999050 0.342604 0.000000
vt 0.999050 0.183297 0.000000
vt 0.939310 0.183297 0.000000
vt 0.939081 0.132863 0.000000
vt 0.999050 0.342604 0.000000
vt 0.939310 0.342604 0.000000
vt 0.939310 0.183297 0.000000
vt 0.999050 0.183297 0.000000
vt 0.985655 0.132863 0.000000
vt 0.939310 0.342604 0.000000
vt 0.999050 0.342604 0.000000
vt 0.939310 0.183297 0.000000
vt 0.999050 0.183297 0.000000
vt 0.985655 0.179437 0.000000
vt 0.939310 0.342604 0.000000
vt 0.999050 0.342604 0.000000
vt 0.939310 0.183297 0.000000
vt 0.999050 0.183297 0.000000
vt 0.939081 0.179437 0.000000
vt 0.939310 0.342604 0.000000
vt 0.999050 0.342604 0.000000
vt 0.999050 0.183297 0.000000
vt 0.939310 0.183297 0.000000
vt 0.939081 0.132863 0.000000
vt 0.999050 0.342604 0.000000
vt 0.939310 0.342604 0.000000
vt 0.939310 0.183297 0.000000
vt 0.999050 0.183297 0.000000
vt 0.985655 0.132863 0.000000
vt 0.939310 0.342604 0.000000
vt 0.999050 0.342604 0.000000
vt 0.939310 0.183297 0.000000
vt 0.999050 0.183297 0.000000
vt 0.985655 0.179437 0.000000
vt 0.939310 0.342604 0.000000
vt 0.999050 0.342604 0.000000
vt 0.939310 0.183297 0.000000
vt 0.999050 0.183297 0.000000
vt 0.939081 0.179437 0.000000
vt 0.939310 0.342604 0.000000
vt 0.999050 0.342604 0.000000
vt 0.999050 0.183297 0.000000
vt 0.939310 0.183297 0.000000
vt 0.939081 0.132863 0.000000
vt 0.999050 0.342604 0.000000
vt 0.939310 0.342604 0.000000
vt 0.939310 0.183297 0.000000
vt 0.999050 0.183297 0.000000
vt 0.985655 0.132863 0.000000
vt 0.939310 0.342604 0.000000
vt 0.999050 0.342604 0.000000
vt 0.939310 0.183297 0.000000
vt 0.999050 0.183297 0.000000
vt 0.985655 0.179437 0.000000
vt 0.939310 0.342604 0.000000
vt 0.999050 0.342604 0.000000
vt 0.939310 0.183297 0.000000
vt 0.999050 0.183297 0.000000
vt 0.939081 0.179437 0.000000
vt 0.939310 0.342604 0.000000
vt 0.999050 0.342604 0.000000
vt 0.999050 0.183297 0.000000
vt 0.939310 0.183297 0.000000
vt 0.939081 0.132863 0.000000
vt 0.999050 0.342604 0.000000
vt 0.939310 0.342604 0.000000
vt 0.939310 0.183297 0.000000
vt 0.999050 0.183297 0.000000
vt 0.985655 0.132863 0.000000
vt 0.939310 0.342604 0.000000
vt 0.999050 0.342604 0.000000
vt 0.939310 0.183297 0.000000
vt 0.999050 0.183297 0.000000
vt 0.985655 0.179437 0.000000
vt 0.939310 0.342604 0.000000
vt 0.999050 0.342604 0.000000
vt 0.939310 0.183297 0.000000
vt 0.999050 0.183297 0.000000
vt 0.939081 0.179437 0.000000
vt 0.939310 0.342604 0.000000
vt 0.999050 0.342604 0.000000
vt 0.999050 0.183297 0.000000
vt 0.939310 0.183297 0.000000
vt 0.939081 0.132863 0.000000
vt 0.999050 0.342604 0.000000
vt 0.939310 0.342604 0.000000
vt 0.939310 0.183297 0.000000
vt 0.999050 0.183297 0.000000
vt 0.985655 0.132863 0.000000
vt 0.939310 0.342604 0.000000
vt 0.999050 0.342604 0.000000
vt 0.939310 0.183297 0.000000
vt 0.999050 0.183297 0.000000
vt 0.985655 0.179437 0.000000
vt 0.939310 0.342604 0.000000
vt 0.999050 0.342604 0.000000
vt 0.939310 0.183297 0.000000
vt 0.999050 0.183297 0.000000
vt 0.939081 0.179437 0.000000
vt 0.939310 0.342604 0.000000
vt 0.999050 0.342604 0.000000
vt 0.302823 0.656284 0.000000
vt -0.000781 0.781451 0.000000
vt -0.000466 0.505675 0.000000
vt 0.302823 0.718868 0.000000
vt -0.000781 0.844034 0.000000
vt 0.000156 0.656284 0.000000
vt 0.979692 0.781451 0.000000
vt 0.999534 0.505675 0.000000
vt 0.000156 0.718868 0.000000
vt 0.979692 0.844034 0.000000
vt 0.000156 0.718868 0.000000
vt 0.146184 0.656284 0.000000
vt 0.999534 0.654611 0.000000
vt 0.000156 0.781451 0.000000
vt 0.146184 0.718868 0.000000
vt 0.156795 0.656284 0.000000
vt 0.980629 0.718868 0.000000
vt -0.000466 0.654611 0.000000
vt 0.156795 0.718868 0.000000
vt 0.980629 0.781451 0.000000
vt 0.302823 0.656284 0.000000
vt -0.000781 0.781451 0.000000
vt 0.000000 0.851064 0.000000
vt 0.302823 0.718868 0.000000
vt -0.000781 0.844034 0.000000
vt -0.000781 0.656284 0.000000
vt 0.979692 0.781451 0.000000
vt 1.000000 0.851064 0.000000
vt -0.000781 0.718868 0.000000
vt 0.979692 0.844034 0.000000
vt -0.000781 0.718868 0.000000
vt 0.145247 0.656284 0.000000
vt 1.000000 1.000000 0.000000
vt -0.000781 0.781451 0.000000
vt 0.145247 0.718868 0.000000
vt 0.156795 0.656284 0.000000
vt 0.979692 0.718868 0.000000
vt 0.000000 1.000000 0.000000
vt 0.156795 0.718868 0.000000
vt 0.979692 0.781451 0.000000
vt 0.302823 0.656284 0.000000
vt -0.000781 0.781451 0.000000
vt -0.000103 0.349106 0.000000
vt 0.302823 0.718868 0.000000
vt -0.000781 0.844034 0.000000
vt -0.000781 0.656284 0.000000
vt 0.979692 0.781451 0.000000
vt 0.999897 0.349106 0.000000
vt -0.000781 0.718868 0.000000
vt 0.979692 0.844034 0.000000
vt -0.000781 0.718868 0.000000
vt 0.145247 0.656284 0.000000
vt 0.999897 0.498042 0.000000
vt -0.000781 0.781451 0.000000
vt 0.145247 0.718868 0.000000
vt 0.156795 0.656284 0.000000
vt 0.979692 0.718868 0.000000
vt -0.000103 0.498042 0.000000
vt 0.156795 0.718868 0.000000
vt 0.979692 0.781451 0.000000
vt 0.302823 0.656284 0.000000
vt -0.000781 0.781451 0.000000
vt 0.000000 0.851064 0.000000
vt 0.302823 0.718868 0.000000
vt -0.000781 0.844034 0.000000
vt -0.000781 0.656284 0.000000
vt 0.979692 0.781451 0.000000
vt 1.000000 0.851064 0.000000
vt -0.000781 0.718868 0.000000
vt 0.979692 0.844034 0.000000
vt -0.000781 0.718868 0.000000
vt 0.145247 0.656284 0.000000
vt 1.000000 1.000000 0.000000
vt -0.000781 0.781451 0.000000
vt 0.145247 0.718868 0.000000
vt 0.156795 0.656284 0.000000
vt 0.979692 0.718868 0.000000
vt 0.000000 1.000000 0.000000
vt 0.156795 0.718868 0.000000
vt 0.979692 0.781451 0.000000
vt -0.000122 0.156096 0.000000
vt 0.905875 0.034093 0.000000
vt -0.000122 0.210448 0.000000
vt 0.000000 0.048121 0.000000
vt 0.905753 0.210448 0.000000
vt 0.943180 0.000413 0.000000
vt 0.905875 0.048121 0.000000
vt 0.905753 0.156096 0.000000
vt 0.000000 0.034093 0.000000
vt 0.996752 0.000413 0.000000
vt 0.000000 0.012881 0.000000
vt 0.906075 0.259595 0.000000
vt 0.905875 0.025761 0.000000
vt 0.906075 0.219937 0.000000
vt 0.906075 0.297453 0.000000
vt 0.000000 0.062150 0.000000
vt 0.000200 0.297453 0.000000
vt 0.943180 0.014240 0.000000
vt 0.905875 0.062150 0.000000
vt 0.905875 0.012881 0.000000
vt 0.000200 0.259595 0.000000
vt 0.950422 0.053985 0.000000
vt 0.906075 0.312903 0.000000
vt 0.905875 0.093759 0.000000
vt 0.906075 0.281378 0.000000
vt 0.000000 0.062150 0.000000
vt 0.000512 0.330358 0.000000
vt 0.905875 0.121202 0.000000
vt 0.906387 0.330358 0.000000
vt 0.000000 0.121202 0.000000
vt 0.980908 0.041289 0.000000
vt 0.000512 0.321630 0.000000
vt 0.000000 0.000000 0.000000
vt 0.000512 0.312903 0.000000
vt 0.000000 0.089593 0.000000
vt 0.000200 0.281378 0.000000
vt 0.905875 0.062150 0.000000
vt 0.959024 0.014240 0.000000
vt 0.906387 0.321630 0.000000
vt 0.905875 0.000000 0.000000
vt 0.950422 0.041289 0.000000
vt 0.906387 0.312903 0.000000
vt 0.905875 0.089593 0.000000
vt 0.959024 0.041289 0.000000
vt 0.000200 0.312903 0.000000
vt 0.000000 0.093759 0.000000
vt 0.980908 0.014240 0.000000
vt 0.000512 0.321630 0.000000
vt 0.905875 0.012881 0.000000
vt 0.906387 0.321630 0.000000
vt 0.000000 0.012881 0.000000
vt 0.989510 0.041289 0.000000
vt 0.000200 0.296828 0.000000
vt 0.000000 0.048121 0.000000
vt 0.996752 0.014240 0.000000
vt 0.906075 0.296828 0.000000
vt 0.905875 0.048121 0.000000
vt 0.000000 0.025761 0.000000
vt 0.000200 0.219937 0.000000
vt 0.989510 0.053985 0.000000
vt 0.068279 0.156096 0.000000
vt 0.837474 0.034093 0.000000
vt 0.068279 0.210448 0.000000
vt 0.068400 0.048121 0.000000
vt 0.838020 0.156096 0.000000
vt 0.067733 0.034093 0.000000
vt 0.838020 0.210448 0.000000
vt 0.838142 0.048121 0.000000
vt 0.068400 0.012881 0.000000
vt 0.837674 0.259595 0.000000
vt 0.837474 0.025761 0.000000
vt 0.837674 0.219937 0.000000
vt 0.837674 0.297453 0.000000
vt 0.068400 0.062150 0.000000
vt 0.838142 0.012881 0.000000
vt 0.067933 0.259595 0.000000
vt 0.067733 0.025761 0.000000
vt 0.067933 0.219937 0.000000
vt 0.837674 0.312903 0.000000
vt 0.837474 0.093759 0.000000
vt 0.837674 0.281378 0.000000
vt 0.068400 0.062150 0.000000
vt 0.068913 0.330358 0.000000
vt 0.837474 0.121202 0.000000
vt 0.067933 0.297453 0.000000
vt 0.838142 0.062150 0.000000
vt 0.068913 0.321630 0.000000
vt 0.068400 0.000000 0.000000
vt 0.068913 0.312903 0.000000
vt 0.068400 0.089593 0.000000
vt 0.067933 0.312903 0.000000
vt 0.067733 0.093759 0.000000
vt 0.067933 0.281378 0.000000
vt 0.838142 0.062150 0.000000
vt 0.838654 0.330358 0.000000
vt 0.067733 0.121202 0.000000
vt 0.838654 0.321630 0.000000
vt 0.838142 0.000000 0.000000
vt 0.068913 0.321630 0.000000
vt 0.837474 0.012881 0.000000
vt 0.838654 0.312903 0.000000
vt 0.838142 0.089593 0.000000
vt 0.838654 0.321630 0.000000
vt 0.067733 0.012881 0.000000
vt 0.837674 0.296828 0.000000
vt 0.837474 0.048121 0.000000
vt 0.067933 0.296828 0.000000
vt 0.067733 0.048121 0.000000
vt 0.999050 0.183297 0.000000
vt 0.939310 0.183297 0.000000
vt 0.939081 0.132863 0.000000
vt 0.999050 0.342604 0.000000
vt 0.939310 0.342604 0.000000
vt 0.939310 0.183297 0.000000
vt 0.999050 0.183297 0.000000
vt 0.985655 0.132863 0.000000
vt 0.939310 0.342604 0.000000
vt 0.999050 0.342604 0.000000
vt 0.939310 0.183297 0.000000
vt 0.999050 0.183297 0.000000
vt 0.985655 0.179437 0.000000
vt 0.939310 0.342604 0.000000
vt 0.999050 0.342604 0.000000
vt 0.939310 0.183297 0.000000
vt 0.999050 0.183297 0.000000
vt 0.939081 0.179437 0.000000
vt 0.939310 0.342604 0.000000
vt 0.999050 0.342604 0.000000
vt 0.999050 0.183297 0.000000
vt 0.939310 0.183297 0.000000
vt 0.939081 0.132863 0.000000
vt 0.999050 0.342604 0.000000
vt 0.939310 0.342604 0.000000
vt 0.939310 0.183297 0.000000
vt 0.999050 0.183297 0.000000
vt 0.985655 0.132863 0.000000
vt 0.939310 0.342604 0.000000
vt 0.999050 0.342604 0.000000
vt 0.939310 0.183297 0.000000
vt 0.999050 0.183297 0.000000
vt 0.985655 0.179437 0.000000
vt 0.939310 0.342604 0.000000
vt 0.999050 0.342604 0.000000
vt 0.939310 0.183297 0.000000
vt 0.999050 0.183297 0.000000
vt 0.939081 0.179437 0.000000
vt 0.939310 0.342604 0.000000
vt 0.999050 0.342604 0.000000
vt 0.999050 0.183297 0.000000
vt 0.939310 0.183297 0.000000
vt 0.939081 0.132863 0.000000
vt 0.999050 0.342604 0.000000
vt 0.939310 0.342604 0.000000
vt 0.939310 0.183297 0.000000
vt 0.999050 0.183297 0.000000
vt 0.985655 0.132863 0.000000
vt 0.939310 0.342604 0.000000
vt 0.999050 0.342604 0.000000
vt 0.939310 0.183297 0.000000
vt 0.999050 0.183297 0.000000
vt 0.985655 0.179437 0.000000
vt 0.939310 0.342604 0.000000
vt 0.999050 0.342604 0.000000
vt 0.939310 0.183297 0.000000
vt 0.999050 0.183297 0.000000
vt 0.939081 0.179437 0.000000
vt 0.939310 0.342604 0.000000
vt 0.999050 0.342604 0.000000
vt 0.999050 0.183297 0.000000
vt 0.939310 0.183297 0.000000
vt 0.939081 0.132863 0.000000
vt 0.999050 0.342604 0.000000
vt 0.939310 0.342604 0.000000
vt 0.939310 0.183297 0.000000
vt 0.999050 0.183297 0.000000
vt 0.985655 0.132863 0.000000
vt 0.939310 0.342604 0.000000
vt 0.999050 0.342604 0.000000
vt 0.939310 0.183297 0.000000
vt 0.999050 0.183297 0.000000
vt 0.985655 0.179437 0.000000
vt 0.939310 0.342604 0.000000
vt 0.999050 0.342604 0.000000
vt 0.939310 0.183297 0.000000
vt 0.999050 0.183297 0.000000
vt 0.939081 0.179437 0.000000
vt 0.939310 0.342604 0.000000
vt 0.999050 0.342604 0.000000
vt 0.999050 0.183297 0.000000
vt 0.939310 0.183297 0.000000
vt 0.939081 0.132863 0.000000
vt 0.999050 0.342604 0.000000
vt 0.939310 0.342604 0.000000
vt 0.939310 0.183297 0.000000
vt 0.999050 0.183297 0.000000
vt 0.985655 0.132863 0.000000
vt 0.939310 0.342604 0.000000
vt 0.999050 0.342604 0.000000
vt 0.939310 0.183297 0.000000
vt 0.999050 0.183297 0.000000
vt 0.985655 0.179437 0.000000
vt 0.939310 0.342604 0.000000
vt 0.999050 0.342604 0.000000
vt 0.939310 0.183297 0.000000
vt 0.999050 0.183297 0.000000
vt 0.939081 0.179437 0.000000
vt 0.939310 0.342604 0.000000
vt 0.999050 0.342604 0.000000
vt 0.999050 0.183297 0.000000
vt 0.939310 0.183297 0.000000
vt 0.939081 0.132863 0.000000
vt 0.999050 0.342604 0.000000
vt 0.939310 0.342604 0.000000
vt 0.939310 0.183297 0.000000
vt 0.999050 0.183297 0.000000
vt 0.985655 0.132863 0.000000
vt 0.939310 0.342604 0.000000
vt 0.999050 0.342604 0.000000
vt 0.939310 0.183297 0.000000
vt 0.999050 0.183297 0.000000
vt 0.985655 0.179437 0.000000
vt 0.939310 0.342604 0.000000
vt 0.999050 0.342604 0.000000
vt 0.939310 0.183297 0.000000
vt 0.999050 0.183297 0.000000
vt 0.939081 0.179437 0.000000
vt 0.939310 0.342604 0.000000
vt 0.999050 0.342604 0.000000
vt 0.302823 0.656284 0.000000
vt -0.000781 0.781451 0.000000
vt 0.000000 0.851064 0.000000
vt 0.302823 0.718868 0.000000
vt -0.000781 0.844034 0.000000
vt -0.000781 0.656284 0.000000
vt 0.979692 0.781451 0.000000
vt 1.000000 0.851064 0.000000
vt -0.000781 0.718868 0.000000
vt 0.979692 0.844034 0.000000
vt -0.000781 0.718868 0.000000
vt 0.145247 0.656284 0.000000
vt 1.000000 1.000000 0.000000
vt -0.000781 0.781451 0.000000
vt 0.145247 0.718868 0.000000
vt 0.156795 0.656284 0.000000
vt 0.979692 0.718868 0.000000
vt 0.000000 1.000000 0.000000
vt 0.156795 0.718868 0.000000
vt 0.979692 0.781451 0.000000
vt 0.302823 0.656284 0.000000
vt -0.000781 0.781451 0.000000
vt -0.000103 0.349106 0.000000
vt 0.302823 0.718868 0.000000
vt -0.000781 0.844034 0.000000
vt -0.000781 0.656284 0.000000
vt 0.979692 0.781451 0.000000
vt 0.999897 0.349106 0.000000
vt -0.000781 0.718868 0.000000
vt 0.979692 0.844034 0.000000
vt -0.000781 0.718868 0.000000
vt 0.145247 0.656284 0.000000
vt 0.999897 0.498042 0.000000
vt -0.000781 0.781451 0.000000
vt 0.145247 0.718868 0.000000
vt 0.156795 0.656284 0.000000
vt 0.979692 0.718868 0.000000
vt -0.000103 0.498042 0.000000
vt 0.156795 0.718868 0.000000
vt 0.979692 0.781451 0.000000
vt 0.302823 0.656284 0.000000
vt -0.000781 0.781451 0.000000
vt 0.000000 0.851064 0.000000
vt 0.302823 0.718868 0.000000
vt -0.000781 0.844034 0.000000
vt -0.000781 0.656284 0.000000
vt 0.979692 0.781451 0.000000
vt 1.000000 0.851064 0.000000
vt -0.000781 0.718868 0.000000
vt 0.979692 0.844034 0.000000
vt -0.000781 0.718868 0.000000
vt 0.145247 0.656284 0.000000
vt 1.000000 1.000000 0.000000
vt -0.000781 0.781451 0.000000
vt 0.145247 0.718868 0.000000
vt 0.156795 0.656284 0.000000
vt 0.979692 0.718868 0.000000
vt 0.000000 1.000000 0.000000
vt 0.156795 0.718868 0.000000
vt 0.979692 0.781451 0.000000
vt -0.000122 0.156096 0.000000
vt 0.905875 0.034093 0.000000
vt -0.000122 0.210448 0.000000
vt 0.000000 0.048121 0.000000
vt 0.905753 0.210448 0.000000
vt 0.905875 0.048121 0.000000
vt 0.905753 0.156096 0.000000
vt 0.000000 0.034093 0.000000
vt 0.000000 0.012881 0.000000
vt 0.906075 0.259595 0.000000
vt 0.905875 0.025761 0.000000
vt 0.906075 0.219937 0.000000
vt 0.906075 0.297453 0.000000
vt 0.000000 0.062150 0.000000
vt 0.000200 0.297453 0.000000
vt 0.905875 0.062150 0.000000
vt 0.905875 0.012881 0.000000
vt 0.000200 0.259595 0.000000
vt 0.906075 0.312903 0.000000
vt 0.905875 0.093759 0.000000
vt 0.906075 0.281378 0.000000
vt 0.000000 0.062150 0.000000
vt 0.000512 0.330358 0.000000
vt 0.905875 0.121202 0.000000
vt 0.906387 0.330358 0.000000
vt 0.000000 0.121202 0.000000
vt 0.000512 0.321630 0.000000
vt 0.000000 0.000000 0.000000
vt 0.000512 0.312903 0.000000
vt 0.000000 0.089593 0.000000
vt 0.000200 0.281378 0.000000
vt 0.905875 0.062150 0.000000
vt 0.906387 0.321630 0.000000
vt 0.905875 0.000000 0.000000
vt 0.906387 0.312903 0.000000
vt 0.905875 0.089593 0.000000
vt 0.000200 0.312903 0.000000
vt 0.000000 0.093759 0.000000
vt 0.000512 0.321630 0.000000
vt 0.905875 0.012881 0.000000
vt 0.906387 0.321630 0.000000
vt 0.000000 0.012881 0.000000
vt 0.000200 0.296828 0.000000
vt 0.000000 0.048121 0.000000
vt 0.906075 0.296828 0.000000
vt 0.905875 0.048121 0.000000
vt 0.000000 0.025761 0.000000
vt 0.000200 0.219937 0.000000
vt 0.068778 0.156096 0.000000
vt 0.836975 0.034093 0.000000
vt 0.068778 0.210448 0.000000
vt 0.068900 0.048121 0.000000
vt 0.834825 0.156096 0.000000
vt 0.070928 0.034093 0.000000
vt 0.834825 0.210448 0.000000
vt 0.834947 0.048121 0.000000
vt 0.068900 0.012881 0.000000
vt 0.837175 0.259595 0.000000
vt 0.836975 0.025761 0.000000
vt 0.837175 0.219937 0.000000
vt 0.837175 0.297453 0.000000
vt 0.068900 0.062150 0.000000
vt 0.834947 0.012881 0.000000
vt 0.071128 0.259595 0.000000
vt 0.070928 0.025761 0.000000
vt 0.071128 0.219937 0.000000
vt 0.837175 0.312903 0.000000
vt 0.836975 0.093759 0.000000
vt 0.837175 0.281378 0.000000
vt 0.068900 0.062150 0.000000
vt 0.069412 0.330358 0.000000
vt 0.836975 0.121202 0.000000
vt 0.071128 0.297453 0.000000
vt 0.834947 0.062150 0.000000
vt 0.069412 0.321630 0.000000
vt 0.068900 0.000000 0.000000
vt 0.069412 0.312903 0.000000
vt 0.068900 0.089593 0.000000
vt 0.071128 0.312903 0.000000
vt 0.070928 0.093759 0.000000
vt 0.071128 0.281378 0.000000
vt 0.834947 0.062150 0.000000
vt 0.835459 0.330358 0.000000
vt 0.070928 0.121202 0.000000
vt 0.835459 0.321630 0.000000
vt 0.834947 0.000000 0.000000
vt 0.069412 0.321630 0.000000
vt 0.836975 0.012881 0.000000
vt 0.835459 0.312903 0.000000
vt 0.834947 0.089593 0.000000
vt 0.835459 0.321630 0.000000
vt 0.070928 0.012881 0.000000
vt 0.837175 0.296828 0.000000
vt 0.836975 0.048121 0.000000
vt 0.071128 0.296828 0.000000
vt 0.070928 0.048121 0.000000
vt 0.999050 0.183297 0.000000
vt 0.939310 0.183297 0.000000
vt 0.939081 0.132863 0.000000
vt 0.999050 0.342604 0.000000
vt 0.939310 0.342604 0.000000
vt 0.939310 0.183297 0.000000
vt 0.999050 0.183297 0.000000
vt 0.985655 0.132863 0.000000
vt 0.939310 0.342604 0.000000
vt 0.999050 0.342604 0.000000
vt 0.939310 0.183297 0.000000
vt 0.999050 0.183297 0.000000
vt 0.985655 0.179437 0.000000
vt 0.939310 0.342604 0.000000
vt 0.999050 0.342604 0.000000
vt 0.939310 0.183297 0.000000
vt 0.999050 0.183297 0.000000
vt 0.939081 0.179437 0.000000
vt 0.939310 0.342604 0.000000
vt 0.999050 0.342604 0.000000
vt 0.999050 0.183297 0.000000
vt 0.939310 0.183297 0.000000
vt 0.939081 0.132863 0.000000
vt 0.999050 0.342604 0.000000
vt 0.939310 0.342604 0.000000
vt 0.939310 0.183297 0.000000
vt 0.999050 0.183297 0.000000
vt 0.985655 0.132863 0.000000
vt 0.939310 0.342604 0.000000
vt 0.999050 0.342604 0.000000
vt 0.939310 0.183297 0.000000
vt 0.999050 0.183297 0.000000
vt 0.985655 0.179437 0.000000
vt 0.939310 0.342604 0.000000
vt 0.999050 0.342604 0.000000
vt 0.939310 0.183297 0.000000
vt 0.999050 0.183297 0.000000
vt 0.939081 0.179437 0.000000
vt 0.939310 0.342604 0.000000
vt 0.999050 0.342604 0.000000
vt 0.999050 0.183297 0.000000
vt 0.939310 0.183297 0.000000
vt 0.939081 0.132863 0.000000
vt 0.999050 0.342604 0.000000
vt 0.939310 0.342604 0.000000
vt 0.939310 0.183297 0.000000
vt 0.999050 0.183297 0.000000
vt 0.985655 0.132863 0.000000
vt 0.939310 0.342604 0.000000
vt 0.999050 0.342604 0.000000
vt 0.939310 0.183297 0.000000
vt 0.999050 0.183297 0.000000
vt 0.985655 0.179437 0.000000
vt 0.939310 0.342604 0.000000
vt 0.999050 0.342604 0.000000
vt 0.939310 0.183297 0.000000
vt 0.999050 0.183297 0.000000
vt 0.939081 0.179437 0.000000
vt 0.939310 0.342604 0.000000
vt 0.999050 0.342604 0.000000
vt 0.999050 0.183297 0.000000
vt 0.939310 0.183297 0.000000
vt 0.939081 0.132863 0.000000
vt 0.999050 0.342604 0.000000
vt 0.939310 0.342604 0.000000
vt 0.939310 0.183297 0.000000
vt 0.999050 0.183297 0.000000
vt 0.985655 0.132863 0.000000
vt 0.939310 0.342604 0.000000
vt 0.999050 0.342604 0.000000
vt 0.939310 0.183297 0.000000
vt 0.999050 0.183297 0.000000
vt 0.985655 0.179437 0.000000
vt 0.939310 0.342604 0.000000
vt 0.999050 0.342604 0.000000
vt 0.939310 0.183297 0.000000
vt 0.999050 0.183297 0.000000
vt 0.939081 0.179437 0.000000
vt 0.939310 0.342604 0.000000
vt 0.999050 0.342604 0.000000
vt 0.999050 0.183297 0.000000
vt 0.939310 0.183297 0.000000
vt 0.939081 0.132863 0.000000
vt 0.999050 0.342604 0.000000
vt 0.939310 0.342604 0.000000
vt 0.939310 0.183297 0.000000
vt 0.999050 0.183297 0.000000
vt 0.985655 0.132863 0.000000
vt 0.939310 0.342604 0.000000
vt 0.999050 0.342604 0.000000
vt 0.939310 0.183297 0.000000
vt 0.999050 0.183297 0.000000
vt 0.985655 0.179437 0.000000
vt 0.939310 0.342604 0.000000
vt 0.999050 0.342604 0.000000
vt 0.939310 0.183297 0.000000
vt 0.999050 0.183297 0.000000
vt 0.939081 0.179437 0.000000
vt 0.939310 0.342604 0.000000
vt 0.999050 0.342604 0.000000
vt 0.999050 0.183297 0.000000
vt 0.939310 0.183297 0.000000
vt 0.939081 0.132863 0.000000
vt 0.999050 0.342604 0.000000
vt 0.939310 0.342604 0.000000
vt 0.939310 0.183297 0.000000
vt 0.999050 0.183297 0.000000
vt 0.985655 0.132863 0.000000
vt 0.939310 0.342604 0.000000
vt 0.999050 0.342604 0.000000
vt 0.939310 0.183297 0.000000
vt 0.999050 0.183297 0.000000
vt 0.985655 0.179437 0.000000
vt 0.939310 0.342604 0.000000
vt 0.999050 0.342604 0.000000
vt 0.939310 0.183297 0.000000
vt 0.999050 0.183297 0.000000
vt 0.939081 0.179437 0.000000
vt 0.939310 0.342604 0.000000
vt 0.999050 0.342604 0.000000
vt 0.999050 0.183297 0.000000
vt 0.939310 0.183297 0.000000
vt 0.939081 0.132863 0.000000
vt 0.999050 0.342604 0.000000
vt 0.939310 0.342604 0.000000
vt 0.939310 0.183297 0.000000
vt 0.999050 0.183297 0.000000
vt 0.985655 0.132863 0.000000
vt 0.939310 0.342604 0.000000
vt 0.999050 0.342604 0.000000
vt 0.939310 0.183297 0.000000
vt 0.999050 0.183297 0.000000
vt 0.985655 0.179437 0.000000
vt 0.939310 0.342604 0.000000
vt 0.999050 0.342604 0.000000
vt 0.939310 0.183297 0.000000
vt 0.999050 0.183297 0.000000
vt 0.939081 0.179437 0.000000
vt 0.939310 0.342604 0.000000
vt 0.999050 0.342604 0.000000
vt 0.999050 0.183297 0.000000
vt 0.939310 0.183297 0.000000
vt 0.939081 0.132863 0.000000
vt 0.999050 0.342604 0.000000
vt 0.939310 0.342604 0.000000
vt 0.939310 0.183297 0.000000
vt 0.999050 0.183297 0.000000
vt 0.985655 0.132863 0.000000
vt 0.939310 0.342604 0.000000
vt 0.999050 0.342604 0.000000
vt 0.939310 0.183297 0.000000
vt 0.999050 0.183297 0.000000
vt 0.985655 0.179437 0.000000
vt 0.939310 0.342604 0.000000
vt 0.999050 0.342604 0.000000
vt 0.939310 0.183297 0.000000
vt 0.999050 0.183297 0.000000
vt 0.939081 0.179437 0.000000
vt 0.939310 0.342604 0.000000
vt 0.999050 0.342604 0.000000
vt 0.302823 0.656284 0.000000
vt -0.000781 0.781451 0.000000
vt -0.000466 0.505675 0.000000
vt 0.302823 0.718868 0.000000
vt -0.000781 0.844034 0.000000
vt 0.000156 0.656284 0.000000
vt 0.979692 0.781451 0.000000
vt 0.999534 0.505675 0.000000
vt 0.000156 0.718868 0.000000
vt 0.979692 0.844034 0.000000
vt 0.000156 0.718868 0.000000
vt 0.146184 0.656284 0.000000
vt 0.999534 0.654611 0.000000
vt 0.000156 0.781451 0.000000
vt 0.146184 0.718868 0.000000
vt 0.156795 0.656284 0.000000
vt 0.980629 0.718868 0.000000
vt -0.000466 0.654611 0.000000
vt 0.156795 0.718868 0.000000
vt 0.980629 0.781451 0.000000
vt 0.302823 0.656284 0.000000
vt -0.000781 0.781451 0.000000
vt 0.000000 0.851064 0.000000
vt 0.302823 0.718868 0.000000
vt -0.000781 0.844034 0.000000
vt -0.000781 0.656284 0.000000
vt 0.979692 0.781451 0.000000
vt 1.000000 0.851064 0.000000
vt -0.000781 0.718868 0.000000
vt 0.979692 0.844034 0.000000
vt -0.000781 0.718868 0.000000
vt 0.145247 0.656284 0.000000
vt 1.000000 1.000000 0.000000
vt -0.000781 0.781451 0.000000
vt 0.145247 0.718868 0.000000
vt 0.156795 0.656284 0.000000
vt 0.979692 0.718868 0.000000
vt 0.000000 1.000000 0.000000
vt 0.156795 0.718868 0.000000
vt 0.979692 0.781451 0.000000
vt 0.302823 0.656284 0.000000
vt -0.000781 0.781451 0.000000
vt -0.000103 0.349106 0.000000
vt 0.302823 0.718868 0.000000
vt -0.000781 0.844034 0.000000
vt -0.000781 0.656284 0.000000
vt 0.979692 0.781451 0.000000
vt 0.999897 0.349106 0.000000
vt -0.000781 0.718868 0.000000
vt 0.979692 0.844034 0.000000
vt -0.000781 0.718868 0.000000
vt 0.145247 0.656284 0.000000
vt 0.999897 0.498042 0.000000
vt -0.000781 0.781451 0.000000
vt 0.145247 0.718868 0.000000
vt 0.156795 0.656284 0.000000
vt 0.979692 0.718868 0.000000
vt -0.000103 0.498042 0.000000
vt 0.156795 0.718868 0.000000
vt 0.979692 0.781451 0.000000
vt 0.302823 0.656284 0.000000
vt -0.000781 0.781451 0.000000
vt 0.000000 0.851064 0.000000
vt 0.302823 0.718868 0.000000
vt -0.000781 0.844034 0.000000
vt -0.000781 0.656284 0.000000
vt 0.979692 0.781451 0.000000
vt 1.000000 0.851064 0.000000
vt -0.000781 0.718868 0.000000
vt 0.979692 0.844034 0.000000
vt -0.000781 0.718868 0.000000
vt 0.145247 0.656284 0.000000
vt 1.000000 1.000000 0.000000
vt -0.000781 0.781451 0.000000
vt 0.145247 0.718868 0.000000
vt 0.156795 0.656284 0.000000
vt 0.979692 0.718868 0.000000
vt 0.000000 1.000000 0.000000
vt 0.156795 0.718868 0.000000
vt 0.979692 0.781451 0.000000
vt -0.000122 0.156096 0.000000
vt 0.905875 0.034093 0.000000
vt -0.000122 0.210448 0.000000
vt 0.000000 0.048121 0.000000
vt 0.905753 0.210448 0.000000
vt 0.905875 0.048121 0.000000
vt 0.905753 0.156096 0.000000
vt 0.000000 0.034093 0.000000
vt 0.000000 0.012881 0.000000
vt 0.906075 0.259595 0.000000
vt 0.905875 0.025761 0.000000
vt 0.906075 0.219937 0.000000
vt 0.906075 0.297453 0.000000
vt 0.000000 0.062150 0.000000
vt 0.000200 0.297453 0.000000
vt 0.905875 0.062150 0.000000
vt 0.905875 0.012881 0.000000
vt 0.000200 0.259595 0.000000
vt 0.906075 0.312903 0.000000
vt 0.905875 0.093759 0.000000
vt 0.906075 0.281378 0.000000
vt 0.000000 0.062150 0.000000
vt 0.000512 0.330358 0.000000
vt 0.905875 0.121202 0.000000
vt 0.906387 0.330358 0.000000
vt 0.000000 0.121202 0.000000
vt 0.000512 0.321630 0.000000
vt 0.000000 0.000000 0.000000
vt 0.000512 0.312903 0.000000
vt 0.000000 0.089593 0.000000
vt 0.000200 0.281378 0.000000
vt 0.905875 0.062150 0.000000
vt 0.906387 0.321630 0.000000
vt 0.905875 0.000000 0.000000
vt 0.906387 0.312903 0.000000
vt 0.905875 0.089593 0.000000
vt 0.000200 0.312903 0.000000
vt 0.000000 0.093759 0.000000
vt 0.000512 0.321630 0.000000
vt 0.905875 0.012881 0.000000
vt 0.906387 0.321630 0.000000
vt 0.000000 0.012881 0.000000
vt 0.000200 0.296828 0.000000
vt 0.000000 0.048121 0.000000
vt 0.906075 0.296828 0.000000
vt 0.905875 0.048121 0.000000
vt 0.000000 0.025761 0.000000
vt 0.000200 0.219937 0.000000
vt 0.066275 0.156096 0.000000
vt 0.839479 0.034093 0.000000
vt 0.066275 0.210448 0.000000
vt 0.066396 0.048121 0.000000
vt 0.835428 0.156096 0.000000
vt 0.070326 0.034093 0.000000
vt 0.835428 0.210448 0.000000
vt 0.835549 0.048121 0.000000
vt 0.066396 0.012881 0.000000
vt 0.839678 0.259595 0.000000
vt 0.839479 0.025761 0.000000
vt 0.839678 0.219937 0.000000
vt 0.839678 0.297453 0.000000
vt 0.066396 0.062150 0.000000
vt 0.835549 0.012881 0.000000
vt 0.070525 0.259595 0.000000
vt 0.070326 0.025761 0.000000
vt 0.070525 0.219937 0.000000
vt 0.839678 0.312903 0.000000
vt 0.839479 0.093759 0.000000
vt 0.839678 0.281378 0.000000
vt 0.066396 0.062150 0.000000
vt 0.066908 0.330358 0.000000
vt 0.839479 0.121202 0.000000
vt 0.070525 0.297453 0.000000
vt 0.835549 0.062150 0.000000
vt 0.066908 0.321630 0.000000
vt 0.066396 0.000000 0.000000
vt 0.066908 0.312903 0.000000
vt 0.066396 0.089593 0.000000
vt 0.070525 0.312903 0.000000
vt 0.070326 0.093759 0.000000
vt 0.070525 0.281378 0.000000
vt 0.835549 0.062150 0.000000
vt 0.836061 0.330358 0.000000
vt 0.070326 0.121202 0.000000
vt 0.836061 0.321630 0.000000
vt 0.835549 0.000000 0.000000
vt 0.066908 0.321630 0.000000
vt 0.839479 0.012881 0.000000
vt 0.836061 0.312903 0.000000
vt 0.835549 0.089593 0.000000
vt 0.836061 0.321630 0.000000
vt 0.070326 0.012881 0.000000
vt 0.839678 0.296828 0.000000
vt 0.839479 0.048121 0.000000
vt 0.070525 0.296828 0.000000
vt 0.070326 0.048121 0.000000
vt 0.999050 0.183297 0.000000
vt 0.939310 0.183297 0.000000
vt 0.939081 0.132863 0.000000
vt 0.999050 0.342604 0.000000
vt 0.939310 0.342604 0.000000
vt 0.939310 0.183297 0.000000
vt 0.999050 0.183297 0.000000
vt 0.985655 0.132863 0.000000
vt 0.939310 0.342604 0.000000
vt 0.999050 0.342604 0.000000
vt 0.939310 0.183297 0.000000
vt 0.999050 0.183297 0.000000
vt 0.985655 0.179437 0.000000
vt 0.939310 0.342604 0.000000
vt 0.999050 0.342604 0.000000
vt 0.939310 0.183297 0.000000
vt 0.999050 0.183297 0.000000
vt 0.939081 0.179437 0.000000
vt 0.939310 0.342604 0.000000
vt 0.999050 0.342604 0.000000
vt 0.999050 0.183297 0.000000
vt 0.939310 0.183297 0.000000
vt 0.939081 0.132863 0.000000
vt 0.999050 0.342604 0.000000
vt 0.939310 0.342604 0.000000
vt 0.939310 0.183297 0.000000
vt 0.999050 0.183297 0.000000
vt 0.985655 0.132863 0.000000
vt 0.939310 0.342604 0.000000
vt 0.999050 0.342604 0.000000
vt 0.939310 0.183297 0.000000
vt 0.999050 0.183297 0.000000
vt 0.985655 0.179437 0.000000
vt 0.939310 0.342604 0.000000
vt 0.999050 0.342604 0.000000
vt 0.939310 0.183297 0.000000
vt 0.999050 0.183297 0.000000
vt 0.939081 0.179437 0.000000
vt 0.939310 0.342604 0.000000
vt 0.999050 0.342604 0.000000
vt 0.999050 0.183297 0.000000
vt 0.939310 0.183297 0.000000
vt 0.939081 0.132863 0.000000
vt 0.999050 0.342604 0.000000
vt 0.939310 0.342604 0.000000
vt 0.939310 0.183297 0.000000
vt 0.999050 0.183297 0.000000
vt 0.985655 0.132863 0.000000
vt 0.939310 0.342604 0.000000
vt 0.999050 0.342604 0.000000
vt 0.939310 0.183297 0.000000
vt 0.999050 0.183297 0.000000
vt 0.985655 0.179437 0.000000
vt 0.939310 0.342604 0.000000
vt 0.999050 0.342604 0.000000
vt 0.939310 0.183297 0.000000
vt 0.999050 0.183297 0.000000
vt 0.939081 0.179437 0.000000
vt 0.939310 0.342604 0.000000
vt 0.999050 0.342604 0.000000
vt 0.999050 0.183297 0.000000
vt 0.939310 0.183297 0.000000
vt 0.939081 0.132863 0.000000
vt 0.999050 0.342604 0.000000
vt 0.939310 0.342604 0.000000
vt 0.939310 0.183297 0.000000
vt 0.999050 0.183297 0.000000
vt 0.985655 0.132863 0.000000
vt 0.939310 0.342604 0.000000
vt 0.999050 0.342604 0.000000
vt 0.939310 0.183297 0.000000
vt 0.999050 0.183297 0.000000
vt 0.985655 0.179437 0.000000
vt 0.939310 0.342604 0.000000
vt 0.999050 0.342604 0.000000
vt 0.939310 0.183297 0.000000
vt 0.999050 0.183297 0.000000
vt 0.939081 0.179437 0.000000
vt 0.939310 0.342604 0.000000
vt 0.999050 0.342604 0.000000
vt 0.999050 0.183297 0.000000
vt 0.939310 0.183297 0.000000
vt 0.939081 0.132863 0.000000
vt 0.999050 0.342604 0.000000
vt 0.939310 0.342604 0.000000
vt 0.939310 0.183297 0.000000
vt 0.999050 0.183297 0.000000
vt 0.985655 0.132863 0.000000
vt 0.939310 0.342604 0.000000
vt 0.999050 0.342604 0.000000
vt 0.939310 0.183297 0.000000
vt 0.999050 0.183297 0.000000
vt 0.985655 0.179437 0.000000
vt 0.939310 0.342604 0.000000
vt 0.999050 0.342604 0.000000
vt 0.939310 0.183297 0.000000
vt 0.999050 0.183297 0.000000
vt 0.939081 0.179437 0.000000
vt 0.939310 0.342604 0.000000
vt 0.999050 0.342604 0.000000
vt 0.999050 0.183297 0.000000
vt 0.939310 0.183297 0.000000
vt 0.939081 0.132863 0.000000
vt 0.999050 0.342604 0.000000
vt 0.939310 0.342604 0.000000
vt 0.939310 0.183297 0.000000
vt 0.999050 0.183297 0.000000
vt 0.985655 0.132863 0.000000
vt 0.939310 0.342604 0.000000
vt 0.999050 0.342604 0.000000
vt 0.939310 0.183297 0.000000
vt 0.999050 0.183297 0.000000
vt 0.985655 0.179437 0.000000
vt 0.939310 0.342604 0.000000
vt 0.999050 0.342604 0.000000
vt 0.939310 0.183297 0.000000
vt 0.999050 0.183297 0.000000
vt 0.939081 0.179437 0.000000
vt 0.939310 0.342604 0.000000
vt 0.999050 0.342604 0.000000
vt 0.999050 0.183297 0.000000
vt 0.939310 0.183297 0.000000
vt 0.939081 0.132863 0.000000
vt 0.999050 0.342604 0.000000
vt 0.939310 0.342604 0.000000
vt 0.939310 0.183297 0.000000
vt 0.999050 0.183297 0.000000
vt 0.985655 0.132863 0.000000
vt 0.939310 0.342604 0.000000
vt 0.999050 0.342604 0.000000
vt 0.939310 0.183297 0.000000
vt 0.999050 0.183297 0.000000
vt 0.985655 0.179437 0.000000
vt 0.939310 0.342604 0.000000
vt 0.999050 0.342604 0.000000
vt 0.939310 0.183297 0.000000
vt 0.999050 0.183297 0.000000
vt 0.939081 0.179437 0.000000
vt 0.939310 0.342604 0.000000
vt 0.999050 0.342604 0.000000
vt 0.999050 0.183297 0.000000
vt 0.939310 0.183297 0.000000
vt 0.939081 0.132863 0.000000
vt 0.999050 0.342604 0.000000
vt 0.939310 0.342604 0.000000
vt 0.939310 0.183297 0.000000
vt 0.999050 0.183297 0.000000
vt 0.985655 0.132863 0.000000
vt 0.939310 0.342604 0.000000
vt 0.999050 0.342604 0.000000
vt 0.939310 0.183297 0.000000
vt 0.999050 0.183297 0.000000
vt 0.985655 0.179437 0.000000
vt 0.939310 0.342604 0.000000
vt 0.999050 0.342604 0.000000
vt 0.939310 0.183297 0.000000
vt 0.999050 0.183297 0.000000
vt 0.939081 0.179437 0.000000
vt 0.939310 0.342604 0.000000
vt 0.999050 0.342604 0.000000
vt 0.302823 0.656284 0.000000
vt -0.000781 0.781451 0.000000
vt -0.000466 0.505675 0.000000
vt 0.302823 0.718868 0.000000
vt -0.000781 0.844034 0.000000
vt 0.000156 0.656284 0.000000
vt 0.979692 0.781451 0.000000
vt 0.999534 0.505675 0.000000
vt 0.000156 0.718868 0.000000
vt 0.979692 0.844034 0.000000
vt 0.000156 0.718868 0.000000
vt 0.146184 0.656284 0.000000
vt 0.999534 0.654611 0.000000
vt 0.000156 0.781451 0.000000
vt 0.146184 0.718868 0.000000
vt 0.156795 0.656284 0.000000
vt 0.980629 0.718868 0.000000
vt -0.000466 0.654611 0.000000
vt 0.156795 0.718868 0.000000
vt 0.980629 0.781451 0.000000
vt 0.302823 0.656284 0.000000
vt -0.000781 0.781451 0.000000
vt 0.000000 0.851064 0.000000
vt 0.302823 0.718868 0.000000
vt -0.000781 0.844034 0.000000
vt -0.000781 0.656284 0.000000
vt 0.979692 0.781451 0.000000
vt 1.000000 0.851064 0.000000
vt -0.000781 0.718868 0.000000
vt 0.979692 0.844034 0.000000
vt -0.000781 0.718868 0.000000
vt 0.145247 0.656284 0.000000
vt 1.000000 1.000000 0.000000
vt -0.000781 0.781451 0.000000
vt 0.145247 0.718868 0.000000
vt 0.156795 0.656284 0.000000
vt 0.979692 0.718868 0.000000
vt 0.000000 1.000000 0.000000
vt 0.156795 0.718868 0.000000
vt 0.979692 0.781451 0.000000
vt 0.302823 0.656284 0.000000
vt -0.000781 0.781451 0.000000
vt -0.000103 0.349106 0.000000
vt 0.302823 0.718868 0.000000
vt -0.000781 0.844034 0.000000
vt -0.000781 0.656284 0.000000
vt 0.979692 0.781451 0.000000
vt 0.999897 0.349106 0.000000
vt -0.000781 0.718868 0.000000
vt 0.979692 0.844034 0.000000
vt -0.000781 0.718868 0.000000
vt 0.145247 0.656284 0.000000
vt 0.999897 0.498042 0.000000
vt -0.000781 0.781451 0.000000
vt 0.145247 0.718868 0.000000
vt 0.156795 0.656284 0.000000
vt 0.979692 0.718868 0.000000
vt -0.000103 0.498042 0.000000
vt 0.156795 0.718868 0.000000
vt 0.979692 0.781451 0.000000
vt 0.302823 0.656284 0.000000
vt -0.000781 0.781451 0.000000
vt 0.000000 0.851064 0.000000
vt 0.302823 0.718868 0.000000
vt -0.000781 0.844034 0.000000
vt -0.000781 0.656284 0.000000
vt 0.979692 0.781451 0.000000
vt 1.000000 0.851064 0.000000
vt -0.000781 0.718868 0.000000
vt 0.979692 0.844034 0.000000
vt -0.000781 0.718868 0.000000
vt 0.145247 0.656284 0.000000
vt 1.000000 1.000000 0.000000
vt -0.000781 0.781451 0.000000
vt 0.145247 0.718868 0.000000
vt 0.156795 0.656284 0.000000
vt 0.979692 0.718868 0.000000
vt 0.000000 1.000000 0.000000
vt 0.156795 0.718868 0.000000
vt 0.979692 0.781451 0.000000
vt 0.051884 0.156096 0.000000
vt 0.853870 0.034093 0.000000
vt 0.051884 0.210448 0.000000
vt 0.052005 0.048121 0.000000
vt 0.905753 0.210448 0.000000
vt 0.905875 0.048121 0.000000
vt 0.905753 0.156096 0.000000
vt 0.000000 0.034093 0.000000
vt 0.052005 0.012881 0.000000
vt 0.854069 0.259595 0.000000
vt 0.853870 0.025761 0.000000
vt 0.854069 0.219937 0.000000
vt 0.854069 0.297453 0.000000
vt 0.052005 0.062150 0.000000
vt 0.000200 0.297453 0.000000
vt 0.905875 0.062150 0.000000
vt 0.905875 0.012881 0.000000
vt 0.000200 0.259595 0.000000
vt 0.854069 0.312903 0.000000
vt 0.853870 0.093759 0.000000
vt 0.854069 0.281378 0.000000
vt 0.052005 0.062150 0.000000
vt 0.052517 0.330358 0.000000
vt 0.853870 0.121202 0.000000
vt 0.906387 0.330358 0.000000
vt 0.000000 0.121202 0.000000
vt 0.052517 0.321630 0.000000
vt 0.052005 0.000000 0.000000
vt 0.052517 0.312903 0.000000
vt 0.052005 0.089593 0.000000
vt 0.000200 0.281378 0.000000
vt 0.905875 0.062150 0.000000
vt 0.906387 0.321630 0.000000
vt 0.905875 0.000000 0.000000
vt 0.906387 0.312903 0.000000
vt 0.905875 0.089593 0.000000
vt 0.000200 0.312903 0.000000
vt 0.000000 0.093759 0.000000
vt 0.052517 0.321630 0.000000
vt 0.853870 0.012881 0.000000
vt 0.906387 0.321630 0.000000
vt 0.000000 0.012881 0.000000
vt 0.000200 0.296828 0.000000
vt 0.000000 0.048121 0.000000
vt 0.854069 0.296828 0.000000
vt 0.853870 0.048121 0.000000
vt 0.000000 0.025761 0.000000
vt 0.000200 0.219937 0.000000
vt 0.112919 0.156096 0.000000
vt 0.792834 0.034093 0.000000
vt 0.112919 0.210448 0.000000
vt 0.113041 0.048121 0.000000
vt 0.832211 0.156096 0.000000
vt 0.073542 0.034093 0.000000
vt 0.832211 0.210448 0.000000
vt 0.832333 0.048121 0.000000
vt 0.113041 0.012881 0.000000
vt 0.793034 0.259595 0.000000
vt 0.792834 0.025761 0.000000
vt 0.793034 0.219937 0.000000
vt 0.793034 0.297453 0.000000
vt 0.113041 0.062150 0.000000
vt 0.832333 0.012881 0.000000
vt 0.073742 0.259595 0.000000
vt 0.073542 0.025761 0.000000
vt 0.073742 0.219937 0.000000
vt 0.793034 0.312903 0.000000
vt 0.792834 0.093759 0.000000
vt 0.793034 0.281378 0.000000
vt 0.113041 0.062150 0.000000
vt 0.113553 0.330358 0.000000
vt 0.792834 0.121202 0.000000
vt 0.073742 0.297453 0.000000
vt 0.832333 0.062150 0.000000
vt 0.113553 0.321630 0.000000
vt 0.113041 0.000000 0.000000
vt 0.113553 0.312903 0.000000
vt 0.113041 0.089593 0.000000
vt 0.073742 0.312903 0.000000
vt 0.073542 0.093759 0.000000
vt 0.073742 0.281378 0.000000
vt 0.832333 0.062150 0.000000
vt 0.832845 0.330358 0.000000
vt 0.073542 0.121202 0.000000
vt 0.832845 0.321630 0.000000
vt 0.832333 0.000000 0.000000
vt 0.113553 0.321630 0.000000
vt 0.792834 0.012881 0.000000
vt 0.832845 0.312903 0.000000
vt 0.832333 0.089593 0.000000
vt 0.832845 0.321630 0.000000
vt 0.073542 0.012881 0.000000
vt 0.793034 0.296828 0.000000
vt 0.792834 0.048121 0.000000
vt 0.073742 0.296828 0.000000
vt 0.073542 0.048121 0.000000
vt 0.302823 0.656284 0.000000
vt -0.000781 0.781451 0.000000
vt 0.000000 0.851064 0.000000
vt 0.302823 0.718868 0.000000
vt -0.000781 0.844034 0.000000
vt -0.000781 0.656284 0.000000
vt 0.979692 0.781451 0.000000
vt 1.000000 0.851064 0.000000
vt -0.000781 0.718868 0.000000
vt 0.979692 0.844034 0.000000
vt -0.000781 0.718868 0.000000
vt 0.145247 0.656284 0.000000
vt 1.000000 1.000000 0.000000
vt -0.000781 0.781451 0.000000
vt 0.145247 0.718868 0.000000
vt 0.156795 0.656284 0.000000
vt 0.979692 0.718868 0.000000
vt 0.000000 1.000000 0.000000
vt 0.156795 0.718868 0.000000
vt 0.979692 0.781451 0.000000
vt 0.302823 0.656284 0.000000
vt -0.000781 0.781451 0.000000
vt -0.000103 0.349106 0.000000
vt 0.302823 0.718868 0.000000
vt -0.000781 0.844034 0.000000
vt -0.000781 0.656284 0.000000
vt 0.979692 0.781451 0.000000
vt 0.999897 0.349106 0.000000
vt -0.000781 0.718868 0.000000
vt 0.979692 0.844034 0.000000
vt -0.000781 0.718868 0.000000
vt 0.145247 0.656284 0.000000
vt 0.999897 0.498042 0.000000
vt -0.000781 0.781451 0.000000
vt 0.145247 0.718868 0.000000
vt 0.156795 0.656284 0.000000
vt 0.979692 0.718868 0.000000
vt -0.000103 0.498042 0.000000
vt 0.156795 0.718868 0.000000
vt 0.979692 0.781451 0.000000
vt 0.999050 0.183297 0.000000
vt 0.939310 0.183297 0.000000
vt 0.939081 0.132863 0.000000
vt 0.999050 0.342604 0.000000
vt 0.939310 0.342604 0.000000
vt 0.939310 0.183297 0.000000
vt 0.999050 0.183297 0.000000
vt 0.985655 0.132863 0.000000
vt 0.939310 0.342604 0.000000
vt 0.999050 0.342604 0.000000
vt 0.939310 0.183297 0.000000
vt 0.999050 0.183297 0.000000
vt 0.985655 0.179437 0.000000
vt 0.939310 0.342604 0.000000
vt 0.999050 0.342604 0.000000
vt 0.939310 0.183297 0.000000
vt 0.999050 0.183297 0.000000
vt 0.939081 0.179437 0.000000
vt 0.939310 0.342604 0.000000
vt 0.999050 0.342604 0.000000
vt 0.999050 0.183297 0.000000
vt 0.939310 0.183297 0.000000
vt 0.939081 0.132863 0.000000
vt 0.999050 0.342604 0.000000
vt 0.939310 0.342604 0.000000
vt 0.939310 0.183297 0.000000
vt 0.999050 0.183297 0.000000
vt 0.985655 0.132863 0.000000
vt 0.939310 0.342604 0.000000
vt 0.999050 0.342604 0.000000
vt 0.939310 0.183297 0.000000
vt 0.999050 0.183297 0.000000
vt 0.985655 0.179437 0.000000
vt 0.939310 0.342604 0.000000
vt 0.999050 0.342604 0.000000
vt 0.939310 0.183297 0.000000
vt 0.999050 0.183297 0.000000
vt 0.939081 0.179437 0.000000
vt 0.939310 0.342604 0.000000
vt 0.999050 0.342604 0.000000
vt 0.999050 0.183297 0.000000
vt 0.939310 0.183297 0.000000
vt 0.939081 0.132863 0.000000
vt 0.999050 0.342604 0.000000
vt 0.939310 0.342604 0.000000
vt 0.939310 0.183297 0.000000
vt 0.999050 0.183297 0.000000
vt 0.985655 0.132863 0.000000
vt 0.939310 0.342604 0.000000
vt 0.999050 0.342604 0.000000
vt 0.939310 0.183297 0.000000
vt 0.999050 0.183297 0.000000
vt 0.985655 0.179437 0.000000
vt 0.939310 0.342604 0.000000
vt 0.999050 0.342604 0.000000
vt 0.939310 0.183297 0.000000
vt 0.999050 0.183297 0.000000
vt 0.939081 0.179437 0.000000
vt 0.939310 0.342604 0.000000
vt 0.999050 0.342604 0.000000
vt 0.999050 0.183297 0.000000
vt 0.939310 0.183297 0.000000
vt 0.939081 0.132863 0.000000
vt 0.999050 0.342604 0.000000
vt 0.939310 0.342604 0.000000
vt 0.939310 0.183297 0.000000
vt 0.999050 0.183297 0.000000
vt 0.985655 0.132863 0.000000
vt 0.939310 0.342604 0.000000
vt 0.999050 0.342604 0.000000
vt 0.939310 0.183297 0.000000
vt 0.999050 0.183297 0.000000
vt 0.985655 0.179437 0.000000
vt 0.939310 0.342604 0.000000
vt 0.999050 0.342604 0.000000
vt 0.939310 0.183297 0.000000
vt 0.999050 0.183297 0.000000
vt 0.939081 0.179437 0.000000
vt 0.939310 0.342604 0.000000
vt 0.999050 0.342604 0.000000
vt 0.999050 0.183297 0.000000
vt 0.939310 0.183297 0.000000
vt 0.939081 0.132863 0.000000
vt 0.999050 0.342604 0.000000
vt 0.939310 0.342604 0.000000
vt 0.939310 0.183297 0.000000
vt 0.999050 0.183297 0.000000
vt 0.985655 0.132863 0.000000
vt 0.939310 0.342604 0.000000
vt 0.999050 0.342604 0.000000
vt 0.939310 0.183297 0.000000
vt 0.999050 0.183297 0.000000
vt 0.985655 0.179437 0.000000
vt 0.939310 0.342604 0.000000
vt 0.999050 0.342604 0.000000
vt 0.939310 0.183297 0.000000
vt 0.999050 0.183297 0.000000
vt 0.939081 0.179437 0.000000
vt 0.939310 0.342604 0.000000
vt 0.999050 0.342604 0.000000
vt 0.999050 0.183297 0.000000
vt 0.939310 0.183297 0.000000
vt 0.939081 0.132863 0.000000
vt 0.999050 0.342604 0.000000
vt 0.939310 0.342604 0.000000
vt 0.939310 0.183297 0.000000
vt 0.999050 0.183297 0.000000
vt 0.985655 0.132863 0.000000
vt 0.939310 0.342604 0.000000
vt 0.999050 0.342604 0.000000
vt 0.939310 0.183297 0.000000
vt 0.999050 0.183297 0.000000
vt 0.985655 0.179437 0.000000
vt 0.939310 0.342604 0.000000
vt 0.999050 0.342604 0.000000
vt 0.939310 0.183297 0.000000
vt 0.999050 0.183297 0.000000
vt 0.939081 0.179437 0.000000
vt 0.939310 0.342604 0.000000
vt 0.999050 0.342604 0.000000
vt 0.302823 0.656284 0.000000
vt -0.000781 0.781451 0.000000
vt -0.000466 0.505675 0.000000
vt 0.302823 0.718868 0.000000
vt -0.000781 0.844034 0.000000
vt 0.000156 0.656284 0.000000
vt 0.979692 0.781451 0.000000
vt 0.999534 0.505675 0.000000
vt 0.000156 0.718868 0.000000
vt 0.979692 0.844034 0.000000
vt 0.000156 0.718868 0.000000
vt 0.146184 0.656284 0.000000
vt 0.999534 0.654611 0.000000
vt 0.000156 0.781451 0.000000
vt 0.146184 0.718868 0.000000
vt 0.156795 0.656284 0.000000
vt 0.980629 0.718868 0.000000
vt -0.000466 0.654611 0.000000
vt 0.156795 0.718868 0.000000
vt 0.980629 0.781451 0.000000
vt 0.905753 0.210448 0.000000
vt 0.943180 0.000413 0.000000
vt 0.905875 0.048121 0.000000
vt 0.905753 0.156096 0.000000
vt 0.000000 0.034093 0.000000
vt 0.996752 0.000413 0.000000
vt 0.905875 0.012881 0.000000
vt 0.000200 0.259595 0.000000
vt 0.950422 0.053985 0.000000
vt 0.000000 0.012881 0.000000
vt 0.906075 0.259595 0.000000
vt 0.000000 0.025761 0.000000
vt 0.000200 0.219937 0.000000
vt 0.989510 0.053985 0.000000
vt 0.905875 0.025761 0.000000
vt 0.906075 0.219937 0.000000
vt 0.905875 0.062150 0.000000
vt 0.000200 0.297453 0.000000
vt 0.943180 0.014240 0.000000
vt 0.906075 0.297453 0.000000
vt 0.000000 0.062150 0.000000
vt 0.000200 0.297453 0.000000
vt 0.943180 0.014240 0.000000
vt 0.905875 0.062150 0.000000
vt 0.905875 0.012881 0.000000
vt 0.000200 0.259595 0.000000
vt 0.950422 0.053985 0.000000
vt 0.000200 0.281378 0.000000
vt 0.905875 0.062150 0.000000
vt 0.959024 0.014240 0.000000
vt 0.906075 0.281378 0.000000
vt 0.000000 0.062150 0.000000
vt 0.906387 0.330358 0.000000
vt 0.000000 0.121202 0.000000
vt 0.980908 0.041289 0.000000
vt 0.000200 0.281378 0.000000
vt 0.905875 0.062150 0.000000
vt 0.959024 0.014240 0.000000
vt 0.906387 0.321630 0.000000
vt 0.905875 0.000000 0.000000
vt 0.950422 0.041289 0.000000
vt 0.906387 0.312903 0.000000
vt 0.905875 0.089593 0.000000
vt 0.959024 0.041289 0.000000
vt 0.000200 0.312903 0.000000
vt 0.000000 0.093759 0.000000
vt 0.980908 0.014240 0.000000
vt 0.000000 0.012881 0.000000
vt 0.906387 0.321630 0.000000
vt 0.989510 0.041289 0.000000
vt 0.000512 0.321630 0.000000
vt 0.905875 0.012881 0.000000
vt 0.906387 0.321630 0.000000
vt 0.000000 0.012881 0.000000
vt 0.989510 0.041289 0.000000
vt 0.000200 0.296828 0.000000
vt 0.000000 0.048121 0.000000
vt 0.996752 0.014240 0.000000
vt 0.000000 0.048121 0.000000
vt 0.000200 0.296828 0.000000
vt 0.996752 0.014240 0.000000
vt 0.906075 0.296828 0.000000
vt 0.905875 0.048121 0.000000
vt 0.000000 0.025761 0.000000
vt 0.000200 0.219937 0.000000
vt 0.989510 0.053985 0.000000
vt 0.905753 0.156096 0.000000
vt 0.000000 0.034093 0.000000
vt 0.996752 0.000413 0.000000
vt -0.000122 0.156096 0.000000
vt 0.905875 0.034093 0.000000
vt 0.905753 0.210448 0.000000
vt 0.943180 0.000413 0.000000
vt 0.905875 0.048121 0.000000
vt -0.000122 0.210448 0.000000
vt 0.000000 0.048121 0.000000
vt 0.905753 0.210448 0.000000
vt 0.943180 0.000413 0.000000
vt 0.905875 0.048121 0.000000
vt 0.905753 0.156096 0.000000
vt 0.000000 0.034093 0.000000
vt 0.996752 0.000413 0.000000
vt 0.000000 0.025761 0.000000
vt 0.000200 0.219937 0.000000
vt 0.989510 0.053985 0.000000
vt 0.905875 0.025761 0.000000
vt 0.906075 0.219937 0.000000
vt 0.000200 0.297453 0.000000
vt 0.943180 0.014240 0.000000
vt 0.905875 0.062150 0.000000
vt 0.905875 0.012881 0.000000
vt 0.000200 0.259595 0.000000
vt 0.950422 0.053985 0.000000
vt 0.906387 0.330358 0.000000
vt 0.000000 0.121202 0.000000
vt 0.980908 0.041289 0.000000
vt 0.000512 0.330358 0.000000
vt 0.905875 0.121202 0.000000
vt 0.906387 0.330358 0.000000
vt 0.000000 0.121202 0.000000
vt 0.980908 0.041289 0.000000
vt 0.906387 0.321630 0.000000
vt 0.905875 0.000000 0.000000
vt 0.950422 0.041289 0.000000
vt 0.000512 0.321630 0.000000
vt 0.000000 0.000000 0.000000
vt 0.906387 0.312903 0.000000
vt 0.905875 0.089593 0.000000
vt 0.959024 0.041289 0.000000
vt 0.000512 0.312903 0.000000
vt 0.000000 0.089593 0.000000
vt 0.000200 0.281378 0.000000
vt 0.905875 0.062150 0.000000
vt 0.959024 0.014240 0.000000
vt 0.906387 0.321630 0.000000
vt 0.905875 0.000000 0.000000
vt 0.950422 0.041289 0.000000
vt 0.906387 0.312903 0.000000
vt 0.905875 0.089593 0.000000
vt 0.959024 0.041289 0.000000
vt 0.000200 0.312903 0.000000
vt 0.000000 0.093759 0.000000
vt 0.980908 0.014240 0.000000
vt 0.906387 0.321630 0.000000
vt 0.000000 0.012881 0.000000
vt 0.989510 0.041289 0.000000
vt 0.000512 0.321630 0.000000
vt 0.905875 0.012881 0.000000
vt 0.906387 0.321630 0.000000
vt 0.000000 0.012881 0.000000
vt 0.989510 0.041289 0.000000
vt 0.000200 0.296828 0.000000
vt 0.000000 0.048121 0.000000
vt 0.996752 0.014240 0.000000
vt 0.000000 0.025761 0.000000
vt 0.000200 0.219937 0.000000
vt 0.989510 0.053985 0.000000
vt 0.999050 0.183297 0.000000
vt 0.939310 0.183297 0.000000
vt 0.939081 0.132863 0.000000
vt 0.999050 0.342604 0.000000
vt 0.939310 0.342604 0.000000
vt 0.939310 0.183297 0.000000
vt 0.999050 0.183297 0.000000
vt 0.985655 0.132863 0.000000
vt 0.939310 0.342604 0.000000
vt 0.999050 0.342604 0.000000
vt 0.939310 0.183297 0.000000
vt 0.999050 0.183297 0.000000
vt 0.985655 0.179437 0.000000
vt 0.939310 0.342604 0.000000
vt 0.999050 0.342604 0.000000
vt 0.939310 0.183297 0.000000
vt 0.999050 0.183297 0.000000
vt 0.939081 0.179437 0.000000
vt 0.939310 0.342604 0.000000
vt 0.999050 0.342604 0.000000
vt 0.999050 0.183297 0.000000
vt 0.939310 0.183297 0.000000
vt 0.939081 0.132863 0.000000
vt 0.999050 0.342604 0.000000
vt 0.939310 0.342604 0.000000
vt 0.939310 0.183297 0.000000
vt 0.999050 0.183297 0.000000
vt 0.985655 0.132863 0.000000
vt 0.939310 0.342604 0.000000
vt 0.999050 0.342604 0.000000
vt 0.939310 0.183297 0.000000
vt 0.999050 0.183297 0.000000
vt 0.985655 0.179437 0.000000
vt 0.939310 0.342604 0.000000
vt 0.999050 0.342604 0.000000
vt 0.939310 0.183297 0.000000
vt 0.999050 0.183297 0.000000
vt 0.939081 0.179437 0.000000
vt 0.939310 0.342604 0.000000
vt 0.999050 0.342604 0.000000
vt 0.999050 0.183297 0.000000
vt 0.939310 0.183297 0.000000
vt 0.939081 0.132863 0.000000
vt 0.999050 0.342604 0.000000
vt 0.939310 0.342604 0.000000
vt 0.939310 0.183297 0.000000
vt 0.999050 0.183297 0.000000
vt 0.985655 0.132863 0.000000
vt 0.939310 0.342604 0.000000
vt 0.999050 0.342604 0.000000
vt 0.939310 0.183297 0.000000
vt 0.999050 0.183297 0.000000
vt 0.985655 0.179437 0.000000
vt 0.939310 0.342604 0.000000
vt 0.999050 0.342604 0.000000
vt 0.939310 0.183297 0.000000
vt 0.999050 0.183297 0.000000
vt 0.939081 0.179437 0.000000
vt 0.939310 0.342604 0.000000
vt 0.999050 0.342604 0.000000
vt 0.999050 0.183297 0.000000
vt 0.939310 0.183297 0.000000
vt 0.939081 0.132863 0.000000
vt 0.999050 0.342604 0.000000
vt 0.939310 0.342604 0.000000
vt 0.939310 0.183297 0.000000
vt 0.999050 0.183297 0.000000
vt 0.985655 0.132863 0.000000
vt 0.939310 0.342604 0.000000
vt 0.999050 0.342604 0.000000
vt 0.939310 0.183297 0.000000
vt 0.999050 0.183297 0.000000
vt 0.985655 0.179437 0.000000
vt 0.939310 0.342604 0.000000
vt 0.999050 0.342604 0.000000
vt 0.939310 0.183297 0.000000
vt 0.999050 0.183297 0.000000
vt 0.939081 0.179437 0.000000
vt 0.939310 0.342604 0.000000
vt 0.999050 0.342604 0.000000
vt 0.999050 0.183297 0.000000
vt 0.939310 0.183297 0.000000
vt 0.939081 0.132863 0.000000
vt 0.999050 0.342604 0.000000
vt 0.939310 0.342604 0.000000
vt 0.939310 0.183297 0.000000
vt 0.999050 0.183297 0.000000
vt 0.985655 0.132863 0.000000
vt 0.939310 0.342604 0.000000
vt 0.999050 0.342604 0.000000
vt 0.939310 0.183297 0.000000
vt 0.999050 0.183297 0.000000
vt 0.985655 0.179437 0.000000
vt 0.939310 0.342604 0.000000
vt 0.999050 0.342604 0.000000
vt 0.939310 0.183297 0.000000
vt 0.999050 0.183297 0.000000
vt 0.939081 0.179437 0.000000
vt 0.939310 0.342604 0.000000
vt 0.999050 0.342604 0.000000
vt 0.999050 0.183297 0.000000
vt 0.939310 0.183297 0.000000
vt 0.939081 0.132863 0.000000
vt 0.999050 0.342604 0.000000
vt 0.939310 0.342604 0.000000
vt 0.939310 0.183297 0.000000
vt 0.999050 0.183297 0.000000
vt 0.985655 0.132863 0.000000
vt 0.939310 0.342604 0.000000
vt 0.999050 0.342604 0.000000
vt 0.939310 0.183297 0.000000
vt 0.999050 0.183297 0.000000
vt 0.985655 0.179437 0.000000
vt 0.939310 0.342604 0.000000
vt 0.999050 0.342604 0.000000
vt 0.939310 0.183297 0.000000
vt 0.999050 0.183297 0.000000
vt 0.939081 0.179437 0.000000
vt 0.939310 0.342604 0.000000
vt 0.999050 0.342604 0.000000
vt 0.999050 0.183297 0.000000
vt 0.939310 0.183297 0.000000
vt 0.939081 0.132863 0.000000
vt 0.999050 0.342604 0.000000
vt 0.939310 0.342604 0.000000
vt 0.939310 0.183297 0.000000
vt 0.999050 0.183297 0.000000
vt 0.985655 0.132863 0.000000
vt 0.939310 0.342604 0.000000
vt 0.999050 0.342604 0.000000
vt 0.939310 0.183297 0.000000
vt 0.999050 0.183297 0.000000
vt 0.985655 0.179437 0.000000
vt 0.939310 0.342604 0.000000
vt 0.999050 0.342604 0.000000
vt 0.939310 0.183297 0.000000
vt 0.999050 0.183297 0.000000
vt 0.939081 0.179437 0.000000
vt 0.939310 0.342604 0.000000
vt 0.999050 0.342604 0.000000
vt 0.999050 0.183297 0.000000
vt 0.939310 0.183297 0.000000
vt 0.939081 0.132863 0.000000
vt 0.999050 0.342604 0.000000
vt 0.939310 0.342604 0.000000
vt 0.939310 0.183297 0.000000
vt 0.999050 0.183297 0.000000
vt 0.985655 0.132863 0.000000
vt 0.939310 0.342604 0.000000
vt 0.999050 0.342604 0.000000
vt 0.939310 0.183297 0.000000
vt 0.999050 0.183297 0.000000
vt 0.985655 0.179437 0.000000
vt 0.939310 0.342604 0.000000
vt 0.999050 0.342604 0.000000
vt 0.939310 0.183297 0.000000
vt 0.999050 0.183297 0.000000
vt 0.939081 0.179437 0.000000
vt 0.939310 0.342604 0.000000
vt 0.999050 0.342604 0.000000
vt 0.302823 0.656284 0.000000
vt -0.000781 0.781451 0.000000
vt -0.000466 0.505675 0.000000
vt 0.302823 0.718868 0.000000
vt -0.000781 0.844034 0.000000
vt 0.000156 0.656284 0.000000
vt 0.979692 0.781451 0.000000
vt 0.999534 0.505675 0.000000
vt 0.000156 0.718868 0.000000
vt 0.979692 0.844034 0.000000
vt 0.000156 0.718868 0.000000
vt 0.146184 0.656284 0.000000
vt 0.999534 0.654611 0.000000
vt 0.000156 0.781451 0.000000
vt 0.146184 0.718868 0.000000
vt 0.156795 0.656284 0.000000
vt 0.980629 0.718868 0.000000
vt -0.000466 0.654611 0.000000
vt 0.156795 0.718868 0.000000
vt 0.980629 0.781451 0.000000
vt 0.302823 0.656284 0.000000
vt -0.000781 0.781451 0.000000
vt 0.000000 0.851064 0.000000
vt 0.302823 0.718868 0.000000
vt -0.000781 0.844034 0.000000
vt -0.000781 0.656284 0.000000
vt 0.979692 0.781451 0.000000
vt 1.000000 0.851064 0.000000
vt -0.000781 0.718868 0.000000
vt 0.979692 0.844034 0.000000
vt -0.000781 0.718868 0.000000
vt 0.145247 0.656284 0.000000
vt 1.000000 1.000000 0.000000
vt -0.000781 0.781451 0.000000
vt 0.145247 0.718868 0.000000
vt 0.156795 0.656284 0.000000
vt 0.979692 0.718868 0.000000
vt 0.000000 1.000000 0.000000
vt 0.156795 0.718868 0.000000
vt 0.979692 0.781451 0.000000
vt 0.302823 0.656284 0.000000
vt -0.000781 0.781451 0.000000
vt -0.000103 0.349106 0.000000
vt 0.302823 0.718868 0.000000
vt -0.000781 0.844034 0.000000
vt -0.000781 0.656284 0.000000
vt 0.979692 0.781451 0.000000
vt 0.999897 0.349106 0.000000
vt -0.000781 0.718868 0.000000
vt 0.979692 0.844034 0.000000
vt -0.000781 0.718868 0.000000
vt 0.145247 0.656284 0.000000
vt 0.999897 0.498042 0.000000
vt -0.000781 0.781451 0.000000
vt 0.145247 0.718868 0.000000
vt 0.156795 0.656284 0.000000
vt 0.979692 0.718868 0.000000
vt -0.000103 0.498042 0.000000
vt 0.156795 0.718868 0.000000
vt 0.979692 0.781451 0.000000
vt 0.302823 0.656284 0.000000
vt -0.000781 0.781451 0.000000
vt 0.000000 0.851064 0.000000
vt 0.302823 0.718868 0.000000
vt -0.000781 0.844034 0.000000
vt -0.000781 0.656284 0.000000
vt 0.979692 0.781451 0.000000
vt 1.000000 0.851064 0.000000
vt -0.000781 0.718868 0.000000
vt 0.979692 0.844034 0.000000
vt -0.000781 0.718868 0.000000
vt 0.145247 0.656284 0.000000
vt 1.000000 1.000000 0.000000
vt -0.000781 0.781451 0.000000
vt 0.145247 0.718868 0.000000
vt 0.156795 0.656284 0.000000
vt 0.979692 0.718868 0.000000
vt 0.000000 1.000000 0.000000
vt 0.156795 0.718868 0.000000
vt 0.979692 0.781451 0.000000
vt 0.905753 0.156096 0.000000
vt 0.000000 0.034093 0.000000
vt -0.000122 0.156096 0.000000
vt 0.905875 0.034093 0.000000
vt 0.942399 0.062186 0.000000
vt 0.905753 0.210448 0.000000
vt 0.905875 0.048121 0.000000
vt -0.000122 0.210448 0.000000
vt 0.000000 0.048121 0.000000
vt 0.995971 0.062186 0.000000
vt 0.905875 0.048121 0.000000
vt 0.905753 0.210448 0.000000
vt 0.943180 0.000413 0.000000
vt -0.000122 0.210448 0.000000
vt 0.000000 0.048121 0.000000
vt 0.000000 0.034093 0.000000
vt 0.905753 0.156096 0.000000
vt 0.996752 0.000413 0.000000
vt -0.000122 0.156096 0.000000
vt 0.905875 0.034093 0.000000
vt 0.000000 0.025761 0.000000
vt 0.000200 0.219937 0.000000
vt 0.906075 0.219937 0.000000
vt 0.905875 0.025761 0.000000
vt 0.949641 0.115757 0.000000
vt 0.000200 0.297453 0.000000
vt 0.905875 0.062150 0.000000
vt 0.906075 0.297453 0.000000
vt 0.000000 0.062150 0.000000
vt 0.995971 0.076013 0.000000
vt 0.000200 0.312903 0.000000
vt 0.000000 0.093759 0.000000
vt 0.906075 0.312903 0.000000
vt 0.905875 0.093759 0.000000
vt 0.958243 0.076013 0.000000
vt 0.000200 0.281378 0.000000
vt 0.905875 0.062150 0.000000
vt 0.906075 0.281378 0.000000
vt 0.000000 0.062150 0.000000
vt 0.980127 0.076013 0.000000
vt 0.906387 0.330358 0.000000
vt 0.000000 0.121202 0.000000
vt 0.000512 0.330358 0.000000
vt 0.905875 0.121202 0.000000
vt 0.958243 0.103062 0.000000
vt 0.000000 0.121202 0.000000
vt 0.906387 0.330358 0.000000
vt 0.980908 0.041289 0.000000
vt 0.000512 0.330358 0.000000
vt 0.905875 0.121202 0.000000
vt 0.906387 0.321630 0.000000
vt 0.905875 0.000000 0.000000
vt 0.950422 0.041289 0.000000
vt 0.000512 0.321630 0.000000
vt 0.000000 0.000000 0.000000
vt 0.906387 0.312903 0.000000
vt 0.905875 0.089593 0.000000
vt 0.959024 0.041289 0.000000
vt 0.000512 0.312903 0.000000
vt 0.000000 0.089593 0.000000
vt 0.000000 0.093759 0.000000
vt 0.000200 0.312903 0.000000
vt 0.980908 0.014240 0.000000
vt 0.906075 0.312903 0.000000
vt 0.905875 0.093759 0.000000
vt 0.906387 0.321630 0.000000
vt 0.000000 0.012881 0.000000
vt 0.000512 0.321630 0.000000
vt 0.905875 0.012881 0.000000
vt 0.949641 0.103062 0.000000
vt 0.000200 0.296828 0.000000
vt 0.000000 0.048121 0.000000
vt 0.906075 0.296828 0.000000
vt 0.905875 0.048121 0.000000
vt 0.942399 0.076013 0.000000
vt 0.905875 0.012881 0.000000
vt 0.000200 0.259595 0.000000
vt 0.000000 0.012881 0.000000
vt 0.906075 0.259595 0.000000
vt 0.988729 0.115757 0.000000
vt 0.000200 0.297453 0.000000
vt 0.943180 0.014240 0.000000
vt 0.905875 0.062150 0.000000
vt 0.906075 0.297453 0.000000
vt 0.000000 0.062150 0.000000
vt 0.905875 0.012881 0.000000
vt 0.000200 0.259595 0.000000
vt 0.950422 0.053985 0.000000
vt 0.000000 0.012881 0.000000
vt 0.906075 0.259595 0.000000
vt 0.906387 0.321630 0.000000
vt 0.905875 0.000000 0.000000
vt 0.000512 0.321630 0.000000
vt 0.000000 0.000000 0.000000
vt 0.988729 0.103062 0.000000
vt 0.000200 0.281378 0.000000
vt 0.905875 0.062150 0.000000
vt 0.959024 0.014240 0.000000
vt 0.906075 0.281378 0.000000
vt 0.000000 0.062150 0.000000
vt 0.000200 0.312903 0.000000
vt 0.000000 0.093759 0.000000
vt 0.980908 0.014240 0.000000
vt 0.906075 0.312903 0.000000
vt 0.905875 0.093759 0.000000
vt 0.906387 0.321630 0.000000
vt 0.000000 0.012881 0.000000
vt 0.000512 0.321630 0.000000
vt 0.905875 0.012881 0.000000
vt 0.949641 0.103062 0.000000
vt 0.000200 0.296828 0.000000
vt 0.000000 0.048121 0.000000
vt 0.996752 0.014240 0.000000
vt 0.906075 0.296828 0.000000
vt 0.905875 0.048121 0.000000
vt 0.999050 0.183297 0.000000
vt 0.939310 0.183297 0.000000
vt 0.939081 0.132863 0.000000
vt 0.999050 0.342604 0.000000
vt 0.939310 0.342604 0.000000
vt 0.939310 0.183297 0.000000
vt 0.999050 0.183297 0.000000
vt 0.985655 0.132863 0.000000
vt 0.939310 0.342604 0.000000
vt 0.999050 0.342604 0.000000
vt 0.939310 0.183297 0.000000
vt 0.999050 0.183297 0.000000
vt 0.985655 0.179437 0.000000
vt 0.939310 0.342604 0.000000
vt 0.999050 0.342604 0.000000
vt 0.939310 0.183297 0.000000
vt 0.999050 0.183297 0.000000
vt 0.939081 0.179437 0.000000
vt 0.939310 0.342604 0.000000
vt 0.999050 0.342604 0.000000
vt 0.999050 0.183297 0.000000
vt 0.939310 0.183297 0.000000
vt 0.939081 0.132863 0.000000
vt 0.999050 0.342604 0.000000
vt 0.939310 0.342604 0.000000
vt 0.939310 0.183297 0.000000
vt 0.999050 0.183297 0.000000
vt 0.985655 0.132863 0.000000
vt 0.939310 0.342604 0.000000
vt 0.999050 0.342604 0.000000
vt 0.939310 0.183297 0.000000
vt 0.999050 0.183297 0.000000
vt 0.985655 0.179437 0.000000
vt 0.939310 0.342604 0.000000
vt 0.999050 0.342604 0.000000
vt 0.939310 0.183297 0.000000
vt 0.999050 0.183297 0.000000
vt 0.939081 0.179437 0.000000
vt 0.939310 0.342604 0.000000
vt 0.999050 0.342604 0.000000
vt 0.999050 0.183297 0.000000
vt 0.939310 0.183297 0.000000
vt 0.939081 0.132863 0.000000
vt 0.999050 0.342604 0.000000
vt 0.939310 0.342604 0.000000
vt 0.939310 0.183297 0.000000
vt 0.999050 0.183297 0.000000
vt 0.985655 0.132863 0.000000
vt 0.939310 0.342604 0.000000
vt 0.999050 0.342604 0.000000
vt 0.939310 0.183297 0.000000
vt 0.999050 0.183297 0.000000
vt 0.985655 0.179437 0.000000
vt 0.939310 0.342604 0.000000
vt 0.999050 0.342604 0.000000
vt 0.939310 0.183297 0.000000
vt 0.999050 0.183297 0.000000
vt 0.939081 0.179437 0.000000
vt 0.939310 0.342604 0.000000
vt 0.999050 0.342604 0.000000
vt 0.999050 0.183297 0.000000
vt 0.939310 0.183297 0.000000
vt 0.939081 0.132863 0.000000
vt 0.999050 0.342604 0.000000
vt 0.939310 0.342604 0.000000
vt 0.939310 0.183297 0.000000
vt 0.999050 0.183297 0.000000
vt 0.985655 0.132863 0.000000
vt 0.939310 0.342604 0.000000
vt 0.999050 0.342604 0.000000
vt 0.939310 0.183297 0.000000
vt 0.999050 0.183297 0.000000
vt 0.985655 0.179437 0.000000
vt 0.939310 0.342604 0.000000
vt 0.999050 0.342604 0.000000
vt 0.939310 0.183297 0.000000
vt 0.999050 0.183297 0.000000
vt 0.939081 0.179437 0.000000
vt 0.939310 0.342604 0.000000
vt 0.999050 0.342604 0.000000
vt 0.999050 0.183297 0.000000
vt 0.939310 0.183297 0.000000
vt 0.939081 0.132863 0.000000
vt 0.999050 0.342604 0.000000
vt 0.939310 0.342604 0.000000
vt 0.939310 0.183297 0.000000
vt 0.999050 0.183297 0.000000
vt 0.985655 0.132863 0.000000
vt 0.939310 0.342604 0.000000
vt 0.999050 0.342604 0.000000
vt 0.939310 0.183297 0.000000
vt 0.999050 0.183297 0.000000
vt 0.985655 0.179437 0.000000
vt 0.939310 0.342604 0.000000
vt 0.999050 0.342604 0.000000
vt 0.939310 0.183297 0.000000
vt 0.999050 0.183297 0.000000
vt 0.939081 0.179437 0.000000
vt 0.939310 0.342604 0.000000
vt 0.999050 0.342604 0.000000
vt 0.999050 0.183297 0.000000
vt 0.939310 0.183297 0.000000
vt 0.939081 0.132863 0.000000
vt 0.999050 0.342604 0.000000
vt 0.939310 0.342604 0.000000
vt 0.939310 0.183297 0.000000
vt 0.999050 0.183297 0.000000
vt 0.985655 0.132863 0.000000
vt 0.939310 0.342604 0.000000
vt 0.999050 0.342604 0.000000
vt 0.939310 0.183297 0.000000
vt 0.999050 0.183297 0.000000
vt 0.985655 0.179437 0.000000
vt 0.939310 0.342604 0.000000
vt 0.999050 0.342604 0.000000
vt 0.939310 0.183297 0.000000
vt 0.999050 0.183297 0.000000
vt 0.939081 0.179437 0.000000
vt 0.939310 0.342604 0.000000
vt 0.999050 0.342604 0.000000
vt 0.999050 0.183297 0.000000
vt 0.939310 0.183297 0.000000
vt 0.939081 0.132863 0.000000
vt 0.999050 0.342604 0.000000
vt 0.939310 0.342604 0.000000
vt 0.939310 0.183297 0.000000
vt 0.999050 0.183297 0.000000
vt 0.985655 0.132863 0.000000
vt 0.939310 0.342604 0.000000
vt 0.999050 0.342604 0.000000
vt 0.939310 0.183297 0.000000
vt 0.999050 0.183297 0.000000
vt 0.985655 0.179437 0.000000
vt 0.939310 0.342604 0.000000
vt 0.999050 0.342604 0.000000
vt 0.939310 0.183297 0.000000
vt 0.999050 0.183297 0.000000
vt 0.939081 0.179437 0.000000
vt 0.939310 0.342604 0.000000
vt 0.999050 0.342604 0.000000
vt 0.999050 0.183297 0.000000
vt 0.939310 0.183297 0.000000
vt 0.939081 0.132863 0.000000
vt 0.999050 0.342604 0.000000
vt 0.939310 0.342604 0.000000
vt 0.939310 0.183297 0.000000
vt 0.999050 0.183297 0.000000
vt 0.985655 0.132863 0.000000
vt 0.939310 0.342604 0.000000
vt 0.999050 0.342604 0.000000
vt 0.939310 0.183297 0.000000
vt 0.999050 0.183297 0.000000
vt 0.985655 0.179437 0.000000
vt 0.939310 0.342604 0.000000
vt 0.999050 0.342604 0.000000
vt 0.939310 0.183297 0.000000
vt 0.999050 0.183297 0.000000
vt 0.939081 0.179437 0.000000
vt 0.939310 0.342604 0.000000
vt 0.999050 0.342604 0.000000
vt 0.302823 0.656284 0.000000
vt -0.000781 0.781451 0.000000
vt -0.000466 0.505675 0.000000
vt 0.302823 0.718868 0.000000
vt -0.000781 0.844034 0.000000
vt 0.000156 0.656284 0.000000
vt 0.979692 0.781451 0.000000
vt 0.999534 0.505675 0.000000
vt 0.000156 0.718868 0.000000
vt 0.979692 0.844034 0.000000
vt 0.000156 0.718868 0.000000
vt 0.146184 0.656284 0.000000
vt 0.999534 0.654611 0.000000
vt 0.000156 0.781451 0.000000
vt 0.146184 0.718868 0.000000
vt 0.156795 0.656284 0.000000
vt 0.980629 0.718868 0.000000
vt -0.000466 0.654611 0.000000
vt 0.156795 0.718868 0.000000
vt 0.980629 0.781451 0.000000
vt 0.302823 0.656284 0.000000
vt -0.000781 0.781451 0.000000
vt 0.000000 0.851064 0.000000
vt 0.302823 0.718868 0.000000
vt -0.000781 0.844034 0.000000
vt -0.000781 0.656284 0.000000
vt 0.979692 0.781451 0.000000
vt 1.000000 0.851064 0.000000
vt -0.000781 0.718868 0.000000
vt 0.979692 0.844034 0.000000
vt -0.000781 0.718868 0.000000
vt 0.145247 0.656284 0.000000
vt 1.000000 1.000000 0.000000
vt -0.000781 0.781451 0.000000
vt 0.145247 0.718868 0.000000
vt 0.156795 0.656284 0.000000
vt 0.979692 0.718868 0.000000
vt 0.000000 1.000000 0.000000
vt 0.156795 0.718868 0.000000
vt 0.979692 0.781451 0.000000
vt 0.302823 0.656284 0.000000
vt -0.000781 0.781451 0.000000
vt -0.000103 0.349106 0.000000
vt 0.302823 0.718868 0.000000
vt -0.000781 0.844034 0.000000
vt -0.000781 0.656284 0.000000
vt 0.979692 0.781451 0.000000
vt 0.999897 0.349106 0.000000
vt -0.000781 0.718868 0.000000
vt 0.979692 0.844034 0.000000
vt -0.000781 0.718868 0.000000
vt 0.145247 0.656284 0.000000
vt 0.999897 0.498042 0.000000
vt -0.000781 0.781451 0.000000
vt 0.145247 0.718868 0.000000
vt 0.156795 0.656284 0.000000
vt 0.979692 0.718868 0.000000
vt -0.000103 0.498042 0.000000
vt 0.156795 0.718868 0.000000
vt 0.979692 0.781451 0.000000
vt 0.302823 0.656284 0.000000
vt -0.000781 0.781451 0.000000
vt 0.000000 0.851064 0.000000
vt 0.302823 0.718868 0.000000
vt -0.000781 0.844034 0.000000
vt -0.000781 0.656284 0.000000
vt 0.979692 0.781451 0.000000
vt 1.000000 0.851064 0.000000
vt -0.000781 0.718868 0.000000
vt 0.979692 0.844034 0.000000
vt -0.000781 0.718868 0.000000
vt 0.145247 0.656284 0.000000
vt 1.000000 1.000000 0.000000
vt -0.000781 0.781451 0.000000
vt 0.145247 0.718868 0.000000
vt 0.156795 0.656284 0.000000
vt 0.979692 0.718868 0.000000
vt 0.000000 1.000000 0.000000
vt 0.156795 0.718868 0.000000
vt 0.979692 0.781451 0.000000
vt 0.996585 0.000972 0.000000
vt 0.122582 0.034093 0.000000
vt 0.783171 0.156096 0.000000
vt 0.943853 0.000972 0.000000
vt 0.783293 0.048121 0.000000
vt 0.783171 0.210448 0.000000
vt 0.950981 0.053704 0.000000
vt 0.783293 0.012881 0.000000
vt 0.122782 0.259595 0.000000
vt 0.989457 0.053704 0.000000
vt 0.122582 0.025761 0.000000
vt 0.122782 0.219937 0.000000
vt 0.943853 0.014582 0.000000
vt 0.783293 0.062150 0.000000
vt 0.122782 0.297453 0.000000
vt 0.980990 0.014582 0.000000
vt 0.122582 0.093759 0.000000
vt 0.122782 0.312903 0.000000
vt 0.959448 0.014582 0.000000
vt 0.122782 0.281378 0.000000
vt 0.783293 0.062150 0.000000
vt 0.980990 0.041207 0.000000
vt 0.122582 0.121202 0.000000
vt 0.783805 0.330358 0.000000
vt 0.950981 0.041207 0.000000
vt 0.783805 0.321630 0.000000
vt 0.783293 0.000000 0.000000
vt 0.959448 0.041207 0.000000
vt 0.783805 0.312903 0.000000
vt 0.783293 0.089593 0.000000
vt 0.989457 0.041207 0.000000
vt 0.122582 0.012881 0.000000
vt 0.783805 0.321630 0.000000
vt 0.996585 0.014582 0.000000
vt 0.122582 0.048121 0.000000
vt 0.122782 0.296828 0.000000
vt 0.995840 0.062703 0.000000
vt 0.617678 0.156096 0.000000
vt 0.288076 0.034093 0.000000
vt 0.942959 0.062703 0.000000
vt 0.617678 0.210448 0.000000
vt 0.617799 0.048121 0.000000
vt 0.950108 0.115583 0.000000
vt 0.288275 0.259595 0.000000
vt 0.617799 0.012881 0.000000
vt 0.988692 0.115583 0.000000
vt 0.288275 0.219937 0.000000
vt 0.288076 0.025761 0.000000
vt 0.942959 0.076352 0.000000
vt 0.288275 0.297453 0.000000
vt 0.617799 0.062150 0.000000
vt 0.980201 0.076352 0.000000
vt 0.288275 0.312903 0.000000
vt 0.288076 0.093759 0.000000
vt 0.958599 0.076352 0.000000
vt 0.288275 0.281378 0.000000
vt 0.617799 0.062150 0.000000
vt 0.980201 0.103052 0.000000
vt 0.618311 0.330358 0.000000
vt 0.288076 0.121202 0.000000
vt 0.950108 0.103052 0.000000
vt 0.618311 0.321630 0.000000
vt 0.617799 0.000000 0.000000
vt 0.958599 0.103052 0.000000
vt 0.617799 0.089593 0.000000
vt 0.618311 0.312903 0.000000
vt 0.988692 0.103052 0.000000
vt 0.618311 0.321630 0.000000
vt 0.288076 0.012881 0.000000
vt 0.995840 0.076352 0.000000
vt 0.288275 0.296828 0.000000
vt 0.288076 0.048121 0.000000
vt -0.000122 0.156096 0.000000
vt 0.905875 0.034093 0.000000
vt 0.942399 0.062186 0.000000
vt -0.000122 0.210448 0.000000
vt 0.000000 0.048121 0.000000
vt 0.995971 0.062186 0.000000
vt 0.000000 0.012881 0.000000
vt 0.906075 0.259595 0.000000
vt 0.988729 0.115757 0.000000
vt 0.905875 0.025761 0.000000
vt 0.906075 0.219937 0.000000
vt 0.949641 0.115757 0.000000
vt 0.906075 0.297453 0.000000
vt 0.000000 0.062150 0.000000
vt 0.995971 0.076013 0.000000
vt 0.905875 0.012881 0.000000
vt 0.000200 0.259595 0.000000
vt 0.906075 0.259595 0.000000
vt 0.000000 0.012881 0.000000
vt 0.988729 0.115757 0.000000
vt 0.906075 0.312903 0.000000
vt 0.905875 0.093759 0.000000
vt 0.958243 0.076013 0.000000
vt 0.906075 0.281378 0.000000
vt 0.000000 0.062150 0.000000
vt 0.980127 0.076013 0.000000
vt 0.000512 0.330358 0.000000
vt 0.905875 0.121202 0.000000
vt 0.958243 0.103062 0.000000
vt 0.000512 0.321630 0.000000
vt 0.000000 0.000000 0.000000
vt 0.988729 0.103062 0.000000
vt 0.000512 0.312903 0.000000
vt 0.000000 0.089593 0.000000
vt 0.980127 0.103062 0.000000
vt 0.906387 0.321630 0.000000
vt 0.905875 0.000000 0.000000
vt 0.000512 0.321630 0.000000
vt 0.000000 0.000000 0.000000
vt 0.988729 0.103062 0.000000
vt 0.906387 0.312903 0.000000
vt 0.905875 0.089593 0.000000
vt 0.000000 0.089593 0.000000
vt 0.000512 0.312903 0.000000
vt 0.980127 0.103062 0.000000
vt 0.000512 0.321630 0.000000
vt 0.905875 0.012881 0.000000
vt 0.949641 0.103062 0.000000
vt 0.906075 0.296828 0.000000
vt 0.905875 0.048121 0.000000
vt 0.942399 0.076013 0.000000
vt 0.905753 0.156096 0.000000
vt 0.000000 0.034093 0.000000
vt -0.000122 0.156096 0.000000
vt 0.905875 0.034093 0.000000
vt 0.905753 0.210448 0.000000
vt 0.905875 0.048121 0.000000
vt -0.000122 0.210448 0.000000
vt 0.000000 0.048121 0.000000
vt 0.995971 0.062186 0.000000
vt 0.905753 0.156096 0.000000
vt 0.000000 0.034093 0.000000
vt -0.000122 0.156096 0.000000
vt 0.905875 0.034093 0.000000
vt 0.942399 0.062186 0.000000
vt 0.905875 0.012881 0.000000
vt 0.000200 0.259595 0.000000
vt 0.000000 0.012881 0.000000
vt 0.906075 0.259595 0.000000
vt 0.000000 0.025761 0.000000
vt 0.000200 0.219937 0.000000
vt 0.905875 0.025761 0.000000
vt 0.906075 0.219937 0.000000
vt 0.000200 0.297453 0.000000
vt 0.905875 0.062150 0.000000
vt 0.906075 0.297453 0.000000
vt 0.000000 0.062150 0.000000
vt 0.995971 0.076013 0.000000
vt 0.906387 0.330358 0.000000
vt 0.000000 0.121202 0.000000
vt 0.000512 0.330358 0.000000
vt 0.905875 0.121202 0.000000
vt 0.906387 0.330358 0.000000
vt 0.000000 0.121202 0.000000
vt 0.000512 0.330358 0.000000
vt 0.905875 0.121202 0.000000
vt 0.958243 0.103062 0.000000
vt 0.906387 0.321630 0.000000
vt 0.905875 0.000000 0.000000
vt 0.000512 0.321630 0.000000
vt 0.000000 0.000000 0.000000
vt 0.906387 0.312903 0.000000
vt 0.905875 0.089593 0.000000
vt 0.000512 0.312903 0.000000
vt 0.000000 0.089593 0.000000
vt 0.000200 0.281378 0.000000
vt 0.905875 0.062150 0.000000
vt 0.906075 0.281378 0.000000
vt 0.000000 0.062150 0.000000
vt 0.980127 0.076013 0.000000
vt 0.906387 0.312903 0.000000
vt 0.905875 0.089593 0.000000
vt 0.000512 0.312903 0.000000
vt 0.000000 0.089593 0.000000
vt 0.980127 0.103062 0.000000
vt 0.000200 0.312903 0.000000
vt 0.000000 0.093759 0.000000
vt 0.906075 0.312903 0.000000
vt 0.905875 0.093759 0.000000
vt 0.958243 0.076013 0.000000
vt 0.000200 0.296828 0.000000
vt 0.000000 0.048121 0.000000
vt 0.906075 0.296828 0.000000
vt 0.905875 0.048121 0.000000
vt 0.942399 0.076013 0.000000
vt 0.000000 0.025761 0.000000
vt 0.000200 0.219937 0.000000
vt 0.905875 0.025761 0.000000
vt 0.906075 0.219937 0.000000
vt 0.949641 0.115757 0.000000
vt 0.999050 0.183297 0.000000
vt 0.939310 0.183297 0.000000
vt 0.939081 0.132863 0.000000
vt 0.999050 0.342604 0.000000
vt 0.939310 0.342604 0.000000
vt 0.939310 0.183297 0.000000
vt 0.999050 0.183297 0.000000
vt 0.985655 0.132863 0.000000
vt 0.939310 0.342604 0.000000
vt 0.999050 0.342604 0.000000
vt 0.939310 0.183297 0.000000
vt 0.999050 0.183297 0.000000
vt 0.985655 0.179437 0.000000
vt 0.939310 0.342604 0.000000
vt 0.999050 0.342604 0.000000
vt 0.939310 0.183297 0.000000
vt 0.999050 0.183297 0.000000
vt 0.939081 0.179437 0.000000
vt 0.939310 0.342604 0.000000
vt 0.999050 0.342604 0.000000
vt 0.999050 0.183297 0.000000
vt 0.939310 0.183297 0.000000
vt 0.939081 0.132863 0.000000
vt 0.999050 0.342604 0.000000
vt 0.939310 0.342604 0.000000
vt 0.939310 0.183297 0.000000
vt 0.999050 0.183297 0.000000
vt 0.985655 0.132863 0.000000
vt 0.939310 0.342604 0.000000
vt 0.999050 0.342604 0.000000
vt 0.939310 0.183297 0.000000
vt 0.999050 0.183297 0.000000
vt 0.985655 0.179437 0.000000
vt 0.939310 0.342604 0.000000
vt 0.999050 0.342604 0.000000
vt 0.939310 0.183297 0.000000
vt 0.999050 0.183297 0.000000
vt 0.939081 0.179437 0.000000
vt 0.939310 0.342604 0.000000
vt 0.999050 0.342604 0.000000
vt 0.999050 0.183297 0.000000
vt 0.939310 0.183297 0.000000
vt 0.939081 0.132863 0.000000
vt 0.999050 0.342604 0.000000
vt 0.939310 0.342604 0.000000
vt 0.939310 0.183297 0.000000
vt 0.999050 0.183297 0.000000
vt 0.985655 0.132863 0.000000
vt 0.939310 0.342604 0.000000
vt 0.999050 0.342604 0.000000
vt 0.939310 0.183297 0.000000
vt 0.999050 0.183297 0.000000
vt 0.985655 0.179437 0.000000
vt 0.939310 0.342604 0.000000
vt 0.999050 0.342604 0.000000
vt 0.939310 0.183297 0.000000
vt 0.999050 0.183297 0.000000
vt 0.939081 0.179437 0.000000
vt 0.939310 0.342604 0.000000
vt 0.999050 0.342604 0.000000
vt 0.999050 0.183297 0.000000
vt 0.939310 0.183297 0.000000
vt 0.939081 0.132863 0.000000
vt 0.999050 0.342604 0.000000
vt 0.939310 0.342604 0.000000
vt 0.939310 0.183297 0.000000
vt 0.999050 0.183297 0.000000
vt 0.985655 0.132863 0.000000
vt 0.939310 0.342604 0.000000
vt 0.999050 0.342604 0.000000
vt 0.939310 0.183297 0.000000
vt 0.999050 0.183297 0.000000
vt 0.985655 0.179437 0.000000
vt 0.939310 0.342604 0.000000
vt 0.999050 0.342604 0.000000
vt 0.939310 0.183297 0.000000
vt 0.999050 0.183297 0.000000
vt 0.939081 0.179437 0.000000
vt 0.939310 0.342604 0.000000
vt 0.999050 0.342604 0.000000
vt 0.999050 0.183297 0.000000
vt 0.939310 0.183297 0.000000
vt 0.939081 0.132863 0.000000
vt 0.999050 0.342604 0.000000
vt 0.939310 0.342604 0.000000
vt 0.939310 0.183297 0.000000
vt 0.999050 0.183297 0.000000
vt 0.985655 0.132863 0.000000
vt 0.939310 0.342604 0.000000
vt 0.999050 0.342604 0.000000
vt 0.939310 0.183297 0.000000
vt 0.999050 0.183297 0.000000
vt 0.985655 0.179437 0.000000
vt 0.939310 0.342604 0.000000
vt 0.999050 0.342604 0.000000
vt 0.939310 0.183297 0.000000
vt 0.999050 0.183297 0.000000
vt 0.939081 0.179437 0.000000
vt 0.939310 0.342604 0.000000
vt 0.999050 0.342604 0.000000
vt 0.999050 0.183297 0.000000
vt 0.939310 0.183297 0.000000
vt 0.939081 0.132863 0.000000
vt 0.999050 0.342604 0.000000
vt 0.939310 0.342604 0.000000
vt 0.939310 0.183297 0.000000
vt 0.999050 0.183297 0.000000
vt 0.985655 0.132863 0.000000
vt 0.939310 0.342604 0.000000
vt 0.999050 0.342604 0.000000
vt 0.939310 0.183297 0.000000
vt 0.999050 0.183297 0.000000
vt 0.985655 0.179437 0.000000
vt 0.939310 0.342604 0.000000
vt 0.999050 0.342604 0.000000
vt 0.939310 0.183297 0.000000
vt 0.999050 0.183297 0.000000
vt 0.939081 0.179437 0.000000
vt 0.939310 0.342604 0.000000
vt 0.999050 0.342604 0.000000
vt 0.999050 0.183297 0.000000
vt 0.939310 0.183297 0.000000
vt 0.939081 0.132863 0.000000
vt 0.999050 0.342604 0.000000
vt 0.939310 0.342604 0.000000
vt 0.939310 0.183297 0.000000
vt 0.999050 0.183297 0.000000
vt 0.985655 0.132863 0.000000
vt 0.939310 0.342604 0.000000
vt 0.999050 0.342604 0.000000
vt 0.939310 0.183297 0.000000
vt 0.999050 0.183297 0.000000
vt 0.985655 0.179437 0.000000
vt 0.939310 0.342604 0.000000
vt 0.999050 0.342604 0.000000
vt 0.939310 0.183297 0.000000
vt 0.999050 0.183297 0.000000
vt 0.939081 0.179437 0.000000
vt 0.939310 0.342604 0.000000
vt 0.999050 0.342604 0.000000
vt 0.999050 0.183297 0.000000
vt 0.939310 0.183297 0.000000
vt 0.939081 0.132863 0.000000
vt 0.999050 0.342604 0.000000
vt 0.939310 0.342604 0.000000
vt 0.939310 0.183297 0.000000
vt 0.999050 0.183297 0.000000
vt 0.985655 0.132863 0.000000
vt 0.939310 0.342604 0.000000
vt 0.999050 0.342604 0.000000
vt 0.939310 0.183297 0.000000
vt 0.999050 0.183297 0.000000
vt 0.985655 0.179437 0.000000
vt 0.939310 0.342604 0.000000
vt 0.999050 0.342604 0.000000
vt 0.939310 0.183297 0.000000
vt 0.999050 0.183297 0.000000
vt 0.939081 0.179437 0.000000
vt 0.939310 0.342604 0.000000
vt 0.999050 0.342604 0.000000
vt 0.302823 0.656284 0.000000
vt -0.000781 0.781451 0.000000
vt -0.000466 0.505675 0.000000
vt 0.302823 0.718868 0.000000
vt -0.000781 0.844034 0.000000
vt 0.000156 0.656284 0.000000
vt 0.979692 0.781451 0.000000
vt 0.999534 0.505675 0.000000
vt 0.000156 0.718868 0.000000
vt 0.979692 0.844034 0.000000
vt 0.000156 0.718868 0.000000
vt 0.146184 0.656284 0.000000
vt 0.999534 0.654611 0.000000
vt 0.000156 0.781451 0.000000
vt 0.146184 0.718868 0.000000
vt 0.156795 0.656284 0.000000
vt 0.980629 0.718868 0.000000
vt -0.000466 0.654611 0.000000
vt 0.156795 0.718868 0.000000
vt 0.980629 0.781451 0.000000
vt 0.302823 0.656284 0.000000
vt -0.000781 0.781451 0.000000
vt 0.000000 0.851064 0.000000
vt 0.302823 0.718868 0.000000
vt -0.000781 0.844034 0.000000
vt -0.000781 0.656284 0.000000
vt 0.979692 0.781451 0.000000
vt 1.000000 0.851064 0.000000
vt -0.000781 0.718868 0.000000
vt 0.979692 0.844034 0.000000
vt -0.000781 0.718868 0.000000
vt 0.145247 0.656284 0.000000
vt 1.000000 1.000000 0.000000
vt -0.000781 0.781451 0.000000
vt 0.145247 0.718868 0.000000
vt 0.156795 0.656284 0.000000
vt 0.979692 0.718868 0.000000
vt 0.000000 1.000000 0.000000
vt 0.156795 0.718868 0.000000
vt 0.979692 0.781451 0.000000
vt 0.302823 0.656284 0.000000
vt -0.000781 0.781451 0.000000
vt -0.000103 0.349106 0.000000
vt 0.302823 0.718868 0.000000
vt -0.000781 0.844034 0.000000
vt -0.000781 0.656284 0.000000
vt 0.979692 0.781451 0.000000
vt 0.999897 0.349106 0.000000
vt -0.000781 0.718868 0.000000
vt 0.979692 0.844034 0.000000
vt -0.000781 0.718868 0.000000
vt 0.145247 0.656284 0.000000
vt 0.999897 0.498042 0.000000
vt -0.000781 0.781451 0.000000
vt 0.145247 0.718868 0.000000
vt 0.156795 0.656284 0.000000
vt 0.979692 0.718868 0.000000
vt -0.000103 0.498042 0.000000
vt 0.156795 0.718868 0.000000
vt 0.979692 0.781451 0.000000
vt 0.302823 0.656284 0.000000
vt -0.000781 0.781451 0.000000
vt 0.000000 0.851064 0.000000
vt 0.302823 0.718868 0.000000
vt -0.000781 0.844034 0.000000
vt -0.000781 0.656284 0.000000
vt 0.979692 0.781451 0.000000
vt 1.000000 0.851064 0.000000
vt -0.000781 0.718868 0.000000
vt 0.979692 0.844034 0.000000
vt -0.000781 0.718868 0.000000
vt 0.145247 0.656284 0.000000
vt 1.000000 1.000000 0.000000
vt -0.000781 0.781451 0.000000
vt 0.145247 0.718868 0.000000
vt 0.156795 0.656284 0.000000
vt 0.979692 0.718868 0.000000
vt 0.000000 1.000000 0.000000
vt 0.156795 0.718868 0.000000
vt 0.979692 0.781451 0.000000
vt -0.000122 0.156096 0.000000
vt 0.905875 0.034093 0.000000
vt 0.942399 0.062186 0.000000
vt -0.000122 0.210448 0.000000
vt 0.000000 0.048121 0.000000
vt 0.995971 0.062186 0.000000
vt 0.839150 0.156096 0.000000
vt 0.066603 0.034093 0.000000
vt 0.839150 0.210448 0.000000
vt 0.839272 0.048121 0.000000
vt 0.000000 0.012881 0.000000
vt 0.906075 0.259595 0.000000
vt 0.988729 0.115757 0.000000
vt 0.905875 0.025761 0.000000
vt 0.906075 0.219937 0.000000
vt 0.949641 0.115757 0.000000
vt 0.906075 0.297453 0.000000
vt 0.000000 0.062150 0.000000
vt 0.995971 0.076013 0.000000
vt 0.839272 0.012881 0.000000
vt 0.066803 0.259595 0.000000
vt 0.066603 0.025761 0.000000
vt 0.066803 0.219937 0.000000
vt 0.906075 0.312903 0.000000
vt 0.905875 0.093759 0.000000
vt 0.958243 0.076013 0.000000
vt 0.906075 0.281378 0.000000
vt 0.000000 0.062150 0.000000
vt 0.980127 0.076013 0.000000
vt 0.000512 0.330358 0.000000
vt 0.905875 0.121202 0.000000
vt 0.958243 0.103062 0.000000
vt 0.066803 0.297453 0.000000
vt 0.839272 0.062150 0.000000
vt 0.000512 0.321630 0.000000
vt 0.000000 0.000000 0.000000
vt 0.988729 0.103062 0.000000
vt 0.000512 0.312903 0.000000
vt 0.000000 0.089593 0.000000
vt 0.980127 0.103062 0.000000
vt 0.066803 0.312903 0.000000
vt 0.066603 0.093759 0.000000
vt 0.066803 0.281378 0.000000
vt 0.839272 0.062150 0.000000
vt 0.839784 0.330358 0.000000
vt 0.066603 0.121202 0.000000
vt 0.839784 0.321630 0.000000
vt 0.839272 0.000000 0.000000
vt 0.000512 0.321630 0.000000
vt 0.905875 0.012881 0.000000
vt 0.949641 0.103062 0.000000
vt 0.839784 0.312903 0.000000
vt 0.839272 0.089593 0.000000
vt 0.839784 0.321630 0.000000
vt 0.066603 0.012881 0.000000
vt 0.906075 0.296828 0.000000
vt 0.905875 0.048121 0.000000
vt 0.942399 0.076013 0.000000
vt 0.066803 0.296828 0.000000
vt 0.066603 0.048121 0.000000
vt -0.000122 0.156096 0.000000
vt 0.905875 0.034093 0.000000
vt 0.942399 0.062186 0.000000
vt -0.000122 0.210448 0.000000
vt 0.000000 0.048121 0.000000
vt 0.995971 0.062186 0.000000
vt 0.905753 0.210448 0.000000
vt 0.905875 0.048121 0.000000
vt -0.000122 0.210448 0.000000
vt 0.000000 0.048121 0.000000
vt 0.000000 0.012881 0.000000
vt 0.906075 0.259595 0.000000
vt 0.988729 0.115757 0.000000
vt 0.905875 0.025761 0.000000
vt 0.906075 0.219937 0.000000
vt 0.949641 0.115757 0.000000
vt 0.906075 0.297453 0.000000
vt 0.000000 0.062150 0.000000
vt 0.995971 0.076013 0.000000
vt 0.000200 0.297453 0.000000
vt 0.905875 0.062150 0.000000
vt 0.906075 0.297453 0.000000
vt 0.000000 0.062150 0.000000
vt 0.906075 0.312903 0.000000
vt 0.905875 0.093759 0.000000
vt 0.958243 0.076013 0.000000
vt 0.906075 0.281378 0.000000
vt 0.000000 0.062150 0.000000
vt 0.980127 0.076013 0.000000
vt 0.000512 0.330358 0.000000
vt 0.905875 0.121202 0.000000
vt 0.958243 0.103062 0.000000
vt 0.000512 0.321630 0.000000
vt 0.000000 0.000000 0.000000
vt 0.988729 0.103062 0.000000
vt 0.000512 0.312903 0.000000
vt 0.000000 0.089593 0.000000
vt 0.980127 0.103062 0.000000
vt 0.000200 0.281378 0.000000
vt 0.905875 0.062150 0.000000
vt 0.906075 0.281378 0.000000
vt 0.000000 0.062150 0.000000
vt 0.000200 0.312903 0.000000
vt 0.000000 0.093759 0.000000
vt 0.906075 0.312903 0.000000
vt 0.905875 0.093759 0.000000
vt 0.000512 0.321630 0.000000
vt 0.905875 0.012881 0.000000
vt 0.949641 0.103062 0.000000
vt 0.906387 0.321630 0.000000
vt 0.000000 0.012881 0.000000
vt 0.000512 0.321630 0.000000
vt 0.905875 0.012881 0.000000
vt 0.000200 0.296828 0.000000
vt 0.000000 0.048121 0.000000
vt 0.906075 0.296828 0.000000
vt 0.905875 0.048121 0.000000
vt 0.906075 0.296828 0.000000
vt 0.905875 0.048121 0.000000
vt 0.942399 0.076013 0.000000
vt 0.999050 0.183297 0.000000
vt 0.939310 0.183297 0.000000
vt 0.939081 0.132863 0.000000
vt 0.999050 0.342604 0.000000
vt 0.939310 0.342604 0.000000
vt 0.939310 0.183297 0.000000
vt 0.999050 0.183297 0.000000
vt 0.985655 0.132863 0.000000
vt 0.939310 0.342604 0.000000
vt 0.999050 0.342604 0.000000
vt 0.939310 0.183297 0.000000
vt 0.999050 0.183297 0.000000
vt 0.985655 0.179437 0.000000
vt 0.939310 0.342604 0.000000
vt 0.999050 0.342604 0.000000
vt 0.939310 0.183297 0.000000
vt 0.999050 0.183297 0.000000
vt 0.939081 0.179437 0.000000
vt 0.939310 0.342604 0.000000
vt 0.999050 0.342604 0.000000
vt 0.999050 0.183297 0.000000
vt 0.939310 0.183297 0.000000
vt 0.939081 0.132863 0.000000
vt 0.999050 0.342604 0.000000
vt 0.939310 0.342604 0.000000
vt 0.939310 0.183297 0.000000
vt 0.999050 0.183297 0.000000
vt 0.985655 0.132863 0.000000
vt 0.939310 0.342604 0.000000
vt 0.999050 0.342604 0.000000
vt 0.939310 0.183297 0.000000
vt 0.999050 0.183297 0.000000
vt 0.985655 0.179437 0.000000
vt 0.939310 0.342604 0.000000
vt 0.999050 0.342604 0.000000
vt 0.939310 0.183297 0.000000
vt 0.999050 0.183297 0.000000
vt 0.939081 0.179437 0.000000
vt 0.939310 0.342604 0.000000
vt 0.999050 0.342604 0.000000
vt 0.999050 0.183297 0.000000
vt 0.939310 0.183297 0.000000
vt 0.939081 0.132863 0.000000
vt 0.999050 0.342604 0.000000
vt 0.939310 0.342604 0.000000
vt 0.939310 0.183297 0.000000
vt 0.999050 0.183297 0.000000
vt 0.985655 0.132863 0.000000
vt 0.939310 0.342604 0.000000
vt 0.999050 0.342604 0.000000
vt 0.939310 0.183297 0.000000
vt 0.999050 0.183297 0.000000
vt 0.985655 0.179437 0.000000
vt 0.939310 0.342604 0.000000
vt 0.999050 0.342604 0.000000
vt 0.939310 0.183297 0.000000
vt 0.999050 0.183297 0.000000
vt 0.939081 0.179437 0.000000
vt 0.939310 0.342604 0.000000
vt 0.999050 0.342604 0.000000
vt 0.999050 0.183297 0.000000
vt 0.939310 0.183297 0.000000
vt 0.939081 0.132863 0.000000
vt 0.999050 0.342604 0.000000
vt 0.939310 0.342604 0.000000
vt 0.939310 0.183297 0.000000
vt 0.999050 0.183297 0.000000
vt 0.985655 0.132863 0.000000
vt 0.939310 0.342604 0.000000
vt 0.999050 0.342604 0.000000
vt 0.939310 0.183297 0.000000
vt 0.999050 0.183297 0.000000
vt 0.985655 0.179437 0.000000
vt 0.939310 0.342604 0.000000
vt 0.999050 0.342604 0.000000
vt 0.939310 0.183297 0.000000
vt 0.999050 0.183297 0.000000
vt 0.939081 0.179437 0.000000
vt 0.939310 0.342604 0.000000
vt 0.999050 0.342604 0.000000
vt 0.999050 0.183297 0.000000
vt 0.939310 0.183297 0.000000
vt 0.939081 0.132863 0.000000
vt 0.999050 0.342604 0.000000
vt 0.939310 0.342604 0.000000
vt 0.939310 0.183297 0.000000
vt 0.999050 0.183297 0.000000
vt 0.985655 0.132863 0.000000
vt 0.939310 0.342604 0.000000
vt 0.999050 0.342604 0.000000
vt 0.939310 0.183297 0.000000
vt 0.999050 0.183297 0.000000
vt 0.985655 0.179437 0.000000
vt 0.939310 0.342604 0.000000
vt 0.999050 0.342604 0.000000
vt 0.939310 0.183297 0.000000
vt 0.999050 0.183297 0.000000
vt 0.939081 0.179437 0.000000
vt 0.939310 0.342604 0.000000
vt 0.999050 0.342604 0.000000
vt 0.999050 0.183297 0.000000
vt 0.939310 0.183297 0.000000
vt 0.939081 0.132863 0.000000
vt 0.999050 0.342604 0.000000
vt 0.939310 0.342604 0.000000
vt 0.939310 0.183297 0.000000
vt 0.999050 0.183297 0.000000
vt 0.985655 0.132863 0.000000
vt 0.939310 0.342604 0.000000
vt 0.999050 0.342604 0.000000
vt 0.939310 0.183297 0.000000
vt 0.999050 0.183297 0.000000
vt 0.985655 0.179437 0.000000
vt 0.939310 0.342604 0.000000
vt 0.999050 0.342604 0.000000
vt 0.939310 0.183297 0.000000
vt 0.999050 0.183297 0.000000
vt 0.939081 0.179437 0.000000
vt 0.939310 0.342604 0.000000
vt 0.999050 0.342604 0.000000
vt 0.999050 0.183297 0.000000
vt 0.939310 0.183297 0.000000
vt 0.939081 0.132863 0.000000
vt 0.999050 0.342604 0.000000
vt 0.939310 0.342604 0.000000
vt 0.939310 0.183297 0.000000
vt 0.999050 0.183297 0.000000
vt 0.985655 0.132863 0.000000
vt 0.939310 0.342604 0.000000
vt 0.999050 0.342604 0.000000
vt 0.939310 0.183297 0.000000
vt 0.999050 0.183297 0.000000
vt 0.985655 0.179437 0.000000
vt 0.939310 0.342604 0.000000
vt 0.999050 0.342604 0.000000
vt 0.939310 0.183297 0.000000
vt 0.999050 0.183297 0.000000
vt 0.939081 0.179437 0.000000
vt 0.939310 0.342604 0.000000
vt 0.999050 0.342604 0.000000
vt 0.999050 0.183297 0.000000
vt 0.939310 0.183297 0.000000
vt 0.939081 0.132863 0.000000
vt 0.999050 0.342604 0.000000
vt 0.939310 0.342604 0.000000
vt 0.939310 0.183297 0.000000
vt 0.999050 0.183297 0.000000
vt 0.985655 0.132863 0.000000
vt 0.939310 0.342604 0.000000
vt 0.999050 0.342604 0.000000
vt 0.939310 0.183297 0.000000
vt 0.999050 0.183297 0.000000
vt 0.985655 0.179437 0.000000
vt 0.939310 0.342604 0.000000
vt 0.999050 0.342604 0.000000
vt 0.939310 0.183297 0.000000
vt 0.999050 0.183297 0.000000
vt 0.939081 0.179437 0.000000
vt 0.939310 0.342604 0.000000
vt 0.999050 0.342604 0.000000
vt 0.302823 0.656284 0.000000
vt -0.000781 0.781451 0.000000
vt -0.000466 0.505675 0.000000
vt 0.302823 0.718868 0.000000
vt -0.000781 0.844034 0.000000
vt 0.000156 0.656284 0.000000
vt 0.979692 0.781451 0.000000
vt 0.999534 0.505675 0.000000
vt 0.000156 0.718868 0.000000
vt 0.979692 0.844034 0.000000
vt 0.000156 0.718868 0.000000
vt 0.146184 0.656284 0.000000
vt 0.999534 0.654611 0.000000
vt 0.000156 0.781451 0.000000
vt 0.146184 0.718868 0.000000
vt 0.156795 0.656284 0.000000
vt 0.980629 0.718868 0.000000
vt -0.000466 0.654611 0.000000
vt 0.156795 0.718868 0.000000
vt 0.980629 0.781451 0.000000
vt 0.302823 0.656284 0.000000
vt -0.000781 0.781451 0.000000
vt 0.000000 0.851064 0.000000
vt 0.302823 0.718868 0.000000
vt -0.000781 0.844034 0.000000
vt -0.000781 0.656284 0.000000
vt 0.979692 0.781451 0.000000
vt 1.000000 0.851064 0.000000
vt -0.000781 0.718868 0.000000
vt 0.979692 0.844034 0.000000
vt -0.000781 0.718868 0.000000
vt 0.145247 0.656284 0.000000
vt 1.000000 1.000000 0.000000
vt -0.000781 0.781451 0.000000
vt 0.145247 0.718868 0.000000
vt 0.156795 0.656284 0.000000
vt 0.979692 0.718868 0.000000
vt 0.000000 1.000000 0.000000
vt 0.156795 0.718868 0.000000
vt 0.979692 0.781451 0.000000
vt 0.302823 0.656284 0.000000
vt -0.000781 0.781451 0.000000
vt -0.000103 0.349106 0.000000
vt 0.302823 0.718868 0.000000
vt -0.000781 0.844034 0.000000
vt -0.000781 0.656284 0.000000
vt 0.979692 0.781451 0.000000
vt 0.999897 0.349106 0.000000
vt -0.000781 0.718868 0.000000
vt 0.979692 0.844034 0.000000
vt -0.000781 0.718868 0.000000
vt 0.145247 0.656284 0.000000
vt 0.999897 0.498042 0.000000
vt -0.000781 0.781451 0.000000
vt 0.145247 0.718868 0.000000
vt 0.156795 0.656284 0.000000
vt 0.979692 0.718868 0.000000
vt -0.000103 0.498042 0.000000
vt 0.156795 0.718868 0.000000
vt 0.979692 0.781451 0.000000
vt 0.302823 0.656284 0.000000
vt -0.000781 0.781451 0.000000
vt 0.000000 0.851064 0.000000
vt 0.302823 0.718868 0.000000
vt -0.000781 0.844034 0.000000
vt -0.000781 0.656284 0.000000
vt 0.979692 0.781451 0.000000
vt 1.000000 0.851064 0.000000
vt -0.000781 0.718868 0.000000
vt 0.979692 0.844034 0.000000
vt -0.000781 0.718868 0.000000
vt 0.145247 0.656284 0.000000
vt 1.000000 1.000000 0.000000
vt -0.000781 0.781451 0.000000
vt 0.145247 0.718868 0.000000
vt 0.156795 0.656284 0.000000
vt 0.979692 0.718868 0.000000
vt 0.000000 1.000000 0.000000
vt 0.156795 0.718868 0.000000
vt 0.979692 0.781451 0.000000

f 12/32 20/51 6/16 15/40
f 5/13 14/37 15/40 6/16
f 11/29 7/19 2/6 1/3
f 1/3 23/58 10/26 11/29
f 15/40 11/29 10/26 12/32
f 4/10 2/5 7/18 13/34
f 129/322 130/325 132/330 131/327
f 131/326 132/329 134/335 133/332
f 133/331 134/334 136/340 135/337
f 135/336 136/339 130/324 129/321
f 130/323 136/338 134/333 132/328
f 23/57 1/2 3/8 24/60
f 8/21 5/12 6/15 9/23
f 3/7 1/1 2/4 4/9
f 10/25 16/42 18/46 12/31
f 20/50 22/55 9/22 6/14
f 22/54 20/49 12/30 18/45
f 16/41 10/24 23/56 24/59
f 17/44 11/28 15/39 21/53
f 19/48 14/36 5/11 8/20
f 21/52 15/38 14/35 19/47
f 13/33 7/17 11/27 17/43
f 36/92 39/100 30/76 44/111
f 30/76 39/100 38/97 29/73
f 35/89 34/86 26/66 31/79
f 26/66 34/86 47/118 25/63
f 35/89 39/100 36/92 34/86
f 37/94 31/78 26/65 28/70
f 137/342 138/345 140/350 139/347
f 139/346 140/349 142/355 141/352
f 141/351 142/354 144/360 143/357
f 143/356 144/359 138/344 137/341
f 138/343 144/358 142/353 140/348
f 27/68 25/62 47/117 48/120
f 29/72 32/81 33/83 30/75
f 28/69 26/64 25/61 27/67
f 40/102 34/85 36/91 42/106
f 46/115 44/110 30/74 33/82
f 42/105 36/90 44/109 46/114
f 48/119 47/116 34/84 40/101
f 45/113 39/99 35/88 41/104
f 32/80 29/71 38/96 43/108
f 43/107 38/95 39/98 45/112
f 41/103 35/87 31/77 37/93
f 49/122 50/125 52/130 51/127
f 51/126 52/129 54/135 53/132
f 53/131 54/134 56/140 55/137
f 55/136 56/139 50/124 49/121
f 50/123 56/138 54/133 52/128
f 57/142 59/147 60/150 58/145
f 59/146 61/152 62/155 60/149
f 61/151 63/157 64/160 62/154
f 63/156 57/141 58/144 64/159
f 58/143 60/148 62/153 64/158
f 65/162 66/165 68/170 67/167
f 67/166 68/169 70/175 69/172
f 69/171 70/174 72/180 71/177
f 71/176 72/179 66/164 65/161
f 66/163 72/178 70/173 68/168
f 73/182 75/187 76/190 74/185
f 75/186 77/192 78/195 76/189
f 77/191 79/197 80/200 78/194
f 79/196 73/181 74/184 80/199
f 74/183 76/188 78/193 80/198
f 81/202 82/205 84/210 83/207
f 83/206 84/209 86/215 85/212
f 85/211 86/214 88/220 87/217
f 87/216 88/219 82/204 81/201
f 82/203 88/218 86/213 84/208
f 89/222 91/227 92/230 90/225
f 91/226 93/232 94/235 92/229
f 93/231 95/237 96/240 94/234
f 95/236 89/221 90/224 96/239
f 90/223 92/228 94/233 96/238
f 97/242 98/245 100/250 99/247
f 99/246 100/249 102/255 101/252
f 101/251 102/254 104/260 103/257
f 103/256 104/259 98/244 97/241
f 98/243 104/258 102/253 100/248
f 105/262 107/267 108/270 106/265
f 107/266 109/272 110/275 108/269
f 109/271 111/277 112/280 110/274
f 111/276 105/261 106/264 112/279
f 106/263 108/268 110/273 112/278
f 113/282 114/285 116/290 115/287
f 115/286 116/289 118/295 117/292
f 117/291 118/294 120/300 119/297
f 119/296 120/299 114/284 113/281
f 114/283 120/298 118/293 116/288
f 121/302 122/305 124/310 123/307
f 123/306 124/309 126/315 125/312
f 125/311 126/314 128/320 127/317
f 127/316 128/319 122/304 121/301
f 122/303 128/318 126/313 124/308
f 156/396 164/420 150/378 159/405
f 149/375 158/402 159/405 150/378
f 155/393 151/381 146/366 145/363
f 145/363 167/429 154/390 155/393
f 159/405 155/393 154/390 156/396
f 152/384 147/369 146/365 151/380
f 147/368 152/383 160/408 163/417
f 163/417 166/426 148/372 147/368
f 168/432 165/423 157/399 162/414
f 162/414 161/411 153/387 168/432
f 162/414 157/399 163/417 160/408
f 167/428 145/362 148/371 166/425
f 149/374 150/377 168/431 153/386
f 148/370 145/361 146/364 147/367
f 154/389 163/416 157/398 156/395
f 164/419 165/422 168/430 150/376
f 165/421 164/418 156/394 157/397
f 163/415 154/388 167/427 166/424
f 160/407 155/392 159/404 162/413
f 161/410 158/401 149/373 153/385
f 162/412 159/403 158/400 161/409
f 152/382 151/379 155/391 160/406
f 179/454 185/466 189/474 183/462
f 176/448 173/442 182/460 187/470
f 187/469 182/459 183/461 189/473
f 175/446 181/458 185/465 179/453
f 169/434 171/438 172/440 170/436
f 184/464 178/452 180/456 186/468
f 190/476 188/472 174/444 177/450
f 188/471 190/475 186/467 180/455
f 173/441 176/447 177/449 174/443
f 178/451 184/463 192/480 191/478
f 181/457 175/445 170/435 172/439
f 171/437 169/433 191/477 192/479
f 313/782 314/785 316/790 315/787
f 315/786 316/789 318/795 317/792
f 317/791 318/794 320/800 319/797
f 319/796 320/799 314/784 313/781
f 314/783 320/798 318/793 316/788
f 199/501 200/504 195/489 194/486
f 195/488 200/503 208/528 211/537
f 211/537 214/546 196/492 195/488
f 216/552 213/543 205/519 210/534
f 210/534 209/531 201/507 216/552
f 210/534 205/519 211/537 208/528
f 193/483 196/491 214/545 215/549
f 198/498 216/551 201/506 197/495
f 196/490 193/482 194/485 195/487
f 202/510 211/536 205/518 204/516
f 212/540 213/542 216/550 198/497
f 213/541 212/539 204/515 205/517
f 211/535 202/509 215/548 214/544
f 208/527 203/513 207/525 210/533
f 197/494 201/505 209/530 206/522
f 206/521 209/529 210/532 207/524
f 200/502 199/500 203/512 208/526
f 321/802 322/805 324/810 323/807
f 323/806 324/809 326/815 325/812
f 325/811 326/814 328/820 327/817
f 327/816 328/819 322/804 321/801
f 322/803 328/818 326/813 324/808
f 329/822 330/825 332/830 331/827
f 331/826 332/829 334/835 333/832
f 333/831 334/834 336/840 335/837
f 335/836 336/839 330/824 329/821
f 330/823 336/838 334/833 332/828
f 229/578 223/566 218/556 220/560
f 219/558 217/554 239/598 240/600
f 221/562 224/568 225/570 222/564
f 217/553 219/557 220/559 218/555
f 232/584 226/572 228/576 234/588
f 238/596 236/592 222/563 225/569
f 236/591 238/595 234/587 228/575
f 226/571 232/583 240/599 239/597
f 227/574 233/586 237/594 231/582
f 224/567 221/561 230/580 235/590
f 235/589 230/579 231/581 237/593
f 223/565 229/577 233/585 227/573
f 241/602 242/605 244/610 243/607
f 243/606 244/609 246/615 245/612
f 245/611 246/614 248/620 247/617
f 247/616 248/619 242/604 241/601
f 242/603 248/618 246/613 244/608
f 249/622 251/627 252/630 250/625
f 251/626 253/632 254/635 252/629
f 253/631 255/637 256/640 254/634
f 255/636 249/621 250/624 256/639
f 250/623 252/628 254/633 256/638
f 257/642 258/645 260/650 259/647
f 259/646 260/649 262/655 261/652
f 261/651 262/654 264/660 263/657
f 263/656 264/659 258/644 257/641
f 258/643 264/658 262/653 260/648
f 265/662 267/667 268/670 266/665
f 267/666 269/672 270/675 268/669
f 269/671 271/677 272/680 270/674
f 271/676 265/661 266/664 272/679
f 266/663 268/668 270/673 272/678
f 273/682 274/685 276/690 275/687
f 275/686 276/689 278/695 277/692
f 277/691 278/694 280/700 279/697
f 279/696 280/699 274/684 273/681
f 274/683 280/698 278/693 276/688
f 281/702 283/707 284/710 282/705
f 283/706 285/712 286/715 284/709
f 285/711 287/717 288/720 286/714
f 287/716 281/701 282/704 288/719
f 282/703 284/708 286/713 288/718
f 289/722 290/725 292/730 291/727
f 291/726 292/729 294/735 293/732
f 293/731 294/734 296/740 295/737
f 295/736 296/739 290/724 289/721
f 290/723 296/738 294/733 292/728
f 297/742 299/747 300/750 298/745
f 299/746 301/752 302/755 300/749
f 301/751 303/757 304/760 302/754
f 303/756 297/741 298/744 304/759
f 298/743 300/748 302/753 304/758
f 305/762 306/765 308/770 307/767
f 307/766 308/769 310/775 309/772
f 309/771 310/774 312/780 311/777
f 311/776 312/779 306/764 305/761
f 306/763 312/778 310/773 308/768
f 197/493 206/520 207/523 204/514
f 194/484 193/481 215/547 202/508
f 204/514 212/538 198/496 197/493
f 203/511 199/499 194/484 202/508
f 207/523 203/511 202/508 204/514
f 433/1070 434/1073 436/1078 435/1075
f 435/1074 436/1077 438/1083 437/1080
f 437/1079 438/1082 440/1088 439/1085
f 439/1084 440/1087 434/1072 433/1069
f 434/1071 440/1086 438/1081 436/1076
f 344/859 339/847 338/844 343/856
f 339/846 344/858 352/878 355/887
f 355/887 358/895 340/850 339/846
f 360/900 357/892 349/871 354/884
f 354/884 353/881 345/862 360/900
f 354/884 349/871 355/887 352/878
f 359/897 337/842 340/849 358/894
f 341/852 342/854 360/899 345/861
f 340/848 337/841 338/843 339/845
f 346/864 355/886 349/870 348/868
f 356/889 357/891 360/898 342/853
f 357/890 356/888 348/867 349/869
f 355/885 346/863 359/896 358/893
f 352/877 347/866 351/875 354/883
f 353/880 350/873 341/851 345/860
f 354/882 351/874 350/872 353/879
f 344/857 343/855 347/865 352/876
f 441/1090 442/1093 444/1098 443/1095
f 443/1094 444/1097 446/1103 445/1100
f 445/1099 446/1102 448/1108 447/1105
f 447/1104 448/1107 442/1092 441/1089
f 442/1091 448/1106 446/1101 444/1096
f 449/1110 450/1113 452/1118 451/1115
f 451/1114 452/1117 454/1123 453/1120
f 453/1119 454/1122 456/1128 455/1125
f 455/1124 456/1127 450/1112 449/1109
f 450/1111 456/1126 454/1121 452/1116
f 373/926 367/914 362/904 364/908
f 363/906 361/902 383/946 384/948
f 365/910 368/916 369/918 366/912
f 361/901 363/905 364/907 362/903
f 376/932 370/920 372/924 378/936
f 382/944 380/940 366/911 369/917
f 380/939 382/943 378/935 372/923
f 370/919 376/931 384/947 383/945
f 371/922 377/934 381/942 375/930
f 368/915 365/909 374/928 379/938
f 379/937 374/927 375/929 381/941
f 367/913 373/925 377/933 371/921
f 385/950 386/953 388/958 387/955
f 387/954 388/957 390/963 389/960
f 389/959 390/962 392/968 391/965
f 391/964 392/967 386/952 385/949
f 386/951 392/966 390/961 388/956
f 393/970 395/975 396/978 394/973
f 395/974 397/980 398/983 396/977
f 397/979 399/985 400/988 398/982
f 399/984 393/969 394/972 400/987
f 394/971 396/976 398/981 400/986
f 401/990 402/993 404/998 403/995
f 403/994 404/997 406/1003 405/1000
f 405/999 406/1002 408/1008 407/1005
f 407/1004 408/1007 402/992 401/989
f 402/991 408/1006 406/1001 404/996
f 409/1010 411/1015 412/1018 410/1013
f 411/1014 413/1020 414/1023 412/1017
f 413/1019 415/1025 416/1028 414/1022
f 415/1024 409/1009 410/1012 416/1027
f 410/1011 412/1016 414/1021 416/1026
f 417/1030 418/1033 420/1038 419/1035
f 419/1034 420/1037 422/1043 421/1040
f 421/1039 422/1042 424/1048 423/1045
f 423/1044 424/1047 418/1032 417/1029
f 418/1031 424/1046 422/1041 420/1036
f 425/1050 427/1055 428/1058 426/1053
f 427/1054 429/1060 430/1063 428/1057
f 429/1059 431/1065 432/1068 430/1062
f 431/1064 425/1049 426/1052 432/1067
f 426/1051 428/1056 430/1061 432/1066
f 577/1406 578/1409 580/1414 579/1411
f 579/1410 580/1413 582/1419 581/1416
f 581/1415 582/1418 584/1424 583/1421
f 583/1420 584/1423 578/1408 577/1405
f 578/1407 584/1422 582/1417 580/1412
f 464/1144 459/1134 458/1132 463/1142
f 569/1386 570/1389 572/1394 571/1391
f 571/1390 572/1393 574/1399 573/1396
f 573/1395 574/1398 576/1404 575/1401
f 575/1400 576/1403 570/1388 569/1385
f 570/1387 576/1402 574/1397 572/1392
f 479/1174 457/1130 460/1136 478/1172
f 461/1138 462/1140 480/1176 465/1146
f 460/1135 457/1129 458/1131 459/1133
f 466/1148 475/1166 469/1154 468/1152
f 476/1168 477/1170 480/1175 462/1139
f 477/1169 476/1167 468/1151 469/1153
f 475/1165 466/1147 479/1173 478/1171
f 472/1160 467/1150 471/1158 474/1164
f 473/1162 470/1156 461/1137 465/1145
f 474/1163 471/1157 470/1155 473/1161
f 464/1143 463/1141 467/1149 472/1159
f 593/1446 594/1449 596/1454 595/1451
f 595/1450 596/1453 598/1459 597/1456
f 597/1455 598/1458 600/1464 599/1461
f 599/1460 600/1463 594/1448 593/1445
f 594/1447 600/1462 598/1457 596/1452
f 585/1426 586/1429 588/1434 587/1431
f 587/1430 588/1433 590/1439 589/1436
f 589/1435 590/1438 592/1444 591/1441
f 591/1440 592/1443 586/1428 585/1425
f 586/1427 592/1442 590/1437 588/1432
f 493/1202 487/1190 482/1180 484/1184
f 483/1182 481/1178 503/1222 504/1224
f 485/1186 488/1192 489/1194 486/1188
f 481/1177 483/1181 484/1183 482/1179
f 496/1208 490/1196 492/1200 498/1212
f 502/1220 500/1216 486/1187 489/1193
f 500/1215 502/1219 498/1211 492/1199
f 490/1195 496/1207 504/1223 503/1221
f 491/1198 497/1210 501/1218 495/1206
f 488/1191 485/1185 494/1204 499/1214
f 499/1213 494/1203 495/1205 501/1217
f 487/1189 493/1201 497/1209 491/1197
f 505/1226 506/1229 508/1234 507/1231
f 507/1230 508/1233 510/1239 509/1236
f 509/1235 510/1238 512/1244 511/1241
f 511/1240 512/1243 506/1228 505/1225
f 506/1227 512/1242 510/1237 508/1232
f 513/1246 515/1251 516/1254 514/1249
f 515/1250 517/1256 518/1259 516/1253
f 517/1255 519/1261 520/1264 518/1258
f 519/1260 513/1245 514/1248 520/1263
f 514/1247 516/1252 518/1257 520/1262
f 521/1266 522/1269 524/1274 523/1271
f 523/1270 524/1273 526/1279 525/1276
f 525/1275 526/1278 528/1284 527/1281
f 527/1280 528/1283 522/1268 521/1265
f 522/1267 528/1282 526/1277 524/1272
f 529/1286 531/1291 532/1294 530/1289
f 531/1290 533/1296 534/1299 532/1293
f 533/1295 535/1301 536/1304 534/1298
f 535/1300 529/1285 530/1288 536/1303
f 530/1287 532/1292 534/1297 536/1302
f 537/1306 538/1309 540/1314 539/1311
f 539/1310 540/1313 542/1319 541/1316
f 541/1315 542/1318 544/1324 543/1321
f 543/1320 544/1323 538/1308 537/1305
f 538/1307 544/1322 542/1317 540/1312
f 545/1326 547/1331 548/1334 546/1329
f 547/1330 549/1336 550/1339 548/1333
f 549/1335 551/1341 552/1344 550/1338
f 551/1340 545/1325 546/1328 552/1343
f 546/1327 548/1332 550/1337 552/1342
f 553/1346 554/1349 556/1354 555/1351
f 555/1350 556/1353 558/1359 557/1356
f 557/1355 558/1358 560/1364 559/1361
f 559/1360 560/1363 554/1348 553/1345
f 554/1347 560/1362 558/1357 556/1352
f 561/1366 563/1371 564/1374 562/1369
f 563/1370 565/1376 566/1379 564/1373
f 565/1375 567/1381 568/1384 566/1378
f 567/1380 561/1365 562/1368 568/1383
f 562/1367 564/1372 566/1377 568/1382
f 713/1722 714/1725 716/1730 715/1727
f 715/1726 716/1729 718/1735 717/1732
f 717/1731 718/1734 720/1740 719/1737
f 719/1736 720/1739 714/1724 713/1721
f 714/1723 720/1738 718/1733 716/1728
f 608/1480 603/1470 602/1468 607/1478
f 721/1742 722/1745 724/1750 723/1747
f 723/1746 724/1749 726/1755 725/1752
f 725/1751 726/1754 728/1760 727/1757
f 727/1756 728/1759 722/1744 721/1741
f 722/1743 728/1758 726/1753 724/1748
f 623/1510 601/1466 604/1472 622/1508
f 605/1474 606/1476 624/1512 609/1482
f 604/1471 601/1465 602/1467 603/1469
f 610/1484 619/1502 613/1490 612/1488
f 620/1504 621/1506 624/1511 606/1475
f 621/1505 620/1503 612/1487 613/1489
f 619/1501 610/1483 623/1509 622/1507
f 616/1496 611/1486 615/1494 618/1500
f 617/1498 614/1492 605/1473 609/1481
f 618/1499 615/1493 614/1491 617/1497
f 608/1479 607/1477 611/1485 616/1495
f 737/1782 738/1785 740/1790 739/1787
f 739/1786 740/1789 742/1795 741/1792
f 741/1791 742/1794 744/1800 743/1797
f 743/1796 744/1799 738/1784 737/1781
f 738/1783 744/1798 742/1793 740/1788
f 729/1762 730/1765 732/1770 731/1767
f 731/1766 732/1769 734/1775 733/1772
f 733/1771 734/1774 736/1780 735/1777
f 735/1776 736/1779 730/1764 729/1761
f 730/1763 736/1778 734/1773 732/1768
f 637/1538 631/1526 626/1516 628/1520
f 627/1518 625/1514 647/1558 648/1560
f 629/1522 632/1528 633/1530 630/1524
f 625/1513 627/1517 628/1519 626/1515
f 640/1544 634/1532 636/1536 642/1548
f 646/1556 644/1552 630/1523 633/1529
f 644/1551 646/1555 642/1547 636/1535
f 634/1531 640/1543 648/1559 647/1557
f 635/1534 641/1546 645/1554 639/1542
f 632/1527 629/1521 638/1540 643/1550
f 643/1549 638/1539 639/1541 645/1553
f 631/1525 637/1537 641/1545 635/1533
f 649/1562 650/1565 652/1570 651/1567
f 651/1566 652/1569 654/1575 653/1572
f 653/1571 654/1574 656/1580 655/1577
f 655/1576 656/1579 650/1564 649/1561
f 650/1563 656/1578 654/1573 652/1568
f 657/1582 659/1587 660/1590 658/1585
f 659/1586 661/1592 662/1595 660/1589
f 661/1591 663/1597 664/1600 662/1594
f 663/1596 657/1581 658/1584 664/1599
f 658/1583 660/1588 662/1593 664/1598
f 665/1602 666/1605 668/1610 667/1607
f 667/1606 668/1609 670/1615 669/1612
f 669/1611 670/1614 672/1620 671/1617
f 671/1616 672/1619 666/1604 665/1601
f 666/1603 672/1618 670/1613 668/1608
f 673/1622 675/1627 676/1630 674/1625
f 675/1626 677/1632 678/1635 676/1629
f 677/1631 679/1637 680/1640 678/1634
f 679/1636 673/1621 674/1624 680/1639
f 674/1623 676/1628 678/1633 680/1638
f 681/1642 682/1645 684/1650 683/1647
f 683/1646 684/1649 686/1655 685/1652
f 685/1651 686/1654 688/1660 687/1657
f 687/1656 688/1659 682/1644 681/1641
f 682/1643 688/1658 686/1653 684/1648
f 689/1662 691/1667 692/1670 690/1665
f 691/1666 693/1672 694/1675 692/1669
f 693/1671 695/1677 696/1680 694/1674
f 695/1676 689/1661 690/1664 696/1679
f 690/1663 692/1668 694/1673 696/1678
f 697/1682 698/1685 700/1690 699/1687
f 699/1686 700/1689 702/1695 701/1692
f 701/1691 702/1694 704/1700 703/1697
f 703/1696 704/1699 698/1684 697/1681
f 698/1683 704/1698 702/1693 700/1688
f 705/1702 707/1707 708/1710 706/1705
f 707/1706 709/1712 710/1715 708/1709
f 709/1711 711/1717 712/1720 710/1714
f 711/1716 705/1701 706/1704 712/1719
f 706/1703 708/1708 710/1713 712/1718
f 857/2058 858/2061 860/2066 859/2063
f 859/2062 860/2065 862/2071 861/2068
f 861/2067 862/2070 864/2076 863/2073
f 863/2072 864/2075 858/2060 857/2057
f 858/2059 864/2074 862/2069 860/2064
f 751/1814 752/1816 747/1806 746/1804
f 833/1998 835/2003 836/2006 834/2001
f 835/2002 837/2008 838/2011 836/2005
f 837/2007 839/2013 840/2016 838/2010
f 839/2012 833/1997 834/2000 840/2015
f 834/1999 836/2004 838/2009 840/2014
f 745/1802 748/1808 766/1844 767/1846
f 750/1812 768/1848 753/1818 749/1810
f 748/1807 745/1801 746/1803 747/1805
f 754/1820 763/1838 757/1826 756/1824
f 764/1840 765/1842 768/1847 750/1811
f 765/1841 764/1839 756/1823 757/1825
f 763/1837 754/1819 767/1845 766/1843
f 760/1832 755/1822 759/1830 762/1836
f 749/1809 753/1817 761/1834 758/1828
f 758/1827 761/1833 762/1835 759/1829
f 752/1815 751/1813 755/1821 760/1831
f 849/2038 851/2043 852/2046 850/2041
f 851/2042 853/2048 854/2051 852/2045
f 853/2047 855/2053 856/2056 854/2050
f 855/2052 849/2037 850/2040 856/2055
f 850/2039 852/2044 854/2049 856/2054
f 841/2018 842/2021 844/2026 843/2023
f 843/2022 844/2025 846/2031 845/2028
f 845/2027 846/2030 848/2036 847/2033
f 847/2032 848/2035 842/2020 841/2017
f 842/2019 848/2034 846/2029 844/2024
f 781/1874 775/1862 770/1852 772/1856
f 771/1854 769/1850 791/1894 792/1896
f 773/1858 776/1864 777/1866 774/1860
f 769/1849 771/1853 772/1855 770/1851
f 784/1880 778/1868 780/1872 786/1884
f 790/1892 788/1888 774/1859 777/1865
f 788/1887 790/1891 786/1883 780/1871
f 778/1867 784/1879 792/1895 791/1893
f 779/1870 785/1882 789/1890 783/1878
f 776/1863 773/1857 782/1876 787/1886
f 787/1885 782/1875 783/1877 789/1889
f 775/1861 781/1873 785/1881 779/1869
f 793/1898 794/1901 796/1906 795/1903
f 795/1902 796/1905 798/1911 797/1908
f 797/1907 798/1910 800/1916 799/1913
f 799/1912 800/1915 794/1900 793/1897
f 794/1899 800/1914 798/1909 796/1904
f 801/1918 802/1921 804/1926 803/1923
f 803/1922 804/1925 806/1931 805/1928
f 805/1927 806/1930 808/1936 807/1933
f 807/1932 808/1935 802/1920 801/1917
f 802/1919 808/1934 806/1929 804/1924
f 809/1938 810/1941 812/1946 811/1943
f 811/1942 812/1945 814/1951 813/1948
f 813/1947 814/1950 816/1956 815/1953
f 815/1952 816/1955 810/1940 809/1937
f 810/1939 816/1954 814/1949 812/1944
f 817/1958 819/1963 820/1966 818/1961
f 819/1962 821/1968 822/1971 820/1965
f 821/1967 823/1973 824/1976 822/1970
f 823/1972 817/1957 818/1960 824/1975
f 818/1959 820/1964 822/1969 824/1974
f 825/1978 826/1981 828/1986 827/1983
f 827/1982 828/1985 830/1991 829/1988
f 829/1987 830/1990 832/1996 831/1993
f 831/1992 832/1995 826/1980 825/1977
f 826/1979 832/1994 830/1989 828/1984
f 990/2435 991/2438 993/2443 992/2440
f 992/2439 993/2442 995/2448 994/2445
f 994/2444 995/2447 997/2453 996/2450
f 996/2449 997/2452 991/2437 990/2434
f 991/2436 997/2451 995/2446 993/2441
f 870/2100 865/2079 1000/2468 869/2097
f 865/2078 870/2099 874/2114 877/2123
f 877/2123 880/2134 866/2082 865/2078
f 882/2142 879/2131 873/2111 876/2120
f 876/2120 875/2117 871/2103 882/2142
f 876/2120 873/2111 877/2123 874/2114
f 881/2139 1001/2473 866/2081 880/2133
f 867/2087 868/2092 882/2141 871/2102
f 866/2080 1001/2472 1000/2467 865/2077
f 1010/2518 877/2122 873/2110 1007/2503
f 878/2128 879/2130 882/2140 868/2091
f 879/2129 878/2127 1007/2502 873/2109
f 877/2121 1010/2517 881/2138 880/2132
f 874/2113 872/2108 1009/2513 876/2119
f 875/2116 1008/2508 867/2086 871/2101
f 876/2118 1009/2512 1008/2507 875/2115
f 870/2098 869/2096 872/2107 874/2112
f 982/2415 983/2418 985/2423 984/2420
f 984/2419 985/2422 987/2428 986/2425
f 986/2424 987/2427 989/2433 988/2430
f 988/2429 989/2432 983/2417 982/2414
f 983/2416 989/2431 987/2426 985/2421
f 888/2166 1014/2538 884/2152 885/2155
f 900/2210 897/2199 885/2154 886/2158
f 885/2154 897/2199 894/2190 888/2165
f 896/2196 891/2177 889/2169 895/2193
f 889/2169 891/2177 899/2207 901/2213
f 894/2190 897/2199 891/2177 896/2196
f 1020/2568 900/2209 886/2157 883/2147
f 1015/2543 889/2168 901/2212 887/2163
f 886/2156 885/2153 884/2151 883/2146
f 1018/2558 890/2174 891/2176 897/2198
f 898/2204 887/2162 901/2211 899/2206
f 899/2205 891/2175 890/2173 898/2203
f 897/2197 900/2208 1020/2567 1018/2557
f 894/2189 896/2195 893/2187 1017/2553
f 895/2192 889/2167 1015/2542 892/2182
f 896/2194 895/2191 892/2181 893/2186
f 888/2164 894/2188 1017/2552 1014/2537
f 902/2215 903/2218 905/2223 904/2220
f 904/2219 905/2222 907/2228 906/2225
f 906/2224 907/2227 909/2233 908/2230
f 908/2229 909/2232 903/2217 902/2214
f 903/2216 909/2231 907/2226 905/2221
f 910/2235 912/2240 913/2243 911/2238
f 912/2239 914/2245 915/2248 913/2242
f 914/2244 916/2250 917/2253 915/2247
f 916/2249 910/2234 911/2237 917/2252
f 911/2236 913/2241 915/2246 917/2251
f 918/2255 919/2258 921/2263 920/2260
f 920/2259 921/2262 923/2268 922/2265
f 922/2264 923/2267 925/2273 924/2270
f 924/2269 925/2272 919/2257 918/2254
f 919/2256 925/2271 923/2266 921/2261
f 926/2275 928/2280 929/2283 927/2278
f 928/2279 930/2285 931/2288 929/2282
f 930/2284 932/2290 933/2293 931/2287
f 932/2289 926/2274 927/2277 933/2292
f 927/2276 929/2281 931/2286 933/2291
f 934/2295 935/2298 937/2303 936/2300
f 936/2299 937/2302 939/2308 938/2305
f 938/2304 939/2307 941/2313 940/2310
f 940/2309 941/2312 935/2297 934/2294
f 935/2296 941/2311 939/2306 937/2301
f 942/2315 944/2320 945/2323 943/2318
f 944/2319 946/2325 947/2328 945/2322
f 946/2324 948/2330 949/2333 947/2327
f 948/2329 942/2314 943/2317 949/2332
f 943/2316 945/2321 947/2326 949/2331
f 950/2335 951/2338 953/2343 952/2340
f 952/2339 953/2342 955/2348 954/2345
f 954/2344 955/2347 957/2353 956/2350
f 956/2349 957/2352 951/2337 950/2334
f 951/2336 957/2351 955/2346 953/2341
f 958/2355 960/2360 961/2363 959/2358
f 960/2359 962/2365 963/2368 961/2362
f 962/2364 964/2370 965/2373 963/2367
f 964/2369 958/2354 959/2357 965/2372
f 959/2356 961/2361 963/2366 965/2371
f 966/2375 967/2378 969/2383 968/2380
f 968/2379 969/2382 971/2388 970/2385
f 970/2384 971/2387 973/2393 972/2390
f 972/2389 973/2392 967/2377 966/2374
f 967/2376 973/2391 971/2386 969/2381
f 974/2395 975/2398 977/2403 976/2400
f 976/2399 977/2402 979/2408 978/2405
f 978/2404 979/2407 981/2413 980/2410
f 980/2409 981/2412 975/2397 974/2394
f 975/2396 981/2411 979/2406 977/2401
f 1006/2498 1011/2523 1002/2478 1153/2925
f 1146/2900 1152/2920 1153/2925 1002/2478
f 1005/2493 1003/2483 999/2463 998/2458
f 998/2458 1012/2528 1004/2488 1005/2493
f 1153/2925 1005/2493 1004/2488 1006/2498
f 1130/2850 999/2462 1003/2482 1133/2859
f 1000/2466 869/2095 872/2106 1010/2516
f 1010/2516 881/2137 1001/2471 1000/2466
f 868/2090 878/2126 1007/2501 1009/2511
f 1009/2511 1008/2506 867/2085 868/2090
f 1009/2511 1007/2501 1010/2516 872/2106
f 1012/2527 998/2457 1129/2847 1140/2880
f 1120/2820 868/2089 867/2084 1119/2817
f 1001/2470 1117/2811 1118/2814 1000/2465
f 1004/2487 1134/2862 1136/2868 1006/2497
f 1011/2522 1139/2877 1132/2856 1002/2477
f 878/2125 1127/2841 1124/2832 1007/2500
f 1010/2515 1122/2826 1128/2844 881/2136
f 872/2105 1123/2829 1126/2838 1009/2510
f 1137/2871 1152/2919 1146/2899 1131/2853
f 1138/2874 1153/2924 1152/2918 1137/2870
f 869/2094 1121/2823 1123/2828 872/2104
f 1163/2967 1167/2985 1170/3000 1019/2563
f 1170/3000 1167/2985 1016/2548 1013/2533
f 1166/2980 1168/2990 1157/2940 1161/2958
f 1157/2940 1168/2990 1169/2995 1158/2945
f 1166/2980 1167/2985 1163/2967 1168/2990
f 1014/2536 1161/2957 1157/2939 884/2150
f 1020/2566 1018/2556 884/2149 883/2145
f 884/2149 1018/2556 1017/2551 1014/2535
f 893/2185 890/2172 1015/2541 892/2180
f 1015/2541 890/2172 898/2202 887/2161
f 1017/2551 1018/2556 890/2172 893/2185
f 1169/2994 1020/2565 883/2144 1158/2944
f 1013/2532 1015/2540 887/2160 1170/2999
f 883/2143 884/2148 1157/2938 1158/2943
f 1168/2989 1163/2966 890/2171 1018/2555
f 1019/2562 1170/2998 887/2159 898/2201
f 898/2200 890/2170 1163/2965 1019/2561
f 1018/2554 1020/2564 1169/2993 1168/2988
f 1017/2550 893/2184 1167/2984 1166/2979
f 892/2179 1015/2539 1013/2531 1016/2547
f 893/2183 892/2178 1016/2546 1167/2983
f 1014/2534 1017/2549 1166/2978 1161/2956
f 1021/2570 1022/2573 1024/2578 1023/2575
f 1023/2574 1024/2577 1026/2583 1025/2580
f 1025/2579 1026/2582 1028/2588 1027/2585
f 1027/2584 1028/2587 1022/2572 1021/2569
f 1022/2571 1028/2586 1026/2581 1024/2576
f 1029/2590 1031/2595 1032/2598 1030/2593
f 1031/2594 1033/2600 1034/2603 1032/2597
f 1033/2599 1035/2605 1036/2608 1034/2602
f 1035/2604 1029/2589 1030/2592 1036/2607
f 1030/2591 1032/2596 1034/2601 1036/2606
f 1037/2610 1038/2613 1040/2618 1039/2615
f 1039/2614 1040/2617 1042/2623 1041/2620
f 1041/2619 1042/2622 1044/2628 1043/2625
f 1043/2624 1044/2627 1038/2612 1037/2609
f 1038/2611 1044/2626 1042/2621 1040/2616
f 1045/2630 1047/2635 1048/2638 1046/2633
f 1047/2634 1049/2640 1050/2643 1048/2637
f 1049/2639 1051/2645 1052/2648 1050/2642
f 1051/2644 1045/2629 1046/2632 1052/2647
f 1046/2631 1048/2636 1050/2641 1052/2646
f 1053/2650 1054/2653 1056/2658 1055/2655
f 1055/2654 1056/2657 1058/2663 1057/2660
f 1057/2659 1058/2662 1060/2668 1059/2665
f 1059/2664 1060/2667 1054/2652 1053/2649
f 1054/2651 1060/2666 1058/2661 1056/2656
f 1061/2670 1063/2675 1064/2678 1062/2673
f 1063/2674 1065/2680 1066/2683 1064/2677
f 1065/2679 1067/2685 1068/2688 1066/2682
f 1067/2684 1061/2669 1062/2672 1068/2687
f 1062/2671 1064/2676 1066/2681 1068/2686
f 1069/2690 1070/2693 1072/2698 1071/2695
f 1071/2694 1072/2697 1074/2703 1073/2700
f 1073/2699 1074/2702 1076/2708 1075/2705
f 1075/2704 1076/2707 1070/2692 1069/2689
f 1070/2691 1076/2706 1074/2701 1072/2696
f 1077/2710 1079/2715 1080/2718 1078/2713
f 1079/2714 1081/2720 1082/2723 1080/2717
f 1081/2719 1083/2725 1084/2728 1082/2722
f 1083/2724 1077/2709 1078/2712 1084/2727
f 1078/2711 1080/2716 1082/2721 1084/2726
f 1085/2730 1086/2733 1088/2738 1087/2735
f 1087/2734 1088/2737 1090/2743 1089/2740
f 1089/2739 1090/2742 1092/2748 1091/2745
f 1091/2744 1092/2747 1086/2732 1085/2729
f 1086/2731 1092/2746 1090/2741 1088/2736
f 1093/2750 1094/2753 1096/2758 1095/2755
f 1095/2754 1096/2757 1098/2763 1097/2760
f 1097/2759 1098/2762 1100/2768 1099/2765
f 1099/2764 1100/2767 1094/2752 1093/2749
f 1094/2751 1100/2766 1098/2761 1096/2756
f 1101/2770 1102/2773 1104/2778 1103/2775
f 1103/2774 1104/2777 1106/2783 1105/2780
f 1105/2779 1106/2782 1108/2788 1107/2785
f 1107/2784 1108/2787 1102/2772 1101/2769
f 1102/2771 1108/2786 1106/2781 1104/2776
f 1109/2790 1110/2793 1112/2798 1111/2795
f 1111/2794 1112/2797 1114/2803 1113/2800
f 1113/2799 1114/2802 1116/2808 1115/2805
f 1115/2804 1116/2807 1110/2792 1109/2789
f 1110/2791 1116/2806 1114/2801 1112/2796
f 1121/2822 869/2093 1000/2464 1118/2813
f 1117/2810 1001/2469 881/2135 1128/2843
f 1131/2852 1146/2898 1002/2476 1132/2855
f 1129/2846 998/2456 999/2461 1130/2849
f 1122/2825 1010/2514 1007/2499 1124/2831
f 1127/2840 878/2124 868/2088 1120/2819
f 1134/2861 1004/2486 1012/2526 1140/2879
f 1139/2876 1011/2521 1006/2496 1136/2867
f 1135/2865 1005/2492 1153/2923 1138/2873
f 1119/2816 867/2083 1008/2505 1125/2835
f 1125/2834 1008/2504 1009/2509 1126/2837
f 1133/2858 1003/2481 1005/2491 1135/2864
f 1126/2836 1123/2827 1122/2824 1124/2830
f 1119/2815 1125/2833 1126/2836 1124/2830
f 1124/2830 1127/2839 1120/2818 1119/2815
f 1123/2827 1121/2821 1118/2812 1122/2824
f 1118/2812 1117/2809 1128/2842 1122/2824
f 1132/2854 1139/2875 1136/2866 1138/2872
f 1129/2845 1130/2848 1133/2857 1135/2863
f 1138/2872 1137/2869 1131/2851 1132/2854
f 1134/2860 1140/2878 1129/2845 1135/2863
f 1136/2866 1134/2860 1135/2863 1138/2872
f 1149/2909 1154/2928 1144/2892 1151/2915
f 1143/2889 1150/2912 1151/2915 1144/2892
f 1148/2906 1145/2895 1142/2886 1141/2883
f 1141/2883 1155/2931 1147/2903 1148/2906
f 1151/2915 1148/2906 1147/2903 1149/2909
f 1003/2480 999/2460 1142/2885 1145/2894
f 1259/3222 1260/3225 1262/3230 1261/3227
f 1261/3226 1262/3229 1264/3235 1263/3232
f 1263/3231 1264/3234 1266/3240 1265/3237
f 1265/3236 1266/3239 1260/3224 1259/3221
f 1260/3223 1266/3238 1264/3233 1262/3228
f 1155/2930 1141/2882 998/2455 1012/2525
f 1143/2888 1144/2891 1002/2475 1146/2897
f 998/2454 1141/2881 1142/2884 999/2459
f 1147/2902 1004/2485 1006/2495 1149/2908
f 1154/2927 1011/2520 1002/2474 1144/2890
f 1011/2519 1154/2926 1149/2907 1006/2494
f 1004/2484 1147/2901 1155/2929 1012/2524
f 1005/2490 1148/2905 1151/2914 1153/2922
f 1152/2917 1150/2911 1143/2887 1146/2896
f 1153/2921 1151/2913 1150/2910 1152/2916
f 1003/2479 1145/2893 1148/2904 1005/2489
f 1243/3182 1244/3185 1246/3190 1245/3187
f 1245/3186 1246/3189 1248/3195 1247/3192
f 1247/3191 1248/3194 1250/3200 1249/3197
f 1249/3196 1250/3199 1244/3184 1243/3181
f 1244/3183 1250/3198 1248/3193 1246/3188
f 1161/2955 1297/3323 1293/3310 1157/2937
f 1251/3202 1252/3205 1254/3210 1253/3207
f 1253/3206 1254/3209 1256/3215 1255/3212
f 1255/3211 1256/3214 1258/3220 1257/3217
f 1257/3216 1258/3219 1252/3204 1251/3201
f 1252/3203 1258/3218 1256/3213 1254/3208
f 1307/3357 1169/2992 1158/2942 1156/2935
f 1159/2949 1013/2530 1170/2997 1160/2953
f 1158/2941 1157/2936 1293/3309 1156/2934
f 1304/3346 1162/2962 1163/2964 1168/2987
f 1306/3353 1160/2952 1170/2996 1019/2560
f 1019/2559 1163/2963 1162/2961 1306/3352
f 1168/2986 1169/2991 1307/3356 1304/3345
f 1166/2977 1167/2982 1165/2975 1303/3342
f 1016/2545 1013/2529 1159/2948 1164/2971
f 1167/2981 1016/2544 1164/2970 1165/2974
f 1161/2954 1166/2976 1303/3341 1297/3322
f 1171/3002 1172/3005 1174/3010 1173/3007
f 1173/3006 1174/3009 1176/3015 1175/3012
f 1175/3011 1176/3014 1178/3020 1177/3017
f 1177/3016 1178/3019 1172/3004 1171/3001
f 1172/3003 1178/3018 1176/3013 1174/3008
f 1179/3022 1181/3027 1182/3030 1180/3025
f 1181/3026 1183/3032 1184/3035 1182/3029
f 1183/3031 1185/3037 1186/3040 1184/3034
f 1185/3036 1179/3021 1180/3024 1186/3039
f 1180/3023 1182/3028 1184/3033 1186/3038
f 1187/3042 1188/3045 1190/3050 1189/3047
f 1189/3046 1190/3049 1192/3055 1191/3052
f 1191/3051 1192/3054 1194/3060 1193/3057
f 1193/3056 1194/3059 1188/3044 1187/3041
f 1188/3043 1194/3058 1192/3053 1190/3048
f 1195/3062 1197/3067 1198/3070 1196/3065
f 1197/3066 1199/3072 1200/3075 1198/3069
f 1199/3071 1201/3077 1202/3080 1200/3074
f 1201/3076 1195/3061 1196/3064 1202/3079
f 1196/3063 1198/3068 1200/3073 1202/3078
f 1203/3082 1204/3085 1206/3090 1205/3087
f 1205/3086 1206/3089 1208/3095 1207/3092
f 1207/3091 1208/3094 1210/3100 1209/3097
f 1209/3096 1210/3099 1204/3084 1203/3081
f 1204/3083 1210/3098 1208/3093 1206/3088
f 1211/3102 1213/3107 1214/3110 1212/3105
f 1213/3106 1215/3112 1216/3115 1214/3109
f 1215/3111 1217/3117 1218/3120 1216/3114
f 1217/3116 1211/3101 1212/3104 1218/3119
f 1212/3103 1214/3108 1216/3113 1218/3118
f 1219/3122 1220/3125 1222/3130 1221/3127
f 1221/3126 1222/3129 1224/3135 1223/3132
f 1223/3131 1224/3134 1226/3140 1225/3137
f 1225/3136 1226/3139 1220/3124 1219/3121
f 1220/3123 1226/3138 1224/3133 1222/3128
f 1227/3142 1229/3147 1230/3150 1228/3145
f 1229/3146 1231/3152 1232/3155 1230/3149
f 1231/3151 1233/3157 1234/3160 1232/3154
f 1233/3156 1227/3141 1228/3144 1234/3159
f 1228/3143 1230/3148 1232/3153 1234/3158
f 1235/3162 1236/3165 1238/3170 1237/3167
f 1237/3166 1238/3169 1240/3175 1239/3172
f 1239/3171 1240/3174 1242/3180 1241/3177
f 1241/3176 1242/3179 1236/3164 1235/3161
f 1236/3163 1242/3178 1240/3173 1238/3168
f 1278/3272 1286/3291 1272/3256 1281/3280
f 1271/3253 1280/3277 1281/3280 1272/3256
f 1277/3269 1273/3259 1268/3246 1267/3243
f 1267/3243 1289/3298 1276/3266 1277/3269
f 1281/3280 1277/3269 1276/3266 1278/3272
f 1270/3250 1268/3245 1273/3258 1279/3274
f 1389/3562 1390/3565 1392/3570 1391/3567
f 1391/3566 1392/3569 1394/3575 1393/3572
f 1393/3571 1394/3574 1396/3580 1395/3577
f 1395/3576 1396/3579 1390/3564 1389/3561
f 1390/3563 1396/3578 1394/3573 1392/3568
f 1289/3297 1267/3242 1269/3248 1290/3300
f 1274/3261 1271/3252 1272/3255 1275/3263
f 1269/3247 1267/3241 1268/3244 1270/3249
f 1276/3265 1282/3282 1284/3286 1278/3271
f 1286/3290 1288/3295 1275/3262 1272/3254
f 1288/3294 1286/3289 1278/3270 1284/3285
f 1282/3281 1276/3264 1289/3296 1290/3299
f 1283/3284 1277/3268 1281/3279 1287/3293
f 1285/3288 1280/3276 1271/3251 1274/3260
f 1287/3292 1281/3278 1280/3275 1285/3287
f 1279/3273 1273/3257 1277/3267 1283/3283
f 1300/3332 1302/3338 1295/3316 1305/3349
f 1295/3316 1302/3338 1301/3335 1294/3313
f 1299/3329 1298/3326 1292/3306 1296/3319
f 1292/3306 1298/3326 1308/3360 1291/3303
f 1299/3329 1302/3338 1300/3332 1298/3326
f 1297/3321 1296/3318 1292/3305 1293/3308
f 1397/3582 1398/3585 1400/3590 1399/3587
f 1399/3586 1400/3589 1402/3595 1401/3592
f 1401/3591 1402/3594 1404/3600 1403/3597
f 1403/3596 1404/3599 1398/3584 1397/3581
f 1398/3583 1404/3598 1402/3593 1400/3588
f 1308/3359 1307/3355 1156/2933 1291/3302
f 1294/3312 1159/2947 1160/2951 1295/3315
f 1156/2932 1293/3307 1292/3304 1291/3301
f 1298/3325 1300/3331 1162/2960 1304/3344
f 1305/3348 1295/3314 1160/2950 1306/3351
f 1306/3350 1162/2959 1300/3330 1305/3347
f 1304/3343 1307/3354 1308/3358 1298/3324
f 1303/3340 1165/2973 1302/3337 1299/3328
f 1164/2969 1159/2946 1294/3311 1301/3334
f 1165/2972 1164/2968 1301/3333 1302/3336
f 1297/3320 1303/3339 1299/3327 1296/3317
f 1309/3362 1310/3365 1312/3370 1311/3367
f 1311/3366 1312/3369 1314/3375 1313/3372
f 1313/3371 1314/3374 1316/3380 1315/3377
f 1315/3376 1316/3379 1310/3364 1309/3361
f 1310/3363 1316/3378 1314/3373 1312/3368
f 1317/3382 1319/3387 1320/3390 1318/3385
f 1319/3386 1321/3392 1322/3395 1320/3389
f 1321/3391 1323/3397 1324/3400 1322/3394
f 1323/3396 1317/3381 1318/3384 1324/3399
f 1318/3383 1320/3388 1322/3393 1324/3398
f 1325/3402 1326/3405 1328/3410 1327/3407
f 1327/3406 1328/3409 1330/3415 1329/3412
f 1329/3411 1330/3414 1332/3420 1331/3417
f 1331/3416 1332/3419 1326/3404 1325/3401
f 1326/3403 1332/3418 1330/3413 1328/3408
f 1333/3422 1335/3427 1336/3430 1334/3425
f 1335/3426 1337/3432 1338/3435 1336/3429
f 1337/3431 1339/3437 1340/3440 1338/3434
f 1339/3436 1333/3421 1334/3424 1340/3439
f 1334/3423 1336/3428 1338/3433 1340/3438
f 1341/3442 1342/3445 1344/3450 1343/3447
f 1343/3446 1344/3449 1346/3455 1345/3452
f 1345/3451 1346/3454 1348/3460 1347/3457
f 1347/3456 1348/3459 1342/3444 1341/3441
f 1342/3443 1348/3458 1346/3453 1344/3448
f 1349/3462 1351/3467 1352/3470 1350/3465
f 1351/3466 1353/3472 1354/3475 1352/3469
f 1353/3471 1355/3477 1356/3480 1354/3474
f 1355/3476 1349/3461 1350/3464 1356/3479
f 1350/3463 1352/3468 1354/3473 1356/3478
f 1357/3482 1358/3485 1360/3490 1359/3487
f 1359/3486 1360/3489 1362/3495 1361/3492
f 1361/3491 1362/3494 1364/3500 1363/3497
f 1363/3496 1364/3499 1358/3484 1357/3481
f 1358/3483 1364/3498 1362/3493 1360/3488
f 1365/3502 1367/3507 1368/3510 1366/3505
f 1367/3506 1369/3512 1370/3515 1368/3509
f 1369/3511 1371/3517 1372/3520 1370/3514
f 1371/3516 1365/3501 1366/3504 1372/3519
f 1366/3503 1368/3508 1370/3513 1372/3518
f 1373/3522 1374/3525 1376/3530 1375/3527
f 1375/3526 1376/3529 1378/3535 1377/3532
f 1377/3531 1378/3534 1380/3540 1379/3537
f 1379/3536 1380/3539 1374/3524 1373/3521
f 1374/3523 1380/3538 1378/3533 1376/3528
f 1381/3542 1382/3545 1384/3550 1383/3547
f 1383/3546 1384/3549 1386/3555 1385/3552
f 1385/3551 1386/3554 1388/3560 1387/3557
f 1387/3556 1388/3559 1382/3544 1381/3541
f 1382/3543 1388/3558 1386/3553 1384/3548

