mtllib track_curve_45_super_large_left.mtl
usemtl Mat_1
# Blender 3.4.1
# www.blender.org
o track_normal.001_track_normal.002
v 0.842438 0.071584 0.999908
v 0.808296 0.085803 0.999729
v 0.808296 0.071584 0.999729
v 0.817929 0.071584 0.999779
v 0.852073 0.071584 0.999958
v 0.852073 0.085803 0.999958
v 0.800185 0.025803 0.999686
v 0.860183 0.025803 1.000000
v 0.860183 0.041289 1.000000
v 0.842438 0.041289 0.999908
v 0.817929 0.041289 0.999779
v 0.800185 0.041289 0.999686
v 0.191128 0.071584 0.996497
v 0.191128 0.085803 0.996497
v 0.156985 0.071584 0.996318
v 0.181495 0.071584 0.996447
v 0.147350 0.085803 0.996268
v 0.147350 0.071584 0.996268
v 0.139239 0.041289 0.996226
v 0.139239 0.025803 0.996226
v 0.181495 0.041289 0.996447
v 0.156985 0.041289 0.996318
v 0.199239 0.025803 0.996540
v 0.199239 0.041289 0.996540
v 0.212425 -0.025279 0.886607
v 0.212425 0.054721 0.886607
v 0.182424 0.054721 0.886450
v 0.182424 -0.025279 0.886450
v 0.212581 -0.025279 0.856608
v 0.212581 0.054721 0.856608
v 0.182583 -0.025279 0.856451
v 0.182583 0.054721 0.856451
v 0.818151 0.054721 0.889779
v 0.788150 0.054721 0.889622
v 0.788150 -0.025279 0.889622
v 0.818151 -0.025279 0.889779
v 0.788308 0.054721 0.859622
v 0.788308 -0.025279 0.859622
v 0.818307 0.054721 0.859779
v 0.818307 -0.025279 0.859779
v 0.969993 -0.030000 0.945575
v 0.969993 0.030000 0.945575
v 0.030007 0.030000 0.940653
v 0.030007 -0.030000 0.940653
v 0.970727 -0.030000 0.805577
v 0.970727 0.030000 0.805577
v 0.030739 -0.030000 0.800655
v 0.030739 0.030000 0.800655
v 0.190503 0.085803 0.757875
v 0.180870 0.071584 0.757975
v 0.156359 0.041289 0.758232
v 0.198613 0.041289 0.757789
v 0.138616 0.025803 0.758418
v 0.146726 0.071584 0.758332
v 0.138616 0.041289 0.758418
v 0.190503 0.071584 0.757875
v 0.156359 0.071584 0.758232
v 0.146726 0.085803 0.758332
v 0.180870 0.041289 0.757975
v 0.198613 0.025803 0.757789
v 0.859533 0.041289 0.750868
v 0.841786 0.071584 0.751054
v 0.807646 0.071584 0.751412
v 0.799535 0.025803 0.751496
v 0.851421 0.071584 0.750953
v 0.817280 0.041289 0.751310
v 0.859533 0.025803 0.750868
v 0.799535 0.041289 0.751496
v 0.817280 0.071584 0.751310
v 0.807646 0.085803 0.751412
v 0.841786 0.041289 0.751054
v 0.851421 0.085803 0.750953
v 0.841786 0.071584 0.751054
v 0.807644 0.085803 0.751411
v 0.807644 0.071584 0.751411
v 0.817279 0.071584 0.751310
v 0.851421 0.071584 0.750953
v 0.851421 0.085803 0.750953
v 0.799535 0.025803 0.751496
v 0.859532 0.025803 0.750868
v 0.859532 0.041289 0.750868
v 0.841786 0.041289 0.751054
v 0.817279 0.041289 0.751310
v 0.799535 0.041289 0.751496
v 0.190503 0.071584 0.757875
v 0.190503 0.085803 0.757875
v 0.156360 0.071584 0.758232
v 0.180870 0.071584 0.757975
v 0.146727 0.085803 0.758332
v 0.146727 0.071584 0.758332
v 0.138616 0.041289 0.758418
v 0.138616 0.025803 0.758418
v 0.180870 0.041289 0.757975
v 0.156360 0.041289 0.758232
v 0.198613 0.025803 0.757789
v 0.198613 0.041289 0.757789
v 0.210071 -0.025279 0.647664
v 0.210071 0.054721 0.647664
v 0.180073 0.054721 0.647978
v 0.180073 -0.025279 0.647978
v 0.209756 -0.025279 0.617665
v 0.209756 0.054721 0.617665
v 0.179758 -0.025279 0.617980
v 0.179758 0.054721 0.617980
v 0.815771 0.054721 0.641320
v 0.785774 0.054721 0.641635
v 0.785774 -0.025279 0.641635
v 0.815771 -0.025279 0.641320
v 0.785459 0.054721 0.611636
v 0.785459 -0.025279 0.611636
v 0.815457 0.054721 0.611322
v 0.815457 -0.025279 0.611322
v 0.968472 -0.030000 0.694724
v 0.968472 0.030000 0.694724
v 0.028523 0.030000 0.704568
v 0.028523 -0.030000 0.704568
v 0.967005 -0.030000 0.554732
v 0.967005 0.030000 0.554732
v 0.027057 -0.030000 0.564575
v 0.027057 0.030000 0.564575
v 0.186130 0.085803 0.519291
v 0.176499 0.071584 0.519543
v 0.151998 0.041289 0.520185
v 0.194238 0.041289 0.519078
v 0.134257 0.025803 0.520649
v 0.142365 0.071584 0.520436
v 0.134257 0.041289 0.520649
v 0.186130 0.071584 0.519291
v 0.151998 0.071584 0.520185
v 0.142365 0.085803 0.520436
v 0.176499 0.041289 0.519543
v 0.194238 0.025803 0.519078
v 0.854966 0.041289 0.501776
v 0.837226 0.071584 0.502241
v 0.803095 0.071584 0.503135
v 0.794987 0.025803 0.503347
v 0.846858 0.071584 0.501989
v 0.812725 0.041289 0.502883
v 0.854966 0.025803 0.501776
v 0.794987 0.041289 0.503347
v 0.812725 0.071584 0.502883
v 0.803095 0.085803 0.503135
v 0.837226 0.041289 0.502241
v 0.846858 0.085803 0.501989
v 0.837226 0.071584 0.502241
v 0.803094 0.085803 0.503135
v 0.803094 0.071584 0.503135
v 0.812725 0.071584 0.502883
v 0.846858 0.071584 0.501989
v 0.846858 0.085803 0.501989
v 0.794986 0.025803 0.503347
v 0.854966 0.025803 0.501776
v 0.854966 0.041289 0.501776
v 0.837226 0.041289 0.502241
v 0.812725 0.041289 0.502883
v 0.794986 0.041289 0.503347
v 0.186130 0.071584 0.519291
v 0.186130 0.085803 0.519291
v 0.151998 0.071584 0.520185
v 0.176499 0.071584 0.519543
v 0.142365 0.085803 0.520436
v 0.142365 0.071584 0.520436
v 0.134257 0.041289 0.520649
v 0.134257 0.025803 0.520649
v 0.176499 0.041289 0.519543
v 0.151998 0.041289 0.520185
v 0.194238 0.025803 0.519078
v 0.194238 0.041289 0.519078
v 0.203963 -0.025279 0.408786
v 0.203963 0.054721 0.408786
v 0.173974 0.054721 0.409571
v 0.173974 -0.025279 0.409571
v 0.203178 -0.025279 0.378796
v 0.203178 0.054721 0.378796
v 0.173188 -0.025279 0.379582
v 0.173188 0.054721 0.379582
v 0.809491 0.054721 0.392930
v 0.779501 0.054721 0.393715
v 0.779501 -0.025279 0.393715
v 0.809491 -0.025279 0.392930
v 0.778716 0.054721 0.363725
v 0.778716 -0.025279 0.363725
v 0.808705 0.054721 0.362940
v 0.808705 -0.025279 0.362940
v 0.963010 -0.030000 0.443928
v 0.963010 0.030000 0.443928
v 0.023332 0.030000 0.468534
v 0.023332 -0.030000 0.468534
v 0.959346 -0.030000 0.303976
v 0.959346 0.030000 0.303976
v 0.019667 -0.030000 0.328583
v 0.019667 0.030000 0.328583
v 0.178011 0.085803 0.280806
v 0.168384 0.071584 0.281208
v 0.143895 0.041289 0.282235
v 0.186114 0.041289 0.280465
v 0.126165 0.025803 0.282978
v 0.134268 0.071584 0.282639
v 0.126165 0.041289 0.282978
v 0.178011 0.071584 0.280806
v 0.143895 0.071584 0.282235
v 0.134268 0.085803 0.282639
v 0.168384 0.041289 0.281208
v 0.186114 0.025803 0.280465
v 0.846488 0.041289 0.252788
v 0.828758 0.071584 0.253531
v 0.794644 0.071584 0.254961
v 0.786539 0.025803 0.255301
v 0.838383 0.071584 0.253127
v 0.804270 0.041289 0.254557
v 0.846488 0.025803 0.252788
v 0.786539 0.041289 0.255301
v 0.804270 0.071584 0.254557
v 0.794644 0.085803 0.254961
v 0.828758 0.041289 0.253531
v 0.838383 0.085803 0.253127
v 0.828758 0.071584 0.253531
v 0.794644 0.085803 0.254961
v 0.794644 0.071584 0.254961
v 0.804269 0.071584 0.254557
v 0.838383 0.071584 0.253127
v 0.838383 0.085803 0.253127
v 0.786539 0.025803 0.255301
v 0.846487 0.025803 0.252788
v 0.846487 0.041289 0.252788
v 0.828758 0.041289 0.253531
v 0.804269 0.041289 0.254557
v 0.786539 0.041289 0.255301
v 0.178009 0.071584 0.280806
v 0.178009 0.085803 0.280806
v 0.143895 0.071584 0.282235
v 0.168384 0.071584 0.281208
v 0.134270 0.085803 0.282639
v 0.134270 0.071584 0.282639
v 0.126165 0.041289 0.282978
v 0.126165 0.025803 0.282978
v 0.168384 0.041289 0.281208
v 0.143895 0.041289 0.282235
v 0.186112 0.025803 0.280465
v 0.186112 0.041289 0.280465
v 0.194106 -0.025279 0.170035
v 0.194106 0.054721 0.170035
v 0.164132 0.054721 0.171291
v 0.164132 -0.025279 0.171291
v 0.192850 -0.025279 0.140061
v 0.192850 0.054721 0.140061
v 0.162875 -0.025279 0.141317
v 0.162875 0.054721 0.141317
v 0.799308 0.054721 0.144668
v 0.769335 0.054721 0.145925
v 0.769335 -0.025279 0.145925
v 0.799308 -0.025279 0.144668
v 0.768078 0.054721 0.115951
v 0.768078 -0.025279 0.115951
v 0.798053 0.054721 0.114695
v 0.798053 -0.025279 0.114695
v 0.953612 -0.030000 0.193250
v 0.953612 0.030000 0.193250
v 0.014436 0.030000 0.232613
v 0.014436 -0.030000 0.232613
v 0.947748 -0.030000 0.053373
v 0.947748 0.030000 0.053373
v 0.008573 -0.030000 0.092736
v 0.008573 0.030000 0.092736
v 0.166144 0.085803 0.042476
v 0.156526 0.071584 0.043031
v 0.132057 0.041289 0.044442
v 0.174243 0.041289 0.042010
v 0.114340 0.025803 0.045464
v 0.122437 0.071584 0.044997
v 0.114340 0.041289 0.045464
v 0.166144 0.071584 0.042476
v 0.132057 0.071584 0.044442
v 0.122437 0.085803 0.044997
v 0.156526 0.041289 0.043031
v 0.174243 0.025803 0.042010
v 0.834099 0.041289 0.003962
v 0.816384 0.071584 0.004984
v 0.782297 0.071584 0.006950
v 0.774200 0.025803 0.007417
v 0.826002 0.071584 0.004430
v 0.791915 0.041289 0.006395
v 0.834099 0.025803 0.003962
v 0.774200 0.041289 0.007417
v 0.791915 0.071584 0.006395
v 0.782297 0.085803 0.006950
v 0.816384 0.041289 0.004984
v 0.826002 0.085803 0.004430
v 0.816384 0.071584 0.004984
v 0.782296 0.085803 0.006950
v 0.782296 0.071584 0.006950
v 0.791915 0.071584 0.006395
v 0.826002 0.071584 0.004430
v 0.826002 0.085803 0.004430
v 0.774199 0.025803 0.007417
v 0.834099 0.025803 0.003962
v 0.834099 0.041289 0.003962
v 0.816384 0.041289 0.004984
v 0.791915 0.041289 0.006395
v 0.774199 0.041289 0.007417
v 0.166143 0.071584 0.042476
v 0.166143 0.085803 0.042476
v 0.132057 0.071584 0.044442
v 0.156526 0.071584 0.043031
v 0.122437 0.085803 0.044997
v 0.122437 0.071584 0.044997
v 0.114340 0.041289 0.045463
v 0.114340 0.025803 0.045463
v 0.156526 0.041289 0.043031
v 0.132057 0.041289 0.044442
v 0.174241 0.025803 0.042010
v 0.174241 0.041289 0.042010
v 0.180499 -0.025279 -0.068533
v 0.180499 0.054721 -0.068533
v 0.150548 0.054721 -0.066807
v 0.150548 -0.025279 -0.066807
v 0.178770 -0.025279 -0.098483
v 0.178770 0.054721 -0.098483
v 0.148821 -0.025279 -0.096757
v 0.148821 0.054721 -0.096757
v 0.785228 0.054721 -0.103402
v 0.755278 0.054721 -0.101675
v 0.755278 -0.025279 -0.101675
v 0.785228 -0.025279 -0.103402
v 0.753551 0.054721 -0.131625
v 0.753551 -0.025279 -0.131625
v 0.783501 0.054721 -0.133353
v 0.783501 -0.025279 -0.133353
v 0.940275 -0.030000 -0.057251
v 0.940275 0.030000 -0.057251
v 0.001834 0.030000 -0.003141
v 0.001834 -0.030000 -0.003141
v 0.932215 -0.030000 -0.197019
v 0.932215 0.030000 -0.197019
v -0.006225 -0.030000 -0.142909
v -0.006225 0.030000 -0.142909
v 0.150537 0.085803 -0.195636
v 0.140929 0.071584 -0.194931
v 0.116483 0.041289 -0.193135
v 0.158627 0.041289 -0.196230
v 0.098787 0.025803 -0.191835
v 0.106875 0.071584 -0.192430
v 0.098787 0.041289 -0.191835
v 0.150537 0.071584 -0.195636
v 0.116483 0.071584 -0.193135
v 0.106875 0.085803 -0.192430
v 0.140929 0.041289 -0.194931
v 0.158627 0.025803 -0.196230
v 0.817805 0.041289 -0.244637
v 0.800107 0.071584 -0.243337
v 0.766056 0.071584 -0.240836
v 0.757966 0.025803 -0.240243
v 0.809716 0.071584 -0.244043
v 0.775664 0.041289 -0.241542
v 0.817805 0.025803 -0.244637
v 0.757966 0.041289 -0.240243
v 0.775664 0.071584 -0.241542
v 0.766056 0.085803 -0.240836
v 0.800107 0.041289 -0.243337
v 0.809716 0.085803 -0.244043
v 0.800107 0.071584 -0.243337
v 0.766054 0.085803 -0.240836
v 0.766054 0.071584 -0.240836
v 0.775664 0.071584 -0.241542
v 0.809716 0.071584 -0.244043
v 0.809716 0.085803 -0.244043
v 0.757966 0.025803 -0.240243
v 0.817805 0.025803 -0.244637
v 0.817805 0.041289 -0.244637
v 0.800107 0.041289 -0.243337
v 0.775664 0.041289 -0.241542
v 0.757966 0.041289 -0.240243
v 0.150537 0.071584 -0.195636
v 0.150537 0.085803 -0.195636
v 0.116483 0.071584 -0.193135
v 0.140929 0.071584 -0.194931
v 0.106875 0.085803 -0.192430
v 0.106875 0.071584 -0.192430
v 0.098787 0.041289 -0.191835
v 0.098787 0.025803 -0.191835
v 0.140929 0.041289 -0.194931
v 0.116483 0.041289 -0.193135
v 0.158626 0.025803 -0.196230
v 0.158626 0.041289 -0.196230
v 0.163145 -0.025279 -0.306858
v 0.163145 0.054721 -0.306858
v 0.133225 0.054721 -0.304661
v 0.133225 -0.025279 -0.304661
v 0.160948 -0.025279 -0.336777
v 0.160948 0.054721 -0.336777
v 0.131028 -0.025279 -0.334581
v 0.131028 0.054721 -0.334581
v 0.767253 0.054721 -0.351221
v 0.737334 0.054721 -0.349024
v 0.737334 -0.025279 -0.349024
v 0.767253 -0.025279 -0.351221
v 0.735137 0.054721 -0.378943
v 0.735137 -0.025279 -0.378943
v 0.765057 0.054721 -0.381141
v 0.765057 -0.025279 -0.381141
v 0.923006 -0.030000 -0.307511
v 0.923006 0.030000 -0.307511
v -0.014471 0.030000 -0.238667
v -0.014471 -0.030000 -0.238667
v 0.912752 -0.030000 -0.447135
v 0.912752 0.030000 -0.447135
v -0.024724 -0.030000 -0.378291
v -0.024724 0.030000 -0.378291
v 0.131191 0.085803 -0.433474
v 0.121595 0.071584 -0.432617
v 0.097182 0.041289 -0.430439
v 0.139271 0.041289 -0.434195
v 0.079506 0.025803 -0.428862
v 0.087586 0.071584 -0.429582
v 0.079506 0.041289 -0.428862
v 0.131191 0.071584 -0.433474
v 0.097182 0.071584 -0.430439
v 0.087586 0.085803 -0.429582
v 0.121595 0.041289 -0.432617
v 0.139271 0.025803 -0.434195
v 0.797608 0.041289 -0.492951
v 0.779933 0.071584 -0.491373
v 0.745924 0.071584 -0.488337
v 0.737845 0.025803 -0.487617
v 0.789529 0.071584 -0.492229
v 0.755520 0.041289 -0.489194
v 0.797608 0.025803 -0.492951
v 0.737845 0.041289 -0.487617
v 0.755520 0.071584 -0.489194
v 0.745924 0.085803 -0.488337
v 0.779933 0.041289 -0.491373
v 0.789529 0.085803 -0.492229
v 0.779933 0.071584 -0.491373
v 0.745923 0.085803 -0.488337
v 0.745923 0.071584 -0.488337
v 0.755520 0.071584 -0.489194
v 0.789528 0.071584 -0.492229
v 0.789528 0.085803 -0.492229
v 0.737845 0.025803 -0.487617
v 0.797606 0.025803 -0.492951
v 0.797606 0.041289 -0.492951
v 0.779933 0.041289 -0.491373
v 0.755520 0.041289 -0.489194
v 0.737845 0.041289 -0.487617
v 0.131191 0.071584 -0.433474
v 0.131191 0.085803 -0.433474
v 0.097182 0.071584 -0.430439
v 0.121595 0.071584 -0.432617
v 0.087587 0.085803 -0.429582
v 0.087587 0.071584 -0.429582
v 0.079508 0.041289 -0.428862
v 0.079508 0.025803 -0.428862
v 0.121595 0.041289 -0.432617
v 0.097182 0.041289 -0.430439
v 0.139271 0.025803 -0.434195
v 0.139271 0.041289 -0.434195
v 0.142051 -0.025279 -0.544881
v 0.142051 0.054721 -0.544881
v 0.112170 0.054721 -0.542214
v 0.112170 -0.025279 -0.542214
v 0.139385 -0.025279 -0.574762
v 0.139385 0.054721 -0.574762
v 0.109503 -0.025279 -0.572095
v 0.109503 0.054721 -0.572095
v 0.745386 0.054721 -0.598726
v 0.715507 0.054721 -0.596060
v 0.715507 -0.025279 -0.596060
v 0.745386 -0.025279 -0.598727
v 0.712840 0.054721 -0.625941
v 0.712840 -0.025279 -0.625941
v 0.742721 0.054721 -0.628608
v 0.742721 -0.025279 -0.628608
v 0.901807 -0.030000 -0.557468
v 0.901807 0.030000 -0.557468
v -0.034471 0.030000 -0.473908
v -0.034471 -0.030000 -0.473908
v 0.889363 -0.030000 -0.696914
v 0.889363 0.030000 -0.696914
v -0.046917 -0.030000 -0.613353
v -0.046917 0.030000 -0.613353
v 0.108113 0.085803 -0.670979
v 0.098531 0.071584 -0.669972
v 0.074154 0.041289 -0.667410
v 0.116180 0.041289 -0.671827
v 0.056507 0.025803 -0.665555
v 0.064574 0.071584 -0.666403
v 0.056507 0.041289 -0.665555
v 0.108113 0.071584 -0.670979
v 0.074154 0.071584 -0.667410
v 0.064574 0.085803 -0.666403
v 0.098531 0.041289 -0.669972
v 0.116180 0.025803 -0.671827
v 0.773513 0.041289 -0.740915
v 0.755865 0.071584 -0.739061
v 0.721908 0.071584 -0.735491
v 0.713842 0.025803 -0.734644
v 0.765447 0.071584 -0.740067
v 0.731490 0.041289 -0.736499
v 0.773513 0.025803 -0.740915
v 0.713842 0.041289 -0.734644
v 0.731490 0.071584 -0.736499
v 0.721908 0.085803 -0.735491
v 0.755865 0.041289 -0.739061
v 0.765447 0.085803 -0.740067
v 0.755864 0.071584 -0.739061
v 0.721907 0.085803 -0.735491
v 0.721907 0.071584 -0.735491
v 0.731488 0.071584 -0.736499
v 0.765446 0.071584 -0.740067
v 0.765446 0.085803 -0.740067
v 0.713840 0.025803 -0.734644
v 0.773512 0.025803 -0.740915
v 0.773512 0.041289 -0.740915
v 0.755864 0.041289 -0.739061
v 0.731488 0.041289 -0.736499
v 0.713840 0.041289 -0.734644
v 0.108111 0.071584 -0.670979
v 0.108111 0.085803 -0.670979
v 0.074156 0.071584 -0.667410
v 0.098531 0.071584 -0.669972
v 0.064574 0.085803 -0.666403
v 0.064574 0.071584 -0.666403
v 0.056507 0.041289 -0.665555
v 0.056507 0.025803 -0.665555
v 0.098531 0.041289 -0.669972
v 0.074156 0.041289 -0.667410
v 0.116178 0.025803 -0.671827
v 0.116178 0.041289 -0.671827
v 0.117220 -0.025279 -0.782542
v 0.117220 0.054721 -0.782542
v 0.087387 0.054721 -0.779407
v 0.087387 -0.025279 -0.779407
v 0.114086 -0.025279 -0.812378
v 0.114086 0.054721 -0.812378
v 0.084251 -0.025279 -0.809242
v 0.084251 0.054721 -0.809242
v 0.719637 0.054721 -0.845859
v 0.689801 0.054721 -0.842723
v 0.689801 -0.025279 -0.842723
v 0.719637 -0.025279 -0.845859
v 0.686665 0.054721 -0.872559
v 0.686665 -0.025279 -0.872559
v 0.716500 0.054721 -0.875695
v 0.716500 -0.025279 -0.875695
v 0.876686 -0.030000 -0.807062
v 0.876686 0.030000 -0.807062
v -0.058164 0.030000 -0.708805
v -0.058164 -0.030000 -0.708805
v 0.862051 -0.030000 -0.946295
v 0.862051 0.030000 -0.946295
v -0.072798 -0.030000 -0.848039
v -0.072798 0.030000 -0.848039
v 0.081306 0.085803 -0.908092
v 0.071741 0.071584 -0.906935
v 0.047408 0.041289 -0.903990
v 0.089357 0.041289 -0.909067
v 0.029791 0.025803 -0.901859
v 0.037843 0.071584 -0.902833
v 0.029791 0.041289 -0.901859
v 0.081306 0.071584 -0.908092
v 0.047408 0.071584 -0.903990
v 0.037843 0.085803 -0.902833
v 0.071741 0.041289 -0.906935
v 0.089357 0.025803 -0.909067
v 0.745526 0.041289 -0.988472
v 0.727909 0.071584 -0.986340
v 0.694012 0.071584 -0.982238
v 0.685960 0.025803 -0.981264
v 0.737472 0.071584 -0.987497
v 0.703577 0.041289 -0.983396
v 0.745526 0.025803 -0.988472
v 0.685960 0.041289 -0.981264
v 0.703577 0.071584 -0.983396
v 0.694012 0.085803 -0.982238
v 0.727909 0.041289 -0.986340
v 0.737472 0.085803 -0.987497
v 0.727909 0.071584 -0.986340
v 0.694012 0.085803 -0.982238
v 0.694012 0.071584 -0.982238
v 0.703576 0.071584 -0.983396
v 0.737472 0.071584 -0.987497
v 0.737472 0.085803 -0.987497
v 0.685960 0.025803 -0.981264
v 0.745525 0.025803 -0.988472
v 0.745525 0.041289 -0.988472
v 0.727909 0.041289 -0.986340
v 0.703576 0.041289 -0.983396
v 0.685960 0.041289 -0.981264
v 0.081306 0.071584 -0.908092
v 0.081306 0.085803 -0.908092
v 0.047408 0.071584 -0.903990
v 0.071741 0.071584 -0.906935
v 0.037845 0.085803 -0.902833
v 0.037845 0.071584 -0.902833
v 0.029793 0.041289 -0.901859
v 0.029793 0.025803 -0.901859
v 0.071741 0.041289 -0.906935
v 0.047408 0.041289 -0.903990
v 0.089357 0.025803 -0.909067
v 0.089357 0.041289 -0.909067
v 0.088661 -0.025279 -1.019785
v 0.088661 0.054721 -1.019785
v 0.058879 0.054721 -1.016182
v 0.058879 -0.025279 -1.016182
v 0.085058 -0.025279 -1.049567
v 0.085058 0.054721 -1.049567
v 0.055275 -0.025279 -1.045964
v 0.055275 0.054721 -1.045964
v 0.690007 0.054721 -1.092556
v 0.660226 0.054721 -1.088952
v 0.660226 -0.025279 -1.088952
v 0.690007 -0.025279 -1.092556
v 0.656621 0.054721 -1.118734
v 0.656621 -0.025279 -1.118734
v 0.686403 0.054721 -1.122339
v 0.686403 -0.025279 -1.122339
v 0.847646 -0.030000 -1.056232
v 0.847646 0.030000 -1.056232
v -0.085546 0.030000 -0.943302
v -0.085546 -0.030000 -0.943302
v 0.830828 -0.030000 -1.195217
v 0.830828 0.030000 -1.195217
v -0.102364 -0.030000 -1.082288
v -0.102364 0.030000 -1.082288
v 0.050779 0.085803 -1.144755
v 0.041233 0.071584 -1.143448
v 0.016949 0.041289 -1.140121
v 0.058814 0.041289 -1.145856
v -0.000633 0.025803 -1.137713
v 0.007405 0.071584 -1.138814
v -0.000633 0.041289 -1.137713
v 0.050779 0.071584 -1.144755
v 0.016949 0.071584 -1.140121
v 0.007405 0.085803 -1.138814
v 0.041233 0.041289 -1.143448
v 0.058814 0.025803 -1.145856
v 0.713653 0.041289 -1.235559
v 0.696072 0.071584 -1.233150
v 0.662243 0.071584 -1.228515
v 0.654208 0.025803 -1.227414
v 0.705618 0.071584 -1.234458
v 0.671790 0.041289 -1.229824
v 0.713653 0.025803 -1.235559
v 0.654208 0.041289 -1.227414
v 0.671790 0.071584 -1.229824
v 0.662243 0.085803 -1.228515
v 0.696072 0.041289 -1.233150
v 0.705618 0.085803 -1.234458
v 0.696071 0.071584 -1.233150
v 0.662243 0.085803 -1.228515
v 0.662243 0.071584 -1.228515
v 0.671789 0.071584 -1.229823
v 0.705617 0.071584 -1.234458
v 0.705617 0.085803 -1.234458
v 0.654208 0.025803 -1.227414
v 0.713651 0.025803 -1.235558
v 0.713651 0.041289 -1.235558
v 0.696071 0.041289 -1.233150
v 0.671789 0.041289 -1.229823
v 0.654208 0.041289 -1.227414
v 0.050777 0.071584 -1.144755
v 0.050777 0.085803 -1.144755
v 0.016949 0.071584 -1.140121
v 0.041233 0.071584 -1.143448
v 0.007405 0.085803 -1.138814
v 0.007405 0.071584 -1.138814
v -0.000632 0.041289 -1.137713
v -0.000632 0.025803 -1.137713
v 0.041233 0.041289 -1.143448
v 0.016949 0.041289 -1.140121
v 0.058814 0.025803 -1.145856
v 0.058814 0.041289 -1.145856
v 0.056377 -0.025279 -1.256549
v 0.056377 0.054721 -1.256549
v 0.026657 0.054721 -1.252479
v 0.026657 -0.025279 -1.252479
v 0.052307 -0.025279 -1.286272
v 0.052307 0.054721 -1.286272
v 0.022585 -0.025279 -1.282201
v 0.022585 0.054721 -1.282201
v 0.656508 0.054721 -1.338757
v 0.626785 0.054721 -1.334686
v 0.626785 -0.025279 -1.334686
v 0.656508 -0.025279 -1.338757
v 0.622714 0.054721 -1.364408
v 0.622714 -0.025279 -1.364408
v 0.652437 0.054721 -1.368480
v 0.652437 -0.025279 -1.368480
v 0.814698 -0.030000 -1.304912
v 0.814698 0.030000 -1.304912
v -0.116606 0.030000 -1.177340
v -0.116606 -0.030000 -1.177340
v 0.795697 -0.030000 -1.443618
v 0.795697 0.030000 -1.443618
v -0.135606 -0.030000 -1.316045
v -0.135606 0.030000 -1.316045
v 0.016538 0.085803 -1.380910
v 0.007014 0.071584 -1.379452
v -0.017216 0.041289 -1.375745
v 0.024555 0.041289 -1.382136
v -0.034757 0.025803 -1.373060
v -0.026738 0.071584 -1.374288
v -0.034757 0.041289 -1.373060
v 0.016538 0.071584 -1.380910
v -0.017216 0.071584 -1.375745
v -0.026738 0.085803 -1.374288
v 0.007014 0.041289 -1.379452
v 0.024555 0.025803 -1.382136
v 0.677903 0.041289 -1.482113
v 0.660362 0.071584 -1.479429
v 0.626611 0.071584 -1.474264
v 0.618594 0.025803 -1.473038
v 0.669886 0.071584 -1.480886
v 0.636135 0.041289 -1.475722
v 0.677903 0.025803 -1.482113
v 0.618594 0.041289 -1.473038
v 0.636135 0.071584 -1.475722
v 0.626611 0.085803 -1.474264
v 0.660362 0.041289 -1.479429
v 0.669886 0.085803 -1.480886
v 0.660362 0.071584 -1.479429
v 0.626610 0.085803 -1.474264
v 0.626610 0.071584 -1.474264
v 0.636135 0.071584 -1.475722
v 0.669884 0.071584 -1.480886
v 0.669884 0.085803 -1.480886
v 0.618594 0.025803 -1.473038
v 0.677903 0.025803 -1.482113
v 0.677903 0.041289 -1.482113
v 0.660362 0.041289 -1.479429
v 0.636135 0.041289 -1.475722
v 0.618594 0.041289 -1.473038
v 0.016536 0.071584 -1.380910
v 0.016536 0.085803 -1.380910
v -0.017216 0.071584 -1.375745
v 0.007013 0.071584 -1.379452
v -0.026738 0.085803 -1.374288
v -0.026738 0.071584 -1.374288
v -0.034755 0.041289 -1.373061
v -0.034755 0.025803 -1.373061
v 0.007013 0.041289 -1.379452
v -0.017216 0.041289 -1.375745
v 0.024555 0.025803 -1.382136
v 0.024555 0.041289 -1.382136
v 0.020380 -0.025279 -1.492778
v 0.020380 0.054721 -1.492778
v -0.009275 0.054721 -1.488241
v -0.009275 -0.025279 -1.488241
v 0.015842 -0.025279 -1.522432
v 0.015842 0.054721 -1.522432
v -0.013813 -0.025279 -1.517895
v -0.013813 0.054721 -1.517895
v 0.619144 0.054721 -1.584402
v 0.589491 0.054721 -1.579864
v 0.589491 -0.025279 -1.579864
v 0.619144 -0.025279 -1.584402
v 0.584952 0.054721 -1.609518
v 0.584952 -0.025279 -1.609518
v 0.614607 0.054721 -1.614057
v 0.614607 -0.025279 -1.614057
v 0.777846 -0.030000 -1.553047
v 0.777846 0.030000 -1.553047
v -0.151339 0.030000 -1.410861
v -0.151339 -0.030000 -1.410861
v 0.756669 -0.030000 -1.691435
v 0.756669 0.030000 -1.691435
v -0.172515 -0.030000 -1.549250
v -0.172515 0.030000 -1.549250
v -0.021410 0.085803 -1.616496
v -0.030909 0.071584 -1.614890
v -0.055076 0.041289 -1.610802
v -0.013413 0.041289 -1.617850
v -0.072573 0.025803 -1.607843
v -0.064576 0.071584 -1.609196
v -0.072573 0.041289 -1.607843
v -0.021410 0.071584 -1.616496
v -0.055076 0.071584 -1.610802
v -0.064576 0.085803 -1.609196
v -0.030909 0.041289 -1.614890
v -0.013413 0.025803 -1.617850
v 0.638286 0.041289 -1.728076
v 0.620789 0.071584 -1.725116
v 0.587124 0.071584 -1.719423
v 0.579125 0.025803 -1.718070
v 0.630289 0.071584 -1.726724
v 0.596623 0.041289 -1.721029
v 0.638286 0.025803 -1.728076
v 0.579125 0.041289 -1.718070
v 0.596623 0.071584 -1.721029
v 0.587124 0.085803 -1.719423
v 0.620789 0.041289 -1.725116
v 0.630289 0.085803 -1.726724
v 0.620789 0.071584 -1.725116
v 0.587122 0.085803 -1.719423
v 0.587122 0.071584 -1.719423
v 0.596623 0.071584 -1.721029
v 0.630288 0.071584 -1.726724
v 0.630288 0.085803 -1.726724
v 0.579125 0.025803 -1.718070
v 0.638286 0.025803 -1.728076
v 0.638286 0.041289 -1.728076
v 0.620789 0.041289 -1.725116
v 0.596623 0.041289 -1.721029
v 0.579125 0.041289 -1.718070
v -0.021410 0.071584 -1.616496
v -0.021410 0.085803 -1.616496
v -0.055076 0.071584 -1.610802
v -0.030909 0.071584 -1.614890
v -0.064576 0.085803 -1.609196
v -0.064576 0.071584 -1.609196
v -0.072573 0.041289 -1.607843
v -0.072573 0.025803 -1.607843
v -0.030909 0.041289 -1.614890
v -0.055076 0.041289 -1.610802
v -0.013413 0.025803 -1.617850
v -0.013413 0.041289 -1.617850
v -0.019324 -0.025279 -1.728411
v -0.019324 0.054721 -1.728411
v -0.048905 0.054721 -1.723410
v -0.048905 -0.025279 -1.723410
v -0.024327 -0.025279 -1.757992
v -0.024327 0.054721 -1.757992
v -0.053907 -0.025279 -1.752988
v -0.053907 0.054721 -1.752988
v 0.577927 0.054721 -1.829429
v 0.548349 0.054721 -1.824426
v 0.548349 -0.025279 -1.824426
v 0.577927 -0.025279 -1.829429
v 0.543345 0.054721 -1.854007
v 0.543345 -0.025279 -1.854007
v 0.572925 0.054721 -1.859009
v 0.572925 -0.025279 -1.859009
v 0.737102 -0.030000 -1.800570
v 0.737102 0.030000 -1.800570
v -0.189733 0.030000 -1.643808
v -0.189733 -0.030000 -1.643808
v 0.713755 -0.030000 -1.938611
v 0.713755 0.030000 -1.938611
v -0.213082 -0.030000 -1.781847
v -0.213082 0.030000 -1.781847
v -0.063052 0.085803 -1.851459
v -0.072525 0.071584 -1.849703
v -0.096625 0.041289 -1.845236
v -0.055076 0.041289 -1.852937
v -0.114073 0.025803 -1.842003
v -0.106097 0.071584 -1.843481
v -0.114073 0.041289 -1.842003
v -0.063052 0.071584 -1.851459
v -0.096625 0.071584 -1.845236
v -0.106097 0.085803 -1.843481
v -0.072525 0.041289 -1.849703
v -0.055076 0.025803 -1.852937
v 0.594809 0.041289 -1.973387
v 0.577362 0.071584 -1.970152
v 0.543790 0.071584 -1.963930
v 0.535815 0.025803 -1.962453
v 0.586835 0.071584 -1.971909
v 0.553262 0.041289 -1.965686
v 0.594809 0.025803 -1.973387
v 0.535815 0.041289 -1.962453
v 0.553262 0.071584 -1.965686
v 0.543790 0.085803 -1.963930
v 0.577362 0.041289 -1.970152
v 0.586835 0.085803 -1.971909
v 0.577362 0.071584 -1.970152
v 0.543790 0.085803 -1.963930
v 0.543790 0.071584 -1.963930
v 0.553262 0.071584 -1.965686
v 0.586834 0.071584 -1.971909
v 0.586834 0.085803 -1.971909
v 0.535813 0.025803 -1.962452
v 0.594809 0.025803 -1.973386
v 0.594809 0.041289 -1.973386
v 0.577362 0.041289 -1.970152
v 0.553262 0.041289 -1.965686
v 0.535813 0.041289 -1.962452
v -0.063052 0.071584 -1.851459
v -0.063052 0.085803 -1.851459
v -0.096625 0.071584 -1.845236
v -0.072526 0.071584 -1.849703
v -0.106097 0.085803 -1.843481
v -0.106097 0.071584 -1.843481
v -0.114073 0.041289 -1.842003
v -0.114073 0.025803 -1.842003
v -0.072526 0.041289 -1.849703
v -0.096625 0.041289 -1.845236
v -0.055078 0.025803 -1.852937
v -0.055078 0.041289 -1.852937
v -0.062724 -0.025279 -1.963393
v -0.062724 0.054721 -1.963393
v -0.092221 0.054721 -1.957927
v -0.092221 -0.025279 -1.957927
v -0.068191 -0.025279 -1.992890
v -0.068191 0.054721 -1.992890
v -0.097689 -0.025279 -1.987424
v -0.097689 0.054721 -1.987424
v 0.532867 0.054722 -2.073778
v 0.503370 0.054722 -2.068312
v 0.503370 -0.025279 -2.068312
v 0.532867 -0.025279 -2.073778
v 0.497901 0.054722 -2.097810
v 0.497901 -0.025278 -2.097810
v 0.527400 0.054722 -2.103277
v 0.527400 -0.025278 -2.103277
v 0.692474 -0.030000 -2.047423
v 0.692474 0.030000 -2.047423
v -0.231785 0.030000 -1.876123
v -0.231785 -0.030000 -1.876123
v 0.666961 -0.029999 -2.185080
v 0.666961 0.030001 -2.185080
v -0.257297 -0.030000 -2.013778
v -0.257297 0.030000 -2.013778
v -0.108380 0.085804 -2.085737
v -0.117824 0.071585 -2.083834
v -0.141851 0.041290 -2.078988
v -0.100429 0.041290 -2.087342
v -0.159246 0.025804 -2.075481
v -0.151295 0.071585 -2.077085
v -0.159246 0.041290 -2.075481
v -0.108380 0.071585 -2.085737
v -0.141851 0.071585 -2.078988
v -0.151295 0.085804 -2.077085
v -0.117824 0.041290 -2.083834
v -0.100429 0.025804 -2.087342
v 0.547486 0.041290 -2.217984
v 0.530091 0.071585 -2.214476
v 0.496620 0.071585 -2.207727
v 0.488670 0.025804 -2.206124
v 0.539535 0.071585 -2.216380
v 0.506065 0.041290 -2.209632
v 0.547486 0.025804 -2.217984
v 0.488670 0.041290 -2.206124
v 0.506065 0.071585 -2.209632
v 0.496620 0.085804 -2.207727
v 0.530091 0.041290 -2.214476
v 0.539535 0.085804 -2.216380
v 0.530091 0.071585 -2.214476
v 0.496620 0.085804 -2.207727
v 0.496620 0.071585 -2.207727
v 0.506063 0.071585 -2.209632
v 0.539535 0.071585 -2.216380
v 0.539535 0.085804 -2.216380
v 0.488668 0.025804 -2.206124
v 0.547484 0.025804 -2.217984
v 0.547484 0.041290 -2.217984
v 0.530091 0.041290 -2.214476
v 0.506063 0.041290 -2.209632
v 0.488668 0.041290 -2.206124
v -0.108380 0.071585 -2.085737
v -0.108380 0.085804 -2.085737
v -0.141851 0.071585 -2.078988
v -0.117824 0.071585 -2.083834
v -0.151295 0.085804 -2.077085
v -0.151295 0.071585 -2.077085
v -0.159246 0.041290 -2.075481
v -0.159246 0.025804 -2.075481
v -0.117824 0.041290 -2.083834
v -0.141851 0.041290 -2.078988
v -0.100429 0.025804 -2.087341
v -0.100429 0.041290 -2.087341
v -0.109810 -0.025278 -2.197663
v -0.109810 0.054722 -2.197663
v -0.139219 0.054722 -2.191734
v -0.139219 -0.025278 -2.191734
v -0.115740 -0.025278 -2.227071
v -0.115740 0.054722 -2.227071
v -0.145149 -0.025278 -2.221141
v -0.145149 0.054722 -2.221141
v 0.483974 0.054722 -2.317391
v 0.454565 0.054722 -2.311462
v 0.454565 -0.025278 -2.311462
v 0.483974 -0.025278 -2.317391
v 0.448635 0.054722 -2.340869
v 0.448635 -0.025278 -2.340869
v 0.478044 0.054722 -2.346799
v 0.478044 -0.025278 -2.346799
v 0.643976 -0.029999 -2.293546
v 0.643976 0.030001 -2.293546
v -0.277478 0.030001 -2.107748
v -0.277478 -0.029999 -2.107748
v 0.616304 -0.029999 -2.430785
v 0.616304 0.030001 -2.430785
v -0.305151 -0.029999 -2.244986
v -0.305151 0.030001 -2.244986
v -0.157382 0.085804 -2.319276
v -0.166794 0.071585 -2.317223
v -0.190743 0.041290 -2.312002
v -0.149457 0.041290 -2.321004
v -0.208081 0.025804 -2.308221
v -0.200156 0.071585 -2.309950
v -0.208081 0.041290 -2.308221
v -0.157382 0.071585 -2.319276
v -0.190743 0.071585 -2.312002
v -0.200156 0.085804 -2.309950
v -0.166794 0.041290 -2.317223
v -0.149457 0.025804 -2.321004
v 0.496325 0.041290 -2.461808
v 0.478987 0.071585 -2.458027
v 0.445628 0.071585 -2.450753
v 0.437703 0.025804 -2.449026
v 0.488401 0.071585 -2.460080
v 0.455040 0.041290 -2.452806
v 0.496325 0.025804 -2.461808
v 0.437703 0.041290 -2.449026
v 0.455040 0.071585 -2.452806
v 0.445628 0.085804 -2.450753
v 0.478987 0.041290 -2.458027
v 0.488401 0.085804 -2.460080
v 0.478987 0.071585 -2.458027
v 0.445628 0.085804 -2.450753
v 0.445628 0.071585 -2.450753
v 0.455040 0.071585 -2.452805
v 0.488401 0.071585 -2.460080
v 0.488401 0.085804 -2.460080
v 0.437701 0.025804 -2.449025
v 0.496325 0.025804 -2.461807
v 0.496325 0.041290 -2.461807
v 0.478987 0.041290 -2.458027
v 0.455040 0.041290 -2.452805
v 0.437701 0.041290 -2.449025
v -0.157382 0.071585 -2.319276
v -0.157382 0.085804 -2.319276
v -0.190743 0.071585 -2.312002
v -0.166794 0.071585 -2.317223
v -0.200156 0.085804 -2.309950
v -0.200156 0.071585 -2.309950
v -0.208081 0.041290 -2.308222
v -0.208081 0.025804 -2.308222
v -0.166794 0.041290 -2.317223
v -0.190743 0.041290 -2.312002
v -0.149458 0.025804 -2.321003
v -0.149458 0.041290 -2.321003
v -0.160570 -0.025278 -2.431165
v -0.160570 0.054722 -2.431165
v -0.189882 0.054722 -2.424774
v -0.189882 -0.025278 -2.424774
v -0.166961 -0.025278 -2.460476
v -0.166961 0.054722 -2.460476
v -0.196273 -0.025278 -2.454087
v -0.196273 0.054722 -2.454087
v 0.431259 0.054722 -2.560204
v 0.401949 0.054722 -2.553814
v 0.401949 -0.025278 -2.553814
v 0.431259 -0.025278 -2.560204
v 0.395558 0.054722 -2.583125
v 0.395558 -0.025278 -2.583125
v 0.424870 0.054722 -2.589516
v 0.424870 -0.025278 -2.589516
v 0.591618 -0.029999 -2.538875
v 0.591618 0.030001 -2.538875
v -0.326806 0.030001 -2.338627
v -0.326806 -0.029999 -2.338627
v 0.561794 -0.029999 -2.675662
v 0.561794 0.030001 -2.675662
v -0.356630 -0.029999 -2.475414
v -0.356630 0.030001 -2.475414
v -0.210046 0.085804 -2.552016
v -0.219426 0.071585 -2.549816
v -0.243288 0.041290 -2.544218
v -0.202149 0.041290 -2.553868
v -0.260565 0.025804 -2.540166
v -0.252668 0.071585 -2.542019
v -0.260565 0.041290 -2.540166
v -0.210046 0.071585 -2.552016
v -0.243288 0.071585 -2.544218
v -0.252668 0.085804 -2.542019
v -0.219426 0.041290 -2.549816
v -0.202149 0.025804 -2.553868
v 0.441342 0.041290 -2.704797
v 0.424065 0.071585 -2.700745
v 0.390823 0.071585 -2.692948
v 0.382926 0.025804 -2.691096
v 0.433445 0.071585 -2.702946
v 0.400203 0.041290 -2.695149
v 0.441342 0.025804 -2.704797
v 0.382926 0.041290 -2.691096
v 0.400203 0.071585 -2.695149
v 0.390823 0.085804 -2.692948
v 0.424065 0.041290 -2.700745
v 0.433445 0.085804 -2.702946
v 0.424065 0.071585 -2.700745
v 0.390823 0.085804 -2.692948
v 0.390823 0.071585 -2.692948
v 0.400203 0.071585 -2.695148
v 0.433445 0.071585 -2.702946
v 0.433445 0.085804 -2.702946
v 0.382926 0.025804 -2.691096
v 0.441342 0.025804 -2.704797
v 0.441342 0.041290 -2.704797
v 0.424065 0.041290 -2.700745
v 0.400203 0.041290 -2.695148
v 0.382926 0.041290 -2.691096
v -0.210046 0.071585 -2.552016
v -0.210046 0.085804 -2.552016
v -0.243288 0.071585 -2.544219
v -0.219426 0.071585 -2.549816
v -0.252668 0.085804 -2.542019
v -0.252668 0.071585 -2.542019
v -0.260565 0.041290 -2.540166
v -0.260565 0.025804 -2.540166
v -0.219426 0.041290 -2.549816
v -0.243288 0.041290 -2.544219
v -0.202149 0.025804 -2.553868
v -0.202149 0.041290 -2.553868
v -0.214992 -0.025278 -2.663840
v -0.214992 0.054722 -2.663840
v -0.244198 0.054722 -2.656991
v -0.244198 -0.025278 -2.656991
v -0.221842 -0.025278 -2.693048
v -0.221842 0.054722 -2.693048
v -0.251049 -0.025278 -2.686198
v -0.251049 0.054722 -2.686198
v 0.374740 0.054722 -2.802161
v 0.345530 0.054722 -2.795310
v 0.345530 -0.025278 -2.795310
v 0.374740 -0.025278 -2.802161
v 0.338680 0.054722 -2.824517
v 0.338680 -0.025278 -2.824517
v 0.367887 0.054722 -2.831368
v 0.367887 -0.025278 -2.831368
v 0.535411 -0.029999 -2.783353
v 0.535411 0.030001 -2.783353
v -0.379752 0.030001 -2.568704
v -0.379752 -0.029999 -2.568704
v 0.503443 -0.029999 -2.919654
v 0.503443 0.030001 -2.919654
v -0.411722 -0.029999 -2.705004
v -0.411722 0.030001 -2.705004
v -0.266358 0.085804 -2.783899
v -0.275702 0.071585 -2.781552
v -0.299476 0.041290 -2.775581
v -0.258492 0.041290 -2.785876
v -0.316685 0.025804 -2.771258
v -0.308819 0.071585 -2.773234
v -0.316685 0.041290 -2.771258
v -0.266358 0.071585 -2.783899
v -0.299476 0.071585 -2.775581
v -0.308819 0.085804 -2.773234
v -0.275702 0.041290 -2.781552
v -0.258492 0.025804 -2.785876
v 0.382548 0.041290 -2.946894
v 0.365339 0.071585 -2.942570
v 0.332224 0.071585 -2.934252
v 0.324356 0.025804 -2.932277
v 0.374682 0.071585 -2.944918
v 0.341567 0.041290 -2.936600
v 0.382548 0.025804 -2.946894
v 0.324356 0.041290 -2.932277
v 0.341567 0.071585 -2.936600
v 0.332224 0.085804 -2.934252
v 0.365339 0.041290 -2.942570
v 0.374682 0.085804 -2.944918
v 0.365338 0.071585 -2.942570
v 0.332223 0.085804 -2.934252
v 0.332223 0.071585 -2.934252
v 0.341565 0.071585 -2.936599
v 0.374682 0.071585 -2.944918
v 0.374682 0.085804 -2.944918
v 0.324356 0.025804 -2.932276
v 0.382548 0.025804 -2.946894
v 0.382548 0.041290 -2.946894
v 0.365338 0.041290 -2.942571
v 0.341565 0.041290 -2.936599
v 0.324356 0.041290 -2.932276
v -0.266360 0.071585 -2.783899
v -0.266360 0.085804 -2.783899
v -0.299475 0.071585 -2.775581
v -0.275704 0.071585 -2.781552
v -0.308819 0.085804 -2.773234
v -0.308819 0.071585 -2.773234
v -0.316685 0.041290 -2.771258
v -0.316685 0.025804 -2.771258
v -0.275704 0.041290 -2.781552
v -0.299475 0.041290 -2.775581
v -0.258493 0.025804 -2.785876
v -0.258493 0.041290 -2.785876
v -0.273061 -0.025278 -2.895633
v -0.273061 0.054722 -2.895633
v -0.302158 0.054722 -2.888326
v -0.302158 -0.025278 -2.888326
v -0.280369 -0.025278 -2.924729
v -0.280369 0.054722 -2.924729
v -0.309465 -0.025278 -2.917420
v -0.309465 0.054722 -2.917420
v 0.314425 0.054722 -3.043199
v 0.285327 0.054722 -3.035890
v 0.285327 -0.025278 -3.035890
v 0.314425 -0.025278 -3.043199
v 0.278018 0.054722 -3.064987
v 0.278018 -0.025278 -3.064987
v 0.307116 0.054722 -3.072296
v 0.307116 -0.025278 -3.072296
v 0.475372 -0.029999 -3.026917
v 0.475372 0.030001 -3.026917
v -0.436308 0.030001 -2.797920
v -0.436308 -0.029999 -2.797920
v 0.441266 -0.029999 -3.162700
v 0.441266 0.030001 -3.162700
v -0.470414 -0.029999 -2.933701
v -0.470414 0.030001 -2.933701
v -0.326307 0.085804 -3.014870
v -0.335615 0.071585 -3.012377
v -0.359289 0.041290 -3.006033
v -0.318472 0.041290 -3.016970
v -0.376429 0.025804 -3.001439
v -0.368594 0.071585 -3.003539
v -0.376429 0.041290 -3.001439
v -0.326307 0.071585 -3.014870
v -0.359289 0.071585 -3.006033
v -0.368594 0.085804 -3.003539
v -0.335615 0.041290 -3.012377
v -0.318472 0.025804 -3.016970
v 0.319959 0.041290 -3.188038
v 0.302819 0.071585 -3.183444
v 0.269839 0.071585 -3.174606
v 0.262004 0.025804 -3.172508
v 0.312124 0.071585 -3.185938
v 0.279143 0.041290 -3.177101
v 0.319959 0.025804 -3.188038
v 0.262004 0.041290 -3.172508
v 0.279143 0.071585 -3.177101
v 0.269839 0.085804 -3.174606
v 0.302819 0.041290 -3.183444
v 0.312124 0.085804 -3.185938
v 0.302819 0.071585 -3.183444
v 0.269837 0.085804 -3.174606
v 0.269837 0.071585 -3.174606
v 0.279143 0.071585 -3.177101
v 0.312123 0.071585 -3.185938
v 0.312123 0.085804 -3.185938
v 0.262004 0.025804 -3.172507
v 0.319959 0.025804 -3.188038
v 0.319959 0.041290 -3.188038
v 0.302819 0.041290 -3.183444
v 0.279143 0.041290 -3.177101
v 0.262004 0.041290 -3.172507
v -0.326307 0.071585 -3.014870
v -0.326307 0.085804 -3.014870
v -0.359289 0.071585 -3.006033
v -0.335615 0.071585 -3.012377
v -0.368594 0.085804 -3.003539
v -0.368594 0.071585 -3.003539
v -0.376429 0.041290 -3.001440
v -0.376429 0.025804 -3.001440
v -0.335615 0.041290 -3.012377
v -0.359289 0.041290 -3.006033
v -0.318474 0.025804 -3.016970
v -0.318474 0.041290 -3.016970
v -0.334763 -0.025278 -3.126485
v -0.334763 0.054722 -3.126485
v -0.363741 0.054722 -3.118721
v -0.363741 -0.025278 -3.118722
v -0.342528 -0.025278 -3.155462
v -0.342528 0.054722 -3.155462
v -0.371506 -0.025278 -3.147697
v -0.371506 0.054722 -3.147697
v 0.250331 0.054722 -3.283259
v 0.221353 0.054722 -3.275496
v 0.221353 -0.025278 -3.275496
v 0.250331 -0.025278 -3.283259
v 0.213588 0.054722 -3.304473
v 0.213588 -0.025278 -3.304473
v 0.242565 0.054722 -3.312238
v 0.242565 -0.025278 -3.312238
v 0.411515 -0.029999 -3.269508
v 0.411515 0.030001 -3.269508
v -0.496455 0.030001 -3.026219
v -0.496455 -0.029999 -3.026219
v 0.375280 -0.029999 -3.404739
v 0.375280 0.030001 -3.404739
v -0.532690 -0.029999 -3.161449
v -0.532690 0.030001 -3.161449
v -0.389876 0.085804 -3.244871
v -0.399142 0.071585 -3.242230
v -0.422715 0.041290 -3.235516
v -0.382076 0.041290 -3.247093
v -0.439782 0.025804 -3.230655
v -0.431981 0.071585 -3.232877
v -0.439782 0.041290 -3.230655
v -0.389876 0.071585 -3.244871
v -0.422715 0.071585 -3.235516
v -0.431981 0.085804 -3.232877
v -0.399142 0.041290 -3.242230
v -0.382076 0.025804 -3.247093
v 0.253591 0.041290 -3.428169
v 0.236525 0.071585 -3.423305
v 0.203688 0.071585 -3.413951
v 0.195887 0.025804 -3.411729
v 0.245790 0.071585 -3.425945
v 0.212951 0.041290 -3.416591
v 0.253591 0.025804 -3.428169
v 0.195887 0.041290 -3.411729
v 0.212951 0.071585 -3.416591
v 0.203688 0.085804 -3.413951
v 0.236525 0.041290 -3.423305
v 0.245790 0.085804 -3.425945
v 0.236524 0.071585 -3.423305
v 0.203687 0.085804 -3.413951
v 0.203687 0.071585 -3.413951
v 0.212951 0.071585 -3.416590
v 0.245790 0.071585 -3.425945
v 0.245790 0.085804 -3.425945
v 0.195885 0.025804 -3.411729
v 0.253591 0.025804 -3.428168
v 0.253591 0.041290 -3.428168
v 0.236524 0.041290 -3.423305
v 0.212951 0.041290 -3.416590
v 0.195885 0.041290 -3.411729
v -0.389878 0.071585 -3.244871
v -0.389878 0.085804 -3.244871
v -0.422715 0.071585 -3.235516
v -0.399144 0.071585 -3.242230
v -0.431981 0.085804 -3.232878
v -0.431981 0.071585 -3.232878
v -0.439782 0.041290 -3.230656
v -0.439782 0.025804 -3.230656
v -0.399144 0.041290 -3.242230
v -0.422715 0.041290 -3.235516
v -0.382077 0.025804 -3.247092
v -0.382077 0.041290 -3.247092
v -0.400084 -0.025278 -3.356338
v -0.400084 0.054722 -3.356338
v -0.428937 0.054722 -3.348120
v -0.428937 -0.025278 -3.348120
v -0.408305 -0.025278 -3.385190
v -0.408305 0.054722 -3.385190
v -0.437156 -0.025278 -3.376971
v -0.437156 0.054722 -3.376971
v 0.182475 0.054722 -3.522285
v 0.153622 0.054722 -3.514066
v 0.153622 -0.025278 -3.514066
v 0.182475 -0.025278 -3.522285
v 0.145404 0.054722 -3.542919
v 0.145404 -0.025278 -3.542919
v 0.174256 0.054722 -3.551135
v 0.174256 -0.025278 -3.551135
v 0.343854 -0.029999 -3.511067
v 0.343854 0.030001 -3.511067
v -0.560182 0.030001 -3.253546
v -0.560182 -0.029999 -3.253546
v 0.305500 -0.029999 -3.645711
v 0.305500 0.030001 -3.645711
v -0.598536 -0.029999 -3.388188
v -0.598536 0.030001 -3.388188
v -0.457051 0.085804 -3.473845
v -0.466275 0.071585 -3.471060
v -0.489739 0.041290 -3.463974
v -0.449287 0.041290 -3.476189
v -0.506727 0.025804 -3.458846
v -0.498962 0.071585 -3.461190
v -0.506727 0.041290 -3.458846
v -0.457051 0.071585 -3.473845
v -0.489739 0.071585 -3.463974
v -0.498962 0.085804 -3.461190
v -0.466275 0.041290 -3.471060
v -0.449287 0.025804 -3.476189
v 0.183458 0.041290 -3.667226
v 0.166470 0.071585 -3.662096
v 0.133784 0.071585 -3.652226
v 0.126019 0.025804 -3.649882
v 0.175693 0.071585 -3.664882
v 0.143007 0.041290 -3.655012
v 0.183458 0.025804 -3.667226
v 0.126019 0.041290 -3.649882
v 0.143007 0.071585 -3.655012
v 0.133784 0.085804 -3.652226
v 0.166470 0.041290 -3.662096
v 0.175693 0.085804 -3.664882
v 0.166470 0.071585 -3.662096
v 0.133782 0.085804 -3.652226
v 0.133782 0.071585 -3.652226
v 0.143006 0.071585 -3.655011
v 0.175693 0.071585 -3.664882
v 0.175693 0.085804 -3.664882
v 0.126019 0.025804 -3.649882
v 0.183456 0.025804 -3.667225
v 0.183456 0.041290 -3.667225
v 0.166470 0.041290 -3.662096
v 0.143006 0.041290 -3.655011
v 0.126019 0.041290 -3.649882
v -0.457051 0.071585 -3.473845
v -0.457051 0.085804 -3.473845
v -0.489739 0.071585 -3.463974
v -0.466275 0.071585 -3.471060
v -0.498962 0.085804 -3.461191
v -0.498962 0.071585 -3.461191
v -0.506725 0.041290 -3.458847
v -0.506725 0.025804 -3.458847
v -0.466275 0.041290 -3.471060
v -0.489739 0.041290 -3.463974
v -0.449288 0.025804 -3.476189
v -0.449288 0.041290 -3.476189
v -0.469008 -0.025278 -3.585137
v -0.469008 0.054722 -3.585137
v -0.497729 0.054722 -3.576468
v -0.497729 -0.025278 -3.576468
v -0.477680 -0.025278 -3.613857
v -0.477680 0.054722 -3.613857
v -0.506400 -0.025278 -3.605186
v -0.506400 0.054722 -3.605186
v 0.110872 0.054722 -3.760215
v 0.082153 0.054722 -3.751544
v 0.082153 -0.025278 -3.751544
v 0.110872 -0.025278 -3.760215
v 0.073483 0.054722 -3.780264
v 0.073483 -0.025278 -3.780264
v 0.102202 0.054722 -3.788933
v 0.102202 -0.025278 -3.788933
v 0.272409 -0.029999 -3.751532
v 0.272409 0.030001 -3.751532
v -0.627471 0.030001 -3.479842
v -0.627471 -0.029999 -3.479842
v 0.231944 -0.029999 -3.885557
v 0.231944 0.030001 -3.885557
v -0.667936 -0.029999 -3.613867
v -0.667936 0.030001 -3.613867
v -0.527813 0.085804 -3.701735
v -0.536992 0.071585 -3.698804
v -0.560342 0.041290 -3.691351
v -0.520087 0.041290 -3.704201
v -0.577248 0.025804 -3.685957
v -0.569519 0.071585 -3.688423
v -0.577248 0.041290 -3.685957
v -0.527813 0.071585 -3.701735
v -0.560342 0.071585 -3.691351
v -0.569519 0.085804 -3.688423
v -0.536992 0.041290 -3.698804
v -0.520087 0.025804 -3.704201
v 0.109579 0.041290 -3.905152
v 0.092674 0.071585 -3.899756
v 0.060147 0.071585 -3.889376
v 0.052420 0.025804 -3.886909
v 0.101851 0.071585 -3.902686
v 0.069325 0.041290 -3.892305
v 0.109579 0.025804 -3.905152
v 0.052420 0.041290 -3.886909
v 0.069325 0.071585 -3.892305
v 0.060147 0.085804 -3.889376
v 0.092674 0.041290 -3.899756
v 0.101851 0.085804 -3.902686
v 0.092674 0.071585 -3.899756
v 0.060145 0.085804 -3.889375
v 0.060145 0.071585 -3.889375
v 0.069324 0.071585 -3.892304
v 0.101851 0.071585 -3.902686
v 0.101851 0.085804 -3.902686
v 0.052418 0.025804 -3.886909
v 0.109579 0.025804 -3.905152
v 0.109579 0.041290 -3.905152
v 0.092674 0.041290 -3.899756
v 0.069324 0.041290 -3.892304
v 0.052418 0.041290 -3.886909
v -0.527815 0.071585 -3.701735
v -0.527815 0.085804 -3.701735
v -0.560342 0.071585 -3.691351
v -0.536992 0.071585 -3.698804
v -0.569519 0.085804 -3.688424
v -0.569519 0.071585 -3.688424
v -0.577246 0.041290 -3.685958
v -0.577246 0.025804 -3.685958
v -0.536992 0.041290 -3.698804
v -0.560342 0.041290 -3.691351
v -0.520088 0.025804 -3.704200
v -0.520088 0.041290 -3.704200
v -0.541518 -0.025278 -3.812826
v -0.541518 0.054722 -3.812826
v -0.570098 0.054722 -3.803706
v -0.570098 -0.025278 -3.803706
v -0.550639 -0.025278 -3.841405
v -0.550639 0.054722 -3.841405
v -0.579219 -0.025278 -3.832285
v -0.579219 0.054722 -3.832285
v 0.035542 0.054722 -3.996990
v 0.006962 0.054722 -3.987870
v 0.006962 -0.025278 -3.987870
v 0.035542 -0.025278 -3.996990
v -0.002160 0.054722 -4.016450
v -0.002160 -0.025278 -4.016450
v 0.026420 0.054722 -4.025568
v 0.026420 -0.025278 -4.025568
v 0.197194 -0.029999 -3.990846
v 0.197194 0.030001 -3.990846
v -0.698308 0.030001 -3.705056
v -0.698308 -0.029999 -3.705056
v 0.154631 -0.029999 -4.124219
v 0.154631 0.030001 -4.124219
v -0.740872 -0.029999 -3.838428
v -0.740872 0.030001 -3.838428
v -0.602148 0.085804 -3.928485
v -0.611278 0.071585 -3.925412
v -0.634508 0.041290 -3.917592
v -0.594460 0.041290 -3.931073
v -0.651327 0.025804 -3.911933
v -0.643639 0.071585 -3.914521
v -0.651327 0.041290 -3.911933
v -0.602148 0.071585 -3.928485
v -0.634508 0.071585 -3.917592
v -0.643639 0.085804 -3.914521
v -0.611278 0.041290 -3.925412
v -0.594460 0.025804 -3.931073
v 0.031972 0.041290 -4.141890
v 0.015154 0.071585 -4.136228
v -0.017208 0.071585 -4.125339
v -0.024894 0.025804 -4.122752
v 0.024285 0.071585 -4.139301
v -0.008076 0.041290 -4.128412
v 0.031972 0.025804 -4.141890
v -0.024894 0.041290 -4.122752
v -0.008076 0.071585 -4.128412
v -0.017208 0.085804 -4.125339
v 0.015154 0.041290 -4.136228
v 0.024285 0.085804 -4.139301
v 0.015154 0.071585 -4.136228
v -0.017208 0.085804 -4.125338
v -0.017208 0.071585 -4.125338
v -0.008077 0.071585 -4.128411
v 0.024283 0.071585 -4.139301
v 0.024283 0.085804 -4.139301
v -0.024895 0.025804 -4.122752
v 0.031972 0.025804 -4.141889
v 0.031972 0.041290 -4.141889
v 0.015154 0.041290 -4.136228
v -0.008077 0.041290 -4.128411
v -0.024895 0.041290 -4.122752
v -0.602148 0.071585 -3.928485
v -0.602148 0.085804 -3.928485
v -0.634508 0.071585 -3.917592
v -0.611279 0.071585 -3.925412
v -0.643639 0.085804 -3.914522
v -0.643639 0.071585 -3.914522
v -0.651327 0.041290 -3.911934
v -0.651327 0.025804 -3.911934
v -0.611279 0.041290 -3.925412
v -0.634508 0.041290 -3.917592
v -0.594461 0.025804 -3.931072
v -0.594461 0.041290 -3.931072
v -0.617594 -0.025278 -4.039347
v -0.617594 0.054722 -4.039347
v -0.646027 0.054722 -4.029780
v -0.646027 -0.025278 -4.029780
v -0.627163 -0.025278 -4.067780
v -0.627163 0.054722 -4.067780
v -0.655595 -0.025278 -4.058212
v -0.655595 0.054722 -4.058212
v -0.043499 0.054722 -4.232553
v -0.071932 0.054722 -4.222985
v -0.071932 -0.025278 -4.222985
v -0.043499 -0.025278 -4.232553
v -0.081500 0.054722 -4.251417
v -0.081500 -0.025278 -4.251417
v -0.053068 0.054722 -4.260985
v -0.053068 -0.025278 -4.260985
v 0.118232 -0.029999 -4.228949
v 0.118232 0.030001 -4.228949
v -0.772671 0.030001 -3.929127
v -0.772671 -0.029999 -3.929127
v 0.073576 -0.029999 -4.361636
v 0.073576 0.030001 -4.361636
v -0.817326 -0.029999 -4.061814
v -0.817326 0.030001 -4.061814
v -0.680033 0.085804 -4.154040
v -0.689115 0.071585 -4.150823
v -0.712219 0.041290 -4.142640
v -0.672386 0.041290 -4.156749
v -0.728946 0.025804 -4.136717
v -0.721301 0.071585 -4.139425
v -0.728946 0.041290 -4.136717
v -0.680033 0.071585 -4.154040
v -0.712219 0.071585 -4.142640
v -0.721301 0.085804 -4.139425
v -0.689115 0.041290 -4.150823
v -0.672386 0.025804 -4.156749
v -0.049343 0.041290 -4.377379
v -0.066072 0.071585 -4.371453
v -0.098256 0.071585 -4.360058
v -0.105903 0.025804 -4.357350
v -0.056990 0.071585 -4.374670
v -0.089176 0.041290 -4.363273
v -0.049343 0.025804 -4.377379
v -0.105903 0.041290 -4.357350
v -0.089176 0.071585 -4.363273
v -0.098256 0.085804 -4.360058
v -0.066072 0.041290 -4.371453
v -0.056990 0.085804 -4.374670
v -0.066072 0.071585 -4.371453
v -0.098258 0.085804 -4.360057
v -0.098258 0.071585 -4.360057
v -0.089176 0.071585 -4.363272
v -0.056990 0.071585 -4.374670
v -0.056990 0.085804 -4.374670
v -0.105903 0.025804 -4.357350
v -0.049346 0.025804 -4.377378
v -0.049346 0.041290 -4.377378
v -0.066072 0.041290 -4.371453
v -0.089176 0.041290 -4.363272
v -0.105903 0.041290 -4.357350
v -0.680033 0.071585 -4.154040
v -0.680033 0.085804 -4.154040
v -0.712219 0.071585 -4.142640
v -0.689115 0.071585 -4.150823
v -0.721301 0.085804 -4.139426
v -0.721301 0.071585 -4.139426
v -0.728946 0.041290 -4.136718
v -0.728946 0.025804 -4.136718
v -0.689115 0.041290 -4.150823
v -0.712219 0.041290 -4.142640
v -0.672386 0.025804 -4.156748
v -0.672386 0.041290 -4.156748
v -0.697220 -0.025278 -4.264645
v -0.697220 0.054722 -4.264645
v -0.725499 0.054722 -4.254633
v -0.725499 -0.025278 -4.254633
v -0.707234 -0.025278 -4.292925
v -0.707234 0.054722 -4.292925
v -0.735514 -0.025278 -4.282911
v -0.735514 0.054722 -4.282911
v -0.126229 0.054722 -4.466845
v -0.154508 0.054722 -4.456832
v -0.154508 -0.025278 -4.456832
v -0.126229 -0.025278 -4.466845
v -0.164523 0.054722 -4.485111
v -0.164523 -0.025278 -4.485111
v -0.136243 0.054722 -4.495123
v -0.136243 -0.025278 -4.495123
v 0.035537 -0.029999 -4.465782
v 0.035537 0.030001 -4.465782
v -0.850547 0.030001 -4.152003
v -0.850547 -0.029999 -4.152003
v -0.011196 -0.029999 -4.597751
v -0.011196 0.030001 -4.597751
v -0.897279 -0.029999 -4.283973
v -0.897279 0.030001 -4.283973
v -0.761451 0.085804 -4.378344
v -0.770482 0.071585 -4.374985
v -0.793454 0.041290 -4.366440
v -0.753849 0.041290 -4.381172
v -0.810088 0.025804 -4.360255
v -0.802485 0.071585 -4.363083
v -0.810088 0.041290 -4.360255
v -0.761451 0.071585 -4.378344
v -0.793454 0.071585 -4.366440
v -0.802485 0.085804 -4.363083
v -0.770482 0.041290 -4.374985
v -0.753849 0.025804 -4.381172
v -0.134350 0.041290 -4.611561
v -0.150980 0.071585 -4.605374
v -0.182983 0.071585 -4.593473
v -0.190586 0.025804 -4.590646
v -0.141951 0.071585 -4.608733
v -0.173954 0.041290 -4.596832
v -0.134350 0.025804 -4.611561
v -0.190586 0.041290 -4.590646
v -0.173954 0.071585 -4.596832
v -0.182983 0.085804 -4.593473
v -0.150980 0.041290 -4.605374
v -0.141951 0.085804 -4.608733
v -0.150982 0.071585 -4.605374
v -0.182985 0.085804 -4.593472
v -0.182985 0.071585 -4.593472
v -0.173955 0.071585 -4.596831
v -0.141952 0.071585 -4.608733
v -0.141952 0.085804 -4.608733
v -0.190586 0.025804 -4.590646
v -0.134350 0.025804 -4.611561
v -0.134350 0.041290 -4.611561
v -0.150982 0.041290 -4.605374
v -0.173955 0.041290 -4.596831
v -0.190586 0.041290 -4.590646
v -0.761451 0.071585 -4.378344
v -0.761451 0.085804 -4.378344
v -0.793454 0.071585 -4.366440
v -0.770482 0.071585 -4.374985
v -0.802485 0.085804 -4.363084
v -0.802485 0.071585 -4.363084
v -0.810087 0.041290 -4.360256
v -0.810087 0.025804 -4.360256
v -0.770482 0.041290 -4.374985
v -0.793454 0.041290 -4.366440
v -0.753850 0.025804 -4.381172
v -0.753850 0.041290 -4.381172
v -0.780374 -0.025278 -4.488665
v -0.780374 0.054722 -4.488665
v -0.808492 0.054722 -4.478210
v -0.808492 -0.025278 -4.478210
v -0.790830 -0.025278 -4.516785
v -0.790830 0.054722 -4.516785
v -0.818949 -0.025278 -4.506327
v -0.818949 0.054722 -4.506327
v -0.212630 0.054722 -4.699810
v -0.240749 0.054722 -4.689353
v -0.240749 -0.025278 -4.689353
v -0.212630 -0.025278 -4.699810
v -0.251205 0.054722 -4.717471
v -0.251205 -0.025278 -4.717471
v -0.223088 0.054722 -4.727927
v -0.223088 -0.025278 -4.727927
v -0.050868 -0.029999 -4.701287
v -0.050868 0.030001 -4.701287
v -0.931912 0.030001 -4.373628
v -0.931912 -0.029999 -4.373628
v -0.099667 -0.029999 -4.832506
v -0.099667 0.030001 -4.832506
v -0.980711 -0.029999 -4.504848
v -0.980711 0.030001 -4.504848
v -0.846383 0.085804 -4.601341
v -0.855360 0.071585 -4.597840
v -0.878196 0.041290 -4.588937
v -0.838827 0.041290 -4.604289
v -0.894729 0.025804 -4.582490
v -0.887173 0.071585 -4.585438
v -0.894729 0.041290 -4.582490
v -0.846383 0.071585 -4.601341
v -0.878196 0.071585 -4.588937
v -0.887173 0.085804 -4.585438
v -0.855360 0.041290 -4.597840
v -0.838827 0.025804 -4.604289
v -0.223021 0.041290 -4.844380
v -0.239555 0.071585 -4.837932
v -0.271366 0.071585 -4.825531
v -0.278924 0.025804 -4.822584
v -0.230579 0.071585 -4.841432
v -0.262390 0.041290 -4.829030
v -0.223021 0.025804 -4.844380
v -0.278924 0.041290 -4.822584
v -0.262390 0.071585 -4.829030
v -0.271366 0.085804 -4.825531
v -0.239555 0.041290 -4.837932
v -0.230579 0.085804 -4.841432
v -0.239556 0.071585 -4.837932
v -0.271367 0.085804 -4.825530
v -0.271367 0.071585 -4.825530
v -0.262392 0.071585 -4.829029
v -0.230579 0.071585 -4.841432
v -0.230579 0.085804 -4.841432
v -0.278924 0.025804 -4.822584
v -0.223023 0.025804 -4.844379
v -0.223023 0.041290 -4.844379
v -0.239556 0.041290 -4.837932
v -0.262392 0.041290 -4.829029
v -0.278924 0.041290 -4.822584
v -0.846385 0.071585 -4.601341
v -0.846385 0.085804 -4.601341
v -0.878196 0.071585 -4.588937
v -0.855360 0.071585 -4.597840
v -0.887172 0.085804 -4.585439
v -0.887172 0.071585 -4.585439
v -0.894729 0.041290 -4.582491
v -0.894729 0.025804 -4.582491
v -0.855360 0.041290 -4.597840
v -0.878196 0.041290 -4.588937
v -0.838827 0.025804 -4.604288
v -0.838827 0.041290 -4.604288
v -0.867036 -0.025278 -4.711352
v -0.867036 0.054722 -4.711352
v -0.894987 0.054722 -4.700456
v -0.894987 -0.025278 -4.700456
v -0.877934 -0.025278 -4.739303
v -0.877934 0.054722 -4.739303
v -0.905884 -0.025278 -4.728406
v -0.905884 0.054722 -4.728406
v -0.302679 0.054722 -4.931389
v -0.330631 0.054722 -4.920490
v -0.330631 -0.025278 -4.920490
v -0.302679 -0.025278 -4.931389
v -0.341527 0.054722 -4.948440
v -0.341527 -0.025278 -4.948440
v -0.313577 0.054722 -4.959337
v -0.313577 -0.025278 -4.959337
v -0.140960 -0.029999 -4.935405
v -0.140960 0.030001 -4.935405
v -1.016748 0.030001 -4.593949
v -1.016748 -0.029999 -4.593949
v -0.191814 -0.029999 -5.065842
v -0.191814 0.030001 -5.065842
v -1.067604 -0.029999 -4.724386
v -1.067604 0.030001 -4.724386
v -0.934808 0.085804 -4.822976
v -0.943728 0.071585 -4.819336
v -0.966422 0.041290 -4.810073
v -0.927298 0.041290 -4.826044
v -0.982851 0.025804 -4.803368
v -0.975342 0.071585 -4.806434
v -0.982851 0.041290 -4.803368
v -0.934808 0.071585 -4.822976
v -0.966422 0.071585 -4.810073
v -0.975342 0.085804 -4.806434
v -0.943728 0.041290 -4.819336
v -0.927298 0.025804 -4.826044
v -0.315340 0.041290 -5.075777
v -0.331770 0.071585 -5.069070
v -0.363382 0.071585 -5.056171
v -0.370893 0.025804 -5.053104
v -0.322851 0.071585 -5.072711
v -0.354464 0.041290 -5.059811
v -0.315340 0.025804 -5.075777
v -0.370893 0.041290 -5.053104
v -0.354464 0.071585 -5.059811
v -0.363382 0.085804 -5.056171
v -0.331770 0.041290 -5.069070
v -0.322851 0.085804 -5.072711
v -0.331770 0.071585 -5.069070
v -0.363384 0.085804 -5.056170
v -0.363384 0.071585 -5.056170
v -0.354464 0.071585 -5.059810
v -0.322851 0.071585 -5.072711
v -0.322851 0.085804 -5.072711
v -0.370893 0.025804 -5.053104
v -0.315341 0.025804 -5.075776
v -0.315341 0.041290 -5.075776
v -0.331770 0.041290 -5.069070
v -0.354464 0.041290 -5.059810
v -0.370893 0.041290 -5.053104
v -0.934808 0.071585 -4.822976
v -0.934808 0.085804 -4.822976
v -0.966422 0.071585 -4.810073
v -0.943728 0.071585 -4.819336
v -0.975342 0.085804 -4.806435
v -0.975342 0.071585 -4.806435
v -0.982851 0.041290 -4.803369
v -0.982851 0.025804 -4.803369
v -0.943728 0.041290 -4.819336
v -0.966422 0.041290 -4.810073
v -0.927299 0.025804 -4.826043
v -0.927299 0.041290 -4.826043
v -0.957186 -0.025278 -4.932652
v -0.957186 0.054722 -4.932652
v -0.984962 0.054722 -4.921316
v -0.984962 -0.025278 -4.921316
v -0.968521 -0.025278 -4.960426
v -0.968521 0.054722 -4.960426
v -0.996298 -0.025278 -4.949091
v -0.996298 0.054722 -4.949091
v -0.396356 0.054722 -5.161523
v -0.424130 0.054722 -5.150187
v -0.424130 -0.025278 -5.150187
v -0.396356 -0.025278 -5.161523
v -0.435466 0.054722 -5.177963
v -0.435466 -0.025278 -5.177963
v -0.407690 0.054722 -5.189297
v -0.407690 -0.025278 -5.189297
v -0.234718 -0.029999 -5.168080
v -0.234718 0.030001 -5.168080
v -1.105035 0.030001 -4.812910
v -1.105035 -0.029999 -4.812910
v -0.287616 -0.029999 -5.297702
v -0.287616 0.030001 -5.297702
v -1.157932 -0.029999 -4.942531
v -1.157932 0.030001 -4.942531
v -1.026702 0.085804 -5.043197
v -1.035564 0.071585 -5.039416
v -1.058108 0.041290 -5.029797
v -1.019241 0.041290 -5.046380
v -1.074431 0.025804 -5.022836
v -1.066971 0.071585 -5.026020
v -1.074431 0.041290 -5.022836
v -1.026702 0.071585 -5.043197
v -1.058108 0.071585 -5.029797
v -1.066971 0.085804 -5.026020
v -1.035564 0.041290 -5.039416
v -1.019241 0.025804 -5.046380
v -0.411282 0.041290 -5.305695
v -0.427604 0.071585 -5.298732
v -0.459010 0.071585 -5.285337
v -0.466472 0.025804 -5.282154
v -0.418743 0.071585 -5.302512
v -0.450149 0.041290 -5.289116
v -0.411282 0.025804 -5.305695
v -0.466472 0.041290 -5.282154
v -0.450149 0.071585 -5.289116
v -0.459010 0.085804 -5.285337
v -0.427604 0.041290 -5.298732
v -0.418743 0.085804 -5.302512
v -0.427606 0.071585 -5.298732
v -0.459012 0.085804 -5.285336
v -0.459012 0.071585 -5.285336
v -0.450149 0.071585 -5.289115
v -0.418743 0.071585 -5.302512
v -0.418743 0.085804 -5.302512
v -0.466473 0.025804 -5.282154
v -0.411282 0.025804 -5.305694
v -0.411282 0.041290 -5.305694
v -0.427606 0.041290 -5.298732
v -0.450149 0.041290 -5.289115
v -0.466473 0.041290 -5.282154
v -1.026703 0.071585 -5.043197
v -1.026703 0.085804 -5.043197
v -1.058108 0.071585 -5.029797
v -1.035564 0.071585 -5.039416
v -1.066971 0.085804 -5.026021
v -1.066971 0.071585 -5.026021
v -1.074431 0.041290 -5.022837
v -1.074431 0.025804 -5.022837
v -1.035564 0.041290 -5.039416
v -1.058108 0.041290 -5.029797
v -1.019242 0.025804 -5.046379
v -1.019242 0.041290 -5.046379
v -1.050800 -0.025278 -5.152506
v -1.050800 0.054722 -5.152506
v -1.078395 0.054722 -5.140736
v -1.078395 -0.025278 -5.140736
v -1.062569 -0.025278 -5.180100
v -1.062569 0.054722 -5.180100
v -1.090164 -0.025278 -5.168329
v -1.090164 0.054722 -5.168329
v -0.493634 0.054722 -5.390158
v -0.521229 0.054722 -5.378388
v -0.521229 -0.025278 -5.378388
v -0.493634 -0.025278 -5.390158
v -0.532999 0.054722 -5.405982
v -0.532999 -0.025278 -5.405982
v -0.505402 0.054722 -5.417751
v -0.505402 -0.025278 -5.417751
v -0.332120 -0.029999 -5.399253
v -0.332120 0.030001 -5.399253
v -1.196751 0.030001 -5.030457
v -1.196751 -0.029999 -5.030457
v -0.387047 -0.029999 -5.528029
v -0.387047 0.030001 -5.528029
v -1.251678 -0.029999 -5.159232
v -1.251678 0.030001 -5.159232
v -1.122044 0.085804 -5.261944
v -1.130845 0.071585 -5.258025
v -1.153237 0.041290 -5.248056
v -1.114634 0.041290 -5.265245
v -1.169448 0.025804 -5.240836
v -1.162038 0.071585 -5.244137
v -1.169448 0.041290 -5.240836
v -1.122044 0.071585 -5.261944
v -1.153237 0.071585 -5.248056
v -1.162038 0.085804 -5.244137
v -1.130845 0.041290 -5.258025
v -1.114634 0.025804 -5.265245
v -0.510824 0.041290 -5.534078
v -0.527034 0.071585 -5.526859
v -0.558226 0.071585 -5.512973
v -0.565637 0.025804 -5.509672
v -0.518234 0.071585 -5.530778
v -0.549426 0.041290 -5.516890
v -0.510824 0.025804 -5.534078
v -0.565637 0.041290 -5.509672
v -0.549426 0.071585 -5.516890
v -0.558226 0.085804 -5.512973
v -0.527034 0.041290 -5.526859
v -0.518234 0.085804 -5.530778
v -0.527035 0.071585 -5.526859
v -0.558226 0.085804 -5.512972
v -0.558226 0.071585 -5.512972
v -0.549427 0.071585 -5.516889
v -0.518235 0.071585 -5.530778
v -0.518235 0.085804 -5.530778
v -0.565637 0.025804 -5.509672
v -0.510824 0.025804 -5.534077
v -0.510824 0.041290 -5.534077
v -0.527035 0.041290 -5.526859
v -0.549427 0.041290 -5.516889
v -0.565637 0.041290 -5.509672
v -1.122046 0.071585 -5.261944
v -1.122046 0.085804 -5.261944
v -1.153237 0.071585 -5.248056
v -1.130846 0.071585 -5.258025
v -1.162038 0.085804 -5.244139
v -1.162038 0.071585 -5.244139
v -1.169448 0.041290 -5.240837
v -1.169448 0.025804 -5.240837
v -1.130846 0.041290 -5.258025
v -1.153237 0.041290 -5.248056
v -1.114635 0.025804 -5.265244
v -1.114635 0.041290 -5.265244
v -1.147856 -0.025278 -5.370863
v -1.147856 0.054722 -5.370863
v -1.175263 0.054722 -5.358661
v -1.175263 -0.025278 -5.358661
v -1.160058 -0.025278 -5.398268
v -1.160058 0.054722 -5.398268
v -1.187465 -0.025278 -5.386066
v -1.187465 0.054722 -5.386066
v -0.594491 0.054722 -5.617238
v -0.621897 0.054722 -5.605035
v -0.621897 -0.025278 -5.605035
v -0.594491 -0.025278 -5.617238
v -0.634100 0.054722 -5.632441
v -0.634100 -0.025278 -5.632441
v -0.606693 0.054722 -5.644641
v -0.606693 -0.025278 -5.644641
v -0.433141 -0.029999 -5.628868
v -0.433141 0.030001 -5.628868
v -1.291873 0.030001 -5.246536
v -1.291873 -0.029999 -5.246536
v -0.490084 -0.029999 -5.756765
v -0.490084 0.030001 -5.756765
v -1.348815 -0.029999 -5.374433
v -1.348815 0.030001 -5.374433
v -1.220811 0.085804 -5.479168
v -1.229549 0.071585 -5.475111
v -1.251781 0.041290 -5.464791
v -1.213454 0.041290 -5.482586
v -1.267877 0.025804 -5.457320
v -1.260520 0.071585 -5.460736
v -1.267877 0.041290 -5.457320
v -1.220811 0.071585 -5.479168
v -1.251781 0.071585 -5.464791
v -1.260520 0.085804 -5.460736
v -1.229549 0.041290 -5.475111
v -1.213454 0.025804 -5.482586
v -0.613940 0.041290 -5.760869
v -0.630035 0.071585 -5.753397
v -0.661006 0.071585 -5.739023
v -0.668362 0.025804 -5.735606
v -0.621297 0.071585 -5.757453
v -0.652268 0.041290 -5.743078
v -0.613940 0.025804 -5.760869
v -0.668362 0.041290 -5.735606
v -0.652268 0.071585 -5.743078
v -0.661006 0.085804 -5.739023
v -0.630035 0.041290 -5.753397
v -0.621297 0.085804 -5.757453
v -0.630037 0.071585 -5.753397
v -0.661006 0.085804 -5.739022
v -0.661006 0.071585 -5.739022
v -0.652268 0.071585 -5.743077
v -0.621298 0.071585 -5.757453
v -0.621298 0.085804 -5.757453
v -0.668362 0.025804 -5.735606
v -0.613941 0.025804 -5.760868
v -0.613941 0.041290 -5.760868
v -0.630037 0.041290 -5.753397
v -0.652268 0.041290 -5.743077
v -0.668362 0.041290 -5.735606
v -1.220812 0.071585 -5.479168
v -1.220812 0.085804 -5.479168
v -1.251781 0.071585 -5.464791
v -1.229550 0.071585 -5.475111
v -1.260520 0.085804 -5.460737
v -1.260520 0.071585 -5.460737
v -1.267877 0.041290 -5.457321
v -1.267877 0.025804 -5.457321
v -1.229550 0.041290 -5.475111
v -1.251781 0.041290 -5.464791
v -1.213455 0.025804 -5.482585
v -1.213455 0.041290 -5.482585
v -1.248330 -0.025278 -5.587668
v -1.248330 0.054722 -5.587668
v -1.275541 0.054722 -5.575037
v -1.275541 -0.025278 -5.575037
v -1.260962 -0.025278 -5.614878
v -1.260962 0.054722 -5.614878
v -1.288173 -0.025278 -5.602247
v -1.288173 0.054722 -5.602247
v -0.698904 0.054722 -5.842706
v -0.726116 0.054722 -5.830073
v -0.726116 -0.025278 -5.830073
v -0.698904 -0.025278 -5.842706
v -0.738746 0.054722 -5.857283
v -0.738746 -0.025278 -5.857283
v -0.711534 0.054722 -5.869913
v -0.711534 -0.025278 -5.869913
v -0.537756 -0.029999 -5.856869
v -0.537756 0.030001 -5.856869
v -1.390376 0.030001 -5.461095
v -1.390376 -0.029999 -5.461095
v -0.596701 -0.029999 -5.983854
v -0.596701 0.030001 -5.983854
v -1.449320 -0.029999 -5.588082
v -1.449320 0.030001 -5.588082
v -1.322977 0.085804 -5.694814
v -1.331651 0.071585 -5.690619
v -1.353718 0.041290 -5.679952
v -1.315675 0.041290 -5.698347
v -1.369695 0.025804 -5.672229
v -1.362392 0.071585 -5.675760
v -1.369695 0.041290 -5.672229
v -1.322977 0.071585 -5.694814
v -1.353718 0.071585 -5.679952
v -1.362392 0.085804 -5.675760
v -1.331651 0.041290 -5.690619
v -1.315675 0.025804 -5.698347
v -0.720607 0.041290 -5.986013
v -0.736583 0.071585 -5.978288
v -0.767323 0.071585 -5.963430
v -0.774625 0.025804 -5.959897
v -0.727909 0.071585 -5.982482
v -0.758649 0.041290 -5.967623
v -0.720607 0.025804 -5.986013
v -0.774625 0.041290 -5.959897
v -0.758649 0.071585 -5.967623
v -0.767323 0.085804 -5.963430
v -0.736583 0.041290 -5.978288
v -0.727909 0.085804 -5.982482
v -0.736583 0.071585 -5.978288
v -0.767324 0.085804 -5.963429
v -0.767324 0.071585 -5.963429
v -0.758649 0.071585 -5.967622
v -0.727909 0.071585 -5.982482
v -0.727909 0.085804 -5.982482
v -0.774625 0.025804 -5.959897
v -0.720607 0.025804 -5.986012
v -0.720607 0.041290 -5.986012
v -0.736583 0.041290 -5.978288
v -0.758649 0.041290 -5.967622
v -0.774625 0.041290 -5.959897
v -1.322978 0.071585 -5.694814
v -1.322978 0.085804 -5.694814
v -1.353718 0.071585 -5.679952
v -1.331651 0.071585 -5.690619
v -1.362392 0.085804 -5.675761
v -1.362392 0.071585 -5.675761
v -1.369695 0.041290 -5.672230
v -1.369695 0.025804 -5.672230
v -1.331651 0.041290 -5.690619
v -1.353718 0.041290 -5.679952
v -1.315675 0.025804 -5.698346
v -1.315675 0.041290 -5.698346
v -1.352197 -0.025278 -5.802869
v -1.352197 0.054722 -5.802869
v -1.379207 0.054722 -5.789811
v -1.379207 -0.025278 -5.789811
v -1.365254 -0.025278 -5.829876
v -1.365254 0.054722 -5.829876
v -1.392265 -0.025278 -5.816820
v -1.392265 0.054722 -5.816820
v -0.806846 0.054722 -6.066505
v -0.833854 0.054722 -6.053446
v -0.833854 -0.025278 -6.053446
v -0.806846 -0.025278 -6.066505
v -0.846911 0.054722 -6.080455
v -0.846911 -0.025278 -6.080455
v -0.819901 0.054722 -6.093511
v -0.819901 -0.025278 -6.093511
v -0.645938 -0.029999 -6.083198
v -0.645938 0.030001 -6.083198
v -1.492237 0.030001 -5.674079
v -1.492237 -0.029999 -5.674079
v -0.706872 -0.029999 -6.209242
v -0.706872 0.030001 -6.209242
v -1.553170 -0.029999 -5.800124
v -1.553170 0.030001 -5.800124
v -1.428519 0.085804 -5.908829
v -1.437126 0.071585 -5.904499
v -1.459022 0.041290 -5.893485
v -1.421272 0.041290 -5.912476
v -1.474876 0.025804 -5.885513
v -1.467629 0.071585 -5.889158
v -1.474876 0.041290 -5.885513
v -1.428519 0.071585 -5.908829
v -1.459022 0.071585 -5.893485
v -1.467629 0.085804 -5.889158
v -1.437126 0.041290 -5.904499
v -1.421272 0.025804 -5.912476
v -0.830795 0.041290 -6.209453
v -0.846649 0.071585 -6.201479
v -0.877152 0.071585 -6.186138
v -0.884397 0.025804 -6.182493
v -0.838042 0.071585 -6.205807
v -0.868545 0.041290 -6.190467
v -0.830795 0.025804 -6.209453
v -0.884397 0.041290 -6.182493
v -0.868545 0.071585 -6.190467
v -0.877152 0.085804 -6.186138
v -0.846649 0.041290 -6.201479
v -0.838042 0.085804 -6.205807
v -0.846649 0.071585 -6.201479
v -0.877152 0.085804 -6.186138
v -0.877152 0.071585 -6.186138
v -0.868545 0.071585 -6.190466
v -0.838043 0.071585 -6.205807
v -0.838043 0.085804 -6.205807
v -0.884397 0.025804 -6.182493
v -0.830796 0.025804 -6.209452
v -0.830796 0.041290 -6.209452
v -0.846649 0.041290 -6.201479
v -0.868545 0.041290 -6.190466
v -0.884397 0.041290 -6.182493
v -1.428519 0.071585 -5.908829
v -1.428519 0.085804 -5.908829
v -1.459022 0.071585 -5.893485
v -1.437126 0.071585 -5.904499
v -1.467629 0.085804 -5.889159
v -1.467629 0.071585 -5.889159
v -1.474874 0.041290 -5.885514
v -1.474874 0.025804 -5.885514
v -1.437126 0.041290 -5.904499
v -1.459022 0.041290 -5.893485
v -1.421272 0.025804 -5.912475
v -1.421272 0.041290 -5.912475
v -1.459432 -0.025278 -6.016411
v -1.459432 0.054722 -6.016411
v -1.486234 0.054722 -6.002931
v -1.486234 -0.025278 -6.002931
v -1.472912 -0.025278 -6.043211
v -1.472912 0.054722 -6.043211
v -1.499713 -0.025278 -6.029732
v -1.499713 0.054722 -6.029732
v -0.918288 0.054722 -6.288582
v -0.945088 0.054722 -6.275100
v -0.945088 -0.025278 -6.275100
v -0.918288 -0.025278 -6.288582
v -0.958569 0.054722 -6.301898
v -0.958569 -0.025278 -6.301898
v -0.931766 0.054722 -6.315379
v -0.931766 -0.025278 -6.315379
v -0.757664 -0.029999 -6.307800
v -0.757664 0.030001 -6.307800
v -1.597433 0.030001 -5.885438
v -1.597433 -0.029999 -5.885438
v -0.820569 -0.029999 -6.432870
v -0.820569 0.030001 -6.432870
v -1.660337 -0.029999 -6.010510
v -1.660337 0.030001 -6.010510
v -1.537408 0.085804 -6.121160
v -1.545946 0.071585 -6.116695
v -1.567667 0.041290 -6.105339
v -1.530221 0.041290 -6.124922
v -1.583393 0.025804 -6.097119
v -1.576205 0.071585 -6.100877
v -1.583393 0.041290 -6.097119
v -1.537408 0.071585 -6.121160
v -1.567667 0.071585 -6.105339
v -1.576205 0.085804 -6.100877
v -1.545946 0.041290 -6.116695
v -1.530221 0.025804 -6.124922
v -0.944481 0.041290 -6.431136
v -0.960206 0.071585 -6.422913
v -0.990465 0.071585 -6.407096
v -0.997653 0.025804 -6.403335
v -0.951669 0.071585 -6.427377
v -0.981927 0.041290 -6.411559
v -0.944481 0.025804 -6.431136
v -0.997653 0.041290 -6.403335
v -0.981927 0.071585 -6.411559
v -0.990465 0.085804 -6.407096
v -0.960206 0.041290 -6.422913
v -0.951669 0.085804 -6.427377
v -0.960206 0.071585 -6.422913
v -0.990465 0.085804 -6.407095
v -0.990465 0.071585 -6.407095
v -0.981928 0.071585 -6.411558
v -0.951669 0.071585 -6.427377
v -0.951669 0.085804 -6.427377
v -0.997653 0.025804 -6.403335
v -0.944481 0.025804 -6.431135
v -0.944481 0.041290 -6.431135
v -0.960206 0.041290 -6.422913
v -0.981928 0.041290 -6.411558
v -0.997653 0.041290 -6.403335
v -1.537408 0.071585 -6.121160
v -1.537408 0.085804 -6.121160
v -1.567667 0.071585 -6.105339
v -1.545946 0.071585 -6.116695
v -1.576204 0.085804 -6.100878
v -1.576204 0.071585 -6.100878
v -1.583393 0.041290 -6.097120
v -1.583393 0.025804 -6.097120
v -1.545946 0.041290 -6.116695
v -1.567667 0.041290 -6.105339
v -1.530221 0.025804 -6.124921
v -1.530221 0.041290 -6.124921
v -1.570008 -0.025278 -6.228245
v -1.570008 0.054722 -6.228245
v -1.596594 0.054722 -6.214344
v -1.596594 -0.025278 -6.214344
v -1.583906 -0.025278 -6.254828
v -1.583906 0.054722 -6.254828
v -1.610492 -0.025278 -6.240929
v -1.610492 0.054722 -6.240929
v -1.033205 0.054722 -6.508879
v -1.059791 0.054722 -6.494979
v -1.059791 -0.025278 -6.494979
v -1.033205 -0.025278 -6.508879
v -1.073690 0.054722 -6.521562
v -1.073690 -0.025278 -6.521562
v -1.047104 0.054722 -6.535463
v -1.047104 -0.025278 -6.535463
v -0.872904 -0.029999 -6.530618
v -0.872904 0.030001 -6.530618
v -1.705933 0.030001 -6.095118
v -1.705933 -0.029999 -6.095118
v -0.937765 -0.029999 -6.654684
v -0.937765 0.030001 -6.654684
v -1.770795 -0.029999 -6.219188
v -1.770795 0.030001 -6.219188
v -1.649620 0.085804 -6.331755
v -1.658085 0.071585 -6.327154
v -1.679626 0.041290 -6.315460
v -1.642492 0.041290 -6.335627
v -1.695221 0.025804 -6.306993
v -1.688092 0.071585 -6.310863
v -1.695221 0.041290 -6.306993
v -1.649620 0.071585 -6.331755
v -1.679626 0.071585 -6.315460
v -1.688092 0.085804 -6.310863
v -1.658085 0.041290 -6.327154
v -1.642492 0.025804 -6.335627
v -1.061634 0.041290 -6.651005
v -1.077228 0.071585 -6.642537
v -1.107235 0.071585 -6.626245
v -1.114362 0.025804 -6.622372
v -1.068762 0.071585 -6.647134
v -1.098768 0.041290 -6.630842
v -1.061634 0.025804 -6.651005
v -1.114362 0.041290 -6.622372
v -1.098768 0.071585 -6.630842
v -1.107235 0.085804 -6.626245
v -1.077228 0.041290 -6.642537
v -1.068762 0.085804 -6.647134
v -1.077228 0.071585 -6.642537
v -1.107235 0.085804 -6.626244
v -1.107235 0.071585 -6.626244
v -1.098769 0.071585 -6.630842
v -1.068762 0.071585 -6.647134
v -1.068762 0.085804 -6.647134
v -1.114363 0.025804 -6.622372
v -1.061634 0.025804 -6.651004
v -1.061634 0.041290 -6.651004
v -1.077228 0.041290 -6.642537
v -1.098769 0.041290 -6.630842
v -1.114363 0.041290 -6.622372
v -1.649620 0.071585 -6.331755
v -1.649620 0.085804 -6.331755
v -1.679626 0.071585 -6.315460
v -1.658087 0.071585 -6.327154
v -1.688092 0.085804 -6.310864
v -1.688092 0.071585 -6.310864
v -1.695221 0.041290 -6.306995
v -1.695221 0.025804 -6.306995
v -1.658087 0.041290 -6.327154
v -1.679626 0.041290 -6.315460
v -1.642492 0.025804 -6.335626
v -1.642492 0.041290 -6.335626
v -1.683897 -0.025278 -6.438313
v -1.683897 0.054722 -6.438313
v -1.710262 0.054722 -6.423997
v -1.710262 -0.025278 -6.423997
v -1.698212 -0.025278 -6.464676
v -1.698212 0.054722 -6.464676
v -1.724576 -0.025278 -6.450361
v -1.724576 0.054722 -6.450361
v -1.151568 0.054722 -6.727345
v -1.177932 0.054722 -6.713028
v -1.177932 -0.025278 -6.713028
v -1.151568 -0.025278 -6.727345
v -1.192247 0.054722 -6.739391
v -1.192247 -0.025278 -6.739391
v -1.165882 0.054722 -6.753707
v -1.165882 -0.025278 -6.753707
v -0.991628 -0.029999 -6.751599
v -0.991628 0.030001 -6.751599
v -1.817715 0.030001 -6.303068
v -1.817715 -0.029999 -6.303068
v -1.058430 -0.029999 -6.874632
v -1.058430 0.030001 -6.874632
v -1.884517 -0.029999 -6.426103
v -1.884517 0.030001 -6.426103
v -1.765125 0.085804 -6.540560
v -1.773518 0.071585 -6.535828
v -1.794872 0.041290 -6.523796
v -1.758059 0.041290 -6.544544
v -1.810332 0.025804 -6.515086
v -1.803266 0.071585 -6.519068
v -1.810332 0.041290 -6.515086
v -1.765125 0.071585 -6.540560
v -1.794872 0.071585 -6.523796
v -1.803266 0.085804 -6.519068
v -1.773518 0.041290 -6.535828
v -1.758059 0.025804 -6.544544
v -1.182226 0.041290 -6.869006
v -1.197686 0.071585 -6.860294
v -1.227433 0.071585 -6.843534
v -1.234499 0.025804 -6.839550
v -1.189293 0.071585 -6.865024
v -1.219039 0.041290 -6.848264
v -1.182226 0.025804 -6.869006
v -1.234499 0.041290 -6.839550
v -1.219039 0.071585 -6.848264
v -1.227433 0.085804 -6.843534
v -1.197686 0.041290 -6.860294
v -1.189293 0.085804 -6.865024
v -1.197686 0.071585 -6.860294
v -1.227433 0.085804 -6.843533
v -1.227433 0.071585 -6.843533
v -1.219040 0.071585 -6.848263
v -1.189293 0.071585 -6.865024
v -1.189293 0.085804 -6.865024
v -1.234500 0.025804 -6.839550
v -1.182227 0.025804 -6.869005
v -1.182227 0.041290 -6.869005
v -1.197686 0.041290 -6.860294
v -1.219040 0.041290 -6.848263
v -1.234500 0.041290 -6.839550
v -1.765125 0.071585 -6.540560
v -1.765125 0.085804 -6.540560
v -1.794872 0.071585 -6.523796
v -1.773519 0.071585 -6.535828
v -1.803265 0.085804 -6.519069
v -1.803265 0.071585 -6.519069
v -1.810332 0.041290 -6.515087
v -1.810332 0.025804 -6.515087
v -1.773519 0.041290 -6.535828
v -1.794872 0.041290 -6.523796
v -1.758059 0.025804 -6.544543
v -1.758059 0.041290 -6.544543
v -1.801072 -0.025278 -6.646567
v -1.801072 0.054722 -6.646567
v -1.827209 0.054722 -6.631838
v -1.827209 -0.025278 -6.631838
v -1.815798 -0.025278 -6.672701
v -1.815798 0.054722 -6.672701
v -1.841936 -0.025278 -6.657974
v -1.841936 0.054722 -6.657974
v -1.273349 0.054722 -6.943924
v -1.299485 0.054722 -6.929195
v -1.299485 -0.025278 -6.929195
v -1.273349 -0.025278 -6.943924
v -1.314213 0.054722 -6.955330
v -1.314213 -0.025278 -6.955330
v -1.288075 0.054722 -6.970059
v -1.288075 -0.025278 -6.970059
v -1.113809 -0.029999 -6.970689
v -1.113809 0.030001 -6.970689
v -1.932749 0.030001 -6.509238
v -1.932749 -0.029999 -6.509238
v -1.182535 -0.029999 -7.092657
v -1.182535 0.030001 -7.092657
v -2.001475 -0.029999 -6.631207
v -2.001475 0.030001 -6.631207
v -1.883896 0.085804 -6.747525
v -1.892213 0.071585 -6.742663
v -1.913375 0.041290 -6.730298
v -1.876893 0.041290 -6.751620
v -1.928697 0.025804 -6.721345
v -1.921694 0.071585 -6.725436
v -1.928697 0.041290 -6.721345
v -1.883896 0.071585 -6.747525
v -1.913375 0.071585 -6.730298
v -1.921694 0.085804 -6.725436
v -1.892213 0.041290 -6.742663
v -1.876893 0.025804 -6.751620
v -1.306229 0.041290 -7.085087
v -1.321549 0.071585 -7.076133
v -1.351029 0.071585 -7.058906
v -1.358031 0.025804 -7.054812
v -1.313231 0.071585 -7.080995
v -1.342710 0.041290 -7.063768
v -1.306229 0.025804 -7.085087
v -1.358031 0.041290 -7.054812
v -1.342710 0.071585 -7.063768
v -1.351029 0.085804 -7.058906
v -1.321549 0.041290 -7.076133
v -1.313231 0.085804 -7.080995
v -1.321549 0.071585 -7.076133
v -1.351029 0.085804 -7.058905
v -1.351029 0.071585 -7.058905
v -1.342712 0.071585 -7.063767
v -1.313232 0.071585 -7.080995
v -1.313232 0.085804 -7.080995
v -1.358032 0.025804 -7.054812
v -1.306229 0.025804 -7.085086
v -1.306229 0.041290 -7.085086
v -1.321549 0.041290 -7.076133
v -1.342712 0.041290 -7.063767
v -1.358032 0.041290 -7.054812
v -1.883896 0.071585 -6.747525
v -1.883896 0.085804 -6.747525
v -1.913375 0.071585 -6.730298
v -1.892214 0.071585 -6.742663
v -1.921694 0.085804 -6.725437
v -1.921694 0.071585 -6.725437
v -1.928697 0.041290 -6.721346
v -1.928697 0.025804 -6.721346
v -1.892214 0.041290 -6.742663
v -1.913375 0.041290 -6.730298
v -1.876893 0.025804 -6.751619
v -1.876893 0.041290 -6.751619
v -1.921504 -0.025278 -6.852955
v -1.921504 0.054722 -6.852955
v -1.947407 0.054722 -6.837818
v -1.947407 -0.025278 -6.837818
v -1.936639 -0.025278 -6.878854
v -1.936639 0.054722 -6.878854
v -1.962541 -0.025278 -6.863718
v -1.962541 0.054722 -6.863718
v -1.398516 0.054722 -7.158564
v -1.424417 0.054722 -7.143427
v -1.424417 -0.025278 -7.143427
v -1.398516 -0.025278 -7.158564
v -1.439553 0.054722 -7.169328
v -1.439553 -0.025278 -7.169328
v -1.413652 0.054722 -7.184465
v -1.413652 -0.025278 -7.184465
v -1.239415 -0.029999 -7.187831
v -1.239415 0.030001 -7.187831
v -2.051007 0.030001 -6.713573
v -2.051007 -0.029999 -6.713573
v -1.310049 -0.029999 -7.308706
v -1.310049 0.030001 -7.308706
v -2.121641 -0.029999 -6.834449
v -2.121641 0.030001 -6.834449
v -2.005902 0.085804 -6.952599
v -2.014143 0.071585 -6.947606
v -2.035109 0.041290 -6.934911
v -1.998965 0.041290 -6.956804
v -2.050288 0.025804 -6.925719
v -2.043350 0.071585 -6.929920
v -2.050288 0.041290 -6.925719
v -2.005902 0.071585 -6.952599
v -2.035109 0.071585 -6.934911
v -2.043350 0.085804 -6.929920
v -2.014143 0.041290 -6.947606
v -1.998965 0.025804 -6.956804
v -1.433608 0.041290 -7.299193
v -1.448786 0.071585 -7.290001
v -1.477993 0.071585 -7.272313
v -1.484930 0.025804 -7.268108
v -1.440546 0.071585 -7.294992
v -1.469752 0.041290 -7.277304
v -1.433608 0.025804 -7.299193
v -1.484930 0.041290 -7.268108
v -1.469752 0.071585 -7.277304
v -1.477993 0.085804 -7.272313
v -1.448786 0.041290 -7.290001
v -1.440546 0.085804 -7.294992
v -1.448787 0.071585 -7.290001
v -1.477993 0.085804 -7.272312
v -1.477993 0.071585 -7.272312
v -1.469752 0.071585 -7.277304
v -1.440547 0.071585 -7.294992
v -1.440547 0.085804 -7.294992
v -1.484930 0.025804 -7.268108
v -1.433609 0.025804 -7.299192
v -1.433609 0.041290 -7.299192
v -1.448787 0.041290 -7.290001
v -1.469752 0.041290 -7.277304
v -1.484930 0.041290 -7.268108
v -2.005902 0.071585 -6.952599
v -2.005902 0.085804 -6.952599
v -2.035109 0.071585 -6.934911
v -2.014145 0.071585 -6.947606
v -2.043350 0.085804 -6.929921
v -2.043350 0.071585 -6.929921
v -2.050288 0.041290 -6.925721
v -2.050288 0.025804 -6.925721
v -2.014145 0.041290 -6.947606
v -2.035109 0.041290 -6.934911
v -1.998965 0.025804 -6.956803
v -1.998965 0.041290 -6.956803
v -2.045162 -0.025278 -7.057424
v -2.045162 0.054722 -7.057424
v -2.070823 0.054722 -7.041884
v -2.070823 -0.025278 -7.041884
v -2.060702 -0.025278 -7.083083
v -2.060702 0.054722 -7.083083
v -2.086364 -0.025278 -7.067543
v -2.086364 0.054722 -7.067543
v -1.527039 0.054722 -7.371213
v -1.552700 0.054722 -7.355669
v -1.552700 -0.025278 -7.355669
v -1.527039 -0.025278 -7.371213
v -1.568241 0.054722 -7.381329
v -1.568241 -0.025278 -7.381329
v -1.542580 0.054722 -7.396871
v -1.542580 -0.025278 -7.396871
v -1.368419 -0.029999 -7.402974
v -1.368419 0.030001 -7.402974
v -2.172460 0.030001 -6.916027
v -2.172460 -0.029999 -6.916027
v -1.440941 -0.029999 -7.522725
v -1.440941 0.030001 -7.522725
v -2.244985 -0.029999 -7.035779
v -2.244985 0.030001 -7.035779
v -2.131116 0.085804 -7.155732
v -2.139277 0.071585 -7.150611
v -2.160041 0.041290 -7.137587
v -2.124245 0.041290 -7.160045
v -2.175073 0.025804 -7.128157
v -2.168203 0.071585 -7.132467
v -2.175073 0.041290 -7.128157
v -2.131116 0.071585 -7.155732
v -2.160041 0.071585 -7.137587
v -2.168203 0.085804 -7.132467
v -2.139277 0.041290 -7.150611
v -2.124245 0.025804 -7.160045
v -1.564337 0.041290 -7.511273
v -1.579368 0.071585 -7.501842
v -1.608292 0.071585 -7.483698
v -1.615164 0.025804 -7.479385
v -1.571207 0.071585 -7.506963
v -1.600131 0.041290 -7.488818
v -1.564337 0.025804 -7.511273
v -1.615164 0.041290 -7.479385
v -1.600131 0.071585 -7.488818
v -1.608292 0.085804 -7.483698
v -1.579368 0.041290 -7.501842
v -1.571207 0.085804 -7.506963
v -1.579369 0.071585 -7.501842
v -1.608293 0.085804 -7.483697
v -1.608293 0.071585 -7.483697
v -1.600131 0.071585 -7.488817
v -1.571209 0.071585 -7.506963
v -1.571209 0.085804 -7.506963
v -1.615164 0.025804 -7.479385
v -1.564337 0.025804 -7.511272
v -1.564337 0.041290 -7.511272
v -1.579369 0.041290 -7.501842
v -1.600131 0.041290 -7.488817
v -1.615164 0.041290 -7.479385
v -2.131117 0.071585 -7.155732
v -2.131117 0.085804 -7.155732
v -2.160041 0.071585 -7.137587
v -2.139278 0.071585 -7.150611
v -2.168203 0.085804 -7.132468
v -2.168203 0.071585 -7.132468
v -2.175073 0.041290 -7.128158
v -2.175073 0.025804 -7.128158
v -2.139278 0.041290 -7.150611
v -2.160041 0.041290 -7.137587
v -2.124246 0.025804 -7.160045
v -2.124246 0.041290 -7.160045
v -2.172017 -0.025278 -7.259929
v -2.172017 0.054722 -7.259929
v -2.197431 0.054722 -7.243987
v -2.197431 -0.025278 -7.243987
v -2.187959 -0.025278 -7.285339
v -2.187959 0.054722 -7.285339
v -2.213372 -0.025278 -7.269398
v -2.213372 0.054722 -7.269398
v -1.658887 0.054722 -7.581817
v -1.684300 0.054722 -7.565871
v -1.684300 -0.025278 -7.565871
v -1.658887 -0.025278 -7.581817
v -1.700242 0.054722 -7.591284
v -1.700242 -0.025278 -7.591284
v -1.674828 0.054722 -7.607226
v -1.674828 -0.025278 -7.607226
v -1.500785 -0.029999 -7.616065
v -1.500785 0.030001 -7.616065
v -2.297079 0.030001 -7.116547
v -2.297079 -0.029999 -7.116547
v -1.575180 -0.029999 -7.734663
v -1.575180 0.030001 -7.734663
v -2.371474 -0.029999 -7.235145
v -2.371474 0.030001 -7.235145
v -2.259504 0.085804 -7.356873
v -2.267584 0.071585 -7.351624
v -2.288140 0.041290 -7.338276
v -2.252702 0.041290 -7.361294
v -2.303023 0.025804 -7.328611
v -2.296219 0.071585 -7.333029
v -2.303023 0.041290 -7.328611
v -2.259504 0.071585 -7.356873
v -2.288140 0.071585 -7.338276
v -2.296219 0.085804 -7.333029
v -2.267584 0.041290 -7.351624
v -2.252702 0.025804 -7.361294
v -1.698380 0.041290 -7.721273
v -1.713261 0.071585 -7.711607
v -1.741897 0.071585 -7.693011
v -1.748699 0.025804 -7.688591
v -1.705182 0.071585 -7.716855
v -1.733817 0.041290 -7.698258
v -1.698380 0.025804 -7.721273
v -1.748699 0.041290 -7.688591
v -1.733817 0.071585 -7.698258
v -1.741897 0.085804 -7.693011
v -1.713261 0.041290 -7.711607
v -1.705182 0.085804 -7.716855
v -1.713261 0.071585 -7.711607
v -1.741897 0.085804 -7.693010
v -1.741897 0.071585 -7.693010
v -1.733817 0.071585 -7.698257
v -1.705182 0.071585 -7.716855
v -1.705182 0.085804 -7.716855
v -1.748699 0.025804 -7.688591
v -1.698380 0.025804 -7.721272
v -1.698380 0.041290 -7.721272
v -1.713261 0.041290 -7.711607
v -1.733817 0.041290 -7.698257
v -1.748699 0.041290 -7.688591
v -2.259504 0.071585 -7.356873
v -2.259504 0.085804 -7.356873
v -2.288140 0.071585 -7.338276
v -2.267584 0.071585 -7.351624
v -2.296219 0.085804 -7.333030
v -2.296219 0.071585 -7.333030
v -2.303023 0.041290 -7.328612
v -2.303023 0.025804 -7.328612
v -2.267584 0.041290 -7.351624
v -2.288140 0.041290 -7.338276
v -2.252703 0.025804 -7.361293
v -2.252703 0.041290 -7.361293
v -2.302037 -0.025278 -7.460414
v -2.302037 0.054722 -7.460414
v -2.327198 0.054722 -7.444075
v -2.327198 -0.025278 -7.444075
v -2.318375 -0.025278 -7.485572
v -2.318375 0.054722 -7.485572
v -2.343536 -0.025278 -7.469231
v -2.343536 0.054722 -7.469231
v -1.794026 0.054722 -7.790322
v -1.819186 0.054722 -7.773980
v -1.819186 -0.025278 -7.773980
v -1.794026 -0.025278 -7.790322
v -1.835525 0.054722 -7.799139
v -1.835525 -0.025278 -7.799139
v -1.810365 0.054722 -7.815478
v -1.810365 -0.025278 -7.815478
v -1.636481 -0.029999 -7.827050
v -1.636481 0.030001 -7.827050
v -2.424830 0.030001 -7.315086
v -2.424830 -0.029999 -7.315086
v -1.712731 -0.029999 -7.944465
v -1.712731 0.030001 -7.944465
v -2.501081 -0.029999 -7.432501
v -2.501081 0.030001 -7.432501
v -2.391036 0.085804 -7.555973
v -2.399032 0.071585 -7.550597
v -2.419376 0.041290 -7.536929
v -2.384305 0.041290 -7.560499
v -2.434106 0.025804 -7.527030
v -2.427373 0.071585 -7.531554
v -2.434106 0.041290 -7.527030
v -2.391036 0.071585 -7.555973
v -2.419376 0.071585 -7.536929
v -2.427373 0.085804 -7.531554
v -2.399032 0.041290 -7.550597
v -2.384305 0.025804 -7.560499
v -1.835704 0.041290 -7.929140
v -1.850432 0.071585 -7.919243
v -1.878772 0.071585 -7.900199
v -1.885505 0.025804 -7.895673
v -1.842436 0.071585 -7.924617
v -1.870776 0.041290 -7.905573
v -1.835704 0.025804 -7.929140
v -1.885505 0.041290 -7.895673
v -1.870776 0.071585 -7.905573
v -1.878772 0.085804 -7.900199
v -1.850432 0.041290 -7.919243
v -1.842436 0.085804 -7.924617
v -1.850433 0.071585 -7.919243
v -1.878773 0.085804 -7.900199
v -1.878773 0.071585 -7.900199
v -1.870777 0.071585 -7.905572
v -1.842437 0.071585 -7.924617
v -1.842437 0.085804 -7.924617
v -1.885505 0.025804 -7.895673
v -1.835705 0.025804 -7.929139
v -1.835705 0.041290 -7.929139
v -1.850433 0.041290 -7.919243
v -1.870777 0.041290 -7.905572
v -1.885505 0.041290 -7.895673
v -2.391037 0.071585 -7.555973
v -2.391037 0.085804 -7.555973
v -2.419376 0.071585 -7.536929
v -2.399033 0.071585 -7.550597
v -2.427373 0.085804 -7.531555
v -2.427373 0.071585 -7.531555
v -2.434106 0.041290 -7.527032
v -2.434106 0.025804 -7.527032
v -2.399033 0.041290 -7.550597
v -2.419376 0.041290 -7.536929
v -2.384305 0.025804 -7.560498
v -2.384305 0.041290 -7.560498
v -2.435191 -0.025278 -7.658833
v -2.435191 0.054722 -7.658833
v -2.460091 0.054722 -7.642102
v -2.460091 -0.025278 -7.642102
v -2.451921 -0.025278 -7.683730
v -2.451921 0.054722 -7.683730
v -2.476822 -0.025278 -7.666998
v -2.476822 0.054722 -7.666998
v -1.932424 0.054722 -7.996679
v -1.957324 0.054722 -7.979945
v -1.957324 -0.025278 -7.979945
v -1.932424 -0.025278 -7.996679
v -1.974056 0.054722 -8.004843
v -1.974056 -0.025278 -8.004843
v -1.949155 0.054722 -8.021577
v -1.949155 -0.025278 -8.021577
v -1.775475 -0.029999 -8.035878
v -1.775475 0.030001 -8.035878
v -2.555686 0.030001 -7.511594
v -2.555686 -0.029999 -7.511594
v -1.853560 -0.029999 -8.152080
v -1.853560 0.030001 -8.152080
v -2.633771 -0.029999 -7.627796
v -2.633771 0.030001 -7.627796
v -2.525679 0.085804 -7.752982
v -2.533590 0.071585 -7.747482
v -2.553716 0.041290 -7.733495
v -2.519020 0.041290 -7.757613
v -2.568289 0.025804 -7.723368
v -2.561627 0.071585 -7.727995
v -2.568289 0.041290 -7.723368
v -2.525679 0.071585 -7.752982
v -2.553716 0.071585 -7.733495
v -2.561627 0.085804 -7.727995
v -2.533590 0.041290 -7.747482
v -2.519020 0.025804 -7.757613
v -1.976277 0.041290 -8.134827
v -1.990848 0.071585 -8.124698
v -2.018886 0.071585 -8.105211
v -2.025546 0.025804 -8.100580
v -1.982937 0.071585 -8.130197
v -2.010975 0.041290 -8.110711
v -1.976277 0.025804 -8.134827
v -2.025546 0.041290 -8.100580
v -2.010975 0.071585 -8.110711
v -2.018886 0.085804 -8.105211
v -1.990848 0.041290 -8.124698
v -1.982937 0.085804 -8.130197
v -1.990848 0.071585 -8.124698
v -2.018886 0.085804 -8.105210
v -2.018886 0.071585 -8.105210
v -2.010975 0.071585 -8.110710
v -1.982937 0.071585 -8.130197
v -1.982937 0.085804 -8.130197
v -2.025547 0.025804 -8.100580
v -1.976278 0.025804 -8.134826
v -1.976278 0.041290 -8.134826
v -1.990848 0.041290 -8.124698
v -2.010975 0.041290 -8.110710
v -2.025547 0.041290 -8.100580
v -2.525680 0.071585 -7.752982
v -2.525680 0.085804 -7.752982
v -2.553716 0.071585 -7.733495
v -2.533591 0.071585 -7.747482
v -2.561628 0.085804 -7.727996
v -2.561628 0.071585 -7.727996
v -2.568289 0.041290 -7.723368
v -2.568289 0.025804 -7.723368
v -2.533591 0.041290 -7.747482
v -2.553716 0.041290 -7.733495
v -2.519020 0.025804 -7.757611
v -2.519020 0.041290 -7.757611
v -2.571444 -0.025278 -7.855136
v -2.571444 0.054722 -7.855136
v -2.596078 0.054722 -7.838015
v -2.596078 -0.025278 -7.838015
v -2.588564 -0.025278 -7.879766
v -2.588564 0.054722 -7.879766
v -2.613199 -0.025278 -7.862645
v -2.613199 0.054722 -7.862645
v -2.074046 0.054722 -8.200839
v -2.098680 0.054722 -8.183714
v -2.098680 -0.025278 -8.183714
v -2.074046 -0.025278 -8.200839
v -2.115801 0.054723 -8.208346
v -2.115801 -0.025278 -8.208346
v -2.091167 0.054723 -8.225469
v -2.091167 -0.025277 -8.225469
v -1.917732 -0.029998 -8.242497
v -1.917732 0.030002 -8.242497
v -2.689612 0.030001 -7.706022
v -2.689612 -0.029999 -7.706022
v -1.997631 -0.029998 -8.357458
v -1.997631 0.030002 -8.357458
v -2.769512 -0.029999 -7.820984
v -2.769512 0.030001 -7.820984
v -2.663399 0.085804 -7.947852
v -2.671224 0.071585 -7.942228
v -2.691129 0.041290 -7.927926
v -2.656815 0.041290 -7.952587
v -2.705539 0.025804 -7.917572
v -2.698952 0.071585 -7.922303
v -2.705539 0.041290 -7.917572
v -2.663399 0.071585 -7.947852
v -2.691129 0.071585 -7.927926
v -2.698952 0.085804 -7.922303
v -2.671224 0.041290 -7.942228
v -2.656815 0.025804 -7.952587
v -2.120064 0.041291 -8.338279
v -2.134474 0.071586 -8.327923
v -2.162202 0.071586 -8.307998
v -2.168788 0.025805 -8.303263
v -2.126651 0.071586 -8.333545
v -2.154378 0.041291 -8.313620
v -2.120064 0.025805 -8.338279
v -2.168788 0.041291 -8.303263
v -2.154378 0.071586 -8.313620
v -2.162202 0.085805 -8.307998
v -2.134474 0.041291 -8.327923
v -2.126651 0.085805 -8.333545
v -2.134474 0.071586 -8.327923
v -2.162202 0.085805 -8.307998
v -2.162202 0.071586 -8.307998
v -2.154378 0.071586 -8.313620
v -2.126651 0.071586 -8.333545
v -2.126651 0.085805 -8.333545
v -2.168789 0.025805 -8.303263
v -2.120064 0.025805 -8.338278
v -2.120064 0.041291 -8.338278
v -2.134474 0.041291 -8.327923
v -2.154378 0.041291 -8.313620
v -2.168789 0.041291 -8.303263
v -2.663400 0.071585 -7.947852
v -2.663400 0.085804 -7.947852
v -2.691129 0.071585 -7.927926
v -2.671224 0.071585 -7.942228
v -2.698952 0.085804 -7.922304
v -2.698952 0.071585 -7.922304
v -2.705539 0.041290 -7.917573
v -2.705539 0.025804 -7.917573
v -2.671224 0.041290 -7.942228
v -2.691129 0.041290 -7.927926
v -2.656815 0.025804 -7.952586
v -2.656815 0.041290 -7.952586
v -2.710763 -0.025278 -8.049273
v -2.710763 0.054722 -8.049273
v -2.735126 0.054722 -8.031768
v -2.735126 -0.025278 -8.031768
v -2.728269 -0.025278 -8.073634
v -2.728269 0.054722 -8.073634
v -2.752631 -0.025278 -8.056125
v -2.752631 0.054722 -8.056125
v -2.218858 0.054723 -8.402747
v -2.243220 0.054723 -8.385238
v -2.243220 -0.025277 -8.385238
v -2.218858 -0.025277 -8.402747
v -2.260725 0.054723 -8.409598
v -2.260725 -0.025277 -8.409598
v -2.236362 0.054723 -8.427105
v -2.236362 -0.025277 -8.427105
v -2.063218 -0.029998 -8.446855
v -2.063218 0.030002 -8.446855
v -2.826575 0.030001 -7.898323
v -2.826575 -0.029999 -7.898323
v -2.144913 -0.029998 -8.560547
v -2.144913 0.030002 -8.560547
v -2.908271 -0.029999 -8.012015
v -2.908271 0.030001 -8.012015
v -2.804165 0.085804 -8.140535
v -2.811899 0.071585 -8.134790
v -2.831576 0.041290 -8.120175
v -2.797654 0.041290 -8.145372
v -2.845823 0.025804 -8.109596
v -2.839311 0.071585 -8.114430
v -2.845823 0.041290 -8.109596
v -2.804165 0.071585 -8.140535
v -2.831576 0.071585 -8.120175
v -2.839311 0.085804 -8.114430
v -2.811899 0.041290 -8.134790
v -2.797654 0.025804 -8.145372
v -2.267030 0.041291 -8.539447
v -2.281274 0.071586 -8.528867
v -2.308686 0.071586 -8.508510
v -2.315196 0.025805 -8.503671
v -2.273540 0.071586 -8.534612
v -2.300952 0.041291 -8.514253
v -2.267030 0.025805 -8.539447
v -2.315196 0.041291 -8.503671
v -2.300952 0.071586 -8.514253
v -2.308686 0.085805 -8.508510
v -2.281274 0.041291 -8.528867
v -2.273540 0.085805 -8.534612
v -2.281274 0.071586 -8.528867
v -2.308686 0.085805 -8.508509
v -2.308686 0.071586 -8.508509
v -2.300952 0.071586 -8.514253
v -2.273540 0.071586 -8.534612
v -2.273540 0.085805 -8.534612
v -2.315198 0.025805 -8.503671
v -2.267030 0.025805 -8.539447
v -2.267030 0.041291 -8.539447
v -2.281274 0.041291 -8.528867
v -2.300952 0.041291 -8.514253
v -2.315198 0.041291 -8.503671
v -2.804167 0.071585 -8.140535
v -2.804167 0.085804 -8.140535
v -2.831576 0.071585 -8.120175
v -2.811900 0.071585 -8.134790
v -2.839311 0.085804 -8.114431
v -2.839311 0.071585 -8.114431
v -2.845823 0.041290 -8.109597
v -2.845823 0.025804 -8.109597
v -2.811900 0.041290 -8.134790
v -2.831576 0.041290 -8.120175
v -2.797654 0.025804 -8.145371
v -2.797654 0.041290 -8.145371
v -2.853115 -0.025277 -8.241199
v -2.853115 0.054723 -8.241199
v -2.877200 0.054723 -8.223314
v -2.877200 -0.025277 -8.223314
v -2.871001 -0.025277 -8.265282
v -2.871001 0.054723 -8.265282
v -2.895086 -0.025277 -8.247394
v -2.895086 0.054723 -8.247394
v -2.366821 0.054723 -8.602356
v -2.390906 0.054723 -8.584466
v -2.390906 -0.025277 -8.584466
v -2.366821 -0.025277 -8.602356
v -2.408793 0.054723 -8.608548
v -2.408793 -0.025277 -8.608548
v -2.384708 0.054723 -8.626436
v -2.384708 -0.025277 -8.626436
v -2.211893 -0.029998 -8.648906
v -2.211893 0.030002 -8.648906
v -2.966541 0.030001 -8.088449
v -2.966541 -0.029999 -8.088449
v -2.295365 -0.029998 -8.761298
v -2.295365 0.030002 -8.761298
v -3.050014 -0.029999 -8.200844
v -3.050014 0.030001 -8.200844
v -2.947938 0.085805 -8.330982
v -2.955582 0.071586 -8.325116
v -2.975028 0.041291 -8.310195
v -2.941505 0.041291 -8.335921
v -2.989106 0.025805 -8.299394
v -2.982670 0.071586 -8.304330
v -2.989106 0.041291 -8.299394
v -2.947938 0.071586 -8.330982
v -2.975028 0.071586 -8.310195
v -2.982670 0.085805 -8.304330
v -2.955582 0.041291 -8.325116
v -2.941505 0.025805 -8.335921
v -2.417134 0.041291 -8.738283
v -2.431212 0.071586 -8.727479
v -2.458300 0.071586 -8.706695
v -2.464734 0.025805 -8.701754
v -2.423569 0.071586 -8.733345
v -2.450658 0.041291 -8.712560
v -2.417134 0.025805 -8.738283
v -2.464734 0.041291 -8.701754
v -2.450658 0.071586 -8.712560
v -2.458300 0.085805 -8.706695
v -2.431212 0.041291 -8.727479
v -2.423569 0.085805 -8.733345
v -2.431212 0.071586 -8.727479
v -2.458300 0.085805 -8.706694
v -2.458300 0.071586 -8.706694
v -2.450658 0.071586 -8.712559
v -2.423569 0.071586 -8.733345
v -2.423569 0.085805 -8.733345
v -2.464735 0.025805 -8.701754
v -2.417134 0.025805 -8.738282
v -2.417134 0.041291 -8.738282
v -2.431212 0.041291 -8.727479
v -2.450658 0.041291 -8.712559
v -2.464735 0.041291 -8.701754
v -2.947939 0.071586 -8.330982
v -2.947939 0.085805 -8.330982
v -2.975028 0.071586 -8.310195
v -2.955582 0.071586 -8.325116
v -2.982670 0.085805 -8.304330
v -2.982670 0.071586 -8.304330
v -2.989106 0.041291 -8.299395
v -2.989106 0.025805 -8.299395
v -2.955582 0.041291 -8.325116
v -2.975028 0.041291 -8.310195
v -2.941505 0.025805 -8.335920
v -2.941505 0.041291 -8.335920
v -2.998464 -0.025277 -8.430867
v -2.998464 0.054723 -8.430867
v -3.022265 0.054723 -8.412604
v -3.022265 -0.025277 -8.412604
v -3.016728 -0.025277 -8.454665
v -3.016728 0.054723 -8.454665
v -3.040527 -0.025277 -8.436401
v -3.040527 0.054723 -8.436401
v -2.517904 0.054723 -8.799616
v -2.541704 0.054723 -8.781351
v -2.541704 -0.025277 -8.781351
v -2.517904 -0.025277 -8.799616
v -2.559966 0.054723 -8.805149
v -2.559966 -0.025277 -8.805149
v -2.536165 0.054723 -8.823413
v -2.536165 -0.025277 -8.823413
v -2.363726 -0.029998 -8.848594
v -2.363726 0.030002 -8.848594
v -3.109478 0.030002 -8.276353
v -3.109478 -0.029998 -8.276353
v -2.448954 -0.029998 -8.959660
v -2.448954 0.030002 -8.959660
v -3.194705 -0.029998 -8.387422
v -3.194705 0.030002 -8.387422
v -3.094686 0.085805 -8.519149
v -3.102237 0.071586 -8.513163
v -3.121444 0.041291 -8.497938
v -3.088332 0.041291 -8.524188
v -3.135353 0.025805 -8.486917
v -3.128996 0.071586 -8.491953
v -3.135353 0.041291 -8.486917
v -3.094686 0.071586 -8.519149
v -3.121444 0.071586 -8.497938
v -3.128996 0.085805 -8.491953
v -3.102237 0.041291 -8.513163
v -3.088332 0.025805 -8.524188
v -2.570345 0.041291 -8.934736
v -2.584252 0.071586 -8.923714
v -2.611010 0.071586 -8.902505
v -2.617366 0.025805 -8.897465
v -2.576702 0.071586 -8.929698
v -2.603460 0.041291 -8.908490
v -2.570345 0.025805 -8.934736
v -2.617366 0.041291 -8.897465
v -2.603460 0.071586 -8.908490
v -2.611010 0.085805 -8.902505
v -2.584252 0.041291 -8.923714
v -2.576702 0.085805 -8.929698
v -2.584252 0.071586 -8.923714
v -2.611010 0.085805 -8.902504
v -2.611010 0.071586 -8.902504
v -2.603461 0.071586 -8.908489
v -2.576702 0.071586 -8.929698
v -2.576702 0.085805 -8.929698
v -2.617367 0.025805 -8.897465
v -2.570346 0.025805 -8.934735
v -2.570346 0.041291 -8.934735
v -2.584252 0.041291 -8.923714
v -2.603461 0.041291 -8.908489
v -2.617367 0.041291 -8.897465
v -3.094688 0.071586 -8.519149
v -3.094688 0.085805 -8.519149
v -3.121444 0.071586 -8.497938
v -3.102237 0.071586 -8.513163
v -3.128996 0.085805 -8.491954
v -3.128996 0.071586 -8.491954
v -3.135353 0.041291 -8.486918
v -3.135353 0.025805 -8.486918
v -3.102237 0.041291 -8.513163
v -3.121444 0.041291 -8.497938
v -3.088332 0.025805 -8.524187
v -3.088332 0.041291 -8.524187
v -3.146775 -0.025277 -8.618228
v -3.146775 0.054723 -8.618228
v -3.170286 0.054723 -8.599592
v -3.170286 -0.025277 -8.599592
v -3.165408 -0.025277 -8.641735
v -3.165408 0.054723 -8.641735
v -3.188919 -0.025277 -8.623099
v -3.188919 0.054723 -8.623099
v -2.672065 0.054723 -8.994479
v -2.695575 0.054723 -8.975842
v -2.695575 -0.025277 -8.975842
v -2.672065 -0.025277 -8.994479
v -2.714209 0.054723 -8.999350
v -2.714209 -0.025277 -8.999350
v -2.690700 0.054723 -9.017985
v -2.690700 -0.025277 -9.017985
v -2.518676 -0.029998 -9.045872
v -2.518676 0.030002 -9.045872
v -3.255346 0.030002 -8.461987
v -3.255346 -0.029998 -8.461987
v -2.605637 -0.029998 -9.155587
v -2.605637 0.030002 -9.155587
v -3.342309 -0.029998 -8.571706
v -3.342309 0.030002 -8.571706
v -3.244371 0.085805 -8.704986
v -3.251828 0.071586 -8.698883
v -3.270795 0.041291 -8.683357
v -3.238097 0.041291 -8.710125
v -3.284527 0.025805 -8.672119
v -3.278249 0.071586 -8.677255
v -3.284527 0.041291 -8.672119
v -3.244371 0.071586 -8.704986
v -3.270795 0.071586 -8.683357
v -3.278249 0.085805 -8.677255
v -3.251828 0.041291 -8.698883
v -3.238097 0.025805 -8.710125
v -2.726623 0.041291 -9.128758
v -2.740355 0.071586 -9.117517
v -2.766777 0.071586 -9.095892
v -2.773052 0.025805 -9.090752
v -2.732899 0.071586 -9.123622
v -2.759322 0.041291 -9.101994
v -2.726623 0.025805 -9.128758
v -2.773052 0.041291 -9.090752
v -2.759322 0.071586 -9.101994
v -2.766777 0.085805 -9.095892
v -2.740355 0.041291 -9.117517
v -2.732899 0.085805 -9.123622
v -2.740355 0.071586 -9.117517
v -2.766777 0.085805 -9.095891
v -2.766777 0.071586 -9.095891
v -2.759322 0.071586 -9.101993
v -2.732900 0.071586 -9.123622
v -2.732900 0.085805 -9.123622
v -2.773053 0.025805 -9.090752
v -2.726623 0.025805 -9.128756
v -2.726623 0.041291 -9.128756
v -2.740355 0.041291 -9.117517
v -2.759322 0.041291 -9.101993
v -2.773053 0.041291 -9.090752
v -3.244372 0.071586 -8.704986
v -3.244372 0.085805 -8.704986
v -3.270795 0.071586 -8.683357
v -3.251828 0.071586 -8.698882
v -3.278249 0.085805 -8.677256
v -3.278249 0.071586 -8.677256
v -3.284527 0.041291 -8.672120
v -3.284527 0.025805 -8.672120
v -3.251828 0.041291 -8.698882
v -3.270795 0.041291 -8.683357
v -3.238097 0.025805 -8.710124
v -3.238097 0.041291 -8.710124
v -3.298011 -0.025277 -8.803234
v -3.298011 0.054723 -8.803234
v -3.321225 0.054723 -8.784233
v -3.321225 -0.025277 -8.784233
v -3.317010 -0.025277 -8.826445
v -3.317010 0.054723 -8.826445
v -3.340226 -0.025277 -8.807443
v -3.340226 0.054723 -8.807443
v -2.829269 0.054723 -9.186897
v -2.852483 0.054723 -9.167892
v -2.852483 -0.025277 -9.167892
v -2.829269 -0.025277 -9.186897
v -2.871485 0.054723 -9.191105
v -2.871485 -0.025277 -9.191105
v -2.848270 0.054723 -9.210107
v -2.848270 -0.025277 -9.210107
v -2.676706 -0.029998 -9.240693
v -2.676706 0.030002 -9.240693
v -3.404114 0.030002 -8.645310
v -3.404114 -0.029998 -8.645310
v -2.765381 -0.029998 -9.349027
v -2.765381 0.030002 -9.349027
v -3.492788 -0.029998 -8.753647
v -3.492788 0.030002 -8.753647
v -3.396959 0.085805 -8.888450
v -3.404317 0.071586 -8.882231
v -3.423037 0.041291 -8.866408
v -3.390764 0.041291 -8.893687
v -3.436590 0.025805 -8.854956
v -3.430395 0.071586 -8.860190
v -3.436590 0.041291 -8.854956
v -3.396959 0.071586 -8.888450
v -3.423037 0.071586 -8.866408
v -3.430395 0.085805 -8.860190
v -3.404317 0.041291 -8.882231
v -3.390764 0.025805 -8.893687
v -2.885928 0.041291 -9.320302
v -2.899483 0.071586 -9.308847
v -2.925562 0.071586 -9.286808
v -2.931756 0.025805 -9.281571
v -2.892124 0.071586 -9.315068
v -2.918203 0.041291 -9.293029
v -2.885928 0.025805 -9.320302
v -2.931756 0.041291 -9.281571
v -2.918203 0.071586 -9.293029
v -2.925562 0.085805 -9.286808
v -2.899483 0.041291 -9.308847
v -2.892124 0.085805 -9.315068
v -2.899483 0.071586 -9.308847
v -2.925562 0.085805 -9.286807
v -2.925562 0.071586 -9.286807
v -2.918203 0.071586 -9.293028
v -2.892124 0.071586 -9.315068
v -2.892124 0.085805 -9.315068
v -2.931756 0.025805 -9.281571
v -2.885930 0.025805 -9.320301
v -2.885930 0.041291 -9.320301
v -2.899483 0.041291 -9.308847
v -2.918203 0.041291 -9.293028
v -2.931756 0.041291 -9.281571
v -3.396959 0.071586 -8.888450
v -3.396959 0.085805 -8.888450
v -3.423037 0.071586 -8.866408
v -3.404317 0.071586 -8.882230
v -3.430395 0.085805 -8.860191
v -3.430395 0.071586 -8.860191
v -3.436590 0.041291 -8.854956
v -3.436590 0.025805 -8.854956
v -3.404317 0.041291 -8.882230
v -3.423037 0.041291 -8.866408
v -3.390764 0.025805 -8.893686
v -3.390764 0.041291 -8.893686
v -3.452133 -0.025277 -8.985844
v -3.452133 0.054723 -8.985844
v -3.475046 0.054723 -8.966479
v -3.475046 -0.025277 -8.966479
v -3.471494 -0.025277 -9.008754
v -3.471494 0.054723 -9.008754
v -3.494408 -0.025277 -8.989389
v -3.494408 0.054723 -8.989389
v -2.989475 0.054723 -9.376820
v -3.012389 0.054723 -9.357453
v -3.012389 -0.025277 -9.357453
v -2.989475 -0.025277 -9.376820
v -3.031752 0.054723 -9.380366
v -3.031752 -0.025277 -9.380366
v -3.008838 0.054723 -9.399731
v -3.008838 -0.025277 -9.399731
v -2.837776 -0.029998 -9.433006
v -2.837776 0.030002 -9.433006
v -3.555744 0.030002 -8.826272
v -3.555744 -0.029998 -8.826272
v -2.928141 -0.029998 -9.539935
v -2.928141 0.030002 -9.539935
v -3.646107 -0.029998 -8.933204
v -3.646107 0.030002 -8.933204
v -3.552407 0.085805 -9.069494
v -3.559666 0.071586 -9.063160
v -3.578136 0.041291 -9.047046
v -3.546296 0.041291 -9.074829
v -3.591508 0.025805 -9.035381
v -3.585395 0.071586 -9.040713
v -3.591508 0.041291 -9.035381
v -3.552407 0.071586 -9.069494
v -3.578136 0.071586 -9.047046
v -3.585395 0.085805 -9.040713
v -3.559666 0.041291 -9.063160
v -3.546296 0.025805 -9.074829
v -3.048224 0.041291 -9.509320
v -3.061597 0.071586 -9.497654
v -3.087325 0.071586 -9.475209
v -3.093437 0.025805 -9.469874
v -3.054336 0.071586 -9.503988
v -3.080065 0.041291 -9.481543
v -3.048224 0.025805 -9.509320
v -3.093437 0.041291 -9.469874
v -3.080065 0.071586 -9.481543
v -3.087325 0.085805 -9.475209
v -3.061597 0.041291 -9.497654
v -3.054336 0.085805 -9.503988
v -3.061597 0.071586 -9.497654
v -3.087325 0.085805 -9.475208
v -3.087325 0.071586 -9.475208
v -3.080067 0.071586 -9.481542
v -3.054336 0.071586 -9.503988
v -3.054336 0.085805 -9.503988
v -3.093437 0.025805 -9.469874
v -3.048224 0.025805 -9.509319
v -3.048224 0.041291 -9.509319
v -3.061597 0.041291 -9.497654
v -3.080067 0.041291 -9.481542
v -3.093437 0.041291 -9.469874
v -3.552408 0.071586 -9.069494
v -3.552408 0.085805 -9.069494
v -3.578136 0.071586 -9.047046
v -3.559666 0.071586 -9.063159
v -3.585395 0.085805 -9.040714
v -3.585395 0.071586 -9.040714
v -3.591508 0.041291 -9.035382
v -3.591508 0.025805 -9.035382
v -3.559666 0.041291 -9.063159
v -3.578136 0.041291 -9.047046
v -3.546296 0.025805 -9.074828
v -3.546296 0.041291 -9.074828
v -3.609104 -0.025277 -9.166009
v -3.609104 0.054723 -9.166009
v -3.631711 0.054723 -9.146287
v -3.631711 -0.025277 -9.146287
v -3.628824 -0.025277 -9.188613
v -3.628824 0.054723 -9.188613
v -3.651432 -0.025277 -9.168890
v -3.651432 0.054723 -9.168890
v -3.152646 0.054723 -9.564204
v -3.175253 0.054723 -9.544481
v -3.175253 -0.025277 -9.544481
v -3.152646 -0.025277 -9.564204
v -3.194973 0.054723 -9.567086
v -3.194973 -0.025277 -9.567086
v -3.172365 0.054723 -9.586807
v -3.172365 -0.025277 -9.586807
v -3.001848 -0.029998 -9.622768
v -3.001848 0.030002 -9.622768
v -3.710196 0.030002 -9.004829
v -3.710196 -0.029998 -9.004829
v -3.093879 -0.029998 -9.728263
v -3.093879 0.030002 -9.728263
v -3.802230 -0.029998 -9.110328
v -3.802230 0.030002 -9.110328
v -3.710679 0.085805 -9.248073
v -3.717840 0.071586 -9.241627
v -3.736053 0.041291 -9.225223
v -3.704652 0.041291 -9.253504
v -3.749240 0.025805 -9.213352
v -3.743212 0.071586 -9.218777
v -3.749240 0.041291 -9.213352
v -3.710679 0.071586 -9.248073
v -3.736053 0.071586 -9.225223
v -3.743212 0.085805 -9.218777
v -3.717840 0.041291 -9.241627
v -3.704652 0.025805 -9.253504
v -3.213468 0.041291 -9.695765
v -3.226655 0.071586 -9.683892
v -3.252028 0.071586 -9.661043
v -3.258055 0.025805 -9.655614
v -3.219494 0.071586 -9.690339
v -3.244870 0.041291 -9.667492
v -3.213468 0.025805 -9.695765
v -3.258055 0.041291 -9.655614
v -3.244870 0.071586 -9.667492
v -3.252028 0.085805 -9.661043
v -3.226655 0.041291 -9.683892
v -3.219494 0.085805 -9.690339
v -3.226655 0.071586 -9.683892
v -3.252028 0.085805 -9.661042
v -3.252028 0.071586 -9.661042
v -3.244870 0.071586 -9.667491
v -3.219495 0.071586 -9.690339
v -3.219495 0.085805 -9.690339
v -3.258056 0.025805 -9.655614
v -3.213468 0.025805 -9.695764
v -3.213468 0.041291 -9.695764
v -3.226655 0.041291 -9.683892
v -3.244870 0.041291 -9.667491
v -3.258056 0.041291 -9.655614
v -3.710680 0.071586 -9.248073
v -3.710680 0.085805 -9.248073
v -3.736053 0.071586 -9.225223
v -3.717840 0.071586 -9.241626
v -3.743213 0.085805 -9.218778
v -3.743213 0.071586 -9.218778
v -3.749240 0.041291 -9.213353
v -3.749240 0.025805 -9.213353
v -3.717840 0.041291 -9.241626
v -3.736053 0.041291 -9.225223
v -3.704652 0.025805 -9.253503
v -3.704652 0.041291 -9.253503
v -3.768886 -0.025277 -9.343688
v -3.768886 0.054723 -9.343688
v -3.791180 0.054723 -9.323612
v -3.791180 -0.025277 -9.323612
v -3.788959 -0.025277 -9.365978
v -3.788959 0.054723 -9.365978
v -3.811253 -0.025277 -9.345902
v -3.811253 0.054723 -9.345902
v -3.318739 0.054723 -9.749003
v -3.341031 0.054723 -9.728927
v -3.341031 -0.025277 -9.728927
v -3.318739 -0.025277 -9.749003
v -3.361106 0.054723 -9.751221
v -3.361106 -0.025277 -9.751221
v -3.338812 0.054723 -9.771293
v -3.338812 -0.025277 -9.771293
v -3.168880 -0.029998 -9.809927
v -3.168880 0.030002 -9.809927
v -3.867433 0.030002 -9.180940
v -3.867433 -0.029998 -9.180940
v -3.262556 -0.029998 -9.913963
v -3.262556 0.030002 -9.913963
v -3.961113 -0.029998 -9.284979
v -3.961113 0.030002 -9.284979
v -3.871738 0.085805 -9.424146
v -3.878794 0.071586 -9.417587
v -3.896749 0.041291 -9.400900
v -3.865798 0.041291 -9.429670
v -3.909750 0.025805 -9.388822
v -3.903806 0.071586 -9.394343
v -3.909750 0.041291 -9.388822
v -3.871738 0.071586 -9.424146
v -3.896749 0.071586 -9.400900
v -3.903806 0.085805 -9.394343
v -3.878794 0.041291 -9.417587
v -3.865798 0.025805 -9.429670
v -3.381620 0.041291 -9.879593
v -3.394620 0.071586 -9.867513
v -3.419631 0.071586 -9.844269
v -3.425571 0.025805 -9.838746
v -3.387561 0.071586 -9.874072
v -3.412573 0.041291 -9.850829
v -3.381620 0.025805 -9.879593
v -3.425571 0.041291 -9.838746
v -3.412573 0.071586 -9.850829
v -3.419631 0.085805 -9.844269
v -3.394620 0.041291 -9.867513
v -3.387561 0.085805 -9.874072
v -3.394620 0.071586 -9.867513
v -3.419631 0.085805 -9.844268
v -3.419631 0.071586 -9.844268
v -3.412573 0.071586 -9.850828
v -3.387561 0.071586 -9.874072
v -3.387561 0.085805 -9.874072
v -3.425572 0.025805 -9.838746
v -3.381620 0.025805 -9.879592
v -3.381620 0.041291 -9.879592
v -3.394620 0.041291 -9.867513
v -3.412573 0.041291 -9.850828
v -3.425572 0.041291 -9.838746
v -3.871739 0.071586 -9.424146
v -3.871739 0.085805 -9.424146
v -3.896749 0.071586 -9.400900
v -3.878796 0.071586 -9.417586
v -3.903806 0.085805 -9.394344
v -3.903806 0.071586 -9.394344
v -3.909750 0.041291 -9.388823
v -3.909750 0.025805 -9.388823
v -3.878796 0.041291 -9.417586
v -3.896749 0.041291 -9.400900
v -3.865798 0.025805 -9.429669
v -3.865798 0.041291 -9.429669
v -3.931439 -0.025277 -9.518833
v -3.931439 0.054723 -9.518833
v -3.953416 0.054723 -9.498410
v -3.953416 -0.025277 -9.498410
v -3.951860 -0.025277 -9.540807
v -3.951860 0.054723 -9.540807
v -3.973836 -0.025277 -9.520383
v -3.973836 0.054723 -9.520383
v -3.487713 0.054723 -9.931169
v -3.509689 0.054723 -9.910746
v -3.509689 -0.025277 -9.910746
v -3.487713 -0.025277 -9.931169
v -3.530111 0.054723 -9.932721
v -3.530111 -0.025277 -9.932721
v -3.508134 0.054723 -9.953143
v -3.508134 -0.025277 -9.953143
v -3.338830 -0.029998 -9.994439
v -3.338830 0.030002 -9.994439
v -4.027418 0.030002 -9.354558
v -4.027418 -0.029998 -9.354558
v -3.434131 -0.029998 -10.096993
v -3.434131 0.030002 -10.096992
v -4.122720 -0.029998 -9.457113
v -4.122720 0.030002 -9.457113
v -4.035543 0.085805 -9.597667
v -4.042496 0.071586 -9.590998
v -4.060186 0.041291 -9.574031
v -4.029689 0.041291 -9.603285
v -4.072993 0.025805 -9.561751
v -4.067139 0.071586 -9.567364
v -4.072993 0.041291 -9.561751
v -4.035543 0.071586 -9.597667
v -4.060186 0.071586 -9.574031
v -4.067139 0.085805 -9.567364
v -4.042496 0.041291 -9.590998
v -4.029689 0.025805 -9.603285
v -3.552638 0.041291 -10.060755
v -3.565446 0.071586 -10.048473
v -3.590089 0.071586 -10.024839
v -3.595943 0.025805 -10.019224
v -3.558492 0.071586 -10.055142
v -3.583137 0.041291 -10.031510
v -3.552638 0.025805 -10.060755
v -3.595943 0.041291 -10.019224
v -3.583137 0.071586 -10.031510
v -3.590089 0.085805 -10.024839
v -3.565446 0.041291 -10.048473
v -3.558492 0.085805 -10.055142
v -3.565446 0.071586 -10.048473
v -3.590089 0.085805 -10.024838
v -3.590089 0.071586 -10.024838
v -3.583137 0.071586 -10.031509
v -3.558493 0.071586 -10.055142
v -3.558493 0.085805 -10.055142
v -3.595944 0.025805 -10.019224
v -3.552639 0.025805 -10.060755
v -3.552639 0.041291 -10.060755
v -3.565446 0.041291 -10.048473
v -3.583137 0.041291 -10.031509
v -3.595944 0.041291 -10.019224
v -4.035544 0.071586 -9.597667
v -4.035544 0.085805 -9.597667
v -4.060186 0.071586 -9.574031
v -4.042496 0.071586 -9.590997
v -4.067139 0.085805 -9.567365
v -4.067139 0.071586 -9.567365
v -4.072993 0.041291 -9.561752
v -4.072993 0.025805 -9.561752
v -4.042496 0.041291 -9.590997
v -4.060186 0.041291 -9.574031
v -4.029689 0.025805 -9.603284
v -4.029689 0.041291 -9.603284
v -4.096724 -0.025277 -9.691405
v -4.096724 0.054723 -9.691405
v -4.118377 0.054723 -9.670640
v -4.118377 -0.025277 -9.670640
v -4.117487 -0.025277 -9.713054
v -4.117487 0.054723 -9.713054
v -4.139140 -0.025277 -9.692288
v -4.139140 0.054723 -9.692288
v -3.659529 0.054723 -10.110659
v -3.681182 0.054723 -10.089894
v -3.681182 -0.025277 -10.089894
v -3.659529 -0.025277 -10.110659
v -3.701947 0.054723 -10.111545
v -3.701947 -0.025277 -10.111545
v -3.680293 0.054723 -10.132308
v -3.680293 -0.025277 -10.132308
v -3.511658 -0.029998 -10.176260
v -3.511658 0.030002 -10.176260
v -4.190110 0.030002 -9.525642
v -4.190110 -0.029998 -9.525642
v -3.608556 -0.029998 -10.277304
v -3.608556 0.030002 -10.277304
v -4.287011 -0.029998 -9.626688
v -4.287011 0.030002 -9.626688
v -4.213884 0.085805 -9.781904
v -4.220733 0.071586 -9.775126
v -4.238154 0.041291 -9.757885
v -4.208120 0.041291 -9.787615
v -4.250768 0.025805 -9.745405
v -4.245003 0.071586 -9.751109
v -4.250768 0.041291 -9.745405
v -4.213884 0.071586 -9.781904
v -4.238154 0.071586 -9.757885
v -4.245003 0.085805 -9.751109
v -4.220733 0.041291 -9.775126
v -4.208120 0.025805 -9.787615
v -3.748875 0.041291 -10.262787
v -3.761487 0.071586 -10.250305
v -3.785757 0.071586 -10.226286
v -3.791521 0.025805 -10.220579
v -3.754640 0.071586 -10.257083
v -3.778910 0.041291 -10.233065
v -3.748875 0.025805 -10.262787
v -3.791521 0.041291 -10.220579
v -3.778910 0.071586 -10.233065
v -3.785757 0.085805 -10.226286
v -3.761487 0.041291 -10.250305
v -3.754640 0.085805 -10.257083
v -3.761487 0.071586 -10.250305
v -3.785757 0.085805 -10.226285
v -3.785757 0.071586 -10.226285
v -3.778910 0.071586 -10.233064
v -3.754640 0.071586 -10.257083
v -3.754640 0.085805 -10.257083
v -3.791521 0.025805 -10.220579
v -3.748875 0.025805 -10.262786
v -3.748875 0.041291 -10.262786
v -3.761487 0.041291 -10.250305
v -3.778910 0.041291 -10.233064
v -3.791521 0.041291 -10.220579
v -4.213884 0.071586 -9.781904
v -4.213884 0.085805 -9.781904
v -4.238154 0.071586 -9.757885
v -4.220733 0.071586 -9.775126
v -4.245003 0.085805 -9.751110
v -4.245003 0.071586 -9.751110
v -4.250768 0.041291 -9.745406
v -4.250768 0.025805 -9.745406
v -4.220733 0.041291 -9.775126
v -4.238154 0.041291 -9.757885
v -4.208120 0.025805 -9.787614
v -4.208120 0.041291 -9.787614
v -4.213884 0.085805 -9.781904
v -4.220733 0.071586 -9.775126
v -4.238154 0.041291 -9.757885
v -4.208120 0.041291 -9.787615
v -4.250768 0.025805 -9.745405
v -4.250768 0.041291 -9.745405
v -4.213884 0.071586 -9.781904
v -4.238154 0.071586 -9.757885
v -4.208120 0.025805 -9.787615
v -4.213884 0.071586 -9.781904
v -4.213884 0.085805 -9.781904
v -4.238154 0.071586 -9.757885
v -4.220733 0.071586 -9.775126
v -4.245003 0.085805 -9.751110
v -4.245003 0.071586 -9.751110
v -4.250768 0.041291 -9.745406
v -4.250768 0.025805 -9.745406
v -4.208120 0.025805 -9.787614
v -4.208120 0.041291 -9.787614
v -3.748875 0.041291 -10.262787
v -3.761487 0.071586 -10.250305
v -3.785757 0.071586 -10.226286
v -3.791521 0.025805 -10.220579
v -3.754640 0.071586 -10.257083
v -3.778910 0.041291 -10.233065
v -3.748875 0.025805 -10.262787
v -3.791521 0.041291 -10.220579
v -3.778910 0.071586 -10.233065
v -3.785757 0.085805 -10.226286
v -3.761487 0.041291 -10.250305
v -3.754640 0.085805 -10.257083
v -3.761487 0.071586 -10.250305
v -3.785757 0.085805 -10.226285
v -3.785757 0.071586 -10.226285
v -3.778910 0.071586 -10.233064
v -3.754640 0.071586 -10.257083
v -3.754640 0.085805 -10.257083
v -3.791521 0.025805 -10.220579
v -3.748875 0.025805 -10.262786
v -3.748875 0.041291 -10.262786
v -3.761487 0.041291 -10.250305
v -3.778910 0.041291 -10.233064
v -3.791521 0.041291 -10.220579
vn -1.000000 -0.000000 0.002600
vn 0.000000 1.000000 -0.000000
vn 0.000000 -1.000000 -0.000000
vn 1.000000 -0.000000 -0.002600
vn -0.005200 -0.000000 1.000000
vn 1.000000 -0.000000 0.005200
vn 0.005200 -0.000000 -1.000000
vn -1.000000 -0.000000 -0.005300
vn -1.000000 -0.000000 -0.005200
vn -0.999800 -0.000000 0.018300
vn 0.999800 -0.000000 -0.018300
vn 0.010500 -0.000000 0.999900
vn 0.999900 -0.000000 -0.010500
vn -0.010500 -0.000000 -0.999900
vn -0.999900 -0.000000 0.010500
vn -0.999400 -0.000000 0.034000
vn 0.999400 -0.000000 -0.034000
vn 0.026200 -0.000000 0.999700
vn 0.999700 -0.000000 -0.026200
vn -0.026200 -0.000000 -0.999700
vn -0.999700 -0.000000 0.026200
vn -0.998800 -0.000000 0.049700
vn 0.998800 -0.000000 -0.049700
vn 0.041900 -0.000000 0.999100
vn 0.999100 -0.000000 -0.041900
vn -0.041900 -0.000000 -0.999100
vn -0.999100 -0.000000 0.041900
vn -0.997900 -0.000000 0.065400
vn 0.997900 -0.000000 -0.065400
vn 0.057500 -0.000000 0.998300
vn 0.998300 -0.000000 -0.057600
vn -0.057500 -0.000000 -0.998300
vn -0.998300 -0.000000 0.057500
vn 0.057600 -0.000000 0.998300
vn -0.998300 -0.000000 0.057600
vn -0.057600 -0.000000 -0.998300
vn -0.996700 -0.000000 0.081100
vn 0.996700 -0.000000 -0.081100
vn 0.073200 -0.000000 0.997300
vn 0.997300 -0.000000 -0.073200
vn -0.073200 -0.000000 -0.997300
vn -0.997300 -0.000000 0.073200
vn -0.073300 -0.000000 -0.997300
vn -0.995300 -0.000000 0.096700
vn 0.995300 -0.000000 -0.096700
vn 0.088900 -0.000000 0.996000
vn 0.996000 -0.000000 -0.088900
vn -0.088900 -0.000000 -0.996000
vn -0.996000 -0.000000 0.088900
vn -0.993700 -0.000000 0.112300
vn 0.993700 -0.000000 -0.112300
vn 0.104500 -0.000000 0.994500
vn 0.994500 -0.000000 -0.104500
vn -0.104500 -0.000000 -0.994500
vn -0.994500 -0.000000 0.104500
vn -0.991800 -0.000000 0.127900
vn 0.991800 -0.000000 -0.127900
vn 0.120100 -0.000000 0.992800
vn 0.992800 -0.000000 -0.120100
vn -0.120100 -0.000000 -0.992800
vn -0.992800 -0.000000 0.120100
vn -0.120200 -0.000000 -0.992800
vn -0.989700 -0.000000 0.143500
vn 0.989700 -0.000000 -0.143500
vn 0.135700 -0.000000 0.990800
vn 0.990800 -0.000000 -0.135700
vn -0.135700 -0.000000 -0.990700
vn -0.990700 -0.000000 0.135700
vn 0.135700 -0.000000 0.990700
vn 0.990700 -0.000000 -0.135700
vn -0.987300 -0.000000 0.159000
vn 0.987300 -0.000000 -0.159000
vn 0.151200 -0.000000 0.988500
vn 0.988500 -0.000000 -0.151300
vn -0.151200 -0.000000 -0.988500
vn -0.988500 -0.000000 0.151300
vn 0.151300 -0.000000 0.988500
vn -0.151300 -0.000000 -0.988500
vn -0.984700 -0.000000 0.174500
vn 0.984700 -0.000000 -0.174500
vn 0.166700 -0.000000 0.986000
vn 0.986000 -0.000000 -0.166800
vn -0.166800 -0.000000 -0.986000
vn -0.986000 -0.000000 0.166800
vn 0.166800 -0.000000 0.986000
vn -0.166700 -0.000000 -0.986000
vn -0.981800 -0.000000 0.190000
vn 0.981800 -0.000000 -0.190000
vn 0.981800 -0.000000 -0.189900
vn 0.182200 -0.000000 0.983300
vn 0.983200 -0.000000 -0.182300
vn -0.182200 -0.000000 -0.983300
vn -0.983200 -0.000000 0.182300
vn 0.983300 -0.000000 -0.182200
vn -0.983300 -0.000000 0.182200
vn -0.978700 -0.000000 0.205300
vn 0.978700 -0.000000 -0.205400
vn -0.978700 -0.000000 0.205400
vn 0.197600 -0.000000 0.980300
vn 0.980300 -0.000000 -0.197700
vn -0.197700 -0.000000 -0.980300
vn -0.980300 -0.000000 0.197700
vn -0.980300 -0.000000 0.197600
vn 0.980300 -0.000000 -0.197600
vn 0.197700 -0.000000 0.980300
vn 0.978700 -0.000000 -0.205300
vn -0.975300 -0.000000 0.220700
vn 0.975300 -0.000000 -0.220700
vn 0.213000 -0.000000 0.977000
vn 0.977000 -0.000000 -0.213000
vn -0.213000 -0.000000 -0.977100
vn -0.977000 -0.000000 0.213000
vn 0.213000 -0.000000 0.977100
vn -0.213000 -0.000000 -0.977000
vn 0.977100 -0.000000 -0.213000
vn -0.971800 -0.000000 0.236000
vn 0.971800 -0.000000 -0.236000
vn 0.228300 -0.000000 0.973600
vn 0.973600 -0.000000 -0.228300
vn -0.228300 -0.000000 -0.973600
vn -0.973600 -0.000000 0.228300
vn -0.228400 -0.000000 -0.973600
vn 0.973600 -0.000000 -0.228400
vn 0.228400 -0.000000 0.973600
vn -0.973600 -0.000000 0.228400
vn -0.967900 -0.000000 0.251200
vn 0.967900 -0.000000 -0.251200
vn 0.243600 -0.000000 0.969900
vn 0.969900 -0.000000 -0.243600
vn -0.243600 -0.000000 -0.969900
vn -0.969900 -0.000000 0.243600
vn -0.963900 -0.000000 0.266400
vn 0.963900 -0.000000 -0.266400
vn 0.258800 -0.000000 0.965900
vn 0.965900 -0.000000 -0.258800
vn -0.258800 -0.000000 -0.965900
vn -0.965900 -0.000000 0.258900
vn -0.965900 -0.000000 0.258800
vn -0.959600 -0.000000 0.281500
vn 0.959600 -0.000000 -0.281500
vn 0.273900 -0.000000 0.961800
vn 0.961700 -0.000000 -0.274000
vn -0.274000 -0.000000 -0.961700
vn -0.961700 -0.000000 0.273900
vn 0.274000 -0.000000 0.961700
vn -0.961700 -0.000000 0.274000
vn -0.273900 -0.000000 -0.961800
vn -0.955000 -0.000000 0.296500
vn 0.955000 -0.000000 -0.296500
vn -0.955000 -0.000000 0.296600
vn 0.289000 -0.000000 0.957300
vn 0.957300 -0.000000 -0.289000
vn -0.289000 -0.000000 -0.957300
vn -0.957300 -0.000000 0.289100
vn -0.957300 -0.000000 0.289000
vn -0.950200 -0.000000 0.311500
vn 0.950200 -0.000000 -0.311500
vn 0.304000 -0.000000 0.952700
vn 0.952700 -0.000000 -0.304000
vn -0.304000 -0.000000 -0.952700
vn -0.952700 -0.000000 0.304000
vn -0.952700 -0.000000 0.304100
vn 0.952700 -0.000000 -0.304100
vn -0.945200 -0.000000 0.326400
vn 0.945200 -0.000000 -0.326400
vn 0.318900 -0.000000 0.947800
vn 0.947800 -0.000000 -0.319000
vn -0.318900 -0.000000 -0.947800
vn -0.947800 -0.000000 0.318900
vn -0.947800 -0.000000 0.319000
vn 0.319000 -0.000000 0.947800
vn -0.319000 -0.000000 -0.947800
vn -0.940000 -0.000000 0.341200
vn 0.940000 -0.000000 -0.341200
vn 0.333700 -0.000000 0.942700
vn 0.942600 -0.000000 -0.333800
vn -0.333800 -0.000000 -0.942600
vn -0.942600 -0.000000 0.333800
vn 0.333800 -0.000000 0.942700
vn -0.333700 -0.000000 -0.942700
vn 0.333800 -0.000000 0.942600
vn -0.934500 -0.000000 0.355900
vn 0.934500 -0.000000 -0.355900
vn 0.348500 -0.000000 0.937300
vn 0.937300 -0.000000 -0.348500
vn -0.348600 -0.000000 -0.937300
vn -0.937300 -0.000000 0.348600
vn 0.348600 -0.000000 0.937300
vn -0.348500 -0.000000 -0.937300
vn 0.937300 -0.000000 -0.348600
vn -0.928800 -0.000000 0.370600
vn 0.928800 -0.000000 -0.370600
vn 0.363200 -0.000000 0.931700
vn 0.931700 -0.000000 -0.363300
vn -0.363300 -0.000000 -0.931700
vn -0.931700 -0.000000 0.363200
vn 0.363300 -0.000000 0.931700
vn -0.363200 -0.000000 -0.931700
vn 0.931700 -0.000000 -0.363200
vn -0.931700 -0.000000 0.363300
vn -0.922900 -0.000000 0.385100
vn 0.922900 -0.000000 -0.385100
vn 0.377900 -0.000000 0.925900
vn 0.925900 -0.000000 -0.377800
vn -0.377800 -0.000000 -0.925900
vn -0.925900 -0.000000 0.377900
vn -0.925900 -0.000000 0.377800
vn 0.377800 -0.000000 0.925900
vn -0.916700 -0.000000 0.399500
vn 0.916700 -0.000000 -0.399500
vn -0.916700 -0.000000 0.399600
vn 0.916700 -0.000000 -0.399600
vn 0.392300 -0.000000 0.919800
vn 0.919800 -0.000000 -0.392300
vn -0.392400 -0.000000 -0.919800
vn -0.919800 -0.000000 0.392300
vn -0.392300 -0.000000 -0.919800
vn -0.910300 -0.000000 0.413900
vn 0.910300 -0.000000 -0.413900
vn 0.406700 -0.000000 0.913600
vn 0.913500 -0.000000 -0.406800
vn -0.406700 -0.000000 -0.913600
vn -0.913500 -0.000000 0.406800
vn 0.406800 -0.000000 0.913500
vn -0.913500 -0.000000 0.406700
vn 0.406700 -0.000000 0.913500
vn 0.913500 -0.000000 -0.406700
vn -0.406700 -0.000000 -0.913500
vn -0.903700 -0.000000 0.428100
vn 0.903700 -0.000000 -0.428100
vn -0.903700 -0.000000 0.428200
vn 0.421000 -0.000000 0.907000
vn 0.907000 -0.000000 -0.421100
vn -0.421000 -0.000000 -0.907000
vn -0.907000 -0.000000 0.421100
vn 0.421100 -0.000000 0.907000
vn -0.907100 -0.000000 0.421000
vn -0.421000 -0.000000 -0.907100
vn 0.907000 -0.000000 -0.421000
vn -0.907000 -0.000000 0.421000
vn -0.896900 -0.000000 0.442300
vn 0.896900 -0.000000 -0.442300
vn 0.435300 -0.000000 0.900300
vn 0.900300 -0.000000 -0.435300
vn -0.435200 -0.000000 -0.900300
vn -0.900300 -0.000000 0.435200
vn 0.900300 -0.000000 -0.435200
vn 0.435200 -0.000000 0.900300
vn -0.889800 -0.000000 0.456300
vn 0.889800 -0.000000 -0.456300
vn 0.449300 -0.000000 0.893400
vn 0.893400 -0.000000 -0.449300
vn -0.449300 -0.000000 -0.893400
vn -0.893400 -0.000000 0.449300
vn 0.449400 -0.000000 0.893300
vn -0.893300 -0.000000 0.449400
vn 0.893300 -0.000000 -0.449400
vn -0.882500 -0.000000 0.470200
vn 0.882500 -0.000000 -0.470200
vn 0.463400 -0.000000 0.886200
vn 0.886200 -0.000000 -0.463300
vn -0.463300 -0.000000 -0.886200
vn -0.886200 -0.000000 0.463300
vn 0.463300 -0.000000 0.886200
vn -0.463400 -0.000000 -0.886200
vn -0.875000 -0.000000 0.484000
vn 0.875000 -0.000000 -0.484100
vn 0.875000 -0.000000 -0.484000
vn -0.875000 -0.000000 0.484100
vn 0.477200 -0.000000 0.878800
vn 0.878800 -0.000000 -0.477200
vn -0.477200 -0.000000 -0.878800
vn -0.878800 -0.000000 0.477100
vn -0.878800 -0.000000 0.477200
vn -0.867300 -0.000000 0.497700
vn 0.867300 -0.000000 -0.497700
vn 0.490900 -0.000000 0.871200
vn 0.871200 -0.000000 -0.490900
vn -0.490900 -0.000000 -0.871200
vn -0.871200 -0.000000 0.490900
vn 0.491000 -0.000000 0.871200
vn -0.859400 -0.000000 0.511300
vn 0.859400 -0.000000 -0.511300
vn 0.504500 -0.000000 0.863400
vn 0.863400 -0.000000 -0.504600
vn -0.504500 -0.000000 -0.863400
vn -0.863400 -0.000000 0.504500
vn 0.504600 -0.000000 0.863400
vn -0.863400 -0.000000 0.504600
vn -0.504600 -0.000000 -0.863400
vn 0.863400 -0.000000 -0.504500
vn -0.851300 -0.000000 0.524700
vn 0.851300 -0.000000 -0.524700
vn 0.518000 -0.000000 0.855400
vn 0.855400 -0.000000 -0.518000
vn -0.518000 -0.000000 -0.855400
vn -0.855300 -0.000000 0.518100
vn 0.518100 -0.000000 0.855300
vn -0.855400 -0.000000 0.518000
vn -0.518100 -0.000000 -0.855300
vn 0.855300 -0.000000 -0.518100
vn -0.842900 -0.000000 0.538000
vn 0.842900 -0.000000 -0.538000
vn 0.531400 -0.000000 0.847100
vn 0.847100 -0.000000 -0.531500
vn -0.531400 -0.000000 -0.847100
vn -0.847100 -0.000000 0.531400
vn 0.531500 -0.000000 0.847000
vn 0.847100 -0.000000 -0.531400
vn -0.834400 -0.000000 0.551200
vn 0.834400 -0.000000 -0.551200
vn 0.544600 -0.000000 0.838700
vn 0.838700 -0.000000 -0.544600
vn -0.544700 -0.000000 -0.838700
vn -0.838600 -0.000000 0.544700
vn 0.544700 -0.000000 0.838600
vn -0.838700 -0.000000 0.544700
vn 0.838600 -0.000000 -0.544700
vn -0.544600 -0.000000 -0.838700
vn -0.838700 -0.000000 0.544600
vn -0.825600 -0.000000 0.564200
vn 0.825600 -0.000000 -0.564200
vn 0.557700 -0.000000 0.830000
vn 0.830000 -0.000000 -0.557800
vn -0.557700 -0.000000 -0.830000
vn -0.830000 -0.000000 0.557800
vn 0.557800 -0.000000 0.830000
vn -0.557800 -0.000000 -0.830000
vn 0.830000 -0.000000 -0.557700
vn -0.830000 -0.000000 0.557700
vn -0.816600 -0.000000 0.577100
vn 0.816600 -0.000000 -0.577100
vn 0.816600 -0.000000 -0.577200
vn 0.570700 -0.000000 0.821200
vn 0.821100 -0.000000 -0.570700
vn -0.570700 -0.000000 -0.821200
vn -0.821100 -0.000000 0.570800
vn 0.570800 -0.000000 0.821100
vn -0.821100 -0.000000 0.570700
vn -0.570800 -0.000000 -0.821100
vn 0.821100 -0.000000 -0.570800
vn 0.570700 -0.000000 0.821100
vn 0.821200 -0.000000 -0.570700
vn -0.570700 -0.000000 -0.821100
vn -0.821200 -0.000000 0.570700
vn -0.816600 -0.000000 0.577200
vn -0.807500 -0.000000 0.589900
vn 0.807500 -0.000000 -0.589900
vn 0.583500 -0.000000 0.812100
vn 0.812100 -0.000000 -0.583600
vn -0.583600 -0.000000 -0.812000
vn -0.812000 -0.000000 0.583600
vn 0.583600 -0.000000 0.812000
vn -0.812100 -0.000000 0.583500
vn -0.583500 -0.000000 -0.812100
vn 0.812100 -0.000000 -0.583500
vn -0.798100 -0.000000 0.602500
vn 0.798100 -0.000000 -0.602500
vn 0.596200 -0.000000 0.802800
vn 0.802800 -0.000000 -0.596200
vn -0.596200 -0.000000 -0.802800
vn -0.802800 -0.000000 0.596300
vn 0.596300 -0.000000 0.802800
vn 0.802800 -0.000000 -0.596300
vn -0.802800 -0.000000 0.596200
vn -0.788500 -0.000000 0.615000
vn 0.788500 -0.000000 -0.615000
vn 0.608800 -0.000000 0.793400
vn 0.793300 -0.000000 -0.608800
vn -0.608800 -0.000000 -0.793300
vn -0.793300 -0.000000 0.608800
vn 0.608800 -0.000000 0.793300
vn -0.608800 -0.000000 -0.793400
vn -0.793400 -0.000000 0.608800
vn -0.788600 -0.000000 0.615000
vn -0.778800 -0.000000 0.627300
vn 0.778800 -0.000000 -0.627300
vn 0.621200 -0.000000 0.783700
vn 0.783700 -0.000000 -0.621200
vn -0.621200 -0.000000 -0.783700
vn -0.783700 -0.000000 0.621200
vn 0.621200 -0.000000 0.783600
vn 0.783600 -0.000000 -0.621200
vn -0.621100 -0.000000 -0.783700
vn -0.768800 -0.000000 0.639400
vn 0.768800 -0.000000 -0.639400
vn 0.633400 -0.000000 0.773800
vn 0.773800 -0.000000 -0.633400
vn -0.633400 -0.000000 -0.773800
vn -0.773800 -0.000000 0.633400
vn 0.633500 -0.000000 0.773800
vn 0.773800 -0.000000 -0.633500
vn -0.758700 -0.000000 0.651400
vn 0.758700 -0.000000 -0.651400
vn 0.645500 -0.000000 0.763800
vn 0.763800 -0.000000 -0.645500
vn -0.645500 -0.000000 -0.763800
vn -0.763800 -0.000000 0.645500
vn 0.645500 -0.000000 0.763700
vn -0.748400 -0.000000 0.663300
vn 0.748400 -0.000000 -0.663300
vn 0.657400 -0.000000 0.753600
vn 0.753500 -0.000000 -0.657400
vn -0.657400 -0.000000 -0.753500
vn -0.753500 -0.000000 0.657400
vn 0.657400 -0.000000 0.753500
vn -0.657300 -0.000000 -0.753600
vn 0.753600 -0.000000 -0.657400
vn -0.657400 -0.000000 -0.753600
vn -0.753600 -0.000000 0.657400
vn -0.737900 -0.000000 0.674900
vn 0.737900 -0.000000 -0.674900
vn -0.737900 -0.000000 0.675000
vn 0.669200 -0.000000 0.743100
vn 0.743100 -0.000000 -0.669200
vn -0.669200 -0.000000 -0.743100
vn -0.743100 -0.000000 0.669200
vn -0.669100 -0.000000 -0.743200
vn 0.669100 -0.000000 0.743100
vn 0.743100 -0.000000 -0.669100
vn -0.669100 -0.000000 -0.743100
vn -0.743100 -0.000000 0.669100
vn -0.727200 -0.000000 0.686500
vn 0.727200 -0.000000 -0.686400
vn 0.727200 -0.000000 -0.686500
vn 0.680700 -0.000000 0.732500
vn 0.732500 -0.000000 -0.680800
vn -0.680800 -0.000000 -0.732500
vn -0.732500 -0.000000 0.680800
vn 0.680800 -0.000000 0.732500
vn -0.680700 -0.000000 -0.732500
vn 0.732500 -0.000000 -0.680700
vn -0.732500 -0.000000 0.680700
vn -0.717300 -0.000000 0.696700
vn 0.717300 -0.000000 -0.696700
vn -0.718500 -0.000000 0.695500
vn 0.718500 -0.000000 -0.695500
vn 0.692200 -0.000000 0.721700
vn 0.721700 -0.000000 -0.692200
vn -0.692100 -0.000000 -0.721800
vn -0.721700 -0.000000 0.692200
vn 0.692100 -0.000000 0.721800
vn 0.721800 -0.000000 -0.692100
vn -0.721800 -0.000000 0.692100
vt 0.000000 0.089593
vt 0.000512 0.312903
vt 0.906075 0.219937
vt 0.905875 0.025761
vt 0.000512 0.321630
vt 0.905875 0.012881
vt 0.000512 0.330358
vt 0.905875 0.121202
vt 0.000000 0.000000
vt 0.000512 0.321630
vt 0.906075 0.259595
vt 0.000000 0.012881
vt 0.905875 0.034093
vt -0.000122 0.156096
vt -0.000122 0.210448
vt 0.000000 0.048121
vt 0.906075 0.297453
vt 0.000000 0.062150
vt 0.000000 0.062150
vt 0.906075 0.281378
vt 0.906075 0.312903
vt 0.905875 0.093759
vt 0.905875 0.048121
vt 0.906075 0.296828
vt 0.905875 0.012881
vt 0.000512 0.321630
vt 0.905875 0.025761
vt 0.906075 0.219937
vt 0.000512 0.312903
vt 0.000000 0.089593
vt 0.905875 0.121202
vt 0.000512 0.330358
vt 0.000000 0.012881
vt 0.906075 0.259595
vt 0.000512 0.321630
vt 0.000000 0.000000
vt 0.000000 0.062150
vt 0.906075 0.297453
vt 0.000000 0.048121
vt -0.000122 0.210448
vt 0.905875 0.093759
vt 0.906075 0.312903
vt 0.906075 0.281378
vt 0.000000 0.062150
vt -0.000122 0.156096
vt 0.905875 0.034093
vt 0.906075 0.296828
vt 0.905875 0.048121
vt 0.999050 0.183297
vt 0.939310 0.183297
vt 0.999050 0.342604
vt 0.939310 0.342604
vt 0.985655 0.132863
vt 0.939310 0.342604
vt 0.999050 0.342604
vt 0.939081 0.132863
vt 0.939310 0.183297
vt 0.999050 0.183297
vt 0.999050 0.183297
vt 0.939310 0.183297
vt 0.999050 0.342604
vt 0.939310 0.342604
vt 0.985655 0.179437
vt 0.999050 0.183297
vt 0.939310 0.183297
vt 0.999050 0.342604
vt 0.939310 0.342604
vt 0.939081 0.179437
vt 0.939310 0.342604
vt 0.999050 0.342604
vt 0.939081 0.132863
vt 0.999050 0.342604
vt 0.939310 0.342604
vt 0.985655 0.132863
vt 0.999050 0.183297
vt 0.939310 0.183297
vt 0.939310 0.183297
vt 0.999050 0.183297
vt 0.999050 0.342604
vt 0.939310 0.342604
vt 0.985655 0.179437
vt 0.999050 0.183297
vt 0.939310 0.183297
vt 0.999050 0.342604
vt 0.939310 0.342604
vt 0.939081 0.179437
vt 0.999050 0.183297
vt 0.939310 0.183297
vt 0.979692 0.781451
vt -0.000781 0.656284
vt 0.998987 0.652658
vt 0.979692 0.844034
vt -0.000781 0.718868
vt 1.000000 0.851064
vt -0.000781 0.844034
vt 0.302823 0.718868
vt 0.000000 0.851064
vt -0.000781 0.781451
vt 0.302823 0.656284
vt 0.001647 0.652658
vt 0.145247 0.656284
vt -0.000781 0.718868
vt 0.998987 0.504118
vt 0.145247 0.718868
vt -0.000781 0.781451
vt 1.000000 1.000000
vt 0.979692 0.718868
vt 0.156795 0.656284
vt 0.001647 0.504118
vt 0.979692 0.781451
vt 0.156795 0.718868
vt 0.000000 1.000000
vt 0.679406 0.025761
vt 0.679606 0.219937
vt 0.679406 0.121202
vt 0.226981 0.330358
vt 0.679606 0.281378
vt 0.226469 0.062150
vt 0.679606 0.296828
vt 0.679406 0.048121
vt 0.226469 0.048121
vt 0.226347 0.210448
vt 0.226981 0.321630
vt 0.226469 0.000000
vt 0.226469 0.062150
vt 0.679606 0.297453
vt 0.679406 0.012881
vt 0.226981 0.321630
vt 0.226981 0.312903
vt 0.226469 0.089593
vt 0.226469 0.012881
vt 0.679606 0.259595
vt 0.679406 0.093759
vt 0.679606 0.312903
vt 0.226347 0.156096
vt 0.679406 0.034093
vt 0.679606 0.297453
vt 0.226469 0.062150
vt 0.226469 0.089593
vt 0.226981 0.312903
vt 0.226981 0.321630
vt 0.679406 0.012881
vt 0.679406 0.034093
vt 0.226347 0.156096
vt 0.226469 0.000000
vt 0.226981 0.321630
vt 0.679606 0.312903
vt 0.679406 0.093759
vt 0.226347 0.210448
vt 0.226469 0.048121
vt 0.679406 0.048121
vt 0.679606 0.296828
vt 0.226981 0.330358
vt 0.679406 0.121202
vt 0.679606 0.219937
vt 0.679406 0.025761
vt 0.226469 0.062150
vt 0.679606 0.281378
vt 0.679606 0.259595
vt 0.226469 0.012881
vt 0.000000 0.089593
vt 0.000512 0.312903
vt 0.906075 0.219937
vt 0.905875 0.025761
vt 0.000512 0.321630
vt 0.905875 0.012881
vt 0.000512 0.330358
vt 0.905875 0.121202
vt 0.000000 0.000000
vt 0.000512 0.321630
vt 0.906075 0.259595
vt 0.000000 0.012881
vt 0.905875 0.034093
vt -0.000122 0.156096
vt -0.000122 0.210448
vt 0.000000 0.048121
vt 0.906075 0.297453
vt 0.000000 0.062150
vt 0.000000 0.062150
vt 0.906075 0.281378
vt 0.906075 0.312903
vt 0.905875 0.093759
vt 0.905875 0.048121
vt 0.906075 0.296828
vt 0.905875 0.012881
vt 0.000512 0.321630
vt 0.905875 0.025761
vt 0.906075 0.219937
vt 0.000512 0.312903
vt 0.000000 0.089593
vt 0.905875 0.121202
vt 0.000512 0.330358
vt 0.000000 0.012881
vt 0.906075 0.259595
vt 0.000512 0.321630
vt 0.000000 0.000000
vt 0.000000 0.062150
vt 0.906075 0.297453
vt 0.000000 0.048121
vt -0.000122 0.210448
vt 0.905875 0.093759
vt 0.906075 0.312903
vt 0.906075 0.281378
vt 0.000000 0.062150
vt -0.000122 0.156096
vt 0.905875 0.034093
vt 0.906075 0.296828
vt 0.905875 0.048121
vt 0.999050 0.183297
vt 0.939310 0.183297
vt 0.999050 0.342604
vt 0.939310 0.342604
vt 0.985655 0.132863
vt 0.939310 0.342604
vt 0.999050 0.342604
vt 0.939081 0.132863
vt 0.939310 0.183297
vt 0.999050 0.183297
vt 0.999050 0.183297
vt 0.939310 0.183297
vt 0.999050 0.342604
vt 0.939310 0.342604
vt 0.985655 0.179437
vt 0.999050 0.183297
vt 0.939310 0.183297
vt 0.999050 0.342604
vt 0.939310 0.342604
vt 0.939081 0.179437
vt 0.939310 0.342604
vt 0.999050 0.342604
vt 0.939081 0.132863
vt 0.999050 0.342604
vt 0.939310 0.342604
vt 0.985655 0.132863
vt 0.999050 0.183297
vt 0.939310 0.183297
vt 0.939310 0.183297
vt 0.999050 0.183297
vt 0.999050 0.342604
vt 0.939310 0.342604
vt 0.985655 0.179437
vt 0.999050 0.183297
vt 0.939310 0.183297
vt 0.999050 0.342604
vt 0.939310 0.342604
vt 0.939081 0.179437
vt 0.999050 0.183297
vt 0.939310 0.183297
vt 0.979692 0.781451
vt -0.000781 0.656284
vt 0.998987 0.652658
vt 0.979692 0.844034
vt -0.000781 0.718868
vt 1.000000 0.851064
vt -0.000781 0.844034
vt 0.302823 0.718868
vt 0.000000 0.851064
vt -0.000781 0.781451
vt 0.302823 0.656284
vt 0.001647 0.652658
vt 0.145247 0.656284
vt -0.000781 0.718868
vt 0.998987 0.504118
vt 0.145247 0.718868
vt -0.000781 0.781451
vt 1.000000 1.000000
vt 0.979692 0.718868
vt 0.156795 0.656284
vt 0.001647 0.504118
vt 0.979692 0.781451
vt 0.156795 0.718868
vt 0.000000 1.000000
vt 0.679406 0.025761
vt 0.679606 0.219937
vt 0.679406 0.121202
vt 0.226981 0.330358
vt 0.679606 0.281378
vt 0.226469 0.062150
vt 0.679606 0.296828
vt 0.679406 0.048121
vt 0.226469 0.048121
vt 0.226347 0.210448
vt 0.226981 0.321630
vt 0.226469 0.000000
vt 0.226469 0.062150
vt 0.679606 0.297453
vt 0.679406 0.012881
vt 0.226981 0.321630
vt 0.226981 0.312903
vt 0.226469 0.089593
vt 0.226469 0.012881
vt 0.679606 0.259595
vt 0.679406 0.093759
vt 0.679606 0.312903
vt 0.226347 0.156096
vt 0.679406 0.034093
vt 0.679606 0.297453
vt 0.226469 0.062150
vt 0.226469 0.089593
vt 0.226981 0.312903
vt 0.226981 0.321630
vt 0.679406 0.012881
vt 0.679406 0.034093
vt 0.226347 0.156096
vt 0.226469 0.000000
vt 0.226981 0.321630
vt 0.679606 0.312903
vt 0.679406 0.093759
vt 0.226347 0.210448
vt 0.226469 0.048121
vt 0.679406 0.048121
vt 0.679606 0.296828
vt 0.226981 0.330358
vt 0.679406 0.121202
vt 0.679606 0.219937
vt 0.679406 0.025761
vt 0.226469 0.062150
vt 0.679606 0.281378
vt 0.679606 0.259595
vt 0.226469 0.012881
vt 0.000000 0.089593
vt 0.000512 0.312903
vt 0.906075 0.219937
vt 0.905875 0.025761
vt 0.000512 0.321630
vt 0.905875 0.012881
vt 0.000512 0.330358
vt 0.905875 0.121202
vt 0.000000 0.000000
vt 0.000512 0.321630
vt 0.906075 0.259595
vt 0.000000 0.012881
vt 0.905875 0.034093
vt -0.000122 0.156096
vt -0.000122 0.210448
vt 0.000000 0.048121
vt 0.906075 0.297453
vt 0.000000 0.062150
vt 0.000000 0.062150
vt 0.906075 0.281378
vt 0.906075 0.312903
vt 0.905875 0.093759
vt 0.905875 0.048121
vt 0.906075 0.296828
vt 0.905875 0.012881
vt 0.000512 0.321630
vt 0.905875 0.025761
vt 0.906075 0.219937
vt 0.000512 0.312903
vt 0.000000 0.089593
vt 0.905875 0.121202
vt 0.000512 0.330358
vt 0.000000 0.012881
vt 0.906075 0.259595
vt 0.000512 0.321630
vt 0.000000 0.000000
vt 0.000000 0.062150
vt 0.906075 0.297453
vt 0.000000 0.048121
vt -0.000122 0.210448
vt 0.905875 0.093759
vt 0.906075 0.312903
vt 0.906075 0.281378
vt 0.000000 0.062150
vt -0.000122 0.156096
vt 0.905875 0.034093
vt 0.906075 0.296828
vt 0.905875 0.048121
vt 0.999050 0.183297
vt 0.939310 0.183297
vt 0.999050 0.342604
vt 0.939310 0.342604
vt 0.985655 0.132863
vt 0.939310 0.342604
vt 0.999050 0.342604
vt 0.939081 0.132863
vt 0.939310 0.183297
vt 0.999050 0.183297
vt 0.999050 0.183297
vt 0.939310 0.183297
vt 0.999050 0.342604
vt 0.939310 0.342604
vt 0.985655 0.179437
vt 0.999050 0.183297
vt 0.939310 0.183297
vt 0.999050 0.342604
vt 0.939310 0.342604
vt 0.939081 0.179437
vt 0.939310 0.342604
vt 0.999050 0.342604
vt 0.939081 0.132863
vt 0.999050 0.342604
vt 0.939310 0.342604
vt 0.985655 0.132863
vt 0.999050 0.183297
vt 0.939310 0.183297
vt 0.939310 0.183297
vt 0.999050 0.183297
vt 0.999050 0.342604
vt 0.939310 0.342604
vt 0.985655 0.179437
vt 0.999050 0.183297
vt 0.939310 0.183297
vt 0.999050 0.342604
vt 0.939310 0.342604
vt 0.939081 0.179437
vt 0.999050 0.183297
vt 0.939310 0.183297
vt 0.979692 0.781451
vt -0.000781 0.656284
vt 0.998987 0.652658
vt 0.979692 0.844034
vt -0.000781 0.718868
vt 1.000000 0.851064
vt -0.000781 0.844034
vt 0.302823 0.718868
vt 0.000000 0.851064
vt -0.000781 0.781451
vt 0.302823 0.656284
vt 0.001647 0.652658
vt 0.145247 0.656284
vt -0.000781 0.718868
vt 0.998987 0.504118
vt 0.145247 0.718868
vt -0.000781 0.781451
vt 1.000000 1.000000
vt 0.979692 0.718868
vt 0.156795 0.656284
vt 0.001647 0.504118
vt 0.979692 0.781451
vt 0.156795 0.718868
vt 0.000000 1.000000
vt 0.679406 0.025761
vt 0.679606 0.219937
vt 0.679406 0.121202
vt 0.226981 0.330358
vt 0.679606 0.281378
vt 0.226469 0.062150
vt 0.679606 0.296828
vt 0.679406 0.048121
vt 0.226469 0.048121
vt 0.226347 0.210448
vt 0.226981 0.321630
vt 0.226469 0.000000
vt 0.226469 0.062150
vt 0.679606 0.297453
vt 0.679406 0.012881
vt 0.226981 0.321630
vt 0.226981 0.312903
vt 0.226469 0.089593
vt 0.226469 0.012881
vt 0.679606 0.259595
vt 0.679406 0.093759
vt 0.679606 0.312903
vt 0.226347 0.156096
vt 0.679406 0.034093
vt 0.679606 0.297453
vt 0.226469 0.062150
vt 0.226469 0.089593
vt 0.226981 0.312903
vt 0.226981 0.321630
vt 0.679406 0.012881
vt 0.679406 0.034093
vt 0.226347 0.156096
vt 0.226469 0.000000
vt 0.226981 0.321630
vt 0.679606 0.312903
vt 0.679406 0.093759
vt 0.226347 0.210448
vt 0.226469 0.048121
vt 0.679406 0.048121
vt 0.679606 0.296828
vt 0.226981 0.330358
vt 0.679406 0.121202
vt 0.679606 0.219937
vt 0.679406 0.025761
vt 0.226469 0.062150
vt 0.679606 0.281378
vt 0.679606 0.259595
vt 0.226469 0.012881
vt 0.000000 0.089593
vt 0.000512 0.312903
vt 0.906075 0.219937
vt 0.905875 0.025761
vt 0.000512 0.321630
vt 0.905875 0.012881
vt 0.000512 0.330358
vt 0.905875 0.121202
vt 0.000000 0.000000
vt 0.000512 0.321630
vt 0.906075 0.259595
vt 0.000000 0.012881
vt 0.905875 0.034093
vt -0.000122 0.156096
vt -0.000122 0.210448
vt 0.000000 0.048121
vt 0.906075 0.297453
vt 0.000000 0.062150
vt 0.000000 0.062150
vt 0.906075 0.281378
vt 0.906075 0.312903
vt 0.905875 0.093759
vt 0.905875 0.048121
vt 0.906075 0.296828
vt 0.905875 0.012881
vt 0.000512 0.321630
vt 0.905875 0.025761
vt 0.906075 0.219937
vt 0.000512 0.312903
vt 0.000000 0.089593
vt 0.905875 0.121202
vt 0.000512 0.330358
vt 0.000000 0.012881
vt 0.906075 0.259595
vt 0.000512 0.321630
vt 0.000000 0.000000
vt 0.000000 0.062150
vt 0.906075 0.297453
vt 0.000000 0.048121
vt -0.000122 0.210448
vt 0.905875 0.093759
vt 0.906075 0.312903
vt 0.906075 0.281378
vt 0.000000 0.062150
vt -0.000122 0.156096
vt 0.905875 0.034093
vt 0.906075 0.296828
vt 0.905875 0.048121
vt 0.999050 0.183297
vt 0.939310 0.183297
vt 0.999050 0.342604
vt 0.939310 0.342604
vt 0.985655 0.132863
vt 0.939310 0.342604
vt 0.999050 0.342604
vt 0.939081 0.132863
vt 0.939310 0.183297
vt 0.999050 0.183297
vt 0.999050 0.183297
vt 0.939310 0.183297
vt 0.999050 0.342604
vt 0.939310 0.342604
vt 0.985655 0.179437
vt 0.999050 0.183297
vt 0.939310 0.183297
vt 0.999050 0.342604
vt 0.939310 0.342604
vt 0.939081 0.179437
vt 0.939310 0.342604
vt 0.999050 0.342604
vt 0.939081 0.132863
vt 0.999050 0.342604
vt 0.939310 0.342604
vt 0.985655 0.132863
vt 0.999050 0.183297
vt 0.939310 0.183297
vt 0.939310 0.183297
vt 0.999050 0.183297
vt 0.999050 0.342604
vt 0.939310 0.342604
vt 0.985655 0.179437
vt 0.999050 0.183297
vt 0.939310 0.183297
vt 0.999050 0.342604
vt 0.939310 0.342604
vt 0.939081 0.179437
vt 0.999050 0.183297
vt 0.939310 0.183297
vt 0.979692 0.781451
vt -0.000781 0.656284
vt 0.998987 0.652658
vt 0.979692 0.844034
vt -0.000781 0.718868
vt 1.000000 0.851064
vt -0.000781 0.844034
vt 0.302823 0.718868
vt 0.000000 0.851064
vt -0.000781 0.781451
vt 0.302823 0.656284
vt 0.001647 0.652658
vt 0.145247 0.656284
vt -0.000781 0.718868
vt 0.998987 0.504118
vt 0.145247 0.718868
vt -0.000781 0.781451
vt 1.000000 1.000000
vt 0.979692 0.718868
vt 0.156795 0.656284
vt 0.001647 0.504118
vt 0.979692 0.781451
vt 0.156795 0.718868
vt 0.000000 1.000000
vt 0.679406 0.025761
vt 0.679606 0.219937
vt 0.679406 0.121202
vt 0.226981 0.330358
vt 0.679606 0.281378
vt 0.226469 0.062150
vt 0.679606 0.296828
vt 0.679406 0.048121
vt 0.226469 0.048121
vt 0.226347 0.210448
vt 0.226981 0.321630
vt 0.226469 0.000000
vt 0.226469 0.062150
vt 0.679606 0.297453
vt 0.679406 0.012881
vt 0.226981 0.321630
vt 0.226981 0.312903
vt 0.226469 0.089593
vt 0.226469 0.012881
vt 0.679606 0.259595
vt 0.679406 0.093759
vt 0.679606 0.312903
vt 0.226347 0.156096
vt 0.679406 0.034093
vt 0.679606 0.297453
vt 0.226469 0.062150
vt 0.226469 0.089593
vt 0.226981 0.312903
vt 0.226981 0.321630
vt 0.679406 0.012881
vt 0.679406 0.034093
vt 0.226347 0.156096
vt 0.226469 0.000000
vt 0.226981 0.321630
vt 0.679606 0.312903
vt 0.679406 0.093759
vt 0.226347 0.210448
vt 0.226469 0.048121
vt 0.679406 0.048121
vt 0.679606 0.296828
vt 0.226981 0.330358
vt 0.679406 0.121202
vt 0.679606 0.219937
vt 0.679406 0.025761
vt 0.226469 0.062150
vt 0.679606 0.281378
vt 0.679606 0.259595
vt 0.226469 0.012881
vt 0.000000 0.089593
vt 0.000512 0.312903
vt 0.906075 0.219937
vt 0.905875 0.025761
vt 0.000512 0.321630
vt 0.905875 0.012881
vt 0.000512 0.330358
vt 0.905875 0.121202
vt 0.000000 0.000000
vt 0.000512 0.321630
vt 0.906075 0.259595
vt 0.000000 0.012881
vt 0.905875 0.034093
vt -0.000122 0.156096
vt -0.000122 0.210448
vt 0.000000 0.048121
vt 0.906075 0.297453
vt 0.000000 0.062150
vt 0.000000 0.062150
vt 0.906075 0.281378
vt 0.906075 0.312903
vt 0.905875 0.093759
vt 0.905875 0.048121
vt 0.906075 0.296828
vt 0.905875 0.012881
vt 0.000512 0.321630
vt 0.905875 0.025761
vt 0.906075 0.219937
vt 0.000512 0.312903
vt 0.000000 0.089593
vt 0.905875 0.121202
vt 0.000512 0.330358
vt 0.000000 0.012881
vt 0.906075 0.259595
vt 0.000512 0.321630
vt 0.000000 0.000000
vt 0.000000 0.062150
vt 0.906075 0.297453
vt 0.000000 0.048121
vt -0.000122 0.210448
vt 0.905875 0.093759
vt 0.906075 0.312903
vt 0.906075 0.281378
vt 0.000000 0.062150
vt -0.000122 0.156096
vt 0.905875 0.034093
vt 0.906075 0.296828
vt 0.905875 0.048121
vt 0.999050 0.183297
vt 0.939310 0.183297
vt 0.999050 0.342604
vt 0.939310 0.342604
vt 0.985655 0.132863
vt 0.939310 0.342604
vt 0.999050 0.342604
vt 0.939081 0.132863
vt 0.939310 0.183297
vt 0.999050 0.183297
vt 0.999050 0.183297
vt 0.939310 0.183297
vt 0.999050 0.342604
vt 0.939310 0.342604
vt 0.985655 0.179437
vt 0.999050 0.183297
vt 0.939310 0.183297
vt 0.999050 0.342604
vt 0.939310 0.342604
vt 0.939081 0.179437
vt 0.939310 0.342604
vt 0.999050 0.342604
vt 0.939081 0.132863
vt 0.999050 0.342604
vt 0.939310 0.342604
vt 0.985655 0.132863
vt 0.999050 0.183297
vt 0.939310 0.183297
vt 0.939310 0.183297
vt 0.999050 0.183297
vt 0.999050 0.342604
vt 0.939310 0.342604
vt 0.985655 0.179437
vt 0.999050 0.183297
vt 0.939310 0.183297
vt 0.999050 0.342604
vt 0.939310 0.342604
vt 0.939081 0.179437
vt 0.999050 0.183297
vt 0.939310 0.183297
vt 0.979692 0.781451
vt -0.000781 0.656284
vt 0.998987 0.652658
vt 0.979692 0.844034
vt -0.000781 0.718868
vt 1.000000 0.851064
vt -0.000781 0.844034
vt 0.302823 0.718868
vt 0.000000 0.851064
vt -0.000781 0.781451
vt 0.302823 0.656284
vt 0.001647 0.652658
vt 0.145247 0.656284
vt -0.000781 0.718868
vt 0.998987 0.504118
vt 0.145247 0.718868
vt -0.000781 0.781451
vt 1.000000 1.000000
vt 0.979692 0.718868
vt 0.156795 0.656284
vt 0.001647 0.504118
vt 0.979692 0.781451
vt 0.156795 0.718868
vt 0.000000 1.000000
vt 0.679406 0.025761
vt 0.679606 0.219937
vt 0.679406 0.121202
vt 0.226981 0.330358
vt 0.679606 0.281378
vt 0.226469 0.062150
vt 0.679606 0.296828
vt 0.679406 0.048121
vt 0.226469 0.048121
vt 0.226347 0.210448
vt 0.226981 0.321630
vt 0.226469 0.000000
vt 0.226469 0.062150
vt 0.679606 0.297453
vt 0.679406 0.012881
vt 0.226981 0.321630
vt 0.226981 0.312903
vt 0.226469 0.089593
vt 0.226469 0.012881
vt 0.679606 0.259595
vt 0.679406 0.093759
vt 0.679606 0.312903
vt 0.226347 0.156096
vt 0.679406 0.034093
vt 0.679606 0.297453
vt 0.226469 0.062150
vt 0.226469 0.089593
vt 0.226981 0.312903
vt 0.226981 0.321630
vt 0.679406 0.012881
vt 0.679406 0.034093
vt 0.226347 0.156096
vt 0.226469 0.000000
vt 0.226981 0.321630
vt 0.679606 0.312903
vt 0.679406 0.093759
vt 0.226347 0.210448
vt 0.226469 0.048121
vt 0.679406 0.048121
vt 0.679606 0.296828
vt 0.226981 0.330358
vt 0.679406 0.121202
vt 0.679606 0.219937
vt 0.679406 0.025761
vt 0.226469 0.062150
vt 0.679606 0.281378
vt 0.679606 0.259595
vt 0.226469 0.012881
vt 0.000000 0.089593
vt 0.000512 0.312903
vt 0.906075 0.219937
vt 0.905875 0.025761
vt 0.000512 0.321630
vt 0.905875 0.012881
vt 0.000512 0.330358
vt 0.905875 0.121202
vt 0.000000 0.000000
vt 0.000512 0.321630
vt 0.906075 0.259595
vt 0.000000 0.012881
vt 0.905875 0.034093
vt -0.000122 0.156096
vt -0.000122 0.210448
vt 0.000000 0.048121
vt 0.906075 0.297453
vt 0.000000 0.062150
vt 0.000000 0.062150
vt 0.906075 0.281378
vt 0.906075 0.312903
vt 0.905875 0.093759
vt 0.905875 0.048121
vt 0.906075 0.296828
vt 0.905875 0.012881
vt 0.000512 0.321630
vt 0.905875 0.025761
vt 0.906075 0.219937
vt 0.000512 0.312903
vt 0.000000 0.089593
vt 0.905875 0.121202
vt 0.000512 0.330358
vt 0.000000 0.012881
vt 0.906075 0.259595
vt 0.000512 0.321630
vt 0.000000 0.000000
vt 0.000000 0.062150
vt 0.906075 0.297453
vt 0.000000 0.048121
vt -0.000122 0.210448
vt 0.905875 0.093759
vt 0.906075 0.312903
vt 0.906075 0.281378
vt 0.000000 0.062150
vt -0.000122 0.156096
vt 0.905875 0.034093
vt 0.906075 0.296828
vt 0.905875 0.048121
vt 0.999050 0.183297
vt 0.939310 0.183297
vt 0.999050 0.342604
vt 0.939310 0.342604
vt 0.985655 0.132863
vt 0.939310 0.342604
vt 0.999050 0.342604
vt 0.939081 0.132863
vt 0.939310 0.183297
vt 0.999050 0.183297
vt 0.999050 0.183297
vt 0.939310 0.183297
vt 0.999050 0.342604
vt 0.939310 0.342604
vt 0.985655 0.179437
vt 0.999050 0.183297
vt 0.939310 0.183297
vt 0.999050 0.342604
vt 0.939310 0.342604
vt 0.939081 0.179437
vt 0.939310 0.342604
vt 0.999050 0.342604
vt 0.939081 0.132863
vt 0.999050 0.342604
vt 0.939310 0.342604
vt 0.985655 0.132863
vt 0.999050 0.183297
vt 0.939310 0.183297
vt 0.939310 0.183297
vt 0.999050 0.183297
vt 0.999050 0.342604
vt 0.939310 0.342604
vt 0.985655 0.179437
vt 0.999050 0.183297
vt 0.939310 0.183297
vt 0.999050 0.342604
vt 0.939310 0.342604
vt 0.939081 0.179437
vt 0.999050 0.183297
vt 0.939310 0.183297
vt 0.979692 0.781451
vt -0.000781 0.656284
vt 0.998987 0.652658
vt 0.979692 0.844034
vt -0.000781 0.718868
vt 1.000000 0.851064
vt -0.000781 0.844034
vt 0.302823 0.718868
vt 0.000000 0.851064
vt -0.000781 0.781451
vt 0.302823 0.656284
vt 0.001647 0.652658
vt 0.145247 0.656284
vt -0.000781 0.718868
vt 0.998987 0.504118
vt 0.145247 0.718868
vt -0.000781 0.781451
vt 1.000000 1.000000
vt 0.979692 0.718868
vt 0.156795 0.656284
vt 0.001647 0.504118
vt 0.979692 0.781451
vt 0.156795 0.718868
vt 0.000000 1.000000
vt 0.679406 0.025761
vt 0.679606 0.219937
vt 0.679406 0.121202
vt 0.226981 0.330358
vt 0.679606 0.281378
vt 0.226469 0.062150
vt 0.679606 0.296828
vt 0.679406 0.048121
vt 0.226469 0.048121
vt 0.226347 0.210448
vt 0.226981 0.321630
vt 0.226469 0.000000
vt 0.226469 0.062150
vt 0.679606 0.297453
vt 0.679406 0.012881
vt 0.226981 0.321630
vt 0.226981 0.312903
vt 0.226469 0.089593
vt 0.226469 0.012881
vt 0.679606 0.259595
vt 0.679406 0.093759
vt 0.679606 0.312903
vt 0.226347 0.156096
vt 0.679406 0.034093
vt 0.679606 0.297453
vt 0.226469 0.062150
vt 0.226469 0.089593
vt 0.226981 0.312903
vt 0.226981 0.321630
vt 0.679406 0.012881
vt 0.679406 0.034093
vt 0.226347 0.156096
vt 0.226469 0.000000
vt 0.226981 0.321630
vt 0.679606 0.312903
vt 0.679406 0.093759
vt 0.226347 0.210448
vt 0.226469 0.048121
vt 0.679406 0.048121
vt 0.679606 0.296828
vt 0.226981 0.330358
vt 0.679406 0.121202
vt 0.679606 0.219937
vt 0.679406 0.025761
vt 0.226469 0.062150
vt 0.679606 0.281378
vt 0.679606 0.259595
vt 0.226469 0.012881
vt 0.000000 0.089593
vt 0.000512 0.312903
vt 0.906075 0.219937
vt 0.905875 0.025761
vt 0.000512 0.321630
vt 0.905875 0.012881
vt 0.000512 0.330358
vt 0.905875 0.121202
vt 0.000000 0.000000
vt 0.000512 0.321630
vt 0.906075 0.259595
vt 0.000000 0.012881
vt 0.905875 0.034093
vt -0.000122 0.156096
vt -0.000122 0.210448
vt 0.000000 0.048121
vt 0.906075 0.297453
vt 0.000000 0.062150
vt 0.000000 0.062150
vt 0.906075 0.281378
vt 0.906075 0.312903
vt 0.905875 0.093759
vt 0.905875 0.048121
vt 0.906075 0.296828
vt 0.905875 0.012881
vt 0.000512 0.321630
vt 0.905875 0.025761
vt 0.906075 0.219937
vt 0.000512 0.312903
vt 0.000000 0.089593
vt 0.905875 0.121202
vt 0.000512 0.330358
vt 0.000000 0.012881
vt 0.906075 0.259595
vt 0.000512 0.321630
vt 0.000000 0.000000
vt 0.000000 0.062150
vt 0.906075 0.297453
vt 0.000000 0.048121
vt -0.000122 0.210448
vt 0.905875 0.093759
vt 0.906075 0.312903
vt 0.906075 0.281378
vt 0.000000 0.062150
vt -0.000122 0.156096
vt 0.905875 0.034093
vt 0.906075 0.296828
vt 0.905875 0.048121
vt 0.999050 0.183297
vt 0.939310 0.183297
vt 0.999050 0.342604
vt 0.939310 0.342604
vt 0.985655 0.132863
vt 0.939310 0.342604
vt 0.999050 0.342604
vt 0.939081 0.132863
vt 0.939310 0.183297
vt 0.999050 0.183297
vt 0.999050 0.183297
vt 0.939310 0.183297
vt 0.999050 0.342604
vt 0.939310 0.342604
vt 0.985655 0.179437
vt 0.999050 0.183297
vt 0.939310 0.183297
vt 0.999050 0.342604
vt 0.939310 0.342604
vt 0.939081 0.179437
vt 0.939310 0.342604
vt 0.999050 0.342604
vt 0.939081 0.132863
vt 0.999050 0.342604
vt 0.939310 0.342604
vt 0.985655 0.132863
vt 0.999050 0.183297
vt 0.939310 0.183297
vt 0.939310 0.183297
vt 0.999050 0.183297
vt 0.999050 0.342604
vt 0.939310 0.342604
vt 0.985655 0.179437
vt 0.999050 0.183297
vt 0.939310 0.183297
vt 0.999050 0.342604
vt 0.939310 0.342604
vt 0.939081 0.179437
vt 0.999050 0.183297
vt 0.939310 0.183297
vt 0.979692 0.781451
vt -0.000781 0.656284
vt 0.998987 0.652658
vt 0.979692 0.844034
vt -0.000781 0.718868
vt 1.000000 0.851064
vt -0.000781 0.844034
vt 0.302823 0.718868
vt 0.000000 0.851064
vt -0.000781 0.781451
vt 0.302823 0.656284
vt 0.001647 0.652658
vt 0.145247 0.656284
vt -0.000781 0.718868
vt 0.998987 0.504118
vt 0.145247 0.718868
vt -0.000781 0.781451
vt 1.000000 1.000000
vt 0.979692 0.718868
vt 0.156795 0.656284
vt 0.001647 0.504118
vt 0.979692 0.781451
vt 0.156795 0.718868
vt 0.000000 1.000000
vt 0.679406 0.025761
vt 0.679606 0.219937
vt 0.679406 0.121202
vt 0.226981 0.330358
vt 0.679606 0.281378
vt 0.226469 0.062150
vt 0.679606 0.296828
vt 0.679406 0.048121
vt 0.226469 0.048121
vt 0.226347 0.210448
vt 0.226981 0.321630
vt 0.226469 0.000000
vt 0.226469 0.062150
vt 0.679606 0.297453
vt 0.679406 0.012881
vt 0.226981 0.321630
vt 0.226981 0.312903
vt 0.226469 0.089593
vt 0.226469 0.012881
vt 0.679606 0.259595
vt 0.679406 0.093759
vt 0.679606 0.312903
vt 0.226347 0.156096
vt 0.679406 0.034093
vt 0.679606 0.297453
vt 0.226469 0.062150
vt 0.226469 0.089593
vt 0.226981 0.312903
vt 0.226981 0.321630
vt 0.679406 0.012881
vt 0.679406 0.034093
vt 0.226347 0.156096
vt 0.226469 0.000000
vt 0.226981 0.321630
vt 0.679606 0.312903
vt 0.679406 0.093759
vt 0.226347 0.210448
vt 0.226469 0.048121
vt 0.679406 0.048121
vt 0.679606 0.296828
vt 0.226981 0.330358
vt 0.679406 0.121202
vt 0.679606 0.219937
vt 0.679406 0.025761
vt 0.226469 0.062150
vt 0.679606 0.281378
vt 0.679606 0.259595
vt 0.226469 0.012881
vt 0.000000 0.089593
vt 0.000512 0.312903
vt 0.906075 0.219937
vt 0.905875 0.025761
vt 0.000512 0.321630
vt 0.905875 0.012881
vt 0.000512 0.330358
vt 0.905875 0.121202
vt 0.000000 0.000000
vt 0.000512 0.321630
vt 0.906075 0.259595
vt 0.000000 0.012881
vt 0.905875 0.034093
vt -0.000122 0.156096
vt -0.000122 0.210448
vt 0.000000 0.048121
vt 0.906075 0.297453
vt 0.000000 0.062150
vt 0.000000 0.062150
vt 0.906075 0.281378
vt 0.906075 0.312903
vt 0.905875 0.093759
vt 0.905875 0.048121
vt 0.906075 0.296828
vt 0.905875 0.012881
vt 0.000512 0.321630
vt 0.905875 0.025761
vt 0.906075 0.219937
vt 0.000512 0.312903
vt 0.000000 0.089593
vt 0.905875 0.121202
vt 0.000512 0.330358
vt 0.000000 0.012881
vt 0.906075 0.259595
vt 0.000512 0.321630
vt 0.000000 0.000000
vt 0.000000 0.062150
vt 0.906075 0.297453
vt 0.000000 0.048121
vt -0.000122 0.210448
vt 0.905875 0.093759
vt 0.906075 0.312903
vt 0.906075 0.281378
vt 0.000000 0.062150
vt -0.000122 0.156096
vt 0.905875 0.034093
vt 0.906075 0.296828
vt 0.905875 0.048121
vt 0.999050 0.183297
vt 0.939310 0.183297
vt 0.999050 0.342604
vt 0.939310 0.342604
vt 0.985655 0.132863
vt 0.939310 0.342604
vt 0.999050 0.342604
vt 0.939081 0.132863
vt 0.939310 0.183297
vt 0.999050 0.183297
vt 0.999050 0.183297
vt 0.939310 0.183297
vt 0.999050 0.342604
vt 0.939310 0.342604
vt 0.985655 0.179437
vt 0.999050 0.183297
vt 0.939310 0.183297
vt 0.999050 0.342604
vt 0.939310 0.342604
vt 0.939081 0.179437
vt 0.939310 0.342604
vt 0.999050 0.342604
vt 0.939081 0.132863
vt 0.999050 0.342604
vt 0.939310 0.342604
vt 0.985655 0.132863
vt 0.999050 0.183297
vt 0.939310 0.183297
vt 0.939310 0.183297
vt 0.999050 0.183297
vt 0.999050 0.342604
vt 0.939310 0.342604
vt 0.985655 0.179437
vt 0.999050 0.183297
vt 0.939310 0.183297
vt 0.999050 0.342604
vt 0.939310 0.342604
vt 0.939081 0.179437
vt 0.999050 0.183297
vt 0.939310 0.183297
vt 0.979692 0.781451
vt -0.000781 0.656284
vt 0.998987 0.652658
vt 0.979692 0.844034
vt -0.000781 0.718868
vt 1.000000 0.851064
vt -0.000781 0.844034
vt 0.302823 0.718868
vt 0.000000 0.851064
vt -0.000781 0.781451
vt 0.302823 0.656284
vt 0.001647 0.652658
vt 0.145247 0.656284
vt -0.000781 0.718868
vt 0.998987 0.504118
vt 0.145247 0.718868
vt -0.000781 0.781451
vt 1.000000 1.000000
vt 0.979692 0.718868
vt 0.156795 0.656284
vt 0.001647 0.504118
vt 0.979692 0.781451
vt 0.156795 0.718868
vt 0.000000 1.000000
vt 0.679406 0.025761
vt 0.679606 0.219937
vt 0.679406 0.121202
vt 0.226981 0.330358
vt 0.679606 0.281378
vt 0.226469 0.062150
vt 0.679606 0.296828
vt 0.679406 0.048121
vt 0.226469 0.048121
vt 0.226347 0.210448
vt 0.226981 0.321630
vt 0.226469 0.000000
vt 0.226469 0.062150
vt 0.679606 0.297453
vt 0.679406 0.012881
vt 0.226981 0.321630
vt 0.226981 0.312903
vt 0.226469 0.089593
vt 0.226469 0.012881
vt 0.679606 0.259595
vt 0.679406 0.093759
vt 0.679606 0.312903
vt 0.226347 0.156096
vt 0.679406 0.034093
vt 0.679606 0.297453
vt 0.226469 0.062150
vt 0.226469 0.089593
vt 0.226981 0.312903
vt 0.226981 0.321630
vt 0.679406 0.012881
vt 0.679406 0.034093
vt 0.226347 0.156096
vt 0.226469 0.000000
vt 0.226981 0.321630
vt 0.679606 0.312903
vt 0.679406 0.093759
vt 0.226347 0.210448
vt 0.226469 0.048121
vt 0.679406 0.048121
vt 0.679606 0.296828
vt 0.226981 0.330358
vt 0.679406 0.121202
vt 0.679606 0.219937
vt 0.679406 0.025761
vt 0.226469 0.062150
vt 0.679606 0.281378
vt 0.679606 0.259595
vt 0.226469 0.012881
vt 0.000000 0.089593
vt 0.000512 0.312903
vt 0.906075 0.219937
vt 0.905875 0.025761
vt 0.000512 0.321630
vt 0.905875 0.012881
vt 0.000512 0.330358
vt 0.905875 0.121202
vt 0.000000 0.000000
vt 0.000512 0.321630
vt 0.906075 0.259595
vt 0.000000 0.012881
vt 0.905875 0.034093
vt -0.000122 0.156096
vt -0.000122 0.210448
vt 0.000000 0.048121
vt 0.906075 0.297453
vt 0.000000 0.062150
vt 0.000000 0.062150
vt 0.906075 0.281378
vt 0.906075 0.312903
vt 0.905875 0.093759
vt 0.905875 0.048121
vt 0.906075 0.296828
vt 0.905875 0.012881
vt 0.000512 0.321630
vt 0.905875 0.025761
vt 0.906075 0.219937
vt 0.000512 0.312903
vt 0.000000 0.089593
vt 0.905875 0.121202
vt 0.000512 0.330358
vt 0.000000 0.012881
vt 0.906075 0.259595
vt 0.000512 0.321630
vt 0.000000 0.000000
vt 0.000000 0.062150
vt 0.906075 0.297453
vt 0.000000 0.048121
vt -0.000122 0.210448
vt 0.905875 0.093759
vt 0.906075 0.312903
vt 0.906075 0.281378
vt 0.000000 0.062150
vt -0.000122 0.156096
vt 0.905875 0.034093
vt 0.906075 0.296828
vt 0.905875 0.048121
vt 0.999050 0.183297
vt 0.939310 0.183297
vt 0.999050 0.342604
vt 0.939310 0.342604
vt 0.985655 0.132863
vt 0.939310 0.342604
vt 0.999050 0.342604
vt 0.939081 0.132863
vt 0.939310 0.183297
vt 0.999050 0.183297
vt 0.999050 0.183297
vt 0.939310 0.183297
vt 0.999050 0.342604
vt 0.939310 0.342604
vt 0.985655 0.179437
vt 0.999050 0.183297
vt 0.939310 0.183297
vt 0.999050 0.342604
vt 0.939310 0.342604
vt 0.939081 0.179437
vt 0.939310 0.342604
vt 0.999050 0.342604
vt 0.939081 0.132863
vt 0.999050 0.342604
vt 0.939310 0.342604
vt 0.985655 0.132863
vt 0.999050 0.183297
vt 0.939310 0.183297
vt 0.939310 0.183297
vt 0.999050 0.183297
vt 0.999050 0.342604
vt 0.939310 0.342604
vt 0.985655 0.179437
vt 0.999050 0.183297
vt 0.939310 0.183297
vt 0.999050 0.342604
vt 0.939310 0.342604
vt 0.939081 0.179437
vt 0.999050 0.183297
vt 0.939310 0.183297
vt 0.979692 0.781451
vt -0.000781 0.656284
vt 0.998987 0.652658
vt 0.979692 0.844034
vt -0.000781 0.718868
vt 1.000000 0.851064
vt -0.000781 0.844034
vt 0.302823 0.718868
vt 0.000000 0.851064
vt -0.000781 0.781451
vt 0.302823 0.656284
vt 0.001647 0.652658
vt 0.145247 0.656284
vt -0.000781 0.718868
vt 0.998987 0.504118
vt 0.145247 0.718868
vt -0.000781 0.781451
vt 1.000000 1.000000
vt 0.979692 0.718868
vt 0.156795 0.656284
vt 0.001647 0.504118
vt 0.979692 0.781451
vt 0.156795 0.718868
vt 0.000000 1.000000
vt 0.679406 0.025761
vt 0.679606 0.219937
vt 0.679406 0.121202
vt 0.226981 0.330358
vt 0.679606 0.281378
vt 0.226469 0.062150
vt 0.679606 0.296828
vt 0.679406 0.048121
vt 0.226469 0.048121
vt 0.226347 0.210448
vt 0.226981 0.321630
vt 0.226469 0.000000
vt 0.226469 0.062150
vt 0.679606 0.297453
vt 0.679406 0.012881
vt 0.226981 0.321630
vt 0.226981 0.312903
vt 0.226469 0.089593
vt 0.226469 0.012881
vt 0.679606 0.259595
vt 0.679406 0.093759
vt 0.679606 0.312903
vt 0.226347 0.156096
vt 0.679406 0.034093
vt 0.679606 0.297453
vt 0.226469 0.062150
vt 0.226469 0.089593
vt 0.226981 0.312903
vt 0.226981 0.321630
vt 0.679406 0.012881
vt 0.679406 0.034093
vt 0.226347 0.156096
vt 0.226469 0.000000
vt 0.226981 0.321630
vt 0.679606 0.312903
vt 0.679406 0.093759
vt 0.226347 0.210448
vt 0.226469 0.048121
vt 0.679406 0.048121
vt 0.679606 0.296828
vt 0.226981 0.330358
vt 0.679406 0.121202
vt 0.679606 0.219937
vt 0.679406 0.025761
vt 0.226469 0.062150
vt 0.679606 0.281378
vt 0.679606 0.259595
vt 0.226469 0.012881
vt 0.000000 0.089593
vt 0.000512 0.312903
vt 0.906075 0.219937
vt 0.905875 0.025761
vt 0.000512 0.321630
vt 0.905875 0.012881
vt 0.000512 0.330358
vt 0.905875 0.121202
vt 0.000000 0.000000
vt 0.000512 0.321630
vt 0.906075 0.259595
vt 0.000000 0.012881
vt 0.905875 0.034093
vt -0.000122 0.156096
vt -0.000122 0.210448
vt 0.000000 0.048121
vt 0.906075 0.297453
vt 0.000000 0.062150
vt 0.000000 0.062150
vt 0.906075 0.281378
vt 0.906075 0.312903
vt 0.905875 0.093759
vt 0.905875 0.048121
vt 0.906075 0.296828
vt 0.905875 0.012881
vt 0.000512 0.321630
vt 0.905875 0.025761
vt 0.906075 0.219937
vt 0.000512 0.312903
vt 0.000000 0.089593
vt 0.905875 0.121202
vt 0.000512 0.330358
vt 0.000000 0.012881
vt 0.906075 0.259595
vt 0.000512 0.321630
vt 0.000000 0.000000
vt 0.000000 0.062150
vt 0.906075 0.297453
vt 0.000000 0.048121
vt -0.000122 0.210448
vt 0.905875 0.093759
vt 0.906075 0.312903
vt 0.906075 0.281378
vt 0.000000 0.062150
vt -0.000122 0.156096
vt 0.905875 0.034093
vt 0.906075 0.296828
vt 0.905875 0.048121
vt 0.999050 0.183297
vt 0.939310 0.183297
vt 0.999050 0.342604
vt 0.939310 0.342604
vt 0.985655 0.132863
vt 0.939310 0.342604
vt 0.999050 0.342604
vt 0.939081 0.132863
vt 0.939310 0.183297
vt 0.999050 0.183297
vt 0.999050 0.183297
vt 0.939310 0.183297
vt 0.999050 0.342604
vt 0.939310 0.342604
vt 0.985655 0.179437
vt 0.999050 0.183297
vt 0.939310 0.183297
vt 0.999050 0.342604
vt 0.939310 0.342604
vt 0.939081 0.179437
vt 0.939310 0.342604
vt 0.999050 0.342604
vt 0.939081 0.132863
vt 0.999050 0.342604
vt 0.939310 0.342604
vt 0.985655 0.132863
vt 0.999050 0.183297
vt 0.939310 0.183297
vt 0.939310 0.183297
vt 0.999050 0.183297
vt 0.999050 0.342604
vt 0.939310 0.342604
vt 0.985655 0.179437
vt 0.999050 0.183297
vt 0.939310 0.183297
vt 0.999050 0.342604
vt 0.939310 0.342604
vt 0.939081 0.179437
vt 0.999050 0.183297
vt 0.939310 0.183297
vt 0.979692 0.781451
vt -0.000781 0.656284
vt 0.998987 0.652658
vt 0.979692 0.844034
vt -0.000781 0.718868
vt 1.000000 0.851064
vt -0.000781 0.844034
vt 0.302823 0.718868
vt 0.000000 0.851064
vt -0.000781 0.781451
vt 0.302823 0.656284
vt 0.001647 0.652658
vt 0.145247 0.656284
vt -0.000781 0.718868
vt 0.998987 0.504118
vt 0.145247 0.718868
vt -0.000781 0.781451
vt 1.000000 1.000000
vt 0.979692 0.718868
vt 0.156795 0.656284
vt 0.001647 0.504118
vt 0.979692 0.781451
vt 0.156795 0.718868
vt 0.000000 1.000000
vt 0.679406 0.025761
vt 0.679606 0.219937
vt 0.679406 0.121202
vt 0.226981 0.330358
vt 0.679606 0.281378
vt 0.226469 0.062150
vt 0.679606 0.296828
vt 0.679406 0.048121
vt 0.226469 0.048121
vt 0.226347 0.210448
vt 0.226981 0.321630
vt 0.226469 0.000000
vt 0.226469 0.062150
vt 0.679606 0.297453
vt 0.679406 0.012881
vt 0.226981 0.321630
vt 0.226981 0.312903
vt 0.226469 0.089593
vt 0.226469 0.012881
vt 0.679606 0.259595
vt 0.679406 0.093759
vt 0.679606 0.312903
vt 0.226347 0.156096
vt 0.679406 0.034093
vt 0.679606 0.297453
vt 0.226469 0.062150
vt 0.226469 0.089593
vt 0.226981 0.312903
vt 0.226981 0.321630
vt 0.679406 0.012881
vt 0.679406 0.034093
vt 0.226347 0.156096
vt 0.226469 0.000000
vt 0.226981 0.321630
vt 0.679606 0.312903
vt 0.679406 0.093759
vt 0.226347 0.210448
vt 0.226469 0.048121
vt 0.679406 0.048121
vt 0.679606 0.296828
vt 0.226981 0.330358
vt 0.679406 0.121202
vt 0.679606 0.219937
vt 0.679406 0.025761
vt 0.226469 0.062150
vt 0.679606 0.281378
vt 0.679606 0.259595
vt 0.226469 0.012881
vt 0.000000 0.089593
vt 0.000512 0.312903
vt 0.906075 0.219937
vt 0.905875 0.025761
vt 0.000512 0.321630
vt 0.905875 0.012881
vt 0.000512 0.330358
vt 0.905875 0.121202
vt 0.000000 0.000000
vt 0.000512 0.321630
vt 0.906075 0.259595
vt 0.000000 0.012881
vt 0.905875 0.034093
vt -0.000122 0.156096
vt -0.000122 0.210448
vt 0.000000 0.048121
vt 0.906075 0.297453
vt 0.000000 0.062150
vt 0.000000 0.062150
vt 0.906075 0.281378
vt 0.906075 0.312903
vt 0.905875 0.093759
vt 0.905875 0.048121
vt 0.906075 0.296828
vt 0.905875 0.012881
vt 0.000512 0.321630
vt 0.905875 0.025761
vt 0.906075 0.219937
vt 0.000512 0.312903
vt 0.000000 0.089593
vt 0.905875 0.121202
vt 0.000512 0.330358
vt 0.000000 0.012881
vt 0.906075 0.259595
vt 0.000512 0.321630
vt 0.000000 0.000000
vt 0.000000 0.062150
vt 0.906075 0.297453
vt 0.000000 0.048121
vt -0.000122 0.210448
vt 0.905875 0.093759
vt 0.906075 0.312903
vt 0.906075 0.281378
vt 0.000000 0.062150
vt -0.000122 0.156096
vt 0.905875 0.034093
vt 0.906075 0.296828
vt 0.905875 0.048121
vt 0.999050 0.183297
vt 0.939310 0.183297
vt 0.999050 0.342604
vt 0.939310 0.342604
vt 0.985655 0.132863
vt 0.939310 0.342604
vt 0.999050 0.342604
vt 0.939081 0.132863
vt 0.939310 0.183297
vt 0.999050 0.183297
vt 0.999050 0.183297
vt 0.939310 0.183297
vt 0.999050 0.342604
vt 0.939310 0.342604
vt 0.985655 0.179437
vt 0.999050 0.183297
vt 0.939310 0.183297
vt 0.999050 0.342604
vt 0.939310 0.342604
vt 0.939081 0.179437
vt 0.939310 0.342604
vt 0.999050 0.342604
vt 0.939081 0.132863
vt 0.999050 0.342604
vt 0.939310 0.342604
vt 0.985655 0.132863
vt 0.999050 0.183297
vt 0.939310 0.183297
vt 0.939310 0.183297
vt 0.999050 0.183297
vt 0.999050 0.342604
vt 0.939310 0.342604
vt 0.985655 0.179437
vt 0.999050 0.183297
vt 0.939310 0.183297
vt 0.999050 0.342604
vt 0.939310 0.342604
vt 0.939081 0.179437
vt 0.999050 0.183297
vt 0.939310 0.183297
vt 0.979692 0.781451
vt -0.000781 0.656284
vt 0.998987 0.652658
vt 0.979692 0.844034
vt -0.000781 0.718868
vt 1.000000 0.851064
vt -0.000781 0.844034
vt 0.302823 0.718868
vt 0.000000 0.851064
vt -0.000781 0.781451
vt 0.302823 0.656284
vt 0.001647 0.652658
vt 0.145247 0.656284
vt -0.000781 0.718868
vt 0.998987 0.504118
vt 0.145247 0.718868
vt -0.000781 0.781451
vt 1.000000 1.000000
vt 0.979692 0.718868
vt 0.156795 0.656284
vt 0.001647 0.504118
vt 0.979692 0.781451
vt 0.156795 0.718868
vt 0.000000 1.000000
vt 0.679406 0.025761
vt 0.679606 0.219937
vt 0.679406 0.121202
vt 0.226981 0.330358
vt 0.679606 0.281378
vt 0.226469 0.062150
vt 0.679606 0.296828
vt 0.679406 0.048121
vt 0.226469 0.048121
vt 0.226347 0.210448
vt 0.226981 0.321630
vt 0.226469 0.000000
vt 0.226469 0.062150
vt 0.679606 0.297453
vt 0.679406 0.012881
vt 0.226981 0.321630
vt 0.226981 0.312903
vt 0.226469 0.089593
vt 0.226469 0.012881
vt 0.679606 0.259595
vt 0.679406 0.093759
vt 0.679606 0.312903
vt 0.226347 0.156096
vt 0.679406 0.034093
vt 0.679606 0.297453
vt 0.226469 0.062150
vt 0.226469 0.089593
vt 0.226981 0.312903
vt 0.226981 0.321630
vt 0.679406 0.012881
vt 0.679406 0.034093
vt 0.226347 0.156096
vt 0.226469 0.000000
vt 0.226981 0.321630
vt 0.679606 0.312903
vt 0.679406 0.093759
vt 0.226347 0.210448
vt 0.226469 0.048121
vt 0.679406 0.048121
vt 0.679606 0.296828
vt 0.226981 0.330358
vt 0.679406 0.121202
vt 0.679606 0.219937
vt 0.679406 0.025761
vt 0.226469 0.062150
vt 0.679606 0.281378
vt 0.679606 0.259595
vt 0.226469 0.012881
vt 0.000000 0.089593
vt 0.000512 0.312903
vt 0.906075 0.219937
vt 0.905875 0.025761
vt 0.000512 0.321630
vt 0.905875 0.012881
vt 0.000512 0.330358
vt 0.905875 0.121202
vt 0.000000 0.000000
vt 0.000512 0.321630
vt 0.906075 0.259595
vt 0.000000 0.012881
vt 0.905875 0.034093
vt -0.000122 0.156096
vt -0.000122 0.210448
vt 0.000000 0.048121
vt 0.906075 0.297453
vt 0.000000 0.062150
vt 0.000000 0.062150
vt 0.906075 0.281378
vt 0.906075 0.312903
vt 0.905875 0.093759
vt 0.905875 0.048121
vt 0.906075 0.296828
vt 0.905875 0.012881
vt 0.000512 0.321630
vt 0.905875 0.025761
vt 0.906075 0.219937
vt 0.000512 0.312903
vt 0.000000 0.089593
vt 0.905875 0.121202
vt 0.000512 0.330358
vt 0.000000 0.012881
vt 0.906075 0.259595
vt 0.000512 0.321630
vt 0.000000 0.000000
vt 0.000000 0.062150
vt 0.906075 0.297453
vt 0.000000 0.048121
vt -0.000122 0.210448
vt 0.905875 0.093759
vt 0.906075 0.312903
vt 0.906075 0.281378
vt 0.000000 0.062150
vt -0.000122 0.156096
vt 0.905875 0.034093
vt 0.906075 0.296828
vt 0.905875 0.048121
vt 0.999050 0.183297
vt 0.939310 0.183297
vt 0.999050 0.342604
vt 0.939310 0.342604
vt 0.985655 0.132863
vt 0.939310 0.342604
vt 0.999050 0.342604
vt 0.939081 0.132863
vt 0.939310 0.183297
vt 0.999050 0.183297
vt 0.999050 0.183297
vt 0.939310 0.183297
vt 0.999050 0.342604
vt 0.939310 0.342604
vt 0.985655 0.179437
vt 0.999050 0.183297
vt 0.939310 0.183297
vt 0.999050 0.342604
vt 0.939310 0.342604
vt 0.939081 0.179437
vt 0.939310 0.342604
vt 0.999050 0.342604
vt 0.939081 0.132863
vt 0.999050 0.342604
vt 0.939310 0.342604
vt 0.985655 0.132863
vt 0.999050 0.183297
vt 0.939310 0.183297
vt 0.939310 0.183297
vt 0.999050 0.183297
vt 0.999050 0.342604
vt 0.939310 0.342604
vt 0.985655 0.179437
vt 0.999050 0.183297
vt 0.939310 0.183297
vt 0.999050 0.342604
vt 0.939310 0.342604
vt 0.939081 0.179437
vt 0.999050 0.183297
vt 0.939310 0.183297
vt 0.979692 0.781451
vt -0.000781 0.656284
vt 0.998987 0.652658
vt 0.979692 0.844034
vt -0.000781 0.718868
vt 1.000000 0.851064
vt -0.000781 0.844034
vt 0.302823 0.718868
vt 0.000000 0.851064
vt -0.000781 0.781451
vt 0.302823 0.656284
vt 0.001647 0.652658
vt 0.145247 0.656284
vt -0.000781 0.718868
vt 0.998987 0.504118
vt 0.145247 0.718868
vt -0.000781 0.781451
vt 1.000000 1.000000
vt 0.979692 0.718868
vt 0.156795 0.656284
vt 0.001647 0.504118
vt 0.979692 0.781451
vt 0.156795 0.718868
vt 0.000000 1.000000
vt 0.679406 0.025761
vt 0.679606 0.219937
vt 0.679406 0.121202
vt 0.226981 0.330358
vt 0.679606 0.281378
vt 0.226469 0.062150
vt 0.679606 0.296828
vt 0.679406 0.048121
vt 0.226469 0.048121
vt 0.226347 0.210448
vt 0.226981 0.321630
vt 0.226469 0.000000
vt 0.226469 0.062150
vt 0.679606 0.297453
vt 0.679406 0.012881
vt 0.226981 0.321630
vt 0.226981 0.312903
vt 0.226469 0.089593
vt 0.226469 0.012881
vt 0.679606 0.259595
vt 0.679406 0.093759
vt 0.679606 0.312903
vt 0.226347 0.156096
vt 0.679406 0.034093
vt 0.679606 0.297453
vt 0.226469 0.062150
vt 0.226469 0.089593
vt 0.226981 0.312903
vt 0.226981 0.321630
vt 0.679406 0.012881
vt 0.679406 0.034093
vt 0.226347 0.156096
vt 0.226469 0.000000
vt 0.226981 0.321630
vt 0.679606 0.312903
vt 0.679406 0.093759
vt 0.226347 0.210448
vt 0.226469 0.048121
vt 0.679406 0.048121
vt 0.679606 0.296828
vt 0.226981 0.330358
vt 0.679406 0.121202
vt 0.679606 0.219937
vt 0.679406 0.025761
vt 0.226469 0.062150
vt 0.679606 0.281378
vt 0.679606 0.259595
vt 0.226469 0.012881
vt 0.000000 0.089593
vt 0.000512 0.312903
vt 0.906075 0.219937
vt 0.905875 0.025761
vt 0.000512 0.321630
vt 0.905875 0.012881
vt 0.000512 0.330358
vt 0.905875 0.121202
vt 0.000000 0.000000
vt 0.000512 0.321630
vt 0.906075 0.259595
vt 0.000000 0.012881
vt 0.905875 0.034093
vt -0.000122 0.156096
vt -0.000122 0.210448
vt 0.000000 0.048121
vt 0.906075 0.297453
vt 0.000000 0.062150
vt 0.000000 0.062150
vt 0.906075 0.281378
vt 0.906075 0.312903
vt 0.905875 0.093759
vt 0.905875 0.048121
vt 0.906075 0.296828
vt 0.905875 0.012881
vt 0.000512 0.321630
vt 0.905875 0.025761
vt 0.906075 0.219937
vt 0.000512 0.312903
vt 0.000000 0.089593
vt 0.905875 0.121202
vt 0.000512 0.330358
vt 0.000000 0.012881
vt 0.906075 0.259595
vt 0.000512 0.321630
vt 0.000000 0.000000
vt 0.000000 0.062150
vt 0.906075 0.297453
vt 0.000000 0.048121
vt -0.000122 0.210448
vt 0.905875 0.093759
vt 0.906075 0.312903
vt 0.906075 0.281378
vt 0.000000 0.062150
vt -0.000122 0.156096
vt 0.905875 0.034093
vt 0.906075 0.296828
vt 0.905875 0.048121
vt 0.999050 0.183297
vt 0.939310 0.183297
vt 0.999050 0.342604
vt 0.939310 0.342604
vt 0.985655 0.132863
vt 0.939310 0.342604
vt 0.999050 0.342604
vt 0.939081 0.132863
vt 0.939310 0.183297
vt 0.999050 0.183297
vt 0.999050 0.183297
vt 0.939310 0.183297
vt 0.999050 0.342604
vt 0.939310 0.342604
vt 0.985655 0.179437
vt 0.999050 0.183297
vt 0.939310 0.183297
vt 0.999050 0.342604
vt 0.939310 0.342604
vt 0.939081 0.179437
vt 0.939310 0.342604
vt 0.999050 0.342604
vt 0.939081 0.132863
vt 0.999050 0.342604
vt 0.939310 0.342604
vt 0.985655 0.132863
vt 0.999050 0.183297
vt 0.939310 0.183297
vt 0.939310 0.183297
vt 0.999050 0.183297
vt 0.999050 0.342604
vt 0.939310 0.342604
vt 0.985655 0.179437
vt 0.999050 0.183297
vt 0.939310 0.183297
vt 0.999050 0.342604
vt 0.939310 0.342604
vt 0.939081 0.179437
vt 0.999050 0.183297
vt 0.939310 0.183297
vt 0.979692 0.781451
vt -0.000781 0.656284
vt 0.998987 0.652658
vt 0.979692 0.844034
vt -0.000781 0.718868
vt 1.000000 0.851064
vt -0.000781 0.844034
vt 0.302823 0.718868
vt 0.000000 0.851064
vt -0.000781 0.781451
vt 0.302823 0.656284
vt 0.001647 0.652658
vt 0.145247 0.656284
vt -0.000781 0.718868
vt 0.998987 0.504118
vt 0.145247 0.718868
vt -0.000781 0.781451
vt 1.000000 1.000000
vt 0.979692 0.718868
vt 0.156795 0.656284
vt 0.001647 0.504118
vt 0.979692 0.781451
vt 0.156795 0.718868
vt 0.000000 1.000000
vt 0.679406 0.025761
vt 0.679606 0.219937
vt 0.679406 0.121202
vt 0.226981 0.330358
vt 0.679606 0.281378
vt 0.226469 0.062150
vt 0.679606 0.296828
vt 0.679406 0.048121
vt 0.226469 0.048121
vt 0.226347 0.210448
vt 0.226981 0.321630
vt 0.226469 0.000000
vt 0.226469 0.062150
vt 0.679606 0.297453
vt 0.679406 0.012881
vt 0.226981 0.321630
vt 0.226981 0.312903
vt 0.226469 0.089593
vt 0.226469 0.012881
vt 0.679606 0.259595
vt 0.679406 0.093759
vt 0.679606 0.312903
vt 0.226347 0.156096
vt 0.679406 0.034093
vt 0.679606 0.297453
vt 0.226469 0.062150
vt 0.226469 0.089593
vt 0.226981 0.312903
vt 0.226981 0.321630
vt 0.679406 0.012881
vt 0.679406 0.034093
vt 0.226347 0.156096
vt 0.226469 0.000000
vt 0.226981 0.321630
vt 0.679606 0.312903
vt 0.679406 0.093759
vt 0.226347 0.210448
vt 0.226469 0.048121
vt 0.679406 0.048121
vt 0.679606 0.296828
vt 0.226981 0.330358
vt 0.679406 0.121202
vt 0.679606 0.219937
vt 0.679406 0.025761
vt 0.226469 0.062150
vt 0.679606 0.281378
vt 0.679606 0.259595
vt 0.226469 0.012881
vt 0.000000 0.089593
vt 0.000512 0.312903
vt 0.906075 0.219937
vt 0.905875 0.025761
vt 0.000512 0.321630
vt 0.905875 0.012881
vt 0.000512 0.330358
vt 0.905875 0.121202
vt 0.000000 0.000000
vt 0.000512 0.321630
vt 0.906075 0.259595
vt 0.000000 0.012881
vt 0.905875 0.034093
vt -0.000122 0.156096
vt -0.000122 0.210448
vt 0.000000 0.048121
vt 0.906075 0.297453
vt 0.000000 0.062150
vt 0.000000 0.062150
vt 0.906075 0.281378
vt 0.906075 0.312903
vt 0.905875 0.093759
vt 0.905875 0.048121
vt 0.906075 0.296828
vt 0.905875 0.012881
vt 0.000512 0.321630
vt 0.905875 0.025761
vt 0.906075 0.219937
vt 0.000512 0.312903
vt 0.000000 0.089593
vt 0.905875 0.121202
vt 0.000512 0.330358
vt 0.000000 0.012881
vt 0.906075 0.259595
vt 0.000512 0.321630
vt 0.000000 0.000000
vt 0.000000 0.062150
vt 0.906075 0.297453
vt 0.000000 0.048121
vt -0.000122 0.210448
vt 0.905875 0.093759
vt 0.906075 0.312903
vt 0.906075 0.281378
vt 0.000000 0.062150
vt -0.000122 0.156096
vt 0.905875 0.034093
vt 0.906075 0.296828
vt 0.905875 0.048121
vt 0.999050 0.183297
vt 0.939310 0.183297
vt 0.999050 0.342604
vt 0.939310 0.342604
vt 0.985655 0.132863
vt 0.939310 0.342604
vt 0.999050 0.342604
vt 0.939081 0.132863
vt 0.939310 0.183297
vt 0.999050 0.183297
vt 0.999050 0.183297
vt 0.939310 0.183297
vt 0.999050 0.342604
vt 0.939310 0.342604
vt 0.985655 0.179437
vt 0.999050 0.183297
vt 0.939310 0.183297
vt 0.999050 0.342604
vt 0.939310 0.342604
vt 0.939081 0.179437
vt 0.939310 0.342604
vt 0.999050 0.342604
vt 0.939081 0.132863
vt 0.999050 0.342604
vt 0.939310 0.342604
vt 0.985655 0.132863
vt 0.999050 0.183297
vt 0.939310 0.183297
vt 0.939310 0.183297
vt 0.999050 0.183297
vt 0.999050 0.342604
vt 0.939310 0.342604
vt 0.985655 0.179437
vt 0.999050 0.183297
vt 0.939310 0.183297
vt 0.999050 0.342604
vt 0.939310 0.342604
vt 0.939081 0.179437
vt 0.999050 0.183297
vt 0.939310 0.183297
vt 0.979692 0.781451
vt -0.000781 0.656284
vt 0.998987 0.652658
vt 0.979692 0.844034
vt -0.000781 0.718868
vt 1.000000 0.851064
vt -0.000781 0.844034
vt 0.302823 0.718868
vt 0.000000 0.851064
vt -0.000781 0.781451
vt 0.302823 0.656284
vt 0.001647 0.652658
vt 0.145247 0.656284
vt -0.000781 0.718868
vt 0.998987 0.504118
vt 0.145247 0.718868
vt -0.000781 0.781451
vt 1.000000 1.000000
vt 0.979692 0.718868
vt 0.156795 0.656284
vt 0.001647 0.504118
vt 0.979692 0.781451
vt 0.156795 0.718868
vt 0.000000 1.000000
vt 0.679406 0.025761
vt 0.679606 0.219937
vt 0.679406 0.121202
vt 0.226981 0.330358
vt 0.679606 0.281378
vt 0.226469 0.062150
vt 0.679606 0.296828
vt 0.679406 0.048121
vt 0.226469 0.048121
vt 0.226347 0.210448
vt 0.226981 0.321630
vt 0.226469 0.000000
vt 0.226469 0.062150
vt 0.679606 0.297453
vt 0.679406 0.012881
vt 0.226981 0.321630
vt 0.226981 0.312903
vt 0.226469 0.089593
vt 0.226469 0.012881
vt 0.679606 0.259595
vt 0.679406 0.093759
vt 0.679606 0.312903
vt 0.226347 0.156096
vt 0.679406 0.034093
vt 0.679606 0.297453
vt 0.226469 0.062150
vt 0.226469 0.089593
vt 0.226981 0.312903
vt 0.226981 0.321630
vt 0.679406 0.012881
vt 0.679406 0.034093
vt 0.226347 0.156096
vt 0.226469 0.000000
vt 0.226981 0.321630
vt 0.679606 0.312903
vt 0.679406 0.093759
vt 0.226347 0.210448
vt 0.226469 0.048121
vt 0.679406 0.048121
vt 0.679606 0.296828
vt 0.226981 0.330358
vt 0.679406 0.121202
vt 0.679606 0.219937
vt 0.679406 0.025761
vt 0.226469 0.062150
vt 0.679606 0.281378
vt 0.679606 0.259595
vt 0.226469 0.012881
vt 0.000000 0.089593
vt 0.000512 0.312903
vt 0.906075 0.219937
vt 0.905875 0.025761
vt 0.000512 0.321630
vt 0.905875 0.012881
vt 0.000512 0.330358
vt 0.905875 0.121202
vt 0.000000 0.000000
vt 0.000512 0.321630
vt 0.906075 0.259595
vt 0.000000 0.012881
vt 0.905875 0.034093
vt -0.000122 0.156096
vt -0.000122 0.210448
vt 0.000000 0.048121
vt 0.906075 0.297453
vt 0.000000 0.062150
vt 0.000000 0.062150
vt 0.906075 0.281378
vt 0.906075 0.312903
vt 0.905875 0.093759
vt 0.905875 0.048121
vt 0.906075 0.296828
vt 0.905875 0.012881
vt 0.000512 0.321630
vt 0.905875 0.025761
vt 0.906075 0.219937
vt 0.000512 0.312903
vt 0.000000 0.089593
vt 0.905875 0.121202
vt 0.000512 0.330358
vt 0.000000 0.012881
vt 0.906075 0.259595
vt 0.000512 0.321630
vt 0.000000 0.000000
vt 0.000000 0.062150
vt 0.906075 0.297453
vt 0.000000 0.048121
vt -0.000122 0.210448
vt 0.905875 0.093759
vt 0.906075 0.312903
vt 0.906075 0.281378
vt 0.000000 0.062150
vt -0.000122 0.156096
vt 0.905875 0.034093
vt 0.906075 0.296828
vt 0.905875 0.048121
vt 0.999050 0.183297
vt 0.939310 0.183297
vt 0.999050 0.342604
vt 0.939310 0.342604
vt 0.985655 0.132863
vt 0.939310 0.342604
vt 0.999050 0.342604
vt 0.939081 0.132863
vt 0.939310 0.183297
vt 0.999050 0.183297
vt 0.999050 0.183297
vt 0.939310 0.183297
vt 0.999050 0.342604
vt 0.939310 0.342604
vt 0.985655 0.179437
vt 0.999050 0.183297
vt 0.939310 0.183297
vt 0.999050 0.342604
vt 0.939310 0.342604
vt 0.939081 0.179437
vt 0.939310 0.342604
vt 0.999050 0.342604
vt 0.939081 0.132863
vt 0.999050 0.342604
vt 0.939310 0.342604
vt 0.985655 0.132863
vt 0.999050 0.183297
vt 0.939310 0.183297
vt 0.939310 0.183297
vt 0.999050 0.183297
vt 0.999050 0.342604
vt 0.939310 0.342604
vt 0.985655 0.179437
vt 0.999050 0.183297
vt 0.939310 0.183297
vt 0.999050 0.342604
vt 0.939310 0.342604
vt 0.939081 0.179437
vt 0.999050 0.183297
vt 0.939310 0.183297
vt 0.979692 0.781451
vt -0.000781 0.656284
vt 0.998987 0.652658
vt 0.979692 0.844034
vt -0.000781 0.718868
vt 1.000000 0.851064
vt -0.000781 0.844034
vt 0.302823 0.718868
vt 0.000000 0.851064
vt -0.000781 0.781451
vt 0.302823 0.656284
vt 0.001647 0.652658
vt 0.145247 0.656284
vt -0.000781 0.718868
vt 0.998987 0.504118
vt 0.145247 0.718868
vt -0.000781 0.781451
vt 1.000000 1.000000
vt 0.979692 0.718868
vt 0.156795 0.656284
vt 0.001647 0.504118
vt 0.979692 0.781451
vt 0.156795 0.718868
vt 0.000000 1.000000
vt 0.679406 0.025761
vt 0.679606 0.219937
vt 0.679406 0.121202
vt 0.226981 0.330358
vt 0.679606 0.281378
vt 0.226469 0.062150
vt 0.679606 0.296828
vt 0.679406 0.048121
vt 0.226469 0.048121
vt 0.226347 0.210448
vt 0.226981 0.321630
vt 0.226469 0.000000
vt 0.226469 0.062150
vt 0.679606 0.297453
vt 0.679406 0.012881
vt 0.226981 0.321630
vt 0.226981 0.312903
vt 0.226469 0.089593
vt 0.226469 0.012881
vt 0.679606 0.259595
vt 0.679406 0.093759
vt 0.679606 0.312903
vt 0.226347 0.156096
vt 0.679406 0.034093
vt 0.679606 0.297453
vt 0.226469 0.062150
vt 0.226469 0.089593
vt 0.226981 0.312903
vt 0.226981 0.321630
vt 0.679406 0.012881
vt 0.679406 0.034093
vt 0.226347 0.156096
vt 0.226469 0.000000
vt 0.226981 0.321630
vt 0.679606 0.312903
vt 0.679406 0.093759
vt 0.226347 0.210448
vt 0.226469 0.048121
vt 0.679406 0.048121
vt 0.679606 0.296828
vt 0.226981 0.330358
vt 0.679406 0.121202
vt 0.679606 0.219937
vt 0.679406 0.025761
vt 0.226469 0.062150
vt 0.679606 0.281378
vt 0.679606 0.259595
vt 0.226469 0.012881
vt 0.000000 0.089593
vt 0.000512 0.312903
vt 0.906075 0.219937
vt 0.905875 0.025761
vt 0.000512 0.321630
vt 0.905875 0.012881
vt 0.000512 0.330358
vt 0.905875 0.121202
vt 0.000000 0.000000
vt 0.000512 0.321630
vt 0.906075 0.259595
vt 0.000000 0.012881
vt 0.905875 0.034093
vt -0.000122 0.156096
vt -0.000122 0.210448
vt 0.000000 0.048121
vt 0.906075 0.297453
vt 0.000000 0.062150
vt 0.000000 0.062150
vt 0.906075 0.281378
vt 0.906075 0.312903
vt 0.905875 0.093759
vt 0.905875 0.048121
vt 0.906075 0.296828
vt 0.905875 0.012881
vt 0.000512 0.321630
vt 0.905875 0.025761
vt 0.906075 0.219937
vt 0.000512 0.312903
vt 0.000000 0.089593
vt 0.905875 0.121202
vt 0.000512 0.330358
vt 0.000000 0.012881
vt 0.906075 0.259595
vt 0.000512 0.321630
vt 0.000000 0.000000
vt 0.000000 0.062150
vt 0.906075 0.297453
vt 0.000000 0.048121
vt -0.000122 0.210448
vt 0.905875 0.093759
vt 0.906075 0.312903
vt 0.906075 0.281378
vt 0.000000 0.062150
vt -0.000122 0.156096
vt 0.905875 0.034093
vt 0.906075 0.296828
vt 0.905875 0.048121
vt 0.999050 0.183297
vt 0.939310 0.183297
vt 0.999050 0.342604
vt 0.939310 0.342604
vt 0.985655 0.132863
vt 0.939310 0.342604
vt 0.999050 0.342604
vt 0.939081 0.132863
vt 0.939310 0.183297
vt 0.999050 0.183297
vt 0.999050 0.183297
vt 0.939310 0.183297
vt 0.999050 0.342604
vt 0.939310 0.342604
vt 0.985655 0.179437
vt 0.999050 0.183297
vt 0.939310 0.183297
vt 0.999050 0.342604
vt 0.939310 0.342604
vt 0.939081 0.179437
vt 0.939310 0.342604
vt 0.999050 0.342604
vt 0.939081 0.132863
vt 0.999050 0.342604
vt 0.939310 0.342604
vt 0.985655 0.132863
vt 0.999050 0.183297
vt 0.939310 0.183297
vt 0.939310 0.183297
vt 0.999050 0.183297
vt 0.999050 0.342604
vt 0.939310 0.342604
vt 0.985655 0.179437
vt 0.999050 0.183297
vt 0.939310 0.183297
vt 0.999050 0.342604
vt 0.939310 0.342604
vt 0.939081 0.179437
vt 0.999050 0.183297
vt 0.939310 0.183297
vt 0.979692 0.781451
vt -0.000781 0.656284
vt 0.998987 0.652658
vt 0.979692 0.844034
vt -0.000781 0.718868
vt 1.000000 0.851064
vt -0.000781 0.844034
vt 0.302823 0.718868
vt 0.000000 0.851064
vt -0.000781 0.781451
vt 0.302823 0.656284
vt 0.001647 0.652658
vt 0.145247 0.656284
vt -0.000781 0.718868
vt 0.998987 0.504118
vt 0.145247 0.718868
vt -0.000781 0.781451
vt 1.000000 1.000000
vt 0.979692 0.718868
vt 0.156795 0.656284
vt 0.001647 0.504118
vt 0.979692 0.781451
vt 0.156795 0.718868
vt 0.000000 1.000000
vt 0.679406 0.025761
vt 0.679606 0.219937
vt 0.679406 0.121202
vt 0.226981 0.330358
vt 0.679606 0.281378
vt 0.226469 0.062150
vt 0.679606 0.296828
vt 0.679406 0.048121
vt 0.226469 0.048121
vt 0.226347 0.210448
vt 0.226981 0.321630
vt 0.226469 0.000000
vt 0.226469 0.062150
vt 0.679606 0.297453
vt 0.679406 0.012881
vt 0.226981 0.321630
vt 0.226981 0.312903
vt 0.226469 0.089593
vt 0.226469 0.012881
vt 0.679606 0.259595
vt 0.679406 0.093759
vt 0.679606 0.312903
vt 0.226347 0.156096
vt 0.679406 0.034093
vt 0.679606 0.297453
vt 0.226469 0.062150
vt 0.226469 0.089593
vt 0.226981 0.312903
vt 0.226981 0.321630
vt 0.679406 0.012881
vt 0.679406 0.034093
vt 0.226347 0.156096
vt 0.226469 0.000000
vt 0.226981 0.321630
vt 0.679606 0.312903
vt 0.679406 0.093759
vt 0.226347 0.210448
vt 0.226469 0.048121
vt 0.679406 0.048121
vt 0.679606 0.296828
vt 0.226981 0.330358
vt 0.679406 0.121202
vt 0.679606 0.219937
vt 0.679406 0.025761
vt 0.226469 0.062150
vt 0.679606 0.281378
vt 0.679606 0.259595
vt 0.226469 0.012881
vt 0.000000 0.089593
vt 0.000512 0.312903
vt 0.906075 0.219937
vt 0.905875 0.025761
vt 0.000512 0.321630
vt 0.905875 0.012881
vt 0.000512 0.330358
vt 0.905875 0.121202
vt 0.000000 0.000000
vt 0.000512 0.321630
vt 0.906075 0.259595
vt 0.000000 0.012881
vt 0.905875 0.034093
vt -0.000122 0.156096
vt -0.000122 0.210448
vt 0.000000 0.048121
vt 0.906075 0.297453
vt 0.000000 0.062150
vt 0.000000 0.062150
vt 0.906075 0.281378
vt 0.906075 0.312903
vt 0.905875 0.093759
vt 0.905875 0.048121
vt 0.906075 0.296828
vt 0.905875 0.012881
vt 0.000512 0.321630
vt 0.905875 0.025761
vt 0.906075 0.219937
vt 0.000512 0.312903
vt 0.000000 0.089593
vt 0.905875 0.121202
vt 0.000512 0.330358
vt 0.000000 0.012881
vt 0.906075 0.259595
vt 0.000512 0.321630
vt 0.000000 0.000000
vt 0.000000 0.062150
vt 0.906075 0.297453
vt 0.000000 0.048121
vt -0.000122 0.210448
vt 0.905875 0.093759
vt 0.906075 0.312903
vt 0.906075 0.281378
vt 0.000000 0.062150
vt -0.000122 0.156096
vt 0.905875 0.034093
vt 0.906075 0.296828
vt 0.905875 0.048121
vt 0.999050 0.183297
vt 0.939310 0.183297
vt 0.999050 0.342604
vt 0.939310 0.342604
vt 0.985655 0.132863
vt 0.939310 0.342604
vt 0.999050 0.342604
vt 0.939081 0.132863
vt 0.939310 0.183297
vt 0.999050 0.183297
vt 0.999050 0.183297
vt 0.939310 0.183297
vt 0.999050 0.342604
vt 0.939310 0.342604
vt 0.985655 0.179437
vt 0.999050 0.183297
vt 0.939310 0.183297
vt 0.999050 0.342604
vt 0.939310 0.342604
vt 0.939081 0.179437
vt 0.939310 0.342604
vt 0.999050 0.342604
vt 0.939081 0.132863
vt 0.999050 0.342604
vt 0.939310 0.342604
vt 0.985655 0.132863
vt 0.999050 0.183297
vt 0.939310 0.183297
vt 0.939310 0.183297
vt 0.999050 0.183297
vt 0.999050 0.342604
vt 0.939310 0.342604
vt 0.985655 0.179437
vt 0.999050 0.183297
vt 0.939310 0.183297
vt 0.999050 0.342604
vt 0.939310 0.342604
vt 0.939081 0.179437
vt 0.999050 0.183297
vt 0.939310 0.183297
vt 0.979692 0.781451
vt -0.000781 0.656284
vt 0.998987 0.652658
vt 0.979692 0.844034
vt -0.000781 0.718868
vt 1.000000 0.851064
vt -0.000781 0.844034
vt 0.302823 0.718868
vt 0.000000 0.851064
vt -0.000781 0.781451
vt 0.302823 0.656284
vt 0.001647 0.652658
vt 0.145247 0.656284
vt -0.000781 0.718868
vt 0.998987 0.504118
vt 0.145247 0.718868
vt -0.000781 0.781451
vt 1.000000 1.000000
vt 0.979692 0.718868
vt 0.156795 0.656284
vt 0.001647 0.504118
vt 0.979692 0.781451
vt 0.156795 0.718868
vt 0.000000 1.000000
vt 0.679406 0.025761
vt 0.679606 0.219937
vt 0.679406 0.121202
vt 0.226981 0.330358
vt 0.679606 0.281378
vt 0.226469 0.062150
vt 0.679606 0.296828
vt 0.679406 0.048121
vt 0.226469 0.048121
vt 0.226347 0.210448
vt 0.226981 0.321630
vt 0.226469 0.000000
vt 0.226469 0.062150
vt 0.679606 0.297453
vt 0.679406 0.012881
vt 0.226981 0.321630
vt 0.226981 0.312903
vt 0.226469 0.089593
vt 0.226469 0.012881
vt 0.679606 0.259595
vt 0.679406 0.093759
vt 0.679606 0.312903
vt 0.226347 0.156096
vt 0.679406 0.034093
vt 0.679606 0.297453
vt 0.226469 0.062150
vt 0.226469 0.089593
vt 0.226981 0.312903
vt 0.226981 0.321630
vt 0.679406 0.012881
vt 0.679406 0.034093
vt 0.226347 0.156096
vt 0.226469 0.000000
vt 0.226981 0.321630
vt 0.679606 0.312903
vt 0.679406 0.093759
vt 0.226347 0.210448
vt 0.226469 0.048121
vt 0.679406 0.048121
vt 0.679606 0.296828
vt 0.226981 0.330358
vt 0.679406 0.121202
vt 0.679606 0.219937
vt 0.679406 0.025761
vt 0.226469 0.062150
vt 0.679606 0.281378
vt 0.679606 0.259595
vt 0.226469 0.012881
vt 0.000000 0.089593
vt 0.000512 0.312903
vt 0.906075 0.219937
vt 0.905875 0.025761
vt 0.000512 0.321630
vt 0.905875 0.012881
vt 0.000512 0.330358
vt 0.905875 0.121202
vt 0.000000 0.000000
vt 0.000512 0.321630
vt 0.906075 0.259595
vt 0.000000 0.012881
vt 0.905875 0.034093
vt -0.000122 0.156096
vt -0.000122 0.210448
vt 0.000000 0.048121
vt 0.906075 0.297453
vt 0.000000 0.062150
vt 0.000000 0.062150
vt 0.906075 0.281378
vt 0.906075 0.312903
vt 0.905875 0.093759
vt 0.905875 0.048121
vt 0.906075 0.296828
vt 0.905875 0.012881
vt 0.000512 0.321630
vt 0.905875 0.025761
vt 0.906075 0.219937
vt 0.000512 0.312903
vt 0.000000 0.089593
vt 0.905875 0.121202
vt 0.000512 0.330358
vt 0.000000 0.012881
vt 0.906075 0.259595
vt 0.000512 0.321630
vt 0.000000 0.000000
vt 0.000000 0.062150
vt 0.906075 0.297453
vt 0.000000 0.048121
vt -0.000122 0.210448
vt 0.905875 0.093759
vt 0.906075 0.312903
vt 0.906075 0.281378
vt 0.000000 0.062150
vt -0.000122 0.156096
vt 0.905875 0.034093
vt 0.906075 0.296828
vt 0.905875 0.048121
vt 0.999050 0.183297
vt 0.939310 0.183297
vt 0.999050 0.342604
vt 0.939310 0.342604
vt 0.985655 0.132863
vt 0.939310 0.342604
vt 0.999050 0.342604
vt 0.939081 0.132863
vt 0.939310 0.183297
vt 0.999050 0.183297
vt 0.999050 0.183297
vt 0.939310 0.183297
vt 0.999050 0.342604
vt 0.939310 0.342604
vt 0.985655 0.179437
vt 0.999050 0.183297
vt 0.939310 0.183297
vt 0.999050 0.342604
vt 0.939310 0.342604
vt 0.939081 0.179437
vt 0.939310 0.342604
vt 0.999050 0.342604
vt 0.939081 0.132863
vt 0.999050 0.342604
vt 0.939310 0.342604
vt 0.985655 0.132863
vt 0.999050 0.183297
vt 0.939310 0.183297
vt 0.939310 0.183297
vt 0.999050 0.183297
vt 0.999050 0.342604
vt 0.939310 0.342604
vt 0.985655 0.179437
vt 0.999050 0.183297
vt 0.939310 0.183297
vt 0.999050 0.342604
vt 0.939310 0.342604
vt 0.939081 0.179437
vt 0.999050 0.183297
vt 0.939310 0.183297
vt 0.979692 0.781451
vt -0.000781 0.656284
vt 0.998987 0.652658
vt 0.979692 0.844034
vt -0.000781 0.718868
vt 1.000000 0.851064
vt -0.000781 0.844034
vt 0.302823 0.718868
vt 0.000000 0.851064
vt -0.000781 0.781451
vt 0.302823 0.656284
vt 0.001647 0.652658
vt 0.145247 0.656284
vt -0.000781 0.718868
vt 0.998987 0.504118
vt 0.145247 0.718868
vt -0.000781 0.781451
vt 1.000000 1.000000
vt 0.979692 0.718868
vt 0.156795 0.656284
vt 0.001647 0.504118
vt 0.979692 0.781451
vt 0.156795 0.718868
vt 0.000000 1.000000
vt 0.679406 0.025761
vt 0.679606 0.219937
vt 0.679406 0.121202
vt 0.226981 0.330358
vt 0.679606 0.281378
vt 0.226469 0.062150
vt 0.679606 0.296828
vt 0.679406 0.048121
vt 0.226469 0.048121
vt 0.226347 0.210448
vt 0.226981 0.321630
vt 0.226469 0.000000
vt 0.226469 0.062150
vt 0.679606 0.297453
vt 0.679406 0.012881
vt 0.226981 0.321630
vt 0.226981 0.312903
vt 0.226469 0.089593
vt 0.226469 0.012881
vt 0.679606 0.259595
vt 0.679406 0.093759
vt 0.679606 0.312903
vt 0.226347 0.156096
vt 0.679406 0.034093
vt 0.679606 0.297453
vt 0.226469 0.062150
vt 0.226469 0.089593
vt 0.226981 0.312903
vt 0.226981 0.321630
vt 0.679406 0.012881
vt 0.679406 0.034093
vt 0.226347 0.156096
vt 0.226469 0.000000
vt 0.226981 0.321630
vt 0.679606 0.312903
vt 0.679406 0.093759
vt 0.226347 0.210448
vt 0.226469 0.048121
vt 0.679406 0.048121
vt 0.679606 0.296828
vt 0.226981 0.330358
vt 0.679406 0.121202
vt 0.679606 0.219937
vt 0.679406 0.025761
vt 0.226469 0.062150
vt 0.679606 0.281378
vt 0.679606 0.259595
vt 0.226469 0.012881
vt 0.000000 0.089593
vt 0.000512 0.312903
vt 0.906075 0.219937
vt 0.905875 0.025761
vt 0.000512 0.321630
vt 0.905875 0.012881
vt 0.000512 0.330358
vt 0.905875 0.121202
vt 0.000000 0.000000
vt 0.000512 0.321630
vt 0.906075 0.259595
vt 0.000000 0.012881
vt 0.905875 0.034093
vt -0.000122 0.156096
vt -0.000122 0.210448
vt 0.000000 0.048121
vt 0.906075 0.297453
vt 0.000000 0.062150
vt 0.000000 0.062150
vt 0.906075 0.281378
vt 0.906075 0.312903
vt 0.905875 0.093759
vt 0.905875 0.048121
vt 0.906075 0.296828
vt 0.905875 0.012881
vt 0.000512 0.321630
vt 0.905875 0.025761
vt 0.906075 0.219937
vt 0.000512 0.312903
vt 0.000000 0.089593
vt 0.905875 0.121202
vt 0.000512 0.330358
vt 0.000000 0.012881
vt 0.906075 0.259595
vt 0.000512 0.321630
vt 0.000000 0.000000
vt 0.000000 0.062150
vt 0.906075 0.297453
vt 0.000000 0.048121
vt -0.000122 0.210448
vt 0.905875 0.093759
vt 0.906075 0.312903
vt 0.906075 0.281378
vt 0.000000 0.062150
vt -0.000122 0.156096
vt 0.905875 0.034093
vt 0.906075 0.296828
vt 0.905875 0.048121
vt 0.999050 0.183297
vt 0.939310 0.183297
vt 0.999050 0.342604
vt 0.939310 0.342604
vt 0.985655 0.132863
vt 0.939310 0.342604
vt 0.999050 0.342604
vt 0.939081 0.132863
vt 0.939310 0.183297
vt 0.999050 0.183297
vt 0.999050 0.183297
vt 0.939310 0.183297
vt 0.999050 0.342604
vt 0.939310 0.342604
vt 0.985655 0.179437
vt 0.999050 0.183297
vt 0.939310 0.183297
vt 0.999050 0.342604
vt 0.939310 0.342604
vt 0.939081 0.179437
vt 0.939310 0.342604
vt 0.999050 0.342604
vt 0.939081 0.132863
vt 0.999050 0.342604
vt 0.939310 0.342604
vt 0.985655 0.132863
vt 0.999050 0.183297
vt 0.939310 0.183297
vt 0.939310 0.183297
vt 0.999050 0.183297
vt 0.999050 0.342604
vt 0.939310 0.342604
vt 0.985655 0.179437
vt 0.999050 0.183297
vt 0.939310 0.183297
vt 0.999050 0.342604
vt 0.939310 0.342604
vt 0.939081 0.179437
vt 0.999050 0.183297
vt 0.939310 0.183297
vt 0.979692 0.781451
vt -0.000781 0.656284
vt 0.998987 0.652658
vt 0.979692 0.844034
vt -0.000781 0.718868
vt 1.000000 0.851064
vt -0.000781 0.844034
vt 0.302823 0.718868
vt 0.000000 0.851064
vt -0.000781 0.781451
vt 0.302823 0.656284
vt 0.001647 0.652658
vt 0.145247 0.656284
vt -0.000781 0.718868
vt 0.998987 0.504118
vt 0.145247 0.718868
vt -0.000781 0.781451
vt 1.000000 1.000000
vt 0.979692 0.718868
vt 0.156795 0.656284
vt 0.001647 0.504118
vt 0.979692 0.781451
vt 0.156795 0.718868
vt 0.000000 1.000000
vt 0.679406 0.025761
vt 0.679606 0.219937
vt 0.679406 0.121202
vt 0.226981 0.330358
vt 0.679606 0.281378
vt 0.226469 0.062150
vt 0.679606 0.296828
vt 0.679406 0.048121
vt 0.226469 0.048121
vt 0.226347 0.210448
vt 0.226981 0.321630
vt 0.226469 0.000000
vt 0.226469 0.062150
vt 0.679606 0.297453
vt 0.679406 0.012881
vt 0.226981 0.321630
vt 0.226981 0.312903
vt 0.226469 0.089593
vt 0.226469 0.012881
vt 0.679606 0.259595
vt 0.679406 0.093759
vt 0.679606 0.312903
vt 0.226347 0.156096
vt 0.679406 0.034093
vt 0.679606 0.297453
vt 0.226469 0.062150
vt 0.226469 0.089593
vt 0.226981 0.312903
vt 0.226981 0.321630
vt 0.679406 0.012881
vt 0.679406 0.034093
vt 0.226347 0.156096
vt 0.226469 0.000000
vt 0.226981 0.321630
vt 0.679606 0.312903
vt 0.679406 0.093759
vt 0.226347 0.210448
vt 0.226469 0.048121
vt 0.679406 0.048121
vt 0.679606 0.296828
vt 0.226981 0.330358
vt 0.679406 0.121202
vt 0.679606 0.219937
vt 0.679406 0.025761
vt 0.226469 0.062150
vt 0.679606 0.281378
vt 0.679606 0.259595
vt 0.226469 0.012881
vt 0.000000 0.089593
vt 0.000512 0.312903
vt 0.906075 0.219937
vt 0.905875 0.025761
vt 0.000512 0.321630
vt 0.905875 0.012881
vt 0.000512 0.330358
vt 0.905875 0.121202
vt 0.000000 0.000000
vt 0.000512 0.321630
vt 0.906075 0.259595
vt 0.000000 0.012881
vt 0.905875 0.034093
vt -0.000122 0.156096
vt -0.000122 0.210448
vt 0.000000 0.048121
vt 0.906075 0.297453
vt 0.000000 0.062150
vt 0.000000 0.062150
vt 0.906075 0.281378
vt 0.906075 0.312903
vt 0.905875 0.093759
vt 0.905875 0.048121
vt 0.906075 0.296828
vt 0.905875 0.012881
vt 0.000512 0.321630
vt 0.905875 0.025761
vt 0.906075 0.219937
vt 0.000512 0.312903
vt 0.000000 0.089593
vt 0.905875 0.121202
vt 0.000512 0.330358
vt 0.000000 0.012881
vt 0.906075 0.259595
vt 0.000512 0.321630
vt 0.000000 0.000000
vt 0.000000 0.062150
vt 0.906075 0.297453
vt 0.000000 0.048121
vt -0.000122 0.210448
vt 0.905875 0.093759
vt 0.906075 0.312903
vt 0.906075 0.281378
vt 0.000000 0.062150
vt -0.000122 0.156096
vt 0.905875 0.034093
vt 0.906075 0.296828
vt 0.905875 0.048121
vt 0.999050 0.183297
vt 0.939310 0.183297
vt 0.999050 0.342604
vt 0.939310 0.342604
vt 0.985655 0.132863
vt 0.939310 0.342604
vt 0.999050 0.342604
vt 0.939081 0.132863
vt 0.939310 0.183297
vt 0.999050 0.183297
vt 0.999050 0.183297
vt 0.939310 0.183297
vt 0.999050 0.342604
vt 0.939310 0.342604
vt 0.985655 0.179437
vt 0.999050 0.183297
vt 0.939310 0.183297
vt 0.999050 0.342604
vt 0.939310 0.342604
vt 0.939081 0.179437
vt 0.939310 0.342604
vt 0.999050 0.342604
vt 0.939081 0.132863
vt 0.999050 0.342604
vt 0.939310 0.342604
vt 0.985655 0.132863
vt 0.999050 0.183297
vt 0.939310 0.183297
vt 0.939310 0.183297
vt 0.999050 0.183297
vt 0.999050 0.342604
vt 0.939310 0.342604
vt 0.985655 0.179437
vt 0.999050 0.183297
vt 0.939310 0.183297
vt 0.999050 0.342604
vt 0.939310 0.342604
vt 0.939081 0.179437
vt 0.999050 0.183297
vt 0.939310 0.183297
vt 0.979692 0.781451
vt -0.000781 0.656284
vt 0.998987 0.652658
vt 0.979692 0.844034
vt -0.000781 0.718868
vt 1.000000 0.851064
vt -0.000781 0.844034
vt 0.302823 0.718868
vt 0.000000 0.851064
vt -0.000781 0.781451
vt 0.302823 0.656284
vt 0.001647 0.652658
vt 0.145247 0.656284
vt -0.000781 0.718868
vt 0.998987 0.504118
vt 0.145247 0.718868
vt -0.000781 0.781451
vt 1.000000 1.000000
vt 0.979692 0.718868
vt 0.156795 0.656284
vt 0.001647 0.504118
vt 0.979692 0.781451
vt 0.156795 0.718868
vt 0.000000 1.000000
vt 0.679406 0.025761
vt 0.679606 0.219937
vt 0.679406 0.121202
vt 0.226981 0.330358
vt 0.679606 0.281378
vt 0.226469 0.062150
vt 0.679606 0.296828
vt 0.679406 0.048121
vt 0.226469 0.048121
vt 0.226347 0.210448
vt 0.226981 0.321630
vt 0.226469 0.000000
vt 0.226469 0.062150
vt 0.679606 0.297453
vt 0.679406 0.012881
vt 0.226981 0.321630
vt 0.226981 0.312903
vt 0.226469 0.089593
vt 0.226469 0.012881
vt 0.679606 0.259595
vt 0.679406 0.093759
vt 0.679606 0.312903
vt 0.226347 0.156096
vt 0.679406 0.034093
vt 0.679606 0.297453
vt 0.226469 0.062150
vt 0.226469 0.089593
vt 0.226981 0.312903
vt 0.226981 0.321630
vt 0.679406 0.012881
vt 0.679406 0.034093
vt 0.226347 0.156096
vt 0.226469 0.000000
vt 0.226981 0.321630
vt 0.679606 0.312903
vt 0.679406 0.093759
vt 0.226347 0.210448
vt 0.226469 0.048121
vt 0.679406 0.048121
vt 0.679606 0.296828
vt 0.226981 0.330358
vt 0.679406 0.121202
vt 0.679606 0.219937
vt 0.679406 0.025761
vt 0.226469 0.062150
vt 0.679606 0.281378
vt 0.679606 0.259595
vt 0.226469 0.012881
vt 0.000000 0.089593
vt 0.000512 0.312903
vt 0.906075 0.219937
vt 0.905875 0.025761
vt 0.000512 0.321630
vt 0.905875 0.012881
vt 0.000512 0.330358
vt 0.905875 0.121202
vt 0.000000 0.000000
vt 0.000512 0.321630
vt 0.906075 0.259595
vt 0.000000 0.012881
vt 0.905875 0.034093
vt -0.000122 0.156096
vt -0.000122 0.210448
vt 0.000000 0.048121
vt 0.906075 0.297453
vt 0.000000 0.062150
vt 0.000000 0.062150
vt 0.906075 0.281378
vt 0.906075 0.312903
vt 0.905875 0.093759
vt 0.905875 0.048121
vt 0.906075 0.296828
vt 0.905875 0.012881
vt 0.000512 0.321630
vt 0.905875 0.025761
vt 0.906075 0.219937
vt 0.000512 0.312903
vt 0.000000 0.089593
vt 0.905875 0.121202
vt 0.000512 0.330358
vt 0.000000 0.012881
vt 0.906075 0.259595
vt 0.000512 0.321630
vt 0.000000 0.000000
vt 0.000000 0.062150
vt 0.906075 0.297453
vt 0.000000 0.048121
vt -0.000122 0.210448
vt 0.905875 0.093759
vt 0.906075 0.312903
vt 0.906075 0.281378
vt 0.000000 0.062150
vt -0.000122 0.156096
vt 0.905875 0.034093
vt 0.906075 0.296828
vt 0.905875 0.048121
vt 0.999050 0.183297
vt 0.939310 0.183297
vt 0.999050 0.342604
vt 0.939310 0.342604
vt 0.985655 0.132863
vt 0.939310 0.342604
vt 0.999050 0.342604
vt 0.939081 0.132863
vt 0.939310 0.183297
vt 0.999050 0.183297
vt 0.999050 0.183297
vt 0.939310 0.183297
vt 0.999050 0.342604
vt 0.939310 0.342604
vt 0.985655 0.179437
vt 0.999050 0.183297
vt 0.939310 0.183297
vt 0.999050 0.342604
vt 0.939310 0.342604
vt 0.939081 0.179437
vt 0.939310 0.342604
vt 0.999050 0.342604
vt 0.939081 0.132863
vt 0.999050 0.342604
vt 0.939310 0.342604
vt 0.985655 0.132863
vt 0.999050 0.183297
vt 0.939310 0.183297
vt 0.939310 0.183297
vt 0.999050 0.183297
vt 0.999050 0.342604
vt 0.939310 0.342604
vt 0.985655 0.179437
vt 0.999050 0.183297
vt 0.939310 0.183297
vt 0.999050 0.342604
vt 0.939310 0.342604
vt 0.939081 0.179437
vt 0.999050 0.183297
vt 0.939310 0.183297
vt 0.979692 0.781451
vt -0.000781 0.656284
vt 0.998987 0.652658
vt 0.979692 0.844034
vt -0.000781 0.718868
vt 1.000000 0.851064
vt -0.000781 0.844034
vt 0.302823 0.718868
vt 0.000000 0.851064
vt -0.000781 0.781451
vt 0.302823 0.656284
vt 0.001647 0.652658
vt 0.145247 0.656284
vt -0.000781 0.718868
vt 0.998987 0.504118
vt 0.145247 0.718868
vt -0.000781 0.781451
vt 1.000000 1.000000
vt 0.979692 0.718868
vt 0.156795 0.656284
vt 0.001647 0.504118
vt 0.979692 0.781451
vt 0.156795 0.718868
vt 0.000000 1.000000
vt 0.679406 0.025761
vt 0.679606 0.219937
vt 0.679406 0.121202
vt 0.226981 0.330358
vt 0.679606 0.281378
vt 0.226469 0.062150
vt 0.679606 0.296828
vt 0.679406 0.048121
vt 0.226469 0.048121
vt 0.226347 0.210448
vt 0.226981 0.321630
vt 0.226469 0.000000
vt 0.226469 0.062150
vt 0.679606 0.297453
vt 0.679406 0.012881
vt 0.226981 0.321630
vt 0.226981 0.312903
vt 0.226469 0.089593
vt 0.226469 0.012881
vt 0.679606 0.259595
vt 0.679406 0.093759
vt 0.679606 0.312903
vt 0.226347 0.156096
vt 0.679406 0.034093
vt 0.679606 0.297453
vt 0.226469 0.062150
vt 0.226469 0.089593
vt 0.226981 0.312903
vt 0.226981 0.321630
vt 0.679406 0.012881
vt 0.679406 0.034093
vt 0.226347 0.156096
vt 0.226469 0.000000
vt 0.226981 0.321630
vt 0.679606 0.312903
vt 0.679406 0.093759
vt 0.226347 0.210448
vt 0.226469 0.048121
vt 0.679406 0.048121
vt 0.679606 0.296828
vt 0.226981 0.330358
vt 0.679406 0.121202
vt 0.679606 0.219937
vt 0.679406 0.025761
vt 0.226469 0.062150
vt 0.679606 0.281378
vt 0.679606 0.259595
vt 0.226469 0.012881
vt 0.000000 0.089593
vt 0.000512 0.312903
vt 0.906075 0.219937
vt 0.905875 0.025761
vt 0.000512 0.321630
vt 0.905875 0.012881
vt 0.000512 0.330358
vt 0.905875 0.121202
vt 0.000000 0.000000
vt 0.000512 0.321630
vt 0.906075 0.259595
vt 0.000000 0.012881
vt 0.905875 0.034093
vt -0.000122 0.156096
vt -0.000122 0.210448
vt 0.000000 0.048121
vt 0.906075 0.297453
vt 0.000000 0.062150
vt 0.000000 0.062150
vt 0.906075 0.281378
vt 0.906075 0.312903
vt 0.905875 0.093759
vt 0.905875 0.048121
vt 0.906075 0.296828
vt 0.905875 0.012881
vt 0.000512 0.321630
vt 0.905875 0.025761
vt 0.906075 0.219937
vt 0.000512 0.312903
vt 0.000000 0.089593
vt 0.905875 0.121202
vt 0.000512 0.330358
vt 0.000000 0.012881
vt 0.906075 0.259595
vt 0.000512 0.321630
vt 0.000000 0.000000
vt 0.000000 0.062150
vt 0.906075 0.297453
vt 0.000000 0.048121
vt -0.000122 0.210448
vt 0.905875 0.093759
vt 0.906075 0.312903
vt 0.906075 0.281378
vt 0.000000 0.062150
vt -0.000122 0.156096
vt 0.905875 0.034093
vt 0.906075 0.296828
vt 0.905875 0.048121
vt 0.999050 0.183297
vt 0.939310 0.183297
vt 0.999050 0.342604
vt 0.939310 0.342604
vt 0.985655 0.132863
vt 0.939310 0.342604
vt 0.999050 0.342604
vt 0.939081 0.132863
vt 0.939310 0.183297
vt 0.999050 0.183297
vt 0.999050 0.183297
vt 0.939310 0.183297
vt 0.999050 0.342604
vt 0.939310 0.342604
vt 0.985655 0.179437
vt 0.999050 0.183297
vt 0.939310 0.183297
vt 0.999050 0.342604
vt 0.939310 0.342604
vt 0.939081 0.179437
vt 0.939310 0.342604
vt 0.999050 0.342604
vt 0.939081 0.132863
vt 0.999050 0.342604
vt 0.939310 0.342604
vt 0.985655 0.132863
vt 0.999050 0.183297
vt 0.939310 0.183297
vt 0.939310 0.183297
vt 0.999050 0.183297
vt 0.999050 0.342604
vt 0.939310 0.342604
vt 0.985655 0.179437
vt 0.999050 0.183297
vt 0.939310 0.183297
vt 0.999050 0.342604
vt 0.939310 0.342604
vt 0.939081 0.179437
vt 0.999050 0.183297
vt 0.939310 0.183297
vt 0.979692 0.781451
vt -0.000781 0.656284
vt 0.998987 0.652658
vt 0.979692 0.844034
vt -0.000781 0.718868
vt 1.000000 0.851064
vt -0.000781 0.844034
vt 0.302823 0.718868
vt 0.000000 0.851064
vt -0.000781 0.781451
vt 0.302823 0.656284
vt 0.001647 0.652658
vt 0.145247 0.656284
vt -0.000781 0.718868
vt 0.998987 0.504118
vt 0.145247 0.718868
vt -0.000781 0.781451
vt 1.000000 1.000000
vt 0.979692 0.718868
vt 0.156795 0.656284
vt 0.001647 0.504118
vt 0.979692 0.781451
vt 0.156795 0.718868
vt 0.000000 1.000000
vt 0.679406 0.025761
vt 0.679606 0.219937
vt 0.679406 0.121202
vt 0.226981 0.330358
vt 0.679606 0.281378
vt 0.226469 0.062150
vt 0.679606 0.296828
vt 0.679406 0.048121
vt 0.226469 0.048121
vt 0.226347 0.210448
vt 0.226981 0.321630
vt 0.226469 0.000000
vt 0.226469 0.062150
vt 0.679606 0.297453
vt 0.679406 0.012881
vt 0.226981 0.321630
vt 0.226981 0.312903
vt 0.226469 0.089593
vt 0.226469 0.012881
vt 0.679606 0.259595
vt 0.679406 0.093759
vt 0.679606 0.312903
vt 0.226347 0.156096
vt 0.679406 0.034093
vt 0.679606 0.297453
vt 0.226469 0.062150
vt 0.226469 0.089593
vt 0.226981 0.312903
vt 0.226981 0.321630
vt 0.679406 0.012881
vt 0.679406 0.034093
vt 0.226347 0.156096
vt 0.226469 0.000000
vt 0.226981 0.321630
vt 0.679606 0.312903
vt 0.679406 0.093759
vt 0.226347 0.210448
vt 0.226469 0.048121
vt 0.679406 0.048121
vt 0.679606 0.296828
vt 0.226981 0.330358
vt 0.679406 0.121202
vt 0.679606 0.219937
vt 0.679406 0.025761
vt 0.226469 0.062150
vt 0.679606 0.281378
vt 0.679606 0.259595
vt 0.226469 0.012881
vt 0.000000 0.089593
vt 0.000512 0.312903
vt 0.906075 0.219937
vt 0.905875 0.025761
vt 0.000512 0.321630
vt 0.905875 0.012881
vt 0.000512 0.330358
vt 0.905875 0.121202
vt 0.000000 0.000000
vt 0.000512 0.321630
vt 0.906075 0.259595
vt 0.000000 0.012881
vt 0.905875 0.034093
vt -0.000122 0.156096
vt -0.000122 0.210448
vt 0.000000 0.048121
vt 0.906075 0.297453
vt 0.000000 0.062150
vt 0.000000 0.062150
vt 0.906075 0.281378
vt 0.906075 0.312903
vt 0.905875 0.093759
vt 0.905875 0.048121
vt 0.906075 0.296828
vt 0.905875 0.012881
vt 0.000512 0.321630
vt 0.905875 0.025761
vt 0.906075 0.219937
vt 0.000512 0.312903
vt 0.000000 0.089593
vt 0.905875 0.121202
vt 0.000512 0.330358
vt 0.000000 0.012881
vt 0.906075 0.259595
vt 0.000512 0.321630
vt 0.000000 0.000000
vt 0.000000 0.062150
vt 0.906075 0.297453
vt 0.000000 0.048121
vt -0.000122 0.210448
vt 0.905875 0.093759
vt 0.906075 0.312903
vt 0.906075 0.281378
vt 0.000000 0.062150
vt -0.000122 0.156096
vt 0.905875 0.034093
vt 0.906075 0.296828
vt 0.905875 0.048121
vt 0.999050 0.183297
vt 0.939310 0.183297
vt 0.999050 0.342604
vt 0.939310 0.342604
vt 0.985655 0.132863
vt 0.939310 0.342604
vt 0.999050 0.342604
vt 0.939081 0.132863
vt 0.939310 0.183297
vt 0.999050 0.183297
vt 0.999050 0.183297
vt 0.939310 0.183297
vt 0.999050 0.342604
vt 0.939310 0.342604
vt 0.985655 0.179437
vt 0.999050 0.183297
vt 0.939310 0.183297
vt 0.999050 0.342604
vt 0.939310 0.342604
vt 0.939081 0.179437
vt 0.939310 0.342604
vt 0.999050 0.342604
vt 0.939081 0.132863
vt 0.999050 0.342604
vt 0.939310 0.342604
vt 0.985655 0.132863
vt 0.999050 0.183297
vt 0.939310 0.183297
vt 0.939310 0.183297
vt 0.999050 0.183297
vt 0.999050 0.342604
vt 0.939310 0.342604
vt 0.985655 0.179437
vt 0.999050 0.183297
vt 0.939310 0.183297
vt 0.999050 0.342604
vt 0.939310 0.342604
vt 0.939081 0.179437
vt 0.999050 0.183297
vt 0.939310 0.183297
vt 0.979692 0.781451
vt -0.000781 0.656284
vt 0.998987 0.652658
vt 0.979692 0.844034
vt -0.000781 0.718868
vt 1.000000 0.851064
vt -0.000781 0.844034
vt 0.302823 0.718868
vt 0.000000 0.851064
vt -0.000781 0.781451
vt 0.302823 0.656284
vt 0.001647 0.652658
vt 0.145247 0.656284
vt -0.000781 0.718868
vt 0.998987 0.504118
vt 0.145247 0.718868
vt -0.000781 0.781451
vt 1.000000 1.000000
vt 0.979692 0.718868
vt 0.156795 0.656284
vt 0.001647 0.504118
vt 0.979692 0.781451
vt 0.156795 0.718868
vt 0.000000 1.000000
vt 0.679406 0.025761
vt 0.679606 0.219937
vt 0.679406 0.121202
vt 0.226981 0.330358
vt 0.679606 0.281378
vt 0.226469 0.062150
vt 0.679606 0.296828
vt 0.679406 0.048121
vt 0.226469 0.048121
vt 0.226347 0.210448
vt 0.226981 0.321630
vt 0.226469 0.000000
vt 0.226469 0.062150
vt 0.679606 0.297453
vt 0.679406 0.012881
vt 0.226981 0.321630
vt 0.226981 0.312903
vt 0.226469 0.089593
vt 0.226469 0.012881
vt 0.679606 0.259595
vt 0.679406 0.093759
vt 0.679606 0.312903
vt 0.226347 0.156096
vt 0.679406 0.034093
vt 0.679606 0.297453
vt 0.226469 0.062150
vt 0.226469 0.089593
vt 0.226981 0.312903
vt 0.226981 0.321630
vt 0.679406 0.012881
vt 0.679406 0.034093
vt 0.226347 0.156096
vt 0.226469 0.000000
vt 0.226981 0.321630
vt 0.679606 0.312903
vt 0.679406 0.093759
vt 0.226347 0.210448
vt 0.226469 0.048121
vt 0.679406 0.048121
vt 0.679606 0.296828
vt 0.226981 0.330358
vt 0.679406 0.121202
vt 0.679606 0.219937
vt 0.679406 0.025761
vt 0.226469 0.062150
vt 0.679606 0.281378
vt 0.679606 0.259595
vt 0.226469 0.012881
vt 0.000000 0.089593
vt 0.000512 0.312903
vt 0.906075 0.219937
vt 0.905875 0.025761
vt 0.000512 0.321630
vt 0.905875 0.012881
vt 0.000512 0.330358
vt 0.905875 0.121202
vt 0.000000 0.000000
vt 0.000512 0.321630
vt 0.906075 0.259595
vt 0.000000 0.012881
vt 0.905875 0.034093
vt -0.000122 0.156096
vt -0.000122 0.210448
vt 0.000000 0.048121
vt 0.906075 0.297453
vt 0.000000 0.062150
vt 0.000000 0.062150
vt 0.906075 0.281378
vt 0.906075 0.312903
vt 0.905875 0.093759
vt 0.905875 0.048121
vt 0.906075 0.296828
vt 0.905875 0.012881
vt 0.000512 0.321630
vt 0.905875 0.025761
vt 0.906075 0.219937
vt 0.000512 0.312903
vt 0.000000 0.089593
vt 0.905875 0.121202
vt 0.000512 0.330358
vt 0.000000 0.012881
vt 0.906075 0.259595
vt 0.000512 0.321630
vt 0.000000 0.000000
vt 0.000000 0.062150
vt 0.906075 0.297453
vt 0.000000 0.048121
vt -0.000122 0.210448
vt 0.905875 0.093759
vt 0.906075 0.312903
vt 0.906075 0.281378
vt 0.000000 0.062150
vt -0.000122 0.156096
vt 0.905875 0.034093
vt 0.906075 0.296828
vt 0.905875 0.048121
vt 0.999050 0.183297
vt 0.939310 0.183297
vt 0.999050 0.342604
vt 0.939310 0.342604
vt 0.985655 0.132863
vt 0.939310 0.342604
vt 0.999050 0.342604
vt 0.939081 0.132863
vt 0.939310 0.183297
vt 0.999050 0.183297
vt 0.999050 0.183297
vt 0.939310 0.183297
vt 0.999050 0.342604
vt 0.939310 0.342604
vt 0.985655 0.179437
vt 0.999050 0.183297
vt 0.939310 0.183297
vt 0.999050 0.342604
vt 0.939310 0.342604
vt 0.939081 0.179437
vt 0.939310 0.342604
vt 0.999050 0.342604
vt 0.939081 0.132863
vt 0.999050 0.342604
vt 0.939310 0.342604
vt 0.985655 0.132863
vt 0.999050 0.183297
vt 0.939310 0.183297
vt 0.939310 0.183297
vt 0.999050 0.183297
vt 0.999050 0.342604
vt 0.939310 0.342604
vt 0.985655 0.179437
vt 0.999050 0.183297
vt 0.939310 0.183297
vt 0.999050 0.342604
vt 0.939310 0.342604
vt 0.939081 0.179437
vt 0.999050 0.183297
vt 0.939310 0.183297
vt 0.979692 0.781451
vt -0.000781 0.656284
vt 0.998987 0.652658
vt 0.979692 0.844034
vt -0.000781 0.718868
vt 1.000000 0.851064
vt -0.000781 0.844034
vt 0.302823 0.718868
vt 0.000000 0.851064
vt -0.000781 0.781451
vt 0.302823 0.656284
vt 0.001647 0.652658
vt 0.145247 0.656284
vt -0.000781 0.718868
vt 0.998987 0.504118
vt 0.145247 0.718868
vt -0.000781 0.781451
vt 1.000000 1.000000
vt 0.979692 0.718868
vt 0.156795 0.656284
vt 0.001647 0.504118
vt 0.979692 0.781451
vt 0.156795 0.718868
vt 0.000000 1.000000
vt 0.679406 0.025761
vt 0.679606 0.219937
vt 0.679406 0.121202
vt 0.226981 0.330358
vt 0.679606 0.281378
vt 0.226469 0.062150
vt 0.679606 0.296828
vt 0.679406 0.048121
vt 0.226469 0.048121
vt 0.226347 0.210448
vt 0.226981 0.321630
vt 0.226469 0.000000
vt 0.226469 0.062150
vt 0.679606 0.297453
vt 0.679406 0.012881
vt 0.226981 0.321630
vt 0.226981 0.312903
vt 0.226469 0.089593
vt 0.226469 0.012881
vt 0.679606 0.259595
vt 0.679406 0.093759
vt 0.679606 0.312903
vt 0.226347 0.156096
vt 0.679406 0.034093
vt 0.679606 0.297453
vt 0.226469 0.062150
vt 0.226469 0.089593
vt 0.226981 0.312903
vt 0.226981 0.321630
vt 0.679406 0.012881
vt 0.679406 0.034093
vt 0.226347 0.156096
vt 0.226469 0.000000
vt 0.226981 0.321630
vt 0.679606 0.312903
vt 0.679406 0.093759
vt 0.226347 0.210448
vt 0.226469 0.048121
vt 0.679406 0.048121
vt 0.679606 0.296828
vt 0.226981 0.330358
vt 0.679406 0.121202
vt 0.679606 0.219937
vt 0.679406 0.025761
vt 0.226469 0.062150
vt 0.679606 0.281378
vt 0.679606 0.259595
vt 0.226469 0.012881
vt 0.000000 0.089593
vt 0.000512 0.312903
vt 0.906075 0.219937
vt 0.905875 0.025761
vt 0.000512 0.321630
vt 0.905875 0.012881
vt 0.000512 0.330358
vt 0.905875 0.121202
vt 0.000000 0.000000
vt 0.000512 0.321630
vt 0.906075 0.259595
vt 0.000000 0.012881
vt 0.905875 0.034093
vt -0.000122 0.156096
vt -0.000122 0.210448
vt 0.000000 0.048121
vt 0.906075 0.297453
vt 0.000000 0.062150
vt 0.000000 0.062150
vt 0.906075 0.281378
vt 0.906075 0.312903
vt 0.905875 0.093759
vt 0.905875 0.048121
vt 0.906075 0.296828
vt 0.905875 0.012881
vt 0.000512 0.321630
vt 0.905875 0.025761
vt 0.906075 0.219937
vt 0.000512 0.312903
vt 0.000000 0.089593
vt 0.905875 0.121202
vt 0.000512 0.330358
vt 0.000000 0.012881
vt 0.906075 0.259595
vt 0.000512 0.321630
vt 0.000000 0.000000
vt 0.000000 0.062150
vt 0.906075 0.297453
vt 0.000000 0.048121
vt -0.000122 0.210448
vt 0.905875 0.093759
vt 0.906075 0.312903
vt 0.906075 0.281378
vt 0.000000 0.062150
vt -0.000122 0.156096
vt 0.905875 0.034093
vt 0.906075 0.296828
vt 0.905875 0.048121
vt 0.999050 0.183297
vt 0.939310 0.183297
vt 0.999050 0.342604
vt 0.939310 0.342604
vt 0.985655 0.132863
vt 0.939310 0.342604
vt 0.999050 0.342604
vt 0.939081 0.132863
vt 0.939310 0.183297
vt 0.999050 0.183297
vt 0.999050 0.183297
vt 0.939310 0.183297
vt 0.999050 0.342604
vt 0.939310 0.342604
vt 0.985655 0.179437
vt 0.999050 0.183297
vt 0.939310 0.183297
vt 0.999050 0.342604
vt 0.939310 0.342604
vt 0.939081 0.179437
vt 0.939310 0.342604
vt 0.999050 0.342604
vt 0.939081 0.132863
vt 0.999050 0.342604
vt 0.939310 0.342604
vt 0.985655 0.132863
vt 0.999050 0.183297
vt 0.939310 0.183297
vt 0.939310 0.183297
vt 0.999050 0.183297
vt 0.999050 0.342604
vt 0.939310 0.342604
vt 0.985655 0.179437
vt 0.999050 0.183297
vt 0.939310 0.183297
vt 0.999050 0.342604
vt 0.939310 0.342604
vt 0.939081 0.179437
vt 0.999050 0.183297
vt 0.939310 0.183297
vt 0.979692 0.781451
vt -0.000781 0.656284
vt 0.998987 0.652658
vt 0.979692 0.844034
vt -0.000781 0.718868
vt 1.000000 0.851064
vt -0.000781 0.844034
vt 0.302823 0.718868
vt 0.000000 0.851064
vt -0.000781 0.781451
vt 0.302823 0.656284
vt 0.001647 0.652658
vt 0.145247 0.656284
vt -0.000781 0.718868
vt 0.998987 0.504118
vt 0.145247 0.718868
vt -0.000781 0.781451
vt 1.000000 1.000000
vt 0.979692 0.718868
vt 0.156795 0.656284
vt 0.001647 0.504118
vt 0.979692 0.781451
vt 0.156795 0.718868
vt 0.000000 1.000000
vt 0.679406 0.025761
vt 0.679606 0.219937
vt 0.679406 0.121202
vt 0.226981 0.330358
vt 0.679606 0.281378
vt 0.226469 0.062150
vt 0.679606 0.296828
vt 0.679406 0.048121
vt 0.226469 0.048121
vt 0.226347 0.210448
vt 0.226981 0.321630
vt 0.226469 0.000000
vt 0.226469 0.062150
vt 0.679606 0.297453
vt 0.679406 0.012881
vt 0.226981 0.321630
vt 0.226981 0.312903
vt 0.226469 0.089593
vt 0.226469 0.012881
vt 0.679606 0.259595
vt 0.679406 0.093759
vt 0.679606 0.312903
vt 0.226347 0.156096
vt 0.679406 0.034093
vt 0.679606 0.297453
vt 0.226469 0.062150
vt 0.226469 0.089593
vt 0.226981 0.312903
vt 0.226981 0.321630
vt 0.679406 0.012881
vt 0.679406 0.034093
vt 0.226347 0.156096
vt 0.226469 0.000000
vt 0.226981 0.321630
vt 0.679606 0.312903
vt 0.679406 0.093759
vt 0.226347 0.210448
vt 0.226469 0.048121
vt 0.679406 0.048121
vt 0.679606 0.296828
vt 0.226981 0.330358
vt 0.679406 0.121202
vt 0.679606 0.219937
vt 0.679406 0.025761
vt 0.226469 0.062150
vt 0.679606 0.281378
vt 0.679606 0.259595
vt 0.226469 0.012881
vt 0.000000 0.089593
vt 0.000512 0.312903
vt 0.906075 0.219937
vt 0.905875 0.025761
vt 0.000512 0.321630
vt 0.905875 0.012881
vt 0.000512 0.330358
vt 0.905875 0.121202
vt 0.000000 0.000000
vt 0.000512 0.321630
vt 0.906075 0.259595
vt 0.000000 0.012881
vt 0.905875 0.034093
vt -0.000122 0.156096
vt -0.000122 0.210448
vt 0.000000 0.048121
vt 0.906075 0.297453
vt 0.000000 0.062150
vt 0.000000 0.062150
vt 0.906075 0.281378
vt 0.906075 0.312903
vt 0.905875 0.093759
vt 0.905875 0.048121
vt 0.906075 0.296828
vt 0.905875 0.012881
vt 0.000512 0.321630
vt 0.905875 0.025761
vt 0.906075 0.219937
vt 0.000512 0.312903
vt 0.000000 0.089593
vt 0.905875 0.121202
vt 0.000512 0.330358
vt 0.000000 0.012881
vt 0.906075 0.259595
vt 0.000512 0.321630
vt 0.000000 0.000000
vt 0.000000 0.062150
vt 0.906075 0.297453
vt 0.000000 0.048121
vt -0.000122 0.210448
vt 0.905875 0.093759
vt 0.906075 0.312903
vt 0.906075 0.281378
vt 0.000000 0.062150
vt -0.000122 0.156096
vt 0.905875 0.034093
vt 0.906075 0.296828
vt 0.905875 0.048121
vt 0.999050 0.183297
vt 0.939310 0.183297
vt 0.999050 0.342604
vt 0.939310 0.342604
vt 0.985655 0.132863
vt 0.939310 0.342604
vt 0.999050 0.342604
vt 0.939081 0.132863
vt 0.939310 0.183297
vt 0.999050 0.183297
vt 0.999050 0.183297
vt 0.939310 0.183297
vt 0.999050 0.342604
vt 0.939310 0.342604
vt 0.985655 0.179437
vt 0.999050 0.183297
vt 0.939310 0.183297
vt 0.999050 0.342604
vt 0.939310 0.342604
vt 0.939081 0.179437
vt 0.939310 0.342604
vt 0.999050 0.342604
vt 0.939081 0.132863
vt 0.999050 0.342604
vt 0.939310 0.342604
vt 0.985655 0.132863
vt 0.999050 0.183297
vt 0.939310 0.183297
vt 0.939310 0.183297
vt 0.999050 0.183297
vt 0.999050 0.342604
vt 0.939310 0.342604
vt 0.985655 0.179437
vt 0.999050 0.183297
vt 0.939310 0.183297
vt 0.999050 0.342604
vt 0.939310 0.342604
vt 0.939081 0.179437
vt 0.999050 0.183297
vt 0.939310 0.183297
vt 0.979692 0.781451
vt -0.000781 0.656284
vt 0.998987 0.652658
vt 0.979692 0.844034
vt -0.000781 0.718868
vt 1.000000 0.851064
vt -0.000781 0.844034
vt 0.302823 0.718868
vt 0.000000 0.851064
vt -0.000781 0.781451
vt 0.302823 0.656284
vt 0.001647 0.652658
vt 0.145247 0.656284
vt -0.000781 0.718868
vt 0.998987 0.504118
vt 0.145247 0.718868
vt -0.000781 0.781451
vt 1.000000 1.000000
vt 0.979692 0.718868
vt 0.156795 0.656284
vt 0.001647 0.504118
vt 0.979692 0.781451
vt 0.156795 0.718868
vt 0.000000 1.000000
vt 0.679406 0.025761
vt 0.679606 0.219937
vt 0.679406 0.121202
vt 0.226981 0.330358
vt 0.679606 0.281378
vt 0.226469 0.062150
vt 0.679606 0.296828
vt 0.679406 0.048121
vt 0.226469 0.048121
vt 0.226347 0.210448
vt 0.226981 0.321630
vt 0.226469 0.000000
vt 0.226469 0.062150
vt 0.679606 0.297453
vt 0.679406 0.012881
vt 0.226981 0.321630
vt 0.226981 0.312903
vt 0.226469 0.089593
vt 0.226469 0.012881
vt 0.679606 0.259595
vt 0.679406 0.093759
vt 0.679606 0.312903
vt 0.226347 0.156096
vt 0.679406 0.034093
vt 0.679606 0.297453
vt 0.226469 0.062150
vt 0.226469 0.089593
vt 0.226981 0.312903
vt 0.226981 0.321630
vt 0.679406 0.012881
vt 0.679406 0.034093
vt 0.226347 0.156096
vt 0.226469 0.000000
vt 0.226981 0.321630
vt 0.679606 0.312903
vt 0.679406 0.093759
vt 0.226347 0.210448
vt 0.226469 0.048121
vt 0.679406 0.048121
vt 0.679606 0.296828
vt 0.226981 0.330358
vt 0.679406 0.121202
vt 0.679606 0.219937
vt 0.679406 0.025761
vt 0.226469 0.062150
vt 0.679606 0.281378
vt 0.679606 0.259595
vt 0.226469 0.012881
vt 0.000000 0.089593
vt 0.000512 0.312903
vt 0.906075 0.219937
vt 0.905875 0.025761
vt 0.000512 0.321630
vt 0.905875 0.012881
vt 0.000512 0.330358
vt 0.905875 0.121202
vt 0.000000 0.000000
vt 0.000512 0.321630
vt 0.906075 0.259595
vt 0.000000 0.012881
vt 0.905875 0.034093
vt -0.000122 0.156096
vt -0.000122 0.210448
vt 0.000000 0.048121
vt 0.906075 0.297453
vt 0.000000 0.062150
vt 0.000000 0.062150
vt 0.906075 0.281378
vt 0.906075 0.312903
vt 0.905875 0.093759
vt 0.905875 0.048121
vt 0.906075 0.296828
vt 0.905875 0.012881
vt 0.000512 0.321630
vt 0.905875 0.025761
vt 0.906075 0.219937
vt 0.000512 0.312903
vt 0.000000 0.089593
vt 0.905875 0.121202
vt 0.000512 0.330358
vt 0.000000 0.012881
vt 0.906075 0.259595
vt 0.000512 0.321630
vt 0.000000 0.000000
vt 0.000000 0.062150
vt 0.906075 0.297453
vt 0.000000 0.048121
vt -0.000122 0.210448
vt 0.905875 0.093759
vt 0.906075 0.312903
vt 0.906075 0.281378
vt 0.000000 0.062150
vt -0.000122 0.156096
vt 0.905875 0.034093
vt 0.906075 0.296828
vt 0.905875 0.048121
vt 0.999050 0.183297
vt 0.939310 0.183297
vt 0.999050 0.342604
vt 0.939310 0.342604
vt 0.985655 0.132863
vt 0.939310 0.342604
vt 0.999050 0.342604
vt 0.939081 0.132863
vt 0.939310 0.183297
vt 0.999050 0.183297
vt 0.999050 0.183297
vt 0.939310 0.183297
vt 0.999050 0.342604
vt 0.939310 0.342604
vt 0.985655 0.179437
vt 0.999050 0.183297
vt 0.939310 0.183297
vt 0.999050 0.342604
vt 0.939310 0.342604
vt 0.939081 0.179437
vt 0.939310 0.342604
vt 0.999050 0.342604
vt 0.939081 0.132863
vt 0.999050 0.342604
vt 0.939310 0.342604
vt 0.985655 0.132863
vt 0.999050 0.183297
vt 0.939310 0.183297
vt 0.939310 0.183297
vt 0.999050 0.183297
vt 0.999050 0.342604
vt 0.939310 0.342604
vt 0.985655 0.179437
vt 0.999050 0.183297
vt 0.939310 0.183297
vt 0.999050 0.342604
vt 0.939310 0.342604
vt 0.939081 0.179437
vt 0.999050 0.183297
vt 0.939310 0.183297
vt 0.979692 0.781451
vt -0.000781 0.656284
vt 0.998987 0.652658
vt 0.979692 0.844034
vt -0.000781 0.718868
vt 1.000000 0.851064
vt -0.000781 0.844034
vt 0.302823 0.718868
vt 0.000000 0.851064
vt -0.000781 0.781451
vt 0.302823 0.656284
vt 0.001647 0.652658
vt 0.145247 0.656284
vt -0.000781 0.718868
vt 0.998987 0.504118
vt 0.145247 0.718868
vt -0.000781 0.781451
vt 1.000000 1.000000
vt 0.979692 0.718868
vt 0.156795 0.656284
vt 0.001647 0.504118
vt 0.979692 0.781451
vt 0.156795 0.718868
vt 0.000000 1.000000
vt 0.679406 0.025761
vt 0.679606 0.219937
vt 0.679406 0.121202
vt 0.226981 0.330358
vt 0.679606 0.281378
vt 0.226469 0.062150
vt 0.679606 0.296828
vt 0.679406 0.048121
vt 0.226469 0.048121
vt 0.226347 0.210448
vt 0.226981 0.321630
vt 0.226469 0.000000
vt 0.226469 0.062150
vt 0.679606 0.297453
vt 0.679406 0.012881
vt 0.226981 0.321630
vt 0.226981 0.312903
vt 0.226469 0.089593
vt 0.226469 0.012881
vt 0.679606 0.259595
vt 0.679406 0.093759
vt 0.679606 0.312903
vt 0.226347 0.156096
vt 0.679406 0.034093
vt 0.679606 0.297453
vt 0.226469 0.062150
vt 0.226469 0.089593
vt 0.226981 0.312903
vt 0.226981 0.321630
vt 0.679406 0.012881
vt 0.679406 0.034093
vt 0.226347 0.156096
vt 0.226469 0.000000
vt 0.226981 0.321630
vt 0.679606 0.312903
vt 0.679406 0.093759
vt 0.226347 0.210448
vt 0.226469 0.048121
vt 0.679406 0.048121
vt 0.679606 0.296828
vt 0.226981 0.330358
vt 0.679406 0.121202
vt 0.679606 0.219937
vt 0.679406 0.025761
vt 0.226469 0.062150
vt 0.679606 0.281378
vt 0.679606 0.259595
vt 0.226469 0.012881
vt 0.000000 0.089593
vt 0.000512 0.312903
vt 0.906075 0.219937
vt 0.905875 0.025761
vt 0.000512 0.321630
vt 0.905875 0.012881
vt 0.000512 0.330358
vt 0.905875 0.121202
vt 0.000000 0.000000
vt 0.000512 0.321630
vt 0.906075 0.259595
vt 0.000000 0.012881
vt 0.905875 0.034093
vt -0.000122 0.156096
vt -0.000122 0.210448
vt 0.000000 0.048121
vt 0.906075 0.297453
vt 0.000000 0.062150
vt 0.000000 0.062150
vt 0.906075 0.281378
vt 0.906075 0.312903
vt 0.905875 0.093759
vt 0.905875 0.048121
vt 0.906075 0.296828
vt 0.905875 0.012881
vt 0.000512 0.321630
vt 0.905875 0.025761
vt 0.906075 0.219937
vt 0.000512 0.312903
vt 0.000000 0.089593
vt 0.905875 0.121202
vt 0.000512 0.330358
vt 0.000000 0.012881
vt 0.906075 0.259595
vt 0.000512 0.321630
vt 0.000000 0.000000
vt 0.000000 0.062150
vt 0.906075 0.297453
vt 0.000000 0.048121
vt -0.000122 0.210448
vt 0.905875 0.093759
vt 0.906075 0.312903
vt 0.906075 0.281378
vt 0.000000 0.062150
vt -0.000122 0.156096
vt 0.905875 0.034093
vt 0.906075 0.296828
vt 0.905875 0.048121
vt 0.999050 0.183297
vt 0.939310 0.183297
vt 0.999050 0.342604
vt 0.939310 0.342604
vt 0.985655 0.132863
vt 0.939310 0.342604
vt 0.999050 0.342604
vt 0.939081 0.132863
vt 0.939310 0.183297
vt 0.999050 0.183297
vt 0.999050 0.183297
vt 0.939310 0.183297
vt 0.999050 0.342604
vt 0.939310 0.342604
vt 0.985655 0.179437
vt 0.999050 0.183297
vt 0.939310 0.183297
vt 0.999050 0.342604
vt 0.939310 0.342604
vt 0.939081 0.179437
vt 0.939310 0.342604
vt 0.999050 0.342604
vt 0.939081 0.132863
vt 0.999050 0.342604
vt 0.939310 0.342604
vt 0.985655 0.132863
vt 0.999050 0.183297
vt 0.939310 0.183297
vt 0.939310 0.183297
vt 0.999050 0.183297
vt 0.999050 0.342604
vt 0.939310 0.342604
vt 0.985655 0.179437
vt 0.999050 0.183297
vt 0.939310 0.183297
vt 0.999050 0.342604
vt 0.939310 0.342604
vt 0.939081 0.179437
vt 0.999050 0.183297
vt 0.939310 0.183297
vt 0.979692 0.781451
vt -0.000781 0.656284
vt 0.998987 0.652658
vt 0.979692 0.844034
vt -0.000781 0.718868
vt 1.000000 0.851064
vt -0.000781 0.844034
vt 0.302823 0.718868
vt 0.000000 0.851064
vt -0.000781 0.781451
vt 0.302823 0.656284
vt 0.001647 0.652658
vt 0.145247 0.656284
vt -0.000781 0.718868
vt 0.998987 0.504118
vt 0.145247 0.718868
vt -0.000781 0.781451
vt 1.000000 1.000000
vt 0.979692 0.718868
vt 0.156795 0.656284
vt 0.001647 0.504118
vt 0.979692 0.781451
vt 0.156795 0.718868
vt 0.000000 1.000000
vt 0.679406 0.025761
vt 0.679606 0.219937
vt 0.679406 0.121202
vt 0.226981 0.330358
vt 0.679606 0.281378
vt 0.226469 0.062150
vt 0.679606 0.296828
vt 0.679406 0.048121
vt 0.226469 0.048121
vt 0.226347 0.210448
vt 0.226981 0.321630
vt 0.226469 0.000000
vt 0.226469 0.062150
vt 0.679606 0.297453
vt 0.679406 0.012881
vt 0.226981 0.321630
vt 0.226981 0.312903
vt 0.226469 0.089593
vt 0.226469 0.012881
vt 0.679606 0.259595
vt 0.679406 0.093759
vt 0.679606 0.312903
vt 0.226347 0.156096
vt 0.679406 0.034093
vt 0.679606 0.297453
vt 0.226469 0.062150
vt 0.226469 0.089593
vt 0.226981 0.312903
vt 0.226981 0.321630
vt 0.679406 0.012881
vt 0.679406 0.034093
vt 0.226347 0.156096
vt 0.226469 0.000000
vt 0.226981 0.321630
vt 0.679606 0.312903
vt 0.679406 0.093759
vt 0.226347 0.210448
vt 0.226469 0.048121
vt 0.679406 0.048121
vt 0.679606 0.296828
vt 0.226981 0.330358
vt 0.679406 0.121202
vt 0.679606 0.219937
vt 0.679406 0.025761
vt 0.226469 0.062150
vt 0.679606 0.281378
vt 0.679606 0.259595
vt 0.226469 0.012881
vt 0.000000 0.089593
vt 0.000512 0.312903
vt 0.906075 0.219937
vt 0.905875 0.025761
vt 0.000512 0.321630
vt 0.905875 0.012881
vt 0.000512 0.330358
vt 0.905875 0.121202
vt 0.000000 0.000000
vt 0.000512 0.321630
vt 0.906075 0.259595
vt 0.000000 0.012881
vt 0.905875 0.034093
vt -0.000122 0.156096
vt -0.000122 0.210448
vt 0.000000 0.048121
vt 0.906075 0.297453
vt 0.000000 0.062150
vt 0.000000 0.062150
vt 0.906075 0.281378
vt 0.906075 0.312903
vt 0.905875 0.093759
vt 0.905875 0.048121
vt 0.906075 0.296828
vt 0.905875 0.012881
vt 0.000512 0.321630
vt 0.905875 0.025761
vt 0.906075 0.219937
vt 0.000512 0.312903
vt 0.000000 0.089593
vt 0.905875 0.121202
vt 0.000512 0.330358
vt 0.000000 0.012881
vt 0.906075 0.259595
vt 0.000512 0.321630
vt 0.000000 0.000000
vt 0.000000 0.062150
vt 0.906075 0.297453
vt 0.000000 0.048121
vt -0.000122 0.210448
vt 0.905875 0.093759
vt 0.906075 0.312903
vt 0.906075 0.281378
vt 0.000000 0.062150
vt -0.000122 0.156096
vt 0.905875 0.034093
vt 0.906075 0.296828
vt 0.905875 0.048121
vt 0.999050 0.183297
vt 0.939310 0.183297
vt 0.999050 0.342604
vt 0.939310 0.342604
vt 0.985655 0.132863
vt 0.939310 0.342604
vt 0.999050 0.342604
vt 0.939081 0.132863
vt 0.939310 0.183297
vt 0.999050 0.183297
vt 0.999050 0.183297
vt 0.939310 0.183297
vt 0.999050 0.342604
vt 0.939310 0.342604
vt 0.985655 0.179437
vt 0.999050 0.183297
vt 0.939310 0.183297
vt 0.999050 0.342604
vt 0.939310 0.342604
vt 0.939081 0.179437
vt 0.939310 0.342604
vt 0.999050 0.342604
vt 0.939081 0.132863
vt 0.999050 0.342604
vt 0.939310 0.342604
vt 0.985655 0.132863
vt 0.999050 0.183297
vt 0.939310 0.183297
vt 0.939310 0.183297
vt 0.999050 0.183297
vt 0.999050 0.342604
vt 0.939310 0.342604
vt 0.985655 0.179437
vt 0.999050 0.183297
vt 0.939310 0.183297
vt 0.999050 0.342604
vt 0.939310 0.342604
vt 0.939081 0.179437
vt 0.999050 0.183297
vt 0.939310 0.183297
vt 0.979692 0.781451
vt -0.000781 0.656284
vt 0.998987 0.652658
vt 0.979692 0.844034
vt -0.000781 0.718868
vt 1.000000 0.851064
vt -0.000781 0.844034
vt 0.302823 0.718868
vt 0.000000 0.851064
vt -0.000781 0.781451
vt 0.302823 0.656284
vt 0.001647 0.652658
vt 0.145247 0.656284
vt -0.000781 0.718868
vt 0.998987 0.504118
vt 0.145247 0.718868
vt -0.000781 0.781451
vt 1.000000 1.000000
vt 0.979692 0.718868
vt 0.156795 0.656284
vt 0.001647 0.504118
vt 0.979692 0.781451
vt 0.156795 0.718868
vt 0.000000 1.000000
vt 0.679406 0.025761
vt 0.679606 0.219937
vt 0.679406 0.121202
vt 0.226981 0.330358
vt 0.679606 0.281378
vt 0.226469 0.062150
vt 0.679606 0.296828
vt 0.679406 0.048121
vt 0.226469 0.048121
vt 0.226347 0.210448
vt 0.226981 0.321630
vt 0.226469 0.000000
vt 0.226469 0.062150
vt 0.679606 0.297453
vt 0.679406 0.012881
vt 0.226981 0.321630
vt 0.226981 0.312903
vt 0.226469 0.089593
vt 0.226469 0.012881
vt 0.679606 0.259595
vt 0.679406 0.093759
vt 0.679606 0.312903
vt 0.226347 0.156096
vt 0.679406 0.034093
vt 0.679606 0.297453
vt 0.226469 0.062150
vt 0.226469 0.089593
vt 0.226981 0.312903
vt 0.226981 0.321630
vt 0.679406 0.012881
vt 0.679406 0.034093
vt 0.226347 0.156096
vt 0.226469 0.000000
vt 0.226981 0.321630
vt 0.679606 0.312903
vt 0.679406 0.093759
vt 0.226347 0.210448
vt 0.226469 0.048121
vt 0.679406 0.048121
vt 0.679606 0.296828
vt 0.226981 0.330358
vt 0.679406 0.121202
vt 0.679606 0.219937
vt 0.679406 0.025761
vt 0.226469 0.062150
vt 0.679606 0.281378
vt 0.679606 0.259595
vt 0.226469 0.012881
vt 0.000000 0.089593
vt 0.000512 0.312903
vt 0.906075 0.219937
vt 0.905875 0.025761
vt 0.000512 0.321630
vt 0.905875 0.012881
vt 0.000512 0.330358
vt 0.905875 0.121202
vt 0.000000 0.000000
vt 0.000512 0.321630
vt 0.906075 0.259595
vt 0.000000 0.012881
vt 0.905875 0.034093
vt -0.000122 0.156096
vt -0.000122 0.210448
vt 0.000000 0.048121
vt 0.906075 0.297453
vt 0.000000 0.062150
vt 0.000000 0.062150
vt 0.906075 0.281378
vt 0.906075 0.312903
vt 0.905875 0.093759
vt 0.905875 0.048121
vt 0.906075 0.296828
vt 0.905875 0.012881
vt 0.000512 0.321630
vt 0.905875 0.025761
vt 0.906075 0.219937
vt 0.000512 0.312903
vt 0.000000 0.089593
vt 0.905875 0.121202
vt 0.000512 0.330358
vt 0.000000 0.012881
vt 0.906075 0.259595
vt 0.000512 0.321630
vt 0.000000 0.000000
vt 0.000000 0.062150
vt 0.906075 0.297453
vt 0.000000 0.048121
vt -0.000122 0.210448
vt 0.905875 0.093759
vt 0.906075 0.312903
vt 0.906075 0.281378
vt 0.000000 0.062150
vt -0.000122 0.156096
vt 0.905875 0.034093
vt 0.906075 0.296828
vt 0.905875 0.048121
vt 0.999050 0.183297
vt 0.939310 0.183297
vt 0.999050 0.342604
vt 0.939310 0.342604
vt 0.985655 0.132863
vt 0.939310 0.342604
vt 0.999050 0.342604
vt 0.939081 0.132863
vt 0.939310 0.183297
vt 0.999050 0.183297
vt 0.999050 0.183297
vt 0.939310 0.183297
vt 0.999050 0.342604
vt 0.939310 0.342604
vt 0.985655 0.179437
vt 0.999050 0.183297
vt 0.939310 0.183297
vt 0.999050 0.342604
vt 0.939310 0.342604
vt 0.939081 0.179437
vt 0.939310 0.342604
vt 0.999050 0.342604
vt 0.939081 0.132863
vt 0.999050 0.342604
vt 0.939310 0.342604
vt 0.985655 0.132863
vt 0.999050 0.183297
vt 0.939310 0.183297
vt 0.939310 0.183297
vt 0.999050 0.183297
vt 0.999050 0.342604
vt 0.939310 0.342604
vt 0.985655 0.179437
vt 0.999050 0.183297
vt 0.939310 0.183297
vt 0.999050 0.342604
vt 0.939310 0.342604
vt 0.939081 0.179437
vt 0.999050 0.183297
vt 0.939310 0.183297
vt 0.979692 0.781451
vt -0.000781 0.656284
vt 0.998987 0.652658
vt 0.979692 0.844034
vt -0.000781 0.718868
vt 1.000000 0.851064
vt -0.000781 0.844034
vt 0.302823 0.718868
vt 0.000000 0.851064
vt -0.000781 0.781451
vt 0.302823 0.656284
vt 0.001647 0.652658
vt 0.145247 0.656284
vt -0.000781 0.718868
vt 0.998987 0.504118
vt 0.145247 0.718868
vt -0.000781 0.781451
vt 1.000000 1.000000
vt 0.979692 0.718868
vt 0.156795 0.656284
vt 0.001647 0.504118
vt 0.979692 0.781451
vt 0.156795 0.718868
vt 0.000000 1.000000
vt 0.679406 0.025761
vt 0.679606 0.219937
vt 0.679406 0.121202
vt 0.226981 0.330358
vt 0.679606 0.281378
vt 0.226469 0.062150
vt 0.679606 0.296828
vt 0.679406 0.048121
vt 0.226469 0.048121
vt 0.226347 0.210448
vt 0.226981 0.321630
vt 0.226469 0.000000
vt 0.226469 0.062150
vt 0.679606 0.297453
vt 0.679406 0.012881
vt 0.226981 0.321630
vt 0.226981 0.312903
vt 0.226469 0.089593
vt 0.226469 0.012881
vt 0.679606 0.259595
vt 0.679406 0.093759
vt 0.679606 0.312903
vt 0.226347 0.156096
vt 0.679406 0.034093
vt 0.679606 0.297453
vt 0.226469 0.062150
vt 0.226469 0.089593
vt 0.226981 0.312903
vt 0.226981 0.321630
vt 0.679406 0.012881
vt 0.679406 0.034093
vt 0.226347 0.156096
vt 0.226469 0.000000
vt 0.226981 0.321630
vt 0.679606 0.312903
vt 0.679406 0.093759
vt 0.226347 0.210448
vt 0.226469 0.048121
vt 0.679406 0.048121
vt 0.679606 0.296828
vt 0.226981 0.330358
vt 0.679406 0.121202
vt 0.679606 0.219937
vt 0.679406 0.025761
vt 0.226469 0.062150
vt 0.679606 0.281378
vt 0.679606 0.259595
vt 0.226469 0.012881
vt 0.000000 0.089593
vt 0.000512 0.312903
vt 0.906075 0.219937
vt 0.905875 0.025761
vt 0.000512 0.321630
vt 0.905875 0.012881
vt 0.000512 0.330358
vt 0.905875 0.121202
vt 0.000000 0.000000
vt 0.000512 0.321630
vt 0.906075 0.259595
vt 0.000000 0.012881
vt 0.905875 0.034093
vt -0.000122 0.156096
vt -0.000122 0.210448
vt 0.000000 0.048121
vt 0.906075 0.297453
vt 0.000000 0.062150
vt 0.000000 0.062150
vt 0.906075 0.281378
vt 0.906075 0.312903
vt 0.905875 0.093759
vt 0.905875 0.048121
vt 0.906075 0.296828
vt 0.905875 0.012881
vt 0.000512 0.321630
vt 0.905875 0.025761
vt 0.906075 0.219937
vt 0.000512 0.312903
vt 0.000000 0.089593
vt 0.905875 0.121202
vt 0.000512 0.330358
vt 0.000000 0.012881
vt 0.906075 0.259595
vt 0.000512 0.321630
vt 0.000000 0.000000
vt 0.000000 0.062150
vt 0.906075 0.297453
vt 0.000000 0.048121
vt -0.000122 0.210448
vt 0.905875 0.093759
vt 0.906075 0.312903
vt 0.906075 0.281378
vt 0.000000 0.062150
vt -0.000122 0.156096
vt 0.905875 0.034093
vt 0.906075 0.296828
vt 0.905875 0.048121
vt 0.999050 0.183297
vt 0.939310 0.183297
vt 0.999050 0.342604
vt 0.939310 0.342604
vt 0.985655 0.132863
vt 0.939310 0.342604
vt 0.999050 0.342604
vt 0.939081 0.132863
vt 0.939310 0.183297
vt 0.999050 0.183297
vt 0.999050 0.183297
vt 0.939310 0.183297
vt 0.999050 0.342604
vt 0.939310 0.342604
vt 0.985655 0.179437
vt 0.999050 0.183297
vt 0.939310 0.183297
vt 0.999050 0.342604
vt 0.939310 0.342604
vt 0.939081 0.179437
vt 0.939310 0.342604
vt 0.999050 0.342604
vt 0.939081 0.132863
vt 0.999050 0.342604
vt 0.939310 0.342604
vt 0.985655 0.132863
vt 0.999050 0.183297
vt 0.939310 0.183297
vt 0.939310 0.183297
vt 0.999050 0.183297
vt 0.999050 0.342604
vt 0.939310 0.342604
vt 0.985655 0.179437
vt 0.999050 0.183297
vt 0.939310 0.183297
vt 0.999050 0.342604
vt 0.939310 0.342604
vt 0.939081 0.179437
vt 0.999050 0.183297
vt 0.939310 0.183297
vt 0.979692 0.781451
vt -0.000781 0.656284
vt 0.998987 0.652658
vt 0.979692 0.844034
vt -0.000781 0.718868
vt 1.000000 0.851064
vt -0.000781 0.844034
vt 0.302823 0.718868
vt 0.000000 0.851064
vt -0.000781 0.781451
vt 0.302823 0.656284
vt 0.001647 0.652658
vt 0.145247 0.656284
vt -0.000781 0.718868
vt 0.998987 0.504118
vt 0.145247 0.718868
vt -0.000781 0.781451
vt 1.000000 1.000000
vt 0.979692 0.718868
vt 0.156795 0.656284
vt 0.001647 0.504118
vt 0.979692 0.781451
vt 0.156795 0.718868
vt 0.000000 1.000000
vt 0.679406 0.025761
vt 0.679606 0.219937
vt 0.679406 0.121202
vt 0.226981 0.330358
vt 0.679606 0.281378
vt 0.226469 0.062150
vt 0.679606 0.296828
vt 0.679406 0.048121
vt 0.226469 0.048121
vt 0.226347 0.210448
vt 0.226981 0.321630
vt 0.226469 0.000000
vt 0.226469 0.062150
vt 0.679606 0.297453
vt 0.679406 0.012881
vt 0.226981 0.321630
vt 0.226981 0.312903
vt 0.226469 0.089593
vt 0.226469 0.012881
vt 0.679606 0.259595
vt 0.679406 0.093759
vt 0.679606 0.312903
vt 0.226347 0.156096
vt 0.679406 0.034093
vt 0.679606 0.297453
vt 0.226469 0.062150
vt 0.226469 0.089593
vt 0.226981 0.312903
vt 0.226981 0.321630
vt 0.679406 0.012881
vt 0.679406 0.034093
vt 0.226347 0.156096
vt 0.226469 0.000000
vt 0.226981 0.321630
vt 0.679606 0.312903
vt 0.679406 0.093759
vt 0.226347 0.210448
vt 0.226469 0.048121
vt 0.679406 0.048121
vt 0.679606 0.296828
vt 0.226981 0.330358
vt 0.679406 0.121202
vt 0.679606 0.219937
vt 0.679406 0.025761
vt 0.226469 0.062150
vt 0.679606 0.281378
vt 0.679606 0.259595
vt 0.226469 0.012881
vt 0.000000 0.089593
vt 0.000512 0.312903
vt 0.906075 0.219937
vt 0.905875 0.025761
vt 0.000512 0.321630
vt 0.905875 0.012881
vt 0.000512 0.330358
vt 0.905875 0.121202
vt 0.000000 0.000000
vt 0.000512 0.321630
vt 0.906075 0.259595
vt 0.000000 0.012881
vt 0.905875 0.034093
vt -0.000122 0.156096
vt -0.000122 0.210448
vt 0.000000 0.048121
vt 0.906075 0.297453
vt 0.000000 0.062150
vt 0.000000 0.062150
vt 0.906075 0.281378
vt 0.906075 0.312903
vt 0.905875 0.093759
vt 0.905875 0.048121
vt 0.906075 0.296828
vt 0.905875 0.012881
vt 0.000512 0.321630
vt 0.905875 0.025761
vt 0.906075 0.219937
vt 0.000512 0.312903
vt 0.000000 0.089593
vt 0.905875 0.121202
vt 0.000512 0.330358
vt 0.000000 0.012881
vt 0.906075 0.259595
vt 0.000512 0.321630
vt 0.000000 0.000000
vt 0.000000 0.062150
vt 0.906075 0.297453
vt 0.000000 0.048121
vt -0.000122 0.210448
vt 0.905875 0.093759
vt 0.906075 0.312903
vt 0.906075 0.281378
vt 0.000000 0.062150
vt -0.000122 0.156096
vt 0.905875 0.034093
vt 0.906075 0.296828
vt 0.905875 0.048121
vt 0.999050 0.183297
vt 0.939310 0.183297
vt 0.999050 0.342604
vt 0.939310 0.342604
vt 0.985655 0.132863
vt 0.939310 0.342604
vt 0.999050 0.342604
vt 0.939081 0.132863
vt 0.939310 0.183297
vt 0.999050 0.183297
vt 0.999050 0.183297
vt 0.939310 0.183297
vt 0.999050 0.342604
vt 0.939310 0.342604
vt 0.985655 0.179437
vt 0.999050 0.183297
vt 0.939310 0.183297
vt 0.999050 0.342604
vt 0.939310 0.342604
vt 0.939081 0.179437
vt 0.939310 0.342604
vt 0.999050 0.342604
vt 0.939081 0.132863
vt 0.999050 0.342604
vt 0.939310 0.342604
vt 0.985655 0.132863
vt 0.999050 0.183297
vt 0.939310 0.183297
vt 0.939310 0.183297
vt 0.999050 0.183297
vt 0.999050 0.342604
vt 0.939310 0.342604
vt 0.985655 0.179437
vt 0.999050 0.183297
vt 0.939310 0.183297
vt 0.999050 0.342604
vt 0.939310 0.342604
vt 0.939081 0.179437
vt 0.999050 0.183297
vt 0.939310 0.183297
vt 0.979692 0.781451
vt -0.000781 0.656284
vt 0.998987 0.652658
vt 0.979692 0.844034
vt -0.000781 0.718868
vt 1.000000 0.851064
vt -0.000781 0.844034
vt 0.302823 0.718868
vt 0.000000 0.851064
vt -0.000781 0.781451
vt 0.302823 0.656284
vt 0.001647 0.652658
vt 0.145247 0.656284
vt -0.000781 0.718868
vt 0.998987 0.504118
vt 0.145247 0.718868
vt -0.000781 0.781451
vt 1.000000 1.000000
vt 0.979692 0.718868
vt 0.156795 0.656284
vt 0.001647 0.504118
vt 0.979692 0.781451
vt 0.156795 0.718868
vt 0.000000 1.000000
vt 0.679406 0.025761
vt 0.679606 0.219937
vt 0.679406 0.121202
vt 0.226981 0.330358
vt 0.679606 0.281378
vt 0.226469 0.062150
vt 0.679606 0.296828
vt 0.679406 0.048121
vt 0.226469 0.048121
vt 0.226347 0.210448
vt 0.226981 0.321630
vt 0.226469 0.000000
vt 0.226469 0.062150
vt 0.679606 0.297453
vt 0.679406 0.012881
vt 0.226981 0.321630
vt 0.226981 0.312903
vt 0.226469 0.089593
vt 0.226469 0.012881
vt 0.679606 0.259595
vt 0.679406 0.093759
vt 0.679606 0.312903
vt 0.226347 0.156096
vt 0.679406 0.034093
vt 0.679606 0.297453
vt 0.226469 0.062150
vt 0.226469 0.089593
vt 0.226981 0.312903
vt 0.226981 0.321630
vt 0.679406 0.012881
vt 0.679406 0.034093
vt 0.226347 0.156096
vt 0.226469 0.000000
vt 0.226981 0.321630
vt 0.679606 0.312903
vt 0.679406 0.093759
vt 0.226347 0.210448
vt 0.226469 0.048121
vt 0.679406 0.048121
vt 0.679606 0.296828
vt 0.226981 0.330358
vt 0.679406 0.121202
vt 0.679606 0.219937
vt 0.679406 0.025761
vt 0.226469 0.062150
vt 0.679606 0.281378
vt 0.679606 0.259595
vt 0.226469 0.012881
vt 0.000000 0.089593
vt 0.000512 0.312903
vt 0.906075 0.219937
vt 0.905875 0.025761
vt 0.000512 0.321630
vt 0.905875 0.012881
vt 0.000512 0.330358
vt 0.905875 0.121202
vt 0.000000 0.000000
vt 0.000512 0.321630
vt 0.906075 0.259595
vt 0.000000 0.012881
vt 0.905875 0.034093
vt -0.000122 0.156096
vt -0.000122 0.210448
vt 0.000000 0.048121
vt 0.906075 0.297453
vt 0.000000 0.062150
vt 0.000000 0.062150
vt 0.906075 0.281378
vt 0.906075 0.312903
vt 0.905875 0.093759
vt 0.905875 0.048121
vt 0.906075 0.296828
vt 0.905875 0.012881
vt 0.000512 0.321630
vt 0.905875 0.025761
vt 0.906075 0.219937
vt 0.000512 0.312903
vt 0.000000 0.089593
vt 0.905875 0.121202
vt 0.000512 0.330358
vt 0.000000 0.012881
vt 0.906075 0.259595
vt 0.000512 0.321630
vt 0.000000 0.000000
vt 0.000000 0.062150
vt 0.906075 0.297453
vt 0.000000 0.048121
vt -0.000122 0.210448
vt 0.905875 0.093759
vt 0.906075 0.312903
vt 0.906075 0.281378
vt 0.000000 0.062150
vt -0.000122 0.156096
vt 0.905875 0.034093
vt 0.906075 0.296828
vt 0.905875 0.048121
vt 0.999050 0.183297
vt 0.939310 0.183297
vt 0.999050 0.342604
vt 0.939310 0.342604
vt 0.985655 0.132863
vt 0.939310 0.342604
vt 0.999050 0.342604
vt 0.939081 0.132863
vt 0.939310 0.183297
vt 0.999050 0.183297
vt 0.999050 0.183297
vt 0.939310 0.183297
vt 0.999050 0.342604
vt 0.939310 0.342604
vt 0.985655 0.179437
vt 0.999050 0.183297
vt 0.939310 0.183297
vt 0.999050 0.342604
vt 0.939310 0.342604
vt 0.939081 0.179437
vt 0.939310 0.342604
vt 0.999050 0.342604
vt 0.939081 0.132863
vt 0.999050 0.342604
vt 0.939310 0.342604
vt 0.985655 0.132863
vt 0.999050 0.183297
vt 0.939310 0.183297
vt 0.939310 0.183297
vt 0.999050 0.183297
vt 0.999050 0.342604
vt 0.939310 0.342604
vt 0.985655 0.179437
vt 0.999050 0.183297
vt 0.939310 0.183297
vt 0.999050 0.342604
vt 0.939310 0.342604
vt 0.939081 0.179437
vt 0.999050 0.183297
vt 0.939310 0.183297
vt 0.979692 0.781451
vt -0.000781 0.656284
vt 0.998987 0.652658
vt 0.979692 0.844034
vt -0.000781 0.718868
vt 1.000000 0.851064
vt -0.000781 0.844034
vt 0.302823 0.718868
vt 0.000000 0.851064
vt -0.000781 0.781451
vt 0.302823 0.656284
vt 0.001647 0.652658
vt 0.145247 0.656284
vt -0.000781 0.718868
vt 0.998987 0.504118
vt 0.145247 0.718868
vt -0.000781 0.781451
vt 1.000000 1.000000
vt 0.979692 0.718868
vt 0.156795 0.656284
vt 0.001647 0.504118
vt 0.979692 0.781451
vt 0.156795 0.718868
vt 0.000000 1.000000
vt 0.679406 0.025761
vt 0.679606 0.219937
vt 0.679406 0.121202
vt 0.226981 0.330358
vt 0.679606 0.281378
vt 0.226469 0.062150
vt 0.679606 0.296828
vt 0.679406 0.048121
vt 0.226469 0.048121
vt 0.226347 0.210448
vt 0.226981 0.321630
vt 0.226469 0.000000
vt 0.226469 0.062150
vt 0.679606 0.297453
vt 0.679406 0.012881
vt 0.226981 0.321630
vt 0.226981 0.312903
vt 0.226469 0.089593
vt 0.226469 0.012881
vt 0.679606 0.259595
vt 0.679406 0.093759
vt 0.679606 0.312903
vt 0.226347 0.156096
vt 0.679406 0.034093
vt 0.679606 0.297453
vt 0.226469 0.062150
vt 0.226469 0.089593
vt 0.226981 0.312903
vt 0.226981 0.321630
vt 0.679406 0.012881
vt 0.679406 0.034093
vt 0.226347 0.156096
vt 0.226469 0.000000
vt 0.226981 0.321630
vt 0.679606 0.312903
vt 0.679406 0.093759
vt 0.226347 0.210448
vt 0.226469 0.048121
vt 0.679406 0.048121
vt 0.679606 0.296828
vt 0.226981 0.330358
vt 0.679406 0.121202
vt 0.679606 0.219937
vt 0.679406 0.025761
vt 0.226469 0.062150
vt 0.679606 0.281378
vt 0.679606 0.259595
vt 0.226469 0.012881
vt 0.000000 0.089593
vt 0.000512 0.312903
vt 0.906075 0.219937
vt 0.905875 0.025761
vt 0.000512 0.321630
vt 0.905875 0.012881
vt 0.000512 0.330358
vt 0.905875 0.121202
vt 0.000000 0.000000
vt 0.000512 0.321630
vt 0.906075 0.259595
vt 0.000000 0.012881
vt 0.905875 0.034093
vt -0.000122 0.156096
vt -0.000122 0.210448
vt 0.000000 0.048121
vt 0.906075 0.297453
vt 0.000000 0.062150
vt 0.000000 0.062150
vt 0.906075 0.281378
vt 0.906075 0.312903
vt 0.905875 0.093759
vt 0.905875 0.048121
vt 0.906075 0.296828
vt 0.905875 0.012881
vt 0.000512 0.321630
vt 0.905875 0.025761
vt 0.906075 0.219937
vt 0.000512 0.312903
vt 0.000000 0.089593
vt 0.905875 0.121202
vt 0.000512 0.330358
vt 0.000000 0.012881
vt 0.906075 0.259595
vt 0.000512 0.321630
vt 0.000000 0.000000
vt 0.000000 0.062150
vt 0.906075 0.297453
vt 0.000000 0.048121
vt -0.000122 0.210448
vt 0.905875 0.093759
vt 0.906075 0.312903
vt 0.906075 0.281378
vt 0.000000 0.062150
vt -0.000122 0.156096
vt 0.905875 0.034093
vt 0.906075 0.296828
vt 0.905875 0.048121
vt 0.999050 0.183297
vt 0.939310 0.183297
vt 0.999050 0.342604
vt 0.939310 0.342604
vt 0.985655 0.132863
vt 0.939310 0.342604
vt 0.999050 0.342604
vt 0.939081 0.132863
vt 0.939310 0.183297
vt 0.999050 0.183297
vt 0.999050 0.183297
vt 0.939310 0.183297
vt 0.999050 0.342604
vt 0.939310 0.342604
vt 0.985655 0.179437
vt 0.999050 0.183297
vt 0.939310 0.183297
vt 0.999050 0.342604
vt 0.939310 0.342604
vt 0.939081 0.179437
vt 0.939310 0.342604
vt 0.999050 0.342604
vt 0.939081 0.132863
vt 0.999050 0.342604
vt 0.939310 0.342604
vt 0.985655 0.132863
vt 0.999050 0.183297
vt 0.939310 0.183297
vt 0.939310 0.183297
vt 0.999050 0.183297
vt 0.999050 0.342604
vt 0.939310 0.342604
vt 0.985655 0.179437
vt 0.999050 0.183297
vt 0.939310 0.183297
vt 0.999050 0.342604
vt 0.939310 0.342604
vt 0.939081 0.179437
vt 0.999050 0.183297
vt 0.939310 0.183297
vt 0.979692 0.781451
vt -0.000781 0.656284
vt 0.998987 0.652658
vt 0.979692 0.844034
vt -0.000781 0.718868
vt 1.000000 0.851064
vt -0.000781 0.844034
vt 0.302823 0.718868
vt 0.000000 0.851064
vt -0.000781 0.781451
vt 0.302823 0.656284
vt 0.001647 0.652658
vt 0.145247 0.656284
vt -0.000781 0.718868
vt 0.998987 0.504118
vt 0.145247 0.718868
vt -0.000781 0.781451
vt 1.000000 1.000000
vt 0.979692 0.718868
vt 0.156795 0.656284
vt 0.001647 0.504118
vt 0.979692 0.781451
vt 0.156795 0.718868
vt 0.000000 1.000000
vt 0.679406 0.025761
vt 0.679606 0.219937
vt 0.679406 0.121202
vt 0.226981 0.330358
vt 0.679606 0.281378
vt 0.226469 0.062150
vt 0.679606 0.296828
vt 0.679406 0.048121
vt 0.226469 0.048121
vt 0.226347 0.210448
vt 0.226981 0.321630
vt 0.226469 0.000000
vt 0.226469 0.062150
vt 0.679606 0.297453
vt 0.679406 0.012881
vt 0.226981 0.321630
vt 0.226981 0.312903
vt 0.226469 0.089593
vt 0.226469 0.012881
vt 0.679606 0.259595
vt 0.679406 0.093759
vt 0.679606 0.312903
vt 0.226347 0.156096
vt 0.679406 0.034093
vt 0.679606 0.297453
vt 0.226469 0.062150
vt 0.226469 0.089593
vt 0.226981 0.312903
vt 0.226981 0.321630
vt 0.679406 0.012881
vt 0.679406 0.034093
vt 0.226347 0.156096
vt 0.226469 0.000000
vt 0.226981 0.321630
vt 0.679606 0.312903
vt 0.679406 0.093759
vt 0.226347 0.210448
vt 0.226469 0.048121
vt 0.679406 0.048121
vt 0.679606 0.296828
vt 0.226981 0.330358
vt 0.679406 0.121202
vt 0.679606 0.219937
vt 0.679406 0.025761
vt 0.226469 0.062150
vt 0.679606 0.281378
vt 0.679606 0.259595
vt 0.226469 0.012881
vt 0.000000 0.089593
vt 0.000512 0.312903
vt 0.906075 0.219937
vt 0.905875 0.025761
vt 0.000512 0.321630
vt 0.905875 0.012881
vt 0.000512 0.330358
vt 0.905875 0.121202
vt 0.000000 0.000000
vt 0.000512 0.321630
vt 0.906075 0.259595
vt 0.000000 0.012881
vt 0.905875 0.034093
vt -0.000122 0.156096
vt -0.000122 0.210448
vt 0.000000 0.048121
vt 0.906075 0.297453
vt 0.000000 0.062150
vt 0.000000 0.062150
vt 0.906075 0.281378
vt 0.906075 0.312903
vt 0.905875 0.093759
vt 0.905875 0.048121
vt 0.906075 0.296828
vt 0.905875 0.012881
vt 0.000512 0.321630
vt 0.905875 0.025761
vt 0.906075 0.219937
vt 0.000512 0.312903
vt 0.000000 0.089593
vt 0.905875 0.121202
vt 0.000512 0.330358
vt 0.000000 0.012881
vt 0.906075 0.259595
vt 0.000512 0.321630
vt 0.000000 0.000000
vt 0.000000 0.062150
vt 0.906075 0.297453
vt 0.000000 0.048121
vt -0.000122 0.210448
vt 0.905875 0.093759
vt 0.906075 0.312903
vt 0.906075 0.281378
vt 0.000000 0.062150
vt -0.000122 0.156096
vt 0.905875 0.034093
vt 0.906075 0.296828
vt 0.905875 0.048121
vt 0.999050 0.183297
vt 0.939310 0.183297
vt 0.999050 0.342604
vt 0.939310 0.342604
vt 0.985655 0.132863
vt 0.939310 0.342604
vt 0.999050 0.342604
vt 0.939081 0.132863
vt 0.939310 0.183297
vt 0.999050 0.183297
vt 0.999050 0.183297
vt 0.939310 0.183297
vt 0.999050 0.342604
vt 0.939310 0.342604
vt 0.985655 0.179437
vt 0.999050 0.183297
vt 0.939310 0.183297
vt 0.999050 0.342604
vt 0.939310 0.342604
vt 0.939081 0.179437
vt 0.939310 0.342604
vt 0.999050 0.342604
vt 0.939081 0.132863
vt 0.999050 0.342604
vt 0.939310 0.342604
vt 0.985655 0.132863
vt 0.999050 0.183297
vt 0.939310 0.183297
vt 0.939310 0.183297
vt 0.999050 0.183297
vt 0.999050 0.342604
vt 0.939310 0.342604
vt 0.985655 0.179437
vt 0.999050 0.183297
vt 0.939310 0.183297
vt 0.999050 0.342604
vt 0.939310 0.342604
vt 0.939081 0.179437
vt 0.999050 0.183297
vt 0.939310 0.183297
vt 0.979692 0.781451
vt -0.000781 0.656284
vt 0.998987 0.652658
vt 0.979692 0.844034
vt -0.000781 0.718868
vt 1.000000 0.851064
vt -0.000781 0.844034
vt 0.302823 0.718868
vt 0.000000 0.851064
vt -0.000781 0.781451
vt 0.302823 0.656284
vt 0.001647 0.652658
vt 0.145247 0.656284
vt -0.000781 0.718868
vt 0.998987 0.504118
vt 0.145247 0.718868
vt -0.000781 0.781451
vt 1.000000 1.000000
vt 0.979692 0.718868
vt 0.156795 0.656284
vt 0.001647 0.504118
vt 0.979692 0.781451
vt 0.156795 0.718868
vt 0.000000 1.000000
vt 0.679406 0.025761
vt 0.679606 0.219937
vt 0.679406 0.121202
vt 0.226981 0.330358
vt 0.679606 0.281378
vt 0.226469 0.062150
vt 0.679606 0.296828
vt 0.679406 0.048121
vt 0.226469 0.048121
vt 0.226347 0.210448
vt 0.226981 0.321630
vt 0.226469 0.000000
vt 0.226469 0.062150
vt 0.679606 0.297453
vt 0.679406 0.012881
vt 0.226981 0.321630
vt 0.226981 0.312903
vt 0.226469 0.089593
vt 0.226469 0.012881
vt 0.679606 0.259595
vt 0.679406 0.093759
vt 0.679606 0.312903
vt 0.226347 0.156096
vt 0.679406 0.034093
vt 0.679606 0.297453
vt 0.226469 0.062150
vt 0.226469 0.089593
vt 0.226981 0.312903
vt 0.226981 0.321630
vt 0.679406 0.012881
vt 0.679406 0.034093
vt 0.226347 0.156096
vt 0.226469 0.000000
vt 0.226981 0.321630
vt 0.679606 0.312903
vt 0.679406 0.093759
vt 0.226347 0.210448
vt 0.226469 0.048121
vt 0.679406 0.048121
vt 0.679606 0.296828
vt 0.226981 0.330358
vt 0.679406 0.121202
vt 0.679606 0.219937
vt 0.679406 0.025761
vt 0.226469 0.062150
vt 0.679606 0.281378
vt 0.679606 0.259595
vt 0.226469 0.012881
vt 0.000000 0.089593
vt 0.000512 0.312903
vt 0.906075 0.219937
vt 0.905875 0.025761
vt 0.000512 0.321630
vt 0.905875 0.012881
vt 0.000512 0.330358
vt 0.905875 0.121202
vt 0.000000 0.000000
vt 0.000512 0.321630
vt 0.906075 0.259595
vt 0.000000 0.012881
vt 0.905875 0.034093
vt -0.000122 0.156096
vt -0.000122 0.210448
vt 0.000000 0.048121
vt 0.906075 0.297453
vt 0.000000 0.062150
vt 0.000000 0.062150
vt 0.906075 0.281378
vt 0.906075 0.312903
vt 0.905875 0.093759
vt 0.905875 0.048121
vt 0.906075 0.296828
vt 0.905875 0.012881
vt 0.000512 0.321630
vt 0.905875 0.025761
vt 0.906075 0.219937
vt 0.000512 0.312903
vt 0.000000 0.089593
vt 0.905875 0.121202
vt 0.000512 0.330358
vt 0.000000 0.012881
vt 0.906075 0.259595
vt 0.000512 0.321630
vt 0.000000 0.000000
vt 0.000000 0.062150
vt 0.906075 0.297453
vt 0.000000 0.048121
vt -0.000122 0.210448
vt 0.905875 0.093759
vt 0.906075 0.312903
vt 0.906075 0.281378
vt 0.000000 0.062150
vt -0.000122 0.156096
vt 0.905875 0.034093
vt 0.906075 0.296828
vt 0.905875 0.048121
vt 0.999050 0.183297
vt 0.939310 0.183297
vt 0.999050 0.342604
vt 0.939310 0.342604
vt 0.985655 0.132863
vt 0.939310 0.342604
vt 0.999050 0.342604
vt 0.939081 0.132863
vt 0.939310 0.183297
vt 0.999050 0.183297
vt 0.999050 0.183297
vt 0.939310 0.183297
vt 0.999050 0.342604
vt 0.939310 0.342604
vt 0.985655 0.179437
vt 0.999050 0.183297
vt 0.939310 0.183297
vt 0.999050 0.342604
vt 0.939310 0.342604
vt 0.939081 0.179437
vt 0.939310 0.342604
vt 0.999050 0.342604
vt 0.939081 0.132863
vt 0.999050 0.342604
vt 0.939310 0.342604
vt 0.985655 0.132863
vt 0.999050 0.183297
vt 0.939310 0.183297
vt 0.939310 0.183297
vt 0.999050 0.183297
vt 0.999050 0.342604
vt 0.939310 0.342604
vt 0.985655 0.179437
vt 0.999050 0.183297
vt 0.939310 0.183297
vt 0.999050 0.342604
vt 0.939310 0.342604
vt 0.939081 0.179437
vt 0.999050 0.183297
vt 0.939310 0.183297
vt 0.979692 0.781451
vt -0.000781 0.656284
vt 0.998987 0.652658
vt 0.979692 0.844034
vt -0.000781 0.718868
vt 1.000000 0.851064
vt -0.000781 0.844034
vt 0.302823 0.718868
vt 0.000000 0.851064
vt -0.000781 0.781451
vt 0.302823 0.656284
vt 0.001647 0.652658
vt 0.145247 0.656284
vt -0.000781 0.718868
vt 0.998987 0.504118
vt 0.145247 0.718868
vt -0.000781 0.781451
vt 1.000000 1.000000
vt 0.979692 0.718868
vt 0.156795 0.656284
vt 0.001647 0.504118
vt 0.979692 0.781451
vt 0.156795 0.718868
vt 0.000000 1.000000
vt 0.679406 0.025761
vt 0.679606 0.219937
vt 0.679406 0.121202
vt 0.226981 0.330358
vt 0.679606 0.281378
vt 0.226469 0.062150
vt 0.679606 0.296828
vt 0.679406 0.048121
vt 0.226469 0.048121
vt 0.226347 0.210448
vt 0.226981 0.321630
vt 0.226469 0.000000
vt 0.226469 0.062150
vt 0.679606 0.297453
vt 0.679406 0.012881
vt 0.226981 0.321630
vt 0.226981 0.312903
vt 0.226469 0.089593
vt 0.226469 0.012881
vt 0.679606 0.259595
vt 0.679406 0.093759
vt 0.679606 0.312903
vt 0.226347 0.156096
vt 0.679406 0.034093
vt 0.679606 0.297453
vt 0.226469 0.062150
vt 0.226469 0.089593
vt 0.226981 0.312903
vt 0.226981 0.321630
vt 0.679406 0.012881
vt 0.679406 0.034093
vt 0.226347 0.156096
vt 0.226469 0.000000
vt 0.226981 0.321630
vt 0.679606 0.312903
vt 0.679406 0.093759
vt 0.226347 0.210448
vt 0.226469 0.048121
vt 0.679406 0.048121
vt 0.679606 0.296828
vt 0.226981 0.330358
vt 0.679406 0.121202
vt 0.679606 0.219937
vt 0.679406 0.025761
vt 0.226469 0.062150
vt 0.679606 0.281378
vt 0.679606 0.259595
vt 0.226469 0.012881
vt 0.000000 0.089593
vt 0.000512 0.312903
vt 0.906075 0.219937
vt 0.905875 0.025761
vt 0.000512 0.321630
vt 0.905875 0.012881
vt 0.000512 0.330358
vt 0.905875 0.121202
vt 0.000000 0.000000
vt 0.000512 0.321630
vt 0.906075 0.259595
vt 0.000000 0.012881
vt 0.905875 0.034093
vt -0.000122 0.156096
vt -0.000122 0.210448
vt 0.000000 0.048121
vt 0.906075 0.297453
vt 0.000000 0.062150
vt 0.000000 0.062150
vt 0.906075 0.281378
vt 0.906075 0.312903
vt 0.905875 0.093759
vt 0.905875 0.048121
vt 0.906075 0.296828
vt 0.905875 0.012881
vt 0.000512 0.321630
vt 0.905875 0.025761
vt 0.906075 0.219937
vt 0.000512 0.312903
vt 0.000000 0.089593
vt 0.905875 0.121202
vt 0.000512 0.330358
vt 0.000000 0.012881
vt 0.906075 0.259595
vt 0.000512 0.321630
vt 0.000000 0.000000
vt 0.000000 0.062150
vt 0.906075 0.297453
vt 0.000000 0.048121
vt -0.000122 0.210448
vt 0.905875 0.093759
vt 0.906075 0.312903
vt 0.906075 0.281378
vt 0.000000 0.062150
vt -0.000122 0.156096
vt 0.905875 0.034093
vt 0.906075 0.296828
vt 0.905875 0.048121
vt 0.999050 0.183297
vt 0.939310 0.183297
vt 0.999050 0.342604
vt 0.939310 0.342604
vt 0.985655 0.132863
vt 0.939310 0.342604
vt 0.999050 0.342604
vt 0.939081 0.132863
vt 0.939310 0.183297
vt 0.999050 0.183297
vt 0.999050 0.183297
vt 0.939310 0.183297
vt 0.999050 0.342604
vt 0.939310 0.342604
vt 0.985655 0.179437
vt 0.999050 0.183297
vt 0.939310 0.183297
vt 0.999050 0.342604
vt 0.939310 0.342604
vt 0.939081 0.179437
vt 0.939310 0.342604
vt 0.999050 0.342604
vt 0.939081 0.132863
vt 0.999050 0.342604
vt 0.939310 0.342604
vt 0.985655 0.132863
vt 0.999050 0.183297
vt 0.939310 0.183297
vt 0.939310 0.183297
vt 0.999050 0.183297
vt 0.999050 0.342604
vt 0.939310 0.342604
vt 0.985655 0.179437
vt 0.999050 0.183297
vt 0.939310 0.183297
vt 0.999050 0.342604
vt 0.939310 0.342604
vt 0.939081 0.179437
vt 0.999050 0.183297
vt 0.939310 0.183297
vt 0.979692 0.781451
vt -0.000781 0.656284
vt 0.998987 0.652658
vt 0.979692 0.844034
vt -0.000781 0.718868
vt 1.000000 0.851064
vt -0.000781 0.844034
vt 0.302823 0.718868
vt 0.000000 0.851064
vt -0.000781 0.781451
vt 0.302823 0.656284
vt 0.001647 0.652658
vt 0.145247 0.656284
vt -0.000781 0.718868
vt 0.998987 0.504118
vt 0.145247 0.718868
vt -0.000781 0.781451
vt 1.000000 1.000000
vt 0.979692 0.718868
vt 0.156795 0.656284
vt 0.001647 0.504118
vt 0.979692 0.781451
vt 0.156795 0.718868
vt 0.000000 1.000000
vt 0.679406 0.025761
vt 0.679606 0.219937
vt 0.679406 0.121202
vt 0.226981 0.330358
vt 0.679606 0.281378
vt 0.226469 0.062150
vt 0.679606 0.296828
vt 0.679406 0.048121
vt 0.226469 0.048121
vt 0.226347 0.210448
vt 0.226981 0.321630
vt 0.226469 0.000000
vt 0.226469 0.062150
vt 0.679606 0.297453
vt 0.679406 0.012881
vt 0.226981 0.321630
vt 0.226981 0.312903
vt 0.226469 0.089593
vt 0.226469 0.012881
vt 0.679606 0.259595
vt 0.679406 0.093759
vt 0.679606 0.312903
vt 0.226347 0.156096
vt 0.679406 0.034093
vt 0.679606 0.297453
vt 0.226469 0.062150
vt 0.226469 0.089593
vt 0.226981 0.312903
vt 0.226981 0.321630
vt 0.679406 0.012881
vt 0.679406 0.034093
vt 0.226347 0.156096
vt 0.226469 0.000000
vt 0.226981 0.321630
vt 0.679606 0.312903
vt 0.679406 0.093759
vt 0.226347 0.210448
vt 0.226469 0.048121
vt 0.679406 0.048121
vt 0.679606 0.296828
vt 0.226981 0.330358
vt 0.679406 0.121202
vt 0.679606 0.219937
vt 0.679406 0.025761
vt 0.226469 0.062150
vt 0.679606 0.281378
vt 0.679606 0.259595
vt 0.226469 0.012881
vt 0.000000 0.089593
vt 0.000512 0.312903
vt 0.906075 0.219937
vt 0.905875 0.025761
vt 0.000512 0.321630
vt 0.905875 0.012881
vt 0.000512 0.330358
vt 0.905875 0.121202
vt 0.000000 0.000000
vt 0.000512 0.321630
vt 0.906075 0.259595
vt 0.000000 0.012881
vt 0.905875 0.034093
vt -0.000122 0.156096
vt -0.000122 0.210448
vt 0.000000 0.048121
vt 0.906075 0.297453
vt 0.000000 0.062150
vt 0.000000 0.062150
vt 0.906075 0.281378
vt 0.906075 0.312903
vt 0.905875 0.093759
vt 0.905875 0.048121
vt 0.906075 0.296828
vt 0.905875 0.012881
vt 0.000512 0.321630
vt 0.905875 0.025761
vt 0.906075 0.219937
vt 0.000512 0.312903
vt 0.000000 0.089593
vt 0.905875 0.121202
vt 0.000512 0.330358
vt 0.000000 0.012881
vt 0.906075 0.259595
vt 0.000512 0.321630
vt 0.000000 0.000000
vt 0.000000 0.062150
vt 0.906075 0.297453
vt 0.000000 0.048121
vt -0.000122 0.210448
vt 0.905875 0.093759
vt 0.906075 0.312903
vt 0.906075 0.281378
vt 0.000000 0.062150
vt -0.000122 0.156096
vt 0.905875 0.034093
vt 0.906075 0.296828
vt 0.905875 0.048121
vt 0.999050 0.183297
vt 0.939310 0.183297
vt 0.999050 0.342604
vt 0.939310 0.342604
vt 0.985655 0.132863
vt 0.939310 0.342604
vt 0.999050 0.342604
vt 0.939081 0.132863
vt 0.939310 0.183297
vt 0.999050 0.183297
vt 0.999050 0.183297
vt 0.939310 0.183297
vt 0.999050 0.342604
vt 0.939310 0.342604
vt 0.985655 0.179437
vt 0.999050 0.183297
vt 0.939310 0.183297
vt 0.999050 0.342604
vt 0.939310 0.342604
vt 0.939081 0.179437
vt 0.939310 0.342604
vt 0.999050 0.342604
vt 0.939081 0.132863
vt 0.999050 0.342604
vt 0.939310 0.342604
vt 0.985655 0.132863
vt 0.999050 0.183297
vt 0.939310 0.183297
vt 0.939310 0.183297
vt 0.999050 0.183297
vt 0.999050 0.342604
vt 0.939310 0.342604
vt 0.985655 0.179437
vt 0.999050 0.183297
vt 0.939310 0.183297
vt 0.999050 0.342604
vt 0.939310 0.342604
vt 0.939081 0.179437
vt 0.999050 0.183297
vt 0.939310 0.183297
vt 0.979692 0.781451
vt -0.000781 0.656284
vt 0.998987 0.652658
vt 0.979692 0.844034
vt -0.000781 0.718868
vt 1.000000 0.851064
vt -0.000781 0.844034
vt 0.302823 0.718868
vt 0.000000 0.851064
vt -0.000781 0.781451
vt 0.302823 0.656284
vt 0.001647 0.652658
vt 0.145247 0.656284
vt -0.000781 0.718868
vt 0.998987 0.504118
vt 0.145247 0.718868
vt -0.000781 0.781451
vt 1.000000 1.000000
vt 0.979692 0.718868
vt 0.156795 0.656284
vt 0.001647 0.504118
vt 0.979692 0.781451
vt 0.156795 0.718868
vt 0.000000 1.000000
vt 0.679406 0.025761
vt 0.679606 0.219937
vt 0.679406 0.121202
vt 0.226981 0.330358
vt 0.679606 0.281378
vt 0.226469 0.062150
vt 0.679606 0.296828
vt 0.679406 0.048121
vt 0.226469 0.048121
vt 0.226347 0.210448
vt 0.226981 0.321630
vt 0.226469 0.000000
vt 0.226469 0.062150
vt 0.679606 0.297453
vt 0.679406 0.012881
vt 0.226981 0.321630
vt 0.226981 0.312903
vt 0.226469 0.089593
vt 0.226469 0.012881
vt 0.679606 0.259595
vt 0.679406 0.093759
vt 0.679606 0.312903
vt 0.226347 0.156096
vt 0.679406 0.034093
vt 0.679606 0.297453
vt 0.226469 0.062150
vt 0.226469 0.089593
vt 0.226981 0.312903
vt 0.226981 0.321630
vt 0.679406 0.012881
vt 0.679406 0.034093
vt 0.226347 0.156096
vt 0.226469 0.000000
vt 0.226981 0.321630
vt 0.679606 0.312903
vt 0.679406 0.093759
vt 0.226347 0.210448
vt 0.226469 0.048121
vt 0.679406 0.048121
vt 0.679606 0.296828
vt 0.226981 0.330358
vt 0.679406 0.121202
vt 0.679606 0.219937
vt 0.679406 0.025761
vt 0.226469 0.062150
vt 0.679606 0.281378
vt 0.679606 0.259595
vt 0.226469 0.012881
vt 0.000000 0.089593
vt 0.000512 0.312903
vt 0.906075 0.219937
vt 0.905875 0.025761
vt 0.000512 0.321630
vt 0.905875 0.012881
vt 0.000512 0.330358
vt 0.905875 0.121202
vt 0.000000 0.000000
vt 0.000512 0.321630
vt 0.906075 0.259595
vt 0.000000 0.012881
vt 0.905875 0.034093
vt -0.000122 0.156096
vt -0.000122 0.210448
vt 0.000000 0.048121
vt 0.906075 0.297453
vt 0.000000 0.062150
vt 0.000000 0.062150
vt 0.906075 0.281378
vt 0.906075 0.312903
vt 0.905875 0.093759
vt 0.905875 0.048121
vt 0.906075 0.296828
vt 0.905875 0.012881
vt 0.000512 0.321630
vt 0.905875 0.025761
vt 0.906075 0.219937
vt 0.000512 0.312903
vt 0.000000 0.089593
vt 0.905875 0.121202
vt 0.000512 0.330358
vt 0.000000 0.012881
vt 0.906075 0.259595
vt 0.000512 0.321630
vt 0.000000 0.000000
vt 0.000000 0.062150
vt 0.906075 0.297453
vt 0.000000 0.048121
vt -0.000122 0.210448
vt 0.905875 0.093759
vt 0.906075 0.312903
vt 0.906075 0.281378
vt 0.000000 0.062150
vt -0.000122 0.156096
vt 0.905875 0.034093
vt 0.906075 0.296828
vt 0.905875 0.048121
vt 0.999050 0.183297
vt 0.939310 0.183297
vt 0.999050 0.342604
vt 0.939310 0.342604
vt 0.985655 0.132863
vt 0.939310 0.342604
vt 0.999050 0.342604
vt 0.939081 0.132863
vt 0.939310 0.183297
vt 0.999050 0.183297
vt 0.999050 0.183297
vt 0.939310 0.183297
vt 0.999050 0.342604
vt 0.939310 0.342604
vt 0.985655 0.179437
vt 0.999050 0.183297
vt 0.939310 0.183297
vt 0.999050 0.342604
vt 0.939310 0.342604
vt 0.939081 0.179437
vt 0.939310 0.342604
vt 0.999050 0.342604
vt 0.939081 0.132863
vt 0.999050 0.342604
vt 0.939310 0.342604
vt 0.985655 0.132863
vt 0.999050 0.183297
vt 0.939310 0.183297
vt 0.939310 0.183297
vt 0.999050 0.183297
vt 0.999050 0.342604
vt 0.939310 0.342604
vt 0.985655 0.179437
vt 0.999050 0.183297
vt 0.939310 0.183297
vt 0.999050 0.342604
vt 0.939310 0.342604
vt 0.939081 0.179437
vt 0.999050 0.183297
vt 0.939310 0.183297
vt 0.979692 0.781451
vt -0.000781 0.656284
vt 0.998987 0.652658
vt 0.979692 0.844034
vt -0.000781 0.718868
vt 1.000000 0.851064
vt -0.000781 0.844034
vt 0.302823 0.718868
vt 0.000000 0.851064
vt -0.000781 0.781451
vt 0.302823 0.656284
vt 0.001647 0.652658
vt 0.145247 0.656284
vt -0.000781 0.718868
vt 0.998987 0.504118
vt 0.145247 0.718868
vt -0.000781 0.781451
vt 1.000000 1.000000
vt 0.979692 0.718868
vt 0.156795 0.656284
vt 0.001647 0.504118
vt 0.979692 0.781451
vt 0.156795 0.718868
vt 0.000000 1.000000
vt 0.679406 0.025761
vt 0.679606 0.219937
vt 0.679406 0.121202
vt 0.226981 0.330358
vt 0.679606 0.281378
vt 0.226469 0.062150
vt 0.679606 0.296828
vt 0.679406 0.048121
vt 0.226469 0.048121
vt 0.226347 0.210448
vt 0.226981 0.321630
vt 0.226469 0.000000
vt 0.226469 0.062150
vt 0.679606 0.297453
vt 0.679406 0.012881
vt 0.226981 0.321630
vt 0.226981 0.312903
vt 0.226469 0.089593
vt 0.226469 0.012881
vt 0.679606 0.259595
vt 0.679406 0.093759
vt 0.679606 0.312903
vt 0.226347 0.156096
vt 0.679406 0.034093
vt 0.679606 0.297453
vt 0.226469 0.062150
vt 0.226469 0.089593
vt 0.226981 0.312903
vt 0.226981 0.321630
vt 0.679406 0.012881
vt 0.679406 0.034093
vt 0.226347 0.156096
vt 0.226469 0.000000
vt 0.226981 0.321630
vt 0.679606 0.312903
vt 0.679406 0.093759
vt 0.226347 0.210448
vt 0.226469 0.048121
vt 0.679406 0.048121
vt 0.679606 0.296828
vt 0.226981 0.330358
vt 0.679406 0.121202
vt 0.679606 0.219937
vt 0.679406 0.025761
vt 0.226469 0.062150
vt 0.679606 0.281378
vt 0.679606 0.259595
vt 0.226469 0.012881
vt 0.000000 0.089593
vt 0.000512 0.312903
vt 0.906075 0.219937
vt 0.905875 0.025761
vt 0.000512 0.321630
vt 0.905875 0.012881
vt 0.000512 0.330358
vt 0.905875 0.121202
vt 0.000000 0.000000
vt 0.000512 0.321630
vt 0.906075 0.259595
vt 0.000000 0.012881
vt 0.905875 0.034093
vt -0.000122 0.156096
vt -0.000122 0.210448
vt 0.000000 0.048121
vt 0.906075 0.297453
vt 0.000000 0.062150
vt 0.000000 0.062150
vt 0.906075 0.281378
vt 0.906075 0.312903
vt 0.905875 0.093759
vt 0.905875 0.048121
vt 0.906075 0.296828
vt 0.905875 0.012881
vt 0.000512 0.321630
vt 0.905875 0.025761
vt 0.906075 0.219937
vt 0.000512 0.312903
vt 0.000000 0.089593
vt 0.905875 0.121202
vt 0.000512 0.330358
vt 0.000000 0.012881
vt 0.906075 0.259595
vt 0.000512 0.321630
vt 0.000000 0.000000
vt 0.000000 0.062150
vt 0.906075 0.297453
vt 0.000000 0.048121
vt -0.000122 0.210448
vt 0.905875 0.093759
vt 0.906075 0.312903
vt 0.906075 0.281378
vt 0.000000 0.062150
vt -0.000122 0.156096
vt 0.905875 0.034093
vt 0.906075 0.296828
vt 0.905875 0.048121
vt 0.999050 0.183297
vt 0.939310 0.183297
vt 0.999050 0.342604
vt 0.939310 0.342604
vt 0.985655 0.132863
vt 0.939310 0.342604
vt 0.999050 0.342604
vt 0.939081 0.132863
vt 0.939310 0.183297
vt 0.999050 0.183297
vt 0.999050 0.183297
vt 0.939310 0.183297
vt 0.999050 0.342604
vt 0.939310 0.342604
vt 0.985655 0.179437
vt 0.999050 0.183297
vt 0.939310 0.183297
vt 0.999050 0.342604
vt 0.939310 0.342604
vt 0.939081 0.179437
vt 0.939310 0.342604
vt 0.999050 0.342604
vt 0.939081 0.132863
vt 0.999050 0.342604
vt 0.939310 0.342604
vt 0.985655 0.132863
vt 0.999050 0.183297
vt 0.939310 0.183297
vt 0.939310 0.183297
vt 0.999050 0.183297
vt 0.999050 0.342604
vt 0.939310 0.342604
vt 0.985655 0.179437
vt 0.999050 0.183297
vt 0.939310 0.183297
vt 0.999050 0.342604
vt 0.939310 0.342604
vt 0.939081 0.179437
vt 0.999050 0.183297
vt 0.939310 0.183297
vt 0.979692 0.781451
vt -0.000781 0.656284
vt 0.998987 0.652658
vt 0.979692 0.844034
vt -0.000781 0.718868
vt 1.000000 0.851064
vt -0.000781 0.844034
vt 0.302823 0.718868
vt 0.000000 0.851064
vt -0.000781 0.781451
vt 0.302823 0.656284
vt 0.001647 0.652658
vt 0.145247 0.656284
vt -0.000781 0.718868
vt 0.998987 0.504118
vt 0.145247 0.718868
vt -0.000781 0.781451
vt 1.000000 1.000000
vt 0.979692 0.718868
vt 0.156795 0.656284
vt 0.001647 0.504118
vt 0.979692 0.781451
vt 0.156795 0.718868
vt 0.000000 1.000000
vt 0.679406 0.025761
vt 0.679606 0.219937
vt 0.679406 0.121202
vt 0.226981 0.330358
vt 0.679606 0.281378
vt 0.226469 0.062150
vt 0.679606 0.296828
vt 0.679406 0.048121
vt 0.226469 0.048121
vt 0.226347 0.210448
vt 0.226981 0.321630
vt 0.226469 0.000000
vt 0.226469 0.062150
vt 0.679606 0.297453
vt 0.679406 0.012881
vt 0.226981 0.321630
vt 0.226981 0.312903
vt 0.226469 0.089593
vt 0.226469 0.012881
vt 0.679606 0.259595
vt 0.679406 0.093759
vt 0.679606 0.312903
vt 0.226347 0.156096
vt 0.679406 0.034093
vt 0.679606 0.297453
vt 0.226469 0.062150
vt 0.226469 0.089593
vt 0.226981 0.312903
vt 0.226981 0.321630
vt 0.679406 0.012881
vt 0.679406 0.034093
vt 0.226347 0.156096
vt 0.226469 0.000000
vt 0.226981 0.321630
vt 0.679606 0.312903
vt 0.679406 0.093759
vt 0.226347 0.210448
vt 0.226469 0.048121
vt 0.679406 0.048121
vt 0.679606 0.296828
vt 0.226981 0.330358
vt 0.679406 0.121202
vt 0.679606 0.219937
vt 0.679406 0.025761
vt 0.226469 0.062150
vt 0.679606 0.281378
vt 0.679606 0.259595
vt 0.226469 0.012881
vt 0.000000 0.089593
vt 0.000512 0.312903
vt 0.906075 0.219937
vt 0.905875 0.025761
vt 0.000512 0.321630
vt 0.905875 0.012881
vt 0.000512 0.330358
vt 0.905875 0.121202
vt 0.000000 0.000000
vt 0.000512 0.321630
vt 0.906075 0.259595
vt 0.000000 0.012881
vt 0.905875 0.034093
vt -0.000122 0.156096
vt -0.000122 0.210448
vt 0.000000 0.048121
vt 0.906075 0.297453
vt 0.000000 0.062150
vt 0.000000 0.062150
vt 0.906075 0.281378
vt 0.906075 0.312903
vt 0.905875 0.093759
vt 0.905875 0.048121
vt 0.906075 0.296828
vt 0.905875 0.012881
vt 0.000512 0.321630
vt 0.905875 0.025761
vt 0.906075 0.219937
vt 0.000512 0.312903
vt 0.000000 0.089593
vt 0.905875 0.121202
vt 0.000512 0.330358
vt 0.000000 0.012881
vt 0.906075 0.259595
vt 0.000512 0.321630
vt 0.000000 0.000000
vt 0.000000 0.062150
vt 0.906075 0.297453
vt 0.000000 0.048121
vt -0.000122 0.210448
vt 0.905875 0.093759
vt 0.906075 0.312903
vt 0.906075 0.281378
vt 0.000000 0.062150
vt -0.000122 0.156096
vt 0.905875 0.034093
vt 0.906075 0.296828
vt 0.905875 0.048121
vt 0.999050 0.183297
vt 0.939310 0.183297
vt 0.999050 0.342604
vt 0.939310 0.342604
vt 0.985655 0.132863
vt 0.939310 0.342604
vt 0.999050 0.342604
vt 0.939081 0.132863
vt 0.939310 0.183297
vt 0.999050 0.183297
vt 0.999050 0.183297
vt 0.939310 0.183297
vt 0.999050 0.342604
vt 0.939310 0.342604
vt 0.985655 0.179437
vt 0.999050 0.183297
vt 0.939310 0.183297
vt 0.999050 0.342604
vt 0.939310 0.342604
vt 0.939081 0.179437
vt 0.939310 0.342604
vt 0.999050 0.342604
vt 0.939081 0.132863
vt 0.999050 0.342604
vt 0.939310 0.342604
vt 0.985655 0.132863
vt 0.999050 0.183297
vt 0.939310 0.183297
vt 0.939310 0.183297
vt 0.999050 0.183297
vt 0.999050 0.342604
vt 0.939310 0.342604
vt 0.985655 0.179437
vt 0.999050 0.183297
vt 0.939310 0.183297
vt 0.999050 0.342604
vt 0.939310 0.342604
vt 0.939081 0.179437
vt 0.999050 0.183297
vt 0.939310 0.183297
vt 0.979692 0.781451
vt -0.000781 0.656284
vt 0.998987 0.652658
vt 0.979692 0.844034
vt -0.000781 0.718868
vt 1.000000 0.851064
vt -0.000781 0.844034
vt 0.302823 0.718868
vt 0.000000 0.851064
vt -0.000781 0.781451
vt 0.302823 0.656284
vt 0.001647 0.652658
vt 0.145247 0.656284
vt -0.000781 0.718868
vt 0.998987 0.504118
vt 0.145247 0.718868
vt -0.000781 0.781451
vt 1.000000 1.000000
vt 0.979692 0.718868
vt 0.156795 0.656284
vt 0.001647 0.504118
vt 0.979692 0.781451
vt 0.156795 0.718868
vt 0.000000 1.000000
vt 0.679406 0.025761
vt 0.679606 0.219937
vt 0.679406 0.121202
vt 0.226981 0.330358
vt 0.679606 0.281378
vt 0.226469 0.062150
vt 0.679606 0.296828
vt 0.679406 0.048121
vt 0.226469 0.048121
vt 0.226347 0.210448
vt 0.226981 0.321630
vt 0.226469 0.000000
vt 0.226469 0.062150
vt 0.679606 0.297453
vt 0.679406 0.012881
vt 0.226981 0.321630
vt 0.226981 0.312903
vt 0.226469 0.089593
vt 0.226469 0.012881
vt 0.679606 0.259595
vt 0.679406 0.093759
vt 0.679606 0.312903
vt 0.226347 0.156096
vt 0.679406 0.034093
vt 0.679606 0.297453
vt 0.226469 0.062150
vt 0.226469 0.089593
vt 0.226981 0.312903
vt 0.226981 0.321630
vt 0.679406 0.012881
vt 0.679406 0.034093
vt 0.226347 0.156096
vt 0.226469 0.000000
vt 0.226981 0.321630
vt 0.679606 0.312903
vt 0.679406 0.093759
vt 0.226347 0.210448
vt 0.226469 0.048121
vt 0.679406 0.048121
vt 0.679606 0.296828
vt 0.226981 0.330358
vt 0.679406 0.121202
vt 0.679606 0.219937
vt 0.679406 0.025761
vt 0.226469 0.062150
vt 0.679606 0.281378
vt 0.679606 0.259595
vt 0.226469 0.012881
vt 0.000000 0.089593
vt 0.000512 0.312903
vt 0.906075 0.219937
vt 0.905875 0.025761
vt 0.000512 0.321630
vt 0.905875 0.012881
vt 0.000512 0.330358
vt 0.905875 0.121202
vt 0.000000 0.000000
vt 0.000512 0.321630
vt 0.906075 0.259595
vt 0.000000 0.012881
vt 0.905875 0.034093
vt -0.000122 0.156096
vt -0.000122 0.210448
vt 0.000000 0.048121
vt 0.906075 0.297453
vt 0.000000 0.062150
vt 0.000000 0.062150
vt 0.906075 0.281378
vt 0.906075 0.312903
vt 0.905875 0.093759
vt 0.905875 0.048121
vt 0.906075 0.296828
vt 0.905875 0.012881
vt 0.000512 0.321630
vt 0.905875 0.025761
vt 0.906075 0.219937
vt 0.000512 0.312903
vt 0.000000 0.089593
vt 0.905875 0.121202
vt 0.000512 0.330358
vt 0.000000 0.012881
vt 0.906075 0.259595
vt 0.000512 0.321630
vt 0.000000 0.000000
vt 0.000000 0.062150
vt 0.906075 0.297453
vt 0.000000 0.048121
vt -0.000122 0.210448
vt 0.905875 0.093759
vt 0.906075 0.312903
vt 0.906075 0.281378
vt 0.000000 0.062150
vt -0.000122 0.156096
vt 0.905875 0.034093
vt 0.906075 0.296828
vt 0.905875 0.048121
vt 0.999050 0.183297
vt 0.939310 0.183297
vt 0.999050 0.342604
vt 0.939310 0.342604
vt 0.985655 0.132863
vt 0.939310 0.342604
vt 0.999050 0.342604
vt 0.939081 0.132863
vt 0.939310 0.183297
vt 0.999050 0.183297
vt 0.999050 0.183297
vt 0.939310 0.183297
vt 0.999050 0.342604
vt 0.939310 0.342604
vt 0.985655 0.179437
vt 0.999050 0.183297
vt 0.939310 0.183297
vt 0.999050 0.342604
vt 0.939310 0.342604
vt 0.939081 0.179437
vt 0.939310 0.342604
vt 0.999050 0.342604
vt 0.939081 0.132863
vt 0.999050 0.342604
vt 0.939310 0.342604
vt 0.985655 0.132863
vt 0.999050 0.183297
vt 0.939310 0.183297
vt 0.939310 0.183297
vt 0.999050 0.183297
vt 0.999050 0.342604
vt 0.939310 0.342604
vt 0.985655 0.179437
vt 0.999050 0.183297
vt 0.939310 0.183297
vt 0.999050 0.342604
vt 0.939310 0.342604
vt 0.939081 0.179437
vt 0.999050 0.183297
vt 0.939310 0.183297
vt 0.979692 0.781451
vt -0.000781 0.656284
vt 0.998987 0.652658
vt 0.979692 0.844034
vt -0.000781 0.718868
vt 1.000000 0.851064
vt -0.000781 0.844034
vt 0.302823 0.718868
vt 0.000000 0.851064
vt -0.000781 0.781451
vt 0.302823 0.656284
vt 0.001647 0.652658
vt 0.145247 0.656284
vt -0.000781 0.718868
vt 0.998987 0.504118
vt 0.145247 0.718868
vt -0.000781 0.781451
vt 1.000000 1.000000
vt 0.979692 0.718868
vt 0.156795 0.656284
vt 0.001647 0.504118
vt 0.979692 0.781451
vt 0.156795 0.718868
vt 0.000000 1.000000
vt 0.679406 0.025761
vt 0.679606 0.219937
vt 0.679406 0.121202
vt 0.226981 0.330358
vt 0.679606 0.281378
vt 0.226469 0.062150
vt 0.679606 0.296828
vt 0.679406 0.048121
vt 0.226469 0.048121
vt 0.226347 0.210448
vt 0.226981 0.321630
vt 0.226469 0.000000
vt 0.226469 0.062150
vt 0.679606 0.297453
vt 0.679406 0.012881
vt 0.226981 0.321630
vt 0.226981 0.312903
vt 0.226469 0.089593
vt 0.226469 0.012881
vt 0.679606 0.259595
vt 0.679406 0.093759
vt 0.679606 0.312903
vt 0.226347 0.156096
vt 0.679406 0.034093
vt 0.679606 0.297453
vt 0.226469 0.062150
vt 0.226469 0.089593
vt 0.226981 0.312903
vt 0.226981 0.321630
vt 0.679406 0.012881
vt 0.679406 0.034093
vt 0.226347 0.156096
vt 0.226469 0.000000
vt 0.226981 0.321630
vt 0.679606 0.312903
vt 0.679406 0.093759
vt 0.226347 0.210448
vt 0.226469 0.048121
vt 0.679406 0.048121
vt 0.679606 0.296828
vt 0.226981 0.330358
vt 0.679406 0.121202
vt 0.679606 0.219937
vt 0.679406 0.025761
vt 0.226469 0.062150
vt 0.679606 0.281378
vt 0.679606 0.259595
vt 0.226469 0.012881
vt 0.000000 0.089593
vt 0.000512 0.312903
vt 0.906075 0.219937
vt 0.905875 0.025761
vt 0.000512 0.321630
vt 0.905875 0.012881
vt 0.000512 0.330358
vt 0.905875 0.121202
vt 0.000000 0.000000
vt 0.000512 0.321630
vt 0.906075 0.259595
vt 0.000000 0.012881
vt 0.905875 0.034093
vt -0.000122 0.156096
vt -0.000122 0.210448
vt 0.000000 0.048121
vt 0.906075 0.297453
vt 0.000000 0.062150
vt 0.000000 0.062150
vt 0.906075 0.281378
vt 0.906075 0.312903
vt 0.905875 0.093759
vt 0.905875 0.048121
vt 0.906075 0.296828
vt 0.905875 0.012881
vt 0.000512 0.321630
vt 0.905875 0.025761
vt 0.906075 0.219937
vt 0.000512 0.312903
vt 0.000000 0.089593
vt 0.905875 0.121202
vt 0.000512 0.330358
vt 0.000000 0.012881
vt 0.906075 0.259595
vt 0.000512 0.321630
vt 0.000000 0.000000
vt 0.000000 0.062150
vt 0.906075 0.297453
vt 0.000000 0.048121
vt -0.000122 0.210448
vt 0.905875 0.093759
vt 0.906075 0.312903
vt 0.906075 0.281378
vt 0.000000 0.062150
vt -0.000122 0.156096
vt 0.905875 0.034093
vt 0.906075 0.296828
vt 0.905875 0.048121
vt 0.999050 0.183297
vt 0.939310 0.183297
vt 0.999050 0.342604
vt 0.939310 0.342604
vt 0.985655 0.132863
vt 0.939310 0.342604
vt 0.999050 0.342604
vt 0.939081 0.132863
vt 0.939310 0.183297
vt 0.999050 0.183297
vt 0.999050 0.183297
vt 0.939310 0.183297
vt 0.999050 0.342604
vt 0.939310 0.342604
vt 0.985655 0.179437
vt 0.999050 0.183297
vt 0.939310 0.183297
vt 0.999050 0.342604
vt 0.939310 0.342604
vt 0.939081 0.179437
vt 0.939310 0.342604
vt 0.999050 0.342604
vt 0.939081 0.132863
vt 0.999050 0.342604
vt 0.939310 0.342604
vt 0.985655 0.132863
vt 0.999050 0.183297
vt 0.939310 0.183297
vt 0.939310 0.183297
vt 0.999050 0.183297
vt 0.999050 0.342604
vt 0.939310 0.342604
vt 0.985655 0.179437
vt 0.999050 0.183297
vt 0.939310 0.183297
vt 0.999050 0.342604
vt 0.939310 0.342604
vt 0.939081 0.179437
vt 0.999050 0.183297
vt 0.939310 0.183297
vt 0.979692 0.781451
vt -0.000781 0.656284
vt 0.998987 0.652658
vt 0.979692 0.844034
vt -0.000781 0.718868
vt 1.000000 0.851064
vt -0.000781 0.844034
vt 0.302823 0.718868
vt 0.000000 0.851064
vt -0.000781 0.781451
vt 0.302823 0.656284
vt 0.001647 0.652658
vt 0.145247 0.656284
vt -0.000781 0.718868
vt 0.998987 0.504118
vt 0.145247 0.718868
vt -0.000781 0.781451
vt 1.000000 1.000000
vt 0.979692 0.718868
vt 0.156795 0.656284
vt 0.001647 0.504118
vt 0.979692 0.781451
vt 0.156795 0.718868
vt 0.000000 1.000000
vt 0.679406 0.025761
vt 0.679606 0.219937
vt 0.679406 0.121202
vt 0.226981 0.330358
vt 0.679606 0.281378
vt 0.226469 0.062150
vt 0.679606 0.296828
vt 0.679406 0.048121
vt 0.226469 0.048121
vt 0.226347 0.210448
vt 0.226981 0.321630
vt 0.226469 0.000000
vt 0.226469 0.062150
vt 0.679606 0.297453
vt 0.679406 0.012881
vt 0.226981 0.321630
vt 0.226981 0.312903
vt 0.226469 0.089593
vt 0.226469 0.012881
vt 0.679606 0.259595
vt 0.679406 0.093759
vt 0.679606 0.312903
vt 0.226347 0.156096
vt 0.679406 0.034093
vt 0.679606 0.297453
vt 0.226469 0.062150
vt 0.226469 0.089593
vt 0.226981 0.312903
vt 0.226981 0.321630
vt 0.679406 0.012881
vt 0.679406 0.034093
vt 0.226347 0.156096
vt 0.226469 0.000000
vt 0.226981 0.321630
vt 0.679606 0.312903
vt 0.679406 0.093759
vt 0.226347 0.210448
vt 0.226469 0.048121
vt 0.679406 0.048121
vt 0.679606 0.296828
vt 0.226981 0.330358
vt 0.679406 0.121202
vt 0.679606 0.219937
vt 0.679406 0.025761
vt 0.226469 0.062150
vt 0.679606 0.281378
vt 0.679606 0.259595
vt 0.226469 0.012881
vt 0.000000 0.089593
vt 0.000512 0.312903
vt 0.906075 0.219937
vt 0.905875 0.025761
vt 0.000512 0.321630
vt 0.905875 0.012881
vt 0.000512 0.330358
vt 0.905875 0.121202
vt 0.000000 0.000000
vt 0.000512 0.321630
vt 0.906075 0.259595
vt 0.000000 0.012881
vt 0.905875 0.034093
vt -0.000122 0.156096
vt -0.000122 0.210448
vt 0.000000 0.048121
vt 0.906075 0.297453
vt 0.000000 0.062150
vt 0.000000 0.062150
vt 0.906075 0.281378
vt 0.906075 0.312903
vt 0.905875 0.093759
vt 0.905875 0.048121
vt 0.906075 0.296828
vt 0.905875 0.012881
vt 0.000512 0.321630
vt 0.905875 0.025761
vt 0.906075 0.219937
vt 0.000512 0.312903
vt 0.000000 0.089593
vt 0.905875 0.121202
vt 0.000512 0.330358
vt 0.000000 0.012881
vt 0.906075 0.259595
vt 0.000512 0.321630
vt 0.000000 0.000000
vt 0.000000 0.062150
vt 0.906075 0.297453
vt 0.000000 0.048121
vt -0.000122 0.210448
vt 0.905875 0.093759
vt 0.906075 0.312903
vt 0.906075 0.281378
vt 0.000000 0.062150
vt -0.000122 0.156096
vt 0.905875 0.034093
vt 0.906075 0.296828
vt 0.905875 0.048121
vt 0.999050 0.183297
vt 0.939310 0.183297
vt 0.999050 0.342604
vt 0.939310 0.342604
vt 0.985655 0.132863
vt 0.939310 0.342604
vt 0.999050 0.342604
vt 0.939081 0.132863
vt 0.939310 0.183297
vt 0.999050 0.183297
vt 0.999050 0.183297
vt 0.939310 0.183297
vt 0.999050 0.342604
vt 0.939310 0.342604
vt 0.985655 0.179437
vt 0.999050 0.183297
vt 0.939310 0.183297
vt 0.999050 0.342604
vt 0.939310 0.342604
vt 0.939081 0.179437
vt 0.939310 0.342604
vt 0.999050 0.342604
vt 0.939081 0.132863
vt 0.999050 0.342604
vt 0.939310 0.342604
vt 0.985655 0.132863
vt 0.999050 0.183297
vt 0.939310 0.183297
vt 0.939310 0.183297
vt 0.999050 0.183297
vt 0.999050 0.342604
vt 0.939310 0.342604
vt 0.985655 0.179437
vt 0.999050 0.183297
vt 0.939310 0.183297
vt 0.999050 0.342604
vt 0.939310 0.342604
vt 0.939081 0.179437
vt 0.999050 0.183297
vt 0.939310 0.183297
vt 0.979692 0.781451
vt -0.000781 0.656284
vt 0.998987 0.652658
vt 0.979692 0.844034
vt -0.000781 0.718868
vt 1.000000 0.851064
vt -0.000781 0.844034
vt 0.302823 0.718868
vt 0.000000 0.851064
vt -0.000781 0.781451
vt 0.302823 0.656284
vt 0.001647 0.652658
vt 0.145247 0.656284
vt -0.000781 0.718868
vt 0.998987 0.504118
vt 0.145247 0.718868
vt -0.000781 0.781451
vt 1.000000 1.000000
vt 0.979692 0.718868
vt 0.156795 0.656284
vt 0.001647 0.504118
vt 0.979692 0.781451
vt 0.156795 0.718868
vt 0.000000 1.000000
vt 0.679406 0.025761
vt 0.679606 0.219937
vt 0.679406 0.121202
vt 0.226981 0.330358
vt 0.679606 0.281378
vt 0.226469 0.062150
vt 0.679606 0.296828
vt 0.679406 0.048121
vt 0.226469 0.048121
vt 0.226347 0.210448
vt 0.226981 0.321630
vt 0.226469 0.000000
vt 0.226469 0.062150
vt 0.679606 0.297453
vt 0.679406 0.012881
vt 0.226981 0.321630
vt 0.226981 0.312903
vt 0.226469 0.089593
vt 0.226469 0.012881
vt 0.679606 0.259595
vt 0.679406 0.093759
vt 0.679606 0.312903
vt 0.226347 0.156096
vt 0.679406 0.034093
vt 0.679606 0.297453
vt 0.226469 0.062150
vt 0.226469 0.089593
vt 0.226981 0.312903
vt 0.226981 0.321630
vt 0.679406 0.012881
vt 0.679406 0.034093
vt 0.226347 0.156096
vt 0.226469 0.000000
vt 0.226981 0.321630
vt 0.679606 0.312903
vt 0.679406 0.093759
vt 0.226347 0.210448
vt 0.226469 0.048121
vt 0.679406 0.048121
vt 0.679606 0.296828
vt 0.226981 0.330358
vt 0.679406 0.121202
vt 0.679606 0.219937
vt 0.679406 0.025761
vt 0.226469 0.062150
vt 0.679606 0.281378
vt 0.679606 0.259595
vt 0.226469 0.012881
vt 0.000000 0.089593
vt 0.000512 0.312903
vt 0.906075 0.219937
vt 0.905875 0.025761
vt 0.000512 0.321630
vt 0.905875 0.012881
vt 0.000512 0.330358
vt 0.905875 0.121202
vt 0.000000 0.000000
vt 0.000512 0.321630
vt 0.906075 0.259595
vt 0.000000 0.012881
vt 0.905875 0.034093
vt -0.000122 0.156096
vt -0.000122 0.210448
vt 0.000000 0.048121
vt 0.906075 0.297453
vt 0.000000 0.062150
vt 0.000000 0.062150
vt 0.906075 0.281378
vt 0.906075 0.312903
vt 0.905875 0.093759
vt 0.905875 0.048121
vt 0.906075 0.296828
vt 0.905875 0.012881
vt 0.000512 0.321630
vt 0.905875 0.025761
vt 0.906075 0.219937
vt 0.000512 0.312903
vt 0.000000 0.089593
vt 0.905875 0.121202
vt 0.000512 0.330358
vt 0.000000 0.012881
vt 0.906075 0.259595
vt 0.000512 0.321630
vt 0.000000 0.000000
vt 0.000000 0.062150
vt 0.906075 0.297453
vt 0.000000 0.048121
vt -0.000122 0.210448
vt 0.905875 0.093759
vt 0.906075 0.312903
vt 0.906075 0.281378
vt 0.000000 0.062150
vt -0.000122 0.156096
vt 0.905875 0.034093
vt 0.906075 0.296828
vt 0.905875 0.048121
vt 0.999050 0.183297
vt 0.939310 0.183297
vt 0.999050 0.342604
vt 0.939310 0.342604
vt 0.985655 0.132863
vt 0.939310 0.342604
vt 0.999050 0.342604
vt 0.939081 0.132863
vt 0.939310 0.183297
vt 0.999050 0.183297
vt 0.999050 0.183297
vt 0.939310 0.183297
vt 0.999050 0.342604
vt 0.939310 0.342604
vt 0.985655 0.179437
vt 0.999050 0.183297
vt 0.939310 0.183297
vt 0.999050 0.342604
vt 0.939310 0.342604
vt 0.939081 0.179437
vt 0.939310 0.342604
vt 0.999050 0.342604
vt 0.939081 0.132863
vt 0.999050 0.342604
vt 0.939310 0.342604
vt 0.985655 0.132863
vt 0.999050 0.183297
vt 0.939310 0.183297
vt 0.939310 0.183297
vt 0.999050 0.183297
vt 0.999050 0.342604
vt 0.939310 0.342604
vt 0.985655 0.179437
vt 0.999050 0.183297
vt 0.939310 0.183297
vt 0.999050 0.342604
vt 0.939310 0.342604
vt 0.939081 0.179437
vt 0.999050 0.183297
vt 0.939310 0.183297
vt 0.979692 0.781451
vt -0.000781 0.656284
vt 0.998987 0.652658
vt 0.979692 0.844034
vt -0.000781 0.718868
vt 1.000000 0.851064
vt -0.000781 0.844034
vt 0.302823 0.718868
vt 0.000000 0.851064
vt -0.000781 0.781451
vt 0.302823 0.656284
vt 0.001647 0.652658
vt 0.145247 0.656284
vt -0.000781 0.718868
vt 0.998987 0.504118
vt 0.145247 0.718868
vt -0.000781 0.781451
vt 1.000000 1.000000
vt 0.979692 0.718868
vt 0.156795 0.656284
vt 0.001647 0.504118
vt 0.979692 0.781451
vt 0.156795 0.718868
vt 0.000000 1.000000
vt 0.679406 0.025761
vt 0.679606 0.219937
vt 0.679406 0.121202
vt 0.226981 0.330358
vt 0.679606 0.281378
vt 0.226469 0.062150
vt 0.679606 0.296828
vt 0.679406 0.048121
vt 0.226469 0.048121
vt 0.226347 0.210448
vt 0.226981 0.321630
vt 0.226469 0.000000
vt 0.226469 0.062150
vt 0.679606 0.297453
vt 0.679406 0.012881
vt 0.226981 0.321630
vt 0.226981 0.312903
vt 0.226469 0.089593
vt 0.226469 0.012881
vt 0.679606 0.259595
vt 0.679406 0.093759
vt 0.679606 0.312903
vt 0.226347 0.156096
vt 0.679406 0.034093
vt 0.679606 0.297453
vt 0.226469 0.062150
vt 0.226469 0.089593
vt 0.226981 0.312903
vt 0.226981 0.321630
vt 0.679406 0.012881
vt 0.679406 0.034093
vt 0.226347 0.156096
vt 0.226469 0.000000
vt 0.226981 0.321630
vt 0.679606 0.312903
vt 0.679406 0.093759
vt 0.226347 0.210448
vt 0.226469 0.048121
vt 0.679406 0.048121
vt 0.679606 0.296828
vt 0.226981 0.330358
vt 0.679406 0.121202
vt 0.679606 0.219937
vt 0.679406 0.025761
vt 0.226469 0.062150
vt 0.679606 0.281378
vt 0.679606 0.259595
vt 0.226469 0.012881
vt 0.000000 0.089593
vt 0.000512 0.312903
vt 0.906075 0.219937
vt 0.905875 0.025761
vt 0.000512 0.321630
vt 0.905875 0.012881
vt 0.000512 0.330358
vt 0.905875 0.121202
vt 0.000000 0.000000
vt 0.000512 0.321630
vt 0.906075 0.259595
vt 0.000000 0.012881
vt 0.905875 0.034093
vt -0.000122 0.156096
vt -0.000122 0.210448
vt 0.000000 0.048121
vt 0.906075 0.297453
vt 0.000000 0.062150
vt 0.000000 0.062150
vt 0.906075 0.281378
vt 0.906075 0.312903
vt 0.905875 0.093759
vt 0.905875 0.048121
vt 0.906075 0.296828
vt 0.905875 0.012881
vt 0.000512 0.321630
vt 0.905875 0.025761
vt 0.906075 0.219937
vt 0.000512 0.312903
vt 0.000000 0.089593
vt 0.905875 0.121202
vt 0.000512 0.330358
vt 0.000000 0.012881
vt 0.906075 0.259595
vt 0.000512 0.321630
vt 0.000000 0.000000
vt 0.000000 0.062150
vt 0.906075 0.297453
vt 0.000000 0.048121
vt -0.000122 0.210448
vt 0.905875 0.093759
vt 0.906075 0.312903
vt 0.906075 0.281378
vt 0.000000 0.062150
vt -0.000122 0.156096
vt 0.905875 0.034093
vt 0.906075 0.296828
vt 0.905875 0.048121
vt 0.999050 0.183297
vt 0.939310 0.183297
vt 0.999050 0.342604
vt 0.939310 0.342604
vt 0.985655 0.132863
vt 0.939310 0.342604
vt 0.999050 0.342604
vt 0.939081 0.132863
vt 0.939310 0.183297
vt 0.999050 0.183297
vt 0.999050 0.183297
vt 0.939310 0.183297
vt 0.999050 0.342604
vt 0.939310 0.342604
vt 0.985655 0.179437
vt 0.999050 0.183297
vt 0.939310 0.183297
vt 0.999050 0.342604
vt 0.939310 0.342604
vt 0.939081 0.179437
vt 0.939310 0.342604
vt 0.999050 0.342604
vt 0.939081 0.132863
vt 0.999050 0.342604
vt 0.939310 0.342604
vt 0.985655 0.132863
vt 0.999050 0.183297
vt 0.939310 0.183297
vt 0.939310 0.183297
vt 0.999050 0.183297
vt 0.999050 0.342604
vt 0.939310 0.342604
vt 0.985655 0.179437
vt 0.999050 0.183297
vt 0.939310 0.183297
vt 0.999050 0.342604
vt 0.939310 0.342604
vt 0.939081 0.179437
vt 0.999050 0.183297
vt 0.939310 0.183297
vt 0.979692 0.781451
vt -0.000781 0.656284
vt 0.998987 0.652658
vt 0.979692 0.844034
vt -0.000781 0.718868
vt 1.000000 0.851064
vt -0.000781 0.844034
vt 0.302823 0.718868
vt 0.000000 0.851064
vt -0.000781 0.781451
vt 0.302823 0.656284
vt 0.001647 0.652658
vt 0.145247 0.656284
vt -0.000781 0.718868
vt 0.998987 0.504118
vt 0.145247 0.718868
vt -0.000781 0.781451
vt 1.000000 1.000000
vt 0.979692 0.718868
vt 0.156795 0.656284
vt 0.001647 0.504118
vt 0.979692 0.781451
vt 0.156795 0.718868
vt 0.000000 1.000000
vt 0.679406 0.025761
vt 0.679606 0.219937
vt 0.679406 0.121202
vt 0.226981 0.330358
vt 0.679606 0.281378
vt 0.226469 0.062150
vt 0.679606 0.296828
vt 0.679406 0.048121
vt 0.226469 0.048121
vt 0.226347 0.210448
vt 0.226981 0.321630
vt 0.226469 0.000000
vt 0.226469 0.062150
vt 0.679606 0.297453
vt 0.679406 0.012881
vt 0.226981 0.321630
vt 0.226981 0.312903
vt 0.226469 0.089593
vt 0.226469 0.012881
vt 0.679606 0.259595
vt 0.679406 0.093759
vt 0.679606 0.312903
vt 0.226347 0.156096
vt 0.679406 0.034093
vt 0.679606 0.297453
vt 0.226469 0.062150
vt 0.226469 0.089593
vt 0.226981 0.312903
vt 0.226981 0.321630
vt 0.679406 0.012881
vt 0.679406 0.034093
vt 0.226347 0.156096
vt 0.226469 0.000000
vt 0.226981 0.321630
vt 0.679606 0.312903
vt 0.679406 0.093759
vt 0.226347 0.210448
vt 0.226469 0.048121
vt 0.679406 0.048121
vt 0.679606 0.296828
vt 0.226981 0.330358
vt 0.679406 0.121202
vt 0.679606 0.219937
vt 0.679406 0.025761
vt 0.226469 0.062150
vt 0.679606 0.281378
vt 0.679606 0.259595
vt 0.226469 0.012881
vt 0.000000 0.089593
vt 0.000512 0.312903
vt 0.906075 0.219937
vt 0.905875 0.025761
vt 0.000512 0.321630
vt 0.905875 0.012881
vt 0.000512 0.330358
vt 0.905875 0.121202
vt 0.000000 0.000000
vt 0.000512 0.321630
vt 0.906075 0.259595
vt 0.000000 0.012881
vt 0.905875 0.034093
vt -0.000122 0.156096
vt -0.000122 0.210448
vt 0.000000 0.048121
vt 0.906075 0.297453
vt 0.000000 0.062150
vt 0.000000 0.062150
vt 0.906075 0.281378
vt 0.906075 0.312903
vt 0.905875 0.093759
vt 0.905875 0.048121
vt 0.906075 0.296828
vt 0.905875 0.012881
vt 0.000512 0.321630
vt 0.905875 0.025761
vt 0.906075 0.219937
vt 0.000512 0.312903
vt 0.000000 0.089593
vt 0.905875 0.121202
vt 0.000512 0.330358
vt 0.000000 0.012881
vt 0.906075 0.259595
vt 0.000512 0.321630
vt 0.000000 0.000000
vt 0.000000 0.062150
vt 0.906075 0.297453
vt 0.000000 0.048121
vt -0.000122 0.210448
vt 0.905875 0.093759
vt 0.906075 0.312903
vt 0.906075 0.281378
vt 0.000000 0.062150
vt -0.000122 0.156096
vt 0.905875 0.034093
vt 0.906075 0.296828
vt 0.905875 0.048121
vt 0.999050 0.183297
vt 0.939310 0.183297
vt 0.999050 0.342604
vt 0.939310 0.342604
vt 0.985655 0.132863
vt 0.939310 0.342604
vt 0.999050 0.342604
vt 0.939081 0.132863
vt 0.939310 0.183297
vt 0.999050 0.183297
vt 0.999050 0.183297
vt 0.939310 0.183297
vt 0.999050 0.342604
vt 0.939310 0.342604
vt 0.985655 0.179437
vt 0.999050 0.183297
vt 0.939310 0.183297
vt 0.999050 0.342604
vt 0.939310 0.342604
vt 0.939081 0.179437
vt 0.939310 0.342604
vt 0.999050 0.342604
vt 0.939081 0.132863
vt 0.999050 0.342604
vt 0.939310 0.342604
vt 0.985655 0.132863
vt 0.999050 0.183297
vt 0.939310 0.183297
vt 0.939310 0.183297
vt 0.999050 0.183297
vt 0.999050 0.342604
vt 0.939310 0.342604
vt 0.985655 0.179437
vt 0.999050 0.183297
vt 0.939310 0.183297
vt 0.999050 0.342604
vt 0.939310 0.342604
vt 0.939081 0.179437
vt 0.999050 0.183297
vt 0.939310 0.183297
vt 0.979692 0.781451
vt -0.000781 0.656284
vt 0.998987 0.652658
vt 0.979692 0.844034
vt -0.000781 0.718868
vt 1.000000 0.851064
vt -0.000781 0.844034
vt 0.302823 0.718868
vt 0.000000 0.851064
vt -0.000781 0.781451
vt 0.302823 0.656284
vt 0.001647 0.652658
vt 0.145247 0.656284
vt -0.000781 0.718868
vt 0.998987 0.504118
vt 0.145247 0.718868
vt -0.000781 0.781451
vt 1.000000 1.000000
vt 0.979692 0.718868
vt 0.156795 0.656284
vt 0.001647 0.504118
vt 0.979692 0.781451
vt 0.156795 0.718868
vt 0.000000 1.000000
vt 0.679406 0.025761
vt 0.679606 0.219937
vt 0.679406 0.121202
vt 0.226981 0.330358
vt 0.679606 0.281378
vt 0.226469 0.062150
vt 0.679606 0.296828
vt 0.679406 0.048121
vt 0.226469 0.048121
vt 0.226347 0.210448
vt 0.226981 0.321630
vt 0.226469 0.000000
vt 0.226469 0.062150
vt 0.679606 0.297453
vt 0.679406 0.012881
vt 0.226981 0.321630
vt 0.226981 0.312903
vt 0.226469 0.089593
vt 0.226469 0.012881
vt 0.679606 0.259595
vt 0.679406 0.093759
vt 0.679606 0.312903
vt 0.226347 0.156096
vt 0.679406 0.034093
vt 0.679606 0.297453
vt 0.226469 0.062150
vt 0.226469 0.089593
vt 0.226981 0.312903
vt 0.226981 0.321630
vt 0.679406 0.012881
vt 0.679406 0.034093
vt 0.226347 0.156096
vt 0.226469 0.000000
vt 0.226981 0.321630
vt 0.679606 0.312903
vt 0.679406 0.093759
vt 0.226347 0.210448
vt 0.226469 0.048121
vt 0.679406 0.048121
vt 0.679606 0.296828
vt 0.226981 0.330358
vt 0.679406 0.121202
vt 0.679606 0.219937
vt 0.679406 0.025761
vt 0.226469 0.062150
vt 0.679606 0.281378
vt 0.679606 0.259595
vt 0.226469 0.012881
vt 0.000000 0.089593
vt 0.000512 0.312903
vt 0.906075 0.219937
vt 0.905875 0.025761
vt 0.000512 0.321630
vt 0.905875 0.012881
vt 0.000512 0.330358
vt 0.905875 0.121202
vt 0.000000 0.000000
vt 0.000512 0.321630
vt 0.906075 0.259595
vt 0.000000 0.012881
vt 0.905875 0.034093
vt -0.000122 0.156096
vt -0.000122 0.210448
vt 0.000000 0.048121
vt 0.906075 0.297453
vt 0.000000 0.062150
vt 0.000000 0.062150
vt 0.906075 0.281378
vt 0.906075 0.312903
vt 0.905875 0.093759
vt 0.905875 0.048121
vt 0.906075 0.296828
vt 0.905875 0.012881
vt 0.000512 0.321630
vt 0.905875 0.025761
vt 0.906075 0.219937
vt 0.000512 0.312903
vt 0.000000 0.089593
vt 0.905875 0.121202
vt 0.000512 0.330358
vt 0.000000 0.012881
vt 0.906075 0.259595
vt 0.000512 0.321630
vt 0.000000 0.000000
vt 0.000000 0.062150
vt 0.906075 0.297453
vt 0.000000 0.048121
vt -0.000122 0.210448
vt 0.905875 0.093759
vt 0.906075 0.312903
vt 0.906075 0.281378
vt 0.000000 0.062150
vt -0.000122 0.156096
vt 0.905875 0.034093
vt 0.906075 0.296828
vt 0.905875 0.048121
vt 0.999050 0.183297
vt 0.939310 0.183297
vt 0.999050 0.342604
vt 0.939310 0.342604
vt 0.985655 0.132863
vt 0.939310 0.342604
vt 0.999050 0.342604
vt 0.939081 0.132863
vt 0.939310 0.183297
vt 0.999050 0.183297
vt 0.999050 0.183297
vt 0.939310 0.183297
vt 0.999050 0.342604
vt 0.939310 0.342604
vt 0.985655 0.179437
vt 0.999050 0.183297
vt 0.939310 0.183297
vt 0.999050 0.342604
vt 0.939310 0.342604
vt 0.939081 0.179437
vt 0.939310 0.342604
vt 0.999050 0.342604
vt 0.939081 0.132863
vt 0.999050 0.342604
vt 0.939310 0.342604
vt 0.985655 0.132863
vt 0.999050 0.183297
vt 0.939310 0.183297
vt 0.939310 0.183297
vt 0.999050 0.183297
vt 0.999050 0.342604
vt 0.939310 0.342604
vt 0.985655 0.179437
vt 0.999050 0.183297
vt 0.939310 0.183297
vt 0.999050 0.342604
vt 0.939310 0.342604
vt 0.939081 0.179437
vt 0.999050 0.183297
vt 0.939310 0.183297
vt 0.979692 0.781451
vt -0.000781 0.656284
vt 0.998987 0.652658
vt 0.979692 0.844034
vt -0.000781 0.718868
vt 1.000000 0.851064
vt -0.000781 0.844034
vt 0.302823 0.718868
vt 0.000000 0.851064
vt -0.000781 0.781451
vt 0.302823 0.656284
vt 0.001647 0.652658
vt 0.145247 0.656284
vt -0.000781 0.718868
vt 0.998987 0.504118
vt 0.145247 0.718868
vt -0.000781 0.781451
vt 1.000000 1.000000
vt 0.979692 0.718868
vt 0.156795 0.656284
vt 0.001647 0.504118
vt 0.979692 0.781451
vt 0.156795 0.718868
vt 0.000000 1.000000
vt 0.679406 0.025761
vt 0.679606 0.219937
vt 0.679406 0.121202
vt 0.226981 0.330358
vt 0.679606 0.281378
vt 0.226469 0.062150
vt 0.679606 0.296828
vt 0.679406 0.048121
vt 0.226469 0.048121
vt 0.226347 0.210448
vt 0.226981 0.321630
vt 0.226469 0.000000
vt 0.226469 0.062150
vt 0.679606 0.297453
vt 0.679406 0.012881
vt 0.226981 0.321630
vt 0.226981 0.312903
vt 0.226469 0.089593
vt 0.226469 0.012881
vt 0.679606 0.259595
vt 0.679406 0.093759
vt 0.679606 0.312903
vt 0.226347 0.156096
vt 0.679406 0.034093
vt 0.679606 0.297453
vt 0.226469 0.062150
vt 0.226469 0.089593
vt 0.226981 0.312903
vt 0.226981 0.321630
vt 0.679406 0.012881
vt 0.679406 0.034093
vt 0.226347 0.156096
vt 0.226469 0.000000
vt 0.226981 0.321630
vt 0.679606 0.312903
vt 0.679406 0.093759
vt 0.226347 0.210448
vt 0.226469 0.048121
vt 0.679406 0.048121
vt 0.679606 0.296828
vt 0.226981 0.330358
vt 0.679406 0.121202
vt 0.679606 0.219937
vt 0.679406 0.025761
vt 0.226469 0.062150
vt 0.679606 0.281378
vt 0.679606 0.259595
vt 0.226469 0.012881
vt 0.000000 0.089593
vt 0.000512 0.312903
vt 0.906075 0.219937
vt 0.905875 0.025761
vt 0.000512 0.321630
vt 0.905875 0.012881
vt 0.000512 0.330358
vt 0.905875 0.121202
vt 0.000000 0.000000
vt 0.000512 0.321630
vt 0.906075 0.259595
vt 0.000000 0.012881
vt 0.905875 0.034093
vt -0.000122 0.156096
vt -0.000122 0.210448
vt 0.000000 0.048121
vt 0.906075 0.297453
vt 0.000000 0.062150
vt 0.000000 0.062150
vt 0.906075 0.281378
vt 0.906075 0.312903
vt 0.905875 0.093759
vt 0.905875 0.048121
vt 0.906075 0.296828
vt 0.905875 0.012881
vt 0.000512 0.321630
vt 0.905875 0.025761
vt 0.906075 0.219937
vt 0.000512 0.312903
vt 0.000000 0.089593
vt 0.905875 0.121202
vt 0.000512 0.330358
vt 0.000000 0.012881
vt 0.906075 0.259595
vt 0.000512 0.321630
vt 0.000000 0.000000
vt 0.000000 0.062150
vt 0.906075 0.297453
vt 0.000000 0.048121
vt -0.000122 0.210448
vt 0.905875 0.093759
vt 0.906075 0.312903
vt 0.906075 0.281378
vt 0.000000 0.062150
vt -0.000122 0.156096
vt 0.905875 0.034093
vt 0.906075 0.296828
vt 0.905875 0.048121
vt 0.999050 0.183297
vt 0.939310 0.183297
vt 0.999050 0.342604
vt 0.939310 0.342604
vt 0.985655 0.132863
vt 0.939310 0.342604
vt 0.999050 0.342604
vt 0.939081 0.132863
vt 0.939310 0.183297
vt 0.999050 0.183297
vt 0.999050 0.183297
vt 0.939310 0.183297
vt 0.999050 0.342604
vt 0.939310 0.342604
vt 0.985655 0.179437
vt 0.999050 0.183297
vt 0.939310 0.183297
vt 0.999050 0.342604
vt 0.939310 0.342604
vt 0.939081 0.179437
vt 0.939310 0.342604
vt 0.999050 0.342604
vt 0.939081 0.132863
vt 0.999050 0.342604
vt 0.939310 0.342604
vt 0.985655 0.132863
vt 0.999050 0.183297
vt 0.939310 0.183297
vt 0.939310 0.183297
vt 0.999050 0.183297
vt 0.999050 0.342604
vt 0.939310 0.342604
vt 0.985655 0.179437
vt 0.999050 0.183297
vt 0.939310 0.183297
vt 0.999050 0.342604
vt 0.939310 0.342604
vt 0.939081 0.179437
vt 0.999050 0.183297
vt 0.939310 0.183297
vt 0.979692 0.781451
vt -0.000781 0.656284
vt 0.998987 0.652658
vt 0.979692 0.844034
vt -0.000781 0.718868
vt 1.000000 0.851064
vt -0.000781 0.844034
vt 0.302823 0.718868
vt 0.000000 0.851064
vt -0.000781 0.781451
vt 0.302823 0.656284
vt 0.001647 0.652658
vt 0.145247 0.656284
vt -0.000781 0.718868
vt 0.998987 0.504118
vt 0.145247 0.718868
vt -0.000781 0.781451
vt 1.000000 1.000000
vt 0.979692 0.718868
vt 0.156795 0.656284
vt 0.001647 0.504118
vt 0.979692 0.781451
vt 0.156795 0.718868
vt 0.000000 1.000000
vt 0.679406 0.025761
vt 0.679606 0.219937
vt 0.679406 0.121202
vt 0.226981 0.330358
vt 0.679606 0.281378
vt 0.226469 0.062150
vt 0.679606 0.296828
vt 0.679406 0.048121
vt 0.226469 0.048121
vt 0.226347 0.210448
vt 0.226981 0.321630
vt 0.226469 0.000000
vt 0.226469 0.062150
vt 0.679606 0.297453
vt 0.679406 0.012881
vt 0.226981 0.321630
vt 0.226981 0.312903
vt 0.226469 0.089593
vt 0.226469 0.012881
vt 0.679606 0.259595
vt 0.679406 0.093759
vt 0.679606 0.312903
vt 0.226347 0.156096
vt 0.679406 0.034093
vt 0.679606 0.297453
vt 0.226469 0.062150
vt 0.226469 0.089593
vt 0.226981 0.312903
vt 0.226981 0.321630
vt 0.679406 0.012881
vt 0.679406 0.034093
vt 0.226347 0.156096
vt 0.226469 0.000000
vt 0.226981 0.321630
vt 0.679606 0.312903
vt 0.679406 0.093759
vt 0.226347 0.210448
vt 0.226469 0.048121
vt 0.679406 0.048121
vt 0.679606 0.296828
vt 0.226981 0.330358
vt 0.679406 0.121202
vt 0.679606 0.219937
vt 0.679406 0.025761
vt 0.226469 0.062150
vt 0.679606 0.281378
vt 0.679606 0.259595
vt 0.226469 0.012881
vt 0.000000 0.089593
vt 0.000512 0.312903
vt 0.906075 0.219937
vt 0.905875 0.025761
vt 0.000512 0.321630
vt 0.905875 0.012881
vt 0.000512 0.330358
vt 0.905875 0.121202
vt 0.000000 0.000000
vt 0.000512 0.321630
vt 0.906075 0.259595
vt 0.000000 0.012881
vt 0.905875 0.034093
vt -0.000122 0.156096
vt -0.000122 0.210448
vt 0.000000 0.048121
vt 0.906075 0.297453
vt 0.000000 0.062150
vt 0.000000 0.062150
vt 0.906075 0.281378
vt 0.906075 0.312903
vt 0.905875 0.093759
vt 0.905875 0.048121
vt 0.906075 0.296828
vt 0.905875 0.012881
vt 0.000512 0.321630
vt 0.905875 0.025761
vt 0.906075 0.219937
vt 0.000512 0.312903
vt 0.000000 0.089593
vt 0.905875 0.121202
vt 0.000512 0.330358
vt 0.000000 0.012881
vt 0.906075 0.259595
vt 0.000512 0.321630
vt 0.000000 0.000000
vt 0.000000 0.062150
vt 0.906075 0.297453
vt 0.000000 0.048121
vt -0.000122 0.210448
vt 0.905875 0.093759
vt 0.906075 0.312903
vt 0.906075 0.281378
vt 0.000000 0.062150
vt -0.000122 0.156096
vt 0.905875 0.034093
vt 0.906075 0.296828
vt 0.905875 0.048121
vt 0.999050 0.183297
vt 0.939310 0.183297
vt 0.999050 0.342604
vt 0.939310 0.342604
vt 0.985655 0.132863
vt 0.939310 0.342604
vt 0.999050 0.342604
vt 0.939081 0.132863
vt 0.939310 0.183297
vt 0.999050 0.183297
vt 0.999050 0.183297
vt 0.939310 0.183297
vt 0.999050 0.342604
vt 0.939310 0.342604
vt 0.985655 0.179437
vt 0.999050 0.183297
vt 0.939310 0.183297
vt 0.999050 0.342604
vt 0.939310 0.342604
vt 0.939081 0.179437
vt 0.939310 0.342604
vt 0.999050 0.342604
vt 0.939081 0.132863
vt 0.999050 0.342604
vt 0.939310 0.342604
vt 0.985655 0.132863
vt 0.999050 0.183297
vt 0.939310 0.183297
vt 0.939310 0.183297
vt 0.999050 0.183297
vt 0.999050 0.342604
vt 0.939310 0.342604
vt 0.985655 0.179437
vt 0.999050 0.183297
vt 0.939310 0.183297
vt 0.999050 0.342604
vt 0.939310 0.342604
vt 0.939081 0.179437
vt 0.999050 0.183297
vt 0.939310 0.183297
vt 0.979692 0.781451
vt -0.000781 0.656284
vt 0.998987 0.652658
vt 0.979692 0.844034
vt -0.000781 0.718868
vt 1.000000 0.851064
vt -0.000781 0.844034
vt 0.302823 0.718868
vt 0.000000 0.851064
vt -0.000781 0.781451
vt 0.302823 0.656284
vt 0.001647 0.652658
vt 0.145247 0.656284
vt -0.000781 0.718868
vt 0.998987 0.504118
vt 0.145247 0.718868
vt -0.000781 0.781451
vt 1.000000 1.000000
vt 0.979692 0.718868
vt 0.156795 0.656284
vt 0.001647 0.504118
vt 0.979692 0.781451
vt 0.156795 0.718868
vt 0.000000 1.000000
vt 0.679406 0.025761
vt 0.679606 0.219937
vt 0.679406 0.121202
vt 0.226981 0.330358
vt 0.679606 0.281378
vt 0.226469 0.062150
vt 0.679606 0.296828
vt 0.679406 0.048121
vt 0.226469 0.048121
vt 0.226347 0.210448
vt 0.226981 0.321630
vt 0.226469 0.000000
vt 0.226469 0.062150
vt 0.679606 0.297453
vt 0.679406 0.012881
vt 0.226981 0.321630
vt 0.226981 0.312903
vt 0.226469 0.089593
vt 0.226469 0.012881
vt 0.679606 0.259595
vt 0.679406 0.093759
vt 0.679606 0.312903
vt 0.226347 0.156096
vt 0.679406 0.034093
vt 0.679606 0.297453
vt 0.226469 0.062150
vt 0.226469 0.089593
vt 0.226981 0.312903
vt 0.226981 0.321630
vt 0.679406 0.012881
vt 0.679406 0.034093
vt 0.226347 0.156096
vt 0.226469 0.000000
vt 0.226981 0.321630
vt 0.679606 0.312903
vt 0.679406 0.093759
vt 0.226347 0.210448
vt 0.226469 0.048121
vt 0.679406 0.048121
vt 0.679606 0.296828
vt 0.226981 0.330358
vt 0.679406 0.121202
vt 0.679606 0.219937
vt 0.679406 0.025761
vt 0.226469 0.062150
vt 0.679606 0.281378
vt 0.679606 0.259595
vt 0.226469 0.012881
s 0
f 64/143/1 7/13/1 12/23/1 68/151/1
f 70/155/2 2/3/2 6/11/2 72/159/2
f 8/15/3 7/14/3 64/144/3 67/149/3
f 4/7/3 3/5/3 63/141/3 69/153/3
f 12/24/2 11/21/2 66/147/2 68/152/2
f 1/1/4 10/19/4 71/157/4 62/139/4
f 6/12/4 5/9/4 65/145/4 72/160/4
f 5/10/3 1/2/3 62/140/3 65/146/3
f 10/20/2 9/17/2 61/137/2 71/158/2
f 20/39/1 19/37/1 55/125/1 53/121/1
f 50/115/4 16/31/4 21/41/4 59/133/4
f 49/113/4 14/27/4 13/25/4 56/127/4
f 26/51/5 27/54/5 28/57/5 25/49/5
f 30/61/6 26/52/6 25/50/6 29/59/6
f 32/66/7 30/62/7 29/60/7 31/64/7
f 27/55/8 32/67/8 31/65/8 28/58/8
f 30/63/2 32/68/2 27/56/2 26/53/2
f 34/72/5 35/75/5 36/77/5 33/69/5
f 37/79/9 38/82/9 35/76/9 34/73/9
f 39/84/7 40/87/7 38/83/7 37/80/7
f 33/70/6 36/78/6 40/88/6 39/85/6
f 37/81/2 34/74/2 33/71/2 39/86/2
f 42/92/5 43/95/5 44/98/5 41/89/5
f 46/104/6 42/93/6 41/90/6 45/101/6
f 48/110/7 46/105/7 45/102/7 47/107/7
f 43/96/9 48/111/9 47/108/9 44/99/9
f 46/106/2 48/112/2 43/97/2 42/94/2
f 41/91/3 44/100/3 47/109/3 45/103/3
f 22/43/2 51/117/2 55/126/2 19/38/2
f 18/35/3 54/123/3 57/129/3 15/29/3
f 17/33/1 58/131/1 54/124/1 18/36/1
f 15/30/1 57/130/1 51/118/1 22/44/1
f 24/47/2 52/119/2 59/134/2 21/42/2
f 16/32/3 50/116/3 56/128/3 13/26/3
f 20/40/3 53/122/3 60/135/3 23/45/3
f 49/114/2 58/132/2 17/34/2 14/28/2
f 60/136/4 52/120/4 24/48/4 23/46/4
f 70/156/1 63/142/1 3/6/1 2/4/1
f 69/154/1 66/148/1 11/22/1 4/8/1
f 8/16/4 67/150/4 61/138/4 9/18/4
f 136/303/10 79/173/10 84/183/10 140/311/10
f 142/315/2 74/163/2 78/171/2 144/319/2
f 80/175/3 79/174/3 136/304/3 139/309/3
f 76/167/3 75/165/3 135/301/3 141/313/3
f 84/184/2 83/181/2 138/307/2 140/312/2
f 73/161/11 82/179/11 143/317/11 134/299/11
f 78/172/11 77/169/11 137/305/11 144/320/11
f 77/170/3 73/162/3 134/300/3 137/306/3
f 82/180/2 81/177/2 133/297/2 143/318/2
f 92/199/10 91/197/10 127/285/10 125/281/10
f 122/275/11 88/191/11 93/201/11 131/293/11
f 121/273/11 86/187/11 85/185/11 128/287/11
f 98/211/12 99/214/12 100/217/12 97/209/12
f 102/221/13 98/212/13 97/210/13 101/219/13
f 104/226/14 102/222/14 101/220/14 103/224/14
f 99/215/15 104/227/15 103/225/15 100/218/15
f 102/223/2 104/228/2 99/216/2 98/213/2
f 106/232/12 107/235/12 108/237/12 105/229/12
f 109/239/15 110/242/15 107/236/15 106/233/15
f 111/244/14 112/247/14 110/243/14 109/240/14
f 105/230/13 108/238/13 112/248/13 111/245/13
f 109/241/2 106/234/2 105/231/2 111/246/2
f 114/252/12 115/255/12 116/258/12 113/249/12
f 118/264/13 114/253/13 113/250/13 117/261/13
f 120/270/14 118/265/14 117/262/14 119/267/14
f 115/256/15 120/271/15 119/268/15 116/259/15
f 118/266/2 120/272/2 115/257/2 114/254/2
f 113/251/3 116/260/3 119/269/3 117/263/3
f 94/203/2 123/277/2 127/286/2 91/198/2
f 90/195/3 126/283/3 129/289/3 87/189/3
f 89/193/10 130/291/10 126/284/10 90/196/10
f 87/190/10 129/290/10 123/278/10 94/204/10
f 96/207/2 124/279/2 131/294/2 93/202/2
f 88/192/3 122/276/3 128/288/3 85/186/3
f 92/200/3 125/282/3 132/295/3 95/205/3
f 121/274/2 130/292/2 89/194/2 86/188/2
f 132/296/11 124/280/11 96/208/11 95/206/11
f 142/316/10 135/302/10 75/166/10 74/164/10
f 141/314/10 138/308/10 83/182/10 76/168/10
f 80/176/11 139/310/11 133/298/11 81/178/11
f 208/463/16 151/333/16 156/343/16 212/471/16
f 214/475/2 146/323/2 150/331/2 216/479/2
f 152/335/3 151/334/3 208/464/3 211/469/3
f 148/327/3 147/325/3 207/461/3 213/473/3
f 156/344/2 155/341/2 210/467/2 212/472/2
f 145/321/17 154/339/17 215/477/17 206/459/17
f 150/332/17 149/329/17 209/465/17 216/480/17
f 149/330/3 145/322/3 206/460/3 209/466/3
f 154/340/2 153/337/2 205/457/2 215/478/2
f 164/359/16 163/357/16 199/445/16 197/441/16
f 194/435/17 160/351/17 165/361/17 203/453/17
f 193/433/17 158/347/17 157/345/17 200/447/17
f 170/371/18 171/374/18 172/377/18 169/369/18
f 174/381/19 170/372/19 169/370/19 173/379/19
f 176/386/20 174/382/20 173/380/20 175/384/20
f 171/375/21 176/387/21 175/385/21 172/378/21
f 174/383/2 176/388/2 171/376/2 170/373/2
f 178/392/18 179/395/18 180/397/18 177/389/18
f 181/399/21 182/402/21 179/396/21 178/393/21
f 183/404/20 184/407/20 182/403/20 181/400/20
f 177/390/19 180/398/19 184/408/19 183/405/19
f 181/401/2 178/394/2 177/391/2 183/406/2
f 186/412/18 187/415/18 188/418/18 185/409/18
f 190/424/19 186/413/19 185/410/19 189/421/19
f 192/430/20 190/425/20 189/422/20 191/427/20
f 187/416/21 192/431/21 191/428/21 188/419/21
f 190/426/2 192/432/2 187/417/2 186/414/2
f 185/411/3 188/420/3 191/429/3 189/423/3
f 166/363/2 195/437/2 199/446/2 163/358/2
f 162/355/3 198/443/3 201/449/3 159/349/3
f 161/353/16 202/451/16 198/444/16 162/356/16
f 159/350/16 201/450/16 195/438/16 166/364/16
f 168/367/2 196/439/2 203/454/2 165/362/2
f 160/352/3 194/436/3 200/448/3 157/346/3
f 164/360/3 197/442/3 204/455/3 167/365/3
f 193/434/2 202/452/2 161/354/2 158/348/2
f 204/456/17 196/440/17 168/368/17 167/366/17
f 214/476/16 207/462/16 147/326/16 146/324/16
f 213/474/16 210/468/16 155/342/16 148/328/16
f 152/336/17 211/470/17 205/458/17 153/338/17
f 280/623/22 223/493/22 228/503/22 284/631/22
f 286/635/2 218/483/2 222/491/2 288/639/2
f 224/495/3 223/494/3 280/624/3 283/629/3
f 220/487/3 219/485/3 279/621/3 285/633/3
f 228/504/2 227/501/2 282/627/2 284/632/2
f 217/481/23 226/499/23 287/637/23 278/619/23
f 222/492/23 221/489/23 281/625/23 288/640/23
f 221/490/3 217/482/3 278/620/3 281/626/3
f 226/500/2 225/497/2 277/617/2 287/638/2
f 236/519/22 235/517/22 271/605/22 269/601/22
f 266/595/23 232/511/23 237/521/23 275/613/23
f 265/593/23 230/507/23 229/505/23 272/607/23
f 242/531/24 243/534/24 244/537/24 241/529/24
f 246/541/25 242/532/25 241/530/25 245/539/25
f 248/546/26 246/542/26 245/540/26 247/544/26
f 243/535/27 248/547/27 247/545/27 244/538/27
f 246/543/2 248/548/2 243/536/2 242/533/2
f 250/552/24 251/555/24 252/557/24 249/549/24
f 253/559/27 254/562/27 251/556/27 250/553/27
f 255/564/26 256/567/26 254/563/26 253/560/26
f 249/550/25 252/558/25 256/568/25 255/565/25
f 253/561/2 250/554/2 249/551/2 255/566/2
f 258/572/24 259/575/24 260/578/24 257/569/24
f 262/584/25 258/573/25 257/570/25 261/581/25
f 264/590/26 262/585/26 261/582/26 263/587/26
f 259/576/27 264/591/27 263/588/27 260/579/27
f 262/586/2 264/592/2 259/577/2 258/574/2
f 257/571/3 260/580/3 263/589/3 261/583/3
f 238/523/2 267/597/2 271/606/2 235/518/2
f 234/515/3 270/603/3 273/609/3 231/509/3
f 233/513/22 274/611/22 270/604/22 234/516/22
f 231/510/22 273/610/22 267/598/22 238/524/22
f 240/527/2 268/599/2 275/614/2 237/522/2
f 232/512/3 266/596/3 272/608/3 229/506/3
f 236/520/3 269/602/3 276/615/3 239/525/3
f 265/594/2 274/612/2 233/514/2 230/508/2
f 276/616/23 268/600/23 240/528/23 239/526/23
f 286/636/22 279/622/22 219/486/22 218/484/22
f 285/634/22 282/628/22 227/502/22 220/488/22
f 224/496/23 283/630/23 277/618/23 225/498/23
f 352/783/28 295/653/28 300/663/28 356/791/28
f 358/795/2 290/643/2 294/651/2 360/799/2
f 296/655/3 295/654/3 352/784/3 355/789/3
f 292/647/3 291/645/3 351/781/3 357/793/3
f 300/664/2 299/661/2 354/787/2 356/792/2
f 289/641/29 298/659/29 359/797/29 350/779/29
f 294/652/29 293/649/29 353/785/29 360/800/29
f 293/650/3 289/642/3 350/780/3 353/786/3
f 298/660/2 297/657/2 349/777/2 359/798/2
f 308/679/28 307/677/28 343/765/28 341/761/28
f 338/755/29 304/671/29 309/681/29 347/773/29
f 337/753/29 302/667/29 301/665/29 344/767/29
f 314/691/30 315/694/30 316/697/30 313/689/30
f 318/701/31 314/692/31 313/690/31 317/699/31
f 320/706/32 318/702/32 317/700/32 319/704/32
f 315/695/33 320/707/33 319/705/33 316/698/33
f 318/703/2 320/708/2 315/696/2 314/693/2
f 322/712/34 323/715/34 324/717/34 321/709/34
f 325/719/35 326/722/35 323/716/35 322/713/35
f 327/724/36 328/727/36 326/723/36 325/720/36
f 321/710/31 324/718/31 328/728/31 327/725/31
f 325/721/2 322/714/2 321/711/2 327/726/2
f 330/732/34 331/735/34 332/738/34 329/729/34
f 334/744/31 330/733/31 329/730/31 333/741/31
f 336/750/36 334/745/36 333/742/36 335/747/36
f 331/736/35 336/751/35 335/748/35 332/739/35
f 334/746/2 336/752/2 331/737/2 330/734/2
f 329/731/3 332/740/3 335/749/3 333/743/3
f 310/683/2 339/757/2 343/766/2 307/678/2
f 306/675/3 342/763/3 345/769/3 303/669/3
f 305/673/28 346/771/28 342/764/28 306/676/28
f 303/670/28 345/770/28 339/758/28 310/684/28
f 312/687/2 340/759/2 347/774/2 309/682/2
f 304/672/3 338/756/3 344/768/3 301/666/3
f 308/680/3 341/762/3 348/775/3 311/685/3
f 337/754/2 346/772/2 305/674/2 302/668/2
f 348/776/29 340/760/29 312/688/29 311/686/29
f 358/796/28 351/782/28 291/646/28 290/644/28
f 357/794/28 354/788/28 299/662/28 292/648/28
f 296/656/29 355/790/29 349/778/29 297/658/29
f 424/943/37 367/813/37 372/823/37 428/951/37
f 430/955/2 362/803/2 366/811/2 432/959/2
f 368/815/3 367/814/3 424/944/3 427/949/3
f 364/807/3 363/805/3 423/941/3 429/953/3
f 372/824/2 371/821/2 426/947/2 428/952/2
f 361/801/38 370/819/38 431/957/38 422/939/38
f 366/812/38 365/809/38 425/945/38 432/960/38
f 365/810/3 361/802/3 422/940/3 425/946/3
f 370/820/2 369/817/2 421/937/2 431/958/2
f 380/839/37 379/837/37 415/925/37 413/921/37
f 410/915/38 376/831/38 381/841/38 419/933/38
f 409/913/38 374/827/38 373/825/38 416/927/38
f 386/851/39 387/854/39 388/857/39 385/849/39
f 390/861/40 386/852/40 385/850/40 389/859/40
f 392/866/41 390/862/41 389/860/41 391/864/41
f 387/855/42 392/867/42 391/865/42 388/858/42
f 390/863/2 392/868/2 387/856/2 386/853/2
f 394/872/39 395/875/39 396/877/39 393/869/39
f 397/879/42 398/882/42 395/876/42 394/873/42
f 399/884/43 400/887/43 398/883/43 397/880/43
f 393/870/40 396/878/40 400/888/40 399/885/40
f 397/881/2 394/874/2 393/871/2 399/886/2
f 402/892/39 403/895/39 404/898/39 401/889/39
f 406/904/40 402/893/40 401/890/40 405/901/40
f 408/910/41 406/905/41 405/902/41 407/907/41
f 403/896/42 408/911/42 407/908/42 404/899/42
f 406/906/2 408/912/2 403/897/2 402/894/2
f 401/891/3 404/900/3 407/909/3 405/903/3
f 382/843/2 411/917/2 415/926/2 379/838/2
f 378/835/3 414/923/3 417/929/3 375/829/3
f 377/833/37 418/931/37 414/924/37 378/836/37
f 375/830/37 417/930/37 411/918/37 382/844/37
f 384/847/2 412/919/2 419/934/2 381/842/2
f 376/832/3 410/916/3 416/928/3 373/826/3
f 380/840/3 413/922/3 420/935/3 383/845/3
f 409/914/2 418/932/2 377/834/2 374/828/2
f 420/936/38 412/920/38 384/848/38 383/846/38
f 430/956/37 423/942/37 363/806/37 362/804/37
f 429/954/37 426/948/37 371/822/37 364/808/37
f 368/816/38 427/950/38 421/938/38 369/818/38
f 496/1103/44 439/973/44 444/983/44 500/1111/44
f 502/1115/2 434/963/2 438/971/2 504/1119/2
f 440/975/3 439/974/3 496/1104/3 499/1109/3
f 436/967/3 435/965/3 495/1101/3 501/1113/3
f 444/984/2 443/981/2 498/1107/2 500/1112/2
f 433/961/45 442/979/45 503/1117/45 494/1099/45
f 438/972/45 437/969/45 497/1105/45 504/1120/45
f 437/970/3 433/962/3 494/1100/3 497/1106/3
f 442/980/2 441/977/2 493/1097/2 503/1118/2
f 452/999/44 451/997/44 487/1085/44 485/1081/44
f 482/1075/45 448/991/45 453/1001/45 491/1093/45
f 481/1073/45 446/987/45 445/985/45 488/1087/45
f 458/1011/46 459/1014/46 460/1017/46 457/1009/46
f 462/1021/47 458/1012/47 457/1010/47 461/1019/47
f 464/1026/48 462/1022/48 461/1020/48 463/1024/48
f 459/1015/49 464/1027/49 463/1025/49 460/1018/49
f 462/1023/2 464/1028/2 459/1016/2 458/1013/2
f 466/1032/46 467/1035/46 468/1037/46 465/1029/46
f 469/1039/49 470/1042/49 467/1036/49 466/1033/49
f 471/1044/48 472/1047/48 470/1043/48 469/1040/48
f 465/1030/47 468/1038/47 472/1048/47 471/1045/47
f 469/1041/2 466/1034/2 465/1031/2 471/1046/2
f 474/1052/46 475/1055/46 476/1058/46 473/1049/46
f 478/1064/47 474/1053/47 473/1050/47 477/1061/47
f 480/1070/48 478/1065/48 477/1062/48 479/1067/48
f 475/1056/49 480/1071/49 479/1068/49 476/1059/49
f 478/1066/2 480/1072/2 475/1057/2 474/1054/2
f 473/1051/3 476/1060/3 479/1069/3 477/1063/3
f 454/1003/2 483/1077/2 487/1086/2 451/998/2
f 450/995/3 486/1083/3 489/1089/3 447/989/3
f 449/993/44 490/1091/44 486/1084/44 450/996/44
f 447/990/44 489/1090/44 483/1078/44 454/1004/44
f 456/1007/2 484/1079/2 491/1094/2 453/1002/2
f 448/992/3 482/1076/3 488/1088/3 445/986/3
f 452/1000/3 485/1082/3 492/1095/3 455/1005/3
f 481/1074/2 490/1092/2 449/994/2 446/988/2
f 492/1096/45 484/1080/45 456/1008/45 455/1006/45
f 502/1116/44 495/1102/44 435/966/44 434/964/44
f 501/1114/44 498/1108/44 443/982/44 436/968/44
f 440/976/45 499/1110/45 493/1098/45 441/978/45
f 568/1263/50 511/1133/50 516/1143/50 572/1271/50
f 574/1275/2 506/1123/2 510/1131/2 576/1279/2
f 512/1135/3 511/1134/3 568/1264/3 571/1269/3
f 508/1127/3 507/1125/3 567/1261/3 573/1273/3
f 516/1144/2 515/1141/2 570/1267/2 572/1272/2
f 505/1121/51 514/1139/51 575/1277/51 566/1259/51
f 510/1132/51 509/1129/51 569/1265/51 576/1280/51
f 509/1130/3 505/1122/3 566/1260/3 569/1266/3
f 514/1140/2 513/1137/2 565/1257/2 575/1278/2
f 524/1159/50 523/1157/50 559/1245/50 557/1241/50
f 554/1235/51 520/1151/51 525/1161/51 563/1253/51
f 553/1233/51 518/1147/51 517/1145/51 560/1247/51
f 530/1171/52 531/1174/52 532/1177/52 529/1169/52
f 534/1181/53 530/1172/53 529/1170/53 533/1179/53
f 536/1186/54 534/1182/54 533/1180/54 535/1184/54
f 531/1175/55 536/1187/55 535/1185/55 532/1178/55
f 534/1183/2 536/1188/2 531/1176/2 530/1173/2
f 538/1192/52 539/1195/52 540/1197/52 537/1189/52
f 541/1199/55 542/1202/55 539/1196/55 538/1193/55
f 543/1204/54 544/1207/54 542/1203/54 541/1200/54
f 537/1190/53 540/1198/53 544/1208/53 543/1205/53
f 541/1201/2 538/1194/2 537/1191/2 543/1206/2
f 546/1212/52 547/1215/52 548/1218/52 545/1209/52
f 550/1224/53 546/1213/53 545/1210/53 549/1221/53
f 552/1230/54 550/1225/54 549/1222/54 551/1227/54
f 547/1216/55 552/1231/55 551/1228/55 548/1219/55
f 550/1226/2 552/1232/2 547/1217/2 546/1214/2
f 545/1211/3 548/1220/3 551/1229/3 549/1223/3
f 526/1163/2 555/1237/2 559/1246/2 523/1158/2
f 522/1155/3 558/1243/3 561/1249/3 519/1149/3
f 521/1153/50 562/1251/50 558/1244/50 522/1156/50
f 519/1150/50 561/1250/50 555/1238/50 526/1164/50
f 528/1167/2 556/1239/2 563/1254/2 525/1162/2
f 520/1152/3 554/1236/3 560/1248/3 517/1146/3
f 524/1160/3 557/1242/3 564/1255/3 527/1165/3
f 553/1234/2 562/1252/2 521/1154/2 518/1148/2
f 564/1256/51 556/1240/51 528/1168/51 527/1166/51
f 574/1276/50 567/1262/50 507/1126/50 506/1124/50
f 573/1274/50 570/1268/50 515/1142/50 508/1128/50
f 512/1136/51 571/1270/51 565/1258/51 513/1138/51
f 640/1423/56 583/1293/56 588/1303/56 644/1431/56
f 646/1435/2 578/1283/2 582/1291/2 648/1439/2
f 584/1295/3 583/1294/3 640/1424/3 643/1429/3
f 580/1287/3 579/1285/3 639/1421/3 645/1433/3
f 588/1304/2 587/1301/2 642/1427/2 644/1432/2
f 577/1281/57 586/1299/57 647/1437/57 638/1419/57
f 582/1292/57 581/1289/57 641/1425/57 648/1440/57
f 581/1290/3 577/1282/3 638/1420/3 641/1426/3
f 586/1300/2 585/1297/2 637/1417/2 647/1438/2
f 596/1319/56 595/1317/56 631/1405/56 629/1401/56
f 626/1395/57 592/1311/57 597/1321/57 635/1413/57
f 625/1393/57 590/1307/57 589/1305/57 632/1407/57
f 602/1331/58 603/1334/58 604/1337/58 601/1329/58
f 606/1341/59 602/1332/59 601/1330/59 605/1339/59
f 608/1346/60 606/1342/60 605/1340/60 607/1344/60
f 603/1335/61 608/1347/61 607/1345/61 604/1338/61
f 606/1343/2 608/1348/2 603/1336/2 602/1333/2
f 610/1352/58 611/1355/58 612/1357/58 609/1349/58
f 613/1359/61 614/1362/61 611/1356/61 610/1353/61
f 615/1364/62 616/1367/62 614/1363/62 613/1360/62
f 609/1350/59 612/1358/59 616/1368/59 615/1365/59
f 613/1361/2 610/1354/2 609/1351/2 615/1366/2
f 618/1372/58 619/1375/58 620/1378/58 617/1369/58
f 622/1384/59 618/1373/59 617/1370/59 621/1381/59
f 624/1390/60 622/1385/60 621/1382/60 623/1387/60
f 619/1376/61 624/1391/61 623/1388/61 620/1379/61
f 622/1386/2 624/1392/2 619/1377/2 618/1374/2
f 617/1371/3 620/1380/3 623/1389/3 621/1383/3
f 598/1323/2 627/1397/2 631/1406/2 595/1318/2
f 594/1315/3 630/1403/3 633/1409/3 591/1309/3
f 593/1313/56 634/1411/56 630/1404/56 594/1316/56
f 591/1310/56 633/1410/56 627/1398/56 598/1324/56
f 600/1327/2 628/1399/2 635/1414/2 597/1322/2
f 592/1312/3 626/1396/3 632/1408/3 589/1306/3
f 596/1320/3 629/1402/3 636/1415/3 599/1325/3
f 625/1394/2 634/1412/2 593/1314/2 590/1308/2
f 636/1416/57 628/1400/57 600/1328/57 599/1326/57
f 646/1436/56 639/1422/56 579/1286/56 578/1284/56
f 645/1434/56 642/1428/56 587/1302/56 580/1288/56
f 584/1296/57 643/1430/57 637/1418/57 585/1298/57
f 712/1583/63 655/1453/63 660/1463/63 716/1591/63
f 718/1595/2 650/1443/2 654/1451/2 720/1599/2
f 656/1455/3 655/1454/3 712/1584/3 715/1589/3
f 652/1447/3 651/1445/3 711/1581/3 717/1593/3
f 660/1464/2 659/1461/2 714/1587/2 716/1592/2
f 649/1441/64 658/1459/64 719/1597/64 710/1579/64
f 654/1452/64 653/1449/64 713/1585/64 720/1600/64
f 653/1450/3 649/1442/3 710/1580/3 713/1586/3
f 658/1460/2 657/1457/2 709/1577/2 719/1598/2
f 668/1479/63 667/1477/63 703/1565/63 701/1561/63
f 698/1555/64 664/1471/64 669/1481/64 707/1573/64
f 697/1553/64 662/1467/64 661/1465/64 704/1567/64
f 674/1491/65 675/1494/65 676/1497/65 673/1489/65
f 678/1501/66 674/1492/66 673/1490/66 677/1499/66
f 680/1506/67 678/1502/67 677/1500/67 679/1504/67
f 675/1495/68 680/1507/68 679/1505/68 676/1498/68
f 678/1503/2 680/1508/2 675/1496/2 674/1493/2
f 682/1512/69 683/1515/69 684/1517/69 681/1509/69
f 685/1519/68 686/1522/68 683/1516/68 682/1513/68
f 687/1524/67 688/1527/67 686/1523/67 685/1520/67
f 681/1510/66 684/1518/66 688/1528/66 687/1525/66
f 685/1521/2 682/1514/2 681/1511/2 687/1526/2
f 690/1532/69 691/1535/69 692/1538/69 689/1529/69
f 694/1544/70 690/1533/70 689/1530/70 693/1541/70
f 696/1550/67 694/1545/67 693/1542/67 695/1547/67
f 691/1536/68 696/1551/68 695/1548/68 692/1539/68
f 694/1546/2 696/1552/2 691/1537/2 690/1534/2
f 689/1531/3 692/1540/3 695/1549/3 693/1543/3
f 670/1483/2 699/1557/2 703/1566/2 667/1478/2
f 666/1475/3 702/1563/3 705/1569/3 663/1469/3
f 665/1473/63 706/1571/63 702/1564/63 666/1476/63
f 663/1470/63 705/1570/63 699/1558/63 670/1484/63
f 672/1487/2 700/1559/2 707/1574/2 669/1482/2
f 664/1472/3 698/1556/3 704/1568/3 661/1466/3
f 668/1480/3 701/1562/3 708/1575/3 671/1485/3
f 697/1554/2 706/1572/2 665/1474/2 662/1468/2
f 708/1576/64 700/1560/64 672/1488/64 671/1486/64
f 718/1596/63 711/1582/63 651/1446/63 650/1444/63
f 717/1594/63 714/1588/63 659/1462/63 652/1448/63
f 656/1456/64 715/1590/64 709/1578/64 657/1458/64
f 784/1743/71 727/1613/71 732/1623/71 788/1751/71
f 790/1755/2 722/1603/2 726/1611/2 792/1759/2
f 728/1615/3 727/1614/3 784/1744/3 787/1749/3
f 724/1607/3 723/1605/3 783/1741/3 789/1753/3
f 732/1624/2 731/1621/2 786/1747/2 788/1752/2
f 721/1601/72 730/1619/72 791/1757/72 782/1739/72
f 726/1612/72 725/1609/72 785/1745/72 792/1760/72
f 725/1610/3 721/1602/3 782/1740/3 785/1746/3
f 730/1620/2 729/1617/2 781/1737/2 791/1758/2
f 740/1639/71 739/1637/71 775/1725/71 773/1721/71
f 770/1715/72 736/1631/72 741/1641/72 779/1733/72
f 769/1713/72 734/1627/72 733/1625/72 776/1727/72
f 746/1651/73 747/1654/73 748/1657/73 745/1649/73
f 750/1661/74 746/1652/74 745/1650/74 749/1659/74
f 752/1666/75 750/1662/75 749/1660/75 751/1664/75
f 747/1655/76 752/1667/76 751/1665/76 748/1658/76
f 750/1663/2 752/1668/2 747/1656/2 746/1653/2
f 754/1672/77 755/1675/77 756/1677/77 753/1669/77
f 757/1679/76 758/1682/76 755/1676/76 754/1673/76
f 759/1684/78 760/1687/78 758/1683/78 757/1680/78
f 753/1670/74 756/1678/74 760/1688/74 759/1685/74
f 757/1681/2 754/1674/2 753/1671/2 759/1686/2
f 762/1692/77 763/1695/77 764/1698/77 761/1689/77
f 766/1704/74 762/1693/74 761/1690/74 765/1701/74
f 768/1710/78 766/1705/78 765/1702/78 767/1707/78
f 763/1696/76 768/1711/76 767/1708/76 764/1699/76
f 766/1706/2 768/1712/2 763/1697/2 762/1694/2
f 761/1691/3 764/1700/3 767/1709/3 765/1703/3
f 742/1643/2 771/1717/2 775/1726/2 739/1638/2
f 738/1635/3 774/1723/3 777/1729/3 735/1629/3
f 737/1633/71 778/1731/71 774/1724/71 738/1636/71
f 735/1630/71 777/1730/71 771/1718/71 742/1644/71
f 744/1647/2 772/1719/2 779/1734/2 741/1642/2
f 736/1632/3 770/1716/3 776/1728/3 733/1626/3
f 740/1640/3 773/1722/3 780/1735/3 743/1645/3
f 769/1714/2 778/1732/2 737/1634/2 734/1628/2
f 780/1736/72 772/1720/72 744/1648/72 743/1646/72
f 790/1756/71 783/1742/71 723/1606/71 722/1604/71
f 789/1754/71 786/1748/71 731/1622/71 724/1608/71
f 728/1616/72 787/1750/72 781/1738/72 729/1618/72
f 856/1903/79 799/1773/79 804/1783/79 860/1911/79
f 862/1915/2 794/1763/2 798/1771/2 864/1919/2
f 800/1775/3 799/1774/3 856/1904/3 859/1909/3
f 796/1767/3 795/1765/3 855/1901/3 861/1913/3
f 804/1784/2 803/1781/2 858/1907/2 860/1912/2
f 793/1761/80 802/1779/80 863/1917/80 854/1899/80
f 798/1772/80 797/1769/80 857/1905/80 864/1920/80
f 797/1770/3 793/1762/3 854/1900/3 857/1906/3
f 802/1780/2 801/1777/2 853/1897/2 863/1918/2
f 812/1799/79 811/1797/79 847/1885/79 845/1881/79
f 842/1875/80 808/1791/80 813/1801/80 851/1893/80
f 841/1873/80 806/1787/80 805/1785/80 848/1887/80
f 818/1811/81 819/1814/81 820/1817/81 817/1809/81
f 822/1821/82 818/1812/82 817/1810/82 821/1819/82
f 824/1826/83 822/1822/83 821/1820/83 823/1824/83
f 819/1815/84 824/1827/84 823/1825/84 820/1818/84
f 822/1823/2 824/1828/2 819/1816/2 818/1813/2
f 826/1832/85 827/1835/85 828/1837/85 825/1829/85
f 829/1839/84 830/1842/84 827/1836/84 826/1833/84
f 831/1844/86 832/1847/86 830/1843/86 829/1840/86
f 825/1830/82 828/1838/82 832/1848/82 831/1845/82
f 829/1841/2 826/1834/2 825/1831/2 831/1846/2
f 834/1852/85 835/1855/85 836/1858/85 833/1849/85
f 838/1864/82 834/1853/82 833/1850/82 837/1861/82
f 840/1870/83 838/1865/83 837/1862/83 839/1867/83
f 835/1856/84 840/1871/84 839/1868/84 836/1859/84
f 838/1866/2 840/1872/2 835/1857/2 834/1854/2
f 833/1851/3 836/1860/3 839/1869/3 837/1863/3
f 814/1803/2 843/1877/2 847/1886/2 811/1798/2
f 810/1795/3 846/1883/3 849/1889/3 807/1789/3
f 809/1793/79 850/1891/79 846/1884/79 810/1796/79
f 807/1790/79 849/1890/79 843/1878/79 814/1804/79
f 816/1807/2 844/1879/2 851/1894/2 813/1802/2
f 808/1792/3 842/1876/3 848/1888/3 805/1786/3
f 812/1800/3 845/1882/3 852/1895/3 815/1805/3
f 841/1874/2 850/1892/2 809/1794/2 806/1788/2
f 852/1896/80 844/1880/80 816/1808/80 815/1806/80
f 862/1916/79 855/1902/79 795/1766/79 794/1764/79
f 861/1914/79 858/1908/79 803/1782/79 796/1768/79
f 800/1776/80 859/1910/80 853/1898/80 801/1778/80
f 928/2063/87 871/1933/87 876/1943/87 932/2071/87
f 934/2075/2 866/1923/2 870/1931/2 936/2079/2
f 872/1935/3 871/1934/3 928/2064/3 931/2069/3
f 868/1927/3 867/1925/3 927/2061/3 933/2073/3
f 876/1944/2 875/1941/2 930/2067/2 932/2072/2
f 865/1921/88 874/1939/88 935/2077/88 926/2059/88
f 870/1932/89 869/1929/89 929/2065/89 936/2080/89
f 869/1930/3 865/1922/3 926/2060/3 929/2066/3
f 874/1940/2 873/1937/2 925/2057/2 935/2078/2
f 884/1959/87 883/1957/87 919/2045/87 917/2041/87
f 914/2035/88 880/1951/88 885/1961/88 923/2053/88
f 913/2033/88 878/1947/88 877/1945/88 920/2047/88
f 890/1971/90 891/1974/90 892/1977/90 889/1969/90
f 894/1981/91 890/1972/91 889/1970/91 893/1979/91
f 896/1986/92 894/1982/92 893/1980/92 895/1984/92
f 891/1975/93 896/1987/93 895/1985/93 892/1978/93
f 894/1983/2 896/1988/2 891/1976/2 890/1973/2
f 898/1992/90 899/1995/90 900/1997/90 897/1989/90
f 901/1999/93 902/2002/93 899/1996/93 898/1993/93
f 903/2004/92 904/2007/92 902/2003/92 901/2000/92
f 897/1990/94 900/1998/94 904/2008/94 903/2005/94
f 901/2001/2 898/1994/2 897/1991/2 903/2006/2
f 906/2012/90 907/2015/90 908/2018/90 905/2009/90
f 910/2024/94 906/2013/94 905/2010/94 909/2021/94
f 912/2030/92 910/2025/92 909/2022/92 911/2027/92
f 907/2016/95 912/2031/95 911/2028/95 908/2019/95
f 910/2026/2 912/2032/2 907/2017/2 906/2014/2
f 905/2011/3 908/2020/3 911/2029/3 909/2023/3
f 886/1963/2 915/2037/2 919/2046/2 883/1958/2
f 882/1955/3 918/2043/3 921/2049/3 879/1949/3
f 881/1953/87 922/2051/87 918/2044/87 882/1956/87
f 879/1950/87 921/2050/87 915/2038/87 886/1964/87
f 888/1967/2 916/2039/2 923/2054/2 885/1962/2
f 880/1952/3 914/2036/3 920/2048/3 877/1946/3
f 884/1960/3 917/2042/3 924/2055/3 887/1965/3
f 913/2034/2 922/2052/2 881/1954/2 878/1948/2
f 924/2056/88 916/2040/88 888/1968/88 887/1966/88
f 934/2076/87 927/2062/87 867/1926/87 866/1924/87
f 933/2074/87 930/2068/87 875/1942/87 868/1928/87
f 872/1936/88 931/2070/88 925/2058/88 873/1938/88
f 1000/2223/96 943/2093/96 948/2103/96 1004/2231/96
f 1006/2235/2 938/2083/2 942/2091/2 1008/2239/2
f 944/2095/3 943/2094/3 1000/2224/3 1003/2229/3
f 940/2087/3 939/2085/3 999/2221/3 1005/2233/3
f 948/2104/2 947/2101/2 1002/2227/2 1004/2232/2
f 937/2081/97 946/2099/97 1007/2237/97 998/2219/97
f 942/2092/97 941/2089/97 1001/2225/97 1008/2240/97
f 941/2090/3 937/2082/3 998/2220/3 1001/2226/3
f 946/2100/2 945/2097/2 997/2217/2 1007/2238/2
f 956/2119/98 955/2117/98 991/2205/98 989/2201/98
f 986/2195/97 952/2111/97 957/2121/97 995/2213/97
f 985/2193/97 950/2107/97 949/2105/97 992/2207/97
f 962/2131/99 963/2134/99 964/2137/99 961/2129/99
f 966/2141/100 962/2132/100 961/2130/100 965/2139/100
f 968/2146/101 966/2142/101 965/2140/101 967/2144/101
f 963/2135/102 968/2147/102 967/2145/102 964/2138/102
f 966/2143/2 968/2148/2 963/2136/2 962/2133/2
f 970/2152/99 971/2155/99 972/2157/99 969/2149/99
f 973/2159/103 974/2162/103 971/2156/103 970/2153/103
f 975/2164/101 976/2167/101 974/2163/101 973/2160/101
f 969/2150/104 972/2158/104 976/2168/104 975/2165/104
f 973/2161/2 970/2154/2 969/2151/2 975/2166/2
f 978/2172/105 979/2175/105 980/2178/105 977/2169/105
f 982/2184/100 978/2173/100 977/2170/100 981/2181/100
f 984/2190/101 982/2185/101 981/2182/101 983/2187/101
f 979/2176/102 984/2191/102 983/2188/102 980/2179/102
f 982/2186/2 984/2192/2 979/2177/2 978/2174/2
f 977/2171/3 980/2180/3 983/2189/3 981/2183/3
f 958/2123/2 987/2197/2 991/2206/2 955/2118/2
f 954/2115/3 990/2203/3 993/2209/3 951/2109/3
f 953/2113/98 994/2211/98 990/2204/98 954/2116/98
f 951/2110/98 993/2210/98 987/2198/98 958/2124/98
f 960/2127/2 988/2199/2 995/2214/2 957/2122/2
f 952/2112/3 986/2196/3 992/2208/3 949/2106/3
f 956/2120/3 989/2202/3 996/2215/3 959/2125/3
f 985/2194/2 994/2212/2 953/2114/2 950/2108/2
f 996/2216/106 988/2200/106 960/2128/106 959/2126/106
f 1006/2236/96 999/2222/96 939/2086/96 938/2084/96
f 1005/2234/96 1002/2228/96 947/2102/96 940/2088/96
f 944/2096/106 1003/2230/106 997/2218/106 945/2098/106
f 1072/2383/107 1015/2253/107 1020/2263/107 1076/2391/107
f 1078/2395/2 1010/2243/2 1014/2251/2 1080/2399/2
f 1016/2255/3 1015/2254/3 1072/2384/3 1075/2389/3
f 1012/2247/3 1011/2245/3 1071/2381/3 1077/2393/3
f 1020/2264/2 1019/2261/2 1074/2387/2 1076/2392/2
f 1009/2241/108 1018/2259/108 1079/2397/108 1070/2379/108
f 1014/2252/108 1013/2249/108 1073/2385/108 1080/2400/108
f 1013/2250/3 1009/2242/3 1070/2380/3 1073/2386/3
f 1018/2260/2 1017/2257/2 1069/2377/2 1079/2398/2
f 1028/2279/107 1027/2277/107 1063/2365/107 1061/2361/107
f 1058/2355/108 1024/2271/108 1029/2281/108 1067/2373/108
f 1057/2353/108 1022/2267/108 1021/2265/108 1064/2367/108
f 1034/2291/109 1035/2294/109 1036/2297/109 1033/2289/109
f 1038/2301/110 1034/2292/110 1033/2290/110 1037/2299/110
f 1040/2306/111 1038/2302/111 1037/2300/111 1039/2304/111
f 1035/2295/112 1040/2307/112 1039/2305/112 1036/2298/112
f 1038/2303/2 1040/2308/2 1035/2296/2 1034/2293/2
f 1042/2312/113 1043/2315/113 1044/2317/113 1041/2309/113
f 1045/2319/112 1046/2322/112 1043/2316/112 1042/2313/112
f 1047/2324/114 1048/2327/114 1046/2323/114 1045/2320/114
f 1041/2310/115 1044/2318/115 1048/2328/115 1047/2325/115
f 1045/2321/2 1042/2314/2 1041/2311/2 1047/2326/2
f 1050/2332/109 1051/2335/109 1052/2338/109 1049/2329/109
f 1054/2344/110 1050/2333/110 1049/2330/110 1053/2341/110
f 1056/2350/114 1054/2345/114 1053/2342/114 1055/2347/114
f 1051/2336/112 1056/2351/112 1055/2348/112 1052/2339/112
f 1054/2346/2 1056/2352/2 1051/2337/2 1050/2334/2
f 1049/2331/3 1052/2340/3 1055/2349/3 1053/2343/3
f 1030/2283/2 1059/2357/2 1063/2366/2 1027/2278/2
f 1026/2275/3 1062/2363/3 1065/2369/3 1023/2269/3
f 1025/2273/107 1066/2371/107 1062/2364/107 1026/2276/107
f 1023/2270/107 1065/2370/107 1059/2358/107 1030/2284/107
f 1032/2287/2 1060/2359/2 1067/2374/2 1029/2282/2
f 1024/2272/3 1058/2356/3 1064/2368/3 1021/2266/3
f 1028/2280/3 1061/2362/3 1068/2375/3 1031/2285/3
f 1057/2354/2 1066/2372/2 1025/2274/2 1022/2268/2
f 1068/2376/108 1060/2360/108 1032/2288/108 1031/2286/108
f 1078/2396/107 1071/2382/107 1011/2246/107 1010/2244/107
f 1077/2394/107 1074/2388/107 1019/2262/107 1012/2248/107
f 1016/2256/108 1075/2390/108 1069/2378/108 1017/2258/108
f 1144/2543/116 1087/2413/116 1092/2423/116 1148/2551/116
f 1150/2555/2 1082/2403/2 1086/2411/2 1152/2559/2
f 1088/2415/3 1087/2414/3 1144/2544/3 1147/2549/3
f 1084/2407/3 1083/2405/3 1143/2541/3 1149/2553/3
f 1092/2424/2 1091/2421/2 1146/2547/2 1148/2552/2
f 1081/2401/117 1090/2419/117 1151/2557/117 1142/2539/117
f 1086/2412/117 1085/2409/117 1145/2545/117 1152/2560/117
f 1085/2410/3 1081/2402/3 1142/2540/3 1145/2546/3
f 1090/2420/2 1089/2417/2 1141/2537/2 1151/2558/2
f 1100/2439/116 1099/2437/116 1135/2525/116 1133/2521/116
f 1130/2515/117 1096/2431/117 1101/2441/117 1139/2533/117
f 1129/2513/117 1094/2427/117 1093/2425/117 1136/2527/117
f 1106/2451/118 1107/2454/118 1108/2457/118 1105/2449/118
f 1110/2461/119 1106/2452/119 1105/2450/119 1109/2459/119
f 1112/2466/120 1110/2462/120 1109/2460/120 1111/2464/120
f 1107/2455/121 1112/2467/121 1111/2465/121 1108/2458/121
f 1110/2463/2 1112/2468/2 1107/2456/2 1106/2453/2
f 1114/2472/118 1115/2475/118 1116/2477/118 1113/2469/118
f 1117/2479/121 1118/2482/121 1115/2476/121 1114/2473/121
f 1119/2484/122 1120/2487/122 1118/2483/122 1117/2480/122
f 1113/2470/123 1116/2478/123 1120/2488/123 1119/2485/123
f 1117/2481/2 1114/2474/2 1113/2471/2 1119/2486/2
f 1122/2492/124 1123/2495/124 1124/2498/124 1121/2489/124
f 1126/2504/119 1122/2493/119 1121/2490/119 1125/2501/119
f 1128/2510/122 1126/2505/122 1125/2502/122 1127/2507/122
f 1123/2496/125 1128/2511/125 1127/2508/125 1124/2499/125
f 1126/2506/2 1128/2512/2 1123/2497/2 1122/2494/2
f 1121/2491/3 1124/2500/3 1127/2509/3 1125/2503/3
f 1102/2443/2 1131/2517/2 1135/2526/2 1099/2438/2
f 1098/2435/3 1134/2523/3 1137/2529/3 1095/2429/3
f 1097/2433/116 1138/2531/116 1134/2524/116 1098/2436/116
f 1095/2430/116 1137/2530/116 1131/2518/116 1102/2444/116
f 1104/2447/2 1132/2519/2 1139/2534/2 1101/2442/2
f 1096/2432/3 1130/2516/3 1136/2528/3 1093/2426/3
f 1100/2440/3 1133/2522/3 1140/2535/3 1103/2445/3
f 1129/2514/2 1138/2532/2 1097/2434/2 1094/2428/2
f 1140/2536/117 1132/2520/117 1104/2448/117 1103/2446/117
f 1150/2556/116 1143/2542/116 1083/2406/116 1082/2404/116
f 1149/2554/116 1146/2548/116 1091/2422/116 1084/2408/116
f 1088/2416/117 1147/2550/117 1141/2538/117 1089/2418/117
f 1216/2703/126 1159/2573/126 1164/2583/126 1220/2711/126
f 1222/2715/2 1154/2563/2 1158/2571/2 1224/2719/2
f 1160/2575/3 1159/2574/3 1216/2704/3 1219/2709/3
f 1156/2567/3 1155/2565/3 1215/2701/3 1221/2713/3
f 1164/2584/2 1163/2581/2 1218/2707/2 1220/2712/2
f 1153/2561/127 1162/2579/127 1223/2717/127 1214/2699/127
f 1158/2572/127 1157/2569/127 1217/2705/127 1224/2720/127
f 1157/2570/3 1153/2562/3 1214/2700/3 1217/2706/3
f 1162/2580/2 1161/2577/2 1213/2697/2 1223/2718/2
f 1172/2599/126 1171/2597/126 1207/2685/126 1205/2681/126
f 1202/2675/127 1168/2591/127 1173/2601/127 1211/2693/127
f 1201/2673/127 1166/2587/127 1165/2585/127 1208/2687/127
f 1178/2611/128 1179/2614/128 1180/2617/128 1177/2609/128
f 1182/2621/129 1178/2612/129 1177/2610/129 1181/2619/129
f 1184/2626/130 1182/2622/130 1181/2620/130 1183/2624/130
f 1179/2615/131 1184/2627/131 1183/2625/131 1180/2618/131
f 1182/2623/2 1184/2628/2 1179/2616/2 1178/2613/2
f 1186/2632/128 1187/2635/128 1188/2637/128 1185/2629/128
f 1189/2639/131 1190/2642/131 1187/2636/131 1186/2633/131
f 1191/2644/130 1192/2647/130 1190/2643/130 1189/2640/130
f 1185/2630/129 1188/2638/129 1192/2648/129 1191/2645/129
f 1189/2641/2 1186/2634/2 1185/2631/2 1191/2646/2
f 1194/2652/128 1195/2655/128 1196/2658/128 1193/2649/128
f 1198/2664/129 1194/2653/129 1193/2650/129 1197/2661/129
f 1200/2670/130 1198/2665/130 1197/2662/130 1199/2667/130
f 1195/2656/131 1200/2671/131 1199/2668/131 1196/2659/131
f 1198/2666/2 1200/2672/2 1195/2657/2 1194/2654/2
f 1193/2651/3 1196/2660/3 1199/2669/3 1197/2663/3
f 1174/2603/2 1203/2677/2 1207/2686/2 1171/2598/2
f 1170/2595/3 1206/2683/3 1209/2689/3 1167/2589/3
f 1169/2593/126 1210/2691/126 1206/2684/126 1170/2596/126
f 1167/2590/126 1209/2690/126 1203/2678/126 1174/2604/126
f 1176/2607/2 1204/2679/2 1211/2694/2 1173/2602/2
f 1168/2592/3 1202/2676/3 1208/2688/3 1165/2586/3
f 1172/2600/3 1205/2682/3 1212/2695/3 1175/2605/3
f 1201/2674/2 1210/2692/2 1169/2594/2 1166/2588/2
f 1212/2696/127 1204/2680/127 1176/2608/127 1175/2606/127
f 1222/2716/126 1215/2702/126 1155/2566/126 1154/2564/126
f 1221/2714/126 1218/2708/126 1163/2582/126 1156/2568/126
f 1160/2576/127 1219/2710/127 1213/2698/127 1161/2578/127
f 1288/2863/132 1231/2733/132 1236/2743/132 1292/2871/132
f 1294/2875/2 1226/2723/2 1230/2731/2 1296/2879/2
f 1232/2735/3 1231/2734/3 1288/2864/3 1291/2869/3
f 1228/2727/3 1227/2725/3 1287/2861/3 1293/2873/3
f 1236/2744/2 1235/2741/2 1290/2867/2 1292/2872/2
f 1225/2721/133 1234/2739/133 1295/2877/133 1286/2859/133
f 1230/2732/133 1229/2729/133 1289/2865/133 1296/2880/133
f 1229/2730/3 1225/2722/3 1286/2860/3 1289/2866/3
f 1234/2740/2 1233/2737/2 1285/2857/2 1295/2878/2
f 1244/2759/132 1243/2757/132 1279/2845/132 1277/2841/132
f 1274/2835/133 1240/2751/133 1245/2761/133 1283/2853/133
f 1273/2833/133 1238/2747/133 1237/2745/133 1280/2847/133
f 1250/2771/134 1251/2774/134 1252/2777/134 1249/2769/134
f 1254/2781/135 1250/2772/135 1249/2770/135 1253/2779/135
f 1256/2786/136 1254/2782/136 1253/2780/136 1255/2784/136
f 1251/2775/137 1256/2787/137 1255/2785/137 1252/2778/137
f 1254/2783/2 1256/2788/2 1251/2776/2 1250/2773/2
f 1258/2792/134 1259/2795/134 1260/2797/134 1257/2789/134
f 1261/2799/137 1262/2802/137 1259/2796/137 1258/2793/137
f 1263/2804/136 1264/2807/136 1262/2803/136 1261/2800/136
f 1257/2790/135 1260/2798/135 1264/2808/135 1263/2805/135
f 1261/2801/2 1258/2794/2 1257/2791/2 1263/2806/2
f 1266/2812/134 1267/2815/134 1268/2818/134 1265/2809/134
f 1270/2824/135 1266/2813/135 1265/2810/135 1269/2821/135
f 1272/2830/136 1270/2825/136 1269/2822/136 1271/2827/136
f 1267/2816/138 1272/2831/138 1271/2828/138 1268/2819/138
f 1270/2826/2 1272/2832/2 1267/2817/2 1266/2814/2
f 1265/2811/3 1268/2820/3 1271/2829/3 1269/2823/3
f 1246/2763/2 1275/2837/2 1279/2846/2 1243/2758/2
f 1242/2755/3 1278/2843/3 1281/2849/3 1239/2749/3
f 1241/2753/132 1282/2851/132 1278/2844/132 1242/2756/132
f 1239/2750/132 1281/2850/132 1275/2838/132 1246/2764/132
f 1248/2767/2 1276/2839/2 1283/2854/2 1245/2762/2
f 1240/2752/3 1274/2836/3 1280/2848/3 1237/2746/3
f 1244/2760/3 1277/2842/3 1284/2855/3 1247/2765/3
f 1273/2834/2 1282/2852/2 1241/2754/2 1238/2748/2
f 1284/2856/133 1276/2840/133 1248/2768/133 1247/2766/133
f 1294/2876/132 1287/2862/132 1227/2726/132 1226/2724/132
f 1293/2874/132 1290/2868/132 1235/2742/132 1228/2728/132
f 1232/2736/133 1291/2870/133 1285/2858/133 1233/2738/133
f 1360/3023/139 1303/2893/139 1308/2903/139 1364/3031/139
f 1366/3035/2 1298/2883/2 1302/2891/2 1368/3039/2
f 1304/2895/3 1303/2894/3 1360/3024/3 1363/3029/3
f 1300/2887/3 1299/2885/3 1359/3021/3 1365/3033/3
f 1308/2904/2 1307/2901/2 1362/3027/2 1364/3032/2
f 1297/2881/140 1306/2899/140 1367/3037/140 1358/3019/140
f 1302/2892/140 1301/2889/140 1361/3025/140 1368/3040/140
f 1301/2890/3 1297/2882/3 1358/3020/3 1361/3026/3
f 1306/2900/2 1305/2897/2 1357/3017/2 1367/3038/2
f 1316/2919/139 1315/2917/139 1351/3005/139 1349/3001/139
f 1346/2995/140 1312/2911/140 1317/2921/140 1355/3013/140
f 1345/2993/140 1310/2907/140 1309/2905/140 1352/3007/140
f 1322/2931/141 1323/2934/141 1324/2937/141 1321/2929/141
f 1326/2941/142 1322/2932/142 1321/2930/142 1325/2939/142
f 1328/2946/143 1326/2942/143 1325/2940/143 1327/2944/143
f 1323/2935/144 1328/2947/144 1327/2945/144 1324/2938/144
f 1326/2943/2 1328/2948/2 1323/2936/2 1322/2933/2
f 1330/2952/145 1331/2955/145 1332/2957/145 1329/2949/145
f 1333/2959/146 1334/2962/146 1331/2956/146 1330/2953/146
f 1335/2964/147 1336/2967/147 1334/2963/147 1333/2960/147
f 1329/2950/142 1332/2958/142 1336/2968/142 1335/2965/142
f 1333/2961/2 1330/2954/2 1329/2951/2 1335/2966/2
f 1338/2972/145 1339/2975/145 1340/2978/145 1337/2969/145
f 1342/2984/142 1338/2973/142 1337/2970/142 1341/2981/142
f 1344/2990/143 1342/2985/143 1341/2982/143 1343/2987/143
f 1339/2976/146 1344/2991/146 1343/2988/146 1340/2979/146
f 1342/2986/2 1344/2992/2 1339/2977/2 1338/2974/2
f 1337/2971/3 1340/2980/3 1343/2989/3 1341/2983/3
f 1318/2923/2 1347/2997/2 1351/3006/2 1315/2918/2
f 1314/2915/3 1350/3003/3 1353/3009/3 1311/2909/3
f 1313/2913/139 1354/3011/139 1350/3004/139 1314/2916/139
f 1311/2910/139 1353/3010/139 1347/2998/139 1318/2924/139
f 1320/2927/2 1348/2999/2 1355/3014/2 1317/2922/2
f 1312/2912/3 1346/2996/3 1352/3008/3 1309/2906/3
f 1316/2920/3 1349/3002/3 1356/3015/3 1319/2925/3
f 1345/2994/2 1354/3012/2 1313/2914/2 1310/2908/2
f 1356/3016/140 1348/3000/140 1320/2928/140 1319/2926/140
f 1366/3036/139 1359/3022/139 1299/2886/139 1298/2884/139
f 1365/3034/139 1362/3028/139 1307/2902/139 1300/2888/139
f 1304/2896/140 1363/3030/140 1357/3018/140 1305/2898/140
f 1432/3183/148 1375/3053/148 1380/3063/148 1436/3191/148
f 1438/3195/2 1370/3043/2 1374/3051/2 1440/3199/2
f 1376/3055/3 1375/3054/3 1432/3184/3 1435/3189/3
f 1372/3047/3 1371/3045/3 1431/3181/3 1437/3193/3
f 1380/3064/2 1379/3061/2 1434/3187/2 1436/3192/2
f 1369/3041/149 1378/3059/149 1439/3197/149 1430/3179/149
f 1374/3052/149 1373/3049/149 1433/3185/149 1440/3200/149
f 1373/3050/3 1369/3042/3 1430/3180/3 1433/3186/3
f 1378/3060/2 1377/3057/2 1429/3177/2 1439/3198/2
f 1388/3079/150 1387/3077/150 1423/3165/150 1421/3161/150
f 1418/3155/149 1384/3071/149 1389/3081/149 1427/3173/149
f 1417/3153/149 1382/3067/149 1381/3065/149 1424/3167/149
f 1394/3091/151 1395/3094/151 1396/3097/151 1393/3089/151
f 1398/3101/152 1394/3092/152 1393/3090/152 1397/3099/152
f 1400/3106/153 1398/3102/153 1397/3100/153 1399/3104/153
f 1395/3095/154 1400/3107/154 1399/3105/154 1396/3098/154
f 1398/3103/2 1400/3108/2 1395/3096/2 1394/3093/2
f 1402/3112/151 1403/3115/151 1404/3117/151 1401/3109/151
f 1405/3119/155 1406/3122/155 1403/3116/155 1402/3113/155
f 1407/3124/153 1408/3127/153 1406/3123/153 1405/3120/153
f 1401/3110/152 1404/3118/152 1408/3128/152 1407/3125/152
f 1405/3121/2 1402/3114/2 1401/3111/2 1407/3126/2
f 1410/3132/151 1411/3135/151 1412/3138/151 1409/3129/151
f 1414/3144/152 1410/3133/152 1409/3130/152 1413/3141/152
f 1416/3150/153 1414/3145/153 1413/3142/153 1415/3147/153
f 1411/3136/155 1416/3151/155 1415/3148/155 1412/3139/155
f 1414/3146/2 1416/3152/2 1411/3137/2 1410/3134/2
f 1409/3131/3 1412/3140/3 1415/3149/3 1413/3143/3
f 1390/3083/2 1419/3157/2 1423/3166/2 1387/3078/2
f 1386/3075/3 1422/3163/3 1425/3169/3 1383/3069/3
f 1385/3073/148 1426/3171/148 1422/3164/148 1386/3076/148
f 1383/3070/148 1425/3170/148 1419/3158/148 1390/3084/148
f 1392/3087/2 1420/3159/2 1427/3174/2 1389/3082/2
f 1384/3072/3 1418/3156/3 1424/3168/3 1381/3066/3
f 1388/3080/3 1421/3162/3 1428/3175/3 1391/3085/3
f 1417/3154/2 1426/3172/2 1385/3074/2 1382/3068/2
f 1428/3176/149 1420/3160/149 1392/3088/149 1391/3086/149
f 1438/3196/148 1431/3182/148 1371/3046/148 1370/3044/148
f 1437/3194/148 1434/3188/148 1379/3062/148 1372/3048/148
f 1376/3056/149 1435/3190/149 1429/3178/149 1377/3058/149
f 1504/3343/156 1447/3213/156 1452/3223/156 1508/3351/156
f 1510/3355/2 1442/3203/2 1446/3211/2 1512/3359/2
f 1448/3215/3 1447/3214/3 1504/3344/3 1507/3349/3
f 1444/3207/3 1443/3205/3 1503/3341/3 1509/3353/3
f 1452/3224/2 1451/3221/2 1506/3347/2 1508/3352/2
f 1441/3201/157 1450/3219/157 1511/3357/157 1502/3339/157
f 1446/3212/157 1445/3209/157 1505/3345/157 1512/3360/157
f 1445/3210/3 1441/3202/3 1502/3340/3 1505/3346/3
f 1450/3220/2 1449/3217/2 1501/3337/2 1511/3358/2
f 1460/3239/156 1459/3237/156 1495/3325/156 1493/3321/156
f 1490/3315/157 1456/3231/157 1461/3241/157 1499/3333/157
f 1489/3313/157 1454/3227/157 1453/3225/157 1496/3327/157
f 1466/3251/158 1467/3254/158 1468/3257/158 1465/3249/158
f 1470/3261/159 1466/3252/159 1465/3250/159 1469/3259/159
f 1472/3266/160 1470/3262/160 1469/3260/160 1471/3264/160
f 1467/3255/161 1472/3267/161 1471/3265/161 1468/3258/161
f 1470/3263/2 1472/3268/2 1467/3256/2 1466/3253/2
f 1474/3272/158 1475/3275/158 1476/3277/158 1473/3269/158
f 1477/3279/162 1478/3282/162 1475/3276/162 1474/3273/162
f 1479/3284/160 1480/3287/160 1478/3283/160 1477/3280/160
f 1473/3270/163 1476/3278/163 1480/3288/163 1479/3285/163
f 1477/3281/2 1474/3274/2 1473/3271/2 1479/3286/2
f 1482/3292/158 1483/3295/158 1484/3298/158 1481/3289/158
f 1486/3304/159 1482/3293/159 1481/3290/159 1485/3301/159
f 1488/3310/160 1486/3305/160 1485/3302/160 1487/3307/160
f 1483/3296/161 1488/3311/161 1487/3308/161 1484/3299/161
f 1486/3306/2 1488/3312/2 1483/3297/2 1482/3294/2
f 1481/3291/3 1484/3300/3 1487/3309/3 1485/3303/3
f 1462/3243/2 1491/3317/2 1495/3326/2 1459/3238/2
f 1458/3235/3 1494/3323/3 1497/3329/3 1455/3229/3
f 1457/3233/156 1498/3331/156 1494/3324/156 1458/3236/156
f 1455/3230/156 1497/3330/156 1491/3318/156 1462/3244/156
f 1464/3247/2 1492/3319/2 1499/3334/2 1461/3242/2
f 1456/3232/3 1490/3316/3 1496/3328/3 1453/3226/3
f 1460/3240/3 1493/3322/3 1500/3335/3 1463/3245/3
f 1489/3314/2 1498/3332/2 1457/3234/2 1454/3228/2
f 1500/3336/157 1492/3320/157 1464/3248/157 1463/3246/157
f 1510/3356/156 1503/3342/156 1443/3206/156 1442/3204/156
f 1509/3354/156 1506/3348/156 1451/3222/156 1444/3208/156
f 1448/3216/157 1507/3350/157 1501/3338/157 1449/3218/157
f 1576/3503/164 1519/3373/164 1524/3383/164 1580/3511/164
f 1582/3515/2 1514/3363/2 1518/3371/2 1584/3519/2
f 1520/3375/3 1519/3374/3 1576/3504/3 1579/3509/3
f 1516/3367/3 1515/3365/3 1575/3501/3 1581/3513/3
f 1524/3384/2 1523/3381/2 1578/3507/2 1580/3512/2
f 1513/3361/165 1522/3379/165 1583/3517/165 1574/3499/165
f 1518/3372/165 1517/3369/165 1577/3505/165 1584/3520/165
f 1517/3370/3 1513/3362/3 1574/3500/3 1577/3506/3
f 1522/3380/2 1521/3377/2 1573/3497/2 1583/3518/2
f 1532/3399/164 1531/3397/164 1567/3485/164 1565/3481/164
f 1562/3475/165 1528/3391/165 1533/3401/165 1571/3493/165
f 1561/3473/165 1526/3387/165 1525/3385/165 1568/3487/165
f 1538/3411/166 1539/3414/166 1540/3417/166 1537/3409/166
f 1542/3421/167 1538/3412/167 1537/3410/167 1541/3419/167
f 1544/3426/168 1542/3422/168 1541/3420/168 1543/3424/168
f 1539/3415/169 1544/3427/169 1543/3425/169 1540/3418/169
f 1542/3423/2 1544/3428/2 1539/3416/2 1538/3413/2
f 1546/3432/166 1547/3435/166 1548/3437/166 1545/3429/166
f 1549/3439/170 1550/3442/170 1547/3436/170 1546/3433/170
f 1551/3444/168 1552/3447/168 1550/3443/168 1549/3440/168
f 1545/3430/167 1548/3438/167 1552/3448/167 1551/3445/167
f 1549/3441/2 1546/3434/2 1545/3431/2 1551/3446/2
f 1554/3452/171 1555/3455/171 1556/3458/171 1553/3449/171
f 1558/3464/167 1554/3453/167 1553/3450/167 1557/3461/167
f 1560/3470/172 1558/3465/172 1557/3462/172 1559/3467/172
f 1555/3456/170 1560/3471/170 1559/3468/170 1556/3459/170
f 1558/3466/2 1560/3472/2 1555/3457/2 1554/3454/2
f 1553/3451/3 1556/3460/3 1559/3469/3 1557/3463/3
f 1534/3403/2 1563/3477/2 1567/3486/2 1531/3398/2
f 1530/3395/3 1566/3483/3 1569/3489/3 1527/3389/3
f 1529/3393/164 1570/3491/164 1566/3484/164 1530/3396/164
f 1527/3390/164 1569/3490/164 1563/3478/164 1534/3404/164
f 1536/3407/2 1564/3479/2 1571/3494/2 1533/3402/2
f 1528/3392/3 1562/3476/3 1568/3488/3 1525/3386/3
f 1532/3400/3 1565/3482/3 1572/3495/3 1535/3405/3
f 1561/3474/2 1570/3492/2 1529/3394/2 1526/3388/2
f 1572/3496/165 1564/3480/165 1536/3408/165 1535/3406/165
f 1582/3516/164 1575/3502/164 1515/3366/164 1514/3364/164
f 1581/3514/164 1578/3508/164 1523/3382/164 1516/3368/164
f 1520/3376/165 1579/3510/165 1573/3498/165 1521/3378/165
f 1648/3663/173 1591/3533/173 1596/3543/173 1652/3671/173
f 1654/3675/2 1586/3523/2 1590/3531/2 1656/3679/2
f 1592/3535/3 1591/3534/3 1648/3664/3 1651/3669/3
f 1588/3527/3 1587/3525/3 1647/3661/3 1653/3673/3
f 1596/3544/2 1595/3541/2 1650/3667/2 1652/3672/2
f 1585/3521/174 1594/3539/174 1655/3677/174 1646/3659/174
f 1590/3532/174 1589/3529/174 1649/3665/174 1656/3680/174
f 1589/3530/3 1585/3522/3 1646/3660/3 1649/3666/3
f 1594/3540/2 1593/3537/2 1645/3657/2 1655/3678/2
f 1604/3559/173 1603/3557/173 1639/3645/173 1637/3641/173
f 1634/3635/174 1600/3551/174 1605/3561/174 1643/3653/174
f 1633/3633/174 1598/3547/174 1597/3545/174 1640/3647/174
f 1610/3571/175 1611/3574/175 1612/3577/175 1609/3569/175
f 1614/3581/176 1610/3572/176 1609/3570/176 1613/3579/176
f 1616/3586/177 1614/3582/177 1613/3580/177 1615/3584/177
f 1611/3575/178 1616/3587/178 1615/3585/178 1612/3578/178
f 1614/3583/2 1616/3588/2 1611/3576/2 1610/3573/2
f 1618/3592/179 1619/3595/179 1620/3597/179 1617/3589/179
f 1621/3599/178 1622/3602/178 1619/3596/178 1618/3593/178
f 1623/3604/180 1624/3607/180 1622/3603/180 1621/3600/180
f 1617/3590/176 1620/3598/176 1624/3608/176 1623/3605/176
f 1621/3601/2 1618/3594/2 1617/3591/2 1623/3606/2
f 1626/3612/181 1627/3615/181 1628/3618/181 1625/3609/181
f 1630/3624/176 1626/3613/176 1625/3610/176 1629/3621/176
f 1632/3630/177 1630/3625/177 1629/3622/177 1631/3627/177
f 1627/3616/178 1632/3631/178 1631/3628/178 1628/3619/178
f 1630/3626/2 1632/3632/2 1627/3617/2 1626/3614/2
f 1625/3611/3 1628/3620/3 1631/3629/3 1629/3623/3
f 1606/3563/2 1635/3637/2 1639/3646/2 1603/3558/2
f 1602/3555/3 1638/3643/3 1641/3649/3 1599/3549/3
f 1601/3553/173 1642/3651/173 1638/3644/173 1602/3556/173
f 1599/3550/173 1641/3650/173 1635/3638/173 1606/3564/173
f 1608/3567/2 1636/3639/2 1643/3654/2 1605/3562/2
f 1600/3552/3 1634/3636/3 1640/3648/3 1597/3546/3
f 1604/3560/3 1637/3642/3 1644/3655/3 1607/3565/3
f 1633/3634/2 1642/3652/2 1601/3554/2 1598/3548/2
f 1644/3656/174 1636/3640/174 1608/3568/174 1607/3566/174
f 1654/3676/173 1647/3662/173 1587/3526/173 1586/3524/173
f 1653/3674/173 1650/3668/173 1595/3542/173 1588/3528/173
f 1592/3536/174 1651/3670/174 1645/3658/174 1593/3538/174
f 1720/3823/182 1663/3693/182 1668/3703/182 1724/3831/182
f 1726/3835/2 1658/3683/2 1662/3691/2 1728/3839/2
f 1664/3695/3 1663/3694/3 1720/3824/3 1723/3829/3
f 1660/3687/3 1659/3685/3 1719/3821/3 1725/3833/3
f 1668/3704/2 1667/3701/2 1722/3827/2 1724/3832/2
f 1657/3681/183 1666/3699/183 1727/3837/183 1718/3819/183
f 1662/3692/183 1661/3689/183 1721/3825/183 1728/3840/183
f 1661/3690/3 1657/3682/3 1718/3820/3 1721/3826/3
f 1666/3700/2 1665/3697/2 1717/3817/2 1727/3838/2
f 1676/3719/182 1675/3717/182 1711/3805/182 1709/3801/182
f 1706/3795/183 1672/3711/183 1677/3721/183 1715/3813/183
f 1705/3793/183 1670/3707/183 1669/3705/183 1712/3807/183
f 1682/3731/184 1683/3734/184 1684/3737/184 1681/3729/184
f 1686/3741/185 1682/3732/185 1681/3730/185 1685/3739/185
f 1688/3746/186 1686/3742/186 1685/3740/186 1687/3744/186
f 1683/3735/187 1688/3747/187 1687/3745/187 1684/3738/187
f 1686/3743/2 1688/3748/2 1683/3736/2 1682/3733/2
f 1690/3752/188 1691/3755/188 1692/3757/188 1689/3749/188
f 1693/3759/187 1694/3762/187 1691/3756/187 1690/3753/187
f 1695/3764/189 1696/3767/189 1694/3763/189 1693/3760/189
f 1689/3750/190 1692/3758/190 1696/3768/190 1695/3765/190
f 1693/3761/2 1690/3754/2 1689/3751/2 1695/3766/2
f 1698/3772/188 1699/3775/188 1700/3778/188 1697/3769/188
f 1702/3784/190 1698/3773/190 1697/3770/190 1701/3781/190
f 1704/3790/186 1702/3785/186 1701/3782/186 1703/3787/186
f 1699/3776/187 1704/3791/187 1703/3788/187 1700/3779/187
f 1702/3786/2 1704/3792/2 1699/3777/2 1698/3774/2
f 1697/3771/3 1700/3780/3 1703/3789/3 1701/3783/3
f 1678/3723/2 1707/3797/2 1711/3806/2 1675/3718/2
f 1674/3715/3 1710/3803/3 1713/3809/3 1671/3709/3
f 1673/3713/182 1714/3811/182 1710/3804/182 1674/3716/182
f 1671/3710/182 1713/3810/182 1707/3798/182 1678/3724/182
f 1680/3727/2 1708/3799/2 1715/3814/2 1677/3722/2
f 1672/3712/3 1706/3796/3 1712/3808/3 1669/3706/3
f 1676/3720/3 1709/3802/3 1716/3815/3 1679/3725/3
f 1705/3794/2 1714/3812/2 1673/3714/2 1670/3708/2
f 1716/3816/183 1708/3800/183 1680/3728/183 1679/3726/183
f 1726/3836/182 1719/3822/182 1659/3686/182 1658/3684/182
f 1725/3834/182 1722/3828/182 1667/3702/182 1660/3688/182
f 1664/3696/183 1723/3830/183 1717/3818/183 1665/3698/183
f 1792/3983/191 1735/3853/191 1740/3863/191 1796/3991/191
f 1798/3995/2 1730/3843/2 1734/3851/2 1800/3999/2
f 1736/3855/3 1735/3854/3 1792/3984/3 1795/3989/3
f 1732/3847/3 1731/3845/3 1791/3981/3 1797/3993/3
f 1740/3864/2 1739/3861/2 1794/3987/2 1796/3992/2
f 1729/3841/192 1738/3859/192 1799/3997/192 1790/3979/192
f 1734/3852/192 1733/3849/192 1793/3985/192 1800/4000/192
f 1733/3850/3 1729/3842/3 1790/3980/3 1793/3986/3
f 1738/3860/2 1737/3857/2 1789/3977/2 1799/3998/2
f 1748/3879/191 1747/3877/191 1783/3965/191 1781/3961/191
f 1778/3955/192 1744/3871/192 1749/3881/192 1787/3973/192
f 1777/3953/192 1742/3867/192 1741/3865/192 1784/3967/192
f 1754/3891/193 1755/3894/193 1756/3897/193 1753/3889/193
f 1758/3901/194 1754/3892/194 1753/3890/194 1757/3899/194
f 1760/3906/195 1758/3902/195 1757/3900/195 1759/3904/195
f 1755/3895/196 1760/3907/196 1759/3905/196 1756/3898/196
f 1758/3903/2 1760/3908/2 1755/3896/2 1754/3893/2
f 1762/3912/197 1763/3915/197 1764/3917/197 1761/3909/197
f 1765/3919/196 1766/3922/196 1763/3916/196 1762/3913/196
f 1767/3924/198 1768/3927/198 1766/3923/198 1765/3920/198
f 1761/3910/194 1764/3918/194 1768/3928/194 1767/3925/194
f 1765/3921/2 1762/3914/2 1761/3911/2 1767/3926/2
f 1770/3932/197 1771/3935/197 1772/3938/197 1769/3929/197
f 1774/3944/199 1770/3933/199 1769/3930/199 1773/3941/199
f 1776/3950/195 1774/3945/195 1773/3942/195 1775/3947/195
f 1771/3936/200 1776/3951/200 1775/3948/200 1772/3939/200
f 1774/3946/2 1776/3952/2 1771/3937/2 1770/3934/2
f 1769/3931/3 1772/3940/3 1775/3949/3 1773/3943/3
f 1750/3883/2 1779/3957/2 1783/3966/2 1747/3878/2
f 1746/3875/3 1782/3963/3 1785/3969/3 1743/3869/3
f 1745/3873/191 1786/3971/191 1782/3964/191 1746/3876/191
f 1743/3870/191 1785/3970/191 1779/3958/191 1750/3884/191
f 1752/3887/2 1780/3959/2 1787/3974/2 1749/3882/2
f 1744/3872/3 1778/3956/3 1784/3968/3 1741/3866/3
f 1748/3880/3 1781/3962/3 1788/3975/3 1751/3885/3
f 1777/3954/2 1786/3972/2 1745/3874/2 1742/3868/2
f 1788/3976/192 1780/3960/192 1752/3888/192 1751/3886/192
f 1798/3996/191 1791/3982/191 1731/3846/191 1730/3844/191
f 1797/3994/191 1794/3988/191 1739/3862/191 1732/3848/191
f 1736/3856/192 1795/3990/192 1789/3978/192 1737/3858/192
f 1864/4143/201 1807/4013/201 1812/4023/201 1868/4151/201
f 1870/4155/2 1802/4003/2 1806/4011/2 1872/4159/2
f 1808/4015/3 1807/4014/3 1864/4144/3 1867/4149/3
f 1804/4007/3 1803/4005/3 1863/4141/3 1869/4153/3
f 1812/4024/2 1811/4021/2 1866/4147/2 1868/4152/2
f 1801/4001/202 1810/4019/202 1871/4157/202 1862/4139/202
f 1806/4012/202 1805/4009/202 1865/4145/202 1872/4160/202
f 1805/4010/3 1801/4002/3 1862/4140/3 1865/4146/3
f 1810/4020/2 1809/4017/2 1861/4137/2 1871/4158/2
f 1820/4039/201 1819/4037/201 1855/4125/201 1853/4121/201
f 1850/4115/202 1816/4031/202 1821/4041/202 1859/4133/202
f 1849/4113/202 1814/4027/202 1813/4025/202 1856/4127/202
f 1826/4051/203 1827/4054/203 1828/4057/203 1825/4049/203
f 1830/4061/204 1826/4052/204 1825/4050/204 1829/4059/204
f 1832/4066/205 1830/4062/205 1829/4060/205 1831/4064/205
f 1827/4055/206 1832/4067/206 1831/4065/206 1828/4058/206
f 1830/4063/2 1832/4068/2 1827/4056/2 1826/4053/2
f 1834/4072/203 1835/4075/203 1836/4077/203 1833/4069/203
f 1837/4079/207 1838/4082/207 1835/4076/207 1834/4073/207
f 1839/4084/205 1840/4087/205 1838/4083/205 1837/4080/205
f 1833/4070/204 1836/4078/204 1840/4088/204 1839/4085/204
f 1837/4081/2 1834/4074/2 1833/4071/2 1839/4086/2
f 1842/4092/208 1843/4095/208 1844/4098/208 1841/4089/208
f 1846/4104/204 1842/4093/204 1841/4090/204 1845/4101/204
f 1848/4110/205 1846/4105/205 1845/4102/205 1847/4107/205
f 1843/4096/207 1848/4111/207 1847/4108/207 1844/4099/207
f 1846/4106/2 1848/4112/2 1843/4097/2 1842/4094/2
f 1841/4091/3 1844/4100/3 1847/4109/3 1845/4103/3
f 1822/4043/2 1851/4117/2 1855/4126/2 1819/4038/2
f 1818/4035/3 1854/4123/3 1857/4129/3 1815/4029/3
f 1817/4033/201 1858/4131/201 1854/4124/201 1818/4036/201
f 1815/4030/201 1857/4130/201 1851/4118/201 1822/4044/201
f 1824/4047/2 1852/4119/2 1859/4134/2 1821/4042/2
f 1816/4032/3 1850/4116/3 1856/4128/3 1813/4026/3
f 1820/4040/3 1853/4122/3 1860/4135/3 1823/4045/3
f 1849/4114/2 1858/4132/2 1817/4034/2 1814/4028/2
f 1860/4136/202 1852/4120/202 1824/4048/202 1823/4046/202
f 1870/4156/201 1863/4142/201 1803/4006/201 1802/4004/201
f 1869/4154/201 1866/4148/201 1811/4022/201 1804/4008/201
f 1808/4016/202 1867/4150/202 1861/4138/202 1809/4018/202
f 1936/4303/209 1879/4173/209 1884/4183/209 1940/4311/209
f 1942/4315/2 1874/4163/2 1878/4171/2 1944/4319/2
f 1880/4175/3 1879/4174/3 1936/4304/3 1939/4309/3
f 1876/4167/3 1875/4165/3 1935/4301/3 1941/4313/3
f 1884/4184/2 1883/4181/2 1938/4307/2 1940/4312/2
f 1873/4161/210 1882/4179/210 1943/4317/210 1934/4299/210
f 1878/4172/210 1877/4169/210 1937/4305/210 1944/4320/210
f 1877/4170/3 1873/4162/3 1934/4300/3 1937/4306/3
f 1882/4180/2 1881/4177/2 1933/4297/2 1943/4318/2
f 1892/4199/211 1891/4197/211 1927/4285/211 1925/4281/211
f 1922/4275/212 1888/4191/212 1893/4201/212 1931/4293/212
f 1921/4273/210 1886/4187/210 1885/4185/210 1928/4287/210
f 1898/4211/213 1899/4214/213 1900/4217/213 1897/4209/213
f 1902/4221/214 1898/4212/214 1897/4210/214 1901/4219/214
f 1904/4226/215 1902/4222/215 1901/4220/215 1903/4224/215
f 1899/4215/216 1904/4227/216 1903/4225/216 1900/4218/216
f 1902/4223/2 1904/4228/2 1899/4216/2 1898/4213/2
f 1906/4232/213 1907/4235/213 1908/4237/213 1905/4229/213
f 1909/4239/216 1910/4242/216 1907/4236/216 1906/4233/216
f 1911/4244/217 1912/4247/217 1910/4243/217 1909/4240/217
f 1905/4230/214 1908/4238/214 1912/4248/214 1911/4245/214
f 1909/4241/2 1906/4234/2 1905/4231/2 1911/4246/2
f 1914/4252/213 1915/4255/213 1916/4258/213 1913/4249/213
f 1918/4264/214 1914/4253/214 1913/4250/214 1917/4261/214
f 1920/4270/217 1918/4265/217 1917/4262/217 1919/4267/217
f 1915/4256/216 1920/4271/216 1919/4268/216 1916/4259/216
f 1918/4266/2 1920/4272/2 1915/4257/2 1914/4254/2
f 1913/4251/3 1916/4260/3 1919/4269/3 1917/4263/3
f 1894/4203/2 1923/4277/2 1927/4286/2 1891/4198/2
f 1890/4195/3 1926/4283/3 1929/4289/3 1887/4189/3
f 1889/4193/211 1930/4291/211 1926/4284/211 1890/4196/211
f 1887/4190/211 1929/4290/211 1923/4278/211 1894/4204/211
f 1896/4207/2 1924/4279/2 1931/4294/2 1893/4202/2
f 1888/4192/3 1922/4276/3 1928/4288/3 1885/4186/3
f 1892/4200/3 1925/4282/3 1932/4295/3 1895/4205/3
f 1921/4274/2 1930/4292/2 1889/4194/2 1886/4188/2
f 1932/4296/210 1924/4280/210 1896/4208/210 1895/4206/210
f 1942/4316/209 1935/4302/209 1875/4166/209 1874/4164/209
f 1941/4314/209 1938/4308/209 1883/4182/209 1876/4168/209
f 1880/4176/210 1939/4310/210 1933/4298/210 1881/4178/210
f 2008/4463/218 1951/4333/218 1956/4343/218 2012/4471/218
f 2014/4475/2 1946/4323/2 1950/4331/2 2016/4479/2
f 1952/4335/3 1951/4334/3 2008/4464/3 2011/4469/3
f 1948/4327/3 1947/4325/3 2007/4461/3 2013/4473/3
f 1956/4344/2 1955/4341/2 2010/4467/2 2012/4472/2
f 1945/4321/219 1954/4339/219 2015/4477/219 2006/4459/219
f 1950/4332/219 1949/4329/219 2009/4465/219 2016/4480/219
f 1949/4330/3 1945/4322/3 2006/4460/3 2009/4466/3
f 1954/4340/2 1953/4337/2 2005/4457/2 2015/4478/2
f 1964/4359/218 1963/4357/218 1999/4445/218 1997/4441/218
f 1994/4435/219 1960/4351/219 1965/4361/219 2003/4453/219
f 1993/4433/219 1958/4347/219 1957/4345/219 2000/4447/219
f 1970/4371/220 1971/4374/220 1972/4377/220 1969/4369/220
f 1974/4381/221 1970/4372/221 1969/4370/221 1973/4379/221
f 1976/4386/222 1974/4382/222 1973/4380/222 1975/4384/222
f 1971/4375/223 1976/4387/223 1975/4385/223 1972/4378/223
f 1974/4383/2 1976/4388/2 1971/4376/2 1970/4373/2
f 1978/4392/224 1979/4395/224 1980/4397/224 1977/4389/224
f 1981/4399/225 1982/4402/225 1979/4396/225 1978/4393/225
f 1983/4404/222 1984/4407/222 1982/4403/222 1981/4400/222
f 1977/4390/221 1980/4398/221 1984/4408/221 1983/4405/221
f 1981/4401/2 1978/4394/2 1977/4391/2 1983/4406/2
f 1986/4412/226 1987/4415/226 1988/4418/226 1985/4409/226
f 1990/4424/227 1986/4413/227 1985/4410/227 1989/4421/227
f 1992/4430/228 1990/4425/228 1989/4422/228 1991/4427/228
f 1987/4416/225 1992/4431/225 1991/4428/225 1988/4419/225
f 1990/4426/2 1992/4432/2 1987/4417/2 1986/4414/2
f 1985/4411/3 1988/4420/3 1991/4429/3 1989/4423/3
f 1966/4363/2 1995/4437/2 1999/4446/2 1963/4358/2
f 1962/4355/3 1998/4443/3 2001/4449/3 1959/4349/3
f 1961/4353/218 2002/4451/218 1998/4444/218 1962/4356/218
f 1959/4350/218 2001/4450/218 1995/4438/218 1966/4364/218
f 1968/4367/2 1996/4439/2 2003/4454/2 1965/4362/2
f 1960/4352/3 1994/4436/3 2000/4448/3 1957/4346/3
f 1964/4360/3 1997/4442/3 2004/4455/3 1967/4365/3
f 1993/4434/2 2002/4452/2 1961/4354/2 1958/4348/2
f 2004/4456/219 1996/4440/219 1968/4368/219 1967/4366/219
f 2014/4476/218 2007/4462/218 1947/4326/218 1946/4324/218
f 2013/4474/218 2010/4468/218 1955/4342/218 1948/4328/218
f 1952/4336/219 2011/4470/219 2005/4458/219 1953/4338/219
f 2080/4623/229 2023/4493/229 2028/4503/229 2084/4631/229
f 2086/4635/2 2018/4483/2 2022/4491/2 2088/4639/2
f 2024/4495/3 2023/4494/3 2080/4624/3 2083/4629/3
f 2020/4487/3 2019/4485/3 2079/4621/3 2085/4633/3
f 2028/4504/2 2027/4501/2 2082/4627/2 2084/4632/2
f 2017/4481/230 2026/4499/230 2087/4637/230 2078/4619/230
f 2022/4492/230 2021/4489/230 2081/4625/230 2088/4640/230
f 2021/4490/3 2017/4482/3 2078/4620/3 2081/4626/3
f 2026/4500/2 2025/4497/2 2077/4617/2 2087/4638/2
f 2036/4519/231 2035/4517/231 2071/4605/231 2069/4601/231
f 2066/4595/230 2032/4511/230 2037/4521/230 2075/4613/230
f 2065/4593/230 2030/4507/230 2029/4505/230 2072/4607/230
f 2042/4531/232 2043/4534/232 2044/4537/232 2041/4529/232
f 2046/4541/233 2042/4532/233 2041/4530/233 2045/4539/233
f 2048/4546/234 2046/4542/234 2045/4540/234 2047/4544/234
f 2043/4535/235 2048/4547/235 2047/4545/235 2044/4538/235
f 2046/4543/2 2048/4548/2 2043/4536/2 2042/4533/2
f 2050/4552/236 2051/4555/236 2052/4557/236 2049/4549/236
f 2053/4559/237 2054/4562/237 2051/4556/237 2050/4553/237
f 2055/4564/238 2056/4567/238 2054/4563/238 2053/4560/238
f 2049/4550/233 2052/4558/233 2056/4568/233 2055/4565/233
f 2053/4561/2 2050/4554/2 2049/4551/2 2055/4566/2
f 2058/4572/232 2059/4575/232 2060/4578/232 2057/4569/232
f 2062/4584/239 2058/4573/239 2057/4570/239 2061/4581/239
f 2064/4590/234 2062/4585/234 2061/4582/234 2063/4587/234
f 2059/4576/240 2064/4591/240 2063/4588/240 2060/4579/240
f 2062/4586/2 2064/4592/2 2059/4577/2 2058/4574/2
f 2057/4571/3 2060/4580/3 2063/4589/3 2061/4583/3
f 2038/4523/2 2067/4597/2 2071/4606/2 2035/4518/2
f 2034/4515/3 2070/4603/3 2073/4609/3 2031/4509/3
f 2033/4513/231 2074/4611/231 2070/4604/231 2034/4516/231
f 2031/4510/231 2073/4610/231 2067/4598/231 2038/4524/231
f 2040/4527/2 2068/4599/2 2075/4614/2 2037/4522/2
f 2032/4512/3 2066/4596/3 2072/4608/3 2029/4506/3
f 2036/4520/3 2069/4602/3 2076/4615/3 2039/4525/3
f 2065/4594/2 2074/4612/2 2033/4514/2 2030/4508/2
f 2076/4616/230 2068/4600/230 2040/4528/230 2039/4526/230
f 2086/4636/229 2079/4622/229 2019/4486/229 2018/4484/229
f 2085/4634/229 2082/4628/229 2027/4502/229 2020/4488/229
f 2024/4496/230 2083/4630/230 2077/4618/230 2025/4498/230
f 2152/4783/241 2095/4653/241 2100/4663/241 2156/4791/241
f 2158/4795/2 2090/4643/2 2094/4651/2 2160/4799/2
f 2096/4655/3 2095/4654/3 2152/4784/3 2155/4789/3
f 2092/4647/3 2091/4645/3 2151/4781/3 2157/4793/3
f 2100/4664/2 2099/4661/2 2154/4787/2 2156/4792/2
f 2089/4641/242 2098/4659/242 2159/4797/242 2150/4779/242
f 2094/4652/242 2093/4649/242 2153/4785/242 2160/4800/242
f 2093/4650/3 2089/4642/3 2150/4780/3 2153/4786/3
f 2098/4660/2 2097/4657/2 2149/4777/2 2159/4798/2
f 2108/4679/241 2107/4677/241 2143/4765/241 2141/4761/241
f 2138/4755/242 2104/4671/242 2109/4681/242 2147/4773/242
f 2137/4753/242 2102/4667/242 2101/4665/242 2144/4767/242
f 2114/4691/243 2115/4694/243 2116/4697/243 2113/4689/243
f 2118/4701/244 2114/4692/244 2113/4690/244 2117/4699/244
f 2120/4706/245 2118/4702/245 2117/4700/245 2119/4704/245
f 2115/4695/246 2120/4707/246 2119/4705/246 2116/4698/246
f 2118/4703/2 2120/4708/2 2115/4696/2 2114/4693/2
f 2122/4712/243 2123/4715/243 2124/4717/243 2121/4709/243
f 2125/4719/246 2126/4722/246 2123/4716/246 2122/4713/246
f 2127/4724/245 2128/4727/245 2126/4723/245 2125/4720/245
f 2121/4710/247 2124/4718/247 2128/4728/247 2127/4725/247
f 2125/4721/2 2122/4714/2 2121/4711/2 2127/4726/2
f 2130/4732/248 2131/4735/248 2132/4738/248 2129/4729/248
f 2134/4744/247 2130/4733/247 2129/4730/247 2133/4741/247
f 2136/4750/245 2134/4745/245 2133/4742/245 2135/4747/245
f 2131/4736/246 2136/4751/246 2135/4748/246 2132/4739/246
f 2134/4746/2 2136/4752/2 2131/4737/2 2130/4734/2
f 2129/4731/3 2132/4740/3 2135/4749/3 2133/4743/3
f 2110/4683/2 2139/4757/2 2143/4766/2 2107/4678/2
f 2106/4675/3 2142/4763/3 2145/4769/3 2103/4669/3
f 2105/4673/241 2146/4771/241 2142/4764/241 2106/4676/241
f 2103/4670/241 2145/4770/241 2139/4758/241 2110/4684/241
f 2112/4687/2 2140/4759/2 2147/4774/2 2109/4682/2
f 2104/4672/3 2138/4756/3 2144/4768/3 2101/4666/3
f 2108/4680/3 2141/4762/3 2148/4775/3 2111/4685/3
f 2137/4754/2 2146/4772/2 2105/4674/2 2102/4668/2
f 2148/4776/242 2140/4760/242 2112/4688/242 2111/4686/242
f 2158/4796/241 2151/4782/241 2091/4646/241 2090/4644/241
f 2157/4794/241 2154/4788/241 2099/4662/241 2092/4648/241
f 2096/4656/242 2155/4790/242 2149/4778/242 2097/4658/242
f 2224/4943/249 2167/4813/249 2172/4823/249 2228/4951/249
f 2230/4955/2 2162/4803/2 2166/4811/2 2232/4959/2
f 2168/4815/3 2167/4814/3 2224/4944/3 2227/4949/3
f 2164/4807/3 2163/4805/3 2223/4941/3 2229/4953/3
f 2172/4824/2 2171/4821/2 2226/4947/2 2228/4952/2
f 2161/4801/250 2170/4819/250 2231/4957/250 2222/4939/250
f 2166/4812/250 2165/4809/250 2225/4945/250 2232/4960/250
f 2165/4810/3 2161/4802/3 2222/4940/3 2225/4946/3
f 2170/4820/2 2169/4817/2 2221/4937/2 2231/4958/2
f 2180/4839/249 2179/4837/249 2215/4925/249 2213/4921/249
f 2210/4915/250 2176/4831/250 2181/4841/250 2219/4933/250
f 2209/4913/250 2174/4827/250 2173/4825/250 2216/4927/250
f 2186/4851/251 2187/4854/251 2188/4857/251 2185/4849/251
f 2190/4861/252 2186/4852/252 2185/4850/252 2189/4859/252
f 2192/4866/253 2190/4862/253 2189/4860/253 2191/4864/253
f 2187/4855/254 2192/4867/254 2191/4865/254 2188/4858/254
f 2190/4863/2 2192/4868/2 2187/4856/2 2186/4853/2
f 2194/4872/255 2195/4875/255 2196/4877/255 2193/4869/255
f 2197/4879/256 2198/4882/256 2195/4876/256 2194/4873/256
f 2199/4884/253 2200/4887/253 2198/4883/253 2197/4880/253
f 2193/4870/257 2196/4878/257 2200/4888/257 2199/4885/257
f 2197/4881/2 2194/4874/2 2193/4871/2 2199/4886/2
f 2202/4892/251 2203/4895/251 2204/4898/251 2201/4889/251
f 2206/4904/252 2202/4893/252 2201/4890/252 2205/4901/252
f 2208/4910/253 2206/4905/253 2205/4902/253 2207/4907/253
f 2203/4896/254 2208/4911/254 2207/4908/254 2204/4899/254
f 2206/4906/2 2208/4912/2 2203/4897/2 2202/4894/2
f 2201/4891/3 2204/4900/3 2207/4909/3 2205/4903/3
f 2182/4843/2 2211/4917/2 2215/4926/2 2179/4838/2
f 2178/4835/3 2214/4923/3 2217/4929/3 2175/4829/3
f 2177/4833/249 2218/4931/249 2214/4924/249 2178/4836/249
f 2175/4830/249 2217/4930/249 2211/4918/249 2182/4844/249
f 2184/4847/2 2212/4919/2 2219/4934/2 2181/4842/2
f 2176/4832/3 2210/4916/3 2216/4928/3 2173/4826/3
f 2180/4840/3 2213/4922/3 2220/4935/3 2183/4845/3
f 2209/4914/2 2218/4932/2 2177/4834/2 2174/4828/2
f 2220/4936/250 2212/4920/250 2184/4848/250 2183/4846/250
f 2230/4956/249 2223/4942/249 2163/4806/249 2162/4804/249
f 2229/4954/249 2226/4948/249 2171/4822/249 2164/4808/249
f 2168/4816/250 2227/4950/250 2221/4938/250 2169/4818/250
f 2296/5103/258 2239/4973/258 2244/4983/258 2300/5111/258
f 2302/5115/2 2234/4963/2 2238/4971/2 2304/5119/2
f 2240/4975/3 2239/4974/3 2296/5104/3 2299/5109/3
f 2236/4967/3 2235/4965/3 2295/5101/3 2301/5113/3
f 2244/4984/2 2243/4981/2 2298/5107/2 2300/5112/2
f 2233/4961/259 2242/4979/259 2303/5117/259 2294/5099/259
f 2238/4972/259 2237/4969/259 2297/5105/259 2304/5120/259
f 2237/4970/3 2233/4962/3 2294/5100/3 2297/5106/3
f 2242/4980/2 2241/4977/2 2293/5097/2 2303/5118/2
f 2252/4999/258 2251/4997/258 2287/5085/258 2285/5081/258
f 2282/5075/259 2248/4991/259 2253/5001/259 2291/5093/259
f 2281/5073/259 2246/4987/259 2245/4985/259 2288/5087/259
f 2258/5011/260 2259/5014/260 2260/5017/260 2257/5009/260
f 2262/5021/261 2258/5012/261 2257/5010/261 2261/5019/261
f 2264/5026/262 2262/5022/262 2261/5020/262 2263/5024/262
f 2259/5015/263 2264/5027/263 2263/5025/263 2260/5018/263
f 2262/5023/2 2264/5028/2 2259/5016/2 2258/5013/2
f 2266/5032/264 2267/5035/264 2268/5037/264 2265/5029/264
f 2269/5039/263 2270/5042/263 2267/5036/263 2266/5033/263
f 2271/5044/265 2272/5047/265 2270/5043/265 2269/5040/265
f 2265/5030/261 2268/5038/261 2272/5048/261 2271/5045/261
f 2269/5041/2 2266/5034/2 2265/5031/2 2271/5046/2
f 2274/5052/264 2275/5055/264 2276/5058/264 2273/5049/264
f 2278/5064/261 2274/5053/261 2273/5050/261 2277/5061/261
f 2280/5070/262 2278/5065/262 2277/5062/262 2279/5067/262
f 2275/5056/263 2280/5071/263 2279/5068/263 2276/5059/263
f 2278/5066/2 2280/5072/2 2275/5057/2 2274/5054/2
f 2273/5051/3 2276/5060/3 2279/5069/3 2277/5063/3
f 2254/5003/2 2283/5077/2 2287/5086/2 2251/4998/2
f 2250/4995/3 2286/5083/3 2289/5089/3 2247/4989/3
f 2249/4993/258 2290/5091/258 2286/5084/258 2250/4996/258
f 2247/4990/258 2289/5090/258 2283/5078/258 2254/5004/258
f 2256/5007/2 2284/5079/2 2291/5094/2 2253/5002/2
f 2248/4992/3 2282/5076/3 2288/5088/3 2245/4986/3
f 2252/5000/3 2285/5082/3 2292/5095/3 2255/5005/3
f 2281/5074/2 2290/5092/2 2249/4994/2 2246/4988/2
f 2292/5096/259 2284/5080/259 2256/5008/259 2255/5006/259
f 2302/5116/258 2295/5102/258 2235/4966/258 2234/4964/258
f 2301/5114/258 2298/5108/258 2243/4982/258 2236/4968/258
f 2240/4976/259 2299/5110/259 2293/5098/259 2241/4978/259
f 2368/5263/266 2311/5133/266 2316/5143/266 2372/5271/266
f 2374/5275/2 2306/5123/2 2310/5131/2 2376/5279/2
f 2312/5135/3 2311/5134/3 2368/5264/3 2371/5269/3
f 2308/5127/3 2307/5125/3 2367/5261/3 2373/5273/3
f 2316/5144/2 2315/5141/2 2370/5267/2 2372/5272/2
f 2305/5121/267 2314/5139/267 2375/5277/267 2366/5259/267
f 2310/5132/268 2309/5129/268 2369/5265/268 2376/5280/268
f 2309/5130/3 2305/5122/3 2366/5260/3 2369/5266/3
f 2314/5140/2 2313/5137/2 2365/5257/2 2375/5278/2
f 2324/5159/269 2323/5157/269 2359/5245/269 2357/5241/269
f 2354/5235/268 2320/5151/268 2325/5161/268 2363/5253/268
f 2353/5233/267 2318/5147/267 2317/5145/267 2360/5247/267
f 2330/5171/270 2331/5174/270 2332/5177/270 2329/5169/270
f 2334/5181/271 2330/5172/271 2329/5170/271 2333/5179/271
f 2336/5186/272 2334/5182/272 2333/5180/272 2335/5184/272
f 2331/5175/273 2336/5187/273 2335/5185/273 2332/5178/273
f 2334/5183/2 2336/5188/2 2331/5176/2 2330/5173/2
f 2338/5192/270 2339/5195/270 2340/5197/270 2337/5189/270
f 2341/5199/274 2342/5202/274 2339/5196/274 2338/5193/274
f 2343/5204/272 2344/5207/272 2342/5203/272 2341/5200/272
f 2337/5190/271 2340/5198/271 2344/5208/271 2343/5205/271
f 2341/5201/2 2338/5194/2 2337/5191/2 2343/5206/2
f 2346/5212/270 2347/5215/270 2348/5218/270 2345/5209/270
f 2350/5224/271 2346/5213/271 2345/5210/271 2349/5221/271
f 2352/5230/272 2350/5225/272 2349/5222/272 2351/5227/272
f 2347/5216/274 2352/5231/274 2351/5228/274 2348/5219/274
f 2350/5226/2 2352/5232/2 2347/5217/2 2346/5214/2
f 2345/5211/3 2348/5220/3 2351/5229/3 2349/5223/3
f 2326/5163/2 2355/5237/2 2359/5246/2 2323/5158/2
f 2322/5155/3 2358/5243/3 2361/5249/3 2319/5149/3
f 2321/5153/269 2362/5251/269 2358/5244/269 2322/5156/269
f 2319/5150/266 2361/5250/266 2355/5238/266 2326/5164/266
f 2328/5167/2 2356/5239/2 2363/5254/2 2325/5162/2
f 2320/5152/3 2354/5236/3 2360/5248/3 2317/5146/3
f 2324/5160/3 2357/5242/3 2364/5255/3 2327/5165/3
f 2353/5234/2 2362/5252/2 2321/5154/2 2318/5148/2
f 2364/5256/268 2356/5240/268 2328/5168/268 2327/5166/268
f 2374/5276/266 2367/5262/266 2307/5126/266 2306/5124/266
f 2373/5274/266 2370/5268/266 2315/5142/266 2308/5128/266
f 2312/5136/268 2371/5270/268 2365/5258/268 2313/5138/268
f 2440/5423/275 2383/5293/275 2388/5303/275 2444/5431/275
f 2446/5435/2 2378/5283/2 2382/5291/2 2448/5439/2
f 2384/5295/3 2383/5294/3 2440/5424/3 2443/5429/3
f 2380/5287/3 2379/5285/3 2439/5421/3 2445/5433/3
f 2388/5304/2 2387/5301/2 2442/5427/2 2444/5432/2
f 2377/5281/276 2386/5299/276 2447/5437/276 2438/5419/276
f 2382/5292/276 2381/5289/276 2441/5425/276 2448/5440/276
f 2381/5290/3 2377/5282/3 2438/5420/3 2441/5426/3
f 2386/5300/2 2385/5297/2 2437/5417/2 2447/5438/2
f 2396/5319/275 2395/5317/275 2431/5405/275 2429/5401/275
f 2426/5395/276 2392/5311/276 2397/5321/276 2435/5413/276
f 2425/5393/276 2390/5307/276 2389/5305/276 2432/5407/276
f 2402/5331/277 2403/5334/277 2404/5337/277 2401/5329/277
f 2406/5341/278 2402/5332/278 2401/5330/278 2405/5339/278
f 2408/5346/279 2406/5342/279 2405/5340/279 2407/5344/279
f 2403/5335/280 2408/5347/280 2407/5345/280 2404/5338/280
f 2406/5343/2 2408/5348/2 2403/5336/2 2402/5333/2
f 2410/5352/281 2411/5355/281 2412/5357/281 2409/5349/281
f 2413/5359/280 2414/5362/280 2411/5356/280 2410/5353/280
f 2415/5364/279 2416/5367/279 2414/5363/279 2413/5360/279
f 2409/5350/278 2412/5358/278 2416/5368/278 2415/5365/278
f 2413/5361/2 2410/5354/2 2409/5351/2 2415/5366/2
f 2418/5372/277 2419/5375/277 2420/5378/277 2417/5369/277
f 2422/5384/278 2418/5373/278 2417/5370/278 2421/5381/278
f 2424/5390/279 2422/5385/279 2421/5382/279 2423/5387/279
f 2419/5376/280 2424/5391/280 2423/5388/280 2420/5379/280
f 2422/5386/2 2424/5392/2 2419/5377/2 2418/5374/2
f 2417/5371/3 2420/5380/3 2423/5389/3 2421/5383/3
f 2398/5323/2 2427/5397/2 2431/5406/2 2395/5318/2
f 2394/5315/3 2430/5403/3 2433/5409/3 2391/5309/3
f 2393/5313/275 2434/5411/275 2430/5404/275 2394/5316/275
f 2391/5310/275 2433/5410/275 2427/5398/275 2398/5324/275
f 2400/5327/2 2428/5399/2 2435/5414/2 2397/5322/2
f 2392/5312/3 2426/5396/3 2432/5408/3 2389/5306/3
f 2396/5320/3 2429/5402/3 2436/5415/3 2399/5325/3
f 2425/5394/2 2434/5412/2 2393/5314/2 2390/5308/2
f 2436/5416/276 2428/5400/276 2400/5328/276 2399/5326/276
f 2446/5436/275 2439/5422/275 2379/5286/275 2378/5284/275
f 2445/5434/275 2442/5428/275 2387/5302/275 2380/5288/275
f 2384/5296/276 2443/5430/276 2437/5418/276 2385/5298/276
f 2512/5583/282 2455/5453/282 2460/5463/282 2516/5591/282
f 2518/5595/2 2450/5443/2 2454/5451/2 2520/5599/2
f 2456/5455/3 2455/5454/3 2512/5584/3 2515/5589/3
f 2452/5447/3 2451/5445/3 2511/5581/3 2517/5593/3
f 2460/5464/2 2459/5461/2 2514/5587/2 2516/5592/2
f 2449/5441/283 2458/5459/283 2519/5597/283 2510/5579/283
f 2454/5452/283 2453/5449/283 2513/5585/283 2520/5600/283
f 2453/5450/3 2449/5442/3 2510/5580/3 2513/5586/3
f 2458/5460/2 2457/5457/2 2509/5577/2 2519/5598/2
f 2468/5479/282 2467/5477/282 2503/5565/282 2501/5561/282
f 2498/5555/283 2464/5471/283 2469/5481/283 2507/5573/283
f 2497/5553/283 2462/5467/283 2461/5465/283 2504/5567/283
f 2474/5491/284 2475/5494/284 2476/5497/284 2473/5489/284
f 2478/5501/285 2474/5492/285 2473/5490/285 2477/5499/285
f 2480/5506/286 2478/5502/286 2477/5500/286 2479/5504/286
f 2475/5495/287 2480/5507/287 2479/5505/287 2476/5498/287
f 2478/5503/2 2480/5508/2 2475/5496/2 2474/5493/2
f 2482/5512/288 2483/5515/288 2484/5517/288 2481/5509/288
f 2485/5519/289 2486/5522/289 2483/5516/289 2482/5513/289
f 2487/5524/290 2488/5527/290 2486/5523/290 2485/5520/290
f 2481/5510/291 2484/5518/291 2488/5528/291 2487/5525/291
f 2485/5521/2 2482/5514/2 2481/5511/2 2487/5526/2
f 2490/5532/284 2491/5535/284 2492/5538/284 2489/5529/284
f 2494/5544/291 2490/5533/291 2489/5530/291 2493/5541/291
f 2496/5550/286 2494/5545/286 2493/5542/286 2495/5547/286
f 2491/5536/287 2496/5551/287 2495/5548/287 2492/5539/287
f 2494/5546/2 2496/5552/2 2491/5537/2 2490/5534/2
f 2489/5531/3 2492/5540/3 2495/5549/3 2493/5543/3
f 2470/5483/2 2499/5557/2 2503/5566/2 2467/5478/2
f 2466/5475/3 2502/5563/3 2505/5569/3 2463/5469/3
f 2465/5473/282 2506/5571/282 2502/5564/282 2466/5476/282
f 2463/5470/282 2505/5570/282 2499/5558/282 2470/5484/282
f 2472/5487/2 2500/5559/2 2507/5574/2 2469/5482/2
f 2464/5472/3 2498/5556/3 2504/5568/3 2461/5466/3
f 2468/5480/3 2501/5562/3 2508/5575/3 2471/5485/3
f 2497/5554/2 2506/5572/2 2465/5474/2 2462/5468/2
f 2508/5576/283 2500/5560/283 2472/5488/283 2471/5486/283
f 2518/5596/282 2511/5582/282 2451/5446/282 2450/5444/282
f 2517/5594/282 2514/5588/282 2459/5462/282 2452/5448/282
f 2456/5456/283 2515/5590/283 2509/5578/283 2457/5458/283
f 2584/5743/292 2527/5613/292 2532/5623/292 2588/5751/292
f 2590/5755/2 2522/5603/2 2526/5611/2 2592/5759/2
f 2528/5615/3 2527/5614/3 2584/5744/3 2587/5749/3
f 2524/5607/3 2523/5605/3 2583/5741/3 2589/5753/3
f 2532/5624/2 2531/5621/2 2586/5747/2 2588/5752/2
f 2521/5601/293 2530/5619/293 2591/5757/293 2582/5739/293
f 2526/5612/293 2525/5609/293 2585/5745/293 2592/5760/293
f 2525/5610/3 2521/5602/3 2582/5740/3 2585/5746/3
f 2530/5620/2 2529/5617/2 2581/5737/2 2591/5758/2
f 2540/5639/292 2539/5637/292 2575/5725/292 2573/5721/292
f 2570/5715/293 2536/5631/293 2541/5641/293 2579/5733/293
f 2569/5713/293 2534/5627/293 2533/5625/293 2576/5727/293
f 2546/5651/294 2547/5654/294 2548/5657/294 2545/5649/294
f 2550/5661/295 2546/5652/295 2545/5650/295 2549/5659/295
f 2552/5666/296 2550/5662/296 2549/5660/296 2551/5664/296
f 2547/5655/297 2552/5667/297 2551/5665/297 2548/5658/297
f 2550/5663/2 2552/5668/2 2547/5656/2 2546/5653/2
f 2554/5672/298 2555/5675/298 2556/5677/298 2553/5669/298
f 2557/5679/299 2558/5682/299 2555/5676/299 2554/5673/299
f 2559/5684/300 2560/5687/300 2558/5683/300 2557/5680/300
f 2553/5670/301 2556/5678/301 2560/5688/301 2559/5685/301
f 2557/5681/2 2554/5674/2 2553/5671/2 2559/5686/2
f 2562/5692/294 2563/5695/294 2564/5698/294 2561/5689/294
f 2566/5704/295 2562/5693/295 2561/5690/295 2565/5701/295
f 2568/5710/296 2566/5705/296 2565/5702/296 2567/5707/296
f 2563/5696/299 2568/5711/299 2567/5708/299 2564/5699/299
f 2566/5706/2 2568/5712/2 2563/5697/2 2562/5694/2
f 2561/5691/3 2564/5700/3 2567/5709/3 2565/5703/3
f 2542/5643/2 2571/5717/2 2575/5726/2 2539/5638/2
f 2538/5635/3 2574/5723/3 2577/5729/3 2535/5629/3
f 2537/5633/292 2578/5731/292 2574/5724/292 2538/5636/292
f 2535/5630/292 2577/5730/292 2571/5718/292 2542/5644/292
f 2544/5647/2 2572/5719/2 2579/5734/2 2541/5642/2
f 2536/5632/3 2570/5716/3 2576/5728/3 2533/5626/3
f 2540/5640/3 2573/5722/3 2580/5735/3 2543/5645/3
f 2569/5714/2 2578/5732/2 2537/5634/2 2534/5628/2
f 2580/5736/293 2572/5720/293 2544/5648/293 2543/5646/293
f 2590/5756/292 2583/5742/292 2523/5606/292 2522/5604/292
f 2589/5754/292 2586/5748/292 2531/5622/292 2524/5608/292
f 2528/5616/293 2587/5750/293 2581/5738/293 2529/5618/293
f 2656/5903/302 2599/5773/302 2604/5783/302 2660/5911/302
f 2662/5915/2 2594/5763/2 2598/5771/2 2664/5919/2
f 2600/5775/3 2599/5774/3 2656/5904/3 2659/5909/3
f 2596/5767/3 2595/5765/3 2655/5901/3 2661/5913/3
f 2604/5784/2 2603/5781/2 2658/5907/2 2660/5912/2
f 2593/5761/303 2602/5779/303 2663/5917/303 2654/5899/303
f 2598/5772/303 2597/5769/303 2657/5905/303 2664/5920/303
f 2597/5770/3 2593/5762/3 2654/5900/3 2657/5906/3
f 2602/5780/2 2601/5777/2 2653/5897/2 2663/5918/2
f 2612/5799/302 2611/5797/302 2647/5885/302 2645/5881/302
f 2642/5875/303 2608/5791/303 2613/5801/303 2651/5893/303
f 2641/5873/303 2606/5787/303 2605/5785/303 2648/5887/303
f 2618/5811/304 2619/5814/304 2620/5817/304 2617/5809/304
f 2622/5821/305 2618/5812/305 2617/5810/305 2621/5819/305
f 2624/5826/306 2622/5822/306 2621/5820/306 2623/5824/306
f 2619/5815/307 2624/5827/307 2623/5825/307 2620/5818/307
f 2622/5823/2 2624/5828/2 2619/5816/2 2618/5813/2
f 2626/5832/308 2627/5835/308 2628/5837/308 2625/5829/308
f 2629/5839/307 2630/5842/307 2627/5836/307 2626/5833/307
f 2631/5844/306 2632/5847/306 2630/5843/306 2629/5840/306
f 2625/5830/309 2628/5838/309 2632/5848/309 2631/5845/309
f 2629/5841/2 2626/5834/2 2625/5831/2 2631/5846/2
f 2634/5852/304 2635/5855/304 2636/5858/304 2633/5849/304
f 2638/5864/309 2634/5853/309 2633/5850/309 2637/5861/309
f 2640/5870/306 2638/5865/306 2637/5862/306 2639/5867/306
f 2635/5856/307 2640/5871/307 2639/5868/307 2636/5859/307
f 2638/5866/2 2640/5872/2 2635/5857/2 2634/5854/2
f 2633/5851/3 2636/5860/3 2639/5869/3 2637/5863/3
f 2614/5803/2 2643/5877/2 2647/5886/2 2611/5798/2
f 2610/5795/3 2646/5883/3 2649/5889/3 2607/5789/3
f 2609/5793/302 2650/5891/302 2646/5884/302 2610/5796/302
f 2607/5790/302 2649/5890/302 2643/5878/302 2614/5804/302
f 2616/5807/2 2644/5879/2 2651/5894/2 2613/5802/2
f 2608/5792/3 2642/5876/3 2648/5888/3 2605/5786/3
f 2612/5800/3 2645/5882/3 2652/5895/3 2615/5805/3
f 2641/5874/2 2650/5892/2 2609/5794/2 2606/5788/2
f 2652/5896/303 2644/5880/303 2616/5808/303 2615/5806/303
f 2662/5916/302 2655/5902/302 2595/5766/302 2594/5764/302
f 2661/5914/302 2658/5908/302 2603/5782/302 2596/5768/302
f 2600/5776/303 2659/5910/303 2653/5898/303 2601/5778/303
f 2728/6063/310 2671/5933/310 2676/5943/310 2732/6071/310
f 2734/6075/2 2666/5923/2 2670/5931/2 2736/6079/2
f 2672/5935/3 2671/5934/3 2728/6064/3 2731/6069/3
f 2668/5927/3 2667/5925/3 2727/6061/3 2733/6073/3
f 2676/5944/2 2675/5941/2 2730/6067/2 2732/6072/2
f 2665/5921/311 2674/5939/311 2735/6077/311 2726/6059/311
f 2670/5932/311 2669/5929/311 2729/6065/311 2736/6080/311
f 2669/5930/3 2665/5922/3 2726/6060/3 2729/6066/3
f 2674/5940/2 2673/5937/2 2725/6057/2 2735/6078/2
f 2684/5959/310 2683/5957/310 2719/6045/310 2717/6041/310
f 2714/6035/311 2680/5951/311 2685/5961/311 2723/6053/311
f 2713/6033/311 2678/5947/311 2677/5945/311 2720/6047/311
f 2690/5971/312 2691/5974/312 2692/5977/312 2689/5969/312
f 2694/5981/313 2690/5972/313 2689/5970/313 2693/5979/313
f 2696/5986/314 2694/5982/314 2693/5980/314 2695/5984/314
f 2691/5975/315 2696/5987/315 2695/5985/315 2692/5978/315
f 2694/5983/2 2696/5988/2 2691/5976/2 2690/5973/2
f 2698/5992/316 2699/5995/316 2700/5997/316 2697/5989/316
f 2701/5999/317 2702/6002/317 2699/5996/317 2698/5993/317
f 2703/6004/314 2704/6007/314 2702/6003/314 2701/6000/314
f 2697/5990/318 2700/5998/318 2704/6008/318 2703/6005/318
f 2701/6001/2 2698/5994/2 2697/5991/2 2703/6006/2
f 2706/6012/312 2707/6015/312 2708/6018/312 2705/6009/312
f 2710/6024/313 2706/6013/313 2705/6010/313 2709/6021/313
f 2712/6030/319 2710/6025/319 2709/6022/319 2711/6027/319
f 2707/6016/320 2712/6031/320 2711/6028/320 2708/6019/320
f 2710/6026/2 2712/6032/2 2707/6017/2 2706/6014/2
f 2705/6011/3 2708/6020/3 2711/6029/3 2709/6023/3
f 2686/5963/2 2715/6037/2 2719/6046/2 2683/5958/2
f 2682/5955/3 2718/6043/3 2721/6049/3 2679/5949/3
f 2681/5953/310 2722/6051/310 2718/6044/310 2682/5956/310
f 2679/5950/310 2721/6050/310 2715/6038/310 2686/5964/310
f 2688/5967/2 2716/6039/2 2723/6054/2 2685/5962/2
f 2680/5952/3 2714/6036/3 2720/6048/3 2677/5946/3
f 2684/5960/3 2717/6042/3 2724/6055/3 2687/5965/3
f 2713/6034/2 2722/6052/2 2681/5954/2 2678/5948/2
f 2724/6056/311 2716/6040/311 2688/5968/311 2687/5966/311
f 2734/6076/310 2727/6062/310 2667/5926/310 2666/5924/310
f 2733/6074/310 2730/6068/310 2675/5942/310 2668/5928/310
f 2672/5936/311 2731/6070/311 2725/6058/311 2673/5938/311
f 2800/6223/321 2743/6093/321 2748/6103/321 2804/6231/321
f 2806/6235/2 2738/6083/2 2742/6091/2 2808/6239/2
f 2744/6095/3 2743/6094/3 2800/6224/3 2803/6229/3
f 2740/6087/3 2739/6085/3 2799/6221/3 2805/6233/3
f 2748/6104/2 2747/6101/2 2802/6227/2 2804/6232/2
f 2737/6081/322 2746/6099/322 2807/6237/322 2798/6219/322
f 2742/6092/322 2741/6089/322 2801/6225/322 2808/6240/322
f 2741/6090/3 2737/6082/3 2798/6220/3 2801/6226/3
f 2746/6100/2 2745/6097/2 2797/6217/2 2807/6238/2
f 2756/6119/321 2755/6117/321 2791/6205/321 2789/6201/321
f 2786/6195/322 2752/6111/322 2757/6121/322 2795/6213/322
f 2785/6193/322 2750/6107/322 2749/6105/322 2792/6207/322
f 2762/6131/323 2763/6134/323 2764/6137/323 2761/6129/323
f 2766/6141/324 2762/6132/324 2761/6130/324 2765/6139/324
f 2768/6146/325 2766/6142/325 2765/6140/325 2767/6144/325
f 2763/6135/326 2768/6147/326 2767/6145/326 2764/6138/326
f 2766/6143/2 2768/6148/2 2763/6136/2 2762/6133/2
f 2770/6152/327 2771/6155/327 2772/6157/327 2769/6149/327
f 2773/6159/326 2774/6162/326 2771/6156/326 2770/6153/326
f 2775/6164/328 2776/6167/328 2774/6163/328 2773/6160/328
f 2769/6150/324 2772/6158/324 2776/6168/324 2775/6165/324
f 2773/6161/2 2770/6154/2 2769/6151/2 2775/6166/2
f 2778/6172/323 2779/6175/323 2780/6178/323 2777/6169/323
f 2782/6184/329 2778/6173/329 2777/6170/329 2781/6181/329
f 2784/6190/325 2782/6185/325 2781/6182/325 2783/6187/325
f 2779/6176/330 2784/6191/330 2783/6188/330 2780/6179/330
f 2782/6186/2 2784/6192/2 2779/6177/2 2778/6174/2
f 2777/6171/3 2780/6180/3 2783/6189/3 2781/6183/3
f 2758/6123/2 2787/6197/2 2791/6206/2 2755/6118/2
f 2754/6115/3 2790/6203/3 2793/6209/3 2751/6109/3
f 2753/6113/321 2794/6211/321 2790/6204/321 2754/6116/321
f 2751/6110/321 2793/6210/321 2787/6198/321 2758/6124/321
f 2760/6127/2 2788/6199/2 2795/6214/2 2757/6122/2
f 2752/6112/3 2786/6196/3 2792/6208/3 2749/6106/3
f 2756/6120/3 2789/6202/3 2796/6215/3 2759/6125/3
f 2785/6194/2 2794/6212/2 2753/6114/2 2750/6108/2
f 2796/6216/322 2788/6200/322 2760/6128/322 2759/6126/322
f 2806/6236/321 2799/6222/321 2739/6086/321 2738/6084/321
f 2805/6234/321 2802/6228/321 2747/6102/321 2740/6088/321
f 2744/6096/322 2803/6230/322 2797/6218/322 2745/6098/322
f 2872/6383/331 2815/6253/331 2820/6263/331 2876/6391/331
f 2878/6395/2 2810/6243/2 2814/6251/2 2880/6399/2
f 2816/6255/3 2815/6254/3 2872/6384/3 2875/6389/3
f 2812/6247/3 2811/6245/3 2871/6381/3 2877/6393/3
f 2820/6264/2 2819/6261/2 2874/6387/2 2876/6392/2
f 2809/6241/332 2818/6259/332 2879/6397/332 2870/6379/332
f 2814/6252/333 2813/6249/333 2873/6385/333 2880/6400/333
f 2813/6250/3 2809/6242/3 2870/6380/3 2873/6386/3
f 2818/6260/2 2817/6257/2 2869/6377/2 2879/6398/2
f 2828/6279/331 2827/6277/331 2863/6365/331 2861/6361/331
f 2858/6355/332 2824/6271/332 2829/6281/332 2867/6373/332
f 2857/6353/332 2822/6267/332 2821/6265/332 2864/6367/332
f 2834/6291/334 2835/6294/334 2836/6297/334 2833/6289/334
f 2838/6301/335 2834/6292/335 2833/6290/335 2837/6299/335
f 2840/6306/336 2838/6302/336 2837/6300/336 2839/6304/336
f 2835/6295/337 2840/6307/337 2839/6305/337 2836/6298/337
f 2838/6303/2 2840/6308/2 2835/6296/2 2834/6293/2
f 2842/6312/338 2843/6315/338 2844/6317/338 2841/6309/338
f 2845/6319/339 2846/6322/339 2843/6316/339 2842/6313/339
f 2847/6324/340 2848/6327/340 2846/6323/340 2845/6320/340
f 2841/6310/341 2844/6318/341 2848/6328/341 2847/6325/341
f 2845/6321/2 2842/6314/2 2841/6311/2 2847/6326/2
f 2850/6332/342 2851/6335/342 2852/6338/342 2849/6329/342
f 2854/6344/343 2850/6333/343 2849/6330/343 2853/6341/343
f 2856/6350/344 2854/6345/344 2853/6342/344 2855/6347/344
f 2851/6336/345 2856/6351/345 2855/6348/345 2852/6339/345
f 2854/6346/2 2856/6352/2 2851/6337/2 2850/6334/2
f 2849/6331/3 2852/6340/3 2855/6349/3 2853/6343/3
f 2830/6283/2 2859/6357/2 2863/6366/2 2827/6278/2
f 2826/6275/3 2862/6363/3 2865/6369/3 2823/6269/3
f 2825/6273/331 2866/6371/331 2862/6364/331 2826/6276/331
f 2823/6270/346 2865/6370/346 2859/6358/346 2830/6284/346
f 2832/6287/2 2860/6359/2 2867/6374/2 2829/6282/2
f 2824/6272/3 2858/6356/3 2864/6368/3 2821/6266/3
f 2828/6280/3 2861/6362/3 2868/6375/3 2831/6285/3
f 2857/6354/2 2866/6372/2 2825/6274/2 2822/6268/2
f 2868/6376/332 2860/6360/332 2832/6288/332 2831/6286/332
f 2878/6396/331 2871/6382/331 2811/6246/331 2810/6244/331
f 2877/6394/331 2874/6388/331 2819/6262/331 2812/6248/331
f 2816/6256/332 2875/6390/332 2869/6378/332 2817/6258/332
f 2944/6543/347 2887/6413/347 2892/6423/347 2948/6551/347
f 2950/6555/2 2882/6403/2 2886/6411/2 2952/6559/2
f 2888/6415/3 2887/6414/3 2944/6544/3 2947/6549/3
f 2884/6407/3 2883/6405/3 2943/6541/3 2949/6553/3
f 2892/6424/2 2891/6421/2 2946/6547/2 2948/6552/2
f 2881/6401/348 2890/6419/348 2951/6557/348 2942/6539/348
f 2886/6412/348 2885/6409/348 2945/6545/348 2952/6560/348
f 2885/6410/3 2881/6402/3 2942/6540/3 2945/6546/3
f 2890/6420/2 2889/6417/2 2941/6537/2 2951/6558/2
f 2900/6439/347 2899/6437/347 2935/6525/347 2933/6521/347
f 2930/6515/348 2896/6431/348 2901/6441/348 2939/6533/348
f 2929/6513/348 2894/6427/348 2893/6425/348 2936/6527/348
f 2906/6451/349 2907/6454/349 2908/6457/349 2905/6449/349
f 2910/6461/350 2906/6452/350 2905/6450/350 2909/6459/350
f 2912/6466/351 2910/6462/351 2909/6460/351 2911/6464/351
f 2907/6455/352 2912/6467/352 2911/6465/352 2908/6458/352
f 2910/6463/2 2912/6468/2 2907/6456/2 2906/6453/2
f 2914/6472/353 2915/6475/353 2916/6477/353 2913/6469/353
f 2917/6479/354 2918/6482/354 2915/6476/354 2914/6473/354
f 2919/6484/355 2920/6487/355 2918/6483/355 2917/6480/355
f 2913/6470/350 2916/6478/350 2920/6488/350 2919/6485/350
f 2917/6481/2 2914/6474/2 2913/6471/2 2919/6486/2
f 2922/6492/349 2923/6495/349 2924/6498/349 2921/6489/349
f 2926/6504/356 2922/6493/356 2921/6490/356 2925/6501/356
f 2928/6510/355 2926/6505/355 2925/6502/355 2927/6507/355
f 2923/6496/354 2928/6511/354 2927/6508/354 2924/6499/354
f 2926/6506/2 2928/6512/2 2923/6497/2 2922/6494/2
f 2921/6491/3 2924/6500/3 2927/6509/3 2925/6503/3
f 2902/6443/2 2931/6517/2 2935/6526/2 2899/6438/2
f 2898/6435/3 2934/6523/3 2937/6529/3 2895/6429/3
f 2897/6433/347 2938/6531/347 2934/6524/347 2898/6436/347
f 2895/6430/347 2937/6530/347 2931/6518/347 2902/6444/347
f 2904/6447/2 2932/6519/2 2939/6534/2 2901/6442/2
f 2896/6432/3 2930/6516/3 2936/6528/3 2893/6426/3
f 2900/6440/3 2933/6522/3 2940/6535/3 2903/6445/3
f 2929/6514/2 2938/6532/2 2897/6434/2 2894/6428/2
f 2940/6536/348 2932/6520/348 2904/6448/348 2903/6446/348
f 2950/6556/347 2943/6542/347 2883/6406/347 2882/6404/347
f 2949/6554/347 2946/6548/347 2891/6422/347 2884/6408/347
f 2888/6416/348 2947/6550/348 2941/6538/348 2889/6418/348
f 3016/6703/357 2959/6573/357 2964/6583/357 3020/6711/357
f 3022/6715/2 2954/6563/2 2958/6571/2 3024/6719/2
f 2960/6575/3 2959/6574/3 3016/6704/3 3019/6709/3
f 2956/6567/3 2955/6565/3 3015/6701/3 3021/6713/3
f 2964/6584/2 2963/6581/2 3018/6707/2 3020/6712/2
f 2953/6561/358 2962/6579/358 3023/6717/358 3014/6699/358
f 2958/6572/358 2957/6569/358 3017/6705/358 3024/6720/358
f 2957/6570/3 2953/6562/3 3014/6700/3 3017/6706/3
f 2962/6580/2 2961/6577/2 3013/6697/2 3023/6718/2
f 2972/6599/357 2971/6597/357 3007/6685/357 3005/6681/357
f 3002/6675/358 2968/6591/358 2973/6601/358 3011/6693/358
f 3001/6673/358 2966/6587/358 2965/6585/358 3008/6687/358
f 2978/6611/359 2979/6614/359 2980/6617/359 2977/6609/359
f 2982/6621/360 2978/6612/360 2977/6610/360 2981/6619/360
f 2984/6626/361 2982/6622/361 2981/6620/361 2983/6624/361
f 2979/6615/362 2984/6627/362 2983/6625/362 2980/6618/362
f 2982/6623/2 2984/6628/2 2979/6616/2 2978/6613/2
f 2986/6632/363 2987/6635/363 2988/6637/363 2985/6629/363
f 2989/6639/362 2990/6642/362 2987/6636/362 2986/6633/362
f 2991/6644/361 2992/6647/361 2990/6643/361 2989/6640/361
f 2985/6630/364 2988/6638/364 2992/6648/364 2991/6645/364
f 2989/6641/2 2986/6634/2 2985/6631/2 2991/6646/2
f 2994/6652/359 2995/6655/359 2996/6658/359 2993/6649/359
f 2998/6664/360 2994/6653/360 2993/6650/360 2997/6661/360
f 3000/6670/361 2998/6665/361 2997/6662/361 2999/6667/361
f 2995/6656/365 3000/6671/365 2999/6668/365 2996/6659/365
f 2998/6666/2 3000/6672/2 2995/6657/2 2994/6654/2
f 2993/6651/3 2996/6660/3 2999/6669/3 2997/6663/3
f 2974/6603/2 3003/6677/2 3007/6686/2 2971/6598/2
f 2970/6595/3 3006/6683/3 3009/6689/3 2967/6589/3
f 2969/6593/357 3010/6691/357 3006/6684/357 2970/6596/357
f 2967/6590/357 3009/6690/357 3003/6678/357 2974/6604/357
f 2976/6607/2 3004/6679/2 3011/6694/2 2973/6602/2
f 2968/6592/3 3002/6676/3 3008/6688/3 2965/6586/3
f 2972/6600/3 3005/6682/3 3012/6695/3 2975/6605/3
f 3001/6674/2 3010/6692/2 2969/6594/2 2966/6588/2
f 3012/6696/358 3004/6680/358 2976/6608/358 2975/6606/358
f 3022/6716/357 3015/6702/357 2955/6566/357 2954/6564/357
f 3021/6714/357 3018/6708/357 2963/6582/357 2956/6568/357
f 2960/6576/358 3019/6710/358 3013/6698/358 2961/6578/358
f 3088/6863/366 3031/6733/366 3036/6743/366 3092/6871/366
f 3094/6875/2 3026/6723/2 3030/6731/2 3096/6879/2
f 3032/6735/3 3031/6734/3 3088/6864/3 3091/6869/3
f 3028/6727/3 3027/6725/3 3087/6861/3 3093/6873/3
f 3036/6744/2 3035/6741/2 3090/6867/2 3092/6872/2
f 3025/6721/367 3034/6739/367 3095/6877/367 3086/6859/367
f 3030/6732/367 3029/6729/367 3089/6865/367 3096/6880/367
f 3029/6730/3 3025/6722/3 3086/6860/3 3089/6866/3
f 3034/6740/2 3033/6737/2 3085/6857/2 3095/6878/2
f 3044/6759/366 3043/6757/366 3079/6845/366 3077/6841/366
f 3074/6835/367 3040/6751/367 3045/6761/367 3083/6853/367
f 3073/6833/367 3038/6747/367 3037/6745/367 3080/6847/367
f 3050/6771/368 3051/6774/368 3052/6777/368 3049/6769/368
f 3054/6781/369 3050/6772/369 3049/6770/369 3053/6779/369
f 3056/6786/370 3054/6782/370 3053/6780/370 3055/6784/370
f 3051/6775/371 3056/6787/371 3055/6785/371 3052/6778/371
f 3054/6783/2 3056/6788/2 3051/6776/2 3050/6773/2
f 3058/6792/372 3059/6795/372 3060/6797/372 3057/6789/372
f 3061/6799/371 3062/6802/371 3059/6796/371 3058/6793/371
f 3063/6804/370 3064/6807/370 3062/6803/370 3061/6800/370
f 3057/6790/369 3060/6798/369 3064/6808/369 3063/6805/369
f 3061/6801/2 3058/6794/2 3057/6791/2 3063/6806/2
f 3066/6812/368 3067/6815/368 3068/6818/368 3065/6809/368
f 3070/6824/369 3066/6813/369 3065/6810/369 3069/6821/369
f 3072/6830/373 3070/6825/373 3069/6822/373 3071/6827/373
f 3067/6816/374 3072/6831/374 3071/6828/374 3068/6819/374
f 3070/6826/2 3072/6832/2 3067/6817/2 3066/6814/2
f 3065/6811/3 3068/6820/3 3071/6829/3 3069/6823/3
f 3046/6763/2 3075/6837/2 3079/6846/2 3043/6758/2
f 3042/6755/3 3078/6843/3 3081/6849/3 3039/6749/3
f 3041/6753/366 3082/6851/366 3078/6844/366 3042/6756/366
f 3039/6750/375 3081/6850/375 3075/6838/375 3046/6764/375
f 3048/6767/2 3076/6839/2 3083/6854/2 3045/6762/2
f 3040/6752/3 3074/6836/3 3080/6848/3 3037/6746/3
f 3044/6760/3 3077/6842/3 3084/6855/3 3047/6765/3
f 3073/6834/2 3082/6852/2 3041/6754/2 3038/6748/2
f 3084/6856/367 3076/6840/367 3048/6768/367 3047/6766/367
f 3094/6876/366 3087/6862/366 3027/6726/366 3026/6724/366
f 3093/6874/375 3090/6868/375 3035/6742/375 3028/6728/375
f 3032/6736/367 3091/6870/367 3085/6858/367 3033/6738/367
f 3160/7023/376 3103/6893/376 3108/6903/376 3164/7031/376
f 3166/7035/2 3098/6883/2 3102/6891/2 3168/7039/2
f 3104/6895/3 3103/6894/3 3160/7024/3 3163/7029/3
f 3100/6887/3 3099/6885/3 3159/7021/3 3165/7033/3
f 3108/6904/2 3107/6901/2 3162/7027/2 3164/7032/2
f 3097/6881/377 3106/6899/377 3167/7037/377 3158/7019/377
f 3102/6892/377 3101/6889/377 3161/7025/377 3168/7040/377
f 3101/6890/3 3097/6882/3 3158/7020/3 3161/7026/3
f 3106/6900/2 3105/6897/2 3157/7017/2 3167/7038/2
f 3116/6919/376 3115/6917/376 3151/7005/376 3149/7001/376
f 3146/6995/377 3112/6911/377 3117/6921/377 3155/7013/377
f 3145/6993/377 3110/6907/377 3109/6905/377 3152/7007/377
f 3122/6931/378 3123/6934/378 3124/6937/378 3121/6929/378
f 3126/6941/379 3122/6932/379 3121/6930/379 3125/6939/379
f 3128/6946/380 3126/6942/380 3125/6940/380 3127/6944/380
f 3123/6935/381 3128/6947/381 3127/6945/381 3124/6938/381
f 3126/6943/2 3128/6948/2 3123/6936/2 3122/6933/2
f 3130/6952/382 3131/6955/382 3132/6957/382 3129/6949/382
f 3133/6959/381 3134/6962/381 3131/6956/381 3130/6953/381
f 3135/6964/380 3136/6967/380 3134/6963/380 3133/6960/380
f 3129/6950/383 3132/6958/383 3136/6968/383 3135/6965/383
f 3133/6961/2 3130/6954/2 3129/6951/2 3135/6966/2
f 3138/6972/378 3139/6975/378 3140/6978/378 3137/6969/378
f 3142/6984/379 3138/6973/379 3137/6970/379 3141/6981/379
f 3144/6990/384 3142/6985/384 3141/6982/384 3143/6987/384
f 3139/6976/381 3144/6991/381 3143/6988/381 3140/6979/381
f 3142/6986/2 3144/6992/2 3139/6977/2 3138/6974/2
f 3137/6971/3 3140/6980/3 3143/6989/3 3141/6983/3
f 3118/6923/2 3147/6997/2 3151/7006/2 3115/6918/2
f 3114/6915/3 3150/7003/3 3153/7009/3 3111/6909/3
f 3113/6913/376 3154/7011/376 3150/7004/376 3114/6916/376
f 3111/6910/376 3153/7010/376 3147/6998/376 3118/6924/376
f 3120/6927/2 3148/6999/2 3155/7014/2 3117/6922/2
f 3112/6912/3 3146/6996/3 3152/7008/3 3109/6906/3
f 3116/6920/3 3149/7002/3 3156/7015/3 3119/6925/3
f 3145/6994/2 3154/7012/2 3113/6914/2 3110/6908/2
f 3156/7016/377 3148/7000/377 3120/6928/377 3119/6926/377
f 3166/7036/376 3159/7022/376 3099/6886/376 3098/6884/376
f 3165/7034/376 3162/7028/376 3107/6902/376 3100/6888/376
f 3104/6896/377 3163/7030/377 3157/7018/377 3105/6898/377
f 3232/7183/385 3175/7053/385 3180/7063/385 3236/7191/385
f 3238/7195/2 3170/7043/2 3174/7051/2 3240/7199/2
f 3176/7055/3 3175/7054/3 3232/7184/3 3235/7189/3
f 3172/7047/3 3171/7045/3 3231/7181/3 3237/7193/3
f 3180/7064/2 3179/7061/2 3234/7187/2 3236/7192/2
f 3169/7041/386 3178/7059/386 3239/7197/386 3230/7179/386
f 3174/7052/386 3173/7049/386 3233/7185/386 3240/7200/386
f 3173/7050/3 3169/7042/3 3230/7180/3 3233/7186/3
f 3178/7060/2 3177/7057/2 3229/7177/2 3239/7198/2
f 3188/7079/385 3187/7077/385 3223/7165/385 3221/7161/385
f 3218/7155/386 3184/7071/386 3189/7081/386 3227/7173/386
f 3217/7153/386 3182/7067/386 3181/7065/386 3224/7167/386
f 3194/7091/387 3195/7094/387 3196/7097/387 3193/7089/387
f 3198/7101/388 3194/7092/388 3193/7090/388 3197/7099/388
f 3200/7106/389 3198/7102/389 3197/7100/389 3199/7104/389
f 3195/7095/390 3200/7107/390 3199/7105/390 3196/7098/390
f 3198/7103/2 3200/7108/2 3195/7096/2 3194/7093/2
f 3202/7112/391 3203/7115/391 3204/7117/391 3201/7109/391
f 3205/7119/390 3206/7122/390 3203/7116/390 3202/7113/390
f 3207/7124/389 3208/7127/389 3206/7123/389 3205/7120/389
f 3201/7110/392 3204/7118/392 3208/7128/392 3207/7125/392
f 3205/7121/2 3202/7114/2 3201/7111/2 3207/7126/2
f 3210/7132/387 3211/7135/387 3212/7138/387 3209/7129/387
f 3214/7144/388 3210/7133/388 3209/7130/388 3213/7141/388
f 3216/7150/389 3214/7145/389 3213/7142/389 3215/7147/389
f 3211/7136/390 3216/7151/390 3215/7148/390 3212/7139/390
f 3214/7146/2 3216/7152/2 3211/7137/2 3210/7134/2
f 3209/7131/3 3212/7140/3 3215/7149/3 3213/7143/3
f 3190/7083/2 3219/7157/2 3223/7166/2 3187/7078/2
f 3186/7075/3 3222/7163/3 3225/7169/3 3183/7069/3
f 3185/7073/385 3226/7171/385 3222/7164/385 3186/7076/385
f 3183/7070/385 3225/7170/385 3219/7158/385 3190/7084/385
f 3192/7087/2 3220/7159/2 3227/7174/2 3189/7082/2
f 3184/7072/3 3218/7156/3 3224/7168/3 3181/7066/3
f 3188/7080/3 3221/7162/3 3228/7175/3 3191/7085/3
f 3217/7154/2 3226/7172/2 3185/7074/2 3182/7068/2
f 3228/7176/386 3220/7160/386 3192/7088/386 3191/7086/386
f 3238/7196/385 3231/7182/385 3171/7046/385 3170/7044/385
f 3237/7194/385 3234/7188/385 3179/7062/385 3172/7048/385
f 3176/7056/386 3235/7190/386 3229/7178/386 3177/7058/386
f 3304/7343/393 3247/7213/393 3252/7223/393 3308/7351/393
f 3310/7355/2 3242/7203/2 3246/7211/2 3312/7359/2
f 3248/7215/3 3247/7214/3 3304/7344/3 3307/7349/3
f 3244/7207/3 3243/7205/3 3303/7341/3 3309/7353/3
f 3252/7224/2 3251/7221/2 3306/7347/2 3308/7352/2
f 3241/7201/394 3250/7219/394 3311/7357/394 3302/7339/394
f 3246/7212/394 3245/7209/394 3305/7345/394 3312/7360/394
f 3245/7210/3 3241/7202/3 3302/7340/3 3305/7346/3
f 3250/7220/2 3249/7217/2 3301/7337/2 3311/7358/2
f 3260/7239/393 3259/7237/393 3295/7325/393 3293/7321/393
f 3290/7315/394 3256/7231/394 3261/7241/394 3299/7333/394
f 3289/7313/394 3254/7227/394 3253/7225/394 3296/7327/394
f 3266/7251/395 3267/7254/395 3268/7257/395 3265/7249/395
f 3270/7261/396 3266/7252/396 3265/7250/396 3269/7259/396
f 3272/7266/397 3270/7262/397 3269/7260/397 3271/7264/397
f 3267/7255/398 3272/7267/398 3271/7265/398 3268/7258/398
f 3270/7263/2 3272/7268/2 3267/7256/2 3266/7253/2
f 3274/7272/399 3275/7275/399 3276/7277/399 3273/7269/399
f 3277/7279/398 3278/7282/398 3275/7276/398 3274/7273/398
f 3279/7284/397 3280/7287/397 3278/7283/397 3277/7280/397
f 3273/7270/396 3276/7278/396 3280/7288/396 3279/7285/396
f 3277/7281/2 3274/7274/2 3273/7271/2 3279/7286/2
f 3282/7292/395 3283/7295/395 3284/7298/395 3281/7289/395
f 3286/7304/396 3282/7293/396 3281/7290/396 3285/7301/396
f 3288/7310/397 3286/7305/397 3285/7302/397 3287/7307/397
f 3283/7296/398 3288/7311/398 3287/7308/398 3284/7299/398
f 3286/7306/2 3288/7312/2 3283/7297/2 3282/7294/2
f 3281/7291/3 3284/7300/3 3287/7309/3 3285/7303/3
f 3262/7243/2 3291/7317/2 3295/7326/2 3259/7238/2
f 3258/7235/3 3294/7323/3 3297/7329/3 3255/7229/3
f 3257/7233/393 3298/7331/393 3294/7324/393 3258/7236/393
f 3255/7230/393 3297/7330/393 3291/7318/393 3262/7244/393
f 3264/7247/2 3292/7319/2 3299/7334/2 3261/7242/2
f 3256/7232/3 3290/7316/3 3296/7328/3 3253/7226/3
f 3260/7240/3 3293/7322/3 3300/7335/3 3263/7245/3
f 3289/7314/2 3298/7332/2 3257/7234/2 3254/7228/2
f 3300/7336/394 3292/7320/394 3264/7248/394 3263/7246/394
f 3310/7356/393 3303/7342/393 3243/7206/393 3242/7204/393
f 3309/7354/393 3306/7348/393 3251/7222/393 3244/7208/393
f 3248/7216/394 3307/7350/394 3301/7338/394 3249/7218/394
f 3376/7503/400 3319/7373/400 3324/7383/400 3380/7511/400
f 3382/7515/2 3314/7363/2 3318/7371/2 3384/7519/2
f 3320/7375/3 3319/7374/3 3376/7504/3 3379/7509/3
f 3316/7367/3 3315/7365/3 3375/7501/3 3381/7513/3
f 3324/7384/2 3323/7381/2 3378/7507/2 3380/7512/2
f 3313/7361/401 3322/7379/401 3383/7517/401 3374/7499/401
f 3318/7372/401 3317/7369/401 3377/7505/401 3384/7520/401
f 3317/7370/3 3313/7362/3 3374/7500/3 3377/7506/3
f 3322/7380/2 3321/7377/2 3373/7497/2 3383/7518/2
f 3332/7399/400 3331/7397/400 3367/7485/400 3365/7481/400
f 3362/7475/401 3328/7391/401 3333/7401/401 3371/7493/401
f 3361/7473/401 3326/7387/401 3325/7385/401 3368/7487/401
f 3338/7411/402 3339/7414/402 3340/7417/402 3337/7409/402
f 3342/7421/403 3338/7412/403 3337/7410/403 3341/7419/403
f 3344/7426/404 3342/7422/404 3341/7420/404 3343/7424/404
f 3339/7415/405 3344/7427/405 3343/7425/405 3340/7418/405
f 3342/7423/2 3344/7428/2 3339/7416/2 3338/7413/2
f 3346/7432/406 3347/7435/406 3348/7437/406 3345/7429/406
f 3349/7439/405 3350/7442/405 3347/7436/405 3346/7433/405
f 3351/7444/407 3352/7447/407 3350/7443/407 3349/7440/407
f 3345/7430/403 3348/7438/403 3352/7448/403 3351/7445/403
f 3349/7441/2 3346/7434/2 3345/7431/2 3351/7446/2
f 3354/7452/402 3355/7455/402 3356/7458/402 3353/7449/402
f 3358/7464/408 3354/7453/408 3353/7450/408 3357/7461/408
f 3360/7470/409 3358/7465/409 3357/7462/409 3359/7467/409
f 3355/7456/410 3360/7471/410 3359/7468/410 3356/7459/410
f 3358/7466/2 3360/7472/2 3355/7457/2 3354/7454/2
f 3353/7451/3 3356/7460/3 3359/7469/3 3357/7463/3
f 3334/7403/2 3363/7477/2 3367/7486/2 3331/7398/2
f 3330/7395/3 3366/7483/3 3369/7489/3 3327/7389/3
f 3329/7393/400 3370/7491/400 3366/7484/400 3330/7396/400
f 3327/7390/400 3369/7490/400 3363/7478/400 3334/7404/400
f 3336/7407/2 3364/7479/2 3371/7494/2 3333/7402/2
f 3328/7392/3 3362/7476/3 3368/7488/3 3325/7386/3
f 3332/7400/3 3365/7482/3 3372/7495/3 3335/7405/3
f 3361/7474/2 3370/7492/2 3329/7394/2 3326/7388/2
f 3372/7496/401 3364/7480/401 3336/7408/401 3335/7406/401
f 3382/7516/400 3375/7502/400 3315/7366/400 3314/7364/400
f 3381/7514/400 3378/7508/400 3323/7382/400 3316/7368/400
f 3320/7376/401 3379/7510/401 3373/7498/401 3321/7378/401
f 3448/7663/411 3391/7533/411 3396/7543/411 3452/7671/411
f 3454/7675/2 3386/7523/2 3390/7531/2 3456/7679/2
f 3392/7535/3 3391/7534/3 3448/7664/3 3451/7669/3
f 3388/7527/3 3387/7525/3 3447/7661/3 3453/7673/3
f 3396/7544/2 3395/7541/2 3450/7667/2 3452/7672/2
f 3385/7521/412 3394/7539/412 3455/7677/412 3446/7659/412
f 3390/7532/412 3389/7529/412 3449/7665/412 3456/7680/412
f 3389/7530/3 3385/7522/3 3446/7660/3 3449/7666/3
f 3394/7540/2 3393/7537/2 3445/7657/2 3455/7678/2
f 3404/7559/413 3403/7557/413 3439/7645/413 3437/7641/413
f 3434/7635/412 3400/7551/412 3405/7561/412 3443/7653/412
f 3433/7633/412 3398/7547/412 3397/7545/412 3440/7647/412
f 3410/7571/414 3411/7574/414 3412/7577/414 3409/7569/414
f 3414/7581/415 3410/7572/415 3409/7570/415 3413/7579/415
f 3416/7586/416 3414/7582/416 3413/7580/416 3415/7584/416
f 3411/7575/417 3416/7587/417 3415/7585/417 3412/7578/417
f 3414/7583/2 3416/7588/2 3411/7576/2 3410/7573/2
f 3418/7592/414 3419/7595/414 3420/7597/414 3417/7589/414
f 3421/7599/417 3422/7602/417 3419/7596/417 3418/7593/417
f 3423/7604/418 3424/7607/418 3422/7603/418 3421/7600/418
f 3417/7590/415 3420/7598/415 3424/7608/415 3423/7605/415
f 3421/7601/2 3418/7594/2 3417/7591/2 3423/7606/2
f 3426/7612/419 3427/7615/419 3428/7618/419 3425/7609/419
f 3430/7624/420 3426/7613/420 3425/7610/420 3429/7621/420
f 3432/7630/421 3430/7625/421 3429/7622/421 3431/7627/421
f 3427/7616/422 3432/7631/422 3431/7628/422 3428/7619/422
f 3430/7626/2 3432/7632/2 3427/7617/2 3426/7614/2
f 3425/7611/3 3428/7620/3 3431/7629/3 3429/7623/3
f 3406/7563/2 3435/7637/2 3439/7646/2 3403/7558/2
f 3402/7555/3 3438/7643/3 3441/7649/3 3399/7549/3
f 3401/7553/411 3442/7651/411 3438/7644/411 3402/7556/411
f 3399/7550/411 3441/7650/411 3435/7638/411 3406/7564/411
f 3408/7567/2 3436/7639/2 3443/7654/2 3405/7562/2
f 3400/7552/3 3434/7636/3 3440/7648/3 3397/7546/3
f 3404/7560/3 3437/7642/3 3444/7655/3 3407/7565/3
f 3433/7634/2 3442/7652/2 3401/7554/2 3398/7548/2
f 3444/7656/412 3436/7640/412 3408/7568/412 3407/7566/412
f 3454/7676/411 3447/7662/411 3387/7526/411 3386/7524/411
f 3453/7674/411 3450/7668/411 3395/7542/411 3388/7528/411
f 3392/7536/412 3451/7670/412 3445/7658/412 3393/7538/412
f 3520/7823/423 3463/7693/423 3468/7703/423 3524/7831/423
f 3526/7835/2 3458/7683/2 3462/7691/2 3528/7839/2
f 3464/7695/3 3463/7694/3 3520/7824/3 3523/7829/3
f 3460/7687/3 3459/7685/3 3519/7821/3 3525/7833/3
f 3468/7704/2 3467/7701/2 3522/7827/2 3524/7832/2
f 3457/7681/424 3466/7699/424 3527/7837/424 3518/7819/424
f 3462/7692/425 3461/7689/425 3521/7825/425 3528/7840/425
f 3461/7690/3 3457/7682/3 3518/7820/3 3521/7826/3
f 3466/7700/2 3465/7697/2 3517/7817/2 3527/7838/2
f 3476/7719/423 3475/7717/423 3511/7805/423 3509/7801/423
f 3506/7795/425 3472/7711/425 3477/7721/425 3515/7813/425
f 3505/7793/425 3470/7707/425 3469/7705/425 3512/7807/425
f 3482/7731/426 3483/7734/426 3484/7737/426 3481/7729/426
f 3486/7741/427 3482/7732/427 3481/7730/427 3485/7739/427
f 3488/7746/428 3486/7742/428 3485/7740/428 3487/7744/428
f 3483/7735/429 3488/7747/429 3487/7745/429 3484/7738/429
f 3486/7743/2 3488/7748/2 3483/7736/2 3482/7733/2
f 3490/7752/430 3491/7755/430 3492/7757/430 3489/7749/430
f 3493/7759/429 3494/7762/429 3491/7756/429 3490/7753/429
f 3495/7764/431 3496/7767/431 3494/7763/431 3493/7760/431
f 3489/7750/432 3492/7758/432 3496/7768/432 3495/7765/432
f 3493/7761/2 3490/7754/2 3489/7751/2 3495/7766/2
f 3498/7772/426 3499/7775/426 3500/7778/426 3497/7769/426
f 3502/7784/432 3498/7773/432 3497/7770/432 3501/7781/432
f 3504/7790/431 3502/7785/431 3501/7782/431 3503/7787/431
f 3499/7776/433 3504/7791/433 3503/7788/433 3500/7779/433
f 3502/7786/2 3504/7792/2 3499/7777/2 3498/7774/2
f 3497/7771/3 3500/7780/3 3503/7789/3 3501/7783/3
f 3478/7723/2 3507/7797/2 3511/7806/2 3475/7718/2
f 3474/7715/3 3510/7803/3 3513/7809/3 3471/7709/3
f 3473/7713/423 3514/7811/423 3510/7804/423 3474/7716/423
f 3471/7710/423 3513/7810/423 3507/7798/423 3478/7724/423
f 3480/7727/2 3508/7799/2 3515/7814/2 3477/7722/2
f 3472/7712/3 3506/7796/3 3512/7808/3 3469/7706/3
f 3476/7720/3 3509/7802/3 3516/7815/3 3479/7725/3
f 3505/7794/2 3514/7812/2 3473/7714/2 3470/7708/2
f 3516/7816/424 3508/7800/424 3480/7728/424 3479/7726/424
f 3526/7836/423 3519/7822/423 3459/7686/423 3458/7684/423
f 3525/7834/423 3522/7828/423 3467/7702/423 3460/7688/423
f 3464/7696/425 3523/7830/425 3517/7818/425 3465/7698/425
f 3592/7983/434 3535/7853/434 3540/7863/434 3596/7991/434
f 3598/7995/2 3530/7843/2 3534/7851/2 3600/7999/2
f 3536/7855/3 3535/7854/3 3592/7984/3 3595/7989/3
f 3532/7847/3 3531/7845/3 3591/7981/3 3597/7993/3
f 3540/7864/2 3539/7861/2 3594/7987/2 3596/7992/2
f 3529/7841/435 3538/7859/435 3599/7997/435 3590/7979/435
f 3534/7852/435 3533/7849/435 3593/7985/435 3600/8000/435
f 3533/7850/3 3529/7842/3 3590/7980/3 3593/7986/3
f 3538/7860/2 3537/7857/2 3589/7977/2 3599/7998/2
f 3548/7879/436 3547/7877/436 3583/7965/436 3581/7961/436
f 3578/7955/437 3544/7871/437 3549/7881/437 3587/7973/437
f 3577/7953/437 3542/7867/437 3541/7865/437 3584/7967/437
f 3554/7891/438 3555/7894/438 3556/7897/438 3553/7889/438
f 3558/7901/439 3554/7892/439 3553/7890/439 3557/7899/439
f 3560/7906/440 3558/7902/440 3557/7900/440 3559/7904/440
f 3555/7895/441 3560/7907/441 3559/7905/441 3556/7898/441
f 3558/7903/2 3560/7908/2 3555/7896/2 3554/7893/2
f 3562/7912/438 3563/7915/438 3564/7917/438 3561/7909/438
f 3565/7919/441 3566/7922/441 3563/7916/441 3562/7913/441
f 3567/7924/440 3568/7927/440 3566/7923/440 3565/7920/440
f 3561/7910/439 3564/7918/439 3568/7928/439 3567/7925/439
f 3565/7921/2 3562/7914/2 3561/7911/2 3567/7926/2
f 3570/7932/442 3571/7935/442 3572/7938/442 3569/7929/442
f 3574/7944/443 3570/7933/443 3569/7930/443 3573/7941/443
f 3576/7950/440 3574/7945/440 3573/7942/440 3575/7947/440
f 3571/7936/444 3576/7951/444 3575/7948/444 3572/7939/444
f 3574/7946/2 3576/7952/2 3571/7937/2 3570/7934/2
f 3569/7931/3 3572/7940/3 3575/7949/3 3573/7943/3
f 3550/7883/2 3579/7957/2 3583/7966/2 3547/7878/2
f 3546/7875/3 3582/7963/3 3585/7969/3 3543/7869/3
f 3545/7873/436 3586/7971/436 3582/7964/436 3546/7876/436
f 3543/7870/436 3585/7970/436 3579/7958/436 3550/7884/436
f 3552/7887/2 3580/7959/2 3587/7974/2 3549/7882/2
f 3544/7872/3 3578/7956/3 3584/7968/3 3541/7866/3
f 3548/7880/3 3581/7962/3 3588/7975/3 3551/7885/3
f 3577/7954/2 3586/7972/2 3545/7874/2 3542/7868/2
f 3588/7976/437 3580/7960/437 3552/7888/437 3551/7886/437
f 3598/7996/434 3591/7982/434 3531/7846/434 3530/7844/434
f 3597/7994/434 3594/7988/434 3539/7862/434 3532/7848/434
f 3536/7856/435 3595/7990/435 3589/7978/435 3537/7858/435
l 3641 3642
l 3657 3658
l 3657 3661
l 3609 3610
l 3625 3631
l 3649 3651
l 3649 3652
l 3617 3618
l 3601 3605
l 3601 3610
l 3602 3603
l 3634 3635
l 3666 3667
l 3626 3631
l 3658 3659
l 3634 3637
l 3642 3643
l 3602 3606
l 3611 3612
l 3619 3620
l 3619 3622
l 3627 3630
l 3627 3632
l 3635 3638
l 3659 3666
l 3603 3604
l 3604 3611
l 3620 3623
l 3628 3633
l 3636 3639
l 3644 3650
l 3644 3654
l 3660 3661
l 3613 3614
l 3621 3624
l 3629 3630
l 3629 3633
l 3645 3648
l 3645 3654
l 3653 3655
l 3613 3616
l 3605 3606
l 3614 3617
l 3638 3639
l 3646 3652
l 3646 3653
l 3662 3663
l 3662 3667
l 3607 3612
l 3615 3618
l 3615 3622
l 3623 3624
l 3647 3650
l 3647 3651
l 3663 3664
l 3607 3608
l 3664 3665
l 3608 3609
l 3616 3621
l 3640 3641
l 3648 3655
l 3656 3660
l 3656 3665
