mtllib track_switch_parallel_left_inactive.mtl
usemtl Mat_1
# WaveFront *.obj file (generated by CINEMA 4D) Fixed by Obj_fixer; Copyright Spitfire4466, Mrbrutal

g track_switch_parallel_inactive
v -2.800477 0.025864 -7.000000
v -2.860477 0.025864 -7.000000
v -2.860477 0.025864 -8.000000
v -2.800477 0.025864 -8.000000
v -2.852366 0.085864 -7.000000
v -2.808588 0.085864 -7.000000
v -2.860477 0.041350 -7.000000
v -2.860477 0.041350 -8.000000
v -2.852366 0.085864 -8.000000
v -2.818222 0.041350 -7.000000
v -2.842732 0.041350 -7.000000
v -2.818222 0.071645 -7.000000
v -2.818222 0.071645 -8.000000
v -2.852366 0.071645 -7.000000
v -2.842732 0.071645 -7.000000
v -2.842732 0.041350 -8.000000
v -2.852366 0.071645 -8.000000
v -2.842732 0.071645 -8.000000
v -2.818222 0.041350 -8.000000
v -2.808588 0.071645 -7.000000
v -2.808588 0.071645 -8.000000
v -2.800477 0.041350 -8.000000
v -2.800477 0.041350 -7.000000
v -2.808588 0.085864 -8.000000
v -2.199523 0.025864 -7.000000
v -2.139523 0.025864 -7.000000
v -2.139523 0.025864 -8.000000
v -2.199523 0.025864 -8.000000
v -2.147634 0.085864 -7.000000
v -2.191412 0.085864 -7.000000
v -2.139523 0.041350 -7.000000
v -2.139523 0.041350 -8.000000
v -2.147634 0.085864 -8.000000
v -2.181778 0.041350 -7.000000
v -2.157268 0.041350 -7.000000
v -2.181778 0.071645 -7.000000
v -2.181778 0.071645 -8.000000
v -2.147634 0.071645 -7.000000
v -2.157268 0.071645 -7.000000
v -2.157268 0.041350 -8.000000
v -2.147634 0.071645 -8.000000
v -2.157268 0.071645 -8.000000
v -2.181778 0.041350 -8.000000
v -2.191412 0.071645 -7.000000
v -2.191412 0.071645 -8.000000
v -2.199523 0.041350 -8.000000
v -2.199523 0.041350 -7.000000
v -2.191412 0.085864 -8.000000
v -2.182133 -0.025218 -7.110000
v -2.182133 0.054782 -7.110000
v -2.212133 -0.025218 -7.110000
v -2.212133 0.054782 -7.110000
v -2.212133 -0.025218 -7.140000
v -2.212133 0.054782 -7.140000
v -2.182133 -0.025218 -7.140000
v -2.182133 0.054782 -7.140000
v -2.817867 -0.025218 -7.110000
v -2.817867 0.054782 -7.110000
v -2.787867 -0.025218 -7.110000
v -2.787867 0.054782 -7.110000
v -2.787867 -0.025218 -7.140000
v -2.787867 0.054782 -7.140000
v -2.817867 -0.025218 -7.140000
v -2.817867 0.054782 -7.140000
v -2.182133 -0.025218 -7.360000
v -2.182133 0.054782 -7.360000
v -2.212133 -0.025218 -7.360000
v -2.212133 0.054782 -7.360000
v -2.212133 -0.025218 -7.390000
v -2.212133 0.054782 -7.390000
v -2.182133 -0.025218 -7.390000
v -2.182133 0.054782 -7.390000
v -2.817867 -0.025218 -7.360000
v -2.817867 0.054782 -7.360000
v -2.787867 -0.025218 -7.360000
v -2.787867 0.054782 -7.360000
v -2.787867 -0.025218 -7.390000
v -2.787867 0.054782 -7.390000
v -2.817867 -0.025218 -7.390000
v -2.817867 0.054782 -7.390000
v -2.182133 -0.025218 -7.610000
v -2.182133 0.054782 -7.610000
v -2.212133 -0.025218 -7.610000
v -2.212133 0.054782 -7.610000
v -2.212133 -0.025218 -7.640000
v -2.212133 0.054782 -7.640000
v -2.182133 -0.025218 -7.640000
v -2.182133 0.054782 -7.640000
v -2.817867 -0.025218 -7.610000
v -2.817867 0.054782 -7.610000
v -2.787867 -0.025218 -7.610000
v -2.787867 0.054782 -7.610000
v -2.787867 -0.025218 -7.640000
v -2.787867 0.054782 -7.640000
v -2.817867 -0.025218 -7.640000
v -2.817867 0.054782 -7.640000
v -2.182133 -0.025218 -7.860000
v -2.182133 0.054782 -7.860000
v -2.212133 -0.025218 -7.860000
v -2.212133 0.054782 -7.860000
v -2.212133 -0.025218 -7.890000
v -2.212133 0.054782 -7.890000
v -2.182133 -0.025218 -7.890000
v -2.182133 0.054782 -7.890000
v -2.817867 -0.025218 -7.860000
v -2.817867 0.054782 -7.860000
v -2.787867 -0.025218 -7.860000
v -2.787867 0.054782 -7.860000
v -2.787867 -0.025218 -7.890000
v -2.787867 0.054782 -7.890000
v -2.817867 -0.025218 -7.890000
v -2.817867 0.054782 -7.890000
v -2.030000 -0.029939 -7.805000
v -2.030000 0.030061 -7.805000
v -2.970000 -0.029939 -7.805000
v -2.970000 0.030061 -7.805000
v -2.970000 -0.029939 -7.945000
v -2.970000 0.030061 -7.945000
v -2.030000 -0.029939 -7.945000
v -2.030000 0.030061 -7.945000
v -2.030000 -0.029939 -7.555000
v -2.030000 0.030061 -7.555000
v -2.970000 -0.029939 -7.555000
v -2.970000 0.030061 -7.555000
v -2.970000 -0.029939 -7.695000
v -2.970000 0.030061 -7.695000
v -2.030000 -0.029939 -7.695000
v -2.030000 0.030061 -7.695000
v -2.030000 -0.029939 -7.305000
v -2.030000 0.030061 -7.305000
v -2.970000 -0.029939 -7.305000
v -2.970000 0.030061 -7.305000
v -2.970000 -0.029939 -7.445000
v -2.970000 0.030061 -7.445000
v -2.030000 -0.029939 -7.445000
v -2.030000 0.030061 -7.445000
v -2.030000 -0.029939 -7.055000
v -2.030000 0.030061 -7.055000
v -2.970000 -0.029939 -7.055000
v -2.970000 0.030061 -7.055000
v -2.970000 -0.029939 -7.195000
v -2.970000 0.030061 -7.195000
v -2.030000 -0.029939 -7.195000
v -2.030000 0.030061 -7.195000
v 0.198778 0.025859 0.176319
v 0.139980 0.025852 0.188266
v 0.017676 0.025910 -0.693195
v -0.041122 0.025903 -0.681248
v 0.147922 0.085853 0.186656
v 0.190824 0.085858 0.177939
v 0.139978 0.041338 0.188267
v -0.033180 0.085904 -0.682858
v 0.009722 0.085909 -0.691575
v 0.181387 0.041343 0.179854
v 0.157368 0.041340 0.184734
v 0.181384 0.071638 0.179856
v -0.041124 0.041390 -0.681246
v 0.147923 0.071634 0.186655
v 0.157364 0.071635 0.184737
v 0.000285 0.041395 -0.689660
v -0.023734 0.041392 -0.684780
v 0.000282 0.071689 -0.689658
v -0.033179 0.071685 -0.682859
v 0.190825 0.071639 0.177938
v -0.023737 0.071686 -0.684777
v 0.009723 0.071690 -0.691576
v 0.198776 0.041345 0.176320
v 0.017675 0.041397 -0.693194
v 0.651627 0.025925 -0.065002
v 0.711467 0.025932 -0.069370
v 0.590595 0.025986 -0.886944
v 0.650436 0.025992 -0.891312
v 0.703372 0.085931 -0.068775
v 0.659709 0.085926 -0.065588
v 0.711466 0.041418 -0.069369
v 0.642340 0.085991 -0.890717
v 0.598678 0.085987 -0.887530
v 0.669323 0.041414 -0.066293
v 0.693768 0.041417 -0.068077
v 0.669320 0.071708 -0.066290
v 0.650434 0.041479 -0.891311
v 0.703373 0.071712 -0.068776
v 0.693765 0.071711 -0.068075
v 0.608291 0.041474 -0.888235
v 0.632736 0.041477 -0.890019
v 0.608288 0.071769 -0.888232
v 0.642342 0.071772 -0.890718
v 0.659711 0.071707 -0.065589
v 0.632733 0.071771 -0.890017
v 0.598679 0.071768 -0.887531
v 0.651625 0.041412 -0.065001
v 0.590593 0.041472 -0.886943
v 0.016768 0.025911 -0.694397
v -0.038289 0.025903 -0.670549
v -0.332055 0.025937 -1.499727
v -0.387112 0.025929 -1.475880
v -0.030853 0.085904 -0.673768
v 0.009319 0.085910 -0.691168
v -0.038291 0.041390 -0.670548
v -0.379676 0.085930 -1.479099
v -0.339504 0.085936 -1.496499
v 0.000483 0.041395 -0.687343
v -0.022008 0.041392 -0.677601
v 0.000480 0.071689 -0.687340
v -0.387114 0.041416 -1.475878
v -0.030852 0.071685 -0.673769
v -0.022011 0.071686 -0.677599
v -0.348340 0.041421 -1.492673
v -0.370831 0.041418 -1.482931
v -0.348343 0.071716 -1.492671
v -0.379675 0.071711 -1.479100
v 0.009321 0.071691 -0.691170
v -0.370834 0.071713 -1.482929
v -0.339502 0.071717 -1.496500
v 0.016766 0.041397 -0.694396
v -0.332057 0.041424 -1.499726
v 0.594581 0.025985 -0.872380
v 0.649639 0.025993 -0.896228
v 0.236775 0.026012 -1.698450
v 0.291832 0.026020 -1.722298
v 0.642190 0.085992 -0.893000
v 0.602018 0.085986 -0.875599
v 0.649637 0.041480 -0.896227
v 0.284384 0.086019 -1.719069
v 0.244211 0.086013 -1.701669
v 0.610863 0.041474 -0.879432
v 0.633354 0.041477 -0.889174
v 0.610860 0.071769 -0.879430
v 0.291831 0.041507 -1.722297
v 0.642191 0.071773 -0.893001
v 0.633351 0.071772 -0.889171
v 0.253057 0.041501 -1.705502
v 0.275548 0.041504 -1.715244
v 0.253054 0.071796 -1.705499
v 0.284385 0.071800 -1.719070
v 0.602019 0.071767 -0.875600
v 0.275544 0.071799 -1.715241
v 0.244213 0.071794 -1.701670
v 0.594580 0.041472 -0.872379
v 0.236774 0.041499 -1.698449
v 0.566823 -0.025091 -0.980234
v 0.566815 0.054909 -0.980228
v 0.539295 -0.025095 -0.968310
v 0.539286 0.054905 -0.968304
v 0.527371 -0.025094 -0.995839
v 0.527362 0.054906 -0.995833
v 0.554899 -0.025090 -1.007763
v 0.554891 0.054910 -1.007756
v -0.016538 -0.025172 -0.727555
v -0.016547 0.054828 -0.727549
v 0.010990 -0.025168 -0.739479
v 0.010982 0.054832 -0.739473
v -0.000934 -0.025167 -0.767008
v -0.000942 0.054833 -0.767001
v -0.028462 -0.025171 -0.755084
v -0.028471 0.054829 -0.755078
v 0.467458 -0.025084 -1.209639
v 0.467450 0.054916 -1.209633
v 0.439930 -0.025087 -1.197715
v 0.439921 0.054913 -1.197709
v 0.428006 -0.025086 -1.225244
v 0.427997 0.054914 -1.225238
v 0.455534 -0.025083 -1.237168
v 0.455526 0.054917 -1.237161
v -0.115903 -0.025165 -0.956960
v -0.115912 0.054835 -0.956954
v -0.088375 -0.025161 -0.968884
v -0.088383 0.054839 -0.968878
v -0.100299 -0.025160 -0.996413
v -0.100307 0.054840 -0.996406
v -0.127827 -0.025164 -0.984489
v -0.127836 0.054836 -0.984483
v 0.368093 -0.025076 -1.439044
v 0.368085 0.054924 -1.439038
v 0.340565 -0.025080 -1.427120
v 0.340556 0.054920 -1.427114
v 0.328641 -0.025079 -1.454649
v 0.328632 0.054921 -1.454642
v 0.356169 -0.025075 -1.466572
v 0.356161 0.054925 -1.466566
v -0.215268 -0.025157 -1.186365
v -0.215277 0.054843 -1.186359
v -0.187740 -0.025153 -1.198289
v -0.187748 0.054847 -1.198283
v -0.199664 -0.025152 -1.225817
v -0.199672 0.054848 -1.225811
v -0.227192 -0.025156 -1.213894
v -0.227201 0.054844 -1.213887
v 0.268728 -0.025069 -1.668449
v 0.268720 0.054931 -1.668442
v 0.241200 -0.025072 -1.656525
v 0.241191 0.054928 -1.656519
v 0.229276 -0.025071 -1.684054
v 0.229267 0.054929 -1.684047
v 0.256804 -0.025068 -1.695977
v 0.256796 0.054932 -1.695971
v -0.314633 -0.025150 -1.415770
v -0.314642 0.054850 -1.415764
v -0.287105 -0.025146 -1.427694
v -0.287113 0.054854 -1.427687
v -0.299029 -0.025145 -1.455222
v -0.299037 0.054855 -1.455216
v -0.326557 -0.025149 -1.443299
v -0.326566 0.054851 -1.443292
v 0.430189 -0.029772 -1.678447
v 0.430183 0.028321 -1.678442
v -0.432373 -0.029892 -1.304834
v -0.432379 0.028201 -1.304830
v -0.488017 -0.029887 -1.433301
v -0.488024 0.028205 -1.433297
v 0.374545 -0.029767 -1.806914
v 0.374539 0.028325 -1.806909
v 0.529554 -0.029779 -1.449042
v 0.529548 0.028314 -1.449037
v -0.333008 -0.029899 -1.075430
v -0.333014 0.028194 -1.075425
v -0.388652 -0.029895 -1.203896
v -0.388658 0.028198 -1.203892
v 0.473910 -0.029775 -1.577509
v 0.473904 0.028318 -1.577504
v 0.628919 -0.029787 -1.219637
v 0.628913 0.028306 -1.219633
v -0.233643 -0.029907 -0.846025
v -0.233649 0.028186 -0.846020
v -0.289287 -0.029902 -0.974491
v -0.289293 0.028190 -0.974487
v 0.573275 -0.029782 -1.348104
v 0.573269 0.028310 -1.348099
v 0.728284 -0.029794 -0.990232
v 0.728278 0.028299 -0.990228
v -0.134278 -0.029914 -0.616620
v -0.134284 0.028179 -0.616615
v -0.189922 -0.029910 -0.745087
v -0.189928 0.028183 -0.745082
v 0.672640 -0.029790 -1.118699
v 0.672634 0.028303 -1.118694
v -0.331244 0.025937 -1.498300
v -0.382434 0.025930 -1.467002
v -0.757948 0.025941 -2.196216
v -0.809138 0.025933 -2.164918
v -0.375521 0.085931 -1.471228
v -0.338170 0.085936 -1.494065
v -0.382436 0.041416 -1.467001
v -0.802225 0.085934 -2.169145
v -0.764874 0.085940 -2.191981
v -0.346385 0.041421 -1.489042
v -0.367296 0.041418 -1.476257
v -0.346388 0.071716 -1.489040
v -0.809140 0.041420 -2.164917
v -0.375519 0.071712 -1.471229
v -0.367300 0.071713 -1.476255
v -0.773089 0.041425 -2.186958
v -0.794000 0.041422 -2.174173
v -0.773092 0.071720 -2.186956
v -0.802223 0.071715 -2.169146
v -0.338168 0.071717 -1.494066
v -0.794004 0.071717 -2.174171
v -0.764873 0.071721 -2.191982
v -0.331245 0.041424 -1.498298
v -0.757950 0.041428 -2.196215
v 0.147226 0.026016 -1.867791
v 0.198416 0.026024 -1.899089
v -0.264674 0.026020 -2.541493
v -0.213484 0.026027 -2.572791
v 0.191490 0.086023 -1.894854
v 0.154139 0.086017 -1.872018
v 0.198414 0.041510 -1.899088
v -0.220410 0.086026 -2.568556
v -0.257761 0.086021 -2.545720
v 0.162363 0.041505 -1.877047
v 0.183275 0.041508 -1.889832
v 0.162360 0.071799 -1.877044
v -0.213485 0.041514 -2.572790
v 0.191491 0.071804 -1.894855
v 0.183271 0.071802 -1.889829
v -0.249536 0.041508 -2.550749
v -0.228625 0.041512 -2.563534
v -0.249540 0.071803 -2.550746
v -0.220409 0.071807 -2.568557
v 0.154140 0.071798 -1.872019
v -0.228628 0.071806 -2.563531
v -0.257759 0.071802 -2.545721
v 0.147224 0.041502 -1.867790
v -0.264676 0.041506 -2.541492
v 0.155594 -0.025064 -1.887454
v 0.155585 0.054936 -1.887449
v 0.129999 -0.025068 -1.871806
v 0.129990 0.054932 -1.871800
v 0.114350 -0.025068 -1.897401
v 0.114341 0.054932 -1.897395
v 0.139945 -0.025064 -1.913050
v 0.139936 0.054936 -1.913044
v -0.378061 -0.025147 -1.541549
v -0.378069 0.054853 -1.541543
v -0.352466 -0.025143 -1.557198
v -0.352474 0.054857 -1.557192
v -0.368114 -0.025143 -1.582793
v -0.368123 0.054857 -1.582787
v -0.393710 -0.025146 -1.567144
v -0.393718 0.054854 -1.567138
v 0.032552 -0.025063 -2.088702
v 0.032543 0.054937 -2.088696
v 0.006956 -0.025067 -2.073053
v 0.006948 0.054933 -2.073047
v -0.008692 -0.025066 -2.098648
v -0.008701 0.054934 -2.098642
v 0.016903 -0.025063 -2.114297
v 0.016894 0.054937 -2.114291
v -0.509839 -0.025145 -1.757085
v -0.509848 0.054855 -1.757080
v -0.484244 -0.025141 -1.772734
v -0.484253 0.054859 -1.772729
v -0.499893 -0.025141 -1.798329
v -0.499902 0.054859 -1.798324
v -0.525488 -0.025145 -1.782681
v -0.525497 0.054855 -1.782675
v -0.085472 -0.025062 -2.281740
v -0.085480 0.054938 -2.281734
v -0.111067 -0.025066 -2.266091
v -0.111075 0.054934 -2.266086
v -0.126716 -0.025065 -2.291687
v -0.126724 0.054935 -2.291681
v -0.101120 -0.025061 -2.307335
v -0.101129 0.054939 -2.307330
v -0.627862 -0.025144 -1.950124
v -0.627871 0.054856 -1.950118
v -0.602267 -0.025140 -1.965773
v -0.602276 0.054860 -1.965767
v -0.617916 -0.025140 -1.991368
v -0.617925 0.054860 -1.991362
v -0.643511 -0.025144 -1.975719
v -0.643520 0.054856 -1.975713
v -0.206297 -0.025061 -2.479361
v -0.206305 0.054939 -2.479356
v -0.231892 -0.025064 -2.463713
v -0.231901 0.054936 -2.463707
v -0.247541 -0.025064 -2.489308
v -0.247549 0.054936 -2.489302
v -0.221946 -0.025060 -2.504957
v -0.221954 0.054940 -2.504951
v -0.748688 -0.025143 -2.147745
v -0.748696 0.054857 -2.147739
v -0.723092 -0.025139 -2.163394
v -0.723101 0.054861 -2.163388
v -0.738741 -0.025139 -2.188989
v -0.738750 0.054861 -2.188983
v -0.764336 -0.025143 -2.173340
v -0.764345 0.054857 -2.173335
v -0.047811 -0.029762 -2.511794
v -0.047817 0.030238 -2.511790
v -0.849793 -0.029884 -2.021464
v -0.849800 0.030116 -2.021460
v -0.922821 -0.029884 -2.140908
v -0.922828 0.030116 -2.140904
v -0.120839 -0.029761 -2.631238
v -0.120845 0.030239 -2.631234
v 0.073014 -0.029763 -2.314173
v 0.073008 0.030237 -2.314169
v -0.728968 -0.029885 -1.823843
v -0.728975 0.030115 -1.823838
v -0.801996 -0.029885 -1.943287
v -0.802003 0.030115 -1.943283
v -0.000013 -0.029762 -2.433617
v -0.000020 0.030238 -2.433613
v 0.191038 -0.029764 -2.121135
v 0.191031 0.030236 -2.121130
v -0.610945 -0.029886 -1.630804
v -0.610952 0.030114 -1.630800
v -0.683973 -0.029886 -1.750249
v -0.683980 0.030114 -1.750244
v 0.118010 -0.029763 -2.240579
v 0.118003 0.030237 -2.240574
v 0.322816 -0.029765 -1.905598
v 0.322810 0.030235 -1.905594
v -0.479167 -0.029888 -1.415268
v -0.479173 0.030112 -1.415263
v -0.552194 -0.029887 -1.534712
v -0.552201 0.030113 -1.534708
v 0.249788 -0.029765 -2.025042
v 0.249782 0.030235 -2.025038
v -0.756640 0.025942 -2.195458
v -0.805991 0.025935 -2.161333
v -1.374731 0.025921 -2.983851
v -1.325380 0.025929 -3.017975
v -0.799327 0.085936 -2.165943
v -0.763318 0.085941 -2.190841
v -0.805993 0.041421 -2.161332
v -1.374733 0.041408 -2.983850
v -1.368067 0.085922 -2.988460
v -0.771238 0.041427 -2.185365
v -0.791398 0.041423 -2.171425
v -0.771241 0.071721 -2.185363
v -1.339981 0.071708 -3.007880
v -0.799326 0.071717 -2.165943
v -0.791401 0.071718 -2.171423
v -1.360137 0.041410 -2.993942
v -1.368065 0.071703 -2.988461
v -1.360141 0.071705 -2.993940
v -1.339977 0.041413 -3.007882
v -0.763317 0.071722 -2.190842
v -1.332057 0.071709 -3.013360
v -1.325382 0.041415 -3.017974
v -0.756642 0.041429 -2.195457
v -1.332058 0.085928 -3.013359
v -0.262345 0.026021 -2.537244
v -0.212994 0.026028 -2.571369
v -0.821504 0.026007 -3.345906
v -0.772153 0.026015 -3.380031
v -0.219672 0.086027 -2.566752
v -0.255681 0.086022 -2.541853
v -0.212996 0.041515 -2.571368
v -0.778831 0.086014 -3.375414
v -0.814840 0.086008 -3.350515
v -0.247751 0.041509 -2.547336
v -0.227591 0.041513 -2.561275
v -0.247755 0.071804 -2.547334
v -0.772155 0.041502 -3.380030
v -0.219670 0.071808 -2.566753
v -0.227595 0.071807 -2.561274
v -0.806910 0.041496 -3.355997
v -0.786750 0.041499 -3.369937
v -0.806914 0.071791 -3.355996
v -0.778829 0.071795 -3.375415
v -0.255679 0.071803 -2.541854
v -0.786754 0.071794 -3.369935
v -0.814838 0.071789 -3.350516
v -0.262347 0.041507 -2.537243
v -0.821506 0.041494 -3.345905
v -0.319517 -0.025061 -2.650514
v -0.319526 0.054939 -2.650509
v -0.344192 -0.025065 -2.633452
v -0.344201 0.054935 -2.633447
v -0.361254 -0.025065 -2.658128
v -0.361264 0.054935 -2.658123
v -0.336579 -0.025061 -2.675190
v -0.336588 0.054939 -2.675185
v -0.842419 -0.025143 -2.288947
v -0.842428 0.054857 -2.288942
v -0.817743 -0.025140 -2.306010
v -0.817752 0.054860 -2.306005
v -0.834806 -0.025140 -2.330685
v -0.834815 0.054860 -2.330680
v -0.859481 -0.025144 -2.313623
v -0.859490 0.054856 -2.313618
v -0.452782 -0.025064 -2.843244
v -0.452791 0.054936 -2.843239
v -0.477458 -0.025068 -2.826182
v -0.477467 0.054932 -2.826177
v -0.494520 -0.025068 -2.850857
v -0.494529 0.054932 -2.850852
v -0.469844 -0.025064 -2.867920
v -0.469853 0.054936 -2.867915
v -0.975684 -0.025147 -2.481677
v -0.975693 0.054853 -2.481672
v -0.951009 -0.025143 -2.498739
v -0.951018 0.054857 -2.498734
v -0.968071 -0.025143 -2.523415
v -0.968080 0.054857 -2.523410
v -0.992746 -0.025147 -2.506353
v -0.992756 0.054853 -2.506348
v -0.594967 -0.025067 -3.048873
v -0.594976 0.054933 -3.048868
v -0.619643 -0.025071 -3.031811
v -0.619652 0.054929 -3.031806
v -0.636705 -0.025072 -3.056487
v -0.636714 0.054928 -3.056482
v -0.612029 -0.025068 -3.073549
v -0.612038 0.054932 -3.073544
v -1.117869 -0.025150 -2.687307
v -1.117878 0.054850 -2.687301
v -1.093194 -0.025146 -2.704369
v -1.093203 0.054854 -2.704364
v -1.110256 -0.025146 -2.729044
v -1.110265 0.054854 -2.729039
v -1.134931 -0.025150 -2.711982
v -1.134940 0.054850 -2.711977
v -0.737152 -0.025071 -3.254503
v -0.737161 0.054929 -3.254498
v -0.761827 -0.025075 -3.237441
v -0.761837 0.054925 -3.237436
v -0.778890 -0.025075 -3.262116
v -0.778899 0.054925 -3.262111
v -0.754214 -0.025071 -3.279178
v -0.754223 0.054929 -3.279173
v -1.260054 -0.025153 -2.892936
v -1.260063 0.054847 -2.892931
v -1.235379 -0.025149 -2.909998
v -1.235388 0.054851 -2.909993
v -1.252441 -0.025150 -2.934674
v -1.252450 0.054850 -2.934669
v -1.277116 -0.025154 -2.917611
v -1.277125 0.054846 -2.917606
v -0.580739 -0.029771 -3.295789
v -0.580745 0.030229 -3.295785
v -1.353905 -0.029893 -2.761174
v -1.353912 0.030107 -2.761170
v -1.433529 -0.029895 -2.876326
v -1.433535 0.030105 -2.876322
v -0.660362 -0.029773 -3.410941
v -0.660369 0.030227 -3.410938
v -0.438554 -0.029768 -3.090159
v -0.438560 0.030232 -3.090156
v -1.211720 -0.029890 -2.555544
v -1.211727 0.030110 -2.555540
v -1.291344 -0.029892 -2.670697
v -1.291351 0.030108 -2.670693
v -0.518177 -0.029770 -3.205312
v -0.518184 0.030230 -3.205308
v -0.296369 -0.029764 -2.884530
v -0.296376 0.030236 -2.884526
v -1.069535 -0.029886 -2.349915
v -1.069542 0.030114 -2.349911
v -1.149159 -0.029888 -2.465067
v -1.149166 0.030112 -2.465063
v -0.375992 -0.029766 -2.999683
v -0.375999 0.030234 -2.999679
v -0.163103 -0.029761 -2.691800
v -0.163110 0.030239 -2.691797
v -0.936270 -0.029883 -2.157185
v -0.936277 0.030117 -2.157181
v -1.015893 -0.029885 -2.272337
v -1.015900 0.030115 -2.272334
v -0.242727 -0.029763 -2.806953
v -0.242734 0.030237 -2.806949
v -1.323775 0.025930 -3.014536
v -1.373894 0.025922 -2.981551
v -1.923649 0.025897 -3.816877
v -1.873530 0.025905 -3.849862
v -1.367127 0.085923 -2.986007
v -1.330557 0.085929 -3.010074
v -1.373896 0.041408 -2.981550
v -1.923651 0.041384 -3.816876
v -1.916881 0.085898 -3.821333
v -1.338600 0.041414 -3.004780
v -1.359073 0.041411 -2.991306
v -1.338603 0.071708 -3.004779
v -1.888358 0.071684 -3.840105
v -1.367125 0.071704 -2.986008
v -1.359077 0.071705 -2.991304
v -1.908828 0.041386 -3.826632
v -1.916880 0.071679 -3.821334
v -1.908832 0.071681 -3.826630
v -1.888354 0.041389 -3.840106
v -1.330556 0.071710 -3.010075
v -1.880310 0.071685 -3.845401
v -1.873531 0.041392 -3.849862
v -1.323777 0.041416 -3.014536
v -1.880312 0.085904 -3.845400
v -0.821782 0.026008 -3.344914
v -0.771663 0.026016 -3.377899
v -1.321417 0.025991 -4.213225
v -1.371537 0.025984 -4.180240
v -0.778445 0.086015 -3.373437
v -0.815014 0.086009 -3.349370
v -0.771664 0.041502 -3.377898
v -1.321419 0.041478 -4.213224
v -1.328200 0.085990 -4.208763
v -0.806961 0.041497 -3.354668
v -0.786487 0.041500 -3.368143
v -0.806965 0.071791 -3.354667
v -1.356720 0.071767 -4.189993
v -0.778443 0.071796 -3.373438
v -0.786491 0.071795 -3.368141
v -1.336242 0.041476 -4.203469
v -1.328198 0.071771 -4.208764
v -1.336246 0.071770 -4.203467
v -1.356716 0.041472 -4.189994
v -0.815013 0.071790 -3.349370
v -1.364767 0.071766 -4.184696
v -1.371539 0.041470 -4.180239
v -0.821784 0.041495 -3.344913
v -1.364769 0.085985 -4.184696
v -0.867723 -0.025074 -3.446362
v -0.867733 0.054926 -3.446358
v -0.892783 -0.025078 -3.429870
v -0.892792 0.054922 -3.429866
v -0.909275 -0.025079 -3.454929
v -0.909285 0.054921 -3.454925
v -0.884215 -0.025075 -3.471422
v -0.884225 0.054925 -3.471418
v -1.398768 -0.025157 -3.096865
v -1.398778 0.054843 -3.096861
v -1.373708 -0.025153 -3.113357
v -1.373718 0.054847 -3.113353
v -1.390201 -0.025154 -3.138417
v -1.390210 0.054846 -3.138413
v -1.415260 -0.025158 -3.121925
v -1.415270 0.054842 -3.121920
v -1.005161 -0.025080 -3.655194
v -1.005171 0.054920 -3.655190
v -1.030221 -0.025084 -3.638701
v -1.030231 0.054916 -3.638697
v -1.046714 -0.025085 -3.663761
v -1.046724 0.054915 -3.663757
v -1.021654 -0.025081 -3.680254
v -1.021664 0.054919 -3.680250
v -1.536206 -0.025163 -3.305696
v -1.536216 0.054837 -3.305692
v -1.511147 -0.025159 -3.322189
v -1.511156 0.054841 -3.322185
v -1.527639 -0.025160 -3.347249
v -1.527649 0.054840 -3.347245
v -1.552699 -0.025164 -3.330756
v -1.552709 0.054836 -3.330752
v -1.142600 -0.025086 -3.864025
v -1.142610 0.054914 -3.864021
v -1.167660 -0.025090 -3.847533
v -1.167670 0.054910 -3.847529
v -1.184153 -0.025091 -3.872593
v -1.184162 0.054909 -3.872588
v -1.159093 -0.025087 -3.889085
v -1.159103 0.054913 -3.889081
v -1.673645 -0.025169 -3.514528
v -1.673655 0.054831 -3.514524
v -1.648585 -0.025166 -3.531020
v -1.648595 0.054834 -3.531016
v -1.665078 -0.025166 -3.556080
v -1.665088 0.054834 -3.556076
v -1.690138 -0.025170 -3.539588
v -1.690148 0.054830 -3.539583
v -1.280039 -0.025093 -4.072857
v -1.280049 0.054907 -4.072853
v -1.305099 -0.025097 -4.056364
v -1.305108 0.054903 -4.056360
v -1.321591 -0.025097 -4.081424
v -1.321601 0.054903 -4.081420
v -1.296531 -0.025093 -4.097917
v -1.296541 0.054907 -4.097913
v -1.811084 -0.025176 -3.723359
v -1.811094 0.054824 -3.723355
v -1.786024 -0.025172 -3.739852
v -1.786034 0.054828 -3.739848
v -1.802517 -0.025172 -3.764912
v -1.802526 0.054828 -3.764908
v -1.827576 -0.025176 -3.748419
v -1.827586 0.054824 -3.748415
v -1.122721 -0.029792 -4.110550
v -1.122728 0.030208 -4.110547
v -1.907927 -0.029915 -3.593781
v -1.907935 0.030085 -3.593778
v -1.984893 -0.029918 -3.710726
v -1.984900 0.030082 -3.710723
v -1.199687 -0.029796 -4.227496
v -1.199694 0.030204 -4.227493
v -0.985282 -0.029786 -3.901719
v -0.985290 0.030214 -3.901716
v -1.770489 -0.029909 -3.384949
v -1.770496 0.030091 -3.384946
v -1.847454 -0.029912 -3.501895
v -1.847462 0.030088 -3.501892
v -1.062248 -0.029790 -4.018664
v -1.062255 0.030210 -4.018661
v -0.847844 -0.029780 -3.692887
v -0.847851 0.030220 -3.692884
v -1.633050 -0.029903 -3.176118
v -1.633057 0.030097 -3.176115
v -1.710016 -0.029906 -3.293063
v -1.710023 0.030094 -3.293060
v -0.924809 -0.029783 -3.809833
v -0.924817 0.030217 -3.809830
v -0.710405 -0.029774 -3.484056
v -0.710412 0.030226 -3.484052
v -1.495611 -0.029897 -2.967286
v -1.495619 0.030103 -2.967283
v -1.572577 -0.029900 -3.084232
v -1.572584 0.030100 -3.084229
v -0.787371 -0.029777 -3.601001
v -0.787378 0.030223 -3.600998
v -1.870233 0.025905 -3.845264
v -1.923222 0.025897 -3.817118
v -2.382073 0.025869 -4.671915
v -2.329085 0.025877 -4.700061
v -1.916066 0.085898 -3.820921
v -1.877404 0.085904 -3.841457
v -1.923224 0.041384 -3.817118
v -2.382075 0.041355 -4.671915
v -2.374918 0.085870 -4.675718
v -1.885906 0.041389 -3.836940
v -1.907552 0.041386 -3.825442
v -1.885910 0.071684 -3.836938
v -2.344762 0.071655 -4.691735
v -1.916065 0.071679 -3.820921
v -1.907556 0.071681 -3.825441
v -2.366404 0.041358 -4.680239
v -2.374916 0.071651 -4.675718
v -2.366408 0.071652 -4.680238
v -2.344758 0.041361 -4.691736
v -1.877402 0.071685 -3.841458
v -2.336253 0.071657 -4.696255
v -2.329087 0.041363 -4.700061
v -1.870235 0.041392 -3.845264
v -2.336255 0.085876 -4.696254
v -1.370930 0.025983 -4.177281
v -1.317941 0.025991 -4.205427
v -1.785115 0.025957 -4.957043
v -1.732126 0.025965 -4.985189
v -1.325112 0.085990 -4.201620
v -1.363775 0.085984 -4.181083
v -1.317943 0.041477 -4.205426
v -1.739297 0.085964 -4.981382
v -1.777960 0.085959 -4.960845
v -1.355261 0.041472 -4.185604
v -1.333615 0.041475 -4.197102
v -1.355265 0.071766 -4.185603
v -1.732128 0.041452 -4.985188
v -1.325110 0.071771 -4.201620
v -1.333619 0.071770 -4.197101
v -1.769446 0.041446 -4.965366
v -1.747800 0.041450 -4.976864
v -1.769450 0.071741 -4.965365
v -1.739295 0.071745 -4.981382
v -1.363773 0.071765 -4.181084
v -1.747804 0.071744 -4.976863
v -1.777958 0.071740 -4.960846
v -1.370932 0.041469 -4.177280
v -1.785117 0.041444 -4.957042
v -1.365492 -0.025097 -4.204128
v -1.365503 0.054903 -4.204125
v -1.391986 -0.025101 -4.190055
v -1.391997 0.054899 -4.190052
v -1.406059 -0.025102 -4.216549
v -1.406070 0.054898 -4.216546
v -1.379565 -0.025098 -4.230622
v -1.379576 0.054902 -4.230619
v -1.926938 -0.025182 -3.905906
v -1.926948 0.054818 -3.905903
v -1.900443 -0.025178 -3.919979
v -1.900454 0.054822 -3.919976
v -1.914516 -0.025179 -3.946473
v -1.914527 0.054821 -3.946470
v -1.941011 -0.025183 -3.932400
v -1.941021 0.054817 -3.932397
v -1.482767 -0.025104 -4.424914
v -1.482777 0.054896 -4.424911
v -1.509261 -0.025108 -4.410841
v -1.509272 0.054892 -4.410838
v -1.523334 -0.025109 -4.437336
v -1.523345 0.054891 -4.437333
v -1.496840 -0.025105 -4.451409
v -1.496850 0.054895 -4.451406
v -2.044212 -0.025189 -4.126692
v -2.044223 0.054811 -4.126689
v -2.017718 -0.025185 -4.140765
v -2.017728 0.054815 -4.140762
v -2.031791 -0.025186 -4.167260
v -2.031801 0.054814 -4.167257
v -2.058285 -0.025190 -4.153187
v -2.058296 0.054810 -4.153184
v -1.600042 -0.025112 -4.645701
v -1.600052 0.054888 -4.645698
v -1.626536 -0.025116 -4.631628
v -1.626546 0.054884 -4.631625
v -1.640609 -0.025117 -4.658122
v -1.640619 0.054883 -4.658119
v -1.614114 -0.025113 -4.672195
v -1.614125 0.054887 -4.672192
v -2.161487 -0.025196 -4.347479
v -2.161497 0.054804 -4.347476
v -2.134993 -0.025192 -4.361552
v -2.135003 0.054808 -4.361549
v -2.149066 -0.025193 -4.388046
v -2.149076 0.054807 -4.388043
v -2.175560 -0.025197 -4.373973
v -2.175570 0.054803 -4.373970
v -1.717316 -0.025119 -4.866487
v -1.717327 0.054881 -4.866484
v -1.743811 -0.025123 -4.852414
v -1.743821 0.054877 -4.852411
v -1.757884 -0.025124 -4.878908
v -1.757894 0.054876 -4.878905
v -1.731389 -0.025120 -4.892981
v -1.731400 0.054880 -4.892978
v -2.278762 -0.025203 -4.568265
v -2.278772 0.054797 -4.568262
v -2.252267 -0.025199 -4.582338
v -2.252278 0.054801 -4.582335
v -2.266340 -0.025200 -4.608832
v -2.266351 0.054800 -4.608829
v -2.292835 -0.025204 -4.594759
v -2.292845 0.054796 -4.594757
v -1.557159 -0.029818 -4.889280
v -1.557167 0.030182 -4.889277
v -2.387316 -0.029943 -4.448327
v -2.387324 0.030057 -4.448325
v -2.452990 -0.029947 -4.571967
v -2.452998 0.030053 -4.571965
v -1.622833 -0.029822 -5.012920
v -1.622841 0.030178 -5.012918
v -1.439885 -0.029811 -4.668493
v -1.439893 0.030189 -4.668491
v -2.270042 -0.029936 -4.227540
v -2.270050 0.030064 -4.227538
v -2.335715 -0.029940 -4.351181
v -2.335723 0.030060 -4.351179
v -1.505559 -0.029815 -4.792134
v -1.505566 0.030185 -4.792131
v -1.322610 -0.029804 -4.447707
v -1.322618 0.030196 -4.447705
v -2.152767 -0.029929 -4.006754
v -2.152775 0.030071 -4.006752
v -2.218441 -0.029933 -4.130394
v -2.218449 0.030067 -4.130392
v -1.388284 -0.029808 -4.571347
v -1.388292 0.030192 -4.571345
v -1.205335 -0.029796 -4.226920
v -1.205343 0.030204 -4.226918
v -2.035492 -0.029921 -3.785968
v -2.035500 0.030079 -3.785965
v -2.101166 -0.029925 -3.909608
v -2.101174 0.030075 -3.909606
v -1.271009 -0.029800 -4.350561
v -1.271017 0.030200 -4.350559
v -2.325635 0.025877 -4.692439
v -2.382267 0.025869 -4.672617
v -2.713922 0.025842 -5.611270
v -2.657291 0.025850 -5.631092
v -2.374620 0.085870 -4.675295
v -2.333299 0.085876 -4.689758
v -2.382269 0.041355 -4.672617
v -2.713924 0.041328 -5.611270
v -2.706275 0.085843 -5.613948
v -2.342386 0.041361 -4.686576
v -2.365520 0.041358 -4.678479
v -2.342390 0.071656 -4.686576
v -2.674046 0.071628 -5.625228
v -2.374618 0.071651 -4.675296
v -2.365524 0.071652 -4.678478
v -2.697176 0.041331 -5.617132
v -2.706273 0.071624 -5.613948
v -2.697180 0.071625 -5.617131
v -2.674042 0.041334 -5.625229
v -2.333297 0.071657 -4.689758
v -2.664953 0.071630 -5.628411
v -2.657293 0.041336 -5.631091
v -2.325638 0.041364 -4.692438
v -2.664955 0.085849 -5.628411
v -1.784691 0.025957 -4.957126
v -1.728060 0.025965 -4.976948
v -2.071891 0.025934 -5.777665
v -2.032011 0.041426 -5.791624
v -1.744810 0.041449 -4.971085
v -1.735723 0.085964 -4.974267
v -1.777044 0.085958 -4.959804
v -2.015260 0.025942 -5.797487
v -2.055149 0.071717 -5.783527
v -1.728062 0.041452 -4.976948
v -1.767948 0.071740 -4.962988
v -1.767944 0.041446 -4.962988
v -2.022924 0.085941 -5.794806
v -1.735721 0.071745 -4.974268
v -1.744815 0.071744 -4.971085
v -2.064244 0.085935 -5.780343
v -2.015262 0.041428 -5.797487
v -2.055145 0.041423 -5.783527
v -2.022922 0.071722 -5.794807
v -1.777042 0.071739 -4.959805
v -2.032015 0.071720 -5.791624
v -2.064242 0.071716 -5.780344
v -1.784693 0.041444 -4.957126
v -2.071894 0.041420 -5.777665
v -1.778268 -0.025123 -4.991436
v -1.778279 0.054877 -4.991434
v -1.806584 -0.025127 -4.981525
v -1.806595 0.054873 -4.981523
v -1.816495 -0.025128 -5.009840
v -1.816506 0.054872 -5.009839
v -1.788179 -0.025124 -5.019751
v -1.788190 0.054876 -5.019750
v -2.378308 -0.025210 -4.781413
v -2.378319 0.054790 -4.781411
v -2.349992 -0.025206 -4.791324
v -2.350003 0.054794 -4.791322
v -2.359903 -0.025207 -4.819639
v -2.359914 0.054793 -4.819638
v -2.388219 -0.025211 -4.809729
v -2.388230 0.054789 -4.809727
v -1.860859 -0.025130 -5.227399
v -1.860870 0.054870 -5.227398
v -1.889174 -0.025134 -5.217488
v -1.889185 0.054866 -5.217487
v -1.899085 -0.025135 -5.245804
v -1.899096 0.054865 -5.245802
v -1.870770 -0.025131 -5.255715
v -1.870781 0.054869 -5.255713
v -2.460899 -0.025217 -5.017376
v -2.460910 0.054783 -5.017375
v -2.432583 -0.025213 -5.027287
v -2.432594 0.054787 -5.027286
v -2.442494 -0.025214 -5.055603
v -2.442505 0.054786 -5.055601
v -2.470809 -0.025218 -5.045692
v -2.470820 0.054782 -5.045691
v -1.943449 -0.025137 -5.463363
v -1.943460 0.054863 -5.463361
v -1.971765 -0.025141 -5.453452
v -1.971776 0.054859 -5.453450
v -1.981676 -0.025142 -5.481767
v -1.981687 0.054858 -5.481766
v -1.953360 -0.025138 -5.491678
v -1.953371 0.054862 -5.491677
v -2.543489 -0.025224 -5.253340
v -2.543500 0.054776 -5.253338
v -2.515174 -0.025220 -5.263251
v -2.515185 0.054780 -5.263249
v -2.525084 -0.025221 -5.291567
v -2.525096 0.054779 -5.291565
v -2.553400 -0.025225 -5.281656
v -2.553411 0.054775 -5.281654
v -2.026040 -0.025143 -5.699326
v -2.026051 0.054857 -5.699325
v -2.054356 -0.025148 -5.689415
v -2.054367 0.054852 -5.689414
v -2.064267 -0.025148 -5.717731
v -2.064278 0.054852 -5.717729
v -2.035951 -0.025144 -5.727642
v -2.035962 0.054856 -5.727640
v -2.626080 -0.025231 -5.489304
v -2.626091 0.054769 -5.489302
v -2.597764 -0.025226 -5.499214
v -2.597775 0.054774 -5.499213
v -2.607675 -0.025227 -5.527530
v -2.607686 0.054773 -5.527528
v -2.635991 -0.025231 -5.517619
v -2.636002 0.054769 -5.517618
v -1.864278 -0.029842 -5.697673
v -1.864286 0.030158 -5.697672
v -2.751501 -0.029971 -5.387133
v -2.751509 0.030029 -5.387131
v -2.797752 -0.029975 -5.519272
v -2.797760 0.030025 -5.519271
v -1.910529 -0.029846 -5.829813
v -1.910537 0.030154 -5.829812
v -1.781687 -0.029835 -5.461710
v -1.781696 0.030165 -5.461709
v -2.668910 -0.029964 -5.151169
v -2.668918 0.030036 -5.151168
v -2.715161 -0.029968 -5.283309
v -2.715169 0.030032 -5.283307
v -1.827938 -0.029839 -5.593849
v -1.827946 0.030161 -5.593848
v -1.699097 -0.029829 -5.225746
v -1.699105 0.030171 -5.225745
v -2.586319 -0.029957 -4.915205
v -2.586328 0.030043 -4.915204
v -2.632570 -0.029961 -5.047345
v -2.632579 0.030039 -5.047344
v -1.745347 -0.029832 -5.357886
v -1.745356 0.030168 -5.357885
v -1.616506 -0.029822 -4.989783
v -1.616514 0.030178 -4.989782
v -2.503729 -0.029951 -4.679242
v -2.503737 0.030049 -4.679241
v -2.549980 -0.029954 -4.811382
v -2.549988 0.030046 -4.811380
v -1.662757 -0.029826 -5.121922
v -1.662765 0.030174 -5.121921
v -2.654786 0.025850 -5.620037
v -2.714058 0.025842 -5.610718
v -2.869365 0.025822 -6.598584
v -2.810093 0.025830 -6.607903
v -2.706054 0.085843 -5.611978
v -2.662806 0.085849 -5.618777
v -2.714060 0.041328 -5.610718
v -2.869367 0.041308 -6.598584
v -2.861361 0.085823 -6.599844
v -2.672318 0.041334 -5.617281
v -2.696530 0.041331 -5.613474
v -2.672322 0.071628 -5.617280
v -2.827629 0.071609 -6.605147
v -2.706052 0.071624 -5.611978
v -2.696534 0.071625 -5.613474
v -2.851837 0.041311 -6.601340
v -2.861359 0.071604 -6.599844
v -2.851841 0.071605 -6.601340
v -2.827625 0.041314 -6.605147
v -2.662804 0.071630 -5.618777
v -2.818111 0.071610 -6.606643
v -2.810095 0.041317 -6.607903
v -2.654788 0.041336 -5.620036
v -2.818113 0.085829 -6.606643
v -2.063068 0.085935 -5.777909
v -2.206714 0.025916 -6.639435
v -2.147445 0.041411 -6.648754
v -2.164974 0.041409 -6.645998
v -2.011802 0.041428 -5.785968
v -2.053549 0.071717 -5.779405
v -2.147442 0.025925 -6.648754
v -2.189187 0.041405 -6.642191
v -2.189191 0.071700 -6.642191
v -2.053544 0.041422 -5.779405
v -2.019819 0.071722 -5.784708
v -2.029336 0.071720 -5.783212
v -2.071072 0.025933 -5.776649
v -2.155463 0.085924 -6.647494
v -2.011800 0.025942 -5.785968
v -2.029332 0.041426 -5.783212
v -2.019821 0.085941 -5.784708
v -2.155461 0.071705 -6.647494
v -2.063066 0.071716 -5.777909
v -2.164979 0.071703 -6.645998
v -2.198722 0.071698 -6.640684
v -2.071074 0.041420 -5.776649
v -2.206717 0.041403 -6.639435
v -2.061021 -0.025147 -5.824735
v -2.061032 0.054853 -5.824735
v -2.090657 -0.025151 -5.820076
v -2.090668 0.054849 -5.820076
v -2.095316 -0.025152 -5.849712
v -2.095328 0.054848 -5.849712
v -2.065680 -0.025148 -5.854371
v -2.065692 0.054852 -5.854371
v -2.689041 -0.025237 -5.726001
v -2.689052 0.054763 -5.726001
v -2.659405 -0.025232 -5.730660
v -2.659416 0.054768 -5.730660
v -2.664064 -0.025233 -5.760296
v -2.664075 0.054767 -5.760296
v -2.693700 -0.025237 -5.755637
v -2.693711 0.054763 -5.755637
v -2.099848 -0.025152 -6.071702
v -2.099859 0.054848 -6.071701
v -2.129484 -0.025156 -6.067042
v -2.129495 0.054844 -6.067042
v -2.134143 -0.025157 -6.096678
v -2.134154 0.054843 -6.096678
v -2.104507 -0.025152 -6.101338
v -2.104518 0.054848 -6.101337
v -2.727868 -0.025241 -5.972968
v -2.727879 0.054759 -5.972968
v -2.698232 -0.025237 -5.977627
v -2.698243 0.054763 -5.977627
v -2.702891 -0.025238 -6.007263
v -2.702902 0.054762 -6.007263
v -2.732527 -0.025242 -6.002604
v -2.732538 0.054758 -6.002604
v -2.138675 -0.025157 -6.318668
v -2.138686 0.054843 -6.318668
v -2.168311 -0.025161 -6.314009
v -2.168322 0.054839 -6.314009
v -2.172970 -0.025162 -6.343645
v -2.172981 0.054838 -6.343645
v -2.143334 -0.025157 -6.348304
v -2.143345 0.054843 -6.348304
v -2.766694 -0.025246 -6.219934
v -2.766706 0.054754 -6.219934
v -2.737058 -0.025242 -6.224594
v -2.737070 0.054758 -6.224593
v -2.741718 -0.025243 -6.254230
v -2.741729 0.054757 -6.254229
v -2.771354 -0.025247 -6.249570
v -2.771365 0.054753 -6.249570
v -2.177501 -0.025162 -6.565635
v -2.177513 0.054838 -6.565635
v -2.207137 -0.025166 -6.560976
v -2.207149 0.054834 -6.560975
v -2.211796 -0.025167 -6.590612
v -2.211808 0.054833 -6.590611
v -2.182160 -0.025162 -6.595271
v -2.182172 0.054838 -6.595271
v -2.805521 -0.025251 -6.466901
v -2.805532 0.054749 -6.466901
v -2.775885 -0.025247 -6.471560
v -2.775897 0.054753 -6.471560
v -2.780544 -0.025248 -6.501196
v -2.780556 0.054752 -6.501196
v -2.810180 -0.025252 -6.496537
v -2.810192 0.054748 -6.496537
v -2.018672 -0.029860 -6.534929
v -2.018680 0.030140 -6.534929
v -2.947266 -0.029993 -6.388941
v -2.947274 0.030007 -6.388941
v -2.969009 -0.029995 -6.527242
v -2.969017 0.030005 -6.527242
v -2.040414 -0.029863 -6.673231
v -2.040423 0.030137 -6.673231
v -1.979845 -0.029855 -6.287963
v -1.979853 0.030145 -6.287963
v -2.908439 -0.029988 -6.141974
v -2.908448 0.030012 -6.141974
v -2.930182 -0.029990 -6.280276
v -2.930191 0.030010 -6.280275
v -2.001588 -0.029858 -6.426264
v -2.001596 0.030142 -6.426264
v -1.941018 -0.029850 -6.040996
v -1.941027 0.030150 -6.040996
v -2.869612 -0.029983 -5.895008
v -2.869621 0.030017 -5.895008
v -2.891355 -0.029985 -6.033309
v -2.891364 0.030015 -6.033309
v -1.962761 -0.029853 -6.179298
v -1.962770 0.030147 -6.179297
v -1.902191 -0.029845 -5.794030
v -1.902200 0.030155 -5.794030
v -2.830786 -0.029978 -5.648041
v -2.830794 0.030022 -5.648041
v -2.852528 -0.029981 -5.786342
v -2.852537 0.030019 -5.786342
v -1.923934 -0.029848 -5.932331
v -1.923943 0.030152 -5.932331
v -2.808634 0.025830 -6.598577
v -2.868624 0.025822 -6.599652
v -2.801422 0.025826 -7.000852
v -2.861412 0.025818 -7.001928
v -2.860523 0.085823 -6.599508
v -2.816751 0.085829 -6.598723
v -2.868626 0.041308 -6.599653
v -2.853311 0.085819 -7.001783
v -2.809539 0.085825 -7.000998
v -2.826378 0.041314 -6.598895
v -2.850884 0.041311 -6.599334
v -2.826382 0.071609 -6.598895
v -2.861414 0.041304 -7.001928
v -2.860521 0.071604 -6.599508
v -2.850888 0.071605 -6.599335
v -2.819166 0.041310 -7.001170
v -2.843672 0.041307 -7.001610
v -2.819170 0.071605 -7.001171
v -2.853309 0.071600 -7.001783
v -2.816749 0.071610 -6.598723
v -2.843676 0.071601 -7.001610
v -2.809537 0.071606 -7.000998
v -2.808636 0.041317 -6.598577
v -2.801424 0.041313 -7.000852
v -2.206825 0.025916 -6.640829
v -2.146835 0.025925 -6.639753
v -2.200357 0.025912 -7.001629
v -2.140366 0.025921 -7.000554
v -2.154953 0.085923 -6.639899
v -2.198724 0.085917 -6.640684
v -2.146837 0.041411 -6.639753
v -2.148484 0.085920 -7.000700
v -2.192256 0.085914 -7.001485
v -2.189085 0.041405 -6.640511
v -2.164579 0.041409 -6.640072
v -2.189090 0.071700 -6.640511
v -2.140369 0.041408 -7.000554
v -2.154951 0.071704 -6.639899
v -2.164584 0.071703 -6.640072
v -2.182617 0.041401 -7.001311
v -2.158111 0.041405 -7.000872
v -2.182621 0.071696 -7.001312
v -2.148482 0.071701 -7.000700
v -2.158115 0.071700 -7.000872
v -2.192254 0.071695 -7.001484
v -2.206827 0.041402 -6.640829
v -2.200359 0.041399 -7.001629
v -2.819570 -0.025256 -6.800093
v -2.819582 0.054744 -6.800094
v -2.789573 -0.025251 -6.800534
v -2.789585 0.054749 -6.800535
v -2.790015 -0.025252 -6.830531
v -2.790026 0.054748 -6.830532
v -2.820011 -0.025256 -6.830090
v -2.820023 0.054744 -6.830091
v -2.033155 -0.029863 -6.756725
v -2.033164 0.030137 -6.756726
v -2.973054 -0.029998 -6.742900
v -2.973062 0.030002 -6.742901
v -2.975113 -0.030000 -6.882885
v -2.975121 0.030000 -6.882886
v -2.035214 -0.029865 -6.896710
v -2.035223 0.030135 -6.896711
v -2.190454 -0.025166 -6.809560
v -2.190465 0.054834 -6.809561
v -2.220451 -0.025170 -6.809119
v -2.220462 0.054830 -6.809120
v -2.220892 -0.025170 -6.839116
v -2.220903 0.054830 -6.839117
v -2.190895 -0.025166 -6.839557
v -2.190906 0.054834 -6.839558
v 0.139523 0.025864 -2.000000
v 0.139523 0.025864 -3.000000
v 0.199523 0.025864 -3.000000
v 0.139523 0.041350 -2.000000
v 0.139523 0.041350 -3.000000
v 0.147634 0.085864 -3.000000
v 0.157268 0.041350 -2.000000
v 0.181778 0.071645 -2.000000
v 0.181778 0.071645 -3.000000
v 0.147634 0.071645 -2.000000
v 0.157268 0.071645 -2.000000
v 0.157268 0.041350 -3.000000
v 0.147634 0.071645 -3.000000
v 0.157268 0.071645 -3.000000
v 0.181778 0.041350 -3.000000
v 0.191412 0.071645 -2.000000
v 0.191412 0.071645 -3.000000
v 0.199523 0.041350 -3.000000
v 0.199523 0.041350 -2.000000
v 0.191412 0.085864 -3.000000
v 0.860477 0.025864 -2.000000
v 0.860477 0.025864 -3.000000
v 0.800477 0.025864 -3.000000
v 0.860477 0.041350 -3.000000
v 0.852366 0.085864 -3.000000
v 0.818222 0.041350 -2.000000
v 0.818222 0.071645 -2.000000
v 0.818222 0.071645 -3.000000
v 0.852366 0.071645 -2.000000
v 0.842732 0.041350 -3.000000
v 0.852366 0.071645 -3.000000
v 0.842732 0.071645 -3.000000
v 0.818222 0.041350 -3.000000
v 0.808588 0.071645 -2.000000
v 0.808588 0.071645 -3.000000
v 0.800477 0.041350 -3.000000
v 0.800477 0.041350 -2.000000
v 0.808588 0.085864 -3.000000
v 0.817867 -0.025218 -2.110000
v 0.817867 0.054782 -2.110000
v 0.787867 -0.025218 -2.110000
v 0.787867 0.054782 -2.110000
v 0.787867 -0.025218 -2.140000
v 0.787867 0.054782 -2.140000
v 0.817867 -0.025218 -2.140000
v 0.817867 0.054782 -2.140000
v 0.182133 -0.025218 -2.110000
v 0.182133 0.054782 -2.110000
v 0.212133 -0.025218 -2.110000
v 0.212133 0.054782 -2.110000
v 0.212133 -0.025218 -2.140000
v 0.212133 0.054782 -2.140000
v 0.182133 -0.025218 -2.140000
v 0.182133 0.054782 -2.140000
v 0.817867 -0.025218 -2.360000
v 0.817867 0.054782 -2.360000
v 0.787867 -0.025218 -2.360000
v 0.787867 0.054782 -2.360000
v 0.787867 -0.025218 -2.390000
v 0.787867 0.054782 -2.390000
v 0.817867 -0.025218 -2.390000
v 0.817867 0.054782 -2.390000
v 0.182133 -0.025218 -2.360000
v 0.182133 0.054782 -2.360000
v 0.212133 -0.025218 -2.360000
v 0.212133 0.054782 -2.360000
v 0.212133 -0.025218 -2.390000
v 0.212133 0.054782 -2.390000
v 0.182133 -0.025218 -2.390000
v 0.182133 0.054782 -2.390000
v 0.817867 -0.025218 -2.610000
v 0.817867 0.054782 -2.610000
v 0.787867 -0.025218 -2.610000
v 0.787867 0.054782 -2.610000
v 0.787867 -0.025218 -2.640000
v 0.787867 0.054782 -2.640000
v 0.817867 -0.025218 -2.640000
v 0.817867 0.054782 -2.640000
v 0.182133 -0.025218 -2.610000
v 0.182133 0.054782 -2.610000
v 0.212133 -0.025218 -2.610000
v 0.212133 0.054782 -2.610000
v 0.212133 -0.025218 -2.640000
v 0.212133 0.054782 -2.640000
v 0.182133 -0.025218 -2.640000
v 0.182133 0.054782 -2.640000
v 0.817867 -0.025218 -2.860000
v 0.817867 0.054782 -2.860000
v 0.787867 -0.025218 -2.860000
v 0.787867 0.054782 -2.860000
v 0.787867 -0.025218 -2.890000
v 0.787867 0.054782 -2.890000
v 0.817867 -0.025218 -2.890000
v 0.817867 0.054782 -2.890000
v 0.182133 -0.025218 -2.860000
v 0.182133 0.054782 -2.860000
v 0.212133 -0.025218 -2.860000
v 0.212133 0.054782 -2.860000
v 0.212133 -0.025218 -2.890000
v 0.212133 0.054782 -2.890000
v 0.182133 -0.025218 -2.890000
v 0.182133 0.054782 -2.890000
v 0.970000 -0.029939 -2.805000
v 0.970000 0.030061 -2.805000
v 0.030000 -0.029939 -2.805000
v 0.030000 0.030061 -2.805000
v 0.030000 -0.029939 -2.945000
v 0.030000 0.030061 -2.945000
v 0.970000 -0.029939 -2.945000
v 0.970000 0.030061 -2.945000
v 0.970000 -0.029939 -2.555000
v 0.970000 0.030061 -2.555000
v 0.030000 -0.029939 -2.555000
v 0.030000 0.030061 -2.555000
v 0.030000 -0.029939 -2.695000
v 0.030000 0.030061 -2.695000
v 0.970000 -0.029939 -2.695000
v 0.970000 0.030061 -2.695000
v 0.970000 -0.029939 -2.305000
v 0.970000 0.030061 -2.305000
v 0.030000 -0.029939 -2.305000
v 0.030000 0.030061 -2.305000
v 0.030000 -0.029939 -2.445000
v 0.030000 0.030061 -2.445000
v 0.970000 -0.029939 -2.445000
v 0.970000 0.030061 -2.445000
v 0.970000 -0.029939 -2.055000
v 0.970000 0.030061 -2.055000
v 0.030000 -0.029939 -2.055000
v 0.030000 0.030061 -2.055000
v 0.030000 -0.029939 -2.195000
v 0.030000 0.030061 -2.195000
v 0.970000 -0.029939 -2.195000
v 0.970000 0.030061 -2.195000
v 0.199523 0.025864 -1.000000
v 0.139523 0.025864 -1.000000
v 0.199523 0.025864 -2.000000
v 0.147634 0.085864 -1.000000
v 0.191412 0.085864 -1.000000
v 0.139523 0.041350 -1.000000
v 0.147634 0.085864 -2.000000
v 0.181778 0.041350 -1.000000
v 0.157268 0.041350 -1.000000
v 0.181778 0.071645 -1.000000
v 0.147634 0.071645 -1.000000
v 0.157268 0.071645 -1.000000
v 0.181778 0.041350 -2.000000
v 0.191412 0.071645 -1.000000
v 0.199523 0.041350 -1.000000
v 0.191412 0.085864 -2.000000
v 0.800477 0.025864 -1.000000
v 0.800477 0.025864 -2.000000
v 0.852366 0.085864 -1.000000
v 0.808588 0.085864 -1.000000
v 0.860477 0.041350 -1.000000
v 0.860477 0.041350 -2.000000
v 0.852366 0.085864 -2.000000
v 0.842732 0.041350 -1.000000
v 0.852366 0.071645 -1.000000
v 0.842732 0.071645 -1.000000
v 0.842732 0.041350 -2.000000
v 0.842732 0.071645 -2.000000
v 0.800477 0.041350 -1.000000
v 0.808588 0.085864 -2.000000
v 0.817867 -0.025218 -1.110000
v 0.817867 0.054782 -1.110000
v 0.787867 -0.025218 -1.110000
v 0.787867 0.054782 -1.110000
v 0.787867 -0.025218 -1.140000
v 0.787867 0.054782 -1.140000
v 0.817867 -0.025218 -1.140000
v 0.817867 0.054782 -1.140000
v 0.182133 -0.025218 -1.110000
v 0.182133 0.054782 -1.110000
v 0.212133 -0.025218 -1.110000
v 0.212133 0.054782 -1.110000
v 0.212133 -0.025218 -1.140000
v 0.212133 0.054782 -1.140000
v 0.182133 -0.025218 -1.140000
v 0.182133 0.054782 -1.140000
v 0.817867 -0.025218 -1.360000
v 0.817867 0.054782 -1.360000
v 0.787867 -0.025218 -1.360000
v 0.787867 0.054782 -1.360000
v 0.787867 -0.025218 -1.390000
v 0.787867 0.054782 -1.390000
v 0.817867 -0.025218 -1.390000
v 0.817867 0.054782 -1.390000
v 0.182133 -0.025218 -1.360000
v 0.182133 0.054782 -1.360000
v 0.212133 -0.025218 -1.360000
v 0.212133 0.054782 -1.360000
v 0.212133 -0.025218 -1.390000
v 0.212133 0.054782 -1.390000
v 0.182133 -0.025218 -1.390000
v 0.182133 0.054782 -1.390000
v 0.817867 -0.025218 -1.610000
v 0.817867 0.054782 -1.610000
v 0.787867 -0.025218 -1.610000
v 0.787867 0.054782 -1.610000
v 0.787867 -0.025218 -1.640000
v 0.787867 0.054782 -1.640000
v 0.817867 -0.025218 -1.640000
v 0.817867 0.054782 -1.640000
v 0.182133 -0.025218 -1.610000
v 0.182133 0.054782 -1.610000
v 0.212133 -0.025218 -1.610000
v 0.212133 0.054782 -1.610000
v 0.212133 -0.025218 -1.640000
v 0.212133 0.054782 -1.640000
v 0.182133 -0.025218 -1.640000
v 0.182133 0.054782 -1.640000
v 0.817867 -0.025218 -1.860000
v 0.817867 0.054782 -1.860000
v 0.787867 -0.025218 -1.860000
v 0.787867 0.054782 -1.860000
v 0.787867 -0.025218 -1.890000
v 0.787867 0.054782 -1.890000
v 0.817867 -0.025218 -1.890000
v 0.817867 0.054782 -1.890000
v 0.139523 0.041350 -1.675455
v 0.181778 0.041350 -1.675455
v 0.157268 0.041350 -1.675455
v 0.181778 0.071645 -1.675455
v 0.147634 0.071645 -1.675455
v 0.157268 0.071645 -1.675455
v 0.191412 0.071645 -1.675455
v 0.199523 0.041350 -1.675455
v 0.970000 -0.029939 -1.805000
v 0.970000 0.030061 -1.805000
v 0.030000 -0.029939 -1.805000
v 0.030000 0.030061 -1.805000
v 0.030000 -0.029939 -1.945000
v 0.030000 0.030061 -1.945000
v 0.970000 -0.029939 -1.945000
v 0.970000 0.030061 -1.945000
v 0.970000 -0.029939 -1.555000
v 0.970000 0.030061 -1.555000
v 0.030000 -0.029939 -1.555000
v 0.030000 0.030061 -1.555000
v 0.030000 -0.029939 -1.695000
v 0.030000 0.030061 -1.695000
v 0.970000 -0.029939 -1.695000
v 0.970000 0.030061 -1.695000
v 0.970000 -0.029939 -1.305000
v 0.970000 0.030061 -1.305000
v 0.030000 -0.029939 -1.305000
v 0.030000 0.030061 -1.305000
v 0.030000 -0.029939 -1.445000
v 0.030000 0.030061 -1.445000
v 0.970000 -0.029939 -1.445000
v 0.970000 0.030061 -1.445000
v 0.970000 -0.029939 -1.055000
v 0.970000 0.030061 -1.055000
v 0.030000 -0.029939 -1.055000
v 0.030000 0.030061 -1.055000
v 0.030000 -0.029939 -1.195000
v 0.030000 0.030061 -1.195000
v 0.970000 -0.029939 -1.195000
v 0.970000 0.030061 -1.195000
v 0.199523 0.025864 -1.895135
v 0.139523 0.025864 -1.895135
v 0.147634 0.085864 -1.895135
v 0.191412 0.085864 -1.895135
v 0.139523 0.041350 -1.895135
v 0.181778 0.041350 -1.895135
v 0.157268 0.041350 -1.895135
v 0.181778 0.071645 -1.895135
v 0.147634 0.071645 -1.895135
v 0.157268 0.071645 -1.895135
v 0.191412 0.071645 -1.895135
v 0.199523 0.041350 -1.895135
v 0.199523 0.025864 -1.675455
v 0.139523 0.025864 -1.675455
v 0.147634 0.085864 -1.675455
v 0.191412 0.085864 -1.675455
v 0.195037 0.025864 0.000501
v 0.135038 0.025864 0.000184
v 0.140336 0.025864 -0.999802
v 0.200335 0.025864 -0.999484
v 0.143148 0.085864 0.000227
v 0.186926 0.085864 0.000458
v 0.135038 0.041350 0.000184
v 0.140336 0.041350 -0.999802
v 0.148447 0.085864 -0.999759
v 0.177292 0.041350 0.000407
v 0.152782 0.041350 0.000278
v 0.177292 0.071645 0.000407
v 0.182591 0.071645 -0.999579
v 0.143148 0.071645 0.000227
v 0.152782 0.071645 0.000278
v 0.158081 0.041350 -0.999708
v 0.148447 0.071645 -0.999759
v 0.158081 0.071645 -0.999708
v 0.182591 0.041350 -0.999579
v 0.186926 0.071645 0.000458
v 0.192225 0.071645 -0.999527
v 0.200335 0.041350 -0.999484
v 0.195037 0.041350 0.000501
v 0.192225 0.085864 -0.999527
v 0.800477 0.025864 0.000000
v 0.860477 0.025864 0.000000
v 0.860477 0.025864 -1.000000
v 0.842732 0.041350 0.000000
v 0.818222 0.071645 0.000000
v 0.818222 0.071645 -1.000000
v 0.842732 0.071645 0.000000
v 0.818222 0.041350 -1.000000
v 0.808588 0.071645 -1.000000
v 0.817867 -0.025218 -0.110000
v 0.817867 0.054782 -0.110000
v 0.787867 -0.025218 -0.110000
v 0.787867 0.054782 -0.110000
v 0.787867 -0.025218 -0.140000
v 0.787867 0.054782 -0.140000
v 0.817867 -0.025218 -0.140000
v 0.817867 0.054782 -0.140000
v 0.970000 -0.029939 -0.805000
v 0.970000 0.030061 -0.805000
v 0.030000 -0.029939 -0.805000
v 0.030000 0.030061 -0.805000
v 0.030000 -0.029939 -0.945000
v 0.030000 0.030061 -0.945000
v 0.970000 -0.029939 -0.945000
v 0.970000 0.030061 -0.945000
v 0.817867 -0.025218 -0.360000
v 0.817867 0.054782 -0.360000
v 0.787867 -0.025218 -0.360000
v 0.787867 0.054782 -0.360000
v 0.787867 -0.025218 -0.390000
v 0.787867 0.054782 -0.390000
v 0.817867 -0.025218 -0.390000
v 0.817867 0.054782 -0.390000
v 0.970000 -0.029939 -0.555000
v 0.970000 0.030061 -0.555000
v -0.105772 -0.029939 -0.555000
v -0.105772 0.030061 -0.555000
v -0.105772 -0.029939 -0.695000
v -0.105772 0.030061 -0.695000
v 0.970000 -0.029939 -0.695000
v 0.970000 0.030061 -0.695000
v 0.817867 -0.025218 -0.610000
v 0.817867 0.054782 -0.610000
v 0.787867 -0.025218 -0.610000
v 0.787867 0.054782 -0.610000
v 0.787867 -0.025218 -0.640000
v 0.787867 0.054782 -0.640000
v 0.817867 -0.025218 -0.640000
v 0.817867 0.054782 -0.640000
v 0.970000 -0.029939 -0.305000
v 0.970000 0.030061 -0.305000
v -0.062588 -0.029939 -0.305000
v -0.062588 0.030061 -0.305000
v -0.062588 -0.029939 -0.445000
v -0.062588 0.030061 -0.445000
v 0.970000 -0.029939 -0.445000
v 0.970000 0.030061 -0.445000
v 0.817867 -0.025218 -0.860000
v 0.817867 0.054782 -0.860000
v 0.787867 -0.025218 -0.860000
v 0.787867 0.054782 -0.860000
v 0.787867 -0.025218 -0.890000
v 0.787867 0.054782 -0.890000
v 0.817867 -0.025218 -0.890000
v 0.817867 0.054782 -0.890000
v 0.970000 -0.029939 -0.055000
v 0.970000 0.030061 -0.055000
v 0.030000 -0.029939 -0.055000
v 0.030000 0.030061 -0.055000
v 0.030000 -0.029939 -0.195000
v 0.030000 0.030061 -0.195000
v 0.970000 -0.029939 -0.195000
v 0.970000 0.030061 -0.195000
v 0.199523 0.025864 1.000000
v 0.139523 0.025864 1.000000
v 0.199523 0.025864 0.169472
v 0.139523 0.025864 0.169472
v 0.147634 0.085864 1.000000
v 0.191412 0.085864 1.000000
v 0.139523 0.041350 1.000000
v 0.147634 0.085864 0.169472
v 0.191412 0.085864 0.169472
v 0.181778 0.041350 1.000000
v 0.157268 0.041350 1.000000
v 0.181778 0.071645 1.000000
v 0.139523 0.041350 0.169472
v 0.147634 0.071645 1.000000
v 0.157268 0.071645 1.000000
v 0.181778 0.041350 0.169472
v 0.157268 0.041350 0.169472
v 0.181778 0.071645 0.169472
v 0.147634 0.071645 0.169472
v 0.191412 0.071645 1.000000
v 0.157268 0.071645 0.169472
v 0.191412 0.071645 0.169472
v 0.199523 0.041350 1.000000
v 0.199523 0.041350 0.169472
v 0.800477 0.025864 1.000000
v 0.860477 0.025864 1.000000
v 0.852366 0.085864 1.000000
v 0.808588 0.085864 1.000000
v 0.860477 0.041350 1.000000
v 0.860477 0.041350 0.000000
v 0.852366 0.085864 0.000000
v 0.818222 0.041350 1.000000
v 0.842732 0.041350 1.000000
v 0.818222 0.071645 1.000000
v 0.852366 0.071645 1.000000
v 0.842732 0.071645 1.000000
v 0.852366 0.071645 0.000000
v 0.818222 0.041350 0.000000
v 0.808588 0.071645 1.000000
v 0.808588 0.071645 0.000000
v 0.800477 0.041350 0.000000
v 0.800477 0.041350 1.000000
v 0.808588 0.085864 0.000000
v 0.817867 -0.025218 0.890000
v 0.817867 0.054782 0.890000
v 0.787867 -0.025218 0.890000
v 0.787867 0.054782 0.890000
v 0.787867 -0.025218 0.860000
v 0.787867 0.054782 0.860000
v 0.817867 -0.025218 0.860000
v 0.817867 0.054782 0.860000
v 0.182133 -0.025218 0.890000
v 0.182133 0.054782 0.890000
v 0.212133 -0.025218 0.890000
v 0.212133 0.054782 0.890000
v 0.212133 -0.025218 0.860000
v 0.212133 0.054782 0.860000
v 0.182133 -0.025218 0.860000
v 0.182133 0.054782 0.860000
v 0.817867 -0.025218 0.640000
v 0.817867 0.054782 0.640000
v 0.787867 -0.025218 0.640000
v 0.787867 0.054782 0.640000
v 0.787867 -0.025218 0.610000
v 0.787867 0.054782 0.610000
v 0.817867 -0.025218 0.610000
v 0.817867 0.054782 0.610000
v 0.182133 -0.025218 0.640000
v 0.182133 0.054782 0.640000
v 0.212133 -0.025218 0.640000
v 0.212133 0.054782 0.640000
v 0.212133 -0.025218 0.610000
v 0.212133 0.054782 0.610000
v 0.182133 -0.025218 0.610000
v 0.182133 0.054782 0.610000
v 0.817867 -0.025218 0.390000
v 0.817867 0.054782 0.390000
v 0.787867 -0.025218 0.390000
v 0.787867 0.054782 0.390000
v 0.787867 -0.025218 0.360000
v 0.787867 0.054782 0.360000
v 0.817867 -0.025218 0.360000
v 0.817867 0.054782 0.360000
v 0.182133 -0.025218 0.390000
v 0.182133 0.054782 0.390000
v 0.212133 -0.025218 0.390000
v 0.212133 0.054782 0.390000
v 0.212133 -0.025218 0.360000
v 0.212133 0.054782 0.360000
v 0.182133 -0.025218 0.360000
v 0.182133 0.054782 0.360000
v 0.817867 -0.025218 0.140000
v 0.817867 0.054782 0.140000
v 0.787867 -0.025218 0.140000
v 0.787867 0.054782 0.140000
v 0.787867 -0.025218 0.110000
v 0.787867 0.054782 0.110000
v 0.817867 -0.025218 0.110000
v 0.817867 0.054782 0.110000
v 0.182133 -0.025218 0.140000
v 0.182133 0.054782 0.140000
v 0.212133 -0.025218 0.140000
v 0.212133 0.054782 0.140000
v 0.212133 -0.025218 0.110000
v 0.212133 0.054782 0.110000
v 0.182133 -0.025218 0.110000
v 0.182133 0.054782 0.110000
v 0.970000 -0.029939 0.195000
v 0.970000 0.030061 0.195000
v 0.030000 -0.029939 0.195000
v 0.030000 0.030061 0.195000
v 0.030000 -0.029939 0.055000
v 0.030000 0.030061 0.055000
v 0.970000 -0.029939 0.055000
v 0.970000 0.030061 0.055000
v 0.970000 -0.029939 0.445000
v 0.970000 0.030061 0.445000
v 0.030000 -0.029939 0.445000
v 0.030000 0.030061 0.445000
v 0.030000 -0.029939 0.305000
v 0.030000 0.030061 0.305000
v 0.970000 -0.029939 0.305000
v 0.970000 0.030061 0.305000
v 0.970000 -0.029939 0.695000
v 0.970000 0.030061 0.695000
v 0.030000 -0.029939 0.695000
v 0.030000 0.030061 0.695000
v 0.030000 -0.029939 0.555000
v 0.030000 0.030061 0.555000
v 0.970000 -0.029939 0.555000
v 0.970000 0.030061 0.555000
v 0.970000 -0.029939 0.945000
v 0.970000 0.030061 0.945000
v 0.030000 -0.029939 0.945000
v 0.030000 0.030061 0.945000
v 0.030000 -0.029939 0.805000
v 0.030000 0.030061 0.805000
v 0.970000 -0.029939 0.805000
v 0.970000 0.030061 0.805000

vt -0.000122 0.156096 0.0
vt 0.905875 0.034093 0.0
vt -0.000122 0.210448 0.0
vt 0.0 0.048121 0.0
vt 0.905753 0.210448 0.0
vt 0.94318 0.000413 0.0
vt 0.905875 0.048121 0.0
vt 0.905753 0.156096 0.0
vt 0.0 0.034093 0.0
vt 0.996752 0.000413 0.0
vt 0.0 0.012881 0.0
vt 0.906075 0.259595 0.0
vt 0.905875 0.025761 0.0
vt 0.906075 0.219937 0.0
vt 0.906075 0.297453 0.0
vt 0.0 0.06215 0.0
vt 0.0002 0.297453 0.0
vt 0.94318 0.01424 0.0
vt 0.905875 0.06215 0.0
vt 0.905875 0.012881 0.0
vt 0.0002 0.259595 0.0
vt 0.950422 0.053985 0.0
vt 0.906075 0.312903 0.0
vt 0.905875 0.093759 0.0
vt 0.906075 0.281378 0.0
vt 0.0 0.06215 0.0
vt 0.000512 0.330358 0.0
vt 0.905875 0.121202 0.0
vt 0.906387 0.330358 0.0
vt 0.0 0.121202 0.0
vt 0.980908 0.041289 0.0
vt 0.000512 0.32163 0.0
vt 0.0 0.0 0.0
vt 0.000512 0.312903 0.0
vt 0.0 0.089593 0.0
vt 0.0002 0.281378 0.0
vt 0.905875 0.06215 0.0
vt 0.959024 0.01424 0.0
vt 0.906387 0.32163 0.0
vt 0.905875 0.0 0.0
vt 0.950422 0.041289 0.0
vt 0.906387 0.312903 0.0
vt 0.905875 0.089593 0.0
vt 0.959024 0.041289 0.0
vt 0.0002 0.312903 0.0
vt 0.0 0.093759 0.0
vt 0.980908 0.01424 0.0
vt 0.000512 0.32163 0.0
vt 0.905875 0.012881 0.0
vt 0.906387 0.32163 0.0
vt 0.0 0.012881 0.0
vt 0.98951 0.041289 0.0
vt 0.0002 0.296828 0.0
vt 0.0 0.048121 0.0
vt 0.996752 0.01424 0.0
vt 0.906075 0.296828 0.0
vt 0.905875 0.048121 0.0
vt 0.0 0.025761 0.0
vt 0.0002 0.219937 0.0
vt 0.98951 0.053985 0.0
vt -0.000122 0.156096 0.0
vt 0.905875 0.034093 0.0
vt -0.000122 0.210448 0.0
vt 0.0 0.048121 0.0
vt 0.905753 0.210448 0.0
vt 0.94318 0.000413 0.0
vt 0.905875 0.048121 0.0
vt 0.905753 0.156096 0.0
vt 0.0 0.034093 0.0
vt 0.996752 0.000413 0.0
vt 0.0 0.012881 0.0
vt 0.906075 0.259595 0.0
vt 0.905875 0.025761 0.0
vt 0.906075 0.219937 0.0
vt 0.906075 0.297453 0.0
vt 0.0 0.06215 0.0
vt 0.0002 0.297453 0.0
vt 0.94318 0.01424 0.0
vt 0.905875 0.06215 0.0
vt 0.905875 0.012881 0.0
vt 0.0002 0.259595 0.0
vt 0.950422 0.053985 0.0
vt 0.906075 0.312903 0.0
vt 0.905875 0.093759 0.0
vt 0.906075 0.281378 0.0
vt 0.0 0.06215 0.0
vt 0.000512 0.330358 0.0
vt 0.905875 0.121202 0.0
vt 0.906387 0.330358 0.0
vt 0.0 0.121202 0.0
vt 0.980908 0.041289 0.0
vt 0.000512 0.32163 0.0
vt 0.0 0.0 0.0
vt 0.000512 0.312903 0.0
vt 0.0 0.089593 0.0
vt 0.0002 0.281378 0.0
vt 0.905875 0.06215 0.0
vt 0.959024 0.01424 0.0
vt 0.906387 0.32163 0.0
vt 0.905875 0.0 0.0
vt 0.950422 0.041289 0.0
vt 0.906387 0.312903 0.0
vt 0.905875 0.089593 0.0
vt 0.959024 0.041289 0.0
vt 0.0002 0.312903 0.0
vt 0.0 0.093759 0.0
vt 0.980908 0.01424 0.0
vt 0.000512 0.32163 0.0
vt 0.905875 0.012881 0.0
vt 0.906387 0.32163 0.0
vt 0.0 0.012881 0.0
vt 0.98951 0.041289 0.0
vt 0.0002 0.296828 0.0
vt 0.0 0.048121 0.0
vt 0.996752 0.01424 0.0
vt 0.906075 0.296828 0.0
vt 0.905875 0.048121 0.0
vt 0.0 0.025761 0.0
vt 0.0002 0.219937 0.0
vt 0.98951 0.053985 0.0
vt 0.99905 0.183297 0.0
vt 0.93931 0.183297 0.0
vt 0.939081 0.132863 0.0
vt 0.99905 0.342604 0.0
vt 0.93931 0.342604 0.0
vt 0.93931 0.183297 0.0
vt 0.99905 0.183297 0.0
vt 0.985655 0.132863 0.0
vt 0.93931 0.342604 0.0
vt 0.99905 0.342604 0.0
vt 0.93931 0.183297 0.0
vt 0.99905 0.183297 0.0
vt 0.985655 0.179437 0.0
vt 0.93931 0.342604 0.0
vt 0.99905 0.342604 0.0
vt 0.93931 0.183297 0.0
vt 0.99905 0.183297 0.0
vt 0.939081 0.179437 0.0
vt 0.93931 0.342604 0.0
vt 0.99905 0.342604 0.0
vt 0.99905 0.183297 0.0
vt 0.93931 0.183297 0.0
vt 0.939081 0.132863 0.0
vt 0.99905 0.342604 0.0
vt 0.93931 0.342604 0.0
vt 0.93931 0.183297 0.0
vt 0.99905 0.183297 0.0
vt 0.985655 0.132863 0.0
vt 0.93931 0.342604 0.0
vt 0.99905 0.342604 0.0
vt 0.93931 0.183297 0.0
vt 0.99905 0.183297 0.0
vt 0.985655 0.179437 0.0
vt 0.93931 0.342604 0.0
vt 0.99905 0.342604 0.0
vt 0.93931 0.183297 0.0
vt 0.99905 0.183297 0.0
vt 0.939081 0.179437 0.0
vt 0.93931 0.342604 0.0
vt 0.99905 0.342604 0.0
vt 0.99905 0.183297 0.0
vt 0.93931 0.183297 0.0
vt 0.939081 0.132863 0.0
vt 0.99905 0.342604 0.0
vt 0.93931 0.342604 0.0
vt 0.93931 0.183297 0.0
vt 0.99905 0.183297 0.0
vt 0.985655 0.132863 0.0
vt 0.93931 0.342604 0.0
vt 0.99905 0.342604 0.0
vt 0.93931 0.183297 0.0
vt 0.99905 0.183297 0.0
vt 0.985655 0.179437 0.0
vt 0.93931 0.342604 0.0
vt 0.99905 0.342604 0.0
vt 0.93931 0.183297 0.0
vt 0.99905 0.183297 0.0
vt 0.939081 0.179437 0.0
vt 0.93931 0.342604 0.0
vt 0.99905 0.342604 0.0
vt 0.99905 0.183297 0.0
vt 0.93931 0.183297 0.0
vt 0.939081 0.132863 0.0
vt 0.99905 0.342604 0.0
vt 0.93931 0.342604 0.0
vt 0.93931 0.183297 0.0
vt 0.99905 0.183297 0.0
vt 0.985655 0.132863 0.0
vt 0.93931 0.342604 0.0
vt 0.99905 0.342604 0.0
vt 0.93931 0.183297 0.0
vt 0.99905 0.183297 0.0
vt 0.985655 0.179437 0.0
vt 0.93931 0.342604 0.0
vt 0.99905 0.342604 0.0
vt 0.93931 0.183297 0.0
vt 0.99905 0.183297 0.0
vt 0.939081 0.179437 0.0
vt 0.93931 0.342604 0.0
vt 0.99905 0.342604 0.0
vt 0.99905 0.183297 0.0
vt 0.93931 0.183297 0.0
vt 0.939081 0.132863 0.0
vt 0.99905 0.342604 0.0
vt 0.93931 0.342604 0.0
vt 0.93931 0.183297 0.0
vt 0.99905 0.183297 0.0
vt 0.985655 0.132863 0.0
vt 0.93931 0.342604 0.0
vt 0.99905 0.342604 0.0
vt 0.93931 0.183297 0.0
vt 0.99905 0.183297 0.0
vt 0.985655 0.179437 0.0
vt 0.93931 0.342604 0.0
vt 0.99905 0.342604 0.0
vt 0.93931 0.183297 0.0
vt 0.99905 0.183297 0.0
vt 0.939081 0.179437 0.0
vt 0.93931 0.342604 0.0
vt 0.99905 0.342604 0.0
vt 0.99905 0.183297 0.0
vt 0.93931 0.183297 0.0
vt 0.939081 0.132863 0.0
vt 0.99905 0.342604 0.0
vt 0.93931 0.342604 0.0
vt 0.93931 0.183297 0.0
vt 0.99905 0.183297 0.0
vt 0.985655 0.132863 0.0
vt 0.93931 0.342604 0.0
vt 0.99905 0.342604 0.0
vt 0.93931 0.183297 0.0
vt 0.99905 0.183297 0.0
vt 0.985655 0.179437 0.0
vt 0.93931 0.342604 0.0
vt 0.99905 0.342604 0.0
vt 0.93931 0.183297 0.0
vt 0.99905 0.183297 0.0
vt 0.939081 0.179437 0.0
vt 0.93931 0.342604 0.0
vt 0.99905 0.342604 0.0
vt 0.99905 0.183297 0.0
vt 0.93931 0.183297 0.0
vt 0.939081 0.132863 0.0
vt 0.99905 0.342604 0.0
vt 0.93931 0.342604 0.0
vt 0.93931 0.183297 0.0
vt 0.99905 0.183297 0.0
vt 0.985655 0.132863 0.0
vt 0.93931 0.342604 0.0
vt 0.99905 0.342604 0.0
vt 0.93931 0.183297 0.0
vt 0.99905 0.183297 0.0
vt 0.985655 0.179437 0.0
vt 0.93931 0.342604 0.0
vt 0.99905 0.342604 0.0
vt 0.93931 0.183297 0.0
vt 0.99905 0.183297 0.0
vt 0.939081 0.179437 0.0
vt 0.93931 0.342604 0.0
vt 0.99905 0.342604 0.0
vt 0.99905 0.183297 0.0
vt 0.93931 0.183297 0.0
vt 0.939081 0.132863 0.0
vt 0.99905 0.342604 0.0
vt 0.93931 0.342604 0.0
vt 0.93931 0.183297 0.0
vt 0.99905 0.183297 0.0
vt 0.985655 0.132863 0.0
vt 0.93931 0.342604 0.0
vt 0.99905 0.342604 0.0
vt 0.93931 0.183297 0.0
vt 0.99905 0.183297 0.0
vt 0.985655 0.179437 0.0
vt 0.93931 0.342604 0.0
vt 0.99905 0.342604 0.0
vt 0.93931 0.183297 0.0
vt 0.99905 0.183297 0.0
vt 0.939081 0.179437 0.0
vt 0.93931 0.342604 0.0
vt 0.99905 0.342604 0.0
vt 0.302823 0.656284 0.0
vt -0.000781 0.781451 0.0
vt -0.000466 0.505675 0.0
vt 0.302823 0.718868 0.0
vt -0.000781 0.844034 0.0
vt 0.000156 0.656284 0.0
vt 0.979692 0.781451 0.0
vt 0.999534 0.505675 0.0
vt 0.000156 0.718868 0.0
vt 0.979692 0.844034 0.0
vt 0.000156 0.718868 0.0
vt 0.146184 0.656284 0.0
vt 0.999534 0.654611 0.0
vt 0.000156 0.781451 0.0
vt 0.146184 0.718868 0.0
vt 0.156795 0.656284 0.0
vt 0.980629 0.718868 0.0
vt -0.000466 0.654611 0.0
vt 0.156795 0.718868 0.0
vt 0.980629 0.781451 0.0
vt 0.302823 0.656284 0.0
vt -0.000781 0.781451 0.0
vt 0.0 0.851064 0.0
vt 0.302823 0.718868 0.0
vt -0.000781 0.844034 0.0
vt -0.000781 0.656284 0.0
vt 0.979692 0.781451 0.0
vt 1.0 0.851064 0.0
vt -0.000781 0.718868 0.0
vt 0.979692 0.844034 0.0
vt -0.000781 0.718868 0.0
vt 0.145247 0.656284 0.0
vt 1.0 1.0 0.0
vt -0.000781 0.781451 0.0
vt 0.145247 0.718868 0.0
vt 0.156795 0.656284 0.0
vt 0.979692 0.718868 0.0
vt 0.0 1.0 0.0
vt 0.156795 0.718868 0.0
vt 0.979692 0.781451 0.0
vt 0.302823 0.656284 0.0
vt -0.000781 0.781451 0.0
vt -0.000103 0.349106 0.0
vt 0.302823 0.718868 0.0
vt -0.000781 0.844034 0.0
vt -0.000781 0.656284 0.0
vt 0.979692 0.781451 0.0
vt 0.999897 0.349106 0.0
vt -0.000781 0.718868 0.0
vt 0.979692 0.844034 0.0
vt -0.000781 0.718868 0.0
vt 0.145247 0.656284 0.0
vt 0.999897 0.498042 0.0
vt -0.000781 0.781451 0.0
vt 0.145247 0.718868 0.0
vt 0.156795 0.656284 0.0
vt 0.979692 0.718868 0.0
vt -0.000103 0.498042 0.0
vt 0.156795 0.718868 0.0
vt 0.979692 0.781451 0.0
vt 0.302823 0.656284 0.0
vt -0.000781 0.781451 0.0
vt 0.0 0.851064 0.0
vt 0.302823 0.718868 0.0
vt -0.000781 0.844034 0.0
vt -0.000781 0.656284 0.0
vt 0.979692 0.781451 0.0
vt 1.0 0.851064 0.0
vt -0.000781 0.718868 0.0
vt 0.979692 0.844034 0.0
vt -0.000781 0.718868 0.0
vt 0.145247 0.656284 0.0
vt 1.0 1.0 0.0
vt -0.000781 0.781451 0.0
vt 0.145247 0.718868 0.0
vt 0.156795 0.656284 0.0
vt 0.979692 0.718868 0.0
vt 0.0 1.0 0.0
vt 0.156795 0.718868 0.0
vt 0.979692 0.781451 0.0
vt -0.000122 0.156096 0.0
vt 0.905875 0.034093 0.0
vt 0.942399 0.062186 0.0
vt -0.000122 0.210448 0.0
vt 0.995971 0.062186 0.0
vt 0.0 0.048121 0.0
vt 0.804443 0.156096 0.0
vt 0.10131 0.034093 0.0
vt 0.804443 0.210448 0.0
vt 0.804564 0.048121 0.0
vt 0.0 0.012881 0.0
vt 0.906075 0.259595 0.0
vt 0.988729 0.115757 0.0
vt 0.905875 0.025761 0.0
vt 0.906075 0.219937 0.0
vt 0.949641 0.115757 0.0
vt 0.906075 0.297453 0.0
vt 0.995971 0.076013 0.0
vt 0.0 0.06215 0.0
vt 0.804564 0.012881 0.0
vt 0.10151 0.259595 0.0
vt 0.10131 0.025761 0.0
vt 0.10151 0.219937 0.0
vt 0.906075 0.312903 0.0
vt 0.905875 0.093759 0.0
vt 0.958243 0.076013 0.0
vt 0.906075 0.281378 0.0
vt 0.0 0.06215 0.0
vt 0.980127 0.076013 0.0
vt 0.000512 0.330358 0.0
vt 0.905875 0.121202 0.0
vt 0.958243 0.103062 0.0
vt 0.10151 0.297453 0.0
vt 0.804564 0.06215 0.0
vt 0.000512 0.32163 0.0
vt 0.0 0.0 0.0
vt 0.988729 0.103062 0.0
vt 0.000512 0.312903 0.0
vt 0.0 0.089593 0.0
vt 0.980127 0.103062 0.0
vt 0.10151 0.312903 0.0
vt 0.10131 0.093759 0.0
vt 0.10151 0.281378 0.0
vt 0.804564 0.06215 0.0
vt 0.805076 0.330358 0.0
vt 0.10131 0.121202 0.0
vt 0.805076 0.32163 0.0
vt 0.804564 0.0 0.0
vt 0.000512 0.32163 0.0
vt 0.905875 0.012881 0.0
vt 0.949641 0.103062 0.0
vt 0.805076 0.312903 0.0
vt 0.804564 0.089593 0.0
vt 0.805076 0.32163 0.0
vt 0.10131 0.012881 0.0
vt 0.906075 0.296828 0.0
vt 0.905875 0.048121 0.0
vt 0.942399 0.076013 0.0
vt 0.10151 0.296828 0.0
vt 0.10131 0.048121 0.0
vt 0.942453 0.062187 0.0
vt 0.122957 0.156096 0.0
vt 0.782797 0.034093 0.0
vt 0.99595 0.062187 0.0
vt 0.122957 0.210448 0.0
vt 0.123078 0.048121 0.0
vt 0.869582 0.156096 0.0
vt 0.036171 0.034093 0.0
vt 0.869582 0.210448 0.0
vt 0.869704 0.048121 0.0
vt 0.988719 0.115685 0.0
vt 0.782996 0.259595 0.0
vt 0.123078 0.012881 0.0
vt 0.949684 0.115685 0.0
vt 0.782996 0.219937 0.0
vt 0.782797 0.025761 0.0
vt 0.99595 0.075995 0.0
vt 0.123078 0.06215 0.0
vt 0.782996 0.297453 0.0
vt 0.036371 0.259595 0.0
vt 0.869704 0.012881 0.0
vt 0.036371 0.219937 0.0
vt 0.036171 0.025761 0.0
vt 0.958275 0.075995 0.0
vt 0.782996 0.312903 0.0
vt 0.782797 0.093759 0.0
vt 0.980129 0.075995 0.0
vt 0.782996 0.281378 0.0
vt 0.123078 0.06215 0.0
vt 0.958275 0.103007 0.0
vt 0.12359 0.330358 0.0
vt 0.782797 0.121202 0.0
vt 0.869704 0.06215 0.0
vt 0.036371 0.297453 0.0
vt 0.988719 0.103007 0.0
vt 0.12359 0.32163 0.0
vt 0.123078 0.0 0.0
vt 0.980129 0.103007 0.0
vt 0.12359 0.312903 0.0
vt 0.123078 0.089593 0.0
vt 0.036371 0.312903 0.0
vt 0.036171 0.093759 0.0
vt 0.036371 0.281378 0.0
vt 0.869704 0.06215 0.0
vt 0.870216 0.330358 0.0
vt 0.036171 0.121202 0.0
vt 0.870216 0.32163 0.0
vt 0.869704 0.0 0.0
vt 0.949684 0.103007 0.0
vt 0.12359 0.32163 0.0
vt 0.782797 0.012881 0.0
vt 0.870216 0.312903 0.0
vt 0.869704 0.089593 0.0
vt 0.870216 0.32163 0.0
vt 0.036171 0.012881 0.0
vt 0.942453 0.075995 0.0
vt 0.782996 0.296828 0.0
vt 0.782797 0.048121 0.0
vt 0.036371 0.296828 0.0
vt 0.036171 0.048121 0.0
vt 0.059971 0.156096 0.0
vt 0.845782 0.034093 0.0
vt 0.059971 0.210448 0.0
vt 0.060093 0.048121 0.0
vt 0.854994 0.156096 0.0
vt 0.050759 0.034093 0.0
vt 0.854994 0.210448 0.0
vt 0.855116 0.048121 0.0
vt 0.060093 0.012881 0.0
vt 0.845982 0.259595 0.0
vt 0.845782 0.025761 0.0
vt 0.845982 0.219937 0.0
vt 0.845982 0.297453 0.0
vt 0.060093 0.06215 0.0
vt 0.855116 0.012881 0.0
vt 0.050959 0.259595 0.0
vt 0.050759 0.025761 0.0
vt 0.050959 0.219937 0.0
vt 0.845982 0.312903 0.0
vt 0.845782 0.093759 0.0
vt 0.845982 0.281378 0.0
vt 0.060093 0.06215 0.0
vt 0.060605 0.330358 0.0
vt 0.845782 0.121202 0.0
vt 0.050959 0.297453 0.0
vt 0.855116 0.06215 0.0
vt 0.060605 0.32163 0.0
vt 0.060093 0.0 0.0
vt 0.060605 0.312903 0.0
vt 0.060093 0.089593 0.0
vt 0.050959 0.312903 0.0
vt 0.050759 0.093759 0.0
vt 0.050959 0.281378 0.0
vt 0.855116 0.06215 0.0
vt 0.855628 0.330358 0.0
vt 0.050759 0.121202 0.0
vt 0.855628 0.32163 0.0
vt 0.855116 0.0 0.0
vt 0.060605 0.32163 0.0
vt 0.845782 0.012881 0.0
vt 0.855628 0.312903 0.0
vt 0.855116 0.089593 0.0
vt 0.855628 0.32163 0.0
vt 0.050759 0.012881 0.0
vt 0.845982 0.296828 0.0
vt 0.845782 0.048121 0.0
vt 0.050959 0.296828 0.0
vt 0.050759 0.048121 0.0
vt -0.000122 0.156096 0.0
vt 0.905875 0.034093 0.0
vt 0.942399 0.062186 0.0
vt -0.000122 0.210448 0.0
vt 0.0 0.048121 0.0
vt 0.995971 0.062186 0.0
vt 0.942293 0.06219 0.0
vt 0.815375 0.156096 0.0
vt 0.090378 0.034093 0.0
vt 0.995906 0.06219 0.0
vt 0.815375 0.210448 0.0
vt 0.815497 0.048121 0.0
vt 0.0 0.012881 0.0
vt 0.906075 0.259595 0.0
vt 0.988729 0.115757 0.0
vt 0.905875 0.025761 0.0
vt 0.906075 0.219937 0.0
vt 0.949641 0.115757 0.0
vt 0.906075 0.297453 0.0
vt 0.0 0.06215 0.0
vt 0.995971 0.076013 0.0
vt 0.988659 0.115803 0.0
vt 0.815497 0.012881 0.0
vt 0.090578 0.259595 0.0
vt 0.94954 0.115803 0.0
vt 0.090378 0.025761 0.0
vt 0.090578 0.219937 0.0
vt 0.906075 0.312903 0.0
vt 0.905875 0.093759 0.0
vt 0.958243 0.076013 0.0
vt 0.906075 0.281378 0.0
vt 0.0 0.06215 0.0
vt 0.980127 0.076013 0.0
vt 0.000512 0.330358 0.0
vt 0.905875 0.121202 0.0
vt 0.958243 0.103062 0.0
vt 0.995906 0.076028 0.0
vt 0.090578 0.297453 0.0
vt 0.815497 0.06215 0.0
vt 0.000512 0.32163 0.0
vt 0.0 0.0 0.0
vt 0.988729 0.103062 0.0
vt 0.000512 0.312903 0.0
vt 0.0 0.089593 0.0
vt 0.980127 0.103062 0.0
vt 0.958149 0.076028 0.0
vt 0.090578 0.312903 0.0
vt 0.090378 0.093759 0.0
vt 0.98005 0.076028 0.0
vt 0.090578 0.281378 0.0
vt 0.815497 0.06215 0.0
vt 0.958149 0.103098 0.0
vt 0.816009 0.330358 0.0
vt 0.090378 0.121202 0.0
vt 0.988659 0.103098 0.0
vt 0.816009 0.32163 0.0
vt 0.815497 0.0 0.0
vt 0.000512 0.32163 0.0
vt 0.905875 0.012881 0.0
vt 0.949641 0.103062 0.0
vt 0.98005 0.103098 0.0
vt 0.816009 0.312903 0.0
vt 0.815497 0.089593 0.0
vt 0.94954 0.103098 0.0
vt 0.816009 0.32163 0.0
vt 0.090378 0.012881 0.0
vt 0.906075 0.296828 0.0
vt 0.905875 0.048121 0.0
vt 0.942399 0.076013 0.0
vt 0.942293 0.076028 0.0
vt 0.090578 0.296828 0.0
vt 0.090378 0.048121 0.0
vt 0.99905 0.183297 0.0
vt 0.93931 0.183297 0.0
vt 0.939081 0.132863 0.0
vt 0.99905 0.342604 0.0
vt 0.93931 0.342604 0.0
vt 0.93931 0.183297 0.0
vt 0.99905 0.183297 0.0
vt 0.985655 0.132863 0.0
vt 0.93931 0.342604 0.0
vt 0.99905 0.342604 0.0
vt 0.93931 0.183297 0.0
vt 0.99905 0.183297 0.0
vt 0.985655 0.179437 0.0
vt 0.93931 0.342604 0.0
vt 0.99905 0.342604 0.0
vt 0.93931 0.183297 0.0
vt 0.99905 0.183297 0.0
vt 0.939081 0.179437 0.0
vt 0.93931 0.342604 0.0
vt 0.99905 0.342604 0.0
vt 0.99905 0.183297 0.0
vt 0.93931 0.183297 0.0
vt 0.939081 0.132863 0.0
vt 0.99905 0.342604 0.0
vt 0.93931 0.342604 0.0
vt 0.93931 0.183297 0.0
vt 0.99905 0.183297 0.0
vt 0.985655 0.132863 0.0
vt 0.93931 0.342604 0.0
vt 0.99905 0.342604 0.0
vt 0.93931 0.183297 0.0
vt 0.99905 0.183297 0.0
vt 0.985655 0.179437 0.0
vt 0.93931 0.342604 0.0
vt 0.99905 0.342604 0.0
vt 0.93931 0.183297 0.0
vt 0.99905 0.183297 0.0
vt 0.939081 0.179437 0.0
vt 0.93931 0.342604 0.0
vt 0.99905 0.342604 0.0
vt 0.99905 0.183297 0.0
vt 0.93931 0.183297 0.0
vt 0.939081 0.132863 0.0
vt 0.99905 0.342604 0.0
vt 0.93931 0.342604 0.0
vt 0.93931 0.183297 0.0
vt 0.99905 0.183297 0.0
vt 0.985655 0.132863 0.0
vt 0.93931 0.342604 0.0
vt 0.99905 0.342604 0.0
vt 0.93931 0.183297 0.0
vt 0.99905 0.183297 0.0
vt 0.985655 0.179437 0.0
vt 0.93931 0.342604 0.0
vt 0.99905 0.342604 0.0
vt 0.93931 0.183297 0.0
vt 0.99905 0.183297 0.0
vt 0.939081 0.179437 0.0
vt 0.93931 0.342604 0.0
vt 0.99905 0.342604 0.0
vt 0.99905 0.183297 0.0
vt 0.93931 0.183297 0.0
vt 0.939081 0.132863 0.0
vt 0.99905 0.342604 0.0
vt 0.93931 0.342604 0.0
vt 0.93931 0.183297 0.0
vt 0.99905 0.183297 0.0
vt 0.985655 0.132863 0.0
vt 0.93931 0.342604 0.0
vt 0.99905 0.342604 0.0
vt 0.93931 0.183297 0.0
vt 0.99905 0.183297 0.0
vt 0.985655 0.179437 0.0
vt 0.93931 0.342604 0.0
vt 0.99905 0.342604 0.0
vt 0.93931 0.183297 0.0
vt 0.99905 0.183297 0.0
vt 0.939081 0.179437 0.0
vt 0.93931 0.342604 0.0
vt 0.99905 0.342604 0.0
vt 0.99905 0.183297 0.0
vt 0.93931 0.183297 0.0
vt 0.939081 0.132863 0.0
vt 0.99905 0.342604 0.0
vt 0.93931 0.342604 0.0
vt 0.93931 0.183297 0.0
vt 0.99905 0.183297 0.0
vt 0.985655 0.132863 0.0
vt 0.93931 0.342604 0.0
vt 0.99905 0.342604 0.0
vt 0.93931 0.183297 0.0
vt 0.99905 0.183297 0.0
vt 0.985655 0.179437 0.0
vt 0.93931 0.342604 0.0
vt 0.99905 0.342604 0.0
vt 0.93931 0.183297 0.0
vt 0.99905 0.183297 0.0
vt 0.939081 0.179437 0.0
vt 0.93931 0.342604 0.0
vt 0.99905 0.342604 0.0
vt 0.99905 0.183297 0.0
vt 0.93931 0.183297 0.0
vt 0.939081 0.132863 0.0
vt 0.99905 0.342604 0.0
vt 0.93931 0.342604 0.0
vt 0.93931 0.183297 0.0
vt 0.99905 0.183297 0.0
vt 0.985655 0.132863 0.0
vt 0.93931 0.342604 0.0
vt 0.99905 0.342604 0.0
vt 0.93931 0.183297 0.0
vt 0.99905 0.183297 0.0
vt 0.985655 0.179437 0.0
vt 0.93931 0.342604 0.0
vt 0.99905 0.342604 0.0
vt 0.93931 0.183297 0.0
vt 0.99905 0.183297 0.0
vt 0.939081 0.179437 0.0
vt 0.93931 0.342604 0.0
vt 0.99905 0.342604 0.0
vt 0.99905 0.183297 0.0
vt 0.93931 0.183297 0.0
vt 0.939081 0.132863 0.0
vt 0.99905 0.342604 0.0
vt 0.93931 0.342604 0.0
vt 0.93931 0.183297 0.0
vt 0.99905 0.183297 0.0
vt 0.985655 0.132863 0.0
vt 0.93931 0.342604 0.0
vt 0.99905 0.342604 0.0
vt 0.93931 0.183297 0.0
vt 0.99905 0.183297 0.0
vt 0.985655 0.179437 0.0
vt 0.93931 0.342604 0.0
vt 0.99905 0.342604 0.0
vt 0.93931 0.183297 0.0
vt 0.99905 0.183297 0.0
vt 0.939081 0.179437 0.0
vt 0.93931 0.342604 0.0
vt 0.99905 0.342604 0.0
vt 0.99905 0.183297 0.0
vt 0.93931 0.183297 0.0
vt 0.939081 0.132863 0.0
vt 0.99905 0.342604 0.0
vt 0.93931 0.342604 0.0
vt 0.93931 0.183297 0.0
vt 0.99905 0.183297 0.0
vt 0.985655 0.132863 0.0
vt 0.93931 0.342604 0.0
vt 0.99905 0.342604 0.0
vt 0.93931 0.183297 0.0
vt 0.99905 0.183297 0.0
vt 0.985655 0.179437 0.0
vt 0.93931 0.342604 0.0
vt 0.99905 0.342604 0.0
vt 0.93931 0.183297 0.0
vt 0.99905 0.183297 0.0
vt 0.939081 0.179437 0.0
vt 0.93931 0.342604 0.0
vt 0.99905 0.342604 0.0
vt 0.302823 0.656284 0.0
vt -0.000781 0.781451 0.0
vt -0.000466 0.505675 0.0
vt 0.302823 0.718868 0.0
vt -0.000781 0.844034 0.0
vt 0.000156 0.656284 0.0
vt 0.979692 0.781451 0.0
vt 0.999534 0.505675 0.0
vt 0.000156 0.718868 0.0
vt 0.979692 0.844034 0.0
vt 0.000156 0.718868 0.0
vt 0.146184 0.656284 0.0
vt 0.999534 0.654611 0.0
vt 0.000156 0.781451 0.0
vt 0.146184 0.718868 0.0
vt 0.156795 0.656284 0.0
vt 0.980629 0.718868 0.0
vt -0.000466 0.654611 0.0
vt 0.156795 0.718868 0.0
vt 0.980629 0.781451 0.0
vt 0.302823 0.656284 0.0
vt -0.000781 0.781451 0.0
vt 0.0 0.851064 0.0
vt 0.302823 0.718868 0.0
vt -0.000781 0.844034 0.0
vt -0.000781 0.656284 0.0
vt 0.979692 0.781451 0.0
vt 1.0 0.851064 0.0
vt -0.000781 0.718868 0.0
vt 0.979692 0.844034 0.0
vt -0.000781 0.718868 0.0
vt 0.145247 0.656284 0.0
vt 1.0 1.0 0.0
vt -0.000781 0.781451 0.0
vt 0.145247 0.718868 0.0
vt 0.156795 0.656284 0.0
vt 0.979692 0.718868 0.0
vt 0.0 1.0 0.0
vt 0.156795 0.718868 0.0
vt 0.979692 0.781451 0.0
vt 0.302823 0.656284 0.0
vt -0.000781 0.781451 0.0
vt -0.000103 0.349106 0.0
vt 0.302823 0.718868 0.0
vt -0.000781 0.844034 0.0
vt -0.000781 0.656284 0.0
vt 0.979692 0.781451 0.0
vt 0.999897 0.349106 0.0
vt -0.000781 0.718868 0.0
vt 0.979692 0.844034 0.0
vt -0.000781 0.718868 0.0
vt 0.145247 0.656284 0.0
vt 0.999897 0.498042 0.0
vt -0.000781 0.781451 0.0
vt 0.145247 0.718868 0.0
vt 0.156795 0.656284 0.0
vt 0.979692 0.718868 0.0
vt -0.000103 0.498042 0.0
vt 0.156795 0.718868 0.0
vt 0.979692 0.781451 0.0
vt 0.302823 0.656284 0.0
vt -0.000781 0.781451 0.0
vt 0.0 0.851064 0.0
vt 0.302823 0.718868 0.0
vt -0.000781 0.844034 0.0
vt -0.000781 0.656284 0.0
vt 0.979692 0.781451 0.0
vt 1.0 0.851064 0.0
vt -0.000781 0.718868 0.0
vt 0.979692 0.844034 0.0
vt -0.000781 0.718868 0.0
vt 0.145247 0.656284 0.0
vt 1.0 1.0 0.0
vt -0.000781 0.781451 0.0
vt 0.145247 0.718868 0.0
vt 0.156795 0.656284 0.0
vt 0.979692 0.718868 0.0
vt 0.0 1.0 0.0
vt 0.156795 0.718868 0.0
vt 0.979692 0.781451 0.0
vt 0.043977 0.156096 0.0
vt 0.861777 0.034093 0.0
vt 0.043977 0.210448 0.0
vt 0.044098 0.048121 0.0
vt 0.785004 0.156096 0.0
vt 0.120749 0.034093 0.0
vt 0.785004 0.210448 0.0
vt 0.785125 0.048121 0.0
vt 0.044098 0.012881 0.0
vt 0.861976 0.259595 0.0
vt 0.861777 0.025761 0.0
vt 0.861976 0.219937 0.0
vt 0.861976 0.297453 0.0
vt 0.044098 0.06215 0.0
vt 0.785125 0.012881 0.0
vt 0.120949 0.259595 0.0
vt 0.120749 0.025761 0.0
vt 0.120949 0.219937 0.0
vt 0.861976 0.312903 0.0
vt 0.861777 0.093759 0.0
vt 0.861976 0.281378 0.0
vt 0.044098 0.06215 0.0
vt 0.04461 0.330358 0.0
vt 0.861777 0.121202 0.0
vt 0.120949 0.297453 0.0
vt 0.785125 0.06215 0.0
vt 0.04461 0.32163 0.0
vt 0.044098 0.0 0.0
vt 0.04461 0.312903 0.0
vt 0.044098 0.089593 0.0
vt 0.120949 0.312903 0.0
vt 0.120749 0.093759 0.0
vt 0.120949 0.281378 0.0
vt 0.785125 0.06215 0.0
vt 0.785638 0.330358 0.0
vt 0.120749 0.121202 0.0
vt 0.785638 0.32163 0.0
vt 0.785125 0.0 0.0
vt 0.04461 0.32163 0.0
vt 0.861777 0.012881 0.0
vt 0.785638 0.312903 0.0
vt 0.785125 0.089593 0.0
vt 0.785638 0.32163 0.0
vt 0.120749 0.012881 0.0
vt 0.861976 0.296828 0.0
vt 0.861777 0.048121 0.0
vt 0.120949 0.296828 0.0
vt 0.120749 0.048121 0.0
vt 0.948146 0.006978 0.0
vt 0.103454 0.156096 0.0
vt 0.802299 0.034093 0.0
vt 0.990425 0.006978 0.0
vt 0.103454 0.210448 0.0
vt 0.103576 0.048121 0.0
vt 0.818772 0.156096 0.0
vt 0.086982 0.034093 0.0
vt 0.818772 0.210448 0.0
vt 0.818893 0.048121 0.0
vt 0.98471 0.049257 0.0
vt 0.103576 0.012881 0.0
vt 0.802499 0.259595 0.0
vt 0.953861 0.049257 0.0
vt 0.802299 0.025761 0.0
vt 0.802499 0.219937 0.0
vt 0.990425 0.017891 0.0
vt 0.802499 0.297453 0.0
vt 0.103576 0.06215 0.0
vt 0.818893 0.012881 0.0
vt 0.087181 0.259595 0.0
vt 0.086982 0.025761 0.0
vt 0.087181 0.219937 0.0
vt 0.96065 0.017891 0.0
vt 0.802499 0.312903 0.0
vt 0.802299 0.093759 0.0
vt 0.977921 0.017891 0.0
vt 0.802499 0.281378 0.0
vt 0.103576 0.06215 0.0
vt 0.96065 0.039238 0.0
vt 0.104088 0.330358 0.0
vt 0.802299 0.121202 0.0
vt 0.087181 0.297453 0.0
vt 0.818893 0.06215 0.0
vt 0.98471 0.039238 0.0
vt 0.104088 0.32163 0.0
vt 0.103576 0.0 0.0
vt 0.977921 0.039238 0.0
vt 0.104088 0.312903 0.0
vt 0.103576 0.089593 0.0
vt 0.087181 0.312903 0.0
vt 0.086982 0.093759 0.0
vt 0.087181 0.281378 0.0
vt 0.818893 0.06215 0.0
vt 0.819405 0.330358 0.0
vt 0.086982 0.121202 0.0
vt 0.819405 0.32163 0.0
vt 0.818893 0.0 0.0
vt 0.953861 0.039238 0.0
vt 0.104088 0.32163 0.0
vt 0.802299 0.012881 0.0
vt 0.819405 0.312903 0.0
vt 0.818893 0.089593 0.0
vt 0.819405 0.32163 0.0
vt 0.086982 0.012881 0.0
vt 0.948146 0.017891 0.0
vt 0.802499 0.296828 0.0
vt 0.802299 0.048121 0.0
vt 0.087181 0.296828 0.0
vt 0.086982 0.048121 0.0
vt 0.99905 0.183297 0.0
vt 0.93931 0.183297 0.0
vt 0.939081 0.132863 0.0
vt 0.99905 0.342604 0.0
vt 0.93931 0.342604 0.0
vt 0.93931 0.183297 0.0
vt 0.99905 0.183297 0.0
vt 0.985655 0.132863 0.0
vt 0.93931 0.342604 0.0
vt 0.99905 0.342604 0.0
vt 0.93931 0.183297 0.0
vt 0.99905 0.183297 0.0
vt 0.985655 0.179437 0.0
vt 0.93931 0.342604 0.0
vt 0.99905 0.342604 0.0
vt 0.93931 0.183297 0.0
vt 0.99905 0.183297 0.0
vt 0.939081 0.179437 0.0
vt 0.93931 0.342604 0.0
vt 0.99905 0.342604 0.0
vt 0.99905 0.183297 0.0
vt 0.93931 0.183297 0.0
vt 0.939081 0.132863 0.0
vt 0.99905 0.342604 0.0
vt 0.93931 0.342604 0.0
vt 0.93931 0.183297 0.0
vt 0.99905 0.183297 0.0
vt 0.985655 0.132863 0.0
vt 0.93931 0.342604 0.0
vt 0.99905 0.342604 0.0
vt 0.93931 0.183297 0.0
vt 0.99905 0.183297 0.0
vt 0.985655 0.179437 0.0
vt 0.93931 0.342604 0.0
vt 0.99905 0.342604 0.0
vt 0.93931 0.183297 0.0
vt 0.99905 0.183297 0.0
vt 0.939081 0.179437 0.0
vt 0.93931 0.342604 0.0
vt 0.99905 0.342604 0.0
vt 0.99905 0.183297 0.0
vt 0.93931 0.183297 0.0
vt 0.939081 0.132863 0.0
vt 0.99905 0.342604 0.0
vt 0.93931 0.342604 0.0
vt 0.93931 0.183297 0.0
vt 0.99905 0.183297 0.0
vt 0.985655 0.132863 0.0
vt 0.93931 0.342604 0.0
vt 0.99905 0.342604 0.0
vt 0.93931 0.183297 0.0
vt 0.99905 0.183297 0.0
vt 0.985655 0.179437 0.0
vt 0.93931 0.342604 0.0
vt 0.99905 0.342604 0.0
vt 0.93931 0.183297 0.0
vt 0.99905 0.183297 0.0
vt 0.939081 0.179437 0.0
vt 0.93931 0.342604 0.0
vt 0.99905 0.342604 0.0
vt 0.99905 0.183297 0.0
vt 0.93931 0.183297 0.0
vt 0.939081 0.132863 0.0
vt 0.99905 0.342604 0.0
vt 0.93931 0.342604 0.0
vt 0.93931 0.183297 0.0
vt 0.99905 0.183297 0.0
vt 0.985655 0.132863 0.0
vt 0.93931 0.342604 0.0
vt 0.99905 0.342604 0.0
vt 0.93931 0.183297 0.0
vt 0.99905 0.183297 0.0
vt 0.985655 0.179437 0.0
vt 0.93931 0.342604 0.0
vt 0.99905 0.342604 0.0
vt 0.93931 0.183297 0.0
vt 0.99905 0.183297 0.0
vt 0.939081 0.179437 0.0
vt 0.93931 0.342604 0.0
vt 0.99905 0.342604 0.0
vt 0.99905 0.183297 0.0
vt 0.93931 0.183297 0.0
vt 0.939081 0.132863 0.0
vt 0.99905 0.342604 0.0
vt 0.93931 0.342604 0.0
vt 0.93931 0.183297 0.0
vt 0.99905 0.183297 0.0
vt 0.985655 0.132863 0.0
vt 0.93931 0.342604 0.0
vt 0.99905 0.342604 0.0
vt 0.93931 0.183297 0.0
vt 0.99905 0.183297 0.0
vt 0.985655 0.179437 0.0
vt 0.93931 0.342604 0.0
vt 0.99905 0.342604 0.0
vt 0.93931 0.183297 0.0
vt 0.99905 0.183297 0.0
vt 0.939081 0.179437 0.0
vt 0.93931 0.342604 0.0
vt 0.99905 0.342604 0.0
vt 0.99905 0.183297 0.0
vt 0.93931 0.183297 0.0
vt 0.939081 0.132863 0.0
vt 0.99905 0.342604 0.0
vt 0.93931 0.342604 0.0
vt 0.93931 0.183297 0.0
vt 0.99905 0.183297 0.0
vt 0.985655 0.132863 0.0
vt 0.93931 0.342604 0.0
vt 0.99905 0.342604 0.0
vt 0.93931 0.183297 0.0
vt 0.99905 0.183297 0.0
vt 0.985655 0.179437 0.0
vt 0.93931 0.342604 0.0
vt 0.99905 0.342604 0.0
vt 0.93931 0.183297 0.0
vt 0.99905 0.183297 0.0
vt 0.939081 0.179437 0.0
vt 0.93931 0.342604 0.0
vt 0.99905 0.342604 0.0
vt 0.99905 0.183297 0.0
vt 0.93931 0.183297 0.0
vt 0.939081 0.132863 0.0
vt 0.99905 0.342604 0.0
vt 0.93931 0.342604 0.0
vt 0.93931 0.183297 0.0
vt 0.99905 0.183297 0.0
vt 0.985655 0.132863 0.0
vt 0.93931 0.342604 0.0
vt 0.99905 0.342604 0.0
vt 0.93931 0.183297 0.0
vt 0.99905 0.183297 0.0
vt 0.985655 0.179437 0.0
vt 0.93931 0.342604 0.0
vt 0.99905 0.342604 0.0
vt 0.93931 0.183297 0.0
vt 0.99905 0.183297 0.0
vt 0.939081 0.179437 0.0
vt 0.93931 0.342604 0.0
vt 0.99905 0.342604 0.0
vt 0.99905 0.183297 0.0
vt 0.93931 0.183297 0.0
vt 0.939081 0.132863 0.0
vt 0.99905 0.342604 0.0
vt 0.93931 0.342604 0.0
vt 0.93931 0.183297 0.0
vt 0.99905 0.183297 0.0
vt 0.985655 0.132863 0.0
vt 0.93931 0.342604 0.0
vt 0.99905 0.342604 0.0
vt 0.93931 0.183297 0.0
vt 0.99905 0.183297 0.0
vt 0.985655 0.179437 0.0
vt 0.93931 0.342604 0.0
vt 0.99905 0.342604 0.0
vt 0.93931 0.183297 0.0
vt 0.99905 0.183297 0.0
vt 0.939081 0.179437 0.0
vt 0.93931 0.342604 0.0
vt 0.99905 0.342604 0.0
vt 0.302823 0.656284 0.0
vt -0.000781 0.781451 0.0
vt -0.000466 0.505675 0.0
vt 0.302823 0.718868 0.0
vt -0.000781 0.844034 0.0
vt 0.000156 0.656284 0.0
vt 0.979692 0.781451 0.0
vt 0.999534 0.505675 0.0
vt 0.000156 0.718868 0.0
vt 0.979692 0.844034 0.0
vt 0.000156 0.718868 0.0
vt 0.146184 0.656284 0.0
vt 0.999534 0.654611 0.0
vt 0.000156 0.781451 0.0
vt 0.146184 0.718868 0.0
vt 0.156795 0.656284 0.0
vt 0.980629 0.718868 0.0
vt -0.000466 0.654611 0.0
vt 0.156795 0.718868 0.0
vt 0.980629 0.781451 0.0
vt 0.302823 0.656284 0.0
vt -0.000781 0.781451 0.0
vt 0.0 0.851064 0.0
vt 0.302823 0.718868 0.0
vt -0.000781 0.844034 0.0
vt -0.000781 0.656284 0.0
vt 0.979692 0.781451 0.0
vt 1.0 0.851064 0.0
vt -0.000781 0.718868 0.0
vt 0.979692 0.844034 0.0
vt -0.000781 0.718868 0.0
vt 0.145247 0.656284 0.0
vt 1.0 1.0 0.0
vt -0.000781 0.781451 0.0
vt 0.145247 0.718868 0.0
vt 0.156795 0.656284 0.0
vt 0.979692 0.718868 0.0
vt 0.0 1.0 0.0
vt 0.156795 0.718868 0.0
vt 0.979692 0.781451 0.0
vt 0.302823 0.656284 0.0
vt -0.000781 0.781451 0.0
vt -0.000103 0.349106 0.0
vt 0.302823 0.718868 0.0
vt -0.000781 0.844034 0.0
vt -0.000781 0.656284 0.0
vt 0.979692 0.781451 0.0
vt 0.999897 0.349106 0.0
vt -0.000781 0.718868 0.0
vt 0.979692 0.844034 0.0
vt -0.000781 0.718868 0.0
vt 0.145247 0.656284 0.0
vt 0.999897 0.498042 0.0
vt -0.000781 0.781451 0.0
vt 0.145247 0.718868 0.0
vt 0.156795 0.656284 0.0
vt 0.979692 0.718868 0.0
vt -0.000103 0.498042 0.0
vt 0.156795 0.718868 0.0
vt 0.979692 0.781451 0.0
vt -0.000781 0.781451 0.0
vt 0.302823 0.656284 0.0
vt -0.000781 0.844034 0.0
vt 0.0 0.851064 0.0
vt 0.302823 0.718868 0.0
vt 0.979692 0.781451 0.0
vt -0.000781 0.656284 0.0
vt 0.979692 0.844034 0.0
vt 1.0 0.851064 0.0
vt -0.000781 0.718868 0.0
vt -0.000781 0.718868 0.0
vt 0.145247 0.656284 0.0
vt 1.0 1.0 0.0
vt -0.000781 0.781451 0.0
vt 0.145247 0.718868 0.0
vt 0.156795 0.656284 0.0
vt 0.979692 0.718868 0.0
vt 0.0 1.0 0.0
vt 0.156795 0.718868 0.0
vt 0.979692 0.781451 0.0
vt -0.000122 0.156096 0.0
vt 0.905875 0.034093 0.0
vt -0.000122 0.210448 0.0
vt 0.0 0.048121 0.0
vt 0.905753 0.210448 0.0
vt 0.905875 0.048121 0.0
vt 0.905753 0.156096 0.0
vt 0.0 0.034093 0.0
vt 0.0 0.012881 0.0
vt 0.906075 0.259595 0.0
vt 0.905875 0.025761 0.0
vt 0.906075 0.219937 0.0
vt 0.906075 0.297453 0.0
vt 0.0 0.06215 0.0
vt 0.0002 0.297453 0.0
vt 0.905875 0.06215 0.0
vt 0.905875 0.012881 0.0
vt 0.0002 0.259595 0.0
vt 0.906075 0.312903 0.0
vt 0.905875 0.093759 0.0
vt 0.906075 0.281378 0.0
vt 0.0 0.06215 0.0
vt 0.000512 0.330358 0.0
vt 0.905875 0.121202 0.0
vt 0.906387 0.330358 0.0
vt 0.0 0.121202 0.0
vt 0.000512 0.32163 0.0
vt 0.0 0.0 0.0
vt 0.000512 0.312903 0.0
vt 0.0 0.089593 0.0
vt 0.0002 0.281378 0.0
vt 0.905875 0.06215 0.0
vt 0.906387 0.32163 0.0
vt 0.905875 0.0 0.0
vt 0.906387 0.312903 0.0
vt 0.905875 0.089593 0.0
vt 0.0002 0.312903 0.0
vt 0.0 0.093759 0.0
vt 0.000512 0.32163 0.0
vt 0.905875 0.012881 0.0
vt 0.906387 0.32163 0.0
vt 0.0 0.012881 0.0
vt 0.0002 0.296828 0.0
vt 0.0 0.048121 0.0
vt 0.906075 0.296828 0.0
vt 0.905875 0.048121 0.0
vt 0.0 0.025761 0.0
vt 0.0002 0.219937 0.0
vt -0.000122 0.156096 0.0
vt 0.905875 0.034093 0.0
vt -0.000122 0.210448 0.0
vt 0.0 0.048121 0.0
vt 0.890493 0.156096 0.0
vt 0.01526 0.034093 0.0
vt 0.890493 0.210448 0.0
vt 0.890615 0.048121 0.0
vt 0.0 0.012881 0.0
vt 0.906075 0.259595 0.0
vt 0.905875 0.025761 0.0
vt 0.906075 0.219937 0.0
vt 0.906075 0.297453 0.0
vt 0.0 0.06215 0.0
vt 0.890615 0.012881 0.0
vt 0.01546 0.259595 0.0
vt 0.01526 0.025761 0.0
vt 0.01546 0.219937 0.0
vt 0.906075 0.312903 0.0
vt 0.905875 0.093759 0.0
vt 0.906075 0.281378 0.0
vt 0.0 0.06215 0.0
vt 0.000512 0.330358 0.0
vt 0.905875 0.121202 0.0
vt 0.01546 0.297453 0.0
vt 0.890615 0.06215 0.0
vt 0.000512 0.32163 0.0
vt 0.0 0.0 0.0
vt 0.000512 0.312903 0.0
vt 0.0 0.089593 0.0
vt 0.01546 0.312903 0.0
vt 0.01526 0.093759 0.0
vt 0.01546 0.281378 0.0
vt 0.890615 0.06215 0.0
vt 0.891127 0.330358 0.0
vt 0.01526 0.121202 0.0
vt 0.891127 0.32163 0.0
vt 0.890615 0.0 0.0
vt 0.000512 0.32163 0.0
vt 0.905875 0.012881 0.0
vt 0.891127 0.312903 0.0
vt 0.890615 0.089593 0.0
vt 0.891127 0.32163 0.0
vt 0.01526 0.012881 0.0
vt 0.906075 0.296828 0.0
vt 0.905875 0.048121 0.0
vt 0.01546 0.296828 0.0
vt 0.01526 0.048121 0.0
vt 0.99905 0.183297 0.0
vt 0.93931 0.183297 0.0
vt 0.939081 0.132863 0.0
vt 0.99905 0.342604 0.0
vt 0.93931 0.342604 0.0
vt 0.93931 0.183297 0.0
vt 0.99905 0.183297 0.0
vt 0.985655 0.132863 0.0
vt 0.93931 0.342604 0.0
vt 0.99905 0.342604 0.0
vt 0.93931 0.183297 0.0
vt 0.99905 0.183297 0.0
vt 0.985655 0.179437 0.0
vt 0.93931 0.342604 0.0
vt 0.99905 0.342604 0.0
vt 0.93931 0.183297 0.0
vt 0.99905 0.183297 0.0
vt 0.939081 0.179437 0.0
vt 0.93931 0.342604 0.0
vt 0.99905 0.342604 0.0
vt 0.99905 0.183297 0.0
vt 0.93931 0.183297 0.0
vt 0.939081 0.132863 0.0
vt 0.99905 0.342604 0.0
vt 0.93931 0.342604 0.0
vt 0.93931 0.183297 0.0
vt 0.99905 0.183297 0.0
vt 0.985655 0.132863 0.0
vt 0.93931 0.342604 0.0
vt 0.99905 0.342604 0.0
vt 0.93931 0.183297 0.0
vt 0.99905 0.183297 0.0
vt 0.985655 0.179437 0.0
vt 0.93931 0.342604 0.0
vt 0.99905 0.342604 0.0
vt 0.93931 0.183297 0.0
vt 0.99905 0.183297 0.0
vt 0.939081 0.179437 0.0
vt 0.93931 0.342604 0.0
vt 0.99905 0.342604 0.0
vt 0.99905 0.183297 0.0
vt 0.93931 0.183297 0.0
vt 0.939081 0.132863 0.0
vt 0.99905 0.342604 0.0
vt 0.93931 0.342604 0.0
vt 0.93931 0.183297 0.0
vt 0.99905 0.183297 0.0
vt 0.985655 0.132863 0.0
vt 0.93931 0.342604 0.0
vt 0.99905 0.342604 0.0
vt 0.93931 0.183297 0.0
vt 0.99905 0.183297 0.0
vt 0.985655 0.179437 0.0
vt 0.93931 0.342604 0.0
vt 0.99905 0.342604 0.0
vt 0.93931 0.183297 0.0
vt 0.99905 0.183297 0.0
vt 0.939081 0.179437 0.0
vt 0.93931 0.342604 0.0
vt 0.99905 0.342604 0.0
vt 0.99905 0.183297 0.0
vt 0.93931 0.183297 0.0
vt 0.939081 0.132863 0.0
vt 0.99905 0.342604 0.0
vt 0.93931 0.342604 0.0
vt 0.93931 0.183297 0.0
vt 0.99905 0.183297 0.0
vt 0.985655 0.132863 0.0
vt 0.93931 0.342604 0.0
vt 0.99905 0.342604 0.0
vt 0.93931 0.183297 0.0
vt 0.99905 0.183297 0.0
vt 0.985655 0.179437 0.0
vt 0.93931 0.342604 0.0
vt 0.99905 0.342604 0.0
vt 0.93931 0.183297 0.0
vt 0.99905 0.183297 0.0
vt 0.939081 0.179437 0.0
vt 0.93931 0.342604 0.0
vt 0.99905 0.342604 0.0
vt 0.99905 0.183297 0.0
vt 0.93931 0.183297 0.0
vt 0.939081 0.132863 0.0
vt 0.99905 0.342604 0.0
vt 0.93931 0.342604 0.0
vt 0.93931 0.183297 0.0
vt 0.99905 0.183297 0.0
vt 0.985655 0.132863 0.0
vt 0.93931 0.342604 0.0
vt 0.99905 0.342604 0.0
vt 0.93931 0.183297 0.0
vt 0.99905 0.183297 0.0
vt 0.985655 0.179437 0.0
vt 0.93931 0.342604 0.0
vt 0.99905 0.342604 0.0
vt 0.93931 0.183297 0.0
vt 0.99905 0.183297 0.0
vt 0.939081 0.179437 0.0
vt 0.93931 0.342604 0.0
vt 0.99905 0.342604 0.0
vt 0.99905 0.183297 0.0
vt 0.93931 0.183297 0.0
vt 0.939081 0.132863 0.0
vt 0.99905 0.342604 0.0
vt 0.93931 0.342604 0.0
vt 0.93931 0.183297 0.0
vt 0.99905 0.183297 0.0
vt 0.985655 0.132863 0.0
vt 0.93931 0.342604 0.0
vt 0.99905 0.342604 0.0
vt 0.93931 0.183297 0.0
vt 0.99905 0.183297 0.0
vt 0.985655 0.179437 0.0
vt 0.93931 0.342604 0.0
vt 0.99905 0.342604 0.0
vt 0.93931 0.183297 0.0
vt 0.99905 0.183297 0.0
vt 0.939081 0.179437 0.0
vt 0.93931 0.342604 0.0
vt 0.99905 0.342604 0.0
vt 0.99905 0.183297 0.0
vt 0.93931 0.183297 0.0
vt 0.939081 0.132863 0.0
vt 0.99905 0.342604 0.0
vt 0.93931 0.342604 0.0
vt 0.93931 0.183297 0.0
vt 0.99905 0.183297 0.0
vt 0.985655 0.132863 0.0
vt 0.93931 0.342604 0.0
vt 0.99905 0.342604 0.0
vt 0.93931 0.183297 0.0
vt 0.99905 0.183297 0.0
vt 0.985655 0.179437 0.0
vt 0.93931 0.342604 0.0
vt 0.99905 0.342604 0.0
vt 0.93931 0.183297 0.0
vt 0.99905 0.183297 0.0
vt 0.939081 0.179437 0.0
vt 0.93931 0.342604 0.0
vt 0.99905 0.342604 0.0
vt 0.99905 0.183297 0.0
vt 0.93931 0.183297 0.0
vt 0.939081 0.132863 0.0
vt 0.99905 0.342604 0.0
vt 0.93931 0.342604 0.0
vt 0.93931 0.183297 0.0
vt 0.99905 0.183297 0.0
vt 0.985655 0.132863 0.0
vt 0.93931 0.342604 0.0
vt 0.99905 0.342604 0.0
vt 0.93931 0.183297 0.0
vt 0.99905 0.183297 0.0
vt 0.985655 0.179437 0.0
vt 0.93931 0.342604 0.0
vt 0.99905 0.342604 0.0
vt 0.93931 0.183297 0.0
vt 0.99905 0.183297 0.0
vt 0.939081 0.179437 0.0
vt 0.93931 0.342604 0.0
vt 0.99905 0.342604 0.0
vt 0.302823 0.656284 0.0
vt -0.000781 0.781451 0.0
vt -0.000466 0.505675 0.0
vt 0.302823 0.718868 0.0
vt -0.000781 0.844034 0.0
vt 0.000156 0.656284 0.0
vt 0.979692 0.781451 0.0
vt 0.999534 0.505675 0.0
vt 0.000156 0.718868 0.0
vt 0.979692 0.844034 0.0
vt 0.000156 0.718868 0.0
vt 0.146184 0.656284 0.0
vt 0.999534 0.654611 0.0
vt 0.000156 0.781451 0.0
vt 0.146184 0.718868 0.0
vt 0.156795 0.656284 0.0
vt 0.980629 0.718868 0.0
vt -0.000466 0.654611 0.0
vt 0.156795 0.718868 0.0
vt 0.980629 0.781451 0.0
vt -0.000781 0.781451 0.0
vt 0.302823 0.656284 0.0
vt -0.000781 0.844034 0.0
vt 0.0 0.851064 0.0
vt 0.302823 0.718868 0.0
vt -0.000781 0.656284 0.0
vt 0.979692 0.781451 0.0
vt -0.000781 0.718868 0.0
vt 0.979692 0.844034 0.0
vt 1.0 0.851064 0.0
vt 0.145247 0.656284 0.0
vt -0.000781 0.718868 0.0
vt 0.145247 0.718868 0.0
vt 1.0 1.0 0.0
vt -0.000781 0.781451 0.0
vt 0.156795 0.656284 0.0
vt 0.979692 0.718868 0.0
vt 0.0 1.0 0.0
vt 0.156795 0.718868 0.0
vt 0.979692 0.781451 0.0
vt -0.000781 0.781451 0.0
vt 0.302823 0.656284 0.0
vt -0.000781 0.844034 0.0
vt -0.000103 0.349106 0.0
vt 0.302823 0.718868 0.0
vt -0.000781 0.656284 0.0
vt 0.979692 0.781451 0.0
vt -0.000781 0.718868 0.0
vt 0.979692 0.844034 0.0
vt 0.999897 0.349106 0.0
vt 0.145247 0.656284 0.0
vt -0.000781 0.718868 0.0
vt 0.145247 0.718868 0.0
vt 0.999897 0.498042 0.0
vt -0.000781 0.781451 0.0
vt 0.156795 0.656284 0.0
vt 0.979692 0.718868 0.0
vt -0.000103 0.498042 0.0
vt 0.156795 0.718868 0.0
vt 0.979692 0.781451 0.0
vt 0.302823 0.656284 0.0
vt -0.000781 0.781451 0.0
vt 0.0 0.851064 0.0
vt 0.302823 0.718868 0.0
vt -0.000781 0.844034 0.0
vt -0.000781 0.656284 0.0
vt 0.979692 0.781451 0.0
vt 1.0 0.851064 0.0
vt -0.000781 0.718868 0.0
vt 0.979692 0.844034 0.0
vt -0.000781 0.718868 0.0
vt 0.145247 0.656284 0.0
vt -0.000781 0.781451 0.0
vt 1.0 1.0 0.0
vt 0.145247 0.718868 0.0
vt 0.979692 0.718868 0.0
vt 0.156795 0.656284 0.0
vt 0.979692 0.781451 0.0
vt 0.0 1.0 0.0
vt 0.156795 0.718868 0.0
vt -0.000122 0.156096 0.0
vt 0.905875 0.034093 0.0
vt -0.000122 0.210448 0.0
vt 0.0 0.048121 0.0
vt 0.905753 0.210448 0.0
vt 0.905875 0.048121 0.0
vt 0.905753 0.156096 0.0
vt 0.0 0.034093 0.0
vt 0.0 0.012881 0.0
vt 0.906075 0.259595 0.0
vt 0.905875 0.025761 0.0
vt 0.906075 0.219937 0.0
vt 0.906075 0.297453 0.0
vt 0.0 0.06215 0.0
vt 0.0002 0.297453 0.0
vt 0.905875 0.06215 0.0
vt 0.905875 0.012881 0.0
vt 0.0002 0.259595 0.0
vt 0.906075 0.312903 0.0
vt 0.905875 0.093759 0.0
vt 0.906075 0.281378 0.0
vt 0.0 0.06215 0.0
vt 0.000512 0.330358 0.0
vt 0.905875 0.121202 0.0
vt 0.906387 0.330358 0.0
vt 0.0 0.121202 0.0
vt 0.000512 0.32163 0.0
vt 0.0 0.0 0.0
vt 0.000512 0.312903 0.0
vt 0.0 0.089593 0.0
vt 0.0002 0.281378 0.0
vt 0.905875 0.06215 0.0
vt 0.906387 0.32163 0.0
vt 0.905875 0.0 0.0
vt 0.906387 0.312903 0.0
vt 0.905875 0.089593 0.0
vt 0.0002 0.312903 0.0
vt 0.0 0.093759 0.0
vt 0.000512 0.32163 0.0
vt 0.905875 0.012881 0.0
vt 0.906387 0.32163 0.0
vt 0.0 0.012881 0.0
vt 0.0002 0.296828 0.0
vt 0.0 0.048121 0.0
vt 0.906075 0.296828 0.0
vt 0.905875 0.048121 0.0
vt 0.0 0.025761 0.0
vt 0.0002 0.219937 0.0
vt -0.000122 0.156096 0.0
vt 0.905875 0.034093 0.0
vt -0.000122 0.210448 0.0
vt 0.0 0.048121 0.0
vt 0.905753 0.210448 0.0
vt 0.905875 0.048121 0.0
vt 0.905753 0.156096 0.0
vt 0.0 0.034093 0.0
vt 0.0 0.012881 0.0
vt 0.906075 0.259595 0.0
vt 0.905875 0.025761 0.0
vt 0.906075 0.219937 0.0
vt 0.906075 0.297453 0.0
vt 0.0 0.06215 0.0
vt 0.0002 0.297453 0.0
vt 0.905875 0.06215 0.0
vt 0.905875 0.012881 0.0
vt 0.0002 0.259595 0.0
vt 0.906075 0.312903 0.0
vt 0.905875 0.093759 0.0
vt 0.906075 0.281378 0.0
vt 0.0 0.06215 0.0
vt 0.000512 0.330358 0.0
vt 0.905875 0.121202 0.0
vt 0.906387 0.330358 0.0
vt 0.0 0.121202 0.0
vt 0.000512 0.32163 0.0
vt 0.0 0.0 0.0
vt 0.000512 0.312903 0.0
vt 0.0 0.089593 0.0
vt 0.0002 0.281378 0.0
vt 0.905875 0.06215 0.0
vt 0.906387 0.32163 0.0
vt 0.905875 0.0 0.0
vt 0.906387 0.312903 0.0
vt 0.905875 0.089593 0.0
vt 0.0002 0.312903 0.0
vt 0.0 0.093759 0.0
vt 0.000512 0.32163 0.0
vt 0.905875 0.012881 0.0
vt 0.906387 0.32163 0.0
vt 0.0 0.012881 0.0
vt 0.0002 0.296828 0.0
vt 0.0 0.048121 0.0
vt 0.906075 0.296828 0.0
vt 0.905875 0.048121 0.0
vt 0.0 0.025761 0.0
vt 0.0002 0.219937 0.0
vt 0.99905 0.183297 0.0
vt 0.93931 0.183297 0.0
vt 0.939081 0.132863 0.0
vt 0.99905 0.342604 0.0
vt 0.93931 0.342604 0.0
vt 0.93931 0.183297 0.0
vt 0.99905 0.183297 0.0
vt 0.985655 0.132863 0.0
vt 0.93931 0.342604 0.0
vt 0.99905 0.342604 0.0
vt 0.93931 0.183297 0.0
vt 0.99905 0.183297 0.0
vt 0.985655 0.179437 0.0
vt 0.93931 0.342604 0.0
vt 0.99905 0.342604 0.0
vt 0.93931 0.183297 0.0
vt 0.99905 0.183297 0.0
vt 0.939081 0.179437 0.0
vt 0.93931 0.342604 0.0
vt 0.99905 0.342604 0.0
vt 0.99905 0.183297 0.0
vt 0.93931 0.183297 0.0
vt 0.939081 0.132863 0.0
vt 0.99905 0.342604 0.0
vt 0.93931 0.342604 0.0
vt 0.93931 0.183297 0.0
vt 0.99905 0.183297 0.0
vt 0.985655 0.132863 0.0
vt 0.93931 0.342604 0.0
vt 0.99905 0.342604 0.0
vt 0.93931 0.183297 0.0
vt 0.99905 0.183297 0.0
vt 0.985655 0.179437 0.0
vt 0.93931 0.342604 0.0
vt 0.99905 0.342604 0.0
vt 0.93931 0.183297 0.0
vt 0.99905 0.183297 0.0
vt 0.939081 0.179437 0.0
vt 0.93931 0.342604 0.0
vt 0.99905 0.342604 0.0
vt 0.99905 0.183297 0.0
vt 0.93931 0.183297 0.0
vt 0.939081 0.132863 0.0
vt 0.99905 0.342604 0.0
vt 0.93931 0.342604 0.0
vt 0.93931 0.183297 0.0
vt 0.99905 0.183297 0.0
vt 0.985655 0.132863 0.0
vt 0.93931 0.342604 0.0
vt 0.99905 0.342604 0.0
vt 0.93931 0.183297 0.0
vt 0.99905 0.183297 0.0
vt 0.985655 0.179437 0.0
vt 0.93931 0.342604 0.0
vt 0.99905 0.342604 0.0
vt 0.93931 0.183297 0.0
vt 0.99905 0.183297 0.0
vt 0.939081 0.179437 0.0
vt 0.93931 0.342604 0.0
vt 0.99905 0.342604 0.0
vt 0.99905 0.183297 0.0
vt 0.93931 0.183297 0.0
vt 0.939081 0.132863 0.0
vt 0.99905 0.342604 0.0
vt 0.93931 0.342604 0.0
vt 0.93931 0.183297 0.0
vt 0.99905 0.183297 0.0
vt 0.985655 0.132863 0.0
vt 0.93931 0.342604 0.0
vt 0.99905 0.342604 0.0
vt 0.93931 0.183297 0.0
vt 0.99905 0.183297 0.0
vt 0.985655 0.179437 0.0
vt 0.93931 0.342604 0.0
vt 0.99905 0.342604 0.0
vt 0.93931 0.183297 0.0
vt 0.99905 0.183297 0.0
vt 0.939081 0.179437 0.0
vt 0.93931 0.342604 0.0
vt 0.99905 0.342604 0.0
vt 0.99905 0.183297 0.0
vt 0.93931 0.183297 0.0
vt 0.939081 0.132863 0.0
vt 0.99905 0.342604 0.0
vt 0.93931 0.342604 0.0
vt 0.93931 0.183297 0.0
vt 0.99905 0.183297 0.0
vt 0.985655 0.132863 0.0
vt 0.93931 0.342604 0.0
vt 0.99905 0.342604 0.0
vt 0.93931 0.183297 0.0
vt 0.99905 0.183297 0.0
vt 0.985655 0.179437 0.0
vt 0.93931 0.342604 0.0
vt 0.99905 0.342604 0.0
vt 0.93931 0.183297 0.0
vt 0.99905 0.183297 0.0
vt 0.939081 0.179437 0.0
vt 0.93931 0.342604 0.0
vt 0.99905 0.342604 0.0
vt 0.99905 0.183297 0.0
vt 0.93931 0.183297 0.0
vt 0.939081 0.132863 0.0
vt 0.99905 0.342604 0.0
vt 0.93931 0.342604 0.0
vt 0.93931 0.183297 0.0
vt 0.99905 0.183297 0.0
vt 0.985655 0.132863 0.0
vt 0.93931 0.342604 0.0
vt 0.99905 0.342604 0.0
vt 0.93931 0.183297 0.0
vt 0.99905 0.183297 0.0
vt 0.985655 0.179437 0.0
vt 0.93931 0.342604 0.0
vt 0.99905 0.342604 0.0
vt 0.93931 0.183297 0.0
vt 0.99905 0.183297 0.0
vt 0.939081 0.179437 0.0
vt 0.93931 0.342604 0.0
vt 0.99905 0.342604 0.0
vt 0.99905 0.183297 0.0
vt 0.93931 0.183297 0.0
vt 0.939081 0.132863 0.0
vt 0.99905 0.342604 0.0
vt 0.93931 0.342604 0.0
vt 0.93931 0.183297 0.0
vt 0.99905 0.183297 0.0
vt 0.985655 0.132863 0.0
vt 0.93931 0.342604 0.0
vt 0.99905 0.342604 0.0
vt 0.93931 0.183297 0.0
vt 0.99905 0.183297 0.0
vt 0.985655 0.179437 0.0
vt 0.93931 0.342604 0.0
vt 0.99905 0.342604 0.0
vt 0.93931 0.183297 0.0
vt 0.99905 0.183297 0.0
vt 0.939081 0.179437 0.0
vt 0.93931 0.342604 0.0
vt 0.99905 0.342604 0.0
vt 0.99905 0.183297 0.0
vt 0.93931 0.183297 0.0
vt 0.939081 0.132863 0.0
vt 0.99905 0.342604 0.0
vt 0.93931 0.342604 0.0
vt 0.93931 0.183297 0.0
vt 0.99905 0.183297 0.0
vt 0.985655 0.132863 0.0
vt 0.93931 0.342604 0.0
vt 0.99905 0.342604 0.0
vt 0.93931 0.183297 0.0
vt 0.99905 0.183297 0.0
vt 0.985655 0.179437 0.0
vt 0.93931 0.342604 0.0
vt 0.99905 0.342604 0.0
vt 0.93931 0.183297 0.0
vt 0.99905 0.183297 0.0
vt 0.939081 0.179437 0.0
vt 0.93931 0.342604 0.0
vt 0.99905 0.342604 0.0
vt 0.302823 0.656284 0.0
vt -0.000781 0.781451 0.0
vt -0.000466 0.505675 0.0
vt 0.302823 0.718868 0.0
vt -0.000781 0.844034 0.0
vt 0.000156 0.656284 0.0
vt 0.979692 0.781451 0.0
vt 0.999534 0.505675 0.0
vt 0.000156 0.718868 0.0
vt 0.979692 0.844034 0.0
vt 0.000156 0.718868 0.0
vt 0.146184 0.656284 0.0
vt 0.999534 0.654611 0.0
vt 0.000156 0.781451 0.0
vt 0.146184 0.718868 0.0
vt 0.156795 0.656284 0.0
vt 0.980629 0.718868 0.0
vt -0.000466 0.654611 0.0
vt 0.156795 0.718868 0.0
vt 0.980629 0.781451 0.0
vt 0.302823 0.656284 0.0
vt -0.000781 0.781451 0.0
vt 0.0 0.851064 0.0
vt 0.302823 0.718868 0.0
vt -0.000781 0.844034 0.0
vt -0.000781 0.656284 0.0
vt 0.979692 0.781451 0.0
vt 1.0 0.851064 0.0
vt -0.000781 0.718868 0.0
vt 0.979692 0.844034 0.0
vt -0.000781 0.718868 0.0
vt 0.145247 0.656284 0.0
vt 1.0 1.0 0.0
vt -0.000781 0.781451 0.0
vt 0.145247 0.718868 0.0
vt 0.156795 0.656284 0.0
vt 0.979692 0.718868 0.0
vt 0.0 1.0 0.0
vt 0.156795 0.718868 0.0
vt 0.979692 0.781451 0.0
vt 0.302823 0.656284 0.0
vt -0.000781 0.781451 0.0
vt -0.000103 0.349106 0.0
vt 0.302823 0.718868 0.0
vt -0.000781 0.844034 0.0
vt -0.000781 0.656284 0.0
vt 0.979692 0.781451 0.0
vt 0.999897 0.349106 0.0
vt -0.000781 0.718868 0.0
vt 0.979692 0.844034 0.0
vt -0.000781 0.718868 0.0
vt 0.145247 0.656284 0.0
vt 0.999897 0.498042 0.0
vt -0.000781 0.781451 0.0
vt 0.145247 0.718868 0.0
vt 0.156795 0.656284 0.0
vt 0.979692 0.718868 0.0
vt -0.000103 0.498042 0.0
vt 0.156795 0.718868 0.0
vt 0.979692 0.781451 0.0
vt -0.000781 0.781451 0.0
vt 0.302823 0.656284 0.0
vt -0.000781 0.844034 0.0
vt 0.0 0.851064 0.0
vt 0.302823 0.718868 0.0
vt 0.979692 0.781451 0.0
vt -0.000781 0.656284 0.0
vt 0.979692 0.844034 0.0
vt 1.0 0.851064 0.0
vt -0.000781 0.718868 0.0
vt -0.000781 0.718868 0.0
vt 0.145247 0.656284 0.0
vt 1.0 1.0 0.0
vt -0.000781 0.781451 0.0
vt 0.145247 0.718868 0.0
vt 0.156795 0.656284 0.0
vt 0.979692 0.718868 0.0
vt 0.0 1.0 0.0
vt 0.156795 0.718868 0.0
vt 0.979692 0.781451 0.0
vt 0.878841 0.034093 0.0
vt 0.026913 0.156096 0.0
vt 0.026913 0.210448 0.0
vt 0.027034 0.048121 0.0
vt 0.905753 0.210448 0.0
vt 0.905875 0.048121 0.0
vt 0.0 0.034093 0.0
vt 0.905753 0.156096 0.0
vt 0.027034 0.012881 0.0
vt 0.87904 0.259595 0.0
vt 0.878841 0.025761 0.0
vt 0.87904 0.219937 0.0
vt 0.87904 0.297453 0.0
vt 0.027034 0.06215 0.0
vt 0.0002 0.297453 0.0
vt 0.905875 0.06215 0.0
vt 0.905875 0.012881 0.0
vt 0.0002 0.259595 0.0
vt 0.87904 0.312903 0.0
vt 0.878841 0.093759 0.0
vt 0.87904 0.281378 0.0
vt 0.027034 0.06215 0.0
vt 0.027546 0.330358 0.0
vt 0.878841 0.121202 0.0
vt 0.906387 0.330358 0.0
vt 0.0 0.121202 0.0
vt 0.027546 0.32163 0.0
vt 0.027034 0.0 0.0
vt 0.027546 0.312903 0.0
vt 0.027034 0.089593 0.0
vt 0.0002 0.281378 0.0
vt 0.905875 0.06215 0.0
vt 0.906387 0.32163 0.0
vt 0.905875 0.0 0.0
vt 0.906387 0.312903 0.0
vt 0.905875 0.089593 0.0
vt 0.0002 0.312903 0.0
vt 0.0 0.093759 0.0
vt 0.878841 0.012881 0.0
vt 0.027546 0.32163 0.0
vt 0.0 0.012881 0.0
vt 0.906387 0.32163 0.0
vt 0.0002 0.296828 0.0
vt 0.0 0.048121 0.0
vt 0.87904 0.296828 0.0
vt 0.878841 0.048121 0.0
vt 0.0 0.025761 0.0
vt 0.0002 0.219937 0.0
vt 0.080054 0.156096 0.0
vt 0.825699 0.034093 0.0
vt 0.080054 0.210448 0.0
vt 0.080176 0.048121 0.0
vt 0.876887 0.156096 0.0
vt 0.028866 0.034093 0.0
vt 0.876887 0.210448 0.0
vt 0.877009 0.048121 0.0
vt 0.080176 0.012881 0.0
vt 0.825899 0.259595 0.0
vt 0.825699 0.025761 0.0
vt 0.825899 0.219937 0.0
vt 0.825899 0.297453 0.0
vt 0.080176 0.06215 0.0
vt 0.877009 0.012881 0.0
vt 0.029066 0.259595 0.0
vt 0.028866 0.025761 0.0
vt 0.029066 0.219937 0.0
vt 0.825899 0.312903 0.0
vt 0.825699 0.093759 0.0
vt 0.825899 0.281378 0.0
vt 0.080176 0.06215 0.0
vt 0.080688 0.330358 0.0
vt 0.825699 0.121202 0.0
vt 0.029066 0.297453 0.0
vt 0.877009 0.06215 0.0
vt 0.080688 0.32163 0.0
vt 0.080176 0.0 0.0
vt 0.080688 0.312903 0.0
vt 0.080176 0.089593 0.0
vt 0.029066 0.312903 0.0
vt 0.028866 0.093759 0.0
vt 0.029066 0.281378 0.0
vt 0.877009 0.06215 0.0
vt 0.877521 0.330358 0.0
vt 0.028866 0.121202 0.0
vt 0.877521 0.32163 0.0
vt 0.877009 0.0 0.0
vt 0.080688 0.32163 0.0
vt 0.825699 0.012881 0.0
vt 0.877521 0.312903 0.0
vt 0.877009 0.089593 0.0
vt 0.877521 0.32163 0.0
vt 0.028866 0.012881 0.0
vt 0.825899 0.296828 0.0
vt 0.825699 0.048121 0.0
vt 0.029066 0.296828 0.0
vt 0.028866 0.048121 0.0
vt 0.99905 0.183297 0.0
vt 0.93931 0.183297 0.0
vt 0.939081 0.132863 0.0
vt 0.99905 0.342604 0.0
vt 0.93931 0.342604 0.0
vt 0.93931 0.183297 0.0
vt 0.99905 0.183297 0.0
vt 0.985655 0.132863 0.0
vt 0.93931 0.342604 0.0
vt 0.99905 0.342604 0.0
vt 0.93931 0.183297 0.0
vt 0.99905 0.183297 0.0
vt 0.985655 0.179437 0.0
vt 0.93931 0.342604 0.0
vt 0.99905 0.342604 0.0
vt 0.93931 0.183297 0.0
vt 0.99905 0.183297 0.0
vt 0.939081 0.179437 0.0
vt 0.93931 0.342604 0.0
vt 0.99905 0.342604 0.0
vt 0.99905 0.183297 0.0
vt 0.93931 0.183297 0.0
vt 0.939081 0.132863 0.0
vt 0.99905 0.342604 0.0
vt 0.93931 0.342604 0.0
vt 0.93931 0.183297 0.0
vt 0.99905 0.183297 0.0
vt 0.985655 0.132863 0.0
vt 0.93931 0.342604 0.0
vt 0.99905 0.342604 0.0
vt 0.93931 0.183297 0.0
vt 0.99905 0.183297 0.0
vt 0.985655 0.179437 0.0
vt 0.93931 0.342604 0.0
vt 0.99905 0.342604 0.0
vt 0.93931 0.183297 0.0
vt 0.99905 0.183297 0.0
vt 0.939081 0.179437 0.0
vt 0.93931 0.342604 0.0
vt 0.99905 0.342604 0.0
vt 0.99905 0.183297 0.0
vt 0.93931 0.183297 0.0
vt 0.939081 0.132863 0.0
vt 0.99905 0.342604 0.0
vt 0.93931 0.342604 0.0
vt 0.93931 0.183297 0.0
vt 0.99905 0.183297 0.0
vt 0.985655 0.132863 0.0
vt 0.93931 0.342604 0.0
vt 0.99905 0.342604 0.0
vt 0.93931 0.183297 0.0
vt 0.99905 0.183297 0.0
vt 0.985655 0.179437 0.0
vt 0.93931 0.342604 0.0
vt 0.99905 0.342604 0.0
vt 0.93931 0.183297 0.0
vt 0.99905 0.183297 0.0
vt 0.939081 0.179437 0.0
vt 0.93931 0.342604 0.0
vt 0.99905 0.342604 0.0
vt 0.99905 0.183297 0.0
vt 0.93931 0.183297 0.0
vt 0.939081 0.132863 0.0
vt 0.99905 0.342604 0.0
vt 0.93931 0.342604 0.0
vt 0.93931 0.183297 0.0
vt 0.99905 0.183297 0.0
vt 0.985655 0.132863 0.0
vt 0.93931 0.342604 0.0
vt 0.99905 0.342604 0.0
vt 0.93931 0.183297 0.0
vt 0.99905 0.183297 0.0
vt 0.985655 0.179437 0.0
vt 0.93931 0.342604 0.0
vt 0.99905 0.342604 0.0
vt 0.93931 0.183297 0.0
vt 0.99905 0.183297 0.0
vt 0.939081 0.179437 0.0
vt 0.93931 0.342604 0.0
vt 0.99905 0.342604 0.0
vt 0.99905 0.183297 0.0
vt 0.93931 0.183297 0.0
vt 0.939081 0.132863 0.0
vt 0.99905 0.342604 0.0
vt 0.93931 0.342604 0.0
vt 0.93931 0.183297 0.0
vt 0.99905 0.183297 0.0
vt 0.985655 0.132863 0.0
vt 0.93931 0.342604 0.0
vt 0.99905 0.342604 0.0
vt 0.93931 0.183297 0.0
vt 0.99905 0.183297 0.0
vt 0.985655 0.179437 0.0
vt 0.93931 0.342604 0.0
vt 0.99905 0.342604 0.0
vt 0.93931 0.183297 0.0
vt 0.99905 0.183297 0.0
vt 0.939081 0.179437 0.0
vt 0.93931 0.342604 0.0
vt 0.99905 0.342604 0.0
vt 0.99905 0.183297 0.0
vt 0.93931 0.183297 0.0
vt 0.939081 0.132863 0.0
vt 0.99905 0.342604 0.0
vt 0.93931 0.342604 0.0
vt 0.93931 0.183297 0.0
vt 0.99905 0.183297 0.0
vt 0.985655 0.132863 0.0
vt 0.93931 0.342604 0.0
vt 0.99905 0.342604 0.0
vt 0.93931 0.183297 0.0
vt 0.99905 0.183297 0.0
vt 0.985655 0.179437 0.0
vt 0.93931 0.342604 0.0
vt 0.99905 0.342604 0.0
vt 0.93931 0.183297 0.0
vt 0.99905 0.183297 0.0
vt 0.939081 0.179437 0.0
vt 0.93931 0.342604 0.0
vt 0.99905 0.342604 0.0
vt 0.99905 0.183297 0.0
vt 0.93931 0.183297 0.0
vt 0.939081 0.132863 0.0
vt 0.99905 0.342604 0.0
vt 0.93931 0.342604 0.0
vt 0.93931 0.183297 0.0
vt 0.99905 0.183297 0.0
vt 0.985655 0.132863 0.0
vt 0.93931 0.342604 0.0
vt 0.99905 0.342604 0.0
vt 0.93931 0.183297 0.0
vt 0.99905 0.183297 0.0
vt 0.985655 0.179437 0.0
vt 0.93931 0.342604 0.0
vt 0.99905 0.342604 0.0
vt 0.93931 0.183297 0.0
vt 0.99905 0.183297 0.0
vt 0.939081 0.179437 0.0
vt 0.93931 0.342604 0.0
vt 0.99905 0.342604 0.0
vt 0.99905 0.183297 0.0
vt 0.93931 0.183297 0.0
vt 0.939081 0.132863 0.0
vt 0.99905 0.342604 0.0
vt 0.93931 0.342604 0.0
vt 0.93931 0.183297 0.0
vt 0.99905 0.183297 0.0
vt 0.985655 0.132863 0.0
vt 0.93931 0.342604 0.0
vt 0.99905 0.342604 0.0
vt 0.93931 0.183297 0.0
vt 0.99905 0.183297 0.0
vt 0.985655 0.179437 0.0
vt 0.93931 0.342604 0.0
vt 0.99905 0.342604 0.0
vt 0.93931 0.183297 0.0
vt 0.99905 0.183297 0.0
vt 0.939081 0.179437 0.0
vt 0.93931 0.342604 0.0
vt 0.99905 0.342604 0.0
vt 0.302823 0.656284 0.0
vt -0.000781 0.781451 0.0
vt -0.000466 0.505675 0.0
vt 0.302823 0.718868 0.0
vt -0.000781 0.844034 0.0
vt 0.000156 0.656284 0.0
vt 0.979692 0.781451 0.0
vt 0.999534 0.505675 0.0
vt 0.000156 0.718868 0.0
vt 0.979692 0.844034 0.0
vt 0.000156 0.718868 0.0
vt 0.146184 0.656284 0.0
vt 0.999534 0.654611 0.0
vt 0.000156 0.781451 0.0
vt 0.146184 0.718868 0.0
vt 0.156795 0.656284 0.0
vt 0.980629 0.718868 0.0
vt -0.000466 0.654611 0.0
vt 0.156795 0.718868 0.0
vt 0.980629 0.781451 0.0
vt -0.000781 0.781451 0.0
vt 0.302823 0.656284 0.0
vt -0.000781 0.844034 0.0
vt 0.0 0.851064 0.0
vt 0.302823 0.718868 0.0
vt -0.000781 0.656284 0.0
vt 0.979692 0.781451 0.0
vt -0.000781 0.718868 0.0
vt 0.979692 0.844034 0.0
vt 1.0 0.851064 0.0
vt 0.145247 0.656284 0.0
vt -0.000781 0.718868 0.0
vt 0.145247 0.718868 0.0
vt 1.0 1.0 0.0
vt -0.000781 0.781451 0.0
vt 0.156795 0.656284 0.0
vt 0.979692 0.718868 0.0
vt 0.0 1.0 0.0
vt 0.156795 0.718868 0.0
vt 0.979692 0.781451 0.0
vt -0.000781 0.781451 0.0
vt 0.302823 0.656284 0.0
vt -0.000781 0.844034 0.0
vt -0.000103 0.349106 0.0
vt 0.302823 0.718868 0.0
vt -0.000781 0.656284 0.0
vt 0.979692 0.781451 0.0
vt -0.000781 0.718868 0.0
vt 0.979692 0.844034 0.0
vt 0.999897 0.349106 0.0
vt 0.145247 0.656284 0.0
vt -0.000781 0.718868 0.0
vt 0.145247 0.718868 0.0
vt 0.999897 0.498042 0.0
vt -0.000781 0.781451 0.0
vt 0.156795 0.656284 0.0
vt 0.979692 0.718868 0.0
vt -0.000103 0.498042 0.0
vt 0.156795 0.718868 0.0
vt 0.979692 0.781451 0.0
vt 0.302823 0.656284 0.0
vt -0.000781 0.781451 0.0
vt 0.0 0.851064 0.0
vt 0.302823 0.718868 0.0
vt -0.000781 0.844034 0.0
vt -0.000781 0.656284 0.0
vt 0.979692 0.781451 0.0
vt 1.0 0.851064 0.0
vt -0.000781 0.718868 0.0
vt 0.979692 0.844034 0.0
vt -0.000781 0.718868 0.0
vt 0.145247 0.656284 0.0
vt 1.0 1.0 0.0
vt -0.000781 0.781451 0.0
vt 0.145247 0.718868 0.0
vt 0.156795 0.656284 0.0
vt 0.979692 0.718868 0.0
vt 0.0 1.0 0.0
vt 0.156795 0.718868 0.0
vt 0.979692 0.781451 0.0
vt 0.898226 0.034093 0.0
vt 0.007527 0.156096 0.0
vt 0.007527 0.210448 0.0
vt 0.007649 0.048121 0.0
vt 0.905753 0.210448 0.0
vt 0.905875 0.048121 0.0
vt 0.0 0.034093 0.0
vt 0.905753 0.156096 0.0
vt 0.007649 0.012881 0.0
vt 0.898426 0.259595 0.0
vt 0.898226 0.025761 0.0
vt 0.898426 0.219937 0.0
vt 0.898426 0.297453 0.0
vt 0.007649 0.06215 0.0
vt 0.0002 0.297453 0.0
vt 0.905875 0.06215 0.0
vt 0.905875 0.012881 0.0
vt 0.0002 0.259595 0.0
vt 0.898426 0.312903 0.0
vt 0.898226 0.093759 0.0
vt 0.898426 0.281378 0.0
vt 0.007649 0.06215 0.0
vt 0.008161 0.330358 0.0
vt 0.898226 0.121202 0.0
vt 0.906387 0.330358 0.0
vt 0.0 0.121202 0.0
vt 0.008161 0.32163 0.0
vt 0.007649 0.0 0.0
vt 0.008161 0.312903 0.0
vt 0.007649 0.089593 0.0
vt 0.0002 0.281378 0.0
vt 0.905875 0.06215 0.0
vt 0.906387 0.32163 0.0
vt 0.905875 0.0 0.0
vt 0.906387 0.312903 0.0
vt 0.905875 0.089593 0.0
vt 0.0002 0.312903 0.0
vt 0.0 0.093759 0.0
vt 0.898226 0.012881 0.0
vt 0.008161 0.32163 0.0
vt 0.0 0.012881 0.0
vt 0.906387 0.32163 0.0
vt 0.0002 0.296828 0.0
vt 0.0 0.048121 0.0
vt 0.898426 0.296828 0.0
vt 0.898226 0.048121 0.0
vt 0.0 0.025761 0.0
vt 0.0002 0.219937 0.0
vt 0.07211 0.156096 0.0
vt 0.833643 0.034093 0.0
vt 0.07211 0.210448 0.0
vt 0.072232 0.048121 0.0
vt 0.859632 0.156096 0.0
vt 0.046121 0.034093 0.0
vt 0.046321 0.281378 0.0
vt 0.859754 0.06215 0.0
vt 0.833843 0.281378 0.0
vt 0.072232 0.06215 0.0
vt 0.072232 0.012881 0.0
vt 0.833843 0.259595 0.0
vt 0.833843 0.219937 0.0
vt 0.833643 0.025761 0.0
vt 0.859632 0.210448 0.0
vt 0.859754 0.048121 0.0
vt 0.860266 0.330358 0.0
vt 0.046121 0.121202 0.0
vt 0.833843 0.297453 0.0
vt 0.072232 0.06215 0.0
vt 0.072744 0.330358 0.0
vt 0.833643 0.121202 0.0
vt 0.833843 0.312903 0.0
vt 0.833643 0.093759 0.0
vt 0.859754 0.012881 0.0
vt 0.046321 0.259595 0.0
vt 0.072744 0.32163 0.0
vt 0.072232 0.0 0.0
vt 0.072232 0.089593 0.0
vt 0.072744 0.312903 0.0
vt 0.046321 0.219937 0.0
vt 0.046121 0.025761 0.0
vt 0.046321 0.297453 0.0
vt 0.859754 0.06215 0.0
vt 0.046321 0.312903 0.0
vt 0.046121 0.093759 0.0
vt 0.860266 0.32163 0.0
vt 0.859754 0.0 0.0
vt 0.072744 0.32163 0.0
vt 0.833643 0.012881 0.0
vt 0.859754 0.089593 0.0
vt 0.860266 0.312903 0.0
vt 0.860266 0.32163 0.0
vt 0.046121 0.012881 0.0
vt 0.833843 0.296828 0.0
vt 0.833643 0.048121 0.0
vt 0.046321 0.296828 0.0
vt 0.046121 0.048121 0.0
vt 0.99905 0.183297 0.0
vt 0.93931 0.183297 0.0
vt 0.939081 0.132863 0.0
vt 0.99905 0.342604 0.0
vt 0.93931 0.342604 0.0
vt 0.93931 0.183297 0.0
vt 0.99905 0.183297 0.0
vt 0.985655 0.132863 0.0
vt 0.93931 0.342604 0.0
vt 0.99905 0.342604 0.0
vt 0.93931 0.183297 0.0
vt 0.99905 0.183297 0.0
vt 0.985655 0.179437 0.0
vt 0.93931 0.342604 0.0
vt 0.99905 0.342604 0.0
vt 0.93931 0.183297 0.0
vt 0.99905 0.183297 0.0
vt 0.939081 0.179437 0.0
vt 0.93931 0.342604 0.0
vt 0.99905 0.342604 0.0
vt 0.99905 0.183297 0.0
vt 0.93931 0.183297 0.0
vt 0.939081 0.132863 0.0
vt 0.99905 0.342604 0.0
vt 0.93931 0.342604 0.0
vt 0.93931 0.183297 0.0
vt 0.99905 0.183297 0.0
vt 0.985655 0.132863 0.0
vt 0.93931 0.342604 0.0
vt 0.99905 0.342604 0.0
vt 0.93931 0.183297 0.0
vt 0.99905 0.183297 0.0
vt 0.985655 0.179437 0.0
vt 0.93931 0.342604 0.0
vt 0.99905 0.342604 0.0
vt 0.93931 0.183297 0.0
vt 0.99905 0.183297 0.0
vt 0.939081 0.179437 0.0
vt 0.93931 0.342604 0.0
vt 0.99905 0.342604 0.0
vt 0.99905 0.183297 0.0
vt 0.93931 0.183297 0.0
vt 0.939081 0.132863 0.0
vt 0.99905 0.342604 0.0
vt 0.93931 0.342604 0.0
vt 0.93931 0.183297 0.0
vt 0.99905 0.183297 0.0
vt 0.985655 0.132863 0.0
vt 0.93931 0.342604 0.0
vt 0.99905 0.342604 0.0
vt 0.93931 0.183297 0.0
vt 0.99905 0.183297 0.0
vt 0.985655 0.179437 0.0
vt 0.93931 0.342604 0.0
vt 0.99905 0.342604 0.0
vt 0.93931 0.183297 0.0
vt 0.99905 0.183297 0.0
vt 0.939081 0.179437 0.0
vt 0.93931 0.342604 0.0
vt 0.99905 0.342604 0.0
vt 0.99905 0.183297 0.0
vt 0.93931 0.183297 0.0
vt 0.939081 0.132863 0.0
vt 0.99905 0.342604 0.0
vt 0.93931 0.342604 0.0
vt 0.93931 0.183297 0.0
vt 0.99905 0.183297 0.0
vt 0.985655 0.132863 0.0
vt 0.93931 0.342604 0.0
vt 0.99905 0.342604 0.0
vt 0.93931 0.183297 0.0
vt 0.99905 0.183297 0.0
vt 0.985655 0.179437 0.0
vt 0.93931 0.342604 0.0
vt 0.99905 0.342604 0.0
vt 0.93931 0.183297 0.0
vt 0.99905 0.183297 0.0
vt 0.939081 0.179437 0.0
vt 0.93931 0.342604 0.0
vt 0.99905 0.342604 0.0
vt 0.99905 0.183297 0.0
vt 0.93931 0.183297 0.0
vt 0.939081 0.132863 0.0
vt 0.99905 0.342604 0.0
vt 0.93931 0.342604 0.0
vt 0.93931 0.183297 0.0
vt 0.99905 0.183297 0.0
vt 0.985655 0.132863 0.0
vt 0.93931 0.342604 0.0
vt 0.99905 0.342604 0.0
vt 0.93931 0.183297 0.0
vt 0.99905 0.183297 0.0
vt 0.985655 0.179437 0.0
vt 0.93931 0.342604 0.0
vt 0.99905 0.342604 0.0
vt 0.93931 0.183297 0.0
vt 0.99905 0.183297 0.0
vt 0.939081 0.179437 0.0
vt 0.93931 0.342604 0.0
vt 0.99905 0.342604 0.0
vt 0.99905 0.183297 0.0
vt 0.93931 0.183297 0.0
vt 0.939081 0.132863 0.0
vt 0.99905 0.342604 0.0
vt 0.93931 0.342604 0.0
vt 0.93931 0.183297 0.0
vt 0.99905 0.183297 0.0
vt 0.985655 0.132863 0.0
vt 0.93931 0.342604 0.0
vt 0.99905 0.342604 0.0
vt 0.93931 0.183297 0.0
vt 0.99905 0.183297 0.0
vt 0.985655 0.179437 0.0
vt 0.93931 0.342604 0.0
vt 0.99905 0.342604 0.0
vt 0.93931 0.183297 0.0
vt 0.99905 0.183297 0.0
vt 0.939081 0.179437 0.0
vt 0.93931 0.342604 0.0
vt 0.99905 0.342604 0.0
vt 0.99905 0.183297 0.0
vt 0.93931 0.183297 0.0
vt 0.939081 0.132863 0.0
vt 0.99905 0.342604 0.0
vt 0.93931 0.342604 0.0
vt 0.93931 0.183297 0.0
vt 0.99905 0.183297 0.0
vt 0.985655 0.132863 0.0
vt 0.93931 0.342604 0.0
vt 0.99905 0.342604 0.0
vt 0.93931 0.183297 0.0
vt 0.99905 0.183297 0.0
vt 0.985655 0.179437 0.0
vt 0.93931 0.342604 0.0
vt 0.99905 0.342604 0.0
vt 0.93931 0.183297 0.0
vt 0.99905 0.183297 0.0
vt 0.939081 0.179437 0.0
vt 0.93931 0.342604 0.0
vt 0.99905 0.342604 0.0
vt 0.99905 0.183297 0.0
vt 0.93931 0.183297 0.0
vt 0.939081 0.132863 0.0
vt 0.99905 0.342604 0.0
vt 0.93931 0.342604 0.0
vt 0.93931 0.183297 0.0
vt 0.99905 0.183297 0.0
vt 0.985655 0.132863 0.0
vt 0.93931 0.342604 0.0
vt 0.99905 0.342604 0.0
vt 0.93931 0.183297 0.0
vt 0.99905 0.183297 0.0
vt 0.985655 0.179437 0.0
vt 0.93931 0.342604 0.0
vt 0.99905 0.342604 0.0
vt 0.93931 0.183297 0.0
vt 0.99905 0.183297 0.0
vt 0.939081 0.179437 0.0
vt 0.93931 0.342604 0.0
vt 0.99905 0.342604 0.0
vt 0.302823 0.656284 0.0
vt -0.000781 0.781451 0.0
vt -0.000466 0.505675 0.0
vt 0.302823 0.718868 0.0
vt -0.000781 0.844034 0.0
vt 0.000156 0.656284 0.0
vt 0.979692 0.781451 0.0
vt 0.999534 0.505675 0.0
vt 0.000156 0.718868 0.0
vt 0.979692 0.844034 0.0
vt 0.000156 0.718868 0.0
vt 0.146184 0.656284 0.0
vt 0.999534 0.654611 0.0
vt 0.000156 0.781451 0.0
vt 0.146184 0.718868 0.0
vt 0.156795 0.656284 0.0
vt 0.980629 0.718868 0.0
vt -0.000466 0.654611 0.0
vt 0.156795 0.718868 0.0
vt 0.980629 0.781451 0.0
vt -0.000781 0.781451 0.0
vt 0.302823 0.656284 0.0
vt -0.000781 0.844034 0.0
vt 0.0 0.851064 0.0
vt 0.302823 0.718868 0.0
vt -0.000781 0.656284 0.0
vt 0.979692 0.781451 0.0
vt -0.000781 0.718868 0.0
vt 0.979692 0.844034 0.0
vt 1.0 0.851064 0.0
vt 0.145247 0.656284 0.0
vt -0.000781 0.718868 0.0
vt 0.145247 0.718868 0.0
vt 1.0 1.0 0.0
vt -0.000781 0.781451 0.0
vt 0.156795 0.656284 0.0
vt 0.979692 0.718868 0.0
vt 0.0 1.0 0.0
vt 0.156795 0.718868 0.0
vt 0.979692 0.781451 0.0
vt 0.302823 0.656284 0.0
vt -0.000781 0.781451 0.0
vt -0.000103 0.349106 0.0
vt 0.302823 0.718868 0.0
vt -0.000781 0.844034 0.0
vt -0.000781 0.656284 0.0
vt 0.979692 0.781451 0.0
vt 0.999897 0.349106 0.0
vt -0.000781 0.718868 0.0
vt 0.979692 0.844034 0.0
vt -0.000781 0.718868 0.0
vt 0.145247 0.656284 0.0
vt 0.999897 0.498042 0.0
vt -0.000781 0.781451 0.0
vt 0.145247 0.718868 0.0
vt 0.156795 0.656284 0.0
vt 0.979692 0.718868 0.0
vt -0.000103 0.498042 0.0
vt 0.156795 0.718868 0.0
vt 0.979692 0.781451 0.0
vt 0.302823 0.656284 0.0
vt -0.000781 0.781451 0.0
vt 0.0 0.851064 0.0
vt 0.302823 0.718868 0.0
vt -0.000781 0.844034 0.0
vt -0.000781 0.656284 0.0
vt 0.979692 0.781451 0.0
vt 1.0 0.851064 0.0
vt -0.000781 0.718868 0.0
vt 0.979692 0.844034 0.0
vt -0.000781 0.718868 0.0
vt 0.145247 0.656284 0.0
vt 1.0 1.0 0.0
vt -0.000781 0.781451 0.0
vt 0.145247 0.718868 0.0
vt 0.156795 0.656284 0.0
vt 0.979692 0.718868 0.0
vt 0.0 1.0 0.0
vt 0.156795 0.718868 0.0
vt 0.979692 0.781451 0.0
vt -0.000122 0.156096 0.0
vt 0.905875 0.034093 0.0
vt -0.000122 0.210448 0.0
vt 0.0 0.048121 0.0
vt 0.905753 0.210448 0.0
vt 0.905875 0.048121 0.0
vt 0.905753 0.156096 0.0
vt 0.0 0.034093 0.0
vt 0.0 0.012881 0.0
vt 0.906075 0.259595 0.0
vt 0.905875 0.025761 0.0
vt 0.906075 0.219937 0.0
vt 0.906075 0.297453 0.0
vt 0.0 0.06215 0.0
vt 0.0002 0.297453 0.0
vt 0.905875 0.06215 0.0
vt 0.905875 0.012881 0.0
vt 0.0002 0.259595 0.0
vt 0.906075 0.312903 0.0
vt 0.905875 0.093759 0.0
vt 0.906075 0.281378 0.0
vt 0.0 0.06215 0.0
vt 0.000512 0.330358 0.0
vt 0.905875 0.121202 0.0
vt 0.906387 0.330358 0.0
vt 0.0 0.121202 0.0
vt 0.000512 0.32163 0.0
vt 0.0 0.0 0.0
vt 0.000512 0.312903 0.0
vt 0.0 0.089593 0.0
vt 0.0002 0.281378 0.0
vt 0.905875 0.06215 0.0
vt 0.906387 0.32163 0.0
vt 0.905875 0.0 0.0
vt 0.906387 0.312903 0.0
vt 0.905875 0.089593 0.0
vt 0.0002 0.312903 0.0
vt 0.0 0.093759 0.0
vt 0.000512 0.32163 0.0
vt 0.905875 0.012881 0.0
vt 0.906387 0.32163 0.0
vt 0.0 0.012881 0.0
vt 0.0002 0.296828 0.0
vt 0.0 0.048121 0.0
vt 0.906075 0.296828 0.0
vt 0.905875 0.048121 0.0
vt 0.0 0.025761 0.0
vt 0.0002 0.219937 0.0
vt 0.848047 0.219937 0.0
vt 0.847847 0.025761 0.0
vt 0.849083 0.156096 0.0
vt 0.05667 0.034093 0.0
vt 0.05687 0.297453 0.0
vt 0.849204 0.06215 0.0
vt 0.05687 0.281378 0.0
vt 0.849204 0.06215 0.0
vt 0.848047 0.297453 0.0
vt 0.058028 0.06215 0.0
vt 0.05854 0.330358 0.0
vt 0.847847 0.121202 0.0
vt 0.849083 0.210448 0.0
vt 0.849204 0.048121 0.0
vt 0.05687 0.312903 0.0
vt 0.05667 0.093759 0.0
vt 0.849716 0.330358 0.0
vt 0.05667 0.121202 0.0
vt 0.848047 0.312903 0.0
vt 0.847847 0.093759 0.0
vt 0.05854 0.32163 0.0
vt 0.058028 0.0 0.0
vt 0.058028 0.089593 0.0
vt 0.05854 0.312903 0.0
vt 0.057906 0.156096 0.0
vt 0.847847 0.034093 0.0
vt 0.849204 0.012881 0.0
vt 0.05687 0.259595 0.0
vt 0.057906 0.210448 0.0
vt 0.058028 0.048121 0.0
vt 0.848047 0.281378 0.0
vt 0.058028 0.06215 0.0
vt 0.058028 0.012881 0.0
vt 0.848047 0.259595 0.0
vt 0.849716 0.32163 0.0
vt 0.849204 0.0 0.0
vt 0.05854 0.32163 0.0
vt 0.847847 0.012881 0.0
vt 0.849204 0.089593 0.0
vt 0.849716 0.312903 0.0
vt 0.048553 0.32163 0.0
vt 0.857834 0.012881 0.0
vt 0.849716 0.32163 0.0
vt 0.05667 0.012881 0.0
vt 0.848047 0.296828 0.0
vt 0.847847 0.048121 0.0
vt 0.05687 0.296828 0.0
vt 0.05667 0.048121 0.0
vt 0.99905 0.183297 0.0
vt 0.93931 0.183297 0.0
vt 0.939081 0.132863 0.0
vt 0.99905 0.342604 0.0
vt 0.93931 0.342604 0.0
vt 0.93931 0.183297 0.0
vt 0.99905 0.183297 0.0
vt 0.985655 0.132863 0.0
vt 0.93931 0.342604 0.0
vt 0.99905 0.342604 0.0
vt 0.93931 0.183297 0.0
vt 0.99905 0.183297 0.0
vt 0.985655 0.179437 0.0
vt 0.93931 0.342604 0.0
vt 0.99905 0.342604 0.0
vt 0.93931 0.183297 0.0
vt 0.99905 0.183297 0.0
vt 0.939081 0.179437 0.0
vt 0.93931 0.342604 0.0
vt 0.99905 0.342604 0.0
vt 0.99905 0.183297 0.0
vt 0.93931 0.183297 0.0
vt 0.939081 0.132863 0.0
vt 0.99905 0.342604 0.0
vt 0.93931 0.342604 0.0
vt 0.93931 0.183297 0.0
vt 0.99905 0.183297 0.0
vt 0.985655 0.132863 0.0
vt 0.93931 0.342604 0.0
vt 0.99905 0.342604 0.0
vt 0.93931 0.183297 0.0
vt 0.99905 0.183297 0.0
vt 0.985655 0.179437 0.0
vt 0.93931 0.342604 0.0
vt 0.99905 0.342604 0.0
vt 0.93931 0.183297 0.0
vt 0.99905 0.183297 0.0
vt 0.939081 0.179437 0.0
vt 0.93931 0.342604 0.0
vt 0.99905 0.342604 0.0
vt 0.99905 0.183297 0.0
vt 0.93931 0.183297 0.0
vt 0.939081 0.132863 0.0
vt 0.99905 0.342604 0.0
vt 0.93931 0.342604 0.0
vt 0.93931 0.183297 0.0
vt 0.99905 0.183297 0.0
vt 0.985655 0.132863 0.0
vt 0.93931 0.342604 0.0
vt 0.99905 0.342604 0.0
vt 0.93931 0.183297 0.0
vt 0.99905 0.183297 0.0
vt 0.985655 0.179437 0.0
vt 0.93931 0.342604 0.0
vt 0.99905 0.342604 0.0
vt 0.93931 0.183297 0.0
vt 0.99905 0.183297 0.0
vt 0.939081 0.179437 0.0
vt 0.93931 0.342604 0.0
vt 0.99905 0.342604 0.0
vt 0.99905 0.183297 0.0
vt 0.93931 0.183297 0.0
vt 0.939081 0.132863 0.0
vt 0.99905 0.342604 0.0
vt 0.93931 0.342604 0.0
vt 0.93931 0.183297 0.0
vt 0.99905 0.183297 0.0
vt 0.985655 0.132863 0.0
vt 0.93931 0.342604 0.0
vt 0.99905 0.342604 0.0
vt 0.93931 0.183297 0.0
vt 0.99905 0.183297 0.0
vt 0.985655 0.179437 0.0
vt 0.93931 0.342604 0.0
vt 0.99905 0.342604 0.0
vt 0.93931 0.183297 0.0
vt 0.99905 0.183297 0.0
vt 0.939081 0.179437 0.0
vt 0.93931 0.342604 0.0
vt 0.99905 0.342604 0.0
vt 0.99905 0.183297 0.0
vt 0.93931 0.183297 0.0
vt 0.939081 0.132863 0.0
vt 0.99905 0.342604 0.0
vt 0.93931 0.342604 0.0
vt 0.93931 0.183297 0.0
vt 0.99905 0.183297 0.0
vt 0.985655 0.132863 0.0
vt 0.93931 0.342604 0.0
vt 0.99905 0.342604 0.0
vt 0.93931 0.183297 0.0
vt 0.99905 0.183297 0.0
vt 0.985655 0.179437 0.0
vt 0.93931 0.342604 0.0
vt 0.99905 0.342604 0.0
vt 0.93931 0.183297 0.0
vt 0.99905 0.183297 0.0
vt 0.939081 0.179437 0.0
vt 0.93931 0.342604 0.0
vt 0.99905 0.342604 0.0
vt 0.99905 0.183297 0.0
vt 0.93931 0.183297 0.0
vt 0.939081 0.132863 0.0
vt 0.99905 0.342604 0.0
vt 0.93931 0.342604 0.0
vt 0.93931 0.183297 0.0
vt 0.99905 0.183297 0.0
vt 0.985655 0.132863 0.0
vt 0.93931 0.342604 0.0
vt 0.99905 0.342604 0.0
vt 0.93931 0.183297 0.0
vt 0.99905 0.183297 0.0
vt 0.985655 0.179437 0.0
vt 0.93931 0.342604 0.0
vt 0.99905 0.342604 0.0
vt 0.93931 0.183297 0.0
vt 0.99905 0.183297 0.0
vt 0.939081 0.179437 0.0
vt 0.93931 0.342604 0.0
vt 0.99905 0.342604 0.0
vt 0.99905 0.183297 0.0
vt 0.93931 0.183297 0.0
vt 0.939081 0.132863 0.0
vt 0.99905 0.342604 0.0
vt 0.93931 0.342604 0.0
vt 0.93931 0.183297 0.0
vt 0.99905 0.183297 0.0
vt 0.985655 0.132863 0.0
vt 0.93931 0.342604 0.0
vt 0.99905 0.342604 0.0
vt 0.93931 0.183297 0.0
vt 0.99905 0.183297 0.0
vt 0.985655 0.179437 0.0
vt 0.93931 0.342604 0.0
vt 0.99905 0.342604 0.0
vt 0.93931 0.183297 0.0
vt 0.99905 0.183297 0.0
vt 0.939081 0.179437 0.0
vt 0.93931 0.342604 0.0
vt 0.99905 0.342604 0.0
vt 0.99905 0.183297 0.0
vt 0.93931 0.183297 0.0
vt 0.939081 0.132863 0.0
vt 0.99905 0.342604 0.0
vt 0.93931 0.342604 0.0
vt 0.93931 0.183297 0.0
vt 0.99905 0.183297 0.0
vt 0.985655 0.132863 0.0
vt 0.93931 0.342604 0.0
vt 0.99905 0.342604 0.0
vt 0.93931 0.183297 0.0
vt 0.99905 0.183297 0.0
vt 0.985655 0.179437 0.0
vt 0.93931 0.342604 0.0
vt 0.99905 0.342604 0.0
vt 0.93931 0.183297 0.0
vt 0.99905 0.183297 0.0
vt 0.939081 0.179437 0.0
vt 0.93931 0.342604 0.0
vt 0.99905 0.342604 0.0
vt 0.302823 0.656284 0.0
vt -0.000781 0.781451 0.0
vt -0.000466 0.505675 0.0
vt 0.302823 0.718868 0.0
vt -0.000781 0.844034 0.0
vt 0.000156 0.656284 0.0
vt 0.979692 0.781451 0.0
vt 0.999534 0.505675 0.0
vt 0.000156 0.718868 0.0
vt 0.979692 0.844034 0.0
vt 0.000156 0.718868 0.0
vt 0.146184 0.656284 0.0
vt 0.999534 0.654611 0.0
vt 0.000156 0.781451 0.0
vt 0.146184 0.718868 0.0
vt 0.156795 0.656284 0.0
vt 0.980629 0.718868 0.0
vt -0.000466 0.654611 0.0
vt 0.156795 0.718868 0.0
vt 0.980629 0.781451 0.0
vt -0.000781 0.781451 0.0
vt 0.302823 0.656284 0.0
vt -0.000781 0.844034 0.0
vt 0.0 0.851064 0.0
vt 0.302823 0.718868 0.0
vt -0.000781 0.656284 0.0
vt 0.979692 0.781451 0.0
vt -0.000781 0.718868 0.0
vt 0.979692 0.844034 0.0
vt 1.0 0.851064 0.0
vt -0.000781 0.718868 0.0
vt 0.145247 0.656284 0.0
vt -0.000781 0.781451 0.0
vt 0.145247 0.718868 0.0
vt 1.0 1.0 0.0
vt 0.979692 0.718868 0.0
vt 0.156795 0.656284 0.0
vt 0.979692 0.781451 0.0
vt 0.0 1.0 0.0
vt 0.156795 0.718868 0.0
vt 0.302823 0.656284 0.0
vt -0.000781 0.781451 0.0
vt -0.000103 0.349106 0.0
vt 0.302823 0.718868 0.0
vt -0.000781 0.844034 0.0
vt -0.000781 0.656284 0.0
vt 0.979692 0.781451 0.0
vt 0.999897 0.349106 0.0
vt -0.000781 0.718868 0.0
vt 0.979692 0.844034 0.0
vt -0.000781 0.718868 0.0
vt 0.145247 0.656284 0.0
vt 0.999897 0.498042 0.0
vt -0.000781 0.781451 0.0
vt 0.145247 0.718868 0.0
vt 0.156795 0.656284 0.0
vt 0.979692 0.718868 0.0
vt -0.000103 0.498042 0.0
vt 0.156795 0.718868 0.0
vt 0.979692 0.781451 0.0
vt 0.302823 0.656284 0.0
vt -0.000781 0.781451 0.0
vt 0.302823 0.718868 0.0
vt -0.000781 0.844034 0.0
vt 0.0 0.851064 0.0
vt -0.000781 0.656284 0.0
vt 0.979692 0.781451 0.0
vt -0.000781 0.718868 0.0
vt 0.979692 0.844034 0.0
vt 1.0 0.851064 0.0
vt -0.000781 0.718868 0.0
vt 0.145247 0.656284 0.0
vt -0.000781 0.781451 0.0
vt 0.145247 0.718868 0.0
vt 1.0 1.0 0.0
vt 0.156795 0.656284 0.0
vt 0.979692 0.718868 0.0
vt 0.156795 0.718868 0.0
vt 0.979692 0.781451 0.0
vt 0.0 1.0 0.0
vt -0.000122 0.156096 0.0
vt 0.905875 0.034093 0.0
vt -0.000122 0.210448 0.0
vt 0.0 0.048121 0.0
vt 0.364348 0.156096 0.0
vt 0.541405 0.034093 0.0
vt 0.364348 0.210448 0.0
vt 0.36447 0.048121 0.0
vt 0.906075 0.259595 0.0
vt 0.0 0.012881 0.0
vt 0.906075 0.219937 0.0
vt 0.905875 0.025761 0.0
vt 0.906075 0.297453 0.0
vt 0.0 0.06215 0.0
vt 0.541605 0.259595 0.0
vt 0.36447 0.012881 0.0
vt 0.541605 0.219937 0.0
vt 0.541405 0.025761 0.0
vt 0.906075 0.312903 0.0
vt 0.905875 0.093759 0.0
vt 0.0 0.06215 0.0
vt 0.906075 0.281378 0.0
vt 0.000512 0.330358 0.0
vt 0.905875 0.121202 0.0
vt 0.541605 0.297453 0.0
vt 0.36447 0.06215 0.0
vt 0.000512 0.32163 0.0
vt 0.0 0.0 0.0
vt 0.0 0.089593 0.0
vt 0.000512 0.312903 0.0
vt 0.541605 0.312903 0.0
vt 0.541405 0.093759 0.0
vt 0.36447 0.06215 0.0
vt 0.541605 0.281378 0.0
vt 0.364982 0.330358 0.0
vt 0.541405 0.121202 0.0
vt 0.364982 0.32163 0.0
vt 0.36447 0.0 0.0
vt 0.000512 0.32163 0.0
vt 0.905875 0.012881 0.0
vt 0.36447 0.089593 0.0
vt 0.364982 0.312903 0.0
vt 0.364982 0.32163 0.0
vt 0.541405 0.012881 0.0
vt 0.906075 0.296828 0.0
vt 0.905875 0.048121 0.0
vt 0.541605 0.296828 0.0
vt 0.541405 0.048121 0.0
vt 0.047919 0.156096 0.0
vt 0.857834 0.034093 0.0
vt 0.047919 0.210448 0.0
vt 0.048041 0.048121 0.0
vt 0.374812 0.156096 0.0
vt 0.530941 0.034093 0.0
vt 0.374812 0.210448 0.0
vt 0.374934 0.048121 0.0
vt 0.858034 0.259595 0.0
vt 0.048041 0.012881 0.0
vt 0.858034 0.219937 0.0
vt 0.857834 0.025761 0.0
vt 0.05687 0.219937 0.0
vt 0.05667 0.025761 0.0
vt 0.048041 0.06215 0.0
vt 0.858034 0.297453 0.0
vt 0.531141 0.259595 0.0
vt 0.374934 0.012881 0.0
vt 0.531141 0.219937 0.0
vt 0.530941 0.025761 0.0
vt 0.857834 0.093759 0.0
vt 0.858034 0.312903 0.0
vt 0.858034 0.281378 0.0
vt 0.048041 0.06215 0.0
vt 0.048553 0.330358 0.0
vt 0.857834 0.121202 0.0
vt 0.374934 0.06215 0.0
vt 0.531141 0.297453 0.0
vt 0.048553 0.32163 0.0
vt 0.048041 0.0 0.0
vt 0.048553 0.312903 0.0
vt 0.048041 0.089593 0.0
vt 0.530941 0.093759 0.0
vt 0.531141 0.312903 0.0
vt 0.531141 0.281378 0.0
vt 0.374934 0.06215 0.0
vt 0.375446 0.330358 0.0
vt 0.530941 0.121202 0.0
vt 0.375446 0.32163 0.0
vt 0.374934 0.0 0.0
vt 0.375446 0.312903 0.0
vt 0.374934 0.089593 0.0
vt 0.375446 0.32163 0.0
vt 0.530941 0.012881 0.0
vt 0.857834 0.048121 0.0
vt 0.858034 0.296828 0.0
vt 0.530941 0.048121 0.0
vt 0.531141 0.296828 0.0
vt 0.99905 0.183297 0.0
vt 0.93931 0.183297 0.0
vt 0.939081 0.132863 0.0
vt 0.99905 0.342604 0.0
vt 0.93931 0.342604 0.0
vt 0.93931 0.183297 0.0
vt 0.99905 0.183297 0.0
vt 0.985655 0.132863 0.0
vt 0.93931 0.342604 0.0
vt 0.99905 0.342604 0.0
vt 0.93931 0.183297 0.0
vt 0.99905 0.183297 0.0
vt 0.985655 0.179437 0.0
vt 0.93931 0.342604 0.0
vt 0.99905 0.342604 0.0
vt 0.93931 0.183297 0.0
vt 0.99905 0.183297 0.0
vt 0.939081 0.179437 0.0
vt 0.93931 0.342604 0.0
vt 0.99905 0.342604 0.0
vt -0.000781 0.781451 0.0
vt 0.302823 0.656284 0.0
vt -0.000781 0.844034 0.0
vt -0.000103 0.349106 0.0
vt 0.302823 0.718868 0.0
vt -0.000781 0.656284 0.0
vt 0.979692 0.781451 0.0
vt -0.000781 0.718868 0.0
vt 0.979692 0.844034 0.0
vt 0.999897 0.349106 0.0
vt 0.145247 0.656284 0.0
vt -0.000781 0.718868 0.0
vt 0.145247 0.718868 0.0
vt 0.999897 0.498042 0.0
vt -0.000781 0.781451 0.0
vt 0.156795 0.656284 0.0
vt 0.979692 0.718868 0.0
vt -0.000103 0.498042 0.0
vt 0.156795 0.718868 0.0
vt 0.979692 0.781451 0.0
vt 0.99905 0.183297 0.0
vt 0.93931 0.183297 0.0
vt 0.939081 0.132863 0.0
vt 0.99905 0.342604 0.0
vt 0.93931 0.342604 0.0
vt 0.93931 0.183297 0.0
vt 0.99905 0.183297 0.0
vt 0.985655 0.132863 0.0
vt 0.93931 0.342604 0.0
vt 0.99905 0.342604 0.0
vt 0.93931 0.183297 0.0
vt 0.99905 0.183297 0.0
vt 0.985655 0.179437 0.0
vt 0.93931 0.342604 0.0
vt 0.99905 0.342604 0.0
vt 0.93931 0.183297 0.0
vt 0.99905 0.183297 0.0
vt 0.939081 0.179437 0.0
vt 0.93931 0.342604 0.0
vt 0.99905 0.342604 0.0
vt 0.905753 0.210448 0.0
vt 0.905875 0.048121 0.0
vt -0.000122 0.210448 0.0
vt 0.0 0.048121 0.0
vt 0.905753 0.210448 0.0
vt 0.94318 0.000413 0.0
vt 0.905875 0.048121 0.0
vt 0.905753 0.156096 0.0
vt 0.0 0.034093 0.0
vt 0.996752 0.000413 0.0
vt 0.0002 0.297453 0.0
vt 0.905875 0.06215 0.0
vt 0.906075 0.297453 0.0
vt 0.0 0.06215 0.0
vt 0.0002 0.297453 0.0
vt 0.94318 0.01424 0.0
vt 0.905875 0.06215 0.0
vt 0.905875 0.012881 0.0
vt 0.0002 0.259595 0.0
vt 0.950422 0.053985 0.0
vt 0.0002 0.281378 0.0
vt 0.905875 0.06215 0.0
vt 0.906075 0.281378 0.0
vt 0.0 0.06215 0.0
vt 0.0 0.121202 0.0
vt 0.906387 0.330358 0.0
vt 0.000512 0.330358 0.0
vt 0.905875 0.121202 0.0
vt 0.906387 0.330358 0.0
vt 0.0 0.121202 0.0
vt 0.980908 0.041289 0.0
vt 0.906387 0.32163 0.0
vt 0.905875 0.0 0.0
vt 0.000512 0.32163 0.0
vt 0.0 0.0 0.0
vt 0.906387 0.312903 0.0
vt 0.905875 0.089593 0.0
vt 0.000512 0.312903 0.0
vt 0.0 0.089593 0.0
vt 0.0002 0.281378 0.0
vt 0.905875 0.06215 0.0
vt 0.959024 0.01424 0.0
vt 0.906387 0.32163 0.0
vt 0.905875 0.0 0.0
vt 0.950422 0.041289 0.0
vt 0.906387 0.312903 0.0
vt 0.905875 0.089593 0.0
vt 0.959024 0.041289 0.0
vt 0.0002 0.312903 0.0
vt 0.0 0.093759 0.0
vt 0.980908 0.01424 0.0
vt 0.0 0.012881 0.0
vt 0.906387 0.32163 0.0
vt 0.000512 0.32163 0.0
vt 0.905875 0.012881 0.0
vt 0.906387 0.32163 0.0
vt 0.0 0.012881 0.0
vt 0.98951 0.041289 0.0
vt 0.0002 0.296828 0.0
vt 0.0 0.048121 0.0
vt 0.996752 0.01424 0.0
vt 0.0002 0.296828 0.0
vt 0.0 0.048121 0.0
vt 0.906075 0.296828 0.0
vt 0.905875 0.048121 0.0
vt 0.0 0.025761 0.0
vt 0.0002 0.219937 0.0
vt 0.98951 0.053985 0.0
vt 0.905753 0.210448 0.0
vt 0.905875 0.048121 0.0
vt -0.000122 0.210448 0.0
vt 0.0 0.048121 0.0
vt 0.905753 0.210448 0.0
vt 0.94318 0.000413 0.0
vt 0.905875 0.048121 0.0
vt 0.905753 0.156096 0.0
vt 0.0 0.034093 0.0
vt 0.996752 0.000413 0.0
vt 0.0002 0.297453 0.0
vt 0.94318 0.01424 0.0
vt 0.905875 0.06215 0.0
vt 0.905875 0.012881 0.0
vt 0.0002 0.259595 0.0
vt 0.950422 0.053985 0.0
vt 0.0002 0.312903 0.0
vt 0.0 0.093759 0.0
vt 0.906075 0.312903 0.0
vt 0.905875 0.093759 0.0
vt 0.906387 0.330358 0.0
vt 0.0 0.121202 0.0
vt 0.000512 0.330358 0.0
vt 0.905875 0.121202 0.0
vt 0.906387 0.330358 0.0
vt 0.0 0.121202 0.0
vt 0.980908 0.041289 0.0
vt 0.906387 0.32163 0.0
vt 0.905875 0.0 0.0
vt 0.000512 0.32163 0.0
vt 0.0 0.0 0.0
vt 0.0002 0.281378 0.0
vt 0.905875 0.06215 0.0
vt 0.959024 0.01424 0.0
vt 0.906387 0.32163 0.0
vt 0.905875 0.0 0.0
vt 0.950422 0.041289 0.0
vt 0.906387 0.312903 0.0
vt 0.905875 0.089593 0.0
vt 0.959024 0.041289 0.0
vt 0.0002 0.312903 0.0
vt 0.0 0.093759 0.0
vt 0.980908 0.01424 0.0
vt 0.906387 0.32163 0.0
vt 0.0 0.012881 0.0
vt 0.000512 0.32163 0.0
vt 0.905875 0.012881 0.0
vt 0.906387 0.32163 0.0
vt 0.0 0.012881 0.0
vt 0.98951 0.041289 0.0
vt 0.0002 0.296828 0.0
vt 0.0 0.048121 0.0
vt 0.996752 0.01424 0.0
vt 0.0002 0.296828 0.0
vt 0.0 0.048121 0.0
vt 0.906075 0.296828 0.0
vt 0.905875 0.048121 0.0
vt 0.0 0.025761 0.0
vt 0.0002 0.219937 0.0
vt 0.98951 0.053985 0.0
vt 0.99905 0.183297 0.0
vt 0.93931 0.183297 0.0
vt 0.939081 0.132863 0.0
vt 0.99905 0.342604 0.0
vt 0.93931 0.342604 0.0
vt 0.93931 0.183297 0.0
vt 0.99905 0.183297 0.0
vt 0.985655 0.132863 0.0
vt 0.93931 0.342604 0.0
vt 0.99905 0.342604 0.0
vt 0.93931 0.183297 0.0
vt 0.99905 0.183297 0.0
vt 0.985655 0.179437 0.0
vt 0.93931 0.342604 0.0
vt 0.99905 0.342604 0.0
vt 0.93931 0.183297 0.0
vt 0.99905 0.183297 0.0
vt 0.939081 0.179437 0.0
vt 0.93931 0.342604 0.0
vt 0.99905 0.342604 0.0
vt 0.99905 0.183297 0.0
vt 0.93931 0.183297 0.0
vt 0.939081 0.132863 0.0
vt 0.99905 0.342604 0.0
vt 0.93931 0.342604 0.0
vt 0.93931 0.183297 0.0
vt 0.99905 0.183297 0.0
vt 0.985655 0.132863 0.0
vt 0.93931 0.342604 0.0
vt 0.99905 0.342604 0.0
vt 0.93931 0.183297 0.0
vt 0.99905 0.183297 0.0
vt 0.985655 0.179437 0.0
vt 0.93931 0.342604 0.0
vt 0.99905 0.342604 0.0
vt 0.93931 0.183297 0.0
vt 0.99905 0.183297 0.0
vt 0.939081 0.179437 0.0
vt 0.93931 0.342604 0.0
vt 0.99905 0.342604 0.0
vt 0.99905 0.183297 0.0
vt 0.93931 0.183297 0.0
vt 0.939081 0.132863 0.0
vt 0.99905 0.342604 0.0
vt 0.93931 0.342604 0.0
vt 0.93931 0.183297 0.0
vt 0.99905 0.183297 0.0
vt 0.985655 0.132863 0.0
vt 0.93931 0.342604 0.0
vt 0.99905 0.342604 0.0
vt 0.93931 0.183297 0.0
vt 0.99905 0.183297 0.0
vt 0.985655 0.179437 0.0
vt 0.93931 0.342604 0.0
vt 0.99905 0.342604 0.0
vt 0.93931 0.183297 0.0
vt 0.99905 0.183297 0.0
vt 0.939081 0.179437 0.0
vt 0.93931 0.342604 0.0
vt 0.99905 0.342604 0.0
vt 0.99905 0.183297 0.0
vt 0.93931 0.183297 0.0
vt 0.939081 0.132863 0.0
vt 0.99905 0.342604 0.0
vt 0.93931 0.342604 0.0
vt 0.93931 0.183297 0.0
vt 0.99905 0.183297 0.0
vt 0.985655 0.132863 0.0
vt 0.93931 0.342604 0.0
vt 0.99905 0.342604 0.0
vt 0.93931 0.183297 0.0
vt 0.99905 0.183297 0.0
vt 0.985655 0.179437 0.0
vt 0.93931 0.342604 0.0
vt 0.99905 0.342604 0.0
vt 0.93931 0.183297 0.0
vt 0.99905 0.183297 0.0
vt 0.939081 0.179437 0.0
vt 0.93931 0.342604 0.0
vt 0.99905 0.342604 0.0
vt 0.99905 0.183297 0.0
vt 0.93931 0.183297 0.0
vt 0.939081 0.132863 0.0
vt 0.99905 0.342604 0.0
vt 0.93931 0.342604 0.0
vt 0.93931 0.183297 0.0
vt 0.99905 0.183297 0.0
vt 0.985655 0.132863 0.0
vt 0.93931 0.342604 0.0
vt 0.99905 0.342604 0.0
vt 0.93931 0.183297 0.0
vt 0.99905 0.183297 0.0
vt 0.985655 0.179437 0.0
vt 0.93931 0.342604 0.0
vt 0.99905 0.342604 0.0
vt 0.93931 0.183297 0.0
vt 0.99905 0.183297 0.0
vt 0.939081 0.179437 0.0
vt 0.93931 0.342604 0.0
vt 0.99905 0.342604 0.0
vt 0.99905 0.183297 0.0
vt 0.93931 0.183297 0.0
vt 0.939081 0.132863 0.0
vt 0.99905 0.342604 0.0
vt 0.93931 0.342604 0.0
vt 0.93931 0.183297 0.0
vt 0.99905 0.183297 0.0
vt 0.985655 0.132863 0.0
vt 0.93931 0.342604 0.0
vt 0.99905 0.342604 0.0
vt 0.93931 0.183297 0.0
vt 0.99905 0.183297 0.0
vt 0.985655 0.179437 0.0
vt 0.93931 0.342604 0.0
vt 0.99905 0.342604 0.0
vt 0.93931 0.183297 0.0
vt 0.99905 0.183297 0.0
vt 0.939081 0.179437 0.0
vt 0.93931 0.342604 0.0
vt 0.99905 0.342604 0.0
vt 0.99905 0.183297 0.0
vt 0.93931 0.183297 0.0
vt 0.939081 0.132863 0.0
vt 0.99905 0.342604 0.0
vt 0.93931 0.342604 0.0
vt 0.93931 0.183297 0.0
vt 0.99905 0.183297 0.0
vt 0.985655 0.132863 0.0
vt 0.93931 0.342604 0.0
vt 0.99905 0.342604 0.0
vt 0.93931 0.183297 0.0
vt 0.99905 0.183297 0.0
vt 0.985655 0.179437 0.0
vt 0.93931 0.342604 0.0
vt 0.99905 0.342604 0.0
vt 0.93931 0.183297 0.0
vt 0.99905 0.183297 0.0
vt 0.939081 0.179437 0.0
vt 0.93931 0.342604 0.0
vt 0.99905 0.342604 0.0
vt 0.99905 0.183297 0.0
vt 0.93931 0.183297 0.0
vt 0.939081 0.132863 0.0
vt 0.99905 0.342604 0.0
vt 0.93931 0.342604 0.0
vt 0.93931 0.183297 0.0
vt 0.99905 0.183297 0.0
vt 0.985655 0.132863 0.0
vt 0.93931 0.342604 0.0
vt 0.99905 0.342604 0.0
vt 0.93931 0.183297 0.0
vt 0.99905 0.183297 0.0
vt 0.985655 0.179437 0.0
vt 0.93931 0.342604 0.0
vt 0.99905 0.342604 0.0
vt 0.93931 0.183297 0.0
vt 0.99905 0.183297 0.0
vt 0.939081 0.179437 0.0
vt 0.93931 0.342604 0.0
vt 0.99905 0.342604 0.0
vt 0.302823 0.656284 0.0
vt -0.000781 0.781451 0.0
vt -0.000466 0.505675 0.0
vt 0.302823 0.718868 0.0
vt -0.000781 0.844034 0.0
vt 0.000156 0.656284 0.0
vt 0.979692 0.781451 0.0
vt 0.999534 0.505675 0.0
vt 0.000156 0.718868 0.0
vt 0.979692 0.844034 0.0
vt 0.000156 0.718868 0.0
vt 0.146184 0.656284 0.0
vt 0.999534 0.654611 0.0
vt 0.000156 0.781451 0.0
vt 0.146184 0.718868 0.0
vt 0.156795 0.656284 0.0
vt 0.980629 0.718868 0.0
vt -0.000466 0.654611 0.0
vt 0.156795 0.718868 0.0
vt 0.980629 0.781451 0.0
vt 0.302823 0.656284 0.0
vt -0.000781 0.781451 0.0
vt 0.0 0.851064 0.0
vt 0.302823 0.718868 0.0
vt -0.000781 0.844034 0.0
vt -0.000781 0.656284 0.0
vt 0.979692 0.781451 0.0
vt 1.0 0.851064 0.0
vt -0.000781 0.718868 0.0
vt 0.979692 0.844034 0.0
vt -0.000781 0.718868 0.0
vt 0.145247 0.656284 0.0
vt 1.0 1.0 0.0
vt -0.000781 0.781451 0.0
vt 0.145247 0.718868 0.0
vt 0.156795 0.656284 0.0
vt 0.979692 0.718868 0.0
vt 0.0 1.0 0.0
vt 0.156795 0.718868 0.0
vt 0.979692 0.781451 0.0
vt -0.000781 0.781451 0.0
vt 0.302823 0.656284 0.0
vt -0.000781 0.844034 0.0
vt -0.000103 0.349106 0.0
vt 0.302823 0.718868 0.0
vt 0.979692 0.781451 0.0
vt -0.000781 0.656284 0.0
vt 0.979692 0.844034 0.0
vt -0.000781 0.718868 0.0
vt 0.999897 0.349106 0.0
vt 0.145247 0.656284 0.0
vt -0.000781 0.718868 0.0
vt 0.145247 0.718868 0.0
vt 0.999897 0.498042 0.0
vt -0.000781 0.781451 0.0
vt 0.156795 0.656284 0.0
vt 0.979692 0.718868 0.0
vt -0.000103 0.498042 0.0
vt 0.156795 0.718868 0.0
vt 0.979692 0.781451 0.0
vt 0.302823 0.656284 0.0
vt -0.000781 0.781451 0.0
vt 0.0 0.851064 0.0
vt 0.302823 0.718868 0.0
vt -0.000781 0.844034 0.0
vt -0.000781 0.656284 0.0
vt 0.979692 0.781451 0.0
vt 1.0 0.851064 0.0
vt -0.000781 0.718868 0.0
vt 0.979692 0.844034 0.0
vt -0.000781 0.718868 0.0
vt 0.145247 0.656284 0.0
vt -0.000781 0.781451 0.0
vt 1.0 1.0 0.0
vt 0.145247 0.718868 0.0
vt 0.979692 0.718868 0.0
vt 0.156795 0.656284 0.0
vt 0.979692 0.781451 0.0
vt 0.0 1.0 0.0
vt 0.156795 0.718868 0.0
vt -0.000122 0.156096 0.0
vt 0.905875 0.034093 0.0
vt -0.000122 0.210448 0.0
vt 0.0 0.048121 0.0
vt 0.905753 0.156096 0.0
vt 0.0 0.034093 0.0
vt -0.000122 0.156096 0.0
vt 0.905875 0.034093 0.0
vt 0.0 0.012881 0.0
vt 0.906075 0.259595 0.0
vt 0.905875 0.025761 0.0
vt 0.906075 0.219937 0.0
vt 0.906075 0.297453 0.0
vt 0.0 0.06215 0.0
vt 0.905875 0.012881 0.0
vt 0.0002 0.259595 0.0
vt 0.0 0.012881 0.0
vt 0.906075 0.259595 0.0
vt 0.906075 0.312903 0.0
vt 0.905875 0.093759 0.0
vt 0.906075 0.281378 0.0
vt 0.0 0.06215 0.0
vt 0.000512 0.330358 0.0
vt 0.905875 0.121202 0.0
vt 0.000512 0.32163 0.0
vt 0.0 0.0 0.0
vt 0.0 0.089593 0.0
vt 0.000512 0.312903 0.0
vt 0.0 0.093759 0.0
vt 0.0002 0.312903 0.0
vt 0.906075 0.312903 0.0
vt 0.905875 0.093759 0.0
vt 0.000512 0.32163 0.0
vt 0.905875 0.012881 0.0
vt 0.906075 0.296828 0.0
vt 0.905875 0.048121 0.0
vt 0.0 0.025761 0.0
vt 0.0002 0.219937 0.0
vt 0.905875 0.025761 0.0
vt 0.906075 0.219937 0.0
vt 0.905753 0.156096 0.0
vt 0.0 0.034093 0.0
vt -0.000122 0.156096 0.0
vt 0.905875 0.034093 0.0
vt 0.905753 0.156096 0.0
vt 0.0 0.034093 0.0
vt -0.000122 0.156096 0.0
vt 0.905875 0.034093 0.0
vt 0.905875 0.012881 0.0
vt 0.0002 0.259595 0.0
vt 0.0 0.012881 0.0
vt 0.906075 0.259595 0.0
vt 0.0 0.025761 0.0
vt 0.0002 0.219937 0.0
vt 0.905875 0.025761 0.0
vt 0.906075 0.219937 0.0
vt 0.0002 0.297453 0.0
vt 0.905875 0.06215 0.0
vt 0.906075 0.297453 0.0
vt 0.0 0.06215 0.0
vt 0.0002 0.297453 0.0
vt 0.905875 0.06215 0.0
vt 0.906075 0.297453 0.0
vt 0.0 0.06215 0.0
vt 0.905875 0.012881 0.0
vt 0.0002 0.259595 0.0
vt 0.0 0.012881 0.0
vt 0.906075 0.259595 0.0
vt 0.0002 0.281378 0.0
vt 0.905875 0.06215 0.0
vt 0.906075 0.281378 0.0
vt 0.0 0.06215 0.0
vt 0.906387 0.32163 0.0
vt 0.905875 0.0 0.0
vt 0.000512 0.32163 0.0
vt 0.0 0.0 0.0
vt 0.906387 0.312903 0.0
vt 0.905875 0.089593 0.0
vt 0.000512 0.312903 0.0
vt 0.0 0.089593 0.0
vt 0.0002 0.281378 0.0
vt 0.905875 0.06215 0.0
vt 0.906075 0.281378 0.0
vt 0.0 0.06215 0.0
vt 0.906387 0.312903 0.0
vt 0.905875 0.089593 0.0
vt 0.000512 0.312903 0.0
vt 0.0 0.089593 0.0
vt 0.0002 0.296828 0.0
vt 0.0 0.048121 0.0
vt 0.906075 0.296828 0.0
vt 0.905875 0.048121 0.0
vt 0.0 0.025761 0.0
vt 0.0002 0.219937 0.0
vt 0.905875 0.025761 0.0
vt 0.906075 0.219937 0.0
vt 0.99905 0.183297 0.0
vt 0.93931 0.183297 0.0
vt 0.939081 0.132863 0.0
vt 0.99905 0.342604 0.0
vt 0.93931 0.342604 0.0
vt 0.93931 0.183297 0.0
vt 0.99905 0.183297 0.0
vt 0.985655 0.132863 0.0
vt 0.93931 0.342604 0.0
vt 0.99905 0.342604 0.0
vt 0.93931 0.183297 0.0
vt 0.99905 0.183297 0.0
vt 0.985655 0.179437 0.0
vt 0.93931 0.342604 0.0
vt 0.99905 0.342604 0.0
vt 0.93931 0.183297 0.0
vt 0.99905 0.183297 0.0
vt 0.939081 0.179437 0.0
vt 0.93931 0.342604 0.0
vt 0.99905 0.342604 0.0
vt 0.99905 0.183297 0.0
vt 0.93931 0.183297 0.0
vt 0.939081 0.132863 0.0
vt 0.99905 0.342604 0.0
vt 0.93931 0.342604 0.0
vt 0.93931 0.183297 0.0
vt 0.99905 0.183297 0.0
vt 0.985655 0.132863 0.0
vt 0.93931 0.342604 0.0
vt 0.99905 0.342604 0.0
vt 0.93931 0.183297 0.0
vt 0.99905 0.183297 0.0
vt 0.985655 0.179437 0.0
vt 0.93931 0.342604 0.0
vt 0.99905 0.342604 0.0
vt 0.93931 0.183297 0.0
vt 0.99905 0.183297 0.0
vt 0.939081 0.179437 0.0
vt 0.93931 0.342604 0.0
vt 0.99905 0.342604 0.0
vt 0.99905 0.183297 0.0
vt 0.93931 0.183297 0.0
vt 0.939081 0.132863 0.0
vt 0.99905 0.342604 0.0
vt 0.93931 0.342604 0.0
vt 0.93931 0.183297 0.0
vt 0.99905 0.183297 0.0
vt 0.985655 0.132863 0.0
vt 0.93931 0.342604 0.0
vt 0.99905 0.342604 0.0
vt 0.93931 0.183297 0.0
vt 0.99905 0.183297 0.0
vt 0.985655 0.179437 0.0
vt 0.93931 0.342604 0.0
vt 0.99905 0.342604 0.0
vt 0.93931 0.183297 0.0
vt 0.99905 0.183297 0.0
vt 0.939081 0.179437 0.0
vt 0.93931 0.342604 0.0
vt 0.99905 0.342604 0.0
vt 0.99905 0.183297 0.0
vt 0.93931 0.183297 0.0
vt 0.939081 0.132863 0.0
vt 0.99905 0.342604 0.0
vt 0.93931 0.342604 0.0
vt 0.93931 0.183297 0.0
vt 0.99905 0.183297 0.0
vt 0.985655 0.132863 0.0
vt 0.93931 0.342604 0.0
vt 0.99905 0.342604 0.0
vt 0.93931 0.183297 0.0
vt 0.99905 0.183297 0.0
vt 0.985655 0.179437 0.0
vt 0.93931 0.342604 0.0
vt 0.99905 0.342604 0.0
vt 0.93931 0.183297 0.0
vt 0.99905 0.183297 0.0
vt 0.939081 0.179437 0.0
vt 0.93931 0.342604 0.0
vt 0.99905 0.342604 0.0
vt 0.99905 0.183297 0.0
vt 0.93931 0.183297 0.0
vt 0.939081 0.132863 0.0
vt 0.99905 0.342604 0.0
vt 0.93931 0.342604 0.0
vt 0.93931 0.183297 0.0
vt 0.99905 0.183297 0.0
vt 0.985655 0.132863 0.0
vt 0.93931 0.342604 0.0
vt 0.99905 0.342604 0.0
vt 0.93931 0.183297 0.0
vt 0.99905 0.183297 0.0
vt 0.985655 0.179437 0.0
vt 0.93931 0.342604 0.0
vt 0.99905 0.342604 0.0
vt 0.93931 0.183297 0.0
vt 0.99905 0.183297 0.0
vt 0.939081 0.179437 0.0
vt 0.93931 0.342604 0.0
vt 0.99905 0.342604 0.0
vt 0.99905 0.183297 0.0
vt 0.93931 0.183297 0.0
vt 0.939081 0.132863 0.0
vt 0.99905 0.342604 0.0
vt 0.93931 0.342604 0.0
vt 0.93931 0.183297 0.0
vt 0.99905 0.183297 0.0
vt 0.985655 0.132863 0.0
vt 0.93931 0.342604 0.0
vt 0.99905 0.342604 0.0
vt 0.93931 0.183297 0.0
vt 0.99905 0.183297 0.0
vt 0.985655 0.179437 0.0
vt 0.93931 0.342604 0.0
vt 0.99905 0.342604 0.0
vt 0.93931 0.183297 0.0
vt 0.99905 0.183297 0.0
vt 0.939081 0.179437 0.0
vt 0.93931 0.342604 0.0
vt 0.99905 0.342604 0.0
vt 0.99905 0.183297 0.0
vt 0.93931 0.183297 0.0
vt 0.939081 0.132863 0.0
vt 0.99905 0.342604 0.0
vt 0.93931 0.342604 0.0
vt 0.93931 0.183297 0.0
vt 0.99905 0.183297 0.0
vt 0.985655 0.132863 0.0
vt 0.93931 0.342604 0.0
vt 0.99905 0.342604 0.0
vt 0.93931 0.183297 0.0
vt 0.99905 0.183297 0.0
vt 0.985655 0.179437 0.0
vt 0.93931 0.342604 0.0
vt 0.99905 0.342604 0.0
vt 0.93931 0.183297 0.0
vt 0.99905 0.183297 0.0
vt 0.939081 0.179437 0.0
vt 0.93931 0.342604 0.0
vt 0.99905 0.342604 0.0
vt 0.294197 0.297453 0.0
vt 0.940627 0.062939 0.0
vt 0.611878 0.06215 0.0
vt 0.294197 0.312903 0.0
vt 0.979746 0.062939 0.0
vt 0.293997 0.093759 0.0
vt 0.294197 0.281378 0.0
vt 0.611878 0.06215 0.0
vt 0.957055 0.062939 0.0
vt 0.979746 0.090985 0.0
vt 0.61239 0.330358 0.0
vt 0.293997 0.121202 0.0
vt 0.948136 0.090985 0.0
vt 0.61239 0.32163 0.0
vt 0.611878 0.0 0.0
vt 0.611878 0.089593 0.0
vt 0.957055 0.090985 0.0
vt 0.61239 0.312903 0.0
vt 0.988665 0.090985 0.0
vt 0.61239 0.32163 0.0
vt 0.293997 0.012881 0.0
vt 0.294197 0.296828 0.0
vt 0.996174 0.062939 0.0
vt 0.293997 0.048121 0.0
vt 0.302823 0.656284 0.0
vt -0.000781 0.781451 0.0
vt -0.000466 0.505675 0.0
vt 0.302823 0.718868 0.0
vt -0.000781 0.844034 0.0
vt 0.000156 0.656284 0.0
vt 0.979692 0.781451 0.0
vt 0.999534 0.505675 0.0
vt 0.000156 0.718868 0.0
vt 0.979692 0.844034 0.0
vt 0.000156 0.718868 0.0
vt 0.146184 0.656284 0.0
vt 0.999534 0.654611 0.0
vt 0.000156 0.781451 0.0
vt 0.146184 0.718868 0.0
vt 0.156795 0.656284 0.0
vt 0.980629 0.718868 0.0
vt -0.000466 0.654611 0.0
vt 0.156795 0.718868 0.0
vt 0.980629 0.781451 0.0
vt 0.302823 0.656284 0.0
vt -0.000781 0.781451 0.0
vt 0.0 0.851064 0.0
vt 0.302823 0.718868 0.0
vt -0.000781 0.844034 0.0
vt -0.000781 0.656284 0.0
vt 0.979692 0.781451 0.0
vt 1.0 0.851064 0.0
vt -0.000781 0.718868 0.0
vt 0.979692 0.844034 0.0
vt -0.000781 0.718868 0.0
vt 0.145247 0.656284 0.0
vt 1.0 1.0 0.0
vt -0.000781 0.781451 0.0
vt 0.145247 0.718868 0.0
vt 0.156795 0.656284 0.0
vt 0.979692 0.718868 0.0
vt 0.0 1.0 0.0
vt 0.156795 0.718868 0.0
vt 0.979692 0.781451 0.0
vt 0.302823 0.656284 0.0
vt -0.000781 0.781451 0.0
vt -0.000103 0.349106 0.0
vt 0.302823 0.718868 0.0
vt -0.000781 0.844034 0.0
vt -0.000781 0.656284 0.0
vt 0.979692 0.781451 0.0
vt 0.999897 0.349106 0.0
vt -0.000781 0.718868 0.0
vt 0.979692 0.844034 0.0
vt -0.000781 0.718868 0.0
vt 0.145247 0.656284 0.0
vt 0.999897 0.498042 0.0
vt -0.000781 0.781451 0.0
vt 0.145247 0.718868 0.0
vt 0.156795 0.656284 0.0
vt 0.979692 0.718868 0.0
vt -0.000103 0.498042 0.0
vt 0.156795 0.718868 0.0
vt 0.979692 0.781451 0.0
vt -0.000781 0.781451 0.0
vt 0.302823 0.656284 0.0
vt -0.000781 0.844034 0.0
vt 0.0 0.851064 0.0
vt 0.302823 0.718868 0.0
vt -0.000781 0.656284 0.0
vt 0.979692 0.781451 0.0
vt -0.000781 0.718868 0.0
vt 0.979692 0.844034 0.0
vt 1.0 0.851064 0.0
vt 0.145247 0.656284 0.0
vt -0.000781 0.718868 0.0
vt 0.145247 0.718868 0.0
vt 1.0 1.0 0.0
vt -0.000781 0.781451 0.0
vt 0.979692 0.718868 0.0
vt 0.156795 0.656284 0.0
vt 0.0 1.0 0.0
vt 0.979692 0.781451 0.0
vt 0.156795 0.718868 0.0
vt 0.810759 0.156096 0.0
vt 0.996227 0.048546 0.0
vt 0.094994 0.034093 0.0
vt 0.810759 0.210448 0.0
vt 0.940436 0.048546 0.0
vt 0.81088 0.048121 0.0
vt 0.81088 0.012881 0.0
vt 0.095194 0.259595 0.0
vt 0.947978 0.104336 0.0
vt 0.094994 0.025761 0.0
vt 0.095194 0.219937 0.0
vt 0.988685 0.104336 0.0
vt 0.095194 0.297453 0.0
vt 0.940436 0.062946 0.0
vt 0.81088 0.06215 0.0
vt 0.094994 0.093759 0.0
vt 0.095194 0.312903 0.0
vt 0.979727 0.062946 0.0
vt 0.095194 0.281378 0.0
vt 0.81088 0.06215 0.0
vt 0.956936 0.062946 0.0
vt 0.094994 0.121202 0.0
vt 0.811392 0.330358 0.0
vt 0.979727 0.091115 0.0
vt 0.811392 0.32163 0.0
vt 0.81088 0.0 0.0
vt 0.947978 0.091115 0.0
vt 0.811392 0.312903 0.0
vt 0.81088 0.089593 0.0
vt 0.956936 0.091115 0.0
vt 0.094994 0.012881 0.0
vt 0.811392 0.32163 0.0
vt 0.988685 0.091115 0.0
vt 0.095194 0.296828 0.0
vt 0.094994 0.048121 0.0
vt 0.996227 0.062946 0.0
vt 0.996174 0.048602 0.0
vt 0.611757 0.156096 0.0
vt 0.293997 0.034093 0.0
vt 0.940627 0.048602 0.0
vt 0.611757 0.210448 0.0
vt 0.611878 0.048121 0.0
vt 0.948136 0.104149 0.0
vt 0.611878 0.012881 0.0
vt 0.294197 0.259595 0.0
vt 0.988665 0.104149 0.0
vt 0.293997 0.025761 0.0
vt 0.294197 0.219937 0.0
vt -0.000122 0.156096 0.0
vt 0.905875 0.034093 0.0
vt 0.942399 0.062186 0.0
vt -0.000122 0.210448 0.0
vt 0.0 0.048121 0.0
vt 0.995971 0.062186 0.0
vt 0.905753 0.210448 0.0
vt 0.905875 0.048121 0.0
vt 0.905753 0.156096 0.0
vt 0.0 0.034093 0.0
vt 0.0 0.012881 0.0
vt 0.906075 0.259595 0.0
vt 0.988729 0.115757 0.0
vt 0.905875 0.025761 0.0
vt 0.906075 0.219937 0.0
vt 0.949641 0.115757 0.0
vt 0.906075 0.297453 0.0
vt 0.0 0.06215 0.0
vt 0.995971 0.076013 0.0
vt 0.0002 0.297453 0.0
vt 0.905875 0.06215 0.0
vt 0.905875 0.012881 0.0
vt 0.0002 0.259595 0.0
vt 0.906075 0.312903 0.0
vt 0.905875 0.093759 0.0
vt 0.958243 0.076013 0.0
vt 0.906075 0.281378 0.0
vt 0.0 0.06215 0.0
vt 0.980127 0.076013 0.0
vt 0.000512 0.330358 0.0
vt 0.905875 0.121202 0.0
vt 0.958243 0.103062 0.0
vt 0.906387 0.330358 0.0
vt 0.0 0.121202 0.0
vt 0.000512 0.32163 0.0
vt 0.0 0.0 0.0
vt 0.988729 0.103062 0.0
vt 0.000512 0.312903 0.0
vt 0.0 0.089593 0.0
vt 0.980127 0.103062 0.0
vt 0.0002 0.281378 0.0
vt 0.905875 0.06215 0.0
vt 0.906387 0.32163 0.0
vt 0.905875 0.0 0.0
vt 0.906387 0.312903 0.0
vt 0.905875 0.089593 0.0
vt 0.0002 0.312903 0.0
vt 0.0 0.093759 0.0
vt 0.000512 0.32163 0.0
vt 0.905875 0.012881 0.0
vt 0.949641 0.103062 0.0
vt 0.906387 0.32163 0.0
vt 0.0 0.012881 0.0
vt 0.0002 0.296828 0.0
vt 0.0 0.048121 0.0
vt 0.906075 0.296828 0.0
vt 0.905875 0.048121 0.0
vt 0.942399 0.076013 0.0
vt 0.0 0.025761 0.0
vt 0.0002 0.219937 0.0
vt 0.905753 0.156096 0.0
vt 0.0 0.034093 0.0
vt -0.000122 0.156096 0.0
vt 0.905875 0.034093 0.0
vt 0.905753 0.210448 0.0
vt 0.905875 0.048121 0.0
vt -0.000122 0.210448 0.0
vt 0.0 0.048121 0.0
vt 0.905753 0.210448 0.0
vt 0.905875 0.048121 0.0
vt -0.000122 0.210448 0.0
vt 0.0 0.048121 0.0
vt 0.0002 0.281378 0.0
vt 0.905875 0.06215 0.0
vt 0.906075 0.281378 0.0
vt 0.0 0.06215 0.0
vt 0.906387 0.330358 0.0
vt 0.0 0.121202 0.0
vt 0.000512 0.330358 0.0
vt 0.905875 0.121202 0.0
vt 0.906387 0.330358 0.0
vt 0.0 0.121202 0.0
vt 0.000512 0.330358 0.0
vt 0.905875 0.121202 0.0
vt 0.906387 0.312903 0.0
vt 0.905875 0.089593 0.0
vt 0.000512 0.312903 0.0
vt 0.0 0.089593 0.0
vt 0.0002 0.312903 0.0
vt 0.0 0.093759 0.0
vt 0.906075 0.312903 0.0
vt 0.905875 0.093759 0.0
vt 0.906387 0.32163 0.0
vt 0.0 0.012881 0.0
vt 0.000512 0.32163 0.0
vt 0.905875 0.012881 0.0
vt 0.99905 0.183297 0.0
vt 0.93931 0.183297 0.0
vt 0.939081 0.132863 0.0
vt 0.99905 0.342604 0.0
vt 0.93931 0.342604 0.0
vt 0.93931 0.183297 0.0
vt 0.99905 0.183297 0.0
vt 0.985655 0.132863 0.0
vt 0.93931 0.342604 0.0
vt 0.99905 0.342604 0.0
vt 0.93931 0.183297 0.0
vt 0.99905 0.183297 0.0
vt 0.985655 0.179437 0.0
vt 0.93931 0.342604 0.0
vt 0.99905 0.342604 0.0
vt 0.93931 0.183297 0.0
vt 0.99905 0.183297 0.0
vt 0.939081 0.179437 0.0
vt 0.93931 0.342604 0.0
vt 0.99905 0.342604 0.0
vt 0.302823 0.656284 0.0
vt -0.000781 0.781451 0.0
vt -0.000466 0.505675 0.0
vt 0.302823 0.718868 0.0
vt -0.000781 0.844034 0.0
vt 0.000156 0.656284 0.0
vt 0.979692 0.781451 0.0
vt 0.999534 0.505675 0.0
vt 0.000156 0.718868 0.0
vt 0.979692 0.844034 0.0
vt 0.000156 0.718868 0.0
vt 0.146184 0.656284 0.0
vt 0.999534 0.654611 0.0
vt 0.000156 0.781451 0.0
vt 0.146184 0.718868 0.0
vt 0.156795 0.656284 0.0
vt 0.980629 0.718868 0.0
vt -0.000466 0.654611 0.0
vt 0.156795 0.718868 0.0
vt 0.980629 0.781451 0.0
vt 0.99905 0.183297 0.0
vt 0.93931 0.183297 0.0
vt 0.939081 0.132863 0.0
vt 0.99905 0.342604 0.0
vt 0.93931 0.342604 0.0
vt 0.93931 0.183297 0.0
vt 0.99905 0.183297 0.0
vt 0.985655 0.132863 0.0
vt 0.93931 0.342604 0.0
vt 0.99905 0.342604 0.0
vt 0.93931 0.183297 0.0
vt 0.99905 0.183297 0.0
vt 0.985655 0.179437 0.0
vt 0.93931 0.342604 0.0
vt 0.99905 0.342604 0.0
vt 0.93931 0.183297 0.0
vt 0.99905 0.183297 0.0
vt 0.939081 0.179437 0.0
vt 0.93931 0.342604 0.0
vt 0.99905 0.342604 0.0
vt 0.302823 0.656284 0.0
vt -0.000781 0.781451 0.0
vt 0.0 0.851064 0.0
vt 0.302823 0.718868 0.0
vt -0.000781 0.844034 0.0
vt -0.000781 0.656284 0.0
vt 0.979692 0.781451 0.0
vt 1.0 0.851064 0.0
vt -0.000781 0.718868 0.0
vt 0.979692 0.844034 0.0
vt -0.000781 0.718868 0.0
vt 0.145247 0.656284 0.0
vt 1.0 1.0 0.0
vt -0.000781 0.781451 0.0
vt 0.145247 0.718868 0.0
vt 0.156795 0.656284 0.0
vt 0.979692 0.718868 0.0
vt 0.0 1.0 0.0
vt 0.156795 0.718868 0.0
vt 0.979692 0.781451 0.0
vt 0.99905 0.183297 0.0
vt 0.93931 0.183297 0.0
vt 0.939081 0.132863 0.0
vt 0.99905 0.342604 0.0
vt 0.93931 0.342604 0.0
vt 0.93931 0.183297 0.0
vt 0.99905 0.183297 0.0
vt 0.985655 0.132863 0.0
vt 0.93931 0.342604 0.0
vt 0.99905 0.342604 0.0
vt 0.93931 0.183297 0.0
vt 0.99905 0.183297 0.0
vt 0.985655 0.179437 0.0
vt 0.93931 0.342604 0.0
vt 0.99905 0.342604 0.0
vt 0.93931 0.183297 0.0
vt 0.99905 0.183297 0.0
vt 0.939081 0.179437 0.0
vt 0.93931 0.342604 0.0
vt 0.99905 0.342604 0.0
vt -0.000781 0.781451 0.0
vt 0.302823 0.656284 0.0
vt -0.000781 0.844034 0.0
vt 0.302823 0.718868 0.0
vt -0.000103 0.349106 0.0
vt -0.000781 0.656284 0.0
vt 0.979692 0.781451 0.0
vt -0.000781 0.718868 0.0
vt 0.979692 0.844034 0.0
vt 0.999897 0.349106 0.0
vt -0.000781 0.718868 0.0
vt 0.145247 0.656284 0.0
vt -0.000781 0.781451 0.0
vt 0.145247 0.718868 0.0
vt 0.999897 0.498042 0.0
vt 0.979692 0.718868 0.0
vt 0.156795 0.656284 0.0
vt 0.979692 0.781451 0.0
vt 0.156795 0.718868 0.0
vt -0.000103 0.498042 0.0
vt 0.93931 0.183297 0.0
vt 0.99905 0.183297 0.0
vt 0.93931 0.342604 0.0
vt 0.939081 0.132863 0.0
vt 0.99905 0.342604 0.0
vt 0.99905 0.183297 0.0
vt 0.93931 0.183297 0.0
vt 0.99905 0.342604 0.0
vt 0.985655 0.132863 0.0
vt 0.93931 0.342604 0.0
vt 0.93931 0.183297 0.0
vt 0.99905 0.183297 0.0
vt 0.985655 0.179437 0.0
vt 0.93931 0.342604 0.0
vt 0.99905 0.342604 0.0
vt 0.93931 0.183297 0.0
vt 0.99905 0.183297 0.0
vt 0.939081 0.179437 0.0
vt 0.93931 0.342604 0.0
vt 0.99905 0.342604 0.0
vt -0.000781 0.781451 0.0
vt 0.302823 0.656284 0.0
vt 0.0 0.851064 0.0
vt -0.000781 0.844034 0.0
vt 0.302823 0.718868 0.0
vt -0.000781 0.656284 0.0
vt 0.979692 0.781451 0.0
vt 1.0 0.851064 0.0
vt -0.000781 0.718868 0.0
vt 0.979692 0.844034 0.0
vt -0.000781 0.718868 0.0
vt 0.145247 0.656284 0.0
vt 1.0 1.0 0.0
vt -0.000781 0.781451 0.0
vt 0.145247 0.718868 0.0
vt 0.979692 0.718868 0.0
vt 0.156795 0.656284 0.0
vt 0.0 1.0 0.0
vt 0.979692 0.781451 0.0
vt 0.156795 0.718868 0.0
vt -0.000122 0.156096 0.0
vt 0.905875 0.034093 0.0
vt 0.942399 0.062186 0.0
vt -0.000122 0.210448 0.0
vt 0.0 0.048121 0.0
vt 0.995971 0.062186 0.0
vt 0.752232 0.156096 0.0
vt 0.153521 0.034093 0.0
vt 0.752232 0.210448 0.0
vt 0.752354 0.048121 0.0
vt 0.0 0.012881 0.0
vt 0.906075 0.259595 0.0
vt 0.988729 0.115757 0.0
vt 0.905875 0.025761 0.0
vt 0.906075 0.219937 0.0
vt 0.949641 0.115757 0.0
vt 0.906075 0.297453 0.0
vt 0.0 0.06215 0.0
vt 0.995971 0.076013 0.0
vt 0.752354 0.012881 0.0
vt 0.153721 0.259595 0.0
vt 0.153521 0.025761 0.0
vt 0.153721 0.219937 0.0
vt 0.906075 0.312903 0.0
vt 0.905875 0.093759 0.0
vt 0.958243 0.076013 0.0
vt 0.906075 0.281378 0.0
vt 0.0 0.06215 0.0
vt 0.980127 0.076013 0.0
vt 0.000512 0.330358 0.0
vt 0.905875 0.121202 0.0
vt 0.958243 0.103062 0.0
vt 0.153721 0.297453 0.0
vt 0.752354 0.06215 0.0
vt 0.000512 0.32163 0.0
vt 0.0 0.0 0.0
vt 0.988729 0.103062 0.0
vt 0.000512 0.312903 0.0
vt 0.0 0.089593 0.0
vt 0.980127 0.103062 0.0
vt 0.153721 0.312903 0.0
vt 0.153521 0.093759 0.0
vt 0.153721 0.281378 0.0
vt 0.752354 0.06215 0.0
vt 0.752866 0.330358 0.0
vt 0.153521 0.121202 0.0
vt 0.752866 0.32163 0.0
vt 0.752354 0.0 0.0
vt 0.000512 0.32163 0.0
vt 0.905875 0.012881 0.0
vt 0.949641 0.103062 0.0
vt 0.752866 0.312903 0.0
vt 0.752354 0.089593 0.0
vt 0.752866 0.32163 0.0
vt 0.153521 0.012881 0.0
vt 0.906075 0.296828 0.0
vt 0.905875 0.048121 0.0
vt 0.942399 0.076013 0.0
vt 0.153721 0.296828 0.0
vt 0.153521 0.048121 0.0
vt -0.000122 0.156096 0.0
vt 0.905875 0.034093 0.0
vt 0.942399 0.062186 0.0
vt -0.000122 0.210448 0.0
vt 0.0 0.048121 0.0
vt 0.995971 0.062186 0.0
vt 0.0 0.012881 0.0
vt 0.906075 0.259595 0.0
vt 0.988729 0.115757 0.0
vt 0.905875 0.025761 0.0
vt 0.906075 0.219937 0.0
vt 0.949641 0.115757 0.0
vt 0.906075 0.297453 0.0
vt 0.0 0.06215 0.0
vt 0.995971 0.076013 0.0
vt 0.0002 0.297453 0.0
vt 0.905875 0.06215 0.0
vt 0.906075 0.297453 0.0
vt 0.0 0.06215 0.0
vt 0.905875 0.012881 0.0
vt 0.0002 0.259595 0.0
vt 0.0 0.012881 0.0
vt 0.906075 0.259595 0.0
vt 0.906075 0.312903 0.0
vt 0.905875 0.093759 0.0
vt 0.958243 0.076013 0.0
vt 0.906075 0.281378 0.0
vt 0.0 0.06215 0.0
vt 0.980127 0.076013 0.0
vt 0.000512 0.330358 0.0
vt 0.905875 0.121202 0.0
vt 0.958243 0.103062 0.0
vt 0.000512 0.32163 0.0
vt 0.0 0.0 0.0
vt 0.988729 0.103062 0.0
vt 0.000512 0.312903 0.0
vt 0.0 0.089593 0.0
vt 0.980127 0.103062 0.0
vt 0.906387 0.32163 0.0
vt 0.905875 0.0 0.0
vt 0.000512 0.32163 0.0
vt 0.0 0.0 0.0
vt 0.0002 0.312903 0.0
vt 0.0 0.093759 0.0
vt 0.906075 0.312903 0.0
vt 0.905875 0.093759 0.0
vt 0.000512 0.32163 0.0
vt 0.905875 0.012881 0.0
vt 0.949641 0.103062 0.0
vt 0.906387 0.32163 0.0
vt 0.0 0.012881 0.0
vt 0.000512 0.32163 0.0
vt 0.905875 0.012881 0.0
vt 0.0002 0.296828 0.0
vt 0.0 0.048121 0.0
vt 0.906075 0.296828 0.0
vt 0.905875 0.048121 0.0
vt 0.906075 0.296828 0.0
vt 0.905875 0.048121 0.0
vt 0.942399 0.076013 0.0
vt 0.0 0.025761 0.0
vt 0.0002 0.219937 0.0
vt 0.905875 0.025761 0.0
vt 0.906075 0.219937 0.0
vt 0.99905 0.183297 0.0
vt 0.93931 0.183297 0.0
vt 0.939081 0.132863 0.0
vt 0.99905 0.342604 0.0
vt 0.93931 0.342604 0.0
vt 0.93931 0.183297 0.0
vt 0.99905 0.183297 0.0
vt 0.985655 0.132863 0.0
vt 0.93931 0.342604 0.0
vt 0.99905 0.342604 0.0
vt 0.93931 0.183297 0.0
vt 0.99905 0.183297 0.0
vt 0.985655 0.179437 0.0
vt 0.93931 0.342604 0.0
vt 0.99905 0.342604 0.0
vt 0.93931 0.183297 0.0
vt 0.99905 0.183297 0.0
vt 0.939081 0.179437 0.0
vt 0.93931 0.342604 0.0
vt 0.99905 0.342604 0.0
vt 0.99905 0.183297 0.0
vt 0.93931 0.183297 0.0
vt 0.939081 0.132863 0.0
vt 0.99905 0.342604 0.0
vt 0.93931 0.342604 0.0
vt 0.93931 0.183297 0.0
vt 0.99905 0.183297 0.0
vt 0.985655 0.132863 0.0
vt 0.93931 0.342604 0.0
vt 0.99905 0.342604 0.0
vt 0.93931 0.183297 0.0
vt 0.99905 0.183297 0.0
vt 0.985655 0.179437 0.0
vt 0.93931 0.342604 0.0
vt 0.99905 0.342604 0.0
vt 0.93931 0.183297 0.0
vt 0.99905 0.183297 0.0
vt 0.939081 0.179437 0.0
vt 0.93931 0.342604 0.0
vt 0.99905 0.342604 0.0
vt 0.99905 0.183297 0.0
vt 0.93931 0.183297 0.0
vt 0.939081 0.132863 0.0
vt 0.99905 0.342604 0.0
vt 0.93931 0.342604 0.0
vt 0.93931 0.183297 0.0
vt 0.99905 0.183297 0.0
vt 0.985655 0.132863 0.0
vt 0.93931 0.342604 0.0
vt 0.99905 0.342604 0.0
vt 0.93931 0.183297 0.0
vt 0.99905 0.183297 0.0
vt 0.985655 0.179437 0.0
vt 0.93931 0.342604 0.0
vt 0.99905 0.342604 0.0
vt 0.93931 0.183297 0.0
vt 0.99905 0.183297 0.0
vt 0.939081 0.179437 0.0
vt 0.93931 0.342604 0.0
vt 0.99905 0.342604 0.0
vt 0.99905 0.183297 0.0
vt 0.93931 0.183297 0.0
vt 0.939081 0.132863 0.0
vt 0.99905 0.342604 0.0
vt 0.93931 0.342604 0.0
vt 0.93931 0.183297 0.0
vt 0.99905 0.183297 0.0
vt 0.985655 0.132863 0.0
vt 0.93931 0.342604 0.0
vt 0.99905 0.342604 0.0
vt 0.93931 0.183297 0.0
vt 0.99905 0.183297 0.0
vt 0.985655 0.179437 0.0
vt 0.93931 0.342604 0.0
vt 0.99905 0.342604 0.0
vt 0.93931 0.183297 0.0
vt 0.99905 0.183297 0.0
vt 0.939081 0.179437 0.0
vt 0.93931 0.342604 0.0
vt 0.99905 0.342604 0.0
vt 0.99905 0.183297 0.0
vt 0.93931 0.183297 0.0
vt 0.939081 0.132863 0.0
vt 0.99905 0.342604 0.0
vt 0.93931 0.342604 0.0
vt 0.93931 0.183297 0.0
vt 0.99905 0.183297 0.0
vt 0.985655 0.132863 0.0
vt 0.93931 0.342604 0.0
vt 0.99905 0.342604 0.0
vt 0.93931 0.183297 0.0
vt 0.99905 0.183297 0.0
vt 0.985655 0.179437 0.0
vt 0.93931 0.342604 0.0
vt 0.99905 0.342604 0.0
vt 0.93931 0.183297 0.0
vt 0.99905 0.183297 0.0
vt 0.939081 0.179437 0.0
vt 0.93931 0.342604 0.0
vt 0.99905 0.342604 0.0
vt 0.99905 0.183297 0.0
vt 0.93931 0.183297 0.0
vt 0.939081 0.132863 0.0
vt 0.99905 0.342604 0.0
vt 0.93931 0.342604 0.0
vt 0.93931 0.183297 0.0
vt 0.99905 0.183297 0.0
vt 0.985655 0.132863 0.0
vt 0.93931 0.342604 0.0
vt 0.99905 0.342604 0.0
vt 0.93931 0.183297 0.0
vt 0.99905 0.183297 0.0
vt 0.985655 0.179437 0.0
vt 0.93931 0.342604 0.0
vt 0.99905 0.342604 0.0
vt 0.93931 0.183297 0.0
vt 0.99905 0.183297 0.0
vt 0.939081 0.179437 0.0
vt 0.93931 0.342604 0.0
vt 0.99905 0.342604 0.0
vt 0.99905 0.183297 0.0
vt 0.93931 0.183297 0.0
vt 0.939081 0.132863 0.0
vt 0.99905 0.342604 0.0
vt 0.93931 0.342604 0.0
vt 0.93931 0.183297 0.0
vt 0.99905 0.183297 0.0
vt 0.985655 0.132863 0.0
vt 0.93931 0.342604 0.0
vt 0.99905 0.342604 0.0
vt 0.93931 0.183297 0.0
vt 0.99905 0.183297 0.0
vt 0.985655 0.179437 0.0
vt 0.93931 0.342604 0.0
vt 0.99905 0.342604 0.0
vt 0.93931 0.183297 0.0
vt 0.99905 0.183297 0.0
vt 0.939081 0.179437 0.0
vt 0.93931 0.342604 0.0
vt 0.99905 0.342604 0.0
vt 0.99905 0.183297 0.0
vt 0.93931 0.183297 0.0
vt 0.939081 0.132863 0.0
vt 0.99905 0.342604 0.0
vt 0.93931 0.342604 0.0
vt 0.93931 0.183297 0.0
vt 0.99905 0.183297 0.0
vt 0.985655 0.132863 0.0
vt 0.93931 0.342604 0.0
vt 0.99905 0.342604 0.0
vt 0.93931 0.183297 0.0
vt 0.99905 0.183297 0.0
vt 0.985655 0.179437 0.0
vt 0.93931 0.342604 0.0
vt 0.99905 0.342604 0.0
vt 0.93931 0.183297 0.0
vt 0.99905 0.183297 0.0
vt 0.939081 0.179437 0.0
vt 0.93931 0.342604 0.0
vt 0.99905 0.342604 0.0
vt 0.302823 0.656284 0.0
vt -0.000781 0.781451 0.0
vt -0.000466 0.505675 0.0
vt 0.302823 0.718868 0.0
vt -0.000781 0.844034 0.0
vt 0.000156 0.656284 0.0
vt 0.979692 0.781451 0.0
vt 0.999534 0.505675 0.0
vt 0.000156 0.718868 0.0
vt 0.979692 0.844034 0.0
vt 0.000156 0.718868 0.0
vt 0.146184 0.656284 0.0
vt 0.999534 0.654611 0.0
vt 0.000156 0.781451 0.0
vt 0.146184 0.718868 0.0
vt 0.156795 0.656284 0.0
vt 0.980629 0.718868 0.0
vt -0.000466 0.654611 0.0
vt 0.156795 0.718868 0.0
vt 0.980629 0.781451 0.0
vt 0.302823 0.656284 0.0
vt -0.000781 0.781451 0.0
vt 0.0 0.851064 0.0
vt 0.302823 0.718868 0.0
vt -0.000781 0.844034 0.0
vt -0.000781 0.656284 0.0
vt 0.979692 0.781451 0.0
vt 1.0 0.851064 0.0
vt -0.000781 0.718868 0.0
vt 0.979692 0.844034 0.0
vt -0.000781 0.718868 0.0
vt 0.145247 0.656284 0.0
vt 1.0 1.0 0.0
vt -0.000781 0.781451 0.0
vt 0.145247 0.718868 0.0
vt 0.156795 0.656284 0.0
vt 0.979692 0.718868 0.0
vt 0.0 1.0 0.0
vt 0.156795 0.718868 0.0
vt 0.979692 0.781451 0.0
vt 0.302823 0.656284 0.0
vt -0.000781 0.781451 0.0
vt -0.000103 0.349106 0.0
vt 0.302823 0.718868 0.0
vt -0.000781 0.844034 0.0
vt -0.000781 0.656284 0.0
vt 0.979692 0.781451 0.0
vt 0.999897 0.349106 0.0
vt -0.000781 0.718868 0.0
vt 0.979692 0.844034 0.0
vt -0.000781 0.718868 0.0
vt 0.145247 0.656284 0.0
vt 0.999897 0.498042 0.0
vt -0.000781 0.781451 0.0
vt 0.145247 0.718868 0.0
vt 0.156795 0.656284 0.0
vt 0.979692 0.718868 0.0
vt -0.000103 0.498042 0.0
vt 0.156795 0.718868 0.0
vt 0.979692 0.781451 0.0
vt -0.000781 0.781451 0.0
vt 0.302823 0.656284 0.0
vt -0.000781 0.844034 0.0
vt 0.0 0.851064 0.0
vt 0.302823 0.718868 0.0
vt 0.979692 0.781451 0.0
vt -0.000781 0.656284 0.0
vt 0.979692 0.844034 0.0
vt 1.0 0.851064 0.0
vt -0.000781 0.718868 0.0
vt -0.000781 0.718868 0.0
vt 0.145247 0.656284 0.0
vt 1.0 1.0 0.0
vt -0.000781 0.781451 0.0
vt 0.145247 0.718868 0.0
vt 0.156795 0.656284 0.0
vt 0.979692 0.718868 0.0
vt 0.0 1.0 0.0
vt 0.156795 0.718868 0.0
vt 0.979692 0.781451 0.0

f 137/342 138/345 140/350 139/347
f 139/346 140/349 142/355 141/352
f 141/351 142/354 144/360 143/357
f 143/356 144/359 138/344 137/341
f 138/343 144/358 142/353 140/348
f 8/19 3/7 2/4 7/16
f 3/6 8/18 16/38 19/47
f 19/47 22/55 4/10 3/6
f 24/60 21/52 13/31 18/44
f 18/44 17/41 9/22 24/60
f 18/44 13/31 19/47 16/38
f 23/57 1/2 4/9 22/54
f 5/12 6/14 24/59 9/21
f 4/8 1/1 2/3 3/5
f 10/24 19/46 13/30 12/28
f 20/49 21/51 24/58 6/13
f 21/50 20/48 12/27 13/29
f 19/45 10/23 23/56 22/53
f 16/37 11/26 15/35 18/43
f 17/40 14/33 5/11 9/20
f 18/42 15/34 14/32 17/39
f 8/17 7/15 11/25 16/36
f 129/322 130/325 132/330 131/327
f 131/326 132/329 134/335 133/332
f 133/331 134/334 136/340 135/337
f 135/336 136/339 130/324 129/321
f 130/323 136/338 134/333 132/328
f 32/79 31/76 26/64 27/67
f 46/115 43/107 27/66 28/70
f 27/66 43/107 40/98 32/78
f 42/104 37/91 33/82 41/101
f 33/82 37/91 45/112 48/120
f 40/98 43/107 37/91 42/104
f 47/117 46/114 28/69 25/62
f 29/72 33/81 48/119 30/74
f 28/68 27/65 26/63 25/61
f 34/84 36/88 37/90 43/106
f 44/109 30/73 48/118 45/111
f 45/110 37/89 36/87 44/108
f 43/105 46/113 47/116 34/83
f 40/97 42/103 39/95 35/86
f 41/100 33/80 29/71 38/93
f 42/102 41/99 38/92 39/94
f 32/77 40/96 35/85 31/75
f 49/122 50/125 52/130 51/127
f 51/126 52/129 54/135 53/132
f 53/131 54/134 56/140 55/137
f 55/136 56/139 50/124 49/121
f 50/123 56/138 54/133 52/128
f 57/142 59/147 60/150 58/145
f 59/146 61/152 62/155 60/149
f 61/151 63/157 64/160 62/154
f 63/156 57/141 58/144 64/159
f 58/143 60/148 62/153 64/158
f 65/162 66/165 68/170 67/167
f 67/166 68/169 70/175 69/172
f 69/171 70/174 72/180 71/177
f 71/176 72/179 66/164 65/161
f 66/163 72/178 70/173 68/168
f 73/182 75/187 76/190 74/185
f 75/186 77/192 78/195 76/189
f 77/191 79/197 80/200 78/194
f 79/196 73/181 74/184 80/199
f 74/183 76/188 78/193 80/198
f 81/202 82/205 84/210 83/207
f 83/206 84/209 86/215 85/212
f 85/211 86/214 88/220 87/217
f 87/216 88/219 82/204 81/201
f 82/203 88/218 86/213 84/208
f 89/222 91/227 92/230 90/225
f 91/226 93/232 94/235 92/229
f 93/231 95/237 96/240 94/234
f 95/236 89/221 90/224 96/239
f 90/223 92/228 94/233 96/238
f 97/242 98/245 100/250 99/247
f 99/246 100/249 102/255 101/252
f 101/251 102/254 104/260 103/257
f 103/256 104/259 98/244 97/241
f 98/243 104/258 102/253 100/248
f 105/262 107/267 108/270 106/265
f 107/266 109/272 110/275 108/269
f 109/271 111/277 112/280 110/274
f 111/276 105/261 106/264 112/279
f 106/263 108/268 110/273 112/278
f 113/282 114/285 116/290 115/287
f 115/286 116/289 118/295 117/292
f 117/291 118/294 120/300 119/297
f 119/296 120/299 114/284 113/281
f 114/283 120/298 118/293 116/288
f 121/302 122/305 124/310 123/307
f 123/306 124/309 126/315 125/312
f 125/311 126/314 128/320 127/317
f 127/316 128/319 122/304 121/301
f 122/303 128/318 126/313 124/308
f 156/392 164/411 150/376 159/400
f 149/373 158/397 159/400 150/376
f 155/389 146/365 145/363 154/386
#f 154/386 167/418 145/363 
f 159/400 155/389 154/386 156/392
f 148/370 146/366 151/379 157/394
f 184/462 178/446 180/452 186/466
f 190/475 188/471 174/436 177/443
f 176/441 173/433 182/457 187/468
f 191/478 192/480 171/428 169/423
#f 146/365 151/378 155/389 
f 167/417 145/362 147/368 168/420
f 152/381 149/372 150/375 153/383
f 147/367 145/361 146/364 148/369
f 154/385 160/402 162/406 156/391
f 164/410 166/415 153/382 150/374
f 166/414 164/409 156/390 162/405
f 160/401 154/384 167/416 168/419
f 161/404 155/388 159/399 165/413
f 163/408 158/396 149/371 152/380
f 165/412 159/398 158/395 163/407
f 157/393 151/377 155/387 161/403
f 179/449 185/464 189/473 183/460
f 178/445 184/461 192/479 191/477
f 175/439 181/454 185/463 179/448
f 170/426 172/430 181/453 175/438
f 173/432 176/440 177/442 174/435
f 169/422 171/427 172/429 170/425
f 187/467 182/456 183/459 189/472
f 188/470 190/474 186/465 180/451
f 174/434 188/469 180/450 183/458
f 183/458 182/455 173/431 174/434
f 180/450 178/444 179/447 183/458
f 178/444 191/476 169/421 179/447
f 169/421 170/424 175/437 179/447
f 321/802 322/805 324/810 323/807
f 323/806 324/809 326/815 325/812
f 325/811 326/814 328/820 327/817
f 327/816 328/819 322/804 321/801
f 322/803 328/818 326/813 324/808
f 329/822 330/825 332/830 331/827
f 331/826 332/829 334/835 333/832
f 333/831 334/834 336/840 335/837
f 335/836 336/839 330/824 329/821
f 330/823 336/838 334/833 332/828
f 199/494 205/506 196/488 194/484
f 193/482 195/486 216/528 215/526
f 200/496 197/490 198/492 201/498
f 195/485 193/481 194/483 196/487
f 202/500 208/512 210/516 204/504
f 212/520 214/524 201/497 198/491
f 214/523 212/519 204/503 210/515
f 208/511 202/499 215/525 216/527
f 209/514 203/502 207/510 213/522
f 197/489 200/495 211/518 206/508
f 206/507 211/517 213/521 207/509
f 205/505 199/493 203/501 209/513
f 228/564 231/573 222/546 236/588
f 222/546 231/573 230/570 221/543
f 227/561 226/558 218/534 223/549
f 218/534 226/558 239/597 217/531
f 227/561 231/573 228/564 226/558
f 313/782 314/785 316/790 315/787
f 315/786 316/789 318/795 317/792
f 317/791 318/794 320/800 319/797
f 319/796 320/799 314/784 313/781
f 314/783 320/798 318/793 316/788
f 229/567 223/548 218/533 220/540
f 219/537 217/530 239/596 240/600
f 221/542 224/552 225/555 222/545
f 220/539 218/532 217/529 219/536
f 232/576 226/557 228/563 234/582
f 238/594 236/587 222/544 225/554
f 234/581 228/562 236/586 238/593
f 240/599 239/595 226/556 232/575
f 237/591 231/572 227/560 233/579
f 224/551 221/541 230/569 235/585
f 235/584 230/568 231/571 237/590
f 233/578 227/559 223/547 229/566
f 241/602 242/605 244/610 243/607
f 243/606 244/609 246/615 245/612
f 245/611 246/614 248/620 247/617
f 247/616 248/619 242/604 241/601
f 242/603 248/618 246/613 244/608
f 249/622 251/627 252/630 250/625
f 251/626 253/632 254/635 252/629
f 253/631 255/637 256/640 254/634
f 255/636 249/621 250/624 256/639
f 250/623 252/628 254/633 256/638
f 257/642 258/645 260/650 259/647
f 259/646 260/649 262/655 261/652
f 261/651 262/654 264/660 263/657
f 263/656 264/659 258/644 257/641
f 258/643 264/658 262/653 260/648
f 265/662 267/667 268/670 266/665
f 267/666 269/672 270/675 268/669
f 269/671 271/677 272/680 270/674
f 271/676 265/661 266/664 272/679
f 266/663 268/668 270/673 272/678
f 273/682 274/685 276/690 275/687
f 275/686 276/689 278/695 277/692
f 277/691 278/694 280/700 279/697
f 279/696 280/699 274/684 273/681
f 274/683 280/698 278/693 276/688
f 281/702 283/707 284/710 282/705
f 283/706 285/712 286/715 284/709
f 285/711 287/717 288/720 286/714
f 287/716 281/701 282/704 288/719
f 282/703 284/708 286/713 288/718
f 289/722 290/725 292/730 291/727
f 291/726 292/729 294/735 293/732
f 293/731 294/734 296/740 295/737
f 295/736 296/739 290/724 289/721
f 290/723 296/738 294/733 292/728
f 297/742 299/747 300/750 298/745
f 299/746 301/752 302/755 300/749
f 301/751 303/757 304/760 302/754
f 303/756 297/741 298/744 304/759
f 298/743 300/748 302/753 304/758
f 305/762 306/765 308/770 307/767
f 307/766 308/769 310/775 309/772
f 309/771 310/774 312/780 311/777
f 311/776 312/779 306/764 305/761
f 306/763 312/778 310/773 308/768
f 234/580 224/550 235/583 237/589
f 234/580 238/592 225/553 224/550
f 237/589 233/577 232/574 234/580
f 220/538 219/535 240/598 232/574
f 233/577 229/565 220/538 232/574
f 457/1130 458/1133 460/1138 459/1135
f 459/1134 460/1137 462/1143 461/1140
f 461/1139 462/1142 464/1148 463/1145
f 463/1144 464/1147 458/1132 457/1129
f 458/1131 464/1146 462/1141 460/1136
f 465/1150 466/1153 468/1158 467/1155
f 475/1175 476/1178 478/1183 477/1180
f 477/1179 478/1182 480/1188 479/1185
f 479/1184 480/1187 474/1173 473/1170
f 474/1172 480/1186 478/1181 476/1177
f 343/854 349/866 340/848 338/844
f 337/842 339/846 360/888 359/886
f 344/856 341/850 342/852 345/858
f 339/845 337/841 338/843 340/847
f 346/860 352/872 354/876 348/864
f 356/880 358/884 345/857 342/851
f 358/883 356/879 348/863 354/875
f 352/871 346/859 359/885 360/887
f 353/874 347/862 351/870 357/882
f 341/849 344/855 355/878 350/868
f 350/867 355/877 357/881 351/869
f 349/865 343/853 347/861 353/873
f 449/1110 450/1113 452/1118 451/1115
f 451/1114 452/1117 454/1123 453/1120
f 453/1119 454/1122 456/1128 455/1125
f 455/1124 456/1127 450/1112 449/1109
f 450/1111 456/1126 454/1121 452/1116
f 467/1154 468/1157 470/1163 469/1160
f 469/1159 470/1162 472/1168 471/1165
f 471/1164 472/1167 466/1152 465/1149
f 466/1151 472/1166 470/1161 468/1156
f 473/1169 474/1171 476/1176 475/1174
f 373/922 367/907 362/894 364/898
f 363/896 361/891 383/946 384/948
f 365/901 368/909 369/911 366/904
f 361/890 363/895 364/897 362/893
f 376/930 370/914 372/920 378/934
f 382/943 380/939 366/903 369/910
f 380/938 382/942 378/933 372/919
f 370/913 376/929 384/947 383/945
f 371/917 377/932 381/941 375/928
f 368/908 365/900 374/925 379/936
f 379/935 374/924 375/927 381/940
f 367/906 373/921 377/931 371/916
f 385/950 386/953 388/958 387/955
f 387/954 388/957 390/963 389/960
f 389/959 390/962 392/968 391/965
f 391/964 392/967 386/952 385/949
f 386/951 392/966 390/961 388/956
f 393/970 395/975 396/978 394/973
f 395/974 397/980 398/983 396/977
f 397/979 399/985 400/988 398/982
f 399/984 393/969 394/972 400/987
f 394/971 396/976 398/981 400/986
f 401/990 402/993 404/998 403/995
f 403/994 404/997 406/1003 405/1000
f 405/999 406/1002 408/1008 407/1005
f 407/1004 408/1007 402/992 401/989
f 402/991 408/1006 406/1001 404/996
f 409/1010 411/1015 412/1018 410/1013
f 411/1014 413/1020 414/1023 412/1017
f 413/1019 415/1025 416/1028 414/1022
f 415/1024 409/1009 410/1012 416/1027
f 410/1011 412/1016 414/1021 416/1026
f 417/1030 418/1033 420/1038 419/1035
f 419/1034 420/1037 422/1043 421/1040
f 421/1039 422/1042 424/1048 423/1045
f 423/1044 424/1047 418/1032 417/1029
f 418/1031 424/1046 422/1041 420/1036
f 425/1050 427/1055 428/1058 426/1053
f 427/1054 429/1060 430/1063 428/1057
f 429/1059 431/1065 432/1068 430/1062
f 431/1064 425/1049 426/1052 432/1067
f 426/1051 428/1056 430/1061 432/1066
f 433/1070 434/1073 436/1078 435/1075
f 435/1074 436/1077 438/1083 437/1080
f 437/1079 438/1082 440/1088 439/1085
f 439/1084 440/1087 434/1072 433/1069
f 434/1071 440/1086 438/1081 436/1076
f 441/1090 443/1095 444/1098 442/1093
f 443/1094 445/1100 446/1103 444/1097
f 445/1099 447/1105 448/1108 446/1102
f 447/1104 441/1089 442/1092 448/1107
f 442/1091 444/1096 446/1101 448/1106
f 366/902 380/937 372/918 375/926
f 372/918 370/912 371/915 375/926
f 375/926 374/923 365/899 366/902
f 370/912 383/944 361/889 362/892
f 362/892 367/905 371/915 370/912
f 613/1496 614/1499 616/1504 615/1501
f 615/1500 616/1503 610/1489 609/1486
f 610/1488 616/1502 614/1498 612/1494
f 617/1506 618/1509 620/1514 619/1511
f 619/1510 620/1513 622/1519 621/1516
f 488/1204 483/1194 482/1192 487/1202
f 593/1446 594/1449 596/1454 595/1451
f 595/1450 596/1453 598/1459 597/1456
f 597/1455 598/1458 600/1464 599/1461
f 599/1460 600/1463 594/1448 593/1445
f 594/1447 600/1462 598/1457 596/1452
f 503/1234 481/1190 484/1196 502/1232
f 485/1198 486/1200 504/1236 489/1206
f 484/1195 481/1189 482/1191 483/1193
f 490/1208 499/1226 493/1214 492/1212
f 500/1228 501/1230 504/1235 486/1199
f 501/1229 500/1227 492/1211 493/1213
f 499/1225 490/1207 503/1233 502/1231
f 496/1220 491/1210 495/1218 498/1224
f 497/1222 494/1216 485/1197 489/1205
f 498/1223 495/1217 494/1215 497/1221
f 488/1203 487/1201 491/1209 496/1219
f 605/1476 606/1479 608/1484 607/1481
f 607/1480 608/1483 602/1469 601/1466
f 602/1468 608/1482 606/1478 604/1474
f 609/1485 610/1487 612/1493 611/1491
f 611/1490 612/1492 614/1497 613/1495
f 623/1521 624/1524 618/1508 617/1505
f 618/1507 624/1523 622/1518 620/1512
f 621/1515 622/1517 624/1522 623/1520
f 601/1465 602/1467 604/1473 603/1471
f 603/1470 604/1472 606/1477 605/1475
f 517/1262 511/1250 506/1240 508/1244
f 507/1242 505/1238 527/1282 528/1284
f 509/1246 512/1252 513/1254 510/1248
f 508/1243 506/1239 505/1237 507/1241
f 520/1268 514/1256 516/1260 522/1272
f 526/1280 524/1276 510/1247 513/1253
f 522/1271 516/1259 524/1275 526/1279
f 528/1283 527/1281 514/1255 520/1267
f 525/1278 519/1266 515/1258 521/1270
f 512/1251 509/1245 518/1264 523/1274
f 523/1273 518/1263 519/1265 525/1277
f 521/1269 515/1257 511/1249 517/1261
f 529/1286 530/1289 532/1294 531/1291
f 531/1290 532/1293 534/1299 533/1296
f 533/1295 534/1298 536/1304 535/1301
f 535/1300 536/1303 530/1288 529/1285
f 530/1287 536/1302 534/1297 532/1292
f 537/1306 539/1311 540/1314 538/1309
f 539/1310 541/1316 542/1319 540/1313
f 541/1315 543/1321 544/1324 542/1318
f 543/1320 537/1305 538/1308 544/1323
f 538/1307 540/1312 542/1317 544/1322
f 545/1326 546/1329 548/1334 547/1331
f 547/1330 548/1333 550/1339 549/1336
f 549/1335 550/1338 552/1344 551/1341
f 551/1340 552/1343 546/1328 545/1325
f 546/1327 552/1342 550/1337 548/1332
f 553/1346 555/1351 556/1354 554/1349
f 555/1350 557/1356 558/1359 556/1353
f 557/1355 559/1361 560/1364 558/1358
f 559/1360 553/1345 554/1348 560/1363
f 554/1347 556/1352 558/1357 560/1362
f 561/1366 562/1369 564/1374 563/1371
f 563/1370 564/1373 566/1379 565/1376
f 565/1375 566/1378 568/1384 567/1381
f 567/1380 568/1383 562/1368 561/1365
f 562/1367 568/1382 566/1377 564/1372
f 569/1386 571/1391 572/1394 570/1389
f 571/1390 573/1396 574/1399 572/1393
f 573/1395 575/1401 576/1404 574/1398
f 575/1400 569/1385 570/1388 576/1403
f 570/1387 572/1392 574/1397 576/1402
f 577/1406 578/1409 580/1414 579/1411
f 579/1410 580/1413 582/1419 581/1416
f 581/1415 582/1418 584/1424 583/1421
f 583/1420 584/1423 578/1408 577/1405
f 578/1407 584/1422 582/1417 580/1412
f 585/1426 587/1431 588/1434 586/1429
f 587/1430 589/1436 590/1439 588/1433
f 589/1435 591/1441 592/1444 590/1438
f 591/1440 585/1425 586/1428 592/1443
f 586/1427 588/1432 590/1437 592/1442
f 737/1782 738/1785 740/1790 739/1787
f 739/1786 740/1789 742/1795 741/1792
f 741/1791 742/1794 744/1800 743/1797
f 743/1796 744/1799 738/1784 737/1781
f 738/1783 744/1798 742/1793 740/1788
f 632/1540 627/1530 626/1528 631/1538
f 763/1847 764/1850 766/1855 765/1852
f 765/1851 766/1854 768/1860 767/1857
f 767/1856 768/1859 762/1845 761/1842
f 762/1844 768/1858 766/1853 764/1849
f 745/1802 746/1805 748/1810 747/1807
f 647/1570 625/1526 628/1532 646/1568
f 629/1534 630/1536 648/1572 633/1542
f 628/1531 625/1525 626/1527 627/1529
f 634/1544 643/1562 637/1550 636/1548
f 644/1564 645/1566 648/1571 630/1535
f 645/1565 644/1563 636/1547 637/1549
f 643/1561 634/1543 647/1569 646/1567
f 640/1556 635/1546 639/1554 642/1560
f 641/1558 638/1552 629/1533 633/1541
f 642/1559 639/1553 638/1551 641/1557
f 632/1539 631/1537 635/1545 640/1555
f 747/1806 748/1809 750/1815 749/1812
f 749/1811 750/1814 752/1820 751/1817
f 751/1816 752/1819 746/1804 745/1801
f 746/1803 752/1818 750/1813 748/1808
f 753/1822 754/1825 756/1830 755/1827
f 656/1588 655/1586 650/1576 651/1578
f 755/1826 756/1829 758/1835 757/1832
f 757/1831 758/1834 760/1840 759/1837
f 759/1836 760/1839 754/1824 753/1821
f 754/1823 760/1838 758/1833 756/1828
f 761/1841 762/1843 764/1848 763/1846
f 671/1618 670/1616 652/1580 649/1574
f 653/1582 657/1590 672/1620 654/1584
f 652/1579 651/1577 650/1575 649/1573
f 658/1592 660/1596 661/1598 667/1610
f 668/1612 654/1583 672/1619 669/1614
f 669/1613 661/1597 660/1595 668/1611
f 667/1609 670/1615 671/1617 658/1591
f 664/1604 666/1608 663/1602 659/1594
f 665/1606 657/1589 653/1581 662/1600
f 666/1607 665/1605 662/1599 663/1601
f 656/1587 664/1603 659/1593 655/1585
f 673/1622 674/1625 676/1630 675/1627
f 675/1626 676/1629 678/1635 677/1632
f 677/1631 678/1634 680/1640 679/1637
f 679/1636 680/1639 674/1624 673/1621
f 674/1623 680/1638 678/1633 676/1628
f 681/1642 683/1647 684/1650 682/1645
f 683/1646 685/1652 686/1655 684/1649
f 685/1651 687/1657 688/1660 686/1654
f 687/1656 681/1641 682/1644 688/1659
f 682/1643 684/1648 686/1653 688/1658
f 689/1662 690/1665 692/1670 691/1667
f 691/1666 692/1669 694/1675 693/1672
f 693/1671 694/1674 696/1680 695/1677
f 695/1676 696/1679 690/1664 689/1661
f 690/1663 696/1678 694/1673 692/1668
f 697/1682 699/1687 700/1690 698/1685
f 699/1686 701/1692 702/1695 700/1689
f 701/1691 703/1697 704/1700 702/1694
f 703/1696 697/1681 698/1684 704/1699
f 698/1683 700/1688 702/1693 704/1698
f 705/1702 706/1705 708/1710 707/1707
f 707/1706 708/1709 710/1715 709/1712
f 709/1711 710/1714 712/1720 711/1717
f 711/1716 712/1719 706/1704 705/1701
f 706/1703 712/1718 710/1713 708/1708
f 713/1722 715/1727 716/1730 714/1725
f 715/1726 717/1732 718/1735 716/1729
f 717/1731 719/1737 720/1740 718/1734
f 719/1736 713/1721 714/1724 720/1739
f 714/1723 716/1728 718/1733 720/1738
f 721/1742 722/1745 724/1750 723/1747
f 723/1746 724/1749 726/1755 725/1752
f 725/1751 726/1754 728/1760 727/1757
f 727/1756 728/1759 722/1744 721/1741
f 722/1743 728/1758 726/1753 724/1748
f 729/1762 731/1767 732/1770 730/1765
f 731/1766 733/1772 734/1775 732/1769
f 733/1771 735/1777 736/1780 734/1774
f 735/1776 729/1761 730/1764 736/1779
f 730/1763 732/1768 734/1773 736/1778
f 901/2168 902/2171 904/2176 903/2173
f 903/2172 904/2175 898/2161 897/2158
f 898/2160 904/2174 902/2170 900/2166
f 905/2178 906/2181 908/2186 907/2183
f 907/2182 908/2185 910/2191 909/2188
f 909/2187 910/2190 912/2196 911/2193
f 881/2118 882/2121 884/2126 883/2123
f 883/2122 884/2125 886/2131 885/2128
f 885/2127 886/2130 888/2136 887/2133
f 887/2132 888/2135 882/2120 881/2117
f 882/2119 888/2134 886/2129 884/2124
f 775/1874 776/1876 771/1866 770/1864
f 774/1872 792/1908 777/1878 773/1870
f 772/1868 769/1862 770/1863 771/1865
f 769/1861 772/1867 790/1904 791/1906
f 778/1880 787/1898 781/1886 780/1884
f 789/1902 788/1900 780/1883 781/1885
f 787/1897 778/1879 791/1905 790/1903
f 784/1892 779/1882 783/1890 786/1896
f 788/1899 789/1901 792/1907 774/1871
f 773/1869 777/1877 785/1894 782/1888
f 776/1875 775/1873 779/1881 784/1891
f 893/2148 894/2151 896/2156 895/2153
f 895/2152 896/2155 890/2141 889/2138
f 890/2140 896/2154 894/2150 892/2146
f 897/2157 898/2159 900/2165 899/2163
f 899/2162 900/2164 902/2169 901/2167
f 911/2192 912/2195 906/2180 905/2177
f 906/2179 912/2194 910/2189 908/2184
f 782/1887 785/1893 786/1895 783/1889
f 889/2137 890/2139 892/2145 891/2143
f 891/2142 892/2144 894/2149 893/2147
f 805/1934 799/1922 794/1912 796/1916
f 795/1914 793/1910 815/1954 816/1956
f 797/1918 800/1924 801/1926 798/1920
f 793/1909 795/1913 796/1915 794/1911
f 808/1940 802/1928 804/1932 810/1944
f 814/1952 812/1948 798/1919 801/1925
f 812/1947 814/1951 810/1943 804/1931
f 802/1927 808/1939 816/1955 815/1953
f 803/1930 809/1942 813/1950 807/1938
f 800/1923 797/1917 806/1936 811/1946
f 811/1945 806/1935 807/1937 813/1949
f 799/1921 805/1933 809/1941 803/1929
f 817/1958 818/1961 820/1966 819/1963
f 819/1962 820/1965 822/1971 821/1968
f 821/1967 822/1970 824/1976 823/1973
f 823/1972 824/1975 818/1960 817/1957
f 818/1959 824/1974 822/1969 820/1964
f 825/1978 827/1983 828/1986 826/1981
f 827/1982 829/1988 830/1991 828/1985
f 829/1987 831/1993 832/1996 830/1990
f 831/1992 825/1977 826/1980 832/1995
f 826/1979 828/1984 830/1989 832/1994
f 833/1998 834/2001 836/2006 835/2003
f 835/2002 836/2005 838/2011 837/2008
f 837/2007 838/2010 840/2016 839/2013
f 839/2012 840/2015 834/2000 833/1997
f 834/1999 840/2014 838/2009 836/2004
f 841/2018 843/2023 844/2026 842/2021
f 843/2022 845/2028 846/2031 844/2025
f 845/2027 847/2033 848/2036 846/2030
f 847/2032 841/2017 842/2020 848/2035
f 842/2019 844/2024 846/2029 848/2034
f 849/2038 850/2041 852/2046 851/2043
f 851/2042 852/2045 854/2051 853/2048
f 853/2047 854/2050 856/2056 855/2053
f 855/2052 856/2055 850/2040 849/2037
f 850/2039 856/2054 854/2049 852/2044
f 857/2058 859/2063 860/2066 858/2061
f 859/2062 861/2068 862/2071 860/2065
f 861/2067 863/2073 864/2076 862/2070
f 863/2072 857/2057 858/2060 864/2075
f 858/2059 860/2064 862/2069 864/2074
f 865/2078 866/2081 868/2086 867/2083
f 867/2082 868/2085 870/2091 869/2088
f 869/2087 870/2090 872/2096 871/2093
f 871/2092 872/2095 866/2080 865/2077
f 866/2079 872/2094 870/2089 868/2084
f 873/2098 875/2103 876/2106 874/2101
f 875/2102 877/2108 878/2111 876/2105
f 877/2107 879/2113 880/2116 878/2110
f 879/2112 873/2097 874/2100 880/2115
f 874/2099 876/2104 878/2109 880/2114
f 1037/2484 1038/2487 1040/2492 1039/2489
f 1039/2488 1040/2491 1034/2477 1033/2474
f 1034/2476 1040/2490 1038/2486 1036/2482
f 1041/2494 1042/2497 1044/2502 1043/2499
f 1043/2498 1044/2501 1046/2507 1045/2504
f 1045/2503 1046/2506 1048/2512 1047/2509
f 1025/2454 1026/2457 1028/2462 1027/2459
f 1027/2458 1028/2461 1030/2467 1029/2464
f 1029/2463 1030/2466 1032/2472 1031/2469
f 1031/2468 1032/2471 1026/2456 1025/2453
f 1026/2455 1032/2470 1030/2465 1028/2460
f 919/2210 920/2212 915/2202 914/2200
f 918/2208 936/2244 921/2214 917/2206
f 916/2204 913/2198 914/2199 915/2201
f 913/2197 916/2203 934/2240 935/2242
f 922/2216 931/2234 925/2222 924/2220
f 933/2238 932/2236 924/2219 925/2221
f 931/2233 922/2215 935/2241 934/2239
f 928/2228 923/2218 927/2226 930/2232
f 932/2235 933/2237 936/2243 918/2207
f 917/2205 921/2213 929/2230 926/2224
f 920/2211 919/2209 923/2217 928/2227
f 1047/2508 1048/2511 1042/2496 1041/2493
f 1042/2495 1048/2510 1046/2505 1044/2500
f 1049/2514 1050/2517 1052/2522 1051/2519
f 1051/2518 1052/2521 1054/2527 1053/2524
f 1053/2523 1054/2526 1056/2532 1055/2529
f 1055/2528 1056/2531 1050/2516 1049/2513
f 1033/2473 1034/2475 1036/2481 1035/2479
f 938/2248 944/2260 953/2278 946/2264
f 939/2250 937/2246 959/2290 960/2292
f 947/2266 945/2262 954/2280 948/2268
f 943/2258 952/2276 958/2288 956/2284
f 1050/2515 1056/2530 1054/2525 1052/2520
f 942/2256 949/2270 952/2275 943/2257
f 937/2245 939/2249 944/2259 938/2247
f 950/2272 955/2282 949/2269 942/2255
f 955/2281 950/2271 951/2274 957/2286
f 945/2261 947/2265 956/2283 958/2287
f 948/2267 954/2279 960/2291 959/2289
f 941/2254 940/2252 957/2285 951/2273
f 926/2223 929/2229 930/2231 927/2225
f 1035/2478 1036/2480 1038/2485 1037/2483
f 940/2251 941/2253 946/2263 953/2277
f 961/2294 962/2297 964/2302 963/2299
f 963/2298 964/2301 966/2307 965/2304
f 965/2303 966/2306 968/2312 967/2309
f 967/2308 968/2311 962/2296 961/2293
f 962/2295 968/2310 966/2305 964/2300
f 969/2314 971/2319 972/2322 970/2317
f 971/2318 973/2324 974/2327 972/2321
f 973/2323 975/2329 976/2332 974/2326
f 975/2328 969/2313 970/2316 976/2331
f 970/2315 972/2320 974/2325 976/2330
f 977/2334 978/2337 980/2342 979/2339
f 979/2338 980/2341 982/2347 981/2344
f 981/2343 982/2346 984/2352 983/2349
f 983/2348 984/2351 978/2336 977/2333
f 978/2335 984/2350 982/2345 980/2340
f 985/2354 987/2359 988/2362 986/2357
f 987/2358 989/2364 990/2367 988/2361
f 989/2363 991/2369 992/2372 990/2366
f 991/2368 985/2353 986/2356 992/2371
f 986/2355 988/2360 990/2365 992/2370
f 993/2374 994/2377 996/2382 995/2379
f 995/2378 996/2381 998/2387 997/2384
f 997/2383 998/2386 1000/2392 999/2389
f 999/2388 1000/2391 994/2376 993/2373
f 994/2375 1000/2390 998/2385 996/2380
f 1001/2394 1003/2399 1004/2402 1002/2397
f 1003/2398 1005/2404 1006/2407 1004/2401
f 1005/2403 1007/2409 1008/2412 1006/2406
f 1007/2408 1001/2393 1002/2396 1008/2411
f 1002/2395 1004/2400 1006/2405 1008/2410
f 1009/2414 1010/2417 1012/2422 1011/2419
f 1011/2418 1012/2421 1014/2427 1013/2424
f 1013/2423 1014/2426 1016/2432 1015/2429
f 1015/2428 1016/2431 1010/2416 1009/2413
f 1010/2415 1016/2430 1014/2425 1012/2420
f 1017/2434 1019/2439 1020/2442 1018/2437
f 1019/2438 1021/2444 1022/2447 1020/2441
f 1021/2443 1023/2449 1024/2452 1022/2446
f 1023/2448 1017/2433 1018/2436 1024/2451
f 1018/2435 1020/2440 1022/2445 1024/2450
f 1168/2790 1169/2793 1171/2798 1170/2795
f 1170/2794 1171/2797 1173/2803 1172/2800
f 1172/2799 1173/2802 1175/2808 1174/2805
f 1174/2804 1175/2807 1169/2792 1168/2789
f 1169/2791 1175/2806 1173/2801 1171/2796
f 1064/2548 1059/2538 1058/2536 1063/2546
f 1182/2825 1183/2828 1177/2813 1176/2810
f 1177/2812 1183/2827 1181/2823 1179/2818
f 1184/2830 1185/2833 1187/2838 1186/2835
f 1186/2834 1187/2837 1189/2843 1188/2840
f 1188/2839 1189/2842 1191/2848 1190/2845
f 1079/2578 1057/2534 1060/2540 1078/2576
f 1061/2542 1062/2544 1080/2580 1065/2550
f 1060/2539 1057/2533 1058/2535 1059/2537
f 1066/2552 1075/2570 1069/2558 1068/2556
f 1076/2572 1077/2574 1080/2579 1062/2543
f 1077/2573 1076/2571 1068/2555 1069/2557
f 1075/2569 1066/2551 1079/2577 1078/2575
f 1072/2564 1067/2554 1071/2562 1074/2568
f 1073/2566 1070/2560 1061/2541 1065/2549
f 1074/2567 1071/2561 1070/2559 1073/2565
f 1064/2547 1063/2545 1067/2553 1072/2563
f 1193/2853 1199/2868 1197/2863 1195/2858
f 1176/2809 1177/2811 1179/2817 1178/2815
f 1190/2844 1191/2847 1185/2832 1184/2829
f 1095/2610 1087/2594 1083/2586 1085/2590
f 1086/2592 1089/2598 1088/2596 1090/2600
f 1192/2850 1193/2852 1195/2857 1194/2855
f 1185/2831 1191/2846 1189/2841 1187/2836
f 1178/2814 1179/2816 1181/2822 1180/2820
f 1082/2584 1093/2606 1102/2626 1103/2628
f 1081/2582 1229/2930 1101/2624 1099/2618
f 1093/2605 1082/2583 1087/2593 1095/2609
f 1194/2854 1195/2856 1197/2862 1196/2860
f 1097/2614 1094/2608 1229/2929 1081/2581
f 1091/2602 1098/2616 1094/2607 1097/2613
f 1180/2819 1181/2821 1183/2826 1182/2824
f 1098/2615 1091/2601 1092/2604 1100/2620
f 1089/2597 1086/2591 1099/2617 1101/2623
f 1090/2599 1088/2595 1103/2627 1102/2625
f 1096/2612 1084/2588 1100/2619 1092/2603
f 1196/2859 1197/2861 1199/2867 1198/2865
f 1198/2864 1199/2866 1193/2851 1192/2849
f 1084/2587 1096/2611 1085/2589 1083/2585
f 1104/2630 1105/2633 1107/2638 1106/2635
f 1106/2634 1107/2637 1109/2643 1108/2640
f 1108/2639 1109/2642 1111/2648 1110/2645
f 1110/2644 1111/2647 1105/2632 1104/2629
f 1105/2631 1111/2646 1109/2641 1107/2636
f 1112/2650 1114/2655 1115/2658 1113/2653
f 1114/2654 1116/2660 1117/2663 1115/2657
f 1116/2659 1118/2665 1119/2668 1117/2662
f 1118/2664 1112/2649 1113/2652 1119/2667
f 1113/2651 1115/2656 1117/2661 1119/2666
f 1120/2670 1121/2673 1123/2678 1122/2675
f 1122/2674 1123/2677 1125/2683 1124/2680
f 1124/2679 1125/2682 1127/2688 1126/2685
f 1126/2684 1127/2687 1121/2672 1120/2669
f 1121/2671 1127/2686 1125/2681 1123/2676
f 1128/2690 1130/2695 1131/2698 1129/2693
f 1130/2694 1132/2700 1133/2703 1131/2697
f 1132/2699 1134/2705 1135/2708 1133/2702
f 1134/2704 1128/2689 1129/2692 1135/2707
f 1129/2691 1131/2696 1133/2701 1135/2706
f 1136/2710 1137/2713 1139/2718 1138/2715
f 1138/2714 1139/2717 1141/2723 1140/2720
f 1140/2719 1141/2722 1143/2728 1142/2725
f 1142/2724 1143/2727 1137/2712 1136/2709
f 1137/2711 1143/2726 1141/2721 1139/2716
f 1144/2730 1146/2735 1147/2738 1145/2733
f 1146/2734 1148/2740 1149/2743 1147/2737
f 1148/2739 1150/2745 1151/2748 1149/2742
f 1150/2744 1144/2729 1145/2732 1151/2747
f 1145/2731 1147/2736 1149/2741 1151/2746
f 1152/2750 1153/2753 1155/2758 1154/2755
f 1154/2754 1155/2757 1157/2763 1156/2760
f 1156/2759 1157/2762 1159/2768 1158/2765
f 1158/2764 1159/2767 1153/2752 1152/2749
f 1153/2751 1159/2766 1157/2761 1155/2756
f 1160/2770 1162/2775 1163/2778 1161/2773
f 1162/2774 1164/2780 1165/2783 1163/2777
f 1164/2779 1166/2785 1167/2788 1165/2782
f 1166/2784 1160/2769 1161/2772 1167/2787
f 1161/2771 1163/2776 1165/2781 1167/2786
f 1259/2996 1260/2999 1262/3004 1261/3001
f 1261/3000 1262/3003 1256/2989 1255/2986
f 1256/2988 1262/3002 1260/2998 1258/2994
f 1233/2938 1239/2950 1246/2964 1245/2962
f 1234/2940 1240/2952 1243/2958 1238/2948
f 1203/2876 1201/2872 1206/2882 1212/2894
f 1263/3006 1264/3009 1266/3014 1265/3011
f 1265/3010 1266/3013 1268/3019 1267/3016
f 1267/3015 1268/3018 1270/3024 1269/3021
f 1269/3020 1270/3023 1264/3008 1263/3005
f 1264/3007 1270/3022 1268/3017 1266/3012
f 1222/2914 1200/2870 1202/2874 1223/2916
f 1239/2949 1233/2937 1235/2942 1241/2954
f 1244/2960 1101/2622 1229/2928 1232/2936
f 1209/2888 1215/2900 1217/2904 1211/2892
f 1219/2908 1221/2912 1208/2886 1205/2880
f 1226/2922 1224/2918 1245/2961 1246/2963
f 1231/2934 1228/2926 1237/2946 1242/2956
f 1221/2911 1219/2907 1211/2891 1217/2903
f 1218/2906 1213/2896 1204/2878 1207/2884
f 1220/2910 1214/2898 1213/2895 1218/2905
f 1215/2899 1209/2887 1222/2913 1223/2915
f 1212/2893 1206/2881 1210/2890 1216/2902
f 1207/2883 1204/2877 1205/2879 1208/2885
f 1230/2932 1236/2944 1240/2951 1234/2939
f 1255/2985 1256/2987 1258/2993 1257/2991
f 1257/2990 1258/2992 1260/2997 1259/2995
f 1236/2943 1230/2931 1225/2920 1227/2924
f 1247/2966 1249/2971 1250/2974 1248/2969
f 1249/2970 1251/2976 1252/2979 1250/2973
f 1251/2975 1253/2981 1254/2984 1252/2978
f 1253/2980 1247/2965 1248/2968 1254/2983
f 1202/2873 1200/2869 1201/2871 1203/2875
f 1216/2901 1210/2889 1214/2897 1220/2909
f 1228/2925 1231/2933 1232/2935 1229/2927
f 1224/2917 1226/2921 1227/2923 1225/2919
f 1242/2955 1237/2945 1238/2947 1243/2957
f 1248/2967 1250/2972 1252/2977 1254/2982
f 1101/2621 1244/2959 1241/2953 1235/2941
f 1393/3364 1394/3367 1396/3372 1395/3369
f 1395/3368 1396/3371 1390/3357 1389/3354
f 1390/3356 1396/3370 1394/3366 1392/3362
f 1397/3374 1398/3377 1400/3382 1399/3379
f 1399/3378 1400/3381 1402/3387 1401/3384
f 1275/3041 1272/3031 1271/3028 1274/3038
f 1272/3030 1275/3040 1282/3066 1285/3075
f 1285/3075 1288/3085 1273/3034 1272/3030
f 1290/3092 1287/3082 1279/3055 1284/3072
f 1284/3072 1283/3069 1276/3044 1290/3092
f 1284/3072 1279/3055 1285/3075 1282/3066
f 1289/3089 1407/3400 1273/3033 1288/3084
f 1411/3410 1420/3432 1290/3091 1276/3043
f 1273/3032 1407/3399 1271/3027 1272/3029
f 1417/3424 1285/3074 1279/3054 1278/3052
f 1286/3079 1287/3081 1290/3090 1420/3431
f 1287/3080 1286/3078 1278/3051 1279/3053
f 1285/3073 1417/3423 1289/3088 1288/3083
f 1282/3065 1277/3048 1281/3063 1284/3071
f 1283/3068 1280/3059 1411/3409 1276/3042
f 1284/3070 1281/3062 1280/3058 1283/3067
f 1275/3039 1274/3037 1277/3047 1282/3064
f 1403/3389 1404/3392 1398/3376 1397/3373
f 1398/3375 1404/3391 1402/3386 1400/3380
f 1401/3383 1402/3385 1404/3390 1403/3388
f 1391/3359 1392/3361 1394/3365 1393/3363
f 1389/3353 1390/3355 1392/3360 1391/3358
f 1294/3105 1426/3456 1291/3096 1292/3099
f 1306/3145 1303/3135 1292/3098 1293/3102
f 1292/3098 1303/3135 1300/3126 1294/3104
f 1302/3132 1298/3119 1295/3108 1301/3129
f 1295/3108 1298/3119 1305/3142 1308/3152
f 1300/3126 1303/3135 1298/3119 1302/3132
f 1307/3149 1306/3144 1293/3101 1422/3440
f 1427/3460 1295/3107 1308/3151 1434/3488
f 1293/3100 1292/3097 1291/3095 1422/3439
f 1296/3112 1297/3116 1298/3118 1303/3134
f 1304/3139 1434/3487 1308/3150 1305/3141
f 1305/3140 1298/3117 1297/3115 1304/3138
f 1303/3133 1306/3143 1307/3148 1296/3111
f 1300/3125 1302/3131 1432/3480 1431/3476
f 1301/3128 1295/3106 1427/3459 1299/3123
f 1302/3130 1301/3127 1299/3122 1432/3479
f 1294/3103 1300/3124 1431/3475 1426/3455
f 1309/3154 1310/3157 1312/3162 1311/3159
f 1311/3158 1312/3161 1314/3167 1313/3164
f 1313/3163 1314/3166 1316/3172 1315/3169
f 1315/3168 1316/3171 1310/3156 1309/3153
f 1310/3155 1316/3170 1314/3165 1312/3160
f 1317/3174 1319/3179 1320/3182 1318/3177
f 1319/3178 1321/3184 1322/3187 1320/3181
f 1321/3183 1323/3189 1324/3192 1322/3186
f 1323/3188 1317/3173 1318/3176 1324/3191
f 1318/3175 1320/3180 1322/3185 1324/3190
f 1325/3194 1326/3197 1328/3202 1327/3199
f 1327/3198 1328/3201 1330/3207 1329/3204
f 1329/3203 1330/3206 1332/3212 1331/3209
f 1331/3208 1332/3211 1326/3196 1325/3193
f 1326/3195 1332/3210 1330/3205 1328/3200
f 1333/3214 1335/3219 1336/3222 1334/3217
f 1335/3218 1337/3224 1338/3227 1336/3221
f 1337/3223 1339/3229 1340/3232 1338/3226
f 1339/3228 1333/3213 1334/3216 1340/3231
f 1334/3215 1336/3220 1338/3225 1340/3230
f 1341/3234 1342/3237 1344/3242 1343/3239
f 1343/3238 1344/3241 1346/3247 1345/3244
f 1345/3243 1346/3246 1348/3252 1347/3249
f 1347/3248 1348/3251 1342/3236 1341/3233
f 1342/3235 1348/3250 1346/3245 1344/3240
f 1349/3254 1351/3259 1352/3262 1350/3257
f 1351/3258 1353/3264 1354/3267 1352/3261
f 1353/3263 1355/3269 1356/3272 1354/3266
f 1355/3268 1349/3253 1350/3256 1356/3271
f 1350/3255 1352/3260 1354/3265 1356/3270
f 1357/3274 1358/3277 1360/3282 1359/3279
f 1359/3278 1360/3281 1362/3287 1361/3284
f 1361/3283 1362/3286 1364/3292 1363/3289
f 1363/3288 1364/3291 1358/3276 1357/3273
f 1358/3275 1364/3290 1362/3285 1360/3280
f 1365/3294 1367/3299 1368/3302 1366/3297
f 1367/3298 1369/3304 1370/3307 1368/3301
f 1369/3303 1371/3309 1372/3312 1370/3306
f 1371/3308 1365/3293 1366/3296 1372/3311
f 1366/3295 1368/3300 1370/3305 1372/3310
f 1373/3314 1374/3317 1376/3322 1375/3319
f 1375/3318 1376/3321 1378/3327 1377/3324
f 1377/3323 1378/3326 1380/3332 1379/3329
f 1379/3328 1380/3331 1374/3316 1373/3313
f 1374/3315 1380/3330 1378/3325 1376/3320
f 1381/3334 1382/3337 1384/3342 1383/3339
f 1383/3338 1384/3341 1386/3347 1385/3344
f 1385/3343 1386/3346 1388/3352 1387/3349
f 1387/3348 1388/3351 1382/3336 1381/3333
f 1382/3335 1388/3350 1386/3345 1384/3340
f 1540/3762 1537/3753 1536/3750 1538/3756
f 1531/3734 1542/3768 1536/3750 1537/3753
f 1535/3747 1274/3036 1271/3026 1532/3738
f 1531/3735 1407/3398 1289/3087 1542/3767
f 1545/3777 1408/3402 1409/3404 1546/3780
f 1544/3774 1406/3396 1410/3406 1491/3631
f 1533/3741 1539/3759 1540/3762 1538/3756
f 1538/3756 1541/3765 1534/3744 1533/3741
f 1537/3753 1535/3746 1532/3737 1531/3734
f 1529/3729 1530/3732 1524/3717 1523/3714
f 1527/3724 1528/3727 1530/3731 1529/3728
f 1419/3428 1405/3394 1543/3771 1498/3652
f 1534/3743 1420/3430 1411/3408 1533/3740
f 1407/3397 1531/3733 1532/3736 1271/3025
f 1412/3412 1492/3634 1494/3640 1414/3416
f 1418/3426 1497/3649 1546/3779 1409/3403
f 1286/3077 1541/3764 1538/3755 1278/3050
f 1417/3422 1536/3749 1542/3766 1289/3086
f 1277/3046 1537/3752 1540/3761 1281/3061
f 1495/3643 1415/3418 1408/3401 1545/3776
f 1496/3646 1416/3420 1415/3417 1495/3642
f 1274/3035 1535/3745 1537/3751 1277/3045
f 1536/3748 1417/3421 1278/3049 1538/3754
f 1541/3763 1286/3076 1420/3429 1534/3742
f 1497/3648 1418/3425 1414/3415 1494/3639
f 1494/3638 1496/3645 1546/3778 1497/3647
f 1494/3638 1492/3633 1493/3637 1496/3645
f 1426/3454 1425/3452 1573/3852 1291/3094
f 1544/3772 1491/3630 1493/3637 1492/3633
f 1496/3645 1495/3641 1545/3775 1546/3778
f 1543/3770 1405/3393 1406/3395 1544/3773
f 1492/3633 1498/3651 1543/3769 1544/3772
f 1524/3716 1530/3730 1528/3726 1526/3722
f 1433/3484 1307/3147 1422/3438 1421/3436
f 1423/3444 1427/3458 1434/3486 1424/3448
f 1422/3437 1291/3093 1573/3851 1421/3435
f 1578/3872 1576/3864 1297/3114 1296/3110
f 1579/3876 1424/3447 1434/3485 1304/3137
f 1304/3136 1297/3113 1576/3863 1579/3875
f 1296/3109 1307/3146 1433/3483 1578/3871
f 1431/3474 1432/3478 1430/3472 1428/3464
f 1299/3121 1427/3457 1423/3443 1429/3468
f 1432/3477 1299/3120 1429/3467 1430/3471
f 1426/3453 1431/3473 1428/3463 1425/3451
f 1435/3490 1436/3493 1438/3498 1437/3495
f 1437/3494 1438/3497 1440/3503 1439/3500
f 1439/3499 1440/3502 1442/3508 1441/3505
f 1441/3504 1442/3507 1436/3492 1435/3489
f 1436/3491 1442/3506 1440/3501 1438/3496
f 1443/3510 1445/3515 1446/3518 1444/3513
f 1445/3514 1447/3520 1448/3523 1446/3517
f 1447/3519 1449/3525 1450/3528 1448/3522
f 1449/3524 1443/3509 1444/3512 1450/3527
f 1444/3511 1446/3516 1448/3521 1450/3526
f 1451/3530 1452/3533 1454/3538 1453/3535
f 1453/3534 1454/3537 1456/3543 1455/3540
f 1455/3539 1456/3542 1458/3548 1457/3545
f 1457/3544 1458/3547 1452/3532 1451/3529
f 1452/3531 1458/3546 1456/3541 1454/3536
f 1459/3550 1461/3555 1462/3558 1460/3553
f 1461/3554 1463/3560 1464/3563 1462/3557
f 1463/3559 1465/3565 1466/3568 1464/3562
f 1465/3564 1459/3549 1460/3552 1466/3567
f 1460/3551 1462/3556 1464/3561 1466/3566
f 1467/3570 1468/3573 1470/3578 1469/3575
f 1469/3574 1470/3577 1472/3583 1471/3580
f 1471/3579 1472/3582 1474/3588 1473/3585
f 1473/3584 1474/3587 1468/3572 1467/3569
f 1468/3571 1474/3586 1472/3581 1470/3576
f 1475/3590 1477/3595 1478/3598 1476/3593
f 1477/3594 1479/3600 1480/3603 1478/3597
f 1479/3599 1481/3605 1482/3608 1480/3602
f 1481/3604 1475/3589 1476/3592 1482/3607
f 1476/3591 1478/3596 1480/3601 1482/3606
f 1483/3610 1484/3613 1486/3618 1485/3615
f 1485/3614 1486/3617 1488/3623 1487/3620
f 1487/3619 1488/3622 1490/3628 1489/3625
f 1489/3624 1490/3627 1484/3612 1483/3609
f 1484/3611 1490/3626 1488/3621 1486/3616
f 1492/3632 1412/3411 1419/3427 1498/3650
f 1493/3636 1413/3414 1416/3419 1496/3644
f 1533/3739 1411/3407 1280/3057 1539/3758
f 1539/3757 1280/3056 1281/3060 1540/3760
f 1491/3629 1410/3405 1413/3413 1493/3635
f 1499/3654 1500/3657 1502/3662 1501/3659
f 1501/3658 1502/3661 1504/3667 1503/3664
f 1503/3663 1504/3666 1506/3672 1505/3669
f 1505/3668 1506/3671 1500/3656 1499/3653
f 1500/3655 1506/3670 1504/3665 1502/3660
f 1507/3674 1508/3677 1510/3682 1509/3679
f 1509/3678 1510/3681 1512/3687 1511/3684
f 1511/3683 1512/3686 1514/3692 1513/3689
f 1513/3688 1514/3691 1508/3676 1507/3673
f 1508/3675 1514/3690 1512/3685 1510/3680
f 1515/3694 1516/3697 1518/3702 1517/3699
f 1517/3698 1518/3701 1520/3707 1519/3704
f 1519/3703 1520/3706 1522/3712 1521/3709
f 1521/3708 1522/3711 1516/3696 1515/3693
f 1516/3695 1522/3710 1520/3705 1518/3700
f 1523/3713 1524/3715 1526/3721 1525/3719
f 1525/3718 1526/3720 1528/3725 1527/3723
f 1558/3812 1566/3831 1552/3796 1561/3820
f 1551/3793 1560/3817 1561/3820 1552/3796
f 1547/3783 1569/3838 1556/3806 1557/3809
f 1557/3809 1553/3799 1548/3786 1547/3783
f 1561/3820 1557/3809 1556/3806 1558/3812
f 1554/3801 1549/3788 1548/3785 1553/3798
f 1630/4003 1631/4006 1633/4011 1632/4008
f 1632/4007 1633/4010 1635/4016 1634/4013
f 1634/4012 1635/4015 1629/4001 1628/3998
f 1629/4000 1635/4014 1633/4009 1631/4005
f 1642/4033 1643/4036 1637/4021 1636/4018
f 1569/3837 1547/3782 1550/3790 1568/3835
f 1551/3792 1552/3795 1570/3840 1555/3803
f 1550/3789 1547/3781 1548/3784 1549/3787
f 1556/3805 1565/3828 1559/3814 1558/3811
f 1566/3830 1567/3833 1570/3839 1552/3794
f 1567/3832 1566/3829 1558/3810 1559/3813
f 1565/3827 1556/3804 1569/3836 1568/3834
f 1562/3822 1557/3808 1561/3819 1564/3826
f 1563/3824 1560/3816 1551/3791 1555/3802
f 1564/3825 1561/3818 1560/3815 1563/3823
f 1554/3800 1553/3797 1557/3807 1562/3821
f 1621/3981 1627/3996 1625/3991 1623/3986
f 1636/4017 1637/4020 1639/4026 1638/4023
f 1638/4022 1639/4025 1641/4031 1640/4028
f 1640/4027 1641/4030 1643/4035 1642/4032
f 1628/3997 1629/3999 1631/4004 1630/4002
f 1425/3450 1673/4115 1572/3848 1573/3850
f 1637/4019 1643/4034 1641/4029 1639/4024
f 1626/3993 1627/3995 1621/3980 1620/3978
f 1588/3898 1589/3901 1591/3906 1590/3903
f 1590/3902 1591/3905 1593/3911 1592/3908
f 1592/3907 1593/3910 1595/3916 1594/3913
f 1684/4153 1433/3482 1421/3434 1571/3844
f 1674/4119 1423/3442 1424/3446 1686/4160
f 1421/3433 1573/3849 1572/3847 1571/3843
f 1681/4142 1575/3860 1576/3862 1578/3870
f 1683/4149 1686/4159 1424/3445 1579/3874
f 1579/3873 1576/3861 1575/3859 1683/4148
f 1578/3869 1433/3481 1684/4152 1681/4141
f 1428/3462 1430/3470 1577/3868 1574/3856
f 1429/3466 1423/3441 1674/4118 1680/4138
f 1430/3469 1429/3465 1680/4137 1577/3867
f 1425/3449 1428/3461 1574/3855 1673/4114
f 1580/3878 1581/3881 1583/3886 1582/3883
f 1582/3882 1583/3885 1585/3891 1584/3888
f 1584/3887 1585/3890 1587/3896 1586/3893
f 1586/3892 1587/3895 1581/3880 1580/3877
f 1581/3879 1587/3894 1585/3889 1583/3884
f 1594/3912 1595/3915 1589/3900 1588/3897
f 1589/3899 1595/3914 1593/3909 1591/3904
f 1604/3938 1605/3941 1607/3946 1606/3943
f 1606/3942 1607/3945 1609/3951 1608/3948
f 1608/3947 1609/3950 1611/3956 1610/3953
f 1596/3918 1597/3921 1599/3926 1598/3923
f 1598/3922 1599/3925 1601/3931 1600/3928
f 1600/3927 1601/3930 1603/3936 1602/3933
f 1602/3932 1603/3935 1597/3920 1596/3917
f 1597/3919 1603/3934 1601/3929 1599/3924
f 1610/3952 1611/3955 1605/3940 1604/3937
f 1605/3939 1611/3954 1609/3949 1607/3944
f 1620/3977 1621/3979 1623/3985 1622/3983
f 1622/3982 1623/3984 1625/3990 1624/3988
f 1624/3987 1625/3989 1627/3994 1626/3992
f 1612/3958 1613/3961 1615/3966 1614/3963
f 1614/3962 1615/3965 1617/3971 1616/3968
f 1616/3967 1617/3970 1619/3976 1618/3973
f 1618/3972 1619/3975 1613/3960 1612/3957
f 1613/3959 1619/3974 1617/3969 1615/3964
f 1655/4068 1663/4087 1649/4052 1658/4076
f 1648/4049 1657/4073 1658/4076 1649/4052
f 1644/4039 1666/4094 1653/4062 1654/4065
f 1654/4065 1650/4055 1645/4042 1644/4039
f 1658/4076 1654/4065 1653/4062 1655/4068
f 1647/4046 1645/4041 1650/4054 1656/4070
f 1777/4387 1778/4390 1780/4395 1779/4392
f 1779/4391 1780/4394 1782/4400 1781/4397
f 1781/4396 1782/4399 1776/4385 1775/4382
f 1776/4384 1782/4398 1780/4393 1778/4389
f 1767/4362 1768/4365 1770/4370 1769/4367
f 1666/4093 1644/4038 1646/4044 1667/4096
f 1651/4057 1648/4048 1649/4051 1652/4059
f 1646/4043 1644/4037 1645/4040 1647/4045
f 1653/4061 1659/4078 1661/4082 1655/4067
f 1663/4086 1665/4091 1652/4058 1649/4050
f 1665/4090 1663/4085 1655/4066 1661/4081
f 1659/4077 1653/4060 1666/4092 1667/4095
f 1660/4080 1654/4064 1658/4075 1664/4089
f 1662/4084 1657/4072 1648/4047 1651/4056
f 1664/4088 1658/4074 1657/4071 1662/4083
f 1656/4069 1650/4053 1654/4063 1660/4079
f 1677/4128 1679/4134 1671/4108 1682/4145
f 1671/4108 1679/4134 1678/4131 1670/4105
f 1676/4125 1675/4122 1669/4102 1672/4111
f 1669/4102 1675/4122 1685/4156 1668/4099
f 1676/4125 1679/4134 1677/4128 1675/4122
f 1673/4113 1672/4110 1669/4101 1572/3846
f 1769/4366 1770/4369 1772/4375 1771/4372
f 1771/4371 1772/4374 1774/4380 1773/4377
f 1773/4376 1774/4379 1768/4364 1767/4361
f 1768/4363 1774/4378 1772/4373 1770/4368
f 1775/4381 1776/4383 1778/4388 1777/4386
f 1685/4155 1684/4151 1571/3842 1668/4098
f 1670/4104 1674/4117 1686/4158 1671/4107
f 1571/3841 1572/3845 1669/4100 1668/4097
f 1675/4121 1677/4127 1575/3858 1681/4140
f 1682/4144 1671/4106 1686/4157 1683/4147
f 1683/4146 1575/3857 1677/4126 1682/4143
f 1681/4139 1684/4150 1685/4154 1675/4120
f 1574/3854 1577/3866 1679/4133 1676/4124
f 1680/4136 1674/4116 1670/4103 1678/4130
f 1577/3865 1680/4135 1678/4129 1679/4132
f 1673/4112 1574/3853 1676/4123 1672/4109
f 1687/4162 1688/4165 1690/4170 1689/4167
f 1689/4166 1690/4169 1692/4175 1691/4172
f 1691/4171 1692/4174 1694/4180 1693/4177
f 1693/4176 1694/4179 1688/4164 1687/4161
f 1688/4163 1694/4178 1692/4173 1690/4168
f 1695/4182 1697/4187 1698/4190 1696/4185
f 1697/4186 1699/4192 1700/4195 1698/4189
f 1699/4191 1701/4197 1702/4200 1700/4194
f 1701/4196 1695/4181 1696/4184 1702/4199
f 1696/4183 1698/4188 1700/4193 1702/4198
f 1703/4202 1704/4205 1706/4210 1705/4207
f 1705/4206 1706/4209 1708/4215 1707/4212
f 1707/4211 1708/4214 1710/4220 1709/4217
f 1709/4216 1710/4219 1704/4204 1703/4201
f 1704/4203 1710/4218 1708/4213 1706/4208
f 1711/4222 1713/4227 1714/4230 1712/4225
f 1713/4226 1715/4232 1716/4235 1714/4229
f 1715/4231 1717/4237 1718/4240 1716/4234
f 1717/4236 1711/4221 1712/4224 1718/4239
f 1712/4223 1714/4228 1716/4233 1718/4238
f 1719/4242 1720/4245 1722/4250 1721/4247
f 1721/4246 1722/4249 1724/4255 1723/4252
f 1723/4251 1724/4254 1726/4260 1725/4257
f 1725/4256 1726/4259 1720/4244 1719/4241
f 1720/4243 1726/4258 1724/4253 1722/4248
f 1727/4262 1729/4267 1730/4270 1728/4265
f 1729/4266 1731/4272 1732/4275 1730/4269
f 1731/4271 1733/4277 1734/4280 1732/4274
f 1733/4276 1727/4261 1728/4264 1734/4279
f 1728/4263 1730/4268 1732/4273 1734/4278
f 1735/4282 1736/4285 1738/4290 1737/4287
f 1737/4286 1738/4289 1740/4295 1739/4292
f 1739/4291 1740/4294 1742/4300 1741/4297
f 1741/4296 1742/4299 1736/4284 1735/4281
f 1736/4283 1742/4298 1740/4293 1738/4288
f 1743/4302 1745/4307 1746/4310 1744/4305
f 1745/4306 1747/4312 1748/4315 1746/4309
f 1747/4311 1749/4317 1750/4320 1748/4314
f 1749/4316 1743/4301 1744/4304 1750/4319
f 1744/4303 1746/4308 1748/4313 1750/4318
f 1751/4322 1752/4325 1754/4330 1753/4327
f 1753/4326 1754/4329 1756/4335 1755/4332
f 1755/4331 1756/4334 1758/4340 1757/4337
f 1757/4336 1758/4339 1752/4324 1751/4321
f 1752/4323 1758/4338 1756/4333 1754/4328
f 1759/4342 1760/4345 1762/4350 1761/4347
f 1761/4346 1762/4349 1764/4355 1763/4352
f 1763/4351 1764/4354 1766/4360 1765/4357
f 1765/4356 1766/4359 1760/4344 1759/4341
f 1760/4343 1766/4358 1764/4353 1762/4348

