mtllib track_switch_parallel_right_active.mtl
usemtl Mat_1
# WaveFront *.obj file (generated by CINEMA 4D) Fixed by Obj_fixer; Copyright Spitfire4466, Mrbrutal

g track_switch_parallel_active
v 3.800477 0.025864 -7.000000
v 3.860477 0.025864 -7.000000
v 3.860477 0.025864 -8.000000
v 3.800477 0.025864 -8.000000
v 3.852366 0.085864 -7.000000
v 3.808588 0.085864 -7.000000
v 3.860477 0.041350 -7.000000
v 3.860477 0.041350 -8.000000
v 3.852366 0.085864 -8.000000
v 3.818222 0.041350 -7.000000
v 3.842732 0.041350 -7.000000
v 3.818222 0.071645 -7.000000
v 3.818222 0.071645 -8.000000
v 3.852366 0.071645 -7.000000
v 3.842732 0.071645 -7.000000
v 3.842732 0.041350 -8.000000
v 3.852366 0.071645 -8.000000
v 3.842732 0.071645 -8.000000
v 3.818222 0.041350 -8.000000
v 3.808588 0.071645 -7.000000
v 3.808588 0.071645 -8.000000
v 3.800477 0.041350 -8.000000
v 3.800477 0.041350 -7.000000
v 3.808588 0.085864 -8.000000
v 3.199523 0.025864 -7.000000
v 3.139523 0.025864 -7.000000
v 3.139523 0.025864 -8.000000
v 3.199523 0.025864 -8.000000
v 3.147634 0.085864 -7.000000
v 3.191412 0.085864 -7.000000
v 3.139523 0.041350 -7.000000
v 3.139523 0.041350 -8.000000
v 3.147634 0.085864 -8.000000
v 3.181778 0.041350 -7.000000
v 3.157268 0.041350 -7.000000
v 3.181778 0.071645 -7.000000
v 3.181778 0.071645 -8.000000
v 3.147634 0.071645 -7.000000
v 3.157268 0.071645 -7.000000
v 3.157268 0.041350 -8.000000
v 3.147634 0.071645 -8.000000
v 3.157268 0.071645 -8.000000
v 3.181778 0.041350 -8.000000
v 3.191412 0.071645 -7.000000
v 3.191412 0.071645 -8.000000
v 3.199523 0.041350 -8.000000
v 3.199523 0.041350 -7.000000
v 3.191412 0.085864 -8.000000
v 3.182133 -0.025218 -7.110000
v 3.182133 0.054782 -7.110000
v 3.212133 -0.025218 -7.110000
v 3.212133 0.054782 -7.110000
v 3.212133 -0.025218 -7.140000
v 3.212133 0.054782 -7.140000
v 3.182133 -0.025218 -7.140000
v 3.182133 0.054782 -7.140000
v 3.817867 -0.025218 -7.110000
v 3.817867 0.054782 -7.110000
v 3.787867 -0.025218 -7.110000
v 3.787867 0.054782 -7.110000
v 3.787867 -0.025218 -7.140000
v 3.787867 0.054782 -7.140000
v 3.817867 -0.025218 -7.140000
v 3.817867 0.054782 -7.140000
v 3.182133 -0.025218 -7.360000
v 3.182133 0.054782 -7.360000
v 3.212133 -0.025218 -7.360000
v 3.212133 0.054782 -7.360000
v 3.212133 -0.025218 -7.390000
v 3.212133 0.054782 -7.390000
v 3.182133 -0.025218 -7.390000
v 3.182133 0.054782 -7.390000
v 3.817867 -0.025218 -7.360000
v 3.817867 0.054782 -7.360000
v 3.787867 -0.025218 -7.360000
v 3.787867 0.054782 -7.360000
v 3.787867 -0.025218 -7.390000
v 3.787867 0.054782 -7.390000
v 3.817867 -0.025218 -7.390000
v 3.817867 0.054782 -7.390000
v 3.182133 -0.025218 -7.610000
v 3.182133 0.054782 -7.610000
v 3.212133 -0.025218 -7.610000
v 3.212133 0.054782 -7.610000
v 3.212133 -0.025218 -7.640000
v 3.212133 0.054782 -7.640000
v 3.182133 -0.025218 -7.640000
v 3.182133 0.054782 -7.640000
v 3.817867 -0.025218 -7.610000
v 3.817867 0.054782 -7.610000
v 3.787867 -0.025218 -7.610000
v 3.787867 0.054782 -7.610000
v 3.787867 -0.025218 -7.640000
v 3.787867 0.054782 -7.640000
v 3.817867 -0.025218 -7.640000
v 3.817867 0.054782 -7.640000
v 3.182133 -0.025218 -7.860000
v 3.182133 0.054782 -7.860000
v 3.212133 -0.025218 -7.860000
v 3.212133 0.054782 -7.860000
v 3.212133 -0.025218 -7.890000
v 3.212133 0.054782 -7.890000
v 3.182133 -0.025218 -7.890000
v 3.182133 0.054782 -7.890000
v 3.817867 -0.025218 -7.860000
v 3.817867 0.054782 -7.860000
v 3.787867 -0.025218 -7.860000
v 3.787867 0.054782 -7.860000
v 3.787867 -0.025218 -7.890000
v 3.787867 0.054782 -7.890000
v 3.817867 -0.025218 -7.890000
v 3.817867 0.054782 -7.890000
v 3.030000 -0.029939 -7.805000
v 3.030000 0.030061 -7.805000
v 3.970000 -0.029939 -7.805000
v 3.970000 0.030061 -7.805000
v 3.970000 -0.029939 -7.945000
v 3.970000 0.030061 -7.945000
v 3.030000 -0.029939 -7.945000
v 3.030000 0.030061 -7.945000
v 3.030000 -0.029939 -7.555000
v 3.030000 0.030061 -7.555000
v 3.970000 -0.029939 -7.555000
v 3.970000 0.030061 -7.555000
v 3.970000 -0.029939 -7.695000
v 3.970000 0.030061 -7.695000
v 3.030000 -0.029939 -7.695000
v 3.030000 0.030061 -7.695000
v 3.030000 -0.029939 -7.305000
v 3.030000 0.030061 -7.305000
v 3.970000 -0.029939 -7.305000
v 3.970000 0.030061 -7.305000
v 3.970000 -0.029939 -7.445000
v 3.970000 0.030061 -7.445000
v 3.030000 -0.029939 -7.445000
v 3.030000 0.030061 -7.445000
v 3.030000 -0.029939 -7.055000
v 3.030000 0.030061 -7.055000
v 3.970000 -0.029939 -7.055000
v 3.970000 0.030061 -7.055000
v 3.970000 -0.029939 -7.195000
v 3.970000 0.030061 -7.195000
v 3.030000 -0.029939 -7.195000
v 3.030000 0.030061 -7.195000
v 0.801222 0.025859 0.176319
v 0.860020 0.025852 0.188266
v 0.982324 0.025910 -0.693195
v 1.041122 0.025903 -0.681248
v 0.852078 0.085853 0.186656
v 0.809176 0.085858 0.177939
v 0.860022 0.041338 0.188267
v 1.033180 0.085904 -0.682858
v 0.990278 0.085909 -0.691575
v 0.818613 0.041343 0.179854
v 0.842632 0.041340 0.184734
v 0.818616 0.071638 0.179856
v 1.041124 0.041390 -0.681246
v 0.852077 0.071634 0.186655
v 0.842636 0.071635 0.184737
v 0.999715 0.041395 -0.689660
v 1.023734 0.041392 -0.684780
v 0.999718 0.071689 -0.689658
v 1.033179 0.071685 -0.682859
v 0.809175 0.071639 0.177938
v 1.023737 0.071686 -0.684777
v 0.990277 0.071690 -0.691576
v 0.801224 0.041345 0.176320
v 0.982325 0.041397 -0.693194
v 0.243772 0.025937 -0.075592
v 0.184974 0.025944 -0.087539
v 0.408899 0.025986 -0.883086
v 0.350100 0.025993 -0.895034
v 0.192928 0.085943 -0.085919
v 0.235830 0.085938 -0.077202
v 0.184975 0.041431 -0.087538
v 0.358055 0.085992 -0.893414
v 0.400957 0.085986 -0.884696
v 0.226384 0.041426 -0.079124
v 0.202365 0.041429 -0.084005
v 0.226387 0.071720 -0.079122
v 0.350102 0.041479 -0.895032
v 0.192927 0.071724 -0.085921
v 0.202368 0.071723 -0.084002
v 0.391511 0.041474 -0.886618
v 0.367492 0.041477 -0.891499
v 0.391514 0.071769 -0.886616
v 0.358053 0.071773 -0.893415
v 0.235829 0.071719 -0.077203
v 0.367495 0.071772 -0.891496
v 0.400955 0.071767 -0.884698
v 0.243774 0.041424 -0.075591
v 0.408900 0.041472 -0.883085
v 0.983232 0.025911 -0.694397
v 1.038289 0.025903 -0.670549
v 1.332055 0.025937 -1.499727
v 1.387112 0.025929 -1.475880
v 1.030853 0.085904 -0.673768
v 0.990681 0.085910 -0.691168
v 1.038291 0.041390 -0.670548
v 1.379676 0.085930 -1.479099
v 1.339504 0.085936 -1.496499
v 0.999517 0.041395 -0.687343
v 1.022008 0.041392 -0.677601
v 0.999520 0.071689 -0.687340
v 1.387114 0.041416 -1.475878
v 1.030852 0.071685 -0.673769
v 1.022011 0.071686 -0.677599
v 1.348340 0.041421 -1.492673
v 1.370831 0.041418 -1.482931
v 1.348343 0.071716 -1.492671
v 1.379675 0.071711 -1.479100
v 0.990679 0.071691 -0.691170
v 1.370834 0.071713 -1.482929
v 1.339502 0.071717 -1.496500
v 0.983234 0.041397 -0.694396
v 1.332057 0.041424 -1.499726
v 0.405419 0.025985 -0.872380
v 0.350361 0.025993 -0.896228
v 0.763225 0.026012 -1.698450
v 0.708168 0.026020 -1.722298
v 0.357810 0.085992 -0.893000
v 0.397982 0.085986 -0.875599
v 0.350363 0.041480 -0.896227
v 0.715616 0.086019 -1.719069
v 0.755789 0.086013 -1.701669
v 0.389137 0.041474 -0.879432
v 0.366646 0.041477 -0.889174
v 0.389140 0.071769 -0.879430
v 0.708169 0.041507 -1.722297
v 0.357809 0.071773 -0.893001
v 0.366649 0.071772 -0.889171
v 0.746943 0.041501 -1.705502
v 0.724452 0.041504 -1.715244
v 0.746946 0.071796 -1.705499
v 0.715615 0.071800 -1.719070
v 0.397981 0.071767 -0.875600
v 0.724456 0.071799 -1.715241
v 0.755787 0.071794 -1.701670
v 0.405420 0.041472 -0.872379
v 0.763226 0.041499 -1.698449
v 0.433177 -0.025091 -0.980234
v 0.433185 0.054909 -0.980228
v 0.460705 -0.025095 -0.968310
v 0.460714 0.054905 -0.968304
v 0.472629 -0.025094 -0.995839
v 0.472638 0.054906 -0.995833
v 0.445101 -0.025090 -1.007763
v 0.445109 0.054910 -1.007756
v 1.016538 -0.025172 -0.727555
v 1.016547 0.054828 -0.727549
v 0.989010 -0.025168 -0.739479
v 0.989018 0.054832 -0.739473
v 1.000934 -0.025167 -0.767008
v 1.000942 0.054833 -0.767001
v 1.028462 -0.025171 -0.755084
v 1.028471 0.054829 -0.755078
v 0.532542 -0.025084 -1.209639
v 0.532550 0.054916 -1.209633
v 0.560070 -0.025087 -1.197715
v 0.560079 0.054913 -1.197709
v 0.571994 -0.025086 -1.225244
v 0.572003 0.054914 -1.225238
v 0.544466 -0.025083 -1.237168
v 0.544474 0.054917 -1.237161
v 1.115903 -0.025165 -0.956960
v 1.115912 0.054835 -0.956954
v 1.088375 -0.025161 -0.968884
v 1.088383 0.054839 -0.968878
v 1.100299 -0.025160 -0.996413
v 1.100307 0.054840 -0.996406
v 1.127827 -0.025164 -0.984489
v 1.127836 0.054836 -0.984483
v 0.631907 -0.025076 -1.439044
v 0.631915 0.054924 -1.439038
v 0.659435 -0.025080 -1.427120
v 0.659444 0.054920 -1.427114
v 0.671359 -0.025079 -1.454649
v 0.671368 0.054921 -1.454642
v 0.643831 -0.025075 -1.466572
v 0.643839 0.054925 -1.466566
v 1.215268 -0.025157 -1.186365
v 1.215277 0.054843 -1.186359
v 1.187740 -0.025153 -1.198289
v 1.187748 0.054847 -1.198283
v 1.199664 -0.025152 -1.225817
v 1.199672 0.054848 -1.225811
v 1.227192 -0.025156 -1.213894
v 1.227201 0.054844 -1.213887
v 0.731272 -0.025069 -1.668449
v 0.731280 0.054931 -1.668442
v 0.758800 -0.025072 -1.656525
v 0.758809 0.054928 -1.656519
v 0.770724 -0.025071 -1.684054
v 0.770733 0.054929 -1.684047
v 0.743196 -0.025068 -1.695977
v 0.743204 0.054932 -1.695971
v 1.314633 -0.025150 -1.415770
v 1.314642 0.054850 -1.415764
v 1.287105 -0.025146 -1.427694
v 1.287113 0.054854 -1.427687
v 1.299029 -0.025145 -1.455222
v 1.299037 0.054855 -1.455216
v 1.326557 -0.025149 -1.443299
v 1.326566 0.054851 -1.443292
v 0.569811 -0.029772 -1.678447
v 0.569817 0.028321 -1.678442
v 1.432373 -0.029892 -1.304834
v 1.432379 0.028201 -1.304830
v 1.488017 -0.029887 -1.433301
v 1.488024 0.028205 -1.433297
v 0.625455 -0.029767 -1.806914
v 0.625461 0.028325 -1.806909
v 0.470446 -0.029779 -1.449042
v 0.470452 0.028314 -1.449037
v 1.333008 -0.029899 -1.075430
v 1.333014 0.028194 -1.075425
v 1.388652 -0.029895 -1.203896
v 1.388658 0.028198 -1.203892
v 0.526090 -0.029775 -1.577509
v 0.526096 0.028318 -1.577504
v 0.371081 -0.029787 -1.219637
v 0.371087 0.028306 -1.219633
v 1.233643 -0.029907 -0.846025
v 1.233649 0.028186 -0.846020
v 1.289287 -0.029902 -0.974491
v 1.289293 0.028190 -0.974487
v 0.426725 -0.029782 -1.348104
v 0.426731 0.028310 -1.348099
v 0.271716 -0.029794 -0.990232
v 0.271722 0.028299 -0.990228
v 1.134278 -0.029914 -0.616620
v 1.134284 0.028179 -0.616615
v 1.189922 -0.029910 -0.745087
v 1.189928 0.028183 -0.745082
v 0.327360 -0.029790 -1.118699
v 0.327366 0.028303 -1.118694
v 1.331244 0.025937 -1.498300
v 1.382434 0.025930 -1.467002
v 1.757948 0.025941 -2.196216
v 1.809138 0.025933 -2.164918
v 1.375521 0.085931 -1.471228
v 1.338170 0.085936 -1.494065
v 1.382436 0.041416 -1.467001
v 1.802225 0.085934 -2.169145
v 1.764874 0.085940 -2.191981
v 1.346385 0.041421 -1.489042
v 1.367296 0.041418 -1.476257
v 1.346388 0.071716 -1.489040
v 1.809140 0.041420 -2.164917
v 1.375519 0.071712 -1.471229
v 1.367300 0.071713 -1.476255
v 1.773089 0.041425 -2.186958
v 1.794000 0.041422 -2.174173
v 1.773092 0.071720 -2.186956
v 1.802223 0.071715 -2.169146
v 1.338168 0.071717 -1.494066
v 1.794004 0.071717 -2.174171
v 1.764873 0.071721 -2.191982
v 1.331245 0.041424 -1.498298
v 1.757950 0.041428 -2.196215
v 0.852774 0.026016 -1.867791
v 0.801584 0.026024 -1.899089
v 1.264674 0.026020 -2.541493
v 1.213484 0.026027 -2.572791
v 0.808510 0.086023 -1.894854
v 0.845861 0.086017 -1.872018
v 0.801586 0.041510 -1.899088
v 1.220410 0.086026 -2.568556
v 1.257761 0.086021 -2.545720
v 0.837637 0.041505 -1.877047
v 0.816725 0.041508 -1.889832
v 0.837640 0.071799 -1.877044
v 1.213485 0.041514 -2.572790
v 0.808509 0.071804 -1.894855
v 0.816729 0.071802 -1.889829
v 1.249536 0.041508 -2.550749
v 1.228625 0.041512 -2.563534
v 1.249540 0.071803 -2.550746
v 1.220409 0.071807 -2.568557
v 0.845860 0.071798 -1.872019
v 1.228628 0.071806 -2.563531
v 1.257759 0.071802 -2.545721
v 0.852776 0.041502 -1.867790
v 1.264676 0.041506 -2.541492
v 0.844406 -0.025064 -1.887454
v 0.844415 0.054936 -1.887449
v 0.870001 -0.025068 -1.871806
v 0.870010 0.054932 -1.871800
v 0.885650 -0.025068 -1.897401
v 0.885659 0.054932 -1.897395
v 0.860055 -0.025064 -1.913050
v 0.860064 0.054936 -1.913044
v 1.378061 -0.025147 -1.541549
v 1.378069 0.054853 -1.541543
v 1.352466 -0.025143 -1.557198
v 1.352474 0.054857 -1.557192
v 1.368114 -0.025143 -1.582793
v 1.368123 0.054857 -1.582787
v 1.393710 -0.025146 -1.567144
v 1.393718 0.054854 -1.567138
v 0.967448 -0.025063 -2.088702
v 0.967457 0.054937 -2.088696
v 0.993044 -0.025067 -2.073053
v 0.993052 0.054933 -2.073047
v 1.008692 -0.025066 -2.098648
v 1.008701 0.054934 -2.098642
v 0.983097 -0.025063 -2.114297
v 0.983106 0.054937 -2.114291
v 1.509839 -0.025145 -1.757085
v 1.509848 0.054855 -1.757080
v 1.484244 -0.025141 -1.772734
v 1.484253 0.054859 -1.772729
v 1.499893 -0.025141 -1.798329
v 1.499902 0.054859 -1.798324
v 1.525488 -0.025145 -1.782681
v 1.525497 0.054855 -1.782675
v 1.085472 -0.025062 -2.281740
v 1.085480 0.054938 -2.281734
v 1.111067 -0.025066 -2.266091
v 1.111075 0.054934 -2.266086
v 1.126716 -0.025065 -2.291687
v 1.126724 0.054935 -2.291681
v 1.101120 -0.025061 -2.307335
v 1.101129 0.054939 -2.307330
v 1.627862 -0.025144 -1.950124
v 1.627871 0.054856 -1.950118
v 1.602267 -0.025140 -1.965773
v 1.602276 0.054860 -1.965767
v 1.617916 -0.025140 -1.991368
v 1.617925 0.054860 -1.991362
v 1.643511 -0.025144 -1.975719
v 1.643520 0.054856 -1.975713
v 1.206297 -0.025061 -2.479361
v 1.206305 0.054939 -2.479356
v 1.231892 -0.025064 -2.463713
v 1.231901 0.054936 -2.463707
v 1.247541 -0.025064 -2.489308
v 1.247549 0.054936 -2.489302
v 1.221946 -0.025060 -2.504957
v 1.221954 0.054940 -2.504951
v 1.748688 -0.025143 -2.147745
v 1.748696 0.054857 -2.147739
v 1.723092 -0.025139 -2.163394
v 1.723101 0.054861 -2.163388
v 1.738741 -0.025139 -2.188989
v 1.738750 0.054861 -2.188983
v 1.764336 -0.025143 -2.173340
v 1.764345 0.054857 -2.173335
v 1.047811 -0.029762 -2.511794
v 1.047817 0.030238 -2.511790
v 1.849793 -0.029884 -2.021464
v 1.849800 0.030116 -2.021460
v 1.922821 -0.029884 -2.140908
v 1.922828 0.030116 -2.140904
v 1.120839 -0.029761 -2.631238
v 1.120845 0.030239 -2.631234
v 0.926986 -0.029763 -2.314173
v 0.926992 0.030237 -2.314169
v 1.728968 -0.029885 -1.823843
v 1.728975 0.030115 -1.823838
v 1.801996 -0.029885 -1.943287
v 1.802003 0.030115 -1.943283
v 1.000013 -0.029762 -2.433617
v 1.000020 0.030238 -2.433613
v 0.808962 -0.029764 -2.121135
v 0.808969 0.030236 -2.121130
v 1.610945 -0.029886 -1.630804
v 1.610952 0.030114 -1.630800
v 1.683973 -0.029886 -1.750249
v 1.683980 0.030114 -1.750244
v 0.881990 -0.029763 -2.240579
v 0.881997 0.030237 -2.240574
v 0.677184 -0.029765 -1.905598
v 0.677190 0.030235 -1.905594
v 1.479167 -0.029888 -1.415268
v 1.479173 0.030112 -1.415263
v 1.552194 -0.029887 -1.534712
v 1.552201 0.030113 -1.534708
v 0.750212 -0.029765 -2.025042
v 0.750218 0.030235 -2.025038
v 1.756640 0.025942 -2.195458
v 1.805991 0.025935 -2.161333
v 2.374731 0.025921 -2.983851
v 2.325380 0.025929 -3.017975
v 1.799327 0.085936 -2.165943
v 1.763318 0.085941 -2.190841
v 1.805993 0.041421 -2.161332
v 2.374733 0.041408 -2.983850
v 2.368067 0.085922 -2.988460
v 1.771238 0.041427 -2.185365
v 1.791398 0.041423 -2.171425
v 1.771241 0.071721 -2.185363
v 2.339981 0.071708 -3.007880
v 1.799326 0.071717 -2.165943
v 1.791401 0.071718 -2.171423
v 2.360137 0.041410 -2.993942
v 2.368065 0.071703 -2.988461
v 2.360141 0.071705 -2.993940
v 2.339977 0.041413 -3.007882
v 1.763317 0.071722 -2.190842
v 2.332057 0.071709 -3.013360
v 2.325382 0.041415 -3.017974
v 1.756642 0.041429 -2.195457
v 2.332058 0.085928 -3.013359
v 1.262345 0.026021 -2.537244
v 1.212994 0.026028 -2.571369
v 1.821504 0.026007 -3.345906
v 1.772153 0.026015 -3.380031
v 1.219672 0.086027 -2.566752
v 1.255681 0.086022 -2.541853
v 1.212996 0.041515 -2.571368
v 1.778831 0.086014 -3.375414
v 1.814840 0.086008 -3.350515
v 1.247751 0.041509 -2.547336
v 1.227591 0.041513 -2.561275
v 1.247755 0.071804 -2.547334
v 1.772155 0.041502 -3.380030
v 1.219670 0.071808 -2.566753
v 1.227595 0.071807 -2.561274
v 1.806910 0.041496 -3.355997
v 1.786750 0.041499 -3.369937
v 1.806914 0.071791 -3.355996
v 1.778829 0.071795 -3.375415
v 1.255679 0.071803 -2.541854
v 1.786754 0.071794 -3.369935
v 1.814838 0.071789 -3.350516
v 1.262347 0.041507 -2.537243
v 1.821506 0.041494 -3.345905
v 1.319517 -0.025061 -2.650514
v 1.319526 0.054939 -2.650509
v 1.344192 -0.025065 -2.633452
v 1.344201 0.054935 -2.633447
v 1.361254 -0.025065 -2.658128
v 1.361264 0.054935 -2.658123
v 1.336579 -0.025061 -2.675190
v 1.336588 0.054939 -2.675185
v 1.842419 -0.025143 -2.288947
v 1.842428 0.054857 -2.288942
v 1.817743 -0.025140 -2.306010
v 1.817752 0.054860 -2.306005
v 1.834806 -0.025140 -2.330685
v 1.834815 0.054860 -2.330680
v 1.859481 -0.025144 -2.313623
v 1.859490 0.054856 -2.313618
v 1.452782 -0.025064 -2.843244
v 1.452791 0.054936 -2.843239
v 1.477458 -0.025068 -2.826182
v 1.477467 0.054932 -2.826177
v 1.494520 -0.025068 -2.850857
v 1.494529 0.054932 -2.850852
v 1.469844 -0.025064 -2.867920
v 1.469853 0.054936 -2.867915
v 1.975684 -0.025147 -2.481677
v 1.975693 0.054853 -2.481672
v 1.951009 -0.025143 -2.498739
v 1.951018 0.054857 -2.498734
v 1.968071 -0.025143 -2.523415
v 1.968080 0.054857 -2.523410
v 1.992746 -0.025147 -2.506353
v 1.992756 0.054853 -2.506348
v 1.594967 -0.025067 -3.048873
v 1.594976 0.054933 -3.048868
v 1.619643 -0.025071 -3.031811
v 1.619652 0.054929 -3.031806
v 1.636705 -0.025072 -3.056487
v 1.636714 0.054928 -3.056482
v 1.612029 -0.025068 -3.073549
v 1.612038 0.054932 -3.073544
v 2.117869 -0.025150 -2.687307
v 2.117878 0.054850 -2.687301
v 2.093194 -0.025146 -2.704369
v 2.093203 0.054854 -2.704364
v 2.110256 -0.025146 -2.729044
v 2.110265 0.054854 -2.729039
v 2.134931 -0.025150 -2.711982
v 2.134940 0.054850 -2.711977
v 1.737152 -0.025071 -3.254503
v 1.737161 0.054929 -3.254498
v 1.761827 -0.025075 -3.237441
v 1.761837 0.054925 -3.237436
v 1.778890 -0.025075 -3.262116
v 1.778899 0.054925 -3.262111
v 1.754214 -0.025071 -3.279178
v 1.754223 0.054929 -3.279173
v 2.260054 -0.025153 -2.892936
v 2.260063 0.054847 -2.892931
v 2.235379 -0.025149 -2.909998
v 2.235388 0.054851 -2.909993
v 2.252441 -0.025150 -2.934674
v 2.252450 0.054850 -2.934669
v 2.277116 -0.025154 -2.917611
v 2.277125 0.054846 -2.917606
v 1.580739 -0.029771 -3.295789
v 1.580745 0.030229 -3.295785
v 2.353905 -0.029893 -2.761174
v 2.353912 0.030107 -2.761170
v 2.433529 -0.029895 -2.876326
v 2.433535 0.030105 -2.876322
v 1.660362 -0.029773 -3.410941
v 1.660369 0.030227 -3.410938
v 1.438554 -0.029768 -3.090159
v 1.438560 0.030232 -3.090156
v 2.211720 -0.029890 -2.555544
v 2.211727 0.030110 -2.555540
v 2.291344 -0.029892 -2.670697
v 2.291351 0.030108 -2.670693
v 1.518177 -0.029770 -3.205312
v 1.518184 0.030230 -3.205308
v 1.296369 -0.029764 -2.884530
v 1.296376 0.030236 -2.884526
v 2.069535 -0.029886 -2.349915
v 2.069542 0.030114 -2.349911
v 2.149159 -0.029888 -2.465067
v 2.149166 0.030112 -2.465063
v 1.375992 -0.029766 -2.999683
v 1.375999 0.030234 -2.999679
v 1.163103 -0.029761 -2.691800
v 1.163110 0.030239 -2.691797
v 1.936270 -0.029883 -2.157185
v 1.936277 0.030117 -2.157181
v 2.015893 -0.029885 -2.272337
v 2.015900 0.030115 -2.272334
v 1.242727 -0.029763 -2.806953
v 1.242734 0.030237 -2.806949
v 2.323775 0.025930 -3.014536
v 2.373894 0.025922 -2.981551
v 2.923649 0.025897 -3.816877
v 2.873530 0.025905 -3.849862
v 2.367127 0.085923 -2.986007
v 2.330557 0.085929 -3.010074
v 2.373896 0.041408 -2.981550
v 2.923651 0.041384 -3.816876
v 2.916881 0.085898 -3.821333
v 2.338600 0.041414 -3.004780
v 2.359073 0.041411 -2.991306
v 2.338603 0.071708 -3.004779
v 2.888358 0.071684 -3.840105
v 2.367125 0.071704 -2.986008
v 2.359077 0.071705 -2.991304
v 2.908828 0.041386 -3.826632
v 2.916880 0.071679 -3.821334
v 2.908832 0.071681 -3.826630
v 2.888354 0.041389 -3.840106
v 2.330556 0.071710 -3.010075
v 2.880310 0.071685 -3.845401
v 2.873531 0.041392 -3.849862
v 2.323777 0.041416 -3.014536
v 2.880312 0.085904 -3.845400
v 1.821782 0.026008 -3.344914
v 1.771663 0.026016 -3.377899
v 2.321417 0.025991 -4.213225
v 2.371537 0.025984 -4.180240
v 1.778445 0.086015 -3.373437
v 1.815014 0.086009 -3.349370
v 1.771664 0.041502 -3.377898
v 2.321419 0.041478 -4.213224
v 2.328200 0.085990 -4.208763
v 1.806961 0.041497 -3.354668
v 1.786487 0.041500 -3.368143
v 1.806965 0.071791 -3.354667
v 2.356720 0.071767 -4.189993
v 1.778443 0.071796 -3.373438
v 1.786491 0.071795 -3.368141
v 2.336242 0.041476 -4.203469
v 2.328198 0.071771 -4.208764
v 2.336246 0.071770 -4.203467
v 2.356716 0.041472 -4.189994
v 1.815013 0.071790 -3.349370
v 2.364767 0.071766 -4.184696
v 2.371539 0.041470 -4.180239
v 1.821784 0.041495 -3.344913
v 2.364769 0.085985 -4.184696
v 1.867723 -0.025074 -3.446362
v 1.867733 0.054926 -3.446358
v 1.892783 -0.025078 -3.429870
v 1.892792 0.054922 -3.429866
v 1.909275 -0.025079 -3.454929
v 1.909285 0.054921 -3.454925
v 1.884215 -0.025075 -3.471422
v 1.884225 0.054925 -3.471418
v 2.398768 -0.025157 -3.096865
v 2.398778 0.054843 -3.096861
v 2.373708 -0.025153 -3.113357
v 2.373718 0.054847 -3.113353
v 2.390201 -0.025154 -3.138417
v 2.390210 0.054846 -3.138413
v 2.415260 -0.025158 -3.121925
v 2.415270 0.054842 -3.121920
v 2.005161 -0.025080 -3.655194
v 2.005171 0.054920 -3.655190
v 2.030221 -0.025084 -3.638701
v 2.030231 0.054916 -3.638697
v 2.046714 -0.025085 -3.663761
v 2.046724 0.054915 -3.663757
v 2.021654 -0.025081 -3.680254
v 2.021664 0.054919 -3.680250
v 2.536206 -0.025163 -3.305696
v 2.536216 0.054837 -3.305692
v 2.511147 -0.025159 -3.322189
v 2.511156 0.054841 -3.322185
v 2.527639 -0.025160 -3.347249
v 2.527649 0.054840 -3.347245
v 2.552699 -0.025164 -3.330756
v 2.552709 0.054836 -3.330752
v 2.142600 -0.025086 -3.864025
v 2.142610 0.054914 -3.864021
v 2.167660 -0.025090 -3.847533
v 2.167670 0.054910 -3.847529
v 2.184153 -0.025091 -3.872593
v 2.184162 0.054909 -3.872588
v 2.159093 -0.025087 -3.889085
v 2.159103 0.054913 -3.889081
v 2.673645 -0.025169 -3.514528
v 2.673655 0.054831 -3.514524
v 2.648585 -0.025166 -3.531020
v 2.648595 0.054834 -3.531016
v 2.665078 -0.025166 -3.556080
v 2.665088 0.054834 -3.556076
v 2.690138 -0.025170 -3.539588
v 2.690148 0.054830 -3.539583
v 2.280039 -0.025093 -4.072857
v 2.280049 0.054907 -4.072853
v 2.305099 -0.025097 -4.056364
v 2.305108 0.054903 -4.056360
v 2.321591 -0.025097 -4.081424
v 2.321601 0.054903 -4.081420
v 2.296531 -0.025093 -4.097917
v 2.296541 0.054907 -4.097913
v 2.811084 -0.025176 -3.723359
v 2.811094 0.054824 -3.723355
v 2.786024 -0.025172 -3.739852
v 2.786034 0.054828 -3.739848
v 2.802517 -0.025172 -3.764912
v 2.802526 0.054828 -3.764908
v 2.827576 -0.025176 -3.748419
v 2.827586 0.054824 -3.748415
v 2.122721 -0.029792 -4.110550
v 2.122728 0.030208 -4.110547
v 2.907927 -0.029915 -3.593781
v 2.907935 0.030085 -3.593778
v 2.984893 -0.029918 -3.710726
v 2.984900 0.030082 -3.710723
v 2.199687 -0.029796 -4.227496
v 2.199694 0.030204 -4.227493
v 1.985282 -0.029786 -3.901719
v 1.985290 0.030214 -3.901716
v 2.770489 -0.029909 -3.384949
v 2.770496 0.030091 -3.384946
v 2.847454 -0.029912 -3.501895
v 2.847462 0.030088 -3.501892
v 2.062248 -0.029790 -4.018664
v 2.062255 0.030210 -4.018661
v 1.847844 -0.029780 -3.692887
v 1.847851 0.030220 -3.692884
v 2.633050 -0.029903 -3.176118
v 2.633057 0.030097 -3.176115
v 2.710016 -0.029906 -3.293063
v 2.710023 0.030094 -3.293060
v 1.924809 -0.029783 -3.809833
v 1.924817 0.030217 -3.809830
v 1.710405 -0.029774 -3.484056
v 1.710412 0.030226 -3.484052
v 2.495611 -0.029897 -2.967286
v 2.495619 0.030103 -2.967283
v 2.572577 -0.029900 -3.084232
v 2.572584 0.030100 -3.084229
v 1.787371 -0.029777 -3.601001
v 1.787378 0.030223 -3.600998
v 2.870233 0.025905 -3.845264
v 2.923222 0.025897 -3.817118
v 3.382073 0.025869 -4.671915
v 3.329085 0.025877 -4.700061
v 2.916066 0.085898 -3.820921
v 2.877404 0.085904 -3.841457
v 2.923224 0.041384 -3.817118
v 3.382075 0.041355 -4.671915
v 3.374918 0.085870 -4.675718
v 2.885906 0.041389 -3.836940
v 2.907552 0.041386 -3.825442
v 2.885910 0.071684 -3.836938
v 3.344762 0.071655 -4.691735
v 2.916065 0.071679 -3.820921
v 2.907556 0.071681 -3.825441
v 3.366404 0.041358 -4.680239
v 3.374916 0.071651 -4.675718
v 3.366408 0.071652 -4.680238
v 3.344758 0.041361 -4.691736
v 2.877402 0.071685 -3.841458
v 3.336253 0.071657 -4.696255
v 3.329087 0.041363 -4.700061
v 2.870235 0.041392 -3.845264
v 3.336255 0.085876 -4.696254
v 2.370930 0.025983 -4.177281
v 2.317941 0.025991 -4.205427
v 2.785115 0.025957 -4.957043
v 2.732126 0.025965 -4.985189
v 2.325112 0.085990 -4.201620
v 2.363775 0.085984 -4.181083
v 2.317943 0.041477 -4.205426
v 2.739297 0.085964 -4.981382
v 2.777960 0.085959 -4.960845
v 2.355261 0.041472 -4.185604
v 2.333615 0.041475 -4.197102
v 2.355265 0.071766 -4.185603
v 2.732128 0.041452 -4.985188
v 2.325110 0.071771 -4.201620
v 2.333619 0.071770 -4.197101
v 2.769446 0.041446 -4.965366
v 2.747800 0.041450 -4.976864
v 2.769450 0.071741 -4.965365
v 2.739295 0.071745 -4.981382
v 2.363773 0.071765 -4.181084
v 2.747804 0.071744 -4.976863
v 2.777958 0.071740 -4.960846
v 2.370932 0.041469 -4.177280
v 2.785117 0.041444 -4.957042
v 2.365492 -0.025097 -4.204128
v 2.365503 0.054903 -4.204125
v 2.391986 -0.025101 -4.190055
v 2.391997 0.054899 -4.190052
v 2.406059 -0.025102 -4.216549
v 2.406070 0.054898 -4.216546
v 2.379565 -0.025098 -4.230622
v 2.379576 0.054902 -4.230619
v 2.926938 -0.025182 -3.905906
v 2.926948 0.054818 -3.905903
v 2.900443 -0.025178 -3.919979
v 2.900454 0.054822 -3.919976
v 2.914516 -0.025179 -3.946473
v 2.914527 0.054821 -3.946470
v 2.941011 -0.025183 -3.932400
v 2.941021 0.054817 -3.932397
v 2.482767 -0.025104 -4.424914
v 2.482777 0.054896 -4.424911
v 2.509261 -0.025108 -4.410841
v 2.509272 0.054892 -4.410838
v 2.523334 -0.025109 -4.437336
v 2.523345 0.054891 -4.437333
v 2.496840 -0.025105 -4.451409
v 2.496850 0.054895 -4.451406
v 3.044212 -0.025189 -4.126692
v 3.044223 0.054811 -4.126689
v 3.017718 -0.025185 -4.140765
v 3.017728 0.054815 -4.140762
v 3.031791 -0.025186 -4.167260
v 3.031801 0.054814 -4.167257
v 3.058285 -0.025190 -4.153187
v 3.058296 0.054810 -4.153184
v 2.600042 -0.025112 -4.645701
v 2.600052 0.054888 -4.645698
v 2.626536 -0.025116 -4.631628
v 2.626546 0.054884 -4.631625
v 2.640609 -0.025117 -4.658122
v 2.640619 0.054883 -4.658119
v 2.614114 -0.025113 -4.672195
v 2.614125 0.054887 -4.672192
v 3.161487 -0.025196 -4.347479
v 3.161497 0.054804 -4.347476
v 3.134993 -0.025192 -4.361552
v 3.135003 0.054808 -4.361549
v 3.149066 -0.025193 -4.388046
v 3.149076 0.054807 -4.388043
v 3.175560 -0.025197 -4.373973
v 3.175570 0.054803 -4.373970
v 2.717316 -0.025119 -4.866487
v 2.717327 0.054881 -4.866484
v 2.743811 -0.025123 -4.852414
v 2.743821 0.054877 -4.852411
v 2.757884 -0.025124 -4.878908
v 2.757894 0.054876 -4.878905
v 2.731389 -0.025120 -4.892981
v 2.731400 0.054880 -4.892978
v 3.278762 -0.025203 -4.568265
v 3.278772 0.054797 -4.568262
v 3.252267 -0.025199 -4.582338
v 3.252278 0.054801 -4.582335
v 3.266340 -0.025200 -4.608832
v 3.266351 0.054800 -4.608829
v 3.292835 -0.025204 -4.594759
v 3.292845 0.054796 -4.594757
v 2.557159 -0.029818 -4.889280
v 2.557167 0.030182 -4.889277
v 3.387316 -0.029943 -4.448327
v 3.387324 0.030057 -4.448325
v 3.452990 -0.029947 -4.571967
v 3.452998 0.030053 -4.571965
v 2.622833 -0.029822 -5.012920
v 2.622841 0.030178 -5.012918
v 2.439885 -0.029811 -4.668493
v 2.439893 0.030189 -4.668491
v 3.270042 -0.029936 -4.227540
v 3.270050 0.030064 -4.227538
v 3.335715 -0.029940 -4.351181
v 3.335723 0.030060 -4.351179
v 2.505559 -0.029815 -4.792134
v 2.505566 0.030185 -4.792131
v 2.322610 -0.029804 -4.447707
v 2.322618 0.030196 -4.447705
v 3.152767 -0.029929 -4.006754
v 3.152775 0.030071 -4.006752
v 3.218441 -0.029933 -4.130394
v 3.218449 0.030067 -4.130392
v 2.388284 -0.029808 -4.571347
v 2.388292 0.030192 -4.571345
v 2.205335 -0.029796 -4.226920
v 2.205343 0.030204 -4.226918
v 3.035492 -0.029921 -3.785968
v 3.035500 0.030079 -3.785965
v 3.101166 -0.029925 -3.909608
v 3.101174 0.030075 -3.909606
v 2.271009 -0.029800 -4.350561
v 2.271017 0.030200 -4.350559
v 3.325635 0.025877 -4.692439
v 3.382267 0.025869 -4.672617
v 3.713922 0.025842 -5.611270
v 3.657291 0.025850 -5.631092
v 3.374620 0.085870 -4.675295
v 3.333299 0.085876 -4.689758
v 3.382269 0.041355 -4.672617
v 3.713924 0.041328 -5.611270
v 3.706275 0.085843 -5.613948
v 3.342386 0.041361 -4.686576
v 3.365520 0.041358 -4.678479
v 3.342390 0.071656 -4.686576
v 3.674046 0.071628 -5.625228
v 3.374618 0.071651 -4.675296
v 3.365524 0.071652 -4.678478
v 3.697176 0.041331 -5.617132
v 3.706273 0.071624 -5.613948
v 3.697180 0.071625 -5.617131
v 3.674042 0.041334 -5.625229
v 3.333297 0.071657 -4.689758
v 3.664953 0.071630 -5.628411
v 3.657293 0.041336 -5.631091
v 3.325638 0.041364 -4.692438
v 3.664955 0.085849 -5.628411
v 2.784691 0.025957 -4.957126
v 2.728060 0.025965 -4.976948
v 3.071891 0.025934 -5.777665
v 3.032011 0.041426 -5.791624
v 2.744810 0.041449 -4.971085
v 2.735723 0.085964 -4.974267
v 2.777044 0.085958 -4.959804
v 3.015260 0.025942 -5.797487
v 3.055149 0.071717 -5.783527
v 2.728062 0.041452 -4.976948
v 2.767948 0.071740 -4.962988
v 2.767944 0.041446 -4.962988
v 3.022924 0.085941 -5.794806
v 2.735721 0.071745 -4.974268
v 2.744815 0.071744 -4.971085
v 3.064244 0.085935 -5.780343
v 3.015262 0.041428 -5.797487
v 3.055145 0.041423 -5.783527
v 3.022922 0.071722 -5.794807
v 2.777042 0.071739 -4.959805
v 3.032015 0.071720 -5.791624
v 3.064242 0.071716 -5.780344
v 2.784693 0.041444 -4.957126
v 3.071894 0.041420 -5.777665
v 2.778268 -0.025123 -4.991436
v 2.778279 0.054877 -4.991434
v 2.806584 -0.025127 -4.981525
v 2.806595 0.054873 -4.981523
v 2.816495 -0.025128 -5.009840
v 2.816506 0.054872 -5.009839
v 2.788179 -0.025124 -5.019751
v 2.788190 0.054876 -5.019750
v 3.378308 -0.025210 -4.781413
v 3.378319 0.054790 -4.781411
v 3.349992 -0.025206 -4.791324
v 3.350003 0.054794 -4.791322
v 3.359903 -0.025207 -4.819639
v 3.359914 0.054793 -4.819638
v 3.388219 -0.025211 -4.809729
v 3.388230 0.054789 -4.809727
v 2.860859 -0.025130 -5.227399
v 2.860870 0.054870 -5.227398
v 2.889174 -0.025134 -5.217488
v 2.889185 0.054866 -5.217487
v 2.899085 -0.025135 -5.245804
v 2.899096 0.054865 -5.245802
v 2.870770 -0.025131 -5.255715
v 2.870781 0.054869 -5.255713
v 3.460899 -0.025217 -5.017376
v 3.460910 0.054783 -5.017375
v 3.432583 -0.025213 -5.027287
v 3.432594 0.054787 -5.027286
v 3.442494 -0.025214 -5.055603
v 3.442505 0.054786 -5.055601
v 3.470809 -0.025218 -5.045692
v 3.470820 0.054782 -5.045691
v 2.943449 -0.025137 -5.463363
v 2.943460 0.054863 -5.463361
v 2.971765 -0.025141 -5.453452
v 2.971776 0.054859 -5.453450
v 2.981676 -0.025142 -5.481767
v 2.981687 0.054858 -5.481766
v 2.953360 -0.025138 -5.491678
v 2.953371 0.054862 -5.491677
v 3.543489 -0.025224 -5.253340
v 3.543500 0.054776 -5.253338
v 3.515174 -0.025220 -5.263251
v 3.515185 0.054780 -5.263249
v 3.525084 -0.025221 -5.291567
v 3.525096 0.054779 -5.291565
v 3.553400 -0.025225 -5.281656
v 3.553411 0.054775 -5.281654
v 3.026040 -0.025143 -5.699326
v 3.026051 0.054857 -5.699325
v 3.054356 -0.025148 -5.689415
v 3.054367 0.054852 -5.689414
v 3.064267 -0.025148 -5.717731
v 3.064278 0.054852 -5.717729
v 3.035951 -0.025144 -5.727642
v 3.035962 0.054856 -5.727640
v 3.626080 -0.025231 -5.489304
v 3.626091 0.054769 -5.489302
v 3.597764 -0.025226 -5.499214
v 3.597775 0.054774 -5.499213
v 3.607675 -0.025227 -5.527530
v 3.607686 0.054773 -5.527528
v 3.635991 -0.025231 -5.517619
v 3.636002 0.054769 -5.517618
v 2.864278 -0.029842 -5.697673
v 2.864286 0.030158 -5.697672
v 3.751501 -0.029971 -5.387133
v 3.751509 0.030029 -5.387131
v 3.797752 -0.029975 -5.519272
v 3.797760 0.030025 -5.519271
v 2.910529 -0.029846 -5.829813
v 2.910537 0.030154 -5.829812
v 2.781687 -0.029835 -5.461710
v 2.781696 0.030165 -5.461709
v 3.668910 -0.029964 -5.151169
v 3.668918 0.030036 -5.151168
v 3.715161 -0.029968 -5.283309
v 3.715169 0.030032 -5.283307
v 2.827938 -0.029839 -5.593849
v 2.827946 0.030161 -5.593848
v 2.699097 -0.029829 -5.225746
v 2.699105 0.030171 -5.225745
v 3.586319 -0.029957 -4.915205
v 3.586328 0.030043 -4.915204
v 3.632570 -0.029961 -5.047345
v 3.632579 0.030039 -5.047344
v 2.745347 -0.029832 -5.357886
v 2.745356 0.030168 -5.357885
v 2.616506 -0.029822 -4.989783
v 2.616514 0.030178 -4.989782
v 3.503729 -0.029951 -4.679242
v 3.503737 0.030049 -4.679241
v 3.549980 -0.029954 -4.811382
v 3.549988 0.030046 -4.811380
v 2.662757 -0.029826 -5.121922
v 2.662765 0.030174 -5.121921
v 3.654786 0.025850 -5.620037
v 3.714058 0.025842 -5.610718
v 3.869365 0.025822 -6.598584
v 3.810093 0.025830 -6.607903
v 3.706054 0.085843 -5.611978
v 3.662806 0.085849 -5.618777
v 3.714060 0.041328 -5.610718
v 3.869367 0.041308 -6.598584
v 3.861361 0.085823 -6.599844
v 3.672318 0.041334 -5.617281
v 3.696530 0.041331 -5.613474
v 3.672322 0.071628 -5.617280
v 3.827629 0.071609 -6.605147
v 3.706052 0.071624 -5.611978
v 3.696534 0.071625 -5.613474
v 3.851837 0.041311 -6.601340
v 3.861359 0.071604 -6.599844
v 3.851841 0.071605 -6.601340
v 3.827625 0.041314 -6.605147
v 3.662804 0.071630 -5.618777
v 3.818111 0.071610 -6.606643
v 3.810095 0.041317 -6.607903
v 3.654788 0.041336 -5.620036
v 3.818113 0.085829 -6.606643
v 3.063068 0.085935 -5.777909
v 3.206714 0.025916 -6.639435
v 3.147445 0.041411 -6.648754
v 3.164974 0.041409 -6.645998
v 3.011802 0.041428 -5.785968
v 3.053549 0.071717 -5.779405
v 3.147442 0.025925 -6.648754
v 3.189187 0.041405 -6.642191
v 3.189191 0.071700 -6.642191
v 3.053544 0.041422 -5.779405
v 3.019819 0.071722 -5.784708
v 3.029336 0.071720 -5.783212
v 3.071072 0.025933 -5.776649
v 3.155463 0.085924 -6.647494
v 3.198724 0.085917 -6.640684
v 3.011800 0.025942 -5.785968
v 3.029332 0.041426 -5.783212
v 3.019821 0.085941 -5.784708
v 3.155461 0.071705 -6.647494
v 3.063066 0.071716 -5.777909
v 3.164979 0.071703 -6.645998
v 3.198722 0.071698 -6.640684
v 3.071074 0.041420 -5.776649
v 3.206717 0.041403 -6.639435
v 3.061021 -0.025147 -5.824735
v 3.061032 0.054853 -5.824735
v 3.090657 -0.025151 -5.820076
v 3.090668 0.054849 -5.820076
v 3.095316 -0.025152 -5.849712
v 3.095328 0.054848 -5.849712
v 3.065680 -0.025148 -5.854371
v 3.065692 0.054852 -5.854371
v 3.689041 -0.025237 -5.726001
v 3.689052 0.054763 -5.726001
v 3.659405 -0.025232 -5.730660
v 3.659416 0.054768 -5.730660
v 3.664064 -0.025233 -5.760296
v 3.664075 0.054767 -5.760296
v 3.693700 -0.025237 -5.755637
v 3.693711 0.054763 -5.755637
v 3.099848 -0.025152 -6.071702
v 3.099859 0.054848 -6.071701
v 3.129484 -0.025156 -6.067042
v 3.129495 0.054844 -6.067042
v 3.134143 -0.025157 -6.096678
v 3.134154 0.054843 -6.096678
v 3.104507 -0.025152 -6.101338
v 3.104518 0.054848 -6.101337
v 3.727868 -0.025241 -5.972968
v 3.727879 0.054759 -5.972968
v 3.698232 -0.025237 -5.977627
v 3.698243 0.054763 -5.977627
v 3.702891 -0.025238 -6.007263
v 3.702902 0.054762 -6.007263
v 3.732527 -0.025242 -6.002604
v 3.732538 0.054758 -6.002604
v 3.138675 -0.025157 -6.318668
v 3.138686 0.054843 -6.318668
v 3.168311 -0.025161 -6.314009
v 3.168322 0.054839 -6.314009
v 3.172970 -0.025162 -6.343645
v 3.172981 0.054838 -6.343645
v 3.143334 -0.025157 -6.348304
v 3.143345 0.054843 -6.348304
v 3.766694 -0.025246 -6.219934
v 3.766706 0.054754 -6.219934
v 3.737058 -0.025242 -6.224594
v 3.737070 0.054758 -6.224593
v 3.741718 -0.025243 -6.254230
v 3.741729 0.054757 -6.254229
v 3.771354 -0.025247 -6.249570
v 3.771365 0.054753 -6.249570
v 3.177501 -0.025162 -6.565635
v 3.177513 0.054838 -6.565635
v 3.207137 -0.025166 -6.560976
v 3.207149 0.054834 -6.560975
v 3.211796 -0.025167 -6.590612
v 3.211808 0.054833 -6.590611
v 3.182160 -0.025162 -6.595271
v 3.182172 0.054838 -6.595271
v 3.805521 -0.025251 -6.466901
v 3.805532 0.054749 -6.466901
v 3.775885 -0.025247 -6.471560
v 3.775897 0.054753 -6.471560
v 3.780544 -0.025248 -6.501196
v 3.780556 0.054752 -6.501196
v 3.810180 -0.025252 -6.496537
v 3.810192 0.054748 -6.496537
v 3.018672 -0.029860 -6.534929
v 3.018680 0.030140 -6.534929
v 3.947266 -0.029993 -6.388941
v 3.947274 0.030007 -6.388941
v 3.969009 -0.029995 -6.527242
v 3.969017 0.030005 -6.527242
v 3.040414 -0.029863 -6.673231
v 3.040423 0.030137 -6.673231
v 2.979845 -0.029855 -6.287963
v 2.979853 0.030145 -6.287963
v 3.908439 -0.029988 -6.141974
v 3.908448 0.030012 -6.141974
v 3.930182 -0.029990 -6.280276
v 3.930191 0.030010 -6.280275
v 3.001588 -0.029858 -6.426264
v 3.001596 0.030142 -6.426264
v 2.941018 -0.029850 -6.040996
v 2.941027 0.030150 -6.040996
v 3.869612 -0.029983 -5.895008
v 3.869621 0.030017 -5.895008
v 3.891355 -0.029985 -6.033309
v 3.891364 0.030015 -6.033309
v 2.962761 -0.029853 -6.179298
v 2.962770 0.030147 -6.179297
v 2.902191 -0.029845 -5.794030
v 2.902200 0.030155 -5.794030
v 3.830786 -0.029978 -5.648041
v 3.830794 0.030022 -5.648041
v 3.852528 -0.029981 -5.786342
v 3.852537 0.030019 -5.786342
v 2.923934 -0.029848 -5.932331
v 2.923943 0.030152 -5.932331
v 3.808634 0.025830 -6.598577
v 3.868624 0.025822 -6.599652
v 3.801422 0.025826 -7.000852
v 3.861412 0.025818 -7.001928
v 3.860523 0.085823 -6.599508
v 3.816751 0.085829 -6.598723
v 3.868626 0.041308 -6.599653
v 3.853311 0.085819 -7.001783
v 3.809539 0.085825 -7.000998
v 3.826378 0.041314 -6.598895
v 3.850884 0.041311 -6.599334
v 3.826382 0.071609 -6.598895
v 3.861414 0.041304 -7.001928
v 3.860521 0.071604 -6.599508
v 3.850888 0.071605 -6.599335
v 3.819166 0.041310 -7.001170
v 3.843672 0.041307 -7.001610
v 3.819170 0.071605 -7.001171
v 3.853309 0.071600 -7.001783
v 3.816749 0.071610 -6.598723
v 3.843676 0.071601 -7.001610
v 3.809537 0.071606 -7.000998
v 3.808636 0.041317 -6.598577
v 3.801424 0.041313 -7.000852
v 3.206825 0.025916 -6.640829
v 3.146835 0.025925 -6.639753
v 3.200357 0.025912 -7.001629
v 3.140366 0.025921 -7.000554
v 3.154953 0.085923 -6.639899
v 3.146837 0.041411 -6.639753
v 3.148484 0.085920 -7.000700
v 3.192256 0.085914 -7.001485
v 3.189085 0.041405 -6.640511
v 3.164579 0.041409 -6.640072
v 3.189090 0.071700 -6.640511
v 3.140369 0.041408 -7.000554
v 3.154951 0.071704 -6.639899
v 3.164584 0.071703 -6.640072
v 3.182617 0.041401 -7.001311
v 3.158111 0.041405 -7.000872
v 3.182621 0.071696 -7.001312
v 3.148482 0.071701 -7.000700
v 3.158115 0.071700 -7.000872
v 3.192254 0.071695 -7.001484
v 3.206827 0.041402 -6.640829
v 3.200359 0.041399 -7.001629
v 3.819570 -0.025256 -6.800093
v 3.819582 0.054744 -6.800094
v 3.789573 -0.025251 -6.800534
v 3.789585 0.054749 -6.800535
v 3.790015 -0.025252 -6.830531
v 3.790026 0.054748 -6.830532
v 3.820011 -0.025256 -6.830090
v 3.820023 0.054744 -6.830091
v 3.033155 -0.029863 -6.756725
v 3.033164 0.030137 -6.756726
v 3.973054 -0.029998 -6.742900
v 3.973062 0.030002 -6.742901
v 3.975113 -0.030000 -6.882885
v 3.975121 0.030000 -6.882886
v 3.035214 -0.029865 -6.896710
v 3.035223 0.030135 -6.896711
v 3.190454 -0.025166 -6.809560
v 3.190465 0.054834 -6.809561
v 3.220451 -0.025170 -6.809119
v 3.220462 0.054830 -6.809120
v 3.220892 -0.025170 -6.839116
v 3.220903 0.054830 -6.839117
v 3.190895 -0.025166 -6.839557
v 3.190906 0.054834 -6.839558
v 0.800477 0.025864 -2.000000
v 0.860477 0.025864 -3.000000
v 0.800477 0.025864 -3.000000
v 0.808588 0.085864 -2.000000
v 0.860477 0.041350 -2.000000
v 0.860477 0.041350 -3.000000
v 0.852366 0.085864 -3.000000
v 0.842732 0.041350 -2.000000
v 0.818222 0.071645 -3.000000
v 0.842732 0.071645 -2.000000
v 0.842732 0.041350 -3.000000
v 0.852366 0.071645 -3.000000
v 0.842732 0.071645 -3.000000
v 0.818222 0.041350 -3.000000
v 0.808588 0.071645 -3.000000
v 0.800477 0.041350 -3.000000
v 0.800477 0.041350 -2.000000
v 0.808588 0.085864 -3.000000
v 0.199523 0.025864 -2.000000
v 0.139523 0.025864 -3.000000
v 0.199523 0.025864 -3.000000
v 0.147634 0.085864 -2.000000
v 0.191412 0.085864 -2.000000
v 0.139523 0.041350 -2.000000
v 0.139523 0.041350 -3.000000
v 0.147634 0.085864 -3.000000
v 0.181778 0.041350 -2.000000
v 0.181778 0.071645 -3.000000
v 0.157268 0.041350 -3.000000
v 0.147634 0.071645 -3.000000
v 0.157268 0.071645 -3.000000
v 0.181778 0.041350 -3.000000
v 0.191412 0.071645 -3.000000
v 0.199523 0.041350 -3.000000
v 0.199523 0.041350 -2.000000
v 0.191412 0.085864 -3.000000
v 0.182133 -0.025218 -2.110000
v 0.182133 0.054782 -2.110000
v 0.212133 -0.025218 -2.110000
v 0.212133 0.054782 -2.110000
v 0.212133 -0.025218 -2.140000
v 0.212133 0.054782 -2.140000
v 0.182133 -0.025218 -2.140000
v 0.182133 0.054782 -2.140000
v 0.817867 -0.025218 -2.110000
v 0.817867 0.054782 -2.110000
v 0.787867 -0.025218 -2.110000
v 0.787867 0.054782 -2.110000
v 0.787867 -0.025218 -2.140000
v 0.787867 0.054782 -2.140000
v 0.817867 -0.025218 -2.140000
v 0.817867 0.054782 -2.140000
v 0.182133 -0.025218 -2.360000
v 0.182133 0.054782 -2.360000
v 0.212133 -0.025218 -2.360000
v 0.212133 0.054782 -2.360000
v 0.212133 -0.025218 -2.390000
v 0.212133 0.054782 -2.390000
v 0.182133 -0.025218 -2.390000
v 0.182133 0.054782 -2.390000
v 0.817867 -0.025218 -2.360000
v 0.817867 0.054782 -2.360000
v 0.787867 -0.025218 -2.360000
v 0.787867 0.054782 -2.360000
v 0.787867 -0.025218 -2.390000
v 0.787867 0.054782 -2.390000
v 0.817867 -0.025218 -2.390000
v 0.817867 0.054782 -2.390000
v 0.182133 -0.025218 -2.610000
v 0.182133 0.054782 -2.610000
v 0.212133 -0.025218 -2.610000
v 0.212133 0.054782 -2.610000
v 0.212133 -0.025218 -2.640000
v 0.212133 0.054782 -2.640000
v 0.182133 -0.025218 -2.640000
v 0.182133 0.054782 -2.640000
v 0.817867 -0.025218 -2.610000
v 0.817867 0.054782 -2.610000
v 0.787867 -0.025218 -2.610000
v 0.787867 0.054782 -2.610000
v 0.787867 -0.025218 -2.640000
v 0.787867 0.054782 -2.640000
v 0.817867 -0.025218 -2.640000
v 0.817867 0.054782 -2.640000
v 0.182133 -0.025218 -2.860000
v 0.182133 0.054782 -2.860000
v 0.212133 -0.025218 -2.860000
v 0.212133 0.054782 -2.860000
v 0.212133 -0.025218 -2.890000
v 0.212133 0.054782 -2.890000
v 0.182133 -0.025218 -2.890000
v 0.182133 0.054782 -2.890000
v 0.817867 -0.025218 -2.860000
v 0.817867 0.054782 -2.860000
v 0.787867 -0.025218 -2.860000
v 0.787867 0.054782 -2.860000
v 0.787867 -0.025218 -2.890000
v 0.787867 0.054782 -2.890000
v 0.817867 -0.025218 -2.890000
v 0.817867 0.054782 -2.890000
v 0.030000 -0.029939 -2.805000
v 0.030000 0.030061 -2.805000
v 0.970000 -0.029939 -2.805000
v 0.970000 0.030061 -2.805000
v 0.970000 -0.029939 -2.945000
v 0.970000 0.030061 -2.945000
v 0.030000 -0.029939 -2.945000
v 0.030000 0.030061 -2.945000
v 0.030000 -0.029939 -2.555000
v 0.030000 0.030061 -2.555000
v 0.970000 -0.029939 -2.555000
v 0.970000 0.030061 -2.555000
v 0.970000 -0.029939 -2.695000
v 0.970000 0.030061 -2.695000
v 0.030000 -0.029939 -2.695000
v 0.030000 0.030061 -2.695000
v 0.030000 -0.029939 -2.305000
v 0.030000 0.030061 -2.305000
v 0.970000 -0.029939 -2.305000
v 0.970000 0.030061 -2.305000
v 0.970000 -0.029939 -2.445000
v 0.970000 0.030061 -2.445000
v 0.030000 -0.029939 -2.445000
v 0.030000 0.030061 -2.445000
v 0.030000 -0.029939 -2.055000
v 0.030000 0.030061 -2.055000
v 0.970000 -0.029939 -2.055000
v 0.970000 0.030061 -2.055000
v 0.970000 -0.029939 -2.195000
v 0.970000 0.030061 -2.195000
v 0.030000 -0.029939 -2.195000
v 0.030000 0.030061 -2.195000
v 0.800477 0.025864 -1.000000
v 0.860477 0.025864 -1.000000
v 0.860477 0.025864 -2.000000
v 0.852366 0.085864 -1.000000
v 0.808588 0.085864 -1.000000
v 0.860477 0.041350 -1.000000
v 0.852366 0.085864 -2.000000
v 0.818222 0.041350 -1.000000
v 0.842732 0.041350 -1.000000
v 0.818222 0.071645 -1.000000
v 0.818222 0.071645 -2.000000
v 0.852366 0.071645 -1.000000
v 0.842732 0.071645 -1.000000
v 0.852366 0.071645 -2.000000
v 0.818222 0.041350 -2.000000
v 0.808588 0.071645 -1.000000
v 0.808588 0.071645 -2.000000
v 0.800477 0.041350 -1.000000
v 0.139523 0.025864 -1.000000
v 0.139523 0.025864 -2.000000
v 0.147634 0.085864 -1.000000
v 0.139523 0.041350 -1.000000
v 0.181778 0.041350 -1.000000
v 0.181778 0.071645 -1.000000
v 0.181778 0.071645 -2.000000
v 0.147634 0.071645 -1.000000
v 0.157268 0.041350 -2.000000
v 0.147634 0.071645 -2.000000
v 0.157268 0.071645 -2.000000
v 0.191412 0.071645 -1.000000
v 0.191412 0.071645 -2.000000
v 0.182133 -0.025218 -1.110000
v 0.182133 0.054782 -1.110000
v 0.212133 -0.025218 -1.110000
v 0.212133 0.054782 -1.110000
v 0.212133 -0.025218 -1.140000
v 0.212133 0.054782 -1.140000
v 0.182133 -0.025218 -1.140000
v 0.182133 0.054782 -1.140000
v 0.817867 -0.025218 -1.110000
v 0.817867 0.054782 -1.110000
v 0.787867 -0.025218 -1.110000
v 0.787867 0.054782 -1.110000
v 0.787867 -0.025218 -1.140000
v 0.787867 0.054782 -1.140000
v 0.817867 -0.025218 -1.140000
v 0.817867 0.054782 -1.140000
v 0.182133 -0.025218 -1.360000
v 0.182133 0.054782 -1.360000
v 0.212133 -0.025218 -1.360000
v 0.212133 0.054782 -1.360000
v 0.212133 -0.025218 -1.390000
v 0.212133 0.054782 -1.390000
v 0.182133 -0.025218 -1.390000
v 0.182133 0.054782 -1.390000
v 0.817867 -0.025218 -1.360000
v 0.817867 0.054782 -1.360000
v 0.787867 -0.025218 -1.360000
v 0.787867 0.054782 -1.360000
v 0.787867 -0.025218 -1.390000
v 0.787867 0.054782 -1.390000
v 0.817867 -0.025218 -1.390000
v 0.817867 0.054782 -1.390000
v 0.182133 -0.025218 -1.610000
v 0.182133 0.054782 -1.610000
v 0.212133 -0.025218 -1.610000
v 0.212133 0.054782 -1.610000
v 0.212133 -0.025218 -1.640000
v 0.212133 0.054782 -1.640000
v 0.182133 -0.025218 -1.640000
v 0.182133 0.054782 -1.640000
v 0.817867 -0.025218 -1.610000
v 0.817867 0.054782 -1.610000
v 0.787867 -0.025218 -1.610000
v 0.787867 0.054782 -1.610000
v 0.787867 -0.025218 -1.640000
v 0.787867 0.054782 -1.640000
v 0.817867 -0.025218 -1.640000
v 0.817867 0.054782 -1.640000
v 0.182133 -0.025218 -1.860000
v 0.182133 0.054782 -1.860000
v 0.212133 -0.025218 -1.860000
v 0.212133 0.054782 -1.860000
v 0.212133 -0.025218 -1.890000
v 0.212133 0.054782 -1.890000
v 0.182133 -0.025218 -1.890000
v 0.182133 0.054782 -1.890000
v 0.860477 0.041350 -1.675455
v 0.818222 0.041350 -1.675455
v 0.842732 0.041350 -1.675455
v 0.818222 0.071645 -1.675455
v 0.852366 0.071645 -1.675455
v 0.842732 0.071645 -1.675455
v 0.808588 0.071645 -1.675455
v 0.800477 0.041350 -1.675455
v 0.030000 -0.029939 -1.805000
v 0.030000 0.030061 -1.805000
v 0.970000 -0.029939 -1.805000
v 0.970000 0.030061 -1.805000
v 0.970000 -0.029939 -1.945000
v 0.970000 0.030061 -1.945000
v 0.030000 -0.029939 -1.945000
v 0.030000 0.030061 -1.945000
v 0.030000 -0.029939 -1.555000
v 0.030000 0.030061 -1.555000
v 0.970000 -0.029939 -1.555000
v 0.970000 0.030061 -1.555000
v 0.970000 -0.029939 -1.695000
v 0.970000 0.030061 -1.695000
v 0.030000 -0.029939 -1.695000
v 0.030000 0.030061 -1.695000
v 0.030000 -0.029939 -1.305000
v 0.030000 0.030061 -1.305000
v 0.970000 -0.029939 -1.305000
v 0.970000 0.030061 -1.305000
v 0.970000 -0.029939 -1.445000
v 0.970000 0.030061 -1.445000
v 0.030000 -0.029939 -1.445000
v 0.030000 0.030061 -1.445000
v 0.030000 -0.029939 -1.055000
v 0.030000 0.030061 -1.055000
v 0.970000 -0.029939 -1.055000
v 0.970000 0.030061 -1.055000
v 0.970000 -0.029939 -1.195000
v 0.970000 0.030061 -1.195000
v 0.030000 -0.029939 -1.195000
v 0.030000 0.030061 -1.195000
v 0.800477 0.025864 -1.895135
v 0.860477 0.025864 -1.895135
v 0.852366 0.085864 -1.895135
v 0.808588 0.085864 -1.895135
v 0.860477 0.041350 -1.895135
v 0.818222 0.041350 -1.895135
v 0.842732 0.041350 -1.895135
v 0.818222 0.071645 -1.895135
v 0.852366 0.071645 -1.895135
v 0.842732 0.071645 -1.895135
v 0.808588 0.071645 -1.895135
v 0.800477 0.041350 -1.895135
v 0.800477 0.025864 -1.675455
v 0.860477 0.025864 -1.675455
v 0.852366 0.085864 -1.675455
v 0.808588 0.085864 -1.675455
v 0.678517 0.025864 -0.011156
v 0.738067 0.025864 -0.003826
v 0.860231 0.025864 -0.996336
v 0.800681 0.025864 -1.003666
v 0.730017 0.085864 -0.004817
v 0.686567 0.085864 -0.010165
v 0.738067 0.041350 -0.003826
v 0.860231 0.041350 -0.996336
v 0.852181 0.085864 -0.997327
v 0.696129 0.041350 -0.008988
v 0.720455 0.041350 -0.005994
v 0.696129 0.071645 -0.008988
v 0.818293 0.071645 -1.001498
v 0.730017 0.071645 -0.004817
v 0.720455 0.071645 -0.005994
v 0.842619 0.041350 -0.998504
v 0.852181 0.071645 -0.997327
v 0.842619 0.071645 -0.998504
v 0.818293 0.041350 -1.001498
v 0.686567 0.071645 -0.010165
v 0.808730 0.071645 -1.002675
v 0.800681 0.041350 -1.003666
v 0.678517 0.041350 -0.011156
v 0.808730 0.085864 -1.002675
v 0.199523 0.025864 0.000000
v 0.199523 0.025864 -1.000000
v 0.147634 0.085864 0.000000
v 0.181778 0.041350 0.000000
v 0.147634 0.071645 0.000000
v 0.157268 0.041350 -1.000000
v 0.157268 0.071645 -1.000000
v 0.191412 0.071645 0.000000
v 0.199523 0.041350 -1.000000
v 0.191412 0.085864 -1.000000
v 0.182133 -0.025218 -0.110000
v 0.182133 0.054782 -0.110000
v 0.212133 -0.025218 -0.110000
v 0.212133 0.054782 -0.110000
v 0.212133 -0.025218 -0.140000
v 0.212133 0.054782 -0.140000
v 0.182133 -0.025218 -0.140000
v 0.182133 0.054782 -0.140000
v 0.030000 -0.029939 -0.805000
v 0.030000 0.030061 -0.805000
v 0.970000 -0.029939 -0.805000
v 0.970000 0.030061 -0.805000
v 0.970000 -0.029939 -0.945000
v 0.970000 0.030061 -0.945000
v 0.030000 -0.029939 -0.945000
v 0.030000 0.030061 -0.945000
v 0.182133 -0.025218 -0.360000
v 0.182133 0.054782 -0.360000
v 0.212133 -0.025218 -0.360000
v 0.212133 0.054782 -0.360000
v 0.212133 -0.025218 -0.390000
v 0.212133 0.054782 -0.390000
v 0.182133 -0.025218 -0.390000
v 0.182133 0.054782 -0.390000
v 0.030000 -0.029939 -0.555000
v 0.030000 0.030061 -0.555000
v 1.105772 -0.029939 -0.555000
v 1.105772 0.030061 -0.555000
v 1.105772 -0.029939 -0.695000
v 1.105772 0.030061 -0.695000
v 0.030000 -0.029939 -0.695000
v 0.030000 0.030061 -0.695000
v 0.182133 -0.025218 -0.610000
v 0.182133 0.054782 -0.610000
v 0.212133 -0.025218 -0.610000
v 0.212133 0.054782 -0.610000
v 0.212133 -0.025218 -0.640000
v 0.212133 0.054782 -0.640000
v 0.182133 -0.025218 -0.640000
v 0.182133 0.054782 -0.640000
v 0.030000 -0.029939 -0.305000
v 0.030000 0.030061 -0.305000
v 1.062588 -0.029939 -0.305000
v 1.062588 0.030061 -0.305000
v 1.062588 -0.029939 -0.445000
v 1.062588 0.030061 -0.445000
v 0.030000 -0.029939 -0.445000
v 0.030000 0.030061 -0.445000
v 0.182133 -0.025218 -0.860000
v 0.182133 0.054782 -0.860000
v 0.212133 -0.025218 -0.860000
v 0.212133 0.054782 -0.860000
v 0.212133 -0.025218 -0.890000
v 0.212133 0.054782 -0.890000
v 0.182133 -0.025218 -0.890000
v 0.182133 0.054782 -0.890000
v 0.030000 -0.029939 -0.055000
v 0.030000 0.030061 -0.055000
v 0.970000 -0.029939 -0.055000
v 0.970000 0.030061 -0.055000
v 0.970000 -0.029939 -0.195000
v 0.970000 0.030061 -0.195000
v 0.030000 -0.029939 -0.195000
v 0.030000 0.030061 -0.195000
v 0.800477 0.025864 1.000000
v 0.860477 0.025864 1.000000
v 0.800477 0.025864 0.169472
v 0.860477 0.025864 0.169472
v 0.852366 0.085864 1.000000
v 0.808588 0.085864 1.000000
v 0.860477 0.041350 1.000000
v 0.852366 0.085864 0.169472
v 0.808588 0.085864 0.169472
v 0.818222 0.041350 1.000000
v 0.842732 0.041350 1.000000
v 0.818222 0.071645 1.000000
v 0.860477 0.041350 0.169472
v 0.852366 0.071645 1.000000
v 0.842732 0.071645 1.000000
v 0.818222 0.041350 0.169472
v 0.842732 0.041350 0.169472
v 0.818222 0.071645 0.169472
v 0.852366 0.071645 0.169472
v 0.808588 0.071645 1.000000
v 0.842732 0.071645 0.169472
v 0.808588 0.071645 0.169472
v 0.800477 0.041350 1.000000
v 0.800477 0.041350 0.169472
v 0.199523 0.025864 1.000000
v 0.139523 0.025864 1.000000
v 0.139523 0.025864 0.000000
v 0.147634 0.085864 1.000000
v 0.191412 0.085864 1.000000
v 0.139523 0.041350 1.000000
v 0.139523 0.041350 0.000000
v 0.181778 0.041350 1.000000
v 0.157268 0.041350 1.000000
v 0.181778 0.071645 1.000000
v 0.181778 0.071645 0.000000
v 0.147634 0.071645 1.000000
v 0.157268 0.071645 1.000000
v 0.157268 0.041350 0.000000
v 0.157268 0.071645 0.000000
v 0.191412 0.071645 1.000000
v 0.199523 0.041350 0.000000
v 0.199523 0.041350 1.000000
v 0.191412 0.085864 0.000000
v 0.182133 -0.025218 0.890000
v 0.182133 0.054782 0.890000
v 0.212133 -0.025218 0.890000
v 0.212133 0.054782 0.890000
v 0.212133 -0.025218 0.860000
v 0.212133 0.054782 0.860000
v 0.182133 -0.025218 0.860000
v 0.182133 0.054782 0.860000
v 0.817867 -0.025218 0.890000
v 0.817867 0.054782 0.890000
v 0.787867 -0.025218 0.890000
v 0.787867 0.054782 0.890000
v 0.787867 -0.025218 0.860000
v 0.787867 0.054782 0.860000
v 0.817867 -0.025218 0.860000
v 0.817867 0.054782 0.860000
v 0.182133 -0.025218 0.640000
v 0.182133 0.054782 0.640000
v 0.212133 -0.025218 0.640000
v 0.212133 0.054782 0.640000
v 0.212133 -0.025218 0.610000
v 0.212133 0.054782 0.610000
v 0.182133 -0.025218 0.610000
v 0.182133 0.054782 0.610000
v 0.817867 -0.025218 0.640000
v 0.817867 0.054782 0.640000
v 0.787867 -0.025218 0.640000
v 0.787867 0.054782 0.640000
v 0.787867 -0.025218 0.610000
v 0.787867 0.054782 0.610000
v 0.817867 -0.025218 0.610000
v 0.817867 0.054782 0.610000
v 0.182133 -0.025218 0.390000
v 0.182133 0.054782 0.390000
v 0.212133 -0.025218 0.390000
v 0.212133 0.054782 0.390000
v 0.212133 -0.025218 0.360000
v 0.212133 0.054782 0.360000
v 0.182133 -0.025218 0.360000
v 0.182133 0.054782 0.360000
v 0.817867 -0.025218 0.390000
v 0.817867 0.054782 0.390000
v 0.787867 -0.025218 0.390000
v 0.787867 0.054782 0.390000
v 0.787867 -0.025218 0.360000
v 0.787867 0.054782 0.360000
v 0.817867 -0.025218 0.360000
v 0.817867 0.054782 0.360000
v 0.182133 -0.025218 0.140000
v 0.182133 0.054782 0.140000
v 0.212133 -0.025218 0.140000
v 0.212133 0.054782 0.140000
v 0.212133 -0.025218 0.110000
v 0.212133 0.054782 0.110000
v 0.182133 -0.025218 0.110000
v 0.182133 0.054782 0.110000
v 0.817867 -0.025218 0.140000
v 0.817867 0.054782 0.140000
v 0.787867 -0.025218 0.140000
v 0.787867 0.054782 0.140000
v 0.787867 -0.025218 0.110000
v 0.787867 0.054782 0.110000
v 0.817867 -0.025218 0.110000
v 0.817867 0.054782 0.110000
v 0.030000 -0.029939 0.195000
v 0.030000 0.030061 0.195000
v 0.970000 -0.029939 0.195000
v 0.970000 0.030061 0.195000
v 0.970000 -0.029939 0.055000
v 0.970000 0.030061 0.055000
v 0.030000 -0.029939 0.055000
v 0.030000 0.030061 0.055000
v 0.030000 -0.029939 0.445000
v 0.030000 0.030061 0.445000
v 0.970000 -0.029939 0.445000
v 0.970000 0.030061 0.445000
v 0.970000 -0.029939 0.305000
v 0.970000 0.030061 0.305000
v 0.030000 -0.029939 0.305000
v 0.030000 0.030061 0.305000
v 0.030000 -0.029939 0.695000
v 0.030000 0.030061 0.695000
v 0.970000 -0.029939 0.695000
v 0.970000 0.030061 0.695000
v 0.970000 -0.029939 0.555000
v 0.970000 0.030061 0.555000
v 0.030000 -0.029939 0.555000
v 0.030000 0.030061 0.555000
v 0.030000 -0.029939 0.945000
v 0.030000 0.030061 0.945000
v 0.970000 -0.029939 0.945000
v 0.970000 0.030061 0.945000
v 0.970000 -0.029939 0.805000
v 0.970000 0.030061 0.805000
v 0.030000 -0.029939 0.805000
v 0.030000 0.030061 0.805000

vt -0.000122 0.156096 0.0
vt 0.905875 0.034093 0.0
vt -0.000122 0.210448 0.0
vt 0.0 0.048121 0.0
vt 0.905753 0.210448 0.0
vt 0.94318 0.000413 0.0
vt 0.905875 0.048121 0.0
vt 0.905753 0.156096 0.0
vt 0.0 0.034093 0.0
vt 0.996752 0.000413 0.0
vt 0.0 0.012881 0.0
vt 0.906075 0.259595 0.0
vt 0.905875 0.025761 0.0
vt 0.906075 0.219937 0.0
vt 0.906075 0.297453 0.0
vt 0.0 0.06215 0.0
vt 0.0002 0.297453 0.0
vt 0.94318 0.01424 0.0
vt 0.905875 0.06215 0.0
vt 0.905875 0.012881 0.0
vt 0.0002 0.259595 0.0
vt 0.950422 0.053985 0.0
vt 0.906075 0.312903 0.0
vt 0.905875 0.093759 0.0
vt 0.906075 0.281378 0.0
vt 0.0 0.06215 0.0
vt 0.000512 0.330358 0.0
vt 0.905875 0.121202 0.0
vt 0.906387 0.330358 0.0
vt 0.0 0.121202 0.0
vt 0.980908 0.041289 0.0
vt 0.000512 0.32163 0.0
vt 0.0 0.0 0.0
vt 0.000512 0.312903 0.0
vt 0.0 0.089593 0.0
vt 0.0002 0.281378 0.0
vt 0.905875 0.06215 0.0
vt 0.959024 0.01424 0.0
vt 0.906387 0.32163 0.0
vt 0.905875 0.0 0.0
vt 0.950422 0.041289 0.0
vt 0.906387 0.312903 0.0
vt 0.905875 0.089593 0.0
vt 0.959024 0.041289 0.0
vt 0.0002 0.312903 0.0
vt 0.0 0.093759 0.0
vt 0.980908 0.01424 0.0
vt 0.000512 0.32163 0.0
vt 0.905875 0.012881 0.0
vt 0.906387 0.32163 0.0
vt 0.0 0.012881 0.0
vt 0.98951 0.041289 0.0
vt 0.0002 0.296828 0.0
vt 0.0 0.048121 0.0
vt 0.996752 0.01424 0.0
vt 0.906075 0.296828 0.0
vt 0.905875 0.048121 0.0
vt 0.0 0.025761 0.0
vt 0.0002 0.219937 0.0
vt 0.98951 0.053985 0.0
vt -0.000122 0.156096 0.0
vt 0.905875 0.034093 0.0
vt -0.000122 0.210448 0.0
vt 0.0 0.048121 0.0
vt 0.905753 0.210448 0.0
vt 0.94318 0.000413 0.0
vt 0.905875 0.048121 0.0
vt 0.905753 0.156096 0.0
vt 0.0 0.034093 0.0
vt 0.996752 0.000413 0.0
vt 0.0 0.012881 0.0
vt 0.906075 0.259595 0.0
vt 0.905875 0.025761 0.0
vt 0.906075 0.219937 0.0
vt 0.906075 0.297453 0.0
vt 0.0 0.06215 0.0
vt 0.0002 0.297453 0.0
vt 0.94318 0.01424 0.0
vt 0.905875 0.06215 0.0
vt 0.905875 0.012881 0.0
vt 0.0002 0.259595 0.0
vt 0.950422 0.053985 0.0
vt 0.906075 0.312903 0.0
vt 0.905875 0.093759 0.0
vt 0.906075 0.281378 0.0
vt 0.0 0.06215 0.0
vt 0.000512 0.330358 0.0
vt 0.905875 0.121202 0.0
vt 0.906387 0.330358 0.0
vt 0.0 0.121202 0.0
vt 0.980908 0.041289 0.0
vt 0.000512 0.32163 0.0
vt 0.0 0.0 0.0
vt 0.000512 0.312903 0.0
vt 0.0 0.089593 0.0
vt 0.0002 0.281378 0.0
vt 0.905875 0.06215 0.0
vt 0.959024 0.01424 0.0
vt 0.906387 0.32163 0.0
vt 0.905875 0.0 0.0
vt 0.950422 0.041289 0.0
vt 0.906387 0.312903 0.0
vt 0.905875 0.089593 0.0
vt 0.959024 0.041289 0.0
vt 0.0002 0.312903 0.0
vt 0.0 0.093759 0.0
vt 0.980908 0.01424 0.0
vt 0.000512 0.32163 0.0
vt 0.905875 0.012881 0.0
vt 0.906387 0.32163 0.0
vt 0.0 0.012881 0.0
vt 0.98951 0.041289 0.0
vt 0.0002 0.296828 0.0
vt 0.0 0.048121 0.0
vt 0.996752 0.01424 0.0
vt 0.906075 0.296828 0.0
vt 0.905875 0.048121 0.0
vt 0.0 0.025761 0.0
vt 0.0002 0.219937 0.0
vt 0.98951 0.053985 0.0
vt 0.99905 0.183297 0.0
vt 0.93931 0.183297 0.0
vt 0.939081 0.132863 0.0
vt 0.99905 0.342604 0.0
vt 0.93931 0.342604 0.0
vt 0.93931 0.183297 0.0
vt 0.99905 0.183297 0.0
vt 0.985655 0.132863 0.0
vt 0.93931 0.342604 0.0
vt 0.99905 0.342604 0.0
vt 0.93931 0.183297 0.0
vt 0.99905 0.183297 0.0
vt 0.985655 0.179437 0.0
vt 0.93931 0.342604 0.0
vt 0.99905 0.342604 0.0
vt 0.93931 0.183297 0.0
vt 0.99905 0.183297 0.0
vt 0.939081 0.179437 0.0
vt 0.93931 0.342604 0.0
vt 0.99905 0.342604 0.0
vt 0.99905 0.183297 0.0
vt 0.93931 0.183297 0.0
vt 0.939081 0.132863 0.0
vt 0.99905 0.342604 0.0
vt 0.93931 0.342604 0.0
vt 0.93931 0.183297 0.0
vt 0.99905 0.183297 0.0
vt 0.985655 0.132863 0.0
vt 0.93931 0.342604 0.0
vt 0.99905 0.342604 0.0
vt 0.93931 0.183297 0.0
vt 0.99905 0.183297 0.0
vt 0.985655 0.179437 0.0
vt 0.93931 0.342604 0.0
vt 0.99905 0.342604 0.0
vt 0.93931 0.183297 0.0
vt 0.99905 0.183297 0.0
vt 0.939081 0.179437 0.0
vt 0.93931 0.342604 0.0
vt 0.99905 0.342604 0.0
vt 0.99905 0.183297 0.0
vt 0.93931 0.183297 0.0
vt 0.939081 0.132863 0.0
vt 0.99905 0.342604 0.0
vt 0.93931 0.342604 0.0
vt 0.93931 0.183297 0.0
vt 0.99905 0.183297 0.0
vt 0.985655 0.132863 0.0
vt 0.93931 0.342604 0.0
vt 0.99905 0.342604 0.0
vt 0.93931 0.183297 0.0
vt 0.99905 0.183297 0.0
vt 0.985655 0.179437 0.0
vt 0.93931 0.342604 0.0
vt 0.99905 0.342604 0.0
vt 0.93931 0.183297 0.0
vt 0.99905 0.183297 0.0
vt 0.939081 0.179437 0.0
vt 0.93931 0.342604 0.0
vt 0.99905 0.342604 0.0
vt 0.99905 0.183297 0.0
vt 0.93931 0.183297 0.0
vt 0.939081 0.132863 0.0
vt 0.99905 0.342604 0.0
vt 0.93931 0.342604 0.0
vt 0.93931 0.183297 0.0
vt 0.99905 0.183297 0.0
vt 0.985655 0.132863 0.0
vt 0.93931 0.342604 0.0
vt 0.99905 0.342604 0.0
vt 0.93931 0.183297 0.0
vt 0.99905 0.183297 0.0
vt 0.985655 0.179437 0.0
vt 0.93931 0.342604 0.0
vt 0.99905 0.342604 0.0
vt 0.93931 0.183297 0.0
vt 0.99905 0.183297 0.0
vt 0.939081 0.179437 0.0
vt 0.93931 0.342604 0.0
vt 0.99905 0.342604 0.0
vt 0.99905 0.183297 0.0
vt 0.93931 0.183297 0.0
vt 0.939081 0.132863 0.0
vt 0.99905 0.342604 0.0
vt 0.93931 0.342604 0.0
vt 0.93931 0.183297 0.0
vt 0.99905 0.183297 0.0
vt 0.985655 0.132863 0.0
vt 0.93931 0.342604 0.0
vt 0.99905 0.342604 0.0
vt 0.93931 0.183297 0.0
vt 0.99905 0.183297 0.0
vt 0.985655 0.179437 0.0
vt 0.93931 0.342604 0.0
vt 0.99905 0.342604 0.0
vt 0.93931 0.183297 0.0
vt 0.99905 0.183297 0.0
vt 0.939081 0.179437 0.0
vt 0.93931 0.342604 0.0
vt 0.99905 0.342604 0.0
vt 0.99905 0.183297 0.0
vt 0.93931 0.183297 0.0
vt 0.939081 0.132863 0.0
vt 0.99905 0.342604 0.0
vt 0.93931 0.342604 0.0
vt 0.93931 0.183297 0.0
vt 0.99905 0.183297 0.0
vt 0.985655 0.132863 0.0
vt 0.93931 0.342604 0.0
vt 0.99905 0.342604 0.0
vt 0.93931 0.183297 0.0
vt 0.99905 0.183297 0.0
vt 0.985655 0.179437 0.0
vt 0.93931 0.342604 0.0
vt 0.99905 0.342604 0.0
vt 0.93931 0.183297 0.0
vt 0.99905 0.183297 0.0
vt 0.939081 0.179437 0.0
vt 0.93931 0.342604 0.0
vt 0.99905 0.342604 0.0
vt 0.99905 0.183297 0.0
vt 0.93931 0.183297 0.0
vt 0.939081 0.132863 0.0
vt 0.99905 0.342604 0.0
vt 0.93931 0.342604 0.0
vt 0.93931 0.183297 0.0
vt 0.99905 0.183297 0.0
vt 0.985655 0.132863 0.0
vt 0.93931 0.342604 0.0
vt 0.99905 0.342604 0.0
vt 0.93931 0.183297 0.0
vt 0.99905 0.183297 0.0
vt 0.985655 0.179437 0.0
vt 0.93931 0.342604 0.0
vt 0.99905 0.342604 0.0
vt 0.93931 0.183297 0.0
vt 0.99905 0.183297 0.0
vt 0.939081 0.179437 0.0
vt 0.93931 0.342604 0.0
vt 0.99905 0.342604 0.0
vt 0.99905 0.183297 0.0
vt 0.93931 0.183297 0.0
vt 0.939081 0.132863 0.0
vt 0.99905 0.342604 0.0
vt 0.93931 0.342604 0.0
vt 0.93931 0.183297 0.0
vt 0.99905 0.183297 0.0
vt 0.985655 0.132863 0.0
vt 0.93931 0.342604 0.0
vt 0.99905 0.342604 0.0
vt 0.93931 0.183297 0.0
vt 0.99905 0.183297 0.0
vt 0.985655 0.179437 0.0
vt 0.93931 0.342604 0.0
vt 0.99905 0.342604 0.0
vt 0.93931 0.183297 0.0
vt 0.99905 0.183297 0.0
vt 0.939081 0.179437 0.0
vt 0.93931 0.342604 0.0
vt 0.99905 0.342604 0.0
vt 0.302823 0.656284 0.0
vt -0.000781 0.781451 0.0
vt -0.000466 0.505675 0.0
vt 0.302823 0.718868 0.0
vt -0.000781 0.844034 0.0
vt 0.000156 0.656284 0.0
vt 0.979692 0.781451 0.0
vt 0.999534 0.505675 0.0
vt 0.000156 0.718868 0.0
vt 0.979692 0.844034 0.0
vt 0.000156 0.718868 0.0
vt 0.146184 0.656284 0.0
vt 0.999534 0.654611 0.0
vt 0.000156 0.781451 0.0
vt 0.146184 0.718868 0.0
vt 0.156795 0.656284 0.0
vt 0.980629 0.718868 0.0
vt -0.000466 0.654611 0.0
vt 0.156795 0.718868 0.0
vt 0.980629 0.781451 0.0
vt 0.302823 0.656284 0.0
vt -0.000781 0.781451 0.0
vt 0.0 0.851064 0.0
vt 0.302823 0.718868 0.0
vt -0.000781 0.844034 0.0
vt -0.000781 0.656284 0.0
vt 0.979692 0.781451 0.0
vt 1.0 0.851064 0.0
vt -0.000781 0.718868 0.0
vt 0.979692 0.844034 0.0
vt -0.000781 0.718868 0.0
vt 0.145247 0.656284 0.0
vt 1.0 1.0 0.0
vt -0.000781 0.781451 0.0
vt 0.145247 0.718868 0.0
vt 0.156795 0.656284 0.0
vt 0.979692 0.718868 0.0
vt 0.0 1.0 0.0
vt 0.156795 0.718868 0.0
vt 0.979692 0.781451 0.0
vt 0.302823 0.656284 0.0
vt -0.000781 0.781451 0.0
vt -0.000103 0.349106 0.0
vt 0.302823 0.718868 0.0
vt -0.000781 0.844034 0.0
vt -0.000781 0.656284 0.0
vt 0.979692 0.781451 0.0
vt 0.999897 0.349106 0.0
vt -0.000781 0.718868 0.0
vt 0.979692 0.844034 0.0
vt -0.000781 0.718868 0.0
vt 0.145247 0.656284 0.0
vt 0.999897 0.498042 0.0
vt -0.000781 0.781451 0.0
vt 0.145247 0.718868 0.0
vt 0.156795 0.656284 0.0
vt 0.979692 0.718868 0.0
vt -0.000103 0.498042 0.0
vt 0.156795 0.718868 0.0
vt 0.979692 0.781451 0.0
vt 0.302823 0.656284 0.0
vt -0.000781 0.781451 0.0
vt 0.0 0.851064 0.0
vt 0.302823 0.718868 0.0
vt -0.000781 0.844034 0.0
vt -0.000781 0.656284 0.0
vt 0.979692 0.781451 0.0
vt 1.0 0.851064 0.0
vt -0.000781 0.718868 0.0
vt 0.979692 0.844034 0.0
vt -0.000781 0.718868 0.0
vt 0.145247 0.656284 0.0
vt 1.0 1.0 0.0
vt -0.000781 0.781451 0.0
vt 0.145247 0.718868 0.0
vt 0.156795 0.656284 0.0
vt 0.979692 0.718868 0.0
vt 0.0 1.0 0.0
vt 0.156795 0.718868 0.0
vt 0.979692 0.781451 0.0
vt -0.000122 0.156096 0.0
vt 0.905875 0.034093 0.0
vt 0.942399 0.062186 0.0
vt -0.000122 0.210448 0.0
vt 0.995971 0.062186 0.0
vt 0.0 0.048121 0.0
vt 0.804443 0.156096 0.0
vt 0.10131 0.034093 0.0
vt 0.804443 0.210448 0.0
vt 0.804564 0.048121 0.0
vt 0.0 0.012881 0.0
vt 0.906075 0.259595 0.0
vt 0.988729 0.115757 0.0
vt 0.905875 0.025761 0.0
vt 0.906075 0.219937 0.0
vt 0.949641 0.115757 0.0
vt 0.906075 0.297453 0.0
vt 0.995971 0.076013 0.0
vt 0.0 0.06215 0.0
vt 0.804564 0.012881 0.0
vt 0.10151 0.259595 0.0
vt 0.10131 0.025761 0.0
vt 0.10151 0.219937 0.0
vt 0.906075 0.312903 0.0
vt 0.905875 0.093759 0.0
vt 0.958243 0.076013 0.0
vt 0.906075 0.281378 0.0
vt 0.0 0.06215 0.0
vt 0.980127 0.076013 0.0
vt 0.000512 0.330358 0.0
vt 0.905875 0.121202 0.0
vt 0.958243 0.103062 0.0
vt 0.10151 0.297453 0.0
vt 0.804564 0.06215 0.0
vt 0.000512 0.32163 0.0
vt 0.0 0.0 0.0
vt 0.988729 0.103062 0.0
vt 0.000512 0.312903 0.0
vt 0.0 0.089593 0.0
vt 0.980127 0.103062 0.0
vt 0.10151 0.312903 0.0
vt 0.10131 0.093759 0.0
vt 0.10151 0.281378 0.0
vt 0.804564 0.06215 0.0
vt 0.805076 0.330358 0.0
vt 0.10131 0.121202 0.0
vt 0.805076 0.32163 0.0
vt 0.804564 0.0 0.0
vt 0.000512 0.32163 0.0
vt 0.905875 0.012881 0.0
vt 0.949641 0.103062 0.0
vt 0.805076 0.312903 0.0
vt 0.804564 0.089593 0.0
vt 0.805076 0.32163 0.0
vt 0.10131 0.012881 0.0
vt 0.906075 0.296828 0.0
vt 0.905875 0.048121 0.0
vt 0.942399 0.076013 0.0
vt 0.10151 0.296828 0.0
vt 0.10131 0.048121 0.0
vt 0.942453 0.062187 0.0
vt 0.122957 0.156096 0.0
vt 0.782797 0.034093 0.0
vt 0.99595 0.062187 0.0
vt 0.122957 0.210448 0.0
vt 0.123078 0.048121 0.0
vt 0.869582 0.156096 0.0
vt 0.036171 0.034093 0.0
vt 0.869582 0.210448 0.0
vt 0.869704 0.048121 0.0
vt 0.988719 0.115685 0.0
vt 0.782996 0.259595 0.0
vt 0.123078 0.012881 0.0
vt 0.949684 0.115685 0.0
vt 0.782996 0.219937 0.0
vt 0.782797 0.025761 0.0
vt 0.99595 0.075995 0.0
vt 0.123078 0.06215 0.0
vt 0.782996 0.297453 0.0
vt 0.036371 0.259595 0.0
vt 0.869704 0.012881 0.0
vt 0.036371 0.219937 0.0
vt 0.036171 0.025761 0.0
vt 0.958275 0.075995 0.0
vt 0.782996 0.312903 0.0
vt 0.782797 0.093759 0.0
vt 0.980129 0.075995 0.0
vt 0.782996 0.281378 0.0
vt 0.123078 0.06215 0.0
vt 0.958275 0.103007 0.0
vt 0.12359 0.330358 0.0
vt 0.782797 0.121202 0.0
vt 0.869704 0.06215 0.0
vt 0.036371 0.297453 0.0
vt 0.988719 0.103007 0.0
vt 0.12359 0.32163 0.0
vt 0.123078 0.0 0.0
vt 0.980129 0.103007 0.0
vt 0.12359 0.312903 0.0
vt 0.123078 0.089593 0.0
vt 0.036371 0.312903 0.0
vt 0.036171 0.093759 0.0
vt 0.036371 0.281378 0.0
vt 0.869704 0.06215 0.0
vt 0.870216 0.330358 0.0
vt 0.036171 0.121202 0.0
vt 0.870216 0.32163 0.0
vt 0.869704 0.0 0.0
vt 0.949684 0.103007 0.0
vt 0.12359 0.32163 0.0
vt 0.782797 0.012881 0.0
vt 0.870216 0.312903 0.0
vt 0.869704 0.089593 0.0
vt 0.870216 0.32163 0.0
vt 0.036171 0.012881 0.0
vt 0.942453 0.075995 0.0
vt 0.782996 0.296828 0.0
vt 0.782797 0.048121 0.0
vt 0.036371 0.296828 0.0
vt 0.036171 0.048121 0.0
vt 0.059971 0.156096 0.0
vt 0.845782 0.034093 0.0
vt 0.059971 0.210448 0.0
vt 0.060093 0.048121 0.0
vt 0.854994 0.156096 0.0
vt 0.050759 0.034093 0.0
vt 0.854994 0.210448 0.0
vt 0.855116 0.048121 0.0
vt 0.060093 0.012881 0.0
vt 0.845982 0.259595 0.0
vt 0.845782 0.025761 0.0
vt 0.845982 0.219937 0.0
vt 0.845982 0.297453 0.0
vt 0.060093 0.06215 0.0
vt 0.855116 0.012881 0.0
vt 0.050959 0.259595 0.0
vt 0.050759 0.025761 0.0
vt 0.050959 0.219937 0.0
vt 0.845982 0.312903 0.0
vt 0.845782 0.093759 0.0
vt 0.845982 0.281378 0.0
vt 0.060093 0.06215 0.0
vt 0.060605 0.330358 0.0
vt 0.845782 0.121202 0.0
vt 0.050959 0.297453 0.0
vt 0.855116 0.06215 0.0
vt 0.060605 0.32163 0.0
vt 0.060093 0.0 0.0
vt 0.060605 0.312903 0.0
vt 0.060093 0.089593 0.0
vt 0.050959 0.312903 0.0
vt 0.050759 0.093759 0.0
vt 0.050959 0.281378 0.0
vt 0.855116 0.06215 0.0
vt 0.855628 0.330358 0.0
vt 0.050759 0.121202 0.0
vt 0.855628 0.32163 0.0
vt 0.855116 0.0 0.0
vt 0.060605 0.32163 0.0
vt 0.845782 0.012881 0.0
vt 0.855628 0.312903 0.0
vt 0.855116 0.089593 0.0
vt 0.855628 0.32163 0.0
vt 0.050759 0.012881 0.0
vt 0.845982 0.296828 0.0
vt 0.845782 0.048121 0.0
vt 0.050959 0.296828 0.0
vt 0.050759 0.048121 0.0
vt -0.000122 0.156096 0.0
vt 0.905875 0.034093 0.0
vt 0.942399 0.062186 0.0
vt -0.000122 0.210448 0.0
vt 0.0 0.048121 0.0
vt 0.995971 0.062186 0.0
vt 0.942293 0.06219 0.0
vt 0.815375 0.156096 0.0
vt 0.090378 0.034093 0.0
vt 0.995906 0.06219 0.0
vt 0.815375 0.210448 0.0
vt 0.815497 0.048121 0.0
vt 0.0 0.012881 0.0
vt 0.906075 0.259595 0.0
vt 0.988729 0.115757 0.0
vt 0.905875 0.025761 0.0
vt 0.906075 0.219937 0.0
vt 0.949641 0.115757 0.0
vt 0.906075 0.297453 0.0
vt 0.0 0.06215 0.0
vt 0.995971 0.076013 0.0
vt 0.988659 0.115803 0.0
vt 0.815497 0.012881 0.0
vt 0.090578 0.259595 0.0
vt 0.94954 0.115803 0.0
vt 0.090378 0.025761 0.0
vt 0.090578 0.219937 0.0
vt 0.906075 0.312903 0.0
vt 0.905875 0.093759 0.0
vt 0.958243 0.076013 0.0
vt 0.906075 0.281378 0.0
vt 0.0 0.06215 0.0
vt 0.980127 0.076013 0.0
vt 0.000512 0.330358 0.0
vt 0.905875 0.121202 0.0
vt 0.958243 0.103062 0.0
vt 0.995906 0.076028 0.0
vt 0.090578 0.297453 0.0
vt 0.815497 0.06215 0.0
vt 0.000512 0.32163 0.0
vt 0.0 0.0 0.0
vt 0.988729 0.103062 0.0
vt 0.000512 0.312903 0.0
vt 0.0 0.089593 0.0
vt 0.980127 0.103062 0.0
vt 0.958149 0.076028 0.0
vt 0.090578 0.312903 0.0
vt 0.090378 0.093759 0.0
vt 0.98005 0.076028 0.0
vt 0.090578 0.281378 0.0
vt 0.815497 0.06215 0.0
vt 0.958149 0.103098 0.0
vt 0.816009 0.330358 0.0
vt 0.090378 0.121202 0.0
vt 0.988659 0.103098 0.0
vt 0.816009 0.32163 0.0
vt 0.815497 0.0 0.0
vt 0.000512 0.32163 0.0
vt 0.905875 0.012881 0.0
vt 0.949641 0.103062 0.0
vt 0.98005 0.103098 0.0
vt 0.816009 0.312903 0.0
vt 0.815497 0.089593 0.0
vt 0.94954 0.103098 0.0
vt 0.816009 0.32163 0.0
vt 0.090378 0.012881 0.0
vt 0.906075 0.296828 0.0
vt 0.905875 0.048121 0.0
vt 0.942399 0.076013 0.0
vt 0.942293 0.076028 0.0
vt 0.090578 0.296828 0.0
vt 0.090378 0.048121 0.0
vt 0.99905 0.183297 0.0
vt 0.93931 0.183297 0.0
vt 0.939081 0.132863 0.0
vt 0.99905 0.342604 0.0
vt 0.93931 0.342604 0.0
vt 0.93931 0.183297 0.0
vt 0.99905 0.183297 0.0
vt 0.985655 0.132863 0.0
vt 0.93931 0.342604 0.0
vt 0.99905 0.342604 0.0
vt 0.93931 0.183297 0.0
vt 0.99905 0.183297 0.0
vt 0.985655 0.179437 0.0
vt 0.93931 0.342604 0.0
vt 0.99905 0.342604 0.0
vt 0.93931 0.183297 0.0
vt 0.99905 0.183297 0.0
vt 0.939081 0.179437 0.0
vt 0.93931 0.342604 0.0
vt 0.99905 0.342604 0.0
vt 0.99905 0.183297 0.0
vt 0.93931 0.183297 0.0
vt 0.939081 0.132863 0.0
vt 0.99905 0.342604 0.0
vt 0.93931 0.342604 0.0
vt 0.93931 0.183297 0.0
vt 0.99905 0.183297 0.0
vt 0.985655 0.132863 0.0
vt 0.93931 0.342604 0.0
vt 0.99905 0.342604 0.0
vt 0.93931 0.183297 0.0
vt 0.99905 0.183297 0.0
vt 0.985655 0.179437 0.0
vt 0.93931 0.342604 0.0
vt 0.99905 0.342604 0.0
vt 0.93931 0.183297 0.0
vt 0.99905 0.183297 0.0
vt 0.939081 0.179437 0.0
vt 0.93931 0.342604 0.0
vt 0.99905 0.342604 0.0
vt 0.99905 0.183297 0.0
vt 0.93931 0.183297 0.0
vt 0.939081 0.132863 0.0
vt 0.99905 0.342604 0.0
vt 0.93931 0.342604 0.0
vt 0.93931 0.183297 0.0
vt 0.99905 0.183297 0.0
vt 0.985655 0.132863 0.0
vt 0.93931 0.342604 0.0
vt 0.99905 0.342604 0.0
vt 0.93931 0.183297 0.0
vt 0.99905 0.183297 0.0
vt 0.985655 0.179437 0.0
vt 0.93931 0.342604 0.0
vt 0.99905 0.342604 0.0
vt 0.93931 0.183297 0.0
vt 0.99905 0.183297 0.0
vt 0.939081 0.179437 0.0
vt 0.93931 0.342604 0.0
vt 0.99905 0.342604 0.0
vt 0.99905 0.183297 0.0
vt 0.93931 0.183297 0.0
vt 0.939081 0.132863 0.0
vt 0.99905 0.342604 0.0
vt 0.93931 0.342604 0.0
vt 0.93931 0.183297 0.0
vt 0.99905 0.183297 0.0
vt 0.985655 0.132863 0.0
vt 0.93931 0.342604 0.0
vt 0.99905 0.342604 0.0
vt 0.93931 0.183297 0.0
vt 0.99905 0.183297 0.0
vt 0.985655 0.179437 0.0
vt 0.93931 0.342604 0.0
vt 0.99905 0.342604 0.0
vt 0.93931 0.183297 0.0
vt 0.99905 0.183297 0.0
vt 0.939081 0.179437 0.0
vt 0.93931 0.342604 0.0
vt 0.99905 0.342604 0.0
vt 0.99905 0.183297 0.0
vt 0.93931 0.183297 0.0
vt 0.939081 0.132863 0.0
vt 0.99905 0.342604 0.0
vt 0.93931 0.342604 0.0
vt 0.93931 0.183297 0.0
vt 0.99905 0.183297 0.0
vt 0.985655 0.132863 0.0
vt 0.93931 0.342604 0.0
vt 0.99905 0.342604 0.0
vt 0.93931 0.183297 0.0
vt 0.99905 0.183297 0.0
vt 0.985655 0.179437 0.0
vt 0.93931 0.342604 0.0
vt 0.99905 0.342604 0.0
vt 0.93931 0.183297 0.0
vt 0.99905 0.183297 0.0
vt 0.939081 0.179437 0.0
vt 0.93931 0.342604 0.0
vt 0.99905 0.342604 0.0
vt 0.99905 0.183297 0.0
vt 0.93931 0.183297 0.0
vt 0.939081 0.132863 0.0
vt 0.99905 0.342604 0.0
vt 0.93931 0.342604 0.0
vt 0.93931 0.183297 0.0
vt 0.99905 0.183297 0.0
vt 0.985655 0.132863 0.0
vt 0.93931 0.342604 0.0
vt 0.99905 0.342604 0.0
vt 0.93931 0.183297 0.0
vt 0.99905 0.183297 0.0
vt 0.985655 0.179437 0.0
vt 0.93931 0.342604 0.0
vt 0.99905 0.342604 0.0
vt 0.93931 0.183297 0.0
vt 0.99905 0.183297 0.0
vt 0.939081 0.179437 0.0
vt 0.93931 0.342604 0.0
vt 0.99905 0.342604 0.0
vt 0.99905 0.183297 0.0
vt 0.93931 0.183297 0.0
vt 0.939081 0.132863 0.0
vt 0.99905 0.342604 0.0
vt 0.93931 0.342604 0.0
vt 0.93931 0.183297 0.0
vt 0.99905 0.183297 0.0
vt 0.985655 0.132863 0.0
vt 0.93931 0.342604 0.0
vt 0.99905 0.342604 0.0
vt 0.93931 0.183297 0.0
vt 0.99905 0.183297 0.0
vt 0.985655 0.179437 0.0
vt 0.93931 0.342604 0.0
vt 0.99905 0.342604 0.0
vt 0.93931 0.183297 0.0
vt 0.99905 0.183297 0.0
vt 0.939081 0.179437 0.0
vt 0.93931 0.342604 0.0
vt 0.99905 0.342604 0.0
vt 0.99905 0.183297 0.0
vt 0.93931 0.183297 0.0
vt 0.939081 0.132863 0.0
vt 0.99905 0.342604 0.0
vt 0.93931 0.342604 0.0
vt 0.93931 0.183297 0.0
vt 0.99905 0.183297 0.0
vt 0.985655 0.132863 0.0
vt 0.93931 0.342604 0.0
vt 0.99905 0.342604 0.0
vt 0.93931 0.183297 0.0
vt 0.99905 0.183297 0.0
vt 0.985655 0.179437 0.0
vt 0.93931 0.342604 0.0
vt 0.99905 0.342604 0.0
vt 0.93931 0.183297 0.0
vt 0.99905 0.183297 0.0
vt 0.939081 0.179437 0.0
vt 0.93931 0.342604 0.0
vt 0.99905 0.342604 0.0
vt 0.302823 0.656284 0.0
vt -0.000781 0.781451 0.0
vt -0.000466 0.505675 0.0
vt 0.302823 0.718868 0.0
vt -0.000781 0.844034 0.0
vt 0.000156 0.656284 0.0
vt 0.979692 0.781451 0.0
vt 0.999534 0.505675 0.0
vt 0.000156 0.718868 0.0
vt 0.979692 0.844034 0.0
vt 0.000156 0.718868 0.0
vt 0.146184 0.656284 0.0
vt 0.999534 0.654611 0.0
vt 0.000156 0.781451 0.0
vt 0.146184 0.718868 0.0
vt 0.156795 0.656284 0.0
vt 0.980629 0.718868 0.0
vt -0.000466 0.654611 0.0
vt 0.156795 0.718868 0.0
vt 0.980629 0.781451 0.0
vt 0.302823 0.656284 0.0
vt -0.000781 0.781451 0.0
vt 0.0 0.851064 0.0
vt 0.302823 0.718868 0.0
vt -0.000781 0.844034 0.0
vt -0.000781 0.656284 0.0
vt 0.979692 0.781451 0.0
vt 1.0 0.851064 0.0
vt -0.000781 0.718868 0.0
vt 0.979692 0.844034 0.0
vt -0.000781 0.718868 0.0
vt 0.145247 0.656284 0.0
vt 1.0 1.0 0.0
vt -0.000781 0.781451 0.0
vt 0.145247 0.718868 0.0
vt 0.156795 0.656284 0.0
vt 0.979692 0.718868 0.0
vt 0.0 1.0 0.0
vt 0.156795 0.718868 0.0
vt 0.979692 0.781451 0.0
vt 0.302823 0.656284 0.0
vt -0.000781 0.781451 0.0
vt -0.000103 0.349106 0.0
vt 0.302823 0.718868 0.0
vt -0.000781 0.844034 0.0
vt -0.000781 0.656284 0.0
vt 0.979692 0.781451 0.0
vt 0.999897 0.349106 0.0
vt -0.000781 0.718868 0.0
vt 0.979692 0.844034 0.0
vt -0.000781 0.718868 0.0
vt 0.145247 0.656284 0.0
vt 0.999897 0.498042 0.0
vt -0.000781 0.781451 0.0
vt 0.145247 0.718868 0.0
vt 0.156795 0.656284 0.0
vt 0.979692 0.718868 0.0
vt -0.000103 0.498042 0.0
vt 0.156795 0.718868 0.0
vt 0.979692 0.781451 0.0
vt 0.302823 0.656284 0.0
vt -0.000781 0.781451 0.0
vt 0.0 0.851064 0.0
vt 0.302823 0.718868 0.0
vt -0.000781 0.844034 0.0
vt -0.000781 0.656284 0.0
vt 0.979692 0.781451 0.0
vt 1.0 0.851064 0.0
vt -0.000781 0.718868 0.0
vt 0.979692 0.844034 0.0
vt -0.000781 0.718868 0.0
vt 0.145247 0.656284 0.0
vt 1.0 1.0 0.0
vt -0.000781 0.781451 0.0
vt 0.145247 0.718868 0.0
vt 0.156795 0.656284 0.0
vt 0.979692 0.718868 0.0
vt 0.0 1.0 0.0
vt 0.156795 0.718868 0.0
vt 0.979692 0.781451 0.0
vt 0.043977 0.156096 0.0
vt 0.861777 0.034093 0.0
vt 0.043977 0.210448 0.0
vt 0.044098 0.048121 0.0
vt 0.785004 0.156096 0.0
vt 0.120749 0.034093 0.0
vt 0.785004 0.210448 0.0
vt 0.785125 0.048121 0.0
vt 0.044098 0.012881 0.0
vt 0.861976 0.259595 0.0
vt 0.861777 0.025761 0.0
vt 0.861976 0.219937 0.0
vt 0.861976 0.297453 0.0
vt 0.044098 0.06215 0.0
vt 0.785125 0.012881 0.0
vt 0.120949 0.259595 0.0
vt 0.120749 0.025761 0.0
vt 0.120949 0.219937 0.0
vt 0.861976 0.312903 0.0
vt 0.861777 0.093759 0.0
vt 0.861976 0.281378 0.0
vt 0.044098 0.06215 0.0
vt 0.04461 0.330358 0.0
vt 0.861777 0.121202 0.0
vt 0.120949 0.297453 0.0
vt 0.785125 0.06215 0.0
vt 0.04461 0.32163 0.0
vt 0.044098 0.0 0.0
vt 0.04461 0.312903 0.0
vt 0.044098 0.089593 0.0
vt 0.120949 0.312903 0.0
vt 0.120749 0.093759 0.0
vt 0.120949 0.281378 0.0
vt 0.785125 0.06215 0.0
vt 0.785638 0.330358 0.0
vt 0.120749 0.121202 0.0
vt 0.785638 0.32163 0.0
vt 0.785125 0.0 0.0
vt 0.04461 0.32163 0.0
vt 0.861777 0.012881 0.0
vt 0.785638 0.312903 0.0
vt 0.785125 0.089593 0.0
vt 0.785638 0.32163 0.0
vt 0.120749 0.012881 0.0
vt 0.861976 0.296828 0.0
vt 0.861777 0.048121 0.0
vt 0.120949 0.296828 0.0
vt 0.120749 0.048121 0.0
vt 0.948146 0.006978 0.0
vt 0.103454 0.156096 0.0
vt 0.802299 0.034093 0.0
vt 0.990425 0.006978 0.0
vt 0.103454 0.210448 0.0
vt 0.103576 0.048121 0.0
vt 0.818772 0.156096 0.0
vt 0.086982 0.034093 0.0
vt 0.818772 0.210448 0.0
vt 0.818893 0.048121 0.0
vt 0.98471 0.049257 0.0
vt 0.103576 0.012881 0.0
vt 0.802499 0.259595 0.0
vt 0.953861 0.049257 0.0
vt 0.802299 0.025761 0.0
vt 0.802499 0.219937 0.0
vt 0.990425 0.017891 0.0
vt 0.802499 0.297453 0.0
vt 0.103576 0.06215 0.0
vt 0.818893 0.012881 0.0
vt 0.087181 0.259595 0.0
vt 0.086982 0.025761 0.0
vt 0.087181 0.219937 0.0
vt 0.96065 0.017891 0.0
vt 0.802499 0.312903 0.0
vt 0.802299 0.093759 0.0
vt 0.977921 0.017891 0.0
vt 0.802499 0.281378 0.0
vt 0.103576 0.06215 0.0
vt 0.96065 0.039238 0.0
vt 0.104088 0.330358 0.0
vt 0.802299 0.121202 0.0
vt 0.087181 0.297453 0.0
vt 0.818893 0.06215 0.0
vt 0.98471 0.039238 0.0
vt 0.104088 0.32163 0.0
vt 0.103576 0.0 0.0
vt 0.977921 0.039238 0.0
vt 0.104088 0.312903 0.0
vt 0.103576 0.089593 0.0
vt 0.087181 0.312903 0.0
vt 0.086982 0.093759 0.0
vt 0.087181 0.281378 0.0
vt 0.818893 0.06215 0.0
vt 0.819405 0.330358 0.0
vt 0.086982 0.121202 0.0
vt 0.819405 0.32163 0.0
vt 0.818893 0.0 0.0
vt 0.953861 0.039238 0.0
vt 0.104088 0.32163 0.0
vt 0.802299 0.012881 0.0
vt 0.819405 0.312903 0.0
vt 0.818893 0.089593 0.0
vt 0.819405 0.32163 0.0
vt 0.086982 0.012881 0.0
vt 0.948146 0.017891 0.0
vt 0.802499 0.296828 0.0
vt 0.802299 0.048121 0.0
vt 0.087181 0.296828 0.0
vt 0.086982 0.048121 0.0
vt 0.99905 0.183297 0.0
vt 0.93931 0.183297 0.0
vt 0.939081 0.132863 0.0
vt 0.99905 0.342604 0.0
vt 0.93931 0.342604 0.0
vt 0.93931 0.183297 0.0
vt 0.99905 0.183297 0.0
vt 0.985655 0.132863 0.0
vt 0.93931 0.342604 0.0
vt 0.99905 0.342604 0.0
vt 0.93931 0.183297 0.0
vt 0.99905 0.183297 0.0
vt 0.985655 0.179437 0.0
vt 0.93931 0.342604 0.0
vt 0.99905 0.342604 0.0
vt 0.93931 0.183297 0.0
vt 0.99905 0.183297 0.0
vt 0.939081 0.179437 0.0
vt 0.93931 0.342604 0.0
vt 0.99905 0.342604 0.0
vt 0.99905 0.183297 0.0
vt 0.93931 0.183297 0.0
vt 0.939081 0.132863 0.0
vt 0.99905 0.342604 0.0
vt 0.93931 0.342604 0.0
vt 0.93931 0.183297 0.0
vt 0.99905 0.183297 0.0
vt 0.985655 0.132863 0.0
vt 0.93931 0.342604 0.0
vt 0.99905 0.342604 0.0
vt 0.93931 0.183297 0.0
vt 0.99905 0.183297 0.0
vt 0.985655 0.179437 0.0
vt 0.93931 0.342604 0.0
vt 0.99905 0.342604 0.0
vt 0.93931 0.183297 0.0
vt 0.99905 0.183297 0.0
vt 0.939081 0.179437 0.0
vt 0.93931 0.342604 0.0
vt 0.99905 0.342604 0.0
vt 0.99905 0.183297 0.0
vt 0.93931 0.183297 0.0
vt 0.939081 0.132863 0.0
vt 0.99905 0.342604 0.0
vt 0.93931 0.342604 0.0
vt 0.93931 0.183297 0.0
vt 0.99905 0.183297 0.0
vt 0.985655 0.132863 0.0
vt 0.93931 0.342604 0.0
vt 0.99905 0.342604 0.0
vt 0.93931 0.183297 0.0
vt 0.99905 0.183297 0.0
vt 0.985655 0.179437 0.0
vt 0.93931 0.342604 0.0
vt 0.99905 0.342604 0.0
vt 0.93931 0.183297 0.0
vt 0.99905 0.183297 0.0
vt 0.939081 0.179437 0.0
vt 0.93931 0.342604 0.0
vt 0.99905 0.342604 0.0
vt 0.99905 0.183297 0.0
vt 0.93931 0.183297 0.0
vt 0.939081 0.132863 0.0
vt 0.99905 0.342604 0.0
vt 0.93931 0.342604 0.0
vt 0.93931 0.183297 0.0
vt 0.99905 0.183297 0.0
vt 0.985655 0.132863 0.0
vt 0.93931 0.342604 0.0
vt 0.99905 0.342604 0.0
vt 0.93931 0.183297 0.0
vt 0.99905 0.183297 0.0
vt 0.985655 0.179437 0.0
vt 0.93931 0.342604 0.0
vt 0.99905 0.342604 0.0
vt 0.93931 0.183297 0.0
vt 0.99905 0.183297 0.0
vt 0.939081 0.179437 0.0
vt 0.93931 0.342604 0.0
vt 0.99905 0.342604 0.0
vt 0.99905 0.183297 0.0
vt 0.93931 0.183297 0.0
vt 0.939081 0.132863 0.0
vt 0.99905 0.342604 0.0
vt 0.93931 0.342604 0.0
vt 0.93931 0.183297 0.0
vt 0.99905 0.183297 0.0
vt 0.985655 0.132863 0.0
vt 0.93931 0.342604 0.0
vt 0.99905 0.342604 0.0
vt 0.93931 0.183297 0.0
vt 0.99905 0.183297 0.0
vt 0.985655 0.179437 0.0
vt 0.93931 0.342604 0.0
vt 0.99905 0.342604 0.0
vt 0.93931 0.183297 0.0
vt 0.99905 0.183297 0.0
vt 0.939081 0.179437 0.0
vt 0.93931 0.342604 0.0
vt 0.99905 0.342604 0.0
vt 0.99905 0.183297 0.0
vt 0.93931 0.183297 0.0
vt 0.939081 0.132863 0.0
vt 0.99905 0.342604 0.0
vt 0.93931 0.342604 0.0
vt 0.93931 0.183297 0.0
vt 0.99905 0.183297 0.0
vt 0.985655 0.132863 0.0
vt 0.93931 0.342604 0.0
vt 0.99905 0.342604 0.0
vt 0.93931 0.183297 0.0
vt 0.99905 0.183297 0.0
vt 0.985655 0.179437 0.0
vt 0.93931 0.342604 0.0
vt 0.99905 0.342604 0.0
vt 0.93931 0.183297 0.0
vt 0.99905 0.183297 0.0
vt 0.939081 0.179437 0.0
vt 0.93931 0.342604 0.0
vt 0.99905 0.342604 0.0
vt 0.99905 0.183297 0.0
vt 0.93931 0.183297 0.0
vt 0.939081 0.132863 0.0
vt 0.99905 0.342604 0.0
vt 0.93931 0.342604 0.0
vt 0.93931 0.183297 0.0
vt 0.99905 0.183297 0.0
vt 0.985655 0.132863 0.0
vt 0.93931 0.342604 0.0
vt 0.99905 0.342604 0.0
vt 0.93931 0.183297 0.0
vt 0.99905 0.183297 0.0
vt 0.985655 0.179437 0.0
vt 0.93931 0.342604 0.0
vt 0.99905 0.342604 0.0
vt 0.93931 0.183297 0.0
vt 0.99905 0.183297 0.0
vt 0.939081 0.179437 0.0
vt 0.93931 0.342604 0.0
vt 0.99905 0.342604 0.0
vt 0.99905 0.183297 0.0
vt 0.93931 0.183297 0.0
vt 0.939081 0.132863 0.0
vt 0.99905 0.342604 0.0
vt 0.93931 0.342604 0.0
vt 0.93931 0.183297 0.0
vt 0.99905 0.183297 0.0
vt 0.985655 0.132863 0.0
vt 0.93931 0.342604 0.0
vt 0.99905 0.342604 0.0
vt 0.93931 0.183297 0.0
vt 0.99905 0.183297 0.0
vt 0.985655 0.179437 0.0
vt 0.93931 0.342604 0.0
vt 0.99905 0.342604 0.0
vt 0.93931 0.183297 0.0
vt 0.99905 0.183297 0.0
vt 0.939081 0.179437 0.0
vt 0.93931 0.342604 0.0
vt 0.99905 0.342604 0.0
vt 0.302823 0.656284 0.0
vt -0.000781 0.781451 0.0
vt -0.000466 0.505675 0.0
vt 0.302823 0.718868 0.0
vt -0.000781 0.844034 0.0
vt 0.000156 0.656284 0.0
vt 0.979692 0.781451 0.0
vt 0.999534 0.505675 0.0
vt 0.000156 0.718868 0.0
vt 0.979692 0.844034 0.0
vt 0.000156 0.718868 0.0
vt 0.146184 0.656284 0.0
vt 0.999534 0.654611 0.0
vt 0.000156 0.781451 0.0
vt 0.146184 0.718868 0.0
vt 0.156795 0.656284 0.0
vt 0.980629 0.718868 0.0
vt -0.000466 0.654611 0.0
vt 0.156795 0.718868 0.0
vt 0.980629 0.781451 0.0
vt 0.302823 0.656284 0.0
vt -0.000781 0.781451 0.0
vt 0.0 0.851064 0.0
vt 0.302823 0.718868 0.0
vt -0.000781 0.844034 0.0
vt -0.000781 0.656284 0.0
vt 0.979692 0.781451 0.0
vt 1.0 0.851064 0.0
vt -0.000781 0.718868 0.0
vt 0.979692 0.844034 0.0
vt -0.000781 0.718868 0.0
vt 0.145247 0.656284 0.0
vt 1.0 1.0 0.0
vt -0.000781 0.781451 0.0
vt 0.145247 0.718868 0.0
vt 0.156795 0.656284 0.0
vt 0.979692 0.718868 0.0
vt 0.0 1.0 0.0
vt 0.156795 0.718868 0.0
vt 0.979692 0.781451 0.0
vt 0.302823 0.656284 0.0
vt -0.000781 0.781451 0.0
vt -0.000103 0.349106 0.0
vt 0.302823 0.718868 0.0
vt -0.000781 0.844034 0.0
vt -0.000781 0.656284 0.0
vt 0.979692 0.781451 0.0
vt 0.999897 0.349106 0.0
vt -0.000781 0.718868 0.0
vt 0.979692 0.844034 0.0
vt -0.000781 0.718868 0.0
vt 0.145247 0.656284 0.0
vt 0.999897 0.498042 0.0
vt -0.000781 0.781451 0.0
vt 0.145247 0.718868 0.0
vt 0.156795 0.656284 0.0
vt 0.979692 0.718868 0.0
vt -0.000103 0.498042 0.0
vt 0.156795 0.718868 0.0
vt 0.979692 0.781451 0.0
vt -0.000781 0.781451 0.0
vt 0.302823 0.656284 0.0
vt -0.000781 0.844034 0.0
vt 0.0 0.851064 0.0
vt 0.302823 0.718868 0.0
vt 0.979692 0.781451 0.0
vt -0.000781 0.656284 0.0
vt 0.979692 0.844034 0.0
vt 1.0 0.851064 0.0
vt -0.000781 0.718868 0.0
vt -0.000781 0.718868 0.0
vt 0.145247 0.656284 0.0
vt 1.0 1.0 0.0
vt -0.000781 0.781451 0.0
vt 0.145247 0.718868 0.0
vt 0.156795 0.656284 0.0
vt 0.979692 0.718868 0.0
vt 0.0 1.0 0.0
vt 0.156795 0.718868 0.0
vt 0.979692 0.781451 0.0
vt -0.000122 0.156096 0.0
vt 0.905875 0.034093 0.0
vt -0.000122 0.210448 0.0
vt 0.0 0.048121 0.0
vt 0.905753 0.210448 0.0
vt 0.905875 0.048121 0.0
vt 0.905753 0.156096 0.0
vt 0.0 0.034093 0.0
vt 0.0 0.012881 0.0
vt 0.906075 0.259595 0.0
vt 0.905875 0.025761 0.0
vt 0.906075 0.219937 0.0
vt 0.906075 0.297453 0.0
vt 0.0 0.06215 0.0
vt 0.0002 0.297453 0.0
vt 0.905875 0.06215 0.0
vt 0.905875 0.012881 0.0
vt 0.0002 0.259595 0.0
vt 0.906075 0.312903 0.0
vt 0.905875 0.093759 0.0
vt 0.906075 0.281378 0.0
vt 0.0 0.06215 0.0
vt 0.000512 0.330358 0.0
vt 0.905875 0.121202 0.0
vt 0.906387 0.330358 0.0
vt 0.0 0.121202 0.0
vt 0.000512 0.32163 0.0
vt 0.0 0.0 0.0
vt 0.000512 0.312903 0.0
vt 0.0 0.089593 0.0
vt 0.0002 0.281378 0.0
vt 0.905875 0.06215 0.0
vt 0.906387 0.32163 0.0
vt 0.905875 0.0 0.0
vt 0.906387 0.312903 0.0
vt 0.905875 0.089593 0.0
vt 0.0002 0.312903 0.0
vt 0.0 0.093759 0.0
vt 0.000512 0.32163 0.0
vt 0.905875 0.012881 0.0
vt 0.906387 0.32163 0.0
vt 0.0 0.012881 0.0
vt 0.0002 0.296828 0.0
vt 0.0 0.048121 0.0
vt 0.906075 0.296828 0.0
vt 0.905875 0.048121 0.0
vt 0.0 0.025761 0.0
vt 0.0002 0.219937 0.0
vt -0.000122 0.156096 0.0
vt 0.905875 0.034093 0.0
vt -0.000122 0.210448 0.0
vt 0.0 0.048121 0.0
vt 0.890493 0.156096 0.0
vt 0.01526 0.034093 0.0
vt 0.890493 0.210448 0.0
vt 0.890615 0.048121 0.0
vt 0.0 0.012881 0.0
vt 0.906075 0.259595 0.0
vt 0.905875 0.025761 0.0
vt 0.906075 0.219937 0.0
vt 0.906075 0.297453 0.0
vt 0.0 0.06215 0.0
vt 0.890615 0.012881 0.0
vt 0.01546 0.259595 0.0
vt 0.01526 0.025761 0.0
vt 0.01546 0.219937 0.0
vt 0.906075 0.312903 0.0
vt 0.905875 0.093759 0.0
vt 0.906075 0.281378 0.0
vt 0.0 0.06215 0.0
vt 0.000512 0.330358 0.0
vt 0.905875 0.121202 0.0
vt 0.01546 0.297453 0.0
vt 0.890615 0.06215 0.0
vt 0.000512 0.32163 0.0
vt 0.0 0.0 0.0
vt 0.000512 0.312903 0.0
vt 0.0 0.089593 0.0
vt 0.01546 0.312903 0.0
vt 0.01526 0.093759 0.0
vt 0.01546 0.281378 0.0
vt 0.890615 0.06215 0.0
vt 0.891127 0.330358 0.0
vt 0.01526 0.121202 0.0
vt 0.891127 0.32163 0.0
vt 0.890615 0.0 0.0
vt 0.000512 0.32163 0.0
vt 0.905875 0.012881 0.0
vt 0.891127 0.312903 0.0
vt 0.890615 0.089593 0.0
vt 0.891127 0.32163 0.0
vt 0.01526 0.012881 0.0
vt 0.906075 0.296828 0.0
vt 0.905875 0.048121 0.0
vt 0.01546 0.296828 0.0
vt 0.01526 0.048121 0.0
vt 0.99905 0.183297 0.0
vt 0.93931 0.183297 0.0
vt 0.939081 0.132863 0.0
vt 0.99905 0.342604 0.0
vt 0.93931 0.342604 0.0
vt 0.93931 0.183297 0.0
vt 0.99905 0.183297 0.0
vt 0.985655 0.132863 0.0
vt 0.93931 0.342604 0.0
vt 0.99905 0.342604 0.0
vt 0.93931 0.183297 0.0
vt 0.99905 0.183297 0.0
vt 0.985655 0.179437 0.0
vt 0.93931 0.342604 0.0
vt 0.99905 0.342604 0.0
vt 0.93931 0.183297 0.0
vt 0.99905 0.183297 0.0
vt 0.939081 0.179437 0.0
vt 0.93931 0.342604 0.0
vt 0.99905 0.342604 0.0
vt 0.99905 0.183297 0.0
vt 0.93931 0.183297 0.0
vt 0.939081 0.132863 0.0
vt 0.99905 0.342604 0.0
vt 0.93931 0.342604 0.0
vt 0.93931 0.183297 0.0
vt 0.99905 0.183297 0.0
vt 0.985655 0.132863 0.0
vt 0.93931 0.342604 0.0
vt 0.99905 0.342604 0.0
vt 0.93931 0.183297 0.0
vt 0.99905 0.183297 0.0
vt 0.985655 0.179437 0.0
vt 0.93931 0.342604 0.0
vt 0.99905 0.342604 0.0
vt 0.93931 0.183297 0.0
vt 0.99905 0.183297 0.0
vt 0.939081 0.179437 0.0
vt 0.93931 0.342604 0.0
vt 0.99905 0.342604 0.0
vt 0.99905 0.183297 0.0
vt 0.93931 0.183297 0.0
vt 0.939081 0.132863 0.0
vt 0.99905 0.342604 0.0
vt 0.93931 0.342604 0.0
vt 0.93931 0.183297 0.0
vt 0.99905 0.183297 0.0
vt 0.985655 0.132863 0.0
vt 0.93931 0.342604 0.0
vt 0.99905 0.342604 0.0
vt 0.93931 0.183297 0.0
vt 0.99905 0.183297 0.0
vt 0.985655 0.179437 0.0
vt 0.93931 0.342604 0.0
vt 0.99905 0.342604 0.0
vt 0.93931 0.183297 0.0
vt 0.99905 0.183297 0.0
vt 0.939081 0.179437 0.0
vt 0.93931 0.342604 0.0
vt 0.99905 0.342604 0.0
vt 0.99905 0.183297 0.0
vt 0.93931 0.183297 0.0
vt 0.939081 0.132863 0.0
vt 0.99905 0.342604 0.0
vt 0.93931 0.342604 0.0
vt 0.93931 0.183297 0.0
vt 0.99905 0.183297 0.0
vt 0.985655 0.132863 0.0
vt 0.93931 0.342604 0.0
vt 0.99905 0.342604 0.0
vt 0.93931 0.183297 0.0
vt 0.99905 0.183297 0.0
vt 0.985655 0.179437 0.0
vt 0.93931 0.342604 0.0
vt 0.99905 0.342604 0.0
vt 0.93931 0.183297 0.0
vt 0.99905 0.183297 0.0
vt 0.939081 0.179437 0.0
vt 0.93931 0.342604 0.0
vt 0.99905 0.342604 0.0
vt 0.99905 0.183297 0.0
vt 0.93931 0.183297 0.0
vt 0.939081 0.132863 0.0
vt 0.99905 0.342604 0.0
vt 0.93931 0.342604 0.0
vt 0.93931 0.183297 0.0
vt 0.99905 0.183297 0.0
vt 0.985655 0.132863 0.0
vt 0.93931 0.342604 0.0
vt 0.99905 0.342604 0.0
vt 0.93931 0.183297 0.0
vt 0.99905 0.183297 0.0
vt 0.985655 0.179437 0.0
vt 0.93931 0.342604 0.0
vt 0.99905 0.342604 0.0
vt 0.93931 0.183297 0.0
vt 0.99905 0.183297 0.0
vt 0.939081 0.179437 0.0
vt 0.93931 0.342604 0.0
vt 0.99905 0.342604 0.0
vt 0.99905 0.183297 0.0
vt 0.93931 0.183297 0.0
vt 0.939081 0.132863 0.0
vt 0.99905 0.342604 0.0
vt 0.93931 0.342604 0.0
vt 0.93931 0.183297 0.0
vt 0.99905 0.183297 0.0
vt 0.985655 0.132863 0.0
vt 0.93931 0.342604 0.0
vt 0.99905 0.342604 0.0
vt 0.93931 0.183297 0.0
vt 0.99905 0.183297 0.0
vt 0.985655 0.179437 0.0
vt 0.93931 0.342604 0.0
vt 0.99905 0.342604 0.0
vt 0.93931 0.183297 0.0
vt 0.99905 0.183297 0.0
vt 0.939081 0.179437 0.0
vt 0.93931 0.342604 0.0
vt 0.99905 0.342604 0.0
vt 0.99905 0.183297 0.0
vt 0.93931 0.183297 0.0
vt 0.939081 0.132863 0.0
vt 0.99905 0.342604 0.0
vt 0.93931 0.342604 0.0
vt 0.93931 0.183297 0.0
vt 0.99905 0.183297 0.0
vt 0.985655 0.132863 0.0
vt 0.93931 0.342604 0.0
vt 0.99905 0.342604 0.0
vt 0.93931 0.183297 0.0
vt 0.99905 0.183297 0.0
vt 0.985655 0.179437 0.0
vt 0.93931 0.342604 0.0
vt 0.99905 0.342604 0.0
vt 0.93931 0.183297 0.0
vt 0.99905 0.183297 0.0
vt 0.939081 0.179437 0.0
vt 0.93931 0.342604 0.0
vt 0.99905 0.342604 0.0
vt 0.99905 0.183297 0.0
vt 0.93931 0.183297 0.0
vt 0.939081 0.132863 0.0
vt 0.99905 0.342604 0.0
vt 0.93931 0.342604 0.0
vt 0.93931 0.183297 0.0
vt 0.99905 0.183297 0.0
vt 0.985655 0.132863 0.0
vt 0.93931 0.342604 0.0
vt 0.99905 0.342604 0.0
vt 0.93931 0.183297 0.0
vt 0.99905 0.183297 0.0
vt 0.985655 0.179437 0.0
vt 0.93931 0.342604 0.0
vt 0.99905 0.342604 0.0
vt 0.93931 0.183297 0.0
vt 0.99905 0.183297 0.0
vt 0.939081 0.179437 0.0
vt 0.93931 0.342604 0.0
vt 0.99905 0.342604 0.0
vt 0.302823 0.656284 0.0
vt -0.000781 0.781451 0.0
vt -0.000466 0.505675 0.0
vt 0.302823 0.718868 0.0
vt -0.000781 0.844034 0.0
vt 0.000156 0.656284 0.0
vt 0.979692 0.781451 0.0
vt 0.999534 0.505675 0.0
vt 0.000156 0.718868 0.0
vt 0.979692 0.844034 0.0
vt 0.000156 0.718868 0.0
vt 0.146184 0.656284 0.0
vt 0.999534 0.654611 0.0
vt 0.000156 0.781451 0.0
vt 0.146184 0.718868 0.0
vt 0.156795 0.656284 0.0
vt 0.980629 0.718868 0.0
vt -0.000466 0.654611 0.0
vt 0.156795 0.718868 0.0
vt 0.980629 0.781451 0.0
vt -0.000781 0.781451 0.0
vt 0.302823 0.656284 0.0
vt -0.000781 0.844034 0.0
vt 0.0 0.851064 0.0
vt 0.302823 0.718868 0.0
vt -0.000781 0.656284 0.0
vt 0.979692 0.781451 0.0
vt -0.000781 0.718868 0.0
vt 0.979692 0.844034 0.0
vt 1.0 0.851064 0.0
vt 0.145247 0.656284 0.0
vt -0.000781 0.718868 0.0
vt 0.145247 0.718868 0.0
vt 1.0 1.0 0.0
vt -0.000781 0.781451 0.0
vt 0.156795 0.656284 0.0
vt 0.979692 0.718868 0.0
vt 0.0 1.0 0.0
vt 0.156795 0.718868 0.0
vt 0.979692 0.781451 0.0
vt -0.000781 0.781451 0.0
vt 0.302823 0.656284 0.0
vt -0.000781 0.844034 0.0
vt -0.000103 0.349106 0.0
vt 0.302823 0.718868 0.0
vt -0.000781 0.656284 0.0
vt 0.979692 0.781451 0.0
vt -0.000781 0.718868 0.0
vt 0.979692 0.844034 0.0
vt 0.999897 0.349106 0.0
vt 0.145247 0.656284 0.0
vt -0.000781 0.718868 0.0
vt 0.145247 0.718868 0.0
vt 0.999897 0.498042 0.0
vt -0.000781 0.781451 0.0
vt 0.156795 0.656284 0.0
vt 0.979692 0.718868 0.0
vt -0.000103 0.498042 0.0
vt 0.156795 0.718868 0.0
vt 0.979692 0.781451 0.0
vt 0.302823 0.656284 0.0
vt -0.000781 0.781451 0.0
vt 0.0 0.851064 0.0
vt 0.302823 0.718868 0.0
vt -0.000781 0.844034 0.0
vt -0.000781 0.656284 0.0
vt 0.979692 0.781451 0.0
vt 1.0 0.851064 0.0
vt -0.000781 0.718868 0.0
vt 0.979692 0.844034 0.0
vt -0.000781 0.718868 0.0
vt 0.145247 0.656284 0.0
vt -0.000781 0.781451 0.0
vt 1.0 1.0 0.0
vt 0.145247 0.718868 0.0
vt 0.979692 0.718868 0.0
vt 0.156795 0.656284 0.0
vt 0.979692 0.781451 0.0
vt 0.0 1.0 0.0
vt 0.156795 0.718868 0.0
vt -0.000122 0.156096 0.0
vt 0.905875 0.034093 0.0
vt -0.000122 0.210448 0.0
vt 0.0 0.048121 0.0
vt 0.905753 0.210448 0.0
vt 0.905875 0.048121 0.0
vt 0.905753 0.156096 0.0
vt 0.0 0.034093 0.0
vt 0.0 0.012881 0.0
vt 0.906075 0.259595 0.0
vt 0.905875 0.025761 0.0
vt 0.906075 0.219937 0.0
vt 0.906075 0.297453 0.0
vt 0.0 0.06215 0.0
vt 0.0002 0.297453 0.0
vt 0.905875 0.06215 0.0
vt 0.905875 0.012881 0.0
vt 0.0002 0.259595 0.0
vt 0.906075 0.312903 0.0
vt 0.905875 0.093759 0.0
vt 0.906075 0.281378 0.0
vt 0.0 0.06215 0.0
vt 0.000512 0.330358 0.0
vt 0.905875 0.121202 0.0
vt 0.906387 0.330358 0.0
vt 0.0 0.121202 0.0
vt 0.000512 0.32163 0.0
vt 0.0 0.0 0.0
vt 0.000512 0.312903 0.0
vt 0.0 0.089593 0.0
vt 0.0002 0.281378 0.0
vt 0.905875 0.06215 0.0
vt 0.906387 0.32163 0.0
vt 0.905875 0.0 0.0
vt 0.906387 0.312903 0.0
vt 0.905875 0.089593 0.0
vt 0.0002 0.312903 0.0
vt 0.0 0.093759 0.0
vt 0.000512 0.32163 0.0
vt 0.905875 0.012881 0.0
vt 0.906387 0.32163 0.0
vt 0.0 0.012881 0.0
vt 0.0002 0.296828 0.0
vt 0.0 0.048121 0.0
vt 0.906075 0.296828 0.0
vt 0.905875 0.048121 0.0
vt 0.0 0.025761 0.0
vt 0.0002 0.219937 0.0
vt -0.000122 0.156096 0.0
vt 0.905875 0.034093 0.0
vt -0.000122 0.210448 0.0
vt 0.0 0.048121 0.0
vt 0.905753 0.210448 0.0
vt 0.905875 0.048121 0.0
vt 0.905753 0.156096 0.0
vt 0.0 0.034093 0.0
vt 0.0 0.012881 0.0
vt 0.906075 0.259595 0.0
vt 0.905875 0.025761 0.0
vt 0.906075 0.219937 0.0
vt 0.906075 0.297453 0.0
vt 0.0 0.06215 0.0
vt 0.0002 0.297453 0.0
vt 0.905875 0.06215 0.0
vt 0.905875 0.012881 0.0
vt 0.0002 0.259595 0.0
vt 0.906075 0.312903 0.0
vt 0.905875 0.093759 0.0
vt 0.906075 0.281378 0.0
vt 0.0 0.06215 0.0
vt 0.000512 0.330358 0.0
vt 0.905875 0.121202 0.0
vt 0.906387 0.330358 0.0
vt 0.0 0.121202 0.0
vt 0.000512 0.32163 0.0
vt 0.0 0.0 0.0
vt 0.000512 0.312903 0.0
vt 0.0 0.089593 0.0
vt 0.0002 0.281378 0.0
vt 0.905875 0.06215 0.0
vt 0.906387 0.32163 0.0
vt 0.905875 0.0 0.0
vt 0.906387 0.312903 0.0
vt 0.905875 0.089593 0.0
vt 0.0002 0.312903 0.0
vt 0.0 0.093759 0.0
vt 0.000512 0.32163 0.0
vt 0.905875 0.012881 0.0
vt 0.906387 0.32163 0.0
vt 0.0 0.012881 0.0
vt 0.0002 0.296828 0.0
vt 0.0 0.048121 0.0
vt 0.906075 0.296828 0.0
vt 0.905875 0.048121 0.0
vt 0.0 0.025761 0.0
vt 0.0002 0.219937 0.0
vt 0.99905 0.183297 0.0
vt 0.93931 0.183297 0.0
vt 0.939081 0.132863 0.0
vt 0.99905 0.342604 0.0
vt 0.93931 0.342604 0.0
vt 0.93931 0.183297 0.0
vt 0.99905 0.183297 0.0
vt 0.985655 0.132863 0.0
vt 0.93931 0.342604 0.0
vt 0.99905 0.342604 0.0
vt 0.93931 0.183297 0.0
vt 0.99905 0.183297 0.0
vt 0.985655 0.179437 0.0
vt 0.93931 0.342604 0.0
vt 0.99905 0.342604 0.0
vt 0.93931 0.183297 0.0
vt 0.99905 0.183297 0.0
vt 0.939081 0.179437 0.0
vt 0.93931 0.342604 0.0
vt 0.99905 0.342604 0.0
vt 0.99905 0.183297 0.0
vt 0.93931 0.183297 0.0
vt 0.939081 0.132863 0.0
vt 0.99905 0.342604 0.0
vt 0.93931 0.342604 0.0
vt 0.93931 0.183297 0.0
vt 0.99905 0.183297 0.0
vt 0.985655 0.132863 0.0
vt 0.93931 0.342604 0.0
vt 0.99905 0.342604 0.0
vt 0.93931 0.183297 0.0
vt 0.99905 0.183297 0.0
vt 0.985655 0.179437 0.0
vt 0.93931 0.342604 0.0
vt 0.99905 0.342604 0.0
vt 0.93931 0.183297 0.0
vt 0.99905 0.183297 0.0
vt 0.939081 0.179437 0.0
vt 0.93931 0.342604 0.0
vt 0.99905 0.342604 0.0
vt 0.99905 0.183297 0.0
vt 0.93931 0.183297 0.0
vt 0.939081 0.132863 0.0
vt 0.99905 0.342604 0.0
vt 0.93931 0.342604 0.0
vt 0.93931 0.183297 0.0
vt 0.99905 0.183297 0.0
vt 0.985655 0.132863 0.0
vt 0.93931 0.342604 0.0
vt 0.99905 0.342604 0.0
vt 0.93931 0.183297 0.0
vt 0.99905 0.183297 0.0
vt 0.985655 0.179437 0.0
vt 0.93931 0.342604 0.0
vt 0.99905 0.342604 0.0
vt 0.93931 0.183297 0.0
vt 0.99905 0.183297 0.0
vt 0.939081 0.179437 0.0
vt 0.93931 0.342604 0.0
vt 0.99905 0.342604 0.0
vt 0.99905 0.183297 0.0
vt 0.93931 0.183297 0.0
vt 0.939081 0.132863 0.0
vt 0.99905 0.342604 0.0
vt 0.93931 0.342604 0.0
vt 0.93931 0.183297 0.0
vt 0.99905 0.183297 0.0
vt 0.985655 0.132863 0.0
vt 0.93931 0.342604 0.0
vt 0.99905 0.342604 0.0
vt 0.93931 0.183297 0.0
vt 0.99905 0.183297 0.0
vt 0.985655 0.179437 0.0
vt 0.93931 0.342604 0.0
vt 0.99905 0.342604 0.0
vt 0.93931 0.183297 0.0
vt 0.99905 0.183297 0.0
vt 0.939081 0.179437 0.0
vt 0.93931 0.342604 0.0
vt 0.99905 0.342604 0.0
vt 0.99905 0.183297 0.0
vt 0.93931 0.183297 0.0
vt 0.939081 0.132863 0.0
vt 0.99905 0.342604 0.0
vt 0.93931 0.342604 0.0
vt 0.93931 0.183297 0.0
vt 0.99905 0.183297 0.0
vt 0.985655 0.132863 0.0
vt 0.93931 0.342604 0.0
vt 0.99905 0.342604 0.0
vt 0.93931 0.183297 0.0
vt 0.99905 0.183297 0.0
vt 0.985655 0.179437 0.0
vt 0.93931 0.342604 0.0
vt 0.99905 0.342604 0.0
vt 0.93931 0.183297 0.0
vt 0.99905 0.183297 0.0
vt 0.939081 0.179437 0.0
vt 0.93931 0.342604 0.0
vt 0.99905 0.342604 0.0
vt 0.99905 0.183297 0.0
vt 0.93931 0.183297 0.0
vt 0.939081 0.132863 0.0
vt 0.99905 0.342604 0.0
vt 0.93931 0.342604 0.0
vt 0.93931 0.183297 0.0
vt 0.99905 0.183297 0.0
vt 0.985655 0.132863 0.0
vt 0.93931 0.342604 0.0
vt 0.99905 0.342604 0.0
vt 0.93931 0.183297 0.0
vt 0.99905 0.183297 0.0
vt 0.985655 0.179437 0.0
vt 0.93931 0.342604 0.0
vt 0.99905 0.342604 0.0
vt 0.93931 0.183297 0.0
vt 0.99905 0.183297 0.0
vt 0.939081 0.179437 0.0
vt 0.93931 0.342604 0.0
vt 0.99905 0.342604 0.0
vt 0.99905 0.183297 0.0
vt 0.93931 0.183297 0.0
vt 0.939081 0.132863 0.0
vt 0.99905 0.342604 0.0
vt 0.93931 0.342604 0.0
vt 0.93931 0.183297 0.0
vt 0.99905 0.183297 0.0
vt 0.985655 0.132863 0.0
vt 0.93931 0.342604 0.0
vt 0.99905 0.342604 0.0
vt 0.93931 0.183297 0.0
vt 0.99905 0.183297 0.0
vt 0.985655 0.179437 0.0
vt 0.93931 0.342604 0.0
vt 0.99905 0.342604 0.0
vt 0.93931 0.183297 0.0
vt 0.99905 0.183297 0.0
vt 0.939081 0.179437 0.0
vt 0.93931 0.342604 0.0
vt 0.99905 0.342604 0.0
vt 0.99905 0.183297 0.0
vt 0.93931 0.183297 0.0
vt 0.939081 0.132863 0.0
vt 0.99905 0.342604 0.0
vt 0.93931 0.342604 0.0
vt 0.93931 0.183297 0.0
vt 0.99905 0.183297 0.0
vt 0.985655 0.132863 0.0
vt 0.93931 0.342604 0.0
vt 0.99905 0.342604 0.0
vt 0.93931 0.183297 0.0
vt 0.99905 0.183297 0.0
vt 0.985655 0.179437 0.0
vt 0.93931 0.342604 0.0
vt 0.99905 0.342604 0.0
vt 0.93931 0.183297 0.0
vt 0.99905 0.183297 0.0
vt 0.939081 0.179437 0.0
vt 0.93931 0.342604 0.0
vt 0.99905 0.342604 0.0
vt 0.302823 0.656284 0.0
vt -0.000781 0.781451 0.0
vt -0.000466 0.505675 0.0
vt 0.302823 0.718868 0.0
vt -0.000781 0.844034 0.0
vt 0.000156 0.656284 0.0
vt 0.979692 0.781451 0.0
vt 0.999534 0.505675 0.0
vt 0.000156 0.718868 0.0
vt 0.979692 0.844034 0.0
vt 0.000156 0.718868 0.0
vt 0.146184 0.656284 0.0
vt 0.999534 0.654611 0.0
vt 0.000156 0.781451 0.0
vt 0.146184 0.718868 0.0
vt 0.156795 0.656284 0.0
vt 0.980629 0.718868 0.0
vt -0.000466 0.654611 0.0
vt 0.156795 0.718868 0.0
vt 0.980629 0.781451 0.0
vt 0.302823 0.656284 0.0
vt -0.000781 0.781451 0.0
vt 0.0 0.851064 0.0
vt 0.302823 0.718868 0.0
vt -0.000781 0.844034 0.0
vt -0.000781 0.656284 0.0
vt 0.979692 0.781451 0.0
vt 1.0 0.851064 0.0
vt -0.000781 0.718868 0.0
vt 0.979692 0.844034 0.0
vt -0.000781 0.718868 0.0
vt 0.145247 0.656284 0.0
vt 1.0 1.0 0.0
vt -0.000781 0.781451 0.0
vt 0.145247 0.718868 0.0
vt 0.156795 0.656284 0.0
vt 0.979692 0.718868 0.0
vt 0.0 1.0 0.0
vt 0.156795 0.718868 0.0
vt 0.979692 0.781451 0.0
vt 0.302823 0.656284 0.0
vt -0.000781 0.781451 0.0
vt -0.000103 0.349106 0.0
vt 0.302823 0.718868 0.0
vt -0.000781 0.844034 0.0
vt -0.000781 0.656284 0.0
vt 0.979692 0.781451 0.0
vt 0.999897 0.349106 0.0
vt -0.000781 0.718868 0.0
vt 0.979692 0.844034 0.0
vt -0.000781 0.718868 0.0
vt 0.145247 0.656284 0.0
vt 0.999897 0.498042 0.0
vt -0.000781 0.781451 0.0
vt 0.145247 0.718868 0.0
vt 0.156795 0.656284 0.0
vt 0.979692 0.718868 0.0
vt -0.000103 0.498042 0.0
vt 0.156795 0.718868 0.0
vt 0.979692 0.781451 0.0
vt -0.000781 0.781451 0.0
vt 0.302823 0.656284 0.0
vt -0.000781 0.844034 0.0
vt 0.0 0.851064 0.0
vt 0.302823 0.718868 0.0
vt 0.979692 0.781451 0.0
vt -0.000781 0.656284 0.0
vt 0.979692 0.844034 0.0
vt 1.0 0.851064 0.0
vt -0.000781 0.718868 0.0
vt -0.000781 0.718868 0.0
vt 0.145247 0.656284 0.0
vt 1.0 1.0 0.0
vt -0.000781 0.781451 0.0
vt 0.145247 0.718868 0.0
vt 0.156795 0.656284 0.0
vt 0.979692 0.718868 0.0
vt 0.0 1.0 0.0
vt 0.156795 0.718868 0.0
vt 0.979692 0.781451 0.0
vt 0.878841 0.034093 0.0
vt 0.026913 0.156096 0.0
vt 0.026913 0.210448 0.0
vt 0.027034 0.048121 0.0
vt 0.905753 0.210448 0.0
vt 0.905875 0.048121 0.0
vt 0.0 0.034093 0.0
vt 0.905753 0.156096 0.0
vt 0.027034 0.012881 0.0
vt 0.87904 0.259595 0.0
vt 0.878841 0.025761 0.0
vt 0.87904 0.219937 0.0
vt 0.87904 0.297453 0.0
vt 0.027034 0.06215 0.0
vt 0.0002 0.297453 0.0
vt 0.905875 0.06215 0.0
vt 0.905875 0.012881 0.0
vt 0.0002 0.259595 0.0
vt 0.87904 0.312903 0.0
vt 0.878841 0.093759 0.0
vt 0.87904 0.281378 0.0
vt 0.027034 0.06215 0.0
vt 0.027546 0.330358 0.0
vt 0.878841 0.121202 0.0
vt 0.906387 0.330358 0.0
vt 0.0 0.121202 0.0
vt 0.027546 0.32163 0.0
vt 0.027034 0.0 0.0
vt 0.027546 0.312903 0.0
vt 0.027034 0.089593 0.0
vt 0.0002 0.281378 0.0
vt 0.905875 0.06215 0.0
vt 0.906387 0.32163 0.0
vt 0.905875 0.0 0.0
vt 0.906387 0.312903 0.0
vt 0.905875 0.089593 0.0
vt 0.0002 0.312903 0.0
vt 0.0 0.093759 0.0
vt 0.878841 0.012881 0.0
vt 0.027546 0.32163 0.0
vt 0.0 0.012881 0.0
vt 0.906387 0.32163 0.0
vt 0.0002 0.296828 0.0
vt 0.0 0.048121 0.0
vt 0.87904 0.296828 0.0
vt 0.878841 0.048121 0.0
vt 0.0 0.025761 0.0
vt 0.0002 0.219937 0.0
vt 0.080054 0.156096 0.0
vt 0.825699 0.034093 0.0
vt 0.080054 0.210448 0.0
vt 0.080176 0.048121 0.0
vt 0.876887 0.156096 0.0
vt 0.028866 0.034093 0.0
vt 0.876887 0.210448 0.0
vt 0.877009 0.048121 0.0
vt 0.080176 0.012881 0.0
vt 0.825899 0.259595 0.0
vt 0.825699 0.025761 0.0
vt 0.825899 0.219937 0.0
vt 0.825899 0.297453 0.0
vt 0.080176 0.06215 0.0
vt 0.877009 0.012881 0.0
vt 0.029066 0.259595 0.0
vt 0.028866 0.025761 0.0
vt 0.029066 0.219937 0.0
vt 0.825899 0.312903 0.0
vt 0.825699 0.093759 0.0
vt 0.825899 0.281378 0.0
vt 0.080176 0.06215 0.0
vt 0.080688 0.330358 0.0
vt 0.825699 0.121202 0.0
vt 0.029066 0.297453 0.0
vt 0.877009 0.06215 0.0
vt 0.080688 0.32163 0.0
vt 0.080176 0.0 0.0
vt 0.080688 0.312903 0.0
vt 0.080176 0.089593 0.0
vt 0.029066 0.312903 0.0
vt 0.028866 0.093759 0.0
vt 0.029066 0.281378 0.0
vt 0.877009 0.06215 0.0
vt 0.877521 0.330358 0.0
vt 0.028866 0.121202 0.0
vt 0.877521 0.32163 0.0
vt 0.877009 0.0 0.0
vt 0.080688 0.32163 0.0
vt 0.825699 0.012881 0.0
vt 0.877521 0.312903 0.0
vt 0.877009 0.089593 0.0
vt 0.877521 0.32163 0.0
vt 0.028866 0.012881 0.0
vt 0.825899 0.296828 0.0
vt 0.825699 0.048121 0.0
vt 0.029066 0.296828 0.0
vt 0.028866 0.048121 0.0
vt 0.99905 0.183297 0.0
vt 0.93931 0.183297 0.0
vt 0.939081 0.132863 0.0
vt 0.99905 0.342604 0.0
vt 0.93931 0.342604 0.0
vt 0.93931 0.183297 0.0
vt 0.99905 0.183297 0.0
vt 0.985655 0.132863 0.0
vt 0.93931 0.342604 0.0
vt 0.99905 0.342604 0.0
vt 0.93931 0.183297 0.0
vt 0.99905 0.183297 0.0
vt 0.985655 0.179437 0.0
vt 0.93931 0.342604 0.0
vt 0.99905 0.342604 0.0
vt 0.93931 0.183297 0.0
vt 0.99905 0.183297 0.0
vt 0.939081 0.179437 0.0
vt 0.93931 0.342604 0.0
vt 0.99905 0.342604 0.0
vt 0.99905 0.183297 0.0
vt 0.93931 0.183297 0.0
vt 0.939081 0.132863 0.0
vt 0.99905 0.342604 0.0
vt 0.93931 0.342604 0.0
vt 0.93931 0.183297 0.0
vt 0.99905 0.183297 0.0
vt 0.985655 0.132863 0.0
vt 0.93931 0.342604 0.0
vt 0.99905 0.342604 0.0
vt 0.93931 0.183297 0.0
vt 0.99905 0.183297 0.0
vt 0.985655 0.179437 0.0
vt 0.93931 0.342604 0.0
vt 0.99905 0.342604 0.0
vt 0.93931 0.183297 0.0
vt 0.99905 0.183297 0.0
vt 0.939081 0.179437 0.0
vt 0.93931 0.342604 0.0
vt 0.99905 0.342604 0.0
vt 0.99905 0.183297 0.0
vt 0.93931 0.183297 0.0
vt 0.939081 0.132863 0.0
vt 0.99905 0.342604 0.0
vt 0.93931 0.342604 0.0
vt 0.93931 0.183297 0.0
vt 0.99905 0.183297 0.0
vt 0.985655 0.132863 0.0
vt 0.93931 0.342604 0.0
vt 0.99905 0.342604 0.0
vt 0.93931 0.183297 0.0
vt 0.99905 0.183297 0.0
vt 0.985655 0.179437 0.0
vt 0.93931 0.342604 0.0
vt 0.99905 0.342604 0.0
vt 0.93931 0.183297 0.0
vt 0.99905 0.183297 0.0
vt 0.939081 0.179437 0.0
vt 0.93931 0.342604 0.0
vt 0.99905 0.342604 0.0
vt 0.99905 0.183297 0.0
vt 0.93931 0.183297 0.0
vt 0.939081 0.132863 0.0
vt 0.99905 0.342604 0.0
vt 0.93931 0.342604 0.0
vt 0.93931 0.183297 0.0
vt 0.99905 0.183297 0.0
vt 0.985655 0.132863 0.0
vt 0.93931 0.342604 0.0
vt 0.99905 0.342604 0.0
vt 0.93931 0.183297 0.0
vt 0.99905 0.183297 0.0
vt 0.985655 0.179437 0.0
vt 0.93931 0.342604 0.0
vt 0.99905 0.342604 0.0
vt 0.93931 0.183297 0.0
vt 0.99905 0.183297 0.0
vt 0.939081 0.179437 0.0
vt 0.93931 0.342604 0.0
vt 0.99905 0.342604 0.0
vt 0.99905 0.183297 0.0
vt 0.93931 0.183297 0.0
vt 0.939081 0.132863 0.0
vt 0.99905 0.342604 0.0
vt 0.93931 0.342604 0.0
vt 0.93931 0.183297 0.0
vt 0.99905 0.183297 0.0
vt 0.985655 0.132863 0.0
vt 0.93931 0.342604 0.0
vt 0.99905 0.342604 0.0
vt 0.93931 0.183297 0.0
vt 0.99905 0.183297 0.0
vt 0.985655 0.179437 0.0
vt 0.93931 0.342604 0.0
vt 0.99905 0.342604 0.0
vt 0.93931 0.183297 0.0
vt 0.99905 0.183297 0.0
vt 0.939081 0.179437 0.0
vt 0.93931 0.342604 0.0
vt 0.99905 0.342604 0.0
vt 0.99905 0.183297 0.0
vt 0.93931 0.183297 0.0
vt 0.939081 0.132863 0.0
vt 0.99905 0.342604 0.0
vt 0.93931 0.342604 0.0
vt 0.93931 0.183297 0.0
vt 0.99905 0.183297 0.0
vt 0.985655 0.132863 0.0
vt 0.93931 0.342604 0.0
vt 0.99905 0.342604 0.0
vt 0.93931 0.183297 0.0
vt 0.99905 0.183297 0.0
vt 0.985655 0.179437 0.0
vt 0.93931 0.342604 0.0
vt 0.99905 0.342604 0.0
vt 0.93931 0.183297 0.0
vt 0.99905 0.183297 0.0
vt 0.939081 0.179437 0.0
vt 0.93931 0.342604 0.0
vt 0.99905 0.342604 0.0
vt 0.99905 0.183297 0.0
vt 0.93931 0.183297 0.0
vt 0.939081 0.132863 0.0
vt 0.99905 0.342604 0.0
vt 0.93931 0.342604 0.0
vt 0.93931 0.183297 0.0
vt 0.99905 0.183297 0.0
vt 0.985655 0.132863 0.0
vt 0.93931 0.342604 0.0
vt 0.99905 0.342604 0.0
vt 0.93931 0.183297 0.0
vt 0.99905 0.183297 0.0
vt 0.985655 0.179437 0.0
vt 0.93931 0.342604 0.0
vt 0.99905 0.342604 0.0
vt 0.93931 0.183297 0.0
vt 0.99905 0.183297 0.0
vt 0.939081 0.179437 0.0
vt 0.93931 0.342604 0.0
vt 0.99905 0.342604 0.0
vt 0.99905 0.183297 0.0
vt 0.93931 0.183297 0.0
vt 0.939081 0.132863 0.0
vt 0.99905 0.342604 0.0
vt 0.93931 0.342604 0.0
vt 0.93931 0.183297 0.0
vt 0.99905 0.183297 0.0
vt 0.985655 0.132863 0.0
vt 0.93931 0.342604 0.0
vt 0.99905 0.342604 0.0
vt 0.93931 0.183297 0.0
vt 0.99905 0.183297 0.0
vt 0.985655 0.179437 0.0
vt 0.93931 0.342604 0.0
vt 0.99905 0.342604 0.0
vt 0.93931 0.183297 0.0
vt 0.99905 0.183297 0.0
vt 0.939081 0.179437 0.0
vt 0.93931 0.342604 0.0
vt 0.99905 0.342604 0.0
vt 0.302823 0.656284 0.0
vt -0.000781 0.781451 0.0
vt -0.000466 0.505675 0.0
vt 0.302823 0.718868 0.0
vt -0.000781 0.844034 0.0
vt 0.000156 0.656284 0.0
vt 0.979692 0.781451 0.0
vt 0.999534 0.505675 0.0
vt 0.000156 0.718868 0.0
vt 0.979692 0.844034 0.0
vt 0.000156 0.718868 0.0
vt 0.146184 0.656284 0.0
vt 0.999534 0.654611 0.0
vt 0.000156 0.781451 0.0
vt 0.146184 0.718868 0.0
vt 0.156795 0.656284 0.0
vt 0.980629 0.718868 0.0
vt -0.000466 0.654611 0.0
vt 0.156795 0.718868 0.0
vt 0.980629 0.781451 0.0
vt -0.000781 0.781451 0.0
vt 0.302823 0.656284 0.0
vt -0.000781 0.844034 0.0
vt 0.0 0.851064 0.0
vt 0.302823 0.718868 0.0
vt -0.000781 0.656284 0.0
vt 0.979692 0.781451 0.0
vt -0.000781 0.718868 0.0
vt 0.979692 0.844034 0.0
vt 1.0 0.851064 0.0
vt 0.145247 0.656284 0.0
vt -0.000781 0.718868 0.0
vt 0.145247 0.718868 0.0
vt 1.0 1.0 0.0
vt -0.000781 0.781451 0.0
vt 0.156795 0.656284 0.0
vt 0.979692 0.718868 0.0
vt 0.0 1.0 0.0
vt 0.156795 0.718868 0.0
vt 0.979692 0.781451 0.0
vt -0.000781 0.781451 0.0
vt 0.302823 0.656284 0.0
vt -0.000781 0.844034 0.0
vt -0.000103 0.349106 0.0
vt 0.302823 0.718868 0.0
vt -0.000781 0.656284 0.0
vt 0.979692 0.781451 0.0
vt -0.000781 0.718868 0.0
vt 0.979692 0.844034 0.0
vt 0.999897 0.349106 0.0
vt 0.145247 0.656284 0.0
vt -0.000781 0.718868 0.0
vt 0.145247 0.718868 0.0
vt 0.999897 0.498042 0.0
vt -0.000781 0.781451 0.0
vt 0.156795 0.656284 0.0
vt 0.979692 0.718868 0.0
vt -0.000103 0.498042 0.0
vt 0.156795 0.718868 0.0
vt 0.979692 0.781451 0.0
vt 0.302823 0.656284 0.0
vt -0.000781 0.781451 0.0
vt 0.0 0.851064 0.0
vt 0.302823 0.718868 0.0
vt -0.000781 0.844034 0.0
vt -0.000781 0.656284 0.0
vt 0.979692 0.781451 0.0
vt 1.0 0.851064 0.0
vt -0.000781 0.718868 0.0
vt 0.979692 0.844034 0.0
vt -0.000781 0.718868 0.0
vt 0.145247 0.656284 0.0
vt 1.0 1.0 0.0
vt -0.000781 0.781451 0.0
vt 0.145247 0.718868 0.0
vt 0.156795 0.656284 0.0
vt 0.979692 0.718868 0.0
vt 0.0 1.0 0.0
vt 0.156795 0.718868 0.0
vt 0.979692 0.781451 0.0
vt 0.898226 0.034093 0.0
vt 0.007527 0.156096 0.0
vt 0.007527 0.210448 0.0
vt 0.007649 0.048121 0.0
vt 0.905753 0.210448 0.0
vt 0.905875 0.048121 0.0
vt 0.0 0.034093 0.0
vt 0.905753 0.156096 0.0
vt 0.007649 0.012881 0.0
vt 0.898426 0.259595 0.0
vt 0.898226 0.025761 0.0
vt 0.898426 0.219937 0.0
vt 0.898426 0.297453 0.0
vt 0.007649 0.06215 0.0
vt 0.0002 0.297453 0.0
vt 0.905875 0.06215 0.0
vt 0.905875 0.012881 0.0
vt 0.0002 0.259595 0.0
vt 0.898426 0.312903 0.0
vt 0.898226 0.093759 0.0
vt 0.898426 0.281378 0.0
vt 0.007649 0.06215 0.0
vt 0.008161 0.330358 0.0
vt 0.898226 0.121202 0.0
vt 0.906387 0.330358 0.0
vt 0.0 0.121202 0.0
vt 0.008161 0.32163 0.0
vt 0.007649 0.0 0.0
vt 0.008161 0.312903 0.0
vt 0.007649 0.089593 0.0
vt 0.0002 0.281378 0.0
vt 0.905875 0.06215 0.0
vt 0.906387 0.32163 0.0
vt 0.905875 0.0 0.0
vt 0.906387 0.312903 0.0
vt 0.905875 0.089593 0.0
vt 0.0002 0.312903 0.0
vt 0.0 0.093759 0.0
vt 0.898226 0.012881 0.0
vt 0.008161 0.32163 0.0
vt 0.0 0.012881 0.0
vt 0.906387 0.32163 0.0
vt 0.0002 0.296828 0.0
vt 0.0 0.048121 0.0
vt 0.898426 0.296828 0.0
vt 0.898226 0.048121 0.0
vt 0.0 0.025761 0.0
vt 0.0002 0.219937 0.0
vt 0.07211 0.156096 0.0
vt 0.833643 0.034093 0.0
vt 0.07211 0.210448 0.0
vt 0.072232 0.048121 0.0
vt 0.859632 0.156096 0.0
vt 0.046121 0.034093 0.0
vt 0.046321 0.281378 0.0
vt 0.859754 0.06215 0.0
vt 0.833843 0.281378 0.0
vt 0.072232 0.06215 0.0
vt 0.072232 0.012881 0.0
vt 0.833843 0.259595 0.0
vt 0.833843 0.219937 0.0
vt 0.833643 0.025761 0.0
vt 0.859632 0.210448 0.0
vt 0.859754 0.048121 0.0
vt 0.860266 0.330358 0.0
vt 0.046121 0.121202 0.0
vt 0.833843 0.297453 0.0
vt 0.072232 0.06215 0.0
vt 0.072744 0.330358 0.0
vt 0.833643 0.121202 0.0
vt 0.833843 0.312903 0.0
vt 0.833643 0.093759 0.0
vt 0.859754 0.012881 0.0
vt 0.046321 0.259595 0.0
vt 0.072744 0.32163 0.0
vt 0.072232 0.0 0.0
vt 0.072232 0.089593 0.0
vt 0.072744 0.312903 0.0
vt 0.046321 0.219937 0.0
vt 0.046121 0.025761 0.0
vt 0.046321 0.297453 0.0
vt 0.859754 0.06215 0.0
vt 0.046321 0.312903 0.0
vt 0.046121 0.093759 0.0
vt 0.860266 0.32163 0.0
vt 0.859754 0.0 0.0
vt 0.072744 0.32163 0.0
vt 0.833643 0.012881 0.0
vt 0.859754 0.089593 0.0
vt 0.860266 0.312903 0.0
vt 0.860266 0.32163 0.0
vt 0.046121 0.012881 0.0
vt 0.833843 0.296828 0.0
vt 0.833643 0.048121 0.0
vt 0.046321 0.296828 0.0
vt 0.046121 0.048121 0.0
vt 0.99905 0.183297 0.0
vt 0.93931 0.183297 0.0
vt 0.939081 0.132863 0.0
vt 0.99905 0.342604 0.0
vt 0.93931 0.342604 0.0
vt 0.93931 0.183297 0.0
vt 0.99905 0.183297 0.0
vt 0.985655 0.132863 0.0
vt 0.93931 0.342604 0.0
vt 0.99905 0.342604 0.0
vt 0.93931 0.183297 0.0
vt 0.99905 0.183297 0.0
vt 0.985655 0.179437 0.0
vt 0.93931 0.342604 0.0
vt 0.99905 0.342604 0.0
vt 0.93931 0.183297 0.0
vt 0.99905 0.183297 0.0
vt 0.939081 0.179437 0.0
vt 0.93931 0.342604 0.0
vt 0.99905 0.342604 0.0
vt 0.99905 0.183297 0.0
vt 0.93931 0.183297 0.0
vt 0.939081 0.132863 0.0
vt 0.99905 0.342604 0.0
vt 0.93931 0.342604 0.0
vt 0.93931 0.183297 0.0
vt 0.99905 0.183297 0.0
vt 0.985655 0.132863 0.0
vt 0.93931 0.342604 0.0
vt 0.99905 0.342604 0.0
vt 0.93931 0.183297 0.0
vt 0.99905 0.183297 0.0
vt 0.985655 0.179437 0.0
vt 0.93931 0.342604 0.0
vt 0.99905 0.342604 0.0
vt 0.93931 0.183297 0.0
vt 0.99905 0.183297 0.0
vt 0.939081 0.179437 0.0
vt 0.93931 0.342604 0.0
vt 0.99905 0.342604 0.0
vt 0.99905 0.183297 0.0
vt 0.93931 0.183297 0.0
vt 0.939081 0.132863 0.0
vt 0.99905 0.342604 0.0
vt 0.93931 0.342604 0.0
vt 0.93931 0.183297 0.0
vt 0.99905 0.183297 0.0
vt 0.985655 0.132863 0.0
vt 0.93931 0.342604 0.0
vt 0.99905 0.342604 0.0
vt 0.93931 0.183297 0.0
vt 0.99905 0.183297 0.0
vt 0.985655 0.179437 0.0
vt 0.93931 0.342604 0.0
vt 0.99905 0.342604 0.0
vt 0.93931 0.183297 0.0
vt 0.99905 0.183297 0.0
vt 0.939081 0.179437 0.0
vt 0.93931 0.342604 0.0
vt 0.99905 0.342604 0.0
vt 0.99905 0.183297 0.0
vt 0.93931 0.183297 0.0
vt 0.939081 0.132863 0.0
vt 0.99905 0.342604 0.0
vt 0.93931 0.342604 0.0
vt 0.93931 0.183297 0.0
vt 0.99905 0.183297 0.0
vt 0.985655 0.132863 0.0
vt 0.93931 0.342604 0.0
vt 0.99905 0.342604 0.0
vt 0.93931 0.183297 0.0
vt 0.99905 0.183297 0.0
vt 0.985655 0.179437 0.0
vt 0.93931 0.342604 0.0
vt 0.99905 0.342604 0.0
vt 0.93931 0.183297 0.0
vt 0.99905 0.183297 0.0
vt 0.939081 0.179437 0.0
vt 0.93931 0.342604 0.0
vt 0.99905 0.342604 0.0
vt 0.99905 0.183297 0.0
vt 0.93931 0.183297 0.0
vt 0.939081 0.132863 0.0
vt 0.99905 0.342604 0.0
vt 0.93931 0.342604 0.0
vt 0.93931 0.183297 0.0
vt 0.99905 0.183297 0.0
vt 0.985655 0.132863 0.0
vt 0.93931 0.342604 0.0
vt 0.99905 0.342604 0.0
vt 0.93931 0.183297 0.0
vt 0.99905 0.183297 0.0
vt 0.985655 0.179437 0.0
vt 0.93931 0.342604 0.0
vt 0.99905 0.342604 0.0
vt 0.93931 0.183297 0.0
vt 0.99905 0.183297 0.0
vt 0.939081 0.179437 0.0
vt 0.93931 0.342604 0.0
vt 0.99905 0.342604 0.0
vt 0.99905 0.183297 0.0
vt 0.93931 0.183297 0.0
vt 0.939081 0.132863 0.0
vt 0.99905 0.342604 0.0
vt 0.93931 0.342604 0.0
vt 0.93931 0.183297 0.0
vt 0.99905 0.183297 0.0
vt 0.985655 0.132863 0.0
vt 0.93931 0.342604 0.0
vt 0.99905 0.342604 0.0
vt 0.93931 0.183297 0.0
vt 0.99905 0.183297 0.0
vt 0.985655 0.179437 0.0
vt 0.93931 0.342604 0.0
vt 0.99905 0.342604 0.0
vt 0.93931 0.183297 0.0
vt 0.99905 0.183297 0.0
vt 0.939081 0.179437 0.0
vt 0.93931 0.342604 0.0
vt 0.99905 0.342604 0.0
vt 0.99905 0.183297 0.0
vt 0.93931 0.183297 0.0
vt 0.939081 0.132863 0.0
vt 0.99905 0.342604 0.0
vt 0.93931 0.342604 0.0
vt 0.93931 0.183297 0.0
vt 0.99905 0.183297 0.0
vt 0.985655 0.132863 0.0
vt 0.93931 0.342604 0.0
vt 0.99905 0.342604 0.0
vt 0.93931 0.183297 0.0
vt 0.99905 0.183297 0.0
vt 0.985655 0.179437 0.0
vt 0.93931 0.342604 0.0
vt 0.99905 0.342604 0.0
vt 0.93931 0.183297 0.0
vt 0.99905 0.183297 0.0
vt 0.939081 0.179437 0.0
vt 0.93931 0.342604 0.0
vt 0.99905 0.342604 0.0
vt 0.99905 0.183297 0.0
vt 0.93931 0.183297 0.0
vt 0.939081 0.132863 0.0
vt 0.99905 0.342604 0.0
vt 0.93931 0.342604 0.0
vt 0.93931 0.183297 0.0
vt 0.99905 0.183297 0.0
vt 0.985655 0.132863 0.0
vt 0.93931 0.342604 0.0
vt 0.99905 0.342604 0.0
vt 0.93931 0.183297 0.0
vt 0.99905 0.183297 0.0
vt 0.985655 0.179437 0.0
vt 0.93931 0.342604 0.0
vt 0.99905 0.342604 0.0
vt 0.93931 0.183297 0.0
vt 0.99905 0.183297 0.0
vt 0.939081 0.179437 0.0
vt 0.93931 0.342604 0.0
vt 0.99905 0.342604 0.0
vt 0.302823 0.656284 0.0
vt -0.000781 0.781451 0.0
vt -0.000466 0.505675 0.0
vt 0.302823 0.718868 0.0
vt -0.000781 0.844034 0.0
vt 0.000156 0.656284 0.0
vt 0.979692 0.781451 0.0
vt 0.999534 0.505675 0.0
vt 0.000156 0.718868 0.0
vt 0.979692 0.844034 0.0
vt 0.000156 0.718868 0.0
vt 0.146184 0.656284 0.0
vt 0.999534 0.654611 0.0
vt 0.000156 0.781451 0.0
vt 0.146184 0.718868 0.0
vt 0.156795 0.656284 0.0
vt 0.980629 0.718868 0.0
vt -0.000466 0.654611 0.0
vt 0.156795 0.718868 0.0
vt 0.980629 0.781451 0.0
vt -0.000781 0.781451 0.0
vt 0.302823 0.656284 0.0
vt -0.000781 0.844034 0.0
vt 0.0 0.851064 0.0
vt 0.302823 0.718868 0.0
vt -0.000781 0.656284 0.0
vt 0.979692 0.781451 0.0
vt -0.000781 0.718868 0.0
vt 0.979692 0.844034 0.0
vt 1.0 0.851064 0.0
vt 0.145247 0.656284 0.0
vt -0.000781 0.718868 0.0
vt 0.145247 0.718868 0.0
vt 1.0 1.0 0.0
vt -0.000781 0.781451 0.0
vt 0.156795 0.656284 0.0
vt 0.979692 0.718868 0.0
vt 0.0 1.0 0.0
vt 0.156795 0.718868 0.0
vt 0.979692 0.781451 0.0
vt 0.302823 0.656284 0.0
vt -0.000781 0.781451 0.0
vt -0.000103 0.349106 0.0
vt 0.302823 0.718868 0.0
vt -0.000781 0.844034 0.0
vt -0.000781 0.656284 0.0
vt 0.979692 0.781451 0.0
vt 0.999897 0.349106 0.0
vt -0.000781 0.718868 0.0
vt 0.979692 0.844034 0.0
vt -0.000781 0.718868 0.0
vt 0.145247 0.656284 0.0
vt 0.999897 0.498042 0.0
vt -0.000781 0.781451 0.0
vt 0.145247 0.718868 0.0
vt 0.156795 0.656284 0.0
vt 0.979692 0.718868 0.0
vt -0.000103 0.498042 0.0
vt 0.156795 0.718868 0.0
vt 0.979692 0.781451 0.0
vt 0.302823 0.656284 0.0
vt -0.000781 0.781451 0.0
vt 0.0 0.851064 0.0
vt 0.302823 0.718868 0.0
vt -0.000781 0.844034 0.0
vt -0.000781 0.656284 0.0
vt 0.979692 0.781451 0.0
vt 1.0 0.851064 0.0
vt -0.000781 0.718868 0.0
vt 0.979692 0.844034 0.0
vt -0.000781 0.718868 0.0
vt 0.145247 0.656284 0.0
vt 1.0 1.0 0.0
vt -0.000781 0.781451 0.0
vt 0.145247 0.718868 0.0
vt 0.156795 0.656284 0.0
vt 0.979692 0.718868 0.0
vt 0.0 1.0 0.0
vt 0.156795 0.718868 0.0
vt 0.979692 0.781451 0.0
vt -0.000122 0.156096 0.0
vt 0.905875 0.034093 0.0
vt -0.000122 0.210448 0.0
vt 0.0 0.048121 0.0
vt 0.905753 0.210448 0.0
vt 0.905875 0.048121 0.0
vt 0.905753 0.156096 0.0
vt 0.0 0.034093 0.0
vt 0.0 0.012881 0.0
vt 0.906075 0.259595 0.0
vt 0.905875 0.025761 0.0
vt 0.906075 0.219937 0.0
vt 0.906075 0.297453 0.0
vt 0.0 0.06215 0.0
vt 0.0002 0.297453 0.0
vt 0.905875 0.06215 0.0
vt 0.905875 0.012881 0.0
vt 0.0002 0.259595 0.0
vt 0.906075 0.312903 0.0
vt 0.905875 0.093759 0.0
vt 0.906075 0.281378 0.0
vt 0.0 0.06215 0.0
vt 0.000512 0.330358 0.0
vt 0.905875 0.121202 0.0
vt 0.906387 0.330358 0.0
vt 0.0 0.121202 0.0
vt 0.000512 0.32163 0.0
vt 0.0 0.0 0.0
vt 0.000512 0.312903 0.0
vt 0.0 0.089593 0.0
vt 0.0002 0.281378 0.0
vt 0.905875 0.06215 0.0
vt 0.906387 0.32163 0.0
vt 0.905875 0.0 0.0
vt 0.906387 0.312903 0.0
vt 0.905875 0.089593 0.0
vt 0.0002 0.312903 0.0
vt 0.0 0.093759 0.0
vt 0.000512 0.32163 0.0
vt 0.905875 0.012881 0.0
vt 0.906387 0.32163 0.0
vt 0.0 0.012881 0.0
vt 0.0002 0.296828 0.0
vt 0.0 0.048121 0.0
vt 0.906075 0.296828 0.0
vt 0.905875 0.048121 0.0
vt 0.0 0.025761 0.0
vt 0.0002 0.219937 0.0
vt 0.848047 0.219937 0.0
vt 0.847847 0.025761 0.0
vt 0.849083 0.156096 0.0
vt 0.05667 0.034093 0.0
vt 0.05687 0.297453 0.0
vt 0.849204 0.06215 0.0
vt 0.05687 0.281378 0.0
vt 0.849204 0.06215 0.0
vt 0.848047 0.297453 0.0
vt 0.058028 0.06215 0.0
vt 0.05854 0.330358 0.0
vt 0.847847 0.121202 0.0
vt 0.849083 0.210448 0.0
vt 0.849204 0.048121 0.0
vt 0.05687 0.312903 0.0
vt 0.05667 0.093759 0.0
vt 0.849716 0.330358 0.0
vt 0.05667 0.121202 0.0
vt 0.848047 0.312903 0.0
vt 0.847847 0.093759 0.0
vt 0.05854 0.32163 0.0
vt 0.058028 0.0 0.0
vt 0.058028 0.089593 0.0
vt 0.05854 0.312903 0.0
vt 0.057906 0.156096 0.0
vt 0.847847 0.034093 0.0
vt 0.849204 0.012881 0.0
vt 0.05687 0.259595 0.0
vt 0.858034 0.219937 0.0
vt 0.857834 0.025761 0.0
vt 0.05687 0.219937 0.0
vt 0.05667 0.025761 0.0
vt 0.057906 0.210448 0.0
vt 0.058028 0.048121 0.0
vt 0.848047 0.281378 0.0
vt 0.058028 0.06215 0.0
vt 0.058028 0.012881 0.0
vt 0.848047 0.259595 0.0
vt 0.849716 0.32163 0.0
vt 0.849204 0.0 0.0
vt 0.05854 0.32163 0.0
vt 0.847847 0.012881 0.0
vt 0.849204 0.089593 0.0
vt 0.849716 0.312903 0.0
vt 0.048553 0.32163 0.0
vt 0.857834 0.012881 0.0
vt 0.849716 0.32163 0.0
vt 0.05667 0.012881 0.0
vt 0.848047 0.296828 0.0
vt 0.847847 0.048121 0.0
vt 0.05687 0.296828 0.0
vt 0.05667 0.048121 0.0
vt 0.99905 0.183297 0.0
vt 0.93931 0.183297 0.0
vt 0.939081 0.132863 0.0
vt 0.99905 0.342604 0.0
vt 0.93931 0.342604 0.0
vt 0.93931 0.183297 0.0
vt 0.99905 0.183297 0.0
vt 0.985655 0.132863 0.0
vt 0.93931 0.342604 0.0
vt 0.99905 0.342604 0.0
vt 0.93931 0.183297 0.0
vt 0.99905 0.183297 0.0
vt 0.985655 0.179437 0.0
vt 0.93931 0.342604 0.0
vt 0.99905 0.342604 0.0
vt 0.93931 0.183297 0.0
vt 0.99905 0.183297 0.0
vt 0.939081 0.179437 0.0
vt 0.93931 0.342604 0.0
vt 0.99905 0.342604 0.0
vt 0.99905 0.183297 0.0
vt 0.93931 0.183297 0.0
vt 0.939081 0.132863 0.0
vt 0.99905 0.342604 0.0
vt 0.93931 0.342604 0.0
vt 0.93931 0.183297 0.0
vt 0.99905 0.183297 0.0
vt 0.985655 0.132863 0.0
vt 0.93931 0.342604 0.0
vt 0.99905 0.342604 0.0
vt 0.93931 0.183297 0.0
vt 0.99905 0.183297 0.0
vt 0.985655 0.179437 0.0
vt 0.93931 0.342604 0.0
vt 0.99905 0.342604 0.0
vt 0.93931 0.183297 0.0
vt 0.99905 0.183297 0.0
vt 0.939081 0.179437 0.0
vt 0.93931 0.342604 0.0
vt 0.99905 0.342604 0.0
vt 0.99905 0.183297 0.0
vt 0.93931 0.183297 0.0
vt 0.939081 0.132863 0.0
vt 0.99905 0.342604 0.0
vt 0.93931 0.342604 0.0
vt 0.93931 0.183297 0.0
vt 0.99905 0.183297 0.0
vt 0.985655 0.132863 0.0
vt 0.93931 0.342604 0.0
vt 0.99905 0.342604 0.0
vt 0.93931 0.183297 0.0
vt 0.99905 0.183297 0.0
vt 0.985655 0.179437 0.0
vt 0.93931 0.342604 0.0
vt 0.99905 0.342604 0.0
vt 0.93931 0.183297 0.0
vt 0.99905 0.183297 0.0
vt 0.939081 0.179437 0.0
vt 0.93931 0.342604 0.0
vt 0.99905 0.342604 0.0
vt 0.99905 0.183297 0.0
vt 0.93931 0.183297 0.0
vt 0.939081 0.132863 0.0
vt 0.99905 0.342604 0.0
vt 0.93931 0.342604 0.0
vt 0.93931 0.183297 0.0
vt 0.99905 0.183297 0.0
vt 0.985655 0.132863 0.0
vt 0.93931 0.342604 0.0
vt 0.99905 0.342604 0.0
vt 0.93931 0.183297 0.0
vt 0.99905 0.183297 0.0
vt 0.985655 0.179437 0.0
vt 0.93931 0.342604 0.0
vt 0.99905 0.342604 0.0
vt 0.93931 0.183297 0.0
vt 0.99905 0.183297 0.0
vt 0.939081 0.179437 0.0
vt 0.93931 0.342604 0.0
vt 0.99905 0.342604 0.0
vt 0.99905 0.183297 0.0
vt 0.93931 0.183297 0.0
vt 0.939081 0.132863 0.0
vt 0.99905 0.342604 0.0
vt 0.93931 0.342604 0.0
vt 0.93931 0.183297 0.0
vt 0.99905 0.183297 0.0
vt 0.985655 0.132863 0.0
vt 0.93931 0.342604 0.0
vt 0.99905 0.342604 0.0
vt 0.93931 0.183297 0.0
vt 0.99905 0.183297 0.0
vt 0.985655 0.179437 0.0
vt 0.93931 0.342604 0.0
vt 0.99905 0.342604 0.0
vt 0.93931 0.183297 0.0
vt 0.99905 0.183297 0.0
vt 0.939081 0.179437 0.0
vt 0.93931 0.342604 0.0
vt 0.99905 0.342604 0.0
vt 0.99905 0.183297 0.0
vt 0.93931 0.183297 0.0
vt 0.939081 0.132863 0.0
vt 0.99905 0.342604 0.0
vt 0.93931 0.342604 0.0
vt 0.93931 0.183297 0.0
vt 0.99905 0.183297 0.0
vt 0.985655 0.132863 0.0
vt 0.93931 0.342604 0.0
vt 0.99905 0.342604 0.0
vt 0.93931 0.183297 0.0
vt 0.99905 0.183297 0.0
vt 0.985655 0.179437 0.0
vt 0.93931 0.342604 0.0
vt 0.99905 0.342604 0.0
vt 0.93931 0.183297 0.0
vt 0.99905 0.183297 0.0
vt 0.939081 0.179437 0.0
vt 0.93931 0.342604 0.0
vt 0.99905 0.342604 0.0
vt 0.99905 0.183297 0.0
vt 0.93931 0.183297 0.0
vt 0.939081 0.132863 0.0
vt 0.99905 0.342604 0.0
vt 0.93931 0.342604 0.0
vt 0.93931 0.183297 0.0
vt 0.99905 0.183297 0.0
vt 0.985655 0.132863 0.0
vt 0.93931 0.342604 0.0
vt 0.99905 0.342604 0.0
vt 0.93931 0.183297 0.0
vt 0.99905 0.183297 0.0
vt 0.985655 0.179437 0.0
vt 0.93931 0.342604 0.0
vt 0.99905 0.342604 0.0
vt 0.93931 0.183297 0.0
vt 0.99905 0.183297 0.0
vt 0.939081 0.179437 0.0
vt 0.93931 0.342604 0.0
vt 0.99905 0.342604 0.0
vt 0.99905 0.183297 0.0
vt 0.93931 0.183297 0.0
vt 0.939081 0.132863 0.0
vt 0.99905 0.342604 0.0
vt 0.93931 0.342604 0.0
vt 0.93931 0.183297 0.0
vt 0.99905 0.183297 0.0
vt 0.985655 0.132863 0.0
vt 0.93931 0.342604 0.0
vt 0.99905 0.342604 0.0
vt 0.93931 0.183297 0.0
vt 0.99905 0.183297 0.0
vt 0.985655 0.179437 0.0
vt 0.93931 0.342604 0.0
vt 0.99905 0.342604 0.0
vt 0.93931 0.183297 0.0
vt 0.99905 0.183297 0.0
vt 0.939081 0.179437 0.0
vt 0.93931 0.342604 0.0
vt 0.99905 0.342604 0.0
vt 0.302823 0.656284 0.0
vt -0.000781 0.781451 0.0
vt -0.000466 0.505675 0.0
vt 0.302823 0.718868 0.0
vt -0.000781 0.844034 0.0
vt 0.000156 0.656284 0.0
vt 0.979692 0.781451 0.0
vt 0.999534 0.505675 0.0
vt 0.000156 0.718868 0.0
vt 0.979692 0.844034 0.0
vt 0.000156 0.718868 0.0
vt 0.146184 0.656284 0.0
vt 0.999534 0.654611 0.0
vt 0.000156 0.781451 0.0
vt 0.146184 0.718868 0.0
vt 0.156795 0.656284 0.0
vt 0.980629 0.718868 0.0
vt -0.000466 0.654611 0.0
vt 0.156795 0.718868 0.0
vt 0.980629 0.781451 0.0
vt -0.000781 0.781451 0.0
vt 0.302823 0.656284 0.0
vt -0.000781 0.844034 0.0
vt 0.0 0.851064 0.0
vt 0.302823 0.718868 0.0
vt -0.000781 0.656284 0.0
vt 0.979692 0.781451 0.0
vt -0.000781 0.718868 0.0
vt 0.979692 0.844034 0.0
vt 1.0 0.851064 0.0
vt -0.000781 0.718868 0.0
vt 0.145247 0.656284 0.0
vt -0.000781 0.781451 0.0
vt 0.145247 0.718868 0.0
vt 1.0 1.0 0.0
vt 0.979692 0.718868 0.0
vt 0.156795 0.656284 0.0
vt 0.979692 0.781451 0.0
vt 0.0 1.0 0.0
vt 0.156795 0.718868 0.0
vt 0.302823 0.656284 0.0
vt -0.000781 0.781451 0.0
vt -0.000103 0.349106 0.0
vt 0.302823 0.718868 0.0
vt -0.000781 0.844034 0.0
vt -0.000781 0.656284 0.0
vt 0.979692 0.781451 0.0
vt 0.999897 0.349106 0.0
vt -0.000781 0.718868 0.0
vt 0.979692 0.844034 0.0
vt -0.000781 0.718868 0.0
vt 0.145247 0.656284 0.0
vt 0.999897 0.498042 0.0
vt -0.000781 0.781451 0.0
vt 0.145247 0.718868 0.0
vt 0.156795 0.656284 0.0
vt 0.979692 0.718868 0.0
vt -0.000103 0.498042 0.0
vt 0.156795 0.718868 0.0
vt 0.979692 0.781451 0.0
vt 0.302823 0.656284 0.0
vt -0.000781 0.781451 0.0
vt 0.302823 0.718868 0.0
vt -0.000781 0.844034 0.0
vt 0.0 0.851064 0.0
vt -0.000781 0.656284 0.0
vt 0.979692 0.781451 0.0
vt -0.000781 0.718868 0.0
vt 0.979692 0.844034 0.0
vt 1.0 0.851064 0.0
vt -0.000781 0.718868 0.0
vt 0.145247 0.656284 0.0
vt -0.000781 0.781451 0.0
vt 0.145247 0.718868 0.0
vt 1.0 1.0 0.0
vt 0.156795 0.656284 0.0
vt 0.979692 0.718868 0.0
vt 0.156795 0.718868 0.0
vt 0.979692 0.781451 0.0
vt 0.0 1.0 0.0
vt -0.000122 0.156096 0.0
vt 0.905875 0.034093 0.0
vt -0.000122 0.210448 0.0
vt 0.0 0.048121 0.0
vt 0.364348 0.156096 0.0
vt 0.541405 0.034093 0.0
vt 0.364348 0.210448 0.0
vt 0.36447 0.048121 0.0
vt 0.906075 0.259595 0.0
vt 0.0 0.012881 0.0
vt 0.906075 0.219937 0.0
vt 0.905875 0.025761 0.0
vt 0.906075 0.297453 0.0
vt 0.0 0.06215 0.0
vt 0.541605 0.259595 0.0
vt 0.36447 0.012881 0.0
vt 0.541605 0.219937 0.0
vt 0.541405 0.025761 0.0
vt 0.906075 0.312903 0.0
vt 0.905875 0.093759 0.0
vt 0.0 0.06215 0.0
vt 0.906075 0.281378 0.0
vt 0.000512 0.330358 0.0
vt 0.905875 0.121202 0.0
vt 0.541605 0.297453 0.0
vt 0.36447 0.06215 0.0
vt 0.000512 0.32163 0.0
vt 0.0 0.0 0.0
vt 0.0 0.089593 0.0
vt 0.000512 0.312903 0.0
vt 0.541605 0.312903 0.0
vt 0.541405 0.093759 0.0
vt 0.36447 0.06215 0.0
vt 0.541605 0.281378 0.0
vt 0.364982 0.330358 0.0
vt 0.541405 0.121202 0.0
vt 0.364982 0.32163 0.0
vt 0.36447 0.0 0.0
vt 0.000512 0.32163 0.0
vt 0.905875 0.012881 0.0
vt 0.36447 0.089593 0.0
vt 0.364982 0.312903 0.0
vt 0.364982 0.32163 0.0
vt 0.541405 0.012881 0.0
vt 0.906075 0.296828 0.0
vt 0.905875 0.048121 0.0
vt 0.541605 0.296828 0.0
vt 0.541405 0.048121 0.0
vt 0.047919 0.156096 0.0
vt 0.857834 0.034093 0.0
vt 0.047919 0.210448 0.0
vt 0.048041 0.048121 0.0
vt 0.374812 0.156096 0.0
vt 0.530941 0.034093 0.0
vt 0.374812 0.210448 0.0
vt 0.374934 0.048121 0.0
vt 0.858034 0.259595 0.0
vt 0.048041 0.012881 0.0
vt 0.048041 0.06215 0.0
vt 0.858034 0.297453 0.0
vt 0.531141 0.259595 0.0
vt 0.374934 0.012881 0.0
vt 0.531141 0.219937 0.0
vt 0.530941 0.025761 0.0
vt 0.857834 0.093759 0.0
vt 0.858034 0.312903 0.0
vt 0.858034 0.281378 0.0
vt 0.048041 0.06215 0.0
vt 0.048553 0.330358 0.0
vt 0.857834 0.121202 0.0
vt 0.374934 0.06215 0.0
vt 0.531141 0.297453 0.0
vt 0.048553 0.32163 0.0
vt 0.048041 0.0 0.0
vt 0.048553 0.312903 0.0
vt 0.048041 0.089593 0.0
vt 0.530941 0.093759 0.0
vt 0.531141 0.312903 0.0
vt 0.531141 0.281378 0.0
vt 0.374934 0.06215 0.0
vt 0.375446 0.330358 0.0
vt 0.530941 0.121202 0.0
vt 0.375446 0.32163 0.0
vt 0.374934 0.0 0.0
vt 0.375446 0.312903 0.0
vt 0.374934 0.089593 0.0
vt 0.375446 0.32163 0.0
vt 0.530941 0.012881 0.0
vt 0.857834 0.048121 0.0
vt 0.858034 0.296828 0.0
vt 0.530941 0.048121 0.0
vt 0.531141 0.296828 0.0
vt 0.99905 0.183297 0.0
vt 0.93931 0.183297 0.0
vt 0.939081 0.132863 0.0
vt 0.99905 0.342604 0.0
vt 0.93931 0.342604 0.0
vt 0.93931 0.183297 0.0
vt 0.99905 0.183297 0.0
vt 0.985655 0.132863 0.0
vt 0.93931 0.342604 0.0
vt 0.99905 0.342604 0.0
vt 0.93931 0.183297 0.0
vt 0.99905 0.183297 0.0
vt 0.985655 0.179437 0.0
vt 0.93931 0.342604 0.0
vt 0.99905 0.342604 0.0
vt 0.93931 0.183297 0.0
vt 0.99905 0.183297 0.0
vt 0.939081 0.179437 0.0
vt 0.93931 0.342604 0.0
vt 0.99905 0.342604 0.0
vt -0.000781 0.781451 0.0
vt 0.302823 0.656284 0.0
vt -0.000781 0.844034 0.0
vt -0.000103 0.349106 0.0
vt 0.302823 0.718868 0.0
vt -0.000781 0.656284 0.0
vt 0.979692 0.781451 0.0
vt -0.000781 0.718868 0.0
vt 0.979692 0.844034 0.0
vt 0.999897 0.349106 0.0
vt 0.145247 0.656284 0.0
vt -0.000781 0.718868 0.0
vt 0.145247 0.718868 0.0
vt 0.999897 0.498042 0.0
vt -0.000781 0.781451 0.0
vt 0.156795 0.656284 0.0
vt 0.979692 0.718868 0.0
vt -0.000103 0.498042 0.0
vt 0.156795 0.718868 0.0
vt 0.979692 0.781451 0.0
vt 0.99905 0.183297 0.0
vt 0.93931 0.183297 0.0
vt 0.939081 0.132863 0.0
vt 0.99905 0.342604 0.0
vt 0.93931 0.342604 0.0
vt 0.93931 0.183297 0.0
vt 0.99905 0.183297 0.0
vt 0.985655 0.132863 0.0
vt 0.93931 0.342604 0.0
vt 0.99905 0.342604 0.0
vt 0.93931 0.183297 0.0
vt 0.99905 0.183297 0.0
vt 0.985655 0.179437 0.0
vt 0.93931 0.342604 0.0
vt 0.99905 0.342604 0.0
vt 0.93931 0.183297 0.0
vt 0.99905 0.183297 0.0
vt 0.939081 0.179437 0.0
vt 0.93931 0.342604 0.0
vt 0.99905 0.342604 0.0
vt 0.905753 0.156096 0.0
vt 0.0 0.034093 0.0
vt -0.000122 0.156096 0.0
vt 0.905875 0.034093 0.0
vt 0.905753 0.210448 0.0
vt 0.94318 0.000413 0.0
vt 0.905875 0.048121 0.0
vt 0.905753 0.156096 0.0
vt 0.0 0.034093 0.0
vt 0.996752 0.000413 0.0
vt 0.0 0.025761 0.0
vt 0.0002 0.219937 0.0
vt 0.905875 0.025761 0.0
vt 0.906075 0.219937 0.0
vt 0.0002 0.297453 0.0
vt 0.905875 0.06215 0.0
vt 0.906075 0.297453 0.0
vt 0.0 0.06215 0.0
vt 0.0002 0.297453 0.0
vt 0.94318 0.01424 0.0
vt 0.905875 0.06215 0.0
vt 0.905875 0.012881 0.0
vt 0.0002 0.259595 0.0
vt 0.950422 0.053985 0.0
vt 0.0002 0.281378 0.0
vt 0.905875 0.06215 0.0
vt 0.906075 0.281378 0.0
vt 0.0 0.06215 0.0
vt 0.906387 0.330358 0.0
vt 0.0 0.121202 0.0
vt 0.980908 0.041289 0.0
vt 0.906387 0.312903 0.0
vt 0.905875 0.089593 0.0
vt 0.000512 0.312903 0.0
vt 0.0 0.089593 0.0
vt 0.0002 0.281378 0.0
vt 0.905875 0.06215 0.0
vt 0.959024 0.01424 0.0
vt 0.906387 0.32163 0.0
vt 0.905875 0.0 0.0
vt 0.950422 0.041289 0.0
vt 0.906387 0.312903 0.0
vt 0.905875 0.089593 0.0
vt 0.959024 0.041289 0.0
vt 0.0002 0.312903 0.0
vt 0.0 0.093759 0.0
vt 0.980908 0.01424 0.0
vt 0.906387 0.32163 0.0
vt 0.0 0.012881 0.0
vt 0.98951 0.041289 0.0
vt 0.0002 0.296828 0.0
vt 0.0 0.048121 0.0
vt 0.996752 0.01424 0.0
vt 0.0002 0.296828 0.0
vt 0.0 0.048121 0.0
vt 0.906075 0.296828 0.0
vt 0.905875 0.048121 0.0
vt 0.0 0.025761 0.0
vt 0.0002 0.219937 0.0
vt 0.98951 0.053985 0.0
vt 0.905753 0.156096 0.0
vt 0.0 0.034093 0.0
vt -0.000122 0.156096 0.0
vt 0.905875 0.034093 0.0
vt 0.905753 0.210448 0.0
vt 0.94318 0.000413 0.0
vt 0.905875 0.048121 0.0
vt 0.905753 0.156096 0.0
vt 0.0 0.034093 0.0
vt 0.996752 0.000413 0.0
vt 0.905875 0.012881 0.0
vt 0.0002 0.259595 0.0
vt 0.0 0.012881 0.0
vt 0.906075 0.259595 0.0
vt 0.0 0.025761 0.0
vt 0.0002 0.219937 0.0
vt 0.905875 0.025761 0.0
vt 0.906075 0.219937 0.0
vt 0.0002 0.297453 0.0
vt 0.905875 0.06215 0.0
vt 0.906075 0.297453 0.0
vt 0.0 0.06215 0.0
vt 0.0002 0.297453 0.0
vt 0.94318 0.01424 0.0
vt 0.905875 0.06215 0.0
vt 0.905875 0.012881 0.0
vt 0.0002 0.259595 0.0
vt 0.950422 0.053985 0.0
vt 0.0002 0.312903 0.0
vt 0.0 0.093759 0.0
vt 0.906075 0.312903 0.0
vt 0.905875 0.093759 0.0
vt 0.906387 0.330358 0.0
vt 0.0 0.121202 0.0
vt 0.980908 0.041289 0.0
vt 0.0002 0.281378 0.0
vt 0.905875 0.06215 0.0
vt 0.959024 0.01424 0.0
vt 0.906387 0.32163 0.0
vt 0.905875 0.0 0.0
vt 0.950422 0.041289 0.0
vt 0.906387 0.312903 0.0
vt 0.905875 0.089593 0.0
vt 0.959024 0.041289 0.0
vt 0.0002 0.312903 0.0
vt 0.0 0.093759 0.0
vt 0.980908 0.01424 0.0
vt 0.906387 0.32163 0.0
vt 0.0 0.012881 0.0
vt 0.98951 0.041289 0.0
vt 0.0002 0.296828 0.0
vt 0.0 0.048121 0.0
vt 0.996752 0.01424 0.0
vt 0.0002 0.296828 0.0
vt 0.0 0.048121 0.0
vt 0.906075 0.296828 0.0
vt 0.905875 0.048121 0.0
vt 0.0 0.025761 0.0
vt 0.0002 0.219937 0.0
vt 0.98951 0.053985 0.0
vt 0.99905 0.183297 0.0
vt 0.93931 0.183297 0.0
vt 0.939081 0.132863 0.0
vt 0.99905 0.342604 0.0
vt 0.93931 0.342604 0.0
vt 0.93931 0.183297 0.0
vt 0.99905 0.183297 0.0
vt 0.985655 0.132863 0.0
vt 0.93931 0.342604 0.0
vt 0.99905 0.342604 0.0
vt 0.93931 0.183297 0.0
vt 0.99905 0.183297 0.0
vt 0.985655 0.179437 0.0
vt 0.93931 0.342604 0.0
vt 0.99905 0.342604 0.0
vt 0.93931 0.183297 0.0
vt 0.99905 0.183297 0.0
vt 0.939081 0.179437 0.0
vt 0.93931 0.342604 0.0
vt 0.99905 0.342604 0.0
vt 0.99905 0.183297 0.0
vt 0.93931 0.183297 0.0
vt 0.939081 0.132863 0.0
vt 0.99905 0.342604 0.0
vt 0.93931 0.342604 0.0
vt 0.93931 0.183297 0.0
vt 0.99905 0.183297 0.0
vt 0.985655 0.132863 0.0
vt 0.93931 0.342604 0.0
vt 0.99905 0.342604 0.0
vt 0.93931 0.183297 0.0
vt 0.99905 0.183297 0.0
vt 0.985655 0.179437 0.0
vt 0.93931 0.342604 0.0
vt 0.99905 0.342604 0.0
vt 0.93931 0.183297 0.0
vt 0.99905 0.183297 0.0
vt 0.939081 0.179437 0.0
vt 0.93931 0.342604 0.0
vt 0.99905 0.342604 0.0
vt 0.99905 0.183297 0.0
vt 0.93931 0.183297 0.0
vt 0.939081 0.132863 0.0
vt 0.99905 0.342604 0.0
vt 0.93931 0.342604 0.0
vt 0.93931 0.183297 0.0
vt 0.99905 0.183297 0.0
vt 0.985655 0.132863 0.0
vt 0.93931 0.342604 0.0
vt 0.99905 0.342604 0.0
vt 0.93931 0.183297 0.0
vt 0.99905 0.183297 0.0
vt 0.985655 0.179437 0.0
vt 0.93931 0.342604 0.0
vt 0.99905 0.342604 0.0
vt 0.93931 0.183297 0.0
vt 0.99905 0.183297 0.0
vt 0.939081 0.179437 0.0
vt 0.93931 0.342604 0.0
vt 0.99905 0.342604 0.0
vt 0.99905 0.183297 0.0
vt 0.93931 0.183297 0.0
vt 0.939081 0.132863 0.0
vt 0.99905 0.342604 0.0
vt 0.93931 0.342604 0.0
vt 0.93931 0.183297 0.0
vt 0.99905 0.183297 0.0
vt 0.985655 0.132863 0.0
vt 0.93931 0.342604 0.0
vt 0.99905 0.342604 0.0
vt 0.93931 0.183297 0.0
vt 0.99905 0.183297 0.0
vt 0.985655 0.179437 0.0
vt 0.93931 0.342604 0.0
vt 0.99905 0.342604 0.0
vt 0.93931 0.183297 0.0
vt 0.99905 0.183297 0.0
vt 0.939081 0.179437 0.0
vt 0.93931 0.342604 0.0
vt 0.99905 0.342604 0.0
vt 0.99905 0.183297 0.0
vt 0.93931 0.183297 0.0
vt 0.939081 0.132863 0.0
vt 0.99905 0.342604 0.0
vt 0.93931 0.342604 0.0
vt 0.93931 0.183297 0.0
vt 0.99905 0.183297 0.0
vt 0.985655 0.132863 0.0
vt 0.93931 0.342604 0.0
vt 0.99905 0.342604 0.0
vt 0.93931 0.183297 0.0
vt 0.99905 0.183297 0.0
vt 0.985655 0.179437 0.0
vt 0.93931 0.342604 0.0
vt 0.99905 0.342604 0.0
vt 0.93931 0.183297 0.0
vt 0.99905 0.183297 0.0
vt 0.939081 0.179437 0.0
vt 0.93931 0.342604 0.0
vt 0.99905 0.342604 0.0
vt 0.99905 0.183297 0.0
vt 0.93931 0.183297 0.0
vt 0.939081 0.132863 0.0
vt 0.99905 0.342604 0.0
vt 0.93931 0.342604 0.0
vt 0.93931 0.183297 0.0
vt 0.99905 0.183297 0.0
vt 0.985655 0.132863 0.0
vt 0.93931 0.342604 0.0
vt 0.99905 0.342604 0.0
vt 0.93931 0.183297 0.0
vt 0.99905 0.183297 0.0
vt 0.985655 0.179437 0.0
vt 0.93931 0.342604 0.0
vt 0.99905 0.342604 0.0
vt 0.93931 0.183297 0.0
vt 0.99905 0.183297 0.0
vt 0.939081 0.179437 0.0
vt 0.93931 0.342604 0.0
vt 0.99905 0.342604 0.0
vt 0.99905 0.183297 0.0
vt 0.93931 0.183297 0.0
vt 0.939081 0.132863 0.0
vt 0.99905 0.342604 0.0
vt 0.93931 0.342604 0.0
vt 0.93931 0.183297 0.0
vt 0.99905 0.183297 0.0
vt 0.985655 0.132863 0.0
vt 0.93931 0.342604 0.0
vt 0.99905 0.342604 0.0
vt 0.93931 0.183297 0.0
vt 0.99905 0.183297 0.0
vt 0.985655 0.179437 0.0
vt 0.93931 0.342604 0.0
vt 0.99905 0.342604 0.0
vt 0.93931 0.183297 0.0
vt 0.99905 0.183297 0.0
vt 0.939081 0.179437 0.0
vt 0.93931 0.342604 0.0
vt 0.99905 0.342604 0.0
vt 0.99905 0.183297 0.0
vt 0.93931 0.183297 0.0
vt 0.939081 0.132863 0.0
vt 0.99905 0.342604 0.0
vt 0.93931 0.342604 0.0
vt 0.93931 0.183297 0.0
vt 0.99905 0.183297 0.0
vt 0.985655 0.132863 0.0
vt 0.93931 0.342604 0.0
vt 0.99905 0.342604 0.0
vt 0.93931 0.183297 0.0
vt 0.99905 0.183297 0.0
vt 0.985655 0.179437 0.0
vt 0.93931 0.342604 0.0
vt 0.99905 0.342604 0.0
vt 0.93931 0.183297 0.0
vt 0.99905 0.183297 0.0
vt 0.939081 0.179437 0.0
vt 0.93931 0.342604 0.0
vt 0.99905 0.342604 0.0
vt 0.302823 0.656284 0.0
vt -0.000781 0.781451 0.0
vt -0.000466 0.505675 0.0
vt 0.302823 0.718868 0.0
vt -0.000781 0.844034 0.0
vt 0.000156 0.656284 0.0
vt 0.979692 0.781451 0.0
vt 0.999534 0.505675 0.0
vt 0.000156 0.718868 0.0
vt 0.979692 0.844034 0.0
vt 0.000156 0.718868 0.0
vt 0.146184 0.656284 0.0
vt 0.999534 0.654611 0.0
vt 0.000156 0.781451 0.0
vt 0.146184 0.718868 0.0
vt 0.156795 0.656284 0.0
vt 0.980629 0.718868 0.0
vt -0.000466 0.654611 0.0
vt 0.156795 0.718868 0.0
vt 0.980629 0.781451 0.0
vt 0.302823 0.656284 0.0
vt -0.000781 0.781451 0.0
vt 0.0 0.851064 0.0
vt 0.302823 0.718868 0.0
vt -0.000781 0.844034 0.0
vt -0.000781 0.656284 0.0
vt 0.979692 0.781451 0.0
vt 1.0 0.851064 0.0
vt -0.000781 0.718868 0.0
vt 0.979692 0.844034 0.0
vt -0.000781 0.718868 0.0
vt 0.145247 0.656284 0.0
vt 1.0 1.0 0.0
vt -0.000781 0.781451 0.0
vt 0.145247 0.718868 0.0
vt 0.156795 0.656284 0.0
vt 0.979692 0.718868 0.0
vt 0.0 1.0 0.0
vt 0.156795 0.718868 0.0
vt 0.979692 0.781451 0.0
vt -0.000781 0.781451 0.0
vt 0.302823 0.656284 0.0
vt -0.000781 0.844034 0.0
vt -0.000103 0.349106 0.0
vt 0.302823 0.718868 0.0
vt 0.979692 0.781451 0.0
vt -0.000781 0.656284 0.0
vt 0.979692 0.844034 0.0
vt -0.000781 0.718868 0.0
vt 0.999897 0.349106 0.0
vt 0.145247 0.656284 0.0
vt -0.000781 0.718868 0.0
vt 0.145247 0.718868 0.0
vt 0.999897 0.498042 0.0
vt -0.000781 0.781451 0.0
vt 0.156795 0.656284 0.0
vt 0.979692 0.718868 0.0
vt -0.000103 0.498042 0.0
vt 0.156795 0.718868 0.0
vt 0.979692 0.781451 0.0
vt 0.302823 0.656284 0.0
vt -0.000781 0.781451 0.0
vt 0.0 0.851064 0.0
vt 0.302823 0.718868 0.0
vt -0.000781 0.844034 0.0
vt -0.000781 0.656284 0.0
vt 0.979692 0.781451 0.0
vt 1.0 0.851064 0.0
vt -0.000781 0.718868 0.0
vt 0.979692 0.844034 0.0
vt -0.000781 0.718868 0.0
vt 0.145247 0.656284 0.0
vt -0.000781 0.781451 0.0
vt 1.0 1.0 0.0
vt 0.145247 0.718868 0.0
vt 0.979692 0.718868 0.0
vt 0.156795 0.656284 0.0
vt 0.979692 0.781451 0.0
vt 0.0 1.0 0.0
vt 0.156795 0.718868 0.0
vt -0.000122 0.156096 0.0
vt 0.905875 0.034093 0.0
vt -0.000122 0.210448 0.0
vt 0.0 0.048121 0.0
vt 0.905753 0.210448 0.0
vt 0.905875 0.048121 0.0
vt -0.000122 0.210448 0.0
vt 0.0 0.048121 0.0
vt 0.0 0.012881 0.0
vt 0.906075 0.259595 0.0
vt 0.905875 0.025761 0.0
vt 0.906075 0.219937 0.0
vt 0.906075 0.297453 0.0
vt 0.0 0.06215 0.0
vt 0.905875 0.012881 0.0
vt 0.0002 0.259595 0.0
vt 0.0 0.012881 0.0
vt 0.906075 0.259595 0.0
vt 0.906075 0.312903 0.0
vt 0.905875 0.093759 0.0
vt 0.906075 0.281378 0.0
vt 0.0 0.06215 0.0
vt 0.000512 0.330358 0.0
vt 0.905875 0.121202 0.0
vt 0.0 0.121202 0.0
vt 0.906387 0.330358 0.0
vt 0.000512 0.330358 0.0
vt 0.905875 0.121202 0.0
vt 0.000512 0.32163 0.0
vt 0.0 0.0 0.0
vt 0.0 0.089593 0.0
vt 0.000512 0.312903 0.0
vt 0.906387 0.32163 0.0
vt 0.905875 0.0 0.0
vt 0.000512 0.32163 0.0
vt 0.0 0.0 0.0
vt 0.0 0.093759 0.0
vt 0.0002 0.312903 0.0
vt 0.906075 0.312903 0.0
vt 0.905875 0.093759 0.0
vt 0.000512 0.32163 0.0
vt 0.905875 0.012881 0.0
vt 0.0 0.012881 0.0
vt 0.906387 0.32163 0.0
vt 0.000512 0.32163 0.0
vt 0.905875 0.012881 0.0
vt 0.906075 0.296828 0.0
vt 0.905875 0.048121 0.0
vt 0.905753 0.210448 0.0
vt 0.905875 0.048121 0.0
vt -0.000122 0.210448 0.0
vt 0.0 0.048121 0.0
vt 0.905753 0.210448 0.0
vt 0.905875 0.048121 0.0
vt -0.000122 0.210448 0.0
vt 0.0 0.048121 0.0
vt 0.905875 0.012881 0.0
vt 0.0002 0.259595 0.0
vt 0.0 0.012881 0.0
vt 0.906075 0.259595 0.0
vt 0.0002 0.297453 0.0
vt 0.905875 0.06215 0.0
vt 0.906075 0.297453 0.0
vt 0.0 0.06215 0.0
vt 0.0002 0.312903 0.0
vt 0.0 0.093759 0.0
vt 0.906075 0.312903 0.0
vt 0.905875 0.093759 0.0
vt 0.906387 0.330358 0.0
vt 0.0 0.121202 0.0
vt 0.000512 0.330358 0.0
vt 0.905875 0.121202 0.0
vt 0.906387 0.330358 0.0
vt 0.0 0.121202 0.0
vt 0.000512 0.330358 0.0
vt 0.905875 0.121202 0.0
vt 0.906387 0.32163 0.0
vt 0.905875 0.0 0.0
vt 0.000512 0.32163 0.0
vt 0.0 0.0 0.0
vt 0.0002 0.281378 0.0
vt 0.905875 0.06215 0.0
vt 0.906075 0.281378 0.0
vt 0.0 0.06215 0.0
vt 0.906387 0.32163 0.0
vt 0.905875 0.0 0.0
vt 0.000512 0.32163 0.0
vt 0.0 0.0 0.0
vt 0.906387 0.312903 0.0
vt 0.905875 0.089593 0.0
vt 0.000512 0.312903 0.0
vt 0.0 0.089593 0.0
vt 0.906387 0.32163 0.0
vt 0.0 0.012881 0.0
vt 0.000512 0.32163 0.0
vt 0.905875 0.012881 0.0
vt 0.906387 0.32163 0.0
vt 0.0 0.012881 0.0
vt 0.000512 0.32163 0.0
vt 0.905875 0.012881 0.0
vt 0.99905 0.183297 0.0
vt 0.93931 0.183297 0.0
vt 0.939081 0.132863 0.0
vt 0.99905 0.342604 0.0
vt 0.93931 0.342604 0.0
vt 0.93931 0.183297 0.0
vt 0.99905 0.183297 0.0
vt 0.985655 0.132863 0.0
vt 0.93931 0.342604 0.0
vt 0.99905 0.342604 0.0
vt 0.93931 0.183297 0.0
vt 0.99905 0.183297 0.0
vt 0.985655 0.179437 0.0
vt 0.93931 0.342604 0.0
vt 0.99905 0.342604 0.0
vt 0.93931 0.183297 0.0
vt 0.99905 0.183297 0.0
vt 0.939081 0.179437 0.0
vt 0.93931 0.342604 0.0
vt 0.99905 0.342604 0.0
vt 0.99905 0.183297 0.0
vt 0.93931 0.183297 0.0
vt 0.939081 0.132863 0.0
vt 0.99905 0.342604 0.0
vt 0.93931 0.342604 0.0
vt 0.93931 0.183297 0.0
vt 0.99905 0.183297 0.0
vt 0.985655 0.132863 0.0
vt 0.93931 0.342604 0.0
vt 0.99905 0.342604 0.0
vt 0.93931 0.183297 0.0
vt 0.99905 0.183297 0.0
vt 0.985655 0.179437 0.0
vt 0.93931 0.342604 0.0
vt 0.99905 0.342604 0.0
vt 0.93931 0.183297 0.0
vt 0.99905 0.183297 0.0
vt 0.939081 0.179437 0.0
vt 0.93931 0.342604 0.0
vt 0.99905 0.342604 0.0
vt 0.99905 0.183297 0.0
vt 0.93931 0.183297 0.0
vt 0.939081 0.132863 0.0
vt 0.99905 0.342604 0.0
vt 0.93931 0.342604 0.0
vt 0.93931 0.183297 0.0
vt 0.99905 0.183297 0.0
vt 0.985655 0.132863 0.0
vt 0.93931 0.342604 0.0
vt 0.99905 0.342604 0.0
vt 0.93931 0.183297 0.0
vt 0.99905 0.183297 0.0
vt 0.985655 0.179437 0.0
vt 0.93931 0.342604 0.0
vt 0.99905 0.342604 0.0
vt 0.93931 0.183297 0.0
vt 0.99905 0.183297 0.0
vt 0.939081 0.179437 0.0
vt 0.93931 0.342604 0.0
vt 0.99905 0.342604 0.0
vt 0.99905 0.183297 0.0
vt 0.93931 0.183297 0.0
vt 0.939081 0.132863 0.0
vt 0.99905 0.342604 0.0
vt 0.93931 0.342604 0.0
vt 0.93931 0.183297 0.0
vt 0.99905 0.183297 0.0
vt 0.985655 0.132863 0.0
vt 0.93931 0.342604 0.0
vt 0.99905 0.342604 0.0
vt 0.93931 0.183297 0.0
vt 0.99905 0.183297 0.0
vt 0.985655 0.179437 0.0
vt 0.93931 0.342604 0.0
vt 0.99905 0.342604 0.0
vt 0.93931 0.183297 0.0
vt 0.99905 0.183297 0.0
vt 0.939081 0.179437 0.0
vt 0.93931 0.342604 0.0
vt 0.99905 0.342604 0.0
vt 0.99905 0.183297 0.0
vt 0.93931 0.183297 0.0
vt 0.939081 0.132863 0.0
vt 0.99905 0.342604 0.0
vt 0.93931 0.342604 0.0
vt 0.93931 0.183297 0.0
vt 0.99905 0.183297 0.0
vt 0.985655 0.132863 0.0
vt 0.93931 0.342604 0.0
vt 0.99905 0.342604 0.0
vt 0.93931 0.183297 0.0
vt 0.99905 0.183297 0.0
vt 0.985655 0.179437 0.0
vt 0.93931 0.342604 0.0
vt 0.99905 0.342604 0.0
vt 0.93931 0.183297 0.0
vt 0.99905 0.183297 0.0
vt 0.939081 0.179437 0.0
vt 0.93931 0.342604 0.0
vt 0.99905 0.342604 0.0
vt 0.99905 0.183297 0.0
vt 0.93931 0.183297 0.0
vt 0.939081 0.132863 0.0
vt 0.99905 0.342604 0.0
vt 0.93931 0.342604 0.0
vt 0.93931 0.183297 0.0
vt 0.99905 0.183297 0.0
vt 0.985655 0.132863 0.0
vt 0.93931 0.342604 0.0
vt 0.99905 0.342604 0.0
vt 0.93931 0.183297 0.0
vt 0.99905 0.183297 0.0
vt 0.985655 0.179437 0.0
vt 0.93931 0.342604 0.0
vt 0.99905 0.342604 0.0
vt 0.93931 0.183297 0.0
vt 0.99905 0.183297 0.0
vt 0.939081 0.179437 0.0
vt 0.93931 0.342604 0.0
vt 0.99905 0.342604 0.0
vt 0.99905 0.183297 0.0
vt 0.93931 0.183297 0.0
vt 0.939081 0.132863 0.0
vt 0.99905 0.342604 0.0
vt 0.93931 0.342604 0.0
vt 0.93931 0.183297 0.0
vt 0.99905 0.183297 0.0
vt 0.985655 0.132863 0.0
vt 0.93931 0.342604 0.0
vt 0.99905 0.342604 0.0
vt 0.93931 0.183297 0.0
vt 0.99905 0.183297 0.0
vt 0.985655 0.179437 0.0
vt 0.93931 0.342604 0.0
vt 0.99905 0.342604 0.0
vt 0.93931 0.183297 0.0
vt 0.99905 0.183297 0.0
vt 0.939081 0.179437 0.0
vt 0.93931 0.342604 0.0
vt 0.99905 0.342604 0.0
vt 0.294197 0.297453 0.0
vt 0.940627 0.062939 0.0
vt 0.611878 0.06215 0.0
vt 0.294197 0.312903 0.0
vt 0.979746 0.062939 0.0
vt 0.293997 0.093759 0.0
vt 0.294197 0.281378 0.0
vt 0.611878 0.06215 0.0
vt 0.957055 0.062939 0.0
vt 0.979746 0.090985 0.0
vt 0.61239 0.330358 0.0
vt 0.293997 0.121202 0.0
vt 0.948136 0.090985 0.0
vt 0.61239 0.32163 0.0
vt 0.611878 0.0 0.0
vt 0.611878 0.089593 0.0
vt 0.957055 0.090985 0.0
vt 0.61239 0.312903 0.0
vt 0.988665 0.090985 0.0
vt 0.61239 0.32163 0.0
vt 0.293997 0.012881 0.0
vt 0.294197 0.296828 0.0
vt 0.996174 0.062939 0.0
vt 0.293997 0.048121 0.0
vt 0.302823 0.656284 0.0
vt -0.000781 0.781451 0.0
vt -0.000466 0.505675 0.0
vt 0.302823 0.718868 0.0
vt -0.000781 0.844034 0.0
vt 0.000156 0.656284 0.0
vt 0.979692 0.781451 0.0
vt 0.999534 0.505675 0.0
vt 0.000156 0.718868 0.0
vt 0.979692 0.844034 0.0
vt 0.000156 0.718868 0.0
vt 0.146184 0.656284 0.0
vt 0.999534 0.654611 0.0
vt 0.000156 0.781451 0.0
vt 0.146184 0.718868 0.0
vt 0.156795 0.656284 0.0
vt 0.980629 0.718868 0.0
vt -0.000466 0.654611 0.0
vt 0.156795 0.718868 0.0
vt 0.980629 0.781451 0.0
vt 0.302823 0.656284 0.0
vt -0.000781 0.781451 0.0
vt 0.0 0.851064 0.0
vt 0.302823 0.718868 0.0
vt -0.000781 0.844034 0.0
vt -0.000781 0.656284 0.0
vt 0.979692 0.781451 0.0
vt 1.0 0.851064 0.0
vt -0.000781 0.718868 0.0
vt 0.979692 0.844034 0.0
vt -0.000781 0.718868 0.0
vt 0.145247 0.656284 0.0
vt 1.0 1.0 0.0
vt -0.000781 0.781451 0.0
vt 0.145247 0.718868 0.0
vt 0.156795 0.656284 0.0
vt 0.979692 0.718868 0.0
vt 0.0 1.0 0.0
vt 0.156795 0.718868 0.0
vt 0.979692 0.781451 0.0
vt 0.302823 0.656284 0.0
vt -0.000781 0.781451 0.0
vt -0.000103 0.349106 0.0
vt 0.302823 0.718868 0.0
vt -0.000781 0.844034 0.0
vt -0.000781 0.656284 0.0
vt 0.979692 0.781451 0.0
vt 0.999897 0.349106 0.0
vt -0.000781 0.718868 0.0
vt 0.979692 0.844034 0.0
vt -0.000781 0.718868 0.0
vt 0.145247 0.656284 0.0
vt 0.999897 0.498042 0.0
vt -0.000781 0.781451 0.0
vt 0.145247 0.718868 0.0
vt 0.156795 0.656284 0.0
vt 0.979692 0.718868 0.0
vt -0.000103 0.498042 0.0
vt 0.156795 0.718868 0.0
vt 0.979692 0.781451 0.0
vt -0.000781 0.781451 0.0
vt 0.302823 0.656284 0.0
vt -0.000781 0.844034 0.0
vt 0.0 0.851064 0.0
vt 0.302823 0.718868 0.0
vt -0.000781 0.656284 0.0
vt 0.979692 0.781451 0.0
vt -0.000781 0.718868 0.0
vt 0.979692 0.844034 0.0
vt 1.0 0.851064 0.0
vt 0.145247 0.656284 0.0
vt -0.000781 0.718868 0.0
vt 0.145247 0.718868 0.0
vt 1.0 1.0 0.0
vt -0.000781 0.781451 0.0
vt 0.979692 0.718868 0.0
vt 0.156795 0.656284 0.0
vt 0.0 1.0 0.0
vt 0.979692 0.781451 0.0
vt 0.156795 0.718868 0.0
vt 0.810759 0.156096 0.0
vt 0.996227 0.048546 0.0
vt 0.094994 0.034093 0.0
vt 0.810759 0.210448 0.0
vt 0.940436 0.048546 0.0
vt 0.81088 0.048121 0.0
vt 0.81088 0.012881 0.0
vt 0.095194 0.259595 0.0
vt 0.947978 0.104336 0.0
vt 0.094994 0.025761 0.0
vt 0.095194 0.219937 0.0
vt 0.988685 0.104336 0.0
vt 0.095194 0.297453 0.0
vt 0.940436 0.062946 0.0
vt 0.81088 0.06215 0.0
vt 0.094994 0.093759 0.0
vt 0.095194 0.312903 0.0
vt 0.979727 0.062946 0.0
vt 0.095194 0.281378 0.0
vt 0.81088 0.06215 0.0
vt 0.956936 0.062946 0.0
vt 0.094994 0.121202 0.0
vt 0.811392 0.330358 0.0
vt 0.979727 0.091115 0.0
vt 0.811392 0.32163 0.0
vt 0.81088 0.0 0.0
vt 0.947978 0.091115 0.0
vt 0.811392 0.312903 0.0
vt 0.81088 0.089593 0.0
vt 0.956936 0.091115 0.0
vt 0.094994 0.012881 0.0
vt 0.811392 0.32163 0.0
vt 0.988685 0.091115 0.0
vt 0.095194 0.296828 0.0
vt 0.094994 0.048121 0.0
vt 0.996227 0.062946 0.0
vt 0.996174 0.048602 0.0
vt 0.611757 0.156096 0.0
vt 0.293997 0.034093 0.0
vt 0.940627 0.048602 0.0
vt 0.611757 0.210448 0.0
vt 0.611878 0.048121 0.0
vt 0.948136 0.104149 0.0
vt 0.611878 0.012881 0.0
vt 0.294197 0.259595 0.0
vt 0.988665 0.104149 0.0
vt 0.293997 0.025761 0.0
vt 0.294197 0.219937 0.0
vt -0.000122 0.156096 0.0
vt 0.905875 0.034093 0.0
vt 0.942399 0.062186 0.0
vt -0.000122 0.210448 0.0
vt 0.0 0.048121 0.0
vt 0.995971 0.062186 0.0
vt 0.905753 0.210448 0.0
vt 0.905875 0.048121 0.0
vt 0.905753 0.156096 0.0
vt 0.0 0.034093 0.0
vt 0.0 0.012881 0.0
vt 0.906075 0.259595 0.0
vt 0.988729 0.115757 0.0
vt 0.905875 0.025761 0.0
vt 0.906075 0.219937 0.0
vt 0.949641 0.115757 0.0
vt 0.906075 0.297453 0.0
vt 0.0 0.06215 0.0
vt 0.995971 0.076013 0.0
vt 0.0002 0.297453 0.0
vt 0.905875 0.06215 0.0
vt 0.905875 0.012881 0.0
vt 0.0002 0.259595 0.0
vt 0.906075 0.312903 0.0
vt 0.905875 0.093759 0.0
vt 0.958243 0.076013 0.0
vt 0.906075 0.281378 0.0
vt 0.0 0.06215 0.0
vt 0.980127 0.076013 0.0
vt 0.000512 0.330358 0.0
vt 0.905875 0.121202 0.0
vt 0.958243 0.103062 0.0
vt 0.906387 0.330358 0.0
vt 0.0 0.121202 0.0
vt 0.000512 0.32163 0.0
vt 0.0 0.0 0.0
vt 0.988729 0.103062 0.0
vt 0.000512 0.312903 0.0
vt 0.0 0.089593 0.0
vt 0.980127 0.103062 0.0
vt 0.0002 0.281378 0.0
vt 0.905875 0.06215 0.0
vt 0.906387 0.32163 0.0
vt 0.905875 0.0 0.0
vt 0.906387 0.312903 0.0
vt 0.905875 0.089593 0.0
vt 0.0002 0.312903 0.0
vt 0.0 0.093759 0.0
vt 0.000512 0.32163 0.0
vt 0.905875 0.012881 0.0
vt 0.949641 0.103062 0.0
vt 0.906387 0.32163 0.0
vt 0.0 0.012881 0.0
vt 0.0002 0.296828 0.0
vt 0.0 0.048121 0.0
vt 0.906075 0.296828 0.0
vt 0.905875 0.048121 0.0
vt 0.942399 0.076013 0.0
vt 0.0 0.025761 0.0
vt 0.0002 0.219937 0.0
vt 0.905753 0.156096 0.0
vt 0.0 0.034093 0.0
vt -0.000122 0.156096 0.0
vt 0.905875 0.034093 0.0
vt 0.905753 0.156096 0.0
vt 0.0 0.034093 0.0
vt -0.000122 0.156096 0.0
vt 0.905875 0.034093 0.0
vt 0.905875 0.012881 0.0
vt 0.0002 0.259595 0.0
vt 0.0 0.012881 0.0
vt 0.906075 0.259595 0.0
vt 0.0002 0.312903 0.0
vt 0.0 0.093759 0.0
vt 0.906075 0.312903 0.0
vt 0.905875 0.093759 0.0
vt 0.906387 0.32163 0.0
vt 0.905875 0.0 0.0
vt 0.000512 0.32163 0.0
vt 0.0 0.0 0.0
vt 0.0002 0.281378 0.0
vt 0.905875 0.06215 0.0
vt 0.906075 0.281378 0.0
vt 0.0 0.06215 0.0
vt 0.906387 0.312903 0.0
vt 0.905875 0.089593 0.0
vt 0.000512 0.312903 0.0
vt 0.0 0.089593 0.0
vt 0.906387 0.32163 0.0
vt 0.0 0.012881 0.0
vt 0.000512 0.32163 0.0
vt 0.905875 0.012881 0.0
vt 0.0002 0.296828 0.0
vt 0.0 0.048121 0.0
vt 0.906075 0.296828 0.0
vt 0.905875 0.048121 0.0
vt 0.0 0.025761 0.0
vt 0.0002 0.219937 0.0
vt 0.905875 0.025761 0.0
vt 0.906075 0.219937 0.0
vt 0.99905 0.183297 0.0
vt 0.93931 0.183297 0.0
vt 0.939081 0.132863 0.0
vt 0.99905 0.342604 0.0
vt 0.93931 0.342604 0.0
vt 0.93931 0.183297 0.0
vt 0.99905 0.183297 0.0
vt 0.985655 0.132863 0.0
vt 0.93931 0.342604 0.0
vt 0.99905 0.342604 0.0
vt 0.93931 0.183297 0.0
vt 0.99905 0.183297 0.0
vt 0.985655 0.179437 0.0
vt 0.93931 0.342604 0.0
vt 0.99905 0.342604 0.0
vt 0.93931 0.183297 0.0
vt 0.99905 0.183297 0.0
vt 0.939081 0.179437 0.0
vt 0.93931 0.342604 0.0
vt 0.99905 0.342604 0.0
vt 0.302823 0.656284 0.0
vt -0.000781 0.781451 0.0
vt -0.000466 0.505675 0.0
vt 0.302823 0.718868 0.0
vt -0.000781 0.844034 0.0
vt 0.000156 0.656284 0.0
vt 0.979692 0.781451 0.0
vt 0.999534 0.505675 0.0
vt 0.000156 0.718868 0.0
vt 0.979692 0.844034 0.0
vt 0.000156 0.718868 0.0
vt 0.146184 0.656284 0.0
vt 0.999534 0.654611 0.0
vt 0.000156 0.781451 0.0
vt 0.146184 0.718868 0.0
vt 0.156795 0.656284 0.0
vt 0.980629 0.718868 0.0
vt -0.000466 0.654611 0.0
vt 0.156795 0.718868 0.0
vt 0.980629 0.781451 0.0
vt 0.99905 0.183297 0.0
vt 0.93931 0.183297 0.0
vt 0.939081 0.132863 0.0
vt 0.99905 0.342604 0.0
vt 0.93931 0.342604 0.0
vt 0.93931 0.183297 0.0
vt 0.99905 0.183297 0.0
vt 0.985655 0.132863 0.0
vt 0.93931 0.342604 0.0
vt 0.99905 0.342604 0.0
vt 0.93931 0.183297 0.0
vt 0.99905 0.183297 0.0
vt 0.985655 0.179437 0.0
vt 0.93931 0.342604 0.0
vt 0.99905 0.342604 0.0
vt 0.93931 0.183297 0.0
vt 0.99905 0.183297 0.0
vt 0.939081 0.179437 0.0
vt 0.93931 0.342604 0.0
vt 0.99905 0.342604 0.0
vt 0.302823 0.656284 0.0
vt -0.000781 0.781451 0.0
vt 0.0 0.851064 0.0
vt 0.302823 0.718868 0.0
vt -0.000781 0.844034 0.0
vt -0.000781 0.656284 0.0
vt 0.979692 0.781451 0.0
vt 1.0 0.851064 0.0
vt -0.000781 0.718868 0.0
vt 0.979692 0.844034 0.0
vt -0.000781 0.718868 0.0
vt 0.145247 0.656284 0.0
vt 1.0 1.0 0.0
vt -0.000781 0.781451 0.0
vt 0.145247 0.718868 0.0
vt 0.156795 0.656284 0.0
vt 0.979692 0.718868 0.0
vt 0.0 1.0 0.0
vt 0.156795 0.718868 0.0
vt 0.979692 0.781451 0.0
vt 0.99905 0.183297 0.0
vt 0.93931 0.183297 0.0
vt 0.939081 0.132863 0.0
vt 0.99905 0.342604 0.0
vt 0.93931 0.342604 0.0
vt 0.93931 0.183297 0.0
vt 0.99905 0.183297 0.0
vt 0.985655 0.132863 0.0
vt 0.93931 0.342604 0.0
vt 0.99905 0.342604 0.0
vt 0.93931 0.183297 0.0
vt 0.99905 0.183297 0.0
vt 0.985655 0.179437 0.0
vt 0.93931 0.342604 0.0
vt 0.99905 0.342604 0.0
vt 0.93931 0.183297 0.0
vt 0.99905 0.183297 0.0
vt 0.939081 0.179437 0.0
vt 0.93931 0.342604 0.0
vt 0.99905 0.342604 0.0
vt -0.000781 0.781451 0.0
vt 0.302823 0.656284 0.0
vt -0.000781 0.844034 0.0
vt 0.302823 0.718868 0.0
vt -0.000103 0.349106 0.0
vt -0.000781 0.656284 0.0
vt 0.979692 0.781451 0.0
vt -0.000781 0.718868 0.0
vt 0.979692 0.844034 0.0
vt 0.999897 0.349106 0.0
vt -0.000781 0.718868 0.0
vt 0.145247 0.656284 0.0
vt -0.000781 0.781451 0.0
vt 0.145247 0.718868 0.0
vt 0.999897 0.498042 0.0
vt 0.979692 0.718868 0.0
vt 0.156795 0.656284 0.0
vt 0.979692 0.781451 0.0
vt 0.156795 0.718868 0.0
vt -0.000103 0.498042 0.0
vt 0.93931 0.183297 0.0
vt 0.99905 0.183297 0.0
vt 0.93931 0.342604 0.0
vt 0.939081 0.132863 0.0
vt 0.99905 0.342604 0.0
vt 0.99905 0.183297 0.0
vt 0.93931 0.183297 0.0
vt 0.99905 0.342604 0.0
vt 0.985655 0.132863 0.0
vt 0.93931 0.342604 0.0
vt 0.93931 0.183297 0.0
vt 0.99905 0.183297 0.0
vt 0.985655 0.179437 0.0
vt 0.93931 0.342604 0.0
vt 0.99905 0.342604 0.0
vt 0.93931 0.183297 0.0
vt 0.99905 0.183297 0.0
vt 0.939081 0.179437 0.0
vt 0.93931 0.342604 0.0
vt 0.99905 0.342604 0.0
vt -0.000781 0.781451 0.0
vt 0.302823 0.656284 0.0
vt 0.0 0.851064 0.0
vt -0.000781 0.844034 0.0
vt 0.302823 0.718868 0.0
vt -0.000781 0.656284 0.0
vt 0.979692 0.781451 0.0
vt 1.0 0.851064 0.0
vt -0.000781 0.718868 0.0
vt 0.979692 0.844034 0.0
vt -0.000781 0.718868 0.0
vt 0.145247 0.656284 0.0
vt 1.0 1.0 0.0
vt -0.000781 0.781451 0.0
vt 0.145247 0.718868 0.0
vt 0.979692 0.718868 0.0
vt 0.156795 0.656284 0.0
vt 0.0 1.0 0.0
vt 0.979692 0.781451 0.0
vt 0.156795 0.718868 0.0
vt -0.000122 0.156096 0.0
vt 0.905875 0.034093 0.0
vt 0.942399 0.062186 0.0
vt -0.000122 0.210448 0.0
vt 0.0 0.048121 0.0
vt 0.995971 0.062186 0.0
vt 0.752232 0.156096 0.0
vt 0.153521 0.034093 0.0
vt 0.752232 0.210448 0.0
vt 0.752354 0.048121 0.0
vt 0.0 0.012881 0.0
vt 0.906075 0.259595 0.0
vt 0.988729 0.115757 0.0
vt 0.905875 0.025761 0.0
vt 0.906075 0.219937 0.0
vt 0.949641 0.115757 0.0
vt 0.906075 0.297453 0.0
vt 0.0 0.06215 0.0
vt 0.995971 0.076013 0.0
vt 0.752354 0.012881 0.0
vt 0.153721 0.259595 0.0
vt 0.153521 0.025761 0.0
vt 0.153721 0.219937 0.0
vt 0.906075 0.312903 0.0
vt 0.905875 0.093759 0.0
vt 0.958243 0.076013 0.0
vt 0.906075 0.281378 0.0
vt 0.0 0.06215 0.0
vt 0.980127 0.076013 0.0
vt 0.000512 0.330358 0.0
vt 0.905875 0.121202 0.0
vt 0.958243 0.103062 0.0
vt 0.153721 0.297453 0.0
vt 0.752354 0.06215 0.0
vt 0.000512 0.32163 0.0
vt 0.0 0.0 0.0
vt 0.988729 0.103062 0.0
vt 0.000512 0.312903 0.0
vt 0.0 0.089593 0.0
vt 0.980127 0.103062 0.0
vt 0.153721 0.312903 0.0
vt 0.153521 0.093759 0.0
vt 0.153721 0.281378 0.0
vt 0.752354 0.06215 0.0
vt 0.752866 0.330358 0.0
vt 0.153521 0.121202 0.0
vt 0.752866 0.32163 0.0
vt 0.752354 0.0 0.0
vt 0.000512 0.32163 0.0
vt 0.905875 0.012881 0.0
vt 0.949641 0.103062 0.0
vt 0.752866 0.312903 0.0
vt 0.752354 0.089593 0.0
vt 0.752866 0.32163 0.0
vt 0.153521 0.012881 0.0
vt 0.906075 0.296828 0.0
vt 0.905875 0.048121 0.0
vt 0.942399 0.076013 0.0
vt 0.153721 0.296828 0.0
vt 0.153521 0.048121 0.0
vt -0.000122 0.156096 0.0
vt 0.905875 0.034093 0.0
vt 0.942399 0.062186 0.0
vt -0.000122 0.210448 0.0
vt 0.0 0.048121 0.0
vt 0.995971 0.062186 0.0
vt 0.905753 0.210448 0.0
vt 0.905875 0.048121 0.0
vt -0.000122 0.210448 0.0
vt 0.0 0.048121 0.0
vt 0.0 0.012881 0.0
vt 0.906075 0.259595 0.0
vt 0.988729 0.115757 0.0
vt 0.905875 0.025761 0.0
vt 0.906075 0.219937 0.0
vt 0.949641 0.115757 0.0
vt 0.906075 0.297453 0.0
vt 0.0 0.06215 0.0
vt 0.995971 0.076013 0.0
vt 0.0002 0.297453 0.0
vt 0.905875 0.06215 0.0
vt 0.906075 0.297453 0.0
vt 0.0 0.06215 0.0
vt 0.906075 0.312903 0.0
vt 0.905875 0.093759 0.0
vt 0.958243 0.076013 0.0
vt 0.906075 0.281378 0.0
vt 0.0 0.06215 0.0
vt 0.980127 0.076013 0.0
vt 0.000512 0.330358 0.0
vt 0.905875 0.121202 0.0
vt 0.958243 0.103062 0.0
vt 0.906387 0.330358 0.0
vt 0.0 0.121202 0.0
vt 0.000512 0.330358 0.0
vt 0.905875 0.121202 0.0
vt 0.000512 0.32163 0.0
vt 0.0 0.0 0.0
vt 0.988729 0.103062 0.0
vt 0.000512 0.312903 0.0
vt 0.0 0.089593 0.0
vt 0.980127 0.103062 0.0
vt 0.0002 0.281378 0.0
vt 0.905875 0.06215 0.0
vt 0.906075 0.281378 0.0
vt 0.0 0.06215 0.0
vt 0.906387 0.312903 0.0
vt 0.905875 0.089593 0.0
vt 0.000512 0.312903 0.0
vt 0.0 0.089593 0.0
vt 0.000512 0.32163 0.0
vt 0.905875 0.012881 0.0
vt 0.949641 0.103062 0.0
vt 0.0002 0.296828 0.0
vt 0.0 0.048121 0.0
vt 0.906075 0.296828 0.0
vt 0.905875 0.048121 0.0
vt 0.906075 0.296828 0.0
vt 0.905875 0.048121 0.0
vt 0.942399 0.076013 0.0
vt 0.0 0.025761 0.0
vt 0.0002 0.219937 0.0
vt 0.905875 0.025761 0.0
vt 0.906075 0.219937 0.0
vt 0.99905 0.183297 0.0
vt 0.93931 0.183297 0.0
vt 0.939081 0.132863 0.0
vt 0.99905 0.342604 0.0
vt 0.93931 0.342604 0.0
vt 0.93931 0.183297 0.0
vt 0.99905 0.183297 0.0
vt 0.985655 0.132863 0.0
vt 0.93931 0.342604 0.0
vt 0.99905 0.342604 0.0
vt 0.93931 0.183297 0.0
vt 0.99905 0.183297 0.0
vt 0.985655 0.179437 0.0
vt 0.93931 0.342604 0.0
vt 0.99905 0.342604 0.0
vt 0.93931 0.183297 0.0
vt 0.99905 0.183297 0.0
vt 0.939081 0.179437 0.0
vt 0.93931 0.342604 0.0
vt 0.99905 0.342604 0.0
vt 0.99905 0.183297 0.0
vt 0.93931 0.183297 0.0
vt 0.939081 0.132863 0.0
vt 0.99905 0.342604 0.0
vt 0.93931 0.342604 0.0
vt 0.93931 0.183297 0.0
vt 0.99905 0.183297 0.0
vt 0.985655 0.132863 0.0
vt 0.93931 0.342604 0.0
vt 0.99905 0.342604 0.0
vt 0.93931 0.183297 0.0
vt 0.99905 0.183297 0.0
vt 0.985655 0.179437 0.0
vt 0.93931 0.342604 0.0
vt 0.99905 0.342604 0.0
vt 0.93931 0.183297 0.0
vt 0.99905 0.183297 0.0
vt 0.939081 0.179437 0.0
vt 0.93931 0.342604 0.0
vt 0.99905 0.342604 0.0
vt 0.99905 0.183297 0.0
vt 0.93931 0.183297 0.0
vt 0.939081 0.132863 0.0
vt 0.99905 0.342604 0.0
vt 0.93931 0.342604 0.0
vt 0.93931 0.183297 0.0
vt 0.99905 0.183297 0.0
vt 0.985655 0.132863 0.0
vt 0.93931 0.342604 0.0
vt 0.99905 0.342604 0.0
vt 0.93931 0.183297 0.0
vt 0.99905 0.183297 0.0
vt 0.985655 0.179437 0.0
vt 0.93931 0.342604 0.0
vt 0.99905 0.342604 0.0
vt 0.93931 0.183297 0.0
vt 0.99905 0.183297 0.0
vt 0.939081 0.179437 0.0
vt 0.93931 0.342604 0.0
vt 0.99905 0.342604 0.0
vt 0.99905 0.183297 0.0
vt 0.93931 0.183297 0.0
vt 0.939081 0.132863 0.0
vt 0.99905 0.342604 0.0
vt 0.93931 0.342604 0.0
vt 0.93931 0.183297 0.0
vt 0.99905 0.183297 0.0
vt 0.985655 0.132863 0.0
vt 0.93931 0.342604 0.0
vt 0.99905 0.342604 0.0
vt 0.93931 0.183297 0.0
vt 0.99905 0.183297 0.0
vt 0.985655 0.179437 0.0
vt 0.93931 0.342604 0.0
vt 0.99905 0.342604 0.0
vt 0.93931 0.183297 0.0
vt 0.99905 0.183297 0.0
vt 0.939081 0.179437 0.0
vt 0.93931 0.342604 0.0
vt 0.99905 0.342604 0.0
vt 0.99905 0.183297 0.0
vt 0.93931 0.183297 0.0
vt 0.939081 0.132863 0.0
vt 0.99905 0.342604 0.0
vt 0.93931 0.342604 0.0
vt 0.93931 0.183297 0.0
vt 0.99905 0.183297 0.0
vt 0.985655 0.132863 0.0
vt 0.93931 0.342604 0.0
vt 0.99905 0.342604 0.0
vt 0.93931 0.183297 0.0
vt 0.99905 0.183297 0.0
vt 0.985655 0.179437 0.0
vt 0.93931 0.342604 0.0
vt 0.99905 0.342604 0.0
vt 0.93931 0.183297 0.0
vt 0.99905 0.183297 0.0
vt 0.939081 0.179437 0.0
vt 0.93931 0.342604 0.0
vt 0.99905 0.342604 0.0
vt 0.99905 0.183297 0.0
vt 0.93931 0.183297 0.0
vt 0.939081 0.132863 0.0
vt 0.99905 0.342604 0.0
vt 0.93931 0.342604 0.0
vt 0.93931 0.183297 0.0
vt 0.99905 0.183297 0.0
vt 0.985655 0.132863 0.0
vt 0.93931 0.342604 0.0
vt 0.99905 0.342604 0.0
vt 0.93931 0.183297 0.0
vt 0.99905 0.183297 0.0
vt 0.985655 0.179437 0.0
vt 0.93931 0.342604 0.0
vt 0.99905 0.342604 0.0
vt 0.93931 0.183297 0.0
vt 0.99905 0.183297 0.0
vt 0.939081 0.179437 0.0
vt 0.93931 0.342604 0.0
vt 0.99905 0.342604 0.0
vt 0.99905 0.183297 0.0
vt 0.93931 0.183297 0.0
vt 0.939081 0.132863 0.0
vt 0.99905 0.342604 0.0
vt 0.93931 0.342604 0.0
vt 0.93931 0.183297 0.0
vt 0.99905 0.183297 0.0
vt 0.985655 0.132863 0.0
vt 0.93931 0.342604 0.0
vt 0.99905 0.342604 0.0
vt 0.93931 0.183297 0.0
vt 0.99905 0.183297 0.0
vt 0.985655 0.179437 0.0
vt 0.93931 0.342604 0.0
vt 0.99905 0.342604 0.0
vt 0.93931 0.183297 0.0
vt 0.99905 0.183297 0.0
vt 0.939081 0.179437 0.0
vt 0.93931 0.342604 0.0
vt 0.99905 0.342604 0.0
vt 0.99905 0.183297 0.0
vt 0.93931 0.183297 0.0
vt 0.939081 0.132863 0.0
vt 0.99905 0.342604 0.0
vt 0.93931 0.342604 0.0
vt 0.93931 0.183297 0.0
vt 0.99905 0.183297 0.0
vt 0.985655 0.132863 0.0
vt 0.93931 0.342604 0.0
vt 0.99905 0.342604 0.0
vt 0.93931 0.183297 0.0
vt 0.99905 0.183297 0.0
vt 0.985655 0.179437 0.0
vt 0.93931 0.342604 0.0
vt 0.99905 0.342604 0.0
vt 0.93931 0.183297 0.0
vt 0.99905 0.183297 0.0
vt 0.939081 0.179437 0.0
vt 0.93931 0.342604 0.0
vt 0.99905 0.342604 0.0
vt 0.302823 0.656284 0.0
vt -0.000781 0.781451 0.0
vt -0.000466 0.505675 0.0
vt 0.302823 0.718868 0.0
vt -0.000781 0.844034 0.0
vt 0.000156 0.656284 0.0
vt 0.979692 0.781451 0.0
vt 0.999534 0.505675 0.0
vt 0.000156 0.718868 0.0
vt 0.979692 0.844034 0.0
vt 0.000156 0.718868 0.0
vt 0.146184 0.656284 0.0
vt 0.999534 0.654611 0.0
vt 0.000156 0.781451 0.0
vt 0.146184 0.718868 0.0
vt 0.156795 0.656284 0.0
vt 0.980629 0.718868 0.0
vt -0.000466 0.654611 0.0
vt 0.156795 0.718868 0.0
vt 0.980629 0.781451 0.0
vt 0.302823 0.656284 0.0
vt -0.000781 0.781451 0.0
vt 0.0 0.851064 0.0
vt 0.302823 0.718868 0.0
vt -0.000781 0.844034 0.0
vt -0.000781 0.656284 0.0
vt 0.979692 0.781451 0.0
vt 1.0 0.851064 0.0
vt -0.000781 0.718868 0.0
vt 0.979692 0.844034 0.0
vt -0.000781 0.718868 0.0
vt 0.145247 0.656284 0.0
vt 1.0 1.0 0.0
vt -0.000781 0.781451 0.0
vt 0.145247 0.718868 0.0
vt 0.156795 0.656284 0.0
vt 0.979692 0.718868 0.0
vt 0.0 1.0 0.0
vt 0.156795 0.718868 0.0
vt 0.979692 0.781451 0.0
vt 0.302823 0.656284 0.0
vt -0.000781 0.781451 0.0
vt -0.000103 0.349106 0.0
vt 0.302823 0.718868 0.0
vt -0.000781 0.844034 0.0
vt -0.000781 0.656284 0.0
vt 0.979692 0.781451 0.0
vt 0.999897 0.349106 0.0
vt -0.000781 0.718868 0.0
vt 0.979692 0.844034 0.0
vt -0.000781 0.718868 0.0
vt 0.145247 0.656284 0.0
vt 0.999897 0.498042 0.0
vt -0.000781 0.781451 0.0
vt 0.145247 0.718868 0.0
vt 0.156795 0.656284 0.0
vt 0.979692 0.718868 0.0
vt -0.000103 0.498042 0.0
vt 0.156795 0.718868 0.0
vt 0.979692 0.781451 0.0
vt -0.000781 0.781451 0.0
vt 0.302823 0.656284 0.0
vt -0.000781 0.844034 0.0
vt 0.0 0.851064 0.0
vt 0.302823 0.718868 0.0
vt 0.979692 0.781451 0.0
vt -0.000781 0.656284 0.0
vt 0.979692 0.844034 0.0
vt 1.0 0.851064 0.0
vt -0.000781 0.718868 0.0
vt -0.000781 0.718868 0.0
vt 0.145247 0.656284 0.0
vt 1.0 1.0 0.0
vt -0.000781 0.781451 0.0
vt 0.145247 0.718868 0.0
vt 0.156795 0.656284 0.0
vt 0.979692 0.718868 0.0
vt 0.0 1.0 0.0
vt 0.156795 0.718868 0.0
vt 0.979692 0.781451 0.0

f 139/347 140/350 138/345 137/342 
f 141/352 142/355 140/349 139/346 
f 143/357 144/360 142/354 141/351 
f 137/341 138/344 144/359 143/356 
f 140/348 142/353 144/358 138/343 
f 7/16 2/4 3/7 8/19 
f 19/47 16/38 8/18 3/6 
f 3/6 4/10 22/55 19/47 
f 18/44 13/31 21/52 24/60 
f 24/60 9/22 17/41 18/44 
f 16/38 19/47 13/31 18/44 
f 22/54 4/9 1/2 23/57 
f 9/21 24/59 6/14 5/12 
f 3/5 2/3 1/1 4/8 
f 12/28 13/30 19/46 10/24 
f 6/13 24/58 21/51 20/49 
f 13/29 12/27 20/48 21/50 
f 22/53 23/56 10/23 19/45 
f 18/43 15/35 11/26 16/37 
f 9/20 5/11 14/33 17/40 
f 17/39 14/32 15/34 18/42 
f 16/36 11/25 7/15 8/17 
f 131/327 132/330 130/325 129/322 
f 133/332 134/335 132/329 131/326 
f 135/337 136/340 134/334 133/331 
f 129/321 130/324 136/339 135/336 
f 132/328 134/333 136/338 130/323 
f 27/67 26/64 31/76 32/79 
f 28/70 27/66 43/107 46/115 
f 32/78 40/98 43/107 27/66 
f 41/101 33/82 37/91 42/104 
f 48/120 45/112 37/91 33/82 
f 42/104 37/91 43/107 40/98 
f 25/62 28/69 46/114 47/117 
f 30/74 48/119 33/81 29/72 
f 25/61 26/63 27/65 28/68 
f 43/106 37/90 36/88 34/84 
f 45/111 48/118 30/73 44/109 
f 44/108 36/87 37/89 45/110 
f 34/83 47/116 46/113 43/105 
f 35/86 39/95 42/103 40/97 
f 38/93 29/71 33/80 41/100 
f 39/94 38/92 41/99 42/102 
f 31/75 35/85 40/96 32/77 
f 51/127 52/130 50/125 49/122 
f 53/132 54/135 52/129 51/126 
f 55/137 56/140 54/134 53/131 
f 49/121 50/124 56/139 55/136 
f 52/128 54/133 56/138 50/123 
f 58/145 60/150 59/147 57/142 
f 60/149 62/155 61/152 59/146 
f 62/154 64/160 63/157 61/151 
f 64/159 58/144 57/141 63/156 
f 64/158 62/153 60/148 58/143 
f 67/167 68/170 66/165 65/162 
f 69/172 70/175 68/169 67/166 
f 71/177 72/180 70/174 69/171 
f 65/161 66/164 72/179 71/176 
f 68/168 70/173 72/178 66/163 
f 74/185 76/190 75/187 73/182 
f 76/189 78/195 77/192 75/186 
f 78/194 80/200 79/197 77/191 
f 80/199 74/184 73/181 79/196 
f 80/198 78/193 76/188 74/183 
f 83/207 84/210 82/205 81/202 
f 85/212 86/215 84/209 83/206 
f 87/217 88/220 86/214 85/211 
f 81/201 82/204 88/219 87/216 
f 84/208 86/213 88/218 82/203 
f 90/225 92/230 91/227 89/222 
f 92/229 94/235 93/232 91/226 
f 94/234 96/240 95/237 93/231 
f 96/239 90/224 89/221 95/236 
f 96/238 94/233 92/228 90/223 
f 99/247 100/250 98/245 97/242 
f 101/252 102/255 100/249 99/246 
f 103/257 104/260 102/254 101/251 
f 97/241 98/244 104/259 103/256 
f 100/248 102/253 104/258 98/243 
f 106/265 108/270 107/267 105/262 
f 108/269 110/275 109/272 107/266 
f 110/274 112/280 111/277 109/271 
f 112/279 106/264 105/261 111/276 
f 112/278 110/273 108/268 106/263 
f 115/287 116/290 114/285 113/282 
f 117/292 118/295 116/289 115/286 
f 119/297 120/300 118/294 117/291 
f 113/281 114/284 120/299 119/296 
f 116/288 118/293 120/298 114/283 
f 123/307 124/310 122/305 121/302 
f 125/312 126/315 124/309 123/306 
f 127/317 128/320 126/314 125/311 
f 121/301 122/304 128/319 127/316 
f 124/308 126/313 128/318 122/303 
f 159/400 150/376 164/411 156/392 
f 150/376 159/400 158/397 149/373 
f 154/386 145/363 146/365 155/389 
#f 154/386 167/418 145/363 
f 156/392 154/386 155/389 159/400 
f 157/394 151/379 146/366 148/370 
f 186/466 180/452 178/446 184/462 
f 177/443 174/436 188/471 190/475 
f 187/468 182/457 173/433 176/441 
f 169/423 171/428 192/480 191/478 
#f 146/365 151/378 155/389 
f 168/420 147/368 145/362 167/417 
f 153/383 150/375 149/372 152/381 
f 148/369 146/364 145/361 147/367 
f 156/391 162/406 160/402 154/385 
f 150/374 153/382 166/415 164/410 
f 162/405 156/390 164/409 166/414 
f 168/419 167/416 154/384 160/401 
f 165/413 159/399 155/388 161/404 
f 152/380 149/371 158/396 163/408 
f 163/407 158/395 159/398 165/412 
f 161/403 155/387 151/377 157/393 
f 183/460 189/473 185/464 179/449 
f 191/477 192/479 184/461 178/445 
f 179/448 185/463 181/454 175/439 
f 175/438 181/453 172/430 170/426 
f 174/435 177/442 176/440 173/432 
f 170/425 172/429 171/427 169/422 
f 189/472 183/459 182/456 187/467 
f 180/451 186/465 190/474 188/470 
f 183/458 180/450 188/469 174/434 
f 174/434 173/431 182/455 183/458 
f 183/458 179/447 178/444 180/450 
f 179/447 169/421 191/476 178/444 
f 179/447 175/437 170/424 169/421 
f 323/807 324/810 322/805 321/802 
f 325/812 326/815 324/809 323/806 
f 327/817 328/820 326/814 325/811 
f 321/801 322/804 328/819 327/816 
f 324/808 326/813 328/818 322/803 
f 331/827 332/830 330/825 329/822 
f 333/832 334/835 332/829 331/826 
f 335/837 336/840 334/834 333/831 
f 329/821 330/824 336/839 335/836 
f 332/828 334/833 336/838 330/823 
f 194/484 196/488 205/506 199/494 
f 215/526 216/528 195/486 193/482 
f 201/498 198/492 197/490 200/496 
f 196/487 194/483 193/481 195/485 
f 204/504 210/516 208/512 202/500 
f 198/491 201/497 214/524 212/520 
f 210/515 204/503 212/519 214/523 
f 216/527 215/525 202/499 208/511 
f 213/522 207/510 203/502 209/514 
f 206/508 211/518 200/495 197/489 
f 207/509 213/521 211/517 206/507 
f 209/513 203/501 199/493 205/505 
f 236/588 222/546 231/573 228/564 
f 221/543 230/570 231/573 222/546 
f 223/549 218/534 226/558 227/561 
f 217/531 239/597 226/558 218/534 
f 226/558 228/564 231/573 227/561 
f 315/787 316/790 314/785 313/782 
f 317/792 318/795 316/789 315/786 
f 319/797 320/800 318/794 317/791 
f 313/781 314/784 320/799 319/796 
f 316/788 318/793 320/798 314/783 
f 220/540 218/533 223/548 229/567 
f 240/600 239/596 217/530 219/537 
f 222/545 225/555 224/552 221/542 
f 219/536 217/529 218/532 220/539 
f 234/582 228/563 226/557 232/576 
f 225/554 222/544 236/587 238/594 
f 238/593 236/586 228/562 234/581 
f 232/575 226/556 239/595 240/599 
f 233/579 227/560 231/572 237/591 
f 235/585 230/569 221/541 224/551 
f 237/590 231/571 230/568 235/584 
f 229/566 223/547 227/559 233/578 
f 243/607 244/610 242/605 241/602 
f 245/612 246/615 244/609 243/606 
f 247/617 248/620 246/614 245/611 
f 241/601 242/604 248/619 247/616 
f 244/608 246/613 248/618 242/603 
f 250/625 252/630 251/627 249/622 
f 252/629 254/635 253/632 251/626 
f 254/634 256/640 255/637 253/631 
f 256/639 250/624 249/621 255/636 
f 256/638 254/633 252/628 250/623 
f 259/647 260/650 258/645 257/642 
f 261/652 262/655 260/649 259/646 
f 263/657 264/660 262/654 261/651 
f 257/641 258/644 264/659 263/656 
f 260/648 262/653 264/658 258/643 
f 266/665 268/670 267/667 265/662 
f 268/669 270/675 269/672 267/666 
f 270/674 272/680 271/677 269/671 
f 272/679 266/664 265/661 271/676 
f 272/678 270/673 268/668 266/663 
f 275/687 276/690 274/685 273/682 
f 277/692 278/695 276/689 275/686 
f 279/697 280/700 278/694 277/691 
f 273/681 274/684 280/699 279/696 
f 276/688 278/693 280/698 274/683 
f 282/705 284/710 283/707 281/702 
f 284/709 286/715 285/712 283/706 
f 286/714 288/720 287/717 285/711 
f 288/719 282/704 281/701 287/716 
f 288/718 286/713 284/708 282/703 
f 291/727 292/730 290/725 289/722 
f 293/732 294/735 292/729 291/726 
f 295/737 296/740 294/734 293/731 
f 289/721 290/724 296/739 295/736 
f 292/728 294/733 296/738 290/723 
f 298/745 300/750 299/747 297/742 
f 300/749 302/755 301/752 299/746 
f 302/754 304/760 303/757 301/751 
f 304/759 298/744 297/741 303/756 
f 304/758 302/753 300/748 298/743 
f 307/767 308/770 306/765 305/762 
f 309/772 310/775 308/769 307/766 
f 311/777 312/780 310/774 309/771 
f 305/761 306/764 312/779 311/776 
f 308/768 310/773 312/778 306/763 
f 237/589 235/583 224/550 234/580 
f 224/550 225/553 238/592 234/580 
f 234/580 232/574 233/577 237/589 
f 232/574 240/598 219/535 220/538 
f 232/574 220/538 229/565 233/577 
f 459/1135 460/1138 458/1133 457/1130 
f 461/1140 462/1143 460/1137 459/1134 
f 463/1145 464/1148 462/1142 461/1139 
f 457/1129 458/1132 464/1147 463/1144 
f 460/1136 462/1141 464/1146 458/1131 
f 467/1155 468/1158 466/1153 465/1150 
f 477/1180 478/1183 476/1178 475/1175 
f 479/1185 480/1188 478/1182 477/1179 
f 473/1170 474/1173 480/1187 479/1184 
f 476/1177 478/1181 480/1186 474/1172 
f 338/844 340/848 349/866 343/854 
f 359/886 360/888 339/846 337/842 
f 345/858 342/852 341/850 344/856 
f 340/847 338/843 337/841 339/845 
f 348/864 354/876 352/872 346/860 
f 342/851 345/857 358/884 356/880 
f 354/875 348/863 356/879 358/883 
f 360/887 359/885 346/859 352/871 
f 357/882 351/870 347/862 353/874 
f 350/868 355/878 344/855 341/849 
f 351/869 357/881 355/877 350/867 
f 353/873 347/861 343/853 349/865 
f 451/1115 452/1118 450/1113 449/1110 
f 453/1120 454/1123 452/1117 451/1114 
f 455/1125 456/1128 454/1122 453/1119 
f 449/1109 450/1112 456/1127 455/1124 
f 452/1116 454/1121 456/1126 450/1111 
f 469/1160 470/1163 468/1157 467/1154 
f 471/1165 472/1168 470/1162 469/1159 
f 465/1149 466/1152 472/1167 471/1164 
f 468/1156 470/1161 472/1166 466/1151 
f 475/1174 476/1176 474/1171 473/1169 
f 364/898 362/894 367/907 373/922 
f 384/948 383/946 361/891 363/896 
f 366/904 369/911 368/909 365/901 
f 362/893 364/897 363/895 361/890 
f 378/934 372/920 370/914 376/930 
f 369/910 366/903 380/939 382/943 
f 372/919 378/933 382/942 380/938 
f 383/945 384/947 376/929 370/913 
f 375/928 381/941 377/932 371/917 
f 379/936 374/925 365/900 368/908 
f 381/940 375/927 374/924 379/935 
f 371/916 377/931 373/921 367/906 
f 387/955 388/958 386/953 385/950 
f 389/960 390/963 388/957 387/954 
f 391/965 392/968 390/962 389/959 
f 385/949 386/952 392/967 391/964 
f 388/956 390/961 392/966 386/951 
f 394/973 396/978 395/975 393/970 
f 396/977 398/983 397/980 395/974 
f 398/982 400/988 399/985 397/979 
f 400/987 394/972 393/969 399/984 
f 400/986 398/981 396/976 394/971 
f 403/995 404/998 402/993 401/990 
f 405/1000 406/1003 404/997 403/994 
f 407/1005 408/1008 406/1002 405/999 
f 401/989 402/992 408/1007 407/1004 
f 404/996 406/1001 408/1006 402/991 
f 410/1013 412/1018 411/1015 409/1010 
f 412/1017 414/1023 413/1020 411/1014 
f 414/1022 416/1028 415/1025 413/1019 
f 416/1027 410/1012 409/1009 415/1024 
f 416/1026 414/1021 412/1016 410/1011 
f 419/1035 420/1038 418/1033 417/1030 
f 421/1040 422/1043 420/1037 419/1034 
f 423/1045 424/1048 422/1042 421/1039 
f 417/1029 418/1032 424/1047 423/1044 
f 420/1036 422/1041 424/1046 418/1031 
f 426/1053 428/1058 427/1055 425/1050 
f 428/1057 430/1063 429/1060 427/1054 
f 430/1062 432/1068 431/1065 429/1059 
f 432/1067 426/1052 425/1049 431/1064 
f 432/1066 430/1061 428/1056 426/1051 
f 435/1075 436/1078 434/1073 433/1070 
f 437/1080 438/1083 436/1077 435/1074 
f 439/1085 440/1088 438/1082 437/1079 
f 433/1069 434/1072 440/1087 439/1084 
f 436/1076 438/1081 440/1086 434/1071 
f 442/1093 444/1098 443/1095 441/1090 
f 444/1097 446/1103 445/1100 443/1094 
f 446/1102 448/1108 447/1105 445/1099 
f 448/1107 442/1092 441/1089 447/1104 
f 448/1106 446/1101 444/1096 442/1091 
f 375/926 372/918 380/937 366/902 
f 375/926 371/915 370/912 372/918 
f 366/902 365/899 374/923 375/926 
f 362/892 361/889 383/944 370/912 
f 370/912 371/915 367/905 362/892 
f 615/1501 616/1504 614/1499 613/1496 
f 609/1486 610/1489 616/1503 615/1500 
f 612/1494 614/1498 616/1502 610/1488 
f 619/1511 620/1514 618/1509 617/1506 
f 621/1516 622/1519 620/1513 619/1510 
f 487/1202 482/1192 483/1194 488/1204 
f 595/1451 596/1454 594/1449 593/1446 
f 597/1456 598/1459 596/1453 595/1450 
f 599/1461 600/1464 598/1458 597/1455 
f 593/1445 594/1448 600/1463 599/1460 
f 596/1452 598/1457 600/1462 594/1447 
f 502/1232 484/1196 481/1190 503/1234 
f 489/1206 504/1236 486/1200 485/1198 
f 483/1193 482/1191 481/1189 484/1195 
f 492/1212 493/1214 499/1226 490/1208 
f 486/1199 504/1235 501/1230 500/1228 
f 493/1213 492/1211 500/1227 501/1229 
f 502/1231 503/1233 490/1207 499/1225 
f 498/1224 495/1218 491/1210 496/1220 
f 489/1205 485/1197 494/1216 497/1222 
f 497/1221 494/1215 495/1217 498/1223 
f 496/1219 491/1209 487/1201 488/1203 
f 607/1481 608/1484 606/1479 605/1476 
f 601/1466 602/1469 608/1483 607/1480 
f 604/1474 606/1478 608/1482 602/1468 
f 611/1491 612/1493 610/1487 609/1485 
f 613/1495 614/1497 612/1492 611/1490 
f 617/1505 618/1508 624/1524 623/1521 
f 620/1512 622/1518 624/1523 618/1507 
f 623/1520 624/1522 622/1517 621/1515 
f 603/1471 604/1473 602/1467 601/1465 
f 605/1475 606/1477 604/1472 603/1470 
f 508/1244 506/1240 511/1250 517/1262 
f 528/1284 527/1282 505/1238 507/1242 
f 510/1248 513/1254 512/1252 509/1246 
f 507/1241 505/1237 506/1239 508/1243 
f 522/1272 516/1260 514/1256 520/1268 
f 513/1253 510/1247 524/1276 526/1280 
f 526/1279 524/1275 516/1259 522/1271 
f 520/1267 514/1255 527/1281 528/1283 
f 521/1270 515/1258 519/1266 525/1278 
f 523/1274 518/1264 509/1245 512/1251 
f 525/1277 519/1265 518/1263 523/1273 
f 517/1261 511/1249 515/1257 521/1269 
f 531/1291 532/1294 530/1289 529/1286 
f 533/1296 534/1299 532/1293 531/1290 
f 535/1301 536/1304 534/1298 533/1295 
f 529/1285 530/1288 536/1303 535/1300 
f 532/1292 534/1297 536/1302 530/1287 
f 538/1309 540/1314 539/1311 537/1306 
f 540/1313 542/1319 541/1316 539/1310 
f 542/1318 544/1324 543/1321 541/1315 
f 544/1323 538/1308 537/1305 543/1320 
f 544/1322 542/1317 540/1312 538/1307 
f 547/1331 548/1334 546/1329 545/1326 
f 549/1336 550/1339 548/1333 547/1330 
f 551/1341 552/1344 550/1338 549/1335 
f 545/1325 546/1328 552/1343 551/1340 
f 548/1332 550/1337 552/1342 546/1327 
f 554/1349 556/1354 555/1351 553/1346 
f 556/1353 558/1359 557/1356 555/1350 
f 558/1358 560/1364 559/1361 557/1355 
f 560/1363 554/1348 553/1345 559/1360 
f 560/1362 558/1357 556/1352 554/1347 
f 563/1371 564/1374 562/1369 561/1366 
f 565/1376 566/1379 564/1373 563/1370 
f 567/1381 568/1384 566/1378 565/1375 
f 561/1365 562/1368 568/1383 567/1380 
f 564/1372 566/1377 568/1382 562/1367 
f 570/1389 572/1394 571/1391 569/1386 
f 572/1393 574/1399 573/1396 571/1390 
f 574/1398 576/1404 575/1401 573/1395 
f 576/1403 570/1388 569/1385 575/1400 
f 576/1402 574/1397 572/1392 570/1387 
f 579/1411 580/1414 578/1409 577/1406 
f 581/1416 582/1419 580/1413 579/1410 
f 583/1421 584/1424 582/1418 581/1415 
f 577/1405 578/1408 584/1423 583/1420 
f 580/1412 582/1417 584/1422 578/1407 
f 586/1429 588/1434 587/1431 585/1426 
f 588/1433 590/1439 589/1436 587/1430 
f 590/1438 592/1444 591/1441 589/1435 
f 592/1443 586/1428 585/1425 591/1440 
f 592/1442 590/1437 588/1432 586/1427 
f 739/1787 740/1790 738/1785 737/1782 
f 741/1792 742/1795 740/1789 739/1786 
f 743/1797 744/1800 742/1794 741/1791 
f 737/1781 738/1784 744/1799 743/1796 
f 740/1788 742/1793 744/1798 738/1783 
f 631/1538 626/1528 627/1530 632/1540 
f 765/1852 766/1855 764/1850 763/1847 
f 767/1857 768/1860 766/1854 765/1851 
f 761/1842 762/1845 768/1859 767/1856 
f 764/1849 766/1853 768/1858 762/1844 
f 747/1807 748/1810 746/1805 745/1802 
f 646/1568 628/1532 625/1526 647/1570 
f 633/1542 648/1572 630/1536 629/1534 
f 627/1529 626/1527 625/1525 628/1531 
f 636/1548 637/1550 643/1562 634/1544 
f 630/1535 648/1571 645/1566 644/1564 
f 637/1549 636/1547 644/1563 645/1565 
f 646/1567 647/1569 634/1543 643/1561 
f 642/1560 639/1554 635/1546 640/1556 
f 633/1541 629/1533 638/1552 641/1558 
f 641/1557 638/1551 639/1553 642/1559 
f 640/1555 635/1545 631/1537 632/1539 
f 749/1812 750/1815 748/1809 747/1806 
f 751/1817 752/1820 750/1814 749/1811 
f 745/1801 746/1804 752/1819 751/1816 
f 748/1808 750/1813 752/1818 746/1803 
f 755/1827 756/1830 754/1825 753/1822 
f 651/1578 650/1576 655/1586 656/1588 
f 757/1832 758/1835 756/1829 755/1826 
f 759/1837 760/1840 758/1834 757/1831 
f 753/1821 754/1824 760/1839 759/1836 
f 756/1828 758/1833 760/1838 754/1823 
f 763/1846 764/1848 762/1843 761/1841 
f 649/1574 652/1580 670/1616 671/1618 
f 654/1584 672/1620 657/1590 653/1582 
f 649/1573 650/1575 651/1577 652/1579 
f 667/1610 661/1598 660/1596 658/1592 
f 669/1614 672/1619 654/1583 668/1612 
f 668/1611 660/1595 661/1597 669/1613 
f 658/1591 671/1617 670/1615 667/1609 
f 659/1594 663/1602 666/1608 664/1604 
f 662/1600 653/1581 657/1589 665/1606 
f 663/1601 662/1599 665/1605 666/1607 
f 655/1585 659/1593 664/1603 656/1587 
f 675/1627 676/1630 674/1625 673/1622 
f 677/1632 678/1635 676/1629 675/1626 
f 679/1637 680/1640 678/1634 677/1631 
f 673/1621 674/1624 680/1639 679/1636 
f 676/1628 678/1633 680/1638 674/1623 
f 682/1645 684/1650 683/1647 681/1642 
f 684/1649 686/1655 685/1652 683/1646 
f 686/1654 688/1660 687/1657 685/1651 
f 688/1659 682/1644 681/1641 687/1656 
f 688/1658 686/1653 684/1648 682/1643 
f 691/1667 692/1670 690/1665 689/1662 
f 693/1672 694/1675 692/1669 691/1666 
f 695/1677 696/1680 694/1674 693/1671 
f 689/1661 690/1664 696/1679 695/1676 
f 692/1668 694/1673 696/1678 690/1663 
f 698/1685 700/1690 699/1687 697/1682 
f 700/1689 702/1695 701/1692 699/1686 
f 702/1694 704/1700 703/1697 701/1691 
f 704/1699 698/1684 697/1681 703/1696 
f 704/1698 702/1693 700/1688 698/1683 
f 707/1707 708/1710 706/1705 705/1702 
f 709/1712 710/1715 708/1709 707/1706 
f 711/1717 712/1720 710/1714 709/1711 
f 705/1701 706/1704 712/1719 711/1716 
f 708/1708 710/1713 712/1718 706/1703 
f 714/1725 716/1730 715/1727 713/1722 
f 716/1729 718/1735 717/1732 715/1726 
f 718/1734 720/1740 719/1737 717/1731 
f 720/1739 714/1724 713/1721 719/1736 
f 720/1738 718/1733 716/1728 714/1723 
f 723/1747 724/1750 722/1745 721/1742 
f 725/1752 726/1755 724/1749 723/1746 
f 727/1757 728/1760 726/1754 725/1751 
f 721/1741 722/1744 728/1759 727/1756 
f 724/1748 726/1753 728/1758 722/1743 
f 730/1765 732/1770 731/1767 729/1762 
f 732/1769 734/1775 733/1772 731/1766 
f 734/1774 736/1780 735/1777 733/1771 
f 736/1779 730/1764 729/1761 735/1776 
f 736/1778 734/1773 732/1768 730/1763 
f 903/2173 904/2176 902/2171 901/2168 
f 897/2158 898/2161 904/2175 903/2172 
f 900/2166 902/2170 904/2174 898/2160 
f 907/2183 908/2186 906/2181 905/2178 
f 909/2188 910/2191 908/2185 907/2182 
f 911/2193 912/2196 910/2190 909/2187 
f 883/2123 884/2126 882/2121 881/2118 
f 885/2128 886/2131 884/2125 883/2122 
f 887/2133 888/2136 886/2130 885/2127 
f 881/2117 882/2120 888/2135 887/2132 
f 884/2124 886/2129 888/2134 882/2119 
f 770/1864 771/1866 776/1876 775/1874 
f 773/1870 777/1878 792/1908 774/1872 
f 771/1865 770/1863 769/1862 772/1868 
f 791/1906 790/1904 772/1867 769/1861 
f 780/1884 781/1886 787/1898 778/1880 
f 781/1885 780/1883 788/1900 789/1902 
f 790/1903 791/1905 778/1879 787/1897 
f 786/1896 783/1890 779/1882 784/1892 
f 774/1871 792/1907 789/1901 788/1899 
f 782/1888 785/1894 777/1877 773/1869 
f 784/1891 779/1881 775/1873 776/1875 
f 895/2153 896/2156 894/2151 893/2148 
f 889/2138 890/2141 896/2155 895/2152 
f 892/2146 894/2150 896/2154 890/2140 
f 899/2163 900/2165 898/2159 897/2157 
f 901/2167 902/2169 900/2164 899/2162 
f 905/2177 906/2180 912/2195 911/2192 
f 908/2184 910/2189 912/2194 906/2179 
f 783/1889 786/1895 785/1893 782/1887 
f 891/2143 892/2145 890/2139 889/2137 
f 893/2147 894/2149 892/2144 891/2142 
f 796/1916 794/1912 799/1922 805/1934 
f 816/1956 815/1954 793/1910 795/1914 
f 798/1920 801/1926 800/1924 797/1918 
f 794/1911 796/1915 795/1913 793/1909 
f 810/1944 804/1932 802/1928 808/1940 
f 801/1925 798/1919 812/1948 814/1952 
f 804/1931 810/1943 814/1951 812/1947 
f 815/1953 816/1955 808/1939 802/1927 
f 807/1938 813/1950 809/1942 803/1930 
f 811/1946 806/1936 797/1917 800/1923 
f 813/1949 807/1937 806/1935 811/1945 
f 803/1929 809/1941 805/1933 799/1921 
f 819/1963 820/1966 818/1961 817/1958 
f 821/1968 822/1971 820/1965 819/1962 
f 823/1973 824/1976 822/1970 821/1967 
f 817/1957 818/1960 824/1975 823/1972 
f 820/1964 822/1969 824/1974 818/1959 
f 826/1981 828/1986 827/1983 825/1978 
f 828/1985 830/1991 829/1988 827/1982 
f 830/1990 832/1996 831/1993 829/1987 
f 832/1995 826/1980 825/1977 831/1992 
f 832/1994 830/1989 828/1984 826/1979 
f 835/2003 836/2006 834/2001 833/1998 
f 837/2008 838/2011 836/2005 835/2002 
f 839/2013 840/2016 838/2010 837/2007 
f 833/1997 834/2000 840/2015 839/2012 
f 836/2004 838/2009 840/2014 834/1999 
f 842/2021 844/2026 843/2023 841/2018 
f 844/2025 846/2031 845/2028 843/2022 
f 846/2030 848/2036 847/2033 845/2027 
f 848/2035 842/2020 841/2017 847/2032 
f 848/2034 846/2029 844/2024 842/2019 
f 851/2043 852/2046 850/2041 849/2038 
f 853/2048 854/2051 852/2045 851/2042 
f 855/2053 856/2056 854/2050 853/2047 
f 849/2037 850/2040 856/2055 855/2052 
f 852/2044 854/2049 856/2054 850/2039 
f 858/2061 860/2066 859/2063 857/2058 
f 860/2065 862/2071 861/2068 859/2062 
f 862/2070 864/2076 863/2073 861/2067 
f 864/2075 858/2060 857/2057 863/2072 
f 864/2074 862/2069 860/2064 858/2059 
f 867/2083 868/2086 866/2081 865/2078 
f 869/2088 870/2091 868/2085 867/2082 
f 871/2093 872/2096 870/2090 869/2087 
f 865/2077 866/2080 872/2095 871/2092 
f 868/2084 870/2089 872/2094 866/2079 
f 874/2101 876/2106 875/2103 873/2098 
f 876/2105 878/2111 877/2108 875/2102 
f 878/2110 880/2116 879/2113 877/2107 
f 880/2115 874/2100 873/2097 879/2112 
f 880/2114 878/2109 876/2104 874/2099 
f 1039/2489 1040/2492 1038/2487 1037/2484 
f 1033/2474 1034/2477 1040/2491 1039/2488 
f 1036/2482 1038/2486 1040/2490 1034/2476 
f 1043/2499 1044/2502 1042/2497 1041/2494 
f 1045/2504 1046/2507 1044/2501 1043/2498 
f 1047/2509 1048/2512 1046/2506 1045/2503 
f 1027/2459 1028/2462 1026/2457 1025/2454 
f 1029/2464 1030/2467 1028/2461 1027/2458 
f 1031/2469 1032/2472 1030/2466 1029/2463 
f 1025/2453 1026/2456 1032/2471 1031/2468 
f 1028/2460 1030/2465 1032/2470 1026/2455 
f 914/2200 915/2202 920/2212 919/2210 
f 917/2206 921/2214 936/2244 918/2208 
f 915/2201 914/2199 913/2198 916/2204 
f 935/2242 934/2240 916/2203 913/2197 
f 924/2220 925/2222 931/2234 922/2216 
f 925/2221 924/2219 932/2236 933/2238 
f 934/2239 935/2241 922/2215 931/2233 
f 930/2232 927/2226 923/2218 928/2228 
f 918/2207 936/2243 933/2237 932/2235 
f 926/2224 929/2230 921/2213 917/2205 
f 928/2227 923/2217 919/2209 920/2211 
f 1041/2493 1042/2496 1048/2511 1047/2508 
f 1044/2500 1046/2505 1048/2510 1042/2495 
f 1051/2519 1052/2522 1050/2517 1049/2514 
f 1053/2524 1054/2527 1052/2521 1051/2518 
f 1055/2529 1056/2532 1054/2526 1053/2523 
f 1049/2513 1050/2516 1056/2531 1055/2528 
f 1035/2479 1036/2481 1034/2475 1033/2473 
f 946/2264 953/2278 944/2260 938/2248 
f 960/2292 959/2290 937/2246 939/2250 
f 948/2268 954/2280 945/2262 947/2266 
f 956/2284 958/2288 952/2276 943/2258 
f 1052/2520 1054/2525 1056/2530 1050/2515 
f 943/2257 952/2275 949/2270 942/2256 
f 938/2247 944/2259 939/2249 937/2245 
f 942/2255 949/2269 955/2282 950/2272 
f 957/2286 951/2274 950/2271 955/2281 
f 958/2287 956/2283 947/2265 945/2261 
f 959/2289 960/2291 954/2279 948/2267 
f 951/2273 957/2285 940/2252 941/2254 
f 927/2225 930/2231 929/2229 926/2223 
f 1037/2483 1038/2485 1036/2480 1035/2478 
f 953/2277 946/2263 941/2253 940/2251 
f 963/2299 964/2302 962/2297 961/2294 
f 965/2304 966/2307 964/2301 963/2298 
f 967/2309 968/2312 966/2306 965/2303 
f 961/2293 962/2296 968/2311 967/2308 
f 964/2300 966/2305 968/2310 962/2295 
f 970/2317 972/2322 971/2319 969/2314 
f 972/2321 974/2327 973/2324 971/2318 
f 974/2326 976/2332 975/2329 973/2323 
f 976/2331 970/2316 969/2313 975/2328 
f 976/2330 974/2325 972/2320 970/2315 
f 979/2339 980/2342 978/2337 977/2334 
f 981/2344 982/2347 980/2341 979/2338 
f 983/2349 984/2352 982/2346 981/2343 
f 977/2333 978/2336 984/2351 983/2348 
f 980/2340 982/2345 984/2350 978/2335 
f 986/2357 988/2362 987/2359 985/2354 
f 988/2361 990/2367 989/2364 987/2358 
f 990/2366 992/2372 991/2369 989/2363 
f 992/2371 986/2356 985/2353 991/2368 
f 992/2370 990/2365 988/2360 986/2355 
f 995/2379 996/2382 994/2377 993/2374 
f 997/2384 998/2387 996/2381 995/2378 
f 999/2389 1000/2392 998/2386 997/2383 
f 993/2373 994/2376 1000/2391 999/2388 
f 996/2380 998/2385 1000/2390 994/2375 
f 1002/2397 1004/2402 1003/2399 1001/2394 
f 1004/2401 1006/2407 1005/2404 1003/2398 
f 1006/2406 1008/2412 1007/2409 1005/2403 
f 1008/2411 1002/2396 1001/2393 1007/2408 
f 1008/2410 1006/2405 1004/2400 1002/2395 
f 1011/2419 1012/2422 1010/2417 1009/2414 
f 1013/2424 1014/2427 1012/2421 1011/2418 
f 1015/2429 1016/2432 1014/2426 1013/2423 
f 1009/2413 1010/2416 1016/2431 1015/2428 
f 1012/2420 1014/2425 1016/2430 1010/2415 
f 1018/2437 1020/2442 1019/2439 1017/2434 
f 1020/2441 1022/2447 1021/2444 1019/2438 
f 1022/2446 1024/2452 1023/2449 1021/2443 
f 1024/2451 1018/2436 1017/2433 1023/2448 
f 1024/2450 1022/2445 1020/2440 1018/2435 
f 1171/2799 1172/2802 1170/2797 1169/2794 
f 1173/2804 1174/2807 1172/2801 1171/2798 
f 1175/2809 1176/2812 1174/2806 1173/2803 
f 1169/2793 1170/2796 1176/2811 1175/2808 
f 1172/2800 1174/2805 1176/2810 1170/2795 
f 1063/2546 1058/2536 1059/2538 1064/2548 
f 1177/2814 1178/2817 1184/2832 1183/2829 
f 1180/2822 1182/2827 1184/2831 1178/2816 
f 1187/2839 1188/2842 1186/2837 1185/2834 
f 1189/2844 1190/2847 1188/2841 1187/2838 
f 1191/2849 1192/2852 1190/2846 1189/2843 
f 1078/2576 1060/2540 1057/2534 1079/2578 
f 1065/2550 1080/2580 1062/2544 1061/2542 
f 1059/2537 1058/2535 1057/2533 1060/2539 
f 1068/2556 1069/2558 1075/2570 1066/2552 
f 1062/2543 1080/2579 1077/2574 1076/2572 
f 1069/2557 1068/2555 1076/2571 1077/2573 
f 1078/2575 1079/2577 1066/2551 1075/2569 
f 1074/2568 1071/2562 1067/2554 1072/2564 
f 1065/2549 1061/2541 1070/2560 1073/2566 
f 1073/2565 1070/2559 1071/2561 1074/2567 
f 1072/2563 1067/2553 1063/2545 1064/2547 
f 1196/2862 1198/2867 1200/2872 1194/2857 
f 1179/2819 1180/2821 1178/2815 1177/2813 
f 1185/2833 1186/2836 1192/2851 1191/2848 
f 1085/2590 1083/2586 1087/2594 1096/2614 
f 1090/2600 1088/2596 1089/2598 1086/2592 
f 1195/2859 1196/2861 1194/2856 1193/2854 
f 1188/2840 1190/2845 1192/2850 1186/2835 
f 1181/2824 1182/2826 1180/2820 1179/2818 
f 1104/2632 1103/2630 1093/2606 1082/2584 
f 1100/2622 1102/2628 1095/2612 1081/2582 
f 1096/2613 1087/2593 1082/2583 1093/2605 
f 1197/2864 1198/2866 1196/2860 1195/2858 
f 1081/2581 1095/2611 1094/2608 1098/2618 
f 1098/2617 1094/2607 1099/2620 1091/2602 
f 1183/2828 1184/2830 1182/2825 1181/2823 
f 1101/2624 1092/2604 1091/2601 1099/2619 
f 1102/2627 1100/2621 1086/2591 1089/2597 
f 1103/2629 1104/2631 1088/2595 1090/2599 
f 1092/2603 1101/2623 1084/2588 1097/2616 
f 1199/2869 1200/2871 1198/2865 1197/2863 
f 1193/2853 1194/2855 1200/2870 1199/2868 
f 1083/2585 1085/2589 1097/2615 1084/2587 
f 1107/2639 1108/2642 1106/2637 1105/2634 
f 1109/2644 1110/2647 1108/2641 1107/2638 
f 1111/2649 1112/2652 1110/2646 1109/2643 
f 1105/2633 1106/2636 1112/2651 1111/2648 
f 1108/2640 1110/2645 1112/2650 1106/2635 
f 1114/2657 1116/2662 1115/2659 1113/2654 
f 1116/2661 1118/2667 1117/2664 1115/2658 
f 1118/2666 1120/2672 1119/2669 1117/2663 
f 1120/2671 1114/2656 1113/2653 1119/2668 
f 1120/2670 1118/2665 1116/2660 1114/2655 
f 1123/2679 1124/2682 1122/2677 1121/2674 
f 1125/2684 1126/2687 1124/2681 1123/2678 
f 1127/2689 1128/2692 1126/2686 1125/2683 
f 1121/2673 1122/2676 1128/2691 1127/2688 
f 1124/2680 1126/2685 1128/2690 1122/2675 
f 1130/2697 1132/2702 1131/2699 1129/2694 
f 1132/2701 1134/2707 1133/2704 1131/2698 
f 1134/2706 1136/2712 1135/2709 1133/2703 
f 1136/2711 1130/2696 1129/2693 1135/2708 
f 1136/2710 1134/2705 1132/2700 1130/2695 
f 1139/2719 1140/2722 1138/2717 1137/2714 
f 1141/2724 1142/2727 1140/2721 1139/2718 
f 1143/2729 1144/2732 1142/2726 1141/2723 
f 1137/2713 1138/2716 1144/2731 1143/2728 
f 1140/2720 1142/2725 1144/2730 1138/2715 
f 1146/2737 1148/2742 1147/2739 1145/2734 
f 1148/2741 1150/2747 1149/2744 1147/2738 
f 1150/2746 1152/2752 1151/2749 1149/2743 
f 1152/2751 1146/2736 1145/2733 1151/2748 
f 1152/2750 1150/2745 1148/2740 1146/2735 
f 1155/2759 1156/2762 1154/2757 1153/2754 
f 1157/2764 1158/2767 1156/2761 1155/2758 
f 1159/2769 1160/2772 1158/2766 1157/2763 
f 1153/2753 1154/2756 1160/2771 1159/2768 
f 1156/2760 1158/2765 1160/2770 1154/2755 
f 1162/2777 1164/2782 1163/2779 1161/2774 
f 1164/2781 1166/2787 1165/2784 1163/2778 
f 1166/2786 1168/2792 1167/2789 1165/2783 
f 1168/2791 1162/2776 1161/2773 1167/2788 
f 1168/2790 1166/2785 1164/2780 1162/2775 
f 1261/3001 1262/3004 1260/2999 1259/2996 
f 1255/2986 1256/2989 1262/3003 1261/3000 
f 1258/2994 1260/2998 1262/3002 1256/2988 
f 1245/2962 1246/2964 1239/2950 1233/2938 
f 1238/2948 1243/2958 1240/2952 1234/2940 
f 1213/2898 1207/2886 1202/2876 1204/2880 
f 1265/3011 1266/3014 1264/3009 1263/3006 
f 1267/3016 1268/3019 1266/3013 1265/3010 
f 1269/3021 1270/3024 1268/3018 1267/3015 
f 1263/3005 1264/3008 1270/3023 1269/3020 
f 1266/3012 1268/3017 1270/3022 1264/3007 
f 1224/2920 1203/2878 1201/2874 1223/2918 
f 1241/2954 1235/2942 1233/2937 1239/2949 
f 1232/2936 1095/2610 1102/2626 1244/2960 
f 1212/2896 1218/2908 1216/2904 1210/2892 
f 1206/2884 1209/2890 1222/2916 1220/2912 
f 1246/2963 1245/2961 1225/2922 1227/2926 
f 1242/2956 1237/2946 1229/2930 1231/2934 
f 1218/2907 1212/2895 1220/2911 1222/2915 
f 1208/2888 1205/2882 1214/2900 1219/2910 
f 1219/2909 1214/2899 1215/2902 1221/2914 
f 1224/2919 1223/2917 1210/2891 1216/2903 
f 1217/2906 1211/2894 1207/2885 1213/2897 
f 1209/2889 1206/2883 1205/2881 1208/2887 
f 1234/2939 1240/2951 1236/2944 1230/2932 
f 1257/2991 1258/2993 1256/2987 1255/2985 
f 1259/2995 1260/2997 1258/2992 1257/2990 
f 1228/2928 1226/2924 1230/2931 1236/2943 
f 1248/2969 1250/2974 1249/2971 1247/2966 
f 1250/2973 1252/2979 1251/2976 1249/2970 
f 1252/2978 1254/2984 1253/2981 1251/2975 
f 1254/2983 1248/2968 1247/2965 1253/2980 
f 1204/2879 1202/2875 1201/2873 1203/2877 
f 1221/2913 1215/2901 1211/2893 1217/2905 
f 1095/2609 1232/2935 1231/2933 1229/2929 
f 1226/2923 1228/2927 1227/2925 1225/2921 
f 1243/2957 1238/2947 1237/2945 1242/2955 
f 1254/2982 1252/2977 1250/2972 1248/2967 
f 1235/2941 1241/2953 1244/2959 1102/2625 
f 1393/3361 1394/3364 1392/3359 1391/3356 
f 1387/3346 1388/3349 1394/3363 1393/3360 
f 1390/3354 1392/3358 1394/3362 1388/3348 
f 1397/3371 1398/3374 1396/3369 1395/3366 
f 1399/3376 1400/3379 1398/3373 1397/3370 
f 1275/3042 1405/3392 1272/3031 1276/3045 
f 1284/3071 1281/3062 1276/3044 1272/3030 
f 1272/3030 1273/3034 1286/3077 1284/3071 
f 1283/3068 1279/3055 1285/3074 1288/3084 
f 1288/3084 1277/3048 1282/3065 1283/3068 
f 1281/3062 1284/3071 1279/3055 1283/3068 
f 1286/3076 1273/3033 1271/3028 1287/3081 
f 1277/3047 1288/3083 1274/3038 1409/3402 
f 1272/3029 1405/3391 1271/3027 1273/3032 
f 1413/3412 1279/3054 1284/3070 1417/3424 
f 1274/3037 1288/3082 1285/3073 1419/3430 
f 1279/3053 1413/3411 1419/3429 1285/3072 
f 1286/3075 1287/3080 1417/3423 1284/3069 
f 1283/3067 1280/3059 1278/3052 1281/3061 
f 1277/3046 1409/3401 1416/3420 1282/3064 
f 1282/3063 1416/3419 1280/3058 1283/3066 
f 1281/3060 1278/3051 1275/3041 1276/3043 
f 1395/3365 1396/3368 1402/3384 1401/3381 
f 1398/3372 1400/3378 1402/3383 1396/3367 
f 1401/3380 1402/3382 1400/3377 1399/3375 
f 1391/3355 1392/3357 1390/3353 1389/3351 
f 1389/3350 1390/3352 1388/3347 1387/3345 
f 1290/3091 1422/3440 1294/3106 1295/3109 
f 1291/3094 1290/3090 1302/3131 1304/3137 
f 1295/3108 1299/3122 1302/3131 1290/3090 
f 1300/3125 1296/3112 1298/3119 1301/3128 
f 1306/3144 1303/3134 1298/3119 1296/3112 
f 1301/3128 1298/3119 1302/3131 1299/3122 
f 1289/3088 1291/3093 1304/3136 1305/3141 
f 1293/3102 1306/3143 1296/3111 1292/3098 
f 1289/3087 1422/3439 1290/3089 1291/3092 
f 1302/3130 1298/3118 1427/3460 1297/3116 
f 1303/3133 1306/3142 1293/3101 1433/3484 
f 1433/3483 1427/3459 1298/3117 1303/3132 
f 1297/3115 1305/3140 1304/3135 1302/3129 
f 1429/3468 1431/3476 1301/3127 1299/3121 
f 1430/3472 1292/3097 1296/3110 1300/3124 
f 1431/3475 1430/3471 1300/3123 1301/3126 
f 1294/3105 1429/3467 1299/3120 1295/3107 
f 1309/3151 1310/3154 1308/3149 1307/3146 
f 1311/3156 1312/3159 1310/3153 1309/3150 
f 1313/3161 1314/3164 1312/3158 1311/3155 
f 1307/3145 1308/3148 1314/3163 1313/3160 
f 1310/3152 1312/3157 1314/3162 1308/3147 
f 1316/3169 1318/3174 1317/3171 1315/3166 
f 1318/3173 1320/3179 1319/3176 1317/3170 
f 1320/3178 1322/3184 1321/3181 1319/3175 
f 1322/3183 1316/3168 1315/3165 1321/3180 
f 1322/3182 1320/3177 1318/3172 1316/3167 
f 1325/3191 1326/3194 1324/3189 1323/3186 
f 1327/3196 1328/3199 1326/3193 1325/3190 
f 1329/3201 1330/3204 1328/3198 1327/3195 
f 1323/3185 1324/3188 1330/3203 1329/3200 
f 1326/3192 1328/3197 1330/3202 1324/3187 
f 1332/3209 1334/3214 1333/3211 1331/3206 
f 1334/3213 1336/3219 1335/3216 1333/3210 
f 1336/3218 1338/3224 1337/3221 1335/3215 
f 1338/3223 1332/3208 1331/3205 1337/3220 
f 1338/3222 1336/3217 1334/3212 1332/3207 
f 1341/3231 1342/3234 1340/3229 1339/3226 
f 1343/3236 1344/3239 1342/3233 1341/3230 
f 1345/3241 1346/3244 1344/3238 1343/3235 
f 1339/3225 1340/3228 1346/3243 1345/3240 
f 1342/3232 1344/3237 1346/3242 1340/3227 
f 1348/3249 1350/3254 1349/3251 1347/3246 
f 1350/3253 1352/3259 1351/3256 1349/3250 
f 1352/3258 1354/3264 1353/3261 1351/3255 
f 1354/3263 1348/3248 1347/3245 1353/3260 
f 1354/3262 1352/3257 1350/3252 1348/3247 
f 1357/3271 1358/3274 1356/3269 1355/3266 
f 1359/3276 1360/3279 1358/3273 1357/3270 
f 1361/3281 1362/3284 1360/3278 1359/3275 
f 1355/3265 1356/3268 1362/3283 1361/3280 
f 1358/3272 1360/3277 1362/3282 1356/3267 
f 1364/3289 1366/3294 1365/3291 1363/3286 
f 1366/3293 1368/3299 1367/3296 1365/3290 
f 1368/3298 1370/3304 1369/3301 1367/3295 
f 1370/3303 1364/3288 1363/3285 1369/3300 
f 1370/3302 1368/3297 1366/3292 1364/3287 
f 1373/3311 1374/3314 1372/3309 1371/3306 
f 1375/3316 1376/3319 1374/3313 1373/3310 
f 1377/3321 1378/3324 1376/3318 1375/3315 
f 1371/3305 1372/3308 1378/3323 1377/3320 
f 1374/3312 1376/3317 1378/3322 1372/3307 
f 1381/3331 1382/3334 1380/3329 1379/3326 
f 1383/3336 1384/3339 1382/3333 1381/3330 
f 1385/3341 1386/3344 1384/3338 1383/3335 
f 1379/3325 1380/3328 1386/3343 1385/3340 
f 1382/3332 1384/3337 1386/3342 1380/3327 
f 1537/3752 1535/3746 1536/3749 1539/3758 
f 1536/3749 1535/3746 1541/3764 1530/3730 
f 1531/3734 1405/3390 1275/3040 1534/3743 
f 1541/3763 1287/3079 1271/3026 1530/3731 
f 1545/3776 1407/3396 1406/3394 1544/3773 
f 1490/3627 1408/3398 1404/3388 1543/3770 
f 1537/3752 1539/3758 1538/3755 1532/3737 
f 1532/3737 1533/3740 1540/3761 1537/3752 
f 1530/3730 1531/3733 1534/3742 1536/3749 
f 1522/3710 1523/3713 1529/3728 1528/3725 
f 1528/3724 1529/3727 1527/3723 1526/3720 
f 1497/3648 1542/3767 1403/3386 1420/3432 
f 1532/3736 1409/3400 1274/3036 1533/3739 
f 1405/3389 1531/3732 1530/3729 1271/3025 
f 1412/3408 1493/3636 1491/3630 1410/3404 
f 1407/3395 1545/3775 1496/3645 1418/3426 
f 1413/3410 1537/3751 1540/3760 1419/3428 
f 1287/3078 1541/3762 1535/3745 1417/3422 
f 1280/3057 1539/3757 1536/3748 1278/3050 
f 1544/3772 1406/3393 1414/3414 1494/3639 
f 1494/3638 1414/3413 1415/3416 1495/3642 
f 1278/3049 1536/3747 1534/3741 1275/3039 
f 1537/3750 1413/3409 1417/3421 1535/3744 
f 1533/3738 1274/3035 1419/3427 1540/3759 
f 1493/3635 1412/3407 1418/3425 1496/3644 
f 1496/3643 1545/3774 1495/3641 1493/3634 
f 1495/3641 1492/3633 1491/3629 1493/3634 
f 1422/3438 1421/3436 1424/3448 1294/3104 
f 1491/3629 1492/3633 1490/3626 1543/3768 
f 1545/3774 1544/3771 1494/3637 1495/3641 
f 1543/3769 1404/3387 1403/3385 1542/3766 
f 1543/3768 1542/3765 1497/3647 1491/3629 
f 1525/3718 1527/3722 1529/3726 1523/3712 
f 1571/3844 1289/3086 1305/3139 1578/3872 
f 1579/3876 1293/3100 1292/3096 1423/3444 
f 1571/3843 1421/3435 1422/3437 1289/3085 
f 1297/3114 1427/3458 1426/3456 1425/3452 
f 1433/3482 1293/3099 1579/3875 1432/3480 
f 1432/3479 1426/3455 1427/3457 1433/3481 
f 1425/3451 1578/3871 1305/3138 1297/3113 
f 1575/3860 1576/3864 1431/3474 1429/3466 
f 1428/3464 1423/3443 1292/3095 1430/3470 
f 1576/3863 1428/3463 1430/3469 1431/3473 
f 1424/3447 1575/3859 1429/3465 1294/3103 
f 1436/3491 1437/3494 1435/3489 1434/3486 
f 1438/3496 1439/3499 1437/3493 1436/3490 
f 1440/3501 1441/3504 1439/3498 1438/3495 
f 1434/3485 1435/3488 1441/3503 1440/3500 
f 1437/3492 1439/3497 1441/3502 1435/3487 
f 1443/3509 1445/3514 1444/3511 1442/3506 
f 1445/3513 1447/3519 1446/3516 1444/3510 
f 1447/3518 1449/3524 1448/3521 1446/3515 
f 1449/3523 1443/3508 1442/3505 1448/3520 
f 1449/3522 1447/3517 1445/3512 1443/3507 
f 1452/3531 1453/3534 1451/3529 1450/3526 
f 1454/3536 1455/3539 1453/3533 1452/3530 
f 1456/3541 1457/3544 1455/3538 1454/3535 
f 1450/3525 1451/3528 1457/3543 1456/3540 
f 1453/3532 1455/3537 1457/3542 1451/3527 
f 1459/3549 1461/3554 1460/3551 1458/3546 
f 1461/3553 1463/3559 1462/3556 1460/3550 
f 1463/3558 1465/3564 1464/3561 1462/3555 
f 1465/3563 1459/3548 1458/3545 1464/3560 
f 1465/3562 1463/3557 1461/3552 1459/3547 
f 1468/3571 1469/3574 1467/3569 1466/3566 
f 1470/3576 1471/3579 1469/3573 1468/3570 
f 1472/3581 1473/3584 1471/3578 1470/3575 
f 1466/3565 1467/3568 1473/3583 1472/3580 
f 1469/3572 1471/3577 1473/3582 1467/3567 
f 1475/3589 1477/3594 1476/3591 1474/3586 
f 1477/3593 1479/3599 1478/3596 1476/3590 
f 1479/3598 1481/3604 1480/3601 1478/3595 
f 1481/3603 1475/3588 1474/3585 1480/3600 
f 1481/3602 1479/3597 1477/3592 1475/3587 
f 1484/3611 1485/3614 1483/3609 1482/3606 
f 1486/3616 1487/3619 1485/3613 1484/3610 
f 1488/3621 1489/3624 1487/3618 1486/3615 
f 1482/3605 1483/3608 1489/3623 1488/3620 
f 1485/3612 1487/3617 1489/3622 1483/3607 
f 1497/3646 1420/3431 1410/3403 1491/3628 
f 1495/3640 1415/3415 1411/3406 1492/3632 
f 1538/3754 1416/3418 1409/3399 1532/3735 
f 1539/3756 1280/3056 1416/3417 1538/3753 
f 1492/3631 1411/3405 1408/3397 1490/3625 
f 1500/3655 1501/3658 1499/3653 1498/3650 
f 1502/3660 1503/3663 1501/3657 1500/3654 
f 1504/3665 1505/3668 1503/3662 1502/3659 
f 1498/3649 1499/3652 1505/3667 1504/3664 
f 1501/3656 1503/3661 1505/3666 1499/3651 
f 1508/3675 1509/3678 1507/3673 1506/3670 
f 1510/3680 1511/3683 1509/3677 1508/3674 
f 1512/3685 1513/3688 1511/3682 1510/3679 
f 1506/3669 1507/3672 1513/3687 1512/3684 
f 1509/3676 1511/3681 1513/3686 1507/3671 
f 1516/3695 1517/3698 1515/3693 1514/3690 
f 1518/3700 1519/3703 1517/3697 1516/3694 
f 1520/3705 1521/3708 1519/3702 1518/3699 
f 1514/3689 1515/3692 1521/3707 1520/3704 
f 1517/3696 1519/3701 1521/3706 1515/3691 
f 1524/3715 1525/3717 1523/3711 1522/3709 
f 1526/3719 1527/3721 1525/3716 1524/3714 
f 1560/3816 1551/3792 1565/3827 1557/3808 
f 1551/3792 1560/3816 1559/3813 1550/3789 
f 1556/3805 1555/3802 1568/3834 1546/3779 
f 1546/3779 1547/3782 1552/3795 1556/3805 
f 1557/3808 1555/3802 1556/3805 1560/3816 
f 1552/3794 1547/3781 1548/3784 1553/3797 
f 1632/4008 1633/4011 1631/4006 1630/4003 
f 1634/4013 1635/4016 1633/4010 1632/4007 
f 1628/3998 1629/4001 1635/4015 1634/4012 
f 1631/4005 1633/4009 1635/4014 1629/4000 
f 1636/4018 1637/4021 1643/4036 1642/4033 
f 1567/3831 1549/3786 1546/3778 1568/3833 
f 1554/3799 1569/3836 1551/3791 1550/3788 
f 1548/3783 1547/3780 1546/3777 1549/3785 
f 1557/3807 1558/3810 1564/3824 1555/3801 
f 1551/3790 1569/3835 1566/3829 1565/3826 
f 1558/3809 1557/3806 1565/3825 1566/3828 
f 1567/3830 1568/3832 1555/3800 1564/3823 
f 1563/3822 1560/3815 1556/3804 1561/3818 
f 1554/3798 1550/3787 1559/3812 1562/3820 
f 1562/3819 1559/3811 1560/3814 1563/3821 
f 1561/3817 1556/3803 1552/3793 1553/3796 
f 1623/3986 1625/3991 1627/3996 1621/3981 
f 1638/4023 1639/4026 1637/4020 1636/4017 
f 1640/4028 1641/4031 1639/4025 1638/4022 
f 1642/4032 1643/4035 1641/4030 1640/4027 
f 1630/4002 1631/4004 1629/3999 1628/3997 
f 1421/3434 1670/4106 1674/4119 1424/3446 
f 1639/4024 1641/4029 1643/4034 1637/4019 
f 1620/3978 1621/3980 1627/3995 1626/3993 
f 1590/3903 1591/3906 1589/3901 1588/3898 
f 1592/3908 1593/3911 1591/3905 1590/3902 
f 1594/3913 1595/3916 1593/3910 1592/3907 
f 1570/3840 1571/3842 1578/3870 1684/4153 
f 1686/4160 1579/3874 1423/3442 1572/3848 
f 1570/3839 1670/4105 1421/3433 1571/3841 
f 1425/3450 1426/3454 1678/4132 1573/3852 
f 1432/3478 1579/3873 1686/4159 1577/3868 
f 1577/3867 1678/4131 1426/3453 1432/3477 
f 1573/3851 1684/4152 1578/3869 1425/3449 
f 1681/4142 1682/4146 1576/3862 1575/3858 
f 1574/3856 1572/3847 1423/3441 1428/3462 
f 1682/4145 1574/3855 1428/3461 1576/3861 
f 1674/4118 1681/4141 1575/3857 1424/3445 
f 1582/3883 1583/3886 1581/3881 1580/3878 
f 1584/3888 1585/3891 1583/3885 1582/3882 
f 1586/3893 1587/3896 1585/3890 1584/3887 
f 1580/3877 1581/3880 1587/3895 1586/3892 
f 1583/3884 1585/3889 1587/3894 1581/3879 
f 1588/3897 1589/3900 1595/3915 1594/3912 
f 1591/3904 1593/3909 1595/3914 1589/3899 
f 1606/3943 1607/3946 1605/3941 1604/3938 
f 1608/3948 1609/3951 1607/3945 1606/3942 
f 1610/3953 1611/3956 1609/3950 1608/3947 
f 1598/3923 1599/3926 1597/3921 1596/3918 
f 1600/3928 1601/3931 1599/3925 1598/3922 
f 1602/3933 1603/3936 1601/3930 1600/3927 
f 1596/3917 1597/3920 1603/3935 1602/3932 
f 1599/3924 1601/3929 1603/3934 1597/3919 
f 1604/3937 1605/3940 1611/3955 1610/3952 
f 1607/3944 1609/3949 1611/3954 1605/3939 
f 1622/3983 1623/3985 1621/3979 1620/3977 
f 1624/3988 1625/3990 1623/3984 1622/3982 
f 1626/3992 1627/3994 1625/3989 1624/3987 
f 1614/3963 1615/3966 1613/3961 1612/3958 
f 1616/3968 1617/3971 1615/3965 1614/3962 
f 1618/3973 1619/3976 1617/3970 1616/3967 
f 1612/3957 1613/3960 1619/3975 1618/3972 
f 1615/3964 1617/3969 1619/3974 1613/3959 
f 1658/4076 1649/4052 1663/4087 1655/4068 
f 1649/4052 1658/4076 1657/4073 1648/4049 
f 1654/4065 1653/4062 1666/4094 1644/4039 
f 1644/4039 1645/4042 1650/4055 1654/4065 
f 1655/4068 1653/4062 1654/4065 1658/4076 
f 1656/4070 1650/4054 1645/4041 1647/4046 
f 1779/4392 1780/4395 1778/4390 1777/4387 
f 1781/4397 1782/4400 1780/4394 1779/4391 
f 1775/4382 1776/4385 1782/4399 1781/4396 
f 1778/4389 1780/4393 1782/4398 1776/4384 
f 1769/4367 1770/4370 1768/4365 1767/4362 
f 1667/4096 1646/4044 1644/4038 1666/4093 
f 1652/4059 1649/4051 1648/4048 1651/4057 
f 1647/4045 1645/4040 1644/4037 1646/4043 
f 1655/4067 1661/4082 1659/4078 1653/4061 
f 1649/4050 1652/4058 1665/4091 1663/4086 
f 1661/4081 1655/4066 1663/4085 1665/4090 
f 1667/4095 1666/4092 1653/4060 1659/4077 
f 1664/4089 1658/4075 1654/4064 1660/4080 
f 1651/4056 1648/4047 1657/4072 1662/4084 
f 1662/4083 1657/4071 1658/4074 1664/4088 
f 1660/4079 1654/4063 1650/4053 1656/4069 
f 1683/4149 1672/4112 1680/4138 1677/4128 
f 1671/4109 1679/4135 1680/4138 1672/4112 
f 1673/4115 1669/4102 1675/4122 1676/4125 
f 1668/4099 1685/4156 1675/4122 1669/4102 
f 1675/4122 1677/4128 1680/4138 1676/4125 
f 1670/4104 1669/4101 1673/4114 1674/4117 
f 1771/4372 1772/4375 1770/4369 1769/4366 
f 1773/4377 1774/4380 1772/4374 1771/4371 
f 1767/4361 1768/4364 1774/4379 1773/4376 
f 1770/4368 1772/4373 1774/4378 1768/4363 
f 1777/4386 1778/4388 1776/4383 1775/4381 
f 1668/4098 1570/3838 1684/4151 1685/4155 
f 1672/4111 1686/4158 1572/3846 1671/4108 
f 1668/4097 1669/4100 1670/4103 1570/3837 
f 1573/3850 1678/4130 1677/4127 1675/4121 
f 1577/3866 1686/4157 1672/4110 1683/4148 
f 1683/4147 1677/4126 1678/4129 1577/3865 
f 1675/4120 1685/4154 1684/4150 1573/3849 
f 1676/4124 1680/4137 1682/4144 1681/4140 
f 1679/4134 1671/4107 1572/3845 1574/3854 
f 1680/4136 1679/4133 1574/3853 1682/4143 
f 1673/4113 1676/4123 1681/4139 1674/4116 
f 1689/4167 1690/4170 1688/4165 1687/4162 
f 1691/4172 1692/4175 1690/4169 1689/4166 
f 1693/4177 1694/4180 1692/4174 1691/4171 
f 1687/4161 1688/4164 1694/4179 1693/4176 
f 1690/4168 1692/4173 1694/4178 1688/4163 
f 1696/4185 1698/4190 1697/4187 1695/4182 
f 1698/4189 1700/4195 1699/4192 1697/4186 
f 1700/4194 1702/4200 1701/4197 1699/4191 
f 1702/4199 1696/4184 1695/4181 1701/4196 
f 1702/4198 1700/4193 1698/4188 1696/4183 
f 1705/4207 1706/4210 1704/4205 1703/4202 
f 1707/4212 1708/4215 1706/4209 1705/4206 
f 1709/4217 1710/4220 1708/4214 1707/4211 
f 1703/4201 1704/4204 1710/4219 1709/4216 
f 1706/4208 1708/4213 1710/4218 1704/4203 
f 1712/4225 1714/4230 1713/4227 1711/4222 
f 1714/4229 1716/4235 1715/4232 1713/4226 
f 1716/4234 1718/4240 1717/4237 1715/4231 
f 1718/4239 1712/4224 1711/4221 1717/4236 
f 1718/4238 1716/4233 1714/4228 1712/4223 
f 1721/4247 1722/4250 1720/4245 1719/4242 
f 1723/4252 1724/4255 1722/4249 1721/4246 
f 1725/4257 1726/4260 1724/4254 1723/4251 
f 1719/4241 1720/4244 1726/4259 1725/4256 
f 1722/4248 1724/4253 1726/4258 1720/4243 
f 1728/4265 1730/4270 1729/4267 1727/4262 
f 1730/4269 1732/4275 1731/4272 1729/4266 
f 1732/4274 1734/4280 1733/4277 1731/4271 
f 1734/4279 1728/4264 1727/4261 1733/4276 
f 1734/4278 1732/4273 1730/4268 1728/4263 
f 1737/4287 1738/4290 1736/4285 1735/4282 
f 1739/4292 1740/4295 1738/4289 1737/4286 
f 1741/4297 1742/4300 1740/4294 1739/4291 
f 1735/4281 1736/4284 1742/4299 1741/4296 
f 1738/4288 1740/4293 1742/4298 1736/4283 
f 1744/4305 1746/4310 1745/4307 1743/4302 
f 1746/4309 1748/4315 1747/4312 1745/4306 
f 1748/4314 1750/4320 1749/4317 1747/4311 
f 1750/4319 1744/4304 1743/4301 1749/4316 
f 1750/4318 1748/4313 1746/4308 1744/4303 
f 1753/4327 1754/4330 1752/4325 1751/4322 
f 1755/4332 1756/4335 1754/4329 1753/4326 
f 1757/4337 1758/4340 1756/4334 1755/4331 
f 1751/4321 1752/4324 1758/4339 1757/4336 
f 1754/4328 1756/4333 1758/4338 1752/4323 
f 1761/4347 1762/4350 1760/4345 1759/4342 
f 1763/4352 1764/4355 1762/4349 1761/4346 
f 1765/4357 1766/4360 1764/4354 1763/4351 
f 1759/4341 1760/4344 1766/4359 1765/4356 
f 1762/4348 1764/4353 1766/4358 1760/4343 

