mtllib track_slope_curve_large_left.mtl
usemtl Mat_1
# Blender 3.4.1
# www.blender.org
o track_normal.001
v 0.157942 0.063984 0.997662
v 0.192060 0.078058 0.999562
v 0.192086 0.063984 0.997670
v 0.182452 0.063984 0.997668
v 0.148308 0.063984 0.997660
v 0.148282 0.078058 0.999533
v 0.200141 0.018671 0.991571
v 0.140141 0.018671 0.991644
v 0.140169 0.033999 0.993678
v 0.157914 0.033999 0.993665
v 0.182423 0.033999 0.993647
v 0.200168 0.033999 0.993634
v 0.134607 0.051761 0.780216
v 0.134737 0.067089 0.782245
v 0.176937 0.067089 0.780093
v 0.152459 0.067089 0.781340
v 0.194528 0.051761 0.777132
v 0.194659 0.067089 0.779189
v 0.152640 0.097074 0.785333
v 0.177120 0.097074 0.784108
v 0.186742 0.097074 0.783626
v 0.186812 0.111148 0.785514
v 0.143087 0.111148 0.787682
v 0.143019 0.097074 0.785814
v 0.809262 0.063984 0.997807
v 0.809236 0.078058 0.999970
v 0.843407 0.063984 0.997815
v 0.818896 0.063984 0.997809
v 0.853014 0.078058 1.000000
v 0.853040 0.063984 0.997817
v 0.861122 0.033999 0.993157
v 0.861094 0.018671 0.990776
v 0.818868 0.033999 0.993189
v 0.843377 0.033999 0.993170
v 0.801094 0.018671 0.990848
v 0.801123 0.033999 0.993201
v 0.854607 0.051761 0.743147
v 0.854755 0.067089 0.745526
v 0.794687 0.051761 0.746232
v 0.812556 0.067089 0.747678
v 0.794834 0.067089 0.748582
v 0.837033 0.067089 0.746430
v 0.846869 0.097074 0.750590
v 0.846954 0.111148 0.752772
v 0.812768 0.097074 0.752296
v 0.837247 0.097074 0.751071
v 0.803230 0.111148 0.754941
v 0.803146 0.097074 0.752778
v 0.787040 -0.017483 0.876884
v 0.787201 0.061699 0.889010
v 0.817194 0.061699 0.888347
v 0.817031 -0.017483 0.876146
v 0.785945 -0.013204 0.845337
v 0.786400 0.065978 0.857460
v 0.815930 -0.013204 0.844405
v 0.816388 0.065978 0.856602
v 0.181615 0.061699 0.902400
v 0.211607 0.061699 0.901736
v 0.211480 -0.017483 0.891044
v 0.181489 -0.017483 0.891781
v 0.210902 0.065978 0.873924
v 0.210489 -0.013204 0.863242
v 0.180914 0.065978 0.874782
v 0.180504 -0.013204 0.864176
v 0.029979 -0.030000 0.943772
v 0.030077 0.029386 0.951453
v 0.970021 0.029386 0.941110
v 0.969901 -0.030000 0.931676
v 0.026562 -0.010032 0.819514
v 0.026849 0.049354 0.827185
v 0.965685 -0.010032 0.778924
v 0.966048 0.049354 0.788358
v 0.809262 0.063822 0.997782
v 0.809236 0.077896 0.999945
v 0.843407 0.063822 0.997790
v 0.818896 0.063822 0.997784
v 0.853014 0.077896 0.999974
v 0.853040 0.063822 0.997792
v 0.861122 0.033837 0.993134
v 0.861094 0.018509 0.990751
v 0.818867 0.033837 0.993165
v 0.843377 0.033837 0.993147
v 0.801094 0.018509 0.990823
v 0.801122 0.033837 0.993178
v 0.854605 0.051599 0.743122
v 0.854754 0.066927 0.745500
v 0.794684 0.051599 0.746207
v 0.812554 0.066927 0.747653
v 0.794832 0.066927 0.748557
v 0.837032 0.066927 0.746404
v 0.846868 0.096912 0.750564
v 0.846953 0.110986 0.752748
v 0.812767 0.096912 0.752272
v 0.837246 0.096912 0.751045
v 0.803229 0.110986 0.754917
v 0.803145 0.096912 0.752753
v 0.854604 0.051421 0.743093
v 0.854752 0.066748 0.745472
v 0.794683 0.051421 0.746178
v 0.812552 0.066748 0.747625
v 0.794830 0.066748 0.748530
v 0.837030 0.066748 0.746378
v 0.846867 0.096734 0.750535
v 0.846952 0.110807 0.752720
v 0.812766 0.096733 0.752242
v 0.837246 0.096733 0.751016
v 0.803228 0.110807 0.754888
v 0.803144 0.096734 0.752724
v 0.854602 0.051259 0.743068
v 0.854751 0.066587 0.745447
v 0.794681 0.051259 0.746153
v 0.812551 0.066587 0.747600
v 0.794828 0.066586 0.748504
v 0.837028 0.066587 0.746351
v 0.846866 0.096572 0.750512
v 0.846951 0.110646 0.752695
v 0.812765 0.096572 0.752218
v 0.837245 0.096572 0.750993
v 0.803227 0.110646 0.754864
v 0.803143 0.096572 0.752700
v 0.854604 0.051421 0.743093
v 0.854752 0.066748 0.745472
v 0.794683 0.051421 0.746178
v 0.812552 0.066748 0.747625
v 0.794830 0.066748 0.748530
v 0.837030 0.066748 0.746378
v 0.846867 0.096734 0.750535
v 0.846952 0.110807 0.752720
v 0.812766 0.096733 0.752242
v 0.837246 0.096733 0.751016
v 0.803228 0.110807 0.754888
v 0.803144 0.096734 0.752724
v 0.854602 0.051259 0.743068
v 0.854751 0.066587 0.745447
v 0.794681 0.051259 0.746153
v 0.812551 0.066587 0.747600
v 0.794828 0.066586 0.748504
v 0.837028 0.066587 0.746351
v 0.846866 0.096572 0.750512
v 0.846951 0.110646 0.752695
v 0.812765 0.096572 0.752218
v 0.837245 0.096572 0.750993
v 0.803227 0.110646 0.754864
v 0.803143 0.096572 0.752700
v 0.152640 0.097074 0.785333
v 0.186812 0.111148 0.785514
v 0.186742 0.097074 0.783626
v 0.177120 0.097074 0.784108
v 0.143019 0.097074 0.785814
v 0.143087 0.111148 0.787682
v 0.194528 0.051761 0.777132
v 0.134607 0.051761 0.780216
v 0.134737 0.067089 0.782245
v 0.152459 0.067089 0.781340
v 0.176937 0.067089 0.780093
v 0.194659 0.067089 0.779189
v 0.118393 0.084851 0.569504
v 0.118626 0.100178 0.571523
v 0.160663 0.100179 0.567235
v 0.136279 0.100178 0.569722
v 0.178080 0.084851 0.563386
v 0.178316 0.100179 0.565435
v 0.136674 0.130164 0.573695
v 0.161060 0.130164 0.571231
v 0.170645 0.130164 0.570262
v 0.170811 0.144237 0.572146
v 0.127252 0.144238 0.576526
v 0.127088 0.130164 0.574663
v 0.803146 0.097074 0.752778
v 0.803230 0.111148 0.754941
v 0.837247 0.097074 0.751071
v 0.812768 0.097074 0.752296
v 0.846954 0.111148 0.752772
v 0.846869 0.097074 0.750590
v 0.854755 0.067089 0.745526
v 0.854607 0.051761 0.743147
v 0.812556 0.067089 0.747678
v 0.837033 0.067089 0.746430
v 0.794687 0.051761 0.746232
v 0.794834 0.067089 0.748582
v 0.835590 0.084851 0.495995
v 0.835859 0.100179 0.498366
v 0.775903 0.084851 0.502113
v 0.793822 0.100179 0.502654
v 0.776169 0.100179 0.504455
v 0.818205 0.100178 0.500167
v 0.828251 0.130164 0.503824
v 0.828447 0.144237 0.506003
v 0.794280 0.130164 0.507256
v 0.818666 0.130164 0.504793
v 0.784889 0.144238 0.510383
v 0.784695 0.130164 0.508225
v 0.774876 0.015607 0.633053
v 0.775651 0.094789 0.645161
v 0.805572 0.094789 0.642987
v 0.804791 0.015607 0.630803
v 0.772203 0.019886 0.601581
v 0.773271 0.099068 0.613673
v 0.802103 0.019886 0.599135
v 0.803178 0.099068 0.611303
v 0.171511 0.094789 0.689073
v 0.201432 0.094789 0.686899
v 0.200763 0.015607 0.676233
v 0.170848 0.015607 0.678483
v 0.199338 0.099068 0.659173
v 0.198386 0.019886 0.648532
v 0.169432 0.099068 0.661544
v 0.168486 0.019886 0.650978
v 0.022160 0.003089 0.737995
v 0.022647 0.062476 0.745650
v 0.960880 0.062476 0.688027
v 0.960283 0.003090 0.678604
v 0.012484 0.023057 0.614197
v 0.013159 0.082444 0.621836
v 0.948350 0.023058 0.526131
v 0.949190 0.082444 0.535542
v 0.803145 0.096912 0.752753
v 0.803229 0.110986 0.754917
v 0.837246 0.096912 0.751045
v 0.812767 0.096912 0.752272
v 0.846953 0.110986 0.752748
v 0.846868 0.096912 0.750564
v 0.854754 0.066927 0.745500
v 0.854605 0.051599 0.743122
v 0.812554 0.066927 0.747653
v 0.837032 0.066927 0.746404
v 0.794684 0.051599 0.746207
v 0.794832 0.066927 0.748557
v 0.835587 0.084689 0.495971
v 0.835856 0.100017 0.498341
v 0.775900 0.084689 0.502089
v 0.793819 0.100017 0.502629
v 0.776165 0.100017 0.504430
v 0.818203 0.100017 0.500142
v 0.828249 0.130002 0.503799
v 0.828444 0.144076 0.505977
v 0.794278 0.130002 0.507232
v 0.818664 0.130002 0.504767
v 0.784886 0.144076 0.510359
v 0.784693 0.130002 0.508200
v 0.835584 0.084511 0.495943
v 0.835853 0.099838 0.498315
v 0.775897 0.084511 0.502062
v 0.793816 0.099838 0.502603
v 0.776163 0.099838 0.504404
v 0.818200 0.099838 0.500115
v 0.828246 0.129824 0.503772
v 0.828441 0.143897 0.505949
v 0.794276 0.129823 0.507204
v 0.818662 0.129823 0.504740
v 0.784884 0.143897 0.510331
v 0.784691 0.129823 0.508172
v 0.835581 0.084349 0.495918
v 0.835850 0.099677 0.498290
v 0.775894 0.084349 0.502036
v 0.793814 0.099677 0.502579
v 0.776160 0.099677 0.504379
v 0.818197 0.099677 0.500089
v 0.828244 0.129662 0.503748
v 0.828440 0.143735 0.505924
v 0.794274 0.129662 0.507181
v 0.818659 0.129662 0.504717
v 0.784881 0.143736 0.510305
v 0.784688 0.129662 0.508150
v 0.835584 0.084511 0.495943
v 0.835853 0.099838 0.498315
v 0.775897 0.084511 0.502062
v 0.793816 0.099838 0.502603
v 0.776163 0.099838 0.504404
v 0.818200 0.099838 0.500115
v 0.828246 0.129824 0.503772
v 0.828441 0.143897 0.505949
v 0.794276 0.129823 0.507204
v 0.818662 0.129823 0.504740
v 0.784884 0.143897 0.510331
v 0.784691 0.129823 0.508172
v 0.835581 0.084349 0.495918
v 0.835850 0.099677 0.498290
v 0.775894 0.084349 0.502036
v 0.793814 0.099677 0.502579
v 0.776160 0.099677 0.504379
v 0.818197 0.099677 0.500089
v 0.828244 0.129662 0.503748
v 0.828440 0.143735 0.505924
v 0.794274 0.129662 0.507181
v 0.818659 0.129662 0.504717
v 0.784881 0.143736 0.510305
v 0.784688 0.129662 0.508150
v 0.136674 0.130164 0.573695
v 0.170811 0.144237 0.572146
v 0.170645 0.130164 0.570262
v 0.161060 0.130164 0.571231
v 0.127088 0.130164 0.574663
v 0.127252 0.144238 0.576526
v 0.178080 0.084851 0.563386
v 0.118393 0.084851 0.569504
v 0.118626 0.100178 0.571523
v 0.136279 0.100178 0.569722
v 0.160663 0.100179 0.567235
v 0.178316 0.100179 0.565435
v 0.091477 0.117941 0.360011
v 0.091812 0.133268 0.362017
v 0.133575 0.133268 0.355592
v 0.109350 0.133268 0.359318
v 0.150775 0.117941 0.350858
v 0.151114 0.133268 0.352893
v 0.110006 0.163254 0.363253
v 0.134235 0.163254 0.359549
v 0.143758 0.163254 0.358093
v 0.144021 0.177327 0.359963
v 0.100743 0.177328 0.366560
v 0.100483 0.163254 0.364709
v 0.784695 0.130164 0.508225
v 0.784889 0.144238 0.510383
v 0.818666 0.130164 0.504793
v 0.794280 0.130164 0.507256
v 0.828447 0.144237 0.506003
v 0.828251 0.130164 0.503824
v 0.835859 0.100179 0.498366
v 0.835590 0.084851 0.495995
v 0.793822 0.100179 0.502654
v 0.818205 0.100178 0.500167
v 0.775903 0.084851 0.502113
v 0.776169 0.100179 0.504455
v 0.803991 0.117941 0.250019
v 0.804380 0.133268 0.252375
v 0.744694 0.117941 0.259173
v 0.762616 0.133269 0.258801
v 0.745077 0.133268 0.261500
v 0.786841 0.133268 0.255075
v 0.797121 0.163254 0.258206
v 0.797429 0.177327 0.260371
v 0.763369 0.163254 0.263366
v 0.787598 0.163254 0.259662
v 0.754151 0.177328 0.266968
v 0.753846 0.163254 0.264822
v 0.750392 0.048697 0.390035
v 0.751778 0.127879 0.402096
v 0.781550 0.127879 0.398403
v 0.780154 0.048697 0.386268
v 0.746092 0.052976 0.358735
v 0.747769 0.132158 0.370760
v 0.775829 0.052976 0.354771
v 0.777516 0.132158 0.366871
v 0.150651 0.127879 0.476654
v 0.180423 0.127879 0.472962
v 0.179217 0.048697 0.462349
v 0.149454 0.048696 0.466117
v 0.176893 0.132158 0.445394
v 0.175407 0.052976 0.434820
v 0.147147 0.132158 0.449283
v 0.145670 0.052976 0.438784
v 0.003964 0.036179 0.533075
v 0.004836 0.095566 0.540688
v 0.938936 0.095566 0.435531
v 0.937862 0.036179 0.426143
v -0.011973 0.056147 0.410018
v -0.010915 0.115534 0.417606
v 0.918190 0.056147 0.274379
v 0.919505 0.115534 0.283741
v 0.784693 0.130002 0.508200
v 0.784886 0.144076 0.510359
v 0.818664 0.130002 0.504767
v 0.794278 0.130002 0.507232
v 0.828444 0.144076 0.505977
v 0.828249 0.130002 0.503799
v 0.835856 0.100017 0.498341
v 0.835587 0.084689 0.495971
v 0.793819 0.100017 0.502629
v 0.818203 0.100017 0.500142
v 0.775900 0.084689 0.502089
v 0.776165 0.100017 0.504430
v 0.803986 0.117779 0.249993
v 0.804376 0.133107 0.252351
v 0.744689 0.117779 0.259148
v 0.762612 0.133107 0.258777
v 0.745073 0.133107 0.261475
v 0.786837 0.133107 0.255050
v 0.797117 0.163092 0.258181
v 0.797425 0.177166 0.260346
v 0.763365 0.163092 0.263341
v 0.787593 0.163092 0.259638
v 0.754147 0.177166 0.266943
v 0.753841 0.163092 0.264797
v 0.803983 0.117600 0.249968
v 0.804371 0.132928 0.252321
v 0.744685 0.117600 0.259124
v 0.762607 0.132928 0.258749
v 0.745068 0.132928 0.261447
v 0.786832 0.132928 0.255021
v 0.797112 0.162913 0.258155
v 0.797421 0.176987 0.260321
v 0.763361 0.162913 0.263315
v 0.787589 0.162913 0.259611
v 0.754144 0.176987 0.266918
v 0.753837 0.162913 0.264771
v 0.803978 0.117439 0.249944
v 0.804367 0.132766 0.252296
v 0.744681 0.117439 0.259098
v 0.762604 0.132767 0.258723
v 0.745065 0.132766 0.261422
v 0.786828 0.132766 0.254996
v 0.797108 0.162752 0.258129
v 0.797418 0.176825 0.260296
v 0.763356 0.162752 0.263289
v 0.787585 0.162752 0.259585
v 0.754140 0.176825 0.266892
v 0.753833 0.162752 0.264746
v 0.803983 0.117600 0.249968
v 0.804371 0.132928 0.252321
v 0.744685 0.117600 0.259124
v 0.762607 0.132928 0.258749
v 0.745068 0.132928 0.261447
v 0.786832 0.132928 0.255021
v 0.797112 0.162913 0.258155
v 0.797421 0.176987 0.260321
v 0.763361 0.162913 0.263315
v 0.787589 0.162913 0.259611
v 0.754144 0.176987 0.266918
v 0.753837 0.162913 0.264771
v 0.803978 0.117439 0.249944
v 0.804367 0.132766 0.252296
v 0.744681 0.117439 0.259098
v 0.762604 0.132767 0.258723
v 0.745065 0.132766 0.261422
v 0.786828 0.132766 0.254996
v 0.797108 0.162752 0.258129
v 0.797418 0.176825 0.260296
v 0.763356 0.162752 0.263289
v 0.787585 0.162752 0.259585
v 0.754140 0.176825 0.266892
v 0.753833 0.162752 0.264746
v 0.110006 0.163254 0.363253
v 0.144021 0.177327 0.359963
v 0.143758 0.163254 0.358093
v 0.134235 0.163254 0.359549
v 0.100483 0.163254 0.364709
v 0.100743 0.177328 0.366560
v 0.150775 0.117941 0.350858
v 0.091477 0.117941 0.360011
v 0.091812 0.133268 0.362017
v 0.109350 0.133268 0.359318
v 0.133575 0.133268 0.355592
v 0.151114 0.133268 0.352893
v 0.053883 0.151031 0.152259
v 0.054317 0.166358 0.154241
v 0.095696 0.166358 0.145684
v 0.071694 0.166358 0.150647
v 0.112634 0.151031 0.140078
v 0.113074 0.166358 0.142091
v 0.072547 0.196344 0.154546
v 0.096554 0.196344 0.149606
v 0.105990 0.196344 0.147663
v 0.106393 0.210417 0.149506
v 0.063510 0.210417 0.158311
v 0.063111 0.196344 0.156487
v 0.753846 0.163254 0.264822
v 0.754151 0.177328 0.266968
v 0.787598 0.163254 0.259662
v 0.763369 0.163254 0.263366
v 0.797429 0.177327 0.260371
v 0.797121 0.163254 0.258206
v 0.804380 0.133268 0.252375
v 0.803991 0.117941 0.250019
v 0.762616 0.133269 0.258801
v 0.786841 0.133268 0.255075
v 0.744694 0.117941 0.259173
v 0.745077 0.133268 0.261500
v 0.759827 0.151031 0.005907
v 0.760332 0.166359 0.008239
v 0.701076 0.151031 0.018086
v 0.718953 0.166359 0.016795
v 0.701576 0.166359 0.020388
v 0.742956 0.166358 0.011831
v 0.753378 0.196344 0.014437
v 0.753841 0.210417 0.016572
v 0.719934 0.196344 0.021318
v 0.743941 0.196344 0.016379
v 0.710958 0.210417 0.025377
v 0.710499 0.196344 0.023262
v 0.713533 0.081787 0.148503
v 0.715555 0.160969 0.160476
v 0.745098 0.160969 0.155267
v 0.743064 0.081787 0.143219
v 0.707600 0.086065 0.117462
v 0.709881 0.165248 0.129389
v 0.737095 0.086065 0.111981
v 0.739390 0.165248 0.123983
v 0.119023 0.160969 0.265662
v 0.148567 0.160969 0.260452
v 0.146802 0.081786 0.249923
v 0.117271 0.081787 0.255206
v 0.143569 0.165248 0.233121
v 0.141554 0.086065 0.222637
v 0.114060 0.165247 0.238526
v 0.112059 0.086065 0.228117
v -0.024623 0.069269 0.329488
v -0.023370 0.128656 0.337046
v 0.904143 0.128656 0.184336
v 0.902597 0.069270 0.175007
v -0.046797 0.089237 0.207465
v -0.045360 0.148624 0.214990
v 0.875201 0.089237 0.024382
v 0.876986 0.148624 0.033668
v 0.753841 0.163092 0.264797
v 0.754147 0.177166 0.266943
v 0.787593 0.163092 0.259638
v 0.763365 0.163092 0.263341
v 0.797425 0.177166 0.260346
v 0.797117 0.163092 0.258181
v 0.804376 0.133107 0.252351
v 0.803986 0.117779 0.249993
v 0.762612 0.133107 0.258777
v 0.786837 0.133107 0.255050
v 0.744689 0.117779 0.259148
v 0.745073 0.133107 0.261475
v 0.759821 0.150869 0.005881
v 0.760327 0.166197 0.008213
v 0.701070 0.150869 0.018061
v 0.718947 0.166197 0.016771
v 0.701570 0.166197 0.020364
v 0.742949 0.166197 0.011807
v 0.753373 0.196182 0.014412
v 0.753836 0.210256 0.016551
v 0.719930 0.196182 0.021294
v 0.743936 0.196182 0.016353
v 0.710953 0.210256 0.025356
v 0.710493 0.196182 0.023236
v 0.759815 0.150690 0.005854
v 0.760321 0.166018 0.008186
v 0.701064 0.150690 0.018033
v 0.718942 0.166018 0.016744
v 0.701565 0.166018 0.020337
v 0.742944 0.166018 0.011780
v 0.753366 0.196003 0.014383
v 0.753830 0.210077 0.016522
v 0.719923 0.196003 0.021267
v 0.743930 0.196003 0.016326
v 0.710947 0.210077 0.025328
v 0.710487 0.196003 0.023208
v 0.759809 0.150529 0.005829
v 0.760316 0.165856 0.008160
v 0.701059 0.150529 0.018009
v 0.718936 0.165856 0.016720
v 0.701559 0.165856 0.020313
v 0.742938 0.165856 0.011755
v 0.753362 0.195841 0.014359
v 0.753825 0.209915 0.016497
v 0.719919 0.195842 0.021242
v 0.743925 0.195842 0.016302
v 0.710942 0.209915 0.025304
v 0.710482 0.195842 0.023186
v 0.759815 0.150690 0.005854
v 0.760321 0.166018 0.008186
v 0.701064 0.150690 0.018033
v 0.718942 0.166018 0.016744
v 0.701565 0.166018 0.020337
v 0.742944 0.166018 0.011780
v 0.753366 0.196003 0.014383
v 0.753830 0.210077 0.016522
v 0.719923 0.196003 0.021267
v 0.743930 0.196003 0.016326
v 0.710947 0.210077 0.025328
v 0.710487 0.196003 0.023208
v 0.759809 0.150529 0.005829
v 0.760316 0.165856 0.008160
v 0.701059 0.150529 0.018009
v 0.718936 0.165856 0.016720
v 0.701559 0.165856 0.020313
v 0.742938 0.165856 0.011755
v 0.753362 0.195841 0.014359
v 0.753825 0.209915 0.016497
v 0.719919 0.195842 0.021242
v 0.743925 0.195842 0.016302
v 0.710942 0.209915 0.025304
v 0.710482 0.195842 0.023186
v 0.072547 0.196344 0.154546
v 0.106393 0.210417 0.149506
v 0.105990 0.196344 0.147663
v 0.096554 0.196344 0.149606
v 0.063111 0.196344 0.156487
v 0.063510 0.210417 0.158311
v 0.112634 0.151031 0.140078
v 0.053883 0.151031 0.152259
v 0.054317 0.166358 0.154241
v 0.071694 0.166358 0.150647
v 0.095696 0.166358 0.145684
v 0.113074 0.166358 0.142091
v 0.005682 0.184121 -0.053245
v 0.006214 0.199448 -0.051286
v 0.047099 0.199448 -0.061958
v 0.023383 0.199448 -0.055767
v 0.063729 0.184121 -0.068426
v 0.064268 0.199448 -0.066439
v 0.024429 0.229434 -0.051917
v 0.048151 0.229434 -0.058084
v 0.057474 0.229434 -0.060508
v 0.057969 0.243507 -0.058685
v 0.015595 0.243507 -0.047689
v 0.015105 0.229434 -0.049493
v 0.710499 0.196344 0.023262
v 0.710958 0.210417 0.025377
v 0.743941 0.196344 0.016379
v 0.719934 0.196344 0.021318
v 0.753841 0.210417 0.016572
v 0.753378 0.196344 0.014437
v 0.760332 0.166359 0.008239
v 0.759827 0.151031 0.005907
v 0.718953 0.166359 0.016795
v 0.742956 0.166358 0.011831
v 0.701076 0.151031 0.018086
v 0.701576 0.166359 0.020388
v 0.703175 0.184121 -0.235664
v 0.703798 0.199448 -0.233360
v 0.645128 0.184121 -0.220482
v 0.662912 0.199448 -0.222689
v 0.645742 0.199448 -0.218208
v 0.686628 0.199448 -0.228878
v 0.697165 0.229434 -0.226810
v 0.697736 0.243507 -0.224696
v 0.664120 0.229434 -0.218218
v 0.687841 0.229433 -0.224386
v 0.655361 0.243507 -0.213701
v 0.654796 0.229434 -0.215795
v 0.664262 0.114877 -0.090859
v 0.667014 0.194059 -0.079031
v 0.696252 0.194059 -0.085749
v 0.693483 0.114877 -0.097652
v 0.656780 0.119155 -0.121568
v 0.659657 0.198338 -0.109768
v 0.685955 0.119155 -0.128554
v 0.688849 0.198338 -0.116679
v 0.076664 0.194059 0.056617
v 0.105902 0.194059 0.049899
v 0.103481 0.114877 0.039503
v 0.074260 0.114876 0.046296
v 0.099414 0.198337 0.022888
v 0.096878 0.119155 0.012519
v 0.070221 0.198338 0.029799
v 0.067703 0.119155 0.019505
v -0.063569 0.102359 0.127726
v -0.061940 0.161746 0.135208
v 0.856525 0.161746 -0.064849
v 0.854512 0.102359 -0.074089
v -0.091932 0.122327 0.007029
v -0.090122 0.181714 0.014470
v 0.819449 0.122327 -0.223154
v 0.821699 0.181714 -0.213967
v 0.710493 0.196182 0.023236
v 0.710953 0.210256 0.025356
v 0.743936 0.196182 0.016353
v 0.719930 0.196182 0.021294
v 0.753836 0.210256 0.016551
v 0.753373 0.196182 0.014412
v 0.760327 0.166197 0.008213
v 0.759821 0.150869 0.005881
v 0.718947 0.166197 0.016771
v 0.742949 0.166197 0.011807
v 0.701070 0.150869 0.018061
v 0.701570 0.166197 0.020364
v 0.703169 0.183959 -0.235688
v 0.703791 0.199287 -0.233384
v 0.645121 0.183959 -0.220506
v 0.662906 0.199287 -0.222714
v 0.645736 0.199287 -0.218231
v 0.686621 0.199287 -0.228903
v 0.697158 0.229272 -0.226833
v 0.697729 0.243346 -0.224721
v 0.664113 0.229272 -0.218242
v 0.687835 0.229272 -0.224409
v 0.655354 0.243346 -0.213725
v 0.654789 0.229272 -0.215819
v 0.703162 0.183780 -0.235713
v 0.703784 0.199108 -0.233409
v 0.645115 0.183780 -0.220531
v 0.662899 0.199108 -0.222737
v 0.645730 0.199108 -0.218255
v 0.686614 0.199108 -0.228928
v 0.697152 0.229093 -0.226859
v 0.697721 0.243167 -0.224750
v 0.664106 0.229093 -0.218268
v 0.687827 0.229093 -0.224435
v 0.655346 0.243167 -0.213753
v 0.654782 0.229093 -0.215843
v 0.703156 0.183619 -0.235738
v 0.703778 0.198946 -0.233434
v 0.645109 0.183619 -0.220555
v 0.662893 0.198946 -0.222761
v 0.645723 0.198946 -0.218280
v 0.686608 0.198946 -0.228952
v 0.697145 0.228931 -0.226883
v 0.697715 0.243005 -0.224774
v 0.664100 0.228932 -0.218292
v 0.687821 0.228932 -0.224460
v 0.655340 0.243005 -0.213777
v 0.654775 0.228932 -0.215868
v 0.703162 0.183780 -0.235713
v 0.703784 0.199108 -0.233409
v 0.645115 0.183780 -0.220531
v 0.662899 0.199108 -0.222737
v 0.645730 0.199108 -0.218255
v 0.686614 0.199108 -0.228928
v 0.697152 0.229093 -0.226859
v 0.697721 0.243167 -0.224750
v 0.664106 0.229093 -0.218268
v 0.687827 0.229093 -0.224435
v 0.655346 0.243167 -0.213753
v 0.654782 0.229093 -0.215843
v 0.703156 0.183619 -0.235738
v 0.703778 0.198946 -0.233434
v 0.645109 0.183619 -0.220555
v 0.662893 0.198946 -0.222761
v 0.645723 0.198946 -0.218280
v 0.686608 0.198946 -0.228952
v 0.697145 0.228931 -0.226883
v 0.697715 0.243005 -0.224774
v 0.664100 0.228932 -0.218292
v 0.687821 0.228932 -0.224460
v 0.655340 0.243005 -0.213777
v 0.654775 0.228932 -0.215868
v 0.024429 0.229434 -0.051917
v 0.057969 0.243507 -0.058685
v 0.057474 0.229434 -0.060508
v 0.048151 0.229434 -0.058084
v 0.015105 0.229434 -0.049493
v 0.015595 0.243507 -0.047689
v 0.063729 0.184121 -0.068426
v 0.005682 0.184121 -0.053245
v 0.006214 0.199448 -0.051286
v 0.023383 0.199448 -0.055767
v 0.047099 0.199448 -0.061958
v 0.064268 0.199448 -0.066439
v -0.053013 0.217211 -0.255977
v -0.052385 0.232538 -0.254044
v -0.012102 0.232538 -0.266803
v -0.035468 0.232538 -0.259402
v 0.004177 0.217211 -0.274122
v 0.004815 0.232538 -0.272161
v -0.034234 0.262524 -0.255611
v -0.010861 0.262524 -0.262989
v -0.001674 0.262524 -0.265889
v -0.001089 0.276597 -0.264094
v -0.042843 0.276597 -0.250934
v -0.043421 0.262524 -0.252710
v 0.654796 0.229434 -0.215795
v 0.655361 0.243507 -0.213701
v 0.687841 0.229433 -0.224386
v 0.664120 0.229434 -0.218218
v 0.697736 0.243507 -0.224696
v 0.697165 0.229434 -0.226810
v 0.703798 0.199448 -0.233360
v 0.703175 0.184121 -0.235664
v 0.662912 0.199448 -0.222689
v 0.686628 0.199448 -0.228878
v 0.645128 0.184121 -0.220482
v 0.645742 0.199448 -0.218208
v 0.634179 0.217210 -0.474019
v 0.634916 0.232538 -0.471746
v 0.576989 0.217210 -0.455872
v 0.594633 0.232538 -0.458985
v 0.577716 0.232538 -0.453628
v 0.617999 0.232538 -0.466386
v 0.628620 0.262524 -0.464863
v 0.629295 0.276597 -0.462781
v 0.596060 0.262524 -0.454584
v 0.619433 0.262524 -0.461962
v 0.587541 0.276597 -0.449621
v 0.586873 0.262524 -0.451684
v 0.602750 0.147966 -0.327394
v 0.606207 0.227149 -0.315750
v 0.635062 0.227149 -0.323962
v 0.631583 0.147967 -0.335680
v 0.593745 0.152245 -0.357693
v 0.597207 0.231427 -0.346051
v 0.622523 0.152245 -0.366172
v 0.626006 0.231427 -0.354455
v 0.023609 0.227149 -0.149941
v 0.052463 0.227148 -0.158152
v 0.049411 0.147967 -0.168382
v 0.020577 0.147967 -0.160096
v 0.044523 0.231427 -0.184774
v 0.041476 0.152245 -0.195004
v 0.015725 0.231427 -0.176369
v 0.012699 0.152245 -0.186526
v -0.112797 0.135449 -0.071723
v -0.110799 0.194836 -0.064332
v 0.796174 0.194836 -0.311316
v 0.793701 0.135449 -0.320443
v -0.147279 0.155417 -0.190802
v -0.145103 0.214804 -0.183461
v 0.751062 0.155417 -0.467540
v 0.753767 0.214804 -0.458475
v 0.654789 0.229272 -0.215819
v 0.655354 0.243346 -0.213725
v 0.687835 0.229272 -0.224409
v 0.664113 0.229272 -0.218242
v 0.697729 0.243346 -0.224721
v 0.697158 0.229272 -0.226833
v 0.703791 0.199287 -0.233384
v 0.703169 0.183959 -0.235688
v 0.662906 0.199287 -0.222714
v 0.686621 0.199287 -0.228903
v 0.645121 0.183959 -0.220506
v 0.645736 0.199287 -0.218231
v 0.634170 0.217049 -0.474043
v 0.634908 0.232376 -0.471769
v 0.576980 0.217049 -0.455896
v 0.594625 0.232377 -0.459010
v 0.577708 0.232376 -0.453652
v 0.617991 0.232377 -0.466411
v 0.628613 0.262362 -0.464886
v 0.629287 0.276436 -0.462806
v 0.596053 0.262362 -0.454605
v 0.619426 0.262362 -0.461984
v 0.587534 0.276436 -0.449645
v 0.586866 0.262362 -0.451705
v 0.634162 0.216870 -0.474067
v 0.634899 0.232198 -0.471796
v 0.576973 0.216870 -0.455919
v 0.594616 0.232198 -0.459037
v 0.577700 0.232198 -0.453679
v 0.617982 0.232198 -0.466438
v 0.628604 0.262183 -0.464913
v 0.629279 0.276257 -0.462830
v 0.596044 0.262183 -0.454633
v 0.619417 0.262183 -0.462011
v 0.587526 0.276257 -0.449669
v 0.586857 0.262183 -0.451734
v 0.634155 0.216709 -0.474092
v 0.634890 0.232036 -0.471821
v 0.576965 0.216709 -0.455944
v 0.594608 0.232036 -0.459061
v 0.577692 0.232036 -0.453703
v 0.617974 0.232036 -0.466462
v 0.628596 0.262021 -0.464936
v 0.629271 0.276095 -0.462854
v 0.596036 0.262021 -0.454658
v 0.619409 0.262022 -0.462035
v 0.587518 0.276095 -0.449694
v 0.586849 0.262021 -0.451758
v 0.634162 0.216870 -0.474067
v 0.634899 0.232198 -0.471796
v 0.576973 0.216870 -0.455919
v 0.594616 0.232198 -0.459037
v 0.577700 0.232198 -0.453679
v 0.617982 0.232198 -0.466438
v 0.628604 0.262183 -0.464913
v 0.629279 0.276257 -0.462830
v 0.596044 0.262183 -0.454633
v 0.619417 0.262183 -0.462011
v 0.587526 0.276257 -0.449669
v 0.586857 0.262183 -0.451734
v 0.634155 0.216709 -0.474092
v 0.634890 0.232036 -0.471821
v 0.576965 0.216709 -0.455944
v 0.594608 0.232036 -0.459061
v 0.577692 0.232036 -0.453703
v 0.617974 0.232036 -0.466462
v 0.628596 0.262021 -0.464936
v 0.629271 0.276095 -0.462854
v 0.596036 0.262021 -0.454658
v 0.619409 0.262022 -0.462035
v 0.587518 0.276095 -0.449694
v 0.586849 0.262021 -0.451758
v -0.034234 0.262524 -0.255611
v -0.001089 0.276597 -0.264094
v -0.001674 0.262523 -0.265889
v -0.010861 0.262523 -0.262989
v -0.043421 0.262524 -0.252710
v -0.042843 0.276597 -0.250934
v 0.004177 0.217211 -0.274122
v -0.053013 0.217211 -0.255977
v -0.052385 0.232538 -0.254044
v -0.035468 0.232538 -0.259402
v -0.012102 0.232538 -0.266803
v 0.004815 0.232538 -0.272161
v -0.122047 0.250301 -0.455424
v -0.121325 0.265628 -0.453526
v -0.081751 0.265628 -0.468340
v -0.104706 0.265628 -0.459747
v -0.065865 0.250300 -0.476485
v -0.065133 0.265628 -0.474560
v -0.103285 0.295614 -0.456019
v -0.080323 0.295613 -0.464588
v -0.071297 0.295614 -0.467958
v -0.070625 0.309687 -0.466192
v -0.111646 0.309687 -0.450905
v -0.112311 0.295614 -0.452649
v 0.586873 0.262524 -0.451684
v 0.587541 0.276597 -0.449621
v 0.619433 0.262523 -0.461962
v 0.596060 0.262524 -0.454584
v 0.629295 0.276597 -0.462781
v 0.628620 0.262524 -0.464863
v 0.634916 0.232538 -0.471746
v 0.634179 0.217210 -0.474019
v 0.594633 0.232538 -0.458985
v 0.617999 0.232538 -0.466386
v 0.576989 0.217210 -0.455872
v 0.577716 0.232538 -0.453628
v 0.553028 0.250301 -0.708504
v 0.553875 0.265628 -0.706271
v 0.496846 0.250301 -0.687442
v 0.514301 0.265628 -0.691459
v 0.497683 0.265628 -0.685238
v 0.537256 0.265628 -0.700051
v 0.547935 0.295614 -0.699070
v 0.548712 0.309687 -0.697024
v 0.515946 0.295613 -0.687131
v 0.538909 0.295613 -0.695702
v 0.507690 0.309687 -0.681736
v 0.506920 0.295614 -0.683762
v 0.529158 0.181056 -0.560459
v 0.533189 0.260238 -0.549001
v 0.561582 0.260239 -0.558687
v 0.557527 0.181056 -0.570216
v 0.518661 0.185335 -0.590273
v 0.522696 0.264517 -0.578818
v 0.546965 0.185335 -0.600220
v 0.551025 0.264517 -0.588691
v -0.040113 0.260238 -0.353453
v -0.011720 0.260238 -0.363137
v -0.015273 0.181056 -0.373203
v -0.043642 0.181056 -0.363445
v -0.020963 0.264517 -0.389335
v -0.024512 0.185335 -0.399402
v -0.049292 0.264517 -0.379461
v -0.052816 0.185335 -0.389457
v -0.172195 0.168539 -0.268366
v -0.169833 0.227925 -0.261083
v 0.723240 0.227926 -0.554376
v 0.720315 0.168539 -0.563372
v -0.212701 0.188507 -0.385536
v -0.210166 0.247894 -0.378312
v 0.670224 0.188507 -0.708093
v 0.673376 0.247894 -0.699178
v 0.586866 0.262362 -0.451705
v 0.587534 0.276436 -0.449645
v 0.619426 0.262362 -0.461984
v 0.596053 0.262362 -0.454605
v 0.629287 0.276436 -0.462806
v 0.628613 0.262362 -0.464885
v 0.634907 0.232376 -0.471769
v 0.634171 0.217049 -0.474040
v 0.594625 0.232377 -0.459010
v 0.617991 0.232377 -0.466411
v 0.576981 0.217049 -0.455894
v 0.577708 0.232376 -0.453652
v 0.553019 0.250139 -0.708527
v 0.553866 0.265467 -0.706296
v 0.496837 0.250139 -0.687465
v 0.514293 0.265466 -0.691483
v 0.497674 0.265466 -0.685262
v 0.537247 0.265467 -0.700074
v 0.547926 0.295452 -0.699094
v 0.548702 0.309526 -0.697048
v 0.515937 0.295452 -0.687156
v 0.538900 0.295452 -0.695725
v 0.507681 0.309526 -0.681759
v 0.506911 0.295452 -0.683786
v 0.553008 0.249960 -0.708553
v 0.553856 0.265288 -0.706323
v 0.496827 0.249960 -0.687492
v 0.514283 0.265288 -0.691510
v 0.497664 0.265288 -0.685289
v 0.537237 0.265288 -0.700102
v 0.547916 0.295273 -0.699120
v 0.548693 0.309347 -0.697074
v 0.515927 0.295273 -0.687182
v 0.538890 0.295273 -0.695750
v 0.507671 0.309347 -0.681785
v 0.506902 0.295273 -0.683811
v 0.553000 0.249798 -0.708578
v 0.553847 0.265126 -0.706347
v 0.496818 0.249798 -0.687514
v 0.514274 0.265126 -0.691533
v 0.497655 0.265126 -0.685311
v 0.537228 0.265126 -0.700125
v 0.547906 0.295111 -0.699144
v 0.548683 0.309185 -0.697099
v 0.515918 0.295111 -0.687205
v 0.538881 0.295111 -0.695775
v 0.507662 0.309185 -0.681809
v 0.506892 0.295111 -0.683835
v 0.553008 0.249960 -0.708553
v 0.553856 0.265288 -0.706323
v 0.496827 0.249960 -0.687492
v 0.514283 0.265288 -0.691510
v 0.497664 0.265288 -0.685289
v 0.537237 0.265288 -0.700102
v 0.547916 0.295273 -0.699120
v 0.548693 0.309347 -0.697074
v 0.515927 0.295273 -0.687182
v 0.538890 0.295273 -0.695750
v 0.507671 0.309347 -0.681785
v 0.506902 0.295273 -0.683811
v 0.553000 0.249798 -0.708578
v 0.553847 0.265126 -0.706347
v 0.496818 0.249798 -0.687514
v 0.514274 0.265126 -0.691533
v 0.497655 0.265126 -0.685311
v 0.537228 0.265126 -0.700125
v 0.547906 0.295111 -0.699144
v 0.548683 0.309185 -0.697099
v 0.515918 0.295111 -0.687205
v 0.538881 0.295111 -0.695775
v 0.507662 0.309185 -0.681809
v 0.506892 0.295111 -0.683835
v -0.103285 0.295614 -0.456019
v -0.070625 0.309687 -0.466192
v -0.071297 0.295613 -0.467958
v -0.080323 0.295613 -0.464588
v -0.112311 0.295613 -0.452649
v -0.111646 0.309687 -0.450905
v -0.065865 0.250301 -0.476484
v -0.122047 0.250301 -0.455424
v -0.121325 0.265628 -0.453526
v -0.104706 0.265628 -0.459747
v -0.081751 0.265628 -0.468340
v -0.065133 0.265628 -0.474560
v -0.201231 0.283390 -0.651087
v -0.200415 0.298718 -0.649226
v -0.161655 0.298718 -0.666053
v -0.184138 0.298718 -0.656293
v -0.146204 0.283390 -0.675006
v -0.145378 0.298718 -0.673120
v -0.182538 0.328703 -0.652638
v -0.160045 0.328703 -0.662377
v -0.151204 0.328703 -0.666204
v -0.150446 0.342777 -0.664473
v -0.190628 0.342777 -0.647098
v -0.191379 0.328703 -0.648811
v 0.506920 0.295614 -0.683762
v 0.507690 0.309687 -0.681736
v 0.538909 0.295613 -0.695702
v 0.515946 0.295613 -0.687131
v 0.548712 0.309687 -0.697024
v 0.547935 0.295613 -0.699070
v 0.553875 0.265628 -0.706271
v 0.553028 0.250300 -0.708504
v 0.514301 0.265628 -0.691459
v 0.537256 0.265628 -0.700051
v 0.496846 0.250300 -0.687442
v 0.497683 0.265628 -0.685238
v 0.459958 0.283390 -0.938495
v 0.460915 0.298718 -0.936310
v 0.404932 0.283390 -0.914577
v 0.422155 0.298718 -0.919483
v 0.405877 0.298718 -0.912418
v 0.444638 0.298718 -0.929244
v 0.455342 0.328703 -0.928808
v 0.456220 0.342777 -0.926803
v 0.424009 0.328703 -0.915243
v 0.446501 0.328703 -0.924981
v 0.416037 0.342777 -0.909428
v 0.415168 0.328703 -0.911414
v 0.443697 0.214146 -0.789423
v 0.448287 0.293328 -0.778178
v 0.476146 0.293328 -0.789310
v 0.471527 0.214146 -0.800625
v 0.431743 0.218425 -0.818680
v 0.436338 0.297607 -0.807437
v 0.459498 0.218425 -0.830067
v 0.464122 0.297607 -0.818754
v -0.114208 0.293328 -0.553428
v -0.086350 0.293328 -0.564559
v -0.090392 0.214146 -0.574439
v -0.118222 0.214146 -0.563237
v -0.096868 0.297607 -0.590272
v -0.100907 0.218425 -0.600154
v -0.124652 0.297607 -0.578956
v -0.128662 0.218425 -0.588767
v -0.241606 0.201629 -0.461715
v -0.238889 0.261015 -0.454555
v 0.637928 0.261015 -0.793364
v 0.634560 0.201629 -0.802202
v -0.288170 0.221597 -0.576632
v -0.285141 0.280984 -0.569597
v 0.577023 0.221597 -0.944111
v 0.580754 0.280984 -0.935421
v 0.506911 0.295452 -0.683786
v 0.507681 0.309526 -0.681759
v 0.538900 0.295452 -0.695725
v 0.515937 0.295452 -0.687156
v 0.548702 0.309526 -0.697048
v 0.547926 0.295452 -0.699094
v 0.553866 0.265467 -0.706296
v 0.553019 0.250139 -0.708527
v 0.514293 0.265466 -0.691483
v 0.537247 0.265467 -0.700074
v 0.496837 0.250139 -0.687465
v 0.497674 0.265466 -0.685262
v 0.459948 0.283229 -0.938519
v 0.460904 0.298556 -0.936333
v 0.404922 0.283229 -0.914601
v 0.422144 0.298556 -0.919506
v 0.405867 0.298556 -0.912440
v 0.444627 0.298556 -0.929268
v 0.455332 0.328542 -0.928832
v 0.456210 0.342615 -0.926827
v 0.423999 0.328542 -0.915266
v 0.446491 0.328542 -0.925004
v 0.416027 0.342616 -0.909452
v 0.415158 0.328542 -0.911438
v 0.459938 0.283050 -0.938543
v 0.460894 0.298378 -0.936357
v 0.404912 0.283050 -0.914624
v 0.422134 0.298378 -0.919530
v 0.405856 0.298378 -0.912464
v 0.444617 0.298378 -0.929291
v 0.455322 0.328363 -0.928856
v 0.456198 0.342437 -0.926853
v 0.423989 0.328363 -0.915289
v 0.446481 0.328363 -0.925027
v 0.416016 0.342437 -0.909477
v 0.415148 0.328363 -0.911462
v 0.459927 0.282888 -0.938566
v 0.460884 0.298216 -0.936381
v 0.404902 0.282889 -0.914647
v 0.422124 0.298216 -0.919554
v 0.405847 0.298216 -0.912487
v 0.444607 0.298216 -0.929314
v 0.455312 0.328201 -0.928879
v 0.456187 0.342275 -0.926876
v 0.423979 0.328201 -0.915313
v 0.446471 0.328201 -0.925050
v 0.416005 0.342275 -0.909500
v 0.415138 0.328201 -0.911485
v 0.459938 0.283050 -0.938543
v 0.460894 0.298378 -0.936357
v 0.404912 0.283050 -0.914624
v 0.422134 0.298378 -0.919530
v 0.405856 0.298378 -0.912464
v 0.444617 0.298378 -0.929291
v 0.455322 0.328363 -0.928856
v 0.456198 0.342437 -0.926853
v 0.423989 0.328363 -0.915289
v 0.446481 0.328363 -0.925027
v 0.416016 0.342437 -0.909477
v 0.415148 0.328363 -0.911462
v 0.459927 0.282888 -0.938566
v 0.460884 0.298216 -0.936381
v 0.404902 0.282889 -0.914647
v 0.422124 0.298216 -0.919554
v 0.405847 0.298216 -0.912487
v 0.444607 0.298216 -0.929314
v 0.455312 0.328201 -0.928879
v 0.456187 0.342275 -0.926876
v 0.423979 0.328201 -0.915313
v 0.446471 0.328201 -0.925050
v 0.416005 0.342275 -0.909500
v 0.415138 0.328201 -0.911485
v -0.182537 0.328703 -0.652638
v -0.150446 0.342777 -0.664473
v -0.151204 0.328703 -0.666204
v -0.160045 0.328703 -0.662377
v -0.191379 0.328703 -0.648811
v -0.190628 0.342777 -0.647098
v -0.146204 0.283390 -0.675006
v -0.201231 0.283390 -0.651087
v -0.200416 0.298718 -0.649226
v -0.184138 0.298718 -0.656293
v -0.161655 0.298718 -0.666053
v -0.145378 0.298718 -0.673120
v -0.290340 0.316480 -0.842468
v -0.289436 0.331808 -0.840650
v -0.251589 0.331808 -0.859440
v -0.273542 0.331808 -0.848540
v -0.236612 0.316480 -0.869176
v -0.235695 0.331808 -0.867331
v -0.271765 0.361794 -0.844966
v -0.249801 0.361793 -0.855844
v -0.241168 0.361793 -0.860120
v -0.240328 0.375867 -0.858430
v -0.279567 0.375867 -0.839019
v -0.280398 0.361793 -0.840690
v 0.415168 0.328703 -0.911414
v 0.416037 0.342777 -0.909428
v 0.446502 0.328703 -0.924981
v 0.424009 0.328703 -0.915243
v 0.456220 0.342777 -0.926803
v 0.455343 0.328703 -0.928808
v 0.460915 0.298718 -0.936310
v 0.459958 0.283390 -0.938495
v 0.422155 0.298718 -0.919483
v 0.444638 0.298718 -0.929244
v 0.404932 0.283390 -0.914577
v 0.405877 0.298718 -0.912418
v 0.355250 0.316480 -1.163386
v 0.356312 0.331808 -1.161250
v 0.301522 0.316480 -1.136678
v 0.318465 0.331808 -1.142461
v 0.302571 0.331808 -1.134568
v 0.340418 0.331808 -1.153360
v 0.351122 0.361793 -1.153468
v 0.352095 0.375867 -1.151511
v 0.320526 0.361793 -1.138314
v 0.342489 0.361793 -1.149192
v 0.312856 0.375867 -1.132100
v 0.311892 0.361793 -1.134038
v 0.346619 0.247236 -1.013679
v 0.351755 0.326418 -1.002673
v 0.379006 0.326418 -1.015220
v 0.373838 0.247236 -1.026294
v 0.333246 0.251515 -1.042312
v 0.338386 0.330697 -1.031308
v 0.360380 0.251515 -1.055106
v 0.365553 0.330697 -1.044034
v -0.198468 0.326418 -0.749358
v -0.171217 0.326418 -0.761904
v -0.175738 0.247236 -0.771577
v -0.202956 0.247236 -0.758961
v -0.182978 0.330697 -0.787078
v -0.187495 0.251515 -0.796751
v -0.210145 0.330697 -0.774351
v -0.214629 0.251515 -0.783956
v -0.320846 0.234719 -0.651287
v -0.317783 0.294105 -0.644267
v 0.540488 0.294105 -1.027637
v 0.536689 0.234719 -1.036298
v -0.373430 0.254687 -0.763609
v -0.370012 0.314073 -0.756752
v 0.471785 0.254687 -1.174962
v 0.475987 0.314073 -1.166490
v 0.415158 0.328542 -0.911438
v 0.416027 0.342616 -0.909452
v 0.446491 0.328542 -0.925004
v 0.423999 0.328542 -0.915266
v 0.456210 0.342615 -0.926827
v 0.455332 0.328542 -0.928832
v 0.460905 0.298556 -0.936331
v 0.459948 0.283229 -0.938520
v 0.422145 0.298556 -0.919504
v 0.444629 0.298557 -0.929266
v 0.404922 0.283229 -0.914601
v 0.405868 0.298556 -0.912439
v 0.355239 0.316319 -1.163409
v 0.356301 0.331646 -1.161273
v 0.301512 0.316319 -1.136701
v 0.318454 0.331646 -1.142482
v 0.302560 0.331646 -1.134593
v 0.340407 0.331646 -1.153381
v 0.351111 0.361632 -1.153489
v 0.352083 0.375705 -1.151534
v 0.320514 0.361632 -1.138335
v 0.342478 0.361632 -1.149215
v 0.312845 0.375705 -1.132123
v 0.311881 0.361632 -1.134059
v 0.355226 0.316140 -1.163432
v 0.356289 0.331468 -1.161298
v 0.301499 0.316140 -1.136727
v 0.318442 0.331468 -1.142507
v 0.302548 0.331468 -1.134616
v 0.340395 0.331468 -1.153405
v 0.351098 0.361453 -1.153516
v 0.352072 0.375527 -1.151559
v 0.320501 0.361453 -1.138362
v 0.342465 0.361453 -1.149240
v 0.312833 0.375527 -1.132146
v 0.311868 0.361453 -1.134086
v 0.355215 0.315978 -1.163457
v 0.356277 0.331306 -1.161321
v 0.301488 0.315978 -1.136748
v 0.318430 0.331306 -1.142530
v 0.302537 0.331306 -1.134637
v 0.340383 0.331306 -1.153430
v 0.351087 0.361291 -1.153539
v 0.352060 0.375365 -1.151580
v 0.320490 0.361291 -1.138385
v 0.342454 0.361291 -1.149263
v 0.312822 0.375365 -1.132167
v 0.311857 0.361291 -1.134109
v 0.355226 0.316140 -1.163432
v 0.356289 0.331468 -1.161298
v 0.301499 0.316140 -1.136727
v 0.318442 0.331468 -1.142507
v 0.302548 0.331468 -1.134616
v 0.340395 0.331468 -1.153405
v 0.351098 0.361453 -1.153516
v 0.352072 0.375527 -1.151559
v 0.320501 0.361453 -1.138362
v 0.342465 0.361453 -1.149240
v 0.312833 0.375527 -1.132146
v 0.311868 0.361453 -1.134086
v 0.355215 0.315978 -1.163457
v 0.356277 0.331306 -1.161321
v 0.301488 0.315978 -1.136748
v 0.318430 0.331306 -1.142530
v 0.302537 0.331306 -1.134637
v 0.340383 0.331306 -1.153430
v 0.351087 0.361291 -1.153539
v 0.352060 0.375365 -1.151580
v 0.320490 0.361291 -1.138385
v 0.342454 0.361291 -1.149263
v 0.312822 0.375365 -1.132167
v 0.311857 0.361291 -1.134109
v -0.271765 0.361794 -0.844966
v -0.240328 0.375867 -0.858430
v -0.241168 0.361793 -0.860120
v -0.249801 0.361793 -0.855844
v -0.280398 0.361793 -0.840690
v -0.279567 0.375867 -0.839019
v -0.236612 0.316480 -0.869176
v -0.290340 0.316480 -0.842468
v -0.289436 0.331808 -0.840650
v -0.273542 0.331808 -0.848540
v -0.251589 0.331808 -0.859440
v -0.235695 0.331808 -0.867331
v -0.389124 0.349570 -1.029088
v -0.388133 0.364898 -1.027314
v -0.351297 0.364898 -1.048017
v -0.372664 0.364898 -1.036010
v -0.336832 0.349570 -1.058509
v -0.335827 0.364898 -1.056708
v -0.370716 0.394883 -1.032525
v -0.349338 0.394883 -1.044511
v -0.340935 0.394883 -1.049224
v -0.340013 0.408957 -1.047574
v -0.378208 0.408957 -1.026181
v -0.379120 0.394883 -1.027812
v 0.311892 0.361793 -1.134038
v 0.312856 0.375867 -1.132100
v 0.342489 0.361793 -1.149192
v 0.320526 0.361793 -1.138314
v 0.352095 0.375867 -1.151511
v 0.351122 0.361793 -1.153468
v 0.356312 0.331808 -1.161250
v 0.355250 0.316480 -1.163386
v 0.318465 0.331808 -1.142461
v 0.340418 0.331808 -1.153360
v 0.301522 0.316480 -1.136678
v 0.302571 0.331808 -1.134568
v 0.239210 0.349570 -1.382598
v 0.240374 0.364898 -1.380517
v 0.186918 0.349570 -1.353179
v 0.203538 0.364898 -1.359819
v 0.188068 0.364898 -1.351125
v 0.224905 0.364898 -1.371825
v 0.235578 0.394883 -1.372476
v 0.236646 0.408957 -1.370568
v 0.205797 0.394883 -1.355777
v 0.227175 0.394883 -1.367765
v 0.198451 0.408957 -1.349174
v 0.197393 0.394883 -1.351066
v 0.238210 0.280326 -1.232650
v 0.243876 0.359508 -1.221910
v 0.270449 0.359508 -1.235835
v 0.264747 0.280326 -1.246642
v 0.223457 0.284605 -1.260593
v 0.229128 0.363787 -1.249854
v 0.249901 0.284605 -1.274758
v 0.255607 0.363787 -1.263953
v -0.292654 0.359508 -0.940752
v -0.266081 0.359508 -0.954677
v -0.271066 0.280326 -0.964120
v -0.297603 0.280326 -0.950127
v -0.279051 0.363787 -0.979254
v -0.284031 0.284605 -0.988698
v -0.305530 0.363787 -0.965152
v -0.310475 0.284605 -0.974530
v -0.409696 0.267809 -0.836609
v -0.406295 0.327195 -0.829744
v 0.431208 0.327195 -1.256580
v 0.426990 0.267809 -1.265042
v -0.468154 0.287777 -0.946025
v -0.464409 0.347163 -0.939339
v 0.354912 0.287777 -1.400077
v 0.359520 0.347163 -1.391822
v 0.311881 0.361632 -1.134059
v 0.312845 0.375705 -1.132123
v 0.342478 0.361632 -1.149215
v 0.320514 0.361632 -1.138335
v 0.352083 0.375705 -1.151534
v 0.351111 0.361632 -1.153489
v 0.356302 0.331646 -1.161273
v 0.355239 0.316319 -1.163409
v 0.318455 0.331647 -1.142482
v 0.340408 0.331646 -1.153381
v 0.301512 0.316319 -1.136701
v 0.302561 0.331646 -1.134591
v 0.239198 0.349409 -1.382621
v 0.240362 0.364736 -1.380542
v 0.186906 0.349409 -1.353202
v 0.203525 0.364736 -1.359840
v 0.188056 0.364736 -1.351146
v 0.224892 0.364736 -1.371848
v 0.235566 0.394722 -1.372499
v 0.236634 0.408795 -1.370593
v 0.205785 0.394722 -1.355800
v 0.227163 0.394721 -1.367786
v 0.198439 0.408795 -1.349197
v 0.197381 0.394722 -1.351089
v 0.239183 0.349230 -1.382648
v 0.240349 0.364558 -1.380565
v 0.186892 0.349230 -1.353225
v 0.203513 0.364557 -1.359862
v 0.188043 0.364558 -1.351171
v 0.224880 0.364558 -1.371869
v 0.235552 0.394543 -1.372523
v 0.236620 0.408616 -1.370614
v 0.205770 0.394543 -1.355827
v 0.227149 0.394543 -1.367812
v 0.198426 0.408616 -1.349221
v 0.197368 0.394543 -1.351113
v 0.239171 0.349068 -1.382669
v 0.240337 0.364396 -1.380586
v 0.186880 0.349068 -1.353248
v 0.203500 0.364396 -1.359885
v 0.188031 0.364396 -1.351192
v 0.224867 0.364396 -1.371894
v 0.235540 0.394381 -1.372544
v 0.236607 0.408455 -1.370637
v 0.205758 0.394381 -1.355848
v 0.227136 0.394381 -1.367835
v 0.198413 0.408455 -1.349242
v 0.197355 0.394381 -1.351136
v 0.239183 0.349230 -1.382648
v 0.240349 0.364558 -1.380565
v 0.186892 0.349230 -1.353225
v 0.203513 0.364557 -1.359862
v 0.188043 0.364558 -1.351171
v 0.224880 0.364558 -1.371869
v 0.235552 0.394543 -1.372523
v 0.236620 0.408616 -1.370614
v 0.205770 0.394543 -1.355827
v 0.227149 0.394543 -1.367812
v 0.198426 0.408616 -1.349221
v 0.197368 0.394543 -1.351113
v 0.239171 0.349068 -1.382669
v 0.240337 0.364396 -1.380586
v 0.186880 0.349068 -1.353248
v 0.203500 0.364396 -1.359885
v 0.188031 0.364396 -1.351192
v 0.224867 0.364396 -1.371894
v 0.235540 0.394381 -1.372544
v 0.236607 0.408455 -1.370637
v 0.205758 0.394381 -1.355848
v 0.227136 0.394381 -1.367835
v 0.198413 0.408455 -1.349242
v 0.197355 0.394381 -1.351136
v -0.370716 0.394883 -1.032525
v -0.340013 0.408957 -1.047574
v -0.340935 0.394883 -1.049224
v -0.349338 0.394883 -1.044511
v -0.379120 0.394883 -1.027812
v -0.378208 0.408957 -1.026181
v -0.336832 0.349570 -1.058509
v -0.389124 0.349571 -1.029088
v -0.388133 0.364898 -1.027314
v -0.372664 0.364898 -1.036010
v -0.351297 0.364898 -1.048017
v -0.335827 0.364898 -1.056708
v -0.497307 0.382660 -1.210475
v -0.496232 0.397988 -1.208753
v -0.460500 0.397988 -1.231307
v -0.481226 0.397988 -1.218225
v -0.446584 0.382660 -1.242524
v -0.445494 0.397988 -1.240779
v -0.479113 0.427973 -1.214835
v -0.458373 0.427972 -1.227899
v -0.450222 0.427973 -1.233033
v -0.449221 0.442047 -1.231431
v -0.486275 0.442047 -1.208116
v -0.487265 0.427973 -1.209703
v 0.197393 0.394883 -1.351066
v 0.198451 0.408957 -1.349174
v 0.227175 0.394883 -1.367765
v 0.205797 0.394883 -1.355777
v 0.236646 0.408957 -1.370568
v 0.235578 0.394883 -1.372476
v 0.240374 0.364898 -1.380517
v 0.239209 0.349570 -1.382600
v 0.203538 0.364898 -1.359819
v 0.224905 0.364898 -1.371825
v 0.186917 0.349570 -1.353179
v 0.188068 0.364898 -1.351125
v 0.112174 0.382660 -1.595584
v 0.113438 0.397988 -1.593562
v 0.061451 0.382660 -1.563533
v 0.077705 0.397988 -1.571008
v 0.062700 0.397988 -1.561536
v 0.098432 0.397988 -1.584090
v 0.109048 0.427973 -1.585281
v 0.110207 0.442046 -1.583423
v 0.080157 0.427973 -1.567084
v 0.100896 0.427973 -1.580144
v 0.073154 0.442047 -1.560111
v 0.072005 0.427973 -1.561950
v 0.118790 0.313416 -1.445771
v 0.124969 0.392598 -1.435323
v 0.150796 0.392598 -1.450587
v 0.144577 0.313416 -1.461101
v 0.102699 0.317695 -1.472961
v 0.108883 0.396877 -1.462514
v 0.128384 0.317695 -1.488460
v 0.134608 0.396877 -1.477948
v -0.396497 0.392598 -1.127122
v -0.370670 0.392598 -1.142385
v -0.376105 0.313416 -1.151580
v -0.401893 0.313416 -1.136251
v -0.384812 0.396877 -1.166312
v -0.390243 0.317695 -1.175510
v -0.410537 0.396877 -1.150880
v -0.415929 0.317695 -1.160009
v -0.508142 0.300899 -1.017081
v -0.504233 0.360285 -1.010488
v 0.310357 0.360285 -1.479575
v 0.305554 0.300899 -1.487718
v -0.572079 0.320867 -1.123428
v -0.568016 0.380253 -1.116927
v 0.226742 0.320867 -1.618894
v 0.231744 0.380253 -1.610875
v 0.197381 0.394722 -1.351089
v 0.198439 0.408795 -1.349197
v 0.227163 0.394722 -1.367786
v 0.205785 0.394722 -1.355800
v 0.236634 0.408795 -1.370591
v 0.235566 0.394722 -1.372499
v 0.240362 0.364736 -1.380542
v 0.239198 0.349409 -1.382621
v 0.203525 0.364736 -1.359840
v 0.224892 0.364736 -1.371848
v 0.186906 0.349409 -1.353200
v 0.188056 0.364736 -1.351146
v 0.112161 0.382499 -1.595605
v 0.113426 0.397826 -1.593581
v 0.061438 0.382498 -1.563554
v 0.077693 0.397826 -1.571027
v 0.062687 0.397826 -1.561555
v 0.098420 0.397826 -1.584109
v 0.109034 0.427812 -1.585302
v 0.110194 0.441885 -1.583446
v 0.080143 0.427811 -1.567105
v 0.100882 0.427811 -1.580165
v 0.073140 0.441885 -1.560132
v 0.071991 0.427811 -1.561971
v 0.112147 0.382320 -1.595626
v 0.113411 0.397647 -1.593604
v 0.061424 0.382320 -1.563577
v 0.077679 0.397648 -1.571052
v 0.062672 0.397648 -1.561580
v 0.098405 0.397647 -1.584130
v 0.109021 0.427632 -1.585323
v 0.110178 0.441706 -1.583470
v 0.080130 0.427633 -1.567126
v 0.100870 0.427633 -1.580188
v 0.073125 0.441706 -1.560155
v 0.071978 0.427633 -1.561992
v 0.112133 0.382158 -1.595649
v 0.113397 0.397486 -1.593625
v 0.061411 0.382158 -1.563600
v 0.077665 0.397486 -1.571073
v 0.062659 0.397486 -1.561601
v 0.098391 0.397486 -1.584153
v 0.109008 0.427471 -1.585345
v 0.110166 0.441545 -1.583490
v 0.080117 0.427471 -1.567149
v 0.100856 0.427471 -1.580209
v 0.073113 0.441545 -1.560176
v 0.071965 0.427471 -1.562013
v 0.112147 0.382320 -1.595626
v 0.113411 0.397647 -1.593604
v 0.061424 0.382320 -1.563577
v 0.077679 0.397648 -1.571052
v 0.062672 0.397648 -1.561580
v 0.098405 0.397647 -1.584130
v 0.109021 0.427632 -1.585323
v 0.110178 0.441706 -1.583470
v 0.080130 0.427633 -1.567126
v 0.100870 0.427633 -1.580188
v 0.073125 0.441706 -1.560155
v 0.071978 0.427633 -1.561992
v 0.112133 0.382158 -1.595649
v 0.113397 0.397486 -1.593625
v 0.061411 0.382158 -1.563600
v 0.077665 0.397486 -1.571073
v 0.062659 0.397486 -1.561601
v 0.098391 0.397486 -1.584153
v 0.109008 0.427471 -1.585345
v 0.110166 0.441545 -1.583490
v 0.080117 0.427471 -1.567149
v 0.100856 0.427471 -1.580209
v 0.073113 0.441545 -1.560176
v 0.071965 0.427471 -1.562013
v -0.479113 0.427973 -1.214835
v -0.449221 0.442047 -1.231431
v -0.450222 0.427973 -1.233033
v -0.458374 0.427972 -1.227899
v -0.487265 0.427973 -1.209703
v -0.486275 0.442047 -1.208116
v -0.446584 0.382660 -1.242524
v -0.497307 0.382660 -1.210475
v -0.496232 0.397988 -1.208753
v -0.481226 0.397988 -1.218225
v -0.460500 0.397988 -1.231307
v -0.445494 0.397988 -1.240779
v -0.614585 0.415749 -1.386172
v -0.613428 0.431077 -1.384502
v -0.578889 0.431077 -1.408845
v -0.598923 0.431077 -1.394725
v -0.565559 0.415749 -1.420762
v -0.564385 0.431077 -1.419068
v -0.596651 0.461062 -1.391441
v -0.576603 0.461062 -1.405543
v -0.568724 0.461062 -1.411086
v -0.567648 0.475137 -1.409534
v -0.603467 0.475137 -1.384362
v -0.604531 0.461062 -1.385900
v 0.072005 0.427973 -1.561950
v 0.073154 0.442047 -1.560111
v 0.100896 0.427973 -1.580144
v 0.080157 0.427973 -1.567084
v 0.110207 0.442046 -1.583423
v 0.109048 0.427973 -1.585281
v 0.113438 0.397988 -1.593562
v 0.112174 0.382660 -1.595584
v 0.077705 0.397988 -1.571008
v 0.098432 0.397988 -1.584090
v 0.061451 0.382660 -1.563533
v 0.062699 0.397988 -1.561536
v -0.025496 0.415750 -1.801805
v -0.024136 0.431078 -1.799844
v -0.074522 0.415750 -1.767213
v -0.058674 0.431078 -1.775502
v -0.073178 0.431078 -1.765279
v -0.038640 0.431077 -1.789622
v -0.028110 0.461063 -1.791347
v -0.026864 0.475137 -1.789550
v -0.056037 0.461063 -1.771701
v -0.035989 0.461063 -1.785802
v -0.062683 0.475137 -1.764379
v -0.063917 0.461063 -1.766158
v -0.011305 0.346506 -1.652518
v -0.004627 0.425688 -1.642379
v 0.020387 0.425688 -1.658940
v 0.013668 0.346506 -1.669141
v -0.028688 0.350785 -1.678891
v -0.022006 0.429967 -1.668759
v -0.003825 0.350785 -1.695680
v 0.002899 0.429967 -1.685483
v -0.509708 0.425687 -1.308004
v -0.484692 0.425687 -1.324563
v -0.490564 0.346505 -1.333486
v -0.515537 0.346505 -1.316861
v -0.499968 0.429966 -1.347787
v -0.505835 0.350784 -1.356713
v -0.524873 0.429966 -1.331062
v -0.530698 0.350784 -1.339925
v -0.615692 0.333987 -1.192338
v -0.611471 0.393374 -1.185939
v 0.178141 0.393376 -1.695953
v 0.172950 0.333989 -1.703851
v -0.684913 0.353956 -1.295364
v -0.680544 0.413342 -1.289064
v 0.087643 0.353957 -1.830863
v 0.093026 0.413343 -1.823096
v 0.071991 0.427811 -1.561971
v 0.073140 0.441885 -1.560132
v 0.100882 0.427811 -1.580165
v 0.080143 0.427812 -1.567105
v 0.110194 0.441885 -1.583446
v 0.109034 0.427812 -1.585302
v 0.113424 0.397826 -1.593583
v 0.112161 0.382499 -1.595605
v 0.077692 0.397826 -1.571029
v 0.098419 0.397826 -1.584111
v 0.061438 0.382498 -1.563554
v 0.062686 0.397826 -1.561557
v -0.025511 0.415588 -1.801826
v -0.024150 0.430916 -1.799865
v -0.074536 0.415589 -1.767234
v -0.058689 0.430916 -1.775523
v -0.073193 0.430916 -1.765298
v -0.038655 0.430916 -1.789643
v -0.028124 0.460902 -1.791368
v -0.026877 0.474975 -1.789569
v -0.056051 0.460901 -1.771722
v -0.036004 0.460901 -1.785823
v -0.062696 0.474975 -1.764398
v -0.063931 0.460901 -1.766179
v -0.025526 0.415409 -1.801849
v -0.024167 0.430737 -1.799888
v -0.074552 0.415410 -1.767257
v -0.058705 0.430737 -1.775546
v -0.073209 0.430737 -1.765323
v -0.038671 0.430737 -1.789666
v -0.028140 0.460722 -1.791389
v -0.026893 0.474796 -1.789590
v -0.056067 0.460723 -1.771745
v -0.036020 0.460723 -1.785846
v -0.062711 0.474796 -1.764421
v -0.063947 0.460723 -1.766202
v -0.025541 0.415248 -1.801870
v -0.024181 0.430576 -1.799909
v -0.074566 0.415248 -1.767278
v -0.058719 0.430576 -1.775567
v -0.073224 0.430576 -1.765344
v -0.038686 0.430576 -1.789687
v -0.028154 0.460561 -1.791410
v -0.026907 0.474635 -1.789613
v -0.056082 0.460561 -1.771766
v -0.036034 0.460561 -1.785867
v -0.062726 0.474635 -1.764442
v -0.063961 0.460561 -1.766223
v -0.025526 0.415409 -1.801849
v -0.024167 0.430737 -1.799888
v -0.074552 0.415410 -1.767257
v -0.058705 0.430737 -1.775546
v -0.073209 0.430737 -1.765323
v -0.038671 0.430737 -1.789666
v -0.028140 0.460722 -1.791389
v -0.026893 0.474796 -1.789590
v -0.056067 0.460723 -1.771745
v -0.036020 0.460723 -1.785846
v -0.062711 0.474796 -1.764421
v -0.063947 0.460723 -1.766202
v -0.025541 0.415248 -1.801870
v -0.024181 0.430576 -1.799909
v -0.074566 0.415248 -1.767278
v -0.058719 0.430576 -1.775567
v -0.073224 0.430576 -1.765344
v -0.038686 0.430576 -1.789687
v -0.028154 0.460561 -1.791410
v -0.026907 0.474635 -1.789613
v -0.056082 0.460561 -1.771766
v -0.036034 0.460561 -1.785867
v -0.062726 0.474635 -1.764442
v -0.063961 0.460561 -1.766223
v -0.596651 0.461062 -1.391441
v -0.567649 0.475137 -1.409534
v -0.568723 0.461062 -1.411086
v -0.576604 0.461062 -1.405543
v -0.604530 0.461062 -1.385900
v -0.603467 0.475137 -1.384362
v -0.565560 0.415749 -1.420764
v -0.614586 0.415749 -1.386174
v -0.613428 0.431077 -1.384504
v -0.598924 0.431077 -1.394727
v -0.578890 0.431077 -1.408845
v -0.564386 0.431077 -1.419068
v -0.740637 0.448839 -1.555734
v -0.739402 0.464167 -1.554122
v -0.706145 0.464167 -1.580188
v -0.725436 0.464166 -1.565066
v -0.693431 0.448839 -1.592769
v -0.692179 0.464167 -1.591132
v -0.723009 0.494152 -1.561896
v -0.703703 0.494152 -1.576997
v -0.696115 0.494152 -1.582935
v -0.694967 0.508226 -1.581433
v -0.729461 0.508226 -1.554475
v -0.730597 0.494152 -1.555961
v -0.063917 0.461063 -1.766158
v -0.062683 0.475137 -1.764379
v -0.035989 0.461063 -1.785802
v -0.056037 0.461063 -1.771701
v -0.026864 0.475137 -1.789550
v -0.028110 0.461063 -1.791347
v -0.024136 0.431078 -1.799846
v -0.025498 0.415750 -1.801807
v -0.058675 0.431078 -1.775502
v -0.038641 0.431078 -1.789624
v -0.074523 0.415750 -1.767215
v -0.073179 0.431078 -1.765279
v -0.173424 0.448840 -2.000756
v -0.171973 0.464167 -1.998866
v -0.220630 0.448840 -1.963720
v -0.205230 0.464167 -1.972800
v -0.219196 0.464167 -1.961854
v -0.185939 0.464167 -1.987918
v -0.175519 0.494153 -1.990167
v -0.174188 0.508227 -1.988435
v -0.202412 0.494153 -1.969133
v -0.183107 0.494153 -1.984233
v -0.208682 0.508227 -1.961476
v -0.210001 0.494153 -1.963195
v -0.151706 0.379596 -1.852370
v -0.144549 0.458778 -1.842569
v -0.120409 0.458778 -1.860379
v -0.127611 0.379596 -1.870242
v -0.170561 0.383875 -1.877708
v -0.163181 0.463057 -1.868072
v -0.146584 0.383875 -1.895740
v -0.139159 0.463057 -1.886043
v -0.631970 0.458777 -1.482936
v -0.607830 0.458777 -1.500747
v -0.614121 0.379595 -1.509381
v -0.638216 0.379595 -1.491510
v -0.624205 0.463056 -1.523214
v -0.630712 0.383874 -1.531686
v -0.648228 0.463056 -1.505244
v -0.654689 0.383874 -1.513656
v -0.732029 0.367078 -1.361953
v -0.727506 0.426464 -1.355762
v 0.035133 0.426465 -1.905288
v 0.029568 0.367078 -1.912923
v -0.806343 0.387046 -1.461400
v -0.801679 0.446432 -1.455314
v -0.061998 0.387046 -2.035464
v -0.056249 0.446433 -2.027969
v -0.063931 0.460901 -1.766179
v -0.062697 0.474975 -1.764402
v -0.036004 0.460901 -1.785823
v -0.056051 0.460901 -1.771722
v -0.026878 0.474975 -1.789571
v -0.028124 0.460902 -1.791368
v -0.024150 0.430916 -1.799865
v -0.025511 0.415588 -1.801826
v -0.058689 0.430916 -1.775523
v -0.038655 0.430916 -1.789643
v -0.074536 0.415589 -1.767234
v -0.073193 0.430916 -1.765298
v -0.173440 0.448677 -2.000777
v -0.171988 0.464005 -1.998885
v -0.220645 0.448677 -1.963740
v -0.205245 0.464005 -1.972819
v -0.219211 0.464005 -1.961875
v -0.185954 0.464005 -1.987941
v -0.175535 0.493990 -1.990188
v -0.174204 0.508064 -1.988454
v -0.202428 0.493990 -1.969152
v -0.183123 0.493990 -1.984252
v -0.208697 0.508064 -1.961497
v -0.210016 0.493990 -1.963218
v -0.173458 0.448499 -2.000800
v -0.172005 0.463826 -1.998908
v -0.220663 0.448499 -1.963761
v -0.205261 0.463826 -1.972842
v -0.219227 0.463826 -1.961894
v -0.185970 0.463826 -1.987960
v -0.175552 0.493812 -1.990211
v -0.174220 0.507886 -1.988477
v -0.202445 0.493812 -1.969173
v -0.183140 0.493812 -1.984275
v -0.208713 0.507886 -1.961518
v -0.210034 0.493812 -1.963239
v -0.173473 0.448337 -2.000821
v -0.172020 0.463666 -1.998927
v -0.220678 0.448337 -1.963784
v -0.205277 0.463664 -1.972861
v -0.219243 0.463666 -1.961915
v -0.185986 0.463666 -1.987981
v -0.175568 0.493650 -1.990232
v -0.174236 0.507723 -1.988498
v -0.202461 0.493650 -1.969194
v -0.183156 0.493650 -1.984296
v -0.208729 0.507724 -1.961539
v -0.210049 0.493650 -1.963258
v -0.173458 0.448499 -2.000800
v -0.172005 0.463826 -1.998908
v -0.220663 0.448499 -1.963761
v -0.205261 0.463826 -1.972842
v -0.219227 0.463826 -1.961894
v -0.185970 0.463826 -1.987960
v -0.175552 0.493812 -1.990211
v -0.174220 0.507886 -1.988477
v -0.202445 0.493812 -1.969173
v -0.183140 0.493812 -1.984275
v -0.208713 0.507886 -1.961518
v -0.210034 0.493812 -1.963239
v -0.173473 0.448337 -2.000821
v -0.172020 0.463666 -1.998927
v -0.220678 0.448337 -1.963784
v -0.205277 0.463664 -1.972861
v -0.219243 0.463666 -1.961915
v -0.185986 0.463666 -1.987981
v -0.175568 0.493650 -1.990232
v -0.174236 0.507723 -1.988498
v -0.202461 0.493650 -1.969194
v -0.183156 0.493650 -1.984296
v -0.208729 0.507724 -1.961539
v -0.210049 0.493650 -1.963258
v -0.723009 0.494152 -1.561896
v -0.694967 0.508226 -1.581433
v -0.696115 0.494152 -1.582935
v -0.703703 0.494152 -1.576997
v -0.730597 0.494152 -1.555961
v -0.729461 0.508226 -1.554475
v -0.693432 0.448839 -1.592769
v -0.740637 0.448839 -1.555734
v -0.739403 0.464167 -1.554122
v -0.725436 0.464167 -1.565068
v -0.706146 0.464167 -1.580188
v -0.692179 0.464167 -1.591132
v -0.875300 0.481929 -1.718581
v -0.873949 0.497257 -1.717061
v -0.842057 0.497257 -1.744781
v -0.860556 0.497257 -1.728704
v -0.830034 0.481929 -1.757964
v -0.828663 0.497257 -1.756421
v -0.857903 0.527242 -1.725719
v -0.839388 0.527242 -1.741780
v -0.832111 0.527242 -1.748092
v -0.830855 0.541315 -1.746679
v -0.863937 0.541315 -1.718005
v -0.865180 0.527242 -1.719405
v -0.210001 0.494153 -1.963195
v -0.208682 0.508227 -1.961476
v -0.183107 0.494153 -1.984233
v -0.202412 0.494153 -1.969133
v -0.174188 0.508227 -1.988435
v -0.175519 0.494153 -1.990167
v -0.171973 0.464167 -1.998866
v -0.173424 0.448840 -2.000756
v -0.205230 0.464167 -1.972800
v -0.185939 0.464167 -1.987918
v -0.220630 0.448840 -1.963720
v -0.219196 0.464167 -1.961854
v -0.331391 0.481929 -2.191802
v -0.329809 0.497257 -2.190019
v -0.376657 0.481929 -2.152419
v -0.361701 0.497257 -2.162297
v -0.375094 0.497256 -2.150657
v -0.343202 0.497257 -2.178378
v -0.332844 0.527242 -2.181213
v -0.331393 0.541315 -2.179574
v -0.358635 0.527242 -2.158837
v -0.340121 0.527242 -2.174899
v -0.364474 0.541315 -2.150903
v -0.365912 0.527242 -2.152526
v -0.302035 0.412685 -2.044843
v -0.294416 0.491868 -2.035392
v -0.271211 0.491868 -2.054406
v -0.278878 0.412686 -2.063913
v -0.322328 0.416963 -2.069038
v -0.314497 0.496146 -2.059770
v -0.299296 0.416964 -2.088262
v -0.291417 0.496146 -2.078935
v -0.762950 0.491867 -1.651481
v -0.739745 0.491867 -1.670493
v -0.746443 0.412685 -1.678821
v -0.769600 0.412685 -1.659749
v -0.757422 0.496146 -1.691955
v -0.764325 0.416964 -1.700109
v -0.780502 0.496145 -1.672788
v -0.787356 0.416964 -1.680885
v -0.856831 0.400167 -1.525491
v -0.852019 0.459554 -1.519519
v -0.118272 0.459555 -2.107070
v -0.124197 0.400168 -2.114427
v -0.936041 0.420136 -1.621110
v -0.931091 0.479522 -1.615251
v -0.221781 0.420137 -2.232204
v -0.215678 0.479522 -2.224990
v -0.210016 0.493990 -1.963218
v -0.208697 0.508064 -1.961497
v -0.183123 0.493990 -1.984252
v -0.202428 0.493990 -1.969152
v -0.174204 0.508064 -1.988454
v -0.175535 0.493990 -1.990188
v -0.171988 0.464005 -1.998885
v -0.173440 0.448677 -2.000777
v -0.205245 0.464005 -1.972821
v -0.185955 0.464005 -1.987941
v -0.220645 0.448677 -1.963740
v -0.219211 0.464005 -1.961875
v -0.331408 0.481767 -2.191821
v -0.329826 0.497095 -2.190038
v -0.376673 0.481767 -2.152438
v -0.361718 0.497095 -2.162316
v -0.375111 0.497095 -2.150676
v -0.343219 0.497095 -2.178397
v -0.332860 0.527080 -2.181234
v -0.331410 0.541154 -2.179595
v -0.358652 0.527080 -2.158857
v -0.340138 0.527080 -2.174918
v -0.364491 0.541154 -2.150922
v -0.365929 0.527080 -2.152545
v -0.331427 0.481589 -2.191842
v -0.329845 0.496916 -2.190057
v -0.376692 0.481588 -2.152459
v -0.361736 0.496916 -2.162337
v -0.375129 0.496916 -2.150699
v -0.343237 0.496916 -2.178416
v -0.332878 0.526901 -2.181251
v -0.331428 0.540975 -2.179614
v -0.358670 0.526901 -2.158876
v -0.340155 0.526901 -2.174937
v -0.364509 0.540975 -2.150941
v -0.365947 0.526901 -2.152562
v -0.331443 0.481427 -2.191861
v -0.329862 0.496754 -2.190078
v -0.376708 0.481427 -2.152478
v -0.361753 0.496755 -2.162357
v -0.375146 0.496755 -2.150716
v -0.343254 0.496754 -2.178435
v -0.332894 0.526740 -2.181270
v -0.331445 0.540813 -2.179633
v -0.358685 0.526740 -2.158895
v -0.340171 0.526740 -2.174956
v -0.364526 0.540813 -2.150960
v -0.365963 0.526740 -2.152581
v -0.331427 0.481589 -2.191842
v -0.329845 0.496916 -2.190057
v -0.376692 0.481588 -2.152459
v -0.361736 0.496916 -2.162337
v -0.375129 0.496916 -2.150699
v -0.343237 0.496916 -2.178416
v -0.332878 0.526901 -2.181251
v -0.331428 0.540975 -2.179614
v -0.358670 0.526901 -2.158876
v -0.340155 0.526901 -2.174937
v -0.364509 0.540975 -2.150941
v -0.365947 0.526901 -2.152562
v -0.331443 0.481427 -2.191861
v -0.329862 0.496754 -2.190078
v -0.376708 0.481427 -2.152478
v -0.361753 0.496755 -2.162357
v -0.375146 0.496755 -2.150716
v -0.343254 0.496754 -2.178435
v -0.332894 0.526740 -2.181270
v -0.331445 0.540813 -2.179633
v -0.358685 0.526740 -2.158895
v -0.340171 0.526740 -2.174956
v -0.364526 0.540813 -2.150960
v -0.365963 0.526740 -2.152581
v -0.857903 0.527242 -1.725719
v -0.830855 0.541315 -1.746679
v -0.832111 0.527242 -1.748092
v -0.839388 0.527242 -1.741780
v -0.865180 0.527242 -1.719405
v -0.863936 0.541315 -1.718005
v -0.830034 0.481929 -1.757964
v -0.875300 0.481929 -1.718581
v -0.873950 0.497257 -1.717063
v -0.860557 0.497257 -1.728706
v -0.842058 0.497257 -1.744785
v -0.828665 0.497257 -1.756423
v -1.018090 0.515019 -1.874366
v -1.016669 0.530346 -1.872914
v -0.986223 0.530346 -1.902213
v -1.003883 0.530347 -1.885221
v -0.974878 0.515019 -1.915992
v -0.973437 0.530346 -1.914518
v -1.001091 0.560332 -1.882363
v -0.983414 0.560332 -1.899341
v -0.976466 0.560332 -1.906015
v -0.975145 0.574405 -1.904664
v -1.006731 0.574405 -1.874353
v -1.008039 0.560332 -1.875688
v -0.365912 0.527242 -2.152526
v -0.364474 0.541315 -2.150903
v -0.340121 0.527242 -2.174899
v -0.358635 0.527242 -2.158837
v -0.331393 0.541315 -2.179574
v -0.332844 0.527242 -2.181213
v -0.329811 0.497257 -2.190021
v -0.331391 0.481929 -2.191802
v -0.361703 0.497257 -2.162299
v -0.343204 0.497257 -2.178380
v -0.376657 0.481929 -2.152419
v -0.375096 0.497257 -2.150661
v -0.498863 0.515019 -2.374545
v -0.497199 0.530346 -2.372842
v -0.542075 0.515019 -2.332919
v -0.527645 0.530346 -2.343539
v -0.540431 0.530346 -2.331233
v -0.509985 0.530346 -2.360534
v -0.499791 0.560332 -2.363881
v -0.498265 0.574405 -2.362315
v -0.524415 0.560332 -2.340228
v -0.506739 0.560332 -2.357207
v -0.529851 0.574405 -2.332004
v -0.531363 0.560332 -2.333554
v -0.462051 0.445775 -2.229312
v -0.453831 0.524957 -2.220382
v -0.431620 0.524957 -2.240550
v -0.439891 0.445774 -2.249532
v -0.483560 0.450054 -2.252435
v -0.475294 0.529235 -2.243549
v -0.461533 0.450054 -2.272802
v -0.453215 0.529236 -2.263862
v -0.902297 0.524957 -1.813209
v -0.880087 0.524957 -1.833375
v -0.887329 0.445774 -1.841230
v -0.909490 0.445775 -1.821006
v -0.899002 0.529236 -1.853753
v -0.906285 0.450054 -1.861571
v -0.921081 0.529236 -1.833444
v -0.928312 0.450054 -1.841205
v -0.989760 0.433257 -1.682532
v -0.984671 0.492644 -1.676795
v -0.281664 0.492644 -2.300803
v -0.287935 0.433257 -2.307866
v -1.073659 0.453225 -1.774087
v -1.068438 0.512612 -1.768468
v -0.391292 0.453225 -2.420598
v -0.384850 0.512612 -2.413688
v -0.365929 0.527080 -2.152545
v -0.364491 0.541154 -2.150922
v -0.340138 0.527080 -2.174918
v -0.358652 0.527080 -2.158857
v -0.331410 0.541154 -2.179595
v -0.332860 0.527080 -2.181234
v -0.329826 0.497095 -2.190038
v -0.331408 0.481767 -2.191821
v -0.361718 0.497095 -2.162316
v -0.343219 0.497095 -2.178397
v -0.376673 0.481767 -2.152438
v -0.375111 0.497095 -2.150676
v -0.498881 0.514857 -2.374562
v -0.497215 0.530185 -2.372857
v -0.542093 0.514857 -2.332936
v -0.527661 0.530185 -2.343555
v -0.540447 0.530185 -2.331250
v -0.510001 0.530185 -2.360551
v -0.499809 0.560170 -2.363898
v -0.498283 0.574244 -2.362334
v -0.524433 0.560170 -2.340247
v -0.506757 0.560170 -2.357227
v -0.529869 0.574244 -2.332023
v -0.531381 0.560170 -2.333572
v -0.498900 0.514679 -2.374583
v -0.497236 0.530006 -2.372878
v -0.542111 0.514678 -2.332957
v -0.527682 0.530006 -2.343578
v -0.540468 0.530006 -2.331271
v -0.510022 0.530006 -2.360574
v -0.499828 0.559991 -2.363917
v -0.498302 0.574065 -2.362355
v -0.524452 0.559991 -2.340266
v -0.506776 0.559991 -2.357246
v -0.529888 0.574065 -2.332044
v -0.531400 0.559991 -2.333593
v -0.498917 0.514517 -2.374601
v -0.497254 0.529845 -2.372895
v -0.542128 0.514517 -2.332975
v -0.527699 0.529844 -2.343595
v -0.540485 0.529845 -2.331290
v -0.510039 0.529844 -2.360591
v -0.499846 0.559830 -2.363937
v -0.498319 0.573903 -2.362371
v -0.524470 0.559830 -2.340284
v -0.506794 0.559830 -2.357263
v -0.529904 0.573903 -2.332059
v -0.531417 0.559830 -2.333610
v -0.498900 0.514679 -2.374583
v -0.497236 0.530006 -2.372878
v -0.542111 0.514678 -2.332957
v -0.527682 0.530006 -2.343578
v -0.540468 0.530006 -2.331271
v -0.510022 0.530006 -2.360574
v -0.499828 0.559991 -2.363917
v -0.498302 0.574065 -2.362355
v -0.524452 0.559991 -2.340266
v -0.506776 0.559991 -2.357246
v -0.529888 0.574065 -2.332044
v -0.531400 0.559991 -2.333593
v -0.498917 0.514517 -2.374601
v -0.497254 0.529845 -2.372895
v -0.542128 0.514517 -2.332975
v -0.527699 0.529844 -2.343595
v -0.540485 0.529845 -2.331290
v -0.510039 0.529844 -2.360591
v -0.499846 0.559830 -2.363937
v -0.498319 0.573903 -2.362371
v -0.524470 0.559830 -2.340284
v -0.506794 0.559830 -2.357263
v -0.529904 0.573903 -2.332059
v -0.531417 0.559830 -2.333610
v -1.001091 0.560332 -1.882363
v -0.975145 0.574405 -1.904664
v -0.976466 0.560332 -1.906015
v -0.983414 0.560332 -1.899341
v -1.008039 0.560332 -1.875688
v -1.006731 0.574405 -1.874353
v -0.974878 0.515019 -1.915992
v -1.018090 0.515019 -1.874366
v -1.016669 0.530346 -1.872914
v -1.003883 0.530347 -1.885221
v -0.986223 0.530346 -1.902213
v -0.973437 0.530346 -1.914518
v -1.168562 0.548109 -2.022746
v -1.167074 0.563436 -2.021363
v -1.138152 0.563436 -2.052167
v -1.154928 0.563436 -2.034299
v -1.127515 0.548109 -2.066508
v -1.126006 0.563437 -2.065105
v -1.152004 0.593422 -2.031579
v -1.135211 0.593422 -2.049432
v -1.128610 0.593421 -2.056449
v -1.127226 0.607495 -2.055162
v -1.157236 0.607495 -2.023288
v -1.158605 0.593422 -2.024560
v -0.531363 0.560332 -2.333554
v -0.529851 0.574405 -2.332004
v -0.506739 0.560332 -2.357207
v -0.524415 0.560332 -2.340228
v -0.498265 0.574405 -2.362315
v -0.499791 0.560332 -2.363881
v -0.497199 0.530346 -2.372842
v -0.498863 0.515019 -2.374545
v -0.527645 0.530346 -2.343539
v -0.509985 0.530346 -2.360534
v -0.542075 0.515019 -2.332919
v -0.540431 0.530346 -2.331233
v -0.675346 0.548109 -2.548591
v -0.673602 0.563436 -2.546966
v -0.716393 0.548109 -2.504831
v -0.702524 0.563436 -2.516160
v -0.714670 0.563436 -2.503225
v -0.685747 0.563436 -2.534030
v -0.675746 0.593422 -2.537879
v -0.674147 0.607495 -2.536389
v -0.699140 0.593422 -2.513009
v -0.682347 0.593421 -2.530860
v -0.704157 0.607495 -2.504516
v -0.705741 0.593422 -2.505992
v -0.631255 0.478865 -2.405379
v -0.622577 0.558047 -2.396899
v -0.601416 0.558047 -2.418164
v -0.610148 0.478865 -2.426698
v -0.653845 0.483144 -2.427449
v -0.645163 0.562326 -2.418969
v -0.632878 0.483143 -2.448903
v -0.624143 0.562326 -2.440374
v -1.049834 0.558047 -1.967521
v -1.028674 0.558047 -1.988786
v -1.036323 0.478865 -1.996247
v -1.057430 0.478865 -1.974929
v -1.048577 0.562326 -2.008207
v -1.056223 0.483144 -2.015670
v -1.069597 0.562326 -1.986800
v -1.077190 0.483144 -1.994212
v -1.130464 0.466347 -1.832679
v -1.125107 0.525734 -1.827190
v -0.454627 0.525734 -2.486020
v -0.461229 0.466348 -2.492776
v -1.218832 0.486315 -1.919934
v -1.213350 0.545702 -1.914567
v -0.570098 0.486315 -2.600186
v -0.563333 0.545702 -2.593595
v -0.531381 0.560170 -2.333572
v -0.529869 0.574244 -2.332023
v -0.506757 0.560170 -2.357227
v -0.524433 0.560170 -2.340247
v -0.498283 0.574244 -2.362334
v -0.499809 0.560170 -2.363898
v -0.497217 0.530185 -2.372859
v -0.498881 0.514857 -2.374562
v -0.527663 0.530185 -2.343557
v -0.510002 0.530185 -2.360553
v -0.542093 0.514857 -2.332936
v -0.540449 0.530185 -2.331250
v -0.675365 0.547947 -2.548610
v -0.673620 0.563275 -2.546983
v -0.716411 0.547947 -2.504846
v -0.702542 0.563275 -2.516177
v -0.714688 0.563275 -2.503242
v -0.685766 0.563275 -2.534047
v -0.675765 0.593260 -2.537896
v -0.674164 0.607334 -2.536405
v -0.699159 0.593260 -2.513026
v -0.682365 0.593260 -2.530879
v -0.704173 0.607334 -2.504531
v -0.705760 0.593260 -2.506009
v -0.675385 0.547768 -2.548629
v -0.673640 0.563096 -2.547002
v -0.716432 0.547768 -2.504865
v -0.702562 0.563096 -2.516198
v -0.714708 0.563096 -2.503261
v -0.685786 0.563096 -2.534066
v -0.675786 0.593081 -2.537917
v -0.674185 0.607155 -2.536424
v -0.699180 0.593081 -2.513047
v -0.682387 0.593081 -2.530898
v -0.704194 0.607155 -2.504550
v -0.705781 0.593081 -2.506028
v -0.675404 0.547607 -2.548646
v -0.673659 0.562934 -2.547021
v -0.716451 0.547607 -2.504882
v -0.702581 0.562934 -2.516215
v -0.714727 0.562934 -2.503278
v -0.685805 0.562934 -2.534082
v -0.675803 0.592919 -2.537933
v -0.674203 0.606993 -2.536443
v -0.699197 0.592920 -2.513063
v -0.682403 0.592920 -2.530914
v -0.704213 0.606993 -2.504569
v -0.705797 0.592920 -2.506044
v -0.675385 0.547768 -2.548629
v -0.673640 0.563096 -2.547002
v -0.716432 0.547768 -2.504865
v -0.702562 0.563096 -2.516198
v -0.714708 0.563096 -2.503261
v -0.685786 0.563096 -2.534066
v -0.675786 0.593081 -2.537917
v -0.674185 0.607155 -2.536424
v -0.699180 0.593081 -2.513047
v -0.682387 0.593081 -2.530898
v -0.704194 0.607155 -2.504550
v -0.705781 0.593081 -2.506028
v -0.675404 0.547607 -2.548646
v -0.673659 0.562934 -2.547021
v -0.716451 0.547607 -2.504882
v -0.702581 0.562934 -2.516215
v -0.714727 0.562934 -2.503278
v -0.685805 0.562934 -2.534082
v -0.675803 0.592919 -2.537933
v -0.674203 0.606993 -2.536443
v -0.699197 0.592920 -2.513063
v -0.682403 0.592920 -2.530914
v -0.704213 0.606993 -2.504569
v -0.705797 0.592920 -2.506044
v -1.152004 0.593422 -2.031579
v -1.127226 0.607495 -2.055162
v -1.128610 0.593422 -2.056449
v -1.135211 0.593422 -2.049432
v -1.158605 0.593422 -2.024560
v -1.157236 0.607495 -2.023288
v -1.127517 0.548109 -2.066510
v -1.168563 0.548109 -2.022748
v -1.167074 0.563437 -2.021363
v -1.154928 0.563437 -2.034299
v -1.138152 0.563436 -2.052167
v -1.126006 0.563437 -2.065105
v -1.326326 0.581199 -2.163335
v -1.324774 0.596526 -2.162023
v -1.297450 0.596526 -2.194255
v -1.313299 0.596526 -2.175559
v -1.287550 0.581199 -2.209123
v -1.285976 0.596526 -2.207791
v -1.310249 0.626512 -2.172979
v -1.294382 0.626512 -2.191661
v -1.288145 0.626512 -2.199004
v -1.286702 0.640585 -2.197784
v -1.315057 0.640585 -2.164430
v -1.316486 0.626512 -2.165637
v -0.705742 0.593422 -2.505992
v -0.704157 0.607495 -2.504516
v -0.682347 0.593421 -2.530860
v -0.699140 0.593422 -2.513009
v -0.674147 0.607495 -2.536389
v -0.675746 0.593422 -2.537879
v -0.673602 0.563436 -2.546966
v -0.675348 0.548109 -2.548593
v -0.702524 0.563436 -2.516160
v -0.685748 0.563436 -2.534030
v -0.716394 0.548109 -2.504832
v -0.714670 0.563436 -2.503225
v -0.860399 0.581199 -2.713504
v -0.858579 0.596526 -2.711965
v -0.899175 0.581199 -2.667718
v -0.885903 0.596526 -2.679732
v -0.897377 0.596526 -2.666198
v -0.870053 0.596526 -2.698430
v -0.860268 0.626511 -2.702771
v -0.858599 0.640585 -2.701358
v -0.882371 0.626512 -2.676747
v -0.866504 0.626512 -2.695430
v -0.886954 0.640585 -2.668004
v -0.888608 0.626511 -2.669404
v -0.809131 0.511955 -2.572675
v -0.800056 0.591137 -2.564620
v -0.780000 0.591136 -2.586929
v -0.789131 0.511955 -2.595039
v -0.832753 0.516234 -2.593640
v -0.823676 0.595415 -2.585586
v -0.812901 0.516233 -2.616132
v -0.803767 0.595416 -2.608028
v -1.205007 0.591137 -2.114143
v -1.184951 0.591137 -2.136453
v -1.192945 0.511954 -2.143541
v -1.212945 0.511955 -2.121183
v -1.205754 0.595415 -2.154905
v -1.213745 0.516233 -2.161996
v -1.225663 0.595416 -2.132465
v -1.233598 0.516234 -2.139505
v -1.278568 0.499437 -1.975537
v -1.272960 0.558824 -1.970307
v -0.636724 0.558824 -2.662263
v -0.643643 0.499437 -2.668697
v -1.371385 0.519406 -2.058032
v -1.365523 0.578792 -2.053086
v -0.757963 0.519405 -2.770290
v -0.750756 0.578792 -2.764184
v -0.705760 0.593260 -2.506009
v -0.704175 0.607334 -2.504533
v -0.682366 0.593260 -2.530879
v -0.699159 0.593260 -2.513026
v -0.674166 0.607333 -2.536407
v -0.675765 0.593260 -2.537896
v -0.673620 0.563275 -2.546983
v -0.675365 0.547947 -2.548610
v -0.702542 0.563275 -2.516177
v -0.685766 0.563275 -2.534047
v -0.716411 0.547947 -2.504848
v -0.714688 0.563275 -2.503242
v -0.860419 0.581037 -2.713521
v -0.858597 0.596364 -2.711980
v -0.899194 0.581037 -2.667735
v -0.885920 0.596365 -2.679750
v -0.897395 0.596365 -2.666213
v -0.870072 0.596365 -2.698445
v -0.860287 0.626350 -2.702789
v -0.858618 0.640424 -2.701375
v -0.882390 0.626350 -2.676763
v -0.866523 0.626350 -2.695445
v -0.886973 0.640423 -2.668021
v -0.888627 0.626350 -2.669421
v -0.860440 0.580858 -2.713540
v -0.858618 0.596186 -2.711999
v -0.899216 0.580858 -2.667751
v -0.885941 0.596186 -2.679767
v -0.897416 0.596186 -2.666232
v -0.870092 0.596186 -2.698463
v -0.860308 0.626171 -2.702806
v -0.858640 0.640245 -2.701394
v -0.882411 0.626171 -2.676782
v -0.866545 0.626171 -2.695462
v -0.886994 0.640245 -2.668039
v -0.888648 0.626171 -2.669440
v -0.860459 0.580697 -2.713555
v -0.858637 0.596024 -2.712016
v -0.899234 0.580697 -2.667768
v -0.885960 0.596024 -2.679782
v -0.897435 0.596024 -2.666248
v -0.870112 0.596024 -2.698480
v -0.860328 0.626010 -2.702823
v -0.858657 0.640083 -2.701408
v -0.882431 0.626009 -2.676797
v -0.866564 0.626010 -2.695480
v -0.887012 0.640083 -2.668054
v -0.888667 0.626010 -2.669456
v -0.860440 0.580858 -2.713540
v -0.858618 0.596186 -2.711999
v -0.899216 0.580858 -2.667751
v -0.885941 0.596186 -2.679767
v -0.897416 0.596186 -2.666232
v -0.870092 0.596186 -2.698463
v -0.860308 0.626171 -2.702806
v -0.858640 0.640245 -2.701394
v -0.882411 0.626171 -2.676782
v -0.866545 0.626171 -2.695462
v -0.886994 0.640245 -2.668039
v -0.888648 0.626171 -2.669440
v -0.860459 0.580697 -2.713555
v -0.858637 0.596024 -2.712016
v -0.899234 0.580697 -2.667768
v -0.885960 0.596024 -2.679782
v -0.897435 0.596024 -2.666248
v -0.870112 0.596024 -2.698480
v -0.860328 0.626010 -2.702823
v -0.858657 0.640083 -2.701408
v -0.882431 0.626009 -2.676797
v -0.866564 0.626010 -2.695480
v -0.887012 0.640083 -2.668054
v -0.888667 0.626010 -2.669456
v -1.310249 0.626512 -2.172979
v -1.286702 0.640585 -2.197784
v -1.288145 0.626512 -2.199004
v -1.294382 0.626512 -2.191661
v -1.316486 0.626512 -2.165637
v -1.315057 0.640585 -2.164430
v -1.287550 0.581199 -2.209123
v -1.326326 0.581199 -2.163335
v -1.324773 0.596526 -2.162023
v -1.313299 0.596526 -2.175559
v -1.297450 0.596526 -2.194255
v -1.285976 0.596526 -2.207791
v -1.490976 0.614289 -2.295762
v -1.489361 0.629616 -2.294522
v -1.463709 0.629616 -2.328099
v -1.478588 0.629617 -2.308623
v -1.454573 0.614289 -2.343455
v -1.452936 0.629617 -2.342200
v -1.475419 0.659602 -2.306193
v -1.460521 0.659602 -2.325656
v -1.454665 0.659602 -2.333305
v -1.453167 0.673675 -2.332156
v -1.479793 0.673675 -2.297408
v -1.481275 0.659602 -2.298543
v -0.888608 0.626511 -2.669404
v -0.886954 0.640585 -2.668004
v -0.866504 0.626512 -2.695430
v -0.882371 0.626512 -2.676747
v -0.858599 0.640585 -2.701358
v -0.860268 0.626512 -2.702771
v -0.858579 0.596527 -2.711967
v -0.860399 0.581199 -2.713504
v -0.885903 0.596526 -2.679732
v -0.870053 0.596526 -2.698430
v -0.899175 0.581199 -2.667718
v -0.897377 0.596526 -2.666198
v -1.053567 0.614289 -2.868865
v -1.051673 0.629616 -2.867414
v -1.089969 0.614289 -2.821170
v -1.077325 0.629616 -2.833837
v -1.088098 0.629616 -2.819738
v -1.062445 0.629617 -2.853315
v -1.052899 0.659602 -2.858134
v -1.051167 0.673675 -2.856805
v -1.073654 0.659602 -2.831023
v -1.058756 0.659602 -2.850484
v -1.077793 0.673675 -2.822055
v -1.079510 0.659602 -2.823371
v -0.995240 0.545044 -2.730777
v -0.985788 0.624227 -2.723163
v -0.966890 0.624226 -2.746463
v -0.976400 0.545044 -2.754123
v -1.019837 0.549323 -2.750585
v -1.010386 0.628505 -2.742976
v -1.001151 0.549323 -2.774053
v -0.991640 0.628505 -2.766400
v -1.367375 0.624226 -2.252732
v -1.348476 0.624227 -2.276033
v -1.356798 0.545045 -2.282733
v -1.375638 0.545045 -2.259387
v -1.370131 0.628505 -2.293473
v -1.378447 0.549323 -2.300178
v -1.388876 0.628506 -2.270051
v -1.397133 0.549323 -2.276706
v -1.433691 0.532527 -2.110730
v -1.427841 0.591914 -2.105771
v -0.827505 0.591914 -2.829095
v -0.834723 0.532527 -2.835187
v -1.530705 0.552495 -2.188220
v -1.524615 0.611882 -2.183559
v -0.954208 0.552495 -2.930684
v -0.946714 0.611882 -2.924930
v -0.888627 0.626350 -2.669421
v -0.886973 0.640423 -2.668021
v -0.866523 0.626350 -2.695445
v -0.882390 0.626350 -2.676763
v -0.858618 0.640424 -2.701375
v -0.860287 0.626350 -2.702789
v -0.858599 0.596365 -2.711982
v -0.860419 0.581037 -2.713521
v -0.885922 0.596365 -2.679752
v -0.870073 0.596365 -2.698447
v -0.899194 0.581037 -2.667735
v -0.897397 0.596365 -2.666215
v -1.053585 0.614127 -2.868879
v -1.051693 0.629455 -2.867429
v -1.089987 0.614127 -2.821183
v -1.077345 0.629455 -2.833852
v -1.088118 0.629455 -2.819753
v -1.062466 0.629455 -2.853330
v -1.052920 0.659440 -2.858150
v -1.051187 0.673513 -2.856820
v -1.073674 0.659440 -2.831039
v -1.058776 0.659440 -2.850499
v -1.077813 0.673513 -2.822070
v -1.079530 0.659440 -2.823388
v -1.053608 0.613948 -2.868898
v -1.051715 0.629276 -2.867446
v -1.090009 0.613948 -2.821201
v -1.077367 0.629276 -2.833867
v -1.088140 0.629276 -2.819768
v -1.062487 0.629276 -2.853345
v -1.052942 0.659261 -2.858165
v -1.051207 0.673335 -2.856836
v -1.073696 0.659261 -2.831054
v -1.058798 0.659261 -2.850518
v -1.077834 0.673335 -2.822087
v -1.079552 0.659261 -2.823405
v -1.053627 0.613787 -2.868913
v -1.051735 0.629114 -2.867461
v -1.090029 0.613787 -2.821216
v -1.077387 0.629114 -2.833884
v -1.088160 0.629114 -2.819783
v -1.062508 0.629114 -2.853360
v -1.052962 0.659099 -2.858180
v -1.051227 0.673173 -2.856851
v -1.073717 0.659100 -2.831069
v -1.058818 0.659099 -2.850532
v -1.077853 0.673173 -2.822101
v -1.079573 0.659099 -2.823421
v -1.053608 0.613948 -2.868898
v -1.051715 0.629276 -2.867446
v -1.090009 0.613948 -2.821201
v -1.077367 0.629276 -2.833867
v -1.088140 0.629276 -2.819768
v -1.062487 0.629276 -2.853345
v -1.052942 0.659261 -2.858165
v -1.051207 0.673335 -2.856836
v -1.073696 0.659261 -2.831054
v -1.058798 0.659261 -2.850518
v -1.077834 0.673335 -2.822087
v -1.079552 0.659261 -2.823405
v -1.053627 0.613787 -2.868913
v -1.051735 0.629114 -2.867461
v -1.090029 0.613787 -2.821216
v -1.077387 0.629114 -2.833884
v -1.088160 0.629114 -2.819783
v -1.062508 0.629114 -2.853360
v -1.052962 0.659099 -2.858180
v -1.051227 0.673173 -2.856851
v -1.073717 0.659100 -2.831069
v -1.058818 0.659099 -2.850532
v -1.077853 0.673173 -2.822101
v -1.079573 0.659099 -2.823421
v -1.475419 0.659602 -2.306193
v -1.453167 0.673675 -2.332156
v -1.454665 0.659602 -2.333305
v -1.460521 0.659602 -2.325656
v -1.481275 0.659602 -2.298543
v -1.479793 0.673675 -2.297408
v -1.454573 0.614289 -2.343455
v -1.490976 0.614289 -2.295762
v -1.489361 0.629616 -2.294522
v -1.478588 0.629617 -2.308623
v -1.463709 0.629616 -2.328099
v -1.452936 0.629617 -2.342200
v -1.662090 0.647379 -2.419669
v -1.660421 0.662706 -2.418510
v -1.636508 0.662706 -2.453347
v -1.650379 0.662706 -2.433139
v -1.628159 0.647379 -2.469154
v -1.626466 0.662706 -2.467979
v -1.647098 0.692692 -2.430865
v -1.633208 0.692692 -2.451059
v -1.627748 0.692692 -2.458995
v -1.626196 0.706765 -2.457917
v -1.651022 0.706765 -2.421863
v -1.652557 0.692692 -2.422927
v -1.079510 0.659602 -2.823371
v -1.077793 0.673675 -2.822055
v -1.058756 0.659602 -2.850484
v -1.073654 0.659602 -2.831023
v -1.051167 0.673675 -2.856805
v -1.052899 0.659602 -2.858134
v -1.051673 0.629616 -2.867414
v -1.053567 0.614289 -2.868865
v -1.077325 0.629616 -2.833837
v -1.062445 0.629617 -2.853315
v -1.089969 0.614289 -2.821170
v -1.088098 0.629616 -2.819738
v -1.254376 0.647378 -3.014264
v -1.252416 0.662706 -3.012908
v -1.288307 0.647379 -2.964782
v -1.276329 0.662706 -2.978068
v -1.286371 0.662706 -2.963439
v -1.262458 0.662706 -2.998277
v -1.253176 0.692692 -3.003566
v -1.251380 0.706765 -3.002320
v -1.272526 0.692691 -2.975433
v -1.258636 0.692692 -2.995628
v -1.276206 0.706765 -2.966262
v -1.277986 0.692692 -2.967498
v -1.189119 0.578134 -2.879275
v -1.179314 0.657316 -2.872123
v -1.161622 0.657316 -2.896352
v -1.171489 0.578134 -2.903548
v -1.214643 0.582413 -2.897882
v -1.204835 0.661595 -2.890735
v -1.197173 0.582413 -2.922271
v -1.187303 0.661595 -2.915076
v -1.536522 0.657317 -2.382924
v -1.518830 0.657316 -2.407151
v -1.527460 0.578134 -2.413449
v -1.545090 0.578134 -2.389175
v -1.541288 0.661595 -2.423539
v -1.549914 0.582413 -2.429839
v -1.558819 0.661595 -2.399194
v -1.567385 0.582413 -2.405452
v -1.595564 0.565617 -2.237714
v -1.589364 0.625004 -2.233205
v -1.026513 0.625003 -2.986066
v -1.034141 0.565617 -2.991641
v -1.696370 0.585585 -2.310163
v -1.690069 0.644972 -2.305799
v -1.158345 0.585585 -3.080959
v -1.150582 0.644972 -3.075572
v -1.079530 0.659440 -2.823388
v -1.077813 0.673513 -2.822070
v -1.058776 0.659440 -2.850499
v -1.073674 0.659440 -2.831039
v -1.051187 0.673513 -2.856820
v -1.052920 0.659440 -2.858150
v -1.051693 0.629455 -2.867429
v -1.053585 0.614127 -2.868879
v -1.077345 0.629455 -2.833852
v -1.062466 0.629455 -2.853330
v -1.089987 0.614127 -2.821183
v -1.088118 0.629455 -2.819753
v -1.254397 0.647217 -3.014280
v -1.252437 0.662545 -3.012921
v -1.288328 0.647217 -2.964795
v -1.276350 0.662545 -2.978082
v -1.286392 0.662545 -2.963452
v -1.262479 0.662545 -2.998290
v -1.253197 0.692530 -3.003579
v -1.251403 0.706604 -3.002338
v -1.272547 0.692530 -2.975448
v -1.258657 0.692530 -2.995643
v -1.276228 0.706604 -2.966277
v -1.278006 0.692530 -2.967511
v -1.254420 0.647038 -3.014293
v -1.252460 0.662366 -3.012937
v -1.288351 0.647038 -2.964811
v -1.276373 0.662366 -2.978099
v -1.286415 0.662366 -2.963470
v -1.262502 0.662366 -2.998305
v -1.253220 0.692351 -3.003595
v -1.251423 0.706425 -3.002351
v -1.272570 0.692351 -2.975465
v -1.258680 0.692351 -2.995658
v -1.276249 0.706425 -2.966293
v -1.278030 0.692351 -2.967528
v -1.254440 0.646877 -3.014308
v -1.252479 0.662204 -3.012950
v -1.288371 0.646877 -2.964826
v -1.276391 0.662204 -2.978114
v -1.286433 0.662204 -2.963483
v -1.262521 0.662204 -2.998319
v -1.253241 0.692189 -3.003608
v -1.251444 0.706263 -3.002364
v -1.272591 0.692190 -2.975478
v -1.258701 0.692190 -2.995673
v -1.276270 0.706263 -2.966306
v -1.278050 0.692189 -2.967542
v -1.254420 0.647038 -3.014293
v -1.252460 0.662366 -3.012937
v -1.288351 0.647038 -2.964811
v -1.276373 0.662366 -2.978099
v -1.286415 0.662366 -2.963470
v -1.262502 0.662366 -2.998305
v -1.253220 0.692351 -3.003595
v -1.251423 0.706425 -3.002351
v -1.272570 0.692351 -2.975465
v -1.258680 0.692351 -2.995658
v -1.276249 0.706425 -2.966293
v -1.278030 0.692351 -2.967528
v -1.254440 0.646877 -3.014308
v -1.252479 0.662204 -3.012950
v -1.288371 0.646877 -2.964826
v -1.276391 0.662204 -2.978114
v -1.286433 0.662204 -2.963483
v -1.262521 0.662204 -2.998319
v -1.253241 0.692189 -3.003608
v -1.251444 0.706263 -3.002364
v -1.272591 0.692190 -2.975478
v -1.258701 0.692190 -2.995673
v -1.276270 0.706263 -2.966306
v -1.278050 0.692189 -2.967542
v -1.647098 0.692691 -2.430865
v -1.626196 0.706765 -2.457917
v -1.627748 0.692691 -2.458995
v -1.633208 0.692691 -2.451057
v -1.652557 0.692691 -2.422927
v -1.651022 0.706765 -2.421863
v -1.628159 0.647378 -2.469154
v -1.662090 0.647379 -2.419669
v -1.660421 0.662706 -2.418510
v -1.650379 0.662706 -2.433139
v -1.636508 0.662706 -2.453349
v -1.626466 0.662706 -2.467979
v -1.839240 0.680469 -2.534722
v -1.837517 0.695796 -2.533645
v -1.815409 0.695796 -2.569656
v -1.828233 0.695796 -2.548768
v -1.807873 0.680469 -2.585870
v -1.806125 0.695796 -2.584777
v -1.824848 0.725782 -2.546651
v -1.812004 0.725781 -2.567525
v -1.806955 0.725781 -2.575730
v -1.805352 0.739855 -2.574729
v -1.828309 0.739855 -2.537454
v -1.829896 0.725782 -2.538448
v -1.277986 0.692692 -2.967498
v -1.276206 0.706765 -2.966262
v -1.258636 0.692691 -2.995628
v -1.272526 0.692691 -2.975433
v -1.251380 0.706765 -3.002320
v -1.253176 0.692692 -3.003566
v -1.252416 0.662706 -3.012908
v -1.254376 0.647378 -3.014264
v -1.276329 0.662706 -2.978068
v -1.262458 0.662706 -2.998277
v -1.288307 0.647379 -2.964782
v -1.286371 0.662706 -2.963439
v -1.462337 0.680469 -3.149310
v -1.460313 0.695796 -3.148048
v -1.493704 0.680469 -3.098163
v -1.482421 0.695796 -3.112037
v -1.491705 0.695796 -3.096917
v -1.469597 0.695796 -3.132926
v -1.460603 0.725782 -3.138671
v -1.458746 0.739855 -3.137511
v -1.478495 0.725781 -3.109588
v -1.465651 0.725781 -3.130466
v -1.481703 0.739855 -3.100236
v -1.483543 0.725781 -3.101384
v -1.390299 0.611224 -3.017774
v -1.380157 0.690407 -3.011102
v -1.363721 0.690406 -3.036199
v -1.373927 0.611224 -3.042915
v -1.416692 0.615503 -3.035131
v -1.406548 0.694685 -3.028464
v -1.400485 0.615503 -3.060378
v -1.390278 0.694685 -3.053668
v -1.712018 0.690406 -2.504365
v -1.695583 0.690407 -2.529462
v -1.704503 0.611225 -2.535340
v -1.720876 0.611224 -2.510200
v -1.718794 0.694685 -2.544757
v -1.727712 0.615503 -2.550635
v -1.735064 0.694685 -2.519551
v -1.743919 0.615503 -2.525390
v -1.763674 0.598707 -2.356244
v -1.757268 0.658093 -2.352035
v -1.233426 0.658093 -3.132541
v -1.241315 0.598707 -3.137744
v -1.867960 0.618675 -2.423524
v -1.861458 0.678062 -2.419465
v -1.369875 0.618675 -3.220714
v -1.361859 0.678061 -3.215707
v -1.278007 0.692530 -2.967511
v -1.276228 0.706603 -2.966277
v -1.258657 0.692530 -2.995643
v -1.272547 0.692530 -2.975448
v -1.251403 0.706603 -3.002338
v -1.253197 0.692530 -3.003579
v -1.252437 0.662545 -3.012921
v -1.254397 0.647217 -3.014280
v -1.276350 0.662545 -2.978082
v -1.262479 0.662544 -2.998290
v -1.288328 0.647217 -2.964795
v -1.286392 0.662544 -2.963452
v -1.462358 0.680307 -3.149324
v -1.460333 0.695635 -3.148061
v -1.493725 0.680306 -3.098174
v -1.482440 0.695635 -3.112050
v -1.491725 0.695635 -3.096929
v -1.469617 0.695634 -3.132939
v -1.460625 0.725620 -3.138684
v -1.458768 0.739694 -3.137527
v -1.478517 0.725620 -3.109603
v -1.465673 0.725620 -3.130479
v -1.481724 0.739694 -3.100249
v -1.483565 0.725620 -3.101398
v -1.462380 0.680128 -3.149335
v -1.460356 0.695456 -3.148074
v -1.493746 0.680128 -3.098190
v -1.482464 0.695456 -3.112064
v -1.491748 0.695456 -3.096944
v -1.469640 0.695455 -3.132953
v -1.460646 0.725441 -3.138698
v -1.458793 0.739515 -3.137542
v -1.478538 0.725441 -3.109616
v -1.465695 0.725441 -3.130494
v -1.481750 0.739515 -3.100265
v -1.483586 0.725441 -3.101411
v -1.462402 0.679967 -3.149350
v -1.460378 0.695294 -3.148090
v -1.493768 0.679966 -3.098203
v -1.482485 0.695294 -3.112077
v -1.491769 0.695294 -3.096955
v -1.469662 0.695294 -3.132966
v -1.460668 0.725279 -3.138709
v -1.458815 0.739353 -3.137555
v -1.478560 0.725279 -3.109630
v -1.465716 0.725280 -3.130506
v -1.481771 0.739353 -3.100280
v -1.483608 0.725279 -3.101422
v -1.462380 0.680128 -3.149335
v -1.460356 0.695456 -3.148074
v -1.493746 0.680128 -3.098190
v -1.482464 0.695456 -3.112064
v -1.491748 0.695456 -3.096944
v -1.469640 0.695455 -3.132953
v -1.460646 0.725441 -3.138698
v -1.458793 0.739515 -3.137542
v -1.478538 0.725441 -3.109616
v -1.465695 0.725441 -3.130494
v -1.481750 0.739515 -3.100265
v -1.483586 0.725441 -3.101411
v -1.462402 0.679967 -3.149350
v -1.460378 0.695294 -3.148090
v -1.493768 0.679966 -3.098203
v -1.482485 0.695294 -3.112077
v -1.491769 0.695294 -3.096955
v -1.469662 0.695294 -3.132966
v -1.460668 0.725279 -3.138709
v -1.458815 0.739353 -3.137555
v -1.478560 0.725279 -3.109630
v -1.465716 0.725280 -3.130506
v -1.481771 0.739353 -3.100280
v -1.483608 0.725279 -3.101422
v -1.824847 0.725782 -2.546651
v -1.805352 0.739855 -2.574729
v -1.806955 0.725781 -2.575730
v -1.812004 0.725781 -2.567525
v -1.829896 0.725781 -2.538448
v -1.828309 0.739855 -2.537454
v -1.807872 0.680469 -2.585870
v -1.839240 0.680469 -2.534722
v -1.837515 0.695796 -2.533645
v -1.828231 0.695796 -2.548766
v -1.815408 0.695796 -2.569654
v -1.806123 0.695796 -2.584777
v -2.021978 0.713558 -2.640603
v -2.020205 0.728886 -2.639608
v -1.999964 0.728886 -2.676702
v -2.011705 0.728886 -2.655185
v -1.993262 0.713558 -2.693284
v -1.991463 0.728886 -2.692277
v -2.008222 0.758871 -2.653234
v -1.996460 0.758871 -2.674737
v -1.991837 0.758871 -2.683189
v -1.990189 0.772945 -2.682267
v -2.011214 0.772945 -2.643869
v -2.012845 0.758871 -2.644782
v -1.483543 0.725781 -3.101384
v -1.481703 0.739855 -3.100236
v -1.465651 0.725781 -3.130466
v -1.478495 0.725781 -3.109588
v -1.458746 0.739855 -3.137511
v -1.460603 0.725782 -3.138671
v -1.460311 0.695796 -3.148046
v -1.462337 0.680469 -3.149310
v -1.482419 0.695796 -3.112037
v -1.469595 0.695796 -3.132926
v -1.493703 0.680469 -3.098163
v -1.491703 0.695796 -3.096915
v -1.676939 0.713558 -3.273629
v -1.674854 0.728886 -3.272466
v -1.705654 0.713558 -3.220946
v -1.695095 0.728886 -3.235376
v -1.703595 0.728886 -3.219796
v -1.683354 0.728886 -3.256890
v -1.674670 0.758871 -3.263074
v -1.672761 0.772945 -3.262008
v -1.691054 0.758871 -3.233119
v -1.679293 0.758872 -3.254623
v -1.693786 0.772945 -3.223609
v -1.695677 0.758871 -3.224668
v -1.598280 0.644314 -3.145894
v -1.587828 0.723496 -3.139720
v -1.572693 0.723496 -3.165622
v -1.583210 0.644314 -3.171836
v -1.625608 0.648593 -3.161748
v -1.615031 0.727775 -3.155790
v -1.610710 0.648593 -3.187785
v -1.600067 0.727775 -3.181790
v -1.893426 0.723496 -2.616725
v -1.878291 0.723496 -2.642629
v -1.887480 0.644314 -2.648067
v -1.902550 0.644314 -2.622127
v -1.902206 0.727775 -2.656787
v -1.911515 0.648593 -2.662021
v -1.917170 0.727775 -2.630786
v -1.926412 0.648593 -2.635980
v -1.937530 0.631797 -2.466064
v -1.930931 0.691183 -2.462169
v -1.447539 0.691184 -3.268352
v -1.455672 0.631797 -3.273166
v -2.045043 0.651765 -2.527997
v -2.038356 0.711152 -2.524255
v -1.588286 0.651765 -3.349563
v -1.580035 0.711152 -3.344953
v -1.483563 0.725620 -3.101396
v -1.481725 0.739694 -3.100249
v -1.465671 0.725620 -3.130477
v -1.478515 0.725620 -3.109601
v -1.458768 0.739693 -3.137527
v -1.460622 0.725620 -3.138683
v -1.460333 0.695635 -3.148061
v -1.462358 0.680307 -3.149324
v -1.482441 0.695635 -3.112050
v -1.469617 0.695634 -3.132939
v -1.493725 0.680306 -3.098174
v -1.491725 0.695635 -3.096931
v -1.676961 0.713397 -3.273641
v -1.674874 0.728724 -3.272477
v -1.705676 0.713397 -3.220960
v -1.695115 0.728725 -3.235385
v -1.703615 0.728724 -3.219808
v -1.683374 0.728724 -3.256902
v -1.674692 0.758710 -3.263086
v -1.672783 0.772783 -3.262021
v -1.691076 0.758710 -3.233133
v -1.679315 0.758710 -3.254634
v -1.693807 0.772783 -3.223621
v -1.695699 0.758710 -3.224679
v -1.676983 0.713218 -3.273654
v -1.674900 0.728546 -3.272491
v -1.705698 0.713218 -3.220971
v -1.695141 0.728545 -3.235400
v -1.703641 0.728545 -3.219823
v -1.683400 0.728546 -3.256915
v -1.674716 0.758531 -3.263101
v -1.672809 0.772604 -3.262036
v -1.691100 0.758531 -3.233144
v -1.679339 0.758531 -3.254649
v -1.693833 0.772605 -3.223638
v -1.695723 0.758531 -3.224692
v -1.677006 0.713056 -3.273667
v -1.674923 0.728384 -3.272504
v -1.705720 0.713057 -3.220983
v -1.695163 0.728384 -3.235414
v -1.703663 0.728384 -3.219834
v -1.683423 0.728384 -3.256927
v -1.674739 0.758369 -3.263112
v -1.672831 0.772443 -3.262048
v -1.691123 0.758369 -3.233157
v -1.679362 0.758369 -3.254661
v -1.693856 0.772443 -3.223649
v -1.695746 0.758369 -3.224704
v -1.676983 0.713218 -3.273654
v -1.674900 0.728546 -3.272491
v -1.705698 0.713218 -3.220971
v -1.695141 0.728545 -3.235400
v -1.703641 0.728545 -3.219823
v -1.683400 0.728546 -3.256915
v -1.674716 0.758531 -3.263101
v -1.672809 0.772604 -3.262036
v -1.691100 0.758531 -3.233144
v -1.679339 0.758531 -3.254649
v -1.693833 0.772605 -3.223638
v -1.695723 0.758531 -3.224692
v -1.677006 0.713056 -3.273667
v -1.674923 0.728384 -3.272504
v -1.705720 0.713057 -3.220983
v -1.695163 0.728384 -3.235414
v -1.703663 0.728384 -3.219834
v -1.683423 0.728384 -3.256927
v -1.674739 0.758369 -3.263112
v -1.672831 0.772443 -3.262048
v -1.691123 0.758369 -3.233157
v -1.679362 0.758369 -3.254661
v -1.693856 0.772443 -3.223649
v -1.695746 0.758369 -3.224704
v -2.008222 0.758871 -2.653234
v -1.990189 0.772945 -2.682267
v -1.991837 0.758871 -2.683189
v -1.996460 0.758871 -2.674737
v -2.012845 0.758871 -2.644782
v -2.011214 0.772945 -2.643869
v -1.993262 0.713558 -2.693284
v -2.021978 0.713558 -2.640603
v -2.020203 0.728886 -2.639608
v -2.011703 0.728886 -2.655185
v -1.999962 0.728886 -2.676702
v -1.991461 0.728886 -2.692277
v -2.209898 0.746648 -2.736886
v -2.208058 0.761976 -2.736028
v -2.189741 0.761976 -2.774108
v -2.200366 0.761976 -2.752021
v -2.183916 0.746648 -2.790969
v -2.182049 0.761976 -2.790099
v -2.196757 0.791961 -2.750314
v -2.186112 0.791961 -2.772393
v -2.181927 0.791961 -2.781070
v -2.180235 0.806035 -2.780227
v -2.199268 0.806035 -2.740804
v -2.200942 0.791961 -2.741637
v -1.695677 0.758871 -3.224668
v -1.693785 0.772945 -3.223609
v -1.679293 0.758871 -3.254623
v -1.691054 0.758871 -3.233119
v -1.672761 0.772945 -3.262008
v -1.674670 0.758871 -3.263074
v -1.674852 0.728886 -3.272466
v -1.676939 0.713558 -3.273629
v -1.695093 0.728886 -3.235374
v -1.683352 0.728886 -3.256890
v -1.705654 0.713558 -3.220946
v -1.703593 0.728886 -3.219796
v -1.897702 0.746648 -3.386737
v -1.895542 0.761976 -3.385728
v -1.923684 0.746648 -3.332656
v -1.913858 0.761976 -3.347650
v -1.921550 0.761976 -3.331659
v -1.903233 0.761976 -3.369737
v -1.894845 0.791961 -3.376422
v -1.892883 0.806035 -3.375449
v -1.909675 0.791961 -3.345666
v -1.899030 0.791961 -3.367744
v -1.911916 0.806035 -3.336026
v -1.913860 0.791961 -3.336990
v -1.812551 0.677404 -3.263278
v -1.801809 0.756586 -3.257617
v -1.788017 0.756586 -3.284259
v -1.798827 0.677404 -3.289956
v -1.840754 0.681683 -3.277528
v -1.829882 0.760865 -3.272117
v -1.827207 0.681683 -3.304294
v -1.816267 0.760865 -3.298848
v -2.080283 0.756586 -2.719690
v -2.066491 0.756586 -2.746331
v -2.075933 0.677404 -2.751323
v -2.089657 0.677404 -2.724647
v -2.091175 0.760865 -2.759090
v -2.100740 0.681683 -2.763837
v -2.104790 0.760865 -2.732358
v -2.114287 0.681683 -2.737069
v -2.116696 0.664887 -2.566877
v -2.109918 0.724273 -2.563304
v -1.668330 0.724273 -3.393121
v -1.676691 0.664887 -3.397536
v -2.227165 0.684855 -2.623286
v -2.220307 0.744241 -2.619872
v -1.813028 0.684855 -3.467139
v -1.804561 0.744242 -3.462938
v -1.695699 0.758709 -3.224679
v -1.693807 0.772783 -3.223621
v -1.679315 0.758710 -3.254634
v -1.691076 0.758710 -3.233133
v -1.672783 0.772783 -3.262021
v -1.674692 0.758709 -3.263086
v -1.674874 0.728724 -3.272477
v -1.676961 0.713397 -3.273641
v -1.695115 0.728724 -3.235385
v -1.683374 0.728724 -3.256902
v -1.705676 0.713397 -3.220960
v -1.703615 0.728724 -3.219808
v -1.897725 0.746486 -3.386748
v -1.895565 0.761814 -3.385739
v -1.923707 0.746487 -3.332666
v -1.913881 0.761814 -3.347659
v -1.921573 0.761814 -3.331668
v -1.903256 0.761814 -3.369746
v -1.894868 0.791799 -3.376432
v -1.892906 0.805873 -3.375461
v -1.909698 0.791800 -3.345678
v -1.899052 0.791799 -3.367755
v -1.911939 0.805873 -3.336036
v -1.913882 0.791799 -3.336999
v -1.897753 0.746308 -3.386762
v -1.895592 0.761635 -3.385751
v -1.923734 0.746308 -3.332679
v -1.913908 0.761636 -3.347673
v -1.921600 0.761635 -3.331679
v -1.903284 0.761635 -3.369760
v -1.894893 0.791621 -3.376447
v -1.892933 0.805695 -3.375476
v -1.909722 0.791621 -3.345691
v -1.899077 0.791621 -3.367768
v -1.911965 0.805694 -3.336049
v -1.913907 0.791621 -3.337012
v -1.897776 0.746146 -3.386771
v -1.895615 0.761474 -3.385762
v -1.923757 0.746146 -3.332690
v -1.913931 0.761474 -3.347682
v -1.921623 0.761474 -3.331693
v -1.903307 0.761474 -3.369771
v -1.894915 0.791459 -3.376456
v -1.892956 0.805533 -3.375486
v -1.909745 0.791459 -3.345702
v -1.899099 0.791459 -3.367780
v -1.911988 0.805533 -3.336061
v -1.913929 0.791459 -3.337026
v -1.897753 0.746308 -3.386762
v -1.895592 0.761635 -3.385751
v -1.923734 0.746308 -3.332679
v -1.913908 0.761636 -3.347673
v -1.921600 0.761635 -3.331679
v -1.903284 0.761635 -3.369760
v -1.894893 0.791621 -3.376447
v -1.892933 0.805695 -3.375476
v -1.909722 0.791621 -3.345691
v -1.899077 0.791621 -3.367768
v -1.911965 0.805694 -3.336049
v -1.913907 0.791621 -3.337012
v -1.897776 0.746146 -3.386771
v -1.895615 0.761474 -3.385762
v -1.923757 0.746146 -3.332690
v -1.913931 0.761474 -3.347682
v -1.921623 0.761474 -3.331693
v -1.903307 0.761474 -3.369771
v -1.894915 0.791459 -3.376456
v -1.892956 0.805533 -3.375486
v -1.909745 0.791459 -3.345702
v -1.899099 0.791459 -3.367780
v -1.911988 0.805533 -3.336061
v -1.913929 0.791459 -3.337026
v -2.196757 0.791961 -2.750314
v -2.180235 0.806034 -2.780227
v -2.181927 0.791961 -2.781070
v -2.186112 0.791961 -2.772393
v -2.200942 0.791961 -2.741637
v -2.199268 0.806035 -2.740804
v -2.183916 0.746648 -2.790969
v -2.209898 0.746648 -2.736886
v -2.208058 0.761976 -2.736028
v -2.200366 0.761976 -2.752021
v -2.189741 0.761976 -2.774108
v -2.182049 0.761976 -2.790099
v -2.402513 0.779738 -2.823301
v -2.400633 0.795066 -2.822534
v -2.384293 0.795066 -2.861503
v -2.393771 0.795066 -2.838899
v -2.379338 0.779738 -2.878644
v -2.377432 0.795066 -2.877868
v -2.390076 0.825051 -2.837394
v -2.380577 0.825051 -2.859986
v -2.376843 0.825051 -2.868869
v -2.375093 0.839125 -2.868154
v -2.392079 0.839125 -2.827806
v -2.393810 0.825051 -2.828511
v -1.913859 0.791961 -3.336990
v -1.911916 0.806035 -3.336026
v -1.899029 0.791961 -3.367744
v -1.909675 0.791961 -3.345666
v -1.892883 0.806035 -3.375449
v -1.894845 0.791961 -3.376422
v -1.895541 0.761976 -3.385728
v -1.897702 0.746648 -3.386737
v -1.913858 0.761976 -3.347650
v -1.903233 0.761976 -3.369737
v -1.923684 0.746648 -3.332656
v -1.921550 0.761976 -3.331659
v -2.124052 0.779738 -3.488307
v -2.121844 0.795066 -3.487403
v -2.147226 0.779738 -3.432965
v -2.138183 0.795066 -3.448436
v -2.145045 0.795066 -3.432073
v -2.128706 0.795066 -3.471038
v -2.120666 0.825051 -3.478156
v -2.118639 0.839125 -3.477328
v -2.133899 0.825051 -3.446681
v -2.124400 0.825051 -3.469274
v -2.135625 0.839125 -3.436978
v -2.137633 0.825051 -3.437801
v -2.032608 0.710494 -3.369504
v -2.021564 0.789676 -3.364453
v -2.009155 0.789676 -3.391767
v -2.020268 0.710494 -3.396850
v -2.061554 0.714773 -3.382190
v -2.050431 0.793955 -3.377317
v -2.049396 0.714773 -3.409614
v -2.038204 0.793955 -3.404712
v -2.272123 0.789676 -2.812970
v -2.259713 0.789676 -2.840284
v -2.269421 0.710494 -2.844730
v -2.281760 0.710494 -2.817384
v -2.285098 0.793955 -2.851577
v -2.294879 0.714773 -2.855853
v -2.297325 0.793955 -2.824182
v -2.307037 0.714773 -2.828426
v -2.300715 0.697977 -2.658397
v -2.293774 0.757363 -2.655156
v -1.895247 0.757363 -3.506496
v -1.903814 0.697977 -3.510495
v -2.413873 0.717945 -2.709127
v -2.406858 0.777332 -2.706052
v -2.043538 0.717945 -3.573100
v -2.034870 0.777331 -3.569316
v -1.913882 0.791799 -3.336999
v -1.911939 0.805873 -3.336036
v -1.899052 0.791799 -3.367755
v -1.909698 0.791800 -3.345678
v -1.892906 0.805873 -3.375461
v -1.894868 0.791799 -3.376432
v -1.895564 0.761814 -3.385739
v -1.897725 0.746486 -3.386748
v -1.913881 0.761814 -3.347659
v -1.903257 0.761814 -3.369746
v -1.923707 0.746486 -3.332666
v -1.921573 0.761814 -3.331668
v -2.124076 0.779576 -3.488317
v -2.121865 0.794904 -3.487413
v -2.147250 0.779577 -3.432975
v -2.138205 0.794904 -3.448444
v -2.145067 0.794904 -3.432080
v -2.128727 0.794904 -3.471049
v -2.120690 0.824889 -3.478166
v -2.118663 0.838963 -3.477338
v -2.133923 0.824889 -3.446689
v -2.124423 0.824889 -3.469283
v -2.135649 0.838963 -3.436988
v -2.137657 0.824889 -3.437810
v -2.124101 0.779398 -3.488328
v -2.121891 0.794725 -3.487422
v -2.147275 0.779398 -3.432985
v -2.138230 0.794725 -3.448455
v -2.145092 0.794725 -3.432090
v -2.128753 0.794726 -3.471059
v -2.120715 0.824711 -3.478175
v -2.118691 0.838785 -3.477348
v -2.133948 0.824711 -3.446702
v -2.124449 0.824711 -3.469297
v -2.135676 0.838785 -3.436999
v -2.137682 0.824711 -3.437820
v -2.124123 0.779236 -3.488338
v -2.121915 0.794564 -3.487432
v -2.147296 0.779236 -3.432992
v -2.138254 0.794564 -3.448465
v -2.145115 0.794564 -3.432099
v -2.128776 0.794563 -3.471067
v -2.120736 0.824549 -3.478185
v -2.118714 0.838623 -3.477357
v -2.133970 0.824549 -3.446710
v -2.124470 0.824549 -3.469304
v -2.135700 0.838623 -3.437009
v -2.137704 0.824549 -3.437827
v -2.124101 0.779398 -3.488328
v -2.121891 0.794725 -3.487422
v -2.147275 0.779398 -3.432985
v -2.138230 0.794725 -3.448455
v -2.145092 0.794725 -3.432090
v -2.128753 0.794726 -3.471059
v -2.120715 0.824711 -3.478175
v -2.118691 0.838785 -3.477348
v -2.133948 0.824711 -3.446702
v -2.124449 0.824711 -3.469297
v -2.135676 0.838785 -3.436999
v -2.137682 0.824711 -3.437820
v -2.124123 0.779236 -3.488338
v -2.121915 0.794564 -3.487432
v -2.147296 0.779236 -3.432992
v -2.138254 0.794564 -3.448465
v -2.145115 0.794564 -3.432099
v -2.128776 0.794563 -3.471067
v -2.120736 0.824549 -3.478185
v -2.118714 0.838623 -3.477357
v -2.133970 0.824549 -3.446710
v -2.124470 0.824549 -3.469304
v -2.135700 0.838623 -3.437009
v -2.137704 0.824549 -3.437827
v -2.390074 0.825051 -2.837392
v -2.375093 0.839124 -2.868154
v -2.376841 0.825051 -2.868869
v -2.380575 0.825051 -2.859986
v -2.393808 0.825051 -2.828511
v -2.392079 0.839124 -2.827806
v -2.379338 0.779738 -2.878644
v -2.402513 0.779738 -2.823301
v -2.400631 0.795066 -2.822534
v -2.393769 0.795066 -2.838899
v -2.384291 0.795066 -2.861501
v -2.377430 0.795066 -2.877866
v -2.599265 0.812828 -2.899730
v -2.597348 0.828156 -2.899057
v -2.583032 0.828156 -2.938813
v -2.591336 0.828156 -2.915752
v -2.578964 0.812828 -2.956193
v -2.577020 0.828156 -2.955508
v -2.587574 0.858141 -2.914430
v -2.579247 0.858141 -2.937480
v -2.575975 0.858141 -2.946542
v -2.574194 0.872214 -2.945918
v -2.589085 0.872214 -2.904750
v -2.590847 0.858141 -2.905370
v -2.137632 0.825051 -3.437801
v -2.135625 0.839125 -3.436978
v -2.124398 0.825051 -3.469274
v -2.133897 0.825051 -3.446679
v -2.118639 0.839125 -3.477328
v -2.120664 0.825051 -3.478154
v -2.121841 0.795066 -3.487403
v -2.124052 0.779738 -3.488307
v -2.138181 0.795066 -3.448434
v -2.128703 0.795066 -3.471038
v -2.147226 0.779738 -3.432965
v -2.145043 0.795066 -3.432073
v -2.355332 0.812828 -3.578164
v -2.353079 0.828155 -3.577367
v -2.375632 0.812828 -3.521701
v -2.367396 0.828156 -3.537613
v -2.373408 0.828156 -3.520919
v -2.359091 0.828156 -3.560674
v -2.351432 0.858141 -3.568185
v -2.349370 0.872214 -3.567458
v -2.363032 0.858141 -3.536075
v -2.354705 0.858141 -3.559127
v -2.364260 0.872214 -3.526292
v -2.366305 0.858141 -3.527013
v -2.257907 0.743584 -3.464182
v -2.246558 0.822766 -3.459856
v -2.235567 0.822766 -3.487769
v -2.246987 0.743584 -3.492122
v -2.287445 0.747863 -3.475425
v -2.276095 0.827045 -3.471105
v -2.276712 0.747863 -3.503439
v -2.265289 0.827045 -3.499094
v -2.468485 0.822766 -2.896239
v -2.457494 0.822766 -2.924152
v -2.467473 0.743584 -2.927940
v -2.478393 0.743584 -2.899999
v -2.483465 0.827045 -2.934013
v -2.493443 0.747863 -2.937806
v -2.494270 0.827045 -2.906026
v -2.504177 0.747863 -2.909791
v -2.489127 0.731067 -2.740371
v -2.482040 0.790453 -2.737472
v -2.127708 0.790453 -3.608133
v -2.136462 0.731067 -3.611709
v -2.604696 0.751035 -2.785279
v -2.597542 0.810421 -2.782550
v -2.279218 0.751034 -3.667132
v -2.270376 0.810421 -3.663777
v -2.137655 0.824889 -3.437810
v -2.135649 0.838963 -3.436988
v -2.124421 0.824889 -3.469283
v -2.133921 0.824889 -3.446689
v -2.118663 0.838963 -3.477338
v -2.120688 0.824889 -3.478166
v -2.121863 0.794904 -3.487411
v -2.124076 0.779576 -3.488317
v -2.138203 0.794904 -3.448444
v -2.128725 0.794904 -3.471048
v -2.147250 0.779576 -3.432975
v -2.145065 0.794904 -3.432080
v -2.355355 0.812666 -3.578172
v -2.353103 0.827994 -3.577377
v -2.375656 0.812666 -3.521711
v -2.367419 0.827994 -3.537623
v -2.373432 0.827994 -3.520928
v -2.359115 0.827994 -3.560681
v -2.351457 0.857979 -3.568195
v -2.349394 0.872053 -3.567468
v -2.363056 0.857980 -3.536084
v -2.354729 0.857980 -3.559136
v -2.364284 0.872053 -3.526301
v -2.366329 0.857979 -3.527023
v -2.355382 0.812488 -3.578183
v -2.353132 0.827815 -3.577390
v -2.375682 0.812488 -3.521722
v -2.367448 0.827815 -3.537632
v -2.373460 0.827815 -3.520937
v -2.359144 0.827815 -3.560693
v -2.351483 0.857800 -3.568205
v -2.349417 0.871874 -3.567475
v -2.363082 0.857800 -3.536092
v -2.354756 0.857800 -3.559142
v -2.364308 0.871875 -3.526310
v -2.366355 0.857801 -3.527031
v -2.355406 0.812326 -3.578191
v -2.353156 0.827654 -3.577397
v -2.375706 0.812326 -3.521731
v -2.367472 0.827654 -3.537644
v -2.373484 0.827654 -3.520947
v -2.359167 0.827653 -3.560702
v -2.351507 0.857639 -3.568215
v -2.349442 0.871713 -3.567485
v -2.363106 0.857639 -3.536101
v -2.354779 0.857639 -3.559152
v -2.364332 0.871713 -3.526317
v -2.366378 0.857639 -3.527038
v -2.355382 0.812488 -3.578183
v -2.353132 0.827815 -3.577390
v -2.375682 0.812488 -3.521722
v -2.367448 0.827815 -3.537632
v -2.373460 0.827815 -3.520937
v -2.359144 0.827815 -3.560693
v -2.351483 0.857800 -3.568205
v -2.349417 0.871874 -3.567475
v -2.363082 0.857800 -3.536092
v -2.354756 0.857800 -3.559142
v -2.364308 0.871875 -3.526310
v -2.366355 0.857801 -3.527031
v -2.355406 0.812326 -3.578191
v -2.353156 0.827654 -3.577397
v -2.375706 0.812326 -3.521731
v -2.367472 0.827654 -3.537644
v -2.373484 0.827654 -3.520947
v -2.359167 0.827653 -3.560702
v -2.351507 0.857639 -3.568215
v -2.349442 0.871713 -3.567485
v -2.363106 0.857639 -3.536101
v -2.354779 0.857639 -3.559152
v -2.364332 0.871713 -3.526317
v -2.366378 0.857639 -3.527038
v -2.587574 0.858141 -2.914430
v -2.574194 0.872214 -2.945918
v -2.575975 0.858141 -2.946542
v -2.579248 0.858141 -2.937480
v -2.590847 0.858141 -2.905370
v -2.589085 0.872214 -2.904750
v -2.578964 0.812828 -2.956195
v -2.599265 0.812828 -2.899730
v -2.597348 0.828155 -2.899057
v -2.591336 0.828156 -2.915752
v -2.583032 0.828156 -2.938813
v -2.577020 0.828156 -2.955508
v -2.799658 0.845918 -2.965968
v -2.797712 0.861246 -2.965388
v -2.785459 0.861246 -3.005827
v -2.792566 0.861246 -2.982371
v -2.782286 0.845918 -3.023398
v -2.780312 0.861246 -3.022812
v -2.788744 0.891231 -2.981237
v -2.781613 0.891231 -3.004685
v -2.778810 0.891231 -3.013904
v -2.777001 0.905305 -3.013366
v -2.789756 0.905305 -2.971486
v -2.791546 0.891231 -2.972018
v -2.366305 0.858141 -3.527013
v -2.364261 0.872214 -3.526292
v -2.354705 0.858141 -3.559127
v -2.363032 0.858141 -3.536075
v -2.349370 0.872214 -3.567458
v -2.351433 0.858141 -3.568187
v -2.353079 0.828156 -3.577369
v -2.355332 0.812828 -3.578164
v -2.367396 0.828156 -3.537613
v -2.359091 0.828156 -3.560674
v -2.375632 0.812828 -3.521701
v -2.373408 0.828156 -3.520919
v -2.590929 0.845918 -3.656044
v -2.588641 0.861246 -3.655362
v -2.608299 0.845918 -3.598613
v -2.600895 0.861246 -3.614926
v -2.606041 0.861246 -3.597943
v -2.593787 0.861246 -3.638379
v -2.586527 0.891231 -3.646270
v -2.584431 0.905305 -3.645642
v -2.596460 0.891231 -3.613601
v -2.589330 0.891231 -3.637055
v -2.597186 0.905304 -3.603766
v -2.599263 0.891231 -3.604386
v -2.487779 0.776674 -3.547191
v -2.476230 0.855856 -3.543431
v -2.466688 0.855856 -3.571877
v -2.478310 0.776674 -3.575658
v -2.517839 0.780953 -3.556960
v -2.506289 0.860135 -3.553208
v -2.508559 0.780953 -3.585490
v -2.496936 0.860135 -3.581714
v -2.668897 0.855856 -2.969155
v -2.659355 0.855856 -2.997600
v -2.669508 0.776674 -3.000888
v -2.678977 0.776674 -2.972423
v -2.685779 0.860135 -3.006167
v -2.695930 0.780953 -3.009463
v -2.695131 0.860135 -2.977664
v -2.705210 0.780953 -2.980937
v -2.681461 0.764156 -2.812570
v -2.674242 0.823543 -2.810023
v -2.365112 0.823543 -3.697736
v -2.374032 0.764156 -3.700875
v -2.799155 0.784125 -2.851527
v -2.791875 0.843511 -2.849153
v -2.519444 0.784125 -3.748946
v -2.510448 0.843511 -3.746037
v -2.366329 0.857979 -3.527023
v -2.364284 0.872053 -3.526301
v -2.354729 0.857979 -3.559136
v -2.363056 0.857979 -3.536084
v -2.349394 0.872053 -3.567468
v -2.351457 0.857979 -3.568195
v -2.353103 0.827994 -3.577377
v -2.355355 0.812666 -3.578172
v -2.367419 0.827994 -3.537623
v -2.359115 0.827994 -3.560681
v -2.375656 0.812666 -3.521711
v -2.373432 0.827994 -3.520928
v -2.590953 0.845756 -3.656051
v -2.588666 0.861084 -3.655368
v -2.608323 0.845757 -3.598622
v -2.600919 0.861084 -3.614930
v -2.606065 0.861084 -3.597947
v -2.593812 0.861084 -3.638387
v -2.586552 0.891069 -3.646279
v -2.584453 0.905143 -3.645652
v -2.596485 0.891069 -3.613609
v -2.589354 0.891069 -3.637059
v -2.597207 0.905143 -3.603772
v -2.599287 0.891069 -3.604393
v -2.590982 0.845577 -3.656060
v -2.588690 0.860905 -3.655377
v -2.608352 0.845578 -3.598631
v -2.600944 0.860905 -3.614938
v -2.606089 0.860905 -3.597955
v -2.593836 0.860905 -3.638395
v -2.586576 0.890890 -3.646283
v -2.584479 0.904964 -3.645659
v -2.596509 0.890890 -3.613617
v -2.589379 0.890890 -3.637067
v -2.597234 0.904964 -3.603780
v -2.599311 0.890890 -3.604398
v -2.591004 0.845416 -3.656067
v -2.588715 0.860743 -3.655386
v -2.608374 0.845416 -3.598636
v -2.600968 0.860743 -3.614947
v -2.606114 0.860743 -3.597962
v -2.593861 0.860743 -3.638403
v -2.586600 0.890729 -3.646291
v -2.584504 0.904802 -3.645665
v -2.596533 0.890729 -3.613624
v -2.589403 0.890729 -3.637076
v -2.597258 0.904802 -3.603789
v -2.599336 0.890729 -3.604407
v -2.590982 0.845577 -3.656060
v -2.588690 0.860905 -3.655377
v -2.608352 0.845578 -3.598631
v -2.600944 0.860905 -3.614938
v -2.606089 0.860905 -3.597955
v -2.593836 0.860905 -3.638395
v -2.586576 0.890890 -3.646283
v -2.584479 0.904964 -3.645659
v -2.596509 0.890890 -3.613617
v -2.589379 0.890890 -3.637067
v -2.597234 0.904964 -3.603780
v -2.599311 0.890890 -3.604398
v -2.591004 0.845416 -3.656067
v -2.588715 0.860743 -3.655386
v -2.608374 0.845416 -3.598636
v -2.600968 0.860743 -3.614947
v -2.606114 0.860743 -3.597962
v -2.593861 0.860743 -3.638403
v -2.586600 0.890729 -3.646291
v -2.584504 0.904802 -3.645665
v -2.596533 0.890729 -3.613624
v -2.589403 0.890729 -3.637076
v -2.597258 0.904802 -3.603789
v -2.599336 0.890729 -3.604407
v -2.788744 0.891231 -2.981237
v -2.776999 0.905304 -3.013366
v -2.778810 0.891231 -3.013904
v -2.781613 0.891231 -3.004685
v -2.791546 0.891231 -2.972018
v -2.789754 0.905304 -2.971486
v -2.782286 0.845918 -3.023398
v -2.799657 0.845918 -2.965968
v -2.797712 0.861246 -2.965388
v -2.792566 0.861246 -2.982371
v -2.785459 0.861246 -3.005827
v -2.780313 0.861246 -3.022812
v -3.003187 0.879008 -3.021829
v -3.001215 0.894336 -3.021351
v -2.991057 0.894336 -3.062364
v -2.996949 0.894336 -3.038573
v -2.988792 0.879008 -3.080080
v -2.986791 0.894335 -3.079590
v -2.993075 0.924321 -3.037627
v -2.987159 0.924321 -3.061414
v -2.984834 0.924321 -3.070765
v -2.982998 0.938394 -3.070315
v -2.993583 0.938394 -3.027837
v -2.995400 0.924321 -3.028278
v -2.599263 0.891231 -3.604386
v -2.597183 0.905304 -3.603766
v -2.589330 0.891231 -3.637055
v -2.596460 0.891231 -3.613601
v -2.584428 0.905304 -3.645642
v -2.586527 0.891231 -3.646270
v -2.588642 0.861246 -3.655362
v -2.590928 0.845918 -3.656044
v -2.600895 0.861246 -3.614926
v -2.593787 0.861246 -3.638379
v -2.608299 0.845918 -3.598613
v -2.606041 0.861246 -3.597943
v -2.830212 0.879008 -3.721728
v -2.827894 0.894335 -3.721159
v -2.844607 0.879008 -3.663479
v -2.838052 0.894336 -3.680144
v -2.842318 0.894335 -3.662920
v -2.832160 0.894335 -3.703933
v -2.825317 0.924321 -3.712180
v -2.823189 0.938394 -3.711661
v -2.833557 0.924321 -3.679042
v -2.827642 0.924321 -3.702830
v -2.833774 0.938394 -3.669180
v -2.835882 0.924321 -3.669696
v -2.721609 0.809764 -3.618300
v -2.709888 0.888945 -3.615122
v -2.701821 0.888946 -3.644015
v -2.713616 0.809764 -3.647216
v -2.752118 0.814043 -3.626561
v -2.740393 0.893225 -3.623387
v -2.744318 0.814043 -3.655531
v -2.732518 0.893224 -3.652335
v -2.872770 0.888945 -3.031696
v -2.864703 0.888946 -3.060592
v -2.875007 0.809764 -3.063378
v -2.883000 0.809764 -3.034462
v -2.891517 0.893225 -3.067843
v -2.901821 0.814043 -3.070633
v -2.899391 0.893225 -3.038892
v -2.909622 0.814043 -3.041661
v -2.877233 0.797246 -2.874793
v -2.869897 0.856633 -2.872604
v -2.606821 0.856633 -3.775039
v -2.615888 0.797246 -3.777733
v -2.996800 0.817215 -2.907558
v -2.989376 0.876601 -2.905679
v -2.763602 0.817215 -3.818175
v -2.754434 0.876601 -3.815846
v -2.599287 0.891069 -3.604393
v -2.597207 0.905143 -3.603772
v -2.589354 0.891069 -3.637059
v -2.596485 0.891069 -3.613609
v -2.584453 0.905143 -3.645652
v -2.586552 0.891069 -3.646279
v -2.588666 0.861084 -3.655368
v -2.590953 0.845756 -3.656051
v -2.600919 0.861084 -3.614930
v -2.593812 0.861084 -3.638387
v -2.608323 0.845756 -3.598622
v -2.606065 0.861084 -3.597947
v -2.830237 0.878846 -3.721730
v -2.827919 0.894174 -3.721166
v -2.844632 0.878846 -3.663484
v -2.838077 0.894174 -3.680151
v -2.842342 0.894174 -3.662925
v -2.832184 0.894174 -3.703941
v -2.825342 0.924159 -3.712186
v -2.823214 0.938232 -3.711663
v -2.833582 0.924159 -3.679053
v -2.827667 0.924159 -3.702834
v -2.833799 0.938233 -3.669185
v -2.835907 0.924159 -3.669703
v -2.830264 0.878668 -3.721740
v -2.827943 0.893995 -3.721172
v -2.844659 0.878667 -3.663489
v -2.838102 0.893995 -3.680156
v -2.842367 0.893995 -3.662932
v -2.832209 0.893995 -3.703944
v -2.825366 0.923980 -3.712193
v -2.823241 0.938054 -3.711672
v -2.833606 0.923980 -3.679060
v -2.827691 0.923980 -3.702840
v -2.833826 0.938054 -3.669192
v -2.835931 0.923980 -3.669707
v -2.830286 0.878506 -3.721745
v -2.827968 0.893833 -3.721175
v -2.844681 0.878506 -3.663496
v -2.838126 0.893833 -3.680163
v -2.842391 0.893833 -3.662936
v -2.832234 0.893833 -3.703952
v -2.825391 0.923819 -3.712197
v -2.823266 0.937892 -3.711680
v -2.833631 0.923819 -3.679063
v -2.827716 0.923819 -3.702850
v -2.833850 0.937892 -3.669199
v -2.835956 0.923819 -3.669714
v -2.830264 0.878668 -3.721740
v -2.827943 0.893995 -3.721172
v -2.844659 0.878667 -3.663489
v -2.838102 0.893995 -3.680156
v -2.842367 0.893995 -3.662932
v -2.832209 0.893995 -3.703944
v -2.825366 0.923980 -3.712193
v -2.823241 0.938054 -3.711672
v -2.833606 0.923980 -3.679060
v -2.827691 0.923980 -3.702840
v -2.833826 0.938054 -3.669192
v -2.835931 0.923980 -3.669707
v -2.830286 0.878506 -3.721745
v -2.827968 0.893833 -3.721175
v -2.844681 0.878506 -3.663496
v -2.838126 0.893833 -3.680163
v -2.842391 0.893833 -3.662936
v -2.832234 0.893833 -3.703952
v -2.825391 0.923819 -3.712197
v -2.823266 0.937892 -3.711680
v -2.833631 0.923819 -3.679063
v -2.827716 0.923819 -3.702850
v -2.833850 0.937892 -3.669199
v -2.835956 0.923819 -3.669714
v -2.993073 0.924321 -3.037627
v -2.982998 0.938394 -3.070315
v -2.984832 0.924321 -3.070765
v -2.987157 0.924320 -3.061412
v -2.995398 0.924320 -3.028278
v -2.993583 0.938394 -3.027837
v -2.988792 0.879008 -3.080080
v -3.003187 0.879008 -3.021829
v -3.001215 0.894336 -3.021351
v -2.996949 0.894336 -3.038573
v -2.991057 0.894336 -3.062364
v -2.986791 0.894335 -3.079590
v -3.209337 0.912098 -3.067178
v -3.207343 0.927425 -3.066795
v -3.199304 0.927425 -3.108279
v -3.203967 0.927425 -3.084219
v -3.197951 0.912098 -3.126086
v -3.195928 0.927426 -3.125703
v -3.200048 0.957411 -3.083470
v -3.195361 0.957411 -3.107526
v -3.193519 0.957411 -3.116982
v -3.191667 0.971484 -3.116626
v -3.200057 0.971484 -3.073660
v -3.201890 0.957411 -3.074011
v -2.835880 0.924321 -3.669696
v -2.833774 0.938394 -3.669180
v -2.827640 0.924321 -3.702830
v -2.833555 0.924321 -3.679042
v -2.823189 0.938394 -3.711661
v -2.825315 0.924321 -3.712180
v -2.827894 0.894335 -3.721159
v -2.830212 0.879008 -3.721728
v -2.838052 0.894335 -3.680144
v -2.832160 0.894335 -3.703933
v -2.844607 0.879008 -3.663479
v -2.842318 0.894335 -3.662920
v -3.072520 0.912098 -3.775034
v -3.070177 0.927425 -3.774582
v -3.083907 0.912098 -3.716121
v -3.078216 0.927426 -3.733101
v -3.081593 0.927425 -3.715678
v -3.073553 0.927426 -3.757164
v -3.067143 0.957411 -3.765741
v -3.064996 0.971484 -3.765330
v -3.073671 0.957411 -3.732227
v -3.068985 0.957411 -3.756284
v -3.073386 0.971484 -3.722363
v -3.075513 0.957411 -3.722772
v -2.958772 0.842854 -3.677306
v -2.946905 0.922036 -3.674719
v -2.940334 0.922036 -3.703991
v -2.952276 0.842854 -3.706597
v -2.989653 0.847133 -3.684034
v -2.977785 0.926315 -3.681450
v -2.983351 0.847132 -3.713363
v -2.971408 0.926314 -3.710766
v -3.079590 0.922036 -3.083697
v -3.073019 0.922036 -3.112967
v -3.083451 0.842853 -3.115235
v -3.089948 0.842854 -3.085947
v -3.100165 0.926315 -3.118873
v -3.110596 0.847133 -3.121146
v -3.106542 0.926315 -3.089557
v -3.116899 0.847132 -3.091816
v -3.075956 0.830336 -2.926873
v -3.068518 0.889723 -2.925050
v -2.852178 0.889723 -3.839816
v -2.861370 0.830336 -3.842053
v -3.197093 0.850304 -2.953336
v -3.189569 0.909691 -2.951905
v -3.010968 0.850304 -3.874728
v -3.001683 0.909691 -3.872937
v -2.835905 0.924159 -3.669703
v -2.833799 0.938232 -3.669185
v -2.827664 0.924159 -3.702834
v -2.833580 0.924159 -3.679051
v -2.823214 0.938233 -3.711668
v -2.825339 0.924159 -3.712186
v -2.827917 0.894174 -3.721166
v -2.830237 0.878846 -3.721730
v -2.838075 0.894174 -3.680148
v -2.832182 0.894174 -3.703940
v -2.844632 0.878846 -3.663484
v -2.842340 0.894174 -3.662925
v -3.072546 0.911936 -3.775039
v -3.070202 0.927264 -3.774585
v -3.083932 0.911936 -3.716128
v -3.078241 0.927264 -3.733104
v -3.081617 0.927264 -3.715685
v -3.073578 0.927264 -3.757167
v -3.067167 0.957249 -3.765746
v -3.065019 0.971323 -3.765334
v -3.073696 0.957249 -3.732230
v -3.069009 0.957249 -3.756291
v -3.073409 0.971322 -3.722367
v -3.075538 0.957249 -3.722777
v -3.072573 0.911757 -3.775044
v -3.070230 0.927085 -3.774594
v -3.083959 0.911757 -3.716132
v -3.078268 0.927085 -3.733109
v -3.081644 0.927085 -3.715688
v -3.073606 0.927085 -3.757174
v -3.067197 0.957070 -3.765751
v -3.065046 0.971144 -3.765339
v -3.073725 0.957070 -3.732238
v -3.069039 0.957070 -3.756295
v -3.073436 0.971144 -3.722374
v -3.075567 0.957070 -3.722781
v -3.072598 0.911596 -3.775046
v -3.070255 0.926923 -3.774596
v -3.083983 0.911596 -3.716137
v -3.078293 0.926923 -3.733113
v -3.081669 0.926923 -3.715693
v -3.073630 0.926923 -3.757178
v -3.067222 0.956909 -3.765756
v -3.065072 0.970982 -3.765344
v -3.073750 0.956909 -3.732245
v -3.069064 0.956909 -3.756302
v -3.073461 0.970982 -3.722377
v -3.075592 0.956909 -3.722786
v -3.072573 0.911757 -3.775044
v -3.070230 0.927085 -3.774594
v -3.083959 0.911757 -3.716132
v -3.078268 0.927085 -3.733109
v -3.081644 0.927085 -3.715688
v -3.073606 0.927085 -3.757174
v -3.067197 0.957070 -3.765751
v -3.065046 0.971144 -3.765339
v -3.073725 0.957070 -3.732238
v -3.069039 0.957070 -3.756295
v -3.073436 0.971144 -3.722374
v -3.075567 0.957070 -3.722781
v -3.072598 0.911596 -3.775046
v -3.070255 0.926923 -3.774596
v -3.083983 0.911596 -3.716137
v -3.078293 0.926923 -3.733113
v -3.081669 0.926923 -3.715693
v -3.073630 0.926923 -3.757178
v -3.067222 0.956909 -3.765756
v -3.065072 0.970982 -3.765344
v -3.073750 0.956909 -3.732245
v -3.069064 0.956909 -3.756302
v -3.073461 0.970982 -3.722377
v -3.075592 0.956909 -3.722786
v -3.200048 0.957411 -3.083470
v -3.191665 0.971484 -3.116626
v -3.193519 0.957411 -3.116982
v -3.195361 0.957411 -3.107526
v -3.201890 0.957411 -3.074011
v -3.200055 0.971484 -3.073660
v -3.197951 0.912098 -3.126086
v -3.209337 0.912098 -3.067178
v -3.207343 0.927425 -3.066795
v -3.203967 0.927425 -3.084219
v -3.199304 0.927425 -3.108279
v -3.195928 0.927426 -3.125703
v -3.417596 0.945188 -3.101916
v -3.415585 0.960515 -3.101637
v -3.409680 0.960515 -3.143477
v -3.413105 0.960515 -3.119208
v -3.409240 0.945188 -3.161332
v -3.407200 0.960515 -3.161049
v -3.409151 0.990501 -3.118653
v -3.405702 0.990500 -3.142920
v -3.404347 0.990501 -3.152459
v -3.402475 1.004574 -3.152195
v -3.408654 1.004574 -3.108855
v -3.410507 0.990501 -3.109115
v -3.075513 0.957411 -3.722772
v -3.073384 0.971484 -3.722363
v -3.068985 0.957411 -3.756284
v -3.073671 0.957411 -3.732227
v -3.064994 0.971484 -3.765330
v -3.067143 0.957411 -3.765741
v -3.070177 0.927425 -3.774582
v -3.072520 0.912098 -3.775034
v -3.078216 0.927425 -3.733099
v -3.073553 0.927425 -3.757164
v -3.083907 0.912098 -3.716121
v -3.081593 0.927425 -3.715678
v -3.317186 0.945188 -3.815846
v -3.314824 0.960515 -3.815516
v -3.325543 0.945187 -3.756429
v -3.320730 0.960515 -3.773674
v -3.323210 0.960515 -3.756104
v -3.317304 0.960515 -3.797942
v -3.311343 0.990501 -3.806836
v -3.309175 1.004574 -3.806532
v -3.316147 0.990501 -3.773030
v -3.312698 0.990501 -3.797297
v -3.315354 1.004574 -3.763192
v -3.317503 0.990501 -3.763495
v -3.198614 0.875943 -3.724069
v -3.186635 0.955126 -3.722079
v -3.181573 0.955125 -3.751651
v -3.193627 0.875943 -3.753652
v -3.229786 0.880222 -3.729234
v -3.217805 0.959404 -3.727250
v -3.224995 0.880223 -3.758849
v -3.212939 0.959404 -3.756852
v -3.288835 0.955125 -3.125028
v -3.283774 0.955126 -3.154599
v -3.294309 0.875943 -3.156344
v -3.299295 0.875944 -3.126758
v -3.311185 0.959404 -3.159139
v -3.321719 0.880222 -3.160888
v -3.316051 0.959404 -3.129537
v -3.326510 0.880222 -3.131272
v -3.277134 0.863426 -2.968684
v -3.269614 0.922813 -2.967233
v -3.100501 0.922813 -3.891894
v -3.109789 0.863426 -3.893665
v -3.399528 0.883394 -2.988816
v -3.391939 0.942781 -2.987762
v -3.260834 0.883394 -3.918527
v -3.251475 0.942780 -3.917207
v -3.075538 0.957249 -3.722777
v -3.073407 0.971322 -3.722367
v -3.069009 0.957249 -3.756291
v -3.073696 0.957249 -3.732230
v -3.065017 0.971323 -3.765334
v -3.067167 0.957249 -3.765746
v -3.070202 0.927264 -3.774585
v -3.072545 0.911936 -3.775039
v -3.078241 0.927264 -3.733104
v -3.073578 0.927264 -3.757167
v -3.083932 0.911936 -3.716128
v -3.081617 0.927264 -3.715685
v -3.317212 0.945026 -3.815848
v -3.314848 0.960354 -3.815518
v -3.325568 0.945026 -3.756434
v -3.320753 0.960353 -3.773677
v -3.323233 0.960354 -3.756106
v -3.317328 0.960354 -3.797945
v -3.311368 0.990339 -3.806839
v -3.309200 1.004413 -3.806535
v -3.316172 0.990339 -3.773032
v -3.312723 0.990339 -3.797301
v -3.315380 1.004413 -3.763197
v -3.317528 0.990339 -3.763498
v -3.317239 0.944847 -3.815850
v -3.314875 0.960175 -3.815520
v -3.325595 0.944847 -3.756436
v -3.320780 0.960175 -3.773681
v -3.323260 0.960175 -3.756108
v -3.317355 0.960175 -3.797950
v -3.311395 0.990160 -3.806842
v -3.309229 1.004234 -3.806540
v -3.316199 0.990160 -3.773039
v -3.312751 0.990160 -3.797305
v -3.315409 1.004234 -3.763200
v -3.317555 0.990160 -3.763499
v -3.317265 0.944685 -3.815855
v -3.314900 0.960014 -3.815524
v -3.325620 0.944685 -3.756438
v -3.320805 0.960013 -3.773686
v -3.323285 0.960013 -3.756110
v -3.317380 0.960013 -3.797952
v -3.311418 0.989999 -3.806846
v -3.309255 1.004072 -3.806542
v -3.316222 0.989999 -3.773044
v -3.312774 0.989999 -3.797310
v -3.315434 1.004072 -3.763202
v -3.317577 0.989999 -3.763504
v -3.317239 0.944847 -3.815850
v -3.314875 0.960175 -3.815520
v -3.325595 0.944847 -3.756436
v -3.320780 0.960175 -3.773681
v -3.323260 0.960175 -3.756108
v -3.317355 0.960175 -3.797950
v -3.311395 0.990160 -3.806842
v -3.309229 1.004234 -3.806540
v -3.316199 0.990160 -3.773039
v -3.312751 0.990160 -3.797305
v -3.315409 1.004234 -3.763200
v -3.317555 0.990160 -3.763499
v -3.317265 0.944685 -3.815855
v -3.314900 0.960014 -3.815524
v -3.325620 0.944685 -3.756438
v -3.320805 0.960013 -3.773686
v -3.323285 0.960013 -3.756110
v -3.317380 0.960013 -3.797952
v -3.311418 0.989999 -3.806846
v -3.309255 1.004072 -3.806542
v -3.316222 0.989999 -3.773044
v -3.312774 0.989999 -3.797310
v -3.315434 1.004072 -3.763202
v -3.317577 0.989999 -3.763504
v -3.409151 0.990501 -3.118653
v -3.402475 1.004574 -3.152195
v -3.404347 0.990501 -3.152459
v -3.405702 0.990500 -3.142920
v -3.410507 0.990501 -3.109115
v -3.408654 1.004574 -3.108855
v -3.409240 0.945188 -3.161332
v -3.417596 0.945187 -3.101916
v -3.415583 0.960515 -3.101635
v -3.413103 0.960515 -3.119206
v -3.409677 0.960515 -3.143477
v -3.407197 0.960515 -3.161049
v -3.627447 0.978277 -3.125988
v -3.625421 0.993605 -3.125810
v -3.621654 0.993605 -3.167895
v -3.623839 0.993605 -3.143483
v -3.622127 0.978277 -3.185751
v -3.620072 0.993605 -3.185571
v -3.619863 1.023590 -3.143129
v -3.617654 1.023590 -3.167539
v -3.616786 1.023590 -3.177136
v -3.614904 1.037664 -3.176967
v -3.618868 1.037664 -3.133370
v -3.620731 1.023590 -3.133536
v -3.317503 0.990501 -3.763495
v -3.315354 1.004574 -3.763192
v -3.312698 0.990501 -3.797297
v -3.316147 0.990501 -3.773030
v -3.309175 1.004574 -3.806532
v -3.311343 0.990501 -3.806836
v -3.314822 0.960515 -3.815516
v -3.317186 0.945188 -3.815846
v -3.320728 0.960515 -3.773674
v -3.317302 0.960515 -3.797940
v -3.325543 0.945187 -3.756429
v -3.323208 0.960515 -3.756104
v -3.563524 0.978278 -3.844103
v -3.561147 0.993605 -3.843890
v -3.568844 0.978278 -3.784341
v -3.564914 0.993605 -3.801806
v -3.566496 0.993605 -3.784132
v -3.562729 0.993605 -3.826217
v -3.557233 1.023590 -3.835402
v -3.555055 1.037664 -3.835207
v -3.560309 1.023590 -3.801396
v -3.558101 1.023590 -3.825805
v -3.559019 1.037664 -3.791610
v -3.561177 1.023590 -3.791800
v -3.440472 0.909033 -3.758494
v -3.428411 0.988216 -3.757110
v -3.424866 0.988216 -3.786900
v -3.437003 0.909033 -3.788292
v -3.471857 0.913312 -3.762078
v -3.459798 0.992494 -3.760701
v -3.468584 0.913312 -3.791903
v -3.456449 0.992494 -3.790516
v -3.499978 0.988215 -3.155618
v -3.496433 0.988215 -3.185407
v -3.507046 0.909033 -3.186622
v -3.510515 0.909033 -3.156823
v -3.524052 0.992494 -3.188563
v -3.534662 0.913312 -3.189782
v -3.527400 0.992494 -3.158753
v -3.537935 0.913312 -3.159961
v -3.480278 0.896516 -3.000131
v -3.472689 0.955903 -2.999059
v -3.351085 0.955903 -3.931162
v -3.360447 0.896516 -3.932462
v -3.603623 0.916484 -3.013932
v -3.595985 0.975871 -3.013263
v -3.512502 0.916484 -3.949508
v -3.503092 0.975871 -3.948663
v -3.317528 0.990339 -3.763498
v -3.315380 1.004412 -3.763197
v -3.312723 0.990339 -3.797301
v -3.316172 0.990339 -3.773032
v -3.309200 1.004412 -3.806535
v -3.311368 0.990339 -3.806839
v -3.314848 0.960354 -3.815518
v -3.317212 0.945026 -3.815848
v -3.320753 0.960353 -3.773677
v -3.317328 0.960354 -3.797945
v -3.325568 0.945026 -3.756434
v -3.323233 0.960354 -3.756106
v -3.563550 0.978116 -3.844106
v -3.561173 0.993444 -3.843892
v -3.568869 0.978116 -3.784343
v -3.564940 0.993443 -3.801808
v -3.566521 0.993444 -3.784132
v -3.562754 0.993444 -3.826222
v -3.557258 1.023429 -3.835404
v -3.555081 1.037502 -3.835209
v -3.560334 1.023428 -3.801398
v -3.558126 1.023429 -3.825807
v -3.559044 1.037502 -3.791612
v -3.561202 1.023429 -3.791804
v -3.563577 0.977937 -3.844108
v -3.561203 0.993265 -3.843897
v -3.568896 0.977937 -3.784345
v -3.564969 0.993264 -3.801809
v -3.566551 0.993265 -3.784135
v -3.562784 0.993265 -3.826224
v -3.557285 1.023250 -3.835405
v -3.555106 1.037324 -3.835210
v -3.560362 1.023250 -3.801400
v -3.558153 1.023250 -3.825810
v -3.559069 1.037324 -3.791615
v -3.561229 1.023250 -3.791806
v -3.563603 0.977776 -3.844111
v -3.561228 0.993103 -3.843898
v -3.568922 0.977776 -3.784348
v -3.564994 0.993103 -3.801812
v -3.566576 0.993103 -3.784137
v -3.562810 0.993103 -3.826224
v -3.557311 1.023089 -3.835406
v -3.555131 1.037162 -3.835214
v -3.560387 1.023089 -3.801402
v -3.558179 1.023089 -3.825812
v -3.559095 1.037162 -3.791617
v -3.561255 1.023089 -3.791808
v -3.563577 0.977937 -3.844108
v -3.561203 0.993265 -3.843897
v -3.568896 0.977937 -3.784345
v -3.564969 0.993264 -3.801809
v -3.566551 0.993265 -3.784135
v -3.562784 0.993265 -3.826224
v -3.557285 1.023250 -3.835405
v -3.555106 1.037324 -3.835210
v -3.560362 1.023250 -3.801400
v -3.558153 1.023250 -3.825810
v -3.559069 1.037324 -3.791615
v -3.561229 1.023250 -3.791806
v -3.563603 0.977776 -3.844111
v -3.561228 0.993103 -3.843898
v -3.568922 0.977776 -3.784348
v -3.564994 0.993103 -3.801812
v -3.566576 0.993103 -3.784137
v -3.562810 0.993103 -3.826224
v -3.557311 1.023089 -3.835406
v -3.555131 1.037162 -3.835214
v -3.560387 1.023089 -3.801402
v -3.558179 1.023089 -3.825812
v -3.559095 1.037162 -3.791617
v -3.561255 1.023089 -3.791808
v -3.619863 1.023590 -3.143129
v -3.614904 1.037664 -3.176967
v -3.616786 1.023590 -3.177136
v -3.617654 1.023590 -3.167539
v -3.620731 1.023590 -3.133536
v -3.618868 1.037664 -3.133370
v -3.622127 0.978277 -3.185751
v -3.627447 0.978277 -3.125988
v -3.625421 0.993605 -3.125810
v -3.623839 0.993605 -3.143483
v -3.621654 0.993605 -3.167895
v -3.620072 0.993605 -3.185571
v -3.838380 1.011368 -3.139386
v -3.836348 1.026695 -3.139309
v -3.834714 1.026695 -3.181533
v -3.835662 1.026695 -3.157042
v -3.836089 1.011367 -3.199342
v -3.834027 1.026695 -3.199265
v -3.831668 1.056680 -3.156889
v -3.830697 1.056680 -3.181380
v -3.830315 1.056680 -3.191005
v -3.828426 1.070754 -3.190934
v -3.830179 1.070754 -3.147194
v -3.832049 1.056680 -3.147265
v -3.561177 1.023590 -3.791800
v -3.559019 1.037664 -3.791610
v -3.558101 1.023590 -3.825805
v -3.560309 1.023590 -3.801396
v -3.555055 1.037664 -3.835207
v -3.557233 1.023590 -3.835402
v -3.561147 0.993605 -3.843890
v -3.563524 0.978278 -3.844103
v -3.564914 0.993605 -3.801806
v -3.562729 0.993605 -3.826217
v -3.568844 0.978278 -3.784341
v -3.566496 0.993605 -3.784132
v -3.810853 1.011367 -3.859815
v -3.808472 1.026695 -3.859723
v -3.813144 1.011368 -3.799857
v -3.810106 1.026695 -3.817500
v -3.810792 1.026695 -3.799771
v -3.809158 1.026695 -3.841993
v -3.804133 1.056680 -3.851442
v -3.801950 1.070754 -3.851359
v -3.805486 1.056680 -3.817325
v -3.804515 1.056680 -3.841816
v -3.803704 1.070754 -3.807614
v -3.805867 1.056680 -3.807698
v -3.683687 0.942123 -3.780550
v -3.671577 1.021305 -3.779780
v -3.669550 1.021306 -3.809714
v -3.681736 0.942123 -3.810487
v -3.715201 0.946402 -3.782547
v -3.703093 1.025584 -3.781781
v -3.713445 0.946402 -3.812493
v -3.701261 1.025584 -3.811723
v -3.712502 1.021305 -3.175429
v -3.710475 1.021305 -3.205362
v -3.721141 0.942123 -3.206035
v -3.723093 0.942123 -3.176099
v -3.738232 1.025584 -3.207121
v -3.748895 0.946402 -3.207800
v -3.740063 1.025584 -3.177178
v -3.750651 0.946402 -3.177850
v -3.684897 0.929606 -3.021169
v -3.677258 0.988993 -3.020483
v -3.603222 0.988993 -3.957562
v -3.612635 0.929606 -3.958388
v -3.808889 0.949574 -3.028680
v -3.801219 1.008961 -3.028396
v -3.765257 0.949574 -3.967666
v -3.755825 1.008961 -3.967299
v -3.561202 1.023429 -3.791804
v -3.559044 1.037502 -3.791612
v -3.558126 1.023429 -3.825807
v -3.560334 1.023428 -3.801398
v -3.555081 1.037502 -3.835209
v -3.557258 1.023429 -3.835404
v -3.561173 0.993443 -3.843892
v -3.563550 0.978116 -3.844106
v -3.564940 0.993443 -3.801808
v -3.562754 0.993444 -3.826220
v -3.568869 0.978116 -3.784343
v -3.566521 0.993443 -3.784132
v -3.810878 1.011206 -3.859815
v -3.808497 1.026533 -3.859726
v -3.813169 1.011206 -3.799860
v -3.810131 1.026533 -3.817503
v -3.810816 1.026533 -3.799771
v -3.809183 1.026533 -3.841993
v -3.804159 1.056518 -3.851442
v -3.801976 1.070592 -3.851359
v -3.805511 1.056519 -3.817328
v -3.804540 1.056518 -3.841816
v -3.803729 1.070592 -3.807614
v -3.805893 1.056519 -3.807698
v -3.810908 1.011027 -3.859818
v -3.808525 1.026355 -3.859726
v -3.813199 1.011027 -3.799857
v -3.810158 1.026355 -3.817503
v -3.810845 1.026354 -3.799771
v -3.809211 1.026354 -3.841993
v -3.804189 1.056340 -3.851443
v -3.802004 1.070413 -3.851360
v -3.805541 1.056340 -3.817328
v -3.804570 1.056340 -3.841818
v -3.803757 1.070414 -3.807618
v -3.805923 1.056340 -3.807700
v -3.810934 1.010865 -3.859818
v -3.808550 1.026193 -3.859726
v -3.813223 1.010865 -3.799860
v -3.810184 1.026193 -3.817503
v -3.810869 1.026193 -3.799771
v -3.809237 1.026193 -3.841994
v -3.804211 1.056179 -3.851445
v -3.802029 1.070252 -3.851361
v -3.805564 1.056179 -3.817330
v -3.804593 1.056178 -3.841818
v -3.803782 1.070252 -3.807621
v -3.805945 1.056178 -3.807700
v -3.810908 1.011027 -3.859818
v -3.808525 1.026355 -3.859726
v -3.813199 1.011027 -3.799857
v -3.810158 1.026355 -3.817503
v -3.810845 1.026354 -3.799771
v -3.809211 1.026354 -3.841993
v -3.804189 1.056340 -3.851443
v -3.802004 1.070413 -3.851360
v -3.805541 1.056340 -3.817328
v -3.804570 1.056340 -3.841818
v -3.803757 1.070414 -3.807618
v -3.805923 1.056340 -3.807700
v -3.810934 1.010865 -3.859818
v -3.808550 1.026193 -3.859726
v -3.813223 1.010865 -3.799860
v -3.810184 1.026193 -3.817503
v -3.810869 1.026193 -3.799771
v -3.809237 1.026193 -3.841994
v -3.804211 1.056179 -3.851445
v -3.802029 1.070252 -3.851361
v -3.805564 1.056179 -3.817330
v -3.804593 1.056178 -3.841818
v -3.803782 1.070252 -3.807621
v -3.805945 1.056178 -3.807700
v -3.831668 1.056680 -3.156889
v -3.828426 1.070754 -3.190934
v -3.830315 1.056680 -3.191005
v -3.830697 1.056680 -3.181380
v -3.832049 1.056680 -3.147265
v -3.830180 1.070754 -3.147194
v -3.836089 1.011367 -3.199342
v -3.838380 1.011367 -3.139386
v -3.836348 1.026695 -3.139309
v -3.835662 1.026695 -3.157042
v -3.834714 1.026695 -3.181533
v -3.834027 1.026695 -3.199265
v -4.049873 1.044457 -3.142151
v -4.047836 1.059785 -3.142175
v -4.048322 1.059785 -3.184428
v -4.048041 1.059785 -3.159919
v -4.050592 1.044457 -3.202147
v -4.048526 1.059785 -3.202172
v -4.044045 1.089770 -3.159970
v -4.044303 1.089770 -3.184480
v -4.044405 1.089770 -3.194114
v -4.042514 1.103844 -3.194137
v -4.042071 1.103844 -3.150362
v -4.043943 1.089770 -3.150338
v -3.805867 1.056680 -3.807698
v -3.803704 1.070754 -3.807614
v -3.804515 1.056680 -3.841816
v -3.805486 1.056680 -3.817325
v -3.801950 1.070754 -3.851359
v -3.804133 1.056680 -3.851442
v -3.808472 1.026695 -3.859723
v -3.810853 1.011367 -3.859815
v -3.810106 1.026695 -3.817500
v -3.809158 1.026695 -3.841993
v -3.813144 1.011367 -3.799857
v -3.810792 1.026695 -3.799771
v -4.058505 1.044457 -3.863053
v -4.056121 1.059785 -3.863083
v -4.057787 1.044457 -3.803058
v -4.055636 1.059785 -3.820830
v -4.055431 1.059785 -3.803088
v -4.055917 1.059785 -3.845340
v -4.051377 1.089770 -3.855032
v -4.049194 1.103844 -3.855056
v -4.051017 1.089771 -3.820889
v -4.051275 1.089770 -3.845398
v -4.048751 1.103844 -3.811282
v -4.050915 1.089770 -3.811257
v -3.927587 0.975213 -3.790280
v -3.915463 1.054395 -3.790125
v -3.914947 1.054395 -3.820120
v -3.927146 0.975213 -3.820275
v -3.959142 0.979492 -3.790673
v -3.947015 1.058674 -3.790524
v -3.958895 0.979492 -3.820675
v -3.946694 1.058674 -3.820522
v -3.925886 1.054395 -3.184478
v -3.925369 1.054395 -3.214475
v -3.936061 0.975213 -3.214606
v -3.936503 0.975213 -3.184611
v -3.953193 1.058674 -3.214824
v -3.963887 0.979492 -3.214959
v -3.953516 1.058674 -3.184826
v -3.964134 0.979492 -3.184962
v -3.890499 0.962696 -3.031798
v -3.882830 1.022082 -3.031495
v -3.856203 1.022082 -3.971119
v -3.865636 0.962696 -3.971470
v -4.014846 0.982664 -3.033080
v -4.007164 1.042050 -3.033186
v -4.018398 0.982664 -3.973076
v -4.008962 1.042050 -3.973187
v -3.805893 1.056518 -3.807698
v -3.803729 1.070592 -3.807614
v -3.804540 1.056518 -3.841818
v -3.805511 1.056519 -3.817328
v -3.801976 1.070592 -3.851359
v -3.804159 1.056518 -3.851442
v -3.808497 1.026533 -3.859726
v -3.810878 1.011206 -3.859815
v -3.810131 1.026533 -3.817503
v -3.809183 1.026533 -3.841993
v -3.813169 1.011206 -3.799860
v -3.810817 1.026533 -3.799771
v -4.058530 1.044296 -3.863053
v -4.056147 1.059623 -3.863083
v -4.057812 1.044296 -3.803058
v -4.055661 1.059623 -3.820830
v -4.055457 1.059623 -3.803086
v -4.055943 1.059623 -3.845340
v -4.051403 1.089608 -3.855029
v -4.049219 1.103682 -3.855056
v -4.051042 1.089608 -3.820889
v -4.051301 1.089608 -3.845396
v -4.048777 1.103682 -3.811282
v -4.050941 1.089609 -3.811257
v -4.058558 1.044117 -3.863053
v -4.056174 1.059445 -3.863083
v -4.057839 1.044117 -3.803056
v -4.055689 1.059444 -3.820830
v -4.055484 1.059445 -3.803086
v -4.055970 1.059444 -3.845338
v -4.051430 1.089430 -3.855032
v -4.049247 1.103503 -3.855058
v -4.051069 1.089430 -3.820891
v -4.051329 1.089430 -3.845398
v -4.048804 1.103503 -3.811282
v -4.050968 1.089430 -3.811255
v -4.058583 1.043955 -3.863053
v -4.056200 1.059283 -3.863083
v -4.057864 1.043955 -3.803056
v -4.055714 1.059283 -3.820830
v -4.055510 1.059283 -3.803085
v -4.055996 1.059283 -3.845338
v -4.051454 1.089268 -3.855029
v -4.049272 1.103342 -3.855056
v -4.051093 1.089268 -3.820891
v -4.051352 1.089268 -3.845398
v -4.048829 1.103341 -3.811280
v -4.050991 1.089268 -3.811255
v -4.058558 1.044117 -3.863053
v -4.056174 1.059445 -3.863083
v -4.057839 1.044117 -3.803056
v -4.055689 1.059444 -3.820830
v -4.055484 1.059445 -3.803086
v -4.055970 1.059444 -3.845338
v -4.051430 1.089430 -3.855032
v -4.049247 1.103503 -3.855058
v -4.051069 1.089430 -3.820891
v -4.051329 1.089430 -3.845398
v -4.048804 1.103503 -3.811282
v -4.050968 1.089430 -3.811255
v -4.058583 1.043955 -3.863053
v -4.056200 1.059283 -3.863083
v -4.057864 1.043955 -3.803056
v -4.055714 1.059283 -3.820830
v -4.055510 1.059283 -3.803085
v -4.055996 1.059283 -3.845338
v -4.051454 1.089268 -3.855029
v -4.049272 1.103342 -3.855056
v -4.051093 1.089268 -3.820891
v -4.051352 1.089268 -3.845398
v -4.048829 1.103341 -3.811280
v -4.050991 1.089268 -3.811255
vn -0.000300 -0.132400 0.991200
vn -0.000300 -0.133000 0.991100
vn -0.000200 -0.133200 0.991100
vn -0.000100 -0.133000 0.991100
vn -0.000600 -0.132200 0.991200
vn 0.000800 -0.133100 0.991100
vn 0.001100 -0.132000 0.991300
vn 0.000800 -0.132300 0.991200
vn 0.000600 -0.133100 0.991100
vn 0.000700 -0.133400 0.991100
vn -0.999700 0.001700 0.026200
vn -0.050500 0.132600 -0.989900
vn -0.050300 0.131800 -0.990000
vn -0.050500 0.131400 -0.990000
vn -0.050600 0.131700 -0.990000
vn -0.050800 0.132900 -0.989800
vn -0.049500 0.132200 -0.990000
vn -0.049700 0.132800 -0.989900
vn -0.049500 0.133000 -0.989900
vn -0.049500 0.132700 -0.989900
vn -0.049200 0.131900 -0.990000
vn 0.999700 -0.001600 -0.026200
vn 0.003800 0.988100 0.153500
vn -0.004000 -0.988100 -0.153500
vn 0.999700 -0.000100 -0.025300
vn 0.999700 0.001700 -0.024500
vn -0.003800 -0.988200 -0.152900
vn 0.003900 0.988300 0.152700
vn -0.999700 0.000100 0.025300
vn -0.999700 -0.001800 0.024500
vn -0.003800 -0.988100 -0.154100
vn 0.004000 0.988000 0.154200
vn 0.000200 0.151900 -0.988400
vn 0.000100 0.152200 -0.988400
vn 0.000300 0.152800 -0.988300
vn 0.000300 0.152200 -0.988400
vn 0.000600 0.153000 -0.988200
vn -0.000700 0.153500 -0.988200
vn -0.000600 0.153200 -0.988200
vn -0.000800 0.152400 -0.988300
vn -0.000800 0.153200 -0.988200
vn -0.001100 0.152200 -0.988400
vn -0.051400 0.152500 -0.987000
vn -0.864800 -0.071100 0.497000
vn 0.047600 -0.156800 0.986500
vn -0.920400 0.067200 -0.385000
vn 0.049500 -0.155000 0.986700
vn 0.845900 -0.087700 0.526100
vn 0.051300 -0.155000 0.986600
vn 0.049600 0.129800 -0.990300
vn -0.975100 -0.018900 0.221000
vn 0.048500 -0.155200 0.986700
vn -0.762700 -0.091400 0.640200
vn 0.049500 -0.155200 0.986600
vn 0.049900 -0.151100 0.987300
vn 0.049100 -0.150900 0.987300
vn 0.048600 0.244000 -0.968600
vn 0.935400 -0.061400 0.348100
vn -0.049100 0.156700 -0.986400
vn 0.016500 -0.101500 0.994700
vn 0.049400 -0.153500 0.986900
vn -0.048700 0.006000 0.998800
vn 0.999700 -0.001700 -0.026200
vn -0.003300 -0.991100 -0.133200
vn 0.003500 0.991100 0.133200
vn 0.003300 0.991000 0.133600
vn -0.003500 -0.991000 -0.133700
vn -0.999700 -0.001700 0.024500
vn 0.003300 0.991100 0.132700
vn -0.003400 -0.991200 -0.132600
vn 0.023100 -0.151800 0.988100
vn -0.999600 -0.000700 0.029900
vn -0.029500 0.151900 -0.988000
vn 0.999600 0.000700 -0.029900
vn 0.003400 0.991000 0.133900
vn 0.023100 -0.133400 0.990800
vn 0.999500 0.000700 -0.030400
vn -0.029600 0.133300 -0.990600
vn -0.999500 -0.000700 0.030400
vn 0.003900 0.988300 0.152500
vn 0.011800 -0.142600 0.989700
vn -0.999600 -0.000200 0.026700
vn -0.041800 0.142600 -0.988900
vn 0.999600 0.000200 -0.026800
vn 0.003700 0.989800 0.142600
vn -0.004000 -0.989800 -0.142600
vn -0.000200 -0.151900 0.988400
vn -0.000300 -0.152200 0.988400
vn -0.000300 -0.152800 0.988300
vn -0.000100 -0.152200 0.988400
vn -0.000600 -0.153000 0.988200
vn 0.000700 -0.153600 0.988100
vn 0.000800 -0.153300 0.988200
vn 0.000800 -0.152500 0.988300
vn 0.000600 -0.153300 0.988200
vn 0.001100 -0.152300 0.988300
vn 0.755400 0.093300 -0.648600
vn 0.050900 -0.152500 0.987000
vn 0.980500 -0.040400 0.192200
vn -0.047800 0.156800 -0.986500
vn 0.047600 -0.153600 0.987000
vn -0.785700 0.101100 -0.610400
vn -0.051500 0.152500 -0.987000
vn -0.973000 -0.029100 0.228800
vn 0.973600 -0.039500 0.225000
vn 0.052600 -0.156700 0.986200
vn 0.844100 0.077000 -0.530600
vn -0.044900 0.159100 -0.986200
vn -0.049500 0.154000 -0.986800
vn 0.773900 0.095100 -0.626100
vn 0.003300 0.991100 0.133200
vn -0.003500 -0.991100 -0.133200
vn -0.003300 -0.991000 -0.133600
vn 0.003500 0.991000 0.133700
vn 0.999700 -0.000100 -0.025400
vn -0.003300 -0.991200 -0.132700
vn 0.003400 0.991200 0.132600
vn 0.000000 -0.142600 0.989800
vn 0.000000 -0.142700 0.989800
vn 0.000000 -0.142500 0.989800
vn 0.000100 -0.142600 0.989800
vn -0.000100 -0.142500 0.989800
vn 0.000100 -0.142500 0.989800
vn -0.000100 -0.142600 0.989800
vn 0.892200 -0.072200 0.445800
vn 0.052400 -0.152500 0.986900
vn -0.044700 0.159100 -0.986300
vn 0.897200 0.067100 -0.436400
vn -0.016500 0.185600 -0.982500
vn -0.053400 0.160500 -0.985600
vn -0.779200 0.111200 -0.616800
vn -0.049000 0.160700 -0.985800
vn -0.016800 0.146500 -0.989100
vn -0.050300 0.154000 -0.986800
vn -0.047000 0.156400 -0.986600
vn 0.937000 0.049200 -0.345700
vn -0.978000 0.041500 -0.204400
vn -0.052800 0.156800 -0.986200
vn 0.050700 -0.152300 0.987000
vn 0.050400 -0.152500 0.987000
vn 0.050400 -0.153400 0.986900
vn 0.050300 -0.153800 0.986800
vn 0.050200 -0.153400 0.986900
vn 0.049400 -0.153600 0.986900
vn 0.049600 -0.153300 0.986900
vn 0.049300 -0.152600 0.987100
vn 0.049300 -0.153300 0.987000
vn 0.049000 -0.152400 0.987100
vn -0.050700 0.152300 -0.987000
vn -0.050400 0.153300 -0.986900
vn -0.050400 0.152600 -0.987000
vn -0.050300 0.153600 -0.986800
vn -0.050200 0.153300 -0.986900
vn -0.049400 0.153400 -0.986900
vn -0.049300 0.153100 -0.987000
vn -0.049400 0.152600 -0.987100
vn -0.049500 0.153200 -0.987000
vn -0.049100 0.152300 -0.987100
vn 0.049500 -0.132200 0.990000
vn 0.049500 -0.132700 0.989900
vn 0.049500 -0.133000 0.989900
vn 0.049700 -0.132800 0.989900
vn 0.049200 -0.131900 0.990000
vn 0.050500 -0.133000 0.989800
vn 0.050900 -0.131800 0.990000
vn 0.050500 -0.132200 0.989900
vn 0.050300 -0.133000 0.989800
vn 0.050500 -0.133300 0.989800
vn -0.997000 0.001700 0.076700
vn -0.100600 0.132600 -0.986000
vn -0.100400 0.131700 -0.986200
vn -0.100600 0.131400 -0.986200
vn -0.100700 0.131800 -0.986200
vn -0.100900 0.132900 -0.986000
vn -0.099600 0.132200 -0.986200
vn -0.099800 0.132900 -0.986100
vn -0.099600 0.133200 -0.986100
vn -0.099500 0.132900 -0.986100
vn -0.099200 0.131900 -0.986300
vn 0.997100 -0.001700 -0.076700
vn 0.011500 0.988100 0.153200
vn -0.011800 -0.988100 -0.153200
vn 0.997100 0.000500 -0.075700
vn 0.997200 0.001700 -0.074800
vn -0.011500 -0.988200 -0.152600
vn 0.011700 0.988200 0.152400
vn -0.997100 -0.000500 0.075700
vn -0.997200 -0.001700 0.074700
vn -0.011600 -0.988000 -0.153800
vn 0.011800 0.988000 0.153900
vn -0.049400 0.152000 -0.987100
vn -0.049600 0.152300 -0.987100
vn -0.049300 0.152900 -0.987000
vn -0.049500 0.152000 -0.987100
vn -0.049000 0.153100 -0.987000
vn -0.050300 0.153700 -0.986800
vn -0.050200 0.153400 -0.986900
vn -0.050400 0.152500 -0.987000
vn -0.050700 0.152200 -0.987000
vn -0.997100 0.001700 0.076700
vn -0.102400 0.148800 -0.983500
vn -0.949700 -0.047200 0.309500
vn 0.099200 -0.154600 0.983000
vn -0.831300 0.085200 -0.549200
vn 0.096600 -0.148700 0.984200
vn -0.932800 -0.049100 0.357100
vn 0.096300 -0.148700 0.984200
vn -0.962800 -0.022400 0.269300
vn -0.960400 -0.040900 0.275500
vn 0.100300 -0.151700 0.983300
vn 0.099400 0.103700 -0.989600
vn 0.099200 -0.151600 0.983400
vn 0.099000 -0.154400 0.983000
vn 0.096600 -0.154300 0.983300
vn -0.768500 -0.089100 0.633600
vn 0.033000 -0.165000 0.985700
vn -0.097400 0.154200 -0.983200
vn 0.944100 -0.062900 0.323500
vn 0.103400 -0.145800 0.983900
vn 0.829200 0.068200 -0.554800
vn -0.010000 -0.991100 -0.132700
vn 0.010200 0.991100 0.132700
vn 0.997200 0.001600 -0.074800
vn 0.010100 0.991000 0.133200
vn -0.010200 -0.991000 -0.133300
vn -0.997200 -0.001600 0.074800
vn 0.010000 0.991200 0.132300
vn -0.010100 -0.991200 -0.132200
vn 0.072900 -0.151900 0.985700
vn -0.996800 -0.000600 0.079900
vn -0.079300 0.152000 -0.985200
vn 0.996800 0.000600 -0.079900
vn 0.010100 0.991000 0.133500
vn 0.073100 -0.133300 0.988400
vn 0.996800 0.000600 -0.080300
vn -0.079600 0.133200 -0.987900
vn -0.996800 -0.000600 0.080300
vn 0.011600 0.988300 0.152200
vn 0.061600 -0.142600 0.987900
vn -0.997000 -0.000200 0.077100
vn -0.091800 0.142600 -0.985500
vn 0.997000 0.000200 -0.077200
vn 0.010900 0.989800 0.142200
vn -0.011200 -0.989800 -0.142200
vn 0.049400 -0.152000 0.987100
vn 0.049300 -0.152300 0.987100
vn 0.049400 -0.153000 0.987000
vn 0.049600 -0.152300 0.987100
vn 0.049000 -0.153200 0.987000
vn 0.050300 -0.153600 0.986900
vn 0.050400 -0.153300 0.986900
vn 0.050200 -0.153300 0.986900
vn 0.050700 -0.152200 0.987000
vn -0.099700 -0.052100 0.993700
vn 0.099900 -0.148900 0.983800
vn 0.033500 -0.118500 0.992400
vn -0.100800 0.153100 -0.983100
vn 0.103900 -0.145900 0.983800
vn 0.843400 0.067700 -0.533000
vn -0.097900 0.148800 -0.984000
vn 0.935500 -0.064100 0.347400
vn 0.099100 0.260400 -0.960400
vn 0.100900 -0.154500 0.982800
vn -0.098000 -0.184000 0.978000
vn -0.099300 0.154200 -0.983000
vn -0.100000 0.151900 -0.983300
vn -0.033500 0.190400 -0.981100
vn 0.010000 0.991100 0.132700
vn -0.010200 -0.991100 -0.132700
vn -0.997200 -0.001700 0.074800
vn -0.010000 -0.991000 -0.133200
vn 0.010200 0.991000 0.133300
vn -0.010000 -0.991200 -0.132300
vn 0.010100 0.991200 0.132200
vn 0.000100 -0.142700 0.989800
vn 0.033500 -0.132100 0.990700
vn 0.100000 -0.148900 0.983800
vn -0.099400 0.154200 -0.983000
vn -0.098000 -0.091700 0.991000
vn -0.974100 0.055700 -0.219200
vn -0.100400 0.154100 -0.982900
vn -0.814600 0.090600 -0.572900
vn -0.099800 0.154100 -0.983000
vn -0.809600 0.102500 -0.577900
vn -0.102000 0.152000 -0.983100
vn -0.099300 0.154100 -0.983100
vn -0.854700 0.083800 -0.512300
vn -0.033500 0.143300 -0.989100
vn -0.100700 0.153000 -0.983100
vn 0.100700 -0.152400 0.983200
vn 0.100400 -0.152600 0.983200
vn 0.100400 -0.153500 0.983000
vn 0.100300 -0.153800 0.983000
vn 0.100100 -0.153500 0.983100
vn 0.099300 -0.153500 0.983100
vn 0.099500 -0.153200 0.983200
vn 0.099300 -0.152600 0.983300
vn 0.099200 -0.153200 0.983200
vn 0.099000 -0.152400 0.983300
vn -0.100700 0.152500 -0.983200
vn -0.100400 0.153500 -0.983000
vn -0.100400 0.152700 -0.983200
vn -0.100300 0.153700 -0.983000
vn -0.100200 0.153400 -0.983100
vn -0.099400 0.153400 -0.983200
vn -0.099300 0.153100 -0.983200
vn -0.099300 0.152500 -0.983300
vn -0.099500 0.153200 -0.983200
vn -0.099000 0.152200 -0.983400
vn 0.099600 -0.132200 0.986200
vn 0.099500 -0.132900 0.986100
vn 0.099600 -0.133200 0.986100
vn 0.099800 -0.132900 0.986100
vn 0.099200 -0.131900 0.986300
vn 0.100600 -0.133000 0.986000
vn 0.101000 -0.131900 0.986100
vn 0.100700 -0.132100 0.986100
vn 0.100400 -0.133000 0.986000
vn 0.100600 -0.133300 0.986000
vn -0.991800 0.001600 0.127400
vn -0.150800 0.132600 -0.979600
vn -0.150600 0.131700 -0.979800
vn -0.150700 0.131500 -0.979800
vn -0.150800 0.131800 -0.979700
vn -0.151100 0.133000 -0.979500
vn -0.149700 0.132100 -0.979900
vn -0.149900 0.132700 -0.979700
vn -0.149800 0.133000 -0.979700
vn -0.149700 0.132700 -0.979800
vn -0.149500 0.131900 -0.979900
vn 0.991800 -0.001600 -0.127400
vn 0.019300 0.988100 0.152500
vn -0.019600 -0.988100 -0.152400
vn 0.992000 -0.000700 -0.126400
vn 0.992100 0.001600 -0.125200
vn -0.019300 -0.988200 -0.151900
vn 0.019400 0.988200 0.151700
vn -0.992000 0.000700 0.126400
vn -0.992100 -0.001600 0.125200
vn -0.019400 -0.988000 -0.153100
vn 0.019600 0.988000 0.153200
vn -0.099300 0.152200 -0.983300
vn -0.099500 0.152400 -0.983300
vn -0.099200 0.152500 -0.983300
vn -0.099000 0.153300 -0.983200
vn -0.100300 0.153800 -0.983000
vn -0.100100 0.153500 -0.983100
vn -0.100300 0.152600 -0.983200
vn -0.100700 0.152400 -0.983200
vn -0.991900 0.001600 0.127400
vn -0.153800 0.158300 -0.975300
vn -0.943700 -0.042500 0.328100
vn 0.148000 -0.147300 0.978000
vn -0.844400 0.089400 -0.528200
vn 0.149700 -0.152700 0.976900
vn 0.000000 -0.000000 -0.000000
vn 0.149700 -0.152400 0.976900
vn 0.907100 -0.081200 0.412900
vn -0.887400 -0.055500 0.457700
vn 0.149800 -0.158400 0.976000
vn 0.050300 -0.199700 0.978600
vn 0.147000 -0.158400 0.976400
vn 0.145900 -0.148400 0.978100
vn 0.151000 -0.148400 0.977300
vn 0.670400 -0.120400 0.732200
vn -0.146000 0.147900 -0.978200
vn 0.830500 -0.095000 0.548900
vn 0.152000 -0.150200 0.976900
vn 0.953300 0.030700 -0.300400
vn 0.991900 -0.001600 -0.127400
vn -0.016700 -0.991100 -0.132000
vn 0.016900 0.991100 0.132000
vn 0.992100 0.001600 -0.125300
vn 0.016800 0.991000 0.132500
vn -0.016900 -0.991000 -0.132600
vn -0.992100 -0.001600 0.125300
vn 0.016700 0.991200 0.131500
vn -0.016800 -0.991200 -0.131400
vn 0.122900 -0.152000 0.980700
vn -0.991300 -0.000800 0.131400
vn -0.129400 0.152000 -0.979900
vn 0.991300 0.000800 -0.131400
vn 0.016900 0.991000 0.132700
vn 0.123200 -0.133200 0.983400
vn 0.991300 0.000800 -0.131900
vn -0.129700 0.133200 -0.982600
vn -0.991300 -0.000800 0.131900
vn 0.019300 0.988300 0.151500
vn 0.111700 -0.142600 0.983500
vn -0.991800 -0.000200 0.127700
vn -0.141900 0.142600 -0.979600
vn 0.991800 0.000200 -0.127700
vn 0.018100 0.989800 0.141500
vn -0.018400 -0.989800 -0.141400
vn 0.099400 -0.152200 0.983300
vn 0.099300 -0.152500 0.983300
vn 0.099300 -0.153100 0.983200
vn 0.099500 -0.152400 0.983300
vn 0.099000 -0.153300 0.983200
vn 0.100400 -0.153400 0.983000
vn 0.100700 -0.152300 0.983200
vn 0.991800 -0.001700 -0.127400
vn 0.740100 0.101800 -0.664700
vn 0.152500 -0.155700 0.976000
vn 0.982900 -0.029800 0.181500
vn -0.148100 0.147700 -0.977900
vn 0.148000 -0.150200 0.977500
vn -0.921500 0.076000 -0.380800
vn -0.153700 0.158200 -0.975400
vn -0.864000 -0.061600 0.499700
vn 0.050400 -0.127600 0.990500
vn 0.150200 -0.147100 0.977700
vn -0.826000 0.095800 -0.555400
vn -0.151400 0.150000 -0.977000
vn -0.150600 0.158400 -0.975800
vn -0.147200 -0.074200 0.986300
vn 0.016700 0.991100 0.132000
vn -0.016900 -0.991100 -0.132000
vn -0.016800 -0.991000 -0.132500
vn 0.016900 0.991000 0.132600
vn -0.016700 -0.991200 -0.131500
vn 0.016800 0.991200 0.131400
vn 0.147000 0.126600 -0.981000
vn 0.150400 -0.155800 0.976300
vn -0.149200 0.150000 -0.977400
vn -0.050000 0.145500 -0.988100
vn 0.999000 -0.019800 0.040400
vn -0.150200 0.152700 -0.976800
vn -0.903100 0.082300 -0.421400
vn -0.147600 0.152700 -0.977200
vn 0.883000 0.056800 -0.466000
vn -0.147000 0.158300 -0.976400
vn -0.148700 0.148300 -0.977700
vn -0.049900 0.232900 -0.971200
vn -0.147100 -0.283900 0.947500
vn -0.151500 0.147300 -0.977400
vn 0.150700 -0.152300 0.976800
vn 0.150400 -0.152600 0.976800
vn 0.150400 -0.153400 0.976600
vn 0.150300 -0.153800 0.976600
vn 0.150200 -0.153500 0.976700
vn 0.149300 -0.153600 0.976800
vn 0.149500 -0.153400 0.976800
vn 0.149300 -0.152700 0.976900
vn 0.149300 -0.153300 0.976800
vn 0.149000 -0.152500 0.977000
vn -0.150700 0.152300 -0.976800
vn -0.150400 0.153400 -0.976700
vn -0.150400 0.152600 -0.976800
vn -0.150300 0.153700 -0.976600
vn -0.150100 0.153500 -0.976700
vn -0.149300 0.153700 -0.976800
vn -0.149200 0.153400 -0.976800
vn -0.149300 0.152800 -0.976900
vn -0.149500 0.153400 -0.976800
vn -0.149000 0.152600 -0.977000
vn 0.149700 -0.132100 0.979900
vn 0.149700 -0.132700 0.979800
vn 0.149800 -0.133000 0.979700
vn 0.149900 -0.132700 0.979700
vn 0.149500 -0.131900 0.979900
vn 0.150800 -0.133100 0.979600
vn 0.151100 -0.131900 0.979700
vn 0.150800 -0.132100 0.979700
vn 0.150500 -0.133000 0.979600
vn 0.150700 -0.133400 0.979500
vn -0.984000 0.001500 0.178100
vn -0.200800 0.132500 -0.970600
vn -0.200600 0.131600 -0.970800
vn -0.200800 0.131200 -0.970800
vn -0.200800 0.131500 -0.970800
vn -0.201100 0.132800 -0.970500
vn -0.199700 0.132000 -0.970900
vn -0.199900 0.132600 -0.970800
vn -0.199800 0.132800 -0.970800
vn -0.199700 0.132500 -0.970900
vn -0.199400 0.131700 -0.971000
vn 0.984000 -0.001500 -0.178000
vn 0.027100 0.988100 0.151300
vn -0.027300 -0.988100 -0.151300
vn 0.984100 -0.001600 -0.177400
vn 0.984300 -0.000000 -0.176300
vn -0.027000 -0.988200 -0.150700
vn 0.027100 0.988200 0.150600
vn -0.984100 0.001600 0.177400
vn -0.984300 -0.000000 0.176300
vn -0.027200 -0.988000 -0.151900
vn 0.027400 0.988000 0.152100
vn -0.149400 0.152200 -0.977000
vn -0.149500 0.152400 -0.976900
vn -0.149300 0.153000 -0.976900
vn -0.149300 0.152500 -0.977000
vn -0.149000 0.153300 -0.976900
vn -0.150300 0.154000 -0.976600
vn -0.150100 0.153600 -0.976700
vn -0.150400 0.152700 -0.976800
vn -0.150400 0.153700 -0.976600
vn -0.150700 0.152500 -0.976800
vn -0.984000 0.001500 0.178000
vn -0.200600 0.151500 -0.967900
vn -0.833700 -0.063500 0.548600
vn 0.197500 -0.157000 0.967600
vn -0.942000 0.074100 -0.327200
vn 0.198600 -0.153900 0.967900
vn 0.827900 -0.099900 0.551900
vn 0.199500 -0.153900 0.967700
vn 0.066600 -0.178000 0.981800
vn -0.871200 -0.047200 0.488700
vn 0.199800 -0.154500 0.967600
vn 0.067000 -0.119200 0.990600
vn 0.199100 -0.154500 0.967700
vn 0.195700 -0.147700 0.969500
vn 0.196000 -0.147700 0.969400
vn -0.879300 -0.068000 0.471300
vn -0.975700 -0.025200 0.217700
vn -0.199900 0.155400 -0.967400
vn -0.844800 -0.078700 0.529200
vn 0.198800 -0.152500 0.968100
vn -0.936100 0.060100 -0.346600
vn -0.023400 -0.991100 -0.130900
vn 0.023700 0.991100 0.130900
vn 0.984200 -0.001600 -0.177300
vn 0.023600 0.991100 0.131400
vn -0.023700 -0.991000 -0.131500
vn -0.984200 0.001600 0.177300
vn 0.023400 0.991200 0.130500
vn -0.023500 -0.991200 -0.130400
vn 0.172900 -0.152000 0.973100
vn -0.983000 -0.001000 0.183500
vn -0.179300 0.152000 -0.972000
vn 0.983000 0.001000 -0.183500
vn 0.023700 0.991000 0.131700
vn 0.173300 -0.133200 0.975800
vn 0.982900 0.001000 -0.184200
vn -0.179800 0.133100 -0.974700
vn -0.982900 -0.001000 0.184300
vn 0.027000 0.988300 0.150300
vn 0.161700 -0.142600 0.976500
vn -0.984000 -0.000300 0.178000
vn -0.191900 0.142600 -0.971000
vn 0.984000 0.000300 -0.178100
vn 0.025300 0.989800 0.140400
vn -0.025600 -0.989800 -0.140300
vn 0.149300 -0.152200 0.977000
vn 0.149300 -0.152500 0.977000
vn 0.149300 -0.153000 0.976900
vn 0.149500 -0.152400 0.976900
vn 0.149000 -0.153200 0.976900
vn 0.150300 -0.154100 0.976600
vn 0.150400 -0.153700 0.976600
vn 0.150400 -0.152800 0.976800
vn 0.150100 -0.153700 0.976700
vn 0.150700 -0.152500 0.976700
vn 0.607300 0.107200 -0.787200
vn 0.200900 -0.152400 0.967700
vn 0.999600 -0.021500 -0.020200
vn -0.197200 0.157500 -0.967600
vn 0.198200 -0.152600 0.968200
vn -0.849000 0.082800 -0.521900
vn -0.944800 -0.049500 0.323800
vn 0.192100 0.042300 -0.980500
vn 0.201100 -0.157100 0.966900
vn -0.800300 0.098600 -0.591500
vn -0.202200 0.155800 -0.966900
vn -0.200200 0.154500 -0.967500
vn -0.067100 0.119200 -0.990600
vn 0.023400 0.991100 0.130900
vn -0.023700 -0.991100 -0.130900
vn -0.984300 0.000100 0.176300
vn -0.023500 -0.991100 -0.131400
vn 0.023700 0.991000 0.131500
vn -0.023400 -0.991200 -0.130500
vn 0.023500 0.991200 0.130400
vn 0.067100 -0.212200 0.974900
vn 0.200100 -0.152500 0.967800
vn -0.199800 0.155600 -0.967400
vn -0.191000 -0.310800 0.931100
vn -0.912000 0.069300 -0.404400
vn -0.201300 0.158000 -0.966700
vn -0.917500 0.090000 -0.387500
vn -0.202700 0.158000 -0.966400
vn -0.192700 -0.214500 0.957500
vn -0.200400 0.154600 -0.967400
vn -0.196700 0.155300 -0.968100
vn 0.959700 0.028000 -0.279700
vn -0.192000 -0.041900 0.980500
vn -0.200900 0.157700 -0.966800
vn 0.200500 -0.152500 0.967800
vn 0.200200 -0.152700 0.967800
vn 0.200200 -0.153500 0.967700
vn 0.200100 -0.153800 0.967600
vn 0.200000 -0.153500 0.967700
vn 0.199200 -0.153600 0.967800
vn 0.199400 -0.153400 0.967800
vn 0.199200 -0.152700 0.968000
vn 0.199100 -0.153300 0.967900
vn 0.198900 -0.152500 0.968100
vn -0.200500 0.152500 -0.967800
vn -0.200200 0.153500 -0.967600
vn -0.200200 0.152700 -0.967800
vn -0.200200 0.153800 -0.967600
vn -0.200000 0.153500 -0.967700
vn -0.199200 0.153500 -0.967900
vn -0.199100 0.153300 -0.967900
vn -0.199200 0.152700 -0.968000
vn -0.199400 0.153300 -0.967900
vn -0.198900 0.152500 -0.968100
vn 0.199700 -0.132000 0.970900
vn 0.199700 -0.132500 0.970900
vn 0.199800 -0.132800 0.970800
vn 0.199900 -0.132600 0.970800
vn 0.199400 -0.131700 0.971000
vn 0.200800 -0.132900 0.970600
vn 0.201100 -0.131600 0.970700
vn 0.200800 -0.132000 0.970700
vn 0.200500 -0.132900 0.970600
vn 0.200700 -0.133200 0.970600
vn -0.973600 0.001300 0.228300
vn -0.250400 0.132500 -0.959000
vn -0.250200 0.131600 -0.959200
vn -0.250400 0.131300 -0.959200
vn -0.250400 0.131600 -0.959100
vn -0.250700 0.132700 -0.958900
vn -0.249400 0.132100 -0.959400
vn -0.249500 0.132800 -0.959200
vn -0.249400 0.133000 -0.959200
vn -0.249300 0.132700 -0.959300
vn -0.249100 0.131900 -0.959500
vn 0.973600 -0.001300 -0.228300
vn 0.034800 0.988100 0.149800
vn -0.035100 -0.988100 -0.149700
vn 0.973700 -0.001400 -0.227600
vn 0.973900 -0.001500 -0.227000
vn -0.034700 -0.988200 -0.149200
vn 0.034800 0.988200 0.149000
vn -0.973700 0.001400 0.227600
vn -0.973900 0.001500 0.227000
vn -0.035000 -0.988000 -0.150400
vn 0.035200 0.988000 0.150500
vn -0.199200 0.152100 -0.968100
vn -0.199400 0.152400 -0.968000
vn -0.199100 0.153000 -0.968000
vn -0.199100 0.152400 -0.968000
vn -0.198800 0.153100 -0.968000
vn -0.200100 0.153800 -0.967600
vn -0.199900 0.153500 -0.967700
vn -0.200200 0.152600 -0.967800
vn -0.200200 0.153400 -0.967700
vn -0.200500 0.152300 -0.967800
vn -0.245500 0.145000 -0.958500
vn 0.978700 -0.066400 0.194200
vn 0.253500 -0.147400 0.956000
vn 0.747900 0.065500 -0.660500
vn 0.246900 -0.150000 0.957400
vn 0.855900 -0.088600 0.509500
vn 0.250500 -0.150000 0.956400
vn -0.563400 -0.085400 0.821800
vn 0.941000 -0.085500 0.327300
vn 0.253300 -0.148100 0.956000
vn 0.996900 -0.067700 0.039800
vn 0.252900 -0.148100 0.956100
vn 0.250900 -0.157800 0.955100
vn 0.244400 -0.158100 0.956700
vn -0.636300 -0.122500 0.761600
vn 0.993500 -0.005100 0.113600
vn -0.247800 0.157500 -0.955900
vn 0.226800 0.506900 -0.831600
vn 0.248900 -0.151200 0.956700
vn -0.083700 0.291700 -0.952800
vn -0.030100 -0.991100 -0.129600
vn 0.030300 0.991100 0.129500
vn 0.973800 -0.001400 -0.227600
vn 0.973900 -0.001500 -0.226900
vn 0.030300 0.991100 0.130000
vn -0.030400 -0.991000 -0.130100
vn -0.973800 0.001400 0.227600
vn -0.973900 0.001500 0.226900
vn 0.030000 0.991200 0.129100
vn -0.030100 -0.991200 -0.129000
vn 0.222600 -0.152100 0.963000
vn -0.972100 -0.000500 0.234700
vn -0.228900 0.152100 -0.961500
vn 0.972100 0.000500 -0.234700
vn 0.030400 0.991000 0.130300
vn 0.223200 -0.133100 0.965600
vn 0.971900 0.000500 -0.235600
vn -0.229600 0.133100 -0.964100
vn -0.971900 -0.000500 0.235600
vn 0.034700 0.988300 0.148800
vn 0.211600 -0.142600 0.966900
vn -0.973700 -0.000500 0.228000
vn -0.241500 0.142600 -0.959900
vn 0.973600 0.000400 -0.228100
vn 0.032500 0.989800 0.138900
vn -0.032800 -0.989800 -0.138800
vn 0.199200 -0.152300 0.968000
vn 0.199100 -0.152600 0.968000
vn 0.199100 -0.153200 0.967900
vn 0.199400 -0.152500 0.968000
vn 0.198800 -0.153500 0.967900
vn 0.200500 -0.152400 0.967800
vn -0.955900 0.024900 0.292700
vn 0.245800 -0.144600 0.958500
vn -0.418500 -0.094300 0.903300
vn -0.252800 0.148900 -0.956000
vn 0.249300 -0.151500 0.956500
vn 0.794100 0.069600 -0.603800
vn -0.245200 0.145100 -0.958600
vn 0.962400 -0.063300 0.264000
vn -0.705200 -0.072800 0.705200
vn 0.246400 -0.147400 0.957900
vn 0.688100 0.125400 -0.714700
vn -0.244200 0.146700 -0.958600
vn -0.253100 0.147600 -0.956100
vn -0.989400 0.058900 -0.132900
vn 0.030100 0.991100 0.129600
vn -0.030300 -0.991100 -0.129500
vn -0.030200 -0.991100 -0.130000
vn 0.030400 0.991000 0.130100
vn -0.030000 -0.991200 -0.129100
vn 0.030100 0.991200 0.129000
vn -0.793500 -0.051100 0.606400
vn 0.245100 -0.144600 0.958700
vn -0.251600 0.146500 -0.956700
vn -0.961700 0.078600 -0.262600
vn -0.999300 0.004900 -0.036000
vn -0.245300 0.148000 -0.958100
vn 0.836200 0.045800 -0.546400
vn -0.252400 0.147700 -0.956300
vn -0.996100 0.043400 0.077100
vn -0.253000 0.147500 -0.956200
vn -0.245200 0.157500 -0.956600
vn 0.943700 0.043200 -0.328000
vn 0.643000 0.065900 -0.763000
vn -0.248100 0.148700 -0.957300
vn 0.250000 -0.152400 0.956200
vn 0.249700 -0.152700 0.956200
vn 0.249700 -0.153500 0.956100
vn 0.249600 -0.153800 0.956100
vn 0.249400 -0.153500 0.956100
vn 0.248600 -0.153400 0.956400
vn 0.248800 -0.153300 0.956400
vn 0.248600 -0.152600 0.956500
vn 0.248600 -0.153100 0.956400
vn 0.248400 -0.152300 0.956600
vn -0.250000 0.152400 -0.956200
vn -0.249700 0.153500 -0.956100
vn -0.249700 0.152700 -0.956200
vn -0.249600 0.153800 -0.956100
vn -0.249400 0.153500 -0.956100
vn -0.248600 0.153500 -0.956400
vn -0.248600 0.153200 -0.956400
vn -0.248600 0.152600 -0.956500
vn -0.248800 0.153300 -0.956300
vn -0.248300 0.152300 -0.956600
vn 0.249400 -0.132100 0.959400
vn 0.249300 -0.132700 0.959300
vn 0.249400 -0.133000 0.959200
vn 0.249500 -0.132800 0.959200
vn 0.249100 -0.131900 0.959500
vn 0.250400 -0.132800 0.959000
vn 0.250700 -0.131700 0.959100
vn 0.250400 -0.132000 0.959100
vn 0.250200 -0.132800 0.959000
vn 0.250300 -0.133100 0.959000
vn -0.960600 0.001100 0.278000
vn -0.299300 0.132600 -0.944900
vn -0.299200 0.131700 -0.945100
vn -0.299300 0.131500 -0.945000
vn -0.299400 0.131800 -0.945000
vn -0.299600 0.132900 -0.944800
vn -0.298400 0.132100 -0.945300
vn -0.298500 0.132700 -0.945100
vn -0.298400 0.132900 -0.945200
vn -0.298300 0.132700 -0.945200
vn -0.298100 0.131900 -0.945400
vn 0.960600 -0.001100 -0.278000
vn 0.042400 0.988100 0.147800
vn -0.042700 -0.988100 -0.147700
vn 0.960800 -0.001200 -0.277400
vn 0.960900 -0.001300 -0.276700
vn -0.042300 -0.988200 -0.147200
vn 0.042400 0.988200 0.147000
vn -0.960800 0.001200 0.277400
vn -0.960900 0.001300 0.276700
vn -0.042700 -0.988000 -0.148400
vn 0.042900 0.988000 0.148500
vn -0.248700 0.152200 -0.956500
vn -0.248800 0.152500 -0.956500
vn -0.248300 0.153500 -0.956500
vn -0.249500 0.153900 -0.956100
vn -0.249400 0.153600 -0.956100
vn -0.249600 0.152700 -0.956200
vn -0.249600 0.153600 -0.956100
vn -0.294700 0.156800 -0.942600
vn 0.964900 -0.033000 0.260400
vn 0.302200 -0.148400 0.941600
vn 0.790300 0.107900 -0.603100
vn 0.300200 -0.157300 0.940800
vn 0.101400 0.075400 0.992000
vn 0.296900 -0.156800 0.941900
vn 0.992500 -0.089400 0.082800
vn 0.272100 0.375600 -0.885900
vn 0.297600 -0.158600 0.941400
vn 0.100700 -0.195600 0.975500
vn 0.299300 -0.158000 0.941000
vn 0.294300 -0.147100 0.944300
vn 0.301300 -0.147300 0.942100
vn 0.946900 -0.113000 0.301000
vn -0.778000 -0.041300 0.626900
vn -0.294400 0.147100 -0.944300
vn 0.909300 -0.063400 0.411200
vn 0.300700 -0.157600 0.940600
vn 0.891900 0.076200 -0.445700
vn -0.036700 -0.991100 -0.127800
vn 0.036900 0.991100 0.127800
vn 0.960800 -0.001200 -0.277300
vn 0.961000 -0.001200 -0.276700
vn 0.036900 0.991100 0.128300
vn -0.037000 -0.991000 -0.128300
vn -0.960800 0.001200 0.277300
vn -0.961000 0.001300 0.276700
vn 0.036600 0.991200 0.127400
vn -0.036700 -0.991200 -0.127200
vn 0.271800 -0.152100 0.950300
vn -0.958600 -0.000000 0.284800
vn -0.278100 0.152100 -0.948400
vn 0.958600 -0.000000 -0.284800
vn 0.037000 0.991000 0.128500
vn 0.272500 -0.133100 0.952900
vn 0.958300 -0.000000 -0.285700
vn -0.278900 0.133100 -0.951100
vn -0.958300 -0.000000 0.285800
vn 0.042300 0.988300 0.146800
vn 0.261000 -0.142600 0.954800
vn -0.960800 -0.000600 0.277300
vn -0.290500 0.142600 -0.946200
vn 0.960700 0.000600 -0.277600
vn 0.039600 0.989800 0.137000
vn -0.039900 -0.989800 -0.136900
vn 0.248600 -0.152200 0.956600
vn 0.248600 -0.152500 0.956500
vn 0.248800 -0.152500 0.956500
vn 0.248300 -0.153300 0.956500
vn 0.249500 -0.153800 0.956100
vn 0.249600 -0.153500 0.956100
vn 0.249400 -0.153600 0.956200
vn 0.250000 -0.152300 0.956200
vn -0.907000 0.075100 -0.414400
vn 0.296300 -0.155800 0.942300
vn -0.895200 -0.059600 0.441600
vn -0.302100 0.147100 -0.941900
vn 0.293800 -0.157700 0.942800
vn -0.996300 0.075600 -0.040300
vn -0.300100 0.156700 -0.940900
vn -0.641100 -0.065800 0.764600
vn 0.951700 -0.050600 0.302800
vn 0.301800 -0.148400 0.941700
vn -0.967700 0.089700 -0.235500
vn -0.299300 0.150100 -0.942300
vn -0.295100 0.158800 -0.942200
vn 0.821000 0.090600 -0.563700
vn 0.036700 0.991100 0.127800
vn -0.036900 -0.991100 -0.127800
vn -0.036900 -0.991100 -0.128300
vn 0.037000 0.991000 0.128300
vn 0.961000 -0.001300 -0.276700
vn -0.036600 -0.991200 -0.127400
vn 0.036800 0.991200 0.127200
vn 0.260400 -0.313200 -0.913300
vn 0.298900 -0.156100 0.941400
vn -0.297300 0.149600 -0.943000
vn -0.101200 -0.018000 -0.994700
vn 0.822800 0.012100 -0.568200
vn -0.296900 0.149800 -0.943100
vn -0.100500 0.243200 -0.964800
vn -0.295400 0.149400 -0.943600
vn 0.671200 0.053400 -0.739400
vn -0.295000 0.158500 -0.942300
vn -0.298400 0.148300 -0.942900
vn -0.252000 0.444000 0.859900
vn -0.274500 -0.252300 0.927900
vn -0.300400 0.146900 -0.942400
vn 0.298800 -0.152300 0.942100
vn 0.298500 -0.152700 0.942100
vn 0.298500 -0.153500 0.942000
vn 0.298400 -0.153900 0.942000
vn 0.298200 -0.153600 0.942100
vn 0.297500 -0.153600 0.942300
vn 0.297600 -0.153400 0.942300
vn 0.297500 -0.152800 0.942400
vn 0.297400 -0.153400 0.942400
vn 0.297200 -0.152600 0.942600
vn -0.298800 0.152400 -0.942100
vn -0.298500 0.153600 -0.942000
vn -0.298500 0.152700 -0.942100
vn -0.298400 0.153400 -0.942000
vn -0.298200 0.153600 -0.942100
vn -0.297500 0.153600 -0.942300
vn -0.297400 0.153400 -0.942400
vn -0.297400 0.152800 -0.942400
vn -0.297600 0.153400 -0.942300
vn -0.297200 0.152600 -0.942600
vn 0.298400 -0.132100 0.945300
vn 0.298300 -0.132700 0.945200
vn 0.298300 -0.132900 0.945200
vn 0.298500 -0.132700 0.945100
vn 0.298100 -0.131900 0.945400
vn 0.299300 -0.133000 0.944800
vn 0.299700 -0.131900 0.944900
vn 0.299400 -0.132100 0.945000
vn 0.299100 -0.132900 0.944900
vn 0.299300 -0.133300 0.944800
vn -0.945000 0.000800 0.327000
vn -0.347500 0.132500 -0.928300
vn -0.347400 0.131700 -0.928400
vn -0.347500 0.131300 -0.928400
vn -0.347600 0.131600 -0.928400
vn -0.347800 0.132700 -0.928100
vn -0.346500 0.132100 -0.928700
vn -0.346700 0.132700 -0.928500
vn -0.346600 0.133000 -0.928600
vn -0.346500 0.132700 -0.928600
vn -0.346300 0.131800 -0.928800
vn 0.945000 -0.000800 -0.327000
vn 0.050000 0.988100 0.145400
vn -0.050300 -0.988100 -0.145300
vn 0.945300 -0.000900 -0.326300
vn 0.945500 -0.001000 -0.325700
vn -0.049800 -0.988200 -0.144800
vn 0.049900 0.988200 0.144600
vn -0.945300 0.000900 0.326300
vn -0.945500 0.001000 0.325700
vn -0.050300 -0.988000 -0.146000
vn 0.050400 0.988000 0.146100
vn -0.297500 0.152300 -0.942500
vn -0.297700 0.152500 -0.942400
vn -0.297400 0.153100 -0.942400
vn -0.297400 0.152600 -0.942500
vn -0.297100 0.153400 -0.942400
vn -0.298400 0.154100 -0.941900
vn -0.298200 0.153700 -0.942000
vn -0.298500 0.152800 -0.942100
vn -0.298500 0.153800 -0.942000
vn -0.298800 0.152600 -0.942000
vn -0.945100 0.000800 0.326900
vn -0.348500 0.156400 -0.924200
vn -0.609700 -0.077000 0.788900
vn 0.344400 -0.156600 0.925700
vn -0.998000 0.062500 -0.001900
vn 0.346900 -0.154600 0.925100
vn 0.308700 0.104800 -0.945400
vn 0.346100 -0.154700 0.925300
vn 0.942900 -0.103300 0.316600
vn -0.720900 -0.080100 0.688400
vn 0.343900 -0.157900 0.925600
vn -0.805600 -0.071100 0.588200
vn 0.343600 -0.157900 0.925700
vn 0.344700 -0.153800 0.926000
vn 0.344100 -0.153800 0.926200
vn 0.116800 -0.080300 0.989900
vn 0.116500 -0.189000 0.975000
vn -0.345400 0.153900 -0.925700
vn 0.117000 -0.107300 0.987300
vn 0.344900 -0.154000 0.925900
vn -0.307100 -0.008200 0.951600
vn 0.945000 -0.000800 -0.326900
vn -0.043200 -0.991100 -0.125800
vn 0.043500 0.991100 0.125700
vn 0.945500 -0.001000 -0.325600
vn 0.043500 0.991100 0.126200
vn -0.043600 -0.991000 -0.126300
vn -0.945500 0.001000 0.325600
vn 0.043000 0.991200 0.125400
vn -0.043200 -0.991200 -0.125200
vn 0.320300 -0.152100 0.935000
vn -0.943300 -0.000000 0.332000
vn -0.326500 0.152100 -0.932900
vn 0.943300 -0.000000 -0.332000
vn 0.043600 0.991000 0.126400
vn 0.321200 -0.133100 0.937600
vn 0.943100 -0.000000 -0.332600
vn -0.327400 0.133100 -0.935500
vn -0.943000 -0.000000 0.332700
vn 0.049800 0.988300 0.144400
vn 0.309700 -0.142600 0.940100
vn -0.945400 -0.000800 0.325900
vn -0.338700 0.142600 -0.930000
vn 0.945300 0.000800 -0.326200
vn 0.046600 0.989800 0.134800
vn -0.046900 -0.989800 -0.134700
vn 0.297500 -0.152100 0.942500
vn 0.297500 -0.152300 0.942500
vn 0.297500 -0.153000 0.942400
vn 0.297700 -0.152400 0.942400
vn 0.297200 -0.153200 0.942500
vn 0.298500 -0.153600 0.942000
vn 0.298800 -0.152400 0.942100
vn -0.117400 0.102300 -0.987800
vn 0.346600 -0.156200 0.924900
vn 0.308000 -0.007100 -0.951400
vn -0.346400 0.154000 -0.925400
vn 0.344000 -0.154100 0.926200
vn -0.995100 0.062500 -0.077000
vn -0.349600 0.156400 -0.923700
vn -0.664000 -0.076400 0.743800
vn 0.996800 -0.079600 0.010700
vn 0.348900 -0.156600 0.924000
vn -0.309200 -0.225100 0.924000
vn -0.345800 0.153600 -0.925600
vn -0.343700 0.157700 -0.925800
vn 0.616500 0.062200 -0.784900
vn -0.945000 0.000800 0.326900
vn 0.043200 0.991100 0.125800
vn -0.043500 -0.991100 -0.125700
vn -0.043400 -0.991100 -0.126200
vn 0.043600 0.991000 0.126300
vn -0.043100 -0.991200 -0.125300
vn 0.043300 0.991200 0.125200
vn 0.950100 -0.083100 0.300800
vn 0.348900 -0.156100 0.924100
vn -0.343800 0.153700 -0.926400
vn 0.826600 0.053200 -0.560300
vn -0.306000 0.062600 0.950000
vn -0.346500 0.154000 -0.925300
vn -0.986300 0.060000 -0.153700
vn -0.346000 0.154300 -0.925500
vn 0.839100 0.028700 -0.543300
vn -0.343600 0.157500 -0.925800
vn -0.344800 0.153900 -0.926000
vn -0.116800 0.143900 -0.982700
vn -0.960100 0.069200 -0.271000
vn -0.347600 0.154100 -0.924900
vn 0.346800 -0.152400 0.925500
vn 0.346500 -0.152700 0.925500
vn 0.346500 -0.153500 0.925400
vn 0.346400 -0.153800 0.925400
vn 0.346200 -0.153500 0.925500
vn 0.345500 -0.153600 0.925800
vn 0.345600 -0.153400 0.925700
vn 0.345500 -0.152800 0.925900
vn 0.345400 -0.153300 0.925800
vn 0.345300 -0.152600 0.926000
vn -0.346900 0.152400 -0.925500
vn -0.346500 0.153500 -0.925400
vn -0.346500 0.152700 -0.925500
vn -0.346400 0.153900 -0.925400
vn -0.346300 0.153600 -0.925500
vn -0.345500 0.153500 -0.925800
vn -0.345500 0.153300 -0.925800
vn -0.345500 0.152700 -0.925900
vn -0.345700 0.153400 -0.925700
vn -0.345300 0.152500 -0.926000
vn -0.000100 -0.142700 0.989800
vn 0.346500 -0.132100 0.928700
vn 0.346500 -0.132700 0.928600
vn 0.346600 -0.133000 0.928600
vn 0.346700 -0.132700 0.928500
vn 0.346300 -0.131800 0.928800
vn 0.347500 -0.132800 0.928200
vn 0.347800 -0.131700 0.928300
vn 0.347500 -0.132000 0.928300
vn 0.347300 -0.132800 0.928300
vn 0.347400 -0.133100 0.928200
vn -0.927000 0.000500 0.375000
vn -0.394800 0.132500 -0.909200
vn -0.394600 0.131700 -0.909400
vn -0.394800 0.131400 -0.909300
vn -0.394800 0.131700 -0.909300
vn -0.395000 0.132800 -0.909000
vn -0.393800 0.132200 -0.909700
vn -0.393900 0.132800 -0.909500
vn -0.393800 0.133100 -0.909500
vn -0.393700 0.132800 -0.909600
vn -0.393500 0.132000 -0.909800
vn 0.927000 -0.000500 -0.375000
vn 0.057400 0.988100 0.142700
vn -0.057700 -0.988100 -0.142600
vn 0.927300 -0.000600 -0.374400
vn 0.927500 -0.000700 -0.373700
vn -0.057200 -0.988200 -0.142100
vn 0.057300 0.988200 0.141900
vn -0.927300 0.000600 0.374400
vn -0.927500 0.000800 0.373800
vn -0.057600 -0.988000 -0.143200
vn 0.057900 0.988000 0.143300
vn -0.345600 0.152200 -0.926000
vn -0.345700 0.152500 -0.925900
vn -0.345500 0.153200 -0.925800
vn -0.345500 0.152500 -0.925900
vn -0.345100 0.153400 -0.925900
vn -0.346200 0.153600 -0.925500
vn -0.346500 0.153600 -0.925400
vn -0.346800 0.152400 -0.925500
vn -0.392400 0.147700 -0.907900
vn 0.967100 -0.015400 -0.253900
vn 0.396300 -0.149600 0.905900
vn 0.410300 0.105900 -0.905800
vn 0.388500 -0.147000 0.909700
vn 0.329300 -0.268900 -0.905200
vn 0.394000 -0.148000 0.907100
vn -0.633500 -0.061800 0.771300
vn 0.989100 -0.083000 0.121800
vn 0.396100 -0.148600 0.906100
vn 0.998300 -0.058500 0.004500
vn 0.397400 -0.148600 0.905500
vn 0.390000 -0.157200 0.907300
vn 0.393200 -0.157000 0.905900
vn 0.342400 0.165200 -0.924900
vn -0.862400 -0.088100 0.498400
vn -0.390100 0.157200 -0.907300
vn 0.999500 -0.011100 0.030800
vn 0.395500 -0.147200 0.906600
vn 0.625600 0.123500 -0.770300
vn -0.049600 -0.991100 -0.123400
vn 0.049900 0.991100 0.123300
vn 0.927300 -0.000600 -0.374300
vn 0.049900 0.991100 0.123800
vn -0.050000 -0.991000 -0.123900
vn -0.927300 0.000600 0.374300
vn -0.927500 0.000800 0.373700
vn 0.049500 0.991200 0.123000
vn -0.049600 -0.991200 -0.122800
vn 0.367900 -0.152100 0.917300
vn -0.925700 -0.000000 0.378200
vn -0.374000 0.152100 -0.914900
vn 0.925700 -0.000000 -0.378100
vn 0.050000 0.991000 0.124000
vn 0.368900 -0.133100 0.919900
vn 0.925600 -0.000000 -0.378500
vn -0.375000 0.133100 -0.917400
vn -0.925600 -0.000000 0.378600
vn 0.057200 0.988300 0.141700
vn 0.357600 -0.142600 0.922900
vn -0.927300 0.000100 0.374300
vn -0.386100 0.142600 -0.911400
vn 0.927200 -0.000100 -0.374600
vn 0.053500 0.989800 0.132200
vn -0.053700 -0.989800 -0.132100
vn 0.345600 -0.152300 0.925900
vn 0.345500 -0.152600 0.925900
vn 0.345500 -0.153100 0.925800
vn 0.345700 -0.152500 0.925900
vn 0.345200 -0.153400 0.925900
vn 0.346400 -0.153900 0.925400
vn 0.346500 -0.153600 0.925400
vn 0.346200 -0.153600 0.925500
vn -0.988700 0.056900 0.138900
vn 0.390500 -0.147800 0.908700
vn -0.499800 -0.075300 0.862800
vn -0.396300 0.149800 -0.905800
vn 0.396400 -0.147300 0.906200
vn 0.604100 0.073100 -0.793500
vn -0.390700 0.147700 -0.908600
vn 0.998300 -0.058700 -0.000400
vn -0.394600 -0.104600 0.912900
vn 0.392900 -0.149600 0.907300
vn -0.936400 0.054800 -0.346500
vn -0.395100 0.147100 -0.906800
vn -0.397300 0.148300 -0.905600
vn -0.961300 0.016800 0.274900
vn 0.049600 0.991100 0.123400
vn -0.049900 -0.991100 -0.123300
vn -0.927500 0.000700 0.373700
vn -0.049900 -0.991100 -0.123800
vn 0.050000 0.991000 0.123900
vn -0.049500 -0.991200 -0.122900
vn 0.049600 0.991200 0.122800
vn -0.727100 -0.063800 0.683500
vn 0.391700 -0.148100 0.908100
vn -0.396800 0.147300 -0.906000
vn -0.984900 0.068300 -0.159200
vn -0.133600 0.167800 -0.976700
vn -0.388700 0.147300 -0.909500
vn 0.698500 0.048400 -0.714000
vn -0.391700 0.147400 -0.908200
vn -0.996800 0.070600 -0.036900
vn -0.398300 0.148400 -0.905200
vn -0.390600 0.156300 -0.907200
vn -0.134300 -0.005600 -0.990900
vn 0.608300 0.074900 -0.790100
vn -0.392700 0.150000 -0.907300
vn 0.393900 -0.152400 0.906400
vn 0.393600 -0.152700 0.906500
vn 0.393600 -0.153500 0.906400
vn 0.393500 -0.154100 0.906300
vn 0.393400 -0.153500 0.906500
vn 0.392600 -0.153400 0.906800
vn 0.392800 -0.153300 0.906800
vn 0.392600 -0.152600 0.906900
vn 0.392600 -0.153200 0.906900
vn 0.392300 -0.152300 0.907100
vn -0.393900 0.152400 -0.906400
vn -0.393600 0.153500 -0.906400
vn -0.393600 0.152700 -0.906500
vn -0.393500 0.153800 -0.906400
vn -0.393300 0.153500 -0.906500
vn -0.392600 0.153400 -0.906800
vn -0.392600 0.153100 -0.906900
vn -0.392600 0.152600 -0.906900
vn -0.392800 0.153300 -0.906800
vn -0.392400 0.152400 -0.907100
vn 0.393800 -0.132100 0.909700
vn 0.393700 -0.132800 0.909600
vn 0.393800 -0.133200 0.909500
vn 0.393900 -0.132900 0.909500
vn 0.393500 -0.131900 0.909800
vn 0.394800 -0.132900 0.909100
vn 0.395100 -0.131800 0.909100
vn 0.394800 -0.132100 0.909200
vn 0.394500 -0.132900 0.909200
vn 0.394700 -0.133200 0.909100
vn -0.906600 0.000200 0.421900
vn -0.440800 0.132500 -0.887800
vn -0.440700 0.131700 -0.888000
vn -0.440800 0.131400 -0.887900
vn -0.440900 0.131700 -0.887800
vn -0.441100 0.132800 -0.887600
vn -0.439900 0.132000 -0.888300
vn -0.440000 0.132700 -0.888100
vn -0.439900 0.132900 -0.888200
vn -0.439800 0.132600 -0.888200
vn -0.439600 0.131700 -0.888500
vn 0.906600 -0.000200 -0.421900
vn 0.064600 0.988100 0.139500
vn -0.064900 -0.988100 -0.139400
vn 0.906900 -0.000300 -0.421300
vn 0.907200 -0.000400 -0.420700
vn -0.064400 -0.988200 -0.138900
vn 0.064500 0.988200 0.138700
vn -0.906900 0.000300 0.421300
vn -0.907200 0.000400 0.420700
vn -0.064900 -0.988000 -0.140100
vn 0.065100 0.988000 0.140100
vn -0.392700 0.152300 -0.907000
vn -0.392800 0.152500 -0.906900
vn -0.392600 0.153200 -0.906900
vn -0.392600 0.152600 -0.907000
vn -0.392200 0.153400 -0.907000
vn -0.393400 0.153500 -0.906500
vn -0.436900 0.152300 -0.886500
vn 0.916500 -0.102500 0.386700
vn 0.440800 -0.153500 0.884400
vn 0.901100 0.019700 -0.433200
vn 0.441400 -0.158600 0.883200
vn -0.784100 -0.148600 0.602600
vn 0.435800 -0.159000 0.885900
vn 0.969400 -0.093700 0.226700
vn 0.150100 -0.246200 0.957500
vn 0.439100 -0.153300 0.885300
vn 0.162400 -0.693500 0.701900
vn 0.439100 -0.152900 0.885300
vn 0.438500 -0.154600 0.885300
vn 0.435500 -0.154700 0.886800
vn -0.859400 -0.070400 0.506500
vn 0.368800 0.023900 -0.929200
vn -0.435900 0.149900 -0.887400
vn 0.932200 -0.058600 0.357100
vn 0.441400 -0.157800 0.883300
vn 0.877500 0.087000 -0.471700
vn -0.055900 -0.991100 -0.120700
vn 0.056100 0.991100 0.120600
vn 0.056200 0.991000 0.121100
vn -0.056300 -0.991000 -0.121200
vn 0.055800 0.991200 0.120300
vn -0.055800 -0.991200 -0.120100
vn 0.414500 -0.152100 0.897300
vn -0.906100 -0.000000 0.423100
vn -0.420400 0.152100 -0.894500
vn 0.906100 -0.000000 -0.423100
vn 0.056300 0.991000 0.121300
vn 0.415600 -0.133200 0.899700
vn 0.906000 -0.000000 -0.423200
vn -0.421600 0.133200 -0.897000
vn -0.906000 -0.000000 0.423200
vn 0.064300 0.988300 0.138500
vn 0.404500 -0.142600 0.903300
vn -0.906300 0.000100 0.422600
vn -0.432300 0.142600 -0.890400
vn 0.906300 -0.000100 -0.422600
vn 0.060200 0.989800 0.129300
vn -0.060400 -0.989800 -0.129200
vn 0.392700 -0.152200 0.907000
vn 0.392600 -0.152500 0.907000
vn 0.392600 -0.153100 0.906900
vn 0.392800 -0.152500 0.906900
vn 0.392300 -0.153400 0.907000
vn 0.393500 -0.153900 0.906400
vn 0.393600 -0.153700 0.906400
vn 0.393600 -0.152800 0.906500
vn 0.393400 -0.153600 0.906500
vn 0.393900 -0.152700 0.906400
vn 0.854600 0.042600 -0.517600
vn 0.439900 -0.152800 0.884900
vn 0.943200 -0.089400 0.320000
vn -0.436600 0.156000 -0.886000
vn 0.435100 -0.158100 0.886400
vn -0.960500 0.100700 -0.259300
vn -0.442300 0.152200 -0.883800
vn -0.809600 -0.031700 0.586200
vn 0.941300 -0.093300 0.324500
vn 0.440600 -0.153400 0.884500
vn -0.149900 0.114800 -0.982000
vn -0.437600 0.153000 -0.886100
vn -0.436600 0.157700 -0.885700
vn 0.858400 0.038200 -0.511500
vn 0.055900 0.991100 0.120700
vn -0.056100 -0.991100 -0.120600
vn -0.907200 0.000500 0.420700
vn -0.056200 -0.991000 -0.121100
vn 0.056300 0.991000 0.121200
vn -0.055800 -0.991200 -0.120300
vn 0.055900 0.991200 0.120100
vn 0.959600 -0.052800 0.276400
vn 0.440300 -0.152600 0.884800
vn -0.436900 0.153200 -0.886400
vn 0.818900 0.091000 -0.566600
vn -0.942000 0.069400 -0.328300
vn -0.438500 0.153000 -0.885600
vn -0.366400 -0.347000 0.863300
vn -0.439500 0.153100 -0.885100
vn 0.785200 0.042700 -0.617800
vn -0.436400 0.157900 -0.885800
vn -0.439400 0.149500 -0.885700
vn -0.971000 0.007200 -0.239000
vn -0.269100 -0.959800 0.079400
vn -0.440000 0.155300 -0.884500
vn 0.439800 -0.152400 0.885100
vn 0.439500 -0.152700 0.885200
vn 0.439500 -0.153500 0.885000
vn 0.439400 -0.153800 0.885000
vn 0.439300 -0.153500 0.885100
vn 0.438600 -0.153400 0.885500
vn 0.438700 -0.153300 0.885500
vn 0.438600 -0.152700 0.885600
vn 0.438500 -0.153200 0.885600
vn 0.438300 -0.152400 0.885800
vn -0.439900 0.152300 -0.885000
vn -0.439500 0.153400 -0.885000
vn -0.439600 0.152600 -0.885100
vn -0.439400 0.153800 -0.885000
vn -0.439300 0.153500 -0.885100
vn -0.438600 0.153600 -0.885500
vn -0.438500 0.153300 -0.885600
vn -0.438600 0.152800 -0.885600
vn -0.438700 0.153400 -0.885400
vn -0.438300 0.152500 -0.885800
vn 0.439900 -0.132000 0.888300
vn 0.439800 -0.132600 0.888200
vn 0.439900 -0.132900 0.888200
vn 0.440000 -0.132700 0.888100
vn 0.439600 -0.131700 0.888500
vn 0.440800 -0.132900 0.887700
vn 0.441100 -0.131800 0.887700
vn 0.440800 -0.132100 0.887800
vn 0.440600 -0.132900 0.887800
vn 0.440700 -0.133200 0.887700
vn -0.883900 -0.000100 0.467600
vn -0.485600 0.132500 -0.864100
vn -0.485500 0.131700 -0.864300
vn -0.485700 0.131300 -0.864200
vn -0.485700 0.131600 -0.864100
vn -0.485900 0.132800 -0.863900
vn -0.484700 0.132200 -0.864600
vn -0.484900 0.132800 -0.864400
vn -0.484700 0.133100 -0.864500
vn -0.484700 0.132800 -0.864600
vn -0.484500 0.131900 -0.864800
vn 0.883900 0.000200 -0.467600
vn 0.071700 0.988100 0.136000
vn -0.071900 -0.988100 -0.135900
vn 0.884200 0.000100 -0.467000
vn 0.884600 -0.000000 -0.466400
vn -0.071500 -0.988200 -0.135400
vn 0.071500 0.988200 0.135200
vn -0.884300 -0.000000 0.467000
vn -0.884600 -0.000000 0.466400
vn -0.072000 -0.988000 -0.136500
vn 0.072200 0.988000 0.136600
vn -0.438900 0.152200 -0.885600
vn -0.438800 0.152300 -0.885600
vn -0.438600 0.152300 -0.885700
vn -0.438200 0.153200 -0.885700
vn -0.439400 0.153700 -0.885000
vn -0.439500 0.152600 -0.885200
vn -0.439500 0.153400 -0.885100
vn -0.439900 0.152300 -0.885100
vn -0.883900 -0.000200 0.467600
vn -0.485000 0.150700 -0.861400
vn -0.808900 -0.080900 0.582400
vn 0.481500 -0.157700 0.862200
vn -0.966000 0.061800 -0.250900
vn 0.486700 -0.157900 0.859200
vn 0.997100 -0.030800 0.069900
vn 0.484200 -0.158000 0.860600
vn 0.939700 -0.080700 0.332400
vn -0.748100 -0.097900 0.656400
vn 0.483200 -0.153000 0.862100
vn 0.168700 0.108100 0.979700
vn 0.482600 -0.153800 0.862200
vn 0.484800 -0.154100 0.860900
vn 0.481200 -0.154300 0.862900
vn -0.765300 -0.105000 0.635000
vn 0.951800 -0.079400 0.296300
vn -0.484200 0.151100 -0.861800
vn -0.660500 -0.098100 0.744400
vn 0.481300 -0.156500 0.862500
vn -0.996800 0.043100 -0.067700
vn 0.883900 0.000100 -0.467600
vn -0.062000 -0.991100 -0.117700
vn 0.062300 0.991100 0.117600
vn 0.884600 -0.000100 -0.466400
vn 0.062300 0.991000 0.118100
vn -0.062500 -0.991000 -0.118100
vn -0.884200 -0.000100 0.467000
vn -0.884600 0.000100 0.466400
vn 0.061900 0.991200 0.117300
vn -0.061900 -0.991200 -0.117100
vn 0.459900 -0.152000 0.874900
vn -0.884400 -0.000000 0.466800
vn -0.465600 0.152100 -0.871800
vn 0.884300 -0.000000 -0.466900
vn 0.062500 0.991000 0.118300
vn 0.461100 -0.133200 0.877300
vn 0.884400 -0.000000 -0.466600
vn -0.467000 0.133200 -0.874200
vn -0.884500 -0.000000 0.466600
vn 0.071300 0.988300 0.135000
vn 0.450300 -0.142600 0.881400
vn -0.882800 -0.000500 0.469800
vn -0.477300 0.142600 -0.867100
vn 0.882900 0.000500 -0.469600
vn 0.066700 0.989800 0.126100
vn -0.067000 -0.989800 -0.125900
vn 0.438700 -0.152200 0.885700
vn 0.438600 -0.152200 0.885700
vn 0.438500 -0.153000 0.885600
vn 0.438800 -0.152200 0.885600
vn 0.438200 -0.153100 0.885700
vn 0.439400 -0.153900 0.885000
vn 0.439500 -0.152700 0.885100
vn 0.439300 -0.153600 0.885100
vn -0.166700 0.266500 -0.949300
vn 0.484400 -0.149900 0.861900
vn 0.391000 0.378200 -0.839100
vn -0.483700 0.157400 -0.861000
vn 0.481000 -0.156500 0.862600
vn -0.994900 0.048900 -0.088400
vn -0.485000 0.150600 -0.861500
vn -0.677500 -0.092000 0.729800
vn 0.395200 0.122600 -0.910400
vn 0.485000 -0.157500 0.860200
vn 0.844900 0.059200 -0.531700
vn -0.481300 0.158700 -0.862100
vn -0.483300 0.151300 -0.862300
vn -0.166200 0.157400 -0.973500
vn 0.062000 0.991100 0.117700
vn -0.062300 -0.991100 -0.117600
vn -0.062300 -0.991000 -0.118100
vn 0.062400 0.991000 0.118100
vn -0.061800 -0.991200 -0.117300
vn 0.061900 0.991200 0.117100
vn 0.911300 -0.135000 0.388900
vn 0.485300 -0.150100 0.861300
vn -0.479100 0.158500 -0.863300
vn 0.911200 -0.034000 -0.410600
vn -0.979100 0.042900 -0.198700
vn -0.485100 0.155700 -0.860500
vn -0.983200 0.047600 -0.176000
vn -0.484800 0.155700 -0.860600
vn 0.870900 0.055700 -0.488300
vn -0.482800 0.151400 -0.862500
vn -0.481700 0.151300 -0.863200
vn 0.660200 0.112800 -0.742600
vn -0.363000 0.463900 0.808100
vn -0.486500 0.159100 -0.859100
vn 0.484500 -0.152700 0.861400
vn 0.484200 -0.152600 0.861500
vn 0.484200 -0.153600 0.861400
vn 0.484100 -0.154000 0.861300
vn 0.484000 -0.153600 0.861500
vn 0.483200 -0.153600 0.861900
vn 0.483400 -0.153300 0.861900
vn 0.483300 -0.152800 0.862000
vn 0.483200 -0.153300 0.862000
vn 0.483100 -0.152600 0.862200
vn -0.484500 0.152400 -0.861400
vn -0.484200 0.153500 -0.861400
vn -0.484200 0.152600 -0.861500
vn -0.484100 0.153800 -0.861400
vn -0.484000 0.153500 -0.861500
vn -0.483200 0.153500 -0.861900
vn -0.483200 0.153300 -0.862000
vn -0.483300 0.152700 -0.862000
vn -0.483400 0.153300 -0.861900
vn -0.483100 0.152600 -0.862200
vn 0.484700 -0.132200 0.864600
vn 0.484700 -0.132800 0.864600
vn 0.484700 -0.133100 0.864500
vn 0.484900 -0.132800 0.864400
vn 0.484500 -0.131900 0.864800
vn 0.485600 -0.132900 0.864000
vn 0.486000 -0.131700 0.864000
vn 0.485700 -0.132100 0.864100
vn 0.485400 -0.133000 0.864100
vn 0.485500 -0.133300 0.864000
vn -0.859000 -0.000500 0.512000
vn -0.529100 0.132500 -0.838200
vn -0.529000 0.131700 -0.838400
vn -0.529100 0.131300 -0.838300
vn -0.529200 0.131600 -0.838200
vn -0.529300 0.132700 -0.838000
vn -0.528200 0.132200 -0.838800
vn -0.528400 0.132800 -0.838600
vn -0.528200 0.133000 -0.838600
vn -0.528200 0.132700 -0.838700
vn -0.527900 0.131900 -0.839000
vn 0.859000 0.000500 -0.512000
vn 0.078500 0.988100 0.132100
vn -0.078800 -0.988100 -0.132000
vn 0.859300 0.000400 -0.511400
vn 0.859700 0.000300 -0.510800
vn -0.078300 -0.988200 -0.131600
vn 0.078300 0.988200 0.131400
vn -0.859300 -0.000400 0.511400
vn -0.859700 -0.000300 0.510800
vn -0.078900 -0.988000 -0.132600
vn 0.079100 0.988000 0.132700
vn -0.483400 0.152100 -0.862100
vn -0.483500 0.152400 -0.862000
vn -0.483300 0.153100 -0.862000
vn -0.483300 0.152400 -0.862100
vn -0.483000 0.153300 -0.862100
vn -0.484000 0.153800 -0.861400
vn -0.483900 0.153500 -0.861500
vn -0.484100 0.153500 -0.861400
vn -0.484500 0.152200 -0.861400
vn -0.528700 0.154200 -0.834700
vn -0.889500 -0.045200 0.454700
vn 0.526300 -0.154000 0.836200
vn -0.936100 0.086500 -0.341000
vn 0.528900 -0.147400 0.835800
vn -0.435600 -0.106500 0.893800
vn 0.524000 -0.147900 0.838800
vn 0.783200 -0.069800 0.617900
vn 0.993400 -0.066700 0.093400
vn 0.530100 -0.146300 0.835200
vn 0.410400 -0.132500 -0.902200
vn 0.533800 -0.145600 0.833000
vn 0.524600 -0.157400 0.836700
vn 0.522600 -0.157900 0.837800
vn -0.796100 -0.155800 0.584800
vn -0.812300 -0.004300 0.583200
vn -0.524300 0.151900 -0.837900
vn 0.953100 -0.093200 -0.288000
vn 0.532400 -0.144700 0.834000
vn 0.360900 0.044600 -0.931500
vn 0.859000 0.000400 -0.512000
vn -0.068000 -0.991100 -0.114400
vn 0.068200 0.991100 0.114300
vn 0.068200 0.991000 0.114800
vn -0.068400 -0.991000 -0.114800
vn 0.067800 0.991200 0.114000
vn -0.067800 -0.991200 -0.113800
vn 0.504000 -0.152000 0.850200
vn -0.860600 -0.000000 0.509200
vn -0.509600 0.152000 -0.846900
vn 0.860600 -0.000000 -0.509300
vn 0.068500 0.991000 0.115000
vn 0.505300 -0.133200 0.852600
vn 0.860900 -0.000000 -0.508700
vn -0.511000 0.133200 -0.849200
vn -0.860900 -0.000000 0.508700
vn 0.078100 0.988300 0.131200
vn 0.494700 -0.142600 0.857300
vn -0.857300 0.000800 0.514700
vn -0.520900 0.142600 -0.841600
vn 0.857500 -0.000800 -0.514400
vn 0.073100 0.989800 0.122500
vn -0.073300 -0.989800 -0.122400
vn 0.483300 -0.152200 0.862100
vn 0.483300 -0.152500 0.862100
vn 0.483300 -0.153100 0.862000
vn 0.483500 -0.152400 0.862000
vn 0.483000 -0.153200 0.862100
vn 0.484100 -0.153600 0.861400
vn 0.484200 -0.153300 0.861400
vn 0.484000 -0.153400 0.861500
vn 0.484500 -0.152200 0.861400
vn -0.414700 -0.038300 0.909100
vn 0.527400 -0.148200 0.836600
vn 0.182600 -0.120300 0.975800
vn -0.528200 0.151800 -0.835400
vn 0.525900 -0.144800 0.838100
vn -0.744000 0.087000 -0.662500
vn -0.528100 0.154100 -0.835100
vn -0.971200 -0.037100 -0.235300
vn 0.922500 -0.072700 0.379100
vn 0.528200 -0.153800 0.835100
vn -0.963600 0.113600 -0.242200
vn -0.531300 0.145700 -0.834600
vn -0.527100 0.154300 -0.835700
vn 0.914600 0.068800 -0.398600
vn 0.068000 0.991100 0.114400
vn -0.068200 -0.991100 -0.114300
vn -0.859700 -0.000300 0.510900
vn -0.068200 -0.991000 -0.114800
vn 0.068400 0.991000 0.114800
vn 0.859700 0.000300 -0.510900
vn -0.067800 -0.991200 -0.114000
vn 0.067800 0.991200 0.113800
vn 0.183100 -0.062800 0.981100
vn 0.526900 -0.147900 0.836900
vn -0.528000 0.145900 -0.836600
vn -0.411900 0.088100 0.906900
vn -0.972000 0.007400 -0.234800
vn -0.524200 0.146300 -0.838900
vn 0.686700 0.064600 -0.724100
vn -0.532100 0.145400 -0.834100
vn 0.991700 0.080100 0.100800
vn -0.526900 0.154400 -0.835800
vn -0.527100 0.152000 -0.836100
vn -0.979700 0.023600 0.199300
vn -0.182800 0.044000 -0.982200
vn -0.526100 0.151400 -0.836900
vn 0.527800 -0.152300 0.835600
vn 0.527500 -0.152600 0.835700
vn 0.527500 -0.153500 0.835600
vn 0.527400 -0.153900 0.835600
vn 0.527200 -0.153500 0.835700
vn 0.526600 -0.153300 0.836100
vn 0.526800 -0.153200 0.836100
vn 0.526600 -0.152600 0.836300
vn 0.526600 -0.153100 0.836200
vn 0.526400 -0.152300 0.836500
vn -0.527800 0.152300 -0.835600
vn -0.527500 0.153500 -0.835600
vn -0.527500 0.152600 -0.835700
vn -0.527400 0.153900 -0.835600
vn -0.527300 0.153600 -0.835700
vn -0.526600 0.153400 -0.836100
vn -0.526600 0.153200 -0.836200
vn -0.526600 0.152700 -0.836300
vn -0.526700 0.153200 -0.836100
vn -0.526400 0.152400 -0.836400
vn 0.528200 -0.132200 0.838800
vn 0.528200 -0.132800 0.838700
vn 0.528200 -0.133100 0.838600
vn 0.528400 -0.132900 0.838500
vn 0.527900 -0.131900 0.839000
vn 0.529100 -0.132700 0.838100
vn 0.529300 -0.132200 0.838100
vn 0.529100 -0.132000 0.838200
vn 0.528900 -0.132800 0.838200
vn 0.529000 -0.133000 0.838100
vn -0.831900 -0.000800 0.554900
vn -0.571100 0.132600 -0.810100
vn -0.570900 0.131700 -0.810400
vn -0.571100 0.131400 -0.810300
vn -0.571100 0.131700 -0.810200
vn -0.571300 0.132800 -0.809900
vn -0.570200 0.132100 -0.810800
vn -0.570400 0.132800 -0.810600
vn -0.570200 0.133000 -0.810600
vn -0.570200 0.132700 -0.810700
vn -0.570000 0.131900 -0.811000
vn 0.831900 0.000800 -0.554900
vn 0.085100 0.988100 0.127900
vn -0.085400 -0.988100 -0.127800
vn 0.832300 0.000800 -0.554300
vn 0.832700 0.000600 -0.553800
vn -0.084800 -0.988200 -0.127400
vn 0.084900 0.988200 0.127200
vn -0.832300 -0.000800 0.554300
vn -0.832700 -0.000700 0.553800
vn -0.085500 -0.988000 -0.128400
vn 0.085700 0.988000 0.128500
vn -0.526700 0.152300 -0.836300
vn -0.526800 0.152500 -0.836200
vn -0.526600 0.153100 -0.836200
vn -0.526600 0.152600 -0.836300
vn -0.526300 0.153400 -0.836300
vn -0.527400 0.153700 -0.835600
vn -0.527300 0.153500 -0.835700
vn -0.527500 0.153400 -0.835600
vn -0.527900 0.152300 -0.835600
vn -0.831900 -0.000900 0.554900
vn -0.571500 0.156300 -0.805600
vn 0.198700 -0.055000 0.978500
vn 0.569600 -0.152600 0.807600
vn -0.430100 0.113800 0.895600
vn 0.571400 -0.156600 0.805600
vn 0.967800 -0.039100 0.248600
vn 0.569000 -0.156600 0.807300
vn 0.996000 -0.086100 0.023500
vn 0.198200 -0.074800 0.977300
vn 0.565800 -0.160100 0.808900
vn -0.709300 -0.084000 0.699900
vn 0.566900 -0.159500 0.808200
vn 0.565700 -0.146200 0.811600
vn 0.572100 -0.146100 0.807100
vn 0.995800 -0.089800 0.017900
vn -0.638400 -0.059800 0.767400
vn -0.568100 0.152500 -0.808700
vn 0.197800 -0.083400 0.976700
vn 0.568000 -0.152700 0.808700
vn -0.431000 0.049900 0.901000
vn -0.073700 -0.991100 -0.110800
vn 0.073900 0.991100 0.110700
vn 0.832300 0.000800 -0.554400
vn 0.832600 0.000700 -0.553800
vn 0.074000 0.991000 0.111200
vn -0.074200 -0.991000 -0.111200
vn -0.832300 -0.000800 0.554400
vn -0.832600 -0.000800 0.553800
vn 0.073500 0.991200 0.110400
vn -0.073500 -0.991200 -0.110200
vn 0.546700 -0.152000 0.823400
vn -0.835000 -0.000000 0.550200
vn -0.552100 0.152000 -0.819800
vn 0.835000 -0.000000 -0.550300
vn 0.074200 0.991000 0.111300
vn 0.548100 -0.133200 0.825700
vn 0.835500 -0.000000 -0.549500
vn -0.553600 0.133200 -0.822100
vn -0.835600 -0.000000 0.549400
vn 0.084700 0.988300 0.127000
vn 0.537800 -0.142600 0.830900
vn -0.830400 0.000500 0.557200
vn -0.563100 0.142600 -0.814000
vn 0.830500 -0.000500 -0.557000
vn 0.079200 0.989800 0.118600
vn -0.079400 -0.989800 -0.118500
vn 0.526700 -0.152300 0.836300
vn 0.526600 -0.152500 0.836300
vn 0.526800 -0.152500 0.836200
vn 0.526400 -0.153300 0.836300
vn 0.527400 -0.153700 0.835600
vn 0.527500 -0.153400 0.835600
vn 0.527600 -0.152600 0.835700
vn 0.527300 -0.153500 0.835700
vn 0.527900 -0.152300 0.835600
vn 0.831900 0.000900 -0.554900
vn -0.198200 0.090700 -0.976000
vn 0.570100 -0.154700 0.806900
vn 0.431500 -0.035300 -0.901400
vn -0.569600 0.152700 -0.807600
vn 0.568100 -0.152800 0.808700
vn -0.433900 -0.039000 0.900100
vn -0.570100 0.155700 -0.806700
vn 0.197500 -0.125000 0.972300
vn -0.940000 -0.117600 0.320200
vn 0.569800 -0.152800 0.807500
vn -0.996900 0.073100 -0.029300
vn -0.569100 0.152200 -0.808100
vn -0.570800 0.158400 -0.805700
vn -0.911700 0.048900 -0.408000
vn 0.073700 0.991100 0.110800
vn -0.073900 -0.991100 -0.110700
vn -0.832600 -0.000700 0.553800
vn -0.074000 -0.991000 -0.111200
vn 0.074200 0.991000 0.111200
vn -0.073500 -0.991200 -0.110400
vn 0.073600 0.991200 0.110200
vn -0.965900 -0.073400 0.248200
vn 0.568200 -0.154700 0.808200
vn -0.568600 0.152200 -0.808400
vn -0.891500 0.071700 -0.447300
vn 0.628800 0.040300 -0.776500
vn -0.568900 0.153300 -0.808000
vn -0.429900 0.074500 0.899800
vn -0.568400 0.153300 -0.808300
vn 0.634200 0.052700 -0.771400
vn -0.565900 0.158800 -0.809000
vn -0.567700 0.152500 -0.809000
vn 0.824200 0.118800 -0.553800
vn -0.992100 0.060500 -0.109500
vn -0.570300 0.152700 -0.807100
vn 0.569700 -0.152300 0.807600
vn 0.569400 -0.152600 0.807800
vn 0.569300 -0.153400 0.807700
vn 0.569200 -0.153800 0.807700
vn 0.569100 -0.153500 0.807800
vn 0.568500 -0.153700 0.808200
vn 0.568600 -0.153400 0.808200
vn 0.568500 -0.152700 0.808400
vn 0.568400 -0.153400 0.808300
vn 0.568300 -0.152500 0.808600
vn -0.569700 0.152300 -0.807600
vn -0.569300 0.153400 -0.807700
vn -0.569400 0.152600 -0.807800
vn -0.569200 0.153800 -0.807700
vn -0.569400 0.153400 -0.807600
vn -0.568500 0.153600 -0.808200
vn -0.568500 0.152700 -0.808400
vn -0.568600 0.153300 -0.808200
vn -0.568300 0.152500 -0.808600
vn 0.570200 -0.132100 0.810800
vn 0.570200 -0.132700 0.810700
vn 0.570200 -0.133000 0.810700
vn 0.570400 -0.132800 0.810600
vn 0.570000 -0.131900 0.811000
vn 0.571000 -0.133100 0.810100
vn 0.571400 -0.131800 0.810000
vn 0.571100 -0.132200 0.810200
vn 0.570800 -0.133100 0.810200
vn 0.570900 -0.133400 0.810100
vn -0.802800 -0.001200 0.596300
vn -0.611500 0.132500 -0.780100
vn -0.611400 0.131800 -0.780300
vn -0.611500 0.131400 -0.780200
vn -0.611600 0.131700 -0.780200
vn -0.611700 0.132700 -0.779900
vn -0.610700 0.132200 -0.780800
vn -0.610800 0.132800 -0.780600
vn -0.610700 0.133000 -0.780600
vn -0.610600 0.132700 -0.780700
vn -0.610400 0.132000 -0.781000
vn 0.802800 0.001300 -0.596300
vn 0.091500 0.988100 0.123400
vn -0.091700 -0.988100 -0.123300
vn 0.803200 0.001200 -0.595700
vn 0.803600 0.001100 -0.595200
vn -0.091200 -0.988200 -0.122900
vn 0.091200 0.988200 0.122700
vn -0.803200 -0.001200 0.595700
vn -0.803600 -0.001200 0.595200
vn -0.091900 -0.988000 -0.123900
vn 0.092100 0.988000 0.123900
vn -0.568600 0.152100 -0.808400
vn -0.568700 0.152400 -0.808300
vn -0.568500 0.153000 -0.808300
vn -0.568500 0.152400 -0.808400
vn -0.568300 0.153100 -0.808500
vn -0.569300 0.153800 -0.807600
vn -0.569200 0.153500 -0.807800
vn -0.569400 0.152700 -0.807700
vn -0.569400 0.153500 -0.807600
vn -0.569500 0.152700 -0.807700
vn -0.802700 -0.001300 0.596400
vn -0.609600 0.152200 -0.778000
vn -0.692200 -0.083900 0.716800
vn 0.606900 -0.158700 0.778800
vn -0.994900 0.060200 -0.080500
vn 0.606900 -0.157200 0.779100
vn 0.981700 -0.088700 0.168500
vn 0.610300 -0.156800 0.776500
vn -0.959700 -0.107900 0.259400
vn 0.215300 0.033300 0.976000
vn 0.609100 -0.151600 0.778400
vn 0.214200 -0.040000 0.976000
vn 0.609000 -0.151200 0.778600
vn 0.609100 -0.151700 0.778400
vn 0.608200 -0.151800 0.779100
vn -0.711800 -0.100900 0.695100
vn 0.440200 -0.181900 -0.879300
vn -0.609700 0.156400 -0.777000
vn 0.214000 -0.063300 0.974800
vn 0.608100 -0.155500 0.778500
vn -0.445900 0.096500 0.889800
vn 0.802700 0.001200 -0.596400
vn -0.079300 -0.991100 -0.106900
vn 0.079500 0.991100 0.106800
vn 0.803100 0.001100 -0.595800
vn 0.803500 0.001100 -0.595300
vn 0.079600 0.991000 0.107300
vn -0.079800 -0.991000 -0.107300
vn -0.803100 -0.001100 0.595800
vn -0.803500 -0.001100 0.595300
vn 0.079000 0.991200 0.106500
vn -0.079100 -0.991200 -0.106400
vn 0.587800 -0.152000 0.794600
vn -0.804800 0.001000 0.593600
vn -0.593100 0.152000 -0.790700
vn 0.804800 -0.001000 -0.593600
vn 0.079800 0.991000 0.107400
vn 0.589400 -0.133200 0.796800
vn 0.805200 -0.001000 -0.593000
vn -0.594700 0.133200 -0.792900
vn -0.805200 0.001000 0.593000
vn 0.091000 0.988300 0.122500
vn 0.579400 -0.142600 0.802500
vn -0.801500 0.000200 0.598100
vn -0.603700 0.142600 -0.784300
vn 0.801500 -0.000200 -0.598000
vn 0.085200 0.989800 0.114400
vn -0.085400 -0.989800 -0.114300
vn 0.568600 -0.151900 0.808400
vn 0.568500 -0.152200 0.808400
vn 0.568500 -0.152900 0.808300
vn 0.568700 -0.152200 0.808300
vn 0.568200 -0.153100 0.808500
vn 0.569200 -0.153900 0.807700
vn 0.569300 -0.153500 0.807700
vn 0.802700 0.001300 -0.596400
vn -0.213300 0.173500 -0.961500
vn 0.612200 -0.148900 0.776500
vn 0.452100 0.137000 -0.881400
vn -0.607000 0.161600 -0.778100
vn 0.606800 -0.155900 0.779500
vn -0.975500 0.071600 -0.208200
vn -0.609800 0.152100 -0.777800
vn -0.806700 -0.068800 0.587000
vn -0.974400 -0.091900 0.205000
vn 0.608200 -0.158800 0.777700
vn -0.214200 0.019800 -0.976600
vn -0.606800 0.155700 -0.779500
vn -0.610000 0.152000 -0.777700
vn -0.891900 0.065200 -0.447600
vn -0.802700 -0.001200 0.596400
vn 0.079300 0.991100 0.106900
vn -0.079500 -0.991100 -0.106800
vn -0.079600 -0.991000 -0.107300
vn 0.079800 0.991000 0.107300
vn 0.803100 0.001200 -0.595800
vn -0.079000 -0.991200 -0.106500
vn 0.079100 0.991200 0.106400
vn 0.451700 0.152600 -0.879000
vn 0.610600 -0.149000 0.777800
vn -0.607500 0.156400 -0.778800
vn -0.213200 0.179000 -0.960500
vn -0.993400 0.047900 -0.104000
vn -0.609700 0.158700 -0.776600
vn -0.432600 0.286500 0.854800
vn -0.611000 0.157600 -0.775800
vn -0.905200 0.055800 -0.421300
vn -0.609900 0.152100 -0.777700
vn -0.606600 0.156200 -0.779500
vn 0.773000 0.045500 -0.632800
vn -0.444100 0.145100 0.884100
vn -0.612200 0.162400 -0.773900
vn 0.610000 -0.152300 0.777600
vn 0.609700 -0.152600 0.777800
vn 0.609600 -0.153500 0.777700
vn 0.609500 -0.153900 0.777700
vn 0.609400 -0.153500 0.777800
vn 0.609000 -0.153700 0.778100
vn 0.609000 -0.153300 0.778200
vn 0.608900 -0.152700 0.778500
vn 0.608800 -0.153200 0.778400
vn 0.608600 -0.152500 0.778700
vn -0.610000 0.152400 -0.777600
vn -0.609600 0.153500 -0.777700
vn -0.609700 0.152600 -0.777800
vn -0.609500 0.153800 -0.777700
vn -0.609500 0.153500 -0.777800
vn -0.608800 0.153500 -0.778300
vn -0.608800 0.153300 -0.778400
vn -0.608900 0.152600 -0.778400
vn -0.609000 0.153300 -0.778200
vn -0.608700 0.152400 -0.778600
vn 0.610700 -0.132200 0.780800
vn 0.610600 -0.132700 0.780700
vn 0.610700 -0.133000 0.780600
vn 0.610800 -0.132800 0.780600
vn 0.610400 -0.132000 0.781000
vn 0.611400 -0.132900 0.780000
vn 0.611800 -0.131700 0.780000
vn 0.611500 -0.132100 0.780100
vn 0.611300 -0.132900 0.780200
vn 0.611400 -0.133200 0.780100
vn -0.770900 -0.000100 0.637000
vn -0.650200 0.132700 -0.748100
vn -0.650200 0.131800 -0.748300
vn -0.650300 0.131400 -0.748200
vn -0.650400 0.131800 -0.748100
vn -0.650500 0.133000 -0.747800
vn -0.649500 0.132300 -0.748800
vn -0.649600 0.132900 -0.748600
vn -0.649400 0.133200 -0.748700
vn -0.649400 0.132900 -0.748700
vn -0.649300 0.132200 -0.749000
vn 0.770900 0.000100 -0.637000
vn 0.097600 0.988100 0.118600
vn -0.097900 -0.988100 -0.118400
vn 0.771500 -0.000100 -0.636200
vn 0.772200 -0.000100 -0.635400
vn -0.097300 -0.988200 -0.118100
vn 0.097300 0.988200 0.117900
vn -0.771500 -0.000000 0.636200
vn -0.772200 0.000100 0.635400
vn -0.098100 -0.988000 -0.119000
vn 0.098300 0.988000 0.119100
vn -0.609000 0.152200 -0.778500
vn -0.609000 0.152400 -0.778400
vn -0.608800 0.153000 -0.778400
vn -0.608900 0.152500 -0.778500
vn -0.608600 0.153200 -0.778600
vn -0.609600 0.153700 -0.777700
vn -0.609400 0.153400 -0.777900
vn -0.609700 0.152500 -0.777800
vn -0.609700 0.153300 -0.777700
vn -0.610000 0.152200 -0.777700
vn -0.770900 -0.000000 0.637000
vn -0.648100 0.153200 -0.746000
vn 0.229400 -0.098600 0.968300
vn 0.648300 -0.152500 0.745900
vn -0.459700 0.018900 0.887900
vn 0.645300 -0.147000 0.749600
vn -0.689100 -0.059600 0.722200
vn 0.645300 -0.147000 0.749700
vn -0.708600 -0.055600 0.703500
vn 0.968300 -0.071500 0.239200
vn 0.648700 -0.153500 0.745400
vn 0.933600 -0.072500 0.350900
vn 0.648600 -0.153500 0.745500
vn 0.647500 -0.152700 0.746600
vn 0.648200 -0.153000 0.745900
vn 0.962200 -0.096300 0.254800
vn 0.244200 0.394400 0.885900
vn -0.647300 0.152800 -0.746700
vn 0.453500 -0.204100 -0.867600
vn 0.650300 -0.146400 0.745400
vn -0.229800 0.002200 -0.973200
vn 0.770900 -0.000000 -0.637000
vn -0.084600 -0.991100 -0.102800
vn 0.084800 0.991100 0.102600
vn 0.772100 -0.000200 -0.635500
vn 0.084900 0.991000 0.103100
vn -0.085100 -0.991000 -0.103100
vn -0.771500 0.000100 0.636200
vn -0.772100 0.000200 0.635500
vn 0.084400 0.991200 0.102400
vn -0.084400 -0.991200 -0.102200
vn 0.627400 -0.152000 0.763700
vn -0.769100 -0.000500 0.639200
vn -0.632400 0.151900 -0.759600
vn 0.769100 0.000500 -0.639100
vn 0.085200 0.991000 0.103300
vn 0.629100 -0.133300 0.765800
vn 0.768900 0.000500 -0.639400
vn -0.634100 0.133200 -0.761700
vn -0.768800 -0.000500 0.639500
vn 0.097100 0.988300 0.117700
vn 0.619400 -0.142600 0.772000
vn -0.770600 -0.000200 0.637400
vn -0.642700 0.142700 -0.752700
vn 0.770500 0.000200 -0.637400
vn 0.090900 0.989800 0.110000
vn -0.091100 -0.989800 -0.109800
vn 0.608900 -0.152200 0.778500
vn 0.608800 -0.152500 0.778500
vn 0.608800 -0.153000 0.778400
vn 0.609000 -0.152400 0.778400
vn 0.608600 -0.153200 0.778600
vn 0.609500 -0.153600 0.777700
vn 0.609600 -0.153300 0.777700
vn 0.609700 -0.152500 0.777800
vn 0.609400 -0.153400 0.777900
vn 0.610000 -0.152100 0.777700
vn 0.840000 0.062100 -0.539100
vn 0.650500 -0.155300 0.743500
vn 0.969900 -0.076900 0.230900
vn -0.648600 0.153400 -0.745500
vn 0.650500 -0.146200 0.745300
vn -0.229300 0.038600 -0.972600
vn -0.647500 0.153100 -0.746600
vn 0.457600 -0.133800 -0.879000
vn -0.943600 -0.073000 0.322900
vn 0.648400 -0.152600 0.745800
vn -0.377800 0.783000 0.494200
vn -0.649200 0.152800 -0.745100
vn -0.648800 0.154100 -0.745200
vn -0.927800 0.072000 -0.366000
vn 0.084600 0.991100 0.102800
vn -0.084800 -0.991100 -0.102600
vn -0.772100 0.000100 0.635500
vn -0.084900 -0.991000 -0.103100
vn 0.085100 0.991000 0.103100
vn 0.771500 -0.000000 -0.636200
vn 0.772100 -0.000100 -0.635500
vn -0.084400 -0.991200 -0.102400
vn 0.084400 0.991200 0.102200
vn 0.960900 -0.064800 0.269200
vn 0.648400 -0.155500 0.745300
vn -0.647800 0.150700 -0.746800
vn 0.871300 0.082300 -0.483900
vn 0.861500 0.022900 -0.507200
vn -0.646000 0.147600 -0.749000
vn 0.847400 0.066200 -0.526800
vn -0.645800 0.147600 -0.749100
vn -0.993300 0.077300 -0.085500
vn -0.648700 0.154200 -0.745300
vn -0.648000 0.152900 -0.746100
vn -0.995100 0.074000 -0.065200
vn 0.934000 0.071500 -0.350100
vn -0.648500 0.153200 -0.745600
vn 0.648600 -0.152300 0.745700
vn 0.648400 -0.152600 0.745900
vn 0.648300 -0.153500 0.745800
vn 0.648200 -0.153800 0.745800
vn 0.648100 -0.153400 0.745900
vn 0.647500 -0.153500 0.746400
vn 0.647700 -0.153200 0.746400
vn 0.647600 -0.152600 0.746600
vn 0.647500 -0.153200 0.746500
vn 0.647400 -0.152400 0.746800
vn -0.648700 0.152300 -0.745700
vn -0.648300 0.153400 -0.745700
vn -0.648400 0.152600 -0.745900
vn -0.648200 0.153700 -0.745800
vn -0.648100 0.153400 -0.745900
vn -0.647500 0.153500 -0.746400
vn -0.647500 0.153200 -0.746500
vn -0.647600 0.152600 -0.746600
vn -0.647700 0.153200 -0.746300
vn -0.647400 0.152400 -0.746800
vn 0.649500 -0.132400 0.748800
vn 0.649400 -0.132900 0.748700
vn 0.649400 -0.133200 0.748700
vn 0.649600 -0.132900 0.748600
vn 0.649300 -0.132200 0.749000
vn 0.650200 -0.132900 0.748000
vn 0.650600 -0.131700 0.747900
vn 0.650300 -0.132100 0.748100
vn 0.650000 -0.132900 0.748200
vn 0.650100 -0.133200 0.748100
vn -0.737200 0.001200 0.675700
vn -0.687300 0.132600 -0.714100
vn -0.687200 0.131700 -0.714400
vn -0.687400 0.131300 -0.714300
vn -0.687400 0.131600 -0.714200
vn -0.687500 0.132900 -0.713900
vn -0.686600 0.132200 -0.714900
vn -0.686700 0.132900 -0.714700
vn -0.686600 0.133100 -0.714800
vn -0.686500 0.132800 -0.714900
vn -0.686400 0.132000 -0.715100
vn 0.737200 -0.001100 -0.675600
vn 0.103500 0.988100 0.113500
vn -0.103700 -0.988100 -0.113300
vn 0.737700 -0.001200 -0.675200
vn 0.738100 -0.001300 -0.674700
vn -0.103200 -0.988200 -0.113000
vn 0.103200 0.988200 0.112800
vn -0.737700 0.001200 0.675200
vn -0.738100 0.001400 0.674700
vn -0.104000 -0.988000 -0.113900
vn 0.104200 0.988000 0.113900
vn -0.647600 0.152200 -0.746600
vn -0.647800 0.152400 -0.746400
vn -0.647500 0.153100 -0.746500
vn -0.647600 0.152500 -0.746600
vn -0.647300 0.153400 -0.746700
vn -0.648300 0.153500 -0.745800
vn -0.648200 0.153300 -0.745900
vn -0.648400 0.152500 -0.745900
vn -0.648200 0.153500 -0.745800
vn -0.648600 0.152100 -0.745700
vn -0.737300 0.000800 0.675600
vn -0.686000 0.161000 -0.709600
vn 0.251000 0.194900 0.948200
vn 0.685400 -0.150100 0.712500
vn -0.430300 0.528800 0.731600
vn 0.684700 -0.155000 0.712200
vn -0.482500 -0.099300 0.870300
vn 0.682400 -0.155000 0.714400
vn 0.465100 -0.135200 -0.874900
vn 0.245800 0.017100 0.969200
vn 0.685600 -0.155500 0.711100
vn 0.975000 -0.067000 0.211900
vn 0.683700 -0.154900 0.713100
vn 0.683800 -0.154700 0.713100
vn 0.682000 -0.154900 0.714700
vn -0.804400 -0.073500 0.589500
vn 0.470400 -0.001100 -0.882400
vn -0.682200 0.146000 -0.716400
vn 0.997300 -0.066800 0.031400
vn 0.684600 -0.151500 0.713000
vn 0.667400 0.068700 -0.741500
vn 0.737300 -0.001200 -0.675600
vn -0.089700 -0.991100 -0.098400
vn 0.089900 0.991100 0.098200
vn 0.737700 -0.001200 -0.675100
vn 0.738200 -0.001300 -0.674600
vn 0.090100 0.991000 0.098700
vn -0.090200 -0.991000 -0.098700
vn -0.737700 0.001200 0.675100
vn -0.738200 0.001300 0.674600
vn 0.089500 0.991200 0.098000
vn -0.089500 -0.991200 -0.097800
vn 0.665300 -0.152000 0.730900
vn -0.732900 -0.000200 0.680300
vn -0.670100 0.152000 -0.726500
vn 0.733000 0.000200 -0.680300
vn 0.090300 0.991000 0.098800
vn 0.667200 -0.133200 0.732900
vn 0.732300 0.000200 -0.681000
vn -0.671900 0.133300 -0.728600
vn -0.732300 -0.000200 0.681000
vn 0.103000 0.988300 0.112700
vn 0.657800 -0.142600 0.739600
vn -0.737800 -0.000500 0.675000
vn -0.680100 0.142600 -0.719100
vn 0.737600 0.000500 -0.675200
vn 0.096300 0.989800 0.105200
vn -0.096500 -0.989800 -0.105000
vn 0.647600 -0.152200 0.746600
vn 0.647600 -0.152500 0.746600
vn 0.647600 -0.153000 0.746500
vn 0.647800 -0.152400 0.746400
vn 0.647100 -0.153700 0.746700
vn 0.648000 -0.154000 0.745900
vn 0.648300 -0.153300 0.745800
vn 0.648400 -0.152500 0.745900
vn 0.648200 -0.153300 0.745900
vn -0.433100 -0.768500 0.470900
vn 0.683900 -0.157000 0.712500
vn 0.251000 -0.556000 0.792400
vn -0.686000 0.151100 -0.711700
vn -0.464000 0.169000 0.869500
vn -0.686100 0.159900 -0.709700
vn 0.245000 -0.022000 0.969300
vn 0.455600 -0.296200 -0.839500
vn 0.686900 -0.151200 0.710900
vn -0.244000 0.109000 -0.963600
vn -0.684200 0.153100 -0.713000
vn -0.683200 0.158700 -0.712800
vn -0.247000 -0.048700 -0.967800
vn -0.737300 0.001200 0.675600
vn 0.089700 0.991100 0.098400
vn -0.089900 -0.991100 -0.098200
vn -0.738200 0.001400 0.674600
vn -0.090100 -0.991000 -0.098700
vn 0.090200 0.991000 0.098700
vn -0.089400 -0.991200 -0.098000
vn 0.089500 0.991200 0.097800
vn 0.471400 0.017900 -0.881700
vn 0.685500 -0.154900 0.711400
vn -0.684100 0.153100 -0.713100
vn -0.244000 0.118900 -0.962500
vn -0.982400 0.069700 -0.173400
vn -0.685400 0.153800 -0.711700
vn -0.458100 0.239000 0.856200
vn -0.685500 0.153500 -0.711700
vn -0.245300 0.041400 -0.968600
vn -0.683000 0.159100 -0.712900
vn -0.688500 0.145500 -0.710500
vn -0.987600 0.040300 0.152000
vn 0.838500 0.078700 -0.539100
vn -0.685200 0.151500 -0.712400
vn 0.685600 -0.152100 0.711900
vn 0.685400 -0.152500 0.712000
vn 0.685300 -0.153200 0.712000
vn 0.685200 -0.153600 0.712000
vn 0.685100 -0.153300 0.712100
vn 0.684500 -0.153400 0.712700
vn 0.684700 -0.153200 0.712600
vn 0.684600 -0.152500 0.712800
vn 0.684500 -0.153100 0.712800
vn 0.684400 -0.152200 0.713100
vn -0.685600 0.152200 -0.711900
vn -0.685300 0.153300 -0.712000
vn -0.685400 0.152500 -0.712100
vn -0.685200 0.153600 -0.712000
vn -0.685100 0.153300 -0.712100
vn -0.684500 0.153600 -0.712600
vn -0.684500 0.153300 -0.712700
vn -0.684600 0.152600 -0.712800
vn -0.684700 0.153300 -0.712500
vn -0.684400 0.152400 -0.713000
vn 0.686600 -0.132200 0.714900
vn 0.686500 -0.132800 0.714900
vn 0.686600 -0.133100 0.714800
vn 0.686700 -0.132900 0.714700
vn 0.686400 -0.131900 0.715100
vn 0.687300 -0.133000 0.714100
vn 0.687700 -0.131700 0.714000
vn 0.687400 -0.132100 0.714200
vn 0.687100 -0.133000 0.714300
vn 0.687200 -0.133400 0.714100
vn -0.702200 0.000800 0.712000
vn -0.722700 0.132600 -0.678400
vn -0.722600 0.131700 -0.678600
vn -0.722700 0.131400 -0.678600
vn -0.722700 0.131700 -0.678500
vn -0.722800 0.132800 -0.678100
vn -0.722000 0.132200 -0.679200
vn -0.722000 0.132900 -0.679000
vn -0.721900 0.133100 -0.679100
vn -0.721900 0.132800 -0.679200
vn -0.721800 0.131900 -0.679400
vn 0.702200 -0.000800 -0.712000
vn 0.109100 0.988100 0.108100
vn -0.109300 -0.988100 -0.107900
vn 0.702700 -0.000800 -0.711500
vn 0.703100 -0.000900 -0.711000
vn -0.108800 -0.988200 -0.107600
vn 0.108700 0.988200 0.107400
vn -0.702700 0.000800 0.711500
vn -0.703100 0.001000 0.711100
vn -0.109600 -0.988000 -0.108500
vn 0.109800 0.988000 0.108500
vn -0.684700 0.152100 -0.712800
vn -0.684800 0.152300 -0.712700
vn -0.684500 0.153000 -0.712700
vn -0.684600 0.152400 -0.712800
vn -0.684300 0.153300 -0.712900
vn -0.685300 0.153300 -0.711900
vn -0.702300 0.000800 0.711900
vn -0.720700 0.154200 -0.675900
vn -0.687200 -0.069300 0.723200
vn 0.717900 -0.158000 0.678000
vn -0.996700 0.072400 -0.036500
vn 0.719400 -0.151900 0.677700
vn 0.960100 -0.072100 0.270100
vn 0.720800 -0.151900 0.676300
vn 0.260500 0.007200 0.965500
vn -0.674600 -0.032500 0.737500
vn 0.718900 -0.155900 0.677400
vn -0.768900 -0.022800 0.639000
vn 0.718700 -0.155900 0.677600
vn 0.719200 -0.151700 0.678000
vn 0.719700 -0.151400 0.677500
vn 0.817900 -0.055100 0.572700
vn -0.998800 -0.047500 0.007500
vn -0.720900 0.157400 -0.674900
vn -0.830200 -0.122500 0.543800
vn 0.718400 -0.149700 0.679400
vn -0.980800 0.043600 -0.190200
vn 0.702300 -0.000700 -0.711900
vn -0.094600 -0.991100 -0.093700
vn 0.094800 0.991100 0.093500
vn 0.702700 -0.000800 -0.711400
vn 0.703200 -0.000900 -0.711000
vn 0.094900 0.991000 0.094000
vn -0.095100 -0.991000 -0.094000
vn -0.702700 0.000800 0.711400
vn -0.703200 0.000900 0.711000
vn 0.094300 0.991200 0.093400
vn -0.094300 -0.991200 -0.093100
vn 0.701500 -0.151900 0.696300
vn -0.698900 -0.000000 0.715300
vn -0.706000 0.151900 -0.691700
vn 0.698900 -0.000000 -0.715300
vn 0.095200 0.991000 0.094100
vn 0.703400 -0.133300 0.698200
vn 0.698400 -0.000000 -0.715700
vn -0.708000 0.133300 -0.693500
vn -0.698400 -0.000000 0.715800
vn 0.108500 0.988300 0.107300
vn 0.694400 -0.142600 0.705300
vn -0.703200 -0.000800 0.711000
vn -0.715600 0.142600 -0.683800
vn 0.702900 0.000800 -0.711300
vn 0.101500 0.989800 0.100200
vn -0.101700 -0.989800 -0.100000
vn 0.684700 -0.152000 0.712800
vn 0.684600 -0.152300 0.712800
vn 0.684500 -0.153000 0.712800
vn 0.684800 -0.152300 0.712600
vn 0.684200 -0.153300 0.713000
vn 0.685200 -0.153500 0.712000
vn 0.685300 -0.153200 0.711900
vn 0.685400 -0.152500 0.712100
vn 0.685600 -0.152200 0.711900
vn 0.702300 -0.000800 -0.711900
vn -0.259200 0.135100 -0.956300
vn 0.720700 -0.152900 0.676200
vn 0.480800 0.045700 -0.875600
vn -0.720000 0.154900 -0.676500
vn 0.720900 -0.148800 0.676800
vn -0.262300 0.470100 -0.842700
vn -0.718900 0.155600 -0.677500
vn 0.462100 0.635300 -0.618800
vn 0.995100 -0.087600 -0.044800
vn 0.722100 -0.157700 0.673600
vn -0.884700 0.086100 -0.458100
vn -0.720400 0.156300 -0.675700
vn -0.718700 0.155300 -0.677800
vn 0.603900 0.047900 -0.795600
vn -0.702300 0.000700 0.711900
vn 0.094600 0.991100 0.093700
vn -0.094800 -0.991100 -0.093500
vn -0.703200 0.001000 0.711000
vn -0.095000 -0.991000 -0.094000
vn 0.095100 0.991000 0.094000
vn 0.703200 -0.001000 -0.711000
vn -0.094300 -0.991200 -0.093300
vn 0.094300 0.991200 0.093200
vn 0.993000 -0.107600 0.048700
vn 0.722500 -0.152800 0.674300
vn -0.717400 0.156400 -0.678800
vn 0.698500 0.013900 -0.715400
vn 0.934500 0.137300 0.328400
vn -0.721000 0.158600 -0.674500
vn -0.994900 0.097900 -0.024100
vn -0.718400 0.159300 -0.677200
vn -0.469600 0.213200 0.856700
vn -0.720800 0.155500 -0.675500
vn -0.717700 0.158400 -0.678200
vn 0.905200 0.075100 -0.418200
vn -0.988000 0.100800 -0.117300
vn -0.722400 0.154700 -0.674000
vn 0.720800 -0.152200 0.676200
vn 0.720600 -0.152500 0.676400
vn 0.720500 -0.153400 0.676300
vn 0.720400 -0.153800 0.676300
vn 0.720300 -0.153400 0.676500
vn 0.719700 -0.153600 0.677000
vn 0.719900 -0.153300 0.677000
vn 0.719800 -0.152700 0.677200
vn 0.719700 -0.153300 0.677100
vn 0.719600 -0.152600 0.677400
vn -0.720800 0.152300 -0.676200
vn -0.720500 0.153400 -0.676300
vn -0.720500 0.152600 -0.676400
vn -0.720400 0.153800 -0.676300
vn -0.720300 0.153500 -0.676500
vn -0.719800 0.153400 -0.677100
vn -0.719700 0.153100 -0.677100
vn -0.719800 0.152600 -0.677200
vn -0.719900 0.153200 -0.677000
vn -0.719700 0.152300 -0.677400
vn 0.722000 -0.132200 0.679200
vn 0.721900 -0.132800 0.679200
vn 0.721900 -0.133200 0.679100
vn 0.722000 -0.132900 0.679000
vn 0.721800 -0.131900 0.679400
vn 0.722600 -0.133100 0.678300
vn 0.722900 -0.132000 0.678200
vn 0.722700 -0.132200 0.678400
vn 0.722500 -0.133100 0.678500
vn 0.722500 -0.133500 0.678300
vn -0.665400 0.000300 0.746500
vn -0.756100 0.132700 -0.640900
vn -0.756000 0.131800 -0.641100
vn -0.756200 0.131400 -0.641000
vn -0.756200 0.131800 -0.640900
vn -0.756300 0.132900 -0.640600
vn -0.755500 0.132200 -0.641700
vn -0.755500 0.132900 -0.641500
vn -0.755400 0.133100 -0.641600
vn -0.755400 0.132800 -0.641700
vn -0.755300 0.131900 -0.642000
vn 0.665400 -0.000300 -0.746500
vn 0.114500 0.988100 0.102400
vn -0.114700 -0.988100 -0.102200
vn 0.665900 -0.000400 -0.746000
vn 0.666400 -0.000500 -0.745600
vn -0.114100 -0.988200 -0.102000
vn 0.114100 0.988200 0.101800
vn -0.665900 0.000400 0.746000
vn -0.666400 0.000600 0.745600
vn -0.115000 -0.988000 -0.102800
vn 0.115200 0.988000 0.102800
vn -0.719900 0.152100 -0.677200
vn -0.720000 0.152300 -0.677100
vn -0.719800 0.152900 -0.677100
vn -0.719800 0.152400 -0.677300
vn -0.719500 0.153100 -0.677300
vn -0.720500 0.152700 -0.676400
vn -0.720500 0.153500 -0.676300
vn -0.720800 0.152500 -0.676200
vn -0.665500 0.000300 0.746400
vn -0.754100 0.151800 -0.639000
vn 0.276500 -0.473800 0.836100
vn 0.754100 -0.152600 0.638800
vn -0.471700 -0.618700 0.628200
vn 0.754200 -0.156200 0.637800
vn 0.278600 0.144800 0.949400
vn 0.752000 -0.155000 0.640700
vn 0.476800 -0.209700 -0.853600
vn 0.998100 -0.053700 0.029600
vn 0.755900 -0.148400 0.637600
vn 0.489900 0.190300 -0.850700
vn 0.756100 -0.148500 0.637400
vn 0.752500 -0.154700 0.640200
vn 0.751400 -0.154600 0.641500
vn -0.830800 0.090500 0.549100
vn -0.907300 -0.213100 0.362500
vn -0.752400 0.146100 -0.642300
vn 0.485800 -0.038500 -0.873200
vn 0.753800 -0.154100 0.638700
vn -0.274200 0.087500 -0.957700
vn 0.665500 -0.000300 -0.746400
vn -0.099200 -0.991100 -0.088800
vn 0.099400 0.991100 0.088600
vn 0.665900 -0.000500 -0.746000
vn 0.099500 0.991000 0.089100
vn -0.099800 -0.991000 -0.089000
vn -0.666000 0.000400 0.746000
vn -0.666400 0.000500 0.745600
vn 0.098900 0.991200 0.088400
vn -0.098900 -0.991200 -0.088300
vn 0.735900 -0.152000 0.659800
vn -0.663800 -0.000000 0.747900
vn -0.740200 0.151900 -0.655000
vn 0.663800 -0.000000 -0.747900
vn 0.099800 0.991000 0.089200
vn 0.737900 -0.133300 0.661700
vn 0.663600 -0.000000 -0.748100
vn -0.742200 0.133200 -0.656800
vn -0.663600 -0.000000 0.748100
vn 0.113800 0.988300 0.101600
vn 0.729200 -0.142600 0.669200
vn -0.749400 0.142600 -0.646600
vn 0.665300 -0.000300 -0.746600
vn 0.106500 0.989800 0.094900
vn -0.106600 -0.989800 -0.094700
vn 0.719900 -0.152000 0.677200
vn 0.719800 -0.152300 0.677200
vn 0.719800 -0.153000 0.677100
vn 0.720000 -0.152300 0.677000
vn 0.719500 -0.153200 0.677300
vn 0.720500 -0.152600 0.676400
vn 0.720800 -0.152400 0.676200
vn -0.486100 0.023000 0.873600
vn 0.753100 -0.148800 0.640900
vn 0.274400 -0.097600 0.956700
vn -0.754400 0.155300 -0.637800
vn 0.752300 -0.154100 0.640500
vn -0.489000 -0.129200 0.862700
vn -0.754200 0.151800 -0.638900
vn 0.273200 -0.182900 0.944400
vn 0.431700 -0.636500 -0.639200
vn 0.754700 -0.152900 0.638000
vn -0.961400 0.006000 -0.275100
vn -0.754400 0.152900 -0.638400
vn -0.753100 0.152800 -0.640000
vn -0.285900 -0.305700 -0.908200
vn -0.665400 0.000300 0.746400
vn 0.099200 0.991100 0.088800
vn -0.099400 -0.991100 -0.088600
vn -0.099600 -0.991000 -0.089000
vn 0.099800 0.991000 0.089000
vn -0.098900 -0.991200 -0.088400
vn 0.098900 0.991200 0.088200
vn -0.640100 -0.108300 0.760600
vn 0.752700 -0.149100 0.641200
vn -0.753300 0.153500 -0.639500
vn -0.998900 0.043000 0.019000
vn -0.972800 0.157600 -0.169500
vn -0.753000 0.154000 -0.639800
vn 0.694400 0.094500 -0.713300
vn -0.754600 0.154000 -0.637800
vn -0.275700 -0.007800 -0.961200
vn -0.753600 0.153900 -0.639000
vn -0.756200 0.148200 -0.637400
vn -0.461300 0.422500 0.780200
vn -0.273400 0.216300 -0.937300
vn -0.752600 0.155700 -0.639800
vn 0.754100 -0.152400 0.638800
vn 0.753900 -0.152600 0.639000
vn 0.753800 -0.153500 0.638900
vn 0.753700 -0.153800 0.638900
vn 0.753700 -0.153500 0.639100
vn 0.753200 -0.153400 0.639700
vn 0.753300 -0.153200 0.639600
vn 0.753200 -0.152600 0.639800
vn 0.753100 -0.153200 0.639800
vn 0.753100 -0.152400 0.640100
vn -0.754100 0.152400 -0.638800
vn -0.753800 0.153400 -0.638900
vn -0.753900 0.152600 -0.639000
vn -0.753800 0.153700 -0.638900
vn -0.753600 0.153800 -0.639100
vn -0.753200 0.153700 -0.639600
vn -0.753100 0.153400 -0.639700
vn -0.753200 0.152700 -0.639800
vn -0.753300 0.153400 -0.639500
vn -0.753000 0.152500 -0.640100
vn 0.755500 -0.132200 0.641700
vn 0.755400 -0.132800 0.641700
vn 0.755400 -0.133100 0.641600
vn 0.755500 -0.132900 0.641500
vn 0.755300 -0.131900 0.642000
vn 0.756100 -0.133000 0.640800
vn 0.756400 -0.131900 0.640700
vn 0.756200 -0.132200 0.640900
vn 0.755900 -0.133000 0.641000
vn 0.756000 -0.133300 0.640900
vn -0.626900 -0.000100 0.779100
vn -0.787600 0.132700 -0.601700
vn -0.787600 0.131900 -0.601900
vn -0.787700 0.131700 -0.601800
vn -0.787700 0.132000 -0.601700
vn -0.787800 0.133000 -0.601400
vn -0.787100 0.132100 -0.602600
vn -0.787100 0.132800 -0.602300
vn -0.787000 0.133000 -0.602400
vn -0.787000 0.132700 -0.602500
vn -0.786900 0.131700 -0.602800
vn 0.626900 0.000100 -0.779100
vn 0.119500 0.988100 0.096500
vn -0.119700 -0.988100 -0.096300
vn 0.627400 -0.000100 -0.778700
vn 0.627900 -0.000100 -0.778300
vn -0.119100 -0.988200 -0.096100
vn 0.119100 0.988200 0.095900
vn -0.627400 -0.000000 0.778700
vn -0.627900 0.000200 0.778300
vn -0.120100 -0.988000 -0.096800
vn 0.120300 0.988000 0.096800
vn -0.753300 0.152100 -0.639800
vn -0.753400 0.152300 -0.639700
vn -0.753200 0.153100 -0.639800
vn -0.753200 0.152400 -0.639900
vn -0.752900 0.153400 -0.640000
vn -0.753800 0.153600 -0.638900
vn -0.753700 0.153300 -0.639100
vn -0.753900 0.153300 -0.638900
vn -0.754100 0.152300 -0.638800
vn -0.626900 -0.000000 0.779100
vn -0.785200 0.152400 -0.600200
vn -0.815900 -0.128300 0.563800
vn 0.785200 -0.155600 0.599300
vn -0.990300 0.042600 -0.132200
vn 0.784100 -0.154100 0.601200
vn -0.789500 -0.070500 0.609700
vn -0.970700 -0.063000 0.231900
vn 0.292200 0.094900 0.951600
vn 0.784400 -0.153200 0.601000
vn -0.966700 -0.147900 0.208700
vn 0.784400 -0.152800 0.601200
vn 0.783500 -0.149500 0.603200
vn 0.786200 -0.148900 0.599700
vn 0.999000 -0.045000 -0.003800
vn -0.749900 -0.114300 0.651500
vn -0.783300 0.145300 -0.604400
vn 0.993200 -0.090500 0.073000
vn 0.785300 -0.152800 0.599900
vn 0.759200 0.031400 -0.650100
vn 0.626900 -0.000000 -0.779100
vn -0.103600 -0.991100 -0.083600
vn 0.103700 0.991100 0.083400
vn 0.103900 0.991000 0.083900
vn -0.104100 -0.991000 -0.083800
vn -0.628000 0.000100 0.778300
vn 0.103300 0.991200 0.083300
vn -0.103300 -0.991200 -0.083100
vn 0.768400 -0.152000 0.621700
vn -0.627200 -0.000000 0.778800
vn -0.772500 0.151900 -0.616600
vn 0.627200 -0.000000 -0.778800
vn 0.104200 0.991000 0.083900
vn 0.770500 -0.133300 0.623300
vn 0.627300 -0.000000 -0.778700
vn -0.774600 0.133200 -0.618300
vn 0.118900 0.988300 0.095800
vn 0.762200 -0.142600 0.631400
vn -0.625300 -0.000300 0.780300
vn -0.781200 0.142600 -0.607800
vn 0.625500 0.000300 -0.780200
vn 0.111100 0.989800 0.089400
vn -0.111300 -0.989800 -0.089200
vn 0.753300 -0.152100 0.639800
vn 0.753200 -0.152400 0.639900
vn 0.753200 -0.153000 0.639800
vn 0.753400 -0.152400 0.639700
vn 0.753000 -0.153300 0.640000
vn 0.753700 -0.153700 0.639000
vn 0.753800 -0.153300 0.638900
vn 0.753900 -0.152500 0.639000
vn 0.753700 -0.153400 0.639100
vn 0.754200 -0.152200 0.638800
vn -0.481700 0.228800 0.845900
vn 0.784700 -0.152900 0.600700
vn 0.290200 0.026800 0.956600
vn -0.787900 0.149400 -0.597400
vn 0.784000 -0.153000 0.601600
vn -0.493500 -0.121100 0.861300
vn -0.785300 0.152400 -0.600100
vn 0.287400 -0.182200 0.940300
vn 0.991900 -0.068400 0.107500
vn 0.786600 -0.155300 0.597600
vn -0.996600 0.045200 -0.068700
vn -0.785100 0.152800 -0.600300
vn -0.784400 0.152600 -0.601200
vn 0.794400 0.078800 -0.602200
vn 0.103600 0.991100 0.083600
vn -0.103700 -0.991100 -0.083400
vn -0.627900 0.000100 0.778300
vn -0.104000 -0.991000 -0.083900
vn 0.104100 0.991000 0.083800
vn 0.627400 -0.000000 -0.778700
vn 0.627900 -0.000000 -0.778300
vn -0.103300 -0.991200 -0.083300
vn 0.103200 0.991200 0.083100
vn -0.962000 -0.066500 0.264900
vn 0.784700 -0.153100 0.600700
vn -0.784800 0.152800 -0.600700
vn -0.950800 0.076800 -0.300000
vn 0.674300 0.110300 -0.730100
vn -0.785900 0.155900 -0.598400
vn -0.472700 0.338600 0.813600
vn -0.784200 0.155200 -0.600800
vn -0.946000 0.078600 -0.314500
vn -0.785100 0.152400 -0.600300
vn -0.787900 0.144700 -0.598500
vn -0.992300 0.069400 -0.102600
vn -0.944900 0.041400 -0.324700
vn -0.786400 0.148200 -0.599700
vn 0.785600 -0.152400 0.599700
vn 0.785400 -0.152600 0.599900
vn 0.785300 -0.153500 0.599800
vn 0.785200 -0.153800 0.599800
vn 0.785100 -0.153500 0.600000
vn 0.784600 -0.153500 0.600600
vn 0.784800 -0.153300 0.600500
vn 0.784700 -0.152600 0.600800
vn 0.784600 -0.153200 0.600800
vn 0.784500 -0.152300 0.601100
vn -0.785600 0.152300 -0.599700
vn -0.785300 0.153400 -0.599800
vn -0.785400 0.152600 -0.599900
vn -0.785200 0.153700 -0.599900
vn -0.785100 0.153400 -0.600000
vn -0.784600 0.153500 -0.600700
vn -0.784600 0.153200 -0.600800
vn -0.784700 0.152700 -0.600800
vn -0.784800 0.153300 -0.600600
vn -0.784500 0.152400 -0.601100
vn 0.787100 -0.132100 0.602600
vn 0.787000 -0.132700 0.602500
vn 0.787000 -0.133000 0.602400
vn 0.787100 -0.132800 0.602300
vn 0.786900 -0.131700 0.602800
vn 0.787600 -0.133100 0.601600
vn 0.787900 -0.132100 0.601500
vn 0.787700 -0.132300 0.601700
vn 0.787500 -0.133000 0.601800
vn 0.787500 -0.133400 0.601700
vn -0.586800 -0.000500 0.809800
vn -0.817200 0.132600 -0.560900
vn -0.817200 0.131700 -0.561100
vn -0.817300 0.131400 -0.561000
vn -0.817300 0.131800 -0.560900
vn -0.817400 0.132900 -0.560600
vn -0.816600 0.132100 -0.561800
vn -0.816700 0.132900 -0.561600
vn -0.816600 0.133100 -0.561700
vn -0.816500 0.132800 -0.561800
vn -0.816500 0.131900 -0.562100
vn 0.586700 0.000400 -0.809800
vn 0.124300 0.988100 0.090300
vn -0.124500 -0.988100 -0.090100
vn 0.587300 0.000300 -0.809400
vn 0.587800 0.000300 -0.809000
vn -0.123800 -0.988200 -0.089900
vn 0.123800 0.988200 0.089700
vn -0.587300 -0.000300 0.809400
vn -0.587800 -0.000200 0.809000
vn -0.124800 -0.988000 -0.090600
vn 0.125000 0.988000 0.090600
vn -0.784800 0.152000 -0.600800
vn -0.784900 0.152300 -0.600600
vn -0.784700 0.152900 -0.600700
vn -0.784700 0.152300 -0.600800
vn -0.784500 0.153100 -0.601000
vn -0.785200 0.153800 -0.599900
vn -0.785100 0.153500 -0.600000
vn -0.785300 0.152700 -0.599900
vn -0.785300 0.153500 -0.599800
vn -0.785600 0.152400 -0.599700
vn -0.586700 -0.000400 0.809800
vn -0.813900 0.148100 -0.561800
vn 0.992400 -0.031600 -0.118700
vn 0.815500 -0.151900 0.558400
vn 0.560500 0.124100 -0.818800
vn 0.813900 -0.153800 0.560300
vn 0.306600 0.106000 0.945900
vn 0.813600 -0.153400 0.560800
vn 0.301900 -0.106200 0.947400
vn 0.922100 -0.074800 0.379700
vn 0.813800 -0.155100 0.560100
vn 0.301800 -0.163000 0.939300
vn 0.814800 -0.154900 0.558700
vn 0.814100 -0.154500 0.559800
vn 0.812700 -0.153900 0.562000
vn 0.304000 0.025900 0.952300
vn 0.989500 -0.040400 0.138500
vn -0.813100 0.145600 -0.563600
vn 0.991800 -0.096500 0.083400
vn 0.814400 -0.153800 0.559500
vn 0.793000 0.035800 -0.608100
vn -0.107700 -0.991100 -0.078200
vn 0.107800 0.991100 0.078000
vn 0.587200 0.000400 -0.809400
vn 0.108100 0.991000 0.078400
vn -0.108200 -0.991000 -0.078400
vn -0.587300 -0.000400 0.809400
vn -0.587800 -0.000300 0.809000
vn 0.107300 0.991200 0.077900
vn -0.107300 -0.991200 -0.077700
vn 0.799000 -0.152000 0.581900
vn -0.589200 -0.000000 0.808000
vn -0.802800 0.152000 -0.576600
vn 0.589100 -0.000000 -0.808100
vn 0.108300 0.991000 0.078600
vn 0.801100 -0.133200 0.583500
vn 0.589500 -0.000000 -0.807800
vn -0.805000 0.133200 -0.578200
vn -0.589500 -0.000000 0.807700
vn 0.123600 0.988300 0.089600
vn 0.793300 -0.142600 0.591900
vn -0.584100 0.000800 0.811700
vn -0.811100 0.142600 -0.567300
vn 0.584400 -0.000800 -0.811500
vn 0.115500 0.989800 0.083600
vn -0.115700 -0.989800 -0.083400
vn 0.784800 -0.152100 0.600800
vn 0.784700 -0.152300 0.600800
vn 0.784900 -0.152300 0.600600
vn 0.784500 -0.153100 0.601000
vn 0.785100 -0.154100 0.599900
vn 0.785300 -0.153300 0.599800
vn 0.785400 -0.152500 0.599900
vn 0.785100 -0.153300 0.600000
vn 0.785600 -0.152200 0.599700
vn 0.586700 0.000500 -0.809800
vn -0.927900 0.062400 -0.367600
vn 0.814500 -0.153400 0.559500
vn -0.993600 -0.109600 0.027600
vn -0.815200 0.153900 -0.558300
vn 0.814300 -0.153900 0.559700
vn -0.303200 0.106200 -0.947000
vn -0.813900 0.147800 -0.561900
vn 0.493600 -0.009500 -0.869600
vn 0.868900 -0.070900 0.489800
vn 0.815500 -0.151800 0.558500
vn 0.842600 0.139400 -0.520100
vn -0.813700 0.155200 -0.560200
vn -0.815300 0.148100 -0.559800
vn 0.938000 0.085000 0.336000
vn 0.107700 0.991100 0.078200
vn -0.107800 -0.991100 -0.078000
vn -0.587200 -0.000300 0.809400
vn -0.587800 -0.000400 0.809000
vn -0.108100 -0.991000 -0.078500
vn 0.108200 0.991000 0.078400
vn 0.587800 0.000200 -0.809000
vn -0.107300 -0.991200 -0.077900
vn 0.107300 0.991200 0.077800
vn 0.991700 -0.066600 0.110400
vn 0.815100 -0.153200 0.558700
vn -0.812600 0.155300 -0.561700
vn 0.820400 0.084100 -0.565500
vn -0.482700 0.224200 0.846600
vn -0.813700 0.154600 -0.560400
vn 0.996800 0.079600 0.004900
vn -0.814500 0.154700 -0.559200
vn -0.493700 0.009200 0.869600
vn -0.817200 0.147800 -0.557100
vn -0.817000 0.146800 -0.557700
vn -0.477500 0.339300 0.810500
vn -0.495900 -0.079900 0.864700
vn -0.815700 0.154000 -0.557600
vn 0.815000 -0.152300 0.559000
vn 0.814800 -0.152600 0.559300
vn 0.814700 -0.153400 0.559200
vn 0.814700 -0.153700 0.559200
vn 0.814600 -0.153400 0.559400
vn 0.814100 -0.153500 0.560000
vn 0.814300 -0.153300 0.559900
vn 0.814200 -0.152700 0.560100
vn 0.814100 -0.153200 0.560100
vn 0.814100 -0.152400 0.560400
vn -0.815000 0.152400 -0.559000
vn -0.814700 0.153500 -0.559100
vn -0.814800 0.152600 -0.559200
vn -0.814600 0.153900 -0.559200
vn -0.814600 0.153500 -0.559300
vn -0.814100 0.153500 -0.560000
vn -0.814100 0.153300 -0.560100
vn -0.814200 0.152600 -0.560100
vn -0.814300 0.153300 -0.559900
vn -0.814100 0.152400 -0.560400
vn 0.816600 -0.132100 0.561800
vn 0.816500 -0.132800 0.561800
vn 0.816600 -0.133100 0.561700
vn 0.816700 -0.132800 0.561600
vn 0.816500 -0.131900 0.562100
vn 0.817200 -0.132900 0.560800
vn 0.817500 -0.131900 0.560700
vn 0.817300 -0.132100 0.560900
vn 0.817100 -0.132900 0.561000
vn 0.817100 -0.133200 0.560900
vn -0.545000 -0.000800 0.838400
vn -0.844700 0.132600 -0.518500
vn -0.844700 0.131700 -0.518800
vn -0.844800 0.131400 -0.518700
vn -0.844800 0.131700 -0.518600
vn -0.844800 0.132900 -0.518300
vn -0.844200 0.132300 -0.519500
vn -0.844200 0.132800 -0.519300
vn -0.844100 0.133100 -0.519400
vn -0.844100 0.132800 -0.519500
vn -0.844000 0.132100 -0.519800
vn 0.545000 0.000900 -0.838500
vn 0.128800 0.988100 0.083900
vn -0.128900 -0.988100 -0.083600
vn 0.545500 0.000800 -0.838100
vn 0.546100 0.000700 -0.837700
vn -0.128300 -0.988200 -0.083500
vn 0.128200 0.988200 0.083300
vn -0.545500 -0.000700 0.838100
vn -0.546100 -0.000700 0.837700
vn -0.129300 -0.988000 -0.084200
vn 0.129500 0.988000 0.084100
vn -0.814300 0.152100 -0.560100
vn -0.814400 0.152300 -0.560000
vn -0.814200 0.153000 -0.560100
vn -0.814200 0.152400 -0.560200
vn -0.814000 0.153200 -0.560300
vn -0.814700 0.153600 -0.559200
vn -0.814600 0.153400 -0.559300
vn -0.814800 0.153300 -0.559100
vn -0.544900 -0.000800 0.838500
vn -0.841800 0.154000 -0.517400
vn 0.996500 -0.020900 -0.080700
vn 0.844900 -0.147600 0.514200
vn 0.622500 0.150400 -0.768000
vn 0.843100 -0.144900 0.517800
vn -0.924700 -0.097300 0.368000
vn 0.841200 -0.146200 0.520600
vn 0.907700 -0.029900 0.418500
vn -0.669000 -0.140300 -0.729900
vn 0.844800 -0.146800 0.514500
vn 0.493100 -0.065900 -0.867500
vn 0.843500 -0.147300 0.516600
vn 0.842200 -0.159200 0.515200
vn 0.838600 -0.160300 0.520600
vn -0.766400 -0.065800 0.639000
vn 0.994800 -0.053500 0.086500
vn -0.838800 0.161600 -0.519900
vn 0.975100 -0.050100 0.216100
vn 0.844000 -0.145000 0.516400
vn 0.934200 0.130800 -0.332000
vn 0.544900 0.000900 -0.838500
vn -0.111500 -0.991100 -0.072700
vn 0.111600 0.991100 0.072400
vn 0.545900 0.000300 -0.837900
vn 0.111900 0.991000 0.072800
vn -0.112100 -0.991000 -0.072800
vn -0.546000 -0.000800 0.837800
vn 0.111100 0.991200 0.072400
vn -0.111100 -0.991200 -0.072200
vn 0.827500 -0.152000 0.540400
vn -0.549500 -0.000000 0.835500
vn -0.831100 0.152000 -0.535000
vn 0.549500 -0.000000 -0.835500
vn 0.112200 0.991000 0.072900
vn 0.829800 -0.133200 0.541900
vn 0.550200 -0.000000 -0.835000
vn -0.833300 0.133200 -0.536500
vn -0.550300 -0.000000 0.835000
vn 0.128000 0.988300 0.083200
vn 0.822400 -0.142600 0.550800
vn -0.542700 0.000500 0.840000
vn -0.838900 0.142600 -0.525300
vn 0.542800 -0.000500 -0.839800
vn 0.119600 0.989800 0.077700
vn -0.119800 -0.989800 -0.077400
vn 0.814400 -0.152000 0.560100
vn 0.814300 -0.152300 0.560200
vn 0.814200 -0.152900 0.560100
vn 0.814400 -0.152300 0.560000
vn 0.814000 -0.153100 0.560300
vn 0.814700 -0.153800 0.559200
vn 0.814800 -0.153500 0.559100
vn 0.814800 -0.152600 0.559200
vn 0.814600 -0.153500 0.559300
vn 0.815100 -0.152300 0.559000
vn -0.947900 0.050400 0.314500
vn 0.841200 -0.147600 0.520200
vn -0.344300 -0.086200 0.934900
vn -0.845800 0.144900 -0.513500
vn 0.844600 -0.146600 0.514900
vn -0.319500 -0.051800 -0.946200
vn -0.841800 0.153700 -0.517500
vn 0.485300 -0.250700 -0.837600
vn 0.898700 -0.058200 0.434700
vn 0.843700 -0.147600 0.516200
vn 0.816600 0.112000 -0.566200
vn -0.841500 0.148700 -0.519400
vn -0.842100 0.154500 -0.516700
vn 0.959300 0.123900 0.253900
vn 0.111500 0.991100 0.072700
vn -0.111600 -0.991100 -0.072400
vn -0.545900 -0.000400 0.837800
vn -0.111900 -0.991000 -0.072900
vn 0.112100 0.991000 0.072800
vn 0.545500 0.000700 -0.838100
vn 0.546000 0.000500 -0.837800
vn -0.111100 -0.991200 -0.072400
vn 0.111100 0.991200 0.072200
vn 0.316900 -0.122800 0.940500
vn 0.841200 -0.147400 0.520200
vn -0.843600 0.148400 -0.516000
vn -0.495700 -0.018600 0.868300
vn -0.996300 0.076300 -0.038800
vn -0.841900 0.149200 -0.518600
vn -0.797800 0.050700 -0.600800
vn -0.843000 0.149400 -0.516700
vn 0.959600 0.198700 0.199200
vn -0.841600 0.160300 -0.515800
vn -0.977900 0.063800 -0.198900
vn -0.317500 0.067400 -0.945900
vn -0.841100 0.144900 -0.521100
vn 0.842500 -0.152300 0.516800
vn 0.842300 -0.152600 0.517000
vn 0.842200 -0.153400 0.516900
vn 0.842100 -0.153700 0.517000
vn 0.842000 -0.153400 0.517100
vn 0.841600 -0.153400 0.517800
vn 0.841700 -0.153200 0.517700
vn 0.841700 -0.152500 0.517900
vn 0.841600 -0.153100 0.517900
vn 0.841600 -0.152300 0.518200
vn -0.842500 0.152400 -0.516800
vn -0.842200 0.153400 -0.516900
vn -0.842300 0.152600 -0.517000
vn -0.842100 0.153700 -0.516900
vn -0.842100 0.153400 -0.517100
vn -0.841600 0.153300 -0.517800
vn -0.841600 0.153000 -0.517900
vn -0.841700 0.152500 -0.517900
vn -0.841700 0.153200 -0.517700
vn -0.841600 0.152200 -0.518200
vn 0.844200 -0.132200 0.519500
vn 0.844100 -0.132800 0.519500
vn 0.844100 -0.133100 0.519400
vn 0.844200 -0.132800 0.519300
vn 0.844000 -0.132100 0.519800
vn 0.844700 -0.133000 0.518500
vn 0.844900 -0.132000 0.518300
vn 0.844800 -0.132200 0.518600
vn 0.844600 -0.133000 0.518700
vn 0.844600 -0.133300 0.518500
vn -0.501700 -0.001200 0.865000
vn -0.870100 0.132600 -0.474800
vn -0.870100 0.131800 -0.475000
vn -0.870200 0.131500 -0.474800
vn -0.870200 0.131800 -0.474800
vn -0.870200 0.132800 -0.474500
vn -0.869600 0.132100 -0.475700
vn -0.869600 0.132800 -0.475500
vn -0.869500 0.133000 -0.475600
vn -0.869500 0.132700 -0.475700
vn -0.869500 0.131900 -0.476000
vn 0.501700 0.001200 -0.865000
vn 0.132900 0.988100 0.077200
vn -0.133000 -0.988100 -0.077000
vn 0.502300 0.001200 -0.864700
vn 0.502800 0.001000 -0.864400
vn -0.132400 -0.988200 -0.076900
vn 0.132300 0.988200 0.076700
vn -0.502300 -0.001100 0.864700
vn -0.502800 -0.001100 0.864400
vn -0.133400 -0.988000 -0.077500
vn 0.133700 0.988000 0.077400
vn -0.841800 0.152300 -0.517900
vn -0.841800 0.152400 -0.517700
vn -0.841600 0.153100 -0.517900
vn -0.841700 0.152600 -0.518000
vn -0.841400 0.153400 -0.518100
vn -0.842100 0.153900 -0.517000
vn -0.842000 0.153500 -0.517100
vn -0.842300 0.152700 -0.517000
vn -0.842100 0.153500 -0.516900
vn -0.842400 0.152400 -0.516800
vn -0.501600 -0.001200 0.865100
vn -0.866200 0.159400 -0.473600
vn 0.980500 -0.079900 0.179500
vn 0.869400 -0.147000 0.471700
vn 0.934900 0.060600 -0.349800
vn 0.867300 -0.154900 0.473100
vn 0.970300 -0.039100 -0.238900
vn 0.867200 -0.155000 0.473300
vn 0.961800 -0.034000 -0.271800
vn 0.331200 -0.001300 0.943600
vn 0.867200 -0.154500 0.473300
vn 0.487600 -0.171800 -0.856000
vn 0.866900 -0.154400 0.473900
vn 0.868100 -0.160300 0.469900
vn 0.863200 -0.160000 0.478800
vn 0.330400 -0.037200 0.943100
vn 0.976300 -0.077500 -0.201900
vn -0.868500 0.159800 -0.469300
vn -0.407200 -0.060100 0.911400
vn 0.866400 -0.154400 0.474800
vn -0.958300 0.079500 0.274600
vn 0.501600 0.001300 -0.865100
vn -0.115000 -0.991100 -0.066900
vn 0.115200 0.991100 0.066600
vn 0.502200 0.001200 -0.864700
vn 0.502800 0.001100 -0.864400
vn 0.115500 0.991000 0.067000
vn -0.115600 -0.991000 -0.067000
vn -0.502200 -0.001100 0.864800
vn 0.114700 0.991200 0.066600
vn -0.114600 -0.991200 -0.066400
vn 0.854000 -0.152000 0.497600
vn -0.505100 0.001000 0.863100
vn -0.857300 0.152000 -0.491900
vn 0.505000 -0.000900 -0.863100
vn 0.115700 0.991000 0.067100
vn 0.856400 -0.133200 0.498900
vn 0.505600 -0.000900 -0.862700
vn -0.859600 0.133200 -0.493200
vn -0.505700 0.000900 0.862700
vn 0.132100 0.988300 0.076600
vn 0.849400 -0.142600 0.508200
vn -0.499700 0.000200 0.866200
vn -0.864600 0.142600 -0.481800
vn 0.499800 -0.000200 -0.866100
vn 0.123400 0.989800 0.071500
vn -0.123600 -0.989800 -0.071200
vn 0.841800 -0.152100 0.517900
vn 0.841700 -0.152400 0.518000
vn 0.841700 -0.153000 0.517900
vn 0.841800 -0.152400 0.517800
vn 0.841500 -0.153200 0.518100
vn 0.842100 -0.153800 0.517000
vn 0.842200 -0.153500 0.516900
vn 0.842000 -0.153500 0.517100
vn 0.501600 0.001200 -0.865100
vn -0.497200 -0.079400 0.864000
vn 0.867100 -0.151500 0.474600
vn 0.329200 -0.165500 0.929600
vn -0.869900 0.146800 -0.470800
vn 0.866600 -0.154300 0.474500
vn -0.491500 0.146300 0.858500
vn -0.869400 0.159700 -0.467600
vn 0.330800 -0.020900 0.943500
vn 0.995700 -0.090800 0.020700
vn 0.869400 -0.147200 0.471700
vn 0.498500 0.062900 -0.864600
vn -0.866700 0.152900 -0.474800
vn -0.864400 0.161900 -0.476100
vn 0.772900 0.037100 -0.633400
vn 0.115000 0.991100 0.066800
vn -0.115200 -0.991100 -0.066600
vn -0.115500 -0.991000 -0.067000
vn 0.115600 0.991000 0.067000
vn 0.502200 0.001200 -0.864800
vn 0.502700 0.001000 -0.864400
vn -0.114700 -0.991200 -0.066600
vn 0.114600 0.991200 0.066400
vn -0.958100 -0.070600 0.277700
vn 0.866800 -0.151800 0.475000
vn -0.867300 0.152200 -0.473900
vn -0.974400 0.075300 -0.211700
vn -0.491000 0.123200 0.862400
vn -0.867300 0.154600 -0.473200
vn -0.488500 0.172000 0.855400
vn -0.867300 0.154500 -0.473200
vn 0.409200 0.125700 -0.903800
vn -0.864400 0.162000 -0.476000
vn -0.863900 0.160400 -0.477400
vn 0.450300 0.119900 -0.884800
vn -0.332500 -0.001400 -0.943100
vn -0.866600 0.146400 -0.477000
vn 0.867700 -0.152300 0.473100
vn 0.867600 -0.152600 0.473300
vn 0.867400 -0.153500 0.473300
vn 0.867400 -0.153800 0.473300
vn 0.867300 -0.153500 0.473500
vn 0.867000 -0.153400 0.474200
vn 0.867100 -0.153200 0.474000
vn 0.867100 -0.152500 0.474300
vn 0.867000 -0.153100 0.474300
vn 0.866900 -0.152200 0.474600
vn -0.867800 0.152300 -0.473100
vn -0.867500 0.153500 -0.473300
vn -0.867600 0.152600 -0.473300
vn -0.867400 0.153800 -0.473300
vn -0.867300 0.153500 -0.473500
vn -0.867000 0.153100 -0.474200
vn -0.867000 0.153100 -0.474300
vn -0.867000 0.152600 -0.474300
vn -0.867100 0.153200 -0.474100
vn -0.866900 0.152300 -0.474600
vn 0.869600 -0.132100 0.475700
vn 0.869500 -0.132700 0.475700
vn 0.869500 -0.133000 0.475600
vn 0.869600 -0.132800 0.475500
vn 0.869500 -0.131900 0.476000
vn 0.870000 -0.133000 0.474700
vn 0.870300 -0.132000 0.474500
vn 0.870100 -0.132200 0.474800
vn 0.869900 -0.133000 0.474900
vn 0.870000 -0.133300 0.474800
vn -0.456300 0.000100 0.889800
vn -0.893200 0.132500 -0.429600
vn -0.893300 0.131600 -0.429800
vn -0.893400 0.131300 -0.429700
vn -0.893400 0.131600 -0.429600
vn -0.893400 0.132700 -0.429300
vn -0.892800 0.132100 -0.430600
vn -0.892800 0.132900 -0.430300
vn -0.892700 0.133200 -0.430500
vn -0.892700 0.132900 -0.430600
vn -0.892700 0.131900 -0.430900
vn 0.456300 -0.000100 -0.889800
vn 0.136700 0.988100 0.070400
vn -0.136800 -0.988100 -0.070100
vn 0.457200 0.000200 -0.889300
vn 0.458200 0.001400 -0.888900
vn -0.136200 -0.988200 -0.070000
vn 0.136100 0.988200 0.069800
vn -0.457200 -0.000200 0.889300
vn -0.458200 -0.001300 0.888900
vn -0.137300 -0.988000 -0.070600
vn 0.137500 0.988000 0.070500
vn -0.867100 0.152200 -0.474300
vn -0.867200 0.152400 -0.474100
vn -0.867000 0.153000 -0.474200
vn -0.867000 0.152500 -0.474300
vn -0.866800 0.153300 -0.474500
vn -0.867300 0.154000 -0.473300
vn -0.867300 0.153600 -0.473500
vn -0.867500 0.152800 -0.473300
vn -0.867400 0.153700 -0.473300
vn -0.867700 0.152600 -0.473100
vn -0.456300 0.000200 0.889800
vn -0.891500 0.161200 -0.423300
vn 0.345000 -0.028100 0.938200
vn 0.887700 -0.160500 0.431500
vn -0.489600 0.137300 0.861100
vn 0.891900 -0.156100 0.424400
vn 0.491000 -0.110300 -0.864200
vn 0.890100 -0.156000 0.428300
vn 0.964000 -0.136700 -0.228200
vn -0.719600 -0.073300 0.690500
vn 0.887300 -0.159400 0.432700
vn 0.345300 -0.009600 0.938400
vn 0.887900 -0.160600 0.431000
vn 0.890500 -0.161900 0.425200
vn 0.886300 -0.161800 0.434000
vn -0.427700 -0.046800 0.902700
vn 0.492300 -0.073600 -0.867300
vn -0.890900 0.160000 -0.425100
vn -0.729400 -0.018700 0.683900
vn 0.888600 -0.153900 0.432000
vn -0.994100 0.101700 0.038700
vn -0.118300 -0.991100 -0.060900
vn 0.118400 0.991100 0.060700
vn 0.457200 0.000200 -0.889400
vn 0.458100 0.001400 -0.888900
vn 0.118700 0.991000 0.061100
vn -0.118900 -0.991000 -0.061000
vn -0.457200 -0.000200 0.889400
vn -0.458100 -0.001400 0.888900
vn 0.117900 0.991200 0.060600
vn -0.117900 -0.991200 -0.060500
vn 0.878300 -0.152000 0.453300
vn -0.455000 -0.000200 0.890500
vn -0.881300 0.152100 -0.447500
vn 0.454900 0.000200 -0.890500
vn 0.119000 0.991000 0.061100
vn 0.880700 -0.133200 0.454500
vn 0.454800 0.000200 -0.890600
vn -0.883700 0.133200 -0.448700
vn -0.454800 -0.000200 0.890600
vn 0.135900 0.988300 0.069800
vn 0.874200 -0.142600 0.464100
vn -0.455400 -0.000100 0.890300
vn -0.888100 0.142600 -0.436900
vn 0.455400 0.000100 -0.890300
vn 0.126900 0.989800 0.065100
vn -0.127100 -0.989800 -0.064800
vn 0.867100 -0.152300 0.474300
vn 0.867000 -0.152500 0.474300
vn 0.867000 -0.153000 0.474200
vn 0.867200 -0.152500 0.474100
vn 0.866800 -0.153300 0.474500
vn 0.867300 -0.154000 0.473300
vn 0.867400 -0.153700 0.473300
vn 0.867500 -0.152800 0.473300
vn 0.867300 -0.153600 0.473500
vn 0.867700 -0.152600 0.473100
vn -0.343700 0.111600 -0.932400
vn 0.891200 -0.159600 0.424600
vn 0.493000 -0.017100 -0.869900
vn -0.888100 0.160900 -0.430600
vn 0.889000 -0.153800 0.431300
vn -0.973000 0.108900 0.203700
vn -0.891400 0.160500 -0.423900
vn -0.516100 -0.012400 0.856400
vn 0.875900 -0.085000 -0.474900
vn 0.891900 -0.161200 0.422500
vn -0.342700 0.070400 -0.936800
vn -0.889400 0.153700 -0.430600
vn -0.886800 0.162600 -0.432700
vn 0.165200 0.058300 -0.984500
vn -0.456300 -0.000000 0.889800
vn 0.118300 0.991100 0.060900
vn -0.118400 -0.991100 -0.060700
vn -0.457200 -0.000100 0.889400
vn -0.118700 -0.991000 -0.061100
vn 0.118900 0.991000 0.061000
vn 0.458100 0.001300 -0.888900
vn -0.117900 -0.991200 -0.060600
vn 0.117900 0.991200 0.060500
vn 0.970400 -0.100700 -0.219400
vn 0.891500 -0.159400 0.424100
vn -0.888800 0.153800 -0.431700
vn 0.496200 0.025800 -0.867800
vn -0.958100 0.089800 0.272100
vn -0.891400 0.156000 -0.425500
vn -0.996200 0.075800 0.042900
vn -0.890100 0.156500 -0.428100
vn 0.476700 -0.028000 -0.878600
vn -0.887000 0.162400 -0.432200
vn -0.887500 0.160100 -0.432200
vn -0.343900 0.045100 -0.937900
vn -0.490000 0.163000 0.856400
vn -0.892500 0.162100 -0.420900
vn 0.890800 -0.152400 0.428000
vn 0.890600 -0.152700 0.428300
vn 0.890500 -0.153500 0.428300
vn 0.890400 -0.153800 0.428300
vn 0.890400 -0.153500 0.428500
vn 0.890100 -0.153500 0.429200
vn 0.890200 -0.153400 0.429000
vn 0.890200 -0.152700 0.429300
vn 0.890100 -0.153300 0.429300
vn 0.890100 -0.152500 0.429600
vn -0.890800 0.152300 -0.428100
vn -0.890500 0.153400 -0.428300
vn -0.890600 0.152700 -0.428300
vn -0.890500 0.153700 -0.428300
vn -0.890400 0.153500 -0.428500
vn -0.890100 0.153500 -0.429200
vn -0.890100 0.153200 -0.429300
vn -0.890200 0.152700 -0.429300
vn -0.890200 0.153300 -0.429100
vn -0.890100 0.152500 -0.429600
vn 0.892800 -0.132100 0.430600
vn 0.892700 -0.132900 0.430600
vn 0.892700 -0.133200 0.430500
vn 0.892800 -0.132900 0.430300
vn 0.892700 -0.132400 0.430900
vn 0.893200 -0.132900 0.429600
vn 0.893500 -0.131700 0.429400
vn 0.893300 -0.132000 0.429600
vn 0.893100 -0.132900 0.429800
vn 0.893100 -0.133200 0.429600
vn -0.409400 0.001300 0.912400
vn -0.914100 0.132400 -0.383200
vn -0.914100 0.131600 -0.383500
vn -0.914200 0.131300 -0.383300
vn -0.914200 0.131600 -0.383200
vn -0.914200 0.132700 -0.382900
vn -0.913700 0.132100 -0.384200
vn -0.913700 0.132800 -0.384000
vn -0.913600 0.133100 -0.384100
vn -0.913600 0.132800 -0.384200
vn -0.913600 0.131900 -0.384500
vn 0.409400 -0.001400 -0.912400
vn 0.140100 0.988100 0.063300
vn -0.140300 -0.988100 -0.063000
vn 0.410100 -0.001100 -0.912000
vn 0.411000 0.000200 -0.911600
vn -0.139600 -0.988200 -0.062900
vn 0.139500 0.988200 0.062800
vn -0.410100 0.001100 0.912100
vn -0.411000 -0.000100 0.911600
vn -0.140700 -0.988000 -0.063500
vn 0.140900 0.988000 0.063400
vn -0.890200 0.152300 -0.429300
vn -0.890300 0.152500 -0.429100
vn -0.890200 0.152600 -0.429300
vn -0.889900 0.153500 -0.429500
vn -0.890400 0.153800 -0.428300
vn -0.890600 0.152600 -0.428400
vn -0.409400 0.001400 0.912300
vn -0.911100 0.153500 -0.382600
vn 0.488900 -0.145100 -0.860200
vn 0.913900 -0.147400 0.378300
vn -0.357800 0.011400 -0.933700
vn 0.910800 -0.146500 0.385900
vn 0.384100 0.546700 0.744000
vn 0.911100 -0.143300 0.386500
vn 0.360200 0.058400 0.931100
vn -0.961700 0.048900 -0.269600
vn 0.911700 -0.149300 0.382900
vn -0.986000 -0.109400 -0.126200
vn 0.911800 -0.149000 0.382700
vn 0.911400 -0.159100 0.379600
vn 0.908300 -0.159500 0.386700
vn -0.460000 -0.133300 0.877900
vn 0.489700 -0.060000 -0.869800
vn -0.910900 0.157700 -0.381200
vn -0.812400 -0.198200 0.548500
vn 0.910800 -0.147900 0.385500
vn -0.999700 0.017200 -0.019700
vn 0.409400 -0.001400 -0.912300
vn -0.121200 -0.991100 -0.054700
vn 0.121300 0.991100 0.054500
vn 0.410200 -0.001100 -0.912000
vn 0.411100 0.000200 -0.911600
vn 0.121700 0.991100 0.054900
vn -0.121800 -0.991000 -0.054800
vn -0.410200 0.001100 0.912000
vn -0.411200 -0.000400 0.911600
vn 0.120800 0.991200 0.054500
vn -0.120800 -0.991200 -0.054300
vn 0.900400 -0.152100 0.407700
vn -0.404300 -0.000700 0.914600
vn -0.903100 0.152000 -0.401700
vn 0.404300 0.000700 -0.914600
vn 0.122000 0.991000 0.054900
vn 0.902900 -0.133200 0.408800
vn 0.403500 0.000700 -0.915000
vn -0.905600 0.133100 -0.402800
vn -0.403500 -0.000700 0.915000
vn 0.139300 0.988300 0.062700
vn 0.896800 -0.142600 0.418800
vn -0.409800 -0.000400 0.912200
vn -0.909300 0.142600 -0.390800
vn 0.409600 0.000300 -0.912200
vn 0.130100 0.989800 0.058500
vn -0.130200 -0.989800 -0.058200
vn 0.890200 -0.152300 0.429300
vn 0.890200 -0.152600 0.429300
vn 0.890100 -0.153200 0.429300
vn 0.890300 -0.152500 0.429100
vn 0.889900 -0.153400 0.429500
vn 0.890500 -0.153700 0.428300
vn 0.890500 -0.153400 0.428300
vn 0.890600 -0.152600 0.428300
vn 0.890800 -0.152300 0.428100
vn 0.409400 -0.001500 -0.912300
vn -0.487300 0.131900 0.863200
vn 0.910900 -0.145800 0.386100
vn 0.357800 -0.020700 0.933600
vn -0.911700 0.153100 -0.381300
vn 0.912800 -0.147000 0.381100
vn -0.354900 0.150600 -0.922700
vn -0.911000 0.153500 -0.382700
vn 0.494300 0.046500 -0.868100
vn -0.800300 -0.125200 0.586300
vn 0.911600 -0.147400 0.383700
vn -0.356300 0.078400 -0.931100
vn -0.910800 0.153200 -0.383400
vn -0.911500 0.153400 -0.381500
vn -0.998900 0.047600 0.000800
vn -0.409400 0.001300 0.912300
vn 0.121200 0.991100 0.054700
vn -0.121300 -0.991100 -0.054500
vn -0.410100 0.001100 0.912000
vn -0.121700 -0.991100 -0.054900
vn 0.121800 0.991000 0.054800
vn 0.411000 -0.000000 -0.911600
vn -0.120800 -0.991200 -0.054500
vn 0.120800 0.991200 0.054300
vn -0.705700 -0.059600 0.706000
vn 0.911300 -0.146600 0.384800
vn -0.911200 0.153200 -0.382500
vn -0.993900 0.076200 0.080000
vn -0.965100 0.034300 0.259600
vn -0.910700 0.154800 -0.382900
vn -0.930800 0.117800 -0.346000
vn -0.910800 0.154900 -0.382700
vn -0.484200 0.237700 0.842000
vn -0.912500 0.154000 -0.379100
vn -0.910500 0.161100 -0.380900
vn -0.435400 0.764400 0.475500
vn -0.952000 0.063200 -0.299600
vn -0.911500 0.153000 -0.381700
vn 0.911600 -0.152600 0.381800
vn 0.911400 -0.152800 0.382100
vn 0.911300 -0.153600 0.382000
vn 0.911200 -0.153900 0.382100
vn 0.911200 -0.153600 0.382200
vn 0.910900 -0.153600 0.383000
vn 0.911000 -0.153300 0.382900
vn 0.911000 -0.152700 0.383100
vn 0.910900 -0.153300 0.383100
vn 0.910900 -0.152400 0.383400
vn -0.911600 0.152300 -0.381800
vn -0.911300 0.153600 -0.382000
vn -0.911400 0.152700 -0.382100
vn -0.911200 0.153900 -0.382100
vn -0.911200 0.153600 -0.382300
vn -0.910900 0.153400 -0.383000
vn -0.910900 0.153100 -0.383100
vn -0.911000 0.152600 -0.383100
vn -0.911000 0.153300 -0.382900
vn -0.910900 0.152300 -0.383400
vn 0.913700 -0.132000 0.384200
vn 0.913700 -0.132700 0.384200
vn 0.913700 -0.133000 0.384100
vn 0.913800 -0.132700 0.384000
vn 0.913700 -0.131800 0.384500
vn 0.914100 -0.133000 0.383200
vn 0.914300 -0.131800 0.383000
vn 0.914100 -0.132100 0.383300
vn 0.914000 -0.132900 0.383400
vn 0.914000 -0.133300 0.383200
vn -0.362200 0.001100 0.932100
vn -0.932600 0.132500 -0.335800
vn -0.932600 0.131700 -0.336000
vn -0.932700 0.131400 -0.335900
vn -0.932700 0.131700 -0.335800
vn -0.932600 0.132800 -0.335400
vn -0.932300 0.132000 -0.336800
vn -0.932300 0.132600 -0.336600
vn -0.932200 0.132800 -0.336700
vn -0.932200 0.132600 -0.336800
vn -0.932200 0.131800 -0.337100
vn 0.362200 -0.001000 -0.932100
vn 0.143200 0.988100 0.056000
vn -0.143300 -0.988100 -0.055700
vn 0.362800 -0.001100 -0.931900
vn 0.363400 -0.001200 -0.931600
vn -0.142700 -0.988200 -0.055700
vn 0.142600 0.988200 0.055500
vn -0.362800 0.001100 0.931900
vn -0.363400 0.001200 0.931600
vn -0.143800 -0.988000 -0.056200
vn 0.144000 0.988000 0.056100
vn -0.911100 0.152200 -0.383100
vn -0.911100 0.152400 -0.382900
vn -0.911000 0.152500 -0.383200
vn -0.910800 0.153300 -0.383300
vn -0.911200 0.154000 -0.382100
vn -0.911200 0.153600 -0.382200
vn -0.911400 0.152800 -0.382100
vn -0.911600 0.152500 -0.381800
vn -0.362200 0.001000 0.932100
vn -0.930300 0.159700 -0.330100
vn 0.369400 -0.112400 0.922500
vn 0.929100 -0.153900 0.336200
vn -0.488600 0.016000 0.872400
vn 0.929600 -0.154800 0.334600
vn 0.369400 -0.051600 0.927800
vn 0.928800 -0.154500 0.336700
vn 0.485200 -0.108200 -0.867700
vn 0.368500 -0.125900 0.921100
vn 0.926700 -0.162200 0.338900
vn -0.479500 -0.021700 0.877300
vn 0.926800 -0.162100 0.338700
vn 0.928800 -0.148400 0.339600
vn 0.930000 -0.148400 0.336200
vn -0.867800 -0.026600 -0.496200
vn 0.367800 -0.186600 0.911000
vn -0.929300 0.148400 -0.338100
vn 0.993800 -0.054000 -0.097700
vn 0.930100 -0.151900 0.334500
vn 0.708900 0.107600 -0.697100
vn 0.362200 -0.001200 -0.932100
vn -0.123900 -0.991100 -0.048400
vn 0.124000 0.991100 0.048200
vn 0.362900 -0.001200 -0.931800
vn 0.363500 -0.001300 -0.931600
vn 0.124300 0.991100 0.048600
vn -0.124500 -0.991000 -0.048500
vn -0.362900 0.001200 0.931800
vn -0.363500 0.001300 0.931600
vn 0.123400 0.991200 0.048200
vn -0.123400 -0.991200 -0.048000
vn 0.920100 -0.152100 0.360900
vn -0.355800 -0.000000 0.934500
vn -0.922500 0.152100 -0.354800
vn 0.355900 -0.000000 -0.934500
vn 0.124600 0.991000 0.048600
vn 0.922600 -0.133100 0.361900
vn 0.355000 -0.000000 -0.934800
vn -0.925000 0.133100 -0.355800
vn -0.354900 -0.000000 0.934900
vn 0.142300 0.988300 0.055500
vn 0.917100 -0.142600 0.372200
vn -0.363000 -0.000600 0.931800
vn -0.928200 0.142600 -0.343600
vn 0.362700 0.000600 -0.931900
vn 0.132900 0.989800 0.051700
vn -0.133000 -0.989800 -0.051500
vn 0.911100 -0.152200 0.383100
vn 0.911000 -0.152500 0.383200
vn 0.911000 -0.153100 0.383100
vn 0.911100 -0.152400 0.382900
vn 0.910800 -0.153300 0.383300
vn 0.911200 -0.154100 0.382100
vn 0.911300 -0.153800 0.382000
vn 0.911400 -0.152900 0.382100
vn 0.911200 -0.153700 0.382300
vn 0.911500 -0.152700 0.381800
vn 0.930500 -0.158400 0.330200
vn 0.487500 -0.009600 -0.873100
vn -0.929400 0.153800 -0.335500
vn 0.928800 -0.152200 0.337800
vn -0.488600 0.015300 0.872400
vn -0.930300 0.159700 -0.330200
vn 0.369100 -0.112200 0.922600
vn 0.486000 -0.085300 -0.869800
vn 0.930300 -0.153900 0.333000
vn -0.491600 -0.090400 0.866100
vn -0.929900 0.153700 -0.334300
vn -0.927200 0.160700 -0.338400
vn -0.369900 0.060400 -0.927100
vn 0.123900 0.991100 0.048400
vn -0.124000 -0.991100 -0.048200
vn -0.362900 0.001100 0.931800
vn -0.363500 0.001200 0.931600
vn -0.124300 -0.991100 -0.048600
vn 0.124500 0.991000 0.048500
vn 0.362900 -0.001100 -0.931800
vn 0.363500 -0.001400 -0.931600
vn -0.123500 -0.991200 -0.048200
vn 0.123400 0.991200 0.048100
vn 0.944700 -0.070500 -0.320400
vn 0.930500 -0.158300 0.330300
vn -0.929000 0.153800 -0.336600
vn 0.402100 0.073600 -0.912600
vn -0.915100 0.091800 -0.392600
vn -0.930100 0.153700 -0.333500
vn -0.488000 -0.001200 0.872800
vn -0.929300 0.153700 -0.335700
vn -0.370200 0.043300 -0.927900
vn -0.927300 0.160700 -0.338100
vn -0.931300 0.148300 -0.332600
vn -0.487800 0.090700 0.868200
vn -0.958700 0.102900 0.265200
vn -0.930200 0.153700 -0.333400
vn 0.930000 -0.152400 0.334500
vn 0.929800 -0.152700 0.334800
vn 0.929700 -0.153500 0.334700
vn 0.929700 -0.153800 0.334800
vn 0.929700 -0.153500 0.334900
vn 0.929300 -0.153800 0.335700
vn 0.929400 -0.153500 0.335500
vn 0.929500 -0.152800 0.335800
vn 0.929300 -0.153500 0.335800
vn 0.929400 -0.152600 0.336100
vn -0.930000 0.152300 -0.334500
vn -0.929700 0.153500 -0.334700
vn -0.929800 0.152700 -0.334800
vn -0.929600 0.153900 -0.334800
vn -0.929600 0.153600 -0.334900
vn -0.929400 0.153700 -0.335700
vn -0.929400 0.153400 -0.335800
vn -0.929500 0.152800 -0.335800
vn -0.929400 0.153400 -0.335500
vn -0.929400 0.152600 -0.336100
vn 0.932300 -0.132000 0.336800
vn 0.932200 -0.132600 0.336800
vn 0.932200 -0.132900 0.336700
vn 0.932300 -0.132700 0.336600
vn 0.932200 -0.131800 0.337100
vn 0.932500 -0.133000 0.335700
vn 0.932800 -0.131800 0.335500
vn 0.932600 -0.132100 0.335800
vn 0.932500 -0.132900 0.335900
vn 0.932500 -0.133300 0.335800
vn -0.313900 0.000800 0.949400
vn -0.948600 0.132400 -0.287400
vn -0.948700 0.131600 -0.287600
vn -0.948700 0.131300 -0.287500
vn -0.948700 0.131600 -0.287400
vn -0.948700 0.132700 -0.287100
vn -0.948400 0.132100 -0.288400
vn -0.948300 0.132600 -0.288200
vn -0.948300 0.132800 -0.288400
vn -0.948300 0.132600 -0.288500
vn -0.948300 0.131900 -0.288700
vn 0.314000 -0.000700 -0.949400
vn 0.145900 0.988100 0.048600
vn -0.146000 -0.988100 -0.048300
vn 0.314600 -0.000800 -0.949200
vn 0.315200 -0.001000 -0.949000
vn -0.145400 -0.988200 -0.048300
vn 0.145300 0.988200 0.048100
vn -0.314600 0.000900 0.949200
vn -0.315200 0.001000 0.949000
vn -0.146500 -0.988000 -0.048700
vn 0.146700 0.988000 0.048600
vn -0.929600 0.152200 -0.335800
vn -0.929600 0.152400 -0.335600
vn -0.929400 0.153100 -0.335800
vn -0.929500 0.152500 -0.335900
vn -0.929300 0.153300 -0.336000
vn -0.929600 0.154000 -0.334800
vn -0.929700 0.153700 -0.334700
vn -0.930000 0.152500 -0.334500
vn -0.314000 0.000800 0.949400
vn -0.945500 0.147500 -0.290400
vn 0.479700 -0.152000 -0.864200
vn 0.946200 -0.153500 0.284700
vn -0.383600 0.000600 -0.923500
vn 0.945000 -0.148800 0.291300
vn 0.384200 0.035900 0.922600
vn 0.945200 -0.148200 0.290800
vn 0.381900 -0.102800 0.918500
vn 0.482900 -0.085300 -0.871500
vn 0.945600 -0.147800 0.289800
vn 0.383600 -0.016100 0.923400
vn 0.947400 -0.148300 0.283700
vn 0.945800 -0.146200 0.290000
vn 0.947500 -0.146900 0.284200
vn 0.483400 -0.082800 -0.871500
vn 0.811200 -0.051000 0.582500
vn -0.945000 0.153700 -0.288800
vn 0.990600 -0.072000 -0.116500
vn 0.947100 -0.146500 0.285700
vn 0.721900 0.070500 -0.688400
vn 0.314000 -0.000900 -0.949400
vn -0.126200 -0.991100 -0.042000
vn 0.126300 0.991100 0.041800
vn 0.314600 -0.000900 -0.949200
vn 0.315300 -0.001000 -0.949000
vn 0.126600 0.991100 0.042100
vn -0.126800 -0.991000 -0.042000
vn -0.315300 0.000800 0.949000
vn 0.125800 0.991200 0.041800
vn -0.125700 -0.991200 -0.041600
vn 0.937500 -0.152100 0.313100
vn -0.309200 -0.000000 0.951000
vn -0.939500 0.152100 -0.306900
vn 0.309200 -0.000000 -0.951000
vn 0.126900 0.991000 0.042100
vn 0.940000 -0.133100 0.314000
vn 0.308500 -0.000000 -0.951200
vn -0.942100 0.133100 -0.307800
vn -0.308600 -0.000000 0.951200
vn 0.145000 0.988300 0.048100
vn 0.935000 -0.142600 0.324600
vn -0.315100 -0.000900 0.949100
vn -0.944700 0.142600 -0.295400
vn 0.314700 0.000900 -0.949200
vn 0.135400 0.989800 0.044800
vn -0.135500 -0.989800 -0.044600
vn 0.929500 -0.152300 0.335800
vn 0.929500 -0.152600 0.335900
vn 0.929400 -0.153100 0.335800
vn 0.929600 -0.152500 0.335600
vn 0.929300 -0.153300 0.336000
vn 0.929600 -0.153900 0.334800
vn 0.929700 -0.153600 0.334700
vn 0.929600 -0.153600 0.334900
vn 0.930000 -0.152500 0.334500
vn 0.869700 0.104700 -0.482300
vn 0.947200 -0.146300 0.285300
vn 0.998000 -0.062600 0.000200
vn -0.944100 0.161500 -0.287500
vn 0.947400 -0.146600 0.284400
vn -0.381800 0.115200 -0.917000
vn -0.945400 0.148000 -0.290300
vn 0.485800 -0.004500 -0.874000
vn 0.383700 0.029400 0.923000
vn 0.945500 -0.153100 0.287300
vn 0.383400 0.119000 0.915900
vn -0.946800 0.147600 -0.286000
vn -0.947200 0.149000 -0.283900
vn -0.478600 0.189000 0.857500
vn -0.314000 0.000700 0.949400
vn 0.126200 0.991100 0.042000
vn -0.126300 -0.991100 -0.041800
vn -0.315300 0.000900 0.949000
vn -0.126600 -0.991100 -0.042100
vn 0.126800 0.991000 0.042000
vn -0.125800 -0.991200 -0.041800
vn 0.125700 0.991200 0.041600
vn 0.382300 -0.055300 0.922400
vn 0.945700 -0.146500 0.290000
vn -0.947200 0.147200 -0.284700
vn -0.483200 0.080100 0.871800
vn -0.381900 0.053600 -0.922600
vn -0.945300 0.148000 -0.290800
vn -0.381800 0.052100 -0.922800
vn -0.945100 0.148000 -0.291400
vn -0.485100 0.021700 0.874200
vn -0.947500 0.148400 -0.283100
vn -0.945600 0.153800 -0.286600
vn -0.478100 0.197400 0.855800
vn -0.479900 0.136700 0.866600
vn -0.946000 0.161300 -0.281200
vn 0.945900 -0.152700 0.286200
vn 0.945800 -0.152900 0.286500
vn 0.945700 -0.153800 0.286500
vn 0.945600 -0.154200 0.286500
vn 0.945600 -0.153800 0.286700
vn 0.945400 -0.153700 0.287500
vn 0.945500 -0.153400 0.287300
vn 0.945500 -0.152700 0.287500
vn 0.945400 -0.153400 0.287600
vn 0.945500 -0.152500 0.287800
vn -0.945900 0.152500 -0.286200
vn -0.945700 0.153600 -0.286500
vn -0.945800 0.152700 -0.286500
vn -0.945600 0.153900 -0.286500
vn -0.945600 0.153600 -0.286700
vn -0.945400 0.153600 -0.287500
vn -0.945400 0.153300 -0.287600
vn -0.945500 0.152700 -0.287500
vn -0.945500 0.153400 -0.287300
vn -0.945500 0.152500 -0.287900
vn 0.948300 -0.132100 0.288400
vn 0.948300 -0.132700 0.288500
vn 0.948200 -0.133000 0.288400
vn 0.948300 -0.132700 0.288200
vn 0.948300 -0.132000 0.288700
vn 0.948600 -0.132800 0.287300
vn 0.948800 -0.131700 0.287100
vn 0.948700 -0.132000 0.287400
vn 0.948500 -0.132800 0.287600
vn 0.948500 -0.133100 0.287400
vn -0.264800 0.000500 0.964300
vn -0.962100 0.132500 -0.238200
vn -0.962200 0.131600 -0.238500
vn -0.962300 0.131200 -0.238300
vn -0.962300 0.131600 -0.238200
vn -0.962200 0.132800 -0.237900
vn -0.961900 0.132100 -0.239300
vn -0.961900 0.132800 -0.239000
vn -0.961800 0.133100 -0.239200
vn -0.961800 0.132800 -0.239300
vn -0.961900 0.132000 -0.239600
vn 0.264800 -0.000500 -0.964300
vn 0.148200 0.988100 0.041000
vn -0.148300 -0.988100 -0.040700
vn 0.265500 -0.000700 -0.964100
vn 0.266200 -0.000600 -0.963900
vn -0.147700 -0.988200 -0.040800
vn 0.147600 0.988200 0.040600
vn -0.265500 0.000600 0.964100
vn -0.266100 0.000800 0.963900
vn -0.148800 -0.988000 -0.041100
vn 0.149000 0.988000 0.041000
vn -0.945600 0.152300 -0.287500
vn -0.945600 0.152500 -0.287300
vn -0.945400 0.153300 -0.287500
vn -0.945500 0.152700 -0.287600
vn -0.945400 0.153300 -0.287700
vn -0.945600 0.153800 -0.286500
vn -0.945600 0.153500 -0.286700
vn -0.945800 0.152600 -0.286500
vn -0.945700 0.153500 -0.286500
vn -0.946000 0.152300 -0.286200
vn -0.264900 0.000500 0.964300
vn -0.959300 0.146000 -0.241600
vn 0.478900 -0.030200 -0.877300
vn 0.961000 -0.147800 0.233600
vn -0.393500 0.097100 -0.914200
vn 0.958500 -0.148100 0.243600
vn 0.390700 -0.208500 0.896600
vn 0.958800 -0.149100 0.241800
vn 0.394500 -0.084400 0.915000
vn 0.475700 -0.124800 -0.870700
vn 0.961100 -0.148000 0.233200
vn 0.481400 0.085300 -0.872300
vn 0.960700 -0.148700 0.234500
vn 0.958800 -0.153700 0.239100
vn 0.959700 -0.154300 0.235000
vn 0.473500 -0.219000 -0.853100
vn -0.722500 -0.126500 0.679700
vn -0.958700 0.154000 -0.239100
vn -0.832700 -0.112200 -0.542300
vn 0.960100 -0.146700 0.238000
vn -0.934800 0.061400 -0.349900
vn 0.265000 -0.000300 -0.964300
vn -0.128200 -0.991100 -0.035500
vn 0.128300 0.991100 0.035200
vn 0.265500 -0.000600 -0.964100
vn 0.266200 -0.000700 -0.963900
vn 0.128600 0.991100 0.035500
vn -0.128800 -0.991000 -0.035500
vn -0.265500 0.000700 0.964100
vn -0.266200 0.001000 0.963900
vn 0.127800 0.991200 0.035300
vn -0.127700 -0.991200 -0.035100
vn 0.952300 -0.152100 0.264600
vn -0.261500 -0.000000 0.965200
vn -0.954000 0.152100 -0.258200
vn 0.261500 -0.000000 -0.965200
vn 0.128900 0.991000 0.035500
vn 0.954900 -0.133100 0.265300
vn 0.261100 -0.000000 -0.965300
vn -0.956700 0.133100 -0.258900
vn -0.261000 -0.000000 0.965300
vn 0.147300 0.988300 0.040600
vn 0.950500 -0.142600 0.276100
vn -0.265500 -0.000000 0.964100
vn -0.958600 0.142600 -0.246500
vn 0.265300 0.000100 -0.964200
vn 0.137500 0.989800 0.037800
vn -0.137600 -0.989800 -0.037500
vn 0.945600 -0.152500 0.287500
vn 0.945500 -0.152700 0.287600
vn 0.945400 -0.153200 0.287500
vn 0.945600 -0.152600 0.287400
vn 0.945300 -0.153500 0.287800
vn 0.945600 -0.153800 0.286500
vn 0.945700 -0.153500 0.286500
vn 0.945800 -0.152700 0.286500
vn 0.945600 -0.153500 0.286700
vn 0.946000 -0.152400 0.286200
vn 0.264900 -0.000500 -0.964300
vn -0.479500 0.002100 0.877500
vn 0.959300 -0.147100 0.241100
vn 0.392900 -0.121400 0.911500
vn -0.959400 0.154100 -0.236000
vn 0.961100 -0.146900 0.233800
vn -0.395700 -0.026800 -0.918000
vn -0.959100 0.145200 -0.242900
vn 0.475700 -0.176300 -0.861800
vn -0.294600 -0.044600 0.954600
vn 0.959500 -0.148100 0.239700
vn -0.989100 0.047700 0.139400
vn -0.960400 0.147100 -0.236700
vn -0.961200 0.146400 -0.233700
vn -0.903400 0.082300 0.420800
vn 0.128200 0.991100 0.035500
vn -0.128200 -0.991100 -0.035200
vn -0.266200 0.000700 0.963900
vn -0.128600 -0.991100 -0.035500
vn 0.128800 0.991000 0.035400
vn -0.127800 -0.991200 -0.035300
vn 0.127700 0.991200 0.035100
vn 0.830100 -0.103900 0.547800
vn 0.959700 -0.146800 0.239600
vn -0.960400 0.147800 -0.236400
vn 0.407500 -0.006700 0.913200
vn -0.397200 -0.059500 -0.915800
vn -0.958800 0.146700 -0.243300
vn -0.394200 0.017900 -0.918900
vn -0.959100 0.146500 -0.242200
vn -0.480500 0.045000 0.875800
vn -0.961400 0.146600 -0.233000
vn -0.959500 0.153600 -0.236100
vn -0.482100 -0.105800 0.869700
vn -0.390400 0.192200 -0.900400
vn -0.959100 0.154100 -0.237400
vn 0.959400 -0.152500 0.237200
vn 0.959300 -0.152800 0.237500
vn 0.959200 -0.153700 0.237500
vn 0.959100 -0.154100 0.237500
vn 0.959100 -0.153700 0.237700
vn 0.958900 -0.153600 0.238500
vn 0.959000 -0.153300 0.238300
vn 0.959000 -0.152700 0.238600
vn 0.959000 -0.153300 0.238600
vn 0.959000 -0.152500 0.238900
vn -0.959400 0.152400 -0.237200
vn -0.959200 0.153500 -0.237500
vn -0.959300 0.152700 -0.237500
vn -0.959100 0.153900 -0.237600
vn -0.959100 0.153500 -0.237700
vn -0.958900 0.153600 -0.238500
vn -0.958900 0.153300 -0.238600
vn -0.959000 0.152700 -0.238500
vn -0.959000 0.153400 -0.238300
vn -0.959000 0.152500 -0.238800
vn 0.961900 -0.132100 0.239300
vn 0.961800 -0.132700 0.239300
vn 0.961800 -0.132900 0.239200
vn 0.961900 -0.132700 0.239000
vn 0.961900 -0.131800 0.239600
vn 0.962100 -0.132900 0.238200
vn 0.962300 -0.131700 0.237900
vn 0.962200 -0.132000 0.238200
vn 0.962000 -0.132900 0.238400
vn 0.962000 -0.133200 0.238300
vn -0.215000 0.000300 0.976600
vn -0.973100 0.132500 -0.188500
vn -0.973200 0.131600 -0.188800
vn -0.973200 0.131300 -0.188600
vn -0.973200 0.131600 -0.188500
vn -0.973100 0.132700 -0.188200
vn -0.972900 0.132000 -0.189600
vn -0.972900 0.132600 -0.189400
vn -0.972900 0.132800 -0.189500
vn -0.972900 0.132500 -0.189600
vn -0.972900 0.131700 -0.189900
vn 0.215000 -0.000400 -0.976600
vn 0.150100 0.988100 0.033300
vn -0.150200 -0.988100 -0.033000
vn 0.215700 -0.000400 -0.976500
vn 0.216500 -0.000900 -0.976300
vn -0.149500 -0.988200 -0.033200
vn 0.149400 0.988200 0.033000
vn -0.215700 0.000400 0.976500
vn -0.216400 0.000600 0.976300
vn -0.150700 -0.988000 -0.033400
vn 0.150900 0.988000 0.033300
vn -0.959100 0.152300 -0.238500
vn -0.959100 0.152500 -0.238400
vn -0.959000 0.153200 -0.238500
vn -0.959100 0.152500 -0.238600
vn -0.958900 0.153400 -0.238800
vn -0.959100 0.153900 -0.237500
vn -0.959100 0.153600 -0.237700
vn -0.215200 0.000500 0.976600
vn -0.970200 0.152700 -0.188200
vn 0.982200 -0.117800 0.146500
vn 0.970300 -0.152800 0.187300
vn 0.996900 -0.047100 0.063400
vn 0.969600 -0.161400 0.183900
vn 0.938400 -0.066800 -0.338900
vn 0.969500 -0.160600 0.185200
vn 0.469600 -0.117600 -0.875000
vn 0.405000 -0.041800 0.913400
vn 0.969700 -0.154600 0.189000
vn 0.407300 0.094100 0.908400
vn 0.969700 -0.154800 0.189100
vn 0.971300 -0.148100 0.186100
vn 0.969900 -0.148000 0.193600
vn 0.402200 -0.229400 0.886300
vn 0.465400 -0.265700 -0.844300
vn -0.970000 0.153900 -0.188100
vn 0.405400 -0.039300 0.913300
vn 0.968000 -0.159900 0.193400
vn -0.470200 0.106700 0.876100
vn -0.129800 -0.991100 -0.028800
vn 0.129900 0.991100 0.028600
vn 0.216400 -0.000400 -0.976300
vn 0.130300 0.991100 0.028900
vn -0.130500 -0.991000 -0.028800
vn -0.216400 0.000500 0.976300
vn 0.129400 0.991200 0.028700
vn -0.129300 -0.991200 -0.028500
vn 0.964600 -0.152100 0.215200
vn -0.212900 -0.000000 0.977100
vn -0.966000 0.152100 -0.208900
vn 0.212900 -0.000000 -0.977100
vn 0.130600 0.991000 0.028800
vn 0.967300 -0.133100 0.215800
vn 0.212700 -0.000000 -0.977100
vn -0.968700 0.133200 -0.209400
vn -0.212600 -0.000000 0.977100
vn 0.149200 0.988300 0.033000
vn 0.963400 -0.142600 0.226900
vn -0.214900 0.000300 0.976600
vn -0.970000 0.142600 -0.196900
vn 0.214800 -0.000300 -0.976700
vn 0.139300 0.989800 0.030700
vn -0.139400 -0.989800 -0.030400
vn 0.959100 -0.152300 0.238600
vn 0.959100 -0.152500 0.238600
vn 0.959000 -0.153100 0.238500
vn 0.959100 -0.152500 0.238400
vn 0.958900 -0.153300 0.238800
vn 0.959100 -0.154000 0.237500
vn 0.959100 -0.153600 0.237700
vn 0.215100 -0.000200 -0.976600
vn -0.409600 -0.108500 -0.905800
vn 0.970400 -0.152900 0.186800
vn 0.463700 -0.269300 -0.844100
vn -0.969800 0.154400 -0.188900
vn 0.967700 -0.159800 0.194800
vn -0.468600 0.117300 0.875600
vn -0.970700 0.152800 -0.185700
vn 0.404900 -0.029300 0.913900
vn 0.478400 0.214600 -0.851500
vn 0.970800 -0.152300 0.185200
vn -0.410000 -0.104500 -0.906100
vn -0.968100 0.159200 -0.193700
vn -0.969700 0.154800 -0.188800
vn -0.399300 0.305400 -0.864500
vn -0.215000 0.000400 0.976600
vn 0.129800 0.991100 0.028900
vn -0.129900 -0.991100 -0.028600
vn -0.216400 0.000400 0.976300
vn -0.130300 -0.991100 -0.028900
vn 0.130400 0.991000 0.028800
vn 0.216400 -0.000600 -0.976300
vn -0.129400 -0.991200 -0.028700
vn 0.129300 0.991200 0.028500
vn 0.472200 -0.012500 -0.881400
vn 0.970700 -0.152600 0.185600
vn -0.968000 0.160400 -0.193200
vn -0.403200 0.119400 -0.907300
vn -0.477600 -0.121800 0.870100
vn -0.969700 0.160800 -0.184100
vn -0.470100 0.104400 0.876400
vn -0.969800 0.159800 -0.184500
vn -0.405300 0.030400 -0.913700
vn -0.969800 0.154300 -0.188900
vn -0.969700 0.154000 -0.189900
vn 0.453700 0.086300 -0.887000
vn -0.464400 0.243900 0.851400
vn -0.970200 0.155000 -0.186200
vn 0.970300 -0.152400 0.187700
vn 0.970200 -0.152700 0.187900
vn 0.970100 -0.153400 0.187900
vn 0.970100 -0.153700 0.188000
vn 0.970100 -0.153400 0.188100
vn 0.969900 -0.153800 0.188900
vn 0.970000 -0.153500 0.188700
vn 0.970000 -0.152800 0.189000
vn 0.969900 -0.153500 0.189000
vn 0.970000 -0.152600 0.189300
vn -0.970300 0.152400 -0.187600
vn -0.970100 0.153500 -0.187900
vn -0.970200 0.152600 -0.188000
vn -0.970100 0.153800 -0.188000
vn -0.970100 0.153500 -0.188100
vn -0.969900 0.153700 -0.188900
vn -0.969900 0.153400 -0.189000
vn -0.970000 0.152800 -0.189000
vn -0.970000 0.153400 -0.188800
vn -0.970000 0.152600 -0.189300
vn 0.972900 -0.132100 0.189600
vn 0.972900 -0.132700 0.189600
vn 0.972800 -0.132900 0.189500
vn 0.972900 -0.132700 0.189400
vn 0.972900 -0.131900 0.189900
vn 0.973100 -0.132800 0.188500
vn 0.973300 -0.131700 0.188200
vn 0.973200 -0.132000 0.188500
vn 0.973000 -0.132900 0.188700
vn 0.973000 -0.133100 0.188500
vn -0.164700 0.000200 0.986300
vn -0.981500 0.132500 -0.138500
vn -0.981500 0.131700 -0.138700
vn -0.981600 0.131300 -0.138500
vn -0.981600 0.131600 -0.138500
vn -0.981500 0.132800 -0.138100
vn -0.981300 0.132200 -0.139500
vn -0.981300 0.132900 -0.139300
vn -0.981200 0.133100 -0.139400
vn -0.981300 0.132800 -0.139500
vn -0.981300 0.132000 -0.139800
vn 0.164700 -0.000000 -0.986300
vn 0.151600 0.988100 0.025600
vn -0.151600 -0.988100 -0.025300
vn 0.165400 -0.000300 -0.986200
vn 0.166100 -0.000300 -0.986100
vn -0.151000 -0.988200 -0.025500
vn 0.150900 0.988200 0.025300
vn -0.165400 0.000300 0.986200
vn -0.166100 0.000400 0.986100
vn -0.152200 -0.988000 -0.025600
vn 0.152400 0.988000 0.025500
vn -0.970100 0.152200 -0.188900
vn -0.970100 0.152500 -0.188800
vn -0.970000 0.153100 -0.189000
vn -0.970100 0.152500 -0.189000
vn -0.969900 0.153400 -0.189300
vn -0.970200 0.152700 -0.188000
vn -0.970300 0.152400 -0.187700
vn -0.164800 0.000100 0.986300
vn -0.978500 0.153500 -0.138100
vn 0.984000 -0.087800 0.154800
vn 0.978500 -0.153700 0.137700
vn 0.981500 0.043500 0.186300
vn 0.978700 -0.147600 0.142800
vn 0.997600 -0.064900 0.023500
vn 0.979300 -0.147500 0.138600
vn 0.417800 0.015900 0.908400
vn 0.462200 -0.165500 -0.871200
vn 0.979700 -0.148400 0.134600
vn 0.461900 -0.173500 -0.869800
vn 0.979800 -0.148300 0.134500
vn 0.977300 -0.161200 0.137400
vn 0.976600 -0.161000 0.142600
vn -0.504900 -0.109400 0.856200
vn -0.633100 -0.163100 -0.756700
vn -0.978200 0.155100 -0.138000
vn 0.409500 -0.842900 0.349100
vn 0.978600 -0.150200 0.140500
vn -0.476400 -0.836100 0.272000
vn 0.164700 -0.000300 -0.986300
vn -0.131200 -0.991100 -0.022100
vn 0.131200 0.991100 0.021900
vn 0.131600 0.991000 0.022200
vn -0.131800 -0.991000 -0.022100
vn -0.165400 0.000200 0.986200
vn 0.130700 0.991200 0.022000
vn -0.130700 -0.991200 -0.021900
vn 0.974400 -0.152000 0.165600
vn -0.163600 -0.000000 0.986500
vn -0.975500 0.152100 -0.159100
vn 0.163500 -0.000000 -0.986500
vn 0.131900 0.991000 0.022100
vn 0.977100 -0.133200 0.166000
vn -0.978200 0.133200 -0.159500
vn -0.163500 -0.000000 0.986500
vn 0.150600 0.988300 0.025300
vn 0.973800 -0.142600 0.177100
vn -0.163900 -0.000000 0.986500
vn -0.978800 0.142600 -0.147000
vn 0.163900 -0.000100 -0.986500
vn 0.140700 0.989800 0.023500
vn -0.140700 -0.989800 -0.023200
vn 0.970100 -0.152400 0.189000
vn 0.970000 -0.152600 0.189100
vn 0.970000 -0.153200 0.189000
vn 0.970100 -0.152600 0.188800
vn 0.969900 -0.153500 0.189300
vn 0.970000 -0.153800 0.188000
vn 0.970100 -0.153500 0.187900
vn 0.970200 -0.152700 0.188000
vn 0.970100 -0.153500 0.188200
vn 0.164800 -0.000000 -0.986300
vn -0.948600 0.074000 0.307700
vn 0.979100 -0.146600 0.141000
vn -0.539900 -0.064500 0.839300
vn -0.978700 0.152800 -0.136800
vn 0.979300 -0.147100 0.139000
vn -0.975900 0.087500 -0.199700
vn -0.978500 0.152900 -0.138400
vn -0.948300 -0.037500 -0.315300
vn 0.996000 -0.065300 -0.060700
vn 0.978600 -0.153600 0.137200
vn -0.917800 0.041800 -0.394800
vn -0.978600 0.151700 -0.139400
vn -0.978200 0.154400 -0.138700
vn 0.904700 0.103500 -0.413300
vn 0.131200 0.991100 0.022200
vn -0.131200 -0.991100 -0.021900
vn -0.166100 0.000300 0.986100
vn -0.131600 -0.991000 -0.022200
vn 0.131800 0.991000 0.022000
vn 0.166100 -0.000400 -0.986100
vn -0.130700 -0.991200 -0.022000
vn 0.130700 0.991200 0.021900
vn 0.974100 -0.059800 0.218000
vn 0.979500 -0.145600 0.138900
vn -0.978600 0.152000 -0.138800
vn 0.924200 0.116500 0.363700
vn -0.942800 0.056500 0.328500
vn -0.978100 0.153600 -0.140300
vn -0.417200 -0.021200 -0.908600
vn -0.978400 0.153700 -0.138300
vn -0.461600 0.160000 0.872500
vn -0.978500 0.154300 -0.136800
vn -0.977200 0.159300 -0.140100
vn 0.973600 0.109400 -0.200600
vn -0.417800 -0.029000 -0.908100
vn -0.978500 0.152600 -0.139000
vn 0.978700 -0.152500 0.137700
vn 0.978600 -0.152700 0.138000
vn 0.978500 -0.153600 0.138000
vn 0.978400 -0.153900 0.138100
vn 0.978400 -0.153500 0.138300
vn 0.978300 -0.153600 0.139100
vn 0.978400 -0.153300 0.138900
vn 0.978400 -0.152700 0.139100
vn 0.978300 -0.153300 0.139100
vn 0.978400 -0.152400 0.139400
vn -0.978700 0.152400 -0.137700
vn -0.978400 0.153600 -0.138000
vn -0.978600 0.152700 -0.138000
vn -0.978400 0.153900 -0.138100
vn -0.978400 0.153600 -0.138300
vn -0.978300 0.153400 -0.139000
vn -0.978400 0.153100 -0.139100
vn -0.978500 0.152600 -0.139100
vn -0.978400 0.153300 -0.138900
vn -0.978500 0.152300 -0.139400
vn 0.981400 -0.132200 0.139500
vn 0.981300 -0.132800 0.139500
vn 0.981200 -0.133100 0.139400
vn 0.981300 -0.132800 0.139300
vn 0.981300 -0.132000 0.139800
vn 0.981400 -0.133000 0.138400
vn 0.981600 -0.131900 0.138200
vn 0.981500 -0.132100 0.138500
vn 0.981400 -0.133000 0.138700
vn 0.981300 -0.133400 0.138500
vn -0.114200 0.000200 0.993500
vn -0.987200 0.132600 -0.088300
vn -0.987300 0.131800 -0.088500
vn -0.987400 0.131500 -0.088400
vn -0.987300 0.131800 -0.088300
vn -0.987200 0.133000 -0.088000
vn -0.987200 0.132200 -0.089400
vn -0.987100 0.132800 -0.089100
vn -0.987100 0.133000 -0.089300
vn -0.987100 0.132800 -0.089400
vn -0.987200 0.132000 -0.089700
vn 0.114200 -0.000200 -0.993500
vn 0.152600 0.988100 0.017800
vn -0.152700 -0.988100 -0.017500
vn 0.114900 -0.000100 -0.993400
vn 0.115600 -0.000100 -0.993300
vn -0.152000 -0.988200 -0.017700
vn 0.151900 0.988200 0.017500
vn -0.114900 0.000200 0.993400
vn -0.115600 0.000200 0.993300
vn -0.153300 -0.988000 -0.017800
vn 0.153400 0.988000 0.017700
vn -0.978500 0.152400 -0.139100
vn -0.978500 0.152500 -0.138900
vn -0.978400 0.152600 -0.139200
vn -0.978300 0.153400 -0.139400
vn -0.978600 0.152700 -0.138100
vn -0.978700 0.152400 -0.137800
vn -0.114200 0.000100 0.993500
vn -0.983700 0.160300 -0.082100
vn 0.427900 0.013100 0.903700
vn 0.984200 -0.153500 0.088200
vn -0.455500 0.158600 0.876000
vn 0.984000 -0.154900 0.088100
vn 0.424700 -0.087900 0.901100
vn 0.983800 -0.154900 0.090300
vn 0.457000 -0.061800 -0.887300
vn 0.427400 0.013700 0.903900
vn 0.982600 -0.161900 0.091300
vn -0.411400 -0.120900 0.903400
vn 0.982500 -0.160600 0.093800
vn 0.985200 -0.145900 0.090000
vn 0.985400 -0.145900 0.087300
vn 0.961200 -0.046200 -0.272000
vn 0.984200 -0.052900 0.168900
vn -0.984800 0.147500 -0.091400
vn 0.968100 -0.045000 -0.246500
vn 0.984200 -0.152900 0.088900
vn 0.679000 0.136500 -0.721300
vn 0.114200 -0.000100 -0.993500
vn -0.132200 -0.991100 -0.015400
vn 0.132200 0.991100 0.015200
vn 0.114900 -0.000200 -0.993400
vn 0.115600 -0.000300 -0.993300
vn 0.132700 0.991000 0.015400
vn -0.132800 -0.991000 -0.015300
vn 0.131700 0.991200 0.015300
vn -0.131600 -0.991200 -0.015200
vn 0.981600 -0.152000 0.115500
vn -0.113600 -0.000000 0.993500
vn -0.982300 0.152000 -0.109100
vn 0.113700 -0.000000 -0.993500
vn 0.132900 0.991000 0.015400
vn 0.984300 -0.133200 0.115900
vn 0.113600 -0.000000 -0.993500
vn -0.985000 0.133200 -0.109400
vn 0.151700 0.988300 0.017500
vn 0.981600 -0.142600 0.127100
vn -0.112800 -0.000100 0.993600
vn -0.985000 0.142600 -0.096900
vn 0.112900 0.000100 -0.993600
vn 0.141700 0.989800 0.016300
vn -0.141700 -0.989800 -0.016000
vn 0.978500 -0.152300 0.139100
vn 0.978400 -0.152500 0.139200
vn 0.978400 -0.153100 0.139100
vn 0.978500 -0.152500 0.138900
vn 0.978300 -0.153400 0.139400
vn 0.978600 -0.152700 0.138100
vn 0.978400 -0.153600 0.138300
vn 0.978700 -0.152500 0.137800
vn 0.114200 -0.000000 -0.993500
vn 0.380300 0.104300 -0.919000
vn 0.983600 -0.159300 0.084400
vn 0.904700 -0.057300 -0.422200
vn -0.984100 0.154200 -0.088300
vn 0.984200 -0.153000 0.089500
vn -0.457000 0.067700 0.886900
vn -0.983600 0.159700 -0.083400
vn 0.425000 -0.073800 0.902200
vn 0.456800 -0.060700 -0.887500
vn 0.984300 -0.153800 0.086900
vn 0.939100 0.136900 0.315300
vn -0.984200 0.153300 -0.088900
vn -0.982500 0.161400 -0.093000
vn -0.425600 0.079700 -0.901400
vn -0.114200 -0.000000 0.993500
vn 0.132200 0.991100 0.015400
vn -0.132200 -0.991100 -0.015200
vn -0.115600 0.000300 0.993300
vn -0.132700 -0.991000 -0.015400
vn 0.132800 0.991000 0.015200
vn -0.131700 -0.991200 -0.015300
vn 0.131600 0.991200 0.015200
vn 0.913100 -0.056500 -0.403800
vn 0.983600 -0.159300 0.084600
vn -0.984100 0.153300 -0.089500
vn 0.411900 0.106700 -0.904900
vn 0.638100 0.130900 -0.758700
vn -0.984100 0.153800 -0.088500
vn -0.453700 0.159700 0.876700
vn -0.984100 0.153800 -0.089200
vn -0.425600 0.079300 -0.901500
vn -0.982500 0.161400 -0.092800
vn -0.985400 0.146900 -0.085800
vn -0.458600 0.045800 0.887500
vn -0.913500 0.049900 0.403800
vn -0.984200 0.154000 -0.087300
vn 0.984400 -0.152300 0.087700
vn 0.984400 -0.152600 0.088000
vn 0.984200 -0.153400 0.088000
vn 0.984200 -0.153700 0.088100
vn 0.984200 -0.153400 0.088200
vn 0.984100 -0.153600 0.089100
vn 0.984200 -0.153300 0.088900
vn 0.984200 -0.152800 0.089100
vn 0.984100 -0.153300 0.089100
vn 0.984200 -0.152600 0.089400
vn -0.984400 0.152300 -0.087700
vn -0.984200 0.153400 -0.088000
vn -0.984400 0.152600 -0.088000
vn -0.984200 0.153700 -0.088100
vn -0.984200 0.153400 -0.088200
vn -0.984100 0.153700 -0.089000
vn -0.984100 0.153400 -0.089100
vn -0.984200 0.152700 -0.089100
vn -0.984200 0.153400 -0.088800
vn -0.984200 0.152500 -0.089400
vn 0.987200 -0.132200 0.089400
vn 0.987100 -0.132800 0.089400
vn 0.987100 -0.133000 0.089300
vn 0.987100 -0.132800 0.089100
vn 0.987200 -0.132000 0.089700
vn 0.987200 -0.133100 0.088300
vn 0.987300 -0.131900 0.088000
vn 0.987300 -0.132200 0.088300
vn 0.987200 -0.133000 0.088500
vn 0.987100 -0.133400 0.088400
vn -0.063600 0.000100 0.998000
vn -0.990400 0.132700 -0.038300
vn -0.990500 0.131800 -0.038500
vn -0.990600 0.131500 -0.038300
vn -0.990500 0.131800 -0.038200
vn -0.990400 0.132900 -0.038000
vn -0.990400 0.132300 -0.039300
vn -0.990400 0.132900 -0.039100
vn -0.990300 0.133200 -0.039300
vn -0.990300 0.132900 -0.039400
vn -0.990400 0.132100 -0.039600
vn 0.063600 -0.000200 -0.998000
vn 0.153300 0.988100 0.010000
vn -0.153300 -0.988100 -0.009700
vn 0.064300 -0.000100 -0.997900
vn 0.065000 -0.000300 -0.997900
vn -0.152700 -0.988200 -0.009900
vn 0.152500 0.988200 0.009800
vn -0.064300 0.000100 0.997900
vn -0.065000 0.000200 0.997900
vn -0.153900 -0.988000 -0.010000
vn 0.154000 0.988000 0.009900
vn -0.984300 0.152100 -0.089100
vn -0.984300 0.152300 -0.088900
vn -0.984200 0.153000 -0.089100
vn -0.984300 0.152400 -0.089100
vn -0.984100 0.153300 -0.089400
vn -0.984200 0.153800 -0.088100
vn -0.984200 0.153500 -0.088200
vn -0.984200 0.153500 -0.088000
vn -0.984400 0.152400 -0.087700
vn -0.063600 -0.000000 0.998000
vn -0.987500 0.153600 -0.036000
vn 0.432900 -0.179000 0.883500
vn 0.986200 -0.160000 0.042200
vn -0.451600 -0.043800 0.891100
vn 0.987300 -0.154100 0.038900
vn 0.995000 -0.086400 -0.049600
vn 0.987400 -0.153700 0.038900
vn -0.908700 -0.258700 -0.327600
vn 0.893500 -0.062900 0.444700
vn 0.987300 -0.154100 0.039200
vn -0.478200 -0.040500 0.877300
vn 0.987400 -0.153500 0.039400
vn 0.987200 -0.154700 0.038100
vn 0.987100 -0.154800 0.041000
vn -0.395000 -0.202100 0.896200
vn -0.448800 -0.098700 -0.888200
vn -0.987300 0.154000 -0.039100
vn -0.897500 -0.033800 0.439600
vn 0.987400 -0.153100 0.039600
vn -0.987100 0.091000 0.131900
vn 0.063600 -0.000100 -0.998000
vn -0.132900 -0.991100 -0.008700
vn 0.132900 0.991100 0.008400
vn 0.064300 -0.000200 -0.997900
vn 0.133300 0.991000 0.008700
vn -0.133400 -0.991000 -0.008500
vn 0.132400 0.991200 0.008600
vn -0.132300 -0.991200 -0.008500
vn 0.986200 -0.151900 0.065500
vn -0.063300 -0.000000 0.998000
vn -0.986600 0.151900 -0.059100
vn 0.063200 -0.000000 -0.998000
vn 0.133600 0.991000 0.008600
vn 0.988900 -0.133300 0.065700
vn 0.063300 -0.000000 -0.998000
vn -0.989300 0.133300 -0.059300
vn -0.063400 -0.000000 0.998000
vn 0.152300 0.988300 0.009800
vn 0.986800 -0.142600 0.077000
vn -0.062100 -0.000200 0.998100
vn -0.988700 0.142600 -0.046900
vn 0.062200 0.000200 -0.998100
vn 0.142300 0.989800 0.009100
vn -0.142400 -0.989800 -0.008800
vn 0.984300 -0.152100 0.089100
vn 0.984300 -0.152400 0.089100
vn 0.984200 -0.153000 0.089100
vn 0.984300 -0.152300 0.088900
vn 0.984100 -0.153200 0.089400
vn 0.984200 -0.153900 0.088100
vn 0.984200 -0.153600 0.088000
vn 0.984400 -0.152400 0.087700
vn 0.063600 -0.000000 -0.998000
vn -0.898400 0.105600 -0.426300
vn 0.987600 -0.152700 0.037100
vn -0.469500 -0.007000 -0.882900
vn -0.986300 0.160000 -0.040800
vn 0.987400 -0.152900 0.040500
vn -0.449900 0.012000 0.893000
vn -0.987500 0.153600 -0.035700
vn 0.433100 -0.122900 0.892900
vn 0.449900 -0.054600 -0.891400
vn 0.986700 -0.159400 0.033100
vn -0.896000 0.063800 -0.439400
vn -0.986300 0.159400 -0.042000
vn -0.987100 0.155000 -0.040500
vn -0.435500 0.086000 -0.896100
vn 0.132900 0.991100 0.008700
vn -0.132900 -0.991100 -0.008400
vn -0.064300 0.000200 0.997900
vn -0.065000 0.000300 0.997900
vn -0.133300 -0.991000 -0.008600
vn 0.133400 0.991000 0.008500
vn 0.065000 -0.000200 -0.997900
vn -0.132400 -0.991200 -0.008600
vn 0.132300 0.991200 0.008400
vn 0.898000 -0.083900 -0.432000
vn 0.987700 -0.152100 0.037300
vn -0.986100 0.160400 -0.042600
vn 0.396700 0.053400 -0.916400
vn -0.903300 0.009200 0.428900
vn -0.986200 0.161800 -0.035800
vn 0.434600 0.101300 0.894900
vn -0.986500 0.160100 -0.035600
vn -0.989600 0.011200 -0.143400
vn -0.987200 0.154600 -0.038500
vn -0.987200 0.154200 -0.039700
vn 0.974100 0.048200 -0.221000
vn -0.917000 0.090800 0.388400
vn -0.986500 0.160100 -0.034700
vn 0.987600 -0.152400 0.037900
vn 0.987600 -0.152600 0.038200
vn 0.987400 -0.153400 0.038100
vn 0.987400 -0.153700 0.038200
vn 0.987400 -0.153400 0.038400
vn 0.987400 -0.153500 0.039100
vn 0.987400 -0.153200 0.039000
vn 0.987500 -0.152600 0.039200
vn 0.987400 -0.153200 0.039200
vn 0.987500 -0.152500 0.039500
vn -0.987600 0.152300 -0.037800
vn -0.987400 0.153400 -0.038100
vn -0.987600 0.152600 -0.038100
vn -0.987400 0.153800 -0.038200
vn -0.987400 0.153400 -0.038400
vn -0.987400 0.153400 -0.039200
vn -0.987400 0.153100 -0.039300
vn -0.987500 0.152500 -0.039200
vn -0.987400 0.153200 -0.039000
vn -0.987500 0.152300 -0.039500
vn 0.990400 -0.132300 0.039300
vn 0.990400 -0.132900 0.039400
vn 0.990300 -0.133200 0.039300
vn 0.990400 -0.132900 0.039100
vn 0.990500 -0.132000 0.039600
vn 0.990400 -0.133000 0.038300
vn 0.990500 -0.131900 0.038000
vn 0.990500 -0.132200 0.038300
vn 0.990400 -0.133100 0.038500
vn 0.990300 -0.133400 0.038400
vn -0.013300 -0.000000 0.999900
vn -0.991100 0.132800 0.011500
vn -0.991200 0.132000 0.011200
vn -0.991200 0.131700 0.011400
vn -0.991200 0.132000 0.011500
vn -0.991000 0.133200 0.011800
vn -0.991200 0.132300 0.010400
vn -0.991100 0.132900 0.010600
vn -0.991000 0.133100 0.010500
vn -0.991100 0.132900 0.010400
vn -0.991200 0.132100 0.010100
vn 0.013300 -0.000100 -0.999900
vn 0.153500 0.988100 0.002300
vn -0.153500 -0.988100 -0.002000
vn 0.014000 -0.000200 -0.999900
vn 0.014700 -0.000300 -0.999900
vn -0.152900 -0.988200 -0.002200
vn 0.152700 0.988300 0.002100
vn -0.014000 0.000200 0.999900
vn -0.014700 0.000300 0.999900
vn -0.154100 -0.988100 -0.002200
vn 0.154200 0.988000 0.002100
vn -0.987600 0.152000 -0.039100
vn -0.987600 0.152300 -0.039000
vn -0.987500 0.152900 -0.039200
vn -0.987600 0.152300 -0.039200
vn -0.987400 0.153200 -0.039500
vn -0.987400 0.153600 -0.038200
vn -0.987400 0.153300 -0.038400
vn -0.987600 0.152500 -0.038100
vn -0.987400 0.153300 -0.038100
vn -0.987600 0.152200 -0.037800
vn -0.013300 0.000100 0.999900
vn -0.988200 0.152800 0.012100
vn 0.438200 -0.269800 0.857400
vn 0.988100 -0.153600 -0.010900
vn -0.446000 -0.136700 0.884500
vn 0.989100 -0.147300 -0.008600
vn 0.976800 -0.033300 0.211600
vn 0.989100 -0.147200 -0.009400
vn 0.960400 -0.077000 0.267800
vn 0.992200 -0.069600 0.103100
vn 0.988100 -0.153700 -0.010900
vn 0.426100 -0.657000 0.621900
vn 0.988100 -0.153200 -0.011200
vn 0.988300 -0.152200 -0.009600
vn 0.988500 -0.150800 -0.008000
vn 0.462500 0.564300 0.683900
vn 0.465400 0.651900 0.598600
vn -0.988100 0.153800 0.009200
vn 0.985800 -0.080600 -0.147300
vn 0.989200 -0.146200 -0.011200
vn 0.915700 0.056400 -0.397800
vn -0.133200 -0.991100 -0.002000
vn 0.133200 0.991100 0.001700
vn 0.014700 -0.000500 -0.999900
vn 0.133700 0.991000 0.002000
vn -0.133800 -0.991000 -0.001800
vn -0.014700 0.000200 0.999900
vn 0.132800 0.991100 0.001900
vn -0.132600 -0.991200 -0.001800
vn 0.988300 -0.151800 0.015800
vn -0.012600 -0.000000 0.999900
vn -0.988400 0.151800 -0.009300
vn 0.012600 -0.000000 -0.999900
vn 0.134000 0.991000 0.001900
vn 0.990900 -0.133400 0.015800
vn -0.991000 0.133400 -0.009400
vn 0.152500 0.988300 0.002100
vn 0.989400 -0.142600 0.027100
vn -0.012000 -0.000100 0.999900
vn -0.989800 0.142700 0.002800
vn 0.012000 0.000100 -0.999900
vn 0.142600 0.989800 0.001900
vn -0.142600 -0.989800 -0.001600
vn 0.987600 -0.152100 0.039200
vn 0.987500 -0.152300 0.039300
vn 0.987500 -0.152900 0.039200
vn 0.987600 -0.152300 0.039000
vn 0.987400 -0.153100 0.039500
vn 0.987400 -0.153600 0.038200
vn 0.987400 -0.153300 0.038100
vn 0.987600 -0.152500 0.038200
vn 0.987400 -0.153300 0.038400
vn 0.987600 -0.152200 0.037900
vn 0.013300 -0.000200 -0.999900
vn -0.992800 0.068700 -0.098000
vn 0.988200 -0.152900 -0.011500
vn -0.948100 -0.096800 -0.303000
vn -0.988100 0.153100 0.011700
vn 0.989100 -0.147000 -0.011900
vn -0.974600 0.078500 -0.209800
vn -0.988200 0.152900 0.011000
vn -0.814500 -0.060300 -0.577000
vn -0.949900 -0.237300 -0.203300
vn 0.988100 -0.153400 -0.011900
vn -0.422000 0.720400 0.550500
vn -0.988200 0.152700 0.010700
vn -0.988000 0.153800 0.011100
vn -0.997800 0.019500 -0.064000
vn 0.133200 0.991100 0.002000
vn -0.133200 -0.991100 -0.001700
vn -0.014700 0.000500 0.999900
vn -0.133700 -0.991000 -0.001900
vn 0.133800 0.991000 0.001800
vn 0.014700 -0.000200 -0.999900
vn -0.132700 -0.991100 -0.001900
vn 0.132600 0.991200 0.001800
vn -0.985600 -0.092000 -0.141700
vn 0.988200 -0.152800 -0.011400
vn -0.988300 0.152200 0.010400
vn -0.996700 0.070500 -0.040900
vn -0.423000 0.647400 0.634000
vn -0.987900 0.154700 0.010800
vn 0.943900 0.096100 0.315800
vn -0.987900 0.155000 0.010700
vn 0.719500 0.065300 0.691400
vn -0.987900 0.154300 0.011800
vn -0.988100 0.153600 0.010300
vn 0.801200 0.179700 0.570800
vn -0.459900 -0.567400 0.683100
vn -0.988200 0.152900 0.012200
vn 0.988300 -0.152300 -0.011800
vn 0.988200 -0.152500 -0.011500
vn 0.988100 -0.153400 -0.011400
vn 0.988000 -0.153700 -0.011300
vn 0.988100 -0.153400 -0.011200
vn 0.988100 -0.153400 -0.010400
vn 0.988200 -0.153100 -0.010600
vn 0.988300 -0.152400 -0.010400
vn 0.988200 -0.153100 -0.010300
vn 0.988300 -0.152200 -0.010100
vn -0.988300 0.152200 0.011700
vn -0.988100 0.153300 0.011500
vn -0.988200 0.152500 0.011400
vn -0.988100 0.153600 0.011400
vn -0.988100 0.153200 0.010500
vn -0.988200 0.152900 0.010400
vn -0.988300 0.152400 0.010400
vn -0.988200 0.153000 0.010600
vn -0.988300 0.152100 0.010100
vt 0.980127 0.103062
vt 0.000000 0.089593
vt 0.000512 0.312903
vt 0.949641 0.115757
vt 0.906075 0.219937
vt 0.905875 0.025761
vt 0.949641 0.103062
vt 0.905875 0.012881
vt 0.000512 0.321630
vt 0.958243 0.103062
vt 0.905875 0.121202
vt 0.000512 0.330358
vt 0.988729 0.103062
vt 0.000000 0.000000
vt 0.000512 0.321630
vt 0.988729 0.115757
vt 0.906075 0.259595
vt 0.000000 0.012881
vt 0.942399 0.062186
vt 0.905875 0.034093
vt -0.000122 0.156096
vt 0.995971 0.062186
vt 0.000000 0.048121
vt -0.000122 0.210448
vt 0.995971 0.076013
vt 0.000000 0.062150
vt 0.906075 0.297453
vt 0.980127 0.076013
vt 0.000000 0.062150
vt 0.906075 0.281378
vt 0.958243 0.076013
vt 0.905875 0.093759
vt 0.906075 0.312903
vt 0.942399 0.076013
vt 0.905875 0.048121
vt 0.906075 0.296828
vt 0.905875 0.048121
vt 0.943180 0.000413
vt 0.905753 0.210448
vt 0.905875 0.062150
vt 0.943180 0.014240
vt 0.000200 0.297453
vt 0.980908 0.014240
vt 0.000000 0.093759
vt 0.000200 0.312903
vt 0.959024 0.014240
vt 0.905875 0.062150
vt 0.000200 0.281378
vt 0.996752 0.000413
vt 0.000000 0.034093
vt 0.905753 0.156096
vt 0.996752 0.014240
vt 0.000000 0.048121
vt 0.000200 0.296828
vt 0.959024 0.041289
vt 0.905875 0.089593
vt 0.906387 0.312903
vt 0.980908 0.041289
vt 0.000000 0.121202
vt 0.906387 0.330358
vt 0.989510 0.041289
vt 0.000000 0.012881
vt 0.906387 0.321630
vt 0.989510 0.053985
vt 0.000200 0.219937
vt 0.000000 0.025761
vt 0.950422 0.053985
vt 0.000200 0.259595
vt 0.905875 0.012881
vt 0.950422 0.041289
vt 0.905875 0.000000
vt 0.906387 0.321630
vt 0.949641 0.103062
vt 0.905875 0.012881
vt 0.000512 0.321630
vt 0.949641 0.115757
vt 0.906075 0.219937
vt 0.905875 0.025761
vt 0.980127 0.103062
vt 0.000000 0.089593
vt 0.000512 0.312903
vt 0.958243 0.103062
vt 0.905875 0.121202
vt 0.000512 0.330358
vt 0.988729 0.115757
vt 0.906075 0.259595
vt 0.000000 0.012881
vt 0.988729 0.103062
vt 0.000000 0.000000
vt 0.000512 0.321630
vt 0.995971 0.076013
vt 0.000000 0.062150
vt 0.906075 0.297453
vt 0.995971 0.062186
vt 0.000000 0.048121
vt -0.000122 0.210448
vt 0.958243 0.076013
vt 0.905875 0.093759
vt 0.906075 0.312903
vt 0.980127 0.076013
vt 0.000000 0.062150
vt 0.906075 0.281378
vt 0.942399 0.062186
vt 0.905875 0.034093
vt -0.000122 0.156096
vt 0.942399 0.076013
vt 0.905875 0.048121
vt 0.906075 0.296828
vt 0.905875 0.048121
vt 0.905753 0.210448
vt 0.000200 0.297453
vt 0.905875 0.062150
vt 0.000000 0.034093
vt 0.905753 0.156096
vt 0.000200 0.312903
vt 0.000000 0.093759
vt 0.000000 0.048121
vt 0.000200 0.296828
vt 0.000200 0.281378
vt 0.905875 0.062150
vt 0.906387 0.321630
vt 0.905875 0.000000
vt 0.000200 0.259595
vt 0.905875 0.012881
vt 0.906387 0.330358
vt 0.000000 0.121202
vt 0.906387 0.312903
vt 0.905875 0.089593
vt 0.000200 0.219937
vt 0.000000 0.025761
vt 0.000000 0.012881
vt 0.906387 0.321630
vt 0.999050 0.183297
vt 0.939310 0.183297
vt 0.999050 0.342604
vt 0.939310 0.342604
vt 0.985655 0.132863
vt 0.939310 0.342604
vt 0.999050 0.342604
vt 0.939081 0.132863
vt 0.939310 0.183297
vt 0.999050 0.183297
vt 0.999050 0.183297
vt 0.939310 0.183297
vt 0.999050 0.342604
vt 0.939310 0.342604
vt 0.985655 0.179437
vt 0.999050 0.183297
vt 0.939310 0.183297
vt 0.999050 0.342604
vt 0.939310 0.342604
vt 0.939081 0.179437
vt 0.939310 0.342604
vt 0.999050 0.342604
vt 0.939081 0.132863
vt 0.999050 0.342604
vt 0.939310 0.342604
vt 0.985655 0.132863
vt 0.999050 0.183297
vt 0.939310 0.183297
vt 0.939310 0.183297
vt 0.999050 0.183297
vt 0.999050 0.342604
vt 0.939310 0.342604
vt 0.985655 0.179437
vt 0.999050 0.183297
vt 0.939310 0.183297
vt 0.999050 0.342604
vt 0.939310 0.342604
vt 0.939081 0.179437
vt 0.999050 0.183297
vt 0.939310 0.183297
vt 0.979692 0.781451
vt -0.000781 0.656284
vt 0.998987 0.652658
vt 0.979692 0.844034
vt -0.000781 0.718868
vt 1.000000 0.851064
vt -0.000781 0.844034
vt 0.302823 0.718868
vt 0.000000 0.851064
vt -0.000781 0.781451
vt 0.302823 0.656284
vt 0.001647 0.652658
vt 0.145247 0.656284
vt -0.000781 0.718868
vt 0.998987 0.504118
vt 0.145247 0.718868
vt -0.000781 0.781451
vt 1.000000 1.000000
vt 0.979692 0.718868
vt 0.156795 0.656284
vt 0.001647 0.504118
vt 0.979692 0.781451
vt 0.156795 0.718868
vt 0.000000 1.000000
vt 0.949641 0.103062
vt 0.905875 0.012881
vt 0.000512 0.321630
vt 0.949641 0.115757
vt 0.906075 0.219937
vt 0.905875 0.025761
vt 0.980127 0.103062
vt 0.000000 0.089593
vt 0.000512 0.312903
vt 0.958243 0.103062
vt 0.905875 0.121202
vt 0.000512 0.330358
vt 0.988729 0.115757
vt 0.906075 0.259595
vt 0.000000 0.012881
vt 0.988729 0.103062
vt 0.000000 0.000000
vt 0.000512 0.321630
vt 0.995971 0.076013
vt 0.000000 0.062150
vt 0.906075 0.297453
vt 0.995971 0.062186
vt 0.000000 0.048121
vt -0.000122 0.210448
vt 0.958243 0.076013
vt 0.905875 0.093759
vt 0.906075 0.312903
vt 0.980127 0.076013
vt 0.000000 0.062150
vt 0.906075 0.281378
vt 0.942399 0.062186
vt 0.905875 0.034093
vt -0.000122 0.156096
vt 0.942399 0.076013
vt 0.905875 0.048121
vt 0.906075 0.296828
vt 0.905875 0.048121
vt 0.905753 0.210448
vt 0.905875 0.062150
vt 0.000200 0.297453
vt 0.000000 0.034093
vt 0.905753 0.156096
vt 0.000000 0.093759
vt 0.000200 0.312903
vt 0.000000 0.048121
vt 0.000200 0.296828
vt 0.000200 0.281378
vt 0.905875 0.062150
vt 0.906387 0.321630
vt 0.905875 0.000000
vt 0.000200 0.259595
vt 0.905875 0.012881
vt 0.000000 0.121202
vt 0.906387 0.330358
vt 0.906387 0.312903
vt 0.905875 0.089593
vt 0.000000 0.025761
vt 0.000200 0.219937
vt 0.000000 0.012881
vt 0.906387 0.321630
vt 0.905875 0.048121
vt 0.943180 0.000413
vt 0.905753 0.210448
vt 0.000200 0.297453
vt 0.905875 0.062150
vt 0.943180 0.014240
vt 0.000000 0.034093
vt 0.996752 0.000413
vt 0.905753 0.156096
vt 0.000000 0.093759
vt 0.980908 0.014240
vt 0.000200 0.312903
vt 0.000000 0.048121
vt 0.996752 0.014240
vt 0.000200 0.296828
vt 0.000200 0.281378
vt 0.905875 0.062150
vt 0.959024 0.014240
vt 0.906387 0.321630
vt 0.905875 0.000000
vt 0.950422 0.041289
vt 0.000200 0.259595
vt 0.905875 0.012881
vt 0.950422 0.053985
vt 0.906387 0.330358
vt 0.000000 0.121202
vt 0.980908 0.041289
vt 0.906387 0.312903
vt 0.905875 0.089593
vt 0.959024 0.041289
vt 0.000000 0.025761
vt 0.000200 0.219937
vt 0.989510 0.053985
vt 0.000000 0.012881
vt 0.906387 0.321630
vt 0.989510 0.041289
vt 0.905875 0.048121
vt 0.905753 0.210448
vt 0.943180 0.000413
vt 0.905875 0.062150
vt 0.000200 0.297453
vt 0.943180 0.014240
vt 0.000000 0.034093
vt 0.996752 0.000413
vt 0.905753 0.156096
vt 0.000000 0.093759
vt 0.980908 0.014240
vt 0.000200 0.312903
vt 0.000000 0.048121
vt 0.996752 0.014240
vt 0.000200 0.296828
vt 0.905875 0.062150
vt 0.000200 0.281378
vt 0.959024 0.014240
vt 0.906387 0.321630
vt 0.905875 0.000000
vt 0.950422 0.041289
vt 0.000200 0.259595
vt 0.905875 0.012881
vt 0.950422 0.053985
vt 0.000000 0.121202
vt 0.906387 0.330358
vt 0.980908 0.041289
vt 0.906387 0.312903
vt 0.905875 0.089593
vt 0.959024 0.041289
vt 0.000000 0.025761
vt 0.989510 0.053985
vt 0.000200 0.219937
vt 0.000000 0.012881
vt 0.989510 0.041289
vt 0.906387 0.321630
vt 0.943180 0.000413
vt 0.905753 0.210448
vt 0.000200 0.297453
vt 0.943180 0.014240
vt 0.996752 0.000413
vt 0.905753 0.156096
vt 0.980908 0.014240
vt 0.000200 0.312903
vt 0.996752 0.014240
vt 0.000200 0.296828
vt 0.000200 0.281378
vt 0.959024 0.014240
vt 0.906387 0.321630
vt 0.950422 0.041289
vt 0.000200 0.259595
vt 0.950422 0.053985
vt 0.906387 0.330358
vt 0.980908 0.041289
vt 0.906387 0.312903
vt 0.959024 0.041289
vt 0.000200 0.219937
vt 0.989510 0.053985
vt 0.906387 0.321630
vt 0.989510 0.041289
vt 0.905753 0.210448
vt 0.943180 0.000413
vt 0.000200 0.297453
vt 0.943180 0.014240
vt 0.905753 0.156096
vt 0.996752 0.000413
vt 0.980908 0.014240
vt 0.000200 0.312903
vt 0.996752 0.014240
vt 0.000200 0.296828
vt 0.000200 0.281378
vt 0.959024 0.014240
vt 0.906387 0.321630
vt 0.950422 0.041289
vt 0.000200 0.259595
vt 0.950422 0.053985
vt 0.906387 0.330358
vt 0.980908 0.041289
vt 0.906387 0.312903
vt 0.959024 0.041289
vt 0.000200 0.219937
vt 0.989510 0.053985
vt 0.989510 0.041289
vt 0.906387 0.321630
vt 0.980127 0.103062
vt 0.000000 0.089593
vt 0.000512 0.312903
vt 0.949641 0.115757
vt 0.906075 0.219937
vt 0.905875 0.025761
vt 0.949641 0.103062
vt 0.905875 0.012881
vt 0.000512 0.321630
vt 0.958243 0.103062
vt 0.905875 0.121202
vt 0.000512 0.330358
vt 0.988729 0.103062
vt 0.000000 0.000000
vt 0.000512 0.321630
vt 0.988729 0.115757
vt 0.906075 0.259595
vt 0.000000 0.012881
vt 0.942399 0.062186
vt 0.905875 0.034093
vt -0.000122 0.156096
vt 0.995971 0.062186
vt 0.000000 0.048121
vt -0.000122 0.210448
vt 0.995971 0.076013
vt 0.000000 0.062150
vt 0.906075 0.297453
vt 0.980127 0.076013
vt 0.000000 0.062150
vt 0.906075 0.281378
vt 0.958243 0.076013
vt 0.905875 0.093759
vt 0.906075 0.312903
vt 0.942399 0.076013
vt 0.905875 0.048121
vt 0.906075 0.296828
vt 0.905875 0.048121
vt 0.943180 0.000413
vt 0.905753 0.210448
vt 0.905875 0.062150
vt 0.943180 0.014240
vt 0.000200 0.297453
vt 0.980908 0.014240
vt 0.000000 0.093759
vt 0.000200 0.312903
vt 0.959024 0.014240
vt 0.905875 0.062150
vt 0.000200 0.281378
vt 0.996752 0.000413
vt 0.000000 0.034093
vt 0.905753 0.156096
vt 0.996752 0.014240
vt 0.000000 0.048121
vt 0.000200 0.296828
vt 0.959024 0.041289
vt 0.905875 0.089593
vt 0.906387 0.312903
vt 0.980908 0.041289
vt 0.000000 0.121202
vt 0.906387 0.330358
vt 0.989510 0.041289
vt 0.000000 0.012881
vt 0.906387 0.321630
vt 0.989510 0.053985
vt 0.000200 0.219937
vt 0.000000 0.025761
vt 0.950422 0.053985
vt 0.000200 0.259595
vt 0.905875 0.012881
vt 0.950422 0.041289
vt 0.905875 0.000000
vt 0.906387 0.321630
vt 0.949641 0.103062
vt 0.905875 0.012881
vt 0.000512 0.321630
vt 0.949641 0.115757
vt 0.906075 0.219937
vt 0.905875 0.025761
vt 0.980127 0.103062
vt 0.000000 0.089593
vt 0.000512 0.312903
vt 0.958243 0.103062
vt 0.905875 0.121202
vt 0.000512 0.330358
vt 0.988729 0.115757
vt 0.906075 0.259595
vt 0.000000 0.012881
vt 0.988729 0.103062
vt 0.000000 0.000000
vt 0.000512 0.321630
vt 0.995971 0.076013
vt 0.000000 0.062150
vt 0.906075 0.297453
vt 0.995971 0.062186
vt 0.000000 0.048121
vt -0.000122 0.210448
vt 0.958243 0.076013
vt 0.905875 0.093759
vt 0.906075 0.312903
vt 0.980127 0.076013
vt 0.000000 0.062150
vt 0.906075 0.281378
vt 0.942399 0.062186
vt 0.905875 0.034093
vt -0.000122 0.156096
vt 0.942399 0.076013
vt 0.905875 0.048121
vt 0.906075 0.296828
vt 0.905875 0.048121
vt 0.905753 0.210448
vt 0.000200 0.297453
vt 0.905875 0.062150
vt 0.000000 0.034093
vt 0.905753 0.156096
vt 0.000200 0.312903
vt 0.000000 0.093759
vt 0.000000 0.048121
vt 0.000200 0.296828
vt 0.000200 0.281378
vt 0.905875 0.062150
vt 0.906387 0.321630
vt 0.905875 0.000000
vt 0.000200 0.259595
vt 0.905875 0.012881
vt 0.906387 0.330358
vt 0.000000 0.121202
vt 0.906387 0.312903
vt 0.905875 0.089593
vt 0.000200 0.219937
vt 0.000000 0.025761
vt 0.000000 0.012881
vt 0.906387 0.321630
vt 0.999050 0.183297
vt 0.939310 0.183297
vt 0.999050 0.342604
vt 0.939310 0.342604
vt 0.985655 0.132863
vt 0.939310 0.342604
vt 0.999050 0.342604
vt 0.939081 0.132863
vt 0.939310 0.183297
vt 0.999050 0.183297
vt 0.999050 0.183297
vt 0.939310 0.183297
vt 0.999050 0.342604
vt 0.939310 0.342604
vt 0.985655 0.179437
vt 0.999050 0.183297
vt 0.939310 0.183297
vt 0.999050 0.342604
vt 0.939310 0.342604
vt 0.939081 0.179437
vt 0.939310 0.342604
vt 0.999050 0.342604
vt 0.939081 0.132863
vt 0.999050 0.342604
vt 0.939310 0.342604
vt 0.985655 0.132863
vt 0.999050 0.183297
vt 0.939310 0.183297
vt 0.939310 0.183297
vt 0.999050 0.183297
vt 0.999050 0.342604
vt 0.939310 0.342604
vt 0.985655 0.179437
vt 0.999050 0.183297
vt 0.939310 0.183297
vt 0.999050 0.342604
vt 0.939310 0.342604
vt 0.939081 0.179437
vt 0.999050 0.183297
vt 0.939310 0.183297
vt 0.979692 0.781451
vt -0.000781 0.656284
vt 0.998987 0.652658
vt 0.979692 0.844034
vt -0.000781 0.718868
vt 1.000000 0.851064
vt -0.000781 0.844034
vt 0.302823 0.718868
vt 0.000000 0.851064
vt -0.000781 0.781451
vt 0.302823 0.656284
vt 0.001647 0.652658
vt 0.145247 0.656284
vt -0.000781 0.718868
vt 0.998987 0.504118
vt 0.145247 0.718868
vt -0.000781 0.781451
vt 1.000000 1.000000
vt 0.979692 0.718868
vt 0.156795 0.656284
vt 0.001647 0.504118
vt 0.979692 0.781451
vt 0.156795 0.718868
vt 0.000000 1.000000
vt 0.949641 0.103062
vt 0.905875 0.012881
vt 0.000512 0.321630
vt 0.949641 0.115757
vt 0.906075 0.219937
vt 0.905875 0.025761
vt 0.980127 0.103062
vt 0.000000 0.089593
vt 0.000512 0.312903
vt 0.958243 0.103062
vt 0.905875 0.121202
vt 0.000512 0.330358
vt 0.988729 0.115757
vt 0.906075 0.259595
vt 0.000000 0.012881
vt 0.988729 0.103062
vt 0.000000 0.000000
vt 0.000512 0.321630
vt 0.995971 0.076013
vt 0.000000 0.062150
vt 0.906075 0.297453
vt 0.995971 0.062186
vt 0.000000 0.048121
vt -0.000122 0.210448
vt 0.958243 0.076013
vt 0.905875 0.093759
vt 0.906075 0.312903
vt 0.980127 0.076013
vt 0.000000 0.062150
vt 0.906075 0.281378
vt 0.942399 0.062186
vt 0.905875 0.034093
vt -0.000122 0.156096
vt 0.942399 0.076013
vt 0.905875 0.048121
vt 0.906075 0.296828
vt 0.905875 0.048121
vt 0.905753 0.210448
vt 0.905875 0.062150
vt 0.000200 0.297453
vt 0.000000 0.034093
vt 0.905753 0.156096
vt 0.000000 0.093759
vt 0.000200 0.312903
vt 0.000000 0.048121
vt 0.000200 0.296828
vt 0.000200 0.281378
vt 0.905875 0.062150
vt 0.906387 0.321630
vt 0.905875 0.000000
vt 0.000200 0.259595
vt 0.905875 0.012881
vt 0.000000 0.121202
vt 0.906387 0.330358
vt 0.906387 0.312903
vt 0.905875 0.089593
vt 0.000000 0.025761
vt 0.000200 0.219937
vt 0.000000 0.012881
vt 0.906387 0.321630
vt 0.905875 0.048121
vt 0.943180 0.000413
vt 0.905753 0.210448
vt 0.000200 0.297453
vt 0.905875 0.062150
vt 0.943180 0.014240
vt 0.000000 0.034093
vt 0.996752 0.000413
vt 0.905753 0.156096
vt 0.000000 0.093759
vt 0.980908 0.014240
vt 0.000200 0.312903
vt 0.000000 0.048121
vt 0.996752 0.014240
vt 0.000200 0.296828
vt 0.000200 0.281378
vt 0.905875 0.062150
vt 0.959024 0.014240
vt 0.906387 0.321630
vt 0.905875 0.000000
vt 0.950422 0.041289
vt 0.000200 0.259595
vt 0.905875 0.012881
vt 0.950422 0.053985
vt 0.906387 0.330358
vt 0.000000 0.121202
vt 0.980908 0.041289
vt 0.906387 0.312903
vt 0.905875 0.089593
vt 0.959024 0.041289
vt 0.000000 0.025761
vt 0.000200 0.219937
vt 0.989510 0.053985
vt 0.000000 0.012881
vt 0.906387 0.321630
vt 0.989510 0.041289
vt 0.905875 0.048121
vt 0.905753 0.210448
vt 0.943180 0.000413
vt 0.905875 0.062150
vt 0.000200 0.297453
vt 0.943180 0.014240
vt 0.000000 0.034093
vt 0.996752 0.000413
vt 0.905753 0.156096
vt 0.000000 0.093759
vt 0.980908 0.014240
vt 0.000200 0.312903
vt 0.000000 0.048121
vt 0.996752 0.014240
vt 0.000200 0.296828
vt 0.905875 0.062150
vt 0.000200 0.281378
vt 0.959024 0.014240
vt 0.906387 0.321630
vt 0.905875 0.000000
vt 0.950422 0.041289
vt 0.000200 0.259595
vt 0.905875 0.012881
vt 0.950422 0.053985
vt 0.000000 0.121202
vt 0.906387 0.330358
vt 0.980908 0.041289
vt 0.906387 0.312903
vt 0.905875 0.089593
vt 0.959024 0.041289
vt 0.000000 0.025761
vt 0.989510 0.053985
vt 0.000200 0.219937
vt 0.000000 0.012881
vt 0.989510 0.041289
vt 0.906387 0.321630
vt 0.943180 0.000413
vt 0.905753 0.210448
vt 0.000200 0.297453
vt 0.943180 0.014240
vt 0.996752 0.000413
vt 0.905753 0.156096
vt 0.980908 0.014240
vt 0.000200 0.312903
vt 0.996752 0.014240
vt 0.000200 0.296828
vt 0.000200 0.281378
vt 0.959024 0.014240
vt 0.906387 0.321630
vt 0.950422 0.041289
vt 0.000200 0.259595
vt 0.950422 0.053985
vt 0.906387 0.330358
vt 0.980908 0.041289
vt 0.906387 0.312903
vt 0.959024 0.041289
vt 0.000200 0.219937
vt 0.989510 0.053985
vt 0.906387 0.321630
vt 0.989510 0.041289
vt 0.905753 0.210448
vt 0.943180 0.000413
vt 0.000200 0.297453
vt 0.943180 0.014240
vt 0.905753 0.156096
vt 0.996752 0.000413
vt 0.980908 0.014240
vt 0.000200 0.312903
vt 0.996752 0.014240
vt 0.000200 0.296828
vt 0.000200 0.281378
vt 0.959024 0.014240
vt 0.906387 0.321630
vt 0.950422 0.041289
vt 0.000200 0.259595
vt 0.950422 0.053985
vt 0.906387 0.330358
vt 0.980908 0.041289
vt 0.906387 0.312903
vt 0.959024 0.041289
vt 0.000200 0.219937
vt 0.989510 0.053985
vt 0.989510 0.041289
vt 0.906387 0.321630
vt 0.980127 0.103062
vt 0.000000 0.089593
vt 0.000512 0.312903
vt 0.949641 0.115757
vt 0.906075 0.219937
vt 0.905875 0.025761
vt 0.949641 0.103062
vt 0.905875 0.012881
vt 0.000512 0.321630
vt 0.958243 0.103062
vt 0.905875 0.121202
vt 0.000512 0.330358
vt 0.988729 0.103062
vt 0.000000 0.000000
vt 0.000512 0.321630
vt 0.988729 0.115757
vt 0.906075 0.259595
vt 0.000000 0.012881
vt 0.942399 0.062186
vt 0.905875 0.034093
vt -0.000122 0.156096
vt 0.995971 0.062186
vt 0.000000 0.048121
vt -0.000122 0.210448
vt 0.995971 0.076013
vt 0.000000 0.062150
vt 0.906075 0.297453
vt 0.980127 0.076013
vt 0.000000 0.062150
vt 0.906075 0.281378
vt 0.958243 0.076013
vt 0.905875 0.093759
vt 0.906075 0.312903
vt 0.942399 0.076013
vt 0.905875 0.048121
vt 0.906075 0.296828
vt 0.905875 0.048121
vt 0.943180 0.000413
vt 0.905753 0.210448
vt 0.905875 0.062150
vt 0.943180 0.014240
vt 0.000200 0.297453
vt 0.980908 0.014240
vt 0.000000 0.093759
vt 0.000200 0.312903
vt 0.959024 0.014240
vt 0.905875 0.062150
vt 0.000200 0.281378
vt 0.996752 0.000413
vt 0.000000 0.034093
vt 0.905753 0.156096
vt 0.996752 0.014240
vt 0.000000 0.048121
vt 0.000200 0.296828
vt 0.959024 0.041289
vt 0.905875 0.089593
vt 0.906387 0.312903
vt 0.980908 0.041289
vt 0.000000 0.121202
vt 0.906387 0.330358
vt 0.989510 0.041289
vt 0.000000 0.012881
vt 0.906387 0.321630
vt 0.989510 0.053985
vt 0.000200 0.219937
vt 0.000000 0.025761
vt 0.950422 0.053985
vt 0.000200 0.259595
vt 0.905875 0.012881
vt 0.950422 0.041289
vt 0.905875 0.000000
vt 0.906387 0.321630
vt 0.949641 0.103062
vt 0.905875 0.012881
vt 0.000512 0.321630
vt 0.949641 0.115757
vt 0.906075 0.219937
vt 0.905875 0.025761
vt 0.980127 0.103062
vt 0.000000 0.089593
vt 0.000512 0.312903
vt 0.958243 0.103062
vt 0.905875 0.121202
vt 0.000512 0.330358
vt 0.988729 0.115757
vt 0.906075 0.259595
vt 0.000000 0.012881
vt 0.988729 0.103062
vt 0.000000 0.000000
vt 0.000512 0.321630
vt 0.995971 0.076013
vt 0.000000 0.062150
vt 0.906075 0.297453
vt 0.995971 0.062186
vt 0.000000 0.048121
vt -0.000122 0.210448
vt 0.958243 0.076013
vt 0.905875 0.093759
vt 0.906075 0.312903
vt 0.980127 0.076013
vt 0.000000 0.062150
vt 0.906075 0.281378
vt 0.942399 0.062186
vt 0.905875 0.034093
vt -0.000122 0.156096
vt 0.942399 0.076013
vt 0.905875 0.048121
vt 0.906075 0.296828
vt 0.905875 0.048121
vt 0.905753 0.210448
vt 0.000200 0.297453
vt 0.905875 0.062150
vt 0.000000 0.034093
vt 0.905753 0.156096
vt 0.000200 0.312903
vt 0.000000 0.093759
vt 0.000000 0.048121
vt 0.000200 0.296828
vt 0.000200 0.281378
vt 0.905875 0.062150
vt 0.906387 0.321630
vt 0.905875 0.000000
vt 0.000200 0.259595
vt 0.905875 0.012881
vt 0.906387 0.330358
vt 0.000000 0.121202
vt 0.906387 0.312903
vt 0.905875 0.089593
vt 0.000200 0.219937
vt 0.000000 0.025761
vt 0.000000 0.012881
vt 0.906387 0.321630
vt 0.999050 0.183297
vt 0.939310 0.183297
vt 0.999050 0.342604
vt 0.939310 0.342604
vt 0.985655 0.132863
vt 0.939310 0.342604
vt 0.999050 0.342604
vt 0.939081 0.132863
vt 0.939310 0.183297
vt 0.999050 0.183297
vt 0.999050 0.183297
vt 0.939310 0.183297
vt 0.999050 0.342604
vt 0.939310 0.342604
vt 0.985655 0.179437
vt 0.999050 0.183297
vt 0.939310 0.183297
vt 0.999050 0.342604
vt 0.939310 0.342604
vt 0.939081 0.179437
vt 0.939310 0.342604
vt 0.999050 0.342604
vt 0.939081 0.132863
vt 0.999050 0.342604
vt 0.939310 0.342604
vt 0.985655 0.132863
vt 0.999050 0.183297
vt 0.939310 0.183297
vt 0.939310 0.183297
vt 0.999050 0.183297
vt 0.999050 0.342604
vt 0.939310 0.342604
vt 0.985655 0.179437
vt 0.999050 0.183297
vt 0.939310 0.183297
vt 0.999050 0.342604
vt 0.939310 0.342604
vt 0.939081 0.179437
vt 0.999050 0.183297
vt 0.939310 0.183297
vt 0.979692 0.781451
vt -0.000781 0.656284
vt 0.998987 0.652658
vt 0.979692 0.844034
vt -0.000781 0.718868
vt 1.000000 0.851064
vt -0.000781 0.844034
vt 0.302823 0.718868
vt 0.000000 0.851064
vt -0.000781 0.781451
vt 0.302823 0.656284
vt 0.001647 0.652658
vt 0.145247 0.656284
vt -0.000781 0.718868
vt 0.998987 0.504118
vt 0.145247 0.718868
vt -0.000781 0.781451
vt 1.000000 1.000000
vt 0.979692 0.718868
vt 0.156795 0.656284
vt 0.001647 0.504118
vt 0.979692 0.781451
vt 0.156795 0.718868
vt 0.000000 1.000000
vt 0.949641 0.103062
vt 0.905875 0.012881
vt 0.000512 0.321630
vt 0.949641 0.115757
vt 0.906075 0.219937
vt 0.905875 0.025761
vt 0.980127 0.103062
vt 0.000000 0.089593
vt 0.000512 0.312903
vt 0.958243 0.103062
vt 0.905875 0.121202
vt 0.000512 0.330358
vt 0.988729 0.115757
vt 0.906075 0.259595
vt 0.000000 0.012881
vt 0.988729 0.103062
vt 0.000000 0.000000
vt 0.000512 0.321630
vt 0.995971 0.076013
vt 0.000000 0.062150
vt 0.906075 0.297453
vt 0.995971 0.062186
vt 0.000000 0.048121
vt -0.000122 0.210448
vt 0.958243 0.076013
vt 0.905875 0.093759
vt 0.906075 0.312903
vt 0.980127 0.076013
vt 0.000000 0.062150
vt 0.906075 0.281378
vt 0.942399 0.062186
vt 0.905875 0.034093
vt -0.000122 0.156096
vt 0.942399 0.076013
vt 0.905875 0.048121
vt 0.906075 0.296828
vt 0.905875 0.048121
vt 0.905753 0.210448
vt 0.905875 0.062150
vt 0.000200 0.297453
vt 0.000000 0.034093
vt 0.905753 0.156096
vt 0.000000 0.093759
vt 0.000200 0.312903
vt 0.000000 0.048121
vt 0.000200 0.296828
vt 0.000200 0.281378
vt 0.905875 0.062150
vt 0.906387 0.321630
vt 0.905875 0.000000
vt 0.000200 0.259595
vt 0.905875 0.012881
vt 0.000000 0.121202
vt 0.906387 0.330358
vt 0.906387 0.312903
vt 0.905875 0.089593
vt 0.000000 0.025761
vt 0.000200 0.219937
vt 0.000000 0.012881
vt 0.906387 0.321630
vt 0.905875 0.048121
vt 0.943180 0.000413
vt 0.905753 0.210448
vt 0.000200 0.297453
vt 0.905875 0.062150
vt 0.943180 0.014240
vt 0.000000 0.034093
vt 0.996752 0.000413
vt 0.905753 0.156096
vt 0.000000 0.093759
vt 0.980908 0.014240
vt 0.000200 0.312903
vt 0.000000 0.048121
vt 0.996752 0.014240
vt 0.000200 0.296828
vt 0.000200 0.281378
vt 0.905875 0.062150
vt 0.959024 0.014240
vt 0.906387 0.321630
vt 0.905875 0.000000
vt 0.950422 0.041289
vt 0.000200 0.259595
vt 0.905875 0.012881
vt 0.950422 0.053985
vt 0.906387 0.330358
vt 0.000000 0.121202
vt 0.980908 0.041289
vt 0.906387 0.312903
vt 0.905875 0.089593
vt 0.959024 0.041289
vt 0.000000 0.025761
vt 0.000200 0.219937
vt 0.989510 0.053985
vt 0.000000 0.012881
vt 0.906387 0.321630
vt 0.989510 0.041289
vt 0.905875 0.048121
vt 0.905753 0.210448
vt 0.943180 0.000413
vt 0.905875 0.062150
vt 0.000200 0.297453
vt 0.943180 0.014240
vt 0.000000 0.034093
vt 0.996752 0.000413
vt 0.905753 0.156096
vt 0.000000 0.093759
vt 0.980908 0.014240
vt 0.000200 0.312903
vt 0.000000 0.048121
vt 0.996752 0.014240
vt 0.000200 0.296828
vt 0.905875 0.062150
vt 0.000200 0.281378
vt 0.959024 0.014240
vt 0.906387 0.321630
vt 0.905875 0.000000
vt 0.950422 0.041289
vt 0.000200 0.259595
vt 0.905875 0.012881
vt 0.950422 0.053985
vt 0.000000 0.121202
vt 0.906387 0.330358
vt 0.980908 0.041289
vt 0.906387 0.312903
vt 0.905875 0.089593
vt 0.959024 0.041289
vt 0.000000 0.025761
vt 0.989510 0.053985
vt 0.000200 0.219937
vt 0.000000 0.012881
vt 0.989510 0.041289
vt 0.906387 0.321630
vt 0.943180 0.000413
vt 0.905753 0.210448
vt 0.000200 0.297453
vt 0.943180 0.014240
vt 0.996752 0.000413
vt 0.905753 0.156096
vt 0.980908 0.014240
vt 0.000200 0.312903
vt 0.996752 0.014240
vt 0.000200 0.296828
vt 0.000200 0.281378
vt 0.959024 0.014240
vt 0.906387 0.321630
vt 0.950422 0.041289
vt 0.000200 0.259595
vt 0.950422 0.053985
vt 0.906387 0.330358
vt 0.980908 0.041289
vt 0.906387 0.312903
vt 0.959024 0.041289
vt 0.000200 0.219937
vt 0.989510 0.053985
vt 0.906387 0.321630
vt 0.989510 0.041289
vt 0.905753 0.210448
vt 0.943180 0.000413
vt 0.000200 0.297453
vt 0.943180 0.014240
vt 0.905753 0.156096
vt 0.996752 0.000413
vt 0.980908 0.014240
vt 0.000200 0.312903
vt 0.996752 0.014240
vt 0.000200 0.296828
vt 0.000200 0.281378
vt 0.959024 0.014240
vt 0.906387 0.321630
vt 0.950422 0.041289
vt 0.000200 0.259595
vt 0.950422 0.053985
vt 0.906387 0.330358
vt 0.980908 0.041289
vt 0.906387 0.312903
vt 0.959024 0.041289
vt 0.000200 0.219937
vt 0.989510 0.053985
vt 0.989510 0.041289
vt 0.906387 0.321630
vt 0.980127 0.103062
vt 0.000000 0.089593
vt 0.000512 0.312903
vt 0.949641 0.115757
vt 0.906075 0.219937
vt 0.905875 0.025761
vt 0.949641 0.103062
vt 0.905875 0.012881
vt 0.000512 0.321630
vt 0.958243 0.103062
vt 0.905875 0.121202
vt 0.000512 0.330358
vt 0.988729 0.103062
vt 0.000000 0.000000
vt 0.000512 0.321630
vt 0.988729 0.115757
vt 0.906075 0.259595
vt 0.000000 0.012881
vt 0.942399 0.062186
vt 0.905875 0.034093
vt -0.000122 0.156096
vt 0.995971 0.062186
vt 0.000000 0.048121
vt -0.000122 0.210448
vt 0.995971 0.076013
vt 0.000000 0.062150
vt 0.906075 0.297453
vt 0.980127 0.076013
vt 0.000000 0.062150
vt 0.906075 0.281378
vt 0.958243 0.076013
vt 0.905875 0.093759
vt 0.906075 0.312903
vt 0.942399 0.076013
vt 0.905875 0.048121
vt 0.906075 0.296828
vt 0.905875 0.048121
vt 0.943180 0.000413
vt 0.905753 0.210448
vt 0.905875 0.062150
vt 0.943180 0.014240
vt 0.000200 0.297453
vt 0.980908 0.014240
vt 0.000000 0.093759
vt 0.000200 0.312903
vt 0.959024 0.014240
vt 0.905875 0.062150
vt 0.000200 0.281378
vt 0.996752 0.000413
vt 0.000000 0.034093
vt 0.905753 0.156096
vt 0.996752 0.014240
vt 0.000000 0.048121
vt 0.000200 0.296828
vt 0.959024 0.041289
vt 0.905875 0.089593
vt 0.906387 0.312903
vt 0.980908 0.041289
vt 0.000000 0.121202
vt 0.906387 0.330358
vt 0.989510 0.041289
vt 0.000000 0.012881
vt 0.906387 0.321630
vt 0.989510 0.053985
vt 0.000200 0.219937
vt 0.000000 0.025761
vt 0.950422 0.053985
vt 0.000200 0.259595
vt 0.905875 0.012881
vt 0.950422 0.041289
vt 0.905875 0.000000
vt 0.906387 0.321630
vt 0.949641 0.103062
vt 0.905875 0.012881
vt 0.000512 0.321630
vt 0.949641 0.115757
vt 0.906075 0.219937
vt 0.905875 0.025761
vt 0.980127 0.103062
vt 0.000000 0.089593
vt 0.000512 0.312903
vt 0.958243 0.103062
vt 0.905875 0.121202
vt 0.000512 0.330358
vt 0.988729 0.115757
vt 0.906075 0.259595
vt 0.000000 0.012881
vt 0.988729 0.103062
vt 0.000000 0.000000
vt 0.000512 0.321630
vt 0.995971 0.076013
vt 0.000000 0.062150
vt 0.906075 0.297453
vt 0.995971 0.062186
vt 0.000000 0.048121
vt -0.000122 0.210448
vt 0.958243 0.076013
vt 0.905875 0.093759
vt 0.906075 0.312903
vt 0.980127 0.076013
vt 0.000000 0.062150
vt 0.906075 0.281378
vt 0.942399 0.062186
vt 0.905875 0.034093
vt -0.000122 0.156096
vt 0.942399 0.076013
vt 0.905875 0.048121
vt 0.906075 0.296828
vt 0.905875 0.048121
vt 0.905753 0.210448
vt 0.000200 0.297453
vt 0.905875 0.062150
vt 0.000000 0.034093
vt 0.905753 0.156096
vt 0.000200 0.312903
vt 0.000000 0.093759
vt 0.000000 0.048121
vt 0.000200 0.296828
vt 0.000200 0.281378
vt 0.905875 0.062150
vt 0.906387 0.321630
vt 0.905875 0.000000
vt 0.000200 0.259595
vt 0.905875 0.012881
vt 0.906387 0.330358
vt 0.000000 0.121202
vt 0.906387 0.312903
vt 0.905875 0.089593
vt 0.000200 0.219937
vt 0.000000 0.025761
vt 0.000000 0.012881
vt 0.906387 0.321630
vt 0.999050 0.183297
vt 0.939310 0.183297
vt 0.999050 0.342604
vt 0.939310 0.342604
vt 0.985655 0.132863
vt 0.939310 0.342604
vt 0.999050 0.342604
vt 0.939081 0.132863
vt 0.939310 0.183297
vt 0.999050 0.183297
vt 0.999050 0.183297
vt 0.939310 0.183297
vt 0.999050 0.342604
vt 0.939310 0.342604
vt 0.985655 0.179437
vt 0.999050 0.183297
vt 0.939310 0.183297
vt 0.999050 0.342604
vt 0.939310 0.342604
vt 0.939081 0.179437
vt 0.939310 0.342604
vt 0.999050 0.342604
vt 0.939081 0.132863
vt 0.999050 0.342604
vt 0.939310 0.342604
vt 0.985655 0.132863
vt 0.999050 0.183297
vt 0.939310 0.183297
vt 0.939310 0.183297
vt 0.999050 0.183297
vt 0.999050 0.342604
vt 0.939310 0.342604
vt 0.985655 0.179437
vt 0.999050 0.183297
vt 0.939310 0.183297
vt 0.999050 0.342604
vt 0.939310 0.342604
vt 0.939081 0.179437
vt 0.999050 0.183297
vt 0.939310 0.183297
vt 0.979692 0.781451
vt -0.000781 0.656284
vt 0.998987 0.652658
vt 0.979692 0.844034
vt -0.000781 0.718868
vt 1.000000 0.851064
vt -0.000781 0.844034
vt 0.302823 0.718868
vt 0.000000 0.851064
vt -0.000781 0.781451
vt 0.302823 0.656284
vt 0.001647 0.652658
vt 0.145247 0.656284
vt -0.000781 0.718868
vt 0.998987 0.504118
vt 0.145247 0.718868
vt -0.000781 0.781451
vt 1.000000 1.000000
vt 0.979692 0.718868
vt 0.156795 0.656284
vt 0.001647 0.504118
vt 0.979692 0.781451
vt 0.156795 0.718868
vt 0.000000 1.000000
vt 0.949641 0.103062
vt 0.905875 0.012881
vt 0.000512 0.321630
vt 0.949641 0.115757
vt 0.906075 0.219937
vt 0.905875 0.025761
vt 0.980127 0.103062
vt 0.000000 0.089593
vt 0.000512 0.312903
vt 0.958243 0.103062
vt 0.905875 0.121202
vt 0.000512 0.330358
vt 0.988729 0.115757
vt 0.906075 0.259595
vt 0.000000 0.012881
vt 0.988729 0.103062
vt 0.000000 0.000000
vt 0.000512 0.321630
vt 0.995971 0.076013
vt 0.000000 0.062150
vt 0.906075 0.297453
vt 0.995971 0.062186
vt 0.000000 0.048121
vt -0.000122 0.210448
vt 0.958243 0.076013
vt 0.905875 0.093759
vt 0.906075 0.312903
vt 0.980127 0.076013
vt 0.000000 0.062150
vt 0.906075 0.281378
vt 0.942399 0.062186
vt 0.905875 0.034093
vt -0.000122 0.156096
vt 0.942399 0.076013
vt 0.905875 0.048121
vt 0.906075 0.296828
vt 0.905875 0.048121
vt 0.905753 0.210448
vt 0.905875 0.062150
vt 0.000200 0.297453
vt 0.000000 0.034093
vt 0.905753 0.156096
vt 0.000000 0.093759
vt 0.000200 0.312903
vt 0.000000 0.048121
vt 0.000200 0.296828
vt 0.000200 0.281378
vt 0.905875 0.062150
vt 0.906387 0.321630
vt 0.905875 0.000000
vt 0.000200 0.259595
vt 0.905875 0.012881
vt 0.000000 0.121202
vt 0.906387 0.330358
vt 0.906387 0.312903
vt 0.905875 0.089593
vt 0.000000 0.025761
vt 0.000200 0.219937
vt 0.000000 0.012881
vt 0.906387 0.321630
vt 0.905875 0.048121
vt 0.943180 0.000413
vt 0.905753 0.210448
vt 0.000200 0.297453
vt 0.905875 0.062150
vt 0.943180 0.014240
vt 0.000000 0.034093
vt 0.996752 0.000413
vt 0.905753 0.156096
vt 0.000000 0.093759
vt 0.980908 0.014240
vt 0.000200 0.312903
vt 0.000000 0.048121
vt 0.996752 0.014240
vt 0.000200 0.296828
vt 0.000200 0.281378
vt 0.905875 0.062150
vt 0.959024 0.014240
vt 0.906387 0.321630
vt 0.905875 0.000000
vt 0.950422 0.041289
vt 0.000200 0.259595
vt 0.905875 0.012881
vt 0.950422 0.053985
vt 0.906387 0.330358
vt 0.000000 0.121202
vt 0.980908 0.041289
vt 0.906387 0.312903
vt 0.905875 0.089593
vt 0.959024 0.041289
vt 0.000000 0.025761
vt 0.000200 0.219937
vt 0.989510 0.053985
vt 0.000000 0.012881
vt 0.906387 0.321630
vt 0.989510 0.041289
vt 0.905875 0.048121
vt 0.905753 0.210448
vt 0.943180 0.000413
vt 0.905875 0.062150
vt 0.000200 0.297453
vt 0.943180 0.014240
vt 0.000000 0.034093
vt 0.996752 0.000413
vt 0.905753 0.156096
vt 0.000000 0.093759
vt 0.980908 0.014240
vt 0.000200 0.312903
vt 0.000000 0.048121
vt 0.996752 0.014240
vt 0.000200 0.296828
vt 0.905875 0.062150
vt 0.000200 0.281378
vt 0.959024 0.014240
vt 0.906387 0.321630
vt 0.905875 0.000000
vt 0.950422 0.041289
vt 0.000200 0.259595
vt 0.905875 0.012881
vt 0.950422 0.053985
vt 0.000000 0.121202
vt 0.906387 0.330358
vt 0.980908 0.041289
vt 0.906387 0.312903
vt 0.905875 0.089593
vt 0.959024 0.041289
vt 0.000000 0.025761
vt 0.989510 0.053985
vt 0.000200 0.219937
vt 0.000000 0.012881
vt 0.989510 0.041289
vt 0.906387 0.321630
vt 0.943180 0.000413
vt 0.905753 0.210448
vt 0.000200 0.297453
vt 0.943180 0.014240
vt 0.996752 0.000413
vt 0.905753 0.156096
vt 0.980908 0.014240
vt 0.000200 0.312903
vt 0.996752 0.014240
vt 0.000200 0.296828
vt 0.000200 0.281378
vt 0.959024 0.014240
vt 0.906387 0.321630
vt 0.950422 0.041289
vt 0.000200 0.259595
vt 0.950422 0.053985
vt 0.906387 0.330358
vt 0.980908 0.041289
vt 0.906387 0.312903
vt 0.959024 0.041289
vt 0.000200 0.219937
vt 0.989510 0.053985
vt 0.906387 0.321630
vt 0.989510 0.041289
vt 0.905753 0.210448
vt 0.943180 0.000413
vt 0.000200 0.297453
vt 0.943180 0.014240
vt 0.905753 0.156096
vt 0.996752 0.000413
vt 0.980908 0.014240
vt 0.000200 0.312903
vt 0.996752 0.014240
vt 0.000200 0.296828
vt 0.000200 0.281378
vt 0.959024 0.014240
vt 0.906387 0.321630
vt 0.950422 0.041289
vt 0.000200 0.259595
vt 0.950422 0.053985
vt 0.906387 0.330358
vt 0.980908 0.041289
vt 0.906387 0.312903
vt 0.959024 0.041289
vt 0.000200 0.219937
vt 0.989510 0.053985
vt 0.989510 0.041289
vt 0.906387 0.321630
vt 0.980127 0.103062
vt 0.000000 0.089593
vt 0.000512 0.312903
vt 0.949641 0.115757
vt 0.906075 0.219937
vt 0.905875 0.025761
vt 0.949641 0.103062
vt 0.905875 0.012881
vt 0.000512 0.321630
vt 0.958243 0.103062
vt 0.905875 0.121202
vt 0.000512 0.330358
vt 0.988729 0.103062
vt 0.000000 0.000000
vt 0.000512 0.321630
vt 0.988729 0.115757
vt 0.906075 0.259595
vt 0.000000 0.012881
vt 0.942399 0.062186
vt 0.905875 0.034093
vt -0.000122 0.156096
vt 0.995971 0.062186
vt 0.000000 0.048121
vt -0.000122 0.210448
vt 0.995971 0.076013
vt 0.000000 0.062150
vt 0.906075 0.297453
vt 0.980127 0.076013
vt 0.000000 0.062150
vt 0.906075 0.281378
vt 0.958243 0.076013
vt 0.905875 0.093759
vt 0.906075 0.312903
vt 0.942399 0.076013
vt 0.905875 0.048121
vt 0.906075 0.296828
vt 0.905875 0.048121
vt 0.943180 0.000413
vt 0.905753 0.210448
vt 0.905875 0.062150
vt 0.943180 0.014240
vt 0.000200 0.297453
vt 0.980908 0.014240
vt 0.000000 0.093759
vt 0.000200 0.312903
vt 0.959024 0.014240
vt 0.905875 0.062150
vt 0.000200 0.281378
vt 0.996752 0.000413
vt 0.000000 0.034093
vt 0.905753 0.156096
vt 0.996752 0.014240
vt 0.000000 0.048121
vt 0.000200 0.296828
vt 0.959024 0.041289
vt 0.905875 0.089593
vt 0.906387 0.312903
vt 0.980908 0.041289
vt 0.000000 0.121202
vt 0.906387 0.330358
vt 0.989510 0.041289
vt 0.000000 0.012881
vt 0.906387 0.321630
vt 0.989510 0.053985
vt 0.000200 0.219937
vt 0.000000 0.025761
vt 0.950422 0.053985
vt 0.000200 0.259595
vt 0.905875 0.012881
vt 0.950422 0.041289
vt 0.905875 0.000000
vt 0.906387 0.321630
vt 0.949641 0.103062
vt 0.905875 0.012881
vt 0.000512 0.321630
vt 0.949641 0.115757
vt 0.906075 0.219937
vt 0.905875 0.025761
vt 0.980127 0.103062
vt 0.000000 0.089593
vt 0.000512 0.312903
vt 0.958243 0.103062
vt 0.905875 0.121202
vt 0.000512 0.330358
vt 0.988729 0.115757
vt 0.906075 0.259595
vt 0.000000 0.012881
vt 0.988729 0.103062
vt 0.000000 0.000000
vt 0.000512 0.321630
vt 0.995971 0.076013
vt 0.000000 0.062150
vt 0.906075 0.297453
vt 0.995971 0.062186
vt 0.000000 0.048121
vt -0.000122 0.210448
vt 0.958243 0.076013
vt 0.905875 0.093759
vt 0.906075 0.312903
vt 0.980127 0.076013
vt 0.000000 0.062150
vt 0.906075 0.281378
vt 0.942399 0.062186
vt 0.905875 0.034093
vt -0.000122 0.156096
vt 0.942399 0.076013
vt 0.905875 0.048121
vt 0.906075 0.296828
vt 0.905875 0.048121
vt 0.905753 0.210448
vt 0.000200 0.297453
vt 0.905875 0.062150
vt 0.000000 0.034093
vt 0.905753 0.156096
vt 0.000200 0.312903
vt 0.000000 0.093759
vt 0.000000 0.048121
vt 0.000200 0.296828
vt 0.000200 0.281378
vt 0.905875 0.062150
vt 0.906387 0.321630
vt 0.905875 0.000000
vt 0.000200 0.259595
vt 0.905875 0.012881
vt 0.906387 0.330358
vt 0.000000 0.121202
vt 0.906387 0.312903
vt 0.905875 0.089593
vt 0.000200 0.219937
vt 0.000000 0.025761
vt 0.000000 0.012881
vt 0.906387 0.321630
vt 0.999050 0.183297
vt 0.939310 0.183297
vt 0.999050 0.342604
vt 0.939310 0.342604
vt 0.985655 0.132863
vt 0.939310 0.342604
vt 0.999050 0.342604
vt 0.939081 0.132863
vt 0.939310 0.183297
vt 0.999050 0.183297
vt 0.999050 0.183297
vt 0.939310 0.183297
vt 0.999050 0.342604
vt 0.939310 0.342604
vt 0.985655 0.179437
vt 0.999050 0.183297
vt 0.939310 0.183297
vt 0.999050 0.342604
vt 0.939310 0.342604
vt 0.939081 0.179437
vt 0.939310 0.342604
vt 0.999050 0.342604
vt 0.939081 0.132863
vt 0.999050 0.342604
vt 0.939310 0.342604
vt 0.985655 0.132863
vt 0.999050 0.183297
vt 0.939310 0.183297
vt 0.939310 0.183297
vt 0.999050 0.183297
vt 0.999050 0.342604
vt 0.939310 0.342604
vt 0.985655 0.179437
vt 0.999050 0.183297
vt 0.939310 0.183297
vt 0.999050 0.342604
vt 0.939310 0.342604
vt 0.939081 0.179437
vt 0.999050 0.183297
vt 0.939310 0.183297
vt 0.979692 0.781451
vt -0.000781 0.656284
vt 0.998987 0.652658
vt 0.979692 0.844034
vt -0.000781 0.718868
vt 1.000000 0.851064
vt -0.000781 0.844034
vt 0.302823 0.718868
vt 0.000000 0.851064
vt -0.000781 0.781451
vt 0.302823 0.656284
vt 0.001647 0.652658
vt 0.145247 0.656284
vt -0.000781 0.718868
vt 0.998987 0.504118
vt 0.145247 0.718868
vt -0.000781 0.781451
vt 1.000000 1.000000
vt 0.979692 0.718868
vt 0.156795 0.656284
vt 0.001647 0.504118
vt 0.979692 0.781451
vt 0.156795 0.718868
vt 0.000000 1.000000
vt 0.949641 0.103062
vt 0.905875 0.012881
vt 0.000512 0.321630
vt 0.949641 0.115757
vt 0.906075 0.219937
vt 0.905875 0.025761
vt 0.980127 0.103062
vt 0.000000 0.089593
vt 0.000512 0.312903
vt 0.958243 0.103062
vt 0.905875 0.121202
vt 0.000512 0.330358
vt 0.988729 0.115757
vt 0.906075 0.259595
vt 0.000000 0.012881
vt 0.988729 0.103062
vt 0.000000 0.000000
vt 0.000512 0.321630
vt 0.995971 0.076013
vt 0.000000 0.062150
vt 0.906075 0.297453
vt 0.995971 0.062186
vt 0.000000 0.048121
vt -0.000122 0.210448
vt 0.958243 0.076013
vt 0.905875 0.093759
vt 0.906075 0.312903
vt 0.980127 0.076013
vt 0.000000 0.062150
vt 0.906075 0.281378
vt 0.942399 0.062186
vt 0.905875 0.034093
vt -0.000122 0.156096
vt 0.942399 0.076013
vt 0.905875 0.048121
vt 0.906075 0.296828
vt 0.905875 0.048121
vt 0.905753 0.210448
vt 0.905875 0.062150
vt 0.000200 0.297453
vt 0.000000 0.034093
vt 0.905753 0.156096
vt 0.000000 0.093759
vt 0.000200 0.312903
vt 0.000000 0.048121
vt 0.000200 0.296828
vt 0.000200 0.281378
vt 0.905875 0.062150
vt 0.906387 0.321630
vt 0.905875 0.000000
vt 0.000200 0.259595
vt 0.905875 0.012881
vt 0.000000 0.121202
vt 0.906387 0.330358
vt 0.906387 0.312903
vt 0.905875 0.089593
vt 0.000000 0.025761
vt 0.000200 0.219937
vt 0.000000 0.012881
vt 0.906387 0.321630
vt 0.905875 0.048121
vt 0.943180 0.000413
vt 0.905753 0.210448
vt 0.000200 0.297453
vt 0.905875 0.062150
vt 0.943180 0.014240
vt 0.000000 0.034093
vt 0.996752 0.000413
vt 0.905753 0.156096
vt 0.000000 0.093759
vt 0.980908 0.014240
vt 0.000200 0.312903
vt 0.000000 0.048121
vt 0.996752 0.014240
vt 0.000200 0.296828
vt 0.000200 0.281378
vt 0.905875 0.062150
vt 0.959024 0.014240
vt 0.906387 0.321630
vt 0.905875 0.000000
vt 0.950422 0.041289
vt 0.000200 0.259595
vt 0.905875 0.012881
vt 0.950422 0.053985
vt 0.906387 0.330358
vt 0.000000 0.121202
vt 0.980908 0.041289
vt 0.906387 0.312903
vt 0.905875 0.089593
vt 0.959024 0.041289
vt 0.000000 0.025761
vt 0.000200 0.219937
vt 0.989510 0.053985
vt 0.000000 0.012881
vt 0.906387 0.321630
vt 0.989510 0.041289
vt 0.905875 0.048121
vt 0.905753 0.210448
vt 0.943180 0.000413
vt 0.905875 0.062150
vt 0.000200 0.297453
vt 0.943180 0.014240
vt 0.000000 0.034093
vt 0.996752 0.000413
vt 0.905753 0.156096
vt 0.000000 0.093759
vt 0.980908 0.014240
vt 0.000200 0.312903
vt 0.000000 0.048121
vt 0.996752 0.014240
vt 0.000200 0.296828
vt 0.905875 0.062150
vt 0.000200 0.281378
vt 0.959024 0.014240
vt 0.906387 0.321630
vt 0.905875 0.000000
vt 0.950422 0.041289
vt 0.000200 0.259595
vt 0.905875 0.012881
vt 0.950422 0.053985
vt 0.000000 0.121202
vt 0.906387 0.330358
vt 0.980908 0.041289
vt 0.906387 0.312903
vt 0.905875 0.089593
vt 0.959024 0.041289
vt 0.000000 0.025761
vt 0.989510 0.053985
vt 0.000200 0.219937
vt 0.000000 0.012881
vt 0.989510 0.041289
vt 0.906387 0.321630
vt 0.943180 0.000413
vt 0.905753 0.210448
vt 0.000200 0.297453
vt 0.943180 0.014240
vt 0.996752 0.000413
vt 0.905753 0.156096
vt 0.980908 0.014240
vt 0.000200 0.312903
vt 0.996752 0.014240
vt 0.000200 0.296828
vt 0.000200 0.281378
vt 0.959024 0.014240
vt 0.906387 0.321630
vt 0.950422 0.041289
vt 0.000200 0.259595
vt 0.950422 0.053985
vt 0.906387 0.330358
vt 0.980908 0.041289
vt 0.906387 0.312903
vt 0.959024 0.041289
vt 0.000200 0.219937
vt 0.989510 0.053985
vt 0.906387 0.321630
vt 0.989510 0.041289
vt 0.905753 0.210448
vt 0.943180 0.000413
vt 0.000200 0.297453
vt 0.943180 0.014240
vt 0.905753 0.156096
vt 0.996752 0.000413
vt 0.980908 0.014240
vt 0.000200 0.312903
vt 0.996752 0.014240
vt 0.000200 0.296828
vt 0.000200 0.281378
vt 0.959024 0.014240
vt 0.906387 0.321630
vt 0.950422 0.041289
vt 0.000200 0.259595
vt 0.950422 0.053985
vt 0.906387 0.330358
vt 0.980908 0.041289
vt 0.906387 0.312903
vt 0.959024 0.041289
vt 0.000200 0.219937
vt 0.989510 0.053985
vt 0.989510 0.041289
vt 0.906387 0.321630
vt 0.980127 0.103062
vt 0.000000 0.089593
vt 0.000512 0.312903
vt 0.949641 0.115757
vt 0.906075 0.219937
vt 0.905875 0.025761
vt 0.949641 0.103062
vt 0.905875 0.012881
vt 0.000512 0.321630
vt 0.958243 0.103062
vt 0.905875 0.121202
vt 0.000512 0.330358
vt 0.988729 0.103062
vt 0.000000 0.000000
vt 0.000512 0.321630
vt 0.988729 0.115757
vt 0.906075 0.259595
vt 0.000000 0.012881
vt 0.942399 0.062186
vt 0.905875 0.034093
vt -0.000122 0.156096
vt 0.995971 0.062186
vt 0.000000 0.048121
vt -0.000122 0.210448
vt 0.995971 0.076013
vt 0.000000 0.062150
vt 0.906075 0.297453
vt 0.980127 0.076013
vt 0.000000 0.062150
vt 0.906075 0.281378
vt 0.958243 0.076013
vt 0.905875 0.093759
vt 0.906075 0.312903
vt 0.942399 0.076013
vt 0.905875 0.048121
vt 0.906075 0.296828
vt 0.905875 0.048121
vt 0.943180 0.000413
vt 0.905753 0.210448
vt 0.905875 0.062150
vt 0.943180 0.014240
vt 0.000200 0.297453
vt 0.980908 0.014240
vt 0.000000 0.093759
vt 0.000200 0.312903
vt 0.959024 0.014240
vt 0.905875 0.062150
vt 0.000200 0.281378
vt 0.996752 0.000413
vt 0.000000 0.034093
vt 0.905753 0.156096
vt 0.996752 0.014240
vt 0.000000 0.048121
vt 0.000200 0.296828
vt 0.959024 0.041289
vt 0.905875 0.089593
vt 0.906387 0.312903
vt 0.980908 0.041289
vt 0.000000 0.121202
vt 0.906387 0.330358
vt 0.989510 0.041289
vt 0.000000 0.012881
vt 0.906387 0.321630
vt 0.989510 0.053985
vt 0.000200 0.219937
vt 0.000000 0.025761
vt 0.950422 0.053985
vt 0.000200 0.259595
vt 0.905875 0.012881
vt 0.950422 0.041289
vt 0.905875 0.000000
vt 0.906387 0.321630
vt 0.949641 0.103062
vt 0.905875 0.012881
vt 0.000512 0.321630
vt 0.949641 0.115757
vt 0.906075 0.219937
vt 0.905875 0.025761
vt 0.980127 0.103062
vt 0.000000 0.089593
vt 0.000512 0.312903
vt 0.958243 0.103062
vt 0.905875 0.121202
vt 0.000512 0.330358
vt 0.988729 0.115757
vt 0.906075 0.259595
vt 0.000000 0.012881
vt 0.988729 0.103062
vt 0.000000 0.000000
vt 0.000512 0.321630
vt 0.995971 0.076013
vt 0.000000 0.062150
vt 0.906075 0.297453
vt 0.995971 0.062186
vt 0.000000 0.048121
vt -0.000122 0.210448
vt 0.958243 0.076013
vt 0.905875 0.093759
vt 0.906075 0.312903
vt 0.980127 0.076013
vt 0.000000 0.062150
vt 0.906075 0.281378
vt 0.942399 0.062186
vt 0.905875 0.034093
vt -0.000122 0.156096
vt 0.942399 0.076013
vt 0.905875 0.048121
vt 0.906075 0.296828
vt 0.905875 0.048121
vt 0.905753 0.210448
vt 0.000200 0.297453
vt 0.905875 0.062150
vt 0.000000 0.034093
vt 0.905753 0.156096
vt 0.000200 0.312903
vt 0.000000 0.093759
vt 0.000000 0.048121
vt 0.000200 0.296828
vt 0.000200 0.281378
vt 0.905875 0.062150
vt 0.906387 0.321630
vt 0.905875 0.000000
vt 0.000200 0.259595
vt 0.905875 0.012881
vt 0.906387 0.330358
vt 0.000000 0.121202
vt 0.906387 0.312903
vt 0.905875 0.089593
vt 0.000200 0.219937
vt 0.000000 0.025761
vt 0.000000 0.012881
vt 0.906387 0.321630
vt 0.999050 0.183297
vt 0.939310 0.183297
vt 0.999050 0.342604
vt 0.939310 0.342604
vt 0.985655 0.132863
vt 0.939310 0.342604
vt 0.999050 0.342604
vt 0.939081 0.132863
vt 0.939310 0.183297
vt 0.999050 0.183297
vt 0.999050 0.183297
vt 0.939310 0.183297
vt 0.999050 0.342604
vt 0.939310 0.342604
vt 0.985655 0.179437
vt 0.999050 0.183297
vt 0.939310 0.183297
vt 0.999050 0.342604
vt 0.939310 0.342604
vt 0.939081 0.179437
vt 0.939310 0.342604
vt 0.999050 0.342604
vt 0.939081 0.132863
vt 0.999050 0.342604
vt 0.939310 0.342604
vt 0.985655 0.132863
vt 0.999050 0.183297
vt 0.939310 0.183297
vt 0.939310 0.183297
vt 0.999050 0.183297
vt 0.999050 0.342604
vt 0.939310 0.342604
vt 0.985655 0.179437
vt 0.999050 0.183297
vt 0.939310 0.183297
vt 0.999050 0.342604
vt 0.939310 0.342604
vt 0.939081 0.179437
vt 0.999050 0.183297
vt 0.939310 0.183297
vt 0.979692 0.781451
vt -0.000781 0.656284
vt 0.998987 0.652658
vt 0.979692 0.844034
vt -0.000781 0.718868
vt 1.000000 0.851064
vt -0.000781 0.844034
vt 0.302823 0.718868
vt 0.000000 0.851064
vt -0.000781 0.781451
vt 0.302823 0.656284
vt 0.001647 0.652658
vt 0.145247 0.656284
vt -0.000781 0.718868
vt 0.998987 0.504118
vt 0.145247 0.718868
vt -0.000781 0.781451
vt 1.000000 1.000000
vt 0.979692 0.718868
vt 0.156795 0.656284
vt 0.001647 0.504118
vt 0.979692 0.781451
vt 0.156795 0.718868
vt 0.000000 1.000000
vt 0.949641 0.103062
vt 0.905875 0.012881
vt 0.000512 0.321630
vt 0.949641 0.115757
vt 0.906075 0.219937
vt 0.905875 0.025761
vt 0.980127 0.103062
vt 0.000000 0.089593
vt 0.000512 0.312903
vt 0.958243 0.103062
vt 0.905875 0.121202
vt 0.000512 0.330358
vt 0.988729 0.115757
vt 0.906075 0.259595
vt 0.000000 0.012881
vt 0.988729 0.103062
vt 0.000000 0.000000
vt 0.000512 0.321630
vt 0.995971 0.076013
vt 0.000000 0.062150
vt 0.906075 0.297453
vt 0.995971 0.062186
vt 0.000000 0.048121
vt -0.000122 0.210448
vt 0.958243 0.076013
vt 0.905875 0.093759
vt 0.906075 0.312903
vt 0.980127 0.076013
vt 0.000000 0.062150
vt 0.906075 0.281378
vt 0.942399 0.062186
vt 0.905875 0.034093
vt -0.000122 0.156096
vt 0.942399 0.076013
vt 0.905875 0.048121
vt 0.906075 0.296828
vt 0.905875 0.048121
vt 0.905753 0.210448
vt 0.905875 0.062150
vt 0.000200 0.297453
vt 0.000000 0.034093
vt 0.905753 0.156096
vt 0.000000 0.093759
vt 0.000200 0.312903
vt 0.000000 0.048121
vt 0.000200 0.296828
vt 0.000200 0.281378
vt 0.905875 0.062150
vt 0.906387 0.321630
vt 0.905875 0.000000
vt 0.000200 0.259595
vt 0.905875 0.012881
vt 0.000000 0.121202
vt 0.906387 0.330358
vt 0.906387 0.312903
vt 0.905875 0.089593
vt 0.000000 0.025761
vt 0.000200 0.219937
vt 0.000000 0.012881
vt 0.906387 0.321630
vt 0.905875 0.048121
vt 0.943180 0.000413
vt 0.905753 0.210448
vt 0.000200 0.297453
vt 0.905875 0.062150
vt 0.943180 0.014240
vt 0.000000 0.034093
vt 0.996752 0.000413
vt 0.905753 0.156096
vt 0.000000 0.093759
vt 0.980908 0.014240
vt 0.000200 0.312903
vt 0.000000 0.048121
vt 0.996752 0.014240
vt 0.000200 0.296828
vt 0.000200 0.281378
vt 0.905875 0.062150
vt 0.959024 0.014240
vt 0.906387 0.321630
vt 0.905875 0.000000
vt 0.950422 0.041289
vt 0.000200 0.259595
vt 0.905875 0.012881
vt 0.950422 0.053985
vt 0.906387 0.330358
vt 0.000000 0.121202
vt 0.980908 0.041289
vt 0.906387 0.312903
vt 0.905875 0.089593
vt 0.959024 0.041289
vt 0.000000 0.025761
vt 0.000200 0.219937
vt 0.989510 0.053985
vt 0.000000 0.012881
vt 0.906387 0.321630
vt 0.989510 0.041289
vt 0.905875 0.048121
vt 0.905753 0.210448
vt 0.943180 0.000413
vt 0.905875 0.062150
vt 0.000200 0.297453
vt 0.943180 0.014240
vt 0.000000 0.034093
vt 0.996752 0.000413
vt 0.905753 0.156096
vt 0.000000 0.093759
vt 0.980908 0.014240
vt 0.000200 0.312903
vt 0.000000 0.048121
vt 0.996752 0.014240
vt 0.000200 0.296828
vt 0.905875 0.062150
vt 0.000200 0.281378
vt 0.959024 0.014240
vt 0.906387 0.321630
vt 0.905875 0.000000
vt 0.950422 0.041289
vt 0.000200 0.259595
vt 0.905875 0.012881
vt 0.950422 0.053985
vt 0.000000 0.121202
vt 0.906387 0.330358
vt 0.980908 0.041289
vt 0.906387 0.312903
vt 0.905875 0.089593
vt 0.959024 0.041289
vt 0.000000 0.025761
vt 0.989510 0.053985
vt 0.000200 0.219937
vt 0.000000 0.012881
vt 0.989510 0.041289
vt 0.906387 0.321630
vt 0.943180 0.000413
vt 0.905753 0.210448
vt 0.000200 0.297453
vt 0.943180 0.014240
vt 0.996752 0.000413
vt 0.905753 0.156096
vt 0.980908 0.014240
vt 0.000200 0.312903
vt 0.996752 0.014240
vt 0.000200 0.296828
vt 0.000200 0.281378
vt 0.959024 0.014240
vt 0.906387 0.321630
vt 0.950422 0.041289
vt 0.000200 0.259595
vt 0.950422 0.053985
vt 0.906387 0.330358
vt 0.980908 0.041289
vt 0.906387 0.312903
vt 0.959024 0.041289
vt 0.000200 0.219937
vt 0.989510 0.053985
vt 0.906387 0.321630
vt 0.989510 0.041289
vt 0.905753 0.210448
vt 0.943180 0.000413
vt 0.000200 0.297453
vt 0.943180 0.014240
vt 0.905753 0.156096
vt 0.996752 0.000413
vt 0.980908 0.014240
vt 0.000200 0.312903
vt 0.996752 0.014240
vt 0.000200 0.296828
vt 0.000200 0.281378
vt 0.959024 0.014240
vt 0.906387 0.321630
vt 0.950422 0.041289
vt 0.000200 0.259595
vt 0.950422 0.053985
vt 0.906387 0.330358
vt 0.980908 0.041289
vt 0.906387 0.312903
vt 0.959024 0.041289
vt 0.000200 0.219937
vt 0.989510 0.053985
vt 0.989510 0.041289
vt 0.906387 0.321630
vt 0.980127 0.103062
vt 0.000000 0.089593
vt 0.000512 0.312903
vt 0.949641 0.115757
vt 0.906075 0.219937
vt 0.905875 0.025761
vt 0.949641 0.103062
vt 0.905875 0.012881
vt 0.000512 0.321630
vt 0.958243 0.103062
vt 0.905875 0.121202
vt 0.000512 0.330358
vt 0.988729 0.103062
vt 0.000000 0.000000
vt 0.000512 0.321630
vt 0.988729 0.115757
vt 0.906075 0.259595
vt 0.000000 0.012881
vt 0.942399 0.062186
vt 0.905875 0.034093
vt -0.000122 0.156096
vt 0.995971 0.062186
vt 0.000000 0.048121
vt -0.000122 0.210448
vt 0.995971 0.076013
vt 0.000000 0.062150
vt 0.906075 0.297453
vt 0.980127 0.076013
vt 0.000000 0.062150
vt 0.906075 0.281378
vt 0.958243 0.076013
vt 0.905875 0.093759
vt 0.906075 0.312903
vt 0.942399 0.076013
vt 0.905875 0.048121
vt 0.906075 0.296828
vt 0.905875 0.048121
vt 0.943180 0.000413
vt 0.905753 0.210448
vt 0.905875 0.062150
vt 0.943180 0.014240
vt 0.000200 0.297453
vt 0.980908 0.014240
vt 0.000000 0.093759
vt 0.000200 0.312903
vt 0.959024 0.014240
vt 0.905875 0.062150
vt 0.000200 0.281378
vt 0.996752 0.000413
vt 0.000000 0.034093
vt 0.905753 0.156096
vt 0.996752 0.014240
vt 0.000000 0.048121
vt 0.000200 0.296828
vt 0.959024 0.041289
vt 0.905875 0.089593
vt 0.906387 0.312903
vt 0.980908 0.041289
vt 0.000000 0.121202
vt 0.906387 0.330358
vt 0.989510 0.041289
vt 0.000000 0.012881
vt 0.906387 0.321630
vt 0.989510 0.053985
vt 0.000200 0.219937
vt 0.000000 0.025761
vt 0.950422 0.053985
vt 0.000200 0.259595
vt 0.905875 0.012881
vt 0.950422 0.041289
vt 0.905875 0.000000
vt 0.906387 0.321630
vt 0.949641 0.103062
vt 0.905875 0.012881
vt 0.000512 0.321630
vt 0.949641 0.115757
vt 0.906075 0.219937
vt 0.905875 0.025761
vt 0.980127 0.103062
vt 0.000000 0.089593
vt 0.000512 0.312903
vt 0.958243 0.103062
vt 0.905875 0.121202
vt 0.000512 0.330358
vt 0.988729 0.115757
vt 0.906075 0.259595
vt 0.000000 0.012881
vt 0.988729 0.103062
vt 0.000000 0.000000
vt 0.000512 0.321630
vt 0.995971 0.076013
vt 0.000000 0.062150
vt 0.906075 0.297453
vt 0.995971 0.062186
vt 0.000000 0.048121
vt -0.000122 0.210448
vt 0.958243 0.076013
vt 0.905875 0.093759
vt 0.906075 0.312903
vt 0.980127 0.076013
vt 0.000000 0.062150
vt 0.906075 0.281378
vt 0.942399 0.062186
vt 0.905875 0.034093
vt -0.000122 0.156096
vt 0.942399 0.076013
vt 0.905875 0.048121
vt 0.906075 0.296828
vt 0.905875 0.048121
vt 0.905753 0.210448
vt 0.000200 0.297453
vt 0.905875 0.062150
vt 0.000000 0.034093
vt 0.905753 0.156096
vt 0.000200 0.312903
vt 0.000000 0.093759
vt 0.000000 0.048121
vt 0.000200 0.296828
vt 0.000200 0.281378
vt 0.905875 0.062150
vt 0.906387 0.321630
vt 0.905875 0.000000
vt 0.000200 0.259595
vt 0.905875 0.012881
vt 0.906387 0.330358
vt 0.000000 0.121202
vt 0.906387 0.312903
vt 0.905875 0.089593
vt 0.000200 0.219937
vt 0.000000 0.025761
vt 0.000000 0.012881
vt 0.906387 0.321630
vt 0.999050 0.183297
vt 0.939310 0.183297
vt 0.999050 0.342604
vt 0.939310 0.342604
vt 0.985655 0.132863
vt 0.939310 0.342604
vt 0.999050 0.342604
vt 0.939081 0.132863
vt 0.939310 0.183297
vt 0.999050 0.183297
vt 0.999050 0.183297
vt 0.939310 0.183297
vt 0.999050 0.342604
vt 0.939310 0.342604
vt 0.985655 0.179437
vt 0.999050 0.183297
vt 0.939310 0.183297
vt 0.999050 0.342604
vt 0.939310 0.342604
vt 0.939081 0.179437
vt 0.939310 0.342604
vt 0.999050 0.342604
vt 0.939081 0.132863
vt 0.999050 0.342604
vt 0.939310 0.342604
vt 0.985655 0.132863
vt 0.999050 0.183297
vt 0.939310 0.183297
vt 0.939310 0.183297
vt 0.999050 0.183297
vt 0.999050 0.342604
vt 0.939310 0.342604
vt 0.985655 0.179437
vt 0.999050 0.183297
vt 0.939310 0.183297
vt 0.999050 0.342604
vt 0.939310 0.342604
vt 0.939081 0.179437
vt 0.999050 0.183297
vt 0.939310 0.183297
vt 0.979692 0.781451
vt -0.000781 0.656284
vt 0.998987 0.652658
vt 0.979692 0.844034
vt -0.000781 0.718868
vt 1.000000 0.851064
vt -0.000781 0.844034
vt 0.302823 0.718868
vt 0.000000 0.851064
vt -0.000781 0.781451
vt 0.302823 0.656284
vt 0.001647 0.652658
vt 0.145247 0.656284
vt -0.000781 0.718868
vt 0.998987 0.504118
vt 0.145247 0.718868
vt -0.000781 0.781451
vt 1.000000 1.000000
vt 0.979692 0.718868
vt 0.156795 0.656284
vt 0.001647 0.504118
vt 0.979692 0.781451
vt 0.156795 0.718868
vt 0.000000 1.000000
vt 0.949641 0.103062
vt 0.905875 0.012881
vt 0.000512 0.321630
vt 0.949641 0.115757
vt 0.906075 0.219937
vt 0.905875 0.025761
vt 0.980127 0.103062
vt 0.000000 0.089593
vt 0.000512 0.312903
vt 0.958243 0.103062
vt 0.905875 0.121202
vt 0.000512 0.330358
vt 0.988729 0.115757
vt 0.906075 0.259595
vt 0.000000 0.012881
vt 0.988729 0.103062
vt 0.000000 0.000000
vt 0.000512 0.321630
vt 0.995971 0.076013
vt 0.000000 0.062150
vt 0.906075 0.297453
vt 0.995971 0.062186
vt 0.000000 0.048121
vt -0.000122 0.210448
vt 0.958243 0.076013
vt 0.905875 0.093759
vt 0.906075 0.312903
vt 0.980127 0.076013
vt 0.000000 0.062150
vt 0.906075 0.281378
vt 0.942399 0.062186
vt 0.905875 0.034093
vt -0.000122 0.156096
vt 0.942399 0.076013
vt 0.905875 0.048121
vt 0.906075 0.296828
vt 0.905875 0.048121
vt 0.905753 0.210448
vt 0.905875 0.062150
vt 0.000200 0.297453
vt 0.000000 0.034093
vt 0.905753 0.156096
vt 0.000000 0.093759
vt 0.000200 0.312903
vt 0.000000 0.048121
vt 0.000200 0.296828
vt 0.000200 0.281378
vt 0.905875 0.062150
vt 0.906387 0.321630
vt 0.905875 0.000000
vt 0.000200 0.259595
vt 0.905875 0.012881
vt 0.000000 0.121202
vt 0.906387 0.330358
vt 0.906387 0.312903
vt 0.905875 0.089593
vt 0.000000 0.025761
vt 0.000200 0.219937
vt 0.000000 0.012881
vt 0.906387 0.321630
vt 0.905875 0.048121
vt 0.943180 0.000413
vt 0.905753 0.210448
vt 0.000200 0.297453
vt 0.905875 0.062150
vt 0.943180 0.014240
vt 0.000000 0.034093
vt 0.996752 0.000413
vt 0.905753 0.156096
vt 0.000000 0.093759
vt 0.980908 0.014240
vt 0.000200 0.312903
vt 0.000000 0.048121
vt 0.996752 0.014240
vt 0.000200 0.296828
vt 0.000200 0.281378
vt 0.905875 0.062150
vt 0.959024 0.014240
vt 0.906387 0.321630
vt 0.905875 0.000000
vt 0.950422 0.041289
vt 0.000200 0.259595
vt 0.905875 0.012881
vt 0.950422 0.053985
vt 0.906387 0.330358
vt 0.000000 0.121202
vt 0.980908 0.041289
vt 0.906387 0.312903
vt 0.905875 0.089593
vt 0.959024 0.041289
vt 0.000000 0.025761
vt 0.000200 0.219937
vt 0.989510 0.053985
vt 0.000000 0.012881
vt 0.906387 0.321630
vt 0.989510 0.041289
vt 0.905875 0.048121
vt 0.905753 0.210448
vt 0.943180 0.000413
vt 0.905875 0.062150
vt 0.000200 0.297453
vt 0.943180 0.014240
vt 0.000000 0.034093
vt 0.996752 0.000413
vt 0.905753 0.156096
vt 0.000000 0.093759
vt 0.980908 0.014240
vt 0.000200 0.312903
vt 0.000000 0.048121
vt 0.996752 0.014240
vt 0.000200 0.296828
vt 0.905875 0.062150
vt 0.000200 0.281378
vt 0.959024 0.014240
vt 0.906387 0.321630
vt 0.905875 0.000000
vt 0.950422 0.041289
vt 0.000200 0.259595
vt 0.905875 0.012881
vt 0.950422 0.053985
vt 0.000000 0.121202
vt 0.906387 0.330358
vt 0.980908 0.041289
vt 0.906387 0.312903
vt 0.905875 0.089593
vt 0.959024 0.041289
vt 0.000000 0.025761
vt 0.989510 0.053985
vt 0.000200 0.219937
vt 0.000000 0.012881
vt 0.989510 0.041289
vt 0.906387 0.321630
vt 0.943180 0.000413
vt 0.905753 0.210448
vt 0.000200 0.297453
vt 0.943180 0.014240
vt 0.996752 0.000413
vt 0.905753 0.156096
vt 0.980908 0.014240
vt 0.000200 0.312903
vt 0.996752 0.014240
vt 0.000200 0.296828
vt 0.000200 0.281378
vt 0.959024 0.014240
vt 0.906387 0.321630
vt 0.950422 0.041289
vt 0.000200 0.259595
vt 0.950422 0.053985
vt 0.906387 0.330358
vt 0.980908 0.041289
vt 0.906387 0.312903
vt 0.959024 0.041289
vt 0.000200 0.219937
vt 0.989510 0.053985
vt 0.906387 0.321630
vt 0.989510 0.041289
vt 0.905753 0.210448
vt 0.943180 0.000413
vt 0.000200 0.297453
vt 0.943180 0.014240
vt 0.905753 0.156096
vt 0.996752 0.000413
vt 0.980908 0.014240
vt 0.000200 0.312903
vt 0.996752 0.014240
vt 0.000200 0.296828
vt 0.000200 0.281378
vt 0.959024 0.014240
vt 0.906387 0.321630
vt 0.950422 0.041289
vt 0.000200 0.259595
vt 0.950422 0.053985
vt 0.906387 0.330358
vt 0.980908 0.041289
vt 0.906387 0.312903
vt 0.959024 0.041289
vt 0.000200 0.219937
vt 0.989510 0.053985
vt 0.989510 0.041289
vt 0.906387 0.321630
vt 0.980127 0.103062
vt 0.000000 0.089593
vt 0.000512 0.312903
vt 0.949641 0.115757
vt 0.906075 0.219937
vt 0.905875 0.025761
vt 0.949641 0.103062
vt 0.905875 0.012881
vt 0.000512 0.321630
vt 0.958243 0.103062
vt 0.905875 0.121202
vt 0.000512 0.330358
vt 0.988729 0.103062
vt 0.000000 0.000000
vt 0.000512 0.321630
vt 0.988729 0.115757
vt 0.906075 0.259595
vt 0.000000 0.012881
vt 0.942399 0.062186
vt 0.905875 0.034093
vt -0.000122 0.156096
vt 0.995971 0.062186
vt 0.000000 0.048121
vt -0.000122 0.210448
vt 0.995971 0.076013
vt 0.000000 0.062150
vt 0.906075 0.297453
vt 0.980127 0.076013
vt 0.000000 0.062150
vt 0.906075 0.281378
vt 0.958243 0.076013
vt 0.905875 0.093759
vt 0.906075 0.312903
vt 0.942399 0.076013
vt 0.905875 0.048121
vt 0.906075 0.296828
vt 0.905875 0.048121
vt 0.943180 0.000413
vt 0.905753 0.210448
vt 0.905875 0.062150
vt 0.943180 0.014240
vt 0.000200 0.297453
vt 0.980908 0.014240
vt 0.000000 0.093759
vt 0.000200 0.312903
vt 0.959024 0.014240
vt 0.905875 0.062150
vt 0.000200 0.281378
vt 0.996752 0.000413
vt 0.000000 0.034093
vt 0.905753 0.156096
vt 0.996752 0.014240
vt 0.000000 0.048121
vt 0.000200 0.296828
vt 0.959024 0.041289
vt 0.905875 0.089593
vt 0.906387 0.312903
vt 0.980908 0.041289
vt 0.000000 0.121202
vt 0.906387 0.330358
vt 0.989510 0.041289
vt 0.000000 0.012881
vt 0.906387 0.321630
vt 0.989510 0.053985
vt 0.000200 0.219937
vt 0.000000 0.025761
vt 0.950422 0.053985
vt 0.000200 0.259595
vt 0.905875 0.012881
vt 0.950422 0.041289
vt 0.905875 0.000000
vt 0.906387 0.321630
vt 0.949641 0.103062
vt 0.905875 0.012881
vt 0.000512 0.321630
vt 0.949641 0.115757
vt 0.906075 0.219937
vt 0.905875 0.025761
vt 0.980127 0.103062
vt 0.000000 0.089593
vt 0.000512 0.312903
vt 0.958243 0.103062
vt 0.905875 0.121202
vt 0.000512 0.330358
vt 0.988729 0.115757
vt 0.906075 0.259595
vt 0.000000 0.012881
vt 0.988729 0.103062
vt 0.000000 0.000000
vt 0.000512 0.321630
vt 0.995971 0.076013
vt 0.000000 0.062150
vt 0.906075 0.297453
vt 0.995971 0.062186
vt 0.000000 0.048121
vt -0.000122 0.210448
vt 0.958243 0.076013
vt 0.905875 0.093759
vt 0.906075 0.312903
vt 0.980127 0.076013
vt 0.000000 0.062150
vt 0.906075 0.281378
vt 0.942399 0.062186
vt 0.905875 0.034093
vt -0.000122 0.156096
vt 0.942399 0.076013
vt 0.905875 0.048121
vt 0.906075 0.296828
vt 0.905875 0.048121
vt 0.905753 0.210448
vt 0.000200 0.297453
vt 0.905875 0.062150
vt 0.000000 0.034093
vt 0.905753 0.156096
vt 0.000200 0.312903
vt 0.000000 0.093759
vt 0.000000 0.048121
vt 0.000200 0.296828
vt 0.000200 0.281378
vt 0.905875 0.062150
vt 0.906387 0.321630
vt 0.905875 0.000000
vt 0.000200 0.259595
vt 0.905875 0.012881
vt 0.906387 0.330358
vt 0.000000 0.121202
vt 0.906387 0.312903
vt 0.905875 0.089593
vt 0.000200 0.219937
vt 0.000000 0.025761
vt 0.000000 0.012881
vt 0.906387 0.321630
vt 0.999050 0.183297
vt 0.939310 0.183297
vt 0.999050 0.342604
vt 0.939310 0.342604
vt 0.985655 0.132863
vt 0.939310 0.342604
vt 0.999050 0.342604
vt 0.939081 0.132863
vt 0.939310 0.183297
vt 0.999050 0.183297
vt 0.999050 0.183297
vt 0.939310 0.183297
vt 0.999050 0.342604
vt 0.939310 0.342604
vt 0.985655 0.179437
vt 0.999050 0.183297
vt 0.939310 0.183297
vt 0.999050 0.342604
vt 0.939310 0.342604
vt 0.939081 0.179437
vt 0.939310 0.342604
vt 0.999050 0.342604
vt 0.939081 0.132863
vt 0.999050 0.342604
vt 0.939310 0.342604
vt 0.985655 0.132863
vt 0.999050 0.183297
vt 0.939310 0.183297
vt 0.939310 0.183297
vt 0.999050 0.183297
vt 0.999050 0.342604
vt 0.939310 0.342604
vt 0.985655 0.179437
vt 0.999050 0.183297
vt 0.939310 0.183297
vt 0.999050 0.342604
vt 0.939310 0.342604
vt 0.939081 0.179437
vt 0.999050 0.183297
vt 0.939310 0.183297
vt 0.979692 0.781451
vt -0.000781 0.656284
vt 0.998987 0.652658
vt 0.979692 0.844034
vt -0.000781 0.718868
vt 1.000000 0.851064
vt -0.000781 0.844034
vt 0.302823 0.718868
vt 0.000000 0.851064
vt -0.000781 0.781451
vt 0.302823 0.656284
vt 0.001647 0.652658
vt 0.145247 0.656284
vt -0.000781 0.718868
vt 0.998987 0.504118
vt 0.145247 0.718868
vt -0.000781 0.781451
vt 1.000000 1.000000
vt 0.979692 0.718868
vt 0.156795 0.656284
vt 0.001647 0.504118
vt 0.979692 0.781451
vt 0.156795 0.718868
vt 0.000000 1.000000
vt 0.949641 0.103062
vt 0.905875 0.012881
vt 0.000512 0.321630
vt 0.949641 0.115757
vt 0.906075 0.219937
vt 0.905875 0.025761
vt 0.980127 0.103062
vt 0.000000 0.089593
vt 0.000512 0.312903
vt 0.958243 0.103062
vt 0.905875 0.121202
vt 0.000512 0.330358
vt 0.988729 0.115757
vt 0.906075 0.259595
vt 0.000000 0.012881
vt 0.988729 0.103062
vt 0.000000 0.000000
vt 0.000512 0.321630
vt 0.995971 0.076013
vt 0.000000 0.062150
vt 0.906075 0.297453
vt 0.995971 0.062186
vt 0.000000 0.048121
vt -0.000122 0.210448
vt 0.958243 0.076013
vt 0.905875 0.093759
vt 0.906075 0.312903
vt 0.980127 0.076013
vt 0.000000 0.062150
vt 0.906075 0.281378
vt 0.942399 0.062186
vt 0.905875 0.034093
vt -0.000122 0.156096
vt 0.942399 0.076013
vt 0.905875 0.048121
vt 0.906075 0.296828
vt 0.905875 0.048121
vt 0.905753 0.210448
vt 0.905875 0.062150
vt 0.000200 0.297453
vt 0.000000 0.034093
vt 0.905753 0.156096
vt 0.000000 0.093759
vt 0.000200 0.312903
vt 0.000000 0.048121
vt 0.000200 0.296828
vt 0.000200 0.281378
vt 0.905875 0.062150
vt 0.906387 0.321630
vt 0.905875 0.000000
vt 0.000200 0.259595
vt 0.905875 0.012881
vt 0.000000 0.121202
vt 0.906387 0.330358
vt 0.906387 0.312903
vt 0.905875 0.089593
vt 0.000000 0.025761
vt 0.000200 0.219937
vt 0.000000 0.012881
vt 0.906387 0.321630
vt 0.905875 0.048121
vt 0.943180 0.000413
vt 0.905753 0.210448
vt 0.000200 0.297453
vt 0.905875 0.062150
vt 0.943180 0.014240
vt 0.000000 0.034093
vt 0.996752 0.000413
vt 0.905753 0.156096
vt 0.000000 0.093759
vt 0.980908 0.014240
vt 0.000200 0.312903
vt 0.000000 0.048121
vt 0.996752 0.014240
vt 0.000200 0.296828
vt 0.000200 0.281378
vt 0.905875 0.062150
vt 0.959024 0.014240
vt 0.906387 0.321630
vt 0.905875 0.000000
vt 0.950422 0.041289
vt 0.000200 0.259595
vt 0.905875 0.012881
vt 0.950422 0.053985
vt 0.906387 0.330358
vt 0.000000 0.121202
vt 0.980908 0.041289
vt 0.906387 0.312903
vt 0.905875 0.089593
vt 0.959024 0.041289
vt 0.000000 0.025761
vt 0.000200 0.219937
vt 0.989510 0.053985
vt 0.000000 0.012881
vt 0.906387 0.321630
vt 0.989510 0.041289
vt 0.905875 0.048121
vt 0.905753 0.210448
vt 0.943180 0.000413
vt 0.905875 0.062150
vt 0.000200 0.297453
vt 0.943180 0.014240
vt 0.000000 0.034093
vt 0.996752 0.000413
vt 0.905753 0.156096
vt 0.000000 0.093759
vt 0.980908 0.014240
vt 0.000200 0.312903
vt 0.000000 0.048121
vt 0.996752 0.014240
vt 0.000200 0.296828
vt 0.905875 0.062150
vt 0.000200 0.281378
vt 0.959024 0.014240
vt 0.906387 0.321630
vt 0.905875 0.000000
vt 0.950422 0.041289
vt 0.000200 0.259595
vt 0.905875 0.012881
vt 0.950422 0.053985
vt 0.000000 0.121202
vt 0.906387 0.330358
vt 0.980908 0.041289
vt 0.906387 0.312903
vt 0.905875 0.089593
vt 0.959024 0.041289
vt 0.000000 0.025761
vt 0.989510 0.053985
vt 0.000200 0.219937
vt 0.000000 0.012881
vt 0.989510 0.041289
vt 0.906387 0.321630
vt 0.943180 0.000413
vt 0.905753 0.210448
vt 0.000200 0.297453
vt 0.943180 0.014240
vt 0.996752 0.000413
vt 0.905753 0.156096
vt 0.980908 0.014240
vt 0.000200 0.312903
vt 0.996752 0.014240
vt 0.000200 0.296828
vt 0.000200 0.281378
vt 0.959024 0.014240
vt 0.906387 0.321630
vt 0.950422 0.041289
vt 0.000200 0.259595
vt 0.950422 0.053985
vt 0.906387 0.330358
vt 0.980908 0.041289
vt 0.906387 0.312903
vt 0.959024 0.041289
vt 0.000200 0.219937
vt 0.989510 0.053985
vt 0.906387 0.321630
vt 0.989510 0.041289
vt 0.905753 0.210448
vt 0.943180 0.000413
vt 0.000200 0.297453
vt 0.943180 0.014240
vt 0.905753 0.156096
vt 0.996752 0.000413
vt 0.980908 0.014240
vt 0.000200 0.312903
vt 0.996752 0.014240
vt 0.000200 0.296828
vt 0.000200 0.281378
vt 0.959024 0.014240
vt 0.906387 0.321630
vt 0.950422 0.041289
vt 0.000200 0.259595
vt 0.950422 0.053985
vt 0.906387 0.330358
vt 0.980908 0.041289
vt 0.906387 0.312903
vt 0.959024 0.041289
vt 0.000200 0.219937
vt 0.989510 0.053985
vt 0.989510 0.041289
vt 0.906387 0.321630
vt 0.980127 0.103062
vt 0.000000 0.089593
vt 0.000512 0.312903
vt 0.949641 0.115757
vt 0.906075 0.219937
vt 0.905875 0.025761
vt 0.949641 0.103062
vt 0.905875 0.012881
vt 0.000512 0.321630
vt 0.958243 0.103062
vt 0.905875 0.121202
vt 0.000512 0.330358
vt 0.988729 0.103062
vt 0.000000 0.000000
vt 0.000512 0.321630
vt 0.988729 0.115757
vt 0.906075 0.259595
vt 0.000000 0.012881
vt 0.942399 0.062186
vt 0.905875 0.034093
vt -0.000122 0.156096
vt 0.995971 0.062186
vt 0.000000 0.048121
vt -0.000122 0.210448
vt 0.995971 0.076013
vt 0.000000 0.062150
vt 0.906075 0.297453
vt 0.980127 0.076013
vt 0.000000 0.062150
vt 0.906075 0.281378
vt 0.958243 0.076013
vt 0.905875 0.093759
vt 0.906075 0.312903
vt 0.942399 0.076013
vt 0.905875 0.048121
vt 0.906075 0.296828
vt 0.905875 0.048121
vt 0.943180 0.000413
vt 0.905753 0.210448
vt 0.905875 0.062150
vt 0.943180 0.014240
vt 0.000200 0.297453
vt 0.980908 0.014240
vt 0.000000 0.093759
vt 0.000200 0.312903
vt 0.959024 0.014240
vt 0.905875 0.062150
vt 0.000200 0.281378
vt 0.996752 0.000413
vt 0.000000 0.034093
vt 0.905753 0.156096
vt 0.996752 0.014240
vt 0.000000 0.048121
vt 0.000200 0.296828
vt 0.959024 0.041289
vt 0.905875 0.089593
vt 0.906387 0.312903
vt 0.980908 0.041289
vt 0.000000 0.121202
vt 0.906387 0.330358
vt 0.989510 0.041289
vt 0.000000 0.012881
vt 0.906387 0.321630
vt 0.989510 0.053985
vt 0.000200 0.219937
vt 0.000000 0.025761
vt 0.950422 0.053985
vt 0.000200 0.259595
vt 0.905875 0.012881
vt 0.950422 0.041289
vt 0.905875 0.000000
vt 0.906387 0.321630
vt 0.949641 0.103062
vt 0.905875 0.012881
vt 0.000512 0.321630
vt 0.949641 0.115757
vt 0.906075 0.219937
vt 0.905875 0.025761
vt 0.980127 0.103062
vt 0.000000 0.089593
vt 0.000512 0.312903
vt 0.958243 0.103062
vt 0.905875 0.121202
vt 0.000512 0.330358
vt 0.988729 0.115757
vt 0.906075 0.259595
vt 0.000000 0.012881
vt 0.988729 0.103062
vt 0.000000 0.000000
vt 0.000512 0.321630
vt 0.995971 0.076013
vt 0.000000 0.062150
vt 0.906075 0.297453
vt 0.995971 0.062186
vt 0.000000 0.048121
vt -0.000122 0.210448
vt 0.958243 0.076013
vt 0.905875 0.093759
vt 0.906075 0.312903
vt 0.980127 0.076013
vt 0.000000 0.062150
vt 0.906075 0.281378
vt 0.942399 0.062186
vt 0.905875 0.034093
vt -0.000122 0.156096
vt 0.942399 0.076013
vt 0.905875 0.048121
vt 0.906075 0.296828
vt 0.905875 0.048121
vt 0.905753 0.210448
vt 0.000200 0.297453
vt 0.905875 0.062150
vt 0.000000 0.034093
vt 0.905753 0.156096
vt 0.000200 0.312903
vt 0.000000 0.093759
vt 0.000000 0.048121
vt 0.000200 0.296828
vt 0.000200 0.281378
vt 0.905875 0.062150
vt 0.906387 0.321630
vt 0.905875 0.000000
vt 0.000200 0.259595
vt 0.905875 0.012881
vt 0.906387 0.330358
vt 0.000000 0.121202
vt 0.906387 0.312903
vt 0.905875 0.089593
vt 0.000200 0.219937
vt 0.000000 0.025761
vt 0.000000 0.012881
vt 0.906387 0.321630
vt 0.999050 0.183297
vt 0.939310 0.183297
vt 0.999050 0.342604
vt 0.939310 0.342604
vt 0.985655 0.132863
vt 0.939310 0.342604
vt 0.999050 0.342604
vt 0.939081 0.132863
vt 0.939310 0.183297
vt 0.999050 0.183297
vt 0.999050 0.183297
vt 0.939310 0.183297
vt 0.999050 0.342604
vt 0.939310 0.342604
vt 0.985655 0.179437
vt 0.999050 0.183297
vt 0.939310 0.183297
vt 0.999050 0.342604
vt 0.939310 0.342604
vt 0.939081 0.179437
vt 0.939310 0.342604
vt 0.999050 0.342604
vt 0.939081 0.132863
vt 0.999050 0.342604
vt 0.939310 0.342604
vt 0.985655 0.132863
vt 0.999050 0.183297
vt 0.939310 0.183297
vt 0.939310 0.183297
vt 0.999050 0.183297
vt 0.999050 0.342604
vt 0.939310 0.342604
vt 0.985655 0.179437
vt 0.999050 0.183297
vt 0.939310 0.183297
vt 0.999050 0.342604
vt 0.939310 0.342604
vt 0.939081 0.179437
vt 0.999050 0.183297
vt 0.939310 0.183297
vt 0.979692 0.781451
vt -0.000781 0.656284
vt 0.998987 0.652658
vt 0.979692 0.844034
vt -0.000781 0.718868
vt 1.000000 0.851064
vt -0.000781 0.844034
vt 0.302823 0.718868
vt 0.000000 0.851064
vt -0.000781 0.781451
vt 0.302823 0.656284
vt 0.001647 0.652658
vt 0.145247 0.656284
vt -0.000781 0.718868
vt 0.998987 0.504118
vt 0.145247 0.718868
vt -0.000781 0.781451
vt 1.000000 1.000000
vt 0.979692 0.718868
vt 0.156795 0.656284
vt 0.001647 0.504118
vt 0.979692 0.781451
vt 0.156795 0.718868
vt 0.000000 1.000000
vt 0.949641 0.103062
vt 0.905875 0.012881
vt 0.000512 0.321630
vt 0.949641 0.115757
vt 0.906075 0.219937
vt 0.905875 0.025761
vt 0.980127 0.103062
vt 0.000000 0.089593
vt 0.000512 0.312903
vt 0.958243 0.103062
vt 0.905875 0.121202
vt 0.000512 0.330358
vt 0.988729 0.115757
vt 0.906075 0.259595
vt 0.000000 0.012881
vt 0.988729 0.103062
vt 0.000000 0.000000
vt 0.000512 0.321630
vt 0.995971 0.076013
vt 0.000000 0.062150
vt 0.906075 0.297453
vt 0.995971 0.062186
vt 0.000000 0.048121
vt -0.000122 0.210448
vt 0.958243 0.076013
vt 0.905875 0.093759
vt 0.906075 0.312903
vt 0.980127 0.076013
vt 0.000000 0.062150
vt 0.906075 0.281378
vt 0.942399 0.062186
vt 0.905875 0.034093
vt -0.000122 0.156096
vt 0.942399 0.076013
vt 0.905875 0.048121
vt 0.906075 0.296828
vt 0.905875 0.048121
vt 0.905753 0.210448
vt 0.905875 0.062150
vt 0.000200 0.297453
vt 0.000000 0.034093
vt 0.905753 0.156096
vt 0.000000 0.093759
vt 0.000200 0.312903
vt 0.000000 0.048121
vt 0.000200 0.296828
vt 0.000200 0.281378
vt 0.905875 0.062150
vt 0.906387 0.321630
vt 0.905875 0.000000
vt 0.000200 0.259595
vt 0.905875 0.012881
vt 0.000000 0.121202
vt 0.906387 0.330358
vt 0.906387 0.312903
vt 0.905875 0.089593
vt 0.000000 0.025761
vt 0.000200 0.219937
vt 0.000000 0.012881
vt 0.906387 0.321630
vt 0.905875 0.048121
vt 0.943180 0.000413
vt 0.905753 0.210448
vt 0.000200 0.297453
vt 0.905875 0.062150
vt 0.943180 0.014240
vt 0.000000 0.034093
vt 0.996752 0.000413
vt 0.905753 0.156096
vt 0.000000 0.093759
vt 0.980908 0.014240
vt 0.000200 0.312903
vt 0.000000 0.048121
vt 0.996752 0.014240
vt 0.000200 0.296828
vt 0.000200 0.281378
vt 0.905875 0.062150
vt 0.959024 0.014240
vt 0.906387 0.321630
vt 0.905875 0.000000
vt 0.950422 0.041289
vt 0.000200 0.259595
vt 0.905875 0.012881
vt 0.950422 0.053985
vt 0.906387 0.330358
vt 0.000000 0.121202
vt 0.980908 0.041289
vt 0.906387 0.312903
vt 0.905875 0.089593
vt 0.959024 0.041289
vt 0.000000 0.025761
vt 0.000200 0.219937
vt 0.989510 0.053985
vt 0.000000 0.012881
vt 0.906387 0.321630
vt 0.989510 0.041289
vt 0.905875 0.048121
vt 0.905753 0.210448
vt 0.943180 0.000413
vt 0.905875 0.062150
vt 0.000200 0.297453
vt 0.943180 0.014240
vt 0.000000 0.034093
vt 0.996752 0.000413
vt 0.905753 0.156096
vt 0.000000 0.093759
vt 0.980908 0.014240
vt 0.000200 0.312903
vt 0.000000 0.048121
vt 0.996752 0.014240
vt 0.000200 0.296828
vt 0.905875 0.062150
vt 0.000200 0.281378
vt 0.959024 0.014240
vt 0.906387 0.321630
vt 0.905875 0.000000
vt 0.950422 0.041289
vt 0.000200 0.259595
vt 0.905875 0.012881
vt 0.950422 0.053985
vt 0.000000 0.121202
vt 0.906387 0.330358
vt 0.980908 0.041289
vt 0.906387 0.312903
vt 0.905875 0.089593
vt 0.959024 0.041289
vt 0.000000 0.025761
vt 0.989510 0.053985
vt 0.000200 0.219937
vt 0.000000 0.012881
vt 0.989510 0.041289
vt 0.906387 0.321630
vt 0.943180 0.000413
vt 0.905753 0.210448
vt 0.000200 0.297453
vt 0.943180 0.014240
vt 0.996752 0.000413
vt 0.905753 0.156096
vt 0.980908 0.014240
vt 0.000200 0.312903
vt 0.996752 0.014240
vt 0.000200 0.296828
vt 0.000200 0.281378
vt 0.959024 0.014240
vt 0.906387 0.321630
vt 0.950422 0.041289
vt 0.000200 0.259595
vt 0.950422 0.053985
vt 0.906387 0.330358
vt 0.980908 0.041289
vt 0.906387 0.312903
vt 0.959024 0.041289
vt 0.000200 0.219937
vt 0.989510 0.053985
vt 0.906387 0.321630
vt 0.989510 0.041289
vt 0.905753 0.210448
vt 0.943180 0.000413
vt 0.000200 0.297453
vt 0.943180 0.014240
vt 0.905753 0.156096
vt 0.996752 0.000413
vt 0.980908 0.014240
vt 0.000200 0.312903
vt 0.996752 0.014240
vt 0.000200 0.296828
vt 0.000200 0.281378
vt 0.959024 0.014240
vt 0.906387 0.321630
vt 0.950422 0.041289
vt 0.000200 0.259595
vt 0.950422 0.053985
vt 0.906387 0.330358
vt 0.980908 0.041289
vt 0.906387 0.312903
vt 0.959024 0.041289
vt 0.000200 0.219937
vt 0.989510 0.053985
vt 0.989510 0.041289
vt 0.906387 0.321630
vt 0.980127 0.103062
vt 0.000000 0.089593
vt 0.000512 0.312903
vt 0.949641 0.115757
vt 0.906075 0.219937
vt 0.905875 0.025761
vt 0.949641 0.103062
vt 0.905875 0.012881
vt 0.000512 0.321630
vt 0.958243 0.103062
vt 0.905875 0.121202
vt 0.000512 0.330358
vt 0.988729 0.103062
vt 0.000000 0.000000
vt 0.000512 0.321630
vt 0.988729 0.115757
vt 0.906075 0.259595
vt 0.000000 0.012881
vt 0.942399 0.062186
vt 0.905875 0.034093
vt -0.000122 0.156096
vt 0.995971 0.062186
vt 0.000000 0.048121
vt -0.000122 0.210448
vt 0.995971 0.076013
vt 0.000000 0.062150
vt 0.906075 0.297453
vt 0.980127 0.076013
vt 0.000000 0.062150
vt 0.906075 0.281378
vt 0.958243 0.076013
vt 0.905875 0.093759
vt 0.906075 0.312903
vt 0.942399 0.076013
vt 0.905875 0.048121
vt 0.906075 0.296828
vt 0.905875 0.048121
vt 0.943180 0.000413
vt 0.905753 0.210448
vt 0.905875 0.062150
vt 0.943180 0.014240
vt 0.000200 0.297453
vt 0.980908 0.014240
vt 0.000000 0.093759
vt 0.000200 0.312903
vt 0.959024 0.014240
vt 0.905875 0.062150
vt 0.000200 0.281378
vt 0.996752 0.000413
vt 0.000000 0.034093
vt 0.905753 0.156096
vt 0.996752 0.014240
vt 0.000000 0.048121
vt 0.000200 0.296828
vt 0.959024 0.041289
vt 0.905875 0.089593
vt 0.906387 0.312903
vt 0.980908 0.041289
vt 0.000000 0.121202
vt 0.906387 0.330358
vt 0.989510 0.041289
vt 0.000000 0.012881
vt 0.906387 0.321630
vt 0.989510 0.053985
vt 0.000200 0.219937
vt 0.000000 0.025761
vt 0.950422 0.053985
vt 0.000200 0.259595
vt 0.905875 0.012881
vt 0.950422 0.041289
vt 0.905875 0.000000
vt 0.906387 0.321630
vt 0.949641 0.103062
vt 0.905875 0.012881
vt 0.000512 0.321630
vt 0.949641 0.115757
vt 0.906075 0.219937
vt 0.905875 0.025761
vt 0.980127 0.103062
vt 0.000000 0.089593
vt 0.000512 0.312903
vt 0.958243 0.103062
vt 0.905875 0.121202
vt 0.000512 0.330358
vt 0.988729 0.115757
vt 0.906075 0.259595
vt 0.000000 0.012881
vt 0.988729 0.103062
vt 0.000000 0.000000
vt 0.000512 0.321630
vt 0.995971 0.076013
vt 0.000000 0.062150
vt 0.906075 0.297453
vt 0.995971 0.062186
vt 0.000000 0.048121
vt -0.000122 0.210448
vt 0.958243 0.076013
vt 0.905875 0.093759
vt 0.906075 0.312903
vt 0.980127 0.076013
vt 0.000000 0.062150
vt 0.906075 0.281378
vt 0.942399 0.062186
vt 0.905875 0.034093
vt -0.000122 0.156096
vt 0.942399 0.076013
vt 0.905875 0.048121
vt 0.906075 0.296828
vt 0.905875 0.048121
vt 0.905753 0.210448
vt 0.000200 0.297453
vt 0.905875 0.062150
vt 0.000000 0.034093
vt 0.905753 0.156096
vt 0.000200 0.312903
vt 0.000000 0.093759
vt 0.000000 0.048121
vt 0.000200 0.296828
vt 0.000200 0.281378
vt 0.905875 0.062150
vt 0.906387 0.321630
vt 0.905875 0.000000
vt 0.000200 0.259595
vt 0.905875 0.012881
vt 0.906387 0.330358
vt 0.000000 0.121202
vt 0.906387 0.312903
vt 0.905875 0.089593
vt 0.000200 0.219937
vt 0.000000 0.025761
vt 0.000000 0.012881
vt 0.906387 0.321630
vt 0.999050 0.183297
vt 0.939310 0.183297
vt 0.999050 0.342604
vt 0.939310 0.342604
vt 0.985655 0.132863
vt 0.939310 0.342604
vt 0.999050 0.342604
vt 0.939081 0.132863
vt 0.939310 0.183297
vt 0.999050 0.183297
vt 0.999050 0.183297
vt 0.939310 0.183297
vt 0.999050 0.342604
vt 0.939310 0.342604
vt 0.985655 0.179437
vt 0.999050 0.183297
vt 0.939310 0.183297
vt 0.999050 0.342604
vt 0.939310 0.342604
vt 0.939081 0.179437
vt 0.939310 0.342604
vt 0.999050 0.342604
vt 0.939081 0.132863
vt 0.999050 0.342604
vt 0.939310 0.342604
vt 0.985655 0.132863
vt 0.999050 0.183297
vt 0.939310 0.183297
vt 0.939310 0.183297
vt 0.999050 0.183297
vt 0.999050 0.342604
vt 0.939310 0.342604
vt 0.985655 0.179437
vt 0.999050 0.183297
vt 0.939310 0.183297
vt 0.999050 0.342604
vt 0.939310 0.342604
vt 0.939081 0.179437
vt 0.999050 0.183297
vt 0.939310 0.183297
vt 0.979692 0.781451
vt -0.000781 0.656284
vt 0.998987 0.652658
vt 0.979692 0.844034
vt -0.000781 0.718868
vt 1.000000 0.851064
vt -0.000781 0.844034
vt 0.302823 0.718868
vt 0.000000 0.851064
vt -0.000781 0.781451
vt 0.302823 0.656284
vt 0.001647 0.652658
vt 0.145247 0.656284
vt -0.000781 0.718868
vt 0.998987 0.504118
vt 0.145247 0.718868
vt -0.000781 0.781451
vt 1.000000 1.000000
vt 0.979692 0.718868
vt 0.156795 0.656284
vt 0.001647 0.504118
vt 0.979692 0.781451
vt 0.156795 0.718868
vt 0.000000 1.000000
vt 0.949641 0.103062
vt 0.905875 0.012881
vt 0.000512 0.321630
vt 0.949641 0.115757
vt 0.906075 0.219937
vt 0.905875 0.025761
vt 0.980127 0.103062
vt 0.000000 0.089593
vt 0.000512 0.312903
vt 0.958243 0.103062
vt 0.905875 0.121202
vt 0.000512 0.330358
vt 0.988729 0.115757
vt 0.906075 0.259595
vt 0.000000 0.012881
vt 0.988729 0.103062
vt 0.000000 0.000000
vt 0.000512 0.321630
vt 0.995971 0.076013
vt 0.000000 0.062150
vt 0.906075 0.297453
vt 0.995971 0.062186
vt 0.000000 0.048121
vt -0.000122 0.210448
vt 0.958243 0.076013
vt 0.905875 0.093759
vt 0.906075 0.312903
vt 0.980127 0.076013
vt 0.000000 0.062150
vt 0.906075 0.281378
vt 0.942399 0.062186
vt 0.905875 0.034093
vt -0.000122 0.156096
vt 0.942399 0.076013
vt 0.905875 0.048121
vt 0.906075 0.296828
vt 0.905875 0.048121
vt 0.905753 0.210448
vt 0.905875 0.062150
vt 0.000200 0.297453
vt 0.000000 0.034093
vt 0.905753 0.156096
vt 0.000000 0.093759
vt 0.000200 0.312903
vt 0.000000 0.048121
vt 0.000200 0.296828
vt 0.000200 0.281378
vt 0.905875 0.062150
vt 0.906387 0.321630
vt 0.905875 0.000000
vt 0.000200 0.259595
vt 0.905875 0.012881
vt 0.000000 0.121202
vt 0.906387 0.330358
vt 0.906387 0.312903
vt 0.905875 0.089593
vt 0.000000 0.025761
vt 0.000200 0.219937
vt 0.000000 0.012881
vt 0.906387 0.321630
vt 0.905875 0.048121
vt 0.943180 0.000413
vt 0.905753 0.210448
vt 0.000200 0.297453
vt 0.905875 0.062150
vt 0.943180 0.014240
vt 0.000000 0.034093
vt 0.996752 0.000413
vt 0.905753 0.156096
vt 0.000000 0.093759
vt 0.980908 0.014240
vt 0.000200 0.312903
vt 0.000000 0.048121
vt 0.996752 0.014240
vt 0.000200 0.296828
vt 0.000200 0.281378
vt 0.905875 0.062150
vt 0.959024 0.014240
vt 0.906387 0.321630
vt 0.905875 0.000000
vt 0.950422 0.041289
vt 0.000200 0.259595
vt 0.905875 0.012881
vt 0.950422 0.053985
vt 0.906387 0.330358
vt 0.000000 0.121202
vt 0.980908 0.041289
vt 0.906387 0.312903
vt 0.905875 0.089593
vt 0.959024 0.041289
vt 0.000000 0.025761
vt 0.000200 0.219937
vt 0.989510 0.053985
vt 0.000000 0.012881
vt 0.906387 0.321630
vt 0.989510 0.041289
vt 0.905875 0.048121
vt 0.905753 0.210448
vt 0.943180 0.000413
vt 0.905875 0.062150
vt 0.000200 0.297453
vt 0.943180 0.014240
vt 0.000000 0.034093
vt 0.996752 0.000413
vt 0.905753 0.156096
vt 0.000000 0.093759
vt 0.980908 0.014240
vt 0.000200 0.312903
vt 0.000000 0.048121
vt 0.996752 0.014240
vt 0.000200 0.296828
vt 0.905875 0.062150
vt 0.000200 0.281378
vt 0.959024 0.014240
vt 0.906387 0.321630
vt 0.905875 0.000000
vt 0.950422 0.041289
vt 0.000200 0.259595
vt 0.905875 0.012881
vt 0.950422 0.053985
vt 0.000000 0.121202
vt 0.906387 0.330358
vt 0.980908 0.041289
vt 0.906387 0.312903
vt 0.905875 0.089593
vt 0.959024 0.041289
vt 0.000000 0.025761
vt 0.989510 0.053985
vt 0.000200 0.219937
vt 0.000000 0.012881
vt 0.989510 0.041289
vt 0.906387 0.321630
vt 0.943180 0.000413
vt 0.905753 0.210448
vt 0.000200 0.297453
vt 0.943180 0.014240
vt 0.996752 0.000413
vt 0.905753 0.156096
vt 0.980908 0.014240
vt 0.000200 0.312903
vt 0.996752 0.014240
vt 0.000200 0.296828
vt 0.000200 0.281378
vt 0.959024 0.014240
vt 0.906387 0.321630
vt 0.950422 0.041289
vt 0.000200 0.259595
vt 0.950422 0.053985
vt 0.906387 0.330358
vt 0.980908 0.041289
vt 0.906387 0.312903
vt 0.959024 0.041289
vt 0.000200 0.219937
vt 0.989510 0.053985
vt 0.906387 0.321630
vt 0.989510 0.041289
vt 0.905753 0.210448
vt 0.943180 0.000413
vt 0.000200 0.297453
vt 0.943180 0.014240
vt 0.905753 0.156096
vt 0.996752 0.000413
vt 0.980908 0.014240
vt 0.000200 0.312903
vt 0.996752 0.014240
vt 0.000200 0.296828
vt 0.000200 0.281378
vt 0.959024 0.014240
vt 0.906387 0.321630
vt 0.950422 0.041289
vt 0.000200 0.259595
vt 0.950422 0.053985
vt 0.906387 0.330358
vt 0.980908 0.041289
vt 0.906387 0.312903
vt 0.959024 0.041289
vt 0.000200 0.219937
vt 0.989510 0.053985
vt 0.989510 0.041289
vt 0.906387 0.321630
vt 0.980127 0.103062
vt 0.000000 0.089593
vt 0.000512 0.312903
vt 0.949641 0.115757
vt 0.906075 0.219937
vt 0.905875 0.025761
vt 0.949641 0.103062
vt 0.905875 0.012881
vt 0.000512 0.321630
vt 0.958243 0.103062
vt 0.905875 0.121202
vt 0.000512 0.330358
vt 0.988729 0.103062
vt 0.000000 0.000000
vt 0.000512 0.321630
vt 0.988729 0.115757
vt 0.906075 0.259595
vt 0.000000 0.012881
vt 0.942399 0.062186
vt 0.905875 0.034093
vt -0.000122 0.156096
vt 0.995971 0.062186
vt 0.000000 0.048121
vt -0.000122 0.210448
vt 0.995971 0.076013
vt 0.000000 0.062150
vt 0.906075 0.297453
vt 0.980127 0.076013
vt 0.000000 0.062150
vt 0.906075 0.281378
vt 0.958243 0.076013
vt 0.905875 0.093759
vt 0.906075 0.312903
vt 0.942399 0.076013
vt 0.905875 0.048121
vt 0.906075 0.296828
vt 0.905875 0.048121
vt 0.943180 0.000413
vt 0.905753 0.210448
vt 0.905875 0.062150
vt 0.943180 0.014240
vt 0.000200 0.297453
vt 0.980908 0.014240
vt 0.000000 0.093759
vt 0.000200 0.312903
vt 0.959024 0.014240
vt 0.905875 0.062150
vt 0.000200 0.281378
vt 0.996752 0.000413
vt 0.000000 0.034093
vt 0.905753 0.156096
vt 0.996752 0.014240
vt 0.000000 0.048121
vt 0.000200 0.296828
vt 0.959024 0.041289
vt 0.905875 0.089593
vt 0.906387 0.312903
vt 0.980908 0.041289
vt 0.000000 0.121202
vt 0.906387 0.330358
vt 0.989510 0.041289
vt 0.000000 0.012881
vt 0.906387 0.321630
vt 0.989510 0.053985
vt 0.000200 0.219937
vt 0.000000 0.025761
vt 0.950422 0.053985
vt 0.000200 0.259595
vt 0.905875 0.012881
vt 0.950422 0.041289
vt 0.905875 0.000000
vt 0.906387 0.321630
vt 0.949641 0.103062
vt 0.905875 0.012881
vt 0.000512 0.321630
vt 0.949641 0.115757
vt 0.906075 0.219937
vt 0.905875 0.025761
vt 0.980127 0.103062
vt 0.000000 0.089593
vt 0.000512 0.312903
vt 0.958243 0.103062
vt 0.905875 0.121202
vt 0.000512 0.330358
vt 0.988729 0.115757
vt 0.906075 0.259595
vt 0.000000 0.012881
vt 0.988729 0.103062
vt 0.000000 0.000000
vt 0.000512 0.321630
vt 0.995971 0.076013
vt 0.000000 0.062150
vt 0.906075 0.297453
vt 0.995971 0.062186
vt 0.000000 0.048121
vt -0.000122 0.210448
vt 0.958243 0.076013
vt 0.905875 0.093759
vt 0.906075 0.312903
vt 0.980127 0.076013
vt 0.000000 0.062150
vt 0.906075 0.281378
vt 0.942399 0.062186
vt 0.905875 0.034093
vt -0.000122 0.156096
vt 0.942399 0.076013
vt 0.905875 0.048121
vt 0.906075 0.296828
vt 0.905875 0.048121
vt 0.905753 0.210448
vt 0.000200 0.297453
vt 0.905875 0.062150
vt 0.000000 0.034093
vt 0.905753 0.156096
vt 0.000200 0.312903
vt 0.000000 0.093759
vt 0.000000 0.048121
vt 0.000200 0.296828
vt 0.000200 0.281378
vt 0.905875 0.062150
vt 0.906387 0.321630
vt 0.905875 0.000000
vt 0.000200 0.259595
vt 0.905875 0.012881
vt 0.906387 0.330358
vt 0.000000 0.121202
vt 0.906387 0.312903
vt 0.905875 0.089593
vt 0.000200 0.219937
vt 0.000000 0.025761
vt 0.000000 0.012881
vt 0.906387 0.321630
vt 0.999050 0.183297
vt 0.939310 0.183297
vt 0.999050 0.342604
vt 0.939310 0.342604
vt 0.985655 0.132863
vt 0.939310 0.342604
vt 0.999050 0.342604
vt 0.939081 0.132863
vt 0.939310 0.183297
vt 0.999050 0.183297
vt 0.999050 0.183297
vt 0.939310 0.183297
vt 0.999050 0.342604
vt 0.939310 0.342604
vt 0.985655 0.179437
vt 0.999050 0.183297
vt 0.939310 0.183297
vt 0.999050 0.342604
vt 0.939310 0.342604
vt 0.939081 0.179437
vt 0.939310 0.342604
vt 0.999050 0.342604
vt 0.939081 0.132863
vt 0.999050 0.342604
vt 0.939310 0.342604
vt 0.985655 0.132863
vt 0.999050 0.183297
vt 0.939310 0.183297
vt 0.939310 0.183297
vt 0.999050 0.183297
vt 0.999050 0.342604
vt 0.939310 0.342604
vt 0.985655 0.179437
vt 0.999050 0.183297
vt 0.939310 0.183297
vt 0.999050 0.342604
vt 0.939310 0.342604
vt 0.939081 0.179437
vt 0.999050 0.183297
vt 0.939310 0.183297
vt 0.979692 0.781451
vt -0.000781 0.656284
vt 0.998987 0.652658
vt 0.979692 0.844034
vt -0.000781 0.718868
vt 1.000000 0.851064
vt -0.000781 0.844034
vt 0.302823 0.718868
vt 0.000000 0.851064
vt -0.000781 0.781451
vt 0.302823 0.656284
vt 0.001647 0.652658
vt 0.145247 0.656284
vt -0.000781 0.718868
vt 0.998987 0.504118
vt 0.145247 0.718868
vt -0.000781 0.781451
vt 1.000000 1.000000
vt 0.979692 0.718868
vt 0.156795 0.656284
vt 0.001647 0.504118
vt 0.979692 0.781451
vt 0.156795 0.718868
vt 0.000000 1.000000
vt 0.949641 0.103062
vt 0.905875 0.012881
vt 0.000512 0.321630
vt 0.949641 0.115757
vt 0.906075 0.219937
vt 0.905875 0.025761
vt 0.980127 0.103062
vt 0.000000 0.089593
vt 0.000512 0.312903
vt 0.958243 0.103062
vt 0.905875 0.121202
vt 0.000512 0.330358
vt 0.988729 0.115757
vt 0.906075 0.259595
vt 0.000000 0.012881
vt 0.988729 0.103062
vt 0.000000 0.000000
vt 0.000512 0.321630
vt 0.995971 0.076013
vt 0.000000 0.062150
vt 0.906075 0.297453
vt 0.995971 0.062186
vt 0.000000 0.048121
vt -0.000122 0.210448
vt 0.958243 0.076013
vt 0.905875 0.093759
vt 0.906075 0.312903
vt 0.980127 0.076013
vt 0.000000 0.062150
vt 0.906075 0.281378
vt 0.942399 0.062186
vt 0.905875 0.034093
vt -0.000122 0.156096
vt 0.942399 0.076013
vt 0.905875 0.048121
vt 0.906075 0.296828
vt 0.905875 0.048121
vt 0.905753 0.210448
vt 0.905875 0.062150
vt 0.000200 0.297453
vt 0.000000 0.034093
vt 0.905753 0.156096
vt 0.000000 0.093759
vt 0.000200 0.312903
vt 0.000000 0.048121
vt 0.000200 0.296828
vt 0.000200 0.281378
vt 0.905875 0.062150
vt 0.906387 0.321630
vt 0.905875 0.000000
vt 0.000200 0.259595
vt 0.905875 0.012881
vt 0.000000 0.121202
vt 0.906387 0.330358
vt 0.906387 0.312903
vt 0.905875 0.089593
vt 0.000000 0.025761
vt 0.000200 0.219937
vt 0.000000 0.012881
vt 0.906387 0.321630
vt 0.905875 0.048121
vt 0.943180 0.000413
vt 0.905753 0.210448
vt 0.000200 0.297453
vt 0.905875 0.062150
vt 0.943180 0.014240
vt 0.000000 0.034093
vt 0.996752 0.000413
vt 0.905753 0.156096
vt 0.000000 0.093759
vt 0.980908 0.014240
vt 0.000200 0.312903
vt 0.000000 0.048121
vt 0.996752 0.014240
vt 0.000200 0.296828
vt 0.000200 0.281378
vt 0.905875 0.062150
vt 0.959024 0.014240
vt 0.906387 0.321630
vt 0.905875 0.000000
vt 0.950422 0.041289
vt 0.000200 0.259595
vt 0.905875 0.012881
vt 0.950422 0.053985
vt 0.906387 0.330358
vt 0.000000 0.121202
vt 0.980908 0.041289
vt 0.906387 0.312903
vt 0.905875 0.089593
vt 0.959024 0.041289
vt 0.000000 0.025761
vt 0.000200 0.219937
vt 0.989510 0.053985
vt 0.000000 0.012881
vt 0.906387 0.321630
vt 0.989510 0.041289
vt 0.905875 0.048121
vt 0.905753 0.210448
vt 0.943180 0.000413
vt 0.905875 0.062150
vt 0.000200 0.297453
vt 0.943180 0.014240
vt 0.000000 0.034093
vt 0.996752 0.000413
vt 0.905753 0.156096
vt 0.000000 0.093759
vt 0.980908 0.014240
vt 0.000200 0.312903
vt 0.000000 0.048121
vt 0.996752 0.014240
vt 0.000200 0.296828
vt 0.905875 0.062150
vt 0.000200 0.281378
vt 0.959024 0.014240
vt 0.906387 0.321630
vt 0.905875 0.000000
vt 0.950422 0.041289
vt 0.000200 0.259595
vt 0.905875 0.012881
vt 0.950422 0.053985
vt 0.000000 0.121202
vt 0.906387 0.330358
vt 0.980908 0.041289
vt 0.906387 0.312903
vt 0.905875 0.089593
vt 0.959024 0.041289
vt 0.000000 0.025761
vt 0.989510 0.053985
vt 0.000200 0.219937
vt 0.000000 0.012881
vt 0.989510 0.041289
vt 0.906387 0.321630
vt 0.943180 0.000413
vt 0.905753 0.210448
vt 0.000200 0.297453
vt 0.943180 0.014240
vt 0.996752 0.000413
vt 0.905753 0.156096
vt 0.980908 0.014240
vt 0.000200 0.312903
vt 0.996752 0.014240
vt 0.000200 0.296828
vt 0.000200 0.281378
vt 0.959024 0.014240
vt 0.906387 0.321630
vt 0.950422 0.041289
vt 0.000200 0.259595
vt 0.950422 0.053985
vt 0.906387 0.330358
vt 0.980908 0.041289
vt 0.906387 0.312903
vt 0.959024 0.041289
vt 0.000200 0.219937
vt 0.989510 0.053985
vt 0.906387 0.321630
vt 0.989510 0.041289
vt 0.905753 0.210448
vt 0.943180 0.000413
vt 0.000200 0.297453
vt 0.943180 0.014240
vt 0.905753 0.156096
vt 0.996752 0.000413
vt 0.980908 0.014240
vt 0.000200 0.312903
vt 0.996752 0.014240
vt 0.000200 0.296828
vt 0.000200 0.281378
vt 0.959024 0.014240
vt 0.906387 0.321630
vt 0.950422 0.041289
vt 0.000200 0.259595
vt 0.950422 0.053985
vt 0.906387 0.330358
vt 0.980908 0.041289
vt 0.906387 0.312903
vt 0.959024 0.041289
vt 0.000200 0.219937
vt 0.989510 0.053985
vt 0.989510 0.041289
vt 0.906387 0.321630
vt 0.980127 0.103062
vt 0.000000 0.089593
vt 0.000512 0.312903
vt 0.949641 0.115757
vt 0.906075 0.219937
vt 0.905875 0.025761
vt 0.949641 0.103062
vt 0.905875 0.012881
vt 0.000512 0.321630
vt 0.958243 0.103062
vt 0.905875 0.121202
vt 0.000512 0.330358
vt 0.988729 0.103062
vt 0.000000 0.000000
vt 0.000512 0.321630
vt 0.988729 0.115757
vt 0.906075 0.259595
vt 0.000000 0.012881
vt 0.942399 0.062186
vt 0.905875 0.034093
vt -0.000122 0.156096
vt 0.995971 0.062186
vt 0.000000 0.048121
vt -0.000122 0.210448
vt 0.995971 0.076013
vt 0.000000 0.062150
vt 0.906075 0.297453
vt 0.980127 0.076013
vt 0.000000 0.062150
vt 0.906075 0.281378
vt 0.958243 0.076013
vt 0.905875 0.093759
vt 0.906075 0.312903
vt 0.942399 0.076013
vt 0.905875 0.048121
vt 0.906075 0.296828
vt 0.905875 0.048121
vt 0.943180 0.000413
vt 0.905753 0.210448
vt 0.905875 0.062150
vt 0.943180 0.014240
vt 0.000200 0.297453
vt 0.980908 0.014240
vt 0.000000 0.093759
vt 0.000200 0.312903
vt 0.959024 0.014240
vt 0.905875 0.062150
vt 0.000200 0.281378
vt 0.996752 0.000413
vt 0.000000 0.034093
vt 0.905753 0.156096
vt 0.996752 0.014240
vt 0.000000 0.048121
vt 0.000200 0.296828
vt 0.959024 0.041289
vt 0.905875 0.089593
vt 0.906387 0.312903
vt 0.980908 0.041289
vt 0.000000 0.121202
vt 0.906387 0.330358
vt 0.989510 0.041289
vt 0.000000 0.012881
vt 0.906387 0.321630
vt 0.989510 0.053985
vt 0.000200 0.219937
vt 0.000000 0.025761
vt 0.950422 0.053985
vt 0.000200 0.259595
vt 0.905875 0.012881
vt 0.950422 0.041289
vt 0.905875 0.000000
vt 0.906387 0.321630
vt 0.949641 0.103062
vt 0.905875 0.012881
vt 0.000512 0.321630
vt 0.949641 0.115757
vt 0.906075 0.219937
vt 0.905875 0.025761
vt 0.980127 0.103062
vt 0.000000 0.089593
vt 0.000512 0.312903
vt 0.958243 0.103062
vt 0.905875 0.121202
vt 0.000512 0.330358
vt 0.988729 0.115757
vt 0.906075 0.259595
vt 0.000000 0.012881
vt 0.988729 0.103062
vt 0.000000 0.000000
vt 0.000512 0.321630
vt 0.995971 0.076013
vt 0.000000 0.062150
vt 0.906075 0.297453
vt 0.995971 0.062186
vt 0.000000 0.048121
vt -0.000122 0.210448
vt 0.958243 0.076013
vt 0.905875 0.093759
vt 0.906075 0.312903
vt 0.980127 0.076013
vt 0.000000 0.062150
vt 0.906075 0.281378
vt 0.942399 0.062186
vt 0.905875 0.034093
vt -0.000122 0.156096
vt 0.942399 0.076013
vt 0.905875 0.048121
vt 0.906075 0.296828
vt 0.905875 0.048121
vt 0.905753 0.210448
vt 0.000200 0.297453
vt 0.905875 0.062150
vt 0.000000 0.034093
vt 0.905753 0.156096
vt 0.000200 0.312903
vt 0.000000 0.093759
vt 0.000000 0.048121
vt 0.000200 0.296828
vt 0.000200 0.281378
vt 0.905875 0.062150
vt 0.906387 0.321630
vt 0.905875 0.000000
vt 0.000200 0.259595
vt 0.905875 0.012881
vt 0.906387 0.330358
vt 0.000000 0.121202
vt 0.906387 0.312903
vt 0.905875 0.089593
vt 0.000200 0.219937
vt 0.000000 0.025761
vt 0.000000 0.012881
vt 0.906387 0.321630
vt 0.999050 0.183297
vt 0.939310 0.183297
vt 0.999050 0.342604
vt 0.939310 0.342604
vt 0.985655 0.132863
vt 0.939310 0.342604
vt 0.999050 0.342604
vt 0.939081 0.132863
vt 0.939310 0.183297
vt 0.999050 0.183297
vt 0.999050 0.183297
vt 0.939310 0.183297
vt 0.999050 0.342604
vt 0.939310 0.342604
vt 0.985655 0.179437
vt 0.999050 0.183297
vt 0.939310 0.183297
vt 0.999050 0.342604
vt 0.939310 0.342604
vt 0.939081 0.179437
vt 0.939310 0.342604
vt 0.999050 0.342604
vt 0.939081 0.132863
vt 0.999050 0.342604
vt 0.939310 0.342604
vt 0.985655 0.132863
vt 0.999050 0.183297
vt 0.939310 0.183297
vt 0.939310 0.183297
vt 0.999050 0.183297
vt 0.999050 0.342604
vt 0.939310 0.342604
vt 0.985655 0.179437
vt 0.999050 0.183297
vt 0.939310 0.183297
vt 0.999050 0.342604
vt 0.939310 0.342604
vt 0.939081 0.179437
vt 0.999050 0.183297
vt 0.939310 0.183297
vt 0.979692 0.781451
vt -0.000781 0.656284
vt 0.998987 0.652658
vt 0.979692 0.844034
vt -0.000781 0.718868
vt 1.000000 0.851064
vt -0.000781 0.844034
vt 0.302823 0.718868
vt 0.000000 0.851064
vt -0.000781 0.781451
vt 0.302823 0.656284
vt 0.001647 0.652658
vt 0.145247 0.656284
vt -0.000781 0.718868
vt 0.998987 0.504118
vt 0.145247 0.718868
vt -0.000781 0.781451
vt 1.000000 1.000000
vt 0.979692 0.718868
vt 0.156795 0.656284
vt 0.001647 0.504118
vt 0.979692 0.781451
vt 0.156795 0.718868
vt 0.000000 1.000000
vt 0.949641 0.103062
vt 0.905875 0.012881
vt 0.000512 0.321630
vt 0.949641 0.115757
vt 0.906075 0.219937
vt 0.905875 0.025761
vt 0.980127 0.103062
vt 0.000000 0.089593
vt 0.000512 0.312903
vt 0.958243 0.103062
vt 0.905875 0.121202
vt 0.000512 0.330358
vt 0.988729 0.115757
vt 0.906075 0.259595
vt 0.000000 0.012881
vt 0.988729 0.103062
vt 0.000000 0.000000
vt 0.000512 0.321630
vt 0.995971 0.076013
vt 0.000000 0.062150
vt 0.906075 0.297453
vt 0.995971 0.062186
vt 0.000000 0.048121
vt -0.000122 0.210448
vt 0.958243 0.076013
vt 0.905875 0.093759
vt 0.906075 0.312903
vt 0.980127 0.076013
vt 0.000000 0.062150
vt 0.906075 0.281378
vt 0.942399 0.062186
vt 0.905875 0.034093
vt -0.000122 0.156096
vt 0.942399 0.076013
vt 0.905875 0.048121
vt 0.906075 0.296828
vt 0.905875 0.048121
vt 0.905753 0.210448
vt 0.905875 0.062150
vt 0.000200 0.297453
vt 0.000000 0.034093
vt 0.905753 0.156096
vt 0.000000 0.093759
vt 0.000200 0.312903
vt 0.000000 0.048121
vt 0.000200 0.296828
vt 0.000200 0.281378
vt 0.905875 0.062150
vt 0.906387 0.321630
vt 0.905875 0.000000
vt 0.000200 0.259595
vt 0.905875 0.012881
vt 0.000000 0.121202
vt 0.906387 0.330358
vt 0.906387 0.312903
vt 0.905875 0.089593
vt 0.000000 0.025761
vt 0.000200 0.219937
vt 0.000000 0.012881
vt 0.906387 0.321630
vt 0.905875 0.048121
vt 0.943180 0.000413
vt 0.905753 0.210448
vt 0.000200 0.297453
vt 0.905875 0.062150
vt 0.943180 0.014240
vt 0.000000 0.034093
vt 0.996752 0.000413
vt 0.905753 0.156096
vt 0.000000 0.093759
vt 0.980908 0.014240
vt 0.000200 0.312903
vt 0.000000 0.048121
vt 0.996752 0.014240
vt 0.000200 0.296828
vt 0.000200 0.281378
vt 0.905875 0.062150
vt 0.959024 0.014240
vt 0.906387 0.321630
vt 0.905875 0.000000
vt 0.950422 0.041289
vt 0.000200 0.259595
vt 0.905875 0.012881
vt 0.950422 0.053985
vt 0.906387 0.330358
vt 0.000000 0.121202
vt 0.980908 0.041289
vt 0.906387 0.312903
vt 0.905875 0.089593
vt 0.959024 0.041289
vt 0.000000 0.025761
vt 0.000200 0.219937
vt 0.989510 0.053985
vt 0.000000 0.012881
vt 0.906387 0.321630
vt 0.989510 0.041289
vt 0.905875 0.048121
vt 0.905753 0.210448
vt 0.943180 0.000413
vt 0.905875 0.062150
vt 0.000200 0.297453
vt 0.943180 0.014240
vt 0.000000 0.034093
vt 0.996752 0.000413
vt 0.905753 0.156096
vt 0.000000 0.093759
vt 0.980908 0.014240
vt 0.000200 0.312903
vt 0.000000 0.048121
vt 0.996752 0.014240
vt 0.000200 0.296828
vt 0.905875 0.062150
vt 0.000200 0.281378
vt 0.959024 0.014240
vt 0.906387 0.321630
vt 0.905875 0.000000
vt 0.950422 0.041289
vt 0.000200 0.259595
vt 0.905875 0.012881
vt 0.950422 0.053985
vt 0.000000 0.121202
vt 0.906387 0.330358
vt 0.980908 0.041289
vt 0.906387 0.312903
vt 0.905875 0.089593
vt 0.959024 0.041289
vt 0.000000 0.025761
vt 0.989510 0.053985
vt 0.000200 0.219937
vt 0.000000 0.012881
vt 0.989510 0.041289
vt 0.906387 0.321630
vt 0.943180 0.000413
vt 0.905753 0.210448
vt 0.000200 0.297453
vt 0.943180 0.014240
vt 0.996752 0.000413
vt 0.905753 0.156096
vt 0.980908 0.014240
vt 0.000200 0.312903
vt 0.996752 0.014240
vt 0.000200 0.296828
vt 0.000200 0.281378
vt 0.959024 0.014240
vt 0.906387 0.321630
vt 0.950422 0.041289
vt 0.000200 0.259595
vt 0.950422 0.053985
vt 0.906387 0.330358
vt 0.980908 0.041289
vt 0.906387 0.312903
vt 0.959024 0.041289
vt 0.000200 0.219937
vt 0.989510 0.053985
vt 0.906387 0.321630
vt 0.989510 0.041289
vt 0.905753 0.210448
vt 0.943180 0.000413
vt 0.000200 0.297453
vt 0.943180 0.014240
vt 0.905753 0.156096
vt 0.996752 0.000413
vt 0.980908 0.014240
vt 0.000200 0.312903
vt 0.996752 0.014240
vt 0.000200 0.296828
vt 0.000200 0.281378
vt 0.959024 0.014240
vt 0.906387 0.321630
vt 0.950422 0.041289
vt 0.000200 0.259595
vt 0.950422 0.053985
vt 0.906387 0.330358
vt 0.980908 0.041289
vt 0.906387 0.312903
vt 0.959024 0.041289
vt 0.000200 0.219937
vt 0.989510 0.053985
vt 0.989510 0.041289
vt 0.906387 0.321630
vt 0.980127 0.103062
vt 0.000000 0.089593
vt 0.000512 0.312903
vt 0.949641 0.115757
vt 0.906075 0.219937
vt 0.905875 0.025761
vt 0.949641 0.103062
vt 0.905875 0.012881
vt 0.000512 0.321630
vt 0.958243 0.103062
vt 0.905875 0.121202
vt 0.000512 0.330358
vt 0.988729 0.103062
vt 0.000000 0.000000
vt 0.000512 0.321630
vt 0.988729 0.115757
vt 0.906075 0.259595
vt 0.000000 0.012881
vt 0.942399 0.062186
vt 0.905875 0.034093
vt -0.000122 0.156096
vt 0.995971 0.062186
vt 0.000000 0.048121
vt -0.000122 0.210448
vt 0.995971 0.076013
vt 0.000000 0.062150
vt 0.906075 0.297453
vt 0.980127 0.076013
vt 0.000000 0.062150
vt 0.906075 0.281378
vt 0.958243 0.076013
vt 0.905875 0.093759
vt 0.906075 0.312903
vt 0.942399 0.076013
vt 0.905875 0.048121
vt 0.906075 0.296828
vt 0.905875 0.048121
vt 0.943180 0.000413
vt 0.905753 0.210448
vt 0.905875 0.062150
vt 0.943180 0.014240
vt 0.000200 0.297453
vt 0.980908 0.014240
vt 0.000000 0.093759
vt 0.000200 0.312903
vt 0.959024 0.014240
vt 0.905875 0.062150
vt 0.000200 0.281378
vt 0.996752 0.000413
vt 0.000000 0.034093
vt 0.905753 0.156096
vt 0.996752 0.014240
vt 0.000000 0.048121
vt 0.000200 0.296828
vt 0.959024 0.041289
vt 0.905875 0.089593
vt 0.906387 0.312903
vt 0.980908 0.041289
vt 0.000000 0.121202
vt 0.906387 0.330358
vt 0.989510 0.041289
vt 0.000000 0.012881
vt 0.906387 0.321630
vt 0.989510 0.053985
vt 0.000200 0.219937
vt 0.000000 0.025761
vt 0.950422 0.053985
vt 0.000200 0.259595
vt 0.905875 0.012881
vt 0.950422 0.041289
vt 0.905875 0.000000
vt 0.906387 0.321630
vt 0.949641 0.103062
vt 0.905875 0.012881
vt 0.000512 0.321630
vt 0.949641 0.115757
vt 0.906075 0.219937
vt 0.905875 0.025761
vt 0.980127 0.103062
vt 0.000000 0.089593
vt 0.000512 0.312903
vt 0.958243 0.103062
vt 0.905875 0.121202
vt 0.000512 0.330358
vt 0.988729 0.115757
vt 0.906075 0.259595
vt 0.000000 0.012881
vt 0.988729 0.103062
vt 0.000000 0.000000
vt 0.000512 0.321630
vt 0.995971 0.076013
vt 0.000000 0.062150
vt 0.906075 0.297453
vt 0.995971 0.062186
vt 0.000000 0.048121
vt -0.000122 0.210448
vt 0.958243 0.076013
vt 0.905875 0.093759
vt 0.906075 0.312903
vt 0.980127 0.076013
vt 0.000000 0.062150
vt 0.906075 0.281378
vt 0.942399 0.062186
vt 0.905875 0.034093
vt -0.000122 0.156096
vt 0.942399 0.076013
vt 0.905875 0.048121
vt 0.906075 0.296828
vt 0.905875 0.048121
vt 0.905753 0.210448
vt 0.000200 0.297453
vt 0.905875 0.062150
vt 0.000000 0.034093
vt 0.905753 0.156096
vt 0.000200 0.312903
vt 0.000000 0.093759
vt 0.000000 0.048121
vt 0.000200 0.296828
vt 0.000200 0.281378
vt 0.905875 0.062150
vt 0.906387 0.321630
vt 0.905875 0.000000
vt 0.000200 0.259595
vt 0.905875 0.012881
vt 0.906387 0.330358
vt 0.000000 0.121202
vt 0.906387 0.312903
vt 0.905875 0.089593
vt 0.000200 0.219937
vt 0.000000 0.025761
vt 0.000000 0.012881
vt 0.906387 0.321630
vt 0.999050 0.183297
vt 0.939310 0.183297
vt 0.999050 0.342604
vt 0.939310 0.342604
vt 0.985655 0.132863
vt 0.939310 0.342604
vt 0.999050 0.342604
vt 0.939081 0.132863
vt 0.939310 0.183297
vt 0.999050 0.183297
vt 0.999050 0.183297
vt 0.939310 0.183297
vt 0.999050 0.342604
vt 0.939310 0.342604
vt 0.985655 0.179437
vt 0.999050 0.183297
vt 0.939310 0.183297
vt 0.999050 0.342604
vt 0.939310 0.342604
vt 0.939081 0.179437
vt 0.939310 0.342604
vt 0.999050 0.342604
vt 0.939081 0.132863
vt 0.999050 0.342604
vt 0.939310 0.342604
vt 0.985655 0.132863
vt 0.999050 0.183297
vt 0.939310 0.183297
vt 0.939310 0.183297
vt 0.999050 0.183297
vt 0.999050 0.342604
vt 0.939310 0.342604
vt 0.985655 0.179437
vt 0.999050 0.183297
vt 0.939310 0.183297
vt 0.999050 0.342604
vt 0.939310 0.342604
vt 0.939081 0.179437
vt 0.999050 0.183297
vt 0.939310 0.183297
vt 0.979692 0.781451
vt -0.000781 0.656284
vt 0.998987 0.652658
vt 0.979692 0.844034
vt -0.000781 0.718868
vt 1.000000 0.851064
vt -0.000781 0.844034
vt 0.302823 0.718868
vt 0.000000 0.851064
vt -0.000781 0.781451
vt 0.302823 0.656284
vt 0.001647 0.652658
vt 0.145247 0.656284
vt -0.000781 0.718868
vt 0.998987 0.504118
vt 0.145247 0.718868
vt -0.000781 0.781451
vt 1.000000 1.000000
vt 0.979692 0.718868
vt 0.156795 0.656284
vt 0.001647 0.504118
vt 0.979692 0.781451
vt 0.156795 0.718868
vt 0.000000 1.000000
vt 0.949641 0.103062
vt 0.905875 0.012881
vt 0.000512 0.321630
vt 0.949641 0.115757
vt 0.906075 0.219937
vt 0.905875 0.025761
vt 0.980127 0.103062
vt 0.000000 0.089593
vt 0.000512 0.312903
vt 0.958243 0.103062
vt 0.905875 0.121202
vt 0.000512 0.330358
vt 0.988729 0.115757
vt 0.906075 0.259595
vt 0.000000 0.012881
vt 0.988729 0.103062
vt 0.000000 0.000000
vt 0.000512 0.321630
vt 0.995971 0.076013
vt 0.000000 0.062150
vt 0.906075 0.297453
vt 0.995971 0.062186
vt 0.000000 0.048121
vt -0.000122 0.210448
vt 0.958243 0.076013
vt 0.905875 0.093759
vt 0.906075 0.312903
vt 0.980127 0.076013
vt 0.000000 0.062150
vt 0.906075 0.281378
vt 0.942399 0.062186
vt 0.905875 0.034093
vt -0.000122 0.156096
vt 0.942399 0.076013
vt 0.905875 0.048121
vt 0.906075 0.296828
vt 0.905875 0.048121
vt 0.905753 0.210448
vt 0.905875 0.062150
vt 0.000200 0.297453
vt 0.000000 0.034093
vt 0.905753 0.156096
vt 0.000000 0.093759
vt 0.000200 0.312903
vt 0.000000 0.048121
vt 0.000200 0.296828
vt 0.000200 0.281378
vt 0.905875 0.062150
vt 0.906387 0.321630
vt 0.905875 0.000000
vt 0.000200 0.259595
vt 0.905875 0.012881
vt 0.000000 0.121202
vt 0.906387 0.330358
vt 0.906387 0.312903
vt 0.905875 0.089593
vt 0.000000 0.025761
vt 0.000200 0.219937
vt 0.000000 0.012881
vt 0.906387 0.321630
vt 0.905875 0.048121
vt 0.943180 0.000413
vt 0.905753 0.210448
vt 0.000200 0.297453
vt 0.905875 0.062150
vt 0.943180 0.014240
vt 0.000000 0.034093
vt 0.996752 0.000413
vt 0.905753 0.156096
vt 0.000000 0.093759
vt 0.980908 0.014240
vt 0.000200 0.312903
vt 0.000000 0.048121
vt 0.996752 0.014240
vt 0.000200 0.296828
vt 0.000200 0.281378
vt 0.905875 0.062150
vt 0.959024 0.014240
vt 0.906387 0.321630
vt 0.905875 0.000000
vt 0.950422 0.041289
vt 0.000200 0.259595
vt 0.905875 0.012881
vt 0.950422 0.053985
vt 0.906387 0.330358
vt 0.000000 0.121202
vt 0.980908 0.041289
vt 0.906387 0.312903
vt 0.905875 0.089593
vt 0.959024 0.041289
vt 0.000000 0.025761
vt 0.000200 0.219937
vt 0.989510 0.053985
vt 0.000000 0.012881
vt 0.906387 0.321630
vt 0.989510 0.041289
vt 0.905875 0.048121
vt 0.905753 0.210448
vt 0.943180 0.000413
vt 0.905875 0.062150
vt 0.000200 0.297453
vt 0.943180 0.014240
vt 0.000000 0.034093
vt 0.996752 0.000413
vt 0.905753 0.156096
vt 0.000000 0.093759
vt 0.980908 0.014240
vt 0.000200 0.312903
vt 0.000000 0.048121
vt 0.996752 0.014240
vt 0.000200 0.296828
vt 0.905875 0.062150
vt 0.000200 0.281378
vt 0.959024 0.014240
vt 0.906387 0.321630
vt 0.905875 0.000000
vt 0.950422 0.041289
vt 0.000200 0.259595
vt 0.905875 0.012881
vt 0.950422 0.053985
vt 0.000000 0.121202
vt 0.906387 0.330358
vt 0.980908 0.041289
vt 0.906387 0.312903
vt 0.905875 0.089593
vt 0.959024 0.041289
vt 0.000000 0.025761
vt 0.989510 0.053985
vt 0.000200 0.219937
vt 0.000000 0.012881
vt 0.989510 0.041289
vt 0.906387 0.321630
vt 0.943180 0.000413
vt 0.905753 0.210448
vt 0.000200 0.297453
vt 0.943180 0.014240
vt 0.996752 0.000413
vt 0.905753 0.156096
vt 0.980908 0.014240
vt 0.000200 0.312903
vt 0.996752 0.014240
vt 0.000200 0.296828
vt 0.000200 0.281378
vt 0.959024 0.014240
vt 0.906387 0.321630
vt 0.950422 0.041289
vt 0.000200 0.259595
vt 0.950422 0.053985
vt 0.906387 0.330358
vt 0.980908 0.041289
vt 0.906387 0.312903
vt 0.959024 0.041289
vt 0.000200 0.219937
vt 0.989510 0.053985
vt 0.906387 0.321630
vt 0.989510 0.041289
vt 0.905753 0.210448
vt 0.943180 0.000413
vt 0.000200 0.297453
vt 0.943180 0.014240
vt 0.905753 0.156096
vt 0.996752 0.000413
vt 0.980908 0.014240
vt 0.000200 0.312903
vt 0.996752 0.014240
vt 0.000200 0.296828
vt 0.000200 0.281378
vt 0.959024 0.014240
vt 0.906387 0.321630
vt 0.950422 0.041289
vt 0.000200 0.259595
vt 0.950422 0.053985
vt 0.906387 0.330358
vt 0.980908 0.041289
vt 0.906387 0.312903
vt 0.959024 0.041289
vt 0.000200 0.219937
vt 0.989510 0.053985
vt 0.989510 0.041289
vt 0.906387 0.321630
vt 0.980127 0.103062
vt 0.000000 0.089593
vt 0.000512 0.312903
vt 0.949641 0.115757
vt 0.906075 0.219937
vt 0.905875 0.025761
vt 0.949641 0.103062
vt 0.905875 0.012881
vt 0.000512 0.321630
vt 0.958243 0.103062
vt 0.905875 0.121202
vt 0.000512 0.330358
vt 0.988729 0.103062
vt 0.000000 0.000000
vt 0.000512 0.321630
vt 0.988729 0.115757
vt 0.906075 0.259595
vt 0.000000 0.012881
vt 0.942399 0.062186
vt 0.905875 0.034093
vt -0.000122 0.156096
vt 0.995971 0.062186
vt 0.000000 0.048121
vt -0.000122 0.210448
vt 0.995971 0.076013
vt 0.000000 0.062150
vt 0.906075 0.297453
vt 0.980127 0.076013
vt 0.000000 0.062150
vt 0.906075 0.281378
vt 0.958243 0.076013
vt 0.905875 0.093759
vt 0.906075 0.312903
vt 0.942399 0.076013
vt 0.905875 0.048121
vt 0.906075 0.296828
vt 0.905875 0.048121
vt 0.943180 0.000413
vt 0.905753 0.210448
vt 0.905875 0.062150
vt 0.943180 0.014240
vt 0.000200 0.297453
vt 0.980908 0.014240
vt 0.000000 0.093759
vt 0.000200 0.312903
vt 0.959024 0.014240
vt 0.905875 0.062150
vt 0.000200 0.281378
vt 0.996752 0.000413
vt 0.000000 0.034093
vt 0.905753 0.156096
vt 0.996752 0.014240
vt 0.000000 0.048121
vt 0.000200 0.296828
vt 0.959024 0.041289
vt 0.905875 0.089593
vt 0.906387 0.312903
vt 0.980908 0.041289
vt 0.000000 0.121202
vt 0.906387 0.330358
vt 0.989510 0.041289
vt 0.000000 0.012881
vt 0.906387 0.321630
vt 0.989510 0.053985
vt 0.000200 0.219937
vt 0.000000 0.025761
vt 0.950422 0.053985
vt 0.000200 0.259595
vt 0.905875 0.012881
vt 0.950422 0.041289
vt 0.905875 0.000000
vt 0.906387 0.321630
vt 0.949641 0.103062
vt 0.905875 0.012881
vt 0.000512 0.321630
vt 0.949641 0.115757
vt 0.906075 0.219937
vt 0.905875 0.025761
vt 0.980127 0.103062
vt 0.000000 0.089593
vt 0.000512 0.312903
vt 0.958243 0.103062
vt 0.905875 0.121202
vt 0.000512 0.330358
vt 0.988729 0.115757
vt 0.906075 0.259595
vt 0.000000 0.012881
vt 0.988729 0.103062
vt 0.000000 0.000000
vt 0.000512 0.321630
vt 0.995971 0.076013
vt 0.000000 0.062150
vt 0.906075 0.297453
vt 0.995971 0.062186
vt 0.000000 0.048121
vt -0.000122 0.210448
vt 0.958243 0.076013
vt 0.905875 0.093759
vt 0.906075 0.312903
vt 0.980127 0.076013
vt 0.000000 0.062150
vt 0.906075 0.281378
vt 0.942399 0.062186
vt 0.905875 0.034093
vt -0.000122 0.156096
vt 0.942399 0.076013
vt 0.905875 0.048121
vt 0.906075 0.296828
vt 0.905875 0.048121
vt 0.905753 0.210448
vt 0.000200 0.297453
vt 0.905875 0.062150
vt 0.000000 0.034093
vt 0.905753 0.156096
vt 0.000200 0.312903
vt 0.000000 0.093759
vt 0.000000 0.048121
vt 0.000200 0.296828
vt 0.000200 0.281378
vt 0.905875 0.062150
vt 0.906387 0.321630
vt 0.905875 0.000000
vt 0.000200 0.259595
vt 0.905875 0.012881
vt 0.906387 0.330358
vt 0.000000 0.121202
vt 0.906387 0.312903
vt 0.905875 0.089593
vt 0.000200 0.219937
vt 0.000000 0.025761
vt 0.000000 0.012881
vt 0.906387 0.321630
vt 0.999050 0.183297
vt 0.939310 0.183297
vt 0.999050 0.342604
vt 0.939310 0.342604
vt 0.985655 0.132863
vt 0.939310 0.342604
vt 0.999050 0.342604
vt 0.939081 0.132863
vt 0.939310 0.183297
vt 0.999050 0.183297
vt 0.999050 0.183297
vt 0.939310 0.183297
vt 0.999050 0.342604
vt 0.939310 0.342604
vt 0.985655 0.179437
vt 0.999050 0.183297
vt 0.939310 0.183297
vt 0.999050 0.342604
vt 0.939310 0.342604
vt 0.939081 0.179437
vt 0.939310 0.342604
vt 0.999050 0.342604
vt 0.939081 0.132863
vt 0.999050 0.342604
vt 0.939310 0.342604
vt 0.985655 0.132863
vt 0.999050 0.183297
vt 0.939310 0.183297
vt 0.939310 0.183297
vt 0.999050 0.183297
vt 0.999050 0.342604
vt 0.939310 0.342604
vt 0.985655 0.179437
vt 0.999050 0.183297
vt 0.939310 0.183297
vt 0.999050 0.342604
vt 0.939310 0.342604
vt 0.939081 0.179437
vt 0.999050 0.183297
vt 0.939310 0.183297
vt 0.979692 0.781451
vt -0.000781 0.656284
vt 0.998987 0.652658
vt 0.979692 0.844034
vt -0.000781 0.718868
vt 1.000000 0.851064
vt -0.000781 0.844034
vt 0.302823 0.718868
vt 0.000000 0.851064
vt -0.000781 0.781451
vt 0.302823 0.656284
vt 0.001647 0.652658
vt 0.145247 0.656284
vt -0.000781 0.718868
vt 0.998987 0.504118
vt 0.145247 0.718868
vt -0.000781 0.781451
vt 1.000000 1.000000
vt 0.979692 0.718868
vt 0.156795 0.656284
vt 0.001647 0.504118
vt 0.979692 0.781451
vt 0.156795 0.718868
vt 0.000000 1.000000
vt 0.949641 0.103062
vt 0.905875 0.012881
vt 0.000512 0.321630
vt 0.949641 0.115757
vt 0.906075 0.219937
vt 0.905875 0.025761
vt 0.980127 0.103062
vt 0.000000 0.089593
vt 0.000512 0.312903
vt 0.958243 0.103062
vt 0.905875 0.121202
vt 0.000512 0.330358
vt 0.988729 0.115757
vt 0.906075 0.259595
vt 0.000000 0.012881
vt 0.988729 0.103062
vt 0.000000 0.000000
vt 0.000512 0.321630
vt 0.995971 0.076013
vt 0.000000 0.062150
vt 0.906075 0.297453
vt 0.995971 0.062186
vt 0.000000 0.048121
vt -0.000122 0.210448
vt 0.958243 0.076013
vt 0.905875 0.093759
vt 0.906075 0.312903
vt 0.980127 0.076013
vt 0.000000 0.062150
vt 0.906075 0.281378
vt 0.942399 0.062186
vt 0.905875 0.034093
vt -0.000122 0.156096
vt 0.942399 0.076013
vt 0.905875 0.048121
vt 0.906075 0.296828
vt 0.905875 0.048121
vt 0.905753 0.210448
vt 0.905875 0.062150
vt 0.000200 0.297453
vt 0.000000 0.034093
vt 0.905753 0.156096
vt 0.000000 0.093759
vt 0.000200 0.312903
vt 0.000000 0.048121
vt 0.000200 0.296828
vt 0.000200 0.281378
vt 0.905875 0.062150
vt 0.906387 0.321630
vt 0.905875 0.000000
vt 0.000200 0.259595
vt 0.905875 0.012881
vt 0.000000 0.121202
vt 0.906387 0.330358
vt 0.906387 0.312903
vt 0.905875 0.089593
vt 0.000000 0.025761
vt 0.000200 0.219937
vt 0.000000 0.012881
vt 0.906387 0.321630
vt 0.905875 0.048121
vt 0.943180 0.000413
vt 0.905753 0.210448
vt 0.000200 0.297453
vt 0.905875 0.062150
vt 0.943180 0.014240
vt 0.000000 0.034093
vt 0.996752 0.000413
vt 0.905753 0.156096
vt 0.000000 0.093759
vt 0.980908 0.014240
vt 0.000200 0.312903
vt 0.000000 0.048121
vt 0.996752 0.014240
vt 0.000200 0.296828
vt 0.000200 0.281378
vt 0.905875 0.062150
vt 0.959024 0.014240
vt 0.906387 0.321630
vt 0.905875 0.000000
vt 0.950422 0.041289
vt 0.000200 0.259595
vt 0.905875 0.012881
vt 0.950422 0.053985
vt 0.906387 0.330358
vt 0.000000 0.121202
vt 0.980908 0.041289
vt 0.906387 0.312903
vt 0.905875 0.089593
vt 0.959024 0.041289
vt 0.000000 0.025761
vt 0.000200 0.219937
vt 0.989510 0.053985
vt 0.000000 0.012881
vt 0.906387 0.321630
vt 0.989510 0.041289
vt 0.905875 0.048121
vt 0.905753 0.210448
vt 0.943180 0.000413
vt 0.905875 0.062150
vt 0.000200 0.297453
vt 0.943180 0.014240
vt 0.000000 0.034093
vt 0.996752 0.000413
vt 0.905753 0.156096
vt 0.000000 0.093759
vt 0.980908 0.014240
vt 0.000200 0.312903
vt 0.000000 0.048121
vt 0.996752 0.014240
vt 0.000200 0.296828
vt 0.905875 0.062150
vt 0.000200 0.281378
vt 0.959024 0.014240
vt 0.906387 0.321630
vt 0.905875 0.000000
vt 0.950422 0.041289
vt 0.000200 0.259595
vt 0.905875 0.012881
vt 0.950422 0.053985
vt 0.000000 0.121202
vt 0.906387 0.330358
vt 0.980908 0.041289
vt 0.906387 0.312903
vt 0.905875 0.089593
vt 0.959024 0.041289
vt 0.000000 0.025761
vt 0.989510 0.053985
vt 0.000200 0.219937
vt 0.000000 0.012881
vt 0.989510 0.041289
vt 0.906387 0.321630
vt 0.943180 0.000413
vt 0.905753 0.210448
vt 0.000200 0.297453
vt 0.943180 0.014240
vt 0.996752 0.000413
vt 0.905753 0.156096
vt 0.980908 0.014240
vt 0.000200 0.312903
vt 0.996752 0.014240
vt 0.000200 0.296828
vt 0.000200 0.281378
vt 0.959024 0.014240
vt 0.906387 0.321630
vt 0.950422 0.041289
vt 0.000200 0.259595
vt 0.950422 0.053985
vt 0.906387 0.330358
vt 0.980908 0.041289
vt 0.906387 0.312903
vt 0.959024 0.041289
vt 0.000200 0.219937
vt 0.989510 0.053985
vt 0.906387 0.321630
vt 0.989510 0.041289
vt 0.905753 0.210448
vt 0.943180 0.000413
vt 0.000200 0.297453
vt 0.943180 0.014240
vt 0.905753 0.156096
vt 0.996752 0.000413
vt 0.980908 0.014240
vt 0.000200 0.312903
vt 0.996752 0.014240
vt 0.000200 0.296828
vt 0.000200 0.281378
vt 0.959024 0.014240
vt 0.906387 0.321630
vt 0.950422 0.041289
vt 0.000200 0.259595
vt 0.950422 0.053985
vt 0.906387 0.330358
vt 0.980908 0.041289
vt 0.906387 0.312903
vt 0.959024 0.041289
vt 0.000200 0.219937
vt 0.989510 0.053985
vt 0.989510 0.041289
vt 0.906387 0.321630
vt 0.980127 0.103062
vt 0.000000 0.089593
vt 0.000512 0.312903
vt 0.949641 0.115757
vt 0.906075 0.219937
vt 0.905875 0.025761
vt 0.949641 0.103062
vt 0.905875 0.012881
vt 0.000512 0.321630
vt 0.958243 0.103062
vt 0.905875 0.121202
vt 0.000512 0.330358
vt 0.988729 0.103062
vt 0.000000 0.000000
vt 0.000512 0.321630
vt 0.988729 0.115757
vt 0.906075 0.259595
vt 0.000000 0.012881
vt 0.942399 0.062186
vt 0.905875 0.034093
vt -0.000122 0.156096
vt 0.995971 0.062186
vt 0.000000 0.048121
vt -0.000122 0.210448
vt 0.995971 0.076013
vt 0.000000 0.062150
vt 0.906075 0.297453
vt 0.980127 0.076013
vt 0.000000 0.062150
vt 0.906075 0.281378
vt 0.958243 0.076013
vt 0.905875 0.093759
vt 0.906075 0.312903
vt 0.942399 0.076013
vt 0.905875 0.048121
vt 0.906075 0.296828
vt 0.905875 0.048121
vt 0.943180 0.000413
vt 0.905753 0.210448
vt 0.905875 0.062150
vt 0.943180 0.014240
vt 0.000200 0.297453
vt 0.980908 0.014240
vt 0.000000 0.093759
vt 0.000200 0.312903
vt 0.959024 0.014240
vt 0.905875 0.062150
vt 0.000200 0.281378
vt 0.996752 0.000413
vt 0.000000 0.034093
vt 0.905753 0.156096
vt 0.996752 0.014240
vt 0.000000 0.048121
vt 0.000200 0.296828
vt 0.959024 0.041289
vt 0.905875 0.089593
vt 0.906387 0.312903
vt 0.980908 0.041289
vt 0.000000 0.121202
vt 0.906387 0.330358
vt 0.989510 0.041289
vt 0.000000 0.012881
vt 0.906387 0.321630
vt 0.989510 0.053985
vt 0.000200 0.219937
vt 0.000000 0.025761
vt 0.950422 0.053985
vt 0.000200 0.259595
vt 0.905875 0.012881
vt 0.950422 0.041289
vt 0.905875 0.000000
vt 0.906387 0.321630
vt 0.949641 0.103062
vt 0.905875 0.012881
vt 0.000512 0.321630
vt 0.949641 0.115757
vt 0.906075 0.219937
vt 0.905875 0.025761
vt 0.980127 0.103062
vt 0.000000 0.089593
vt 0.000512 0.312903
vt 0.958243 0.103062
vt 0.905875 0.121202
vt 0.000512 0.330358
vt 0.988729 0.115757
vt 0.906075 0.259595
vt 0.000000 0.012881
vt 0.988729 0.103062
vt 0.000000 0.000000
vt 0.000512 0.321630
vt 0.995971 0.076013
vt 0.000000 0.062150
vt 0.906075 0.297453
vt 0.995971 0.062186
vt 0.000000 0.048121
vt -0.000122 0.210448
vt 0.958243 0.076013
vt 0.905875 0.093759
vt 0.906075 0.312903
vt 0.980127 0.076013
vt 0.000000 0.062150
vt 0.906075 0.281378
vt 0.942399 0.062186
vt 0.905875 0.034093
vt -0.000122 0.156096
vt 0.942399 0.076013
vt 0.905875 0.048121
vt 0.906075 0.296828
vt 0.905875 0.048121
vt 0.905753 0.210448
vt 0.000200 0.297453
vt 0.905875 0.062150
vt 0.000000 0.034093
vt 0.905753 0.156096
vt 0.000200 0.312903
vt 0.000000 0.093759
vt 0.000000 0.048121
vt 0.000200 0.296828
vt 0.000200 0.281378
vt 0.905875 0.062150
vt 0.906387 0.321630
vt 0.905875 0.000000
vt 0.000200 0.259595
vt 0.905875 0.012881
vt 0.906387 0.330358
vt 0.000000 0.121202
vt 0.906387 0.312903
vt 0.905875 0.089593
vt 0.000200 0.219937
vt 0.000000 0.025761
vt 0.000000 0.012881
vt 0.906387 0.321630
vt 0.999050 0.183297
vt 0.939310 0.183297
vt 0.999050 0.342604
vt 0.939310 0.342604
vt 0.985655 0.132863
vt 0.939310 0.342604
vt 0.999050 0.342604
vt 0.939081 0.132863
vt 0.939310 0.183297
vt 0.999050 0.183297
vt 0.999050 0.183297
vt 0.939310 0.183297
vt 0.999050 0.342604
vt 0.939310 0.342604
vt 0.985655 0.179437
vt 0.999050 0.183297
vt 0.939310 0.183297
vt 0.999050 0.342604
vt 0.939310 0.342604
vt 0.939081 0.179437
vt 0.939310 0.342604
vt 0.999050 0.342604
vt 0.939081 0.132863
vt 0.999050 0.342604
vt 0.939310 0.342604
vt 0.985655 0.132863
vt 0.999050 0.183297
vt 0.939310 0.183297
vt 0.939310 0.183297
vt 0.999050 0.183297
vt 0.999050 0.342604
vt 0.939310 0.342604
vt 0.985655 0.179437
vt 0.999050 0.183297
vt 0.939310 0.183297
vt 0.999050 0.342604
vt 0.939310 0.342604
vt 0.939081 0.179437
vt 0.999050 0.183297
vt 0.939310 0.183297
vt 0.979692 0.781451
vt -0.000781 0.656284
vt 0.998987 0.652658
vt 0.979692 0.844034
vt -0.000781 0.718868
vt 1.000000 0.851064
vt -0.000781 0.844034
vt 0.302823 0.718868
vt 0.000000 0.851064
vt -0.000781 0.781451
vt 0.302823 0.656284
vt 0.001647 0.652658
vt 0.145247 0.656284
vt -0.000781 0.718868
vt 0.998987 0.504118
vt 0.145247 0.718868
vt -0.000781 0.781451
vt 1.000000 1.000000
vt 0.979692 0.718868
vt 0.156795 0.656284
vt 0.001647 0.504118
vt 0.979692 0.781451
vt 0.156795 0.718868
vt 0.000000 1.000000
vt 0.949641 0.103062
vt 0.905875 0.012881
vt 0.000512 0.321630
vt 0.949641 0.115757
vt 0.906075 0.219937
vt 0.905875 0.025761
vt 0.980127 0.103062
vt 0.000000 0.089593
vt 0.000512 0.312903
vt 0.958243 0.103062
vt 0.905875 0.121202
vt 0.000512 0.330358
vt 0.988729 0.115757
vt 0.906075 0.259595
vt 0.000000 0.012881
vt 0.988729 0.103062
vt 0.000000 0.000000
vt 0.000512 0.321630
vt 0.995971 0.076013
vt 0.000000 0.062150
vt 0.906075 0.297453
vt 0.995971 0.062186
vt 0.000000 0.048121
vt -0.000122 0.210448
vt 0.958243 0.076013
vt 0.905875 0.093759
vt 0.906075 0.312903
vt 0.980127 0.076013
vt 0.000000 0.062150
vt 0.906075 0.281378
vt 0.942399 0.062186
vt 0.905875 0.034093
vt -0.000122 0.156096
vt 0.942399 0.076013
vt 0.905875 0.048121
vt 0.906075 0.296828
vt 0.905875 0.048121
vt 0.905753 0.210448
vt 0.905875 0.062150
vt 0.000200 0.297453
vt 0.000000 0.034093
vt 0.905753 0.156096
vt 0.000000 0.093759
vt 0.000200 0.312903
vt 0.000000 0.048121
vt 0.000200 0.296828
vt 0.000200 0.281378
vt 0.905875 0.062150
vt 0.906387 0.321630
vt 0.905875 0.000000
vt 0.000200 0.259595
vt 0.905875 0.012881
vt 0.000000 0.121202
vt 0.906387 0.330358
vt 0.906387 0.312903
vt 0.905875 0.089593
vt 0.000000 0.025761
vt 0.000200 0.219937
vt 0.000000 0.012881
vt 0.906387 0.321630
vt 0.905875 0.048121
vt 0.943180 0.000413
vt 0.905753 0.210448
vt 0.000200 0.297453
vt 0.905875 0.062150
vt 0.943180 0.014240
vt 0.000000 0.034093
vt 0.996752 0.000413
vt 0.905753 0.156096
vt 0.000000 0.093759
vt 0.980908 0.014240
vt 0.000200 0.312903
vt 0.000000 0.048121
vt 0.996752 0.014240
vt 0.000200 0.296828
vt 0.000200 0.281378
vt 0.905875 0.062150
vt 0.959024 0.014240
vt 0.906387 0.321630
vt 0.905875 0.000000
vt 0.950422 0.041289
vt 0.000200 0.259595
vt 0.905875 0.012881
vt 0.950422 0.053985
vt 0.906387 0.330358
vt 0.000000 0.121202
vt 0.980908 0.041289
vt 0.906387 0.312903
vt 0.905875 0.089593
vt 0.959024 0.041289
vt 0.000000 0.025761
vt 0.000200 0.219937
vt 0.989510 0.053985
vt 0.000000 0.012881
vt 0.906387 0.321630
vt 0.989510 0.041289
vt 0.905875 0.048121
vt 0.905753 0.210448
vt 0.943180 0.000413
vt 0.905875 0.062150
vt 0.000200 0.297453
vt 0.943180 0.014240
vt 0.000000 0.034093
vt 0.996752 0.000413
vt 0.905753 0.156096
vt 0.000000 0.093759
vt 0.980908 0.014240
vt 0.000200 0.312903
vt 0.000000 0.048121
vt 0.996752 0.014240
vt 0.000200 0.296828
vt 0.905875 0.062150
vt 0.000200 0.281378
vt 0.959024 0.014240
vt 0.906387 0.321630
vt 0.905875 0.000000
vt 0.950422 0.041289
vt 0.000200 0.259595
vt 0.905875 0.012881
vt 0.950422 0.053985
vt 0.000000 0.121202
vt 0.906387 0.330358
vt 0.980908 0.041289
vt 0.906387 0.312903
vt 0.905875 0.089593
vt 0.959024 0.041289
vt 0.000000 0.025761
vt 0.989510 0.053985
vt 0.000200 0.219937
vt 0.000000 0.012881
vt 0.989510 0.041289
vt 0.906387 0.321630
vt 0.943180 0.000413
vt 0.905753 0.210448
vt 0.000200 0.297453
vt 0.943180 0.014240
vt 0.996752 0.000413
vt 0.905753 0.156096
vt 0.980908 0.014240
vt 0.000200 0.312903
vt 0.996752 0.014240
vt 0.000200 0.296828
vt 0.000200 0.281378
vt 0.959024 0.014240
vt 0.906387 0.321630
vt 0.950422 0.041289
vt 0.000200 0.259595
vt 0.950422 0.053985
vt 0.906387 0.330358
vt 0.980908 0.041289
vt 0.906387 0.312903
vt 0.959024 0.041289
vt 0.000200 0.219937
vt 0.989510 0.053985
vt 0.906387 0.321630
vt 0.989510 0.041289
vt 0.905753 0.210448
vt 0.943180 0.000413
vt 0.000200 0.297453
vt 0.943180 0.014240
vt 0.905753 0.156096
vt 0.996752 0.000413
vt 0.980908 0.014240
vt 0.000200 0.312903
vt 0.996752 0.014240
vt 0.000200 0.296828
vt 0.000200 0.281378
vt 0.959024 0.014240
vt 0.906387 0.321630
vt 0.950422 0.041289
vt 0.000200 0.259595
vt 0.950422 0.053985
vt 0.906387 0.330358
vt 0.980908 0.041289
vt 0.906387 0.312903
vt 0.959024 0.041289
vt 0.000200 0.219937
vt 0.989510 0.053985
vt 0.989510 0.041289
vt 0.906387 0.321630
vt 0.980127 0.103062
vt 0.000000 0.089593
vt 0.000512 0.312903
vt 0.949641 0.115757
vt 0.906075 0.219937
vt 0.905875 0.025761
vt 0.949641 0.103062
vt 0.905875 0.012881
vt 0.000512 0.321630
vt 0.958243 0.103062
vt 0.905875 0.121202
vt 0.000512 0.330358
vt 0.988729 0.103062
vt 0.000000 0.000000
vt 0.000512 0.321630
vt 0.988729 0.115757
vt 0.906075 0.259595
vt 0.000000 0.012881
vt 0.942399 0.062186
vt 0.905875 0.034093
vt -0.000122 0.156096
vt 0.995971 0.062186
vt 0.000000 0.048121
vt -0.000122 0.210448
vt 0.995971 0.076013
vt 0.000000 0.062150
vt 0.906075 0.297453
vt 0.980127 0.076013
vt 0.000000 0.062150
vt 0.906075 0.281378
vt 0.958243 0.076013
vt 0.905875 0.093759
vt 0.906075 0.312903
vt 0.942399 0.076013
vt 0.905875 0.048121
vt 0.906075 0.296828
vt 0.905875 0.048121
vt 0.943180 0.000413
vt 0.905753 0.210448
vt 0.905875 0.062150
vt 0.943180 0.014240
vt 0.000200 0.297453
vt 0.980908 0.014240
vt 0.000000 0.093759
vt 0.000200 0.312903
vt 0.959024 0.014240
vt 0.905875 0.062150
vt 0.000200 0.281378
vt 0.996752 0.000413
vt 0.000000 0.034093
vt 0.905753 0.156096
vt 0.996752 0.014240
vt 0.000000 0.048121
vt 0.000200 0.296828
vt 0.959024 0.041289
vt 0.905875 0.089593
vt 0.906387 0.312903
vt 0.980908 0.041289
vt 0.000000 0.121202
vt 0.906387 0.330358
vt 0.989510 0.041289
vt 0.000000 0.012881
vt 0.906387 0.321630
vt 0.989510 0.053985
vt 0.000200 0.219937
vt 0.000000 0.025761
vt 0.950422 0.053985
vt 0.000200 0.259595
vt 0.905875 0.012881
vt 0.950422 0.041289
vt 0.905875 0.000000
vt 0.906387 0.321630
vt 0.949641 0.103062
vt 0.905875 0.012881
vt 0.000512 0.321630
vt 0.949641 0.115757
vt 0.906075 0.219937
vt 0.905875 0.025761
vt 0.980127 0.103062
vt 0.000000 0.089593
vt 0.000512 0.312903
vt 0.958243 0.103062
vt 0.905875 0.121202
vt 0.000512 0.330358
vt 0.988729 0.115757
vt 0.906075 0.259595
vt 0.000000 0.012881
vt 0.988729 0.103062
vt 0.000000 0.000000
vt 0.000512 0.321630
vt 0.995971 0.076013
vt 0.000000 0.062150
vt 0.906075 0.297453
vt 0.995971 0.062186
vt 0.000000 0.048121
vt -0.000122 0.210448
vt 0.958243 0.076013
vt 0.905875 0.093759
vt 0.906075 0.312903
vt 0.980127 0.076013
vt 0.000000 0.062150
vt 0.906075 0.281378
vt 0.942399 0.062186
vt 0.905875 0.034093
vt -0.000122 0.156096
vt 0.942399 0.076013
vt 0.905875 0.048121
vt 0.906075 0.296828
vt 0.905875 0.048121
vt 0.905753 0.210448
vt 0.000200 0.297453
vt 0.905875 0.062150
vt 0.000000 0.034093
vt 0.905753 0.156096
vt 0.000200 0.312903
vt 0.000000 0.093759
vt 0.000000 0.048121
vt 0.000200 0.296828
vt 0.000200 0.281378
vt 0.905875 0.062150
vt 0.906387 0.321630
vt 0.905875 0.000000
vt 0.000200 0.259595
vt 0.905875 0.012881
vt 0.906387 0.330358
vt 0.000000 0.121202
vt 0.906387 0.312903
vt 0.905875 0.089593
vt 0.000200 0.219937
vt 0.000000 0.025761
vt 0.000000 0.012881
vt 0.906387 0.321630
vt 0.999050 0.183297
vt 0.939310 0.183297
vt 0.999050 0.342604
vt 0.939310 0.342604
vt 0.985655 0.132863
vt 0.939310 0.342604
vt 0.999050 0.342604
vt 0.939081 0.132863
vt 0.939310 0.183297
vt 0.999050 0.183297
vt 0.999050 0.183297
vt 0.939310 0.183297
vt 0.999050 0.342604
vt 0.939310 0.342604
vt 0.985655 0.179437
vt 0.999050 0.183297
vt 0.939310 0.183297
vt 0.999050 0.342604
vt 0.939310 0.342604
vt 0.939081 0.179437
vt 0.939310 0.342604
vt 0.999050 0.342604
vt 0.939081 0.132863
vt 0.999050 0.342604
vt 0.939310 0.342604
vt 0.985655 0.132863
vt 0.999050 0.183297
vt 0.939310 0.183297
vt 0.939310 0.183297
vt 0.999050 0.183297
vt 0.999050 0.342604
vt 0.939310 0.342604
vt 0.985655 0.179437
vt 0.999050 0.183297
vt 0.939310 0.183297
vt 0.999050 0.342604
vt 0.939310 0.342604
vt 0.939081 0.179437
vt 0.999050 0.183297
vt 0.939310 0.183297
vt 0.979692 0.781451
vt -0.000781 0.656284
vt 0.998987 0.652658
vt 0.979692 0.844034
vt -0.000781 0.718868
vt 1.000000 0.851064
vt -0.000781 0.844034
vt 0.302823 0.718868
vt 0.000000 0.851064
vt -0.000781 0.781451
vt 0.302823 0.656284
vt 0.001647 0.652658
vt 0.145247 0.656284
vt -0.000781 0.718868
vt 0.998987 0.504118
vt 0.145247 0.718868
vt -0.000781 0.781451
vt 1.000000 1.000000
vt 0.979692 0.718868
vt 0.156795 0.656284
vt 0.001647 0.504118
vt 0.979692 0.781451
vt 0.156795 0.718868
vt 0.000000 1.000000
vt 0.949641 0.103062
vt 0.905875 0.012881
vt 0.000512 0.321630
vt 0.949641 0.115757
vt 0.906075 0.219937
vt 0.905875 0.025761
vt 0.980127 0.103062
vt 0.000000 0.089593
vt 0.000512 0.312903
vt 0.958243 0.103062
vt 0.905875 0.121202
vt 0.000512 0.330358
vt 0.988729 0.115757
vt 0.906075 0.259595
vt 0.000000 0.012881
vt 0.988729 0.103062
vt 0.000000 0.000000
vt 0.000512 0.321630
vt 0.995971 0.076013
vt 0.000000 0.062150
vt 0.906075 0.297453
vt 0.995971 0.062186
vt 0.000000 0.048121
vt -0.000122 0.210448
vt 0.958243 0.076013
vt 0.905875 0.093759
vt 0.906075 0.312903
vt 0.980127 0.076013
vt 0.000000 0.062150
vt 0.906075 0.281378
vt 0.942399 0.062186
vt 0.905875 0.034093
vt -0.000122 0.156096
vt 0.942399 0.076013
vt 0.905875 0.048121
vt 0.906075 0.296828
vt 0.905875 0.048121
vt 0.905753 0.210448
vt 0.905875 0.062150
vt 0.000200 0.297453
vt 0.000000 0.034093
vt 0.905753 0.156096
vt 0.000000 0.093759
vt 0.000200 0.312903
vt 0.000000 0.048121
vt 0.000200 0.296828
vt 0.000200 0.281378
vt 0.905875 0.062150
vt 0.906387 0.321630
vt 0.905875 0.000000
vt 0.000200 0.259595
vt 0.905875 0.012881
vt 0.000000 0.121202
vt 0.906387 0.330358
vt 0.906387 0.312903
vt 0.905875 0.089593
vt 0.000000 0.025761
vt 0.000200 0.219937
vt 0.000000 0.012881
vt 0.906387 0.321630
vt 0.905875 0.048121
vt 0.943180 0.000413
vt 0.905753 0.210448
vt 0.000200 0.297453
vt 0.905875 0.062150
vt 0.943180 0.014240
vt 0.000000 0.034093
vt 0.996752 0.000413
vt 0.905753 0.156096
vt 0.000000 0.093759
vt 0.980908 0.014240
vt 0.000200 0.312903
vt 0.000000 0.048121
vt 0.996752 0.014240
vt 0.000200 0.296828
vt 0.000200 0.281378
vt 0.905875 0.062150
vt 0.959024 0.014240
vt 0.906387 0.321630
vt 0.905875 0.000000
vt 0.950422 0.041289
vt 0.000200 0.259595
vt 0.905875 0.012881
vt 0.950422 0.053985
vt 0.906387 0.330358
vt 0.000000 0.121202
vt 0.980908 0.041289
vt 0.906387 0.312903
vt 0.905875 0.089593
vt 0.959024 0.041289
vt 0.000000 0.025761
vt 0.000200 0.219937
vt 0.989510 0.053985
vt 0.000000 0.012881
vt 0.906387 0.321630
vt 0.989510 0.041289
vt 0.905875 0.048121
vt 0.905753 0.210448
vt 0.943180 0.000413
vt 0.905875 0.062150
vt 0.000200 0.297453
vt 0.943180 0.014240
vt 0.000000 0.034093
vt 0.996752 0.000413
vt 0.905753 0.156096
vt 0.000000 0.093759
vt 0.980908 0.014240
vt 0.000200 0.312903
vt 0.000000 0.048121
vt 0.996752 0.014240
vt 0.000200 0.296828
vt 0.905875 0.062150
vt 0.000200 0.281378
vt 0.959024 0.014240
vt 0.906387 0.321630
vt 0.905875 0.000000
vt 0.950422 0.041289
vt 0.000200 0.259595
vt 0.905875 0.012881
vt 0.950422 0.053985
vt 0.000000 0.121202
vt 0.906387 0.330358
vt 0.980908 0.041289
vt 0.906387 0.312903
vt 0.905875 0.089593
vt 0.959024 0.041289
vt 0.000000 0.025761
vt 0.989510 0.053985
vt 0.000200 0.219937
vt 0.000000 0.012881
vt 0.989510 0.041289
vt 0.906387 0.321630
vt 0.943180 0.000413
vt 0.905753 0.210448
vt 0.000200 0.297453
vt 0.943180 0.014240
vt 0.996752 0.000413
vt 0.905753 0.156096
vt 0.980908 0.014240
vt 0.000200 0.312903
vt 0.996752 0.014240
vt 0.000200 0.296828
vt 0.000200 0.281378
vt 0.959024 0.014240
vt 0.906387 0.321630
vt 0.950422 0.041289
vt 0.000200 0.259595
vt 0.950422 0.053985
vt 0.906387 0.330358
vt 0.980908 0.041289
vt 0.906387 0.312903
vt 0.959024 0.041289
vt 0.000200 0.219937
vt 0.989510 0.053985
vt 0.906387 0.321630
vt 0.989510 0.041289
vt 0.905753 0.210448
vt 0.943180 0.000413
vt 0.000200 0.297453
vt 0.943180 0.014240
vt 0.905753 0.156096
vt 0.996752 0.000413
vt 0.980908 0.014240
vt 0.000200 0.312903
vt 0.996752 0.014240
vt 0.000200 0.296828
vt 0.000200 0.281378
vt 0.959024 0.014240
vt 0.906387 0.321630
vt 0.950422 0.041289
vt 0.000200 0.259595
vt 0.950422 0.053985
vt 0.906387 0.330358
vt 0.980908 0.041289
vt 0.906387 0.312903
vt 0.959024 0.041289
vt 0.000200 0.219937
vt 0.989510 0.053985
vt 0.989510 0.041289
vt 0.906387 0.321630
vt 0.980127 0.103062
vt 0.000000 0.089593
vt 0.000512 0.312903
vt 0.949641 0.115757
vt 0.906075 0.219937
vt 0.905875 0.025761
vt 0.949641 0.103062
vt 0.905875 0.012881
vt 0.000512 0.321630
vt 0.958243 0.103062
vt 0.905875 0.121202
vt 0.000512 0.330358
vt 0.988729 0.103062
vt 0.000000 0.000000
vt 0.000512 0.321630
vt 0.988729 0.115757
vt 0.906075 0.259595
vt 0.000000 0.012881
vt 0.942399 0.062186
vt 0.905875 0.034093
vt -0.000122 0.156096
vt 0.995971 0.062186
vt 0.000000 0.048121
vt -0.000122 0.210448
vt 0.995971 0.076013
vt 0.000000 0.062150
vt 0.906075 0.297453
vt 0.980127 0.076013
vt 0.000000 0.062150
vt 0.906075 0.281378
vt 0.958243 0.076013
vt 0.905875 0.093759
vt 0.906075 0.312903
vt 0.942399 0.076013
vt 0.905875 0.048121
vt 0.906075 0.296828
vt 0.905875 0.048121
vt 0.943180 0.000413
vt 0.905753 0.210448
vt 0.905875 0.062150
vt 0.943180 0.014240
vt 0.000200 0.297453
vt 0.980908 0.014240
vt 0.000000 0.093759
vt 0.000200 0.312903
vt 0.959024 0.014240
vt 0.905875 0.062150
vt 0.000200 0.281378
vt 0.996752 0.000413
vt 0.000000 0.034093
vt 0.905753 0.156096
vt 0.996752 0.014240
vt 0.000000 0.048121
vt 0.000200 0.296828
vt 0.959024 0.041289
vt 0.905875 0.089593
vt 0.906387 0.312903
vt 0.980908 0.041289
vt 0.000000 0.121202
vt 0.906387 0.330358
vt 0.989510 0.041289
vt 0.000000 0.012881
vt 0.906387 0.321630
vt 0.989510 0.053985
vt 0.000200 0.219937
vt 0.000000 0.025761
vt 0.950422 0.053985
vt 0.000200 0.259595
vt 0.905875 0.012881
vt 0.950422 0.041289
vt 0.905875 0.000000
vt 0.906387 0.321630
vt 0.949641 0.103062
vt 0.905875 0.012881
vt 0.000512 0.321630
vt 0.949641 0.115757
vt 0.906075 0.219937
vt 0.905875 0.025761
vt 0.980127 0.103062
vt 0.000000 0.089593
vt 0.000512 0.312903
vt 0.958243 0.103062
vt 0.905875 0.121202
vt 0.000512 0.330358
vt 0.988729 0.115757
vt 0.906075 0.259595
vt 0.000000 0.012881
vt 0.988729 0.103062
vt 0.000000 0.000000
vt 0.000512 0.321630
vt 0.995971 0.076013
vt 0.000000 0.062150
vt 0.906075 0.297453
vt 0.995971 0.062186
vt 0.000000 0.048121
vt -0.000122 0.210448
vt 0.958243 0.076013
vt 0.905875 0.093759
vt 0.906075 0.312903
vt 0.980127 0.076013
vt 0.000000 0.062150
vt 0.906075 0.281378
vt 0.942399 0.062186
vt 0.905875 0.034093
vt -0.000122 0.156096
vt 0.942399 0.076013
vt 0.905875 0.048121
vt 0.906075 0.296828
vt 0.905875 0.048121
vt 0.905753 0.210448
vt 0.000200 0.297453
vt 0.905875 0.062150
vt 0.000000 0.034093
vt 0.905753 0.156096
vt 0.000200 0.312903
vt 0.000000 0.093759
vt 0.000000 0.048121
vt 0.000200 0.296828
vt 0.000200 0.281378
vt 0.905875 0.062150
vt 0.906387 0.321630
vt 0.905875 0.000000
vt 0.000200 0.259595
vt 0.905875 0.012881
vt 0.906387 0.330358
vt 0.000000 0.121202
vt 0.906387 0.312903
vt 0.905875 0.089593
vt 0.000200 0.219937
vt 0.000000 0.025761
vt 0.000000 0.012881
vt 0.906387 0.321630
vt 0.999050 0.183297
vt 0.939310 0.183297
vt 0.999050 0.342604
vt 0.939310 0.342604
vt 0.985655 0.132863
vt 0.939310 0.342604
vt 0.999050 0.342604
vt 0.939081 0.132863
vt 0.939310 0.183297
vt 0.999050 0.183297
vt 0.999050 0.183297
vt 0.939310 0.183297
vt 0.999050 0.342604
vt 0.939310 0.342604
vt 0.985655 0.179437
vt 0.999050 0.183297
vt 0.939310 0.183297
vt 0.999050 0.342604
vt 0.939310 0.342604
vt 0.939081 0.179437
vt 0.939310 0.342604
vt 0.999050 0.342604
vt 0.939081 0.132863
vt 0.999050 0.342604
vt 0.939310 0.342604
vt 0.985655 0.132863
vt 0.999050 0.183297
vt 0.939310 0.183297
vt 0.939310 0.183297
vt 0.999050 0.183297
vt 0.999050 0.342604
vt 0.939310 0.342604
vt 0.985655 0.179437
vt 0.999050 0.183297
vt 0.939310 0.183297
vt 0.999050 0.342604
vt 0.939310 0.342604
vt 0.939081 0.179437
vt 0.999050 0.183297
vt 0.939310 0.183297
vt 0.979692 0.781451
vt -0.000781 0.656284
vt 0.998987 0.652658
vt 0.979692 0.844034
vt -0.000781 0.718868
vt 1.000000 0.851064
vt -0.000781 0.844034
vt 0.302823 0.718868
vt 0.000000 0.851064
vt -0.000781 0.781451
vt 0.302823 0.656284
vt 0.001647 0.652658
vt 0.145247 0.656284
vt -0.000781 0.718868
vt 0.998987 0.504118
vt 0.145247 0.718868
vt -0.000781 0.781451
vt 1.000000 1.000000
vt 0.979692 0.718868
vt 0.156795 0.656284
vt 0.001647 0.504118
vt 0.979692 0.781451
vt 0.156795 0.718868
vt 0.000000 1.000000
vt 0.949641 0.103062
vt 0.905875 0.012881
vt 0.000512 0.321630
vt 0.949641 0.115757
vt 0.906075 0.219937
vt 0.905875 0.025761
vt 0.980127 0.103062
vt 0.000000 0.089593
vt 0.000512 0.312903
vt 0.958243 0.103062
vt 0.905875 0.121202
vt 0.000512 0.330358
vt 0.988729 0.115757
vt 0.906075 0.259595
vt 0.000000 0.012881
vt 0.988729 0.103062
vt 0.000000 0.000000
vt 0.000512 0.321630
vt 0.995971 0.076013
vt 0.000000 0.062150
vt 0.906075 0.297453
vt 0.995971 0.062186
vt 0.000000 0.048121
vt -0.000122 0.210448
vt 0.958243 0.076013
vt 0.905875 0.093759
vt 0.906075 0.312903
vt 0.980127 0.076013
vt 0.000000 0.062150
vt 0.906075 0.281378
vt 0.942399 0.062186
vt 0.905875 0.034093
vt -0.000122 0.156096
vt 0.942399 0.076013
vt 0.905875 0.048121
vt 0.906075 0.296828
vt 0.905875 0.048121
vt 0.905753 0.210448
vt 0.905875 0.062150
vt 0.000200 0.297453
vt 0.000000 0.034093
vt 0.905753 0.156096
vt 0.000000 0.093759
vt 0.000200 0.312903
vt 0.000000 0.048121
vt 0.000200 0.296828
vt 0.000200 0.281378
vt 0.905875 0.062150
vt 0.906387 0.321630
vt 0.905875 0.000000
vt 0.000200 0.259595
vt 0.905875 0.012881
vt 0.000000 0.121202
vt 0.906387 0.330358
vt 0.906387 0.312903
vt 0.905875 0.089593
vt 0.000000 0.025761
vt 0.000200 0.219937
vt 0.000000 0.012881
vt 0.906387 0.321630
vt 0.905875 0.048121
vt 0.943180 0.000413
vt 0.905753 0.210448
vt 0.000200 0.297453
vt 0.905875 0.062150
vt 0.943180 0.014240
vt 0.000000 0.034093
vt 0.996752 0.000413
vt 0.905753 0.156096
vt 0.000000 0.093759
vt 0.980908 0.014240
vt 0.000200 0.312903
vt 0.000000 0.048121
vt 0.996752 0.014240
vt 0.000200 0.296828
vt 0.000200 0.281378
vt 0.905875 0.062150
vt 0.959024 0.014240
vt 0.906387 0.321630
vt 0.905875 0.000000
vt 0.950422 0.041289
vt 0.000200 0.259595
vt 0.905875 0.012881
vt 0.950422 0.053985
vt 0.906387 0.330358
vt 0.000000 0.121202
vt 0.980908 0.041289
vt 0.906387 0.312903
vt 0.905875 0.089593
vt 0.959024 0.041289
vt 0.000000 0.025761
vt 0.000200 0.219937
vt 0.989510 0.053985
vt 0.000000 0.012881
vt 0.906387 0.321630
vt 0.989510 0.041289
vt 0.905875 0.048121
vt 0.905753 0.210448
vt 0.943180 0.000413
vt 0.905875 0.062150
vt 0.000200 0.297453
vt 0.943180 0.014240
vt 0.000000 0.034093
vt 0.996752 0.000413
vt 0.905753 0.156096
vt 0.000000 0.093759
vt 0.980908 0.014240
vt 0.000200 0.312903
vt 0.000000 0.048121
vt 0.996752 0.014240
vt 0.000200 0.296828
vt 0.905875 0.062150
vt 0.000200 0.281378
vt 0.959024 0.014240
vt 0.906387 0.321630
vt 0.905875 0.000000
vt 0.950422 0.041289
vt 0.000200 0.259595
vt 0.905875 0.012881
vt 0.950422 0.053985
vt 0.000000 0.121202
vt 0.906387 0.330358
vt 0.980908 0.041289
vt 0.906387 0.312903
vt 0.905875 0.089593
vt 0.959024 0.041289
vt 0.000000 0.025761
vt 0.989510 0.053985
vt 0.000200 0.219937
vt 0.000000 0.012881
vt 0.989510 0.041289
vt 0.906387 0.321630
vt 0.943180 0.000413
vt 0.905753 0.210448
vt 0.000200 0.297453
vt 0.943180 0.014240
vt 0.996752 0.000413
vt 0.905753 0.156096
vt 0.980908 0.014240
vt 0.000200 0.312903
vt 0.996752 0.014240
vt 0.000200 0.296828
vt 0.000200 0.281378
vt 0.959024 0.014240
vt 0.906387 0.321630
vt 0.950422 0.041289
vt 0.000200 0.259595
vt 0.950422 0.053985
vt 0.906387 0.330358
vt 0.980908 0.041289
vt 0.906387 0.312903
vt 0.959024 0.041289
vt 0.000200 0.219937
vt 0.989510 0.053985
vt 0.906387 0.321630
vt 0.989510 0.041289
vt 0.905753 0.210448
vt 0.943180 0.000413
vt 0.000200 0.297453
vt 0.943180 0.014240
vt 0.905753 0.156096
vt 0.996752 0.000413
vt 0.980908 0.014240
vt 0.000200 0.312903
vt 0.996752 0.014240
vt 0.000200 0.296828
vt 0.000200 0.281378
vt 0.959024 0.014240
vt 0.906387 0.321630
vt 0.950422 0.041289
vt 0.000200 0.259595
vt 0.950422 0.053985
vt 0.906387 0.330358
vt 0.980908 0.041289
vt 0.906387 0.312903
vt 0.959024 0.041289
vt 0.000200 0.219937
vt 0.989510 0.053985
vt 0.989510 0.041289
vt 0.906387 0.321630
vt 0.980127 0.103062
vt 0.000000 0.089593
vt 0.000512 0.312903
vt 0.949641 0.115757
vt 0.906075 0.219937
vt 0.905875 0.025761
vt 0.949641 0.103062
vt 0.905875 0.012881
vt 0.000512 0.321630
vt 0.958243 0.103062
vt 0.905875 0.121202
vt 0.000512 0.330358
vt 0.988729 0.103062
vt 0.000000 0.000000
vt 0.000512 0.321630
vt 0.988729 0.115757
vt 0.906075 0.259595
vt 0.000000 0.012881
vt 0.942399 0.062186
vt 0.905875 0.034093
vt -0.000122 0.156096
vt 0.995971 0.062186
vt 0.000000 0.048121
vt -0.000122 0.210448
vt 0.995971 0.076013
vt 0.000000 0.062150
vt 0.906075 0.297453
vt 0.980127 0.076013
vt 0.000000 0.062150
vt 0.906075 0.281378
vt 0.958243 0.076013
vt 0.905875 0.093759
vt 0.906075 0.312903
vt 0.942399 0.076013
vt 0.905875 0.048121
vt 0.906075 0.296828
vt 0.905875 0.048121
vt 0.943180 0.000413
vt 0.905753 0.210448
vt 0.905875 0.062150
vt 0.943180 0.014240
vt 0.000200 0.297453
vt 0.980908 0.014240
vt 0.000000 0.093759
vt 0.000200 0.312903
vt 0.959024 0.014240
vt 0.905875 0.062150
vt 0.000200 0.281378
vt 0.996752 0.000413
vt 0.000000 0.034093
vt 0.905753 0.156096
vt 0.996752 0.014240
vt 0.000000 0.048121
vt 0.000200 0.296828
vt 0.959024 0.041289
vt 0.905875 0.089593
vt 0.906387 0.312903
vt 0.980908 0.041289
vt 0.000000 0.121202
vt 0.906387 0.330358
vt 0.989510 0.041289
vt 0.000000 0.012881
vt 0.906387 0.321630
vt 0.989510 0.053985
vt 0.000200 0.219937
vt 0.000000 0.025761
vt 0.950422 0.053985
vt 0.000200 0.259595
vt 0.905875 0.012881
vt 0.950422 0.041289
vt 0.905875 0.000000
vt 0.906387 0.321630
vt 0.949641 0.103062
vt 0.905875 0.012881
vt 0.000512 0.321630
vt 0.949641 0.115757
vt 0.906075 0.219937
vt 0.905875 0.025761
vt 0.980127 0.103062
vt 0.000000 0.089593
vt 0.000512 0.312903
vt 0.958243 0.103062
vt 0.905875 0.121202
vt 0.000512 0.330358
vt 0.988729 0.115757
vt 0.906075 0.259595
vt 0.000000 0.012881
vt 0.988729 0.103062
vt 0.000000 0.000000
vt 0.000512 0.321630
vt 0.995971 0.076013
vt 0.000000 0.062150
vt 0.906075 0.297453
vt 0.995971 0.062186
vt 0.000000 0.048121
vt -0.000122 0.210448
vt 0.958243 0.076013
vt 0.905875 0.093759
vt 0.906075 0.312903
vt 0.980127 0.076013
vt 0.000000 0.062150
vt 0.906075 0.281378
vt 0.942399 0.062186
vt 0.905875 0.034093
vt -0.000122 0.156096
vt 0.942399 0.076013
vt 0.905875 0.048121
vt 0.906075 0.296828
vt 0.905875 0.048121
vt 0.905753 0.210448
vt 0.000200 0.297453
vt 0.905875 0.062150
vt 0.000000 0.034093
vt 0.905753 0.156096
vt 0.000200 0.312903
vt 0.000000 0.093759
vt 0.000000 0.048121
vt 0.000200 0.296828
vt 0.000200 0.281378
vt 0.905875 0.062150
vt 0.906387 0.321630
vt 0.905875 0.000000
vt 0.000200 0.259595
vt 0.905875 0.012881
vt 0.906387 0.330358
vt 0.000000 0.121202
vt 0.906387 0.312903
vt 0.905875 0.089593
vt 0.000200 0.219937
vt 0.000000 0.025761
vt 0.000000 0.012881
vt 0.906387 0.321630
vt 0.999050 0.183297
vt 0.939310 0.183297
vt 0.999050 0.342604
vt 0.939310 0.342604
vt 0.985655 0.132863
vt 0.939310 0.342604
vt 0.999050 0.342604
vt 0.939081 0.132863
vt 0.939310 0.183297
vt 0.999050 0.183297
vt 0.999050 0.183297
vt 0.939310 0.183297
vt 0.999050 0.342604
vt 0.939310 0.342604
vt 0.985655 0.179437
vt 0.999050 0.183297
vt 0.939310 0.183297
vt 0.999050 0.342604
vt 0.939310 0.342604
vt 0.939081 0.179437
vt 0.939310 0.342604
vt 0.999050 0.342604
vt 0.939081 0.132863
vt 0.999050 0.342604
vt 0.939310 0.342604
vt 0.985655 0.132863
vt 0.999050 0.183297
vt 0.939310 0.183297
vt 0.939310 0.183297
vt 0.999050 0.183297
vt 0.999050 0.342604
vt 0.939310 0.342604
vt 0.985655 0.179437
vt 0.999050 0.183297
vt 0.939310 0.183297
vt 0.999050 0.342604
vt 0.939310 0.342604
vt 0.939081 0.179437
vt 0.999050 0.183297
vt 0.939310 0.183297
vt 0.979692 0.781451
vt -0.000781 0.656284
vt 0.998987 0.652658
vt 0.979692 0.844034
vt -0.000781 0.718868
vt 1.000000 0.851064
vt -0.000781 0.844034
vt 0.302823 0.718868
vt 0.000000 0.851064
vt -0.000781 0.781451
vt 0.302823 0.656284
vt 0.001647 0.652658
vt 0.145247 0.656284
vt -0.000781 0.718868
vt 0.998987 0.504118
vt 0.145247 0.718868
vt -0.000781 0.781451
vt 1.000000 1.000000
vt 0.979692 0.718868
vt 0.156795 0.656284
vt 0.001647 0.504118
vt 0.979692 0.781451
vt 0.156795 0.718868
vt 0.000000 1.000000
vt 0.949641 0.103062
vt 0.905875 0.012881
vt 0.000512 0.321630
vt 0.949641 0.115757
vt 0.906075 0.219937
vt 0.905875 0.025761
vt 0.980127 0.103062
vt 0.000000 0.089593
vt 0.000512 0.312903
vt 0.958243 0.103062
vt 0.905875 0.121202
vt 0.000512 0.330358
vt 0.988729 0.115757
vt 0.906075 0.259595
vt 0.000000 0.012881
vt 0.988729 0.103062
vt 0.000000 0.000000
vt 0.000512 0.321630
vt 0.995971 0.076013
vt 0.000000 0.062150
vt 0.906075 0.297453
vt 0.995971 0.062186
vt 0.000000 0.048121
vt -0.000122 0.210448
vt 0.958243 0.076013
vt 0.905875 0.093759
vt 0.906075 0.312903
vt 0.980127 0.076013
vt 0.000000 0.062150
vt 0.906075 0.281378
vt 0.942399 0.062186
vt 0.905875 0.034093
vt -0.000122 0.156096
vt 0.942399 0.076013
vt 0.905875 0.048121
vt 0.906075 0.296828
vt 0.905875 0.048121
vt 0.905753 0.210448
vt 0.905875 0.062150
vt 0.000200 0.297453
vt 0.000000 0.034093
vt 0.905753 0.156096
vt 0.000000 0.093759
vt 0.000200 0.312903
vt 0.000000 0.048121
vt 0.000200 0.296828
vt 0.000200 0.281378
vt 0.905875 0.062150
vt 0.906387 0.321630
vt 0.905875 0.000000
vt 0.000200 0.259595
vt 0.905875 0.012881
vt 0.000000 0.121202
vt 0.906387 0.330358
vt 0.906387 0.312903
vt 0.905875 0.089593
vt 0.000000 0.025761
vt 0.000200 0.219937
vt 0.000000 0.012881
vt 0.906387 0.321630
vt 0.905875 0.048121
vt 0.943180 0.000413
vt 0.905753 0.210448
vt 0.000200 0.297453
vt 0.905875 0.062150
vt 0.943180 0.014240
vt 0.000000 0.034093
vt 0.996752 0.000413
vt 0.905753 0.156096
vt 0.000000 0.093759
vt 0.980908 0.014240
vt 0.000200 0.312903
vt 0.000000 0.048121
vt 0.996752 0.014240
vt 0.000200 0.296828
vt 0.000200 0.281378
vt 0.905875 0.062150
vt 0.959024 0.014240
vt 0.906387 0.321630
vt 0.905875 0.000000
vt 0.950422 0.041289
vt 0.000200 0.259595
vt 0.905875 0.012881
vt 0.950422 0.053985
vt 0.906387 0.330358
vt 0.000000 0.121202
vt 0.980908 0.041289
vt 0.906387 0.312903
vt 0.905875 0.089593
vt 0.959024 0.041289
vt 0.000000 0.025761
vt 0.000200 0.219937
vt 0.989510 0.053985
vt 0.000000 0.012881
vt 0.906387 0.321630
vt 0.989510 0.041289
vt 0.905875 0.048121
vt 0.905753 0.210448
vt 0.943180 0.000413
vt 0.905875 0.062150
vt 0.000200 0.297453
vt 0.943180 0.014240
vt 0.000000 0.034093
vt 0.996752 0.000413
vt 0.905753 0.156096
vt 0.000000 0.093759
vt 0.980908 0.014240
vt 0.000200 0.312903
vt 0.000000 0.048121
vt 0.996752 0.014240
vt 0.000200 0.296828
vt 0.905875 0.062150
vt 0.000200 0.281378
vt 0.959024 0.014240
vt 0.906387 0.321630
vt 0.905875 0.000000
vt 0.950422 0.041289
vt 0.000200 0.259595
vt 0.905875 0.012881
vt 0.950422 0.053985
vt 0.000000 0.121202
vt 0.906387 0.330358
vt 0.980908 0.041289
vt 0.906387 0.312903
vt 0.905875 0.089593
vt 0.959024 0.041289
vt 0.000000 0.025761
vt 0.989510 0.053985
vt 0.000200 0.219937
vt 0.000000 0.012881
vt 0.989510 0.041289
vt 0.906387 0.321630
vt 0.943180 0.000413
vt 0.905753 0.210448
vt 0.000200 0.297453
vt 0.943180 0.014240
vt 0.996752 0.000413
vt 0.905753 0.156096
vt 0.980908 0.014240
vt 0.000200 0.312903
vt 0.996752 0.014240
vt 0.000200 0.296828
vt 0.000200 0.281378
vt 0.959024 0.014240
vt 0.906387 0.321630
vt 0.950422 0.041289
vt 0.000200 0.259595
vt 0.950422 0.053985
vt 0.906387 0.330358
vt 0.980908 0.041289
vt 0.906387 0.312903
vt 0.959024 0.041289
vt 0.000200 0.219937
vt 0.989510 0.053985
vt 0.906387 0.321630
vt 0.989510 0.041289
vt 0.905753 0.210448
vt 0.943180 0.000413
vt 0.000200 0.297453
vt 0.943180 0.014240
vt 0.905753 0.156096
vt 0.996752 0.000413
vt 0.980908 0.014240
vt 0.000200 0.312903
vt 0.996752 0.014240
vt 0.000200 0.296828
vt 0.000200 0.281378
vt 0.959024 0.014240
vt 0.906387 0.321630
vt 0.950422 0.041289
vt 0.000200 0.259595
vt 0.950422 0.053985
vt 0.906387 0.330358
vt 0.980908 0.041289
vt 0.906387 0.312903
vt 0.959024 0.041289
vt 0.000200 0.219937
vt 0.989510 0.053985
vt 0.989510 0.041289
vt 0.906387 0.321630
vt 0.980127 0.103062
vt 0.000000 0.089593
vt 0.000512 0.312903
vt 0.949641 0.115757
vt 0.906075 0.219937
vt 0.905875 0.025761
vt 0.949641 0.103062
vt 0.905875 0.012881
vt 0.000512 0.321630
vt 0.958243 0.103062
vt 0.905875 0.121202
vt 0.000512 0.330358
vt 0.988729 0.103062
vt 0.000000 0.000000
vt 0.000512 0.321630
vt 0.988729 0.115757
vt 0.906075 0.259595
vt 0.000000 0.012881
vt 0.942399 0.062186
vt 0.905875 0.034093
vt -0.000122 0.156096
vt 0.995971 0.062186
vt 0.000000 0.048121
vt -0.000122 0.210448
vt 0.995971 0.076013
vt 0.000000 0.062150
vt 0.906075 0.297453
vt 0.980127 0.076013
vt 0.000000 0.062150
vt 0.906075 0.281378
vt 0.958243 0.076013
vt 0.905875 0.093759
vt 0.906075 0.312903
vt 0.942399 0.076013
vt 0.905875 0.048121
vt 0.906075 0.296828
vt 0.905875 0.048121
vt 0.943180 0.000413
vt 0.905753 0.210448
vt 0.905875 0.062150
vt 0.943180 0.014240
vt 0.000200 0.297453
vt 0.980908 0.014240
vt 0.000000 0.093759
vt 0.000200 0.312903
vt 0.959024 0.014240
vt 0.905875 0.062150
vt 0.000200 0.281378
vt 0.996752 0.000413
vt 0.000000 0.034093
vt 0.905753 0.156096
vt 0.996752 0.014240
vt 0.000000 0.048121
vt 0.000200 0.296828
vt 0.959024 0.041289
vt 0.905875 0.089593
vt 0.906387 0.312903
vt 0.980908 0.041289
vt 0.000000 0.121202
vt 0.906387 0.330358
vt 0.989510 0.041289
vt 0.000000 0.012881
vt 0.906387 0.321630
vt 0.989510 0.053985
vt 0.000200 0.219937
vt 0.000000 0.025761
vt 0.950422 0.053985
vt 0.000200 0.259595
vt 0.905875 0.012881
vt 0.950422 0.041289
vt 0.905875 0.000000
vt 0.906387 0.321630
vt 0.949641 0.103062
vt 0.905875 0.012881
vt 0.000512 0.321630
vt 0.949641 0.115757
vt 0.906075 0.219937
vt 0.905875 0.025761
vt 0.980127 0.103062
vt 0.000000 0.089593
vt 0.000512 0.312903
vt 0.958243 0.103062
vt 0.905875 0.121202
vt 0.000512 0.330358
vt 0.988729 0.115757
vt 0.906075 0.259595
vt 0.000000 0.012881
vt 0.988729 0.103062
vt 0.000000 0.000000
vt 0.000512 0.321630
vt 0.995971 0.076013
vt 0.000000 0.062150
vt 0.906075 0.297453
vt 0.995971 0.062186
vt 0.000000 0.048121
vt -0.000122 0.210448
vt 0.958243 0.076013
vt 0.905875 0.093759
vt 0.906075 0.312903
vt 0.980127 0.076013
vt 0.000000 0.062150
vt 0.906075 0.281378
vt 0.942399 0.062186
vt 0.905875 0.034093
vt -0.000122 0.156096
vt 0.942399 0.076013
vt 0.905875 0.048121
vt 0.906075 0.296828
vt 0.905875 0.048121
vt 0.905753 0.210448
vt 0.000200 0.297453
vt 0.905875 0.062150
vt 0.000000 0.034093
vt 0.905753 0.156096
vt 0.000200 0.312903
vt 0.000000 0.093759
vt 0.000000 0.048121
vt 0.000200 0.296828
vt 0.000200 0.281378
vt 0.905875 0.062150
vt 0.906387 0.321630
vt 0.905875 0.000000
vt 0.000200 0.259595
vt 0.905875 0.012881
vt 0.906387 0.330358
vt 0.000000 0.121202
vt 0.906387 0.312903
vt 0.905875 0.089593
vt 0.000200 0.219937
vt 0.000000 0.025761
vt 0.000000 0.012881
vt 0.906387 0.321630
vt 0.999050 0.183297
vt 0.939310 0.183297
vt 0.999050 0.342604
vt 0.939310 0.342604
vt 0.985655 0.132863
vt 0.939310 0.342604
vt 0.999050 0.342604
vt 0.939081 0.132863
vt 0.939310 0.183297
vt 0.999050 0.183297
vt 0.999050 0.183297
vt 0.939310 0.183297
vt 0.999050 0.342604
vt 0.939310 0.342604
vt 0.985655 0.179437
vt 0.999050 0.183297
vt 0.939310 0.183297
vt 0.999050 0.342604
vt 0.939310 0.342604
vt 0.939081 0.179437
vt 0.939310 0.342604
vt 0.999050 0.342604
vt 0.939081 0.132863
vt 0.999050 0.342604
vt 0.939310 0.342604
vt 0.985655 0.132863
vt 0.999050 0.183297
vt 0.939310 0.183297
vt 0.939310 0.183297
vt 0.999050 0.183297
vt 0.999050 0.342604
vt 0.939310 0.342604
vt 0.985655 0.179437
vt 0.999050 0.183297
vt 0.939310 0.183297
vt 0.999050 0.342604
vt 0.939310 0.342604
vt 0.939081 0.179437
vt 0.999050 0.183297
vt 0.939310 0.183297
vt 0.979692 0.781451
vt -0.000781 0.656284
vt 0.998987 0.652658
vt 0.979692 0.844034
vt -0.000781 0.718868
vt 1.000000 0.851064
vt -0.000781 0.844034
vt 0.302823 0.718868
vt 0.000000 0.851064
vt -0.000781 0.781451
vt 0.302823 0.656284
vt 0.001647 0.652658
vt 0.145247 0.656284
vt -0.000781 0.718868
vt 0.998987 0.504118
vt 0.145247 0.718868
vt -0.000781 0.781451
vt 1.000000 1.000000
vt 0.979692 0.718868
vt 0.156795 0.656284
vt 0.001647 0.504118
vt 0.979692 0.781451
vt 0.156795 0.718868
vt 0.000000 1.000000
vt 0.949641 0.103062
vt 0.905875 0.012881
vt 0.000512 0.321630
vt 0.949641 0.115757
vt 0.906075 0.219937
vt 0.905875 0.025761
vt 0.980127 0.103062
vt 0.000000 0.089593
vt 0.000512 0.312903
vt 0.958243 0.103062
vt 0.905875 0.121202
vt 0.000512 0.330358
vt 0.988729 0.115757
vt 0.906075 0.259595
vt 0.000000 0.012881
vt 0.988729 0.103062
vt 0.000000 0.000000
vt 0.000512 0.321630
vt 0.995971 0.076013
vt 0.000000 0.062150
vt 0.906075 0.297453
vt 0.995971 0.062186
vt 0.000000 0.048121
vt -0.000122 0.210448
vt 0.958243 0.076013
vt 0.905875 0.093759
vt 0.906075 0.312903
vt 0.980127 0.076013
vt 0.000000 0.062150
vt 0.906075 0.281378
vt 0.942399 0.062186
vt 0.905875 0.034093
vt -0.000122 0.156096
vt 0.942399 0.076013
vt 0.905875 0.048121
vt 0.906075 0.296828
vt 0.905875 0.048121
vt 0.905753 0.210448
vt 0.905875 0.062150
vt 0.000200 0.297453
vt 0.000000 0.034093
vt 0.905753 0.156096
vt 0.000000 0.093759
vt 0.000200 0.312903
vt 0.000000 0.048121
vt 0.000200 0.296828
vt 0.000200 0.281378
vt 0.905875 0.062150
vt 0.906387 0.321630
vt 0.905875 0.000000
vt 0.000200 0.259595
vt 0.905875 0.012881
vt 0.000000 0.121202
vt 0.906387 0.330358
vt 0.906387 0.312903
vt 0.905875 0.089593
vt 0.000000 0.025761
vt 0.000200 0.219937
vt 0.000000 0.012881
vt 0.906387 0.321630
vt 0.905875 0.048121
vt 0.943180 0.000413
vt 0.905753 0.210448
vt 0.000200 0.297453
vt 0.905875 0.062150
vt 0.943180 0.014240
vt 0.000000 0.034093
vt 0.996752 0.000413
vt 0.905753 0.156096
vt 0.000000 0.093759
vt 0.980908 0.014240
vt 0.000200 0.312903
vt 0.000000 0.048121
vt 0.996752 0.014240
vt 0.000200 0.296828
vt 0.000200 0.281378
vt 0.905875 0.062150
vt 0.959024 0.014240
vt 0.906387 0.321630
vt 0.905875 0.000000
vt 0.950422 0.041289
vt 0.000200 0.259595
vt 0.905875 0.012881
vt 0.950422 0.053985
vt 0.906387 0.330358
vt 0.000000 0.121202
vt 0.980908 0.041289
vt 0.906387 0.312903
vt 0.905875 0.089593
vt 0.959024 0.041289
vt 0.000000 0.025761
vt 0.000200 0.219937
vt 0.989510 0.053985
vt 0.000000 0.012881
vt 0.906387 0.321630
vt 0.989510 0.041289
vt 0.905875 0.048121
vt 0.905753 0.210448
vt 0.943180 0.000413
vt 0.905875 0.062150
vt 0.000200 0.297453
vt 0.943180 0.014240
vt 0.000000 0.034093
vt 0.996752 0.000413
vt 0.905753 0.156096
vt 0.000000 0.093759
vt 0.980908 0.014240
vt 0.000200 0.312903
vt 0.000000 0.048121
vt 0.996752 0.014240
vt 0.000200 0.296828
vt 0.905875 0.062150
vt 0.000200 0.281378
vt 0.959024 0.014240
vt 0.906387 0.321630
vt 0.905875 0.000000
vt 0.950422 0.041289
vt 0.000200 0.259595
vt 0.905875 0.012881
vt 0.950422 0.053985
vt 0.000000 0.121202
vt 0.906387 0.330358
vt 0.980908 0.041289
vt 0.906387 0.312903
vt 0.905875 0.089593
vt 0.959024 0.041289
vt 0.000000 0.025761
vt 0.989510 0.053985
vt 0.000200 0.219937
vt 0.000000 0.012881
vt 0.989510 0.041289
vt 0.906387 0.321630
vt 0.943180 0.000413
vt 0.905753 0.210448
vt 0.000200 0.297453
vt 0.943180 0.014240
vt 0.996752 0.000413
vt 0.905753 0.156096
vt 0.980908 0.014240
vt 0.000200 0.312903
vt 0.996752 0.014240
vt 0.000200 0.296828
vt 0.000200 0.281378
vt 0.959024 0.014240
vt 0.906387 0.321630
vt 0.950422 0.041289
vt 0.000200 0.259595
vt 0.950422 0.053985
vt 0.906387 0.330358
vt 0.980908 0.041289
vt 0.906387 0.312903
vt 0.959024 0.041289
vt 0.000200 0.219937
vt 0.989510 0.053985
vt 0.906387 0.321630
vt 0.989510 0.041289
vt 0.905753 0.210448
vt 0.943180 0.000413
vt 0.000200 0.297453
vt 0.943180 0.014240
vt 0.905753 0.156096
vt 0.996752 0.000413
vt 0.980908 0.014240
vt 0.000200 0.312903
vt 0.996752 0.014240
vt 0.000200 0.296828
vt 0.000200 0.281378
vt 0.959024 0.014240
vt 0.906387 0.321630
vt 0.950422 0.041289
vt 0.000200 0.259595
vt 0.950422 0.053985
vt 0.906387 0.330358
vt 0.980908 0.041289
vt 0.906387 0.312903
vt 0.959024 0.041289
vt 0.000200 0.219937
vt 0.989510 0.053985
vt 0.989510 0.041289
vt 0.906387 0.321630
vt 0.980127 0.103062
vt 0.000000 0.089593
vt 0.000512 0.312903
vt 0.949641 0.115757
vt 0.906075 0.219937
vt 0.905875 0.025761
vt 0.949641 0.103062
vt 0.905875 0.012881
vt 0.000512 0.321630
vt 0.958243 0.103062
vt 0.905875 0.121202
vt 0.000512 0.330358
vt 0.988729 0.103062
vt 0.000000 0.000000
vt 0.000512 0.321630
vt 0.988729 0.115757
vt 0.906075 0.259595
vt 0.000000 0.012881
vt 0.942399 0.062186
vt 0.905875 0.034093
vt -0.000122 0.156096
vt 0.995971 0.062186
vt 0.000000 0.048121
vt -0.000122 0.210448
vt 0.995971 0.076013
vt 0.000000 0.062150
vt 0.906075 0.297453
vt 0.980127 0.076013
vt 0.000000 0.062150
vt 0.906075 0.281378
vt 0.958243 0.076013
vt 0.905875 0.093759
vt 0.906075 0.312903
vt 0.942399 0.076013
vt 0.905875 0.048121
vt 0.906075 0.296828
vt 0.905875 0.048121
vt 0.943180 0.000413
vt 0.905753 0.210448
vt 0.905875 0.062150
vt 0.943180 0.014240
vt 0.000200 0.297453
vt 0.980908 0.014240
vt 0.000000 0.093759
vt 0.000200 0.312903
vt 0.959024 0.014240
vt 0.905875 0.062150
vt 0.000200 0.281378
vt 0.996752 0.000413
vt 0.000000 0.034093
vt 0.905753 0.156096
vt 0.996752 0.014240
vt 0.000000 0.048121
vt 0.000200 0.296828
vt 0.959024 0.041289
vt 0.905875 0.089593
vt 0.906387 0.312903
vt 0.980908 0.041289
vt 0.000000 0.121202
vt 0.906387 0.330358
vt 0.989510 0.041289
vt 0.000000 0.012881
vt 0.906387 0.321630
vt 0.989510 0.053985
vt 0.000200 0.219937
vt 0.000000 0.025761
vt 0.950422 0.053985
vt 0.000200 0.259595
vt 0.905875 0.012881
vt 0.950422 0.041289
vt 0.905875 0.000000
vt 0.906387 0.321630
vt 0.949641 0.103062
vt 0.905875 0.012881
vt 0.000512 0.321630
vt 0.949641 0.115757
vt 0.906075 0.219937
vt 0.905875 0.025761
vt 0.980127 0.103062
vt 0.000000 0.089593
vt 0.000512 0.312903
vt 0.958243 0.103062
vt 0.905875 0.121202
vt 0.000512 0.330358
vt 0.988729 0.115757
vt 0.906075 0.259595
vt 0.000000 0.012881
vt 0.988729 0.103062
vt 0.000000 0.000000
vt 0.000512 0.321630
vt 0.995971 0.076013
vt 0.000000 0.062150
vt 0.906075 0.297453
vt 0.995971 0.062186
vt 0.000000 0.048121
vt -0.000122 0.210448
vt 0.958243 0.076013
vt 0.905875 0.093759
vt 0.906075 0.312903
vt 0.980127 0.076013
vt 0.000000 0.062150
vt 0.906075 0.281378
vt 0.942399 0.062186
vt 0.905875 0.034093
vt -0.000122 0.156096
vt 0.942399 0.076013
vt 0.905875 0.048121
vt 0.906075 0.296828
vt 0.905875 0.048121
vt 0.905753 0.210448
vt 0.000200 0.297453
vt 0.905875 0.062150
vt 0.000000 0.034093
vt 0.905753 0.156096
vt 0.000200 0.312903
vt 0.000000 0.093759
vt 0.000000 0.048121
vt 0.000200 0.296828
vt 0.000200 0.281378
vt 0.905875 0.062150
vt 0.906387 0.321630
vt 0.905875 0.000000
vt 0.000200 0.259595
vt 0.905875 0.012881
vt 0.906387 0.330358
vt 0.000000 0.121202
vt 0.906387 0.312903
vt 0.905875 0.089593
vt 0.000200 0.219937
vt 0.000000 0.025761
vt 0.000000 0.012881
vt 0.906387 0.321630
vt 0.999050 0.183297
vt 0.939310 0.183297
vt 0.999050 0.342604
vt 0.939310 0.342604
vt 0.985655 0.132863
vt 0.939310 0.342604
vt 0.999050 0.342604
vt 0.939081 0.132863
vt 0.939310 0.183297
vt 0.999050 0.183297
vt 0.999050 0.183297
vt 0.939310 0.183297
vt 0.999050 0.342604
vt 0.939310 0.342604
vt 0.985655 0.179437
vt 0.999050 0.183297
vt 0.939310 0.183297
vt 0.999050 0.342604
vt 0.939310 0.342604
vt 0.939081 0.179437
vt 0.939310 0.342604
vt 0.999050 0.342604
vt 0.939081 0.132863
vt 0.999050 0.342604
vt 0.939310 0.342604
vt 0.985655 0.132863
vt 0.999050 0.183297
vt 0.939310 0.183297
vt 0.939310 0.183297
vt 0.999050 0.183297
vt 0.999050 0.342604
vt 0.939310 0.342604
vt 0.985655 0.179437
vt 0.999050 0.183297
vt 0.939310 0.183297
vt 0.999050 0.342604
vt 0.939310 0.342604
vt 0.939081 0.179437
vt 0.999050 0.183297
vt 0.939310 0.183297
vt 0.979692 0.781451
vt -0.000781 0.656284
vt 0.998987 0.652658
vt 0.979692 0.844034
vt -0.000781 0.718868
vt 1.000000 0.851064
vt -0.000781 0.844034
vt 0.302823 0.718868
vt 0.000000 0.851064
vt -0.000781 0.781451
vt 0.302823 0.656284
vt 0.001647 0.652658
vt 0.145247 0.656284
vt -0.000781 0.718868
vt 0.998987 0.504118
vt 0.145247 0.718868
vt -0.000781 0.781451
vt 1.000000 1.000000
vt 0.979692 0.718868
vt 0.156795 0.656284
vt 0.001647 0.504118
vt 0.979692 0.781451
vt 0.156795 0.718868
vt 0.000000 1.000000
vt 0.949641 0.103062
vt 0.905875 0.012881
vt 0.000512 0.321630
vt 0.949641 0.115757
vt 0.906075 0.219937
vt 0.905875 0.025761
vt 0.980127 0.103062
vt 0.000000 0.089593
vt 0.000512 0.312903
vt 0.958243 0.103062
vt 0.905875 0.121202
vt 0.000512 0.330358
vt 0.988729 0.115757
vt 0.906075 0.259595
vt 0.000000 0.012881
vt 0.988729 0.103062
vt 0.000000 0.000000
vt 0.000512 0.321630
vt 0.995971 0.076013
vt 0.000000 0.062150
vt 0.906075 0.297453
vt 0.995971 0.062186
vt 0.000000 0.048121
vt -0.000122 0.210448
vt 0.958243 0.076013
vt 0.905875 0.093759
vt 0.906075 0.312903
vt 0.980127 0.076013
vt 0.000000 0.062150
vt 0.906075 0.281378
vt 0.942399 0.062186
vt 0.905875 0.034093
vt -0.000122 0.156096
vt 0.942399 0.076013
vt 0.905875 0.048121
vt 0.906075 0.296828
vt 0.905875 0.048121
vt 0.905753 0.210448
vt 0.905875 0.062150
vt 0.000200 0.297453
vt 0.000000 0.034093
vt 0.905753 0.156096
vt 0.000000 0.093759
vt 0.000200 0.312903
vt 0.000000 0.048121
vt 0.000200 0.296828
vt 0.000200 0.281378
vt 0.905875 0.062150
vt 0.906387 0.321630
vt 0.905875 0.000000
vt 0.000200 0.259595
vt 0.905875 0.012881
vt 0.000000 0.121202
vt 0.906387 0.330358
vt 0.906387 0.312903
vt 0.905875 0.089593
vt 0.000000 0.025761
vt 0.000200 0.219937
vt 0.000000 0.012881
vt 0.906387 0.321630
vt 0.905875 0.048121
vt 0.943180 0.000413
vt 0.905753 0.210448
vt 0.000200 0.297453
vt 0.905875 0.062150
vt 0.943180 0.014240
vt 0.000000 0.034093
vt 0.996752 0.000413
vt 0.905753 0.156096
vt 0.000000 0.093759
vt 0.980908 0.014240
vt 0.000200 0.312903
vt 0.000000 0.048121
vt 0.996752 0.014240
vt 0.000200 0.296828
vt 0.000200 0.281378
vt 0.905875 0.062150
vt 0.959024 0.014240
vt 0.906387 0.321630
vt 0.905875 0.000000
vt 0.950422 0.041289
vt 0.000200 0.259595
vt 0.905875 0.012881
vt 0.950422 0.053985
vt 0.906387 0.330358
vt 0.000000 0.121202
vt 0.980908 0.041289
vt 0.906387 0.312903
vt 0.905875 0.089593
vt 0.959024 0.041289
vt 0.000000 0.025761
vt 0.000200 0.219937
vt 0.989510 0.053985
vt 0.000000 0.012881
vt 0.906387 0.321630
vt 0.989510 0.041289
vt 0.905875 0.048121
vt 0.905753 0.210448
vt 0.943180 0.000413
vt 0.905875 0.062150
vt 0.000200 0.297453
vt 0.943180 0.014240
vt 0.000000 0.034093
vt 0.996752 0.000413
vt 0.905753 0.156096
vt 0.000000 0.093759
vt 0.980908 0.014240
vt 0.000200 0.312903
vt 0.000000 0.048121
vt 0.996752 0.014240
vt 0.000200 0.296828
vt 0.905875 0.062150
vt 0.000200 0.281378
vt 0.959024 0.014240
vt 0.906387 0.321630
vt 0.905875 0.000000
vt 0.950422 0.041289
vt 0.000200 0.259595
vt 0.905875 0.012881
vt 0.950422 0.053985
vt 0.000000 0.121202
vt 0.906387 0.330358
vt 0.980908 0.041289
vt 0.906387 0.312903
vt 0.905875 0.089593
vt 0.959024 0.041289
vt 0.000000 0.025761
vt 0.989510 0.053985
vt 0.000200 0.219937
vt 0.000000 0.012881
vt 0.989510 0.041289
vt 0.906387 0.321630
vt 0.943180 0.000413
vt 0.905753 0.210448
vt 0.000200 0.297453
vt 0.943180 0.014240
vt 0.996752 0.000413
vt 0.905753 0.156096
vt 0.980908 0.014240
vt 0.000200 0.312903
vt 0.996752 0.014240
vt 0.000200 0.296828
vt 0.000200 0.281378
vt 0.959024 0.014240
vt 0.906387 0.321630
vt 0.950422 0.041289
vt 0.000200 0.259595
vt 0.950422 0.053985
vt 0.906387 0.330358
vt 0.980908 0.041289
vt 0.906387 0.312903
vt 0.959024 0.041289
vt 0.000200 0.219937
vt 0.989510 0.053985
vt 0.906387 0.321630
vt 0.989510 0.041289
vt 0.905753 0.210448
vt 0.943180 0.000413
vt 0.000200 0.297453
vt 0.943180 0.014240
vt 0.905753 0.156096
vt 0.996752 0.000413
vt 0.980908 0.014240
vt 0.000200 0.312903
vt 0.996752 0.014240
vt 0.000200 0.296828
vt 0.000200 0.281378
vt 0.959024 0.014240
vt 0.906387 0.321630
vt 0.950422 0.041289
vt 0.000200 0.259595
vt 0.950422 0.053985
vt 0.906387 0.330358
vt 0.980908 0.041289
vt 0.906387 0.312903
vt 0.959024 0.041289
vt 0.000200 0.219937
vt 0.989510 0.053985
vt 0.989510 0.041289
vt 0.906387 0.321630
vt 0.980127 0.103062
vt 0.000000 0.089593
vt 0.000512 0.312903
vt 0.949641 0.115757
vt 0.906075 0.219937
vt 0.905875 0.025761
vt 0.949641 0.103062
vt 0.905875 0.012881
vt 0.000512 0.321630
vt 0.958243 0.103062
vt 0.905875 0.121202
vt 0.000512 0.330358
vt 0.988729 0.103062
vt 0.000000 0.000000
vt 0.000512 0.321630
vt 0.988729 0.115757
vt 0.906075 0.259595
vt 0.000000 0.012881
vt 0.942399 0.062186
vt 0.905875 0.034093
vt -0.000122 0.156096
vt 0.995971 0.062186
vt 0.000000 0.048121
vt -0.000122 0.210448
vt 0.995971 0.076013
vt 0.000000 0.062150
vt 0.906075 0.297453
vt 0.980127 0.076013
vt 0.000000 0.062150
vt 0.906075 0.281378
vt 0.958243 0.076013
vt 0.905875 0.093759
vt 0.906075 0.312903
vt 0.942399 0.076013
vt 0.905875 0.048121
vt 0.906075 0.296828
vt 0.905875 0.048121
vt 0.943180 0.000413
vt 0.905753 0.210448
vt 0.905875 0.062150
vt 0.943180 0.014240
vt 0.000200 0.297453
vt 0.980908 0.014240
vt 0.000000 0.093759
vt 0.000200 0.312903
vt 0.959024 0.014240
vt 0.905875 0.062150
vt 0.000200 0.281378
vt 0.996752 0.000413
vt 0.000000 0.034093
vt 0.905753 0.156096
vt 0.996752 0.014240
vt 0.000000 0.048121
vt 0.000200 0.296828
vt 0.959024 0.041289
vt 0.905875 0.089593
vt 0.906387 0.312903
vt 0.980908 0.041289
vt 0.000000 0.121202
vt 0.906387 0.330358
vt 0.989510 0.041289
vt 0.000000 0.012881
vt 0.906387 0.321630
vt 0.989510 0.053985
vt 0.000200 0.219937
vt 0.000000 0.025761
vt 0.950422 0.053985
vt 0.000200 0.259595
vt 0.905875 0.012881
vt 0.950422 0.041289
vt 0.905875 0.000000
vt 0.906387 0.321630
vt 0.949641 0.103062
vt 0.905875 0.012881
vt 0.000512 0.321630
vt 0.949641 0.115757
vt 0.906075 0.219937
vt 0.905875 0.025761
vt 0.980127 0.103062
vt 0.000000 0.089593
vt 0.000512 0.312903
vt 0.958243 0.103062
vt 0.905875 0.121202
vt 0.000512 0.330358
vt 0.988729 0.115757
vt 0.906075 0.259595
vt 0.000000 0.012881
vt 0.988729 0.103062
vt 0.000000 0.000000
vt 0.000512 0.321630
vt 0.995971 0.076013
vt 0.000000 0.062150
vt 0.906075 0.297453
vt 0.995971 0.062186
vt 0.000000 0.048121
vt -0.000122 0.210448
vt 0.958243 0.076013
vt 0.905875 0.093759
vt 0.906075 0.312903
vt 0.980127 0.076013
vt 0.000000 0.062150
vt 0.906075 0.281378
vt 0.942399 0.062186
vt 0.905875 0.034093
vt -0.000122 0.156096
vt 0.942399 0.076013
vt 0.905875 0.048121
vt 0.906075 0.296828
vt 0.905875 0.048121
vt 0.905753 0.210448
vt 0.000200 0.297453
vt 0.905875 0.062150
vt 0.000000 0.034093
vt 0.905753 0.156096
vt 0.000200 0.312903
vt 0.000000 0.093759
vt 0.000000 0.048121
vt 0.000200 0.296828
vt 0.000200 0.281378
vt 0.905875 0.062150
vt 0.906387 0.321630
vt 0.905875 0.000000
vt 0.000200 0.259595
vt 0.905875 0.012881
vt 0.906387 0.330358
vt 0.000000 0.121202
vt 0.906387 0.312903
vt 0.905875 0.089593
vt 0.000200 0.219937
vt 0.000000 0.025761
vt 0.000000 0.012881
vt 0.906387 0.321630
vt 0.999050 0.183297
vt 0.939310 0.183297
vt 0.999050 0.342604
vt 0.939310 0.342604
vt 0.985655 0.132863
vt 0.939310 0.342604
vt 0.999050 0.342604
vt 0.939081 0.132863
vt 0.939310 0.183297
vt 0.999050 0.183297
vt 0.999050 0.183297
vt 0.939310 0.183297
vt 0.999050 0.342604
vt 0.939310 0.342604
vt 0.985655 0.179437
vt 0.999050 0.183297
vt 0.939310 0.183297
vt 0.999050 0.342604
vt 0.939310 0.342604
vt 0.939081 0.179437
vt 0.939310 0.342604
vt 0.999050 0.342604
vt 0.939081 0.132863
vt 0.999050 0.342604
vt 0.939310 0.342604
vt 0.985655 0.132863
vt 0.999050 0.183297
vt 0.939310 0.183297
vt 0.939310 0.183297
vt 0.999050 0.183297
vt 0.999050 0.342604
vt 0.939310 0.342604
vt 0.985655 0.179437
vt 0.999050 0.183297
vt 0.939310 0.183297
vt 0.999050 0.342604
vt 0.939310 0.342604
vt 0.939081 0.179437
vt 0.999050 0.183297
vt 0.939310 0.183297
vt 0.979692 0.781451
vt -0.000781 0.656284
vt 0.998987 0.652658
vt 0.979692 0.844034
vt -0.000781 0.718868
vt 1.000000 0.851064
vt -0.000781 0.844034
vt 0.302823 0.718868
vt 0.000000 0.851064
vt -0.000781 0.781451
vt 0.302823 0.656284
vt 0.001647 0.652658
vt 0.145247 0.656284
vt -0.000781 0.718868
vt 0.998987 0.504118
vt 0.145247 0.718868
vt -0.000781 0.781451
vt 1.000000 1.000000
vt 0.979692 0.718868
vt 0.156795 0.656284
vt 0.001647 0.504118
vt 0.979692 0.781451
vt 0.156795 0.718868
vt 0.000000 1.000000
vt 0.949641 0.103062
vt 0.905875 0.012881
vt 0.000512 0.321630
vt 0.949641 0.115757
vt 0.906075 0.219937
vt 0.905875 0.025761
vt 0.980127 0.103062
vt 0.000000 0.089593
vt 0.000512 0.312903
vt 0.958243 0.103062
vt 0.905875 0.121202
vt 0.000512 0.330358
vt 0.988729 0.115757
vt 0.906075 0.259595
vt 0.000000 0.012881
vt 0.988729 0.103062
vt 0.000000 0.000000
vt 0.000512 0.321630
vt 0.995971 0.076013
vt 0.000000 0.062150
vt 0.906075 0.297453
vt 0.995971 0.062186
vt 0.000000 0.048121
vt -0.000122 0.210448
vt 0.958243 0.076013
vt 0.905875 0.093759
vt 0.906075 0.312903
vt 0.980127 0.076013
vt 0.000000 0.062150
vt 0.906075 0.281378
vt 0.942399 0.062186
vt 0.905875 0.034093
vt -0.000122 0.156096
vt 0.942399 0.076013
vt 0.905875 0.048121
vt 0.906075 0.296828
vt 0.905875 0.048121
vt 0.905753 0.210448
vt 0.905875 0.062150
vt 0.000200 0.297453
vt 0.000000 0.034093
vt 0.905753 0.156096
vt 0.000000 0.093759
vt 0.000200 0.312903
vt 0.000000 0.048121
vt 0.000200 0.296828
vt 0.000200 0.281378
vt 0.905875 0.062150
vt 0.906387 0.321630
vt 0.905875 0.000000
vt 0.000200 0.259595
vt 0.905875 0.012881
vt 0.000000 0.121202
vt 0.906387 0.330358
vt 0.906387 0.312903
vt 0.905875 0.089593
vt 0.000000 0.025761
vt 0.000200 0.219937
vt 0.000000 0.012881
vt 0.906387 0.321630
vt 0.905875 0.048121
vt 0.943180 0.000413
vt 0.905753 0.210448
vt 0.000200 0.297453
vt 0.905875 0.062150
vt 0.943180 0.014240
vt 0.000000 0.034093
vt 0.996752 0.000413
vt 0.905753 0.156096
vt 0.000000 0.093759
vt 0.980908 0.014240
vt 0.000200 0.312903
vt 0.000000 0.048121
vt 0.996752 0.014240
vt 0.000200 0.296828
vt 0.000200 0.281378
vt 0.905875 0.062150
vt 0.959024 0.014240
vt 0.906387 0.321630
vt 0.905875 0.000000
vt 0.950422 0.041289
vt 0.000200 0.259595
vt 0.905875 0.012881
vt 0.950422 0.053985
vt 0.906387 0.330358
vt 0.000000 0.121202
vt 0.980908 0.041289
vt 0.906387 0.312903
vt 0.905875 0.089593
vt 0.959024 0.041289
vt 0.000000 0.025761
vt 0.000200 0.219937
vt 0.989510 0.053985
vt 0.000000 0.012881
vt 0.906387 0.321630
vt 0.989510 0.041289
vt 0.905875 0.048121
vt 0.905753 0.210448
vt 0.943180 0.000413
vt 0.905875 0.062150
vt 0.000200 0.297453
vt 0.943180 0.014240
vt 0.000000 0.034093
vt 0.996752 0.000413
vt 0.905753 0.156096
vt 0.000000 0.093759
vt 0.980908 0.014240
vt 0.000200 0.312903
vt 0.000000 0.048121
vt 0.996752 0.014240
vt 0.000200 0.296828
vt 0.905875 0.062150
vt 0.000200 0.281378
vt 0.959024 0.014240
vt 0.906387 0.321630
vt 0.905875 0.000000
vt 0.950422 0.041289
vt 0.000200 0.259595
vt 0.905875 0.012881
vt 0.950422 0.053985
vt 0.000000 0.121202
vt 0.906387 0.330358
vt 0.980908 0.041289
vt 0.906387 0.312903
vt 0.905875 0.089593
vt 0.959024 0.041289
vt 0.000000 0.025761
vt 0.989510 0.053985
vt 0.000200 0.219937
vt 0.000000 0.012881
vt 0.989510 0.041289
vt 0.906387 0.321630
vt 0.943180 0.000413
vt 0.905753 0.210448
vt 0.000200 0.297453
vt 0.943180 0.014240
vt 0.996752 0.000413
vt 0.905753 0.156096
vt 0.980908 0.014240
vt 0.000200 0.312903
vt 0.996752 0.014240
vt 0.000200 0.296828
vt 0.000200 0.281378
vt 0.959024 0.014240
vt 0.906387 0.321630
vt 0.950422 0.041289
vt 0.000200 0.259595
vt 0.950422 0.053985
vt 0.906387 0.330358
vt 0.980908 0.041289
vt 0.906387 0.312903
vt 0.959024 0.041289
vt 0.000200 0.219937
vt 0.989510 0.053985
vt 0.906387 0.321630
vt 0.989510 0.041289
vt 0.905753 0.210448
vt 0.943180 0.000413
vt 0.000200 0.297453
vt 0.943180 0.014240
vt 0.905753 0.156096
vt 0.996752 0.000413
vt 0.980908 0.014240
vt 0.000200 0.312903
vt 0.996752 0.014240
vt 0.000200 0.296828
vt 0.000200 0.281378
vt 0.959024 0.014240
vt 0.906387 0.321630
vt 0.950422 0.041289
vt 0.000200 0.259595
vt 0.950422 0.053985
vt 0.906387 0.330358
vt 0.980908 0.041289
vt 0.906387 0.312903
vt 0.959024 0.041289
vt 0.000200 0.219937
vt 0.989510 0.053985
vt 0.989510 0.041289
vt 0.906387 0.321630
vt 0.980127 0.103062
vt 0.000000 0.089593
vt 0.000512 0.312903
vt 0.949641 0.115757
vt 0.906075 0.219937
vt 0.905875 0.025761
vt 0.949641 0.103062
vt 0.905875 0.012881
vt 0.000512 0.321630
vt 0.958243 0.103062
vt 0.905875 0.121202
vt 0.000512 0.330358
vt 0.988729 0.103062
vt 0.000000 0.000000
vt 0.000512 0.321630
vt 0.988729 0.115757
vt 0.906075 0.259595
vt 0.000000 0.012881
vt 0.942399 0.062186
vt 0.905875 0.034093
vt -0.000122 0.156096
vt 0.995971 0.062186
vt 0.000000 0.048121
vt -0.000122 0.210448
vt 0.995971 0.076013
vt 0.000000 0.062150
vt 0.906075 0.297453
vt 0.980127 0.076013
vt 0.000000 0.062150
vt 0.906075 0.281378
vt 0.958243 0.076013
vt 0.905875 0.093759
vt 0.906075 0.312903
vt 0.942399 0.076013
vt 0.905875 0.048121
vt 0.906075 0.296828
vt 0.905875 0.048121
vt 0.943180 0.000413
vt 0.905753 0.210448
vt 0.905875 0.062150
vt 0.943180 0.014240
vt 0.000200 0.297453
vt 0.980908 0.014240
vt 0.000000 0.093759
vt 0.000200 0.312903
vt 0.959024 0.014240
vt 0.905875 0.062150
vt 0.000200 0.281378
vt 0.996752 0.000413
vt 0.000000 0.034093
vt 0.905753 0.156096
vt 0.996752 0.014240
vt 0.000000 0.048121
vt 0.000200 0.296828
vt 0.959024 0.041289
vt 0.905875 0.089593
vt 0.906387 0.312903
vt 0.980908 0.041289
vt 0.000000 0.121202
vt 0.906387 0.330358
vt 0.989510 0.041289
vt 0.000000 0.012881
vt 0.906387 0.321630
vt 0.989510 0.053985
vt 0.000200 0.219937
vt 0.000000 0.025761
vt 0.950422 0.053985
vt 0.000200 0.259595
vt 0.905875 0.012881
vt 0.950422 0.041289
vt 0.905875 0.000000
vt 0.906387 0.321630
vt 0.949641 0.103062
vt 0.905875 0.012881
vt 0.000512 0.321630
vt 0.949641 0.115757
vt 0.906075 0.219937
vt 0.905875 0.025761
vt 0.980127 0.103062
vt 0.000000 0.089593
vt 0.000512 0.312903
vt 0.958243 0.103062
vt 0.905875 0.121202
vt 0.000512 0.330358
vt 0.988729 0.115757
vt 0.906075 0.259595
vt 0.000000 0.012881
vt 0.988729 0.103062
vt 0.000000 0.000000
vt 0.000512 0.321630
vt 0.995971 0.076013
vt 0.000000 0.062150
vt 0.906075 0.297453
vt 0.995971 0.062186
vt 0.000000 0.048121
vt -0.000122 0.210448
vt 0.958243 0.076013
vt 0.905875 0.093759
vt 0.906075 0.312903
vt 0.980127 0.076013
vt 0.000000 0.062150
vt 0.906075 0.281378
vt 0.942399 0.062186
vt 0.905875 0.034093
vt -0.000122 0.156096
vt 0.942399 0.076013
vt 0.905875 0.048121
vt 0.906075 0.296828
vt 0.905875 0.048121
vt 0.905753 0.210448
vt 0.000200 0.297453
vt 0.905875 0.062150
vt 0.000000 0.034093
vt 0.905753 0.156096
vt 0.000200 0.312903
vt 0.000000 0.093759
vt 0.000000 0.048121
vt 0.000200 0.296828
vt 0.000200 0.281378
vt 0.905875 0.062150
vt 0.906387 0.321630
vt 0.905875 0.000000
vt 0.000200 0.259595
vt 0.905875 0.012881
vt 0.906387 0.330358
vt 0.000000 0.121202
vt 0.906387 0.312903
vt 0.905875 0.089593
vt 0.000200 0.219937
vt 0.000000 0.025761
vt 0.000000 0.012881
vt 0.906387 0.321630
vt 0.999050 0.183297
vt 0.939310 0.183297
vt 0.999050 0.342604
vt 0.939310 0.342604
vt 0.985655 0.132863
vt 0.939310 0.342604
vt 0.999050 0.342604
vt 0.939081 0.132863
vt 0.939310 0.183297
vt 0.999050 0.183297
vt 0.999050 0.183297
vt 0.939310 0.183297
vt 0.999050 0.342604
vt 0.939310 0.342604
vt 0.985655 0.179437
vt 0.999050 0.183297
vt 0.939310 0.183297
vt 0.999050 0.342604
vt 0.939310 0.342604
vt 0.939081 0.179437
vt 0.939310 0.342604
vt 0.999050 0.342604
vt 0.939081 0.132863
vt 0.999050 0.342604
vt 0.939310 0.342604
vt 0.985655 0.132863
vt 0.999050 0.183297
vt 0.939310 0.183297
vt 0.939310 0.183297
vt 0.999050 0.183297
vt 0.999050 0.342604
vt 0.939310 0.342604
vt 0.985655 0.179437
vt 0.999050 0.183297
vt 0.939310 0.183297
vt 0.999050 0.342604
vt 0.939310 0.342604
vt 0.939081 0.179437
vt 0.999050 0.183297
vt 0.939310 0.183297
vt 0.979692 0.781451
vt -0.000781 0.656284
vt 0.998987 0.652658
vt 0.979692 0.844034
vt -0.000781 0.718868
vt 1.000000 0.851064
vt -0.000781 0.844034
vt 0.302823 0.718868
vt 0.000000 0.851064
vt -0.000781 0.781451
vt 0.302823 0.656284
vt 0.001647 0.652658
vt 0.145247 0.656284
vt -0.000781 0.718868
vt 0.998987 0.504118
vt 0.145247 0.718868
vt -0.000781 0.781451
vt 1.000000 1.000000
vt 0.979692 0.718868
vt 0.156795 0.656284
vt 0.001647 0.504118
vt 0.979692 0.781451
vt 0.156795 0.718868
vt 0.000000 1.000000
vt 0.949641 0.103062
vt 0.905875 0.012881
vt 0.000512 0.321630
vt 0.949641 0.115757
vt 0.906075 0.219937
vt 0.905875 0.025761
vt 0.980127 0.103062
vt 0.000000 0.089593
vt 0.000512 0.312903
vt 0.958243 0.103062
vt 0.905875 0.121202
vt 0.000512 0.330358
vt 0.988729 0.115757
vt 0.906075 0.259595
vt 0.000000 0.012881
vt 0.988729 0.103062
vt 0.000000 0.000000
vt 0.000512 0.321630
vt 0.995971 0.076013
vt 0.000000 0.062150
vt 0.906075 0.297453
vt 0.995971 0.062186
vt 0.000000 0.048121
vt -0.000122 0.210448
vt 0.958243 0.076013
vt 0.905875 0.093759
vt 0.906075 0.312903
vt 0.980127 0.076013
vt 0.000000 0.062150
vt 0.906075 0.281378
vt 0.942399 0.062186
vt 0.905875 0.034093
vt -0.000122 0.156096
vt 0.942399 0.076013
vt 0.905875 0.048121
vt 0.906075 0.296828
vt 0.905875 0.048121
vt 0.905753 0.210448
vt 0.905875 0.062150
vt 0.000200 0.297453
vt 0.000000 0.034093
vt 0.905753 0.156096
vt 0.000000 0.093759
vt 0.000200 0.312903
vt 0.000000 0.048121
vt 0.000200 0.296828
vt 0.000200 0.281378
vt 0.905875 0.062150
vt 0.906387 0.321630
vt 0.905875 0.000000
vt 0.000200 0.259595
vt 0.905875 0.012881
vt 0.000000 0.121202
vt 0.906387 0.330358
vt 0.906387 0.312903
vt 0.905875 0.089593
vt 0.000000 0.025761
vt 0.000200 0.219937
vt 0.000000 0.012881
vt 0.906387 0.321630
vt 0.905875 0.048121
vt 0.943180 0.000413
vt 0.905753 0.210448
vt 0.000200 0.297453
vt 0.905875 0.062150
vt 0.943180 0.014240
vt 0.000000 0.034093
vt 0.996752 0.000413
vt 0.905753 0.156096
vt 0.000000 0.093759
vt 0.980908 0.014240
vt 0.000200 0.312903
vt 0.000000 0.048121
vt 0.996752 0.014240
vt 0.000200 0.296828
vt 0.000200 0.281378
vt 0.905875 0.062150
vt 0.959024 0.014240
vt 0.906387 0.321630
vt 0.905875 0.000000
vt 0.950422 0.041289
vt 0.000200 0.259595
vt 0.905875 0.012881
vt 0.950422 0.053985
vt 0.906387 0.330358
vt 0.000000 0.121202
vt 0.980908 0.041289
vt 0.906387 0.312903
vt 0.905875 0.089593
vt 0.959024 0.041289
vt 0.000000 0.025761
vt 0.000200 0.219937
vt 0.989510 0.053985
vt 0.000000 0.012881
vt 0.906387 0.321630
vt 0.989510 0.041289
vt 0.905875 0.048121
vt 0.905753 0.210448
vt 0.943180 0.000413
vt 0.905875 0.062150
vt 0.000200 0.297453
vt 0.943180 0.014240
vt 0.000000 0.034093
vt 0.996752 0.000413
vt 0.905753 0.156096
vt 0.000000 0.093759
vt 0.980908 0.014240
vt 0.000200 0.312903
vt 0.000000 0.048121
vt 0.996752 0.014240
vt 0.000200 0.296828
vt 0.905875 0.062150
vt 0.000200 0.281378
vt 0.959024 0.014240
vt 0.906387 0.321630
vt 0.905875 0.000000
vt 0.950422 0.041289
vt 0.000200 0.259595
vt 0.905875 0.012881
vt 0.950422 0.053985
vt 0.000000 0.121202
vt 0.906387 0.330358
vt 0.980908 0.041289
vt 0.906387 0.312903
vt 0.905875 0.089593
vt 0.959024 0.041289
vt 0.000000 0.025761
vt 0.989510 0.053985
vt 0.000200 0.219937
vt 0.000000 0.012881
vt 0.989510 0.041289
vt 0.906387 0.321630
vt 0.943180 0.000413
vt 0.905753 0.210448
vt 0.000200 0.297453
vt 0.943180 0.014240
vt 0.996752 0.000413
vt 0.905753 0.156096
vt 0.980908 0.014240
vt 0.000200 0.312903
vt 0.996752 0.014240
vt 0.000200 0.296828
vt 0.000200 0.281378
vt 0.959024 0.014240
vt 0.906387 0.321630
vt 0.950422 0.041289
vt 0.000200 0.259595
vt 0.950422 0.053985
vt 0.906387 0.330358
vt 0.980908 0.041289
vt 0.906387 0.312903
vt 0.959024 0.041289
vt 0.000200 0.219937
vt 0.989510 0.053985
vt 0.906387 0.321630
vt 0.989510 0.041289
vt 0.905753 0.210448
vt 0.943180 0.000413
vt 0.000200 0.297453
vt 0.943180 0.014240
vt 0.905753 0.156096
vt 0.996752 0.000413
vt 0.980908 0.014240
vt 0.000200 0.312903
vt 0.996752 0.014240
vt 0.000200 0.296828
vt 0.000200 0.281378
vt 0.959024 0.014240
vt 0.906387 0.321630
vt 0.950422 0.041289
vt 0.000200 0.259595
vt 0.950422 0.053985
vt 0.906387 0.330358
vt 0.980908 0.041289
vt 0.906387 0.312903
vt 0.959024 0.041289
vt 0.000200 0.219937
vt 0.989510 0.053985
vt 0.989510 0.041289
vt 0.906387 0.321630
vt 0.980127 0.103062
vt 0.000000 0.089593
vt 0.000512 0.312903
vt 0.949641 0.115757
vt 0.906075 0.219937
vt 0.905875 0.025761
vt 0.949641 0.103062
vt 0.905875 0.012881
vt 0.000512 0.321630
vt 0.958243 0.103062
vt 0.905875 0.121202
vt 0.000512 0.330358
vt 0.988729 0.103062
vt 0.000000 0.000000
vt 0.000512 0.321630
vt 0.988729 0.115757
vt 0.906075 0.259595
vt 0.000000 0.012881
vt 0.942399 0.062186
vt 0.905875 0.034093
vt -0.000122 0.156096
vt 0.995971 0.062186
vt 0.000000 0.048121
vt -0.000122 0.210448
vt 0.995971 0.076013
vt 0.000000 0.062150
vt 0.906075 0.297453
vt 0.980127 0.076013
vt 0.000000 0.062150
vt 0.906075 0.281378
vt 0.958243 0.076013
vt 0.905875 0.093759
vt 0.906075 0.312903
vt 0.942399 0.076013
vt 0.905875 0.048121
vt 0.906075 0.296828
vt 0.905875 0.048121
vt 0.943180 0.000413
vt 0.905753 0.210448
vt 0.905875 0.062150
vt 0.943180 0.014240
vt 0.000200 0.297453
vt 0.980908 0.014240
vt 0.000000 0.093759
vt 0.000200 0.312903
vt 0.959024 0.014240
vt 0.905875 0.062150
vt 0.000200 0.281378
vt 0.996752 0.000413
vt 0.000000 0.034093
vt 0.905753 0.156096
vt 0.996752 0.014240
vt 0.000000 0.048121
vt 0.000200 0.296828
vt 0.959024 0.041289
vt 0.905875 0.089593
vt 0.906387 0.312903
vt 0.980908 0.041289
vt 0.000000 0.121202
vt 0.906387 0.330358
vt 0.989510 0.041289
vt 0.000000 0.012881
vt 0.906387 0.321630
vt 0.989510 0.053985
vt 0.000200 0.219937
vt 0.000000 0.025761
vt 0.950422 0.053985
vt 0.000200 0.259595
vt 0.905875 0.012881
vt 0.950422 0.041289
vt 0.905875 0.000000
vt 0.906387 0.321630
vt 0.949641 0.103062
vt 0.905875 0.012881
vt 0.000512 0.321630
vt 0.949641 0.115757
vt 0.906075 0.219937
vt 0.905875 0.025761
vt 0.980127 0.103062
vt 0.000000 0.089593
vt 0.000512 0.312903
vt 0.958243 0.103062
vt 0.905875 0.121202
vt 0.000512 0.330358
vt 0.988729 0.115757
vt 0.906075 0.259595
vt 0.000000 0.012881
vt 0.988729 0.103062
vt 0.000000 0.000000
vt 0.000512 0.321630
vt 0.995971 0.076013
vt 0.000000 0.062150
vt 0.906075 0.297453
vt 0.995971 0.062186
vt 0.000000 0.048121
vt -0.000122 0.210448
vt 0.958243 0.076013
vt 0.905875 0.093759
vt 0.906075 0.312903
vt 0.980127 0.076013
vt 0.000000 0.062150
vt 0.906075 0.281378
vt 0.942399 0.062186
vt 0.905875 0.034093
vt -0.000122 0.156096
vt 0.942399 0.076013
vt 0.905875 0.048121
vt 0.906075 0.296828
vt 0.905875 0.048121
vt 0.905753 0.210448
vt 0.000200 0.297453
vt 0.905875 0.062150
vt 0.000000 0.034093
vt 0.905753 0.156096
vt 0.000200 0.312903
vt 0.000000 0.093759
vt 0.000000 0.048121
vt 0.000200 0.296828
vt 0.000200 0.281378
vt 0.905875 0.062150
vt 0.906387 0.321630
vt 0.905875 0.000000
vt 0.000200 0.259595
vt 0.905875 0.012881
vt 0.906387 0.330358
vt 0.000000 0.121202
vt 0.906387 0.312903
vt 0.905875 0.089593
vt 0.000200 0.219937
vt 0.000000 0.025761
vt 0.000000 0.012881
vt 0.906387 0.321630
vt 0.999050 0.183297
vt 0.939310 0.183297
vt 0.999050 0.342604
vt 0.939310 0.342604
vt 0.985655 0.132863
vt 0.939310 0.342604
vt 0.999050 0.342604
vt 0.939081 0.132863
vt 0.939310 0.183297
vt 0.999050 0.183297
vt 0.999050 0.183297
vt 0.939310 0.183297
vt 0.999050 0.342604
vt 0.939310 0.342604
vt 0.985655 0.179437
vt 0.999050 0.183297
vt 0.939310 0.183297
vt 0.999050 0.342604
vt 0.939310 0.342604
vt 0.939081 0.179437
vt 0.939310 0.342604
vt 0.999050 0.342604
vt 0.939081 0.132863
vt 0.999050 0.342604
vt 0.939310 0.342604
vt 0.985655 0.132863
vt 0.999050 0.183297
vt 0.939310 0.183297
vt 0.939310 0.183297
vt 0.999050 0.183297
vt 0.999050 0.342604
vt 0.939310 0.342604
vt 0.985655 0.179437
vt 0.999050 0.183297
vt 0.939310 0.183297
vt 0.999050 0.342604
vt 0.939310 0.342604
vt 0.939081 0.179437
vt 0.999050 0.183297
vt 0.939310 0.183297
vt 0.979692 0.781451
vt -0.000781 0.656284
vt 0.998987 0.652658
vt 0.979692 0.844034
vt -0.000781 0.718868
vt 1.000000 0.851064
vt -0.000781 0.844034
vt 0.302823 0.718868
vt 0.000000 0.851064
vt -0.000781 0.781451
vt 0.302823 0.656284
vt 0.001647 0.652658
vt 0.145247 0.656284
vt -0.000781 0.718868
vt 0.998987 0.504118
vt 0.145247 0.718868
vt -0.000781 0.781451
vt 1.000000 1.000000
vt 0.979692 0.718868
vt 0.156795 0.656284
vt 0.001647 0.504118
vt 0.979692 0.781451
vt 0.156795 0.718868
vt 0.000000 1.000000
vt 0.949641 0.103062
vt 0.905875 0.012881
vt 0.000512 0.321630
vt 0.949641 0.115757
vt 0.906075 0.219937
vt 0.905875 0.025761
vt 0.980127 0.103062
vt 0.000000 0.089593
vt 0.000512 0.312903
vt 0.958243 0.103062
vt 0.905875 0.121202
vt 0.000512 0.330358
vt 0.988729 0.115757
vt 0.906075 0.259595
vt 0.000000 0.012881
vt 0.988729 0.103062
vt 0.000000 0.000000
vt 0.000512 0.321630
vt 0.995971 0.076013
vt 0.000000 0.062150
vt 0.906075 0.297453
vt 0.995971 0.062186
vt 0.000000 0.048121
vt -0.000122 0.210448
vt 0.958243 0.076013
vt 0.905875 0.093759
vt 0.906075 0.312903
vt 0.980127 0.076013
vt 0.000000 0.062150
vt 0.906075 0.281378
vt 0.942399 0.062186
vt 0.905875 0.034093
vt -0.000122 0.156096
vt 0.942399 0.076013
vt 0.905875 0.048121
vt 0.906075 0.296828
vt 0.905875 0.048121
vt 0.905753 0.210448
vt 0.905875 0.062150
vt 0.000200 0.297453
vt 0.000000 0.034093
vt 0.905753 0.156096
vt 0.000000 0.093759
vt 0.000200 0.312903
vt 0.000000 0.048121
vt 0.000200 0.296828
vt 0.000200 0.281378
vt 0.905875 0.062150
vt 0.906387 0.321630
vt 0.905875 0.000000
vt 0.000200 0.259595
vt 0.905875 0.012881
vt 0.000000 0.121202
vt 0.906387 0.330358
vt 0.906387 0.312903
vt 0.905875 0.089593
vt 0.000000 0.025761
vt 0.000200 0.219937
vt 0.000000 0.012881
vt 0.906387 0.321630
vt 0.905875 0.048121
vt 0.943180 0.000413
vt 0.905753 0.210448
vt 0.000200 0.297453
vt 0.905875 0.062150
vt 0.943180 0.014240
vt 0.000000 0.034093
vt 0.996752 0.000413
vt 0.905753 0.156096
vt 0.000000 0.093759
vt 0.980908 0.014240
vt 0.000200 0.312903
vt 0.000000 0.048121
vt 0.996752 0.014240
vt 0.000200 0.296828
vt 0.000200 0.281378
vt 0.905875 0.062150
vt 0.959024 0.014240
vt 0.906387 0.321630
vt 0.905875 0.000000
vt 0.950422 0.041289
vt 0.000200 0.259595
vt 0.905875 0.012881
vt 0.950422 0.053985
vt 0.906387 0.330358
vt 0.000000 0.121202
vt 0.980908 0.041289
vt 0.906387 0.312903
vt 0.905875 0.089593
vt 0.959024 0.041289
vt 0.000000 0.025761
vt 0.000200 0.219937
vt 0.989510 0.053985
vt 0.000000 0.012881
vt 0.906387 0.321630
vt 0.989510 0.041289
vt 0.905875 0.048121
vt 0.905753 0.210448
vt 0.943180 0.000413
vt 0.905875 0.062150
vt 0.000200 0.297453
vt 0.943180 0.014240
vt 0.000000 0.034093
vt 0.996752 0.000413
vt 0.905753 0.156096
vt 0.000000 0.093759
vt 0.980908 0.014240
vt 0.000200 0.312903
vt 0.000000 0.048121
vt 0.996752 0.014240
vt 0.000200 0.296828
vt 0.905875 0.062150
vt 0.000200 0.281378
vt 0.959024 0.014240
vt 0.906387 0.321630
vt 0.905875 0.000000
vt 0.950422 0.041289
vt 0.000200 0.259595
vt 0.905875 0.012881
vt 0.950422 0.053985
vt 0.000000 0.121202
vt 0.906387 0.330358
vt 0.980908 0.041289
vt 0.906387 0.312903
vt 0.905875 0.089593
vt 0.959024 0.041289
vt 0.000000 0.025761
vt 0.989510 0.053985
vt 0.000200 0.219937
vt 0.000000 0.012881
vt 0.989510 0.041289
vt 0.906387 0.321630
vt 0.943180 0.000413
vt 0.905753 0.210448
vt 0.000200 0.297453
vt 0.943180 0.014240
vt 0.996752 0.000413
vt 0.905753 0.156096
vt 0.980908 0.014240
vt 0.000200 0.312903
vt 0.996752 0.014240
vt 0.000200 0.296828
vt 0.000200 0.281378
vt 0.959024 0.014240
vt 0.906387 0.321630
vt 0.950422 0.041289
vt 0.000200 0.259595
vt 0.950422 0.053985
vt 0.906387 0.330358
vt 0.980908 0.041289
vt 0.906387 0.312903
vt 0.959024 0.041289
vt 0.000200 0.219937
vt 0.989510 0.053985
vt 0.906387 0.321630
vt 0.989510 0.041289
vt 0.905753 0.210448
vt 0.943180 0.000413
vt 0.000200 0.297453
vt 0.943180 0.014240
vt 0.905753 0.156096
vt 0.996752 0.000413
vt 0.980908 0.014240
vt 0.000200 0.312903
vt 0.996752 0.014240
vt 0.000200 0.296828
vt 0.000200 0.281378
vt 0.959024 0.014240
vt 0.906387 0.321630
vt 0.950422 0.041289
vt 0.000200 0.259595
vt 0.950422 0.053985
vt 0.906387 0.330358
vt 0.980908 0.041289
vt 0.906387 0.312903
vt 0.959024 0.041289
vt 0.000200 0.219937
vt 0.989510 0.053985
vt 0.989510 0.041289
vt 0.906387 0.321630
vt 0.980127 0.103062
vt 0.000000 0.089593
vt 0.000512 0.312903
vt 0.949641 0.115757
vt 0.906075 0.219937
vt 0.905875 0.025761
vt 0.949641 0.103062
vt 0.905875 0.012881
vt 0.000512 0.321630
vt 0.958243 0.103062
vt 0.905875 0.121202
vt 0.000512 0.330358
vt 0.988729 0.103062
vt 0.000000 0.000000
vt 0.000512 0.321630
vt 0.988729 0.115757
vt 0.906075 0.259595
vt 0.000000 0.012881
vt 0.942399 0.062186
vt 0.905875 0.034093
vt -0.000122 0.156096
vt 0.995971 0.062186
vt 0.000000 0.048121
vt -0.000122 0.210448
vt 0.995971 0.076013
vt 0.000000 0.062150
vt 0.906075 0.297453
vt 0.980127 0.076013
vt 0.000000 0.062150
vt 0.906075 0.281378
vt 0.958243 0.076013
vt 0.905875 0.093759
vt 0.906075 0.312903
vt 0.942399 0.076013
vt 0.905875 0.048121
vt 0.906075 0.296828
vt 0.905875 0.048121
vt 0.943180 0.000413
vt 0.905753 0.210448
vt 0.905875 0.062150
vt 0.943180 0.014240
vt 0.000200 0.297453
vt 0.980908 0.014240
vt 0.000000 0.093759
vt 0.000200 0.312903
vt 0.959024 0.014240
vt 0.905875 0.062150
vt 0.000200 0.281378
vt 0.996752 0.000413
vt 0.000000 0.034093
vt 0.905753 0.156096
vt 0.996752 0.014240
vt 0.000000 0.048121
vt 0.000200 0.296828
vt 0.959024 0.041289
vt 0.905875 0.089593
vt 0.906387 0.312903
vt 0.980908 0.041289
vt 0.000000 0.121202
vt 0.906387 0.330358
vt 0.989510 0.041289
vt 0.000000 0.012881
vt 0.906387 0.321630
vt 0.989510 0.053985
vt 0.000200 0.219937
vt 0.000000 0.025761
vt 0.950422 0.053985
vt 0.000200 0.259595
vt 0.905875 0.012881
vt 0.950422 0.041289
vt 0.905875 0.000000
vt 0.906387 0.321630
vt 0.949641 0.103062
vt 0.905875 0.012881
vt 0.000512 0.321630
vt 0.949641 0.115757
vt 0.906075 0.219937
vt 0.905875 0.025761
vt 0.980127 0.103062
vt 0.000000 0.089593
vt 0.000512 0.312903
vt 0.958243 0.103062
vt 0.905875 0.121202
vt 0.000512 0.330358
vt 0.988729 0.115757
vt 0.906075 0.259595
vt 0.000000 0.012881
vt 0.988729 0.103062
vt 0.000000 0.000000
vt 0.000512 0.321630
vt 0.995971 0.076013
vt 0.000000 0.062150
vt 0.906075 0.297453
vt 0.995971 0.062186
vt 0.000000 0.048121
vt -0.000122 0.210448
vt 0.958243 0.076013
vt 0.905875 0.093759
vt 0.906075 0.312903
vt 0.980127 0.076013
vt 0.000000 0.062150
vt 0.906075 0.281378
vt 0.942399 0.062186
vt 0.905875 0.034093
vt -0.000122 0.156096
vt 0.942399 0.076013
vt 0.905875 0.048121
vt 0.906075 0.296828
vt 0.905875 0.048121
vt 0.905753 0.210448
vt 0.000200 0.297453
vt 0.905875 0.062150
vt 0.000000 0.034093
vt 0.905753 0.156096
vt 0.000200 0.312903
vt 0.000000 0.093759
vt 0.000000 0.048121
vt 0.000200 0.296828
vt 0.000200 0.281378
vt 0.905875 0.062150
vt 0.906387 0.321630
vt 0.905875 0.000000
vt 0.000200 0.259595
vt 0.905875 0.012881
vt 0.906387 0.330358
vt 0.000000 0.121202
vt 0.906387 0.312903
vt 0.905875 0.089593
vt 0.000200 0.219937
vt 0.000000 0.025761
vt 0.000000 0.012881
vt 0.906387 0.321630
vt 0.999050 0.183297
vt 0.939310 0.183297
vt 0.999050 0.342604
vt 0.939310 0.342604
vt 0.985655 0.132863
vt 0.939310 0.342604
vt 0.999050 0.342604
vt 0.939081 0.132863
vt 0.939310 0.183297
vt 0.999050 0.183297
vt 0.999050 0.183297
vt 0.939310 0.183297
vt 0.999050 0.342604
vt 0.939310 0.342604
vt 0.985655 0.179437
vt 0.999050 0.183297
vt 0.939310 0.183297
vt 0.999050 0.342604
vt 0.939310 0.342604
vt 0.939081 0.179437
vt 0.939310 0.342604
vt 0.999050 0.342604
vt 0.939081 0.132863
vt 0.999050 0.342604
vt 0.939310 0.342604
vt 0.985655 0.132863
vt 0.999050 0.183297
vt 0.939310 0.183297
vt 0.939310 0.183297
vt 0.999050 0.183297
vt 0.999050 0.342604
vt 0.939310 0.342604
vt 0.985655 0.179437
vt 0.999050 0.183297
vt 0.939310 0.183297
vt 0.999050 0.342604
vt 0.939310 0.342604
vt 0.939081 0.179437
vt 0.999050 0.183297
vt 0.939310 0.183297
vt 0.979692 0.781451
vt -0.000781 0.656284
vt 0.998987 0.652658
vt 0.979692 0.844034
vt -0.000781 0.718868
vt 1.000000 0.851064
vt -0.000781 0.844034
vt 0.302823 0.718868
vt 0.000000 0.851064
vt -0.000781 0.781451
vt 0.302823 0.656284
vt 0.001647 0.652658
vt 0.145247 0.656284
vt -0.000781 0.718868
vt 0.998987 0.504118
vt 0.145247 0.718868
vt -0.000781 0.781451
vt 1.000000 1.000000
vt 0.979692 0.718868
vt 0.156795 0.656284
vt 0.001647 0.504118
vt 0.979692 0.781451
vt 0.156795 0.718868
vt 0.000000 1.000000
vt 0.949641 0.103062
vt 0.905875 0.012881
vt 0.000512 0.321630
vt 0.949641 0.115757
vt 0.906075 0.219937
vt 0.905875 0.025761
vt 0.980127 0.103062
vt 0.000000 0.089593
vt 0.000512 0.312903
vt 0.958243 0.103062
vt 0.905875 0.121202
vt 0.000512 0.330358
vt 0.988729 0.115757
vt 0.906075 0.259595
vt 0.000000 0.012881
vt 0.988729 0.103062
vt 0.000000 0.000000
vt 0.000512 0.321630
vt 0.995971 0.076013
vt 0.000000 0.062150
vt 0.906075 0.297453
vt 0.995971 0.062186
vt 0.000000 0.048121
vt -0.000122 0.210448
vt 0.958243 0.076013
vt 0.905875 0.093759
vt 0.906075 0.312903
vt 0.980127 0.076013
vt 0.000000 0.062150
vt 0.906075 0.281378
vt 0.942399 0.062186
vt 0.905875 0.034093
vt -0.000122 0.156096
vt 0.942399 0.076013
vt 0.905875 0.048121
vt 0.906075 0.296828
vt 0.905875 0.048121
vt 0.905753 0.210448
vt 0.905875 0.062150
vt 0.000200 0.297453
vt 0.000000 0.034093
vt 0.905753 0.156096
vt 0.000000 0.093759
vt 0.000200 0.312903
vt 0.000000 0.048121
vt 0.000200 0.296828
vt 0.000200 0.281378
vt 0.905875 0.062150
vt 0.906387 0.321630
vt 0.905875 0.000000
vt 0.000200 0.259595
vt 0.905875 0.012881
vt 0.000000 0.121202
vt 0.906387 0.330358
vt 0.906387 0.312903
vt 0.905875 0.089593
vt 0.000000 0.025761
vt 0.000200 0.219937
vt 0.000000 0.012881
vt 0.906387 0.321630
vt 0.905875 0.048121
vt 0.943180 0.000413
vt 0.905753 0.210448
vt 0.000200 0.297453
vt 0.905875 0.062150
vt 0.943180 0.014240
vt 0.000000 0.034093
vt 0.996752 0.000413
vt 0.905753 0.156096
vt 0.000000 0.093759
vt 0.980908 0.014240
vt 0.000200 0.312903
vt 0.000000 0.048121
vt 0.996752 0.014240
vt 0.000200 0.296828
vt 0.000200 0.281378
vt 0.905875 0.062150
vt 0.959024 0.014240
vt 0.906387 0.321630
vt 0.905875 0.000000
vt 0.950422 0.041289
vt 0.000200 0.259595
vt 0.905875 0.012881
vt 0.950422 0.053985
vt 0.906387 0.330358
vt 0.000000 0.121202
vt 0.980908 0.041289
vt 0.906387 0.312903
vt 0.905875 0.089593
vt 0.959024 0.041289
vt 0.000000 0.025761
vt 0.000200 0.219937
vt 0.989510 0.053985
vt 0.000000 0.012881
vt 0.906387 0.321630
vt 0.989510 0.041289
vt 0.905875 0.048121
vt 0.905753 0.210448
vt 0.943180 0.000413
vt 0.905875 0.062150
vt 0.000200 0.297453
vt 0.943180 0.014240
vt 0.000000 0.034093
vt 0.996752 0.000413
vt 0.905753 0.156096
vt 0.000000 0.093759
vt 0.980908 0.014240
vt 0.000200 0.312903
vt 0.000000 0.048121
vt 0.996752 0.014240
vt 0.000200 0.296828
vt 0.905875 0.062150
vt 0.000200 0.281378
vt 0.959024 0.014240
vt 0.906387 0.321630
vt 0.905875 0.000000
vt 0.950422 0.041289
vt 0.000200 0.259595
vt 0.905875 0.012881
vt 0.950422 0.053985
vt 0.000000 0.121202
vt 0.906387 0.330358
vt 0.980908 0.041289
vt 0.906387 0.312903
vt 0.905875 0.089593
vt 0.959024 0.041289
vt 0.000000 0.025761
vt 0.989510 0.053985
vt 0.000200 0.219937
vt 0.000000 0.012881
vt 0.989510 0.041289
vt 0.906387 0.321630
vt 0.943180 0.000413
vt 0.905753 0.210448
vt 0.000200 0.297453
vt 0.943180 0.014240
vt 0.996752 0.000413
vt 0.905753 0.156096
vt 0.980908 0.014240
vt 0.000200 0.312903
vt 0.996752 0.014240
vt 0.000200 0.296828
vt 0.000200 0.281378
vt 0.959024 0.014240
vt 0.906387 0.321630
vt 0.950422 0.041289
vt 0.000200 0.259595
vt 0.950422 0.053985
vt 0.906387 0.330358
vt 0.980908 0.041289
vt 0.906387 0.312903
vt 0.959024 0.041289
vt 0.000200 0.219937
vt 0.989510 0.053985
vt 0.906387 0.321630
vt 0.989510 0.041289
vt 0.905753 0.210448
vt 0.943180 0.000413
vt 0.000200 0.297453
vt 0.943180 0.014240
vt 0.905753 0.156096
vt 0.996752 0.000413
vt 0.980908 0.014240
vt 0.000200 0.312903
vt 0.996752 0.014240
vt 0.000200 0.296828
vt 0.000200 0.281378
vt 0.959024 0.014240
vt 0.906387 0.321630
vt 0.950422 0.041289
vt 0.000200 0.259595
vt 0.950422 0.053985
vt 0.906387 0.330358
vt 0.980908 0.041289
vt 0.906387 0.312903
vt 0.959024 0.041289
vt 0.000200 0.219937
vt 0.989510 0.053985
vt 0.989510 0.041289
vt 0.906387 0.321630
vt 0.980127 0.103062
vt 0.000000 0.089593
vt 0.000512 0.312903
vt 0.949641 0.115757
vt 0.906075 0.219937
vt 0.905875 0.025761
vt 0.949641 0.103062
vt 0.905875 0.012881
vt 0.000512 0.321630
vt 0.958243 0.103062
vt 0.905875 0.121202
vt 0.000512 0.330358
vt 0.988729 0.103062
vt 0.000000 0.000000
vt 0.000512 0.321630
vt 0.988729 0.115757
vt 0.906075 0.259595
vt 0.000000 0.012881
vt 0.942399 0.062186
vt 0.905875 0.034093
vt -0.000122 0.156096
vt 0.995971 0.062186
vt 0.000000 0.048121
vt -0.000122 0.210448
vt 0.995971 0.076013
vt 0.000000 0.062150
vt 0.906075 0.297453
vt 0.980127 0.076013
vt 0.000000 0.062150
vt 0.906075 0.281378
vt 0.958243 0.076013
vt 0.905875 0.093759
vt 0.906075 0.312903
vt 0.942399 0.076013
vt 0.905875 0.048121
vt 0.906075 0.296828
vt 0.905875 0.048121
vt 0.943180 0.000413
vt 0.905753 0.210448
vt 0.905875 0.062150
vt 0.943180 0.014240
vt 0.000200 0.297453
vt 0.980908 0.014240
vt 0.000000 0.093759
vt 0.000200 0.312903
vt 0.959024 0.014240
vt 0.905875 0.062150
vt 0.000200 0.281378
vt 0.996752 0.000413
vt 0.000000 0.034093
vt 0.905753 0.156096
vt 0.996752 0.014240
vt 0.000000 0.048121
vt 0.000200 0.296828
vt 0.959024 0.041289
vt 0.905875 0.089593
vt 0.906387 0.312903
vt 0.980908 0.041289
vt 0.000000 0.121202
vt 0.906387 0.330358
vt 0.989510 0.041289
vt 0.000000 0.012881
vt 0.906387 0.321630
vt 0.989510 0.053985
vt 0.000200 0.219937
vt 0.000000 0.025761
vt 0.950422 0.053985
vt 0.000200 0.259595
vt 0.905875 0.012881
vt 0.950422 0.041289
vt 0.905875 0.000000
vt 0.906387 0.321630
vt 0.949641 0.103062
vt 0.905875 0.012881
vt 0.000512 0.321630
vt 0.949641 0.115757
vt 0.906075 0.219937
vt 0.905875 0.025761
vt 0.980127 0.103062
vt 0.000000 0.089593
vt 0.000512 0.312903
vt 0.958243 0.103062
vt 0.905875 0.121202
vt 0.000512 0.330358
vt 0.988729 0.115757
vt 0.906075 0.259595
vt 0.000000 0.012881
vt 0.988729 0.103062
vt 0.000000 0.000000
vt 0.000512 0.321630
vt 0.995971 0.076013
vt 0.000000 0.062150
vt 0.906075 0.297453
vt 0.995971 0.062186
vt 0.000000 0.048121
vt -0.000122 0.210448
vt 0.958243 0.076013
vt 0.905875 0.093759
vt 0.906075 0.312903
vt 0.980127 0.076013
vt 0.000000 0.062150
vt 0.906075 0.281378
vt 0.942399 0.062186
vt 0.905875 0.034093
vt -0.000122 0.156096
vt 0.942399 0.076013
vt 0.905875 0.048121
vt 0.906075 0.296828
vt 0.905875 0.048121
vt 0.905753 0.210448
vt 0.000200 0.297453
vt 0.905875 0.062150
vt 0.000000 0.034093
vt 0.905753 0.156096
vt 0.000200 0.312903
vt 0.000000 0.093759
vt 0.000000 0.048121
vt 0.000200 0.296828
vt 0.000200 0.281378
vt 0.905875 0.062150
vt 0.906387 0.321630
vt 0.905875 0.000000
vt 0.000200 0.259595
vt 0.905875 0.012881
vt 0.906387 0.330358
vt 0.000000 0.121202
vt 0.906387 0.312903
vt 0.905875 0.089593
vt 0.000200 0.219937
vt 0.000000 0.025761
vt 0.000000 0.012881
vt 0.906387 0.321630
vt 0.999050 0.183297
vt 0.939310 0.183297
vt 0.999050 0.342604
vt 0.939310 0.342604
vt 0.985655 0.132863
vt 0.939310 0.342604
vt 0.999050 0.342604
vt 0.939081 0.132863
vt 0.939310 0.183297
vt 0.999050 0.183297
vt 0.999050 0.183297
vt 0.939310 0.183297
vt 0.999050 0.342604
vt 0.939310 0.342604
vt 0.985655 0.179437
vt 0.999050 0.183297
vt 0.939310 0.183297
vt 0.999050 0.342604
vt 0.939310 0.342604
vt 0.939081 0.179437
vt 0.939310 0.342604
vt 0.999050 0.342604
vt 0.939081 0.132863
vt 0.999050 0.342604
vt 0.939310 0.342604
vt 0.985655 0.132863
vt 0.999050 0.183297
vt 0.939310 0.183297
vt 0.939310 0.183297
vt 0.999050 0.183297
vt 0.999050 0.342604
vt 0.939310 0.342604
vt 0.985655 0.179437
vt 0.999050 0.183297
vt 0.939310 0.183297
vt 0.999050 0.342604
vt 0.939310 0.342604
vt 0.939081 0.179437
vt 0.999050 0.183297
vt 0.939310 0.183297
vt 0.979692 0.781451
vt -0.000781 0.656284
vt 0.998987 0.652658
vt 0.979692 0.844034
vt -0.000781 0.718868
vt 1.000000 0.851064
vt -0.000781 0.844034
vt 0.302823 0.718868
vt 0.000000 0.851064
vt -0.000781 0.781451
vt 0.302823 0.656284
vt 0.001647 0.652658
vt 0.145247 0.656284
vt -0.000781 0.718868
vt 0.998987 0.504118
vt 0.145247 0.718868
vt -0.000781 0.781451
vt 1.000000 1.000000
vt 0.979692 0.718868
vt 0.156795 0.656284
vt 0.001647 0.504118
vt 0.979692 0.781451
vt 0.156795 0.718868
vt 0.000000 1.000000
vt 0.949641 0.103062
vt 0.905875 0.012881
vt 0.000512 0.321630
vt 0.949641 0.115757
vt 0.906075 0.219937
vt 0.905875 0.025761
vt 0.980127 0.103062
vt 0.000000 0.089593
vt 0.000512 0.312903
vt 0.958243 0.103062
vt 0.905875 0.121202
vt 0.000512 0.330358
vt 0.988729 0.115757
vt 0.906075 0.259595
vt 0.000000 0.012881
vt 0.988729 0.103062
vt 0.000000 0.000000
vt 0.000512 0.321630
vt 0.995971 0.076013
vt 0.000000 0.062150
vt 0.906075 0.297453
vt 0.995971 0.062186
vt 0.000000 0.048121
vt -0.000122 0.210448
vt 0.958243 0.076013
vt 0.905875 0.093759
vt 0.906075 0.312903
vt 0.980127 0.076013
vt 0.000000 0.062150
vt 0.906075 0.281378
vt 0.942399 0.062186
vt 0.905875 0.034093
vt -0.000122 0.156096
vt 0.942399 0.076013
vt 0.905875 0.048121
vt 0.906075 0.296828
vt 0.905875 0.048121
vt 0.905753 0.210448
vt 0.905875 0.062150
vt 0.000200 0.297453
vt 0.000000 0.034093
vt 0.905753 0.156096
vt 0.000000 0.093759
vt 0.000200 0.312903
vt 0.000000 0.048121
vt 0.000200 0.296828
vt 0.000200 0.281378
vt 0.905875 0.062150
vt 0.906387 0.321630
vt 0.905875 0.000000
vt 0.000200 0.259595
vt 0.905875 0.012881
vt 0.000000 0.121202
vt 0.906387 0.330358
vt 0.906387 0.312903
vt 0.905875 0.089593
vt 0.000000 0.025761
vt 0.000200 0.219937
vt 0.000000 0.012881
vt 0.906387 0.321630
vt 0.905875 0.048121
vt 0.943180 0.000413
vt 0.905753 0.210448
vt 0.000200 0.297453
vt 0.905875 0.062150
vt 0.943180 0.014240
vt 0.000000 0.034093
vt 0.996752 0.000413
vt 0.905753 0.156096
vt 0.000000 0.093759
vt 0.980908 0.014240
vt 0.000200 0.312903
vt 0.000000 0.048121
vt 0.996752 0.014240
vt 0.000200 0.296828
vt 0.000200 0.281378
vt 0.905875 0.062150
vt 0.959024 0.014240
vt 0.906387 0.321630
vt 0.905875 0.000000
vt 0.950422 0.041289
vt 0.000200 0.259595
vt 0.905875 0.012881
vt 0.950422 0.053985
vt 0.906387 0.330358
vt 0.000000 0.121202
vt 0.980908 0.041289
vt 0.906387 0.312903
vt 0.905875 0.089593
vt 0.959024 0.041289
vt 0.000000 0.025761
vt 0.000200 0.219937
vt 0.989510 0.053985
vt 0.000000 0.012881
vt 0.906387 0.321630
vt 0.989510 0.041289
vt 0.905875 0.048121
vt 0.905753 0.210448
vt 0.943180 0.000413
vt 0.905875 0.062150
vt 0.000200 0.297453
vt 0.943180 0.014240
vt 0.000000 0.034093
vt 0.996752 0.000413
vt 0.905753 0.156096
vt 0.000000 0.093759
vt 0.980908 0.014240
vt 0.000200 0.312903
vt 0.000000 0.048121
vt 0.996752 0.014240
vt 0.000200 0.296828
vt 0.905875 0.062150
vt 0.000200 0.281378
vt 0.959024 0.014240
vt 0.906387 0.321630
vt 0.905875 0.000000
vt 0.950422 0.041289
vt 0.000200 0.259595
vt 0.905875 0.012881
vt 0.950422 0.053985
vt 0.000000 0.121202
vt 0.906387 0.330358
vt 0.980908 0.041289
vt 0.906387 0.312903
vt 0.905875 0.089593
vt 0.959024 0.041289
vt 0.000000 0.025761
vt 0.989510 0.053985
vt 0.000200 0.219937
vt 0.000000 0.012881
vt 0.989510 0.041289
vt 0.906387 0.321630
vt 0.943180 0.000413
vt 0.905753 0.210448
vt 0.000200 0.297453
vt 0.943180 0.014240
vt 0.996752 0.000413
vt 0.905753 0.156096
vt 0.980908 0.014240
vt 0.000200 0.312903
vt 0.996752 0.014240
vt 0.000200 0.296828
vt 0.000200 0.281378
vt 0.959024 0.014240
vt 0.906387 0.321630
vt 0.950422 0.041289
vt 0.000200 0.259595
vt 0.950422 0.053985
vt 0.906387 0.330358
vt 0.980908 0.041289
vt 0.906387 0.312903
vt 0.959024 0.041289
vt 0.000200 0.219937
vt 0.989510 0.053985
vt 0.906387 0.321630
vt 0.989510 0.041289
vt 0.905753 0.210448
vt 0.943180 0.000413
vt 0.000200 0.297453
vt 0.943180 0.014240
vt 0.905753 0.156096
vt 0.996752 0.000413
vt 0.980908 0.014240
vt 0.000200 0.312903
vt 0.996752 0.014240
vt 0.000200 0.296828
vt 0.000200 0.281378
vt 0.959024 0.014240
vt 0.906387 0.321630
vt 0.950422 0.041289
vt 0.000200 0.259595
vt 0.950422 0.053985
vt 0.906387 0.330358
vt 0.980908 0.041289
vt 0.906387 0.312903
vt 0.959024 0.041289
vt 0.000200 0.219937
vt 0.989510 0.053985
vt 0.989510 0.041289
vt 0.906387 0.321630
vt 0.980127 0.103062
vt 0.000000 0.089593
vt 0.000512 0.312903
vt 0.949641 0.115757
vt 0.906075 0.219937
vt 0.905875 0.025761
vt 0.949641 0.103062
vt 0.905875 0.012881
vt 0.000512 0.321630
vt 0.958243 0.103062
vt 0.905875 0.121202
vt 0.000512 0.330358
vt 0.988729 0.103062
vt 0.000000 0.000000
vt 0.000512 0.321630
vt 0.988729 0.115757
vt 0.906075 0.259595
vt 0.000000 0.012881
vt 0.942399 0.062186
vt 0.905875 0.034093
vt -0.000122 0.156096
vt 0.995971 0.062186
vt 0.000000 0.048121
vt -0.000122 0.210448
vt 0.995971 0.076013
vt 0.000000 0.062150
vt 0.906075 0.297453
vt 0.980127 0.076013
vt 0.000000 0.062150
vt 0.906075 0.281378
vt 0.958243 0.076013
vt 0.905875 0.093759
vt 0.906075 0.312903
vt 0.942399 0.076013
vt 0.905875 0.048121
vt 0.906075 0.296828
vt 0.905875 0.048121
vt 0.943180 0.000413
vt 0.905753 0.210448
vt 0.905875 0.062150
vt 0.943180 0.014240
vt 0.000200 0.297453
vt 0.980908 0.014240
vt 0.000000 0.093759
vt 0.000200 0.312903
vt 0.959024 0.014240
vt 0.905875 0.062150
vt 0.000200 0.281378
vt 0.996752 0.000413
vt 0.000000 0.034093
vt 0.905753 0.156096
vt 0.996752 0.014240
vt 0.000000 0.048121
vt 0.000200 0.296828
vt 0.959024 0.041289
vt 0.905875 0.089593
vt 0.906387 0.312903
vt 0.980908 0.041289
vt 0.000000 0.121202
vt 0.906387 0.330358
vt 0.989510 0.041289
vt 0.000000 0.012881
vt 0.906387 0.321630
vt 0.989510 0.053985
vt 0.000200 0.219937
vt 0.000000 0.025761
vt 0.950422 0.053985
vt 0.000200 0.259595
vt 0.905875 0.012881
vt 0.950422 0.041289
vt 0.905875 0.000000
vt 0.906387 0.321630
vt 0.949641 0.103062
vt 0.905875 0.012881
vt 0.000512 0.321630
vt 0.949641 0.115757
vt 0.906075 0.219937
vt 0.905875 0.025761
vt 0.980127 0.103062
vt 0.000000 0.089593
vt 0.000512 0.312903
vt 0.958243 0.103062
vt 0.905875 0.121202
vt 0.000512 0.330358
vt 0.988729 0.115757
vt 0.906075 0.259595
vt 0.000000 0.012881
vt 0.988729 0.103062
vt 0.000000 0.000000
vt 0.000512 0.321630
vt 0.995971 0.076013
vt 0.000000 0.062150
vt 0.906075 0.297453
vt 0.995971 0.062186
vt 0.000000 0.048121
vt -0.000122 0.210448
vt 0.958243 0.076013
vt 0.905875 0.093759
vt 0.906075 0.312903
vt 0.980127 0.076013
vt 0.000000 0.062150
vt 0.906075 0.281378
vt 0.942399 0.062186
vt 0.905875 0.034093
vt -0.000122 0.156096
vt 0.942399 0.076013
vt 0.905875 0.048121
vt 0.906075 0.296828
vt 0.905875 0.048121
vt 0.905753 0.210448
vt 0.000200 0.297453
vt 0.905875 0.062150
vt 0.000000 0.034093
vt 0.905753 0.156096
vt 0.000200 0.312903
vt 0.000000 0.093759
vt 0.000000 0.048121
vt 0.000200 0.296828
vt 0.000200 0.281378
vt 0.905875 0.062150
vt 0.906387 0.321630
vt 0.905875 0.000000
vt 0.000200 0.259595
vt 0.905875 0.012881
vt 0.906387 0.330358
vt 0.000000 0.121202
vt 0.906387 0.312903
vt 0.905875 0.089593
vt 0.000200 0.219937
vt 0.000000 0.025761
vt 0.000000 0.012881
vt 0.906387 0.321630
vt 0.999050 0.183297
vt 0.939310 0.183297
vt 0.999050 0.342604
vt 0.939310 0.342604
vt 0.985655 0.132863
vt 0.939310 0.342604
vt 0.999050 0.342604
vt 0.939081 0.132863
vt 0.939310 0.183297
vt 0.999050 0.183297
vt 0.999050 0.183297
vt 0.939310 0.183297
vt 0.999050 0.342604
vt 0.939310 0.342604
vt 0.985655 0.179437
vt 0.999050 0.183297
vt 0.939310 0.183297
vt 0.999050 0.342604
vt 0.939310 0.342604
vt 0.939081 0.179437
vt 0.939310 0.342604
vt 0.999050 0.342604
vt 0.939081 0.132863
vt 0.999050 0.342604
vt 0.939310 0.342604
vt 0.985655 0.132863
vt 0.999050 0.183297
vt 0.939310 0.183297
vt 0.939310 0.183297
vt 0.999050 0.183297
vt 0.999050 0.342604
vt 0.939310 0.342604
vt 0.985655 0.179437
vt 0.999050 0.183297
vt 0.939310 0.183297
vt 0.999050 0.342604
vt 0.939310 0.342604
vt 0.939081 0.179437
vt 0.999050 0.183297
vt 0.939310 0.183297
vt 0.979692 0.781451
vt -0.000781 0.656284
vt 0.998987 0.652658
vt 0.979692 0.844034
vt -0.000781 0.718868
vt 1.000000 0.851064
vt -0.000781 0.844034
vt 0.302823 0.718868
vt 0.000000 0.851064
vt -0.000781 0.781451
vt 0.302823 0.656284
vt 0.001647 0.652658
vt 0.145247 0.656284
vt -0.000781 0.718868
vt 0.998987 0.504118
vt 0.145247 0.718868
vt -0.000781 0.781451
vt 1.000000 1.000000
vt 0.979692 0.718868
vt 0.156795 0.656284
vt 0.001647 0.504118
vt 0.979692 0.781451
vt 0.156795 0.718868
vt 0.000000 1.000000
vt 0.949641 0.103062
vt 0.905875 0.012881
vt 0.000512 0.321630
vt 0.949641 0.115757
vt 0.906075 0.219937
vt 0.905875 0.025761
vt 0.980127 0.103062
vt 0.000000 0.089593
vt 0.000512 0.312903
vt 0.958243 0.103062
vt 0.905875 0.121202
vt 0.000512 0.330358
vt 0.988729 0.115757
vt 0.906075 0.259595
vt 0.000000 0.012881
vt 0.988729 0.103062
vt 0.000000 0.000000
vt 0.000512 0.321630
vt 0.995971 0.076013
vt 0.000000 0.062150
vt 0.906075 0.297453
vt 0.995971 0.062186
vt 0.000000 0.048121
vt -0.000122 0.210448
vt 0.958243 0.076013
vt 0.905875 0.093759
vt 0.906075 0.312903
vt 0.980127 0.076013
vt 0.000000 0.062150
vt 0.906075 0.281378
vt 0.942399 0.062186
vt 0.905875 0.034093
vt -0.000122 0.156096
vt 0.942399 0.076013
vt 0.905875 0.048121
vt 0.906075 0.296828
vt 0.905875 0.048121
vt 0.905753 0.210448
vt 0.905875 0.062150
vt 0.000200 0.297453
vt 0.000000 0.034093
vt 0.905753 0.156096
vt 0.000000 0.093759
vt 0.000200 0.312903
vt 0.000000 0.048121
vt 0.000200 0.296828
vt 0.000200 0.281378
vt 0.905875 0.062150
vt 0.906387 0.321630
vt 0.905875 0.000000
vt 0.000200 0.259595
vt 0.905875 0.012881
vt 0.000000 0.121202
vt 0.906387 0.330358
vt 0.906387 0.312903
vt 0.905875 0.089593
vt 0.000000 0.025761
vt 0.000200 0.219937
vt 0.000000 0.012881
vt 0.906387 0.321630
vt 0.905875 0.048121
vt 0.943180 0.000413
vt 0.905753 0.210448
vt 0.000200 0.297453
vt 0.905875 0.062150
vt 0.943180 0.014240
vt 0.000000 0.034093
vt 0.996752 0.000413
vt 0.905753 0.156096
vt 0.000000 0.093759
vt 0.980908 0.014240
vt 0.000200 0.312903
vt 0.000000 0.048121
vt 0.996752 0.014240
vt 0.000200 0.296828
vt 0.000200 0.281378
vt 0.905875 0.062150
vt 0.959024 0.014240
vt 0.906387 0.321630
vt 0.905875 0.000000
vt 0.950422 0.041289
vt 0.000200 0.259595
vt 0.905875 0.012881
vt 0.950422 0.053985
vt 0.906387 0.330358
vt 0.000000 0.121202
vt 0.980908 0.041289
vt 0.906387 0.312903
vt 0.905875 0.089593
vt 0.959024 0.041289
vt 0.000000 0.025761
vt 0.000200 0.219937
vt 0.989510 0.053985
vt 0.000000 0.012881
vt 0.906387 0.321630
vt 0.989510 0.041289
vt 0.905875 0.048121
vt 0.905753 0.210448
vt 0.943180 0.000413
vt 0.905875 0.062150
vt 0.000200 0.297453
vt 0.943180 0.014240
vt 0.000000 0.034093
vt 0.996752 0.000413
vt 0.905753 0.156096
vt 0.000000 0.093759
vt 0.980908 0.014240
vt 0.000200 0.312903
vt 0.000000 0.048121
vt 0.996752 0.014240
vt 0.000200 0.296828
vt 0.905875 0.062150
vt 0.000200 0.281378
vt 0.959024 0.014240
vt 0.906387 0.321630
vt 0.905875 0.000000
vt 0.950422 0.041289
vt 0.000200 0.259595
vt 0.905875 0.012881
vt 0.950422 0.053985
vt 0.000000 0.121202
vt 0.906387 0.330358
vt 0.980908 0.041289
vt 0.906387 0.312903
vt 0.905875 0.089593
vt 0.959024 0.041289
vt 0.000000 0.025761
vt 0.989510 0.053985
vt 0.000200 0.219937
vt 0.000000 0.012881
vt 0.989510 0.041289
vt 0.906387 0.321630
vt 0.943180 0.000413
vt 0.905753 0.210448
vt 0.000200 0.297453
vt 0.943180 0.014240
vt 0.996752 0.000413
vt 0.905753 0.156096
vt 0.980908 0.014240
vt 0.000200 0.312903
vt 0.996752 0.014240
vt 0.000200 0.296828
vt 0.000200 0.281378
vt 0.959024 0.014240
vt 0.906387 0.321630
vt 0.950422 0.041289
vt 0.000200 0.259595
vt 0.950422 0.053985
vt 0.906387 0.330358
vt 0.980908 0.041289
vt 0.906387 0.312903
vt 0.959024 0.041289
vt 0.000200 0.219937
vt 0.989510 0.053985
vt 0.906387 0.321630
vt 0.989510 0.041289
vt 0.905753 0.210448
vt 0.943180 0.000413
vt 0.000200 0.297453
vt 0.943180 0.014240
vt 0.905753 0.156096
vt 0.996752 0.000413
vt 0.980908 0.014240
vt 0.000200 0.312903
vt 0.996752 0.014240
vt 0.000200 0.296828
vt 0.000200 0.281378
vt 0.959024 0.014240
vt 0.906387 0.321630
vt 0.950422 0.041289
vt 0.000200 0.259595
vt 0.950422 0.053985
vt 0.906387 0.330358
vt 0.980908 0.041289
vt 0.906387 0.312903
vt 0.959024 0.041289
vt 0.000200 0.219937
vt 0.989510 0.053985
vt 0.989510 0.041289
vt 0.906387 0.321630
vt 0.980127 0.103062
vt 0.000000 0.089593
vt 0.000512 0.312903
vt 0.949641 0.115757
vt 0.906075 0.219937
vt 0.905875 0.025761
vt 0.949641 0.103062
vt 0.905875 0.012881
vt 0.000512 0.321630
vt 0.958243 0.103062
vt 0.905875 0.121202
vt 0.000512 0.330358
vt 0.988729 0.103062
vt 0.000000 0.000000
vt 0.000512 0.321630
vt 0.988729 0.115757
vt 0.906075 0.259595
vt 0.000000 0.012881
vt 0.942399 0.062186
vt 0.905875 0.034093
vt -0.000122 0.156096
vt 0.995971 0.062186
vt 0.000000 0.048121
vt -0.000122 0.210448
vt 0.995971 0.076013
vt 0.000000 0.062150
vt 0.906075 0.297453
vt 0.980127 0.076013
vt 0.000000 0.062150
vt 0.906075 0.281378
vt 0.958243 0.076013
vt 0.905875 0.093759
vt 0.906075 0.312903
vt 0.942399 0.076013
vt 0.905875 0.048121
vt 0.906075 0.296828
vt 0.905875 0.048121
vt 0.943180 0.000413
vt 0.905753 0.210448
vt 0.905875 0.062150
vt 0.943180 0.014240
vt 0.000200 0.297453
vt 0.980908 0.014240
vt 0.000000 0.093759
vt 0.000200 0.312903
vt 0.959024 0.014240
vt 0.905875 0.062150
vt 0.000200 0.281378
vt 0.996752 0.000413
vt 0.000000 0.034093
vt 0.905753 0.156096
vt 0.996752 0.014240
vt 0.000000 0.048121
vt 0.000200 0.296828
vt 0.959024 0.041289
vt 0.905875 0.089593
vt 0.906387 0.312903
vt 0.980908 0.041289
vt 0.000000 0.121202
vt 0.906387 0.330358
vt 0.989510 0.041289
vt 0.000000 0.012881
vt 0.906387 0.321630
vt 0.989510 0.053985
vt 0.000200 0.219937
vt 0.000000 0.025761
vt 0.950422 0.053985
vt 0.000200 0.259595
vt 0.905875 0.012881
vt 0.950422 0.041289
vt 0.905875 0.000000
vt 0.906387 0.321630
vt 0.949641 0.103062
vt 0.905875 0.012881
vt 0.000512 0.321630
vt 0.949641 0.115757
vt 0.906075 0.219937
vt 0.905875 0.025761
vt 0.980127 0.103062
vt 0.000000 0.089593
vt 0.000512 0.312903
vt 0.958243 0.103062
vt 0.905875 0.121202
vt 0.000512 0.330358
vt 0.988729 0.115757
vt 0.906075 0.259595
vt 0.000000 0.012881
vt 0.988729 0.103062
vt 0.000000 0.000000
vt 0.000512 0.321630
vt 0.995971 0.076013
vt 0.000000 0.062150
vt 0.906075 0.297453
vt 0.995971 0.062186
vt 0.000000 0.048121
vt -0.000122 0.210448
vt 0.958243 0.076013
vt 0.905875 0.093759
vt 0.906075 0.312903
vt 0.980127 0.076013
vt 0.000000 0.062150
vt 0.906075 0.281378
vt 0.942399 0.062186
vt 0.905875 0.034093
vt -0.000122 0.156096
vt 0.942399 0.076013
vt 0.905875 0.048121
vt 0.906075 0.296828
vt 0.905875 0.048121
vt 0.905753 0.210448
vt 0.000200 0.297453
vt 0.905875 0.062150
vt 0.000000 0.034093
vt 0.905753 0.156096
vt 0.000200 0.312903
vt 0.000000 0.093759
vt 0.000000 0.048121
vt 0.000200 0.296828
vt 0.000200 0.281378
vt 0.905875 0.062150
vt 0.906387 0.321630
vt 0.905875 0.000000
vt 0.000200 0.259595
vt 0.905875 0.012881
vt 0.906387 0.330358
vt 0.000000 0.121202
vt 0.906387 0.312903
vt 0.905875 0.089593
vt 0.000200 0.219937
vt 0.000000 0.025761
vt 0.000000 0.012881
vt 0.906387 0.321630
vt 0.999050 0.183297
vt 0.939310 0.183297
vt 0.999050 0.342604
vt 0.939310 0.342604
vt 0.985655 0.132863
vt 0.939310 0.342604
vt 0.999050 0.342604
vt 0.939081 0.132863
vt 0.939310 0.183297
vt 0.999050 0.183297
vt 0.999050 0.183297
vt 0.939310 0.183297
vt 0.999050 0.342604
vt 0.939310 0.342604
vt 0.985655 0.179437
vt 0.999050 0.183297
vt 0.939310 0.183297
vt 0.999050 0.342604
vt 0.939310 0.342604
vt 0.939081 0.179437
vt 0.939310 0.342604
vt 0.999050 0.342604
vt 0.939081 0.132863
vt 0.999050 0.342604
vt 0.939310 0.342604
vt 0.985655 0.132863
vt 0.999050 0.183297
vt 0.939310 0.183297
vt 0.939310 0.183297
vt 0.999050 0.183297
vt 0.999050 0.342604
vt 0.939310 0.342604
vt 0.985655 0.179437
vt 0.999050 0.183297
vt 0.939310 0.183297
vt 0.999050 0.342604
vt 0.939310 0.342604
vt 0.939081 0.179437
vt 0.999050 0.183297
vt 0.939310 0.183297
vt 0.979692 0.781451
vt -0.000781 0.656284
vt 0.998987 0.652658
vt 0.979692 0.844034
vt -0.000781 0.718868
vt 1.000000 0.851064
vt -0.000781 0.844034
vt 0.302823 0.718868
vt 0.000000 0.851064
vt -0.000781 0.781451
vt 0.302823 0.656284
vt 0.001647 0.652658
vt 0.145247 0.656284
vt -0.000781 0.718868
vt 0.998987 0.504118
vt 0.145247 0.718868
vt -0.000781 0.781451
vt 1.000000 1.000000
vt 0.979692 0.718868
vt 0.156795 0.656284
vt 0.001647 0.504118
vt 0.979692 0.781451
vt 0.156795 0.718868
vt 0.000000 1.000000
vt 0.949641 0.103062
vt 0.905875 0.012881
vt 0.000512 0.321630
vt 0.949641 0.115757
vt 0.906075 0.219937
vt 0.905875 0.025761
vt 0.980127 0.103062
vt 0.000000 0.089593
vt 0.000512 0.312903
vt 0.958243 0.103062
vt 0.905875 0.121202
vt 0.000512 0.330358
vt 0.988729 0.115757
vt 0.906075 0.259595
vt 0.000000 0.012881
vt 0.988729 0.103062
vt 0.000000 0.000000
vt 0.000512 0.321630
vt 0.995971 0.076013
vt 0.000000 0.062150
vt 0.906075 0.297453
vt 0.995971 0.062186
vt 0.000000 0.048121
vt -0.000122 0.210448
vt 0.958243 0.076013
vt 0.905875 0.093759
vt 0.906075 0.312903
vt 0.980127 0.076013
vt 0.000000 0.062150
vt 0.906075 0.281378
vt 0.942399 0.062186
vt 0.905875 0.034093
vt -0.000122 0.156096
vt 0.942399 0.076013
vt 0.905875 0.048121
vt 0.906075 0.296828
vt 0.905875 0.048121
vt 0.905753 0.210448
vt 0.905875 0.062150
vt 0.000200 0.297453
vt 0.000000 0.034093
vt 0.905753 0.156096
vt 0.000000 0.093759
vt 0.000200 0.312903
vt 0.000000 0.048121
vt 0.000200 0.296828
vt 0.000200 0.281378
vt 0.905875 0.062150
vt 0.906387 0.321630
vt 0.905875 0.000000
vt 0.000200 0.259595
vt 0.905875 0.012881
vt 0.000000 0.121202
vt 0.906387 0.330358
vt 0.906387 0.312903
vt 0.905875 0.089593
vt 0.000000 0.025761
vt 0.000200 0.219937
vt 0.000000 0.012881
vt 0.906387 0.321630
vt 0.905875 0.048121
vt 0.943180 0.000413
vt 0.905753 0.210448
vt 0.000200 0.297453
vt 0.905875 0.062150
vt 0.943180 0.014240
vt 0.000000 0.034093
vt 0.996752 0.000413
vt 0.905753 0.156096
vt 0.000000 0.093759
vt 0.980908 0.014240
vt 0.000200 0.312903
vt 0.000000 0.048121
vt 0.996752 0.014240
vt 0.000200 0.296828
vt 0.000200 0.281378
vt 0.905875 0.062150
vt 0.959024 0.014240
vt 0.906387 0.321630
vt 0.905875 0.000000
vt 0.950422 0.041289
vt 0.000200 0.259595
vt 0.905875 0.012881
vt 0.950422 0.053985
vt 0.906387 0.330358
vt 0.000000 0.121202
vt 0.980908 0.041289
vt 0.906387 0.312903
vt 0.905875 0.089593
vt 0.959024 0.041289
vt 0.000000 0.025761
vt 0.000200 0.219937
vt 0.989510 0.053985
vt 0.000000 0.012881
vt 0.906387 0.321630
vt 0.989510 0.041289
vt 0.905875 0.048121
vt 0.905753 0.210448
vt 0.943180 0.000413
vt 0.905875 0.062150
vt 0.000200 0.297453
vt 0.943180 0.014240
vt 0.000000 0.034093
vt 0.996752 0.000413
vt 0.905753 0.156096
vt 0.000000 0.093759
vt 0.980908 0.014240
vt 0.000200 0.312903
vt 0.000000 0.048121
vt 0.996752 0.014240
vt 0.000200 0.296828
vt 0.905875 0.062150
vt 0.000200 0.281378
vt 0.959024 0.014240
vt 0.906387 0.321630
vt 0.905875 0.000000
vt 0.950422 0.041289
vt 0.000200 0.259595
vt 0.905875 0.012881
vt 0.950422 0.053985
vt 0.000000 0.121202
vt 0.906387 0.330358
vt 0.980908 0.041289
vt 0.906387 0.312903
vt 0.905875 0.089593
vt 0.959024 0.041289
vt 0.000000 0.025761
vt 0.989510 0.053985
vt 0.000200 0.219937
vt 0.000000 0.012881
vt 0.989510 0.041289
vt 0.906387 0.321630
vt 0.943180 0.000413
vt 0.905753 0.210448
vt 0.000200 0.297453
vt 0.943180 0.014240
vt 0.996752 0.000413
vt 0.905753 0.156096
vt 0.980908 0.014240
vt 0.000200 0.312903
vt 0.996752 0.014240
vt 0.000200 0.296828
vt 0.000200 0.281378
vt 0.959024 0.014240
vt 0.906387 0.321630
vt 0.950422 0.041289
vt 0.000200 0.259595
vt 0.950422 0.053985
vt 0.906387 0.330358
vt 0.980908 0.041289
vt 0.906387 0.312903
vt 0.959024 0.041289
vt 0.000200 0.219937
vt 0.989510 0.053985
vt 0.906387 0.321630
vt 0.989510 0.041289
vt 0.905753 0.210448
vt 0.943180 0.000413
vt 0.000200 0.297453
vt 0.943180 0.014240
vt 0.905753 0.156096
vt 0.996752 0.000413
vt 0.980908 0.014240
vt 0.000200 0.312903
vt 0.996752 0.014240
vt 0.000200 0.296828
vt 0.000200 0.281378
vt 0.959024 0.014240
vt 0.906387 0.321630
vt 0.950422 0.041289
vt 0.000200 0.259595
vt 0.950422 0.053985
vt 0.906387 0.330358
vt 0.980908 0.041289
vt 0.906387 0.312903
vt 0.959024 0.041289
vt 0.000200 0.219937
vt 0.989510 0.053985
vt 0.989510 0.041289
vt 0.906387 0.321630
vt 0.980127 0.103062
vt 0.000000 0.089593
vt 0.000512 0.312903
vt 0.949641 0.115757
vt 0.906075 0.219937
vt 0.905875 0.025761
vt 0.949641 0.103062
vt 0.905875 0.012881
vt 0.000512 0.321630
vt 0.958243 0.103062
vt 0.905875 0.121202
vt 0.000512 0.330358
vt 0.988729 0.103062
vt 0.000000 0.000000
vt 0.000512 0.321630
vt 0.988729 0.115757
vt 0.906075 0.259595
vt 0.000000 0.012881
vt 0.942399 0.062186
vt 0.905875 0.034093
vt -0.000122 0.156096
vt 0.995971 0.062186
vt 0.000000 0.048121
vt -0.000122 0.210448
vt 0.995971 0.076013
vt 0.000000 0.062150
vt 0.906075 0.297453
vt 0.980127 0.076013
vt 0.000000 0.062150
vt 0.906075 0.281378
vt 0.958243 0.076013
vt 0.905875 0.093759
vt 0.906075 0.312903
vt 0.942399 0.076013
vt 0.905875 0.048121
vt 0.906075 0.296828
vt 0.905875 0.048121
vt 0.943180 0.000413
vt 0.905753 0.210448
vt 0.905875 0.062150
vt 0.943180 0.014240
vt 0.000200 0.297453
vt 0.980908 0.014240
vt 0.000000 0.093759
vt 0.000200 0.312903
vt 0.959024 0.014240
vt 0.905875 0.062150
vt 0.000200 0.281378
vt 0.996752 0.000413
vt 0.000000 0.034093
vt 0.905753 0.156096
vt 0.996752 0.014240
vt 0.000000 0.048121
vt 0.000200 0.296828
vt 0.959024 0.041289
vt 0.905875 0.089593
vt 0.906387 0.312903
vt 0.980908 0.041289
vt 0.000000 0.121202
vt 0.906387 0.330358
vt 0.989510 0.041289
vt 0.000000 0.012881
vt 0.906387 0.321630
vt 0.989510 0.053985
vt 0.000200 0.219937
vt 0.000000 0.025761
vt 0.950422 0.053985
vt 0.000200 0.259595
vt 0.905875 0.012881
vt 0.950422 0.041289
vt 0.905875 0.000000
vt 0.906387 0.321630
vt 0.949641 0.103062
vt 0.905875 0.012881
vt 0.000512 0.321630
vt 0.949641 0.115757
vt 0.906075 0.219937
vt 0.905875 0.025761
vt 0.980127 0.103062
vt 0.000000 0.089593
vt 0.000512 0.312903
vt 0.958243 0.103062
vt 0.905875 0.121202
vt 0.000512 0.330358
vt 0.988729 0.115757
vt 0.906075 0.259595
vt 0.000000 0.012881
vt 0.988729 0.103062
vt 0.000000 0.000000
vt 0.000512 0.321630
vt 0.995971 0.076013
vt 0.000000 0.062150
vt 0.906075 0.297453
vt 0.995971 0.062186
vt 0.000000 0.048121
vt -0.000122 0.210448
vt 0.958243 0.076013
vt 0.905875 0.093759
vt 0.906075 0.312903
vt 0.980127 0.076013
vt 0.000000 0.062150
vt 0.906075 0.281378
vt 0.942399 0.062186
vt 0.905875 0.034093
vt -0.000122 0.156096
vt 0.942399 0.076013
vt 0.905875 0.048121
vt 0.906075 0.296828
vt 0.905875 0.048121
vt 0.905753 0.210448
vt 0.000200 0.297453
vt 0.905875 0.062150
vt 0.000000 0.034093
vt 0.905753 0.156096
vt 0.000200 0.312903
vt 0.000000 0.093759
vt 0.000000 0.048121
vt 0.000200 0.296828
vt 0.000200 0.281378
vt 0.905875 0.062150
vt 0.906387 0.321630
vt 0.905875 0.000000
vt 0.000200 0.259595
vt 0.905875 0.012881
vt 0.906387 0.330358
vt 0.000000 0.121202
vt 0.906387 0.312903
vt 0.905875 0.089593
vt 0.000200 0.219937
vt 0.000000 0.025761
vt 0.000000 0.012881
vt 0.906387 0.321630
vt 0.999050 0.183297
vt 0.939310 0.183297
vt 0.999050 0.342604
vt 0.939310 0.342604
vt 0.985655 0.132863
vt 0.939310 0.342604
vt 0.999050 0.342604
vt 0.939081 0.132863
vt 0.939310 0.183297
vt 0.999050 0.183297
vt 0.999050 0.183297
vt 0.939310 0.183297
vt 0.999050 0.342604
vt 0.939310 0.342604
vt 0.985655 0.179437
vt 0.999050 0.183297
vt 0.939310 0.183297
vt 0.999050 0.342604
vt 0.939310 0.342604
vt 0.939081 0.179437
vt 0.939310 0.342604
vt 0.999050 0.342604
vt 0.939081 0.132863
vt 0.999050 0.342604
vt 0.939310 0.342604
vt 0.985655 0.132863
vt 0.999050 0.183297
vt 0.939310 0.183297
vt 0.939310 0.183297
vt 0.999050 0.183297
vt 0.999050 0.342604
vt 0.939310 0.342604
vt 0.985655 0.179437
vt 0.999050 0.183297
vt 0.939310 0.183297
vt 0.999050 0.342604
vt 0.939310 0.342604
vt 0.939081 0.179437
vt 0.999050 0.183297
vt 0.939310 0.183297
vt 0.979692 0.781451
vt -0.000781 0.656284
vt 0.998987 0.652658
vt 0.979692 0.844034
vt -0.000781 0.718868
vt 1.000000 0.851064
vt -0.000781 0.844034
vt 0.302823 0.718868
vt 0.000000 0.851064
vt -0.000781 0.781451
vt 0.302823 0.656284
vt 0.001647 0.652658
vt 0.145247 0.656284
vt -0.000781 0.718868
vt 0.998987 0.504118
vt 0.145247 0.718868
vt -0.000781 0.781451
vt 1.000000 1.000000
vt 0.979692 0.718868
vt 0.156795 0.656284
vt 0.001647 0.504118
vt 0.979692 0.781451
vt 0.156795 0.718868
vt 0.000000 1.000000
vt 0.949641 0.103062
vt 0.905875 0.012881
vt 0.000512 0.321630
vt 0.949641 0.115757
vt 0.906075 0.219937
vt 0.905875 0.025761
vt 0.980127 0.103062
vt 0.000000 0.089593
vt 0.000512 0.312903
vt 0.958243 0.103062
vt 0.905875 0.121202
vt 0.000512 0.330358
vt 0.988729 0.115757
vt 0.906075 0.259595
vt 0.000000 0.012881
vt 0.988729 0.103062
vt 0.000000 0.000000
vt 0.000512 0.321630
vt 0.995971 0.076013
vt 0.000000 0.062150
vt 0.906075 0.297453
vt 0.995971 0.062186
vt 0.000000 0.048121
vt -0.000122 0.210448
vt 0.958243 0.076013
vt 0.905875 0.093759
vt 0.906075 0.312903
vt 0.980127 0.076013
vt 0.000000 0.062150
vt 0.906075 0.281378
vt 0.942399 0.062186
vt 0.905875 0.034093
vt -0.000122 0.156096
vt 0.942399 0.076013
vt 0.905875 0.048121
vt 0.906075 0.296828
vt 0.905875 0.048121
vt 0.905753 0.210448
vt 0.905875 0.062150
vt 0.000200 0.297453
vt 0.000000 0.034093
vt 0.905753 0.156096
vt 0.000000 0.093759
vt 0.000200 0.312903
vt 0.000000 0.048121
vt 0.000200 0.296828
vt 0.000200 0.281378
vt 0.905875 0.062150
vt 0.906387 0.321630
vt 0.905875 0.000000
vt 0.000200 0.259595
vt 0.905875 0.012881
vt 0.000000 0.121202
vt 0.906387 0.330358
vt 0.906387 0.312903
vt 0.905875 0.089593
vt 0.000000 0.025761
vt 0.000200 0.219937
vt 0.000000 0.012881
vt 0.906387 0.321630
vt 0.905875 0.048121
vt 0.943180 0.000413
vt 0.905753 0.210448
vt 0.000200 0.297453
vt 0.905875 0.062150
vt 0.943180 0.014240
vt 0.000000 0.034093
vt 0.996752 0.000413
vt 0.905753 0.156096
vt 0.000000 0.093759
vt 0.980908 0.014240
vt 0.000200 0.312903
vt 0.000000 0.048121
vt 0.996752 0.014240
vt 0.000200 0.296828
vt 0.000200 0.281378
vt 0.905875 0.062150
vt 0.959024 0.014240
vt 0.906387 0.321630
vt 0.905875 0.000000
vt 0.950422 0.041289
vt 0.000200 0.259595
vt 0.905875 0.012881
vt 0.950422 0.053985
vt 0.906387 0.330358
vt 0.000000 0.121202
vt 0.980908 0.041289
vt 0.906387 0.312903
vt 0.905875 0.089593
vt 0.959024 0.041289
vt 0.000000 0.025761
vt 0.000200 0.219937
vt 0.989510 0.053985
vt 0.000000 0.012881
vt 0.906387 0.321630
vt 0.989510 0.041289
vt 0.905875 0.048121
vt 0.905753 0.210448
vt 0.943180 0.000413
vt 0.905875 0.062150
vt 0.000200 0.297453
vt 0.943180 0.014240
vt 0.000000 0.034093
vt 0.996752 0.000413
vt 0.905753 0.156096
vt 0.000000 0.093759
vt 0.980908 0.014240
vt 0.000200 0.312903
vt 0.000000 0.048121
vt 0.996752 0.014240
vt 0.000200 0.296828
vt 0.905875 0.062150
vt 0.000200 0.281378
vt 0.959024 0.014240
vt 0.906387 0.321630
vt 0.905875 0.000000
vt 0.950422 0.041289
vt 0.000200 0.259595
vt 0.905875 0.012881
vt 0.950422 0.053985
vt 0.000000 0.121202
vt 0.906387 0.330358
vt 0.980908 0.041289
vt 0.906387 0.312903
vt 0.905875 0.089593
vt 0.959024 0.041289
vt 0.000000 0.025761
vt 0.989510 0.053985
vt 0.000200 0.219937
vt 0.000000 0.012881
vt 0.989510 0.041289
vt 0.906387 0.321630
vt 0.943180 0.000413
vt 0.905753 0.210448
vt 0.000200 0.297453
vt 0.943180 0.014240
vt 0.996752 0.000413
vt 0.905753 0.156096
vt 0.980908 0.014240
vt 0.000200 0.312903
vt 0.996752 0.014240
vt 0.000200 0.296828
vt 0.000200 0.281378
vt 0.959024 0.014240
vt 0.906387 0.321630
vt 0.950422 0.041289
vt 0.000200 0.259595
vt 0.950422 0.053985
vt 0.906387 0.330358
vt 0.980908 0.041289
vt 0.906387 0.312903
vt 0.959024 0.041289
vt 0.000200 0.219937
vt 0.989510 0.053985
vt 0.906387 0.321630
vt 0.989510 0.041289
vt 0.905753 0.210448
vt 0.943180 0.000413
vt 0.000200 0.297453
vt 0.943180 0.014240
vt 0.905753 0.156096
vt 0.996752 0.000413
vt 0.980908 0.014240
vt 0.000200 0.312903
vt 0.996752 0.014240
vt 0.000200 0.296828
vt 0.000200 0.281378
vt 0.959024 0.014240
vt 0.906387 0.321630
vt 0.950422 0.041289
vt 0.000200 0.259595
vt 0.950422 0.053985
vt 0.906387 0.330358
vt 0.980908 0.041289
vt 0.906387 0.312903
vt 0.959024 0.041289
vt 0.000200 0.219937
vt 0.989510 0.053985
vt 0.989510 0.041289
vt 0.906387 0.321630
vt 0.980127 0.103062
vt 0.000000 0.089593
vt 0.000512 0.312903
vt 0.949641 0.115757
vt 0.906075 0.219937
vt 0.905875 0.025761
vt 0.949641 0.103062
vt 0.905875 0.012881
vt 0.000512 0.321630
vt 0.958243 0.103062
vt 0.905875 0.121202
vt 0.000512 0.330358
vt 0.988729 0.103062
vt 0.000000 0.000000
vt 0.000512 0.321630
vt 0.988729 0.115757
vt 0.906075 0.259595
vt 0.000000 0.012881
vt 0.942399 0.062186
vt 0.905875 0.034093
vt -0.000122 0.156096
vt 0.995971 0.062186
vt 0.000000 0.048121
vt -0.000122 0.210448
vt 0.995971 0.076013
vt 0.000000 0.062150
vt 0.906075 0.297453
vt 0.980127 0.076013
vt 0.000000 0.062150
vt 0.906075 0.281378
vt 0.958243 0.076013
vt 0.905875 0.093759
vt 0.906075 0.312903
vt 0.942399 0.076013
vt 0.905875 0.048121
vt 0.906075 0.296828
vt 0.905875 0.048121
vt 0.943180 0.000413
vt 0.905753 0.210448
vt 0.905875 0.062150
vt 0.943180 0.014240
vt 0.000200 0.297453
vt 0.980908 0.014240
vt 0.000000 0.093759
vt 0.000200 0.312903
vt 0.959024 0.014240
vt 0.905875 0.062150
vt 0.000200 0.281378
vt 0.996752 0.000413
vt 0.000000 0.034093
vt 0.905753 0.156096
vt 0.996752 0.014240
vt 0.000000 0.048121
vt 0.000200 0.296828
vt 0.959024 0.041289
vt 0.905875 0.089593
vt 0.906387 0.312903
vt 0.980908 0.041289
vt 0.000000 0.121202
vt 0.906387 0.330358
vt 0.989510 0.041289
vt 0.000000 0.012881
vt 0.906387 0.321630
vt 0.989510 0.053985
vt 0.000200 0.219937
vt 0.000000 0.025761
vt 0.950422 0.053985
vt 0.000200 0.259595
vt 0.905875 0.012881
vt 0.950422 0.041289
vt 0.905875 0.000000
vt 0.906387 0.321630
vt 0.949641 0.103062
vt 0.905875 0.012881
vt 0.000512 0.321630
vt 0.949641 0.115757
vt 0.906075 0.219937
vt 0.905875 0.025761
vt 0.980127 0.103062
vt 0.000000 0.089593
vt 0.000512 0.312903
vt 0.958243 0.103062
vt 0.905875 0.121202
vt 0.000512 0.330358
vt 0.988729 0.115757
vt 0.906075 0.259595
vt 0.000000 0.012881
vt 0.988729 0.103062
vt 0.000000 0.000000
vt 0.000512 0.321630
vt 0.995971 0.076013
vt 0.000000 0.062150
vt 0.906075 0.297453
vt 0.995971 0.062186
vt 0.000000 0.048121
vt -0.000122 0.210448
vt 0.958243 0.076013
vt 0.905875 0.093759
vt 0.906075 0.312903
vt 0.980127 0.076013
vt 0.000000 0.062150
vt 0.906075 0.281378
vt 0.942399 0.062186
vt 0.905875 0.034093
vt -0.000122 0.156096
vt 0.942399 0.076013
vt 0.905875 0.048121
vt 0.906075 0.296828
vt 0.905875 0.048121
vt 0.905753 0.210448
vt 0.000200 0.297453
vt 0.905875 0.062150
vt 0.000000 0.034093
vt 0.905753 0.156096
vt 0.000200 0.312903
vt 0.000000 0.093759
vt 0.000000 0.048121
vt 0.000200 0.296828
vt 0.000200 0.281378
vt 0.905875 0.062150
vt 0.906387 0.321630
vt 0.905875 0.000000
vt 0.000200 0.259595
vt 0.905875 0.012881
vt 0.906387 0.330358
vt 0.000000 0.121202
vt 0.906387 0.312903
vt 0.905875 0.089593
vt 0.000200 0.219937
vt 0.000000 0.025761
vt 0.000000 0.012881
vt 0.906387 0.321630
vt 0.999050 0.183297
vt 0.939310 0.183297
vt 0.999050 0.342604
vt 0.939310 0.342604
vt 0.985655 0.132863
vt 0.939310 0.342604
vt 0.999050 0.342604
vt 0.939081 0.132863
vt 0.939310 0.183297
vt 0.999050 0.183297
vt 0.999050 0.183297
vt 0.939310 0.183297
vt 0.999050 0.342604
vt 0.939310 0.342604
vt 0.985655 0.179437
vt 0.999050 0.183297
vt 0.939310 0.183297
vt 0.999050 0.342604
vt 0.939310 0.342604
vt 0.939081 0.179437
vt 0.939310 0.342604
vt 0.999050 0.342604
vt 0.939081 0.132863
vt 0.999050 0.342604
vt 0.939310 0.342604
vt 0.985655 0.132863
vt 0.999050 0.183297
vt 0.939310 0.183297
vt 0.939310 0.183297
vt 0.999050 0.183297
vt 0.999050 0.342604
vt 0.939310 0.342604
vt 0.985655 0.179437
vt 0.999050 0.183297
vt 0.939310 0.183297
vt 0.999050 0.342604
vt 0.939310 0.342604
vt 0.939081 0.179437
vt 0.999050 0.183297
vt 0.939310 0.183297
vt 0.979692 0.781451
vt -0.000781 0.656284
vt 0.998987 0.652658
vt 0.979692 0.844034
vt -0.000781 0.718868
vt 1.000000 0.851064
vt -0.000781 0.844034
vt 0.302823 0.718868
vt 0.000000 0.851064
vt -0.000781 0.781451
vt 0.302823 0.656284
vt 0.001647 0.652658
vt 0.145247 0.656284
vt -0.000781 0.718868
vt 0.998987 0.504118
vt 0.145247 0.718868
vt -0.000781 0.781451
vt 1.000000 1.000000
vt 0.979692 0.718868
vt 0.156795 0.656284
vt 0.001647 0.504118
vt 0.979692 0.781451
vt 0.156795 0.718868
vt 0.000000 1.000000
vt 0.949641 0.103062
vt 0.905875 0.012881
vt 0.000512 0.321630
vt 0.949641 0.115757
vt 0.906075 0.219937
vt 0.905875 0.025761
vt 0.980127 0.103062
vt 0.000000 0.089593
vt 0.000512 0.312903
vt 0.958243 0.103062
vt 0.905875 0.121202
vt 0.000512 0.330358
vt 0.988729 0.115757
vt 0.906075 0.259595
vt 0.000000 0.012881
vt 0.988729 0.103062
vt 0.000000 0.000000
vt 0.000512 0.321630
vt 0.995971 0.076013
vt 0.000000 0.062150
vt 0.906075 0.297453
vt 0.995971 0.062186
vt 0.000000 0.048121
vt -0.000122 0.210448
vt 0.958243 0.076013
vt 0.905875 0.093759
vt 0.906075 0.312903
vt 0.980127 0.076013
vt 0.000000 0.062150
vt 0.906075 0.281378
vt 0.942399 0.062186
vt 0.905875 0.034093
vt -0.000122 0.156096
vt 0.942399 0.076013
vt 0.905875 0.048121
vt 0.906075 0.296828
vt 0.905875 0.048121
vt 0.905753 0.210448
vt 0.905875 0.062150
vt 0.000200 0.297453
vt 0.000000 0.034093
vt 0.905753 0.156096
vt 0.000000 0.093759
vt 0.000200 0.312903
vt 0.000000 0.048121
vt 0.000200 0.296828
vt 0.000200 0.281378
vt 0.905875 0.062150
vt 0.906387 0.321630
vt 0.905875 0.000000
vt 0.000200 0.259595
vt 0.905875 0.012881
vt 0.000000 0.121202
vt 0.906387 0.330358
vt 0.906387 0.312903
vt 0.905875 0.089593
vt 0.000000 0.025761
vt 0.000200 0.219937
vt 0.000000 0.012881
vt 0.906387 0.321630
vt 0.905875 0.048121
vt 0.943180 0.000413
vt 0.905753 0.210448
vt 0.000200 0.297453
vt 0.905875 0.062150
vt 0.943180 0.014240
vt 0.000000 0.034093
vt 0.996752 0.000413
vt 0.905753 0.156096
vt 0.000000 0.093759
vt 0.980908 0.014240
vt 0.000200 0.312903
vt 0.000000 0.048121
vt 0.996752 0.014240
vt 0.000200 0.296828
vt 0.000200 0.281378
vt 0.905875 0.062150
vt 0.959024 0.014240
vt 0.906387 0.321630
vt 0.905875 0.000000
vt 0.950422 0.041289
vt 0.000200 0.259595
vt 0.905875 0.012881
vt 0.950422 0.053985
vt 0.906387 0.330358
vt 0.000000 0.121202
vt 0.980908 0.041289
vt 0.906387 0.312903
vt 0.905875 0.089593
vt 0.959024 0.041289
vt 0.000000 0.025761
vt 0.000200 0.219937
vt 0.989510 0.053985
vt 0.000000 0.012881
vt 0.906387 0.321630
vt 0.989510 0.041289
vt 0.905875 0.048121
vt 0.905753 0.210448
vt 0.943180 0.000413
vt 0.905875 0.062150
vt 0.000200 0.297453
vt 0.943180 0.014240
vt 0.000000 0.034093
vt 0.996752 0.000413
vt 0.905753 0.156096
vt 0.000000 0.093759
vt 0.980908 0.014240
vt 0.000200 0.312903
vt 0.000000 0.048121
vt 0.996752 0.014240
vt 0.000200 0.296828
vt 0.905875 0.062150
vt 0.000200 0.281378
vt 0.959024 0.014240
vt 0.906387 0.321630
vt 0.905875 0.000000
vt 0.950422 0.041289
vt 0.000200 0.259595
vt 0.905875 0.012881
vt 0.950422 0.053985
vt 0.000000 0.121202
vt 0.906387 0.330358
vt 0.980908 0.041289
vt 0.906387 0.312903
vt 0.905875 0.089593
vt 0.959024 0.041289
vt 0.000000 0.025761
vt 0.989510 0.053985
vt 0.000200 0.219937
vt 0.000000 0.012881
vt 0.989510 0.041289
vt 0.906387 0.321630
vt 0.943180 0.000413
vt 0.905753 0.210448
vt 0.000200 0.297453
vt 0.943180 0.014240
vt 0.996752 0.000413
vt 0.905753 0.156096
vt 0.980908 0.014240
vt 0.000200 0.312903
vt 0.996752 0.014240
vt 0.000200 0.296828
vt 0.000200 0.281378
vt 0.959024 0.014240
vt 0.906387 0.321630
vt 0.950422 0.041289
vt 0.000200 0.259595
vt 0.950422 0.053985
vt 0.906387 0.330358
vt 0.980908 0.041289
vt 0.906387 0.312903
vt 0.959024 0.041289
vt 0.000200 0.219937
vt 0.989510 0.053985
vt 0.906387 0.321630
vt 0.989510 0.041289
vt 0.905753 0.210448
vt 0.943180 0.000413
vt 0.000200 0.297453
vt 0.943180 0.014240
vt 0.905753 0.156096
vt 0.996752 0.000413
vt 0.980908 0.014240
vt 0.000200 0.312903
vt 0.996752 0.014240
vt 0.000200 0.296828
vt 0.000200 0.281378
vt 0.959024 0.014240
vt 0.906387 0.321630
vt 0.950422 0.041289
vt 0.000200 0.259595
vt 0.950422 0.053985
vt 0.906387 0.330358
vt 0.980908 0.041289
vt 0.906387 0.312903
vt 0.959024 0.041289
vt 0.000200 0.219937
vt 0.989510 0.053985
vt 0.989510 0.041289
vt 0.906387 0.321630
vt 0.980127 0.103062
vt 0.000000 0.089593
vt 0.000512 0.312903
vt 0.949641 0.115757
vt 0.906075 0.219937
vt 0.905875 0.025761
vt 0.949641 0.103062
vt 0.905875 0.012881
vt 0.000512 0.321630
vt 0.958243 0.103062
vt 0.905875 0.121202
vt 0.000512 0.330358
vt 0.988729 0.103062
vt 0.000000 0.000000
vt 0.000512 0.321630
vt 0.988729 0.115757
vt 0.906075 0.259595
vt 0.000000 0.012881
vt 0.942399 0.062186
vt 0.905875 0.034093
vt -0.000122 0.156096
vt 0.995971 0.062186
vt 0.000000 0.048121
vt -0.000122 0.210448
vt 0.995971 0.076013
vt 0.000000 0.062150
vt 0.906075 0.297453
vt 0.980127 0.076013
vt 0.000000 0.062150
vt 0.906075 0.281378
vt 0.958243 0.076013
vt 0.905875 0.093759
vt 0.906075 0.312903
vt 0.942399 0.076013
vt 0.905875 0.048121
vt 0.906075 0.296828
vt 0.905875 0.048121
vt 0.943180 0.000413
vt 0.905753 0.210448
vt 0.905875 0.062150
vt 0.943180 0.014240
vt 0.000200 0.297453
vt 0.980908 0.014240
vt 0.000000 0.093759
vt 0.000200 0.312903
vt 0.959024 0.014240
vt 0.905875 0.062150
vt 0.000200 0.281378
vt 0.996752 0.000413
vt 0.000000 0.034093
vt 0.905753 0.156096
vt 0.996752 0.014240
vt 0.000000 0.048121
vt 0.000200 0.296828
vt 0.959024 0.041289
vt 0.905875 0.089593
vt 0.906387 0.312903
vt 0.980908 0.041289
vt 0.000000 0.121202
vt 0.906387 0.330358
vt 0.989510 0.041289
vt 0.000000 0.012881
vt 0.906387 0.321630
vt 0.989510 0.053985
vt 0.000200 0.219937
vt 0.000000 0.025761
vt 0.950422 0.053985
vt 0.000200 0.259595
vt 0.905875 0.012881
vt 0.950422 0.041289
vt 0.905875 0.000000
vt 0.906387 0.321630
vt 0.949641 0.103062
vt 0.905875 0.012881
vt 0.000512 0.321630
vt 0.949641 0.115757
vt 0.906075 0.219937
vt 0.905875 0.025761
vt 0.980127 0.103062
vt 0.000000 0.089593
vt 0.000512 0.312903
vt 0.958243 0.103062
vt 0.905875 0.121202
vt 0.000512 0.330358
vt 0.988729 0.115757
vt 0.906075 0.259595
vt 0.000000 0.012881
vt 0.988729 0.103062
vt 0.000000 0.000000
vt 0.000512 0.321630
vt 0.995971 0.076013
vt 0.000000 0.062150
vt 0.906075 0.297453
vt 0.995971 0.062186
vt 0.000000 0.048121
vt -0.000122 0.210448
vt 0.958243 0.076013
vt 0.905875 0.093759
vt 0.906075 0.312903
vt 0.980127 0.076013
vt 0.000000 0.062150
vt 0.906075 0.281378
vt 0.942399 0.062186
vt 0.905875 0.034093
vt -0.000122 0.156096
vt 0.942399 0.076013
vt 0.905875 0.048121
vt 0.906075 0.296828
vt 0.905875 0.048121
vt 0.905753 0.210448
vt 0.000200 0.297453
vt 0.905875 0.062150
vt 0.000000 0.034093
vt 0.905753 0.156096
vt 0.000200 0.312903
vt 0.000000 0.093759
vt 0.000000 0.048121
vt 0.000200 0.296828
vt 0.000200 0.281378
vt 0.905875 0.062150
vt 0.906387 0.321630
vt 0.905875 0.000000
vt 0.000200 0.259595
vt 0.905875 0.012881
vt 0.906387 0.330358
vt 0.000000 0.121202
vt 0.906387 0.312903
vt 0.905875 0.089593
vt 0.000200 0.219937
vt 0.000000 0.025761
vt 0.000000 0.012881
vt 0.906387 0.321630
vt 0.999050 0.183297
vt 0.939310 0.183297
vt 0.999050 0.342604
vt 0.939310 0.342604
vt 0.985655 0.132863
vt 0.939310 0.342604
vt 0.999050 0.342604
vt 0.939081 0.132863
vt 0.939310 0.183297
vt 0.999050 0.183297
vt 0.999050 0.183297
vt 0.939310 0.183297
vt 0.999050 0.342604
vt 0.939310 0.342604
vt 0.985655 0.179437
vt 0.999050 0.183297
vt 0.939310 0.183297
vt 0.999050 0.342604
vt 0.939310 0.342604
vt 0.939081 0.179437
vt 0.939310 0.342604
vt 0.999050 0.342604
vt 0.939081 0.132863
vt 0.999050 0.342604
vt 0.939310 0.342604
vt 0.985655 0.132863
vt 0.999050 0.183297
vt 0.939310 0.183297
vt 0.939310 0.183297
vt 0.999050 0.183297
vt 0.999050 0.342604
vt 0.939310 0.342604
vt 0.985655 0.179437
vt 0.999050 0.183297
vt 0.939310 0.183297
vt 0.999050 0.342604
vt 0.939310 0.342604
vt 0.939081 0.179437
vt 0.999050 0.183297
vt 0.939310 0.183297
vt 0.979692 0.781451
vt -0.000781 0.656284
vt 0.998987 0.652658
vt 0.979692 0.844034
vt -0.000781 0.718868
vt 1.000000 0.851064
vt -0.000781 0.844034
vt 0.302823 0.718868
vt 0.000000 0.851064
vt -0.000781 0.781451
vt 0.302823 0.656284
vt 0.001647 0.652658
vt 0.145247 0.656284
vt -0.000781 0.718868
vt 0.998987 0.504118
vt 0.145247 0.718868
vt -0.000781 0.781451
vt 1.000000 1.000000
vt 0.979692 0.718868
vt 0.156795 0.656284
vt 0.001647 0.504118
vt 0.979692 0.781451
vt 0.156795 0.718868
vt 0.000000 1.000000
vt 0.949641 0.103062
vt 0.905875 0.012881
vt 0.000512 0.321630
vt 0.949641 0.115757
vt 0.906075 0.219937
vt 0.905875 0.025761
vt 0.980127 0.103062
vt 0.000000 0.089593
vt 0.000512 0.312903
vt 0.958243 0.103062
vt 0.905875 0.121202
vt 0.000512 0.330358
vt 0.988729 0.115757
vt 0.906075 0.259595
vt 0.000000 0.012881
vt 0.988729 0.103062
vt 0.000000 0.000000
vt 0.000512 0.321630
vt 0.995971 0.076013
vt 0.000000 0.062150
vt 0.906075 0.297453
vt 0.995971 0.062186
vt 0.000000 0.048121
vt -0.000122 0.210448
vt 0.958243 0.076013
vt 0.905875 0.093759
vt 0.906075 0.312903
vt 0.980127 0.076013
vt 0.000000 0.062150
vt 0.906075 0.281378
vt 0.942399 0.062186
vt 0.905875 0.034093
vt -0.000122 0.156096
vt 0.942399 0.076013
vt 0.905875 0.048121
vt 0.906075 0.296828
vt 0.905875 0.048121
vt 0.905753 0.210448
vt 0.905875 0.062150
vt 0.000200 0.297453
vt 0.000000 0.034093
vt 0.905753 0.156096
vt 0.000000 0.093759
vt 0.000200 0.312903
vt 0.000000 0.048121
vt 0.000200 0.296828
vt 0.000200 0.281378
vt 0.905875 0.062150
vt 0.906387 0.321630
vt 0.905875 0.000000
vt 0.000200 0.259595
vt 0.905875 0.012881
vt 0.000000 0.121202
vt 0.906387 0.330358
vt 0.906387 0.312903
vt 0.905875 0.089593
vt 0.000000 0.025761
vt 0.000200 0.219937
vt 0.000000 0.012881
vt 0.906387 0.321630
vt 0.905875 0.048121
vt 0.943180 0.000413
vt 0.905753 0.210448
vt 0.000200 0.297453
vt 0.905875 0.062150
vt 0.943180 0.014240
vt 0.000000 0.034093
vt 0.996752 0.000413
vt 0.905753 0.156096
vt 0.000000 0.093759
vt 0.980908 0.014240
vt 0.000200 0.312903
vt 0.000000 0.048121
vt 0.996752 0.014240
vt 0.000200 0.296828
vt 0.000200 0.281378
vt 0.905875 0.062150
vt 0.959024 0.014240
vt 0.906387 0.321630
vt 0.905875 0.000000
vt 0.950422 0.041289
vt 0.000200 0.259595
vt 0.905875 0.012881
vt 0.950422 0.053985
vt 0.906387 0.330358
vt 0.000000 0.121202
vt 0.980908 0.041289
vt 0.906387 0.312903
vt 0.905875 0.089593
vt 0.959024 0.041289
vt 0.000000 0.025761
vt 0.000200 0.219937
vt 0.989510 0.053985
vt 0.000000 0.012881
vt 0.906387 0.321630
vt 0.989510 0.041289
vt 0.905875 0.048121
vt 0.905753 0.210448
vt 0.943180 0.000413
vt 0.905875 0.062150
vt 0.000200 0.297453
vt 0.943180 0.014240
vt 0.000000 0.034093
vt 0.996752 0.000413
vt 0.905753 0.156096
vt 0.000000 0.093759
vt 0.980908 0.014240
vt 0.000200 0.312903
vt 0.000000 0.048121
vt 0.996752 0.014240
vt 0.000200 0.296828
vt 0.905875 0.062150
vt 0.000200 0.281378
vt 0.959024 0.014240
vt 0.906387 0.321630
vt 0.905875 0.000000
vt 0.950422 0.041289
vt 0.000200 0.259595
vt 0.905875 0.012881
vt 0.950422 0.053985
vt 0.000000 0.121202
vt 0.906387 0.330358
vt 0.980908 0.041289
vt 0.906387 0.312903
vt 0.905875 0.089593
vt 0.959024 0.041289
vt 0.000000 0.025761
vt 0.989510 0.053985
vt 0.000200 0.219937
vt 0.000000 0.012881
vt 0.989510 0.041289
vt 0.906387 0.321630
vt 0.943180 0.000413
vt 0.905753 0.210448
vt 0.000200 0.297453
vt 0.943180 0.014240
vt 0.996752 0.000413
vt 0.905753 0.156096
vt 0.980908 0.014240
vt 0.000200 0.312903
vt 0.996752 0.014240
vt 0.000200 0.296828
vt 0.000200 0.281378
vt 0.959024 0.014240
vt 0.906387 0.321630
vt 0.950422 0.041289
vt 0.000200 0.259595
vt 0.950422 0.053985
vt 0.906387 0.330358
vt 0.980908 0.041289
vt 0.906387 0.312903
vt 0.959024 0.041289
vt 0.000200 0.219937
vt 0.989510 0.053985
vt 0.906387 0.321630
vt 0.989510 0.041289
vt 0.905753 0.210448
vt 0.943180 0.000413
vt 0.000200 0.297453
vt 0.943180 0.014240
vt 0.905753 0.156096
vt 0.996752 0.000413
vt 0.980908 0.014240
vt 0.000200 0.312903
vt 0.996752 0.014240
vt 0.000200 0.296828
vt 0.000200 0.281378
vt 0.959024 0.014240
vt 0.906387 0.321630
vt 0.950422 0.041289
vt 0.000200 0.259595
vt 0.950422 0.053985
vt 0.906387 0.330358
vt 0.980908 0.041289
vt 0.906387 0.312903
vt 0.959024 0.041289
vt 0.000200 0.219937
vt 0.989510 0.053985
vt 0.989510 0.041289
vt 0.906387 0.321630
vt 0.980127 0.103062
vt 0.000000 0.089593
vt 0.000512 0.312903
vt 0.949641 0.115757
vt 0.906075 0.219937
vt 0.905875 0.025761
vt 0.949641 0.103062
vt 0.905875 0.012881
vt 0.000512 0.321630
vt 0.958243 0.103062
vt 0.905875 0.121202
vt 0.000512 0.330358
vt 0.988729 0.103062
vt 0.000000 0.000000
vt 0.000512 0.321630
vt 0.988729 0.115757
vt 0.906075 0.259595
vt 0.000000 0.012881
vt 0.942399 0.062186
vt 0.905875 0.034093
vt -0.000122 0.156096
vt 0.995971 0.062186
vt 0.000000 0.048121
vt -0.000122 0.210448
vt 0.995971 0.076013
vt 0.000000 0.062150
vt 0.906075 0.297453
vt 0.980127 0.076013
vt 0.000000 0.062150
vt 0.906075 0.281378
vt 0.958243 0.076013
vt 0.905875 0.093759
vt 0.906075 0.312903
vt 0.942399 0.076013
vt 0.905875 0.048121
vt 0.906075 0.296828
vt 0.905875 0.048121
vt 0.943180 0.000413
vt 0.905753 0.210448
vt 0.905875 0.062150
vt 0.943180 0.014240
vt 0.000200 0.297453
vt 0.980908 0.014240
vt 0.000000 0.093759
vt 0.000200 0.312903
vt 0.959024 0.014240
vt 0.905875 0.062150
vt 0.000200 0.281378
vt 0.996752 0.000413
vt 0.000000 0.034093
vt 0.905753 0.156096
vt 0.996752 0.014240
vt 0.000000 0.048121
vt 0.000200 0.296828
vt 0.959024 0.041289
vt 0.905875 0.089593
vt 0.906387 0.312903
vt 0.980908 0.041289
vt 0.000000 0.121202
vt 0.906387 0.330358
vt 0.989510 0.041289
vt 0.000000 0.012881
vt 0.906387 0.321630
vt 0.989510 0.053985
vt 0.000200 0.219937
vt 0.000000 0.025761
vt 0.950422 0.053985
vt 0.000200 0.259595
vt 0.905875 0.012881
vt 0.950422 0.041289
vt 0.905875 0.000000
vt 0.906387 0.321630
vt 0.949641 0.103062
vt 0.905875 0.012881
vt 0.000512 0.321630
vt 0.949641 0.115757
vt 0.906075 0.219937
vt 0.905875 0.025761
vt 0.980127 0.103062
vt 0.000000 0.089593
vt 0.000512 0.312903
vt 0.958243 0.103062
vt 0.905875 0.121202
vt 0.000512 0.330358
vt 0.988729 0.115757
vt 0.906075 0.259595
vt 0.000000 0.012881
vt 0.988729 0.103062
vt 0.000000 0.000000
vt 0.000512 0.321630
vt 0.995971 0.076013
vt 0.000000 0.062150
vt 0.906075 0.297453
vt 0.995971 0.062186
vt 0.000000 0.048121
vt -0.000122 0.210448
vt 0.958243 0.076013
vt 0.905875 0.093759
vt 0.906075 0.312903
vt 0.980127 0.076013
vt 0.000000 0.062150
vt 0.906075 0.281378
vt 0.942399 0.062186
vt 0.905875 0.034093
vt -0.000122 0.156096
vt 0.942399 0.076013
vt 0.905875 0.048121
vt 0.906075 0.296828
vt 0.905875 0.048121
vt 0.905753 0.210448
vt 0.000200 0.297453
vt 0.905875 0.062150
vt 0.000000 0.034093
vt 0.905753 0.156096
vt 0.000200 0.312903
vt 0.000000 0.093759
vt 0.000000 0.048121
vt 0.000200 0.296828
vt 0.000200 0.281378
vt 0.905875 0.062150
vt 0.906387 0.321630
vt 0.905875 0.000000
vt 0.000200 0.259595
vt 0.905875 0.012881
vt 0.906387 0.330358
vt 0.000000 0.121202
vt 0.906387 0.312903
vt 0.905875 0.089593
vt 0.000200 0.219937
vt 0.000000 0.025761
vt 0.000000 0.012881
vt 0.906387 0.321630
vt 0.999050 0.183297
vt 0.939310 0.183297
vt 0.999050 0.342604
vt 0.939310 0.342604
vt 0.985655 0.132863
vt 0.939310 0.342604
vt 0.999050 0.342604
vt 0.939081 0.132863
vt 0.939310 0.183297
vt 0.999050 0.183297
vt 0.999050 0.183297
vt 0.939310 0.183297
vt 0.999050 0.342604
vt 0.939310 0.342604
vt 0.985655 0.179437
vt 0.999050 0.183297
vt 0.939310 0.183297
vt 0.999050 0.342604
vt 0.939310 0.342604
vt 0.939081 0.179437
vt 0.939310 0.342604
vt 0.999050 0.342604
vt 0.939081 0.132863
vt 0.999050 0.342604
vt 0.939310 0.342604
vt 0.985655 0.132863
vt 0.999050 0.183297
vt 0.939310 0.183297
vt 0.939310 0.183297
vt 0.999050 0.183297
vt 0.999050 0.342604
vt 0.939310 0.342604
vt 0.985655 0.179437
vt 0.999050 0.183297
vt 0.939310 0.183297
vt 0.999050 0.342604
vt 0.939310 0.342604
vt 0.939081 0.179437
vt 0.999050 0.183297
vt 0.939310 0.183297
vt 0.979692 0.781451
vt -0.000781 0.656284
vt 0.998987 0.652658
vt 0.979692 0.844034
vt -0.000781 0.718868
vt 1.000000 0.851064
vt -0.000781 0.844034
vt 0.302823 0.718868
vt 0.000000 0.851064
vt -0.000781 0.781451
vt 0.302823 0.656284
vt 0.001647 0.652658
vt 0.145247 0.656284
vt -0.000781 0.718868
vt 0.998987 0.504118
vt 0.145247 0.718868
vt -0.000781 0.781451
vt 1.000000 1.000000
vt 0.979692 0.718868
vt 0.156795 0.656284
vt 0.001647 0.504118
vt 0.979692 0.781451
vt 0.156795 0.718868
vt 0.000000 1.000000
vt 0.949641 0.103062
vt 0.905875 0.012881
vt 0.000512 0.321630
vt 0.949641 0.115757
vt 0.906075 0.219937
vt 0.905875 0.025761
vt 0.980127 0.103062
vt 0.000000 0.089593
vt 0.000512 0.312903
vt 0.958243 0.103062
vt 0.905875 0.121202
vt 0.000512 0.330358
vt 0.988729 0.115757
vt 0.906075 0.259595
vt 0.000000 0.012881
vt 0.988729 0.103062
vt 0.000000 0.000000
vt 0.000512 0.321630
vt 0.995971 0.076013
vt 0.000000 0.062150
vt 0.906075 0.297453
vt 0.995971 0.062186
vt 0.000000 0.048121
vt -0.000122 0.210448
vt 0.958243 0.076013
vt 0.905875 0.093759
vt 0.906075 0.312903
vt 0.980127 0.076013
vt 0.000000 0.062150
vt 0.906075 0.281378
vt 0.942399 0.062186
vt 0.905875 0.034093
vt -0.000122 0.156096
vt 0.942399 0.076013
vt 0.905875 0.048121
vt 0.906075 0.296828
vt 0.905875 0.048121
vt 0.905753 0.210448
vt 0.905875 0.062150
vt 0.000200 0.297453
vt 0.000000 0.034093
vt 0.905753 0.156096
vt 0.000000 0.093759
vt 0.000200 0.312903
vt 0.000000 0.048121
vt 0.000200 0.296828
vt 0.000200 0.281378
vt 0.905875 0.062150
vt 0.906387 0.321630
vt 0.905875 0.000000
vt 0.000200 0.259595
vt 0.905875 0.012881
vt 0.000000 0.121202
vt 0.906387 0.330358
vt 0.906387 0.312903
vt 0.905875 0.089593
vt 0.000000 0.025761
vt 0.000200 0.219937
vt 0.000000 0.012881
vt 0.906387 0.321630
vt 0.905875 0.048121
vt 0.943180 0.000413
vt 0.905753 0.210448
vt 0.000200 0.297453
vt 0.905875 0.062150
vt 0.943180 0.014240
vt 0.000000 0.034093
vt 0.996752 0.000413
vt 0.905753 0.156096
vt 0.000000 0.093759
vt 0.980908 0.014240
vt 0.000200 0.312903
vt 0.000000 0.048121
vt 0.996752 0.014240
vt 0.000200 0.296828
vt 0.000200 0.281378
vt 0.905875 0.062150
vt 0.959024 0.014240
vt 0.906387 0.321630
vt 0.905875 0.000000
vt 0.950422 0.041289
vt 0.000200 0.259595
vt 0.905875 0.012881
vt 0.950422 0.053985
vt 0.906387 0.330358
vt 0.000000 0.121202
vt 0.980908 0.041289
vt 0.906387 0.312903
vt 0.905875 0.089593
vt 0.959024 0.041289
vt 0.000000 0.025761
vt 0.000200 0.219937
vt 0.989510 0.053985
vt 0.000000 0.012881
vt 0.906387 0.321630
vt 0.989510 0.041289
vt 0.905875 0.048121
vt 0.905753 0.210448
vt 0.943180 0.000413
vt 0.905875 0.062150
vt 0.000200 0.297453
vt 0.943180 0.014240
vt 0.000000 0.034093
vt 0.996752 0.000413
vt 0.905753 0.156096
vt 0.000000 0.093759
vt 0.980908 0.014240
vt 0.000200 0.312903
vt 0.000000 0.048121
vt 0.996752 0.014240
vt 0.000200 0.296828
vt 0.905875 0.062150
vt 0.000200 0.281378
vt 0.959024 0.014240
vt 0.906387 0.321630
vt 0.905875 0.000000
vt 0.950422 0.041289
vt 0.000200 0.259595
vt 0.905875 0.012881
vt 0.950422 0.053985
vt 0.000000 0.121202
vt 0.906387 0.330358
vt 0.980908 0.041289
vt 0.906387 0.312903
vt 0.905875 0.089593
vt 0.959024 0.041289
vt 0.000000 0.025761
vt 0.989510 0.053985
vt 0.000200 0.219937
vt 0.000000 0.012881
vt 0.989510 0.041289
vt 0.906387 0.321630
vt 0.943180 0.000413
vt 0.905753 0.210448
vt 0.000200 0.297453
vt 0.943180 0.014240
vt 0.996752 0.000413
vt 0.905753 0.156096
vt 0.980908 0.014240
vt 0.000200 0.312903
vt 0.996752 0.014240
vt 0.000200 0.296828
vt 0.000200 0.281378
vt 0.959024 0.014240
vt 0.906387 0.321630
vt 0.950422 0.041289
vt 0.000200 0.259595
vt 0.950422 0.053985
vt 0.906387 0.330358
vt 0.980908 0.041289
vt 0.906387 0.312903
vt 0.959024 0.041289
vt 0.000200 0.219937
vt 0.989510 0.053985
vt 0.906387 0.321630
vt 0.989510 0.041289
vt 0.905753 0.210448
vt 0.943180 0.000413
vt 0.000200 0.297453
vt 0.943180 0.014240
vt 0.905753 0.156096
vt 0.996752 0.000413
vt 0.980908 0.014240
vt 0.000200 0.312903
vt 0.996752 0.014240
vt 0.000200 0.296828
vt 0.000200 0.281378
vt 0.959024 0.014240
vt 0.906387 0.321630
vt 0.950422 0.041289
vt 0.000200 0.259595
vt 0.950422 0.053985
vt 0.906387 0.330358
vt 0.980908 0.041289
vt 0.906387 0.312903
vt 0.959024 0.041289
vt 0.000200 0.219937
vt 0.989510 0.053985
vt 0.989510 0.041289
vt 0.906387 0.321630
s 1
f 4/10/4 3/7/3 2/4/2 1/1/1
f 6/16/5 5/13/5 1/1/1 2/4/2
f 10/28/8 9/25/7 8/22/7 7/19/6
f 7/19/6 12/34/10 11/31/9 10/28/8
f 1/1/1 10/28/8 11/31/9 4/10/4
f 14/40/11 13/37/11 8/23/11 9/26/11
f 13/38/15 14/41/14 16/46/13 15/43/12
f 15/43/12 18/52/16 17/49/16 13/38/15
f 22/64/20 21/61/19 20/58/18 19/55/17
f 19/55/17 24/70/21 23/67/21 22/64/20
f 19/55/17 20/58/18 15/43/12 16/46/13
f 12/35/22 7/20/22 17/50/22 18/53/22
f 6/17/23 2/5/23 22/65/23 23/68/23
f 17/51/24 7/21/24 8/24/24 13/39/24
f 11/32/25 15/44/25 20/59/25 4/11/25
f 3/8/26 21/62/26 22/66/26 2/6/26
f 21/63/27 3/9/27 4/12/27 20/60/27
f 15/45/28 11/33/28 12/36/28 18/54/28
f 16/47/29 10/29/29 1/2/29 19/56/29
f 24/71/30 5/14/30 6/18/30 23/69/30
f 19/57/31 1/3/31 5/15/31 24/72/31
f 14/42/32 9/27/32 10/30/32 16/48/32
f 26/76/36 27/79/35 28/82/34 25/73/33
f 30/88/37 27/79/35 26/76/36 29/85/37
f 32/94/41 33/97/40 34/100/39 31/91/38
f 36/106/42 33/97/40 32/94/41 35/103/42
f 28/82/34 27/79/35 34/100/39 33/97/40
f 32/95/11 31/92/11 38/112/11 37/109/11
f 113/305/46 111/299/45 87/237/44 89/241/43
f 118/320/50 115/311/49 91/245/48 94/251/47
f 102/272/54 98/260/53 38/111/52 42/119/51
f 107/288/58 104/278/57 44/123/56 47/129/55
f 119/323/62 120/326/61 96/255/60 95/253/59
f 39/113/63 41/117/63 36/107/63 35/104/63
f 47/129/64 44/123/64 29/86/64 26/77/64
f 32/96/65 37/110/65 39/114/65 35/105/65
f 45/126/25 28/83/25 33/98/25 40/116/25
f 47/130/26 26/78/26 25/74/26 48/131/26
f 28/84/66 45/125/66 48/132/66 25/75/66
f 36/108/67 41/118/67 40/115/67 33/99/67
f 27/80/29 46/128/29 42/120/29 34/101/29
f 29/87/68 44/124/68 43/122/68 30/89/68
f 30/90/69 43/121/69 46/127/69 27/81/69
f 34/102/70 42/119/70 38/111/70 31/93/70
f 52/141/71 51/138/71 50/135/71 49/133/71
f 49/134/72 50/136/72 54/145/72 53/143/72
f 53/144/73 54/146/73 56/150/73 55/148/73
f 55/149/74 56/151/74 51/139/74 52/142/74
f 51/140/75 56/152/75 54/147/75 50/137/75
f 60/161/76 59/159/76 58/156/76 57/153/76
f 59/160/77 62/166/77 61/163/77 58/157/77
f 62/167/78 64/171/78 63/168/78 61/164/78
f 64/172/79 60/162/79 57/154/79 63/169/79
f 57/155/80 58/158/80 61/165/80 63/170/80
f 68/182/81 67/179/81 66/176/81 65/173/81
f 65/174/82 66/177/82 70/188/82 69/185/82
f 69/186/83 70/189/83 72/194/83 71/191/83
f 71/192/84 72/195/84 67/180/84 68/183/84
f 67/181/85 72/196/85 70/190/85 66/178/85
f 71/193/86 68/184/86 65/175/86 69/187/86
f 76/206/90 75/203/89 74/200/88 73/197/87
f 74/200/88 75/203/89 78/212/91 77/209/91
f 82/224/95 81/221/94 80/218/93 79/215/92
f 80/218/93 81/221/94 84/230/96 83/227/96
f 82/224/95 75/203/89 76/206/90 81/221/94
f 86/235/63 79/216/63 80/219/63 85/233/63
f 99/263/100 101/269/99 41/117/98 39/113/97
f 117/317/104 112/302/103 88/239/102 93/249/101
f 111/301/45 109/294/106 85/234/105 87/238/44
f 108/290/108 107/287/58 47/130/55 48/131/107
f 109/293/106 110/296/110 86/235/109 85/233/105
f 84/231/11 89/241/11 87/237/11 83/228/11
f 77/210/111 92/247/111 95/254/111 74/201/111
f 87/238/112 85/234/112 80/220/112 83/229/112
f 81/222/29 76/207/29 93/249/29 88/239/29
f 73/198/68 74/202/68 95/253/68 96/255/68
f 96/256/113 93/250/113 76/208/113 73/199/113
f 88/240/114 89/242/114 84/232/114 81/223/114
f 90/244/115 94/252/115 75/204/115 82/225/115
f 91/246/26 92/248/26 77/211/26 78/213/26
f 94/251/116 91/245/116 78/214/116 75/205/116
f 86/236/117 90/243/117 82/226/117 79/217/117
f 129/345/118 132/351/118 108/291/118 105/281/118
f 137/361/119 135/358/120 111/300/120 113/306/119
f 126/339/120 122/331/121 98/260/121 102/272/120
f 140/367/121 143/373/120 119/325/120 116/314/121
f 123/333/118 125/337/118 101/270/118 99/264/118
f 142/371/118 139/365/122 115/311/122 118/320/118
f 131/349/118 128/343/121 104/278/121 107/288/118
f 135/357/120 133/353/123 109/294/123 111/301/120
f 143/374/120 144/375/118 120/327/118 119/324/120
f 127/341/124 130/347/118 106/284/118 103/275/124
f 112/304/103 113/307/46 89/242/43 88/240/102
f 101/271/99 100/268/126 40/115/125 41/118/98
f 105/281/128 108/291/108 48/132/107 45/125/127
f 103/275/132 106/284/131 46/127/130 43/121/129
f 110/297/110 114/309/134 90/243/133 86/236/109
f 104/279/57 103/276/132 43/122/129 44/124/56
f 114/308/134 118/321/50 94/252/47 90/244/133
f 116/314/136 119/325/62 95/254/59 92/247/135
f 98/261/53 97/257/138 37/109/137 38/112/52
f 115/312/49 116/315/136 92/248/135 91/246/48
f 106/285/131 102/273/54 42/120/51 46/128/130
f 120/328/61 117/318/104 93/250/101 96/256/60
f 97/259/138 99/265/100 39/114/97 37/110/137
f 100/266/126 105/282/128 45/126/127 40/116/125
f 121/329/141 124/335/140 125/337/139 123/333/139
f 126/340/143 124/335/140 121/329/141 122/332/142
f 128/344/147 129/346/146 130/348/145 127/342/144
f 132/352/148 129/346/146 128/344/147 131/350/148
f 129/346/146 124/335/140 126/340/143 130/348/145
f 137/361/149 136/359/151 133/354/150 135/358/149
f 133/354/150 136/359/151 138/364/153 134/356/152
f 142/372/157 141/370/156 140/368/155 139/366/154
f 140/368/155 141/370/156 144/375/158 143/374/158
f 138/364/153 136/359/151 141/370/156 142/372/157
f 128/344/121 127/342/124 103/277/124 104/280/121
f 134/355/118 138/363/118 114/309/118 110/297/118
f 124/335/118 129/346/118 105/283/118 100/267/118
f 144/376/118 141/369/118 117/318/118 120/328/118
f 139/366/122 140/368/121 116/316/121 115/313/122
f 125/338/118 124/336/118 100/268/118 101/271/118
f 141/370/118 136/359/122 112/303/122 117/319/118
f 122/332/121 121/329/120 97/258/120 98/262/121
f 130/348/118 126/340/120 102/274/120 106/286/118
f 136/360/122 137/362/119 113/307/119 112/304/122
f 132/352/118 131/350/118 107/289/118 108/292/118
f 121/330/120 123/334/118 99/265/118 97/259/120
f 133/354/123 134/356/118 110/298/118 109/295/123
f 138/364/118 142/372/118 118/322/118 114/310/118
f 148/386/162 147/383/161 146/380/160 145/377/159
f 150/392/163 149/389/163 145/377/159 146/380/160
f 154/404/166 153/401/165 152/398/165 151/395/164
f 151/395/164 156/410/168 155/407/167 154/404/166
f 145/377/159 154/404/166 155/407/167 148/386/162
f 158/416/169 157/413/169 152/399/169 153/402/169
f 157/414/173 158/417/172 160/422/171 159/419/170
f 159/419/170 162/428/174 161/425/174 157/414/173
f 166/440/178 165/437/177 164/434/176 163/431/175
f 163/431/175 168/446/179 167/443/179 166/440/178
f 163/431/175 164/434/176 159/419/170 160/422/171
f 156/411/180 151/396/180 161/426/180 162/429/180
f 150/393/181 146/381/181 166/441/181 167/444/181
f 161/427/182 151/397/182 152/400/182 157/415/182
f 155/408/183 159/420/183 164/435/183 148/387/183
f 147/384/184 165/438/184 166/442/184 146/382/184
f 165/439/185 147/385/185 148/388/185 164/436/185
f 159/421/186 155/409/186 156/412/186 162/430/186
f 160/423/187 154/405/187 145/378/187 163/432/187
f 168/447/188 149/390/188 150/394/188 167/445/188
f 163/433/189 145/379/189 149/391/189 168/448/189
f 158/418/190 153/403/190 154/406/190 160/424/190
f 170/452/194 171/455/193 172/458/192 169/449/191
f 174/464/195 171/455/193 170/452/194 173/461/195
f 176/470/150 177/473/198 178/476/197 175/467/196
f 180/482/199 177/473/198 176/470/150 179/479/199
f 172/458/192 171/455/193 178/476/197 177/473/198
f 176/471/200 175/468/200 182/488/200 181/485/200
f 257/681/204 255/675/203 231/613/202 233/617/201
f 262/696/208 259/687/207 235/621/206 238/627/205
f 246/648/212 242/636/211 182/487/210 186/495/209
f 251/664/216 248/654/215 188/499/214 191/505/213
f 263/699/220 264/702/219 240/631/218 239/629/217
f 183/489/180 185/493/180 180/483/180 179/480/180
f 191/505/221 188/499/221 173/462/221 170/453/221
f 176/472/222 181/486/222 183/490/222 179/481/222
f 189/502/183 172/459/183 177/474/183 184/492/183
f 191/506/223 170/454/223 169/450/223 192/507/223
f 172/460/224 189/501/224 192/508/224 169/451/224
f 180/484/225 185/494/225 184/491/225 177/475/225
f 171/456/187 190/504/187 186/496/187 178/477/187
f 173/463/226 188/500/226 187/498/226 174/465/226
f 174/466/227 187/497/227 190/503/227 171/457/227
f 178/478/228 186/495/228 182/487/228 175/469/228
f 196/517/229 195/514/229 194/511/229 193/509/229
f 193/510/230 194/512/230 198/521/230 197/519/230
f 197/520/231 198/522/231 200/526/231 199/524/231
f 199/525/232 200/527/232 195/515/232 196/518/232
f 195/516/233 200/528/233 198/523/233 194/513/233
f 204/537/234 203/535/234 202/532/234 201/529/234
f 203/536/235 206/542/235 205/539/235 202/533/235
f 206/543/236 208/547/236 207/544/236 205/540/236
f 208/548/237 204/538/237 201/530/237 207/545/237
f 201/531/238 202/534/238 205/541/238 207/546/238
f 212/558/239 211/555/239 210/552/239 209/549/239
f 209/550/240 210/553/240 214/564/240 213/561/240
f 213/562/241 214/565/241 216/570/241 215/567/241
f 215/568/242 216/571/242 211/556/242 212/559/242
f 211/557/243 216/572/243 214/566/243 210/554/243
f 215/569/244 212/560/244 209/551/244 213/563/244
f 220/582/248 219/579/247 218/576/246 217/573/245
f 218/576/246 219/579/247 222/588/249 221/585/249
f 226/600/252 225/597/140 224/594/251 223/591/250
f 224/594/251 225/597/140 228/606/253 227/603/253
f 226/600/252 219/579/247 220/582/248 225/597/140
f 230/611/180 223/592/180 224/595/180 229/609/180
f 243/639/257 245/645/256 185/493/255 183/489/254
f 261/693/261 256/678/260 232/615/259 237/625/258
f 255/677/203 253/670/263 229/610/262 231/614/202
f 252/666/265 251/663/216 191/506/213 192/507/264
f 253/669/263 254/672/267 230/611/266 229/609/262
f 228/607/200 233/617/200 231/613/200 227/604/200
f 221/586/268 236/623/268 239/630/268 218/577/268
f 231/614/269 229/610/269 224/596/269 227/605/269
f 225/598/187 220/583/187 237/625/187 232/615/187
f 217/574/270 218/578/270 239/629/270 240/631/270
f 240/632/271 237/626/271 220/584/271 217/575/271
f 232/616/272 233/618/272 228/608/272 225/599/272
f 234/620/183 238/628/183 219/580/183 226/601/183
f 235/622/184 236/624/184 221/587/184 222/589/184
f 238/627/273 235/621/273 222/590/273 219/581/273
f 230/612/274 234/619/274 226/602/274 223/593/274
f 273/721/124 276/727/118 252/667/118 249/657/124
f 281/737/120 279/734/118 255/676/118 257/682/120
f 270/715/120 266/707/121 242/636/121 246/648/120
f 284/743/124 287/749/118 263/701/118 260/690/124
f 267/709/118 269/713/119 245/646/119 243/640/118
f 286/747/118 283/741/119 259/687/119 262/696/118
f 275/725/118 272/719/118 248/654/118 251/664/118
f 279/733/118 277/729/275 253/670/275 255/677/118
f 287/750/118 288/751/118 264/703/118 263/700/118
f 271/717/124 274/723/118 250/660/118 247/651/124
f 256/680/260 257/683/204 233/618/201 232/616/259
f 245/647/256 244/644/277 184/491/276 185/494/255
f 249/657/279 252/667/265 192/508/264 189/501/278
f 247/651/283 250/660/282 190/503/281 187/497/280
f 254/673/267 258/685/285 234/619/284 230/612/266
f 248/655/215 247/652/283 187/498/280 188/500/214
f 258/684/285 262/697/208 238/628/205 234/620/284
f 260/690/287 263/701/220 239/630/217 236/623/286
f 242/637/211 241/633/289 181/485/288 182/488/210
f 259/688/207 260/691/287 236/624/286 235/622/206
f 250/661/282 246/649/212 186/496/209 190/504/281
f 264/704/219 261/694/261 237/626/258 240/632/218
f 241/635/289 243/641/257 183/490/254 181/486/288
f 244/642/277 249/658/279 189/502/278 184/492/276
f 265/705/292 268/711/291 269/713/290 267/709/290
f 270/716/294 268/711/291 265/705/292 266/708/293
f 272/720/298 273/722/297 274/724/296 271/718/295
f 276/728/299 273/722/297 272/720/298 275/726/299
f 273/722/297 268/711/291 270/716/294 274/724/296
f 281/737/300 280/735/302 277/730/301 279/734/300
f 277/730/301 280/735/302 282/740/304 278/732/303
f 286/748/308 285/746/307 284/744/306 283/742/305
f 284/744/306 285/746/307 288/751/309 287/750/309
f 282/740/304 280/735/302 285/746/307 286/748/308
f 272/720/118 271/718/124 247/653/124 248/656/118
f 278/731/118 282/739/118 258/685/118 254/673/118
f 268/711/118 273/722/124 249/659/124 244/643/118
f 288/752/118 285/745/118 261/694/118 264/704/118
f 283/742/119 284/744/124 260/692/124 259/689/119
f 269/714/119 268/712/118 244/644/118 245/647/119
f 285/746/118 280/735/118 256/679/118 261/695/118
f 266/708/121 265/705/275 241/634/275 242/638/121
f 274/724/118 270/716/120 246/650/120 250/662/118
f 280/736/118 281/738/120 257/683/120 256/680/118
f 276/728/118 275/726/118 251/665/118 252/668/118
f 265/706/275 267/710/118 243/641/118 241/635/275
f 277/730/275 278/732/118 254/674/118 253/671/275
f 282/740/118 286/748/118 262/698/118 258/686/118
f 292/762/313 291/759/312 290/756/311 289/753/310
f 294/768/314 293/765/314 289/753/310 290/756/311
f 298/780/317 297/777/316 296/774/316 295/771/315
f 295/771/315 300/786/319 299/783/318 298/780/317
f 289/753/310 298/780/317 299/783/318 292/762/313
f 302/792/320 301/789/320 296/775/320 297/778/320
f 301/790/324 302/793/323 304/798/322 303/795/321
f 303/795/321 306/804/325 305/801/325 301/790/324
f 310/816/329 309/813/328 308/810/327 307/807/326
f 307/807/326 312/822/330 311/819/330 310/816/329
f 307/807/326 308/810/327 303/795/321 304/798/322
f 300/787/331 295/772/331 305/802/331 306/805/331
f 294/769/332 290/757/332 310/817/332 311/820/332
f 305/803/333 295/773/333 296/776/333 301/791/333
f 299/784/334 303/796/334 308/811/334 292/763/334
f 291/760/335 309/814/335 310/818/335 290/758/335
f 309/815/336 291/761/336 292/764/336 308/812/336
f 303/797/337 299/785/337 300/788/337 306/806/337
f 304/799/338 298/781/338 289/754/338 307/808/338
f 312/823/339 293/766/339 294/770/339 311/821/339
f 307/809/340 289/755/340 293/767/340 312/824/340
f 302/794/341 297/779/341 298/782/341 304/800/341
f 314/828/344 315/831/306 316/834/343 313/825/342
f 318/840/345 315/831/306 314/828/344 317/837/345
f 320/846/301 321/849/348 322/852/347 319/843/346
f 324/858/349 321/849/348 320/846/301 323/855/349
f 316/834/343 315/831/306 322/852/347 321/849/348
f 320/847/350 319/844/350 326/864/350 325/861/350
f 401/1057/354 399/1051/353 375/989/352 377/993/351
f 406/1072/358 403/1063/357 379/997/356 382/1003/355
f 390/1024/362 386/1012/361 326/863/360 330/871/359
f 395/1040/356 392/1030/365 332/875/364 335/881/363
f 407/1075/369 408/1078/368 384/1007/367 383/1005/366
f 327/865/370 329/869/370 324/859/370 323/856/370
f 335/881/371 332/875/371 317/838/371 314/829/371
f 320/848/372 325/862/372 327/866/372 323/857/372
f 333/878/334 316/835/334 321/850/334 328/868/334
f 335/882/373 314/830/373 313/826/373 336/883/373
f 316/836/374 333/877/374 336/884/374 313/827/374
f 324/860/375 329/870/375 328/867/375 321/851/375
f 315/832/338 334/880/338 330/872/338 322/853/338
f 317/839/376 332/876/376 331/874/376 318/841/376
f 318/842/377 331/873/377 334/879/377 315/833/377
f 322/854/378 330/871/378 326/863/378 319/845/378
f 340/893/379 339/890/379 338/887/379 337/885/379
f 337/886/380 338/888/380 342/897/380 341/895/380
f 341/896/381 342/898/381 344/902/381 343/900/381
f 343/901/382 344/903/382 339/891/382 340/894/382
f 339/892/383 344/904/383 342/899/383 338/889/383
f 348/913/384 347/911/384 346/908/384 345/905/384
f 347/912/385 350/918/385 349/915/385 346/909/385
f 350/919/386 352/923/386 351/920/386 349/916/386
f 352/924/387 348/914/387 345/906/387 351/921/387
f 345/907/388 346/910/388 349/917/388 351/922/388
f 356/934/389 355/931/389 354/928/389 353/925/389
f 353/926/390 354/929/390 358/940/390 357/937/390
f 357/938/391 358/941/391 360/946/391 359/943/391
f 359/944/392 360/947/392 355/932/392 356/935/392
f 355/933/393 360/948/393 358/942/393 354/930/393
f 359/945/394 356/936/394 353/927/394 357/939/394
f 364/958/398 363/955/397 362/952/396 361/949/395
f 362/952/396 363/955/397 366/964/399 365/961/399
f 370/976/294 369/973/291 368/970/400 367/967/293
f 368/970/400 369/973/291 372/982/401 371/979/401
f 370/976/294 363/955/397 364/958/398 369/973/291
f 374/987/402 367/968/402 368/971/402 373/985/402
f 387/1015/406 389/1021/405 329/869/404 327/865/403
f 405/1069/410 400/1054/409 376/991/408 381/1001/407
f 399/1053/353 397/1046/412 373/986/411 375/990/352
f 396/1042/414 395/1039/356 335/882/363 336/883/413
f 397/1045/412 398/1048/416 374/987/415 373/985/411
f 372/983/350 377/993/350 375/989/350 371/980/350
f 365/962/417 380/999/417 383/1006/417 362/953/417
f 375/990/418 373/986/418 368/972/418 371/981/418
f 369/974/338 364/959/338 381/1001/338 376/991/338
f 361/950/376 362/954/376 383/1005/376 384/1007/376
f 384/1008/419 381/1002/419 364/960/419 361/951/419
f 376/992/420 377/994/420 372/984/420 369/975/420
f 378/996/334 382/1004/334 363/956/334 370/977/334
f 379/998/373 380/1000/373 365/963/373 366/965/373
f 382/1003/421 379/997/421 366/966/421 363/957/421
f 374/988/422 378/995/422 370/978/422 367/969/422
f 417/1097/121 420/1103/118 396/1043/118 393/1033/121
f 425/1113/118 423/1110/120 399/1052/119 401/1058/118
f 414/1091/118 410/1083/118 386/1012/118 390/1024/118
f 428/1119/121 431/1125/118 407/1077/118 404/1066/121
f 411/1085/118 413/1089/118 389/1022/118 387/1016/118
f 430/1123/119 427/1117/124 403/1063/124 406/1072/119
f 419/1101/118 416/1095/124 392/1030/124 395/1040/118
f 423/1109/120 421/1105/118 397/1046/118 399/1053/119
f 431/1126/118 432/1127/119 408/1079/119 407/1076/118
f 415/1093/121 418/1099/120 394/1036/120 391/1027/121
f 400/1056/409 401/1059/354 377/994/351 376/992/408
f 389/1023/405 388/1020/424 328/867/423 329/870/404
f 393/1033/426 396/1043/414 336/884/413 333/877/425
f 391/1027/430 394/1036/429 334/879/428 331/873/427
f 398/1049/416 402/1061/432 378/995/431 374/988/415
f 392/1031/365 391/1028/430 331/874/427 332/876/364
f 402/1060/432 406/1073/358 382/1004/355 378/996/431
f 404/1066/434 407/1077/369 383/1006/366 380/999/433
f 386/1013/361 385/1009/436 325/861/435 326/864/360
f 403/1064/357 404/1067/434 380/1000/433 379/998/356
f 394/1037/429 390/1025/362 330/872/359 334/880/428
f 408/1080/368 405/1070/410 381/1002/407 384/1008/367
f 385/1011/436 387/1017/406 327/866/403 325/862/435
f 388/1018/424 393/1034/426 333/878/425 328/868/423
f 409/1081/439 412/1087/438 413/1089/437 411/1085/437
f 414/1092/441 412/1087/438 409/1081/439 410/1084/440
f 416/1096/445 417/1098/444 418/1100/443 415/1094/442
f 420/1104/446 417/1098/444 416/1096/445 419/1102/446
f 417/1098/444 412/1087/438 414/1092/441 418/1100/443
f 425/1113/447 424/1111/449 421/1106/448 423/1110/447
f 421/1106/448 424/1111/449 426/1116/451 422/1108/450
f 430/1124/455 429/1122/454 428/1120/453 427/1118/452
f 428/1120/453 429/1122/454 432/1127/456 431/1126/456
f 426/1116/451 424/1111/449 429/1122/454 430/1124/455
f 416/1096/124 415/1094/121 391/1029/121 392/1032/124
f 422/1107/118 426/1115/118 402/1061/118 398/1049/118
f 412/1087/121 417/1098/121 393/1035/121 388/1019/121
f 432/1128/119 429/1121/118 405/1070/118 408/1080/119
f 427/1118/124 428/1120/121 404/1068/121 403/1065/124
f 413/1090/118 412/1088/121 388/1020/121 389/1023/118
f 429/1122/118 424/1111/119 400/1055/119 405/1071/118
f 410/1084/118 409/1081/118 385/1010/118 386/1014/118
f 418/1100/120 414/1092/118 390/1026/118 394/1038/120
f 424/1112/119 425/1114/118 401/1059/118 400/1056/119
f 420/1104/118 419/1102/118 395/1041/118 396/1044/118
f 409/1082/118 411/1086/118 387/1017/118 385/1011/118
f 421/1106/118 422/1108/118 398/1050/118 397/1047/118
f 426/1116/118 430/1124/119 406/1074/119 402/1062/118
f 436/1138/460 435/1135/459 434/1132/458 433/1129/457
f 438/1144/461 437/1141/461 433/1129/457 434/1132/458
f 442/1156/464 441/1153/463 440/1150/463 439/1147/462
f 439/1147/462 444/1162/466 443/1159/465 442/1156/464
f 433/1129/457 442/1156/464 443/1159/465 436/1138/460
f 446/1168/467 445/1165/467 440/1151/467 441/1154/467
f 445/1166/471 446/1169/470 448/1174/469 447/1171/468
f 447/1171/468 450/1180/472 449/1177/472 445/1166/471
f 454/1192/476 453/1189/475 452/1186/474 451/1183/473
f 451/1183/473 456/1198/477 455/1195/477 454/1192/476
f 451/1183/473 452/1186/474 447/1171/468 448/1174/469
f 444/1163/478 439/1148/478 449/1178/478 450/1181/478
f 438/1145/479 434/1133/479 454/1193/479 455/1196/479
f 449/1179/480 439/1149/480 440/1152/480 445/1167/480
f 443/1160/481 447/1172/481 452/1187/481 436/1139/481
f 435/1136/482 453/1190/482 454/1194/482 434/1134/482
f 453/1191/483 435/1137/483 436/1140/483 452/1188/483
f 447/1173/484 443/1161/484 444/1164/484 450/1182/484
f 448/1175/485 442/1157/485 433/1130/485 451/1184/485
f 456/1199/486 437/1142/486 438/1146/486 455/1197/486
f 451/1185/487 433/1131/487 437/1143/487 456/1200/487
f 446/1170/488 441/1155/488 442/1158/488 448/1176/488
f 458/1204/492 459/1207/491 460/1210/490 457/1201/489
f 462/1216/493 459/1207/491 458/1204/492 461/1213/493
f 464/1222/497 465/1225/496 466/1228/495 463/1219/494
f 468/1234/498 465/1225/496 464/1222/497 467/1231/498
f 460/1210/490 459/1207/491 466/1228/495 465/1225/496
f 464/1223/499 463/1220/499 470/1240/499 469/1237/499
f 545/1433/503 543/1427/502 519/1365/501 521/1369/500
f 550/1448/507 547/1439/506 523/1373/505 526/1379/504
f 534/1400/511 530/1388/510 470/1239/509 474/1247/508
f 539/1416/515 536/1406/514 476/1251/513 479/1257/512
f 551/1451/519 552/1454/518 528/1383/517 527/1381/516
f 471/1241/478 473/1245/478 468/1235/478 467/1232/478
f 479/1257/520 476/1251/520 461/1214/520 458/1205/520
f 464/1224/521 469/1238/521 471/1242/521 467/1233/521
f 477/1254/522 460/1211/522 465/1226/522 472/1244/522
f 479/1258/482 458/1206/482 457/1202/482 480/1259/482
f 460/1212/523 477/1253/523 480/1260/523 457/1203/523
f 468/1236/524 473/1246/524 472/1243/524 465/1227/524
f 459/1208/525 478/1256/525 474/1248/525 466/1229/525
f 461/1215/486 476/1252/486 475/1250/486 462/1217/486
f 462/1218/526 475/1249/526 478/1255/526 459/1209/526
f 466/1230/527 474/1247/527 470/1239/527 463/1221/527
f 484/1269/528 483/1266/528 482/1263/528 481/1261/528
f 481/1262/529 482/1264/529 486/1273/529 485/1271/529
f 485/1272/530 486/1274/530 488/1278/530 487/1276/530
f 487/1277/531 488/1279/531 483/1267/531 484/1270/531
f 483/1268/532 488/1280/532 486/1275/532 482/1265/532
f 492/1289/533 491/1287/533 490/1284/533 489/1281/533
f 491/1288/534 494/1294/534 493/1291/534 490/1285/534
f 494/1295/535 496/1299/535 495/1296/535 493/1292/535
f 496/1300/536 492/1290/536 489/1282/536 495/1297/536
f 489/1283/537 490/1286/537 493/1293/537 495/1298/537
f 500/1310/538 499/1307/538 498/1304/538 497/1301/538
f 497/1302/539 498/1305/539 502/1316/539 501/1313/539
f 501/1314/540 502/1317/540 504/1322/540 503/1319/540
f 503/1320/541 504/1323/541 499/1308/541 500/1311/541
f 499/1309/542 504/1324/542 502/1318/542 498/1306/542
f 503/1321/543 500/1312/543 497/1303/543 501/1315/543
f 508/1334/547 507/1331/546 506/1328/545 505/1325/544
f 506/1328/545 507/1331/546 510/1340/548 509/1337/548
f 514/1352/552 513/1349/551 512/1346/550 511/1343/549
f 512/1346/550 513/1349/551 516/1358/553 515/1355/553
f 514/1352/552 507/1331/546 508/1334/547 513/1349/551
f 518/1363/478 511/1344/478 512/1347/478 517/1361/478
f 531/1391/557 533/1397/556 473/1245/555 471/1241/554
f 549/1445/560 544/1430/500 520/1367/559 525/1377/558
f 543/1429/502 541/1422/562 517/1362/561 519/1366/501
f 540/1418/564 539/1415/515 479/1258/512 480/1259/563
f 541/1421/562 542/1424/566 518/1363/565 517/1361/561
f 516/1359/499 521/1369/499 519/1365/499 515/1356/499
f 509/1338/567 524/1375/567 527/1382/567 506/1329/567
f 519/1366/568 517/1362/568 512/1348/568 515/1357/568
f 513/1350/525 508/1335/525 525/1377/525 520/1367/525
f 505/1326/569 506/1330/569 527/1381/569 528/1383/569
f 528/1384/570 525/1378/570 508/1336/570 505/1327/570
f 520/1368/571 521/1370/571 516/1360/571 513/1351/571
f 522/1372/522 526/1380/522 507/1332/522 514/1353/522
f 523/1374/482 524/1376/482 509/1339/482 510/1341/482
f 526/1379/572 523/1373/572 510/1342/572 507/1333/572
f 518/1364/573 522/1371/573 514/1354/573 511/1345/573
f 561/1473/118 564/1479/118 540/1419/118 537/1409/118
f 569/1489/119 567/1486/119 543/1428/119 545/1434/119
f 558/1467/119 554/1459/121 530/1388/121 534/1400/119
f 572/1495/118 575/1501/118 551/1453/118 548/1442/118
f 555/1461/119 557/1465/118 533/1398/118 531/1392/119
f 574/1499/118 571/1493/120 547/1439/120 550/1448/118
f 563/1477/118 560/1471/118 536/1406/118 539/1416/118
f 567/1485/119 565/1481/118 541/1422/118 543/1429/119
f 575/1502/118 576/1503/118 552/1455/118 551/1452/118
f 559/1469/121 562/1475/118 538/1412/118 535/1403/121
f 544/1432/500 545/1435/503 521/1370/500 520/1368/559
f 533/1399/556 532/1396/575 472/1243/574 473/1246/555
f 537/1409/577 540/1419/564 480/1260/563 477/1253/576
f 535/1403/581 538/1412/580 478/1255/579 475/1249/578
f 542/1425/566 546/1437/583 522/1371/582 518/1364/565
f 536/1407/514 535/1404/581 475/1250/578 476/1252/513
f 546/1436/583 550/1449/507 526/1380/504 522/1372/582
f 548/1442/585 551/1453/519 527/1382/516 524/1375/584
f 530/1389/510 529/1385/587 469/1237/586 470/1240/509
f 547/1440/506 548/1443/585 524/1376/584 523/1374/505
f 538/1413/580 534/1401/511 474/1248/508 478/1256/579
f 552/1456/518 549/1446/560 525/1378/558 528/1384/517
f 529/1387/587 531/1393/557 471/1242/554 469/1238/586
f 532/1394/575 537/1410/577 477/1254/576 472/1244/574
f 553/1457/590 556/1463/589 557/1465/588 555/1461/588
f 558/1468/592 556/1463/589 553/1457/590 554/1460/591
f 560/1472/596 561/1474/595 562/1476/594 559/1470/593
f 564/1480/597 561/1474/595 560/1472/596 563/1478/597
f 561/1474/595 556/1463/589 558/1468/592 562/1476/594
f 569/1489/598 568/1487/600 565/1482/599 567/1486/598
f 565/1482/599 568/1487/600 570/1492/602 566/1484/601
f 574/1500/606 573/1498/605 572/1496/604 571/1494/603
f 572/1496/604 573/1498/605 576/1503/607 575/1502/607
f 570/1492/602 568/1487/600 573/1498/605 574/1500/606
f 560/1472/118 559/1470/121 535/1405/121 536/1408/118
f 566/1483/121 570/1491/120 546/1437/120 542/1425/121
f 556/1463/124 561/1474/118 537/1411/118 532/1395/124
f 576/1504/118 573/1497/121 549/1446/121 552/1456/118
f 571/1494/120 572/1496/118 548/1444/118 547/1441/120
f 557/1466/118 556/1464/124 532/1396/124 533/1399/118
f 573/1498/121 568/1487/118 544/1431/118 549/1447/121
f 554/1460/121 553/1457/118 529/1386/118 530/1390/121
f 562/1476/118 558/1468/119 534/1402/119 538/1414/118
f 568/1488/118 569/1490/119 545/1435/119 544/1432/118
f 564/1480/118 563/1478/118 539/1417/118 540/1420/118
f 553/1458/118 555/1462/119 531/1393/119 529/1387/118
f 565/1482/118 566/1484/121 542/1426/121 541/1423/118
f 570/1492/120 574/1500/118 550/1450/118 546/1438/120
f 580/1514/611 579/1511/610 578/1508/609 577/1505/608
f 582/1520/612 581/1517/612 577/1505/608 578/1508/609
f 586/1532/615 585/1529/614 584/1526/614 583/1523/613
f 583/1523/613 588/1538/617 587/1535/616 586/1532/615
f 577/1505/608 586/1532/615 587/1535/616 580/1514/611
f 590/1544/618 589/1541/618 584/1527/618 585/1530/618
f 589/1542/622 590/1545/621 592/1550/620 591/1547/619
f 591/1547/619 594/1556/623 593/1553/623 589/1542/622
f 598/1568/627 597/1565/626 596/1562/625 595/1559/624
f 595/1559/624 600/1574/628 599/1571/628 598/1568/627
f 595/1559/624 596/1562/625 591/1547/619 592/1550/620
f 588/1539/629 583/1524/629 593/1554/629 594/1557/629
f 582/1521/630 578/1509/630 598/1569/630 599/1572/630
f 593/1555/631 583/1525/631 584/1528/631 589/1543/631
f 587/1536/632 591/1548/632 596/1563/632 580/1515/632
f 579/1512/633 597/1566/633 598/1570/633 578/1510/633
f 597/1567/634 579/1513/634 580/1516/634 596/1564/634
f 591/1549/635 587/1537/635 588/1540/635 594/1558/635
f 592/1551/636 586/1533/636 577/1506/636 595/1560/636
f 600/1575/637 581/1518/637 582/1522/637 599/1573/637
f 595/1561/638 577/1507/638 581/1519/638 600/1576/638
f 590/1546/639 585/1531/639 586/1534/639 592/1552/639
f 602/1580/643 603/1583/642 604/1586/641 601/1577/640
f 606/1592/644 603/1583/642 602/1580/643 605/1589/644
f 608/1598/648 609/1601/647 610/1604/646 607/1595/645
f 612/1610/649 609/1601/647 608/1598/648 611/1607/649
f 604/1586/641 603/1583/642 610/1604/646 609/1601/647
f 608/1599/618 607/1596/618 614/1616/618 613/1613/618
f 689/1809/653 687/1803/652 663/1741/651 665/1745/650
f 694/1824/657 691/1815/656 667/1749/655 670/1755/654
f 678/1776/661 674/1764/660 614/1615/659 618/1623/658
f 683/1792/665 680/1782/664 620/1627/663 623/1633/662
f 695/1827/669 696/1830/668 672/1759/667 671/1757/666
f 615/1617/629 617/1621/629 612/1611/629 611/1608/629
f 623/1633/670 620/1627/670 605/1590/670 602/1581/670
f 608/1600/671 613/1614/671 615/1618/671 611/1609/671
f 621/1630/672 604/1587/672 609/1602/672 616/1620/672
f 623/1634/673 602/1582/673 601/1578/673 624/1635/673
f 604/1588/674 621/1629/674 624/1636/674 601/1579/674
f 612/1612/675 617/1622/675 616/1619/675 609/1603/675
f 603/1584/676 622/1632/676 618/1624/676 610/1605/676
f 605/1591/677 620/1628/677 619/1626/677 606/1593/677
f 606/1594/678 619/1625/678 622/1631/678 603/1585/678
f 610/1606/679 618/1623/679 614/1615/679 607/1597/679
f 628/1645/680 627/1642/680 626/1639/680 625/1637/680
f 625/1638/681 626/1640/681 630/1649/681 629/1647/681
f 629/1648/682 630/1650/682 632/1654/682 631/1652/682
f 631/1653/683 632/1655/683 627/1643/683 628/1646/683
f 627/1644/684 632/1656/684 630/1651/684 626/1641/684
f 636/1665/685 635/1663/685 634/1660/685 633/1657/685
f 635/1664/686 638/1670/686 637/1667/686 634/1661/686
f 638/1671/687 640/1675/687 639/1672/687 637/1668/687
f 640/1676/688 636/1666/688 633/1658/688 639/1673/688
f 633/1659/689 634/1662/689 637/1669/689 639/1674/689
f 644/1686/690 643/1683/690 642/1680/690 641/1677/690
f 641/1678/691 642/1681/691 646/1692/691 645/1689/691
f 645/1690/692 646/1693/692 648/1698/692 647/1695/692
f 647/1696/693 648/1699/693 643/1684/693 644/1687/693
f 643/1685/694 648/1700/694 646/1694/694 642/1682/694
f 647/1697/695 644/1688/695 641/1679/695 645/1691/695
f 652/1710/699 651/1707/698 650/1704/697 649/1701/696
f 650/1704/697 651/1707/698 654/1716/700 653/1713/700
f 658/1728/592 657/1725/589 656/1722/590 655/1719/591
f 656/1722/590 657/1725/589 660/1734/701 659/1731/701
f 658/1728/592 651/1707/698 652/1710/699 657/1725/589
f 662/1739/629 655/1720/629 656/1723/629 661/1737/629
f 675/1767/705 677/1773/704 617/1621/703 615/1617/702
f 693/1821/709 688/1806/708 664/1743/707 669/1753/706
f 687/1805/652 685/1798/711 661/1738/710 663/1742/651
f 684/1794/713 683/1791/665 623/1634/662 624/1635/712
f 685/1797/711 686/1800/715 662/1739/714 661/1737/710
f 660/1735/618 665/1745/618 663/1741/618 659/1732/618
f 653/1714/716 668/1751/716 671/1758/716 650/1705/716
f 663/1742/717 661/1738/717 656/1724/717 659/1733/717
f 657/1726/676 652/1711/676 669/1753/676 664/1743/676
f 649/1702/677 650/1706/677 671/1757/677 672/1759/677
f 672/1760/718 669/1754/718 652/1712/718 649/1703/718
f 664/1744/719 665/1746/719 660/1736/719 657/1727/719
f 666/1748/672 670/1756/672 651/1708/672 658/1729/672
f 667/1750/673 668/1752/673 653/1715/673 654/1717/673
f 670/1755/720 667/1749/720 654/1718/720 651/1709/720
f 662/1740/721 666/1747/721 658/1730/721 655/1721/721
f 705/1849/118 708/1855/118 684/1795/118 681/1785/118
f 713/1865/118 711/1862/118 687/1804/118 689/1810/118
f 702/1843/118 698/1835/118 674/1764/118 678/1776/118
f 716/1871/121 719/1877/120 695/1829/120 692/1818/121
f 699/1837/118 701/1841/118 677/1774/118 675/1768/118
f 718/1875/118 715/1869/118 691/1815/118 694/1824/118
f 707/1853/118 704/1847/124 680/1782/124 683/1792/118
f 711/1861/118 709/1857/122 685/1798/122 687/1805/118
f 719/1878/120 720/1879/119 696/1831/119 695/1828/120
f 703/1845/123 706/1851/118 682/1788/118 679/1779/123
f 688/1808/708 689/1811/653 665/1746/650 664/1744/707
f 677/1775/704 676/1772/723 616/1619/722 617/1622/703
f 681/1785/725 684/1795/713 624/1636/712 621/1629/724
f 679/1779/729 682/1788/728 622/1631/727 619/1625/726
f 686/1801/715 690/1813/731 666/1747/730 662/1740/714
f 680/1783/664 679/1780/729 619/1626/726 620/1628/663
f 690/1812/731 694/1825/657 670/1756/654 666/1748/730
f 692/1818/733 695/1829/669 671/1758/666 668/1751/732
f 674/1765/660 673/1761/735 613/1613/734 614/1616/659
f 691/1816/656 692/1819/733 668/1752/732 667/1750/655
f 682/1789/728 678/1777/661 618/1624/658 622/1632/727
f 696/1832/668 693/1822/709 669/1754/706 672/1760/667
f 673/1763/735 675/1769/705 615/1618/702 613/1614/734
f 676/1770/723 681/1786/725 621/1630/724 616/1620/722
f 697/1833/738 700/1839/737 701/1841/736 699/1837/736
f 702/1844/740 700/1839/737 697/1833/738 698/1836/739
f 704/1848/744 705/1850/743 706/1852/742 703/1846/741
f 708/1856/745 705/1850/743 704/1848/744 707/1854/745
f 705/1850/743 700/1839/737 702/1844/740 706/1852/742
f 713/1865/746 712/1863/748 709/1858/747 711/1862/746
f 709/1858/747 712/1863/748 714/1868/750 710/1860/749
f 718/1876/754 717/1874/753 716/1872/752 715/1870/751
f 716/1872/752 717/1874/753 720/1879/755 719/1878/755
f 714/1868/750 712/1863/748 717/1874/753 718/1876/754
f 704/1848/124 703/1846/123 679/1781/123 680/1784/124
f 710/1859/118 714/1867/118 690/1813/118 686/1801/118
f 700/1839/119 705/1850/118 681/1787/118 676/1771/119
f 720/1880/119 717/1873/124 693/1822/124 696/1832/119
f 715/1870/118 716/1872/121 692/1820/121 691/1817/118
f 701/1842/118 700/1840/119 676/1772/119 677/1775/118
f 717/1874/124 712/1863/118 688/1807/119 693/1823/124
f 698/1836/118 697/1833/122 673/1762/122 674/1766/118
f 706/1852/118 702/1844/118 678/1778/118 682/1790/118
f 712/1864/118 713/1866/118 689/1811/118 688/1808/119
f 708/1856/118 707/1854/118 683/1793/118 684/1796/118
f 697/1834/122 699/1838/118 675/1769/118 673/1763/122
f 709/1858/122 710/1860/118 686/1802/118 685/1799/122
f 714/1868/118 718/1876/118 694/1826/118 690/1814/118
f 724/1890/759 723/1887/758 722/1884/757 721/1881/756
f 726/1896/760 725/1893/760 721/1881/756 722/1884/757
f 730/1908/763 729/1905/762 728/1902/762 727/1899/761
f 727/1899/761 732/1914/765 731/1911/764 730/1908/763
f 721/1881/756 730/1908/763 731/1911/764 724/1890/759
f 734/1920/766 733/1917/766 728/1903/766 729/1906/766
f 733/1918/770 734/1921/769 736/1926/768 735/1923/767
f 735/1923/767 738/1932/771 737/1929/771 733/1918/770
f 742/1944/775 741/1941/774 740/1938/773 739/1935/772
f 739/1935/772 744/1950/776 743/1947/776 742/1944/775
f 739/1935/772 740/1938/773 735/1923/767 736/1926/768
f 732/1915/777 727/1900/777 737/1930/777 738/1933/777
f 726/1897/778 722/1885/778 742/1945/778 743/1948/778
f 737/1931/779 727/1901/779 728/1904/779 733/1919/779
f 731/1912/780 735/1924/780 740/1939/780 724/1891/780
f 723/1888/781 741/1942/781 742/1946/781 722/1886/781
f 741/1943/782 723/1889/782 724/1892/782 740/1940/782
f 735/1925/783 731/1913/783 732/1916/783 738/1934/783
f 736/1927/784 730/1909/784 721/1882/784 739/1936/784
f 744/1951/785 725/1894/785 726/1898/785 743/1949/785
f 739/1937/786 721/1883/786 725/1895/786 744/1952/786
f 734/1922/787 729/1907/787 730/1910/787 736/1928/787
f 746/1956/753 747/1959/752 748/1962/789 745/1953/788
f 750/1968/790 747/1959/752 746/1956/753 749/1965/790
f 752/1974/794 753/1977/793 754/1980/792 751/1971/791
f 756/1986/746 753/1977/793 752/1974/794 755/1983/746
f 748/1962/789 747/1959/752 754/1980/792 753/1977/793
f 752/1975/766 751/1972/766 758/1992/766 757/1989/766
f 833/2185/798 831/2179/797 807/2117/796 809/2121/795
f 838/2200/802 835/2191/801 811/2125/800 814/2131/799
f 822/2152/806 818/2140/805 758/1991/804 762/1999/803
f 827/2168/810 824/2158/809 764/2003/808 767/2009/807
f 839/2203/814 840/2206/813 816/2135/812 815/2133/811
f 759/1993/777 761/1997/777 756/1987/777 755/1984/777
f 767/2009/815 764/2003/815 749/1966/815 746/1957/815
f 752/1976/816 757/1990/816 759/1994/816 755/1985/816
f 765/2006/817 748/1963/817 753/1978/817 760/1996/817
f 767/2010/818 746/1958/818 745/1954/818 768/2011/818
f 748/1964/819 765/2005/819 768/2012/819 745/1955/819
f 756/1988/820 761/1998/820 760/1995/820 753/1979/820
f 747/1960/821 766/2008/821 762/2000/821 754/1981/821
f 749/1967/822 764/2004/822 763/2002/822 750/1969/822
f 750/1970/823 763/2001/823 766/2007/823 747/1961/823
f 754/1982/824 762/1999/824 758/1991/824 751/1973/824
f 772/2021/825 771/2018/825 770/2015/825 769/2013/825
f 769/2014/826 770/2016/826 774/2025/826 773/2023/826
f 773/2024/827 774/2026/827 776/2030/827 775/2028/827
f 775/2029/828 776/2031/828 771/2019/828 772/2022/828
f 771/2020/829 776/2032/829 774/2027/829 770/2017/829
f 780/2041/830 779/2039/830 778/2036/830 777/2033/830
f 779/2040/831 782/2046/831 781/2043/831 778/2037/831
f 782/2047/832 784/2051/832 783/2048/832 781/2044/832
f 784/2052/833 780/2042/833 777/2034/833 783/2049/833
f 777/2035/834 778/2038/834 781/2045/834 783/2050/834
f 788/2062/835 787/2059/835 786/2056/835 785/2053/835
f 785/2054/836 786/2057/836 790/2068/836 789/2065/836
f 789/2066/837 790/2069/837 792/2074/837 791/2071/837
f 791/2072/838 792/2075/838 787/2060/838 788/2063/838
f 787/2061/839 792/2076/839 790/2070/839 786/2058/839
f 791/2073/840 788/2064/840 785/2055/840 789/2067/840
f 796/2086/843 795/2083/744 794/2080/842 793/2077/841
f 794/2080/842 795/2083/744 798/2092/844 797/2089/844
f 802/2104/847 801/2101/737 800/2098/846 799/2095/845
f 800/2098/846 801/2101/737 804/2110/848 803/2107/848
f 802/2104/847 795/2083/744 796/2086/843 801/2101/737
f 806/2115/777 799/2096/777 800/2099/777 805/2113/777
f 819/2143/852 821/2149/851 761/1997/850 759/1993/849
f 837/2197/856 832/2182/855 808/2119/854 813/2129/853
f 831/2181/797 829/2174/858 805/2114/857 807/2118/796
f 828/2170/860 827/2167/810 767/2010/807 768/2011/859
f 829/2173/858 830/2176/862 806/2115/861 805/2113/857
f 804/2111/766 809/2121/766 807/2117/766 803/2108/766
f 797/2090/863 812/2127/863 815/2134/863 794/2081/863
f 807/2118/864 805/2114/864 800/2100/864 803/2109/864
f 801/2102/821 796/2087/821 813/2129/821 808/2119/821
f 793/2078/822 794/2082/822 815/2133/822 816/2135/822
f 816/2136/865 813/2130/865 796/2088/865 793/2079/865
f 808/2120/866 809/2122/866 804/2112/866 801/2103/866
f 810/2124/817 814/2132/817 795/2084/817 802/2105/817
f 811/2126/867 812/2128/867 797/2091/867 798/2093/867
f 814/2131/868 811/2125/868 798/2094/868 795/2085/868
f 806/2116/869 810/2123/869 802/2106/869 799/2097/869
f 849/2225/118 852/2231/118 828/2171/118 825/2161/118
f 857/2241/118 855/2238/120 831/2180/120 833/2186/118
f 846/2219/118 842/2211/118 818/2140/118 822/2152/118
f 860/2247/124 863/2253/118 839/2205/118 836/2194/124
f 843/2213/118 845/2217/118 821/2150/118 819/2144/118
f 862/2251/120 859/2245/118 835/2191/118 838/2200/120
f 851/2229/118 848/2223/124 824/2158/124 827/2168/118
f 855/2237/120 853/2233/124 829/2174/124 831/2181/120
f 863/2254/118 864/2255/120 840/2207/120 839/2204/118
f 847/2221/118 850/2227/119 826/2164/119 823/2155/118
f 832/2184/855 833/2187/798 809/2122/795 808/2120/854
f 821/2151/851 820/2148/871 760/1995/870 761/1998/850
f 825/2161/873 828/2171/860 768/2012/859 765/2005/872
f 823/2155/877 826/2164/876 766/2007/875 763/2001/874
f 830/2177/862 834/2189/879 810/2123/878 806/2116/861
f 824/2159/809 823/2156/877 763/2002/874 764/2004/808
f 834/2188/879 838/2201/802 814/2132/799 810/2124/878
f 836/2194/881 839/2205/814 815/2134/811 812/2127/880
f 818/2141/805 817/2137/883 757/1989/882 758/1992/804
f 835/2192/801 836/2195/881 812/2128/880 811/2126/800
f 826/2165/876 822/2153/806 762/2000/803 766/2008/875
f 840/2208/813 837/2198/856 813/2130/853 816/2136/812
f 817/2139/883 819/2145/852 759/1994/849 757/1990/882
f 820/2146/871 825/2162/873 765/2006/872 760/1996/870
f 841/2209/886 844/2215/885 845/2217/884 843/2213/884
f 846/2220/888 844/2215/885 841/2209/886 842/2212/887
f 848/2224/892 849/2226/891 850/2228/890 847/2222/889
f 852/2232/893 849/2226/891 848/2224/892 851/2230/893
f 849/2226/891 844/2215/885 846/2220/888 850/2228/890
f 857/2241/894 856/2239/896 853/2234/895 855/2238/894
f 853/2234/895 856/2239/896 858/2244/898 854/2236/897
f 862/2252/902 861/2250/901 860/2248/900 859/2246/899
f 860/2248/900 861/2250/901 864/2255/903 863/2254/903
f 858/2244/898 856/2239/896 861/2250/901 862/2252/902
f 848/2224/124 847/2222/118 823/2157/118 824/2160/124
f 854/2235/121 858/2243/118 834/2189/118 830/2177/121
f 844/2215/118 849/2226/118 825/2163/118 820/2147/118
f 864/2256/120 861/2249/118 837/2198/118 840/2208/120
f 859/2246/118 860/2248/124 836/2196/124 835/2193/118
f 845/2218/118 844/2216/118 820/2148/118 821/2151/118
f 861/2250/118 856/2239/118 832/2183/118 837/2199/118
f 842/2212/118 841/2209/118 817/2138/118 818/2142/118
f 850/2228/119 846/2220/118 822/2154/118 826/2166/119
f 856/2240/118 857/2242/118 833/2187/118 832/2184/118
f 852/2232/118 851/2230/118 827/2169/118 828/2172/118
f 841/2210/118 843/2214/118 819/2145/118 817/2139/118
f 853/2234/124 854/2236/121 830/2178/121 829/2175/124
f 858/2244/118 862/2252/120 838/2202/120 834/2190/118
f 868/2266/907 867/2263/906 866/2260/905 865/2257/904
f 870/2272/908 869/2269/908 865/2257/904 866/2260/905
f 874/2284/911 873/2281/910 872/2278/910 871/2275/909
f 871/2275/909 876/2290/913 875/2287/912 874/2284/911
f 865/2257/904 874/2284/911 875/2287/912 868/2266/907
f 878/2296/914 877/2293/914 872/2279/914 873/2282/914
f 877/2294/918 878/2297/917 880/2302/916 879/2299/915
f 879/2299/915 882/2308/919 881/2305/919 877/2294/918
f 886/2320/923 885/2317/922 884/2314/921 883/2311/920
f 883/2311/920 888/2326/924 887/2323/924 886/2320/923
f 883/2311/920 884/2314/921 879/2299/915 880/2302/916
f 876/2291/925 871/2276/925 881/2306/925 882/2309/925
f 870/2273/926 866/2261/926 886/2321/926 887/2324/926
f 881/2307/927 871/2277/927 872/2280/927 877/2295/927
f 875/2288/928 879/2300/928 884/2315/928 868/2267/928
f 867/2264/929 885/2318/929 886/2322/929 866/2262/929
f 885/2319/930 867/2265/930 868/2268/930 884/2316/930
f 879/2301/931 875/2289/931 876/2292/931 882/2310/931
f 880/2303/932 874/2285/932 865/2258/932 883/2312/932
f 888/2327/933 869/2270/933 870/2274/933 887/2325/933
f 883/2313/934 865/2259/934 869/2271/934 888/2328/934
f 878/2298/935 873/2283/935 874/2286/935 880/2304/935
f 890/2332/939 891/2335/938 892/2338/937 889/2329/936
f 894/2344/940 891/2335/938 890/2332/939 893/2341/940
f 896/2350/944 897/2353/943 898/2356/942 895/2347/941
f 900/2362/945 897/2353/943 896/2350/944 899/2359/945
f 892/2338/937 891/2335/938 898/2356/942 897/2353/943
f 896/2351/946 895/2348/946 902/2368/946 901/2365/946
f 977/2561/950 975/2555/949 951/2493/948 953/2497/947
f 982/2576/954 979/2567/953 955/2501/952 958/2507/951
f 966/2528/958 962/2516/957 902/2367/956 906/2375/955
f 971/2544/962 968/2534/961 908/2379/960 911/2385/959
f 983/2579/966 984/2582/965 960/2511/964 959/2509/963
f 903/2369/967 905/2373/967 900/2363/967 899/2360/967
f 911/2385/968 908/2379/968 893/2342/968 890/2333/968
f 896/2352/969 901/2366/969 903/2370/969 899/2361/969
f 909/2382/928 892/2339/928 897/2354/928 904/2372/928
f 911/2386/970 890/2334/970 889/2330/970 912/2387/970
f 892/2340/971 909/2381/971 912/2388/971 889/2331/971
f 900/2364/972 905/2374/972 904/2371/972 897/2355/972
f 891/2336/932 910/2384/932 906/2376/932 898/2357/932
f 893/2343/973 908/2380/973 907/2378/973 894/2345/973
f 894/2346/974 907/2377/974 910/2383/974 891/2337/974
f 898/2358/975 906/2375/975 902/2367/975 895/2349/975
f 916/2397/976 915/2394/976 914/2391/976 913/2389/976
f 913/2390/977 914/2392/977 918/2401/977 917/2399/977
f 917/2400/978 918/2402/978 920/2406/978 919/2404/978
f 919/2405/979 920/2407/979 915/2395/979 916/2398/979
f 915/2396/980 920/2408/980 918/2403/980 914/2393/980
f 924/2417/981 923/2415/981 922/2412/981 921/2409/981
f 923/2416/982 926/2422/982 925/2419/982 922/2413/982
f 926/2423/983 928/2427/983 927/2424/983 925/2420/983
f 928/2428/984 924/2418/984 921/2410/984 927/2425/984
f 921/2411/985 922/2414/985 925/2421/985 927/2426/985
f 932/2438/986 931/2435/986 930/2432/986 929/2429/986
f 929/2430/987 930/2433/987 934/2444/987 933/2441/987
f 933/2442/988 934/2445/988 936/2450/988 935/2447/988
f 935/2448/989 936/2451/989 931/2436/989 932/2439/989
f 931/2437/990 936/2452/990 934/2446/990 930/2434/990
f 935/2449/991 932/2440/991 929/2431/991 933/2443/991
f 940/2462/995 939/2459/994 938/2456/993 937/2453/992
f 938/2456/993 939/2459/994 942/2468/996 941/2465/996
f 946/2480/888 945/2477/885 944/2474/997 943/2471/887
f 944/2474/997 945/2477/885 948/2486/998 947/2483/998
f 946/2480/888 939/2459/994 940/2462/995 945/2477/885
f 950/2491/967 943/2472/967 944/2475/967 949/2489/967
f 963/2519/1002 965/2525/1001 905/2373/1000 903/2369/999
f 981/2573/1006 976/2558/1005 952/2495/1004 957/2505/1003
f 975/2557/949 973/2550/1008 949/2490/1007 951/2494/948
f 972/2546/1010 971/2543/962 911/2386/959 912/2387/1009
f 973/2549/1008 974/2552/1012 950/2491/1011 949/2489/1007
f 948/2487/1013 953/2497/1013 951/2493/1013 947/2484/1013
f 941/2466/1014 956/2503/1014 959/2510/1014 938/2457/1014
f 951/2494/1015 949/2490/1015 944/2476/1015 947/2485/1015
f 945/2478/932 940/2463/932 957/2505/932 952/2495/932
f 937/2454/973 938/2458/973 959/2509/973 960/2511/973
f 960/2512/1016 957/2506/1016 940/2464/1016 937/2455/1016
f 952/2496/1017 953/2498/1017 948/2488/1017 945/2479/1017
f 954/2500/928 958/2508/928 939/2460/928 946/2481/928
f 955/2502/970 956/2504/970 941/2467/970 942/2469/970
f 958/2507/1018 955/2501/1018 942/2470/1018 939/2461/1018
f 950/2492/1019 954/2499/1019 946/2482/1019 943/2473/1019
f 993/2601/118 996/2607/118 972/2547/118 969/2537/118
f 1001/2617/118 999/2614/118 975/2556/118 977/2562/118
f 990/2595/120 986/2587/118 962/2516/118 966/2528/120
f 1004/2623/118 1007/2629/118 983/2581/118 980/2570/118
f 987/2589/118 989/2593/118 965/2526/118 963/2520/118
f 1006/2627/118 1003/2621/123 979/2567/123 982/2576/118
f 995/2605/118 992/2599/118 968/2534/118 971/2544/118
f 999/2613/118 997/2609/118 973/2550/118 975/2557/118
f 1007/2630/118 1008/2631/118 984/2583/118 983/2580/118
f 991/2597/123 994/2603/118 970/2540/118 967/2531/123
f 976/2560/1005 977/2563/950 953/2498/947 952/2496/1004
f 965/2527/1001 964/2524/1021 904/2371/1020 905/2374/1000
f 969/2537/1023 972/2547/1010 912/2388/1009 909/2381/1022
f 967/2531/1027 970/2540/1026 910/2383/1025 907/2377/1024
f 974/2553/1012 978/2565/1029 954/2499/1028 950/2492/1011
f 968/2535/961 967/2532/1027 907/2378/1024 908/2380/960
f 978/2564/1029 982/2577/954 958/2508/951 954/2500/1028
f 980/2570/1031 983/2581/966 959/2510/963 956/2503/1030
f 962/2517/957 961/2513/1033 901/2365/1032 902/2368/956
f 979/2568/953 980/2571/1031 956/2504/1030 955/2502/952
f 970/2541/1026 966/2529/958 906/2376/955 910/2384/1025
f 984/2584/965 981/2574/1006 957/2506/1003 960/2512/964
f 961/2515/1033 963/2521/1002 903/2370/999 901/2366/1032
f 964/2522/1021 969/2538/1023 909/2382/1022 904/2372/1020
f 985/2585/1036 988/2591/1035 989/2593/1034 987/2589/1034
f 990/2596/1038 988/2591/1035 985/2585/1036 986/2588/1037
f 992/2600/1042 993/2602/1041 994/2604/1040 991/2598/1039
f 996/2608/1043 993/2602/1041 992/2600/1042 995/2606/1043
f 993/2602/1041 988/2591/1035 990/2596/1038 994/2604/1040
f 1001/2617/1044 1000/2615/1046 997/2610/1045 999/2614/1044
f 997/2610/1045 1000/2615/1046 1002/2620/1048 998/2612/1047
f 1006/2628/1052 1005/2626/1051 1004/2624/1050 1003/2622/1049
f 1004/2624/1050 1005/2626/1051 1008/2631/1053 1007/2630/1053
f 1002/2620/1048 1000/2615/1046 1005/2626/1051 1006/2628/1052
f 992/2600/118 991/2598/123 967/2533/123 968/2536/118
f 998/2611/124 1002/2619/118 978/2565/118 974/2553/124
f 988/2591/275 993/2602/118 969/2539/118 964/2523/275
f 1008/2632/118 1005/2625/124 981/2574/124 984/2584/118
f 1003/2622/123 1004/2624/118 980/2572/118 979/2569/123
f 989/2594/118 988/2592/275 964/2524/275 965/2527/118
f 1005/2626/124 1000/2615/1054 976/2559/1054 981/2575/124
f 986/2588/118 985/2585/120 961/2514/120 962/2518/118
f 994/2604/118 990/2596/120 966/2530/120 970/2542/118
f 1000/2616/1054 1001/2618/118 977/2563/118 976/2560/1054
f 996/2608/118 995/2606/118 971/2545/118 972/2548/118
f 985/2586/120 987/2590/118 963/2521/118 961/2515/120
f 997/2610/118 998/2612/124 974/2554/124 973/2551/118
f 1002/2620/118 1006/2628/118 982/2578/118 978/2566/118
f 1012/2642/1058 1011/2639/1057 1010/2636/1056 1009/2633/1055
f 1014/2648/1059 1013/2645/1059 1009/2633/1055 1010/2636/1056
f 1018/2660/1062 1017/2657/1061 1016/2654/1061 1015/2651/1060
f 1015/2651/1060 1020/2666/1064 1019/2663/1063 1018/2660/1062
f 1009/2633/1055 1018/2660/1062 1019/2663/1063 1012/2642/1058
f 1022/2672/1065 1021/2669/1065 1016/2655/1065 1017/2658/1065
f 1021/2670/1069 1022/2673/1068 1024/2678/1067 1023/2675/1066
f 1023/2675/1066 1026/2684/1070 1025/2681/1070 1021/2670/1069
f 1030/2696/1074 1029/2693/1073 1028/2690/1072 1027/2687/1071
f 1027/2687/1071 1032/2702/1075 1031/2699/1075 1030/2696/1074
f 1027/2687/1071 1028/2690/1072 1023/2675/1066 1024/2678/1067
f 1020/2667/1076 1015/2652/1076 1025/2682/1076 1026/2685/1076
f 1014/2649/1077 1010/2637/1077 1030/2697/1077 1031/2700/1077
f 1025/2683/1078 1015/2653/1078 1016/2656/1078 1021/2671/1078
f 1019/2664/1079 1023/2676/1079 1028/2691/1079 1012/2643/1079
f 1011/2640/1080 1029/2694/1080 1030/2698/1080 1010/2638/1080
f 1029/2695/1081 1011/2641/1081 1012/2644/1081 1028/2692/1081
f 1023/2677/1082 1019/2665/1082 1020/2668/1082 1026/2686/1082
f 1024/2679/1083 1018/2661/1083 1009/2634/1083 1027/2688/1083
f 1032/2703/1084 1013/2646/1084 1014/2650/1084 1031/2701/1084
f 1027/2689/1085 1009/2635/1085 1013/2647/1085 1032/2704/1085
f 1022/2674/1086 1017/2659/1086 1018/2662/1086 1024/2680/1086
f 1034/2708/1090 1035/2711/1089 1036/2714/1088 1033/2705/1087
f 1038/2720/1091 1035/2711/1089 1034/2708/1090 1037/2717/1091
f 1040/2726/1093 1041/2729/1046 1042/2732/1092 1039/2723/1047
f 1044/2738/1094 1041/2729/1046 1040/2726/1093 1043/2735/1094
f 1036/2714/1088 1035/2711/1089 1042/2732/1092 1041/2729/1046
f 1040/2727/1065 1039/2724/1065 1046/2744/1065 1045/2741/1065
f 1121/2937/1098 1119/2931/1097 1095/2869/1096 1097/2873/1095
f 1126/2952/1102 1123/2943/1101 1099/2877/1100 1102/2883/1099
f 1110/2904/1106 1106/2892/1105 1046/2743/1104 1050/2751/1103
f 1115/2920/1110 1112/2910/1109 1052/2755/1108 1055/2761/1107
f 1127/2955/1114 1128/2958/1113 1104/2887/1112 1103/2885/1111
f 1047/2745/1076 1049/2749/1076 1044/2739/1076 1043/2736/1076
f 1055/2761/1115 1052/2755/1115 1037/2718/1115 1034/2709/1115
f 1040/2728/1116 1045/2742/1116 1047/2746/1116 1043/2737/1116
f 1053/2758/1117 1036/2715/1117 1041/2730/1117 1048/2748/1117
f 1055/2762/1080 1034/2710/1080 1033/2706/1080 1056/2763/1080
f 1036/2716/1118 1053/2757/1118 1056/2764/1118 1033/2707/1118
f 1044/2740/1119 1049/2750/1119 1048/2747/1119 1041/2731/1119
f 1035/2712/1120 1054/2760/1120 1050/2752/1120 1042/2733/1120
f 1037/2719/1121 1052/2756/1121 1051/2754/1121 1038/2721/1121
f 1038/2722/1122 1051/2753/1122 1054/2759/1122 1035/2713/1122
f 1042/2734/1123 1050/2751/1123 1046/2743/1123 1039/2725/1123
f 1060/2773/1124 1059/2770/1124 1058/2767/1124 1057/2765/1124
f 1057/2766/1125 1058/2768/1125 1062/2777/1125 1061/2775/1125
f 1061/2776/1126 1062/2778/1126 1064/2782/1126 1063/2780/1126
f 1063/2781/1127 1064/2783/1127 1059/2771/1127 1060/2774/1127
f 1059/2772/1128 1064/2784/1128 1062/2779/1128 1058/2769/1128
f 1068/2793/1129 1067/2791/1129 1066/2788/1129 1065/2785/1129
f 1067/2792/1130 1070/2798/1130 1069/2795/1130 1066/2789/1130
f 1070/2799/1131 1072/2803/1131 1071/2800/1131 1069/2796/1131
f 1072/2804/1132 1068/2794/1132 1065/2786/1132 1071/2801/1132
f 1065/2787/1133 1066/2790/1133 1069/2797/1133 1071/2802/1133
f 1076/2814/1134 1075/2811/1134 1074/2808/1134 1073/2805/1134
f 1073/2806/1135 1074/2809/1135 1078/2820/1135 1077/2817/1135
f 1077/2818/1136 1078/2821/1136 1080/2826/1136 1079/2823/1136
f 1079/2824/1137 1080/2827/1137 1075/2812/1137 1076/2815/1137
f 1075/2813/1138 1080/2828/1138 1078/2822/1138 1074/2810/1138
f 1079/2825/1139 1076/2816/1139 1073/2807/1139 1077/2819/1139
f 1084/2838/1143 1083/2835/1142 1082/2832/1141 1081/2829/1140
f 1082/2832/1141 1083/2835/1142 1086/2844/1144 1085/2841/1144
f 1090/2856/1147 1089/2853/1035 1088/2850/1146 1087/2847/1145
f 1088/2850/1146 1089/2853/1035 1092/2862/1034 1091/2859/1034
f 1090/2856/1147 1083/2835/1142 1084/2838/1143 1089/2853/1035
f 1094/2867/1076 1087/2848/1076 1088/2851/1076 1093/2865/1076
f 1107/2895/1151 1109/2901/1150 1049/2749/1149 1047/2745/1148
f 1125/2949/1155 1120/2934/1154 1096/2871/1153 1101/2881/1152
f 1119/2933/1097 1117/2926/1157 1093/2866/1156 1095/2870/1096
f 1116/2922/1159 1115/2919/1110 1055/2762/1107 1056/2763/1158
f 1117/2925/1157 1118/2928/1161 1094/2867/1160 1093/2865/1156
f 1092/2863/1065 1097/2873/1065 1095/2869/1065 1091/2860/1065
f 1085/2842/1162 1100/2879/1162 1103/2886/1162 1082/2833/1162
f 1095/2870/1163 1093/2866/1163 1088/2852/1163 1091/2861/1163
f 1089/2854/1120 1084/2839/1120 1101/2881/1120 1096/2871/1120
f 1081/2830/1164 1082/2834/1164 1103/2885/1164 1104/2887/1164
f 1104/2888/1165 1101/2882/1165 1084/2840/1165 1081/2831/1165
f 1096/2872/1166 1097/2874/1166 1092/2864/1166 1089/2855/1166
f 1098/2876/1117 1102/2884/1117 1083/2836/1117 1090/2857/1117
f 1099/2878/1080 1100/2880/1080 1085/2843/1080 1086/2845/1080
f 1102/2883/1167 1099/2877/1167 1086/2846/1167 1083/2837/1167
f 1094/2868/1168 1098/2875/1168 1090/2858/1168 1087/2849/1168
f 1137/2977/118 1140/2983/118 1116/2923/118 1113/2913/118
f 1145/2993/119 1143/2990/118 1119/2932/118 1121/2938/119
f 1134/2971/118 1130/2963/118 1106/2892/118 1110/2904/118
f 1148/2999/118 1151/3005/118 1127/2957/118 1124/2946/118
f 1131/2965/118 1133/2969/118 1109/2902/118 1107/2896/118
f 1150/3003/118 1147/2997/118 1123/2943/118 1126/2952/118
f 1139/2981/118 1136/2975/118 1112/2910/118 1115/2920/118
f 1143/2989/118 1141/2985/121 1117/2926/121 1119/2933/118
f 1151/3006/118 1152/3007/118 1128/2959/118 1127/2956/118
f 1135/2973/121 1138/2979/118 1114/2916/118 1111/2907/121
f 1120/2936/1154 1121/2939/1098 1097/2874/1095 1096/2872/1153
f 1109/2903/1150 1108/2900/1170 1048/2747/1169 1049/2750/1149
f 1113/2913/1172 1116/2923/1159 1056/2764/1158 1053/2757/1171
f 1111/2907/1176 1114/2916/1175 1054/2759/1174 1051/2753/1173
f 1118/2929/1161 1122/2941/1178 1098/2875/1177 1094/2868/1160
f 1112/2911/1109 1111/2908/1176 1051/2754/1173 1052/2756/1108
f 1122/2940/1178 1126/2953/1102 1102/2884/1099 1098/2876/1177
f 1124/2946/1180 1127/2957/1114 1103/2886/1111 1100/2879/1179
f 1106/2893/1105 1105/2889/1182 1045/2741/1181 1046/2744/1104
f 1123/2944/1101 1124/2947/1180 1100/2880/1179 1099/2878/1100
f 1114/2917/1175 1110/2905/1106 1050/2752/1103 1054/2760/1174
f 1128/2960/1113 1125/2950/1155 1101/2882/1152 1104/2888/1112
f 1105/2891/1182 1107/2897/1151 1047/2746/1148 1045/2742/1181
f 1108/2898/1170 1113/2914/1172 1053/2758/1171 1048/2748/1169
f 1129/2961/1185 1132/2967/1184 1133/2969/1183 1131/2965/1183
f 1134/2972/1187 1132/2967/1184 1129/2961/1185 1130/2964/1186
f 1136/2976/1191 1137/2978/1190 1138/2980/1189 1135/2974/1188
f 1140/2984/1192 1137/2978/1190 1136/2976/1191 1139/2982/1192
f 1137/2978/1190 1132/2967/1184 1134/2972/1187 1138/2980/1189
f 1145/2993/1193 1144/2991/1195 1141/2986/1194 1143/2990/1193
f 1141/2986/1194 1144/2991/1195 1146/2996/1197 1142/2988/1196
f 1150/3004/1201 1149/3002/1200 1148/3000/1199 1147/2998/1198
f 1148/3000/1199 1149/3002/1200 1152/3007/1202 1151/3006/1202
f 1146/2996/1197 1144/2991/1195 1149/3002/1200 1150/3004/1201
f 1136/2976/118 1135/2974/121 1111/2909/121 1112/2912/118
f 1142/2987/118 1146/2995/118 1122/2941/118 1118/2929/118
f 1132/2967/118 1137/2978/118 1113/2915/118 1108/2899/118
f 1152/3008/118 1149/3001/121 1125/2950/121 1128/2960/118
f 1147/2998/118 1148/3000/118 1124/2948/118 1123/2945/118
f 1133/2970/118 1132/2968/118 1108/2900/118 1109/2903/118
f 1149/3002/121 1144/2991/121 1120/2935/121 1125/2951/121
f 1130/2964/118 1129/2961/118 1105/2890/118 1106/2894/118
f 1138/2980/118 1134/2972/118 1110/2906/118 1114/2918/118
f 1144/2992/121 1145/2994/119 1121/2939/119 1120/2936/121
f 1140/2984/118 1139/2982/118 1115/2921/118 1116/2924/118
f 1129/2962/118 1131/2966/118 1107/2897/118 1105/2891/118
f 1141/2986/121 1142/2988/118 1118/2930/118 1117/2927/121
f 1146/2996/118 1150/3004/118 1126/2954/118 1122/2942/118
f 1156/3018/1206 1155/3015/1205 1154/3012/1204 1153/3009/1203
f 1158/3024/1207 1157/3021/1207 1153/3009/1203 1154/3012/1204
f 1162/3036/1210 1161/3033/1209 1160/3030/1209 1159/3027/1208
f 1159/3027/1208 1164/3042/1212 1163/3039/1211 1162/3036/1210
f 1153/3009/1203 1162/3036/1210 1163/3039/1211 1156/3018/1206
f 1166/3048/1213 1165/3045/1213 1160/3031/1213 1161/3034/1213
f 1165/3046/1217 1166/3049/1216 1168/3054/1215 1167/3051/1214
f 1167/3051/1214 1170/3060/1218 1169/3057/1218 1165/3046/1217
f 1174/3072/1222 1173/3069/1221 1172/3066/1220 1171/3063/1219
f 1171/3063/1219 1176/3078/1223 1175/3075/1223 1174/3072/1222
f 1171/3063/1219 1172/3066/1220 1167/3051/1214 1168/3054/1215
f 1164/3043/1224 1159/3028/1224 1169/3058/1224 1170/3061/1224
f 1158/3025/1225 1154/3013/1225 1174/3073/1225 1175/3076/1225
f 1169/3059/1226 1159/3029/1226 1160/3032/1226 1165/3047/1226
f 1163/3040/1227 1167/3052/1227 1172/3067/1227 1156/3019/1227
f 1155/3016/1228 1173/3070/1228 1174/3074/1228 1154/3014/1228
f 1173/3071/1229 1155/3017/1229 1156/3020/1229 1172/3068/1229
f 1167/3053/1230 1163/3041/1230 1164/3044/1230 1170/3062/1230
f 1168/3055/1231 1162/3037/1231 1153/3010/1231 1171/3064/1231
f 1176/3079/1232 1157/3022/1232 1158/3026/1232 1175/3077/1232
f 1171/3065/1233 1153/3011/1233 1157/3023/1233 1176/3080/1233
f 1166/3050/1234 1161/3035/1234 1162/3038/1234 1168/3056/1234
f 1178/3084/1238 1179/3087/1237 1180/3090/1236 1177/3081/1235
f 1182/3096/1239 1179/3087/1237 1178/3084/1238 1181/3093/1239
f 1184/3102/1194 1185/3105/1195 1186/3108/1240 1183/3099/1196
f 1188/3114/1193 1185/3105/1195 1184/3102/1194 1187/3111/1193
f 1180/3090/1236 1179/3087/1237 1186/3108/1240 1185/3105/1195
f 1184/3103/1213 1183/3100/1213 1190/3120/1213 1189/3117/1213
f 1265/3313/1244 1263/3307/1243 1239/3245/1242 1241/3249/1241
f 1270/3328/1248 1267/3319/1247 1243/3253/1246 1246/3259/1245
f 1254/3280/1252 1250/3268/1251 1190/3119/1250 1194/3127/1249
f 1259/3296/1256 1256/3286/1255 1196/3131/1254 1199/3137/1253
f 1271/3331/1260 1272/3334/1259 1248/3263/1258 1247/3261/1257
f 1191/3121/1224 1193/3125/1224 1188/3115/1224 1187/3112/1224
f 1199/3137/1261 1196/3131/1261 1181/3094/1261 1178/3085/1261
f 1184/3104/1262 1189/3118/1262 1191/3122/1262 1187/3113/1262
f 1197/3134/1227 1180/3091/1227 1185/3106/1227 1192/3124/1227
f 1199/3138/1228 1178/3086/1228 1177/3082/1228 1200/3139/1228
f 1180/3092/1263 1197/3133/1263 1200/3140/1263 1177/3083/1263
f 1188/3116/1264 1193/3126/1264 1192/3123/1264 1185/3107/1264
f 1179/3088/1231 1198/3136/1231 1194/3128/1231 1186/3109/1231
f 1181/3095/1232 1196/3132/1232 1195/3130/1232 1182/3097/1232
f 1182/3098/1265 1195/3129/1265 1198/3135/1265 1179/3089/1265
f 1186/3110/1266 1194/3127/1266 1190/3119/1266 1183/3101/1266
f 1204/3149/1267 1203/3146/1267 1202/3143/1267 1201/3141/1267
f 1201/3142/1268 1202/3144/1268 1206/3153/1268 1205/3151/1268
f 1205/3152/1269 1206/3154/1269 1208/3158/1269 1207/3156/1269
f 1207/3157/1270 1208/3159/1270 1203/3147/1270 1204/3150/1270
f 1203/3148/1271 1208/3160/1271 1206/3155/1271 1202/3145/1271
f 1212/3169/1272 1211/3167/1272 1210/3164/1272 1209/3161/1272
f 1211/3168/1273 1214/3174/1273 1213/3171/1273 1210/3165/1273
f 1214/3175/1274 1216/3179/1274 1215/3176/1274 1213/3172/1274
f 1216/3180/1275 1212/3170/1275 1209/3162/1275 1215/3177/1275
f 1209/3163/1276 1210/3166/1276 1213/3173/1276 1215/3178/1276
f 1220/3190/1277 1219/3187/1277 1218/3184/1277 1217/3181/1277
f 1217/3182/1278 1218/3185/1278 1222/3196/1278 1221/3193/1278
f 1221/3194/1279 1222/3197/1279 1224/3202/1279 1223/3199/1279
f 1223/3200/1280 1224/3203/1280 1219/3188/1280 1220/3191/1280
f 1219/3189/1281 1224/3204/1281 1222/3198/1281 1218/3186/1281
f 1223/3201/1282 1220/3192/1282 1217/3183/1282 1221/3195/1282
f 1228/3214/1286 1227/3211/1285 1226/3208/1284 1225/3205/1283
f 1226/3208/1284 1227/3211/1285 1230/3220/1287 1229/3217/1287
f 1234/3232/1291 1233/3229/1290 1232/3226/1289 1231/3223/1288
f 1232/3226/1289 1233/3229/1290 1236/3238/1292 1235/3235/1292
f 1234/3232/1291 1227/3211/1285 1228/3214/1286 1233/3229/1290
f 1238/3243/1224 1231/3224/1224 1232/3227/1224 1237/3241/1224
f 1251/3271/1296 1253/3277/1295 1193/3125/1294 1191/3121/1293
f 1269/3325/1300 1264/3310/1299 1240/3247/1298 1245/3257/1297
f 1263/3309/1243 1261/3302/1302 1237/3242/1301 1239/3246/1242
f 1260/3298/1304 1259/3295/1256 1199/3138/1253 1200/3139/1303
f 1261/3301/1302 1262/3304/1306 1238/3243/1305 1237/3241/1301
f 1236/3239/1213 1241/3249/1213 1239/3245/1213 1235/3236/1213
f 1229/3218/1307 1244/3255/1307 1247/3262/1307 1226/3209/1307
f 1239/3246/1308 1237/3242/1308 1232/3228/1308 1235/3237/1308
f 1233/3230/1231 1228/3215/1231 1245/3257/1231 1240/3247/1231
f 1225/3206/1309 1226/3210/1309 1247/3261/1309 1248/3263/1309
f 1248/3264/1310 1245/3258/1310 1228/3216/1310 1225/3207/1310
f 1240/3248/1311 1241/3250/1311 1236/3240/1311 1233/3231/1311
f 1242/3252/1227 1246/3260/1227 1227/3212/1227 1234/3233/1227
f 1243/3254/1228 1244/3256/1228 1229/3219/1228 1230/3221/1228
f 1246/3259/1312 1243/3253/1312 1230/3222/1312 1227/3213/1312
f 1238/3244/1313 1242/3251/1313 1234/3234/1313 1231/3225/1313
f 1281/3353/118 1284/3359/118 1260/3299/118 1257/3289/118
f 1289/3369/118 1287/3366/118 1263/3308/118 1265/3314/118
f 1278/3347/118 1274/3339/118 1250/3268/118 1254/3280/118
f 1292/3375/118 1295/3381/118 1271/3333/118 1268/3322/118
f 1275/3341/118 1277/3345/118 1253/3278/118 1251/3272/118
f 1294/3379/120 1291/3373/1054 1267/3319/1054 1270/3328/120
f 1283/3357/120 1280/3351/118 1256/3286/118 1259/3296/120
f 1287/3365/118 1285/3361/119 1261/3302/119 1263/3309/118
f 1295/3382/118 1296/3383/120 1272/3335/120 1271/3332/118
f 1279/3349/119 1282/3355/118 1258/3292/118 1255/3283/119
f 1264/3312/1299 1265/3315/1244 1241/3250/1241 1240/3248/1298
f 1253/3279/1295 1252/3276/1315 1192/3123/1314 1193/3126/1294
f 1257/3289/1317 1260/3299/1304 1200/3140/1303 1197/3133/1316
f 1255/3283/1321 1258/3292/1320 1198/3135/1319 1195/3129/1318
f 1262/3305/1306 1266/3317/1323 1242/3251/1322 1238/3244/1305
f 1256/3287/1255 1255/3284/1321 1195/3130/1318 1196/3132/1254
f 1266/3316/1323 1270/3329/1248 1246/3260/1245 1242/3252/1322
f 1268/3322/1325 1271/3333/1260 1247/3262/1257 1244/3255/1324
f 1250/3269/1251 1249/3265/1327 1189/3117/1326 1190/3120/1250
f 1267/3320/1247 1268/3323/1325 1244/3256/1324 1243/3254/1246
f 1258/3293/1320 1254/3281/1252 1194/3128/1249 1198/3136/1319
f 1272/3336/1259 1269/3326/1300 1245/3258/1297 1248/3264/1258
f 1249/3267/1327 1251/3273/1296 1191/3122/1293 1189/3118/1326
f 1252/3274/1315 1257/3290/1317 1197/3134/1316 1192/3124/1314
f 1273/3337/1330 1276/3343/1329 1277/3345/1328 1275/3341/1328
f 1278/3348/1332 1276/3343/1329 1273/3337/1330 1274/3340/1331
f 1280/3352/1336 1281/3354/1335 1282/3356/1334 1279/3350/1333
f 1284/3360/1337 1281/3354/1335 1280/3352/1336 1283/3358/1337
f 1281/3354/1335 1276/3343/1329 1278/3348/1332 1282/3356/1334
f 1289/3369/1338 1288/3367/1340 1285/3362/1339 1287/3366/1338
f 1285/3362/1339 1288/3367/1340 1290/3372/1342 1286/3364/1341
f 1294/3380/1346 1293/3378/1345 1292/3376/1344 1291/3374/1343
f 1292/3376/1344 1293/3378/1345 1296/3383/1347 1295/3382/1347
f 1290/3372/1342 1288/3367/1340 1293/3378/1345 1294/3380/1346
f 1280/3352/118 1279/3350/119 1255/3285/119 1256/3288/118
f 1286/3363/118 1290/3371/118 1266/3317/118 1262/3305/118
f 1276/3343/124 1281/3354/118 1257/3291/118 1252/3275/124
f 1296/3384/120 1293/3377/118 1269/3326/118 1272/3336/120
f 1291/3374/1054 1292/3376/118 1268/3324/118 1267/3321/1054
f 1277/3346/118 1276/3344/124 1252/3276/124 1253/3279/118
f 1293/3378/118 1288/3367/118 1264/3311/118 1269/3327/118
f 1274/3340/118 1273/3337/119 1249/3266/119 1250/3270/118
f 1282/3356/118 1278/3348/118 1254/3282/118 1258/3294/118
f 1288/3368/118 1289/3370/118 1265/3315/118 1264/3312/118
f 1284/3360/118 1283/3358/120 1259/3297/120 1260/3300/118
f 1273/3338/119 1275/3342/118 1251/3273/118 1249/3267/119
f 1285/3362/119 1286/3364/118 1262/3306/118 1261/3303/119
f 1290/3372/118 1294/3380/120 1270/3330/120 1266/3318/118
f 1300/3394/1351 1299/3391/1350 1298/3388/1349 1297/3385/1348
f 1302/3400/1352 1301/3397/1352 1297/3385/1348 1298/3388/1349
f 1306/3412/1355 1305/3409/1354 1304/3406/1354 1303/3403/1353
f 1303/3403/1353 1308/3418/1357 1307/3415/1356 1306/3412/1355
f 1297/3385/1348 1306/3412/1355 1307/3415/1356 1300/3394/1351
f 1310/3424/1358 1309/3421/1358 1304/3407/1358 1305/3410/1358
f 1309/3422/1362 1310/3425/1361 1312/3430/1360 1311/3427/1359
f 1311/3427/1359 1314/3436/1363 1313/3433/1363 1309/3422/1362
f 1318/3448/1367 1317/3445/1366 1316/3442/1365 1315/3439/1364
f 1315/3439/1364 1320/3454/1368 1319/3451/1368 1318/3448/1367
f 1315/3439/1364 1316/3442/1365 1311/3427/1359 1312/3430/1360
f 1308/3419/1369 1303/3404/1369 1313/3434/1369 1314/3437/1369
f 1302/3401/1370 1298/3389/1370 1318/3449/1370 1319/3452/1370
f 1313/3435/1371 1303/3405/1371 1304/3408/1371 1309/3423/1371
f 1307/3416/1372 1311/3428/1372 1316/3443/1372 1300/3395/1372
f 1299/3392/1373 1317/3446/1373 1318/3450/1373 1298/3390/1373
f 1317/3447/1374 1299/3393/1374 1300/3396/1374 1316/3444/1374
f 1311/3429/1375 1307/3417/1375 1308/3420/1375 1314/3438/1375
f 1312/3431/1376 1306/3413/1376 1297/3386/1376 1315/3440/1376
f 1320/3455/1377 1301/3398/1377 1302/3402/1377 1319/3453/1377
f 1315/3441/1378 1297/3387/1378 1301/3399/1378 1320/3456/1378
f 1310/3426/1379 1305/3411/1379 1306/3414/1379 1312/3432/1379
f 1322/3460/1382 1323/3463/1319 1324/3466/1381 1321/3457/1380
f 1326/3472/1383 1323/3463/1319 1322/3460/1382 1325/3469/1383
f 1328/3478/1386 1329/3481/1385 1330/3484/1342 1327/3475/1384
f 1332/3490/1387 1329/3481/1385 1328/3478/1386 1331/3487/1387
f 1324/3466/1381 1323/3463/1319 1330/3484/1342 1329/3481/1385
f 1328/3479/1388 1327/3476/1388 1334/3496/1388 1333/3493/1388
f 1409/3689/1392 1407/3683/1391 1383/3621/1390 1385/3625/1389
f 1414/3704/1396 1411/3695/1395 1387/3629/1394 1390/3635/1393
f 1398/3656/1400 1394/3644/1399 1334/3495/1398 1338/3503/1397
f 1403/3672/1404 1400/3662/1403 1340/3507/1402 1343/3513/1401
f 1415/3707/1408 1416/3710/1407 1392/3639/1406 1391/3637/1405
f 1335/3497/1409 1337/3501/1409 1332/3491/1409 1331/3488/1409
f 1343/3513/1410 1340/3507/1410 1325/3470/1410 1322/3461/1410
f 1328/3480/1411 1333/3494/1411 1335/3498/1411 1331/3489/1411
f 1341/3510/1372 1324/3467/1372 1329/3482/1372 1336/3500/1372
f 1343/3514/1412 1322/3462/1412 1321/3458/1412 1344/3515/1412
f 1324/3468/1413 1341/3509/1413 1344/3516/1413 1321/3459/1413
f 1332/3492/1414 1337/3502/1414 1336/3499/1414 1329/3483/1414
f 1323/3464/1415 1342/3512/1415 1338/3504/1415 1330/3485/1415
f 1325/3471/1416 1340/3508/1416 1339/3506/1416 1326/3473/1416
f 1326/3474/1417 1339/3505/1417 1342/3511/1417 1323/3465/1417
f 1330/3486/1418 1338/3503/1418 1334/3495/1418 1327/3477/1418
f 1348/3525/1419 1347/3522/1419 1346/3519/1419 1345/3517/1419
f 1345/3518/1420 1346/3520/1420 1350/3529/1420 1349/3527/1420
f 1349/3528/1421 1350/3530/1421 1352/3534/1421 1351/3532/1421
f 1351/3533/1422 1352/3535/1422 1347/3523/1422 1348/3526/1422
f 1347/3524/1423 1352/3536/1423 1350/3531/1423 1346/3521/1423
f 1356/3545/1424 1355/3543/1424 1354/3540/1424 1353/3537/1424
f 1355/3544/1425 1358/3550/1425 1357/3547/1425 1354/3541/1425
f 1358/3551/1426 1360/3555/1426 1359/3552/1426 1357/3548/1426
f 1360/3556/1427 1356/3546/1427 1353/3538/1427 1359/3553/1427
f 1353/3539/1428 1354/3542/1428 1357/3549/1428 1359/3554/1428
f 1364/3566/1429 1363/3563/1429 1362/3560/1429 1361/3557/1429
f 1361/3558/1430 1362/3561/1430 1366/3572/1430 1365/3569/1430
f 1365/3570/1431 1366/3573/1431 1368/3578/1431 1367/3575/1431
f 1367/3576/1432 1368/3579/1432 1363/3564/1432 1364/3567/1432
f 1363/3565/1433 1368/3580/1433 1366/3574/1433 1362/3562/1433
f 1367/3577/1434 1364/3568/1434 1361/3559/1434 1365/3571/1434
f 1372/3590/1438 1371/3587/1437 1370/3584/1436 1369/3581/1435
f 1370/3584/1436 1371/3587/1437 1374/3596/1439 1373/3593/1439
f 1378/3608/1442 1377/3605/1441 1376/3602/1330 1375/3599/1440
f 1376/3602/1330 1377/3605/1441 1380/3614/1328 1379/3611/1328
f 1378/3608/1442 1371/3587/1437 1372/3590/1438 1377/3605/1441
f 1382/3619/1409 1375/3600/1409 1376/3603/1409 1381/3617/1409
f 1395/3647/1446 1397/3653/1445 1337/3501/1444 1335/3497/1443
f 1413/3701/1450 1408/3686/1449 1384/3623/1448 1389/3633/1447
f 1407/3685/1391 1405/3678/1452 1381/3618/1451 1383/3622/1390
f 1404/3674/1454 1403/3671/1404 1343/3514/1401 1344/3515/1453
f 1405/3677/1452 1406/3680/1456 1382/3619/1455 1381/3617/1451
f 1380/3615/1358 1385/3625/1358 1383/3621/1358 1379/3612/1358
f 1373/3594/1457 1388/3631/1457 1391/3638/1457 1370/3585/1457
f 1383/3622/1458 1381/3618/1458 1376/3604/1458 1379/3613/1458
f 1377/3606/1415 1372/3591/1415 1389/3633/1415 1384/3623/1415
f 1369/3582/1416 1370/3586/1416 1391/3637/1416 1392/3639/1416
f 1392/3640/1459 1389/3634/1459 1372/3592/1459 1369/3583/1459
f 1384/3624/1460 1385/3626/1460 1380/3616/1460 1377/3607/1460
f 1386/3628/1372 1390/3636/1372 1371/3588/1372 1378/3609/1372
f 1387/3630/1412 1388/3632/1412 1373/3595/1412 1374/3597/1412
f 1390/3635/1461 1387/3629/1461 1374/3598/1461 1371/3589/1461
f 1382/3620/1462 1386/3627/1462 1378/3610/1462 1375/3601/1462
f 1425/3729/118 1428/3735/118 1404/3675/118 1401/3665/118
f 1433/3745/118 1431/3742/118 1407/3684/118 1409/3690/118
f 1422/3723/118 1418/3715/118 1394/3644/118 1398/3656/118
f 1436/3751/121 1439/3757/118 1415/3709/118 1412/3698/121
f 1419/3717/118 1421/3721/118 1397/3654/118 1395/3648/118
f 1438/3755/119 1435/3749/124 1411/3695/124 1414/3704/119
f 1427/3733/118 1424/3727/118 1400/3662/118 1403/3672/118
f 1431/3741/118 1429/3737/124 1405/3678/124 1407/3685/118
f 1439/3758/118 1440/3759/118 1416/3711/118 1415/3708/118
f 1423/3725/118 1426/3731/118 1402/3668/118 1399/3659/118
f 1408/3688/1449 1409/3691/1392 1385/3626/1389 1384/3624/1448
f 1397/3655/1445 1396/3652/1464 1336/3499/1463 1337/3502/1444
f 1401/3665/1466 1404/3675/1454 1344/3516/1453 1341/3509/1465
f 1399/3659/1470 1402/3668/1469 1342/3511/1468 1339/3505/1467
f 1406/3681/1456 1410/3693/1472 1386/3627/1471 1382/3620/1455
f 1400/3663/1403 1399/3660/1470 1339/3506/1467 1340/3508/1402
f 1410/3692/1472 1414/3705/1396 1390/3636/1393 1386/3628/1471
f 1412/3698/1474 1415/3709/1408 1391/3638/1405 1388/3631/1473
f 1394/3645/1399 1393/3641/1476 1333/3493/1475 1334/3496/1398
f 1411/3696/1395 1412/3699/1474 1388/3632/1473 1387/3630/1394
f 1402/3669/1469 1398/3657/1400 1338/3504/1397 1342/3512/1468
f 1416/3712/1407 1413/3702/1450 1389/3634/1447 1392/3640/1406
f 1393/3643/1476 1395/3649/1446 1335/3498/1443 1333/3494/1475
f 1396/3650/1464 1401/3666/1466 1341/3510/1465 1336/3500/1463
f 1417/3713/1479 1420/3719/1478 1421/3721/1477 1419/3717/1477
f 1422/3724/1481 1420/3719/1478 1417/3713/1479 1418/3716/1480
f 1424/3728/1485 1425/3730/1484 1426/3732/1483 1423/3726/1482
f 1428/3736/1486 1425/3730/1484 1424/3728/1485 1427/3734/1486
f 1425/3730/1484 1420/3719/1478 1422/3724/1481 1426/3732/1483
f 1433/3745/1487 1432/3743/1489 1429/3738/1488 1431/3742/1487
f 1429/3738/1488 1432/3743/1489 1434/3748/1491 1430/3740/1490
f 1438/3756/1495 1437/3754/1494 1436/3752/1493 1435/3750/1492
f 1436/3752/1493 1437/3754/1494 1440/3759/1496 1439/3758/1496
f 1434/3748/1491 1432/3743/1489 1437/3754/1494 1438/3756/1495
f 1424/3728/118 1423/3726/118 1399/3661/118 1400/3664/118
f 1430/3739/124 1434/3747/120 1410/3693/120 1406/3681/124
f 1420/3719/118 1425/3730/118 1401/3667/118 1396/3651/118
f 1440/3760/118 1437/3753/121 1413/3702/121 1416/3712/118
f 1435/3750/124 1436/3752/121 1412/3700/121 1411/3697/124
f 1421/3722/118 1420/3720/118 1396/3652/118 1397/3655/118
f 1437/3754/121 1432/3743/120 1408/3687/120 1413/3703/121
f 1418/3716/118 1417/3713/124 1393/3642/124 1394/3646/118
f 1426/3732/118 1422/3724/118 1398/3658/118 1402/3670/118
f 1432/3744/120 1433/3746/118 1409/3691/118 1408/3688/120
f 1428/3736/118 1427/3734/118 1403/3673/118 1404/3676/118
f 1417/3714/124 1419/3718/118 1395/3649/118 1393/3643/124
f 1429/3738/124 1430/3740/124 1406/3682/124 1405/3679/124
f 1434/3748/120 1438/3756/119 1414/3706/119 1410/3694/120
f 1444/3770/1500 1443/3767/1499 1442/3764/1498 1441/3761/1497
f 1446/3776/1501 1445/3773/1501 1441/3761/1497 1442/3764/1498
f 1450/3788/1504 1449/3785/1503 1448/3782/1503 1447/3779/1502
f 1447/3779/1502 1452/3794/1506 1451/3791/1505 1450/3788/1504
f 1441/3761/1497 1450/3788/1504 1451/3791/1505 1444/3770/1500
f 1454/3800/1507 1453/3797/1507 1448/3783/1507 1449/3786/1507
f 1453/3798/1511 1454/3801/1510 1456/3806/1509 1455/3803/1508
f 1455/3803/1508 1458/3812/1512 1457/3809/1512 1453/3798/1511
f 1462/3824/1516 1461/3821/1515 1460/3818/1514 1459/3815/1513
f 1459/3815/1513 1464/3830/1517 1463/3827/1517 1462/3824/1516
f 1459/3815/1513 1460/3818/1514 1455/3803/1508 1456/3806/1509
f 1452/3795/1518 1447/3780/1518 1457/3810/1518 1458/3813/1518
f 1446/3777/1519 1442/3765/1519 1462/3825/1519 1463/3828/1519
f 1457/3811/1520 1447/3781/1520 1448/3784/1520 1453/3799/1520
f 1451/3792/1521 1455/3804/1521 1460/3819/1521 1444/3771/1521
f 1443/3768/1522 1461/3822/1522 1462/3826/1522 1442/3766/1522
f 1461/3823/1523 1443/3769/1523 1444/3772/1523 1460/3820/1523
f 1455/3805/1524 1451/3793/1524 1452/3796/1524 1458/3814/1524
f 1456/3807/1525 1450/3789/1525 1441/3762/1525 1459/3816/1525
f 1464/3831/1526 1445/3774/1526 1446/3778/1526 1463/3829/1526
f 1459/3817/1527 1441/3763/1527 1445/3775/1527 1464/3832/1527
f 1454/3802/1528 1449/3787/1528 1450/3790/1528 1456/3808/1528
f 1466/3836/1532 1467/3839/1531 1468/3842/1530 1465/3833/1529
f 1470/3848/1533 1467/3839/1531 1466/3836/1532 1469/3845/1533
f 1472/3854/1536 1473/3857/1489 1474/3860/1535 1471/3851/1534
f 1476/3866/1537 1473/3857/1489 1472/3854/1536 1475/3863/1537
f 1468/3842/1530 1467/3839/1531 1474/3860/1535 1473/3857/1489
f 1472/3855/1507 1471/3852/1507 1478/3872/1507 1477/3869/1507
f 1553/4065/1541 1551/4059/1540 1527/3997/1539 1529/4001/1538
f 1558/4080/1545 1555/4071/1544 1531/4005/1543 1534/4011/1542
f 1542/4032/1549 1538/4020/1548 1478/3871/1547 1482/3879/1546
f 1547/4048/1553 1544/4038/1552 1484/3883/1551 1487/3889/1550
f 1559/4083/1557 1560/4086/1556 1536/4015/1555 1535/4013/1554
f 1479/3873/1558 1481/3877/1558 1476/3867/1558 1475/3864/1558
f 1487/3889/1559 1484/3883/1559 1469/3846/1559 1466/3837/1559
f 1472/3856/1560 1477/3870/1560 1479/3874/1560 1475/3865/1560
f 1485/3886/1521 1468/3843/1521 1473/3858/1521 1480/3876/1521
f 1487/3890/1522 1466/3838/1522 1465/3834/1522 1488/3891/1522
f 1468/3844/1561 1485/3885/1561 1488/3892/1561 1465/3835/1561
f 1476/3868/1562 1481/3878/1562 1480/3875/1562 1473/3859/1562
f 1467/3840/1525 1486/3888/1525 1482/3880/1525 1474/3861/1525
f 1469/3847/1526 1484/3884/1526 1483/3882/1526 1470/3849/1526
f 1470/3850/1563 1483/3881/1563 1486/3887/1563 1467/3841/1563
f 1474/3862/1564 1482/3879/1564 1478/3871/1564 1471/3853/1564
f 1492/3901/1565 1491/3898/1565 1490/3895/1565 1489/3893/1565
f 1489/3894/1566 1490/3896/1566 1494/3905/1566 1493/3903/1566
f 1493/3904/1567 1494/3906/1567 1496/3910/1567 1495/3908/1567
f 1495/3909/1568 1496/3911/1568 1491/3899/1568 1492/3902/1568
f 1491/3900/1569 1496/3912/1569 1494/3907/1569 1490/3897/1569
f 1500/3921/1570 1499/3919/1570 1498/3916/1570 1497/3913/1570
f 1499/3920/1571 1502/3926/1571 1501/3923/1571 1498/3917/1571
f 1502/3927/1572 1504/3931/1572 1503/3928/1572 1501/3924/1572
f 1504/3932/1573 1500/3922/1573 1497/3914/1573 1503/3929/1573
f 1497/3915/1574 1498/3918/1574 1501/3925/1574 1503/3930/1574
f 1508/3942/1575 1507/3939/1575 1506/3936/1575 1505/3933/1575
f 1505/3934/1576 1506/3937/1576 1510/3948/1576 1509/3945/1576
f 1509/3946/1577 1510/3949/1577 1512/3954/1577 1511/3951/1577
f 1511/3952/1578 1512/3955/1578 1507/3940/1578 1508/3943/1578
f 1507/3941/1579 1512/3956/1579 1510/3950/1579 1506/3938/1579
f 1511/3953/1580 1508/3944/1580 1505/3935/1580 1509/3947/1580
f 1516/3966/1584 1515/3963/1583 1514/3960/1582 1513/3957/1581
f 1514/3960/1582 1515/3963/1583 1518/3972/1585 1517/3969/1585
f 1522/3984/1588 1521/3981/1478 1520/3978/1587 1519/3975/1586
f 1520/3978/1587 1521/3981/1478 1524/3990/1589 1523/3987/1589
f 1522/3984/1588 1515/3963/1583 1516/3966/1584 1521/3981/1478
f 1526/3995/1518 1519/3976/1518 1520/3979/1518 1525/3993/1518
f 1539/4023/1593 1541/4029/1592 1481/3877/1591 1479/3873/1590
f 1557/4077/1597 1552/4062/1596 1528/3999/1595 1533/4009/1594
f 1551/4061/1540 1549/4054/1599 1525/3994/1598 1527/3998/1539
f 1548/4050/1601 1547/4047/1553 1487/3890/1550 1488/3891/1600
f 1549/4053/1599 1550/4056/1603 1526/3995/1602 1525/3993/1598
f 1524/3991/1507 1529/4001/1507 1527/3997/1507 1523/3988/1507
f 1517/3970/1604 1532/4007/1604 1535/4014/1604 1514/3961/1604
f 1527/3998/1605 1525/3994/1605 1520/3980/1605 1523/3989/1605
f 1521/3982/1525 1516/3967/1525 1533/4009/1525 1528/3999/1525
f 1513/3958/1606 1514/3962/1606 1535/4013/1606 1536/4015/1606
f 1536/4016/1607 1533/4010/1607 1516/3968/1607 1513/3959/1607
f 1528/4000/1608 1529/4002/1608 1524/3992/1608 1521/3983/1608
f 1530/4004/1521 1534/4012/1521 1515/3964/1521 1522/3985/1521
f 1531/4006/1609 1532/4008/1609 1517/3971/1609 1518/3973/1609
f 1534/4011/1610 1531/4005/1610 1518/3974/1610 1515/3965/1610
f 1526/3996/1611 1530/4003/1611 1522/3986/1611 1519/3977/1611
f 1569/4105/118 1572/4111/118 1548/4051/118 1545/4041/118
f 1577/4121/118 1575/4118/118 1551/4060/118 1553/4066/118
f 1566/4099/120 1562/4091/118 1538/4020/118 1542/4032/120
f 1580/4127/118 1583/4133/120 1559/4085/120 1556/4074/118
f 1563/4093/118 1565/4097/120 1541/4030/120 1539/4024/118
f 1582/4131/118 1579/4125/118 1555/4071/118 1558/4080/118
f 1571/4109/120 1568/4103/121 1544/4038/121 1547/4048/120
f 1575/4117/118 1573/4113/118 1549/4054/118 1551/4061/118
f 1583/4134/120 1584/4135/118 1560/4087/118 1559/4084/120
f 1567/4101/120 1570/4107/119 1546/4044/119 1543/4035/120
f 1552/4064/1596 1553/4067/1541 1529/4002/1538 1528/4000/1595
f 1541/4031/1592 1540/4028/1613 1480/3875/1612 1481/3878/1591
f 1545/4041/1615 1548/4051/1601 1488/3892/1600 1485/3885/1614
f 1543/4035/1619 1546/4044/1618 1486/3887/1617 1483/3881/1616
f 1550/4057/1603 1554/4069/1621 1530/4003/1620 1526/3996/1602
f 1544/4039/1552 1543/4036/1619 1483/3882/1616 1484/3884/1551
f 1554/4068/1621 1558/4081/1545 1534/4012/1542 1530/4004/1620
f 1556/4074/1623 1559/4085/1557 1535/4014/1554 1532/4007/1622
f 1538/4021/1548 1537/4017/1625 1477/3869/1624 1478/3872/1547
f 1555/4072/1544 1556/4075/1623 1532/4008/1622 1531/4006/1543
f 1546/4045/1618 1542/4033/1549 1482/3880/1546 1486/3888/1617
f 1560/4088/1556 1557/4078/1597 1533/4010/1594 1536/4016/1555
f 1537/4019/1625 1539/4025/1593 1479/3874/1590 1477/3870/1624
f 1540/4026/1613 1545/4042/1615 1485/3886/1614 1480/3876/1612
f 1561/4089/1628 1564/4095/1627 1565/4097/1626 1563/4093/1626
f 1566/4100/1630 1564/4095/1627 1561/4089/1628 1562/4092/1629
f 1568/4104/1634 1569/4106/1633 1570/4108/1632 1567/4102/1631
f 1572/4112/1635 1569/4106/1633 1568/4104/1634 1571/4110/1635
f 1569/4106/1633 1564/4095/1627 1566/4100/1630 1570/4108/1632
f 1577/4121/1636 1576/4119/1638 1573/4114/1637 1575/4118/1636
f 1573/4114/1637 1576/4119/1638 1578/4124/1640 1574/4116/1639
f 1582/4132/1644 1581/4130/1643 1580/4128/1642 1579/4126/1641
f 1580/4128/1642 1581/4130/1643 1584/4135/1645 1583/4134/1645
f 1578/4124/1640 1576/4119/1638 1581/4130/1643 1582/4132/1644
f 1568/4104/121 1567/4102/120 1543/4037/120 1544/4040/121
f 1574/4115/118 1578/4123/118 1554/4069/118 1550/4057/118
f 1564/4095/118 1569/4106/118 1545/4043/118 1540/4027/118
f 1584/4136/118 1581/4129/121 1557/4078/121 1560/4088/118
f 1579/4126/118 1580/4128/118 1556/4076/118 1555/4073/118
f 1565/4098/120 1564/4096/118 1540/4028/118 1541/4031/120
f 1581/4130/121 1576/4119/118 1552/4063/118 1557/4079/121
f 1562/4092/118 1561/4089/118 1537/4018/118 1538/4022/118
f 1570/4108/119 1566/4100/120 1542/4034/120 1546/4046/119
f 1576/4120/118 1577/4122/118 1553/4067/118 1552/4064/118
f 1572/4112/118 1571/4110/120 1547/4049/120 1548/4052/118
f 1561/4090/118 1563/4094/118 1539/4025/118 1537/4019/118
f 1573/4114/118 1574/4116/118 1550/4058/118 1549/4055/118
f 1578/4124/118 1582/4132/118 1558/4082/118 1554/4070/118
f 1588/4146/1649 1587/4143/1648 1586/4140/1647 1585/4137/1646
f 1590/4152/1650 1589/4149/1650 1585/4137/1646 1586/4140/1647
f 1594/4164/1653 1593/4161/1652 1592/4158/1652 1591/4155/1651
f 1591/4155/1651 1596/4170/1655 1595/4167/1654 1594/4164/1653
f 1585/4137/1646 1594/4164/1653 1595/4167/1654 1588/4146/1649
f 1598/4176/1656 1597/4173/1656 1592/4159/1656 1593/4162/1656
f 1597/4174/1660 1598/4177/1659 1600/4182/1658 1599/4179/1657
f 1599/4179/1657 1602/4188/1661 1601/4185/1661 1597/4174/1660
f 1606/4200/1665 1605/4197/1664 1604/4194/1663 1603/4191/1662
f 1603/4191/1662 1608/4206/1666 1607/4203/1666 1606/4200/1665
f 1603/4191/1662 1604/4194/1663 1599/4179/1657 1600/4182/1658
f 1596/4171/1667 1591/4156/1667 1601/4186/1667 1602/4189/1667
f 1590/4153/1668 1586/4141/1668 1606/4201/1668 1607/4204/1668
f 1601/4187/1669 1591/4157/1669 1592/4160/1669 1597/4175/1669
f 1595/4168/1670 1599/4180/1670 1604/4195/1670 1588/4147/1670
f 1587/4144/1671 1605/4198/1671 1606/4202/1671 1586/4142/1671
f 1605/4199/1672 1587/4145/1672 1588/4148/1672 1604/4196/1672
f 1599/4181/1673 1595/4169/1673 1596/4172/1673 1602/4190/1673
f 1600/4183/1674 1594/4165/1674 1585/4138/1674 1603/4192/1674
f 1608/4207/1675 1589/4150/1675 1590/4154/1675 1607/4205/1675
f 1603/4193/1676 1585/4139/1676 1589/4151/1676 1608/4208/1676
f 1598/4178/1677 1593/4163/1677 1594/4166/1677 1600/4184/1677
f 1610/4212/1681 1611/4215/1680 1612/4218/1679 1609/4209/1678
f 1614/4224/1682 1611/4215/1680 1610/4212/1681 1613/4221/1682
f 1616/4230/1685 1617/4233/1638 1618/4236/1684 1615/4227/1683
f 1620/4242/1686 1617/4233/1638 1616/4230/1685 1619/4239/1686
f 1612/4218/1679 1611/4215/1680 1618/4236/1684 1617/4233/1638
f 1616/4231/1687 1615/4228/1687 1622/4248/1687 1621/4245/1687
f 1697/4441/1691 1695/4435/1690 1671/4373/1689 1673/4377/1688
f 1702/4456/1695 1699/4447/1694 1675/4381/1693 1678/4387/1692
f 1686/4408/1699 1682/4396/1698 1622/4247/1697 1626/4255/1696
f 1691/4424/1703 1688/4414/1702 1628/4259/1701 1631/4265/1700
f 1703/4459/1707 1704/4462/1706 1680/4391/1705 1679/4389/1704
f 1623/4249/1667 1625/4253/1667 1620/4243/1667 1619/4240/1667
f 1631/4265/1708 1628/4259/1708 1613/4222/1708 1610/4213/1708
f 1616/4232/1709 1621/4246/1709 1623/4250/1709 1619/4241/1709
f 1629/4262/1710 1612/4219/1710 1617/4234/1710 1624/4252/1710
f 1631/4266/1711 1610/4214/1711 1609/4210/1711 1632/4267/1711
f 1612/4220/1712 1629/4261/1712 1632/4268/1712 1609/4211/1712
f 1620/4244/1713 1625/4254/1713 1624/4251/1713 1617/4235/1713
f 1611/4216/1714 1630/4264/1714 1626/4256/1714 1618/4237/1714
f 1613/4223/1715 1628/4260/1715 1627/4258/1715 1614/4225/1715
f 1614/4226/1716 1627/4257/1716 1630/4263/1716 1611/4217/1716
f 1618/4238/1717 1626/4255/1717 1622/4247/1717 1615/4229/1717
f 1636/4277/1718 1635/4274/1718 1634/4271/1718 1633/4269/1718
f 1633/4270/1719 1634/4272/1719 1638/4281/1719 1637/4279/1719
f 1637/4280/1720 1638/4282/1720 1640/4286/1720 1639/4284/1720
f 1639/4285/1721 1640/4287/1721 1635/4275/1721 1636/4278/1721
f 1635/4276/1722 1640/4288/1722 1638/4283/1722 1634/4273/1722
f 1644/4297/1723 1643/4295/1723 1642/4292/1723 1641/4289/1723
f 1643/4296/1724 1646/4302/1724 1645/4299/1724 1642/4293/1724
f 1646/4303/1725 1648/4307/1725 1647/4304/1725 1645/4300/1725
f 1648/4308/1726 1644/4298/1726 1641/4290/1726 1647/4305/1726
f 1641/4291/1727 1642/4294/1727 1645/4301/1727 1647/4306/1727
f 1652/4318/1728 1651/4315/1728 1650/4312/1728 1649/4309/1728
f 1649/4310/1729 1650/4313/1729 1654/4324/1729 1653/4321/1729
f 1653/4322/1730 1654/4325/1730 1656/4330/1730 1655/4327/1730
f 1655/4328/1731 1656/4331/1731 1651/4316/1731 1652/4319/1731
f 1651/4317/1732 1656/4332/1732 1654/4326/1732 1650/4314/1732
f 1655/4329/1733 1652/4320/1733 1649/4311/1733 1653/4323/1733
f 1660/4342/1736 1659/4339/1634 1658/4336/1735 1657/4333/1734
f 1658/4336/1735 1659/4339/1634 1662/4348/1737 1661/4345/1737
f 1666/4360/1741 1665/4357/1740 1664/4354/1739 1663/4351/1738
f 1664/4354/1739 1665/4357/1740 1668/4366/1742 1667/4363/1742
f 1666/4360/1741 1659/4339/1634 1660/4342/1736 1665/4357/1740
f 1670/4371/1743 1663/4352/1743 1664/4355/1743 1669/4369/1743
f 1683/4399/1747 1685/4405/1746 1625/4253/1745 1623/4249/1744
f 1701/4453/1751 1696/4438/1750 1672/4375/1749 1677/4385/1748
f 1695/4437/1690 1693/4430/1753 1669/4370/1752 1671/4374/1689
f 1692/4426/1755 1691/4423/1703 1631/4266/1700 1632/4267/1754
f 1693/4429/1753 1694/4432/1757 1670/4371/1756 1669/4369/1752
f 1668/4367/1687 1673/4377/1687 1671/4373/1687 1667/4364/1687
f 1661/4346/1758 1676/4383/1758 1679/4390/1758 1658/4337/1758
f 1671/4374/1759 1669/4370/1759 1664/4356/1759 1667/4365/1759
f 1665/4358/1714 1660/4343/1714 1677/4385/1714 1672/4375/1714
f 1657/4334/1760 1658/4338/1760 1679/4389/1760 1680/4391/1760
f 1680/4392/1761 1677/4386/1761 1660/4344/1761 1657/4335/1761
f 1672/4376/1762 1673/4378/1762 1668/4368/1762 1665/4359/1762
f 1674/4380/1710 1678/4388/1710 1659/4340/1710 1666/4361/1710
f 1675/4382/1711 1676/4384/1711 1661/4347/1711 1662/4349/1711
f 1678/4387/1763 1675/4381/1763 1662/4350/1763 1659/4341/1763
f 1670/4372/1764 1674/4379/1764 1666/4362/1764 1663/4353/1764
f 1713/4481/118 1716/4487/118 1692/4427/118 1689/4417/118
f 1721/4497/118 1719/4494/118 1695/4436/118 1697/4442/118
f 1710/4475/118 1706/4467/121 1682/4396/121 1686/4408/118
f 1724/4503/118 1727/4509/120 1703/4461/120 1700/4450/118
f 1707/4469/118 1709/4473/118 1685/4406/118 1683/4400/118
f 1726/4507/120 1723/4501/118 1699/4447/118 1702/4456/120
f 1715/4485/120 1712/4479/118 1688/4414/118 1691/4424/120
f 1719/4493/118 1717/4489/121 1693/4430/121 1695/4437/118
f 1727/4510/120 1728/4511/118 1704/4463/118 1703/4460/120
f 1711/4477/118 1714/4483/118 1690/4420/118 1687/4411/118
f 1696/4440/1750 1697/4443/1691 1673/4378/1688 1672/4376/1749
f 1685/4407/1746 1684/4404/1766 1624/4251/1765 1625/4254/1745
f 1689/4417/1768 1692/4427/1755 1632/4268/1754 1629/4261/1767
f 1687/4411/1772 1690/4420/1771 1630/4263/1770 1627/4257/1769
f 1694/4433/1757 1698/4445/1774 1674/4379/1773 1670/4372/1756
f 1688/4415/1702 1687/4412/1772 1627/4258/1769 1628/4260/1701
f 1698/4444/1774 1702/4457/1695 1678/4388/1692 1674/4380/1773
f 1700/4450/1776 1703/4461/1707 1679/4390/1704 1676/4383/1775
f 1682/4397/1698 1681/4393/1778 1621/4245/1777 1622/4248/1697
f 1699/4448/1694 1700/4451/1776 1676/4384/1775 1675/4382/1693
f 1690/4421/1771 1686/4409/1699 1626/4256/1696 1630/4264/1770
f 1704/4464/1706 1701/4454/1751 1677/4386/1748 1680/4392/1705
f 1681/4395/1778 1683/4401/1747 1623/4250/1744 1621/4246/1777
f 1684/4402/1766 1689/4418/1768 1629/4262/1767 1624/4252/1765
f 1705/4465/1781 1708/4471/1780 1709/4473/1779 1707/4469/1779
f 1710/4476/1783 1708/4471/1780 1705/4465/1781 1706/4468/1782
f 1712/4480/1787 1713/4482/1786 1714/4484/1785 1711/4478/1784
f 1716/4488/1788 1713/4482/1786 1712/4480/1787 1715/4486/1788
f 1713/4482/1786 1708/4471/1780 1710/4476/1783 1714/4484/1785
f 1721/4497/1789 1720/4495/1791 1717/4490/1790 1719/4494/1789
f 1717/4490/1790 1720/4495/1791 1722/4500/1793 1718/4492/1792
f 1726/4508/1796 1725/4506/1795 1724/4504/1772 1723/4502/1794
f 1724/4504/1772 1725/4506/1795 1728/4511/1797 1727/4510/1797
f 1722/4500/1793 1720/4495/1791 1725/4506/1795 1726/4508/1796
f 1712/4480/118 1711/4478/118 1687/4413/118 1688/4416/118
f 1718/4491/118 1722/4499/118 1698/4445/118 1694/4433/118
f 1708/4471/118 1713/4482/118 1689/4419/118 1684/4403/118
f 1728/4512/118 1725/4505/118 1701/4454/118 1704/4464/118
f 1723/4502/118 1724/4504/118 1700/4452/118 1699/4449/118
f 1709/4474/118 1708/4472/118 1684/4404/118 1685/4407/118
f 1725/4506/118 1720/4495/118 1696/4439/118 1701/4455/118
f 1706/4468/121 1705/4465/118 1681/4394/118 1682/4398/121
f 1714/4484/118 1710/4476/118 1686/4410/118 1690/4422/118
f 1720/4496/118 1721/4498/118 1697/4443/118 1696/4440/118
f 1716/4488/118 1715/4486/120 1691/4425/120 1692/4428/118
f 1705/4466/118 1707/4470/118 1683/4401/118 1681/4395/118
f 1717/4490/121 1718/4492/118 1694/4434/118 1693/4431/121
f 1722/4500/118 1726/4508/120 1702/4458/120 1698/4446/118
f 1732/4522/1801 1731/4519/1800 1730/4516/1799 1729/4513/1798
f 1734/4528/1802 1733/4525/1802 1729/4513/1798 1730/4516/1799
f 1738/4540/1805 1737/4537/1804 1736/4534/1804 1735/4531/1803
f 1735/4531/1803 1740/4546/1807 1739/4543/1806 1738/4540/1805
f 1729/4513/1798 1738/4540/1805 1739/4543/1806 1732/4522/1801
f 1742/4552/1808 1741/4549/1808 1736/4535/1808 1737/4538/1808
f 1741/4550/1812 1742/4553/1811 1744/4558/1810 1743/4555/1809
f 1743/4555/1809 1746/4564/1813 1745/4561/1813 1741/4550/1812
f 1750/4576/1817 1749/4573/1816 1748/4570/1815 1747/4567/1814
f 1747/4567/1814 1752/4582/1818 1751/4579/1818 1750/4576/1817
f 1747/4567/1814 1748/4570/1815 1743/4555/1809 1744/4558/1810
f 1740/4547/1819 1735/4532/1819 1745/4562/1819 1746/4565/1819
f 1734/4529/1820 1730/4517/1820 1750/4577/1820 1751/4580/1820
f 1745/4563/1821 1735/4533/1821 1736/4536/1821 1741/4551/1821
f 1739/4544/1822 1743/4556/1822 1748/4571/1822 1732/4523/1822
f 1731/4520/1823 1749/4574/1823 1750/4578/1823 1730/4518/1823
f 1749/4575/1824 1731/4521/1824 1732/4524/1824 1748/4572/1824
f 1743/4557/1825 1739/4545/1825 1740/4548/1825 1746/4566/1825
f 1744/4559/1826 1738/4541/1826 1729/4514/1826 1747/4568/1826
f 1752/4583/1827 1733/4526/1827 1734/4530/1827 1751/4581/1827
f 1747/4569/1828 1729/4515/1828 1733/4527/1828 1752/4584/1828
f 1742/4554/1829 1737/4539/1829 1738/4542/1829 1744/4560/1829
f 1754/4588/1833 1755/4591/1832 1756/4594/1831 1753/4585/1830
f 1758/4600/1834 1755/4591/1832 1754/4588/1833 1757/4597/1834
f 1760/4606/1838 1761/4609/1837 1762/4612/1836 1759/4603/1835
f 1764/4618/1839 1761/4609/1837 1760/4606/1838 1763/4615/1839
f 1756/4594/1831 1755/4591/1832 1762/4612/1836 1761/4609/1837
f 1760/4607/1840 1759/4604/1840 1766/4624/1840 1765/4621/1840
f 1841/4817/1844 1839/4811/1843 1815/4749/1842 1817/4753/1841
f 1846/4832/1848 1843/4823/1847 1819/4757/1846 1822/4763/1845
f 1830/4784/1852 1826/4772/1851 1766/4623/1850 1770/4631/1849
f 1835/4800/1856 1832/4790/1855 1772/4635/1854 1775/4641/1853
f 1847/4835/1860 1848/4838/1859 1824/4767/1858 1823/4765/1857
f 1767/4625/1861 1769/4629/1861 1764/4619/1861 1763/4616/1861
f 1775/4641/1862 1772/4635/1862 1757/4598/1862 1754/4589/1862
f 1760/4608/1863 1765/4622/1863 1767/4626/1863 1763/4617/1863
f 1773/4638/1864 1756/4595/1864 1761/4610/1864 1768/4628/1864
f 1775/4642/1865 1754/4590/1865 1753/4586/1865 1776/4643/1865
f 1756/4596/1866 1773/4637/1866 1776/4644/1866 1753/4587/1866
f 1764/4620/1867 1769/4630/1867 1768/4627/1867 1761/4611/1867
f 1755/4592/1868 1774/4640/1868 1770/4632/1868 1762/4613/1868
f 1757/4599/1869 1772/4636/1869 1771/4634/1869 1758/4601/1869
f 1758/4602/1870 1771/4633/1870 1774/4639/1870 1755/4593/1870
f 1762/4614/1871 1770/4631/1871 1766/4623/1871 1759/4605/1871
f 1780/4653/1872 1779/4650/1872 1778/4647/1872 1777/4645/1872
f 1777/4646/1873 1778/4648/1873 1782/4657/1873 1781/4655/1873
f 1781/4656/1874 1782/4658/1874 1784/4662/1874 1783/4660/1874
f 1783/4661/1875 1784/4663/1875 1779/4651/1875 1780/4654/1875
f 1779/4652/1876 1784/4664/1876 1782/4659/1876 1778/4649/1876
f 1788/4673/1877 1787/4671/1877 1786/4668/1877 1785/4665/1877
f 1787/4672/1878 1790/4678/1878 1789/4675/1878 1786/4669/1878
f 1790/4679/1879 1792/4683/1879 1791/4680/1879 1789/4676/1879
f 1792/4684/1880 1788/4674/1880 1785/4666/1880 1791/4681/1880
f 1785/4667/1881 1786/4670/1881 1789/4677/1881 1791/4682/1881
f 1796/4694/1882 1795/4691/1882 1794/4688/1882 1793/4685/1882
f 1793/4686/1883 1794/4689/1883 1798/4700/1883 1797/4697/1883
f 1797/4698/1884 1798/4701/1884 1800/4706/1884 1799/4703/1884
f 1799/4704/1885 1800/4707/1885 1795/4692/1885 1796/4695/1885
f 1795/4693/1886 1800/4708/1886 1798/4702/1886 1794/4690/1886
f 1799/4705/1887 1796/4696/1887 1793/4687/1887 1797/4699/1887
f 1804/4718/1891 1803/4715/1890 1802/4712/1889 1801/4709/1888
f 1802/4712/1889 1803/4715/1890 1806/4724/1892 1805/4721/1892
f 1810/4736/1783 1809/4733/1780 1808/4730/1894 1807/4727/1893
f 1808/4730/1894 1809/4733/1780 1812/4742/1779 1811/4739/1779
f 1810/4736/1783 1803/4715/1890 1804/4718/1891 1809/4733/1780
f 1814/4747/1895 1807/4728/1895 1808/4731/1895 1813/4745/1895
f 1827/4775/1899 1829/4781/1898 1769/4629/1897 1767/4625/1896
f 1845/4829/1903 1840/4814/1902 1816/4751/1901 1821/4761/1900
f 1839/4813/1843 1837/4806/1905 1813/4746/1904 1815/4750/1842
f 1836/4802/1907 1835/4799/1856 1775/4642/1853 1776/4643/1906
f 1837/4805/1905 1838/4808/1909 1814/4747/1908 1813/4745/1904
f 1812/4743/1910 1817/4753/1910 1815/4749/1910 1811/4740/1910
f 1805/4722/1911 1820/4759/1911 1823/4766/1911 1802/4713/1911
f 1815/4750/1912 1813/4746/1912 1808/4732/1912 1811/4741/1912
f 1809/4734/1868 1804/4719/1868 1821/4761/1868 1816/4751/1868
f 1801/4710/1869 1802/4714/1869 1823/4765/1869 1824/4767/1869
f 1824/4768/1913 1821/4762/1913 1804/4720/1913 1801/4711/1913
f 1816/4752/1914 1817/4754/1914 1812/4744/1914 1809/4735/1914
f 1818/4756/1915 1822/4764/1915 1803/4716/1915 1810/4737/1915
f 1819/4758/1865 1820/4760/1865 1805/4723/1865 1806/4725/1865
f 1822/4763/1916 1819/4757/1916 1806/4726/1916 1803/4717/1916
f 1814/4748/1917 1818/4755/1917 1810/4738/1917 1807/4729/1917
f 1857/4857/118 1860/4863/119 1836/4803/119 1833/4793/118
f 1865/4873/120 1863/4870/118 1839/4812/118 1841/4818/120
f 1854/4851/118 1850/4843/118 1826/4772/118 1830/4784/118
f 1868/4879/118 1871/4885/120 1847/4837/120 1844/4826/118
f 1851/4845/118 1853/4849/118 1829/4782/118 1827/4776/118
f 1870/4883/118 1867/4877/124 1843/4823/124 1846/4832/118
f 1859/4861/119 1856/4855/118 1832/4790/118 1835/4800/119
f 1863/4869/118 1861/4865/119 1837/4806/119 1839/4813/118
f 1871/4886/120 1872/4887/118 1848/4839/118 1847/4836/120
f 1855/4853/121 1858/4859/118 1834/4796/118 1831/4787/121
f 1840/4816/1902 1841/4819/1844 1817/4754/1841 1816/4752/1901
f 1829/4783/1898 1828/4780/1919 1768/4627/1918 1769/4630/1897
f 1833/4793/1921 1836/4803/1907 1776/4644/1906 1773/4637/1920
f 1831/4787/1925 1834/4796/1924 1774/4639/1923 1771/4633/1922
f 1838/4809/1909 1842/4821/1927 1818/4755/1926 1814/4748/1908
f 1832/4791/1855 1831/4788/1925 1771/4634/1922 1772/4636/1854
f 1842/4820/1927 1846/4833/1848 1822/4764/1845 1818/4756/1926
f 1844/4826/1929 1847/4837/1860 1823/4766/1857 1820/4759/1928
f 1826/4773/1851 1825/4769/1931 1765/4621/1930 1766/4624/1850
f 1843/4824/1847 1844/4827/1929 1820/4760/1928 1819/4758/1846
f 1834/4797/1924 1830/4785/1852 1770/4632/1849 1774/4640/1923
f 1848/4840/1859 1845/4830/1903 1821/4762/1900 1824/4768/1858
f 1825/4771/1931 1827/4777/1899 1767/4626/1896 1765/4622/1930
f 1828/4778/1919 1833/4794/1921 1773/4638/1920 1768/4628/1918
f 1849/4841/1934 1852/4847/1933 1853/4849/1932 1851/4845/1932
f 1854/4852/1936 1852/4847/1933 1849/4841/1934 1850/4844/1935
f 1856/4856/1940 1857/4858/1939 1858/4860/1938 1855/4854/1937
f 1860/4864/1941 1857/4858/1939 1856/4856/1940 1859/4862/1941
f 1857/4858/1939 1852/4847/1933 1854/4852/1936 1858/4860/1938
f 1865/4873/1942 1864/4871/1944 1861/4866/1943 1863/4870/1942
f 1861/4866/1943 1864/4871/1944 1866/4876/1946 1862/4868/1945
f 1870/4884/1950 1869/4882/1949 1868/4880/1948 1867/4878/1947
f 1868/4880/1948 1869/4882/1949 1872/4887/1951 1871/4886/1951
f 1866/4876/1946 1864/4871/1944 1869/4882/1949 1870/4884/1950
f 1856/4856/118 1855/4854/121 1831/4789/121 1832/4792/118
f 1862/4867/124 1866/4875/118 1842/4821/118 1838/4809/124
f 1852/4847/118 1857/4858/118 1833/4795/118 1828/4779/118
f 1872/4888/118 1869/4881/124 1845/4830/124 1848/4840/118
f 1867/4878/124 1868/4880/118 1844/4828/118 1843/4825/124
f 1853/4850/118 1852/4848/118 1828/4780/118 1829/4783/118
f 1869/4882/124 1864/4871/120 1840/4815/120 1845/4831/124
f 1850/4844/118 1849/4841/118 1825/4770/118 1826/4774/118
f 1858/4860/118 1854/4852/118 1830/4786/118 1834/4798/118
f 1864/4872/120 1865/4874/120 1841/4819/120 1840/4816/120
f 1860/4864/119 1859/4862/119 1835/4801/119 1836/4804/119
f 1849/4842/118 1851/4846/118 1827/4777/118 1825/4771/118
f 1861/4866/119 1862/4868/124 1838/4810/124 1837/4807/119
f 1866/4876/118 1870/4884/118 1846/4834/118 1842/4822/118
f 1876/4898/1955 1875/4895/1954 1874/4892/1953 1873/4889/1952
f 1878/4904/1956 1877/4901/1956 1873/4889/1952 1874/4892/1953
f 1882/4916/1959 1881/4913/1958 1880/4910/1958 1879/4907/1957
f 1879/4907/1957 1884/4922/1961 1883/4919/1960 1882/4916/1959
f 1873/4889/1952 1882/4916/1959 1883/4919/1960 1876/4898/1955
f 1886/4928/1962 1885/4925/1962 1880/4911/1962 1881/4914/1962
f 1885/4926/1966 1886/4929/1965 1888/4934/1964 1887/4931/1963
f 1887/4931/1963 1890/4940/1967 1889/4937/1967 1885/4926/1966
f 1894/4952/1971 1893/4949/1970 1892/4946/1969 1891/4943/1968
f 1891/4943/1968 1896/4958/1972 1895/4955/1972 1894/4952/1971
f 1891/4943/1968 1892/4946/1969 1887/4931/1963 1888/4934/1964
f 1884/4923/1973 1879/4908/1973 1889/4938/1973 1890/4941/1973
f 1878/4905/1974 1874/4893/1974 1894/4953/1974 1895/4956/1974
f 1889/4939/1975 1879/4909/1975 1880/4912/1975 1885/4927/1975
f 1883/4920/1976 1887/4932/1976 1892/4947/1976 1876/4899/1976
f 1875/4896/1977 1893/4950/1977 1894/4954/1977 1874/4894/1977
f 1893/4951/1978 1875/4897/1978 1876/4900/1978 1892/4948/1978
f 1887/4933/1979 1883/4921/1979 1884/4924/1979 1890/4942/1979
f 1888/4935/1980 1882/4917/1980 1873/4890/1980 1891/4944/1980
f 1896/4959/1981 1877/4902/1981 1878/4906/1981 1895/4957/1981
f 1891/4945/1982 1873/4891/1982 1877/4903/1982 1896/4960/1982
f 1886/4930/1983 1881/4915/1983 1882/4918/1983 1888/4936/1983
f 1898/4964/1987 1899/4967/1986 1900/4970/1985 1897/4961/1984
f 1902/4976/1988 1899/4967/1986 1898/4964/1987 1901/4973/1988
f 1904/4982/1992 1905/4985/1991 1906/4988/1990 1903/4979/1989
f 1908/4994/1993 1905/4985/1991 1904/4982/1992 1907/4991/1993
f 1900/4970/1985 1899/4967/1986 1906/4988/1990 1905/4985/1991
f 1904/4983/1994 1903/4980/1994 1910/5000/1994 1909/4997/1994
f 1985/5193/1998 1983/5187/1997 1959/5125/1996 1961/5129/1995
f 1990/5208/2002 1987/5199/2001 1963/5133/2000 1966/5139/1999
f 1974/5160/2006 1970/5148/2005 1910/4999/2004 1914/5007/2003
f 1979/5176/2010 1976/5166/2009 1916/5011/2008 1919/5017/2007
f 1991/5211/2014 1992/5214/2013 1968/5143/2012 1967/5141/2011
f 1911/5001/2015 1913/5005/2015 1908/4995/2015 1907/4992/2015
f 1919/5017/2016 1916/5011/2016 1901/4974/2016 1898/4965/2016
f 1904/4984/2017 1909/4998/2017 1911/5002/2017 1907/4993/2017
f 1917/5014/1976 1900/4971/1976 1905/4986/1976 1912/5004/1976
f 1919/5018/2018 1898/4966/2018 1897/4962/2018 1920/5019/2018
f 1900/4972/2019 1917/5013/2019 1920/5020/2019 1897/4963/2019
f 1908/4996/2020 1913/5006/2020 1912/5003/2020 1905/4987/2020
f 1899/4968/2021 1918/5016/2021 1914/5008/2021 1906/4989/2021
f 1901/4975/2022 1916/5012/2022 1915/5010/2022 1902/4977/2022
f 1902/4978/2023 1915/5009/2023 1918/5015/2023 1899/4969/2023
f 1906/4990/2024 1914/5007/2024 1910/4999/2024 1903/4981/2024
f 1924/5029/2025 1923/5026/2025 1922/5023/2025 1921/5021/2025
f 1921/5022/2026 1922/5024/2026 1926/5033/2026 1925/5031/2026
f 1925/5032/2027 1926/5034/2027 1928/5038/2027 1927/5036/2027
f 1927/5037/2028 1928/5039/2028 1923/5027/2028 1924/5030/2028
f 1923/5028/2029 1928/5040/2029 1926/5035/2029 1922/5025/2029
f 1932/5049/2030 1931/5047/2030 1930/5044/2030 1929/5041/2030
f 1931/5048/2031 1934/5054/2031 1933/5051/2031 1930/5045/2031
f 1934/5055/2032 1936/5059/2032 1935/5056/2032 1933/5052/2032
f 1936/5060/2033 1932/5050/2033 1929/5042/2033 1935/5057/2033
f 1929/5043/2034 1930/5046/2034 1933/5053/2034 1935/5058/2034
f 1940/5070/2035 1939/5067/2035 1938/5064/2035 1937/5061/2035
f 1937/5062/2036 1938/5065/2036 1942/5076/2036 1941/5073/2036
f 1941/5074/2037 1942/5077/2037 1944/5082/2037 1943/5079/2037
f 1943/5080/2038 1944/5083/2038 1939/5068/2038 1940/5071/2038
f 1939/5069/2039 1944/5084/2039 1942/5078/2039 1938/5066/2039
f 1943/5081/2040 1940/5072/2040 1937/5063/2040 1941/5075/2040
f 1948/5094/2044 1947/5091/2043 1946/5088/2042 1945/5085/2041
f 1946/5088/2042 1947/5091/2043 1950/5100/2045 1949/5097/2045
f 1954/5112/2049 1953/5109/2048 1952/5106/2047 1951/5103/2046
f 1952/5106/2047 1953/5109/2048 1956/5118/2050 1955/5115/2050
f 1954/5112/2049 1947/5091/2043 1948/5094/2044 1953/5109/2048
f 1958/5123/1973 1951/5104/1973 1952/5107/1973 1957/5121/1973
f 1971/5151/2054 1973/5157/2053 1913/5005/2052 1911/5001/2051
f 1989/5205/2058 1984/5190/2057 1960/5127/2056 1965/5137/2055
f 1983/5189/1997 1981/5182/2060 1957/5122/2059 1959/5126/1996
f 1980/5178/2062 1979/5175/2010 1919/5018/2007 1920/5019/2061
f 1981/5181/2060 1982/5184/2064 1958/5123/2063 1957/5121/2059
f 1956/5119/1994 1961/5129/1994 1959/5125/1994 1955/5116/1994
f 1949/5098/2065 1964/5135/2065 1967/5142/2065 1946/5089/2065
f 1959/5126/2066 1957/5122/2066 1952/5108/2066 1955/5117/2066
f 1953/5110/2021 1948/5095/2021 1965/5137/2021 1960/5127/2021
f 1945/5086/2067 1946/5090/2067 1967/5141/2067 1968/5143/2067
f 1968/5144/2068 1965/5138/2068 1948/5096/2068 1945/5087/2068
f 1960/5128/2069 1961/5130/2069 1956/5120/2069 1953/5111/2069
f 1962/5132/2070 1966/5140/2070 1947/5092/2070 1954/5113/2070
f 1963/5134/2071 1964/5136/2071 1949/5099/2071 1950/5101/2071
f 1966/5139/2072 1963/5133/2072 1950/5102/2072 1947/5093/2072
f 1958/5124/2073 1962/5131/2073 1954/5114/2073 1951/5105/2073
f 2001/5233/118 2004/5239/118 1980/5179/118 1977/5169/118
f 2009/5249/118 2007/5246/118 1983/5188/118 1985/5194/118
f 1998/5227/120 1994/5219/118 1970/5148/118 1974/5160/120
f 2012/5255/118 2015/5261/118 1991/5213/118 1988/5202/118
f 1995/5221/118 1997/5225/119 1973/5158/119 1971/5152/118
f 2014/5259/118 2011/5253/121 1987/5199/121 1990/5208/118
f 2003/5237/118 2000/5231/118 1976/5166/118 1979/5176/118
f 2007/5245/118 2005/5241/124 1981/5182/124 1983/5189/118
f 2015/5262/118 2016/5263/118 1992/5215/118 1991/5212/118
f 1999/5229/124 2002/5235/118 1978/5172/118 1975/5163/124
f 1984/5192/2057 1985/5195/1998 1961/5130/1995 1960/5128/2056
f 1973/5159/2053 1972/5156/2075 1912/5003/2074 1913/5006/2052
f 1977/5169/2077 1980/5179/2062 1920/5020/2061 1917/5013/2076
f 1975/5163/2081 1978/5172/2080 1918/5015/2079 1915/5009/2078
f 1982/5185/2064 1986/5197/2083 1962/5131/2082 1958/5124/2063
f 1976/5167/2009 1975/5164/2081 1915/5010/2078 1916/5012/2008
f 1986/5196/2083 1990/5209/2002 1966/5140/1999 1962/5132/2082
f 1988/5202/2085 1991/5213/2014 1967/5142/2011 1964/5135/2084
f 1970/5149/2005 1969/5145/2087 1909/4997/2086 1910/5000/2004
f 1987/5200/2001 1988/5203/2085 1964/5136/2084 1963/5134/2000
f 1978/5173/2080 1974/5161/2006 1914/5008/2003 1918/5016/2079
f 1992/5216/2013 1989/5206/2058 1965/5138/2055 1968/5144/2012
f 1969/5147/2087 1971/5153/2054 1911/5002/2051 1909/4998/2086
f 1972/5154/2075 1977/5170/2077 1917/5014/2076 1912/5004/2074
f 1993/5217/2090 1996/5223/2089 1997/5225/2088 1995/5221/2088
f 1998/5228/2092 1996/5223/2089 1993/5217/2090 1994/5220/2091
f 2000/5232/2096 2001/5234/2095 2002/5236/2094 1999/5230/2093
f 2004/5240/2097 2001/5234/2095 2000/5232/2096 2003/5238/2097
f 2001/5234/2095 1996/5223/2089 1998/5228/2092 2002/5236/2094
f 2009/5249/2098 2008/5247/2100 2005/5242/2099 2007/5246/2098
f 2005/5242/2099 2008/5247/2100 2010/5252/2102 2006/5244/2101
f 2014/5260/2106 2013/5258/2105 2012/5256/2104 2011/5254/2103
f 2012/5256/2104 2013/5258/2105 2016/5263/2107 2015/5262/2107
f 2010/5252/2102 2008/5247/2100 2013/5258/2105 2014/5260/2106
f 2000/5232/118 1999/5230/124 1975/5165/124 1976/5168/118
f 2006/5243/118 2010/5251/120 1986/5197/120 1982/5185/118
f 1996/5223/124 2001/5234/118 1977/5171/118 1972/5155/124
f 2016/5264/118 2013/5257/124 1989/5206/124 1992/5216/118
f 2011/5254/121 2012/5256/118 1988/5204/118 1987/5201/121
f 1997/5226/119 1996/5224/124 1972/5156/124 1973/5159/119
f 2013/5258/124 2008/5247/118 1984/5191/118 1989/5207/124
f 1994/5220/118 1993/5217/118 1969/5146/118 1970/5150/118
f 2002/5236/118 1998/5228/120 1974/5162/120 1978/5174/118
f 2008/5248/118 2009/5250/118 1985/5195/118 1984/5192/118
f 2004/5240/118 2003/5238/118 1979/5177/118 1980/5180/118
f 1993/5218/118 1995/5222/118 1971/5153/118 1969/5147/118
f 2005/5242/124 2006/5244/118 1982/5186/118 1981/5183/124
f 2010/5252/120 2014/5260/118 1990/5210/118 1986/5198/120
f 2020/5274/2111 2019/5271/2110 2018/5268/2109 2017/5265/2108
f 2022/5280/2112 2021/5277/2112 2017/5265/2108 2018/5268/2109
f 2026/5292/2115 2025/5289/2114 2024/5286/2114 2023/5283/2113
f 2023/5283/2113 2028/5298/2117 2027/5295/2116 2026/5292/2115
f 2017/5265/2108 2026/5292/2115 2027/5295/2116 2020/5274/2111
f 2030/5304/2118 2029/5301/2118 2024/5287/2118 2025/5290/2118
f 2029/5302/2122 2030/5305/2121 2032/5310/2120 2031/5307/2119
f 2031/5307/2119 2034/5316/2123 2033/5313/2123 2029/5302/2122
f 2038/5328/2127 2037/5325/2126 2036/5322/2125 2035/5319/2124
f 2035/5319/2124 2040/5334/2128 2039/5331/2128 2038/5328/2127
f 2035/5319/2124 2036/5322/2125 2031/5307/2119 2032/5310/2120
f 2028/5299/2129 2023/5284/2129 2033/5314/2129 2034/5317/2129
f 2022/5281/2130 2018/5269/2130 2038/5329/2130 2039/5332/2130
f 2033/5315/2131 2023/5285/2131 2024/5288/2131 2029/5303/2131
f 2027/5296/2132 2031/5308/2132 2036/5323/2132 2020/5275/2132
f 2019/5272/2133 2037/5326/2133 2038/5330/2133 2018/5270/2133
f 2037/5327/2134 2019/5273/2134 2020/5276/2134 2036/5324/2134
f 2031/5309/2135 2027/5297/2135 2028/5300/2135 2034/5318/2135
f 2032/5311/2136 2026/5293/2136 2017/5266/2136 2035/5320/2136
f 2040/5335/2137 2021/5278/2137 2022/5282/2137 2039/5333/2137
f 2035/5321/2138 2017/5267/2138 2021/5279/2138 2040/5336/2138
f 2030/5306/2139 2025/5291/2139 2026/5294/2139 2032/5312/2139
f 2042/5340/2143 2043/5343/2142 2044/5346/2141 2041/5337/2140
f 2046/5352/2144 2043/5343/2142 2042/5340/2143 2045/5349/2144
f 2048/5358/2148 2049/5361/2147 2050/5364/2146 2047/5355/2145
f 2052/5370/2149 2049/5361/2147 2048/5358/2148 2051/5367/2149
f 2044/5346/2141 2043/5343/2142 2050/5364/2146 2049/5361/2147
f 2048/5359/2150 2047/5356/2150 2054/5376/2150 2053/5373/2150
f 2129/5569/2154 2127/5563/2153 2103/5501/2152 2105/5505/2151
f 2134/5584/2158 2131/5575/2157 2107/5509/2156 2110/5515/2155
f 2118/5536/2162 2114/5524/2161 2054/5375/2160 2058/5383/2159
f 2123/5552/2166 2120/5542/2165 2060/5387/2164 2063/5393/2163
f 2135/5587/2170 2136/5590/2169 2112/5519/2168 2111/5517/2167
f 2055/5377/2171 2057/5381/2171 2052/5371/2171 2051/5368/2171
f 2063/5393/2172 2060/5387/2172 2045/5350/2172 2042/5341/2172
f 2048/5360/2173 2053/5374/2173 2055/5378/2173 2051/5369/2173
f 2061/5390/2174 2044/5347/2174 2049/5362/2174 2056/5380/2174
f 2063/5394/2175 2042/5342/2175 2041/5338/2175 2064/5395/2175
f 2044/5348/2176 2061/5389/2176 2064/5396/2176 2041/5339/2176
f 2052/5372/2177 2057/5382/2177 2056/5379/2177 2049/5363/2177
f 2043/5344/2178 2062/5392/2178 2058/5384/2178 2050/5365/2178
f 2045/5351/2179 2060/5388/2179 2059/5386/2179 2046/5353/2179
f 2046/5354/2180 2059/5385/2180 2062/5391/2180 2043/5345/2180
f 2050/5366/2181 2058/5383/2181 2054/5375/2181 2047/5357/2181
f 2068/5405/2182 2067/5402/2182 2066/5399/2182 2065/5397/2182
f 2065/5398/2183 2066/5400/2183 2070/5409/2183 2069/5407/2183
f 2069/5408/2184 2070/5410/2184 2072/5414/2184 2071/5412/2184
f 2071/5413/2185 2072/5415/2185 2067/5403/2185 2068/5406/2185
f 2067/5404/2186 2072/5416/2186 2070/5411/2186 2066/5401/2186
f 2076/5425/2187 2075/5423/2187 2074/5420/2187 2073/5417/2187
f 2075/5424/2188 2078/5430/2188 2077/5427/2188 2074/5421/2188
f 2078/5431/2189 2080/5435/2189 2079/5432/2189 2077/5428/2189
f 2080/5436/2190 2076/5426/2190 2073/5418/2190 2079/5433/2190
f 2073/5419/2191 2074/5422/2191 2077/5429/2191 2079/5434/2191
f 2084/5446/2192 2083/5443/2192 2082/5440/2192 2081/5437/2192
f 2081/5438/2193 2082/5441/2193 2086/5452/2193 2085/5449/2193
f 2085/5450/2194 2086/5453/2194 2088/5458/2194 2087/5455/2194
f 2087/5456/2195 2088/5459/2195 2083/5444/2195 2084/5447/2195
f 2083/5445/2196 2088/5460/2196 2086/5454/2196 2082/5442/2196
f 2087/5457/2197 2084/5448/2197 2081/5439/2197 2085/5451/2197
f 2092/5470/2201 2091/5467/2200 2090/5464/2199 2089/5461/2198
f 2090/5464/2199 2091/5467/2200 2094/5476/2202 2093/5473/2202
f 2098/5488/2206 2097/5485/2205 2096/5482/2204 2095/5479/2203
f 2096/5482/2204 2097/5485/2205 2100/5494/2088 2099/5491/2088
f 2098/5488/2206 2091/5467/2200 2092/5470/2201 2097/5485/2205
f 2102/5499/2171 2095/5480/2171 2096/5483/2171 2101/5497/2171
f 2115/5527/2210 2117/5533/2209 2057/5381/2208 2055/5377/2207
f 2133/5581/2213 2128/5566/2212 2104/5503/2211 2109/5513/2169
f 2127/5565/2153 2125/5558/2215 2101/5498/2214 2103/5502/2152
f 2124/5554/2217 2123/5551/2166 2063/5394/2163 2064/5395/2216
f 2125/5557/2215 2126/5560/2219 2102/5499/2218 2101/5497/2214
f 2100/5495/2220 2105/5505/2220 2103/5501/2220 2099/5492/2220
f 2093/5474/2221 2108/5511/2221 2111/5518/2221 2090/5465/2221
f 2103/5502/2222 2101/5498/2222 2096/5484/2222 2099/5493/2222
f 2097/5486/2178 2092/5471/2178 2109/5513/2178 2104/5503/2178
f 2089/5462/2223 2090/5466/2223 2111/5517/2223 2112/5519/2223
f 2112/5520/2224 2109/5514/2224 2092/5472/2224 2089/5463/2224
f 2104/5504/2225 2105/5506/2225 2100/5496/2225 2097/5487/2225
f 2106/5508/2174 2110/5516/2174 2091/5468/2174 2098/5489/2174
f 2107/5510/2175 2108/5512/2175 2093/5475/2175 2094/5477/2175
f 2110/5515/2226 2107/5509/2226 2094/5478/2226 2091/5469/2226
f 2102/5500/2227 2106/5507/2227 2098/5490/2227 2095/5481/2227
f 2145/5609/118 2148/5615/118 2124/5555/118 2121/5545/118
f 2153/5625/118 2151/5622/118 2127/5564/118 2129/5570/118
f 2142/5603/120 2138/5595/118 2114/5524/118 2118/5536/120
f 2156/5631/121 2159/5637/118 2135/5589/118 2132/5578/121
f 2139/5597/118 2141/5601/118 2117/5534/118 2115/5528/118
f 2158/5635/118 2155/5629/118 2131/5575/118 2134/5584/118
f 2147/5613/120 2144/5607/124 2120/5542/124 2123/5552/120
f 2151/5621/118 2149/5617/118 2125/5558/118 2127/5565/118
f 2159/5638/118 2160/5639/118 2136/5591/118 2135/5588/118
f 2143/5605/121 2146/5611/118 2122/5548/118 2119/5539/121
f 2128/5568/2212 2129/5571/2154 2105/5506/2151 2104/5504/2211
f 2117/5535/2209 2116/5532/2229 2056/5379/2228 2057/5382/2208
f 2121/5545/2231 2124/5555/2217 2064/5396/2216 2061/5389/2230
f 2119/5539/2235 2122/5548/2234 2062/5391/2233 2059/5385/2232
f 2126/5561/2219 2130/5573/2237 2106/5507/2236 2102/5500/2218
f 2120/5543/2165 2119/5540/2235 2059/5386/2232 2060/5388/2164
f 2130/5572/2237 2134/5585/2158 2110/5516/2155 2106/5508/2236
f 2132/5578/2239 2135/5589/2170 2111/5518/2167 2108/5511/2238
f 2114/5525/2161 2113/5521/2241 2053/5373/2240 2054/5376/2160
f 2131/5576/2157 2132/5579/2239 2108/5512/2238 2107/5510/2156
f 2122/5549/2234 2118/5537/2162 2058/5384/2159 2062/5392/2233
f 2136/5592/2169 2133/5582/2213 2109/5514/2169 2112/5520/2168
f 2113/5523/2241 2115/5529/2210 2055/5378/2207 2053/5374/2240
f 2116/5530/2229 2121/5546/2231 2061/5390/2230 2056/5380/2228
f 2137/5593/2244 2140/5599/2243 2141/5601/2242 2139/5597/2242
f 2142/5604/2246 2140/5599/2243 2137/5593/2244 2138/5596/2245
f 2144/5608/2250 2145/5610/2249 2146/5612/2248 2143/5606/2247
f 2148/5616/2251 2145/5610/2249 2144/5608/2250 2147/5614/2251
f 2145/5610/2249 2140/5599/2243 2142/5604/2246 2146/5612/2248
f 2153/5625/2252 2152/5623/2254 2149/5618/2253 2151/5622/2252
f 2149/5618/2253 2152/5623/2254 2154/5628/2256 2150/5620/2255
f 2158/5636/2260 2157/5634/2259 2156/5632/2258 2155/5630/2257
f 2156/5632/2258 2157/5634/2259 2160/5639/2261 2159/5638/2261
f 2154/5628/2256 2152/5623/2254 2157/5634/2259 2158/5636/2260
f 2144/5608/124 2143/5606/121 2119/5541/121 2120/5544/124
f 2150/5619/118 2154/5627/118 2130/5573/118 2126/5561/118
f 2140/5599/124 2145/5610/118 2121/5547/118 2116/5531/124
f 2160/5640/118 2157/5633/118 2133/5582/118 2136/5592/118
f 2155/5630/118 2156/5632/121 2132/5580/121 2131/5577/118
f 2141/5602/118 2140/5600/124 2116/5532/124 2117/5535/118
f 2157/5634/118 2152/5623/121 2128/5567/121 2133/5583/118
f 2138/5596/118 2137/5593/118 2113/5522/118 2114/5526/118
f 2146/5612/118 2142/5604/120 2118/5538/120 2122/5550/118
f 2152/5624/121 2153/5626/118 2129/5571/118 2128/5568/121
f 2148/5616/118 2147/5614/120 2123/5553/120 2124/5556/118
f 2137/5594/118 2139/5598/118 2115/5529/118 2113/5523/118
f 2149/5618/118 2150/5620/118 2126/5562/118 2125/5559/118
f 2154/5628/118 2158/5636/118 2134/5586/118 2130/5574/118
f 2164/5650/2265 2163/5647/2264 2162/5644/2263 2161/5641/2262
f 2166/5656/2266 2165/5653/2266 2161/5641/2262 2162/5644/2263
f 2170/5668/2269 2169/5665/2268 2168/5662/2268 2167/5659/2267
f 2167/5659/2267 2172/5674/2271 2171/5671/2270 2170/5668/2269
f 2161/5641/2262 2170/5668/2269 2171/5671/2270 2164/5650/2265
f 2174/5680/2272 2173/5677/2272 2168/5663/2272 2169/5666/2272
f 2173/5678/2276 2174/5681/2275 2176/5686/2274 2175/5683/2273
f 2175/5683/2273 2178/5692/2277 2177/5689/2277 2173/5678/2276
f 2182/5704/2281 2181/5701/2280 2180/5698/2279 2179/5695/2278
f 2179/5695/2278 2184/5710/2282 2183/5707/2282 2182/5704/2281
f 2179/5695/2278 2180/5698/2279 2175/5683/2273 2176/5686/2274
f 2172/5675/2283 2167/5660/2283 2177/5690/2283 2178/5693/2283
f 2166/5657/2284 2162/5645/2284 2182/5705/2284 2183/5708/2284
f 2177/5691/2285 2167/5661/2285 2168/5664/2285 2173/5679/2285
f 2171/5672/2286 2175/5684/2286 2180/5699/2286 2164/5651/2286
f 2163/5648/2287 2181/5702/2287 2182/5706/2287 2162/5646/2287
f 2181/5703/2288 2163/5649/2288 2164/5652/2288 2180/5700/2288
f 2175/5685/2289 2171/5673/2289 2172/5676/2289 2178/5694/2289
f 2176/5687/2290 2170/5669/2290 2161/5642/2290 2179/5696/2290
f 2184/5711/2291 2165/5654/2291 2166/5658/2291 2183/5709/2291
f 2179/5697/2292 2161/5643/2292 2165/5655/2292 2184/5712/2292
f 2174/5682/2293 2169/5667/2293 2170/5670/2293 2176/5688/2293
f 2186/5716/2297 2187/5719/2296 2188/5722/2295 2185/5713/2294
f 2190/5728/2298 2187/5719/2296 2186/5716/2297 2189/5725/2298
f 2192/5734/2299 2193/5737/2254 2194/5740/2256 2191/5731/2255
f 2196/5746/2252 2193/5737/2254 2192/5734/2299 2195/5743/2252
f 2188/5722/2295 2187/5719/2296 2194/5740/2256 2193/5737/2254
f 2192/5735/2300 2191/5732/2300 2198/5752/2300 2197/5749/2300
f 2273/5945/2304 2271/5939/2303 2247/5877/2302 2249/5881/2301
f 2278/5960/2308 2275/5951/2307 2251/5885/2306 2254/5891/2305
f 2262/5912/2312 2258/5900/2311 2198/5751/2310 2202/5759/2309
f 2267/5928/2316 2264/5918/2315 2204/5763/2314 2207/5769/2313
f 2279/5963/2320 2280/5966/2319 2256/5895/2318 2255/5893/2317
f 2199/5753/2321 2201/5757/2321 2196/5747/2321 2195/5744/2321
f 2207/5769/2322 2204/5763/2322 2189/5726/2322 2186/5717/2322
f 2192/5736/2323 2197/5750/2323 2199/5754/2323 2195/5745/2323
f 2205/5766/2324 2188/5723/2324 2193/5738/2324 2200/5756/2324
f 2207/5770/2325 2186/5718/2325 2185/5714/2325 2208/5771/2325
f 2188/5724/2326 2205/5765/2326 2208/5772/2326 2185/5715/2326
f 2196/5748/2327 2201/5758/2327 2200/5755/2327 2193/5739/2327
f 2187/5720/2328 2206/5768/2328 2202/5760/2328 2194/5741/2328
f 2189/5727/2329 2204/5764/2329 2203/5762/2329 2190/5729/2329
f 2190/5730/2330 2203/5761/2330 2206/5767/2330 2187/5721/2330
f 2194/5742/2331 2202/5759/2331 2198/5751/2331 2191/5733/2331
f 2212/5781/2332 2211/5778/2332 2210/5775/2332 2209/5773/2332
f 2209/5774/2333 2210/5776/2333 2214/5785/2333 2213/5783/2333
f 2213/5784/2334 2214/5786/2334 2216/5790/2334 2215/5788/2334
f 2215/5789/2335 2216/5791/2335 2211/5779/2335 2212/5782/2335
f 2211/5780/2336 2216/5792/2336 2214/5787/2336 2210/5777/2336
f 2220/5801/2337 2219/5799/2337 2218/5796/2337 2217/5793/2337
f 2219/5800/2338 2222/5806/2338 2221/5803/2338 2218/5797/2338
f 2222/5807/2339 2224/5811/2339 2223/5808/2339 2221/5804/2339
f 2224/5812/2340 2220/5802/2340 2217/5794/2340 2223/5809/2340
f 2217/5795/2341 2218/5798/2341 2221/5805/2341 2223/5810/2341
f 2228/5822/2342 2227/5819/2342 2226/5816/2342 2225/5813/2342
f 2225/5814/2343 2226/5817/2343 2230/5828/2343 2229/5825/2343
f 2229/5826/2344 2230/5829/2344 2232/5834/2344 2231/5831/2344
f 2231/5832/2345 2232/5835/2345 2227/5820/2345 2228/5823/2345
f 2227/5821/2346 2232/5836/2346 2230/5830/2346 2226/5818/2346
f 2231/5833/2347 2228/5824/2347 2225/5815/2347 2229/5827/2347
f 2236/5846/2351 2235/5843/2350 2234/5840/2349 2233/5837/2348
f 2234/5840/2349 2235/5843/2350 2238/5852/2352 2237/5849/2352
f 2242/5864/2246 2241/5861/2355 2240/5858/2354 2239/5855/2353
f 2240/5858/2354 2241/5861/2355 2244/5870/2356 2243/5867/2356
f 2242/5864/2246 2235/5843/2350 2236/5846/2351 2241/5861/2355
f 2246/5875/2357 2239/5856/2357 2240/5859/2357 2245/5873/2357
f 2259/5903/2361 2261/5909/2360 2201/5757/2359 2199/5753/2358
f 2277/5957/2365 2272/5942/2364 2248/5879/2363 2253/5889/2362
f 2271/5941/2303 2269/5934/2367 2245/5874/2366 2247/5878/2302
f 2268/5930/2369 2267/5927/2316 2207/5770/2313 2208/5771/2368
f 2269/5933/2367 2270/5936/2371 2246/5875/2370 2245/5873/2366
f 2244/5871/2372 2249/5881/2372 2247/5877/2372 2243/5868/2372
f 2237/5850/2373 2252/5887/2373 2255/5894/2373 2234/5841/2373
f 2247/5878/2374 2245/5874/2374 2240/5860/2374 2243/5869/2374
f 2241/5862/2290 2236/5847/2290 2253/5889/2290 2248/5879/2290
f 2233/5838/2375 2234/5842/2375 2255/5893/2375 2256/5895/2375
f 2256/5896/2376 2253/5890/2376 2236/5848/2376 2233/5839/2376
f 2248/5880/2377 2249/5882/2377 2244/5872/2377 2241/5863/2377
f 2250/5884/2286 2254/5892/2286 2235/5844/2286 2242/5865/2286
f 2251/5886/2378 2252/5888/2378 2237/5851/2378 2238/5853/2378
f 2254/5891/2379 2251/5885/2379 2238/5854/2379 2235/5845/2379
f 2246/5876/2380 2250/5883/2380 2242/5866/2380 2239/5857/2380
f 2289/5985/118 2292/5991/118 2268/5931/118 2265/5921/118
f 2297/6001/118 2295/5998/120 2271/5940/120 2273/5946/118
f 2286/5979/118 2282/5971/121 2258/5900/121 2262/5912/118
f 2300/6007/118 2303/6013/120 2279/5965/120 2276/5954/118
f 2283/5973/120 2285/5977/118 2261/5910/118 2259/5904/120
f 2302/6011/118 2299/6005/121 2275/5951/121 2278/5960/118
f 2291/5989/120 2288/5983/118 2264/5918/118 2267/5928/120
f 2295/5997/120 2293/5993/121 2269/5934/121 2271/5941/120
f 2303/6014/120 2304/6015/118 2280/5967/118 2279/5964/120
f 2287/5981/121 2290/5987/119 2266/5924/119 2263/5915/121
f 2272/5944/2364 2273/5947/2304 2249/5882/2301 2248/5880/2363
f 2261/5911/2360 2260/5908/2382 2200/5755/2381 2201/5758/2359
f 2265/5921/2384 2268/5931/2369 2208/5772/2368 2205/5765/2383
f 2263/5915/2388 2266/5924/2387 2206/5767/2386 2203/5761/2385
f 2270/5937/2371 2274/5949/2390 2250/5883/2389 2246/5876/2370
f 2264/5919/2315 2263/5916/2388 2203/5762/2385 2204/5764/2314
f 2274/5948/2390 2278/5961/2308 2254/5892/2305 2250/5884/2389
f 2276/5954/2392 2279/5965/2320 2255/5894/2317 2252/5887/2391
f 2258/5901/2311 2257/5897/2394 2197/5749/2393 2198/5752/2310
f 2275/5952/2307 2276/5955/2392 2252/5888/2391 2251/5886/2306
f 2266/5925/2387 2262/5913/2312 2202/5760/2309 2206/5768/2386
f 2280/5968/2319 2277/5958/2365 2253/5890/2362 2256/5896/2318
f 2257/5899/2394 2259/5905/2361 2199/5754/2358 2197/5750/2393
f 2260/5906/2382 2265/5922/2384 2205/5766/2383 2200/5756/2381
f 2281/5969/2397 2284/5975/2396 2285/5977/2395 2283/5973/2395
f 2286/5980/2399 2284/5975/2396 2281/5969/2397 2282/5972/2398
f 2288/5984/2403 2289/5986/2402 2290/5988/2401 2287/5982/2400
f 2292/5992/2404 2289/5986/2402 2288/5984/2403 2291/5990/2404
f 2289/5986/2402 2284/5975/2396 2286/5980/2399 2290/5988/2401
f 2297/6001/2405 2296/5999/2407 2293/5994/2406 2295/5998/2405
f 2293/5994/2406 2296/5999/2407 2298/6004/2409 2294/5996/2408
f 2302/6012/2413 2301/6010/2412 2300/6008/2411 2299/6006/2410
f 2300/6008/2411 2301/6010/2412 2304/6015/2414 2303/6014/2414
f 2298/6004/2409 2296/5999/2407 2301/6010/2412 2302/6012/2413
f 2288/5984/118 2287/5982/121 2263/5917/121 2264/5920/118
f 2294/5995/124 2298/6003/118 2274/5949/118 2270/5937/124
f 2284/5975/118 2289/5986/118 2265/5923/118 2260/5907/118
f 2304/6016/118 2301/6009/118 2277/5958/118 2280/5968/118
f 2299/6006/121 2300/6008/118 2276/5956/118 2275/5953/121
f 2285/5978/118 2284/5976/118 2260/5908/118 2261/5911/118
f 2301/6010/118 2296/5999/121 2272/5943/121 2277/5959/118
f 2282/5972/121 2281/5969/121 2257/5898/121 2258/5902/121
f 2290/5988/119 2286/5980/118 2262/5914/118 2266/5926/119
f 2296/6000/121 2297/6002/118 2273/5947/118 2272/5944/121
f 2292/5992/118 2291/5990/120 2267/5929/120 2268/5932/118
f 2281/5970/121 2283/5974/120 2259/5905/120 2257/5899/121
f 2293/5994/121 2294/5996/124 2270/5938/124 2269/5935/121
f 2298/6004/118 2302/6012/118 2278/5962/118 2274/5950/118
f 2308/6026/2418 2307/6023/2417 2306/6020/2416 2305/6017/2415
f 2310/6032/2419 2309/6029/2419 2305/6017/2415 2306/6020/2416
f 2314/6044/2422 2313/6041/2421 2312/6038/2421 2311/6035/2420
f 2311/6035/2420 2316/6050/2424 2315/6047/2423 2314/6044/2422
f 2305/6017/2415 2314/6044/2422 2315/6047/2423 2308/6026/2418
f 2318/6056/2425 2317/6053/2425 2312/6039/2425 2313/6042/2425
f 2317/6054/2429 2318/6057/2428 2320/6062/2427 2319/6059/2426
f 2319/6059/2426 2322/6068/2430 2321/6065/2430 2317/6054/2429
f 2326/6080/2434 2325/6077/2433 2324/6074/2432 2323/6071/2431
f 2323/6071/2431 2328/6086/2435 2327/6083/2435 2326/6080/2434
f 2323/6071/2431 2324/6074/2432 2319/6059/2426 2320/6062/2427
f 2316/6051/2436 2311/6036/2436 2321/6066/2436 2322/6069/2436
f 2310/6033/2437 2306/6021/2437 2326/6081/2437 2327/6084/2437
f 2321/6067/2438 2311/6037/2438 2312/6040/2438 2317/6055/2438
f 2315/6048/2439 2319/6060/2439 2324/6075/2439 2308/6027/2439
f 2307/6024/2440 2325/6078/2440 2326/6082/2440 2306/6022/2440
f 2325/6079/2441 2307/6025/2441 2308/6028/2441 2324/6076/2441
f 2319/6061/2442 2315/6049/2442 2316/6052/2442 2322/6070/2442
f 2320/6063/2443 2314/6045/2443 2305/6018/2443 2323/6072/2443
f 2328/6087/2444 2309/6030/2444 2310/6034/2444 2327/6085/2444
f 2323/6073/2445 2305/6019/2445 2309/6031/2445 2328/6088/2445
f 2318/6058/2446 2313/6043/2446 2314/6046/2446 2320/6064/2446
f 2330/6092/2450 2331/6095/2449 2332/6098/2448 2329/6089/2447
f 2334/6104/2451 2331/6095/2449 2330/6092/2450 2333/6101/2451
f 2336/6110/2453 2337/6113/2452 2338/6116/2409 2335/6107/2408
f 2340/6122/2454 2337/6113/2452 2336/6110/2453 2339/6119/2454
f 2332/6098/2448 2331/6095/2449 2338/6116/2409 2337/6113/2452
f 2336/6111/2455 2335/6108/2455 2342/6128/2455 2341/6125/2455
f 2417/6321/2459 2415/6315/2458 2391/6253/2457 2393/6257/2456
f 2422/6336/2463 2419/6327/2462 2395/6261/2461 2398/6267/2460
f 2406/6288/2467 2402/6276/2466 2342/6127/2465 2346/6135/2464
f 2411/6304/2471 2408/6294/2470 2348/6139/2469 2351/6145/2468
f 2423/6339/2475 2424/6342/2474 2400/6271/2473 2399/6269/2472
f 2343/6129/2476 2345/6133/2476 2340/6123/2476 2339/6120/2476
f 2351/6145/2477 2348/6139/2477 2333/6102/2477 2330/6093/2477
f 2336/6112/2478 2341/6126/2478 2343/6130/2478 2339/6121/2478
f 2349/6142/2479 2332/6099/2479 2337/6114/2479 2344/6132/2479
f 2351/6146/2440 2330/6094/2440 2329/6090/2440 2352/6147/2440
f 2332/6100/2480 2349/6141/2480 2352/6148/2480 2329/6091/2480
f 2340/6124/2481 2345/6134/2481 2344/6131/2481 2337/6115/2481
f 2331/6096/2482 2350/6144/2482 2346/6136/2482 2338/6117/2482
f 2333/6103/2483 2348/6140/2483 2347/6138/2483 2334/6105/2483
f 2334/6106/2484 2347/6137/2484 2350/6143/2484 2331/6097/2484
f 2338/6118/2485 2346/6135/2485 2342/6127/2485 2335/6109/2485
f 2356/6157/2486 2355/6154/2486 2354/6151/2486 2353/6149/2486
f 2353/6150/2487 2354/6152/2487 2358/6161/2487 2357/6159/2487
f 2357/6160/2488 2358/6162/2488 2360/6166/2488 2359/6164/2488
f 2359/6165/2489 2360/6167/2489 2355/6155/2489 2356/6158/2489
f 2355/6156/2490 2360/6168/2490 2358/6163/2490 2354/6153/2490
f 2364/6177/2491 2363/6175/2491 2362/6172/2491 2361/6169/2491
f 2363/6176/2492 2366/6182/2492 2365/6179/2492 2362/6173/2492
f 2366/6183/2493 2368/6187/2493 2367/6184/2493 2365/6180/2493
f 2368/6188/2494 2364/6178/2494 2361/6170/2494 2367/6185/2494
f 2361/6171/2495 2362/6174/2495 2365/6181/2495 2367/6186/2495
f 2372/6198/2496 2371/6195/2496 2370/6192/2496 2369/6189/2496
f 2369/6190/2425 2370/6193/2425 2374/6204/2425 2373/6201/2425
f 2373/6202/2497 2374/6205/2497 2376/6210/2497 2375/6207/2497
f 2375/6208/2498 2376/6211/2498 2371/6196/2498 2372/6199/2498
f 2371/6197/2499 2376/6212/2499 2374/6206/2499 2370/6194/2499
f 2375/6209/2500 2372/6200/2500 2369/6191/2500 2373/6203/2500
f 2380/6222/2504 2379/6219/2503 2378/6216/2502 2377/6213/2501
f 2378/6216/2502 2379/6219/2503 2382/6228/2505 2381/6225/2505
f 2386/6240/2399 2385/6237/2506 2384/6234/2397 2383/6231/2398
f 2384/6234/2397 2385/6237/2506 2388/6246/2507 2387/6243/2507
f 2386/6240/2399 2379/6219/2503 2380/6222/2504 2385/6237/2506
f 2390/6251/2476 2383/6232/2476 2384/6235/2476 2389/6249/2476
f 2403/6279/2511 2405/6285/2510 2345/6133/2509 2343/6129/2508
f 2421/6333/2515 2416/6318/2514 2392/6255/2513 2397/6265/2512
f 2415/6317/2458 2413/6310/2517 2389/6250/2516 2391/6254/2457
f 2412/6306/2519 2411/6303/2471 2351/6146/2468 2352/6147/2518
f 2413/6309/2517 2414/6312/2521 2390/6251/2520 2389/6249/2516
f 2388/6247/2522 2393/6257/2522 2391/6253/2522 2387/6244/2522
f 2381/6226/2523 2396/6263/2523 2399/6270/2523 2378/6217/2523
f 2391/6254/2524 2389/6250/2524 2384/6236/2524 2387/6245/2524
f 2385/6238/2482 2380/6223/2482 2397/6265/2482 2392/6255/2482
f 2377/6214/2483 2378/6218/2483 2399/6269/2483 2400/6271/2483
f 2400/6272/2525 2397/6266/2525 2380/6224/2525 2377/6215/2525
f 2392/6256/2526 2393/6258/2526 2388/6248/2526 2385/6239/2526
f 2394/6260/2439 2398/6268/2439 2379/6220/2439 2386/6241/2439
f 2395/6262/2440 2396/6264/2440 2381/6227/2440 2382/6229/2440
f 2398/6267/2527 2395/6261/2527 2382/6230/2527 2379/6221/2527
f 2390/6252/2528 2394/6259/2528 2386/6242/2528 2383/6233/2528
f 2433/6361/118 2436/6367/118 2412/6307/118 2409/6297/118
f 2441/6377/120 2439/6374/119 2415/6316/119 2417/6322/120
f 2430/6355/118 2426/6347/118 2402/6276/118 2406/6288/118
f 2444/6383/118 2447/6389/118 2423/6341/118 2420/6330/118
f 2427/6349/118 2429/6353/118 2405/6286/118 2403/6280/118
f 2446/6387/118 2443/6381/118 2419/6327/118 2422/6336/118
f 2435/6365/118 2432/6359/124 2408/6294/124 2411/6304/118
f 2439/6373/119 2437/6369/118 2413/6310/118 2415/6317/119
f 2447/6390/118 2448/6391/118 2424/6343/118 2423/6340/118
f 2431/6357/121 2434/6363/118 2410/6300/118 2407/6291/121
f 2416/6320/2514 2417/6323/2459 2393/6258/2456 2392/6256/2513
f 2405/6287/2510 2404/6284/2530 2344/6131/2529 2345/6134/2509
f 2409/6297/2532 2412/6307/2519 2352/6148/2518 2349/6141/2531
f 2407/6291/2536 2410/6300/2535 2350/6143/2534 2347/6137/2533
f 2414/6313/2521 2418/6325/2538 2394/6259/2537 2390/6252/2520
f 2408/6295/2470 2407/6292/2536 2347/6138/2533 2348/6140/2469
f 2418/6324/2538 2422/6337/2463 2398/6268/2460 2394/6260/2537
f 2420/6330/2540 2423/6341/2475 2399/6270/2472 2396/6263/2539
f 2402/6277/2466 2401/6273/2542 2341/6125/2541 2342/6128/2465
f 2419/6328/2462 2420/6331/2540 2396/6264/2539 2395/6262/2461
f 2410/6301/2535 2406/6289/2467 2346/6136/2464 2350/6144/2534
f 2424/6344/2474 2421/6334/2515 2397/6266/2512 2400/6272/2473
f 2401/6275/2542 2403/6281/2511 2343/6130/2508 2341/6126/2541
f 2404/6282/2530 2409/6298/2532 2349/6142/2531 2344/6132/2529
f 2425/6345/2545 2428/6351/2544 2429/6353/2543 2427/6349/2543
f 2430/6356/2547 2428/6351/2544 2425/6345/2545 2426/6348/2546
f 2432/6360/2551 2433/6362/2550 2434/6364/2549 2431/6358/2548
f 2436/6368/2552 2433/6362/2550 2432/6360/2551 2435/6366/2552
f 2433/6362/2550 2428/6351/2544 2430/6356/2547 2434/6364/2549
f 2441/6377/2553 2440/6375/2555 2437/6370/2554 2439/6374/2553
f 2437/6370/2554 2440/6375/2555 2442/6380/2557 2438/6372/2556
f 2446/6388/2561 2445/6386/2560 2444/6384/2559 2443/6382/2558
f 2444/6384/2559 2445/6386/2560 2448/6391/2562 2447/6390/2562
f 2442/6380/2557 2440/6375/2555 2445/6386/2560 2446/6388/2561
f 2432/6360/124 2431/6358/121 2407/6293/121 2408/6296/124
f 2438/6371/118 2442/6379/119 2418/6325/119 2414/6313/118
f 2428/6351/122 2433/6362/118 2409/6299/118 2404/6283/122
f 2448/6392/118 2445/6385/118 2421/6334/118 2424/6344/118
f 2443/6382/118 2444/6384/118 2420/6332/118 2419/6329/118
f 2429/6354/118 2428/6352/122 2404/6284/122 2405/6287/118
f 2445/6386/118 2440/6375/123 2416/6319/123 2421/6335/118
f 2426/6348/118 2425/6345/118 2401/6274/118 2402/6278/118
f 2434/6364/118 2430/6356/118 2406/6290/118 2410/6302/118
f 2440/6376/123 2441/6378/120 2417/6323/120 2416/6320/123
f 2436/6368/118 2435/6366/118 2411/6305/118 2412/6308/118
f 2425/6346/118 2427/6350/118 2403/6281/118 2401/6275/118
f 2437/6370/118 2438/6372/118 2414/6314/118 2413/6311/118
f 2442/6380/119 2446/6388/118 2422/6338/118 2418/6326/119
f 2452/6402/2566 2451/6399/2565 2450/6396/2564 2449/6393/2563
f 2454/6408/2567 2453/6405/2567 2449/6393/2563 2450/6396/2564
f 2458/6420/2570 2457/6417/2569 2456/6414/2569 2455/6411/2568
f 2455/6411/2568 2460/6426/2572 2459/6423/2571 2458/6420/2570
f 2449/6393/2563 2458/6420/2570 2459/6423/2571 2452/6402/2566
f 2462/6432/2573 2461/6429/2573 2456/6415/2573 2457/6418/2573
f 2461/6430/2577 2462/6433/2576 2464/6438/2575 2463/6435/2574
f 2463/6435/2574 2466/6444/2578 2465/6441/2578 2461/6430/2577
f 2470/6456/2582 2469/6453/2581 2468/6450/2580 2467/6447/2579
f 2467/6447/2579 2472/6462/2583 2471/6459/2583 2470/6456/2582
f 2467/6447/2579 2468/6450/2580 2463/6435/2574 2464/6438/2575
f 2460/6427/2584 2455/6412/2584 2465/6442/2584 2466/6445/2584
f 2454/6409/2585 2450/6397/2585 2470/6457/2585 2471/6460/2585
f 2465/6443/2586 2455/6413/2586 2456/6416/2586 2461/6431/2586
f 2459/6424/2587 2463/6436/2587 2468/6451/2587 2452/6403/2587
f 2451/6400/2588 2469/6454/2588 2470/6458/2588 2450/6398/2588
f 2469/6455/2589 2451/6401/2589 2452/6404/2589 2468/6452/2589
f 2463/6437/2590 2459/6425/2590 2460/6428/2590 2466/6446/2590
f 2464/6439/2591 2458/6421/2591 2449/6394/2591 2467/6448/2591
f 2472/6463/2592 2453/6406/2592 2454/6410/2592 2471/6461/2592
f 2467/6449/2593 2449/6395/2593 2453/6407/2593 2472/6464/2593
f 2462/6434/2594 2457/6419/2594 2458/6422/2594 2464/6440/2594
f 2474/6468/2598 2475/6471/2597 2476/6474/2596 2473/6465/2595
f 2478/6480/2599 2475/6471/2597 2474/6468/2598 2477/6477/2599
f 2480/6486/2602 2481/6489/2555 2482/6492/2601 2479/6483/2600
f 2484/6498/2603 2481/6489/2555 2480/6486/2602 2483/6495/2603
f 2476/6474/2596 2475/6471/2597 2482/6492/2601 2481/6489/2555
f 2480/6487/2604 2479/6484/2604 2486/6504/2604 2485/6501/2604
f 2561/6697/2608 2559/6691/2607 2535/6629/2606 2537/6633/2605
f 2566/6712/2611 2563/6703/2609 2539/6637/2610 2542/6643/2609
f 2550/6664/2615 2546/6652/2614 2486/6503/2613 2490/6511/2612
f 2555/6680/2619 2552/6670/2618 2492/6515/2617 2495/6521/2616
f 2567/6715/2623 2568/6718/2622 2544/6647/2621 2543/6645/2620
f 2487/6505/2624 2489/6509/2624 2484/6499/2624 2483/6496/2624
f 2495/6521/2625 2492/6515/2625 2477/6478/2625 2474/6469/2625
f 2480/6488/2626 2485/6502/2626 2487/6506/2626 2483/6497/2626
f 2493/6518/2587 2476/6475/2587 2481/6490/2587 2488/6508/2587
f 2495/6522/2588 2474/6470/2588 2473/6466/2588 2496/6523/2588
f 2476/6476/2627 2493/6517/2627 2496/6524/2627 2473/6467/2627
f 2484/6500/2628 2489/6510/2628 2488/6507/2628 2481/6491/2628
f 2475/6472/2591 2494/6520/2591 2490/6512/2591 2482/6493/2591
f 2477/6479/2629 2492/6516/2629 2491/6514/2629 2478/6481/2629
f 2478/6482/2630 2491/6513/2630 2494/6519/2630 2475/6473/2630
f 2482/6494/2631 2490/6511/2631 2486/6503/2631 2479/6485/2631
f 2500/6533/2632 2499/6530/2632 2498/6527/2632 2497/6525/2632
f 2497/6526/2633 2498/6528/2633 2502/6537/2633 2501/6535/2633
f 2501/6536/2634 2502/6538/2634 2504/6542/2634 2503/6540/2634
f 2503/6541/2635 2504/6543/2635 2499/6531/2635 2500/6534/2635
f 2499/6532/2636 2504/6544/2636 2502/6539/2636 2498/6529/2636
f 2508/6553/2637 2507/6551/2637 2506/6548/2637 2505/6545/2637
f 2507/6552/2638 2510/6558/2638 2509/6555/2638 2506/6549/2638
f 2510/6559/2639 2512/6563/2639 2511/6560/2639 2509/6556/2639
f 2512/6564/2591 2508/6554/2591 2505/6546/2591 2511/6561/2591
f 2505/6547/2640 2506/6550/2640 2509/6557/2640 2511/6562/2640
f 2516/6574/2641 2515/6571/2641 2514/6568/2641 2513/6565/2641
f 2513/6566/2642 2514/6569/2642 2518/6580/2642 2517/6577/2642
f 2517/6578/2643 2518/6581/2643 2520/6586/2643 2519/6583/2643
f 2519/6584/2644 2520/6587/2644 2515/6572/2644 2516/6575/2644
f 2515/6573/2645 2520/6588/2645 2518/6582/2645 2514/6570/2645
f 2519/6585/2646 2516/6576/2646 2513/6567/2646 2517/6579/2646
f 2524/6598/2650 2523/6595/2649 2522/6592/2648 2521/6589/2647
f 2522/6592/2648 2523/6595/2649 2526/6604/2651 2525/6601/2651
f 2530/6616/2655 2529/6613/2654 2528/6610/2653 2527/6607/2652
f 2528/6610/2653 2529/6613/2654 2532/6622/2656 2531/6619/2656
f 2530/6616/2655 2523/6595/2649 2524/6598/2650 2529/6613/2654
f 2534/6627/2624 2527/6608/2624 2528/6611/2624 2533/6625/2624
f 2547/6655/2660 2549/6661/2659 2489/6509/2658 2487/6505/2657
f 2565/6709/2664 2560/6694/2663 2536/6631/2662 2541/6641/2661
f 2559/6693/2607 2557/6686/2666 2533/6626/2665 2535/6630/2606
f 2556/6682/2668 2555/6679/2619 2495/6522/2616 2496/6523/2667
f 2557/6685/2666 2558/6688/2670 2534/6627/2669 2533/6625/2665
f 2532/6623/2604 2537/6633/2604 2535/6629/2604 2531/6620/2604
f 2525/6602/2671 2540/6639/2671 2543/6646/2671 2522/6593/2671
f 2535/6630/2672 2533/6626/2672 2528/6612/2672 2531/6621/2672
f 2529/6614/2591 2524/6599/2591 2541/6641/2591 2536/6631/2591
f 2521/6590/2673 2522/6594/2673 2543/6645/2673 2544/6647/2673
f 2544/6648/2674 2541/6642/2674 2524/6600/2674 2521/6591/2674
f 2536/6632/2675 2537/6634/2675 2532/6624/2675 2529/6615/2675
f 2538/6636/2676 2542/6644/2676 2523/6596/2676 2530/6617/2676
f 2539/6638/2677 2540/6640/2677 2525/6603/2677 2526/6605/2677
f 2542/6643/2678 2539/6637/2678 2526/6606/2678 2523/6597/2678
f 2534/6628/2679 2538/6635/2679 2530/6618/2679 2527/6609/2679
f 2577/6737/118 2580/6743/118 2556/6683/118 2553/6673/118
f 2585/6753/120 2583/6750/120 2559/6692/120 2561/6698/120
f 2574/6731/118 2570/6723/118 2546/6652/118 2550/6664/118
f 2588/6759/118 2591/6765/118 2567/6717/118 2564/6706/118
f 2571/6725/119 2573/6729/119 2549/6662/119 2547/6656/119
f 2590/6763/118 2587/6757/120 2563/6703/120 2566/6712/118
f 2579/6741/118 2576/6735/118 2552/6670/118 2555/6680/118
f 2583/6749/120 2581/6745/120 2557/6686/120 2559/6693/120
f 2591/6766/118 2592/6767/118 2568/6719/118 2567/6716/118
f 2575/6733/120 2578/6739/118 2554/6676/118 2551/6667/120
f 2560/6696/2663 2561/6699/2608 2537/6634/2605 2536/6632/2662
f 2549/6663/2659 2548/6660/2681 2488/6507/2680 2489/6510/2658
f 2553/6673/2683 2556/6683/2668 2496/6524/2667 2493/6517/2682
f 2551/6667/2687 2554/6676/2686 2494/6519/2685 2491/6513/2684
f 2558/6689/2670 2562/6701/2689 2538/6635/2688 2534/6628/2669
f 2552/6671/2618 2551/6668/2687 2491/6514/2684 2492/6516/2617
f 2562/6700/2689 2566/6713/2611 2542/6644/2609 2538/6636/2688
f 2564/6706/2691 2567/6717/2623 2543/6646/2620 2540/6639/2690
f 2546/6653/2614 2545/6649/2693 2485/6501/2692 2486/6504/2613
f 2563/6704/2609 2564/6707/2691 2540/6640/2690 2539/6638/2610
f 2554/6677/2686 2550/6665/2615 2490/6512/2612 2494/6520/2685
f 2568/6720/2622 2565/6710/2664 2541/6642/2661 2544/6648/2621
f 2545/6651/2693 2547/6657/2660 2487/6506/2657 2485/6502/2692
f 2548/6658/2681 2553/6674/2683 2493/6518/2682 2488/6508/2680
f 2569/6721/2696 2572/6727/2695 2573/6729/2694 2571/6725/2694
f 2574/6732/2698 2572/6727/2695 2569/6721/2696 2570/6724/2697
f 2576/6736/2702 2577/6738/2701 2578/6740/2700 2575/6734/2699
f 2580/6744/2703 2577/6738/2701 2576/6736/2702 2579/6742/2703
f 2577/6738/2701 2572/6727/2695 2574/6732/2698 2578/6740/2700
f 2585/6753/2704 2584/6751/2706 2581/6746/2705 2583/6750/2704
f 2581/6746/2705 2584/6751/2706 2586/6756/2708 2582/6748/2707
f 2590/6764/2712 2589/6762/2711 2588/6760/2710 2587/6758/2709
f 2588/6760/2710 2589/6762/2711 2592/6767/2713 2591/6766/2713
f 2586/6756/2708 2584/6751/2706 2589/6762/2711 2590/6764/2712
f 2576/6736/118 2575/6734/120 2551/6669/120 2552/6672/118
f 2582/6747/118 2586/6755/118 2562/6701/118 2558/6689/118
f 2572/6727/275 2577/6738/118 2553/6675/118 2548/6659/275
f 2592/6768/118 2589/6761/124 2565/6710/124 2568/6720/118
f 2587/6758/120 2588/6760/118 2564/6708/118 2563/6705/120
f 2573/6730/119 2572/6728/275 2548/6660/275 2549/6663/119
f 2589/6762/124 2584/6751/1054 2560/6695/1054 2565/6711/124
f 2570/6724/118 2569/6721/120 2545/6650/120 2546/6654/118
f 2578/6740/118 2574/6732/118 2550/6666/118 2554/6678/118
f 2584/6752/1054 2585/6754/120 2561/6699/120 2560/6696/1054
f 2580/6744/118 2579/6742/118 2555/6681/118 2556/6684/118
f 2569/6722/120 2571/6726/119 2547/6657/119 2545/6651/120
f 2581/6746/120 2582/6748/118 2558/6690/118 2557/6687/120
f 2586/6756/118 2590/6764/118 2566/6714/118 2562/6702/118
f 2596/6778/2717 2595/6775/2716 2594/6772/2715 2593/6769/2714
f 2598/6784/2718 2597/6781/2718 2593/6769/2714 2594/6772/2715
f 2602/6796/2721 2601/6793/2720 2600/6790/2720 2599/6787/2719
f 2599/6787/2719 2604/6802/2723 2603/6799/2722 2602/6796/2721
f 2593/6769/2714 2602/6796/2721 2603/6799/2722 2596/6778/2717
f 2606/6808/2724 2605/6805/2724 2600/6791/2724 2601/6794/2724
f 2605/6806/2728 2606/6809/2727 2608/6814/2726 2607/6811/2725
f 2607/6811/2725 2610/6820/2729 2609/6817/2729 2605/6806/2728
f 2614/6832/2733 2613/6829/2732 2612/6826/2731 2611/6823/2730
f 2611/6823/2730 2616/6838/2734 2615/6835/2734 2614/6832/2733
f 2611/6823/2730 2612/6826/2731 2607/6811/2725 2608/6814/2726
f 2604/6803/2735 2599/6788/2735 2609/6818/2735 2610/6821/2735
f 2598/6785/2736 2594/6773/2736 2614/6833/2736 2615/6836/2736
f 2609/6819/2737 2599/6789/2737 2600/6792/2737 2605/6807/2737
f 2603/6800/2738 2607/6812/2738 2612/6827/2738 2596/6779/2738
f 2595/6776/2739 2613/6830/2739 2614/6834/2739 2594/6774/2739
f 2613/6831/2740 2595/6777/2740 2596/6780/2740 2612/6828/2740
f 2607/6813/2741 2603/6801/2741 2604/6804/2741 2610/6822/2741
f 2608/6815/2742 2602/6797/2742 2593/6770/2742 2611/6824/2742
f 2616/6839/2743 2597/6782/2743 2598/6786/2743 2615/6837/2743
f 2611/6825/2744 2593/6771/2744 2597/6783/2744 2616/6840/2744
f 2606/6810/2745 2601/6795/2745 2602/6798/2745 2608/6816/2745
f 2618/6844/2749 2619/6847/2748 2620/6850/2747 2617/6841/2746
f 2622/6856/2750 2619/6847/2748 2618/6844/2749 2621/6853/2750
f 2624/6862/2754 2625/6865/2753 2626/6868/2752 2623/6859/2751
f 2628/6874/2755 2625/6865/2753 2624/6862/2754 2627/6871/2755
f 2620/6850/2747 2619/6847/2748 2626/6868/2752 2625/6865/2753
f 2624/6863/2756 2623/6860/2756 2630/6880/2756 2629/6877/2756
f 2705/7073/2760 2703/7067/2759 2679/7005/2758 2681/7009/2757
f 2710/7088/2764 2707/7079/2763 2683/7013/2762 2686/7019/2761
f 2694/7040/2768 2690/7028/2767 2630/6879/2766 2634/6887/2765
f 2699/7056/2772 2696/7046/2771 2636/6891/2770 2639/6897/2769
f 2711/7091/2776 2712/7094/2775 2688/7023/2774 2687/7021/2773
f 2631/6881/2735 2633/6885/2735 2628/6875/2735 2627/6872/2735
f 2639/6897/2777 2636/6891/2777 2621/6854/2777 2618/6845/2777
f 2624/6864/2778 2629/6878/2778 2631/6882/2778 2627/6873/2778
f 2637/6894/2779 2620/6851/2779 2625/6866/2779 2632/6884/2779
f 2639/6898/2739 2618/6846/2739 2617/6842/2739 2640/6899/2739
f 2620/6852/2780 2637/6893/2780 2640/6900/2780 2617/6843/2780
f 2628/6876/2781 2633/6886/2781 2632/6883/2781 2625/6867/2781
f 2619/6848/2782 2638/6896/2782 2634/6888/2782 2626/6869/2782
f 2621/6855/2783 2636/6892/2783 2635/6890/2783 2622/6857/2783
f 2622/6858/2784 2635/6889/2784 2638/6895/2784 2619/6849/2784
f 2626/6870/2785 2634/6887/2785 2630/6879/2785 2623/6861/2785
f 2644/6909/2786 2643/6906/2786 2642/6903/2786 2641/6901/2786
f 2641/6902/2787 2642/6904/2787 2646/6913/2787 2645/6911/2787
f 2645/6912/2788 2646/6914/2788 2648/6918/2788 2647/6916/2788
f 2647/6917/2789 2648/6919/2789 2643/6907/2789 2644/6910/2789
f 2643/6908/2790 2648/6920/2790 2646/6915/2790 2642/6905/2790
f 2652/6929/2791 2651/6927/2791 2650/6924/2791 2649/6921/2791
f 2651/6928/2792 2654/6934/2792 2653/6931/2792 2650/6925/2792
f 2654/6935/2793 2656/6939/2793 2655/6936/2793 2653/6932/2793
f 2656/6940/2794 2652/6930/2794 2649/6922/2794 2655/6937/2794
f 2649/6923/2795 2650/6926/2795 2653/6933/2795 2655/6938/2795
f 2660/6950/2796 2659/6947/2796 2658/6944/2796 2657/6941/2796
f 2657/6942/2797 2658/6945/2797 2662/6956/2797 2661/6953/2797
f 2661/6954/2798 2662/6957/2798 2664/6962/2798 2663/6959/2798
f 2663/6960/2799 2664/6963/2799 2659/6948/2799 2660/6951/2799
f 2659/6949/2800 2664/6964/2800 2662/6958/2800 2658/6946/2800
f 2663/6961/2801 2660/6952/2801 2657/6943/2801 2661/6955/2801
f 2668/6974/2804 2667/6971/2658 2666/6968/2803 2665/6965/2802
f 2666/6968/2803 2667/6971/2658 2670/6980/2805 2669/6977/2805
f 2674/6992/2809 2673/6989/2808 2672/6986/2807 2671/6983/2806
f 2672/6986/2807 2673/6989/2808 2676/6998/2810 2675/6995/2810
f 2674/6992/2809 2667/6971/2658 2668/6974/2804 2673/6989/2808
f 2678/7003/2811 2671/6984/2811 2672/6987/2811 2677/7001/2811
f 2691/7031/2815 2693/7037/2814 2633/6885/2813 2631/6881/2812
f 2709/7085/2819 2704/7070/2818 2680/7007/2817 2685/7017/2816
f 2703/7069/2759 2701/7062/2821 2677/7002/2820 2679/7006/2758
f 2700/7058/2823 2699/7055/2772 2639/6898/2769 2640/6899/2822
f 2701/7061/2821 2702/7064/2825 2678/7003/2824 2677/7001/2820
f 2676/6999/2756 2681/7009/2756 2679/7005/2756 2675/6996/2756
f 2669/6978/2826 2684/7015/2826 2687/7022/2826 2666/6969/2826
f 2679/7006/2827 2677/7002/2827 2672/6988/2827 2675/6997/2827
f 2673/6990/2828 2668/6975/2828 2685/7017/2828 2680/7007/2828
f 2665/6966/2829 2666/6970/2829 2687/7021/2829 2688/7023/2829
f 2688/7024/2830 2685/7018/2830 2668/6976/2830 2665/6967/2830
f 2680/7008/2831 2681/7010/2831 2676/7000/2831 2673/6991/2831
f 2682/7012/2779 2686/7020/2779 2667/6972/2779 2674/6993/2779
f 2683/7014/2832 2684/7016/2832 2669/6979/2832 2670/6981/2832
f 2686/7019/2833 2683/7013/2833 2670/6982/2833 2667/6973/2833
f 2678/7004/2834 2682/7011/2834 2674/6994/2834 2671/6985/2834
f 2721/7113/118 2724/7119/118 2700/7059/118 2697/7049/118
f 2729/7129/118 2727/7126/118 2703/7068/118 2705/7074/118
f 2718/7107/118 2714/7099/118 2690/7028/118 2694/7040/118
f 2732/7135/118 2735/7141/118 2711/7093/118 2708/7082/118
f 2715/7101/118 2717/7105/118 2693/7038/118 2691/7032/118
f 2734/7139/118 2731/7133/120 2707/7079/119 2710/7088/118
f 2723/7117/118 2720/7111/118 2696/7046/118 2699/7056/118
f 2727/7125/118 2725/7121/119 2701/7062/119 2703/7069/118
f 2735/7142/118 2736/7143/118 2712/7095/118 2711/7092/118
f 2719/7109/124 2722/7115/118 2698/7052/118 2695/7043/124
f 2704/7072/2818 2705/7075/2760 2681/7010/2757 2680/7008/2817
f 2693/7039/2814 2692/7036/2836 2632/6883/2835 2633/6886/2813
f 2697/7049/2838 2700/7059/2823 2640/6900/2822 2637/6893/2837
f 2695/7043/2842 2698/7052/2841 2638/6895/2840 2635/6889/2839
f 2702/7065/2825 2706/7077/2844 2682/7011/2843 2678/7004/2824
f 2696/7047/2771 2695/7044/2842 2635/6890/2839 2636/6892/2770
f 2706/7076/2844 2710/7089/2764 2686/7020/2761 2682/7012/2843
f 2708/7082/2846 2711/7093/2776 2687/7022/2773 2684/7015/2845
f 2690/7029/2767 2689/7025/2848 2629/6877/2847 2630/6880/2766
f 2707/7080/2763 2708/7083/2846 2684/7016/2845 2683/7014/2762
f 2698/7053/2841 2694/7041/2768 2634/6888/2765 2638/6896/2840
f 2712/7096/2775 2709/7086/2819 2685/7018/2816 2688/7024/2774
f 2689/7027/2848 2691/7033/2815 2631/6882/2812 2629/6878/2847
f 2692/7034/2836 2697/7050/2838 2637/6894/2837 2632/6884/2835
f 2713/7097/2851 2716/7103/2850 2717/7105/2849 2715/7101/2849
f 2718/7108/2853 2716/7103/2850 2713/7097/2851 2714/7100/2852
f 2720/7112/2857 2721/7114/2856 2722/7116/2855 2719/7110/2854
f 2724/7120/2858 2721/7114/2856 2720/7112/2857 2723/7118/2858
f 2721/7114/2856 2716/7103/2850 2718/7108/2853 2722/7116/2855
f 2729/7129/2859 2728/7127/2861 2725/7122/2860 2727/7126/2859
f 2725/7122/2860 2728/7127/2861 2730/7132/2863 2726/7124/2862
f 2734/7140/2867 2733/7138/2866 2732/7136/2865 2731/7134/2864
f 2732/7136/2865 2733/7138/2866 2736/7143/2868 2735/7142/2868
f 2730/7132/2863 2728/7127/2861 2733/7138/2866 2734/7140/2867
f 2720/7112/118 2719/7110/124 2695/7045/124 2696/7048/118
f 2726/7123/118 2730/7131/120 2706/7077/120 2702/7065/118
f 2716/7103/118 2721/7114/118 2697/7051/118 2692/7035/118
f 2736/7144/118 2733/7137/118 2709/7086/118 2712/7096/118
f 2731/7134/120 2732/7136/118 2708/7084/118 2707/7081/119
f 2717/7106/118 2716/7104/118 2692/7036/118 2693/7039/118
f 2733/7138/118 2728/7127/118 2704/7071/118 2709/7087/118
f 2714/7100/118 2713/7097/118 2689/7026/118 2690/7030/118
f 2722/7116/118 2718/7108/118 2694/7042/118 2698/7054/118
f 2728/7128/118 2729/7130/118 2705/7075/118 2704/7072/118
f 2724/7120/118 2723/7118/118 2699/7057/118 2700/7060/118
f 2713/7098/118 2715/7102/118 2691/7033/118 2689/7027/118
f 2725/7122/119 2726/7124/118 2702/7066/118 2701/7063/119
f 2730/7132/120 2734/7140/118 2710/7090/118 2706/7078/120
f 2740/7154/2872 2739/7151/2871 2738/7148/2870 2737/7145/2869
f 2742/7160/2873 2741/7157/2873 2737/7145/2869 2738/7148/2870
f 2746/7172/2876 2745/7169/2875 2744/7166/2875 2743/7163/2874
f 2743/7163/2874 2748/7178/2878 2747/7175/2877 2746/7172/2876
f 2737/7145/2869 2746/7172/2876 2747/7175/2877 2740/7154/2872
f 2750/7184/2879 2749/7181/2879 2744/7167/2879 2745/7170/2879
f 2749/7182/2883 2750/7185/2882 2752/7190/2881 2751/7187/2880
f 2751/7187/2880 2754/7196/2884 2753/7193/2884 2749/7182/2883
f 2758/7208/2888 2757/7205/2887 2756/7202/2886 2755/7199/2885
f 2755/7199/2885 2760/7214/2889 2759/7211/2889 2758/7208/2888
f 2755/7199/2885 2756/7202/2886 2751/7187/2880 2752/7190/2881
f 2748/7179/2890 2743/7164/2890 2753/7194/2890 2754/7197/2890
f 2742/7161/2891 2738/7149/2891 2758/7209/2891 2759/7212/2891
f 2753/7195/2892 2743/7165/2892 2744/7168/2892 2749/7183/2892
f 2747/7176/2893 2751/7188/2893 2756/7203/2893 2740/7155/2893
f 2739/7152/2894 2757/7206/2894 2758/7210/2894 2738/7150/2894
f 2757/7207/2895 2739/7153/2895 2740/7156/2895 2756/7204/2895
f 2751/7189/2896 2747/7177/2896 2748/7180/2896 2754/7198/2896
f 2752/7191/2897 2746/7173/2897 2737/7146/2897 2755/7200/2897
f 2760/7215/2898 2741/7158/2898 2742/7162/2898 2759/7213/2898
f 2755/7201/2899 2737/7147/2899 2741/7159/2899 2760/7216/2899
f 2750/7186/2900 2745/7171/2900 2746/7174/2900 2752/7192/2900
f 2762/7220/2904 2763/7223/2903 2764/7226/2902 2761/7217/2901
f 2766/7232/2905 2763/7223/2903 2762/7220/2904 2765/7229/2905
f 2768/7238/2908 2769/7241/2861 2770/7244/2907 2767/7235/2906
f 2772/7250/2859 2769/7241/2861 2768/7238/2908 2771/7247/2859
f 2764/7226/2902 2763/7223/2903 2770/7244/2907 2769/7241/2861
f 2768/7239/2909 2767/7236/2909 2774/7256/2909 2773/7253/2909
f 2849/7449/2913 2847/7443/2912 2823/7381/2911 2825/7385/2910
f 2854/7464/2917 2851/7455/2916 2827/7389/2915 2830/7395/2914
f 2838/7416/2921 2834/7404/2920 2774/7255/2919 2778/7263/2918
f 2843/7432/2925 2840/7422/2924 2780/7267/2923 2783/7273/2922
f 2855/7467/2929 2856/7470/2928 2832/7399/2927 2831/7397/2926
f 2775/7257/2930 2777/7261/2930 2772/7251/2930 2771/7248/2930
f 2783/7273/2931 2780/7267/2931 2765/7230/2931 2762/7221/2931
f 2768/7240/2932 2773/7254/2932 2775/7258/2932 2771/7249/2932
f 2781/7270/2893 2764/7227/2893 2769/7242/2893 2776/7260/2893
f 2783/7274/2933 2762/7222/2933 2761/7218/2933 2784/7275/2933
f 2764/7228/2934 2781/7269/2934 2784/7276/2934 2761/7219/2934
f 2772/7252/2935 2777/7262/2935 2776/7259/2935 2769/7243/2935
f 2763/7224/2897 2782/7272/2897 2778/7264/2897 2770/7245/2897
f 2765/7231/2936 2780/7268/2936 2779/7266/2936 2766/7233/2936
f 2766/7234/2937 2779/7265/2937 2782/7271/2937 2763/7225/2937
f 2770/7246/2938 2778/7263/2938 2774/7255/2938 2767/7237/2938
f 2788/7285/2939 2787/7282/2939 2786/7279/2939 2785/7277/2939
f 2785/7278/2940 2786/7280/2940 2790/7289/2940 2789/7287/2940
f 2789/7288/2941 2790/7290/2941 2792/7294/2941 2791/7292/2941
f 2791/7293/2942 2792/7295/2942 2787/7283/2942 2788/7286/2942
f 2787/7284/2943 2792/7296/2943 2790/7291/2943 2786/7281/2943
f 2796/7305/2944 2795/7303/2944 2794/7300/2944 2793/7297/2944
f 2795/7304/2945 2798/7310/2945 2797/7307/2945 2794/7301/2945
f 2798/7311/2946 2800/7315/2946 2799/7312/2946 2797/7308/2946
f 2800/7316/2947 2796/7306/2947 2793/7298/2947 2799/7313/2947
f 2793/7299/2948 2794/7302/2948 2797/7309/2948 2799/7314/2948
f 2804/7326/2949 2803/7323/2949 2802/7320/2949 2801/7317/2949
f 2801/7318/2950 2802/7321/2950 2806/7332/2950 2805/7329/2950
f 2805/7330/2951 2806/7333/2951 2808/7338/2951 2807/7335/2951
f 2807/7336/2952 2808/7339/2952 2803/7324/2952 2804/7327/2952
f 2803/7325/2953 2808/7340/2953 2806/7334/2953 2802/7322/2953
f 2807/7337/2954 2804/7328/2954 2801/7319/2954 2805/7331/2954
f 2812/7350/2958 2811/7347/2957 2810/7344/2956 2809/7341/2955
f 2810/7344/2956 2811/7347/2957 2814/7356/2959 2813/7353/2959
f 2818/7368/2963 2817/7365/2962 2816/7362/2961 2815/7359/2960
f 2816/7362/2961 2817/7365/2962 2820/7374/2964 2819/7371/2964
f 2818/7368/2963 2811/7347/2957 2812/7350/2958 2817/7365/2962
f 2822/7379/2930 2815/7360/2930 2816/7363/2930 2821/7377/2930
f 2835/7407/2968 2837/7413/2967 2777/7261/2966 2775/7257/2965
f 2853/7461/2972 2848/7446/2971 2824/7383/2970 2829/7393/2969
f 2847/7445/2912 2845/7438/2974 2821/7378/2973 2823/7382/2911
f 2844/7434/2976 2843/7431/2925 2783/7274/2922 2784/7275/2975
f 2845/7437/2974 2846/7440/2978 2822/7379/2977 2821/7377/2973
f 2820/7375/2909 2825/7385/2909 2823/7381/2909 2819/7372/2909
f 2813/7354/2979 2828/7391/2979 2831/7398/2979 2810/7345/2979
f 2823/7382/2980 2821/7378/2980 2816/7364/2980 2819/7373/2980
f 2817/7366/2897 2812/7351/2897 2829/7393/2897 2824/7383/2897
f 2809/7342/2981 2810/7346/2981 2831/7397/2981 2832/7399/2981
f 2832/7400/2982 2829/7394/2982 2812/7352/2982 2809/7343/2982
f 2824/7384/2983 2825/7386/2983 2820/7376/2983 2817/7367/2983
f 2826/7388/2984 2830/7396/2984 2811/7348/2984 2818/7369/2984
f 2827/7390/2985 2828/7392/2985 2813/7355/2985 2814/7357/2985
f 2830/7395/2986 2827/7389/2986 2814/7358/2986 2811/7349/2986
f 2822/7380/2987 2826/7387/2987 2818/7370/2987 2815/7361/2987
f 2865/7489/121 2868/7495/119 2844/7435/119 2841/7425/121
f 2873/7505/119 2871/7502/120 2847/7444/120 2849/7450/119
f 2862/7483/118 2858/7475/118 2834/7404/118 2838/7416/118
f 2876/7511/118 2879/7517/118 2855/7469/118 2852/7458/118
f 2859/7477/118 2861/7481/118 2837/7414/118 2835/7408/118
f 2878/7515/118 2875/7509/118 2851/7455/118 2854/7464/118
f 2867/7493/119 2864/7487/118 2840/7422/118 2843/7432/119
f 2871/7501/120 2869/7497/118 2845/7438/118 2847/7445/120
f 2879/7518/118 2880/7519/118 2856/7471/118 2855/7468/118
f 2863/7485/118 2866/7491/118 2842/7428/118 2839/7419/118
f 2848/7448/2971 2849/7451/2913 2825/7386/2910 2824/7384/2970
f 2837/7415/2967 2836/7412/2989 2776/7259/2988 2777/7262/2966
f 2841/7425/2991 2844/7435/2976 2784/7276/2975 2781/7269/2990
f 2839/7419/2995 2842/7428/2994 2782/7271/2993 2779/7265/2992
f 2846/7441/2978 2850/7453/2977 2826/7387/2996 2822/7380/2977
f 2840/7423/2924 2839/7420/2995 2779/7266/2992 2780/7268/2923
f 2850/7452/2977 2854/7465/2917 2830/7396/2914 2826/7388/2996
f 2852/7458/2998 2855/7469/2929 2831/7398/2926 2828/7391/2997
f 2834/7405/2920 2833/7401/3000 2773/7253/2999 2774/7256/2919
f 2851/7456/2916 2852/7459/2998 2828/7392/2997 2827/7390/2915
f 2842/7429/2994 2838/7417/2921 2778/7264/2918 2782/7272/2993
f 2856/7472/2928 2853/7462/2972 2829/7394/2969 2832/7400/2927
f 2833/7403/3000 2835/7409/2968 2775/7258/2965 2773/7254/2999
f 2836/7410/2989 2841/7426/2991 2781/7270/2990 2776/7260/2988
f 2857/7473/3003 2860/7479/3002 2861/7481/3001 2859/7477/3001
f 2862/7484/3005 2860/7479/3002 2857/7473/3003 2858/7476/3004
f 2864/7488/3009 2865/7490/3008 2866/7492/3007 2863/7486/3006
f 2868/7496/3010 2865/7490/3008 2864/7488/3009 2867/7494/3010
f 2865/7490/3008 2860/7479/3002 2862/7484/3005 2866/7492/3007
f 2873/7505/3011 2872/7503/3013 2869/7498/3012 2871/7502/3011
f 2869/7498/3012 2872/7503/3013 2874/7508/3015 2870/7500/3014
f 2878/7516/3019 2877/7514/3018 2876/7512/3017 2875/7510/3016
f 2876/7512/3017 2877/7514/3018 2880/7519/3020 2879/7518/3020
f 2874/7508/3015 2872/7503/3013 2877/7514/3018 2878/7516/3019
f 2864/7488/118 2863/7486/118 2839/7421/118 2840/7424/118
f 2870/7499/118 2874/7507/118 2850/7453/118 2846/7441/118
f 2860/7479/124 2865/7490/121 2841/7427/121 2836/7411/124
f 2880/7520/118 2877/7513/118 2853/7462/118 2856/7472/118
f 2875/7510/118 2876/7512/118 2852/7460/118 2851/7457/118
f 2861/7482/118 2860/7480/124 2836/7412/124 2837/7415/118
f 2877/7514/118 2872/7503/118 2848/7447/118 2853/7463/118
f 2858/7476/118 2857/7473/118 2833/7402/118 2834/7406/118
f 2866/7492/118 2862/7484/118 2838/7418/118 2842/7430/118
f 2872/7504/118 2873/7506/119 2849/7451/119 2848/7448/118
f 2868/7496/119 2867/7494/119 2843/7433/119 2844/7436/119
f 2857/7474/118 2859/7478/118 2835/7409/118 2833/7403/118
f 2869/7498/118 2870/7500/118 2846/7442/118 2845/7439/118
f 2874/7508/118 2878/7516/118 2854/7466/118 2850/7454/118
f 2884/7530/3024 2883/7527/3023 2882/7524/3022 2881/7521/3021
f 2886/7536/3025 2885/7533/3025 2881/7521/3021 2882/7524/3022
f 2890/7548/3028 2889/7545/3027 2888/7542/3027 2887/7539/3026
f 2887/7539/3026 2892/7554/3030 2891/7551/3029 2890/7548/3028
f 2881/7521/3021 2890/7548/3028 2891/7551/3029 2884/7530/3024
f 2894/7560/3031 2893/7557/3031 2888/7543/3031 2889/7546/3031
f 2893/7558/3035 2894/7561/3034 2896/7566/3033 2895/7563/3032
f 2895/7563/3032 2898/7572/3036 2897/7569/3036 2893/7558/3035
f 2902/7584/3040 2901/7581/3039 2900/7578/3038 2899/7575/3037
f 2899/7575/3037 2904/7590/3041 2903/7587/3041 2902/7584/3040
f 2899/7575/3037 2900/7578/3038 2895/7563/3032 2896/7566/3033
f 2892/7555/3042 2887/7540/3042 2897/7570/3042 2898/7573/3042
f 2886/7537/3043 2882/7525/3043 2902/7585/3043 2903/7588/3043
f 2897/7571/3044 2887/7541/3044 2888/7544/3044 2893/7559/3044
f 2891/7552/3045 2895/7564/3045 2900/7579/3045 2884/7531/3045
f 2883/7528/3046 2901/7582/3046 2902/7586/3046 2882/7526/3046
f 2901/7583/3047 2883/7529/3047 2884/7532/3047 2900/7580/3047
f 2895/7565/3048 2891/7553/3048 2892/7556/3048 2898/7574/3048
f 2896/7567/3049 2890/7549/3049 2881/7522/3049 2899/7576/3049
f 2904/7591/3050 2885/7534/3050 2886/7538/3050 2903/7589/3050
f 2899/7577/3051 2881/7523/3051 2885/7535/3051 2904/7592/3051
f 2894/7562/3052 2889/7547/3052 2890/7550/3052 2896/7568/3052
f 2906/7596/3056 2907/7599/3055 2908/7602/3054 2905/7593/3053
f 2910/7608/3057 2907/7599/3055 2906/7596/3056 2909/7605/3057
f 2912/7614/3061 2913/7617/3060 2914/7620/3059 2911/7611/3058
f 2916/7626/3062 2913/7617/3060 2912/7614/3061 2915/7623/3062
f 2908/7602/3054 2907/7599/3055 2914/7620/3059 2913/7617/3060
f 2912/7615/3063 2911/7612/3063 2918/7632/3063 2917/7629/3063
f 2993/7825/3067 2991/7819/3066 2967/7757/3065 2969/7761/3064
f 2998/7840/3071 2995/7831/3070 2971/7765/3069 2974/7771/3068
f 2982/7792/3075 2978/7780/3074 2918/7631/3073 2922/7639/3072
f 2987/7808/3079 2984/7798/3078 2924/7643/3077 2927/7649/3076
f 2999/7843/3083 3000/7846/3082 2976/7775/3081 2975/7773/3080
f 2919/7633/3084 2921/7637/3084 2916/7627/3084 2915/7624/3084
f 2927/7649/3085 2924/7643/3085 2909/7606/3085 2906/7597/3085
f 2912/7616/3086 2917/7630/3086 2919/7634/3086 2915/7625/3086
f 2925/7646/3087 2908/7603/3087 2913/7618/3087 2920/7636/3087
f 2927/7650/3088 2906/7598/3088 2905/7594/3088 2928/7651/3088
f 2908/7604/3089 2925/7645/3089 2928/7652/3089 2905/7595/3089
f 2916/7628/3090 2921/7638/3090 2920/7635/3090 2913/7619/3090
f 2907/7600/3091 2926/7648/3091 2922/7640/3091 2914/7621/3091
f 2909/7607/3050 2924/7644/3050 2923/7642/3050 2910/7609/3050
f 2910/7610/3092 2923/7641/3092 2926/7647/3092 2907/7601/3092
f 2914/7622/3093 2922/7639/3093 2918/7631/3093 2911/7613/3093
f 2932/7661/3094 2931/7658/3094 2930/7655/3094 2929/7653/3094
f 2929/7654/3095 2930/7656/3095 2934/7665/3095 2933/7663/3095
f 2933/7664/3096 2934/7666/3096 2936/7670/3096 2935/7668/3096
f 2935/7669/3097 2936/7671/3097 2931/7659/3097 2932/7662/3097
f 2931/7660/3098 2936/7672/3098 2934/7667/3098 2930/7657/3098
f 2940/7681/3099 2939/7679/3099 2938/7676/3099 2937/7673/3099
f 2939/7680/3100 2942/7686/3100 2941/7683/3100 2938/7677/3100
f 2942/7687/3101 2944/7691/3101 2943/7688/3101 2941/7684/3101
f 2944/7692/3102 2940/7682/3102 2937/7674/3102 2943/7689/3102
f 2937/7675/3103 2938/7678/3103 2941/7685/3103 2943/7690/3103
f 2948/7702/3104 2947/7699/3104 2946/7696/3104 2945/7693/3104
f 2945/7694/3105 2946/7697/3105 2950/7708/3105 2949/7705/3105
f 2949/7706/3106 2950/7709/3106 2952/7714/3106 2951/7711/3106
f 2951/7712/3107 2952/7715/3107 2947/7700/3107 2948/7703/3107
f 2947/7701/3108 2952/7716/3108 2950/7710/3108 2946/7698/3108
f 2951/7713/3109 2948/7704/3109 2945/7695/3109 2949/7707/3109
f 2956/7726/3113 2955/7723/3112 2954/7720/3111 2953/7717/3110
f 2954/7720/3111 2955/7723/3112 2958/7732/3114 2957/7729/3114
f 2962/7744/3117 2961/7741/3002 2960/7738/3116 2959/7735/3115
f 2960/7738/3116 2961/7741/3002 2964/7750/3001 2963/7747/3001
f 2962/7744/3117 2955/7723/3112 2956/7726/3113 2961/7741/3002
f 2966/7755/3118 2959/7736/3118 2960/7739/3118 2965/7753/3118
f 2979/7783/3122 2981/7789/3121 2921/7637/3120 2919/7633/3119
f 2997/7837/3126 2992/7822/3125 2968/7759/3124 2973/7769/3123
f 2991/7821/3066 2989/7814/3128 2965/7754/3127 2967/7758/3065
f 2988/7810/3130 2987/7807/3079 2927/7650/3076 2928/7651/3129
f 2989/7813/3128 2990/7816/3132 2966/7755/3131 2965/7753/3127
f 2964/7751/3063 2969/7761/3063 2967/7757/3063 2963/7748/3063
f 2957/7730/3133 2972/7767/3133 2975/7774/3133 2954/7721/3133
f 2967/7758/3134 2965/7754/3134 2960/7740/3134 2963/7749/3134
f 2961/7742/3091 2956/7727/3091 2973/7769/3091 2968/7759/3091
f 2953/7718/3050 2954/7722/3050 2975/7773/3050 2976/7775/3050
f 2976/7776/3135 2973/7770/3135 2956/7728/3135 2953/7719/3135
f 2968/7760/3136 2969/7762/3136 2964/7752/3136 2961/7743/3136
f 2970/7764/3137 2974/7772/3137 2955/7724/3137 2962/7745/3137
f 2971/7766/3138 2972/7768/3138 2957/7731/3138 2958/7733/3138
f 2974/7771/3139 2971/7765/3139 2958/7734/3139 2955/7725/3139
f 2966/7756/3140 2970/7763/3140 2962/7746/3140 2959/7737/3140
f 3009/7865/121 3012/7871/118 2988/7811/118 2985/7801/121
f 3017/7881/119 3015/7878/118 2991/7820/118 2993/7826/119
f 3006/7859/118 3002/7851/118 2978/7780/118 2982/7792/118
f 3020/7887/118 3023/7893/118 2999/7845/118 2996/7834/118
f 3003/7853/118 3005/7857/118 2981/7790/118 2979/7784/118
f 3022/7891/118 3019/7885/118 2995/7831/118 2998/7840/118
f 3011/7869/118 3008/7863/118 2984/7798/118 2987/7808/118
f 3015/7877/118 3013/7873/118 2989/7814/118 2991/7821/118
f 3023/7894/118 3024/7895/118 3000/7847/118 2999/7844/118
f 3007/7861/118 3010/7867/118 2986/7804/118 2983/7795/118
f 2992/7824/3125 2993/7827/3067 2969/7762/3064 2968/7760/3124
f 2981/7791/3121 2980/7788/3142 2920/7635/3141 2921/7638/3120
f 2985/7801/3144 2988/7811/3130 2928/7652/3129 2925/7645/3143
f 2983/7795/3148 2986/7804/3147 2926/7647/3146 2923/7641/3145
f 2990/7817/3132 2994/7829/3150 2970/7763/3149 2966/7756/3131
f 2984/7799/3078 2983/7796/3148 2923/7642/3145 2924/7644/3077
f 2994/7828/3150 2998/7841/3071 2974/7772/3068 2970/7764/3149
f 2996/7834/3152 2999/7845/3083 2975/7774/3080 2972/7767/3151
f 2978/7781/3074 2977/7777/3154 2917/7629/3153 2918/7632/3073
f 2995/7832/3070 2996/7835/3152 2972/7768/3151 2971/7766/3069
f 2986/7805/3147 2982/7793/3075 2922/7640/3072 2926/7648/3146
f 3000/7848/3082 2997/7838/3126 2973/7770/3123 2976/7776/3081
f 2977/7779/3154 2979/7785/3122 2919/7634/3119 2917/7630/3153
f 2980/7786/3142 2985/7802/3144 2925/7646/3143 2920/7636/3141
f 3001/7849/3157 3004/7855/3156 3005/7857/3155 3003/7853/3155
f 3006/7860/3159 3004/7855/3156 3001/7849/3157 3002/7852/3158
f 3008/7864/3163 3009/7866/3162 3010/7868/3161 3007/7862/3160
f 3012/7872/3164 3009/7866/3162 3008/7864/3163 3011/7870/3164
f 3009/7866/3162 3004/7855/3156 3006/7860/3159 3010/7868/3161
f 3017/7881/3165 3016/7879/3167 3013/7874/3166 3015/7878/3165
f 3013/7874/3166 3016/7879/3167 3018/7884/3169 3014/7876/3168
f 3022/7892/3173 3021/7890/3172 3020/7888/3171 3019/7886/3170
f 3020/7888/3171 3021/7890/3172 3024/7895/3174 3023/7894/3174
f 3018/7884/3169 3016/7879/3167 3021/7890/3172 3022/7892/3173
f 3008/7864/118 3007/7862/118 2983/7797/118 2984/7800/118
f 3014/7875/118 3018/7883/118 2994/7829/118 2990/7817/118
f 3004/7855/118 3009/7866/121 2985/7803/121 2980/7787/118
f 3024/7896/118 3021/7889/124 2997/7838/124 3000/7848/118
f 3019/7886/118 3020/7888/118 2996/7836/118 2995/7833/118
f 3005/7858/118 3004/7856/118 2980/7788/118 2981/7791/118
f 3021/7890/124 3016/7879/121 2992/7823/121 2997/7839/124
f 3002/7852/118 3001/7849/118 2977/7778/118 2978/7782/118
f 3010/7868/118 3006/7860/118 2982/7794/118 2986/7806/118
f 3016/7880/121 3017/7882/119 2993/7827/119 2992/7824/121
f 3012/7872/118 3011/7870/118 2987/7809/118 2988/7812/118
f 3001/7850/118 3003/7854/118 2979/7785/118 2977/7779/118
f 3013/7874/118 3014/7876/118 2990/7818/118 2989/7815/118
f 3018/7884/118 3022/7892/118 2998/7842/118 2994/7830/118
f 3028/7906/3178 3027/7903/3177 3026/7900/3176 3025/7897/3175
f 3030/7912/3179 3029/7909/3179 3025/7897/3175 3026/7900/3176
f 3034/7924/3182 3033/7921/3181 3032/7918/3181 3031/7915/3180
f 3031/7915/3180 3036/7930/3184 3035/7927/3183 3034/7924/3182
f 3025/7897/3175 3034/7924/3182 3035/7927/3183 3028/7906/3178
f 3038/7936/3185 3037/7933/3185 3032/7919/3185 3033/7922/3185
f 3037/7934/3189 3038/7937/3188 3040/7942/3187 3039/7939/3186
f 3039/7939/3186 3042/7948/3190 3041/7945/3190 3037/7934/3189
f 3046/7960/3194 3045/7957/3193 3044/7954/3192 3043/7951/3191
f 3043/7951/3191 3048/7966/3195 3047/7963/3195 3046/7960/3194
f 3043/7951/3191 3044/7954/3192 3039/7939/3186 3040/7942/3187
f 3036/7931/3196 3031/7916/3196 3041/7946/3196 3042/7949/3196
f 3030/7913/3197 3026/7901/3197 3046/7961/3197 3047/7964/3197
f 3041/7947/3198 3031/7917/3198 3032/7920/3198 3037/7935/3198
f 3035/7928/3199 3039/7940/3199 3044/7955/3199 3028/7907/3199
f 3027/7904/3200 3045/7958/3200 3046/7962/3200 3026/7902/3200
f 3045/7959/3201 3027/7905/3201 3028/7908/3201 3044/7956/3201
f 3039/7941/3202 3035/7929/3202 3036/7932/3202 3042/7950/3202
f 3040/7943/3203 3034/7925/3203 3025/7898/3203 3043/7952/3203
f 3048/7967/3204 3029/7910/3204 3030/7914/3204 3047/7965/3204
f 3043/7953/3205 3025/7899/3205 3029/7911/3205 3048/7968/3205
f 3038/7938/3206 3033/7923/3206 3034/7926/3206 3040/7944/3206
f 3050/7972/3210 3051/7975/3209 3052/7978/3208 3049/7969/3207
f 3054/7984/3211 3051/7975/3209 3050/7972/3210 3053/7981/3211
f 3056/7990/3215 3057/7993/3214 3058/7996/3213 3055/7987/3212
f 3060/8002/3216 3057/7993/3214 3056/7990/3215 3059/7999/3216
f 3052/7978/3208 3051/7975/3209 3058/7996/3213 3057/7993/3214
f 3056/7991/3217 3055/7988/3217 3062/8008/3217 3061/8005/3217
f 3137/8201/3221 3135/8195/3220 3111/8133/3219 3113/8137/3218
f 3142/8216/3225 3139/8207/3224 3115/8141/3223 3118/8147/3222
f 3126/8168/3229 3122/8156/3228 3062/8007/3227 3066/8015/3226
f 3131/8184/3233 3128/8174/3232 3068/8019/3231 3071/8025/3230
f 3143/8219/3237 3144/8222/3236 3120/8151/3235 3119/8149/3234
f 3063/8009/3196 3065/8013/3196 3060/8003/3196 3059/8000/3196
f 3071/8025/3238 3068/8019/3238 3053/7982/3238 3050/7973/3238
f 3056/7992/3239 3061/8006/3239 3063/8010/3239 3059/8001/3239
f 3069/8022/3240 3052/7979/3240 3057/7994/3240 3064/8012/3240
f 3071/8026/3241 3050/7974/3241 3049/7970/3241 3072/8027/3241
f 3052/7980/3242 3069/8021/3242 3072/8028/3242 3049/7971/3242
f 3060/8004/3243 3065/8014/3243 3064/8011/3243 3057/7995/3243
f 3051/7976/3244 3070/8024/3244 3066/8016/3244 3058/7997/3244
f 3053/7983/3245 3068/8020/3245 3067/8018/3245 3054/7985/3245
f 3054/7986/3246 3067/8017/3246 3070/8023/3246 3051/7977/3246
f 3058/7998/3247 3066/8015/3247 3062/8007/3247 3055/7989/3247
f 3076/8037/3248 3075/8034/3248 3074/8031/3248 3073/8029/3248
f 3073/8030/3249 3074/8032/3249 3078/8041/3249 3077/8039/3249
f 3077/8040/3250 3078/8042/3250 3080/8046/3250 3079/8044/3250
f 3079/8045/3251 3080/8047/3251 3075/8035/3251 3076/8038/3251
f 3075/8036/3252 3080/8048/3252 3078/8043/3252 3074/8033/3252
f 3084/8057/3253 3083/8055/3253 3082/8052/3253 3081/8049/3253
f 3083/8056/3254 3086/8062/3254 3085/8059/3254 3082/8053/3254
f 3086/8063/3255 3088/8067/3255 3087/8064/3255 3085/8060/3255
f 3088/8068/3256 3084/8058/3256 3081/8050/3256 3087/8065/3256
f 3081/8051/3257 3082/8054/3257 3085/8061/3257 3087/8066/3257
f 3092/8078/3258 3091/8075/3258 3090/8072/3258 3089/8069/3258
f 3089/8070/3259 3090/8073/3259 3094/8084/3259 3093/8081/3259
f 3093/8082/3260 3094/8085/3260 3096/8090/3260 3095/8087/3260
f 3095/8088/3261 3096/8091/3261 3091/8076/3261 3092/8079/3261
f 3091/8077/3262 3096/8092/3262 3094/8086/3262 3090/8074/3262
f 3095/8089/3263 3092/8080/3263 3089/8071/3263 3093/8083/3263
f 3100/8102/3267 3099/8099/3266 3098/8096/3265 3097/8093/3264
f 3098/8096/3265 3099/8099/3266 3102/8108/3268 3101/8105/3268
f 3106/8120/3272 3105/8117/3271 3104/8114/3270 3103/8111/3269
f 3104/8114/3270 3105/8117/3271 3108/8126/3273 3107/8123/3273
f 3106/8120/3272 3099/8099/3266 3100/8102/3267 3105/8117/3271
f 3110/8131/3196 3103/8112/3196 3104/8115/3196 3109/8129/3196
f 3123/8159/3277 3125/8165/3276 3065/8013/3275 3063/8009/3274
f 3141/8213/3281 3136/8198/3280 3112/8135/3279 3117/8145/3278
f 3135/8197/3220 3133/8190/3283 3109/8130/3282 3111/8134/3219
f 3132/8186/3285 3131/8183/3233 3071/8026/3230 3072/8027/3284
f 3133/8189/3283 3134/8192/3287 3110/8131/3286 3109/8129/3282
f 3108/8127/3288 3113/8137/3288 3111/8133/3288 3107/8124/3288
f 3101/8106/3289 3116/8143/3289 3119/8150/3289 3098/8097/3289
f 3111/8134/3290 3109/8130/3290 3104/8116/3290 3107/8125/3290
f 3105/8118/3291 3100/8103/3291 3117/8145/3291 3112/8135/3291
f 3097/8094/3245 3098/8098/3245 3119/8149/3245 3120/8151/3245
f 3120/8152/3292 3117/8146/3292 3100/8104/3292 3097/8095/3292
f 3112/8136/3293 3113/8138/3293 3108/8128/3293 3105/8119/3293
f 3114/8140/3240 3118/8148/3240 3099/8100/3240 3106/8121/3240
f 3115/8142/3294 3116/8144/3294 3101/8107/3294 3102/8109/3294
f 3118/8147/3295 3115/8141/3295 3102/8110/3295 3099/8101/3295
f 3110/8132/3296 3114/8139/3296 3106/8122/3296 3103/8113/3296
f 3153/8241/118 3156/8247/119 3132/8187/119 3129/8177/118
f 3161/8257/118 3159/8254/118 3135/8196/118 3137/8202/118
f 3150/8235/119 3146/8227/121 3122/8156/121 3126/8168/119
f 3164/8263/118 3167/8269/118 3143/8221/118 3140/8210/118
f 3147/8229/118 3149/8233/118 3125/8166/118 3123/8160/118
f 3166/8267/118 3163/8261/119 3139/8207/119 3142/8216/118
f 3155/8245/118 3152/8239/118 3128/8174/118 3131/8184/118
f 3159/8253/118 3157/8249/118 3133/8190/118 3135/8197/118
f 3167/8270/118 3168/8271/118 3144/8223/118 3143/8220/118
f 3151/8237/119 3154/8243/119 3130/8180/119 3127/8171/119
f 3136/8200/3280 3137/8203/3221 3113/8138/3218 3112/8136/3279
f 3125/8167/3276 3124/8164/3298 3064/8011/3297 3065/8014/3275
f 3129/8177/3300 3132/8187/3285 3072/8028/3284 3069/8021/3299
f 3127/8171/3304 3130/8180/3303 3070/8023/3302 3067/8017/3301
f 3134/8193/3287 3138/8205/3306 3114/8139/3305 3110/8132/3286
f 3128/8175/3232 3127/8172/3304 3067/8018/3301 3068/8020/3231
f 3138/8204/3306 3142/8217/3225 3118/8148/3222 3114/8140/3305
f 3140/8210/3308 3143/8221/3237 3119/8150/3234 3116/8143/3307
f 3122/8157/3228 3121/8153/3310 3061/8005/3309 3062/8008/3227
f 3139/8208/3224 3140/8211/3308 3116/8144/3307 3115/8142/3223
f 3130/8181/3303 3126/8169/3229 3066/8016/3226 3070/8024/3302
f 3144/8224/3236 3141/8214/3281 3117/8146/3278 3120/8152/3235
f 3121/8155/3310 3123/8161/3277 3063/8010/3274 3061/8006/3309
f 3124/8162/3298 3129/8178/3300 3069/8022/3299 3064/8012/3297
f 3145/8225/3313 3148/8231/3312 3149/8233/3311 3147/8229/3311
f 3150/8236/3315 3148/8231/3312 3145/8225/3313 3146/8228/3314
f 3152/8240/3319 3153/8242/3318 3154/8244/3317 3151/8238/3316
f 3156/8248/3320 3153/8242/3318 3152/8240/3319 3155/8246/3320
f 3153/8242/3318 3148/8231/3312 3150/8236/3315 3154/8244/3317
f 3161/8257/3321 3160/8255/3323 3157/8250/3322 3159/8254/3321
f 3157/8250/3322 3160/8255/3323 3162/8260/3325 3158/8252/3324
f 3166/8268/3329 3165/8266/3328 3164/8264/3327 3163/8262/3326
f 3164/8264/3327 3165/8266/3328 3168/8271/3330 3167/8270/3330
f 3162/8260/3325 3160/8255/3323 3165/8266/3328 3166/8268/3329
f 3152/8240/118 3151/8238/119 3127/8173/119 3128/8176/118
f 3158/8251/118 3162/8259/118 3138/8205/118 3134/8193/118
f 3148/8231/118 3153/8242/118 3129/8179/118 3124/8163/118
f 3168/8272/118 3165/8265/118 3141/8214/118 3144/8224/118
f 3163/8262/119 3164/8264/118 3140/8212/118 3139/8209/119
f 3149/8234/118 3148/8232/118 3124/8164/118 3125/8167/118
f 3165/8266/118 3160/8255/118 3136/8199/118 3141/8215/118
f 3146/8228/121 3145/8225/118 3121/8154/118 3122/8158/121
f 3154/8244/119 3150/8236/119 3126/8170/119 3130/8182/119
f 3160/8256/118 3161/8258/118 3137/8203/118 3136/8200/118
f 3156/8248/119 3155/8246/118 3131/8185/118 3132/8188/119
f 3145/8226/118 3147/8230/118 3123/8161/118 3121/8155/118
f 3157/8250/118 3158/8252/118 3134/8194/118 3133/8191/118
f 3162/8260/118 3166/8268/118 3142/8218/118 3138/8206/118
f 3172/8282/3334 3171/8279/3333 3170/8276/3332 3169/8273/3331
f 3174/8288/3335 3173/8285/3335 3169/8273/3331 3170/8276/3332
f 3178/8300/3338 3177/8297/3337 3176/8294/3337 3175/8291/3336
f 3175/8291/3336 3180/8306/3340 3179/8303/3339 3178/8300/3338
f 3169/8273/3331 3178/8300/3338 3179/8303/3339 3172/8282/3334
f 3182/8312/3341 3181/8309/3341 3176/8295/3341 3177/8298/3341
f 3181/8310/3345 3182/8313/3344 3184/8318/3343 3183/8315/3342
f 3183/8315/3342 3186/8324/3346 3185/8321/3346 3181/8310/3345
f 3190/8336/3350 3189/8333/3349 3188/8330/3348 3187/8327/3347
f 3187/8327/3347 3192/8342/3351 3191/8339/3351 3190/8336/3350
f 3187/8327/3347 3188/8330/3348 3183/8315/3342 3184/8318/3343
f 3180/8307/3352 3175/8292/3352 3185/8322/3352 3186/8325/3352
f 3174/8289/3353 3170/8277/3353 3190/8337/3353 3191/8340/3353
f 3185/8323/3354 3175/8293/3354 3176/8296/3354 3181/8311/3354
f 3179/8304/3355 3183/8316/3355 3188/8331/3355 3172/8283/3355
f 3171/8280/3356 3189/8334/3356 3190/8338/3356 3170/8278/3356
f 3189/8335/3357 3171/8281/3357 3172/8284/3357 3188/8332/3357
f 3183/8317/3358 3179/8305/3358 3180/8308/3358 3186/8326/3358
f 3184/8319/3359 3178/8301/3359 3169/8274/3359 3187/8328/3359
f 3192/8343/3360 3173/8286/3360 3174/8290/3360 3191/8341/3360
f 3187/8329/3361 3169/8275/3361 3173/8287/3361 3192/8344/3361
f 3182/8314/3362 3177/8299/3362 3178/8302/3362 3184/8320/3362
f 3194/8348/3365 3195/8351/3327 3196/8354/3364 3193/8345/3363
f 3198/8360/3366 3195/8351/3327 3194/8348/3365 3197/8357/3366
f 3200/8366/3322 3201/8369/3368 3202/8372/3325 3199/8363/3367
f 3204/8378/3321 3201/8369/3368 3200/8366/3322 3203/8375/3321
f 3196/8354/3364 3195/8351/3327 3202/8372/3325 3201/8369/3368
f 3200/8367/3369 3199/8364/3369 3206/8384/3369 3205/8381/3369
f 3281/8577/3373 3279/8571/3372 3255/8509/3371 3257/8513/3370
f 3286/8592/3377 3283/8583/3376 3259/8517/3375 3262/8523/3374
f 3270/8544/3381 3266/8532/3380 3206/8383/3379 3210/8391/3378
f 3275/8560/3385 3272/8550/3384 3212/8395/3383 3215/8401/3382
f 3287/8595/3389 3288/8598/3388 3264/8527/3387 3263/8525/3386
f 3207/8385/3390 3209/8389/3390 3204/8379/3390 3203/8376/3390
f 3215/8401/3391 3212/8395/3391 3197/8358/3391 3194/8349/3391
f 3200/8368/3392 3205/8382/3392 3207/8386/3392 3203/8377/3392
f 3213/8398/3393 3196/8355/3393 3201/8370/3393 3208/8388/3393
f 3215/8402/3394 3194/8350/3394 3193/8346/3394 3216/8403/3394
f 3196/8356/3395 3213/8397/3395 3216/8404/3395 3193/8347/3395
f 3204/8380/3396 3209/8390/3396 3208/8387/3396 3201/8371/3396
f 3195/8352/3397 3214/8400/3397 3210/8392/3397 3202/8373/3397
f 3197/8359/3398 3212/8396/3398 3211/8394/3398 3198/8361/3398
f 3198/8362/3399 3211/8393/3399 3214/8399/3399 3195/8353/3399
f 3202/8374/3400 3210/8391/3400 3206/8383/3400 3199/8365/3400
f 3220/8413/3401 3219/8410/3401 3218/8407/3401 3217/8405/3401
f 3217/8406/3402 3218/8408/3402 3222/8417/3402 3221/8415/3402
f 3221/8416/3403 3222/8418/3403 3224/8422/3403 3223/8420/3403
f 3223/8421/3404 3224/8423/3404 3219/8411/3404 3220/8414/3404
f 3219/8412/3405 3224/8424/3405 3222/8419/3405 3218/8409/3405
f 3228/8433/3406 3227/8431/3406 3226/8428/3406 3225/8425/3406
f 3227/8432/3407 3230/8438/3407 3229/8435/3407 3226/8429/3407
f 3230/8439/3408 3232/8443/3408 3231/8440/3408 3229/8436/3408
f 3232/8444/3409 3228/8434/3409 3225/8426/3409 3231/8441/3409
f 3225/8427/3410 3226/8430/3410 3229/8437/3410 3231/8442/3410
f 3236/8454/3411 3235/8451/3411 3234/8448/3411 3233/8445/3411
f 3233/8446/3412 3234/8449/3412 3238/8460/3412 3237/8457/3412
f 3237/8458/3413 3238/8461/3413 3240/8466/3413 3239/8463/3413
f 3239/8464/3414 3240/8467/3414 3235/8452/3414 3236/8455/3414
f 3235/8453/3415 3240/8468/3415 3238/8462/3415 3234/8450/3415
f 3239/8465/3416 3236/8456/3416 3233/8447/3416 3237/8459/3416
f 3244/8478/3420 3243/8475/3419 3242/8472/3418 3241/8469/3417
f 3242/8472/3418 3243/8475/3419 3246/8484/3421 3245/8481/3421
f 3250/8496/3315 3249/8493/3424 3248/8490/3423 3247/8487/3422
f 3248/8490/3423 3249/8493/3424 3252/8502/3425 3251/8499/3425
f 3250/8496/3315 3243/8475/3419 3244/8478/3420 3249/8493/3424
f 3254/8507/3426 3247/8488/3426 3248/8491/3426 3253/8505/3426
f 3267/8535/3430 3269/8541/3429 3209/8389/3428 3207/8385/3427
f 3285/8589/3434 3280/8574/3433 3256/8511/3432 3261/8521/3431
f 3279/8573/3372 3277/8566/3436 3253/8506/3435 3255/8510/3371
f 3276/8562/3438 3275/8559/3385 3215/8402/3382 3216/8403/3437
f 3277/8565/3436 3278/8568/3440 3254/8507/3439 3253/8505/3435
f 3252/8503/3441 3257/8513/3441 3255/8509/3441 3251/8500/3441
f 3245/8482/3442 3260/8519/3442 3263/8526/3442 3242/8473/3442
f 3255/8510/3443 3253/8506/3443 3248/8492/3443 3251/8501/3443
f 3249/8494/3444 3244/8479/3444 3261/8521/3444 3256/8511/3444
f 3241/8470/3360 3242/8474/3360 3263/8525/3360 3264/8527/3360
f 3264/8528/3445 3261/8522/3445 3244/8480/3445 3241/8471/3445
f 3256/8512/3446 3257/8514/3446 3252/8504/3446 3249/8495/3446
f 3258/8516/3393 3262/8524/3393 3243/8476/3393 3250/8497/3393
f 3259/8518/3447 3260/8520/3447 3245/8483/3447 3246/8485/3447
f 3262/8523/3448 3259/8517/3448 3246/8486/3448 3243/8477/3448
f 3254/8508/3449 3258/8515/3449 3250/8498/3449 3247/8489/3449
f 3297/8617/121 3300/8623/118 3276/8563/118 3273/8553/121
f 3305/8633/118 3303/8630/119 3279/8572/119 3281/8578/118
f 3294/8611/120 3290/8603/118 3266/8532/118 3270/8544/120
f 3308/8639/121 3311/8645/118 3287/8597/118 3284/8586/121
f 3291/8605/118 3293/8609/120 3269/8542/120 3267/8536/118
f 3310/8643/120 3307/8637/118 3283/8583/118 3286/8592/120
f 3299/8621/119 3296/8615/118 3272/8550/118 3275/8560/119
f 3303/8629/119 3301/8625/275 3277/8566/275 3279/8573/119
f 3311/8646/118 3312/8647/118 3288/8599/118 3287/8596/118
f 3295/8613/118 3298/8619/119 3274/8556/119 3271/8547/118
f 3280/8576/3433 3281/8579/3373 3257/8514/3370 3256/8512/3432
f 3269/8543/3429 3268/8540/3451 3208/8387/3450 3209/8390/3428
f 3273/8553/3453 3276/8563/3438 3216/8404/3437 3213/8397/3452
f 3271/8547/3457 3274/8556/3456 3214/8399/3455 3211/8393/3454
f 3278/8569/3440 3282/8581/3459 3258/8515/3458 3254/8508/3439
f 3272/8551/3384 3271/8548/3457 3211/8394/3454 3212/8396/3383
f 3282/8580/3459 3286/8593/3377 3262/8524/3374 3258/8516/3458
f 3284/8586/3461 3287/8597/3389 3263/8526/3386 3260/8519/3460
f 3266/8533/3380 3265/8529/3463 3205/8381/3462 3206/8384/3379
f 3283/8584/3376 3284/8587/3461 3260/8520/3460 3259/8518/3375
f 3274/8557/3456 3270/8545/3381 3210/8392/3378 3214/8400/3455
f 3288/8600/3388 3285/8590/3434 3261/8522/3431 3264/8528/3387
f 3265/8531/3463 3267/8537/3430 3207/8386/3427 3205/8382/3462
f 3268/8538/3451 3273/8554/3453 3213/8398/3452 3208/8388/3450
f 3289/8601/3466 3292/8607/3465 3293/8609/3464 3291/8605/3464
f 3294/8612/3468 3292/8607/3465 3289/8601/3466 3290/8604/3467
f 3296/8616/3472 3297/8618/3471 3298/8620/3470 3295/8614/3469
f 3300/8624/3473 3297/8618/3471 3296/8616/3472 3299/8622/3473
f 3297/8618/3471 3292/8607/3465 3294/8612/3468 3298/8620/3470
f 3305/8633/3474 3304/8631/3476 3301/8626/3475 3303/8630/3474
f 3301/8626/3475 3304/8631/3476 3306/8636/3478 3302/8628/3477
f 3310/8644/3482 3309/8642/3481 3308/8640/3480 3307/8638/3479
f 3308/8640/3480 3309/8642/3481 3312/8647/3483 3311/8646/3483
f 3306/8636/3478 3304/8631/3476 3309/8642/3481 3310/8644/3482
f 3296/8616/118 3295/8614/118 3271/8549/118 3272/8552/118
f 3302/8627/118 3306/8635/118 3282/8581/118 3278/8569/118
f 3292/8607/121 3297/8618/121 3273/8555/121 3268/8539/121
f 3312/8648/118 3309/8641/118 3285/8590/118 3288/8600/118
f 3307/8638/118 3308/8640/121 3284/8588/121 3283/8585/118
f 3293/8610/120 3292/8608/121 3268/8540/121 3269/8543/120
f 3309/8642/118 3304/8631/118 3280/8575/118 3285/8591/118
f 3290/8604/118 3289/8601/1054 3265/8530/1054 3266/8534/118
f 3298/8620/119 3294/8612/120 3270/8546/120 3274/8558/119
f 3304/8632/118 3305/8634/118 3281/8579/118 3280/8576/118
f 3300/8624/118 3299/8622/119 3275/8561/119 3276/8564/118
f 3289/8602/1054 3291/8606/118 3267/8537/118 3265/8531/1054
f 3301/8626/275 3302/8628/118 3278/8570/118 3277/8567/275
f 3306/8636/118 3310/8644/120 3286/8594/120 3282/8582/118
f 3316/8658/3487 3315/8655/3486 3314/8652/3485 3313/8649/3484
f 3318/8664/3488 3317/8661/3488 3313/8649/3484 3314/8652/3485
f 3322/8676/3491 3321/8673/3490 3320/8670/3490 3319/8667/3489
f 3319/8667/3489 3324/8682/3493 3323/8679/3492 3322/8676/3491
f 3313/8649/3484 3322/8676/3491 3323/8679/3492 3316/8658/3487
f 3326/8688/3494 3325/8685/3494 3320/8671/3494 3321/8674/3494
f 3325/8686/3498 3326/8689/3497 3328/8694/3496 3327/8691/3495
f 3327/8691/3495 3330/8700/3499 3329/8697/3499 3325/8686/3498
f 3334/8712/3503 3333/8709/3502 3332/8706/3501 3331/8703/3500
f 3331/8703/3500 3336/8718/3504 3335/8715/3504 3334/8712/3503
f 3331/8703/3500 3332/8706/3501 3327/8691/3495 3328/8694/3496
f 3324/8683/3505 3319/8668/3505 3329/8698/3505 3330/8701/3505
f 3318/8665/3506 3314/8653/3506 3334/8713/3506 3335/8716/3506
f 3329/8699/3507 3319/8669/3507 3320/8672/3507 3325/8687/3507
f 3323/8680/3508 3327/8692/3508 3332/8707/3508 3316/8659/3508
f 3315/8656/3509 3333/8710/3509 3334/8714/3509 3314/8654/3509
f 3333/8711/3510 3315/8657/3510 3316/8660/3510 3332/8708/3510
f 3327/8693/3511 3323/8681/3511 3324/8684/3511 3330/8702/3511
f 3328/8695/3512 3322/8677/3512 3313/8650/3512 3331/8704/3512
f 3336/8719/3513 3317/8662/3513 3318/8666/3513 3335/8717/3513
f 3331/8705/3514 3313/8651/3514 3317/8663/3514 3336/8720/3514
f 3326/8690/3515 3321/8675/3515 3322/8678/3515 3328/8696/3515
f 3338/8724/3518 3339/8727/3480 3340/8730/3517 3337/8721/3516
f 3342/8736/3519 3339/8727/3480 3338/8724/3518 3341/8733/3519
f 3344/8742/3475 3345/8745/3522 3346/8748/3521 3343/8739/3520
f 3348/8754/3523 3345/8745/3522 3344/8742/3475 3347/8751/3523
f 3340/8730/3517 3339/8727/3480 3346/8748/3521 3345/8745/3522
f 3344/8743/3524 3343/8740/3524 3350/8760/3524 3349/8757/3524
f 3425/8953/3528 3423/8947/3527 3399/8885/3526 3401/8889/3525
f 3430/8968/3532 3427/8959/3531 3403/8893/3530 3406/8899/3529
f 3414/8920/3536 3410/8908/3535 3350/8759/3534 3354/8767/3533
f 3419/8936/3540 3416/8926/3539 3356/8771/3538 3359/8777/3537
f 3431/8971/3544 3432/8974/3543 3408/8903/3542 3407/8901/3541
f 3351/8761/3545 3353/8765/3545 3348/8755/3545 3347/8752/3545
f 3359/8777/3546 3356/8771/3546 3341/8734/3546 3338/8725/3546
f 3344/8744/3547 3349/8758/3547 3351/8762/3547 3347/8753/3547
f 3357/8774/3548 3340/8731/3548 3345/8746/3548 3352/8764/3548
f 3359/8778/3549 3338/8726/3549 3337/8722/3549 3360/8779/3549
f 3340/8732/3550 3357/8773/3550 3360/8780/3550 3337/8723/3550
f 3348/8756/3551 3353/8766/3551 3352/8763/3551 3345/8747/3551
f 3339/8728/3552 3358/8776/3552 3354/8768/3552 3346/8749/3552
f 3341/8735/3553 3356/8772/3553 3355/8770/3553 3342/8737/3553
f 3342/8738/3554 3355/8769/3554 3358/8775/3554 3339/8729/3554
f 3346/8750/3555 3354/8767/3555 3350/8759/3555 3343/8741/3555
f 3364/8789/3556 3363/8786/3556 3362/8783/3556 3361/8781/3556
f 3361/8782/3557 3362/8784/3557 3366/8793/3557 3365/8791/3557
f 3365/8792/3558 3366/8794/3558 3368/8798/3558 3367/8796/3558
f 3367/8797/3559 3368/8799/3559 3363/8787/3559 3364/8790/3559
f 3363/8788/3560 3368/8800/3560 3366/8795/3560 3362/8785/3560
f 3372/8809/3561 3371/8807/3561 3370/8804/3561 3369/8801/3561
f 3371/8808/3562 3374/8814/3562 3373/8811/3562 3370/8805/3562
f 3374/8815/3563 3376/8819/3563 3375/8816/3563 3373/8812/3563
f 3376/8820/3564 3372/8810/3564 3369/8802/3564 3375/8817/3564
f 3369/8803/3565 3370/8806/3565 3373/8813/3565 3375/8818/3565
f 3380/8830/3566 3379/8827/3566 3378/8824/3566 3377/8821/3566
f 3377/8822/3567 3378/8825/3567 3382/8836/3567 3381/8833/3567
f 3381/8834/3568 3382/8837/3568 3384/8842/3568 3383/8839/3568
f 3383/8840/3569 3384/8843/3569 3379/8828/3569 3380/8831/3569
f 3379/8829/3570 3384/8844/3570 3382/8838/3570 3378/8826/3570
f 3383/8841/3571 3380/8832/3571 3377/8823/3571 3381/8835/3571
f 3388/8854/3575 3387/8851/3574 3386/8848/3573 3385/8845/3572
f 3386/8848/3573 3387/8851/3574 3390/8860/3576 3389/8857/3576
f 3394/8872/3580 3393/8869/3579 3392/8866/3578 3391/8863/3577
f 3392/8866/3578 3393/8869/3579 3396/8878/3581 3395/8875/3581
f 3394/8872/3580 3387/8851/3574 3388/8854/3575 3393/8869/3579
f 3398/8883/3505 3391/8864/3505 3392/8867/3505 3397/8881/3505
f 3411/8911/3584 3413/8917/3583 3353/8765/3582 3351/8761/356
f 3429/8965/3588 3424/8950/3587 3400/8887/3586 3405/8897/3585
f 3423/8949/3527 3421/8942/3590 3397/8882/3589 3399/8886/3526
f 3420/8938/3592 3419/8935/3540 3359/8778/3537 3360/8779/3591
f 3421/8941/3590 3422/8944/3594 3398/8883/3593 3397/8881/3589
f 3396/8879/3494 3401/8889/3494 3399/8885/3494 3395/8876/3494
f 3389/8858/3595 3404/8895/3595 3407/8902/3595 3386/8849/3595
f 3399/8886/3596 3397/8882/3596 3392/8868/3596 3395/8877/3596
f 3393/8870/3597 3388/8855/3597 3405/8897/3597 3400/8887/3597
f 3385/8846/3598 3386/8850/3598 3407/8901/3598 3408/8903/3598
f 3408/8904/3599 3405/8898/3599 3388/8856/3599 3385/8847/3599
f 3400/8888/3600 3401/8890/3600 3396/8880/3600 3393/8871/3600
f 3402/8892/3601 3406/8900/3601 3387/8852/3601 3394/8873/3601
f 3403/8894/3602 3404/8896/3602 3389/8859/3602 3390/8861/3602
f 3406/8899/3603 3403/8893/3603 3390/8862/3603 3387/8853/3603
f 3398/8884/3604 3402/8891/3604 3394/8874/3604 3391/8865/3604
f 3441/8993/118 3444/8999/119 3420/8939/119 3417/8929/118
f 3449/9009/119 3447/9006/118 3423/8948/118 3425/8954/119
f 3438/8987/118 3434/8979/118 3410/8908/118 3414/8920/118
f 3452/9015/118 3455/9021/118 3431/8973/118 3428/8962/118
f 3435/8981/118 3437/8985/118 3413/8918/118 3411/8912/118
f 3454/9019/118 3451/9013/118 3427/8959/118 3430/8968/118
f 3443/8997/118 3440/8991/124 3416/8926/124 3419/8936/118
f 3447/9005/118 3445/9001/118 3421/8942/118 3423/8949/118
f 3455/9022/118 3456/9023/118 3432/8975/118 3431/8972/118
f 3439/8989/124 3442/8995/118 3418/8932/118 3415/8923/124
f 3424/8952/3587 3425/8955/3528 3401/8890/3525 3400/8888/3586
f 3413/8919/3583 3412/8916/3606 3352/8763/3605 3353/8766/3582
f 3417/8929/3608 3420/8939/3592 3360/8780/3591 3357/8773/3607
f 3415/8923/3612 3418/8932/3611 3358/8775/3610 3355/8769/3609
f 3422/8945/3594 3426/8957/3614 3402/8891/3613 3398/8884/3593
f 3416/8927/3539 3415/8924/3612 3355/8770/3609 3356/8772/3538
f 3426/8956/3614 3430/8969/3532 3406/8900/3529 3402/8892/3613
f 3428/8962/3616 3431/8973/3544 3407/8902/3541 3404/8895/3615
f 3410/8909/3535 3409/8905/3618 3349/8757/3617 3350/8760/3534
f 3427/8960/3531 3428/8963/3616 3404/8896/3615 3403/8894/3530
f 3418/8933/3611 3414/8921/3536 3354/8768/3533 3358/8776/3610
f 3432/8976/3543 3429/8966/3588 3405/8898/3585 3408/8904/3542
f 3409/8907/3618 3411/8913/3584 3351/8762/356 3349/8758/3617
f 3412/8914/3606 3417/8930/3608 3357/8774/3607 3352/8764/3605
f 3433/8977/3621 3436/8983/3620 3437/8985/3619 3435/8981/3619
f 3438/8988/3623 3436/8983/3620 3433/8977/3621 3434/8980/3622
f 3440/8992/3627 3441/8994/3626 3442/8996/3625 3439/8990/3624
f 3444/9000/3628 3441/8994/3626 3440/8992/3627 3443/8998/3628
f 3441/8994/3626 3436/8983/3620 3438/8988/3623 3442/8996/3625
f 3449/9009/3629 3448/9007/3631 3445/9002/3630 3447/9006/3629
f 3445/9002/3630 3448/9007/3631 3450/9012/3633 3446/9004/3632
f 3454/9020/3637 3453/9018/3636 3452/9016/3635 3451/9014/3634
f 3452/9016/3635 3453/9018/3636 3456/9023/3638 3455/9022/3638
f 3450/9012/3633 3448/9007/3631 3453/9018/3636 3454/9020/3637
f 3440/8992/124 3439/8990/124 3415/8925/124 3416/8928/124
f 3446/9003/118 3450/9011/118 3426/8957/118 3422/8945/118
f 3436/8983/118 3441/8994/118 3417/8931/118 3412/8915/118
f 3456/9024/118 3453/9017/121 3429/8966/121 3432/8976/118
f 3451/9014/118 3452/9016/118 3428/8964/118 3427/8961/118
f 3437/8986/118 3436/8984/118 3412/8916/118 3413/8919/118
f 3453/9018/121 3448/9007/118 3424/8951/118 3429/8967/121
f 3434/8980/118 3433/8977/118 3409/8906/118 3410/8910/118
f 3442/8996/118 3438/8988/118 3414/8922/118 3418/8934/118
f 3448/9008/118 3449/9010/119 3425/8955/119 3424/8952/118
f 3444/9000/119 3443/8998/118 3419/8937/118 3420/8940/119
f 3433/8978/118 3435/8982/118 3411/8913/118 3409/8907/118
f 3445/9002/118 3446/9004/118 3422/8946/118 3421/8943/118
f 3450/9012/118 3454/9020/118 3430/8970/118 3426/8958/118
f 3460/9034/3642 3459/9031/3641 3458/9028/3640 3457/9025/3639
f 3462/9040/3643 3461/9037/3643 3457/9025/3639 3458/9028/3640
f 3466/9052/3646 3465/9049/3645 3464/9046/3645 3463/9043/3644
f 3463/9043/3644 3468/9058/3648 3467/9055/3647 3466/9052/3646
f 3457/9025/3639 3466/9052/3646 3467/9055/3647 3460/9034/3642
f 3470/9064/3649 3469/9061/3649 3464/9047/3649 3465/9050/3649
f 3469/9062/3653 3470/9065/3652 3472/9070/3651 3471/9067/3650
f 3471/9067/3650 3474/9076/3654 3473/9073/3654 3469/9062/3653
f 3478/9088/3658 3477/9085/3657 3476/9082/3656 3475/9079/3655
f 3475/9079/3655 3480/9094/3659 3479/9091/3659 3478/9088/3658
f 3475/9079/3655 3476/9082/3656 3471/9067/3650 3472/9070/3651
f 3468/9059/3660 3463/9044/3660 3473/9074/3660 3474/9077/3660
f 3462/9041/3661 3458/9029/3661 3478/9089/3661 3479/9092/3661
f 3473/9075/3662 3463/9045/3662 3464/9048/3662 3469/9063/3662
f 3467/9056/3663 3471/9068/3663 3476/9083/3663 3460/9035/3663
f 3459/9032/3664 3477/9086/3664 3478/9090/3664 3458/9030/3664
f 3477/9087/3665 3459/9033/3665 3460/9036/3665 3476/9084/3665
f 3471/9069/3666 3467/9057/3666 3468/9060/3666 3474/9078/3666
f 3472/9071/3667 3466/9053/3667 3457/9026/3667 3475/9080/3667
f 3480/9095/3668 3461/9038/3668 3462/9042/3668 3479/9093/3668
f 3475/9081/3669 3457/9027/3669 3461/9039/3669 3480/9096/3669
f 3470/9066/3670 3465/9051/3670 3466/9054/3670 3472/9072/3670
f 3482/9100/3674 3483/9103/3673 3484/9106/3672 3481/9097/3671
f 3486/9112/3675 3483/9103/3673 3482/9100/3674 3485/9109/3675
f 3488/9118/3677 3489/9121/3631 3490/9124/3633 3487/9115/3676
f 3492/9130/3678 3489/9121/3631 3488/9118/3677 3491/9127/3678
f 3484/9106/3672 3483/9103/3673 3490/9124/3633 3489/9121/3631
f 3488/9119/3679 3487/9116/3679 3494/9136/3679 3493/9133/3679
f 3569/9329/3683 3567/9323/3682 3543/9261/3681 3545/9265/3680
f 3574/9344/3687 3571/9335/3686 3547/9269/3685 3550/9275/3684
f 3558/9296/3691 3554/9284/3690 3494/9135/3689 3498/9143/3688
f 3563/9312/3695 3560/9302/3694 3500/9147/3693 3503/9153/3692
f 3575/9347/3699 3576/9350/3698 3552/9279/3697 3551/9277/3696
f 3495/9137/3700 3497/9141/3700 3492/9131/3700 3491/9128/3700
f 3503/9153/3701 3500/9147/3701 3485/9110/3701 3482/9101/3701
f 3488/9120/3702 3493/9134/3702 3495/9138/3702 3491/9129/3702
f 3501/9150/3703 3484/9107/3703 3489/9122/3703 3496/9140/3703
f 3503/9154/3704 3482/9102/3704 3481/9098/3704 3504/9155/3704
f 3484/9108/3705 3501/9149/3705 3504/9156/3705 3481/9099/3705
f 3492/9132/3706 3497/9142/3706 3496/9139/3706 3489/9123/3706
f 3483/9104/3667 3502/9152/3667 3498/9144/3667 3490/9125/3667
f 3485/9111/3707 3500/9148/3707 3499/9146/3707 3486/9113/3707
f 3486/9114/3708 3499/9145/3708 3502/9151/3708 3483/9105/3708
f 3490/9126/3709 3498/9143/3709 3494/9135/3709 3487/9117/3709
f 3508/9165/3710 3507/9162/3710 3506/9159/3710 3505/9157/3710
f 3505/9158/3711 3506/9160/3711 3510/9169/3711 3509/9167/3711
f 3509/9168/3712 3510/9170/3712 3512/9174/3712 3511/9172/3712
f 3511/9173/3713 3512/9175/3713 3507/9163/3713 3508/9166/3713
f 3507/9164/3714 3512/9176/3714 3510/9171/3714 3506/9161/3714
f 3516/9185/3715 3515/9183/3715 3514/9180/3715 3513/9177/3715
f 3515/9184/3716 3518/9190/3716 3517/9187/3716 3514/9181/3716
f 3518/9191/3717 3520/9195/3717 3519/9192/3717 3517/9188/3717
f 3520/9196/3718 3516/9186/3718 3513/9178/3718 3519/9193/3718
f 3513/9179/3719 3514/9182/3719 3517/9189/3719 3519/9194/3719
f 3524/9206/3720 3523/9203/3720 3522/9200/3720 3521/9197/3720
f 3521/9198/3721 3522/9201/3721 3526/9212/3721 3525/9209/3721
f 3525/9210/3722 3526/9213/3722 3528/9218/3722 3527/9215/3722
f 3527/9216/3723 3528/9219/3723 3523/9204/3723 3524/9207/3723
f 3523/9205/3724 3528/9220/3724 3526/9214/3724 3522/9202/3724
f 3527/9217/3725 3524/9208/3725 3521/9199/3725 3525/9211/3725
f 3532/9230/3729 3531/9227/3728 3530/9224/3727 3529/9221/3726
f 3530/9224/3727 3531/9227/3728 3534/9236/3730 3533/9233/3730
f 3538/9248/3733 3537/9245/3620 3536/9242/3732 3535/9239/3731
f 3536/9242/3732 3537/9245/3620 3540/9254/3734 3539/9251/3734
f 3538/9248/3733 3531/9227/3728 3532/9230/3729 3537/9245/3620
f 3542/9259/3660 3535/9240/3660 3536/9243/3660 3541/9257/3660
f 3555/9287/3738 3557/9293/3737 3497/9141/3736 3495/9137/3735
f 3573/9341/3742 3568/9326/3741 3544/9263/3740 3549/9273/3739
f 3567/9325/3682 3565/9318/3744 3541/9258/3743 3543/9262/3681
f 3564/9314/3746 3563/9311/3695 3503/9154/3692 3504/9155/3745
f 3565/9317/3744 3566/9320/3748 3542/9259/3747 3541/9257/3743
f 3540/9255/3749 3545/9265/3749 3543/9261/3749 3539/9252/3749
f 3533/9234/3750 3548/9271/3750 3551/9278/3750 3530/9225/3750
f 3543/9262/3751 3541/9258/3751 3536/9244/3751 3539/9253/3751
f 3537/9246/3667 3532/9231/3667 3549/9273/3667 3544/9263/3667
f 3529/9222/3752 3530/9226/3752 3551/9277/3752 3552/9279/3752
f 3552/9280/3753 3549/9274/3753 3532/9232/3753 3529/9223/3753
f 3544/9264/3754 3545/9266/3754 3540/9256/3754 3537/9247/3754
f 3546/9268/3703 3550/9276/3703 3531/9228/3703 3538/9249/3703
f 3547/9270/3704 3548/9272/3704 3533/9235/3704 3534/9237/3704
f 3550/9275/3755 3547/9269/3755 3534/9238/3755 3531/9229/3755
f 3542/9260/3756 3546/9267/3756 3538/9250/3756 3535/9241/3756
f 3585/9369/118 3588/9375/118 3564/9315/118 3561/9305/118
f 3593/9385/120 3591/9382/118 3567/9324/118 3569/9330/120
f 3582/9363/119 3578/9355/121 3554/9284/121 3558/9296/119
f 3596/9391/118 3599/9397/118 3575/9349/118 3572/9338/118
f 3579/9357/118 3581/9361/118 3557/9294/118 3555/9288/118
f 3598/9395/118 3595/9389/1054 3571/9335/1054 3574/9344/118
f 3587/9373/118 3584/9367/121 3560/9302/121 3563/9312/118
f 3591/9381/118 3589/9377/118 3565/9318/118 3567/9325/118
f 3599/9398/118 3600/9399/118 3576/9351/118 3575/9348/118
f 3583/9365/118 3586/9371/118 3562/9308/118 3559/9299/118
f 3568/9328/3741 3569/9331/3683 3545/9266/3680 3544/9264/3740
f 3557/9295/3737 3556/9292/3758 3496/9139/3757 3497/9142/3736
f 3561/9305/3760 3564/9315/3746 3504/9156/3745 3501/9149/3759
f 3559/9299/3764 3562/9308/3763 3502/9151/3762 3499/9145/3761
f 3566/9321/3748 3570/9333/3766 3546/9267/3765 3542/9260/3747
f 3560/9303/3694 3559/9300/3764 3499/9146/3761 3500/9148/3693
f 3570/9332/3766 3574/9345/3687 3550/9276/3684 3546/9268/3765
f 3572/9338/3768 3575/9349/3699 3551/9278/3696 3548/9271/3767
f 3554/9285/3690 3553/9281/3770 3493/9133/3769 3494/9136/3689
f 3571/9336/3686 3572/9339/3768 3548/9272/3767 3547/9270/3685
f 3562/9309/3763 3558/9297/3691 3498/9144/3688 3502/9152/3762
f 3576/9352/3698 3573/9342/3742 3549/9274/3739 3552/9280/3697
f 3553/9283/3770 3555/9289/3738 3495/9138/3735 3493/9134/3769
f 3556/9290/3758 3561/9306/3760 3501/9150/3759 3496/9140/3757
f 3577/9353/3773 3580/9359/3772 3581/9361/3771 3579/9357/3771
f 3582/9364/3775 3580/9359/3772 3577/9353/3773 3578/9356/3774
f 3584/9368/3779 3585/9370/3778 3586/9372/3777 3583/9366/3776
f 3588/9376/3780 3585/9370/3778 3584/9368/3779 3587/9374/3780
f 3585/9370/3778 3580/9359/3772 3582/9364/3775 3586/9372/3777
f 3593/9385/3781 3592/9383/3783 3589/9378/3782 3591/9382/3781
f 3589/9378/3782 3592/9383/3783 3594/9388/3785 3590/9380/3784
f 3598/9396/3789 3597/9394/3788 3596/9392/3787 3595/9390/3786
f 3596/9392/3787 3597/9394/3788 3600/9399/3790 3599/9398/3790
f 3594/9388/3785 3592/9383/3783 3597/9394/3788 3598/9396/3789
f 3584/9368/121 3583/9366/118 3559/9301/118 3560/9304/121
f 3590/9379/118 3594/9387/118 3570/9333/118 3566/9321/118
f 3580/9359/118 3585/9370/118 3561/9307/118 3556/9291/118
f 3600/9400/118 3597/9393/118 3573/9342/118 3576/9352/118
f 3595/9390/1054 3596/9392/118 3572/9340/118 3571/9337/1054
f 3581/9362/118 3580/9360/118 3556/9292/118 3557/9295/118
f 3597/9394/118 3592/9383/118 3568/9327/118 3573/9343/118
f 3578/9356/121 3577/9353/121 3553/9282/121 3554/9286/121
f 3586/9372/118 3582/9364/119 3558/9298/119 3562/9310/118
f 3592/9384/118 3593/9386/120 3569/9331/120 3568/9328/118
f 3588/9376/118 3587/9374/118 3563/9313/118 3564/9316/118
f 3577/9354/121 3579/9358/118 3555/9289/118 3553/9283/121
f 3589/9378/118 3590/9380/118 3566/9322/118 3565/9319/118
f 3594/9388/118 3598/9396/118 3574/9346/118 3570/9334/118
f 3604/9410/3794 3603/9407/3793 3602/9404/3792 3601/9401/3791
f 3606/9416/3795 3605/9413/3795 3601/9401/3791 3602/9404/3792
f 3610/9428/3798 3609/9425/3797 3608/9422/3797 3607/9419/3796
f 3607/9419/3796 3612/9434/3800 3611/9431/3799 3610/9428/3798
f 3601/9401/3791 3610/9428/3798 3611/9431/3799 3604/9410/3794
f 3614/9440/3801 3613/9437/3801 3608/9423/3801 3609/9426/3801
f 3613/9438/3805 3614/9441/3804 3616/9446/3803 3615/9443/3802
f 3615/9443/3802 3618/9452/3806 3617/9449/3806 3613/9438/3805
f 3622/9464/3810 3621/9461/3809 3620/9458/3808 3619/9455/3807
f 3619/9455/3807 3624/9470/3811 3623/9467/3811 3622/9464/3810
f 3619/9455/3807 3620/9458/3808 3615/9443/3802 3616/9446/3803
f 3612/9435/3812 3607/9420/3812 3617/9450/3812 3618/9453/3812
f 3606/9417/3813 3602/9405/3813 3622/9465/3813 3623/9468/3813
f 3617/9451/3814 3607/9421/3814 3608/9424/3814 3613/9439/3814
f 3611/9432/3815 3615/9444/3815 3620/9459/3815 3604/9411/3815
f 3603/9408/3816 3621/9462/3816 3622/9466/3816 3602/9406/3816
f 3621/9463/3817 3603/9409/3817 3604/9412/3817 3620/9460/3817
f 3615/9445/3818 3611/9433/3818 3612/9436/3818 3618/9454/3818
f 3616/9447/3819 3610/9429/3819 3601/9402/3819 3619/9456/3819
f 3624/9471/3820 3605/9414/3820 3606/9418/3820 3623/9469/3820
f 3619/9457/3821 3601/9403/3821 3605/9415/3821 3624/9472/3821
f 3614/9442/3822 3609/9427/3822 3610/9430/3822 3616/9448/3822
f 3626/9476/3826 3627/9479/3825 3628/9482/3824 3625/9473/3823
f 3630/9488/3827 3627/9479/3825 3626/9476/3826 3629/9485/3827
f 3632/9494/3831 3633/9497/3830 3634/9500/3829 3631/9491/3828
f 3636/9506/3832 3633/9497/3830 3632/9494/3831 3635/9503/3832
f 3628/9482/3824 3627/9479/3825 3634/9500/3829 3633/9497/3830
f 3632/9495/3833 3631/9492/3833 3638/9512/3833 3637/9509/3833
f 3713/9705/3837 3711/9699/3836 3687/9637/3835 3689/9641/3834
f 3718/9720/3841 3715/9711/3840 3691/9645/3839 3694/9651/3838
f 3702/9672/3845 3698/9660/3844 3638/9511/3843 3642/9519/3842
f 3707/9688/3849 3704/9678/3848 3644/9523/3847 3647/9529/3846
f 3719/9723/3853 3720/9726/3852 3696/9655/3851 3695/9653/3850
f 3639/9513/3854 3641/9517/3854 3636/9507/3854 3635/9504/3854
f 3647/9529/3855 3644/9523/3855 3629/9486/3855 3626/9477/3855
f 3632/9496/3856 3637/9510/3856 3639/9514/3856 3635/9505/3856
f 3645/9526/3857 3628/9483/3857 3633/9498/3857 3640/9516/3857
f 3647/9530/3858 3626/9478/3858 3625/9474/3858 3648/9531/3858
f 3628/9484/3859 3645/9525/3859 3648/9532/3859 3625/9475/3859
f 3636/9508/3860 3641/9518/3860 3640/9515/3860 3633/9499/3860
f 3627/9480/3861 3646/9528/3861 3642/9520/3861 3634/9501/3861
f 3629/9487/3862 3644/9524/3862 3643/9522/3862 3630/9489/3862
f 3630/9490/3863 3643/9521/3863 3646/9527/3863 3627/9481/3863
f 3634/9502/3864 3642/9519/3864 3638/9511/3864 3631/9493/3864
f 3652/9541/3865 3651/9538/3865 3650/9535/3865 3649/9533/3865
f 3649/9534/3866 3650/9536/3866 3654/9545/3866 3653/9543/3866
f 3653/9544/3867 3654/9546/3867 3656/9550/3867 3655/9548/3867
f 3655/9549/3868 3656/9551/3868 3651/9539/3868 3652/9542/3868
f 3651/9540/3869 3656/9552/3869 3654/9547/3869 3650/9537/3869
f 3660/9561/3870 3659/9559/3870 3658/9556/3870 3657/9553/3870
f 3659/9560/3871 3662/9566/3871 3661/9563/3871 3658/9557/3871
f 3662/9567/3872 3664/9571/3872 3663/9568/3872 3661/9564/3872
f 3664/9572/3873 3660/9562/3873 3657/9554/3873 3663/9569/3873
f 3657/9555/3874 3658/9558/3874 3661/9565/3874 3663/9570/3874
f 3668/9582/3875 3667/9579/3875 3666/9576/3875 3665/9573/3875
f 3665/9574/3876 3666/9577/3876 3670/9588/3876 3669/9585/3876
f 3669/9586/3877 3670/9589/3877 3672/9594/3877 3671/9591/3877
f 3671/9592/3878 3672/9595/3878 3667/9580/3878 3668/9583/3878
f 3667/9581/3879 3672/9596/3879 3670/9590/3879 3666/9578/3879
f 3671/9593/3880 3668/9584/3880 3665/9575/3880 3669/9587/3880
f 3676/9606/3884 3675/9603/3883 3674/9600/3882 3673/9597/3881
f 3674/9600/3882 3675/9603/3883 3678/9612/3885 3677/9609/3885
f 3682/9624/3889 3681/9621/3888 3680/9618/3887 3679/9615/3886
f 3680/9618/3887 3681/9621/3888 3684/9630/3890 3683/9627/3890
f 3682/9624/3889 3675/9603/3883 3676/9606/3884 3681/9621/3888
f 3686/9635/3891 3679/9616/3891 3680/9619/3891 3685/9633/3891
f 3699/9663/3895 3701/9669/3894 3641/9517/3893 3639/9513/3892
f 3717/9717/3899 3712/9702/3898 3688/9639/3897 3693/9649/3896
f 3711/9701/3836 3709/9694/3901 3685/9634/3900 3687/9638/3835
f 3708/9690/3903 3707/9687/3849 3647/9530/3846 3648/9531/3902
f 3709/9693/3901 3710/9696/3905 3686/9635/3904 3685/9633/3900
f 3684/9631/3833 3689/9641/3833 3687/9637/3833 3683/9628/3833
f 3677/9610/3906 3692/9647/3906 3695/9654/3906 3674/9601/3906
f 3687/9638/3907 3685/9634/3907 3680/9620/3907 3683/9629/3907
f 3681/9622/3819 3676/9607/3819 3693/9649/3819 3688/9639/3819
f 3673/9598/3908 3674/9602/3908 3695/9653/3908 3696/9655/3908
f 3696/9656/3909 3693/9650/3909 3676/9608/3909 3673/9599/3909
f 3688/9640/3910 3689/9642/3910 3684/9632/3910 3681/9623/3910
f 3690/9644/3857 3694/9652/3857 3675/9604/3857 3682/9625/3857
f 3691/9646/3858 3692/9648/3858 3677/9611/3858 3678/9613/3858
f 3694/9651/3911 3691/9645/3911 3678/9614/3911 3675/9605/3911
f 3686/9636/3912 3690/9643/3912 3682/9626/3912 3679/9617/3912
f 3729/9745/118 3732/9751/118 3708/9691/118 3705/9681/118
f 3737/9761/118 3735/9758/119 3711/9700/119 3713/9706/118
f 3726/9739/118 3722/9731/118 3698/9660/118 3702/9672/118
f 3740/9767/118 3743/9773/118 3719/9725/118 3716/9714/118
f 3723/9733/118 3725/9737/119 3701/9670/119 3699/9664/118
f 3742/9771/118 3739/9765/121 3715/9711/121 3718/9720/118
f 3731/9749/118 3728/9743/118 3704/9678/118 3707/9688/118
f 3735/9757/119 3733/9753/121 3709/9694/121 3711/9701/119
f 3743/9774/118 3744/9775/118 3720/9727/118 3719/9724/118
f 3727/9741/118 3730/9747/119 3706/9684/119 3703/9675/118
f 3712/9704/3898 3713/9707/3837 3689/9642/3834 3688/9640/3897
f 3701/9671/3894 3700/9668/3914 3640/9515/3913 3641/9518/3893
f 3705/9681/3916 3708/9691/3903 3648/9532/3902 3645/9525/3915
f 3703/9675/3920 3706/9684/3919 3646/9527/3918 3643/9521/3917
f 3710/9697/3905 3714/9709/3922 3690/9643/3921 3686/9636/3904
f 3704/9679/3848 3703/9676/3920 3643/9522/3917 3644/9524/3847
f 3714/9708/3922 3718/9721/3841 3694/9652/3838 3690/9644/3921
f 3716/9714/3924 3719/9725/3853 3695/9654/3850 3692/9647/3923
f 3698/9661/3844 3697/9657/3926 3637/9509/3925 3638/9512/3843
f 3715/9712/3840 3716/9715/3924 3692/9648/3923 3691/9646/3839
f 3706/9685/3919 3702/9673/3845 3642/9520/3842 3646/9528/3918
f 3720/9728/3852 3717/9718/3899 3693/9650/3896 3696/9656/3851
f 3697/9659/3926 3699/9665/3895 3639/9514/3892 3637/9510/3925
f 3700/9666/3914 3705/9682/3916 3645/9526/3915 3640/9516/3913
f 3721/9729/3929 3724/9735/3928 3725/9737/3927 3723/9733/3927
f 3726/9740/3931 3724/9735/3928 3721/9729/3929 3722/9732/3930
f 3728/9744/3935 3729/9746/3934 3730/9748/3933 3727/9742/3932
f 3732/9752/3936 3729/9746/3934 3728/9744/3935 3731/9750/3936
f 3729/9746/3934 3724/9735/3928 3726/9740/3931 3730/9748/3933
f 3737/9761/3937 3736/9759/3939 3733/9754/3938 3735/9758/3937
f 3733/9754/3938 3736/9759/3939 3738/9764/3941 3734/9756/3940
f 3742/9772/3945 3741/9770/3944 3740/9768/3943 3739/9766/3942
f 3740/9768/3943 3741/9770/3944 3744/9775/3946 3743/9774/3946
f 3738/9764/3941 3736/9759/3939 3741/9770/3944 3742/9772/3945
f 3728/9744/118 3727/9742/118 3703/9677/118 3704/9680/118
f 3734/9755/118 3738/9763/120 3714/9709/120 3710/9697/118
f 3724/9735/124 3729/9746/118 3705/9683/118 3700/9667/124
f 3744/9776/118 3741/9769/118 3717/9718/118 3720/9728/118
f 3739/9766/121 3740/9768/118 3716/9716/118 3715/9713/121
f 3725/9738/119 3724/9736/124 3700/9668/124 3701/9671/119
f 3741/9770/118 3736/9759/124 3712/9703/124 3717/9719/118
f 3722/9732/118 3721/9729/118 3697/9658/118 3698/9662/118
f 3730/9748/119 3726/9740/118 3702/9674/118 3706/9686/119
f 3736/9760/124 3737/9762/118 3713/9707/118 3712/9704/124
f 3732/9752/118 3731/9750/118 3707/9689/118 3708/9692/118
f 3721/9730/118 3723/9734/118 3699/9665/118 3697/9659/118
f 3733/9754/121 3734/9756/118 3710/9698/118 3709/9695/121
f 3738/9764/120 3742/9772/118 3718/9722/118 3714/9710/120
f 3748/9786/3950 3747/9783/3949 3746/9780/3948 3745/9777/3947
f 3750/9792/3951 3749/9789/3951 3745/9777/3947 3746/9780/3948
f 3754/9804/3954 3753/9801/3953 3752/9798/3953 3751/9795/3952
f 3751/9795/3952 3756/9810/3956 3755/9807/3955 3754/9804/3954
f 3745/9777/3947 3754/9804/3954 3755/9807/3955 3748/9786/3950
f 3758/9816/3957 3757/9813/3957 3752/9799/3957 3753/9802/3957
f 3757/9814/3961 3758/9817/3960 3760/9822/3959 3759/9819/3958
f 3759/9819/3958 3762/9828/3962 3761/9825/3962 3757/9814/3961
f 3766/9840/3966 3765/9837/3965 3764/9834/3964 3763/9831/3963
f 3763/9831/3963 3768/9846/3967 3767/9843/3967 3766/9840/3966
f 3763/9831/3963 3764/9834/3964 3759/9819/3958 3760/9822/3959
f 3756/9811/3968 3751/9796/3968 3761/9826/3968 3762/9829/3968
f 3750/9793/3969 3746/9781/3969 3766/9841/3969 3767/9844/3969
f 3761/9827/3970 3751/9797/3970 3752/9800/3970 3757/9815/3970
f 3755/9808/3971 3759/9820/3971 3764/9835/3971 3748/9787/3971
f 3747/9784/3972 3765/9838/3972 3766/9842/3972 3746/9782/3972
f 3765/9839/3973 3747/9785/3973 3748/9788/3973 3764/9836/3973
f 3759/9821/3974 3755/9809/3974 3756/9812/3974 3762/9830/3974
f 3760/9823/3975 3754/9805/3975 3745/9778/3975 3763/9832/3975
f 3768/9847/3976 3749/9790/3976 3750/9794/3976 3767/9845/3976
f 3763/9833/3977 3745/9779/3977 3749/9791/3977 3768/9848/3977
f 3758/9818/3978 3753/9803/3978 3754/9806/3978 3760/9824/3978
f 3770/9852/3982 3771/9855/3981 3772/9858/3980 3769/9849/3979
f 3774/9864/3983 3771/9855/3981 3770/9852/3982 3773/9861/3983
f 3776/9870/3938 3777/9873/3939 3778/9876/3985 3775/9867/3984
f 3780/9882/3937 3777/9873/3939 3776/9870/3938 3779/9879/3937
f 3772/9858/3980 3771/9855/3981 3778/9876/3985 3777/9873/3939
f 3776/9871/3986 3775/9868/3986 3782/9888/3986 3781/9885/3986
f 3857/10081/3990 3855/10075/3989 3831/10013/3988 3833/10017/3987
f 3862/10096/3994 3859/10087/3993 3835/10021/3992 3838/10027/3991
f 3846/10048/3998 3842/10036/3997 3782/9887/3996 3786/9895/3995
f 3851/10064/4002 3848/10054/4001 3788/9899/4000 3791/9905/3999
f 3863/10099/4006 3864/10102/4005 3840/10031/4004 3839/10029/4003
f 3783/9889/3968 3785/9893/3968 3780/9883/3968 3779/9880/3968
f 3791/9905/4007 3788/9899/4007 3773/9862/4007 3770/9853/4007
f 3776/9872/4008 3781/9886/4008 3783/9890/4008 3779/9881/4008
f 3789/9902/3971 3772/9859/3971 3777/9874/3971 3784/9892/3971
f 3791/9906/4009 3770/9854/4009 3769/9850/4009 3792/9907/4009
f 3772/9860/4010 3789/9901/4010 3792/9908/4010 3769/9851/4010
f 3780/9884/4011 3785/9894/4011 3784/9891/4011 3777/9875/4011
f 3771/9856/3975 3790/9904/3975 3786/9896/3975 3778/9877/3975
f 3773/9863/4012 3788/9900/4012 3787/9898/4012 3774/9865/4012
f 3774/9866/4013 3787/9897/4013 3790/9903/4013 3771/9857/4013
f 3778/9878/4014 3786/9895/4014 3782/9887/4014 3775/9869/4014
f 3796/9917/4015 3795/9914/4015 3794/9911/4015 3793/9909/4015
f 3793/9910/4016 3794/9912/4016 3798/9921/4016 3797/9919/4016
f 3797/9920/4017 3798/9922/4017 3800/9926/4017 3799/9924/4017
f 3799/9925/4018 3800/9927/4018 3795/9915/4018 3796/9918/4018
f 3795/9916/4019 3800/9928/4019 3798/9923/4019 3794/9913/4019
f 3804/9937/4020 3803/9935/4020 3802/9932/4020 3801/9929/4020
f 3803/9936/4021 3806/9942/4021 3805/9939/4021 3802/9933/4021
f 3806/9943/4022 3808/9947/4022 3807/9944/4022 3805/9940/4022
f 3808/9948/4023 3804/9938/4023 3801/9930/4023 3807/9945/4023
f 3801/9931/4024 3802/9934/4024 3805/9941/4024 3807/9946/4024
f 3812/9958/4025 3811/9955/4025 3810/9952/4025 3809/9949/4025
f 3809/9950/4026 3810/9953/4026 3814/9964/4026 3813/9961/4026
f 3813/9962/4027 3814/9965/4027 3816/9970/4027 3815/9967/4027
f 3815/9968/4028 3816/9971/4028 3811/9956/4028 3812/9959/4028
f 3811/9957/4029 3816/9972/4029 3814/9966/4029 3810/9954/4029
f 3815/9969/4030 3812/9960/4030 3809/9951/4030 3813/9963/4030
f 3820/9982/4034 3819/9979/4033 3818/9976/4032 3817/9973/4031
f 3818/9976/4032 3819/9979/4033 3822/9988/4035 3821/9985/4035
f 3826/10000/4037 3825/9997/3928 3824/9994/3929 3823/9991/4036
f 3824/9994/3929 3825/9997/3928 3828/10006/3927 3827/10003/3927
f 3826/10000/4037 3819/9979/4033 3820/9982/4034 3825/9997/3928
f 3830/10011/4038 3823/9992/4038 3824/9995/4038 3829/10009/4038
f 3843/10039/4042 3845/10045/4041 3785/9893/4040 3783/9889/4039
f 3861/10093/4046 3856/10078/4045 3832/10015/4044 3837/10025/4043
f 3855/10077/3989 3853/10070/4048 3829/10010/4047 3831/10014/3988
f 3852/10066/4050 3851/10063/4002 3791/9906/3999 3792/9907/4049
f 3853/10069/4048 3854/10072/4052 3830/10011/4051 3829/10009/4047
f 3828/10007/4053 3833/10017/4053 3831/10013/4053 3827/10004/4053
f 3821/9986/4054 3836/10023/4054 3839/10030/4054 3818/9977/4054
f 3831/10014/4055 3829/10010/4055 3824/9996/4055 3827/10005/4055
f 3825/9998/3975 3820/9983/3975 3837/10025/3975 3832/10015/3975
f 3817/9974/4056 3818/9978/4056 3839/10029/4056 3840/10031/4056
f 3840/10032/4057 3837/10026/4057 3820/9984/4057 3817/9975/4057
f 3832/10016/4058 3833/10018/4058 3828/10008/4058 3825/9999/4058
f 3834/10020/3971 3838/10028/3971 3819/9980/3971 3826/10001/3971
f 3835/10022/4059 3836/10024/4059 3821/9987/4059 3822/9989/4059
f 3838/10027/4060 3835/10021/4060 3822/9990/4060 3819/9981/4060
f 3830/10012/4061 3834/10019/4061 3826/10002/4061 3823/9993/4061
f 3873/10121/124 3876/10127/120 3852/10067/118 3849/10057/124
f 3881/10137/118 3879/10134/120 3855/10076/120 3857/10082/118
f 3870/10115/118 3866/10107/118 3842/10036/118 3846/10048/118
f 3884/10143/118 3887/10149/118 3863/10101/118 3860/10090/118
f 3867/10109/120 3869/10113/118 3845/10046/118 3843/10040/120
f 3886/10147/118 3883/10141/121 3859/10087/121 3862/10096/118
f 3875/10125/118 3872/10119/124 3848/10054/124 3851/10064/118
f 3879/10133/120 3877/10129/118 3853/10070/118 3855/10077/120
f 3887/10150/118 3888/10151/118 3864/10103/118 3863/10100/118
f 3871/10117/118 3874/10123/119 3850/10060/119 3847/10051/118
f 3856/10080/4045 3857/10083/3990 3833/10018/3987 3832/10016/4044
f 3845/10047/4041 3844/10044/4063 3784/9891/4062 3785/9894/4040
f 3849/10057/4065 3852/10067/4050 3792/9908/4049 3789/9901/4064
f 3847/10051/4069 3850/10060/4068 3790/9903/4067 3787/9897/4066
f 3854/10073/4052 3858/10085/4071 3834/10019/4070 3830/10012/4051
f 3848/10055/4001 3847/10052/4069 3787/9898/4066 3788/9900/4000
f 3858/10084/4071 3862/10097/3994 3838/10028/3991 3834/10020/4070
f 3860/10090/4073 3863/10101/4006 3839/10030/4003 3836/10023/4072
f 3842/10037/3997 3841/10033/4075 3781/9885/4074 3782/9888/3996
f 3859/10088/3993 3860/10091/4073 3836/10024/4072 3835/10022/3992
f 3850/10061/4068 3846/10049/3998 3786/9896/3995 3790/9904/4067
f 3864/10104/4005 3861/10094/4046 3837/10026/4043 3840/10032/4004
f 3841/10035/4075 3843/10041/4042 3783/9890/4039 3781/9886/4074
f 3844/10042/4063 3849/10058/4065 3789/9902/4064 3784/9892/4062
f 3865/10105/4078 3868/10111/4077 3869/10113/4076 3867/10109/4076
f 3870/10116/4080 3868/10111/4077 3865/10105/4078 3866/10108/4079
f 3872/10120/4084 3873/10122/4083 3874/10124/4082 3871/10118/4081
f 3876/10128/4085 3873/10122/4083 3872/10120/4084 3875/10126/4085
f 3873/10122/4083 3868/10111/4077 3870/10116/4080 3874/10124/4082
f 3881/10137/4086 3880/10135/4088 3877/10130/4087 3879/10134/4086
f 3877/10130/4087 3880/10135/4088 3882/10140/4090 3878/10132/4089
f 3886/10148/4094 3885/10146/4093 3884/10144/4092 3883/10142/4091
f 3884/10144/4092 3885/10146/4093 3888/10151/4095 3887/10150/4095
f 3882/10140/4090 3880/10135/4088 3885/10146/4093 3886/10148/4094
f 3872/10120/124 3871/10118/118 3847/10053/118 3848/10056/124
f 3878/10131/118 3882/10139/118 3858/10085/118 3854/10073/118
f 3868/10111/118 3873/10122/124 3849/10059/124 3844/10043/118
f 3888/10152/118 3885/10145/124 3861/10094/124 3864/10104/118
f 3883/10142/121 3884/10144/118 3860/10092/118 3859/10089/121
f 3869/10114/118 3868/10112/118 3844/10044/118 3845/10047/118
f 3885/10146/124 3880/10135/118 3856/10079/118 3861/10095/124
f 3866/10108/118 3865/10105/118 3841/10034/118 3842/10038/118
f 3874/10124/119 3870/10116/118 3846/10050/118 3850/10062/119
f 3880/10136/118 3881/10138/118 3857/10083/118 3856/10080/118
f 3876/10128/120 3875/10126/118 3851/10065/118 3852/10068/118
f 3865/10106/118 3867/10110/120 3843/10041/120 3841/10035/118
f 3877/10130/118 3878/10132/118 3854/10074/118 3853/10071/118
f 3882/10140/118 3886/10148/118 3862/10098/118 3858/10086/118
f 3892/10162/4099 3891/10159/4098 3890/10156/4097 3889/10153/4096
f 3894/10168/4100 3893/10165/4100 3889/10153/4096 3890/10156/4097
f 3898/10180/4103 3897/10177/4102 3896/10174/4102 3895/10171/4101
f 3895/10171/4101 3900/10186/4105 3899/10183/4104 3898/10180/4103
f 3889/10153/4096 3898/10180/4103 3899/10183/4104 3892/10162/4099
f 3902/10192/4106 3901/10189/4106 3896/10175/4106 3897/10178/4106
f 3901/10190/4110 3902/10193/4109 3904/10198/4108 3903/10195/4107
f 3903/10195/4107 3906/10204/4111 3905/10201/4111 3901/10190/4110
f 3910/10216/4115 3909/10213/4114 3908/10210/4113 3907/10207/4112
f 3907/10207/4112 3912/10222/4116 3911/10219/4116 3910/10216/4115
f 3907/10207/4112 3908/10210/4113 3903/10195/4107 3904/10198/4108
f 3900/10187/4117 3895/10172/4117 3905/10202/4117 3906/10205/4117
f 3894/10169/4118 3890/10157/4118 3910/10217/4118 3911/10220/4118
f 3905/10203/4119 3895/10173/4119 3896/10176/4119 3901/10191/4119
f 3899/10184/4120 3903/10196/4120 3908/10211/4120 3892/10163/4120
f 3891/10160/4121 3909/10214/4121 3910/10218/4121 3890/10158/4121
f 3909/10215/4122 3891/10161/4122 3892/10164/4122 3908/10212/4122
f 3903/10197/4123 3899/10185/4123 3900/10188/4123 3906/10206/4123
f 3904/10199/4124 3898/10181/4124 3889/10154/4124 3907/10208/4124
f 3912/10223/4125 3893/10166/4125 3894/10170/4125 3911/10221/4125
f 3907/10209/4126 3889/10155/4126 3893/10167/4126 3912/10224/4126
f 3902/10194/4127 3897/10179/4127 3898/10182/4127 3904/10200/4127
f 3914/10228/4131 3915/10231/4130 3916/10234/4129 3913/10225/4128
f 3918/10240/4132 3915/10231/4130 3914/10228/4131 3917/10237/4132
f 3920/10246/4087 3921/10249/4133 3922/10252/4090 3919/10243/4089
f 3924/10258/4134 3921/10249/4133 3920/10246/4087 3923/10255/4134
f 3916/10234/4129 3915/10231/4130 3922/10252/4090 3921/10249/4133
f 3920/10247/4135 3919/10244/4135 3926/10264/4135 3925/10261/4135
f 4001/10457/4139 3999/10451/4138 3975/10389/4137 3977/10393/4136
f 4006/10472/4143 4003/10463/4142 3979/10397/4141 3982/10403/4140
f 3990/10424/4147 3986/10412/4146 3926/10263/4145 3930/10271/4144
f 3995/10440/4151 3992/10430/4150 3932/10275/4149 3935/10281/4148
f 4007/10475/4155 4008/10478/4154 3984/10407/4153 3983/10405/4152
f 3927/10265/4156 3929/10269/4156 3924/10259/4156 3923/10256/4156
f 3935/10281/4157 3932/10275/4157 3917/10238/4157 3914/10229/4157
f 3920/10248/4158 3925/10262/4158 3927/10266/4158 3923/10257/4158
f 3933/10278/4120 3916/10235/4120 3921/10250/4120 3928/10268/4120
f 3935/10282/4121 3914/10230/4121 3913/10226/4121 3936/10283/4121
f 3916/10236/4159 3933/10277/4159 3936/10284/4159 3913/10227/4159
f 3924/10260/4160 3929/10270/4160 3928/10267/4160 3921/10251/4160
f 3915/10232/4161 3934/10280/4161 3930/10272/4161 3922/10253/4161
f 3917/10239/4125 3932/10276/4125 3931/10274/4125 3918/10241/4125
f 3918/10242/4162 3931/10273/4162 3934/10279/4162 3915/10233/4162
f 3922/10254/4163 3930/10271/4163 3926/10263/4163 3919/10245/4163
f 3940/10293/4164 3939/10290/4164 3938/10287/4164 3937/10285/4164
f 3937/10286/4165 3938/10288/4165 3942/10297/4165 3941/10295/4165
f 3941/10296/4166 3942/10298/4166 3944/10302/4166 3943/10300/4166
f 3943/10301/4167 3944/10303/4167 3939/10291/4167 3940/10294/4167
f 3939/10292/4168 3944/10304/4168 3942/10299/4168 3938/10289/4168
f 3948/10313/4169 3947/10311/4169 3946/10308/4169 3945/10305/4169
f 3947/10312/4167 3950/10318/4167 3949/10315/4167 3946/10309/4167
f 3950/10319/4170 3952/10323/4170 3951/10320/4170 3949/10316/4170
f 3952/10324/4171 3948/10314/4171 3945/10306/4171 3951/10321/4171
f 3945/10307/4172 3946/10310/4172 3949/10317/4172 3951/10322/4172
f 3956/10334/4173 3955/10331/4173 3954/10328/4173 3953/10325/4173
f 3953/10326/4174 3954/10329/4174 3958/10340/4174 3957/10337/4174
f 3957/10338/4175 3958/10341/4175 3960/10346/4175 3959/10343/4175
f 3959/10344/4176 3960/10347/4176 3955/10332/4176 3956/10335/4176
f 3955/10333/4177 3960/10348/4177 3958/10342/4177 3954/10330/4177
f 3959/10345/4178 3956/10336/4178 3953/10327/4178 3957/10339/4178
f 3964/10358/4182 3963/10355/4181 3962/10352/4180 3961/10349/4179
f 3962/10352/4180 3963/10355/4181 3966/10364/4183 3965/10361/4183
f 3970/10376/4187 3969/10373/4186 3968/10370/4185 3967/10367/4184
f 3968/10370/4185 3969/10373/4186 3972/10382/4076 3971/10379/4076
f 3970/10376/4187 3963/10355/4181 3964/10358/4182 3969/10373/4186
f 3974/10387/4188 3967/10368/4188 3968/10371/4188 3973/10385/4188
f 3987/10415/4192 3989/10421/4191 3929/10269/4190 3927/10265/4189
f 4005/10469/4196 4000/10454/4195 3976/10391/4194 3981/10401/4193
f 3999/10453/4138 3997/10446/4198 3973/10386/4197 3975/10390/4137
f 3996/10442/4200 3995/10439/4151 3935/10282/4148 3936/10283/4199
f 3997/10445/4198 3998/10448/4202 3974/10387/4201 3973/10385/4197
f 3972/10383/4106 3977/10393/4106 3975/10389/4106 3971/10380/4106
f 3965/10362/4203 3980/10399/4203 3983/10406/4203 3962/10353/4203
f 3975/10390/4204 3973/10386/4204 3968/10372/4204 3971/10381/4204
f 3969/10374/4161 3964/10359/4161 3981/10401/4161 3976/10391/4161
f 3961/10350/4205 3962/10354/4205 3983/10405/4205 3984/10407/4205
f 3984/10408/4206 3981/10402/4206 3964/10360/4206 3961/10351/4206
f 3976/10392/4207 3977/10394/4207 3972/10384/4207 3969/10375/4207
f 3978/10396/4120 3982/10404/4120 3963/10356/4120 3970/10377/4120
f 3979/10398/4208 3980/10400/4208 3965/10363/4208 3966/10365/4208
f 3982/10403/4209 3979/10397/4209 3966/10366/4209 3963/10357/4209
f 3974/10388/4210 3978/10395/4210 3970/10378/4210 3967/10369/4210
f 4017/10497/118 4020/10503/118 3996/10443/118 3993/10433/118
f 4025/10513/120 4023/10510/118 3999/10452/118 4001/10458/120
f 4014/10491/118 4010/10483/118 3986/10412/118 3990/10424/118
f 4028/10519/118 4031/10525/118 4007/10477/118 4004/10466/118
f 4011/10485/120 4013/10489/118 3989/10422/118 3987/10416/120
f 4030/10523/118 4027/10517/120 4003/10463/120 4006/10472/118
f 4019/10501/124 4016/10495/118 3992/10430/118 3995/10440/124
f 4023/10509/118 4021/10505/120 3997/10446/120 3999/10453/118
f 4031/10526/118 4032/10527/118 4008/10479/118 4007/10476/118
f 4015/10493/120 4018/10499/121 3994/10436/121 3991/10427/120
f 4000/10456/4195 4001/10459/4139 3977/10394/4136 3976/10392/4194
f 3989/10423/4191 3988/10420/4212 3928/10267/4211 3929/10270/4190
f 3993/10433/4214 3996/10443/4200 3936/10284/4199 3933/10277/4213
f 3991/10427/4218 3994/10436/4217 3934/10279/4216 3931/10273/4215
f 3998/10449/4202 4002/10461/4220 3978/10395/4219 3974/10388/4201
f 3992/10431/4150 3991/10428/4218 3931/10274/4215 3932/10276/4149
f 4002/10460/4220 4006/10473/4143 3982/10404/4140 3978/10396/4219
f 4004/10466/4222 4007/10477/4155 3983/10406/4152 3980/10399/4221
f 3986/10413/4146 3985/10409/4224 3925/10261/4223 3926/10264/4145
f 4003/10464/4142 4004/10467/4222 3980/10400/4221 3979/10398/4141
f 3994/10437/4217 3990/10425/4147 3930/10272/4144 3934/10280/4216
f 4008/10480/4154 4005/10470/4196 3981/10402/4193 3984/10408/4153
f 3985/10411/4224 3987/10417/4192 3927/10266/4189 3925/10262/4223
f 3988/10418/4212 3993/10434/4214 3933/10278/4213 3928/10268/4211
f 4009/10481/4227 4012/10487/4226 4013/10489/4225 4011/10485/4225
f 4014/10492/4229 4012/10487/4226 4009/10481/4227 4010/10484/4228
f 4016/10496/4233 4017/10498/4232 4018/10500/4231 4015/10494/4230
f 4020/10504/4234 4017/10498/4232 4016/10496/4233 4019/10502/4234
f 4017/10498/4232 4012/10487/4226 4014/10492/4229 4018/10500/4231
f 4025/10513/4235 4024/10511/4237 4021/10506/4236 4023/10510/4235
f 4021/10506/4236 4024/10511/4237 4026/10516/4239 4022/10508/4238
f 4030/10524/4243 4029/10522/4242 4028/10520/4241 4027/10518/4240
f 4028/10520/4241 4029/10522/4242 4032/10527/4244 4031/10526/4244
f 4026/10516/4239 4024/10511/4237 4029/10522/4242 4030/10524/4243
f 4016/10496/118 4015/10494/120 3991/10429/120 3992/10432/118
f 4022/10507/118 4026/10515/118 4002/10461/118 3998/10449/118
f 4012/10487/120 4017/10498/118 3993/10435/118 3988/10419/120
f 4032/10528/118 4029/10521/118 4005/10470/118 4008/10480/118
f 4027/10518/120 4028/10520/118 4004/10468/118 4003/10465/120
f 4013/10490/118 4012/10488/120 3988/10420/120 3989/10423/118
f 4029/10522/118 4024/10511/120 4000/10455/120 4005/10471/118
f 4010/10484/118 4009/10481/120 3985/10410/120 3986/10414/118
f 4018/10500/121 4014/10492/118 3990/10426/118 3994/10438/121
f 4024/10512/120 4025/10514/120 4001/10459/120 4000/10456/120
f 4020/10504/118 4019/10502/124 3995/10441/124 3996/10444/118
f 4009/10482/120 4011/10486/120 3987/10417/120 3985/10411/120
f 4021/10506/120 4022/10508/118 3998/10450/118 3997/10447/120
f 4026/10516/118 4030/10524/118 4006/10474/118 4002/10462/118
f 4036/10538/4248 4035/10535/4247 4034/10532/4246 4033/10529/4245
f 4038/10544/4249 4037/10541/4249 4033/10529/4245 4034/10532/4246
f 4042/10556/4252 4041/10553/4251 4040/10550/4251 4039/10547/4250
f 4039/10547/4250 4044/10562/4254 4043/10559/4253 4042/10556/4252
f 4033/10529/4245 4042/10556/4252 4043/10559/4253 4036/10538/4248
f 4046/10568/4255 4045/10565/4255 4040/10551/4255 4041/10554/4255
f 4045/10566/4259 4046/10569/4258 4048/10574/4257 4047/10571/4256
f 4047/10571/4256 4050/10580/4260 4049/10577/4260 4045/10566/4259
f 4054/10592/4264 4053/10589/4263 4052/10586/4262 4051/10583/4261
f 4051/10583/4261 4056/10598/4265 4055/10595/4265 4054/10592/4264
f 4051/10583/4261 4052/10586/4262 4047/10571/4256 4048/10574/4257
f 4044/10563/4266 4039/10548/4266 4049/10578/4266 4050/10581/4266
f 4038/10545/4267 4034/10533/4267 4054/10593/4267 4055/10596/4267
f 4049/10579/4268 4039/10549/4268 4040/10552/4268 4045/10567/4268
f 4043/10560/4269 4047/10572/4269 4052/10587/4269 4036/10539/4269
f 4035/10536/4270 4053/10590/4270 4054/10594/4270 4034/10534/4270
f 4053/10591/4271 4035/10537/4271 4036/10540/4271 4052/10588/4271
f 4047/10573/4272 4043/10561/4272 4044/10564/4272 4050/10582/4272
f 4048/10575/4273 4042/10557/4273 4033/10530/4273 4051/10584/4273
f 4056/10599/4274 4037/10542/4274 4038/10546/4274 4055/10597/4274
f 4051/10585/4275 4033/10531/4275 4037/10543/4275 4056/10600/4275
f 4046/10570/4276 4041/10555/4276 4042/10558/4276 4048/10576/4276
f 4058/10604/4279 4059/10607/4241 4060/10610/4278 4057/10601/4277
f 4062/10616/4280 4059/10607/4241 4058/10604/4279 4061/10613/4280
f 4064/10622/4236 4065/10625/4281 4066/10628/4239 4063/10619/4238
f 4068/10634/4282 4065/10625/4281 4064/10622/4236 4067/10631/4282
f 4060/10610/4278 4059/10607/4241 4066/10628/4239 4065/10625/4281
f 4064/10623/4283 4063/10620/4283 4070/10640/4283 4069/10637/4283
f 4145/10833/4287 4143/10827/4286 4119/10765/4285 4121/10769/4284
f 4150/10848/4291 4147/10839/4290 4123/10773/4289 4126/10779/4288
f 4134/10800/4295 4130/10788/4294 4070/10639/4293 4074/10647/4292
f 4139/10816/4299 4136/10806/4298 4076/10651/4297 4079/10657/4296
f 4151/10851/4303 4152/10854/4302 4128/10783/4301 4127/10781/4300
f 4071/10641/4304 4073/10645/4304 4068/10635/4304 4067/10632/4304
f 4079/10657/4305 4076/10651/4305 4061/10614/4305 4058/10605/4305
f 4064/10624/4306 4069/10638/4306 4071/10642/4306 4067/10633/4306
f 4077/10654/4307 4060/10611/4307 4065/10626/4307 4072/10644/4307
f 4079/10658/4308 4058/10606/4308 4057/10602/4308 4080/10659/4308
f 4060/10612/4309 4077/10653/4309 4080/10660/4309 4057/10603/4309
f 4068/10636/4310 4073/10646/4310 4072/10643/4310 4065/10627/4310
f 4059/10608/4273 4078/10656/4273 4074/10648/4273 4066/10629/4273
f 4061/10615/4274 4076/10652/4274 4075/10650/4274 4062/10617/4274
f 4062/10618/4311 4075/10649/4311 4078/10655/4311 4059/10609/4311
f 4066/10630/4312 4074/10647/4312 4070/10639/4312 4063/10621/4312
f 4084/10669/4313 4083/10666/4313 4082/10663/4313 4081/10661/4313
f 4081/10662/4314 4082/10664/4314 4086/10673/4314 4085/10671/4314
f 4085/10672/4315 4086/10674/4315 4088/10678/4315 4087/10676/4315
f 4087/10677/4316 4088/10679/4316 4083/10667/4316 4084/10670/4316
f 4083/10668/4317 4088/10680/4317 4086/10675/4317 4082/10665/4317
f 4092/10689/4318 4091/10687/4318 4090/10684/4318 4089/10681/4318
f 4091/10688/4319 4094/10694/4319 4093/10691/4319 4090/10685/4319
f 4094/10695/4320 4096/10699/4320 4095/10696/4320 4093/10692/4320
f 4096/10700/4314 4092/10690/4314 4089/10682/4314 4095/10697/4314
f 4089/10683/4321 4090/10686/4321 4093/10693/4321 4095/10698/4321
f 4100/10710/4322 4099/10707/4322 4098/10704/4322 4097/10701/4322
f 4097/10702/4323 4098/10705/4323 4102/10716/4323 4101/10713/4323
f 4101/10714/4324 4102/10717/4324 4104/10722/4324 4103/10719/4324
f 4103/10720/4325 4104/10723/4325 4099/10708/4325 4100/10711/4325
f 4099/10709/4326 4104/10724/4326 4102/10718/4326 4098/10706/4326
f 4103/10721/4327 4100/10712/4327 4097/10703/4327 4101/10715/4327
f 4108/10734/4331 4107/10731/4330 4106/10728/4329 4105/10725/4328
f 4106/10728/4329 4107/10731/4330 4110/10740/4332 4109/10737/4332
f 4114/10752/4334 4113/10749/4333 4112/10746/4227 4111/10743/4228
f 4112/10746/4227 4113/10749/4333 4116/10758/4335 4115/10755/4335
f 4114/10752/4334 4107/10731/4330 4108/10734/4331 4113/10749/4333
f 4118/10763/4336 4111/10744/4336 4112/10747/4336 4117/10761/4336
f 4131/10791/4340 4133/10797/4339 4073/10645/4338 4071/10641/4337
f 4149/10845/4344 4144/10830/4343 4120/10767/4342 4125/10777/4341
f 4143/10829/4286 4141/10822/4346 4117/10762/4345 4119/10766/4285
f 4140/10818/4348 4139/10815/4299 4079/10658/4296 4080/10659/4347
f 4141/10821/4346 4142/10824/4350 4118/10763/4349 4117/10761/4345
f 4116/10759/4351 4121/10769/4351 4119/10765/4351 4115/10756/4351
f 4109/10738/4352 4124/10775/4352 4127/10782/4352 4106/10729/4352
f 4119/10766/4353 4117/10762/4353 4112/10748/4353 4115/10757/4353
f 4113/10750/4273 4108/10735/4273 4125/10777/4273 4120/10767/4273
f 4105/10726/4354 4106/10730/4354 4127/10781/4354 4128/10783/4354
f 4128/10784/4355 4125/10778/4355 4108/10736/4355 4105/10727/4355
f 4120/10768/4356 4121/10770/4356 4116/10760/4356 4113/10751/4356
f 4122/10772/4307 4126/10780/4307 4107/10732/4307 4114/10753/4307
f 4123/10774/4308 4124/10776/4308 4109/10739/4308 4110/10741/4308
f 4126/10779/4357 4123/10773/4357 4110/10742/4357 4107/10733/4357
f 4118/10764/4358 4122/10771/4358 4114/10754/4358 4111/10745/4358
f 4161/10873/118 4164/10879/118 4140/10819/118 4137/10809/118
f 4169/10889/124 4167/10886/120 4143/10828/120 4145/10834/124
f 4158/10867/118 4154/10859/118 4130/10788/118 4134/10800/118
f 4172/10895/118 4175/10901/118 4151/10853/118 4148/10842/118
f 4155/10861/119 4157/10865/119 4133/10798/119 4131/10792/119
f 4174/10899/124 4171/10893/118 4147/10839/118 4150/10848/124
f 4163/10877/118 4160/10871/121 4136/10806/121 4139/10816/118
f 4167/10885/120 4165/10881/118 4141/10822/118 4143/10829/120
f 4175/10902/118 4176/10903/118 4152/10855/118 4151/10852/118
f 4159/10869/118 4162/10875/124 4138/10812/124 4135/10803/118
f 4144/10832/4343 4145/10835/4287 4121/10770/4284 4120/10768/4342
f 4133/10799/4339 4132/10796/4360 4072/10643/4359 4073/10646/4338
f 4137/10809/4362 4140/10819/4348 4080/10660/4347 4077/10653/4361
f 4135/10803/4366 4138/10812/4365 4078/10655/4364 4075/10649/4363
f 4142/10825/4350 4146/10837/4368 4122/10771/4367 4118/10764/4349
f 4136/10807/4298 4135/10804/4366 4075/10650/4363 4076/10652/4297
f 4146/10836/4368 4150/10849/4291 4126/10780/4288 4122/10772/4367
f 4148/10842/4370 4151/10853/4303 4127/10782/4300 4124/10775/4369
f 4130/10789/4294 4129/10785/4372 4069/10637/4371 4070/10640/4293
f 4147/10840/4290 4148/10843/4370 4124/10776/4369 4123/10774/4289
f 4138/10813/4365 4134/10801/4295 4074/10648/4292 4078/10656/4364
f 4152/10856/4302 4149/10846/4344 4125/10778/4341 4128/10784/4301
f 4129/10787/4372 4131/10793/4340 4071/10642/4337 4069/10638/4371
f 4132/10794/4360 4137/10810/4362 4077/10654/4361 4072/10644/4359
f 4153/10857/4375 4156/10863/4374 4157/10865/4373 4155/10861/4373
f 4158/10868/4377 4156/10863/4374 4153/10857/4375 4154/10860/4376
f 4160/10872/4381 4161/10874/4380 4162/10876/4379 4159/10870/4378
f 4164/10880/4382 4161/10874/4380 4160/10872/4381 4163/10878/4382
f 4161/10874/4380 4156/10863/4374 4158/10868/4377 4162/10876/4379
f 4169/10889/4383 4168/10887/4385 4165/10882/4384 4167/10886/4383
f 4165/10882/4384 4168/10887/4385 4170/10892/4387 4166/10884/4386
f 4174/10900/4391 4173/10898/4390 4172/10896/4389 4171/10894/4388
f 4172/10896/4389 4173/10898/4390 4176/10903/4392 4175/10902/4392
f 4170/10892/4387 4168/10887/4385 4173/10898/4390 4174/10900/4391
f 4160/10872/121 4159/10870/118 4135/10805/118 4136/10808/121
f 4166/10883/118 4170/10891/118 4146/10837/118 4142/10825/118
f 4156/10863/120 4161/10874/118 4137/10811/118 4132/10795/120
f 4176/10904/118 4173/10897/118 4149/10846/118 4152/10856/118
f 4171/10894/118 4172/10896/118 4148/10844/118 4147/10841/118
f 4157/10866/119 4156/10864/120 4132/10796/120 4133/10799/119
f 4173/10898/118 4168/10887/118 4144/10831/118 4149/10847/118
f 4154/10860/118 4153/10857/118 4129/10786/118 4130/10790/118
f 4162/10876/124 4158/10868/118 4134/10802/118 4138/10814/124
f 4168/10888/118 4169/10890/124 4145/10835/124 4144/10832/118
f 4164/10880/118 4163/10878/118 4139/10817/118 4140/10820/118
f 4153/10858/118 4155/10862/119 4131/10793/119 4129/10787/118
f 4165/10882/118 4166/10884/118 4142/10826/118 4141/10823/118
f 4170/10892/118 4174/10900/124 4150/10850/124 4146/10838/118
f 4180/10914/4396 4179/10911/4395 4178/10908/4394 4177/10905/4393
f 4182/10920/4397 4181/10917/4397 4177/10905/4393 4178/10908/4394
f 4186/10932/4400 4185/10929/4399 4184/10926/4399 4183/10923/4398
f 4183/10923/4398 4188/10938/4402 4187/10935/4401 4186/10932/4400
f 4177/10905/4393 4186/10932/4400 4187/10935/4401 4180/10914/4396
f 4190/10944/4403 4189/10941/4403 4184/10927/4403 4185/10930/4403
f 4189/10942/4407 4190/10945/4406 4192/10950/4405 4191/10947/4404
f 4191/10947/4404 4194/10956/4408 4193/10953/4408 4189/10942/4407
f 4198/10968/4412 4197/10965/4411 4196/10962/4410 4195/10959/4409
f 4195/10959/4409 4200/10974/4413 4199/10971/4413 4198/10968/4412
f 4195/10959/4409 4196/10962/4410 4191/10947/4404 4192/10950/4405
f 4188/10939/4414 4183/10924/4414 4193/10954/4414 4194/10957/4414
f 4182/10921/4415 4178/10909/4415 4198/10969/4415 4199/10972/4415
f 4193/10955/4416 4183/10925/4416 4184/10928/4416 4189/10943/4416
f 4187/10936/4417 4191/10948/4417 4196/10963/4417 4180/10915/4417
f 4179/10912/4418 4197/10966/4418 4198/10970/4418 4178/10910/4418
f 4197/10967/4419 4179/10913/4419 4180/10916/4419 4196/10964/4419
f 4191/10949/4420 4187/10937/4420 4188/10940/4420 4194/10958/4420
f 4192/10951/4421 4186/10933/4421 4177/10906/4421 4195/10960/4421
f 4200/10975/4422 4181/10918/4422 4182/10922/4422 4199/10973/4422
f 4195/10961/4423 4177/10907/4423 4181/10919/4423 4200/10976/4423
f 4190/10946/4424 4185/10931/4424 4186/10934/4424 4192/10952/4424
f 4202/10980/4428 4203/10983/4427 4204/10986/4426 4201/10977/4425
f 4206/10992/4429 4203/10983/4427 4202/10980/4428 4205/10989/4429
f 4208/10998/4432 4209/11001/4385 4210/11004/4431 4207/10995/4430
f 4212/11010/4433 4209/11001/4385 4208/10998/4432 4211/11007/4433
f 4204/10986/4426 4203/10983/4427 4210/11004/4431 4209/11001/4385
f 4208/10999/4434 4207/10996/4434 4214/11016/4434 4213/11013/4434
f 4289/11209/4438 4287/11203/4437 4263/11141/4436 4265/11145/4435
f 4294/11224/4442 4291/11215/4441 4267/11149/4440 4270/11155/4439
f 4278/11176/4446 4274/11164/4445 4214/11015/4444 4218/11023/4443
f 4283/11192/4450 4280/11182/4449 4220/11027/4448 4223/11033/4447
f 4295/11227/4454 4296/11230/4453 4272/11159/4452 4271/11157/4451
f 4215/11017/4455 4217/11021/4455 4212/11011/4455 4211/11008/4455
f 4223/11033/4456 4220/11027/4456 4205/10990/4456 4202/10981/4456
f 4208/11000/4457 4213/11014/4457 4215/11018/4457 4211/11009/4457
f 4221/11030/4458 4204/10987/4458 4209/11002/4458 4216/11020/4458
f 4223/11034/4418 4202/10982/4418 4201/10978/4418 4224/11035/4418
f 4204/10988/4459 4221/11029/4459 4224/11036/4459 4201/10979/4459
f 4212/11012/4460 4217/11022/4460 4216/11019/4460 4209/11003/4460
f 4203/10984/4421 4222/11032/4421 4218/11024/4421 4210/11005/4421
f 4205/10991/4422 4220/11028/4422 4219/11026/4422 4206/10993/4422
f 4206/10994/4461 4219/11025/4461 4222/11031/4461 4203/10985/4461
f 4210/11006/4462 4218/11023/4462 4214/11015/4462 4207/10997/4462
f 4228/11045/4463 4227/11042/4463 4226/11039/4463 4225/11037/4463
f 4225/11038/4464 4226/11040/4464 4230/11049/4464 4229/11047/4464
f 4229/11048/4465 4230/11050/4465 4232/11054/4465 4231/11052/4465
f 4231/11053/4466 4232/11055/4466 4227/11043/4466 4228/11046/4466
f 4227/11044/4467 4232/11056/4467 4230/11051/4467 4226/11041/4467
f 4236/11065/4468 4235/11063/4468 4234/11060/4468 4233/11057/4468
f 4235/11064/4469 4238/11070/4469 4237/11067/4469 4234/11061/4469
f 4238/11071/4470 4240/11075/4470 4239/11072/4470 4237/11068/4470
f 4240/11076/4471 4236/11066/4471 4233/11058/4471 4239/11073/4471
f 4233/11059/4472 4234/11062/4472 4237/11069/4472 4239/11074/4472
f 4244/11086/4473 4243/11083/4473 4242/11080/4473 4241/11077/4473
f 4241/11078/4474 4242/11081/4474 4246/11092/4474 4245/11089/4474
f 4245/11090/4475 4246/11093/4475 4248/11098/4475 4247/11095/4475
f 4247/11096/4476 4248/11099/4476 4243/11084/4476 4244/11087/4476
f 4243/11085/4477 4248/11100/4477 4246/11094/4477 4242/11082/4477
f 4247/11097/4478 4244/11088/4478 4241/11079/4478 4245/11091/4478
f 4252/11110/4482 4251/11107/4481 4250/11104/4480 4249/11101/4479
f 4250/11104/4480 4251/11107/4481 4254/11116/4483 4253/11113/4483
f 4258/11128/4286 4257/11125/4374 4256/11122/4485 4255/11119/4484
f 4256/11122/4485 4257/11125/4374 4260/11134/4486 4259/11131/4486
f 4258/11128/4286 4251/11107/4481 4252/11110/4482 4257/11125/4374
f 4262/11139/4487 4255/11120/4487 4256/11123/4487 4261/11137/4487
f 4275/11167/4491 4277/11173/4490 4217/11021/4489 4215/11017/4488
f 4293/11221/4495 4288/11206/4494 4264/11143/4493 4269/11153/4492
f 4287/11205/4437 4285/11198/4497 4261/11138/4496 4263/11142/4436
f 4284/11194/4499 4283/11191/4450 4223/11034/4447 4224/11035/4498
f 4285/11197/4497 4286/11200/4501 4262/11139/4500 4261/11137/4496
f 4260/11135/4434 4265/11145/4434 4263/11141/4434 4259/11132/4434
f 4253/11114/4502 4268/11151/4502 4271/11158/4502 4250/11105/4502
f 4263/11142/4503 4261/11138/4503 4256/11124/4503 4259/11133/4503
f 4257/11126/4504 4252/11111/4504 4269/11153/4504 4264/11143/4504
f 4249/11102/4505 4250/11106/4505 4271/11157/4505 4272/11159/4505
f 4272/11160/4506 4269/11154/4506 4252/11112/4506 4249/11103/4506
f 4264/11144/4507 4265/11146/4507 4260/11136/4507 4257/11127/4507
f 4266/11148/4417 4270/11156/4417 4251/11108/4417 4258/11129/4417
f 4267/11150/4508 4268/11152/4508 4253/11115/4508 4254/11117/4508
f 4270/11155/4509 4267/11149/4509 4254/11118/4509 4251/11109/4509
f 4262/11140/4510 4266/11147/4510 4258/11130/4510 4255/11121/4510
f 4305/11249/118 4308/11255/120 4284/11195/120 4281/11185/118
f 4313/11265/121 4311/11262/118 4287/11204/118 4289/11210/121
f 4302/11243/118 4298/11235/118 4274/11164/118 4278/11176/118
f 4316/11271/118 4319/11277/121 4295/11229/121 4292/11218/118
f 4299/11237/118 4301/11241/124 4277/11174/124 4275/11168/118
f 4318/11275/118 4315/11269/118 4291/11215/118 4294/11224/118
f 4307/11253/120 4304/11247/118 4280/11182/118 4283/11192/120
f 4311/11261/118 4309/11257/118 4285/11198/118 4287/11205/118
f 4319/11278/121 4320/11279/118 4296/11231/118 4295/11228/121
f 4303/11245/118 4306/11251/118 4282/11188/118 4279/11179/118
f 4288/11208/4494 4289/11211/4438 4265/11146/4435 4264/11144/4493
f 4277/11175/4490 4276/11172/4512 4216/11019/4511 4217/11022/4489
f 4281/11185/4514 4284/11195/4499 4224/11036/4498 4221/11029/4513
f 4279/11179/4518 4282/11188/4517 4222/11031/4516 4219/11025/4515
f 4286/11201/4501 4290/11213/4520 4266/11147/4519 4262/11140/4500
f 4280/11183/4449 4279/11180/4518 4219/11026/4515 4220/11028/4448
f 4290/11212/4520 4294/11225/4442 4270/11156/4439 4266/11148/4519
f 4292/11218/4522 4295/11229/4454 4271/11158/4451 4268/11151/4521
f 4274/11165/4445 4273/11161/4524 4213/11013/4523 4214/11016/4444
f 4291/11216/4441 4292/11219/4522 4268/11152/4521 4267/11150/4440
f 4282/11189/4517 4278/11177/4446 4218/11024/4443 4222/11032/4516
f 4296/11232/4453 4293/11222/4495 4269/11154/4492 4272/11160/4452
f 4273/11163/4524 4275/11169/4491 4215/11018/4488 4213/11014/4523
f 4276/11170/4512 4281/11186/4514 4221/11030/4513 4216/11020/4511
f 4297/11233/4527 4300/11239/4526 4301/11241/4525 4299/11237/4525
f 4302/11244/4529 4300/11239/4526 4297/11233/4527 4298/11236/4528
f 4304/11248/4533 4305/11250/4532 4306/11252/4531 4303/11246/4530
f 4308/11256/4534 4305/11250/4532 4304/11248/4533 4307/11254/4534
f 4305/11250/4532 4300/11239/4526 4302/11244/4529 4306/11252/4531
f 4313/11265/4535 4312/11263/4537 4309/11258/4536 4311/11262/4535
f 4309/11258/4536 4312/11263/4537 4314/11268/4539 4310/11260/4538
f 4318/11276/4543 4317/11274/4542 4316/11272/4541 4315/11270/4540
f 4316/11272/4541 4317/11274/4542 4320/11279/4544 4319/11278/4544
f 4314/11268/4539 4312/11263/4537 4317/11274/4542 4318/11276/4543
f 4304/11248/118 4303/11246/118 4279/11181/118 4280/11184/118
f 4310/11259/124 4314/11267/118 4290/11213/118 4286/11201/124
f 4300/11239/118 4305/11250/118 4281/11187/118 4276/11171/118
f 4320/11280/118 4317/11273/118 4293/11222/118 4296/11232/118
f 4315/11270/118 4316/11272/118 4292/11220/118 4291/11217/118
f 4301/11242/124 4300/11240/118 4276/11172/118 4277/11175/124
f 4317/11274/118 4312/11263/118 4288/11207/118 4293/11223/118
f 4298/11236/118 4297/11233/118 4273/11162/118 4274/11166/118
f 4306/11252/118 4302/11244/118 4278/11178/118 4282/11190/118
f 4312/11264/118 4313/11266/121 4289/11211/121 4288/11208/118
f 4308/11256/120 4307/11254/120 4283/11193/120 4284/11196/120
f 4297/11234/118 4299/11238/118 4275/11169/118 4273/11163/118
f 4309/11258/118 4310/11260/124 4286/11202/124 4285/11199/118
f 4314/11268/118 4318/11276/118 4294/11226/118 4290/11214/118
f 4324/11290/4548 4323/11287/4547 4322/11284/4546 4321/11281/4545
f 4326/11296/4549 4325/11293/4549 4321/11281/4545 4322/11284/4546
f 4330/11308/4552 4329/11305/4551 4328/11302/4551 4327/11299/4550
f 4327/11299/4550 4332/11314/4554 4331/11311/4553 4330/11308/4552
f 4321/11281/4545 4330/11308/4552 4331/11311/4553 4324/11290/4548
f 4334/11320/4555 4333/11317/4555 4328/11303/4555 4329/11306/4555
f 4333/11318/4559 4334/11321/4558 4336/11326/4557 4335/11323/4556
f 4335/11323/4556 4338/11332/4560 4337/11329/4560 4333/11318/4559
f 4342/11344/4564 4341/11341/4563 4340/11338/4562 4339/11335/4561
f 4339/11335/4561 4344/11350/4565 4343/11347/4565 4342/11344/4564
f 4339/11335/4561 4340/11338/4562 4335/11323/4556 4336/11326/4557
f 4332/11315/4566 4327/11300/4566 4337/11330/4566 4338/11333/4566
f 4326/11297/4567 4322/11285/4567 4342/11345/4567 4343/11348/4567
f 4337/11331/4568 4327/11301/4568 4328/11304/4568 4333/11319/4568
f 4331/11312/4569 4335/11324/4569 4340/11339/4569 4324/11291/4569
f 4323/11288/4570 4341/11342/4570 4342/11346/4570 4322/11286/4570
f 4341/11343/4571 4323/11289/4571 4324/11292/4571 4340/11340/4571
f 4335/11325/4572 4331/11313/4572 4332/11316/4572 4338/11334/4572
f 4336/11327/4573 4330/11309/4573 4321/11282/4573 4339/11336/4573
f 4344/11351/4574 4325/11294/4574 4326/11298/4574 4343/11349/4574
f 4339/11337/4575 4321/11283/4575 4325/11295/4575 4344/11352/4575
f 4334/11322/4576 4329/11307/4576 4330/11310/4576 4336/11328/4576
f 4346/11356/4580 4347/11359/4579 4348/11362/4578 4345/11353/4577
f 4350/11368/4581 4347/11359/4579 4346/11356/4580 4349/11365/4581
f 4352/11374/4585 4353/11377/4584 4354/11380/4583 4351/11371/4582
f 4356/11386/4586 4353/11377/4584 4352/11374/4585 4355/11383/4586
f 4348/11362/4578 4347/11359/4579 4354/11380/4583 4353/11377/4584
f 4352/11375/4587 4351/11372/4587 4358/11392/4587 4357/11389/4587
f 4433/11585/4591 4431/11579/4590 4407/11517/4589 4409/11521/4588
f 4438/11600/4595 4435/11591/4594 4411/11525/4593 4414/11531/4592
f 4422/11552/4599 4418/11540/4598 4358/11391/4597 4362/11399/4596
f 4427/11568/4603 4424/11558/4602 4364/11403/4601 4367/11409/4600
f 4439/11603/4607 4440/11606/4606 4416/11535/4605 4415/11533/4604
f 4359/11393/4566 4361/11397/4566 4356/11387/4566 4355/11384/4566
f 4367/11409/4608 4364/11403/4608 4349/11366/4608 4346/11357/4608
f 4352/11376/4609 4357/11390/4609 4359/11394/4609 4355/11385/4609
f 4365/11406/4569 4348/11363/4569 4353/11378/4569 4360/11396/4569
f 4367/11410/4610 4346/11358/4610 4345/11354/4610 4368/11411/4610
f 4348/11364/4611 4365/11405/4611 4368/11412/4611 4345/11355/4611
f 4356/11388/4612 4361/11398/4612 4360/11395/4612 4353/11379/4612
f 4347/11360/4573 4366/11408/4573 4362/11400/4573 4354/11381/4573
f 4349/11367/4613 4364/11404/4613 4363/11402/4613 4350/11369/4613
f 4350/11370/4614 4363/11401/4614 4366/11407/4614 4347/11361/4614
f 4354/11382/4615 4362/11399/4615 4358/11391/4615 4351/11373/4615
f 4372/11421/4616 4371/11418/4616 4370/11415/4616 4369/11413/4616
f 4369/11414/4617 4370/11416/4617 4374/11425/4617 4373/11423/4617
f 4373/11424/4618 4374/11426/4618 4376/11430/4618 4375/11428/4618
f 4375/11429/4619 4376/11431/4619 4371/11419/4619 4372/11422/4619
f 4371/11420/4620 4376/11432/4620 4374/11427/4620 4370/11417/4620
f 4380/11441/4621 4379/11439/4621 4378/11436/4621 4377/11433/4621
f 4379/11440/4619 4382/11446/4619 4381/11443/4619 4378/11437/4619
f 4382/11447/4622 4384/11451/4622 4383/11448/4622 4381/11444/4622
f 4384/11452/4617 4380/11442/4617 4377/11434/4617 4383/11449/4617
f 4377/11435/4623 4378/11438/4623 4381/11445/4623 4383/11450/4623
f 4388/11462/4624 4387/11459/4624 4386/11456/4624 4385/11453/4624
f 4385/11454/4625 4386/11457/4625 4390/11468/4625 4389/11465/4625
f 4389/11466/4626 4390/11469/4626 4392/11474/4626 4391/11471/4626
f 4391/11472/4627 4392/11475/4627 4387/11460/4627 4388/11463/4627
f 4387/11461/4628 4392/11476/4628 4390/11470/4628 4386/11458/4628
f 4391/11473/4629 4388/11464/4629 4385/11455/4629 4389/11467/4629
f 4396/11486/4633 4395/11483/4632 4394/11480/4631 4393/11477/4630
f 4394/11480/4631 4395/11483/4632 4398/11492/4634 4397/11489/4634
f 4402/11504/4638 4401/11501/4637 4400/11498/4636 4399/11495/4635
f 4400/11498/4636 4401/11501/4637 4404/11510/4639 4403/11507/4639
f 4402/11504/4638 4395/11483/4632 4396/11486/4633 4401/11501/4637
f 4406/11515/4640 4399/11496/4640 4400/11499/4640 4405/11513/4640
f 4419/11543/4644 4421/11549/4643 4361/11397/4642 4359/11393/4641
f 4437/11597/4648 4432/11582/4647 4408/11519/4646 4413/11529/4645
f 4431/11581/4590 4429/11574/4650 4405/11514/4649 4407/11518/4589
f 4428/11570/4652 4427/11567/4603 4367/11410/4600 4368/11411/4651
f 4429/11573/4650 4430/11576/4654 4406/11515/4653 4405/11513/4649
f 4404/11511/4587 4409/11521/4587 4407/11517/4587 4403/11508/4587
f 4397/11490/4655 4412/11527/4655 4415/11534/4655 4394/11481/4655
f 4407/11518/4656 4405/11514/4656 4400/11500/4656 4403/11509/4656
f 4401/11502/4573 4396/11487/4573 4413/11529/4573 4408/11519/4573
f 4393/11478/4657 4394/11482/4657 4415/11533/4657 4416/11535/4657
f 4416/11536/4658 4413/11530/4658 4396/11488/4658 4393/11479/4658
f 4408/11520/4659 4409/11522/4659 4404/11512/4659 4401/11503/4659
f 4410/11524/4569 4414/11532/4569 4395/11484/4569 4402/11505/4569
f 4411/11526/4660 4412/11528/4660 4397/11491/4660 4398/11493/4660
f 4414/11531/4661 4411/11525/4661 4398/11494/4661 4395/11485/4661
f 4406/11516/4662 4410/11523/4662 4402/11506/4662 4399/11497/4662
f 4449/11625/118 4452/11631/118 4428/11571/118 4425/11561/118
f 4457/11641/124 4455/11638/118 4431/11580/118 4433/11586/124
f 4446/11619/118 4442/11611/118 4418/11540/118 4422/11552/118
f 4460/11647/118 4463/11653/122 4439/11605/122 4436/11594/118
f 4443/11613/118 4445/11617/118 4421/11550/118 4419/11544/118
f 4462/11651/118 4459/11645/118 4435/11591/120 4438/11600/118
f 4451/11629/118 4448/11623/118 4424/11558/118 4427/11568/118
f 4455/11637/118 4453/11633/120 4429/11574/120 4431/11581/118
f 4463/11654/122 4464/11655/120 4440/11607/120 4439/11604/122
f 4447/11621/118 4450/11627/118 4426/11564/118 4423/11555/118
f 4432/11584/4647 4433/11587/4591 4409/11522/4588 4408/11520/4646
f 4421/11551/4643 4420/11548/4664 4360/11395/4663 4361/11398/4642
f 4425/11561/4666 4428/11571/4652 4368/11412/4651 4365/11405/4665
f 4423/11555/4670 4426/11564/4669 4366/11407/4668 4363/11401/4667
f 4430/11577/4654 4434/11589/4672 4410/11523/4671 4406/11516/4653
f 4424/11559/4602 4423/11556/4670 4363/11402/4667 4364/11404/4601
f 4434/11588/4672 4438/11601/4595 4414/11532/4592 4410/11524/4671
f 4436/11594/4674 4439/11605/4607 4415/11534/4604 4412/11527/4673
f 4418/11541/4598 4417/11537/4676 4357/11389/4675 4358/11392/4597
f 4435/11592/4594 4436/11595/4674 4412/11528/4673 4411/11526/4593
f 4426/11565/4669 4422/11553/4599 4362/11400/4596 4366/11408/4668
f 4440/11608/4606 4437/11598/4648 4413/11530/4645 4416/11536/4605
f 4417/11539/4676 4419/11545/4644 4359/11394/4641 4357/11390/4675
f 4420/11546/4664 4425/11562/4666 4365/11406/4665 4360/11396/4663
f 4441/11609/4679 4444/11615/4678 4445/11617/4677 4443/11613/4677
f 4446/11620/4681 4444/11615/4678 4441/11609/4679 4442/11612/4680
f 4448/11624/4685 4449/11626/4684 4450/11628/4683 4447/11622/4682
f 4452/11632/4686 4449/11626/4684 4448/11624/4685 4451/11630/4686
f 4449/11626/4684 4444/11615/4678 4446/11620/4681 4450/11628/4683
f 4457/11641/4687 4456/11639/4689 4453/11634/4688 4455/11638/4687
f 4453/11634/4688 4456/11639/4689 4458/11644/4653 4454/11636/4690
f 4462/11652/4694 4461/11650/4693 4460/11648/4692 4459/11646/4691
f 4460/11648/4692 4461/11650/4693 4464/11655/4695 4463/11654/4695
f 4458/11644/4653 4456/11639/4689 4461/11650/4693 4462/11652/4694
f 4448/11624/118 4447/11622/118 4423/11557/118 4424/11560/118
f 4454/11635/124 4458/11643/118 4434/11589/118 4430/11577/124
f 4444/11615/118 4449/11626/118 4425/11563/118 4420/11547/118
f 4464/11656/120 4461/11649/121 4437/11598/121 4440/11608/120
f 4459/11646/118 4460/11648/118 4436/11596/118 4435/11593/120
f 4445/11618/118 4444/11616/118 4420/11548/118 4421/11551/118
f 4461/11650/121 4456/11639/120 4432/11583/120 4437/11599/121
f 4442/11612/118 4441/11609/120 4417/11538/120 4418/11542/118
f 4450/11628/118 4446/11620/118 4422/11554/118 4426/11566/118
f 4456/11640/120 4457/11642/124 4433/11587/124 4432/11584/120
f 4452/11632/118 4451/11630/118 4427/11569/118 4428/11572/118
f 4441/11610/120 4443/11614/118 4419/11545/118 4417/11539/120
f 4453/11634/120 4454/11636/124 4430/11578/124 4429/11575/120
f 4458/11644/118 4462/11652/118 4438/11602/118 4434/11590/118
